transaction_id,customer_id,amount,treatment,recovered,predicted_probability_uplift,predicted_economic_uplift,targeting_policy,selected_threshold
RECLAIM-V2-006556,C00495,2950.24,1,0,-0.3558492210586396,-120.58492210586397,0,50.0
RECLAIM-V2-006401,C00287,3516.47,0,1,-0.033449214764978086,-202.6231602446025,0,50.0
RECLAIM-V2-004302,C00126,1056.42,1,1,0.2114397089385628,136.9351320668843,1,50.0
RECLAIM-V2-008891,C00326,518.56,1,1,-0.03455917043901979,-102.77955965008528,0,50.0
RECLAIM-V2-005544,C00192,205.28,0,1,0.19471011605913657,-45.029907375380446,0,50.0
RECLAIM-V2-006275,C00173,1623.52,1,1,-0.10434130666400487,-253.44885589750547,0,50.0
RECLAIM-V2-003717,C00206,1318.74,1,1,0.27085914211060635,270.00053242844047,1,50.0
RECLAIM-V2-003697,C00803,3213.93,1,0,-0.0031834054501607145,-85.31834054501607,0,50.0
RECLAIM-V2-002928,C00418,1620.69,1,1,0.08329587703016128,49.23851509226185,0,50.0
RECLAIM-V2-001305,C00911,2130.1,0,1,0.15347883470606177,241.92526580738217,1,50.0
RECLAIM-V2-003373,C00999,4416.1,0,1,0.16133234159827287,627.4597537321329,1,50.0
RECLAIM-V2-003431,C00440,697.51,0,0,-0.2093779667538137,-105.93779667538138,0,50.0
RECLAIM-V2-009070,C00894,3138.11,1,1,-0.14366010553580089,-533.4234476085016,0,50.0
RECLAIM-V2-007742,C00414,1769.54,0,1,0.3328596036210258,504.00838299155,1,50.0
RECLAIM-V2-002970,C00113,1988.54,1,0,0.00016633659512094168,-84.9833663404879,0,50.0
RECLAIM-V2-003539,C00307,3019.33,0,0,0.03973871955470665,-81.02612804452933,0,50.0
RECLAIM-V2-006929,C00344,230.4,1,1,-0.010771753718692878,-87.45863124278421,0,50.0
RECLAIM-V2-001662,C00977,386.63,1,1,0.056610206451323086,-63.27884210677766,0,50.0
RECLAIM-V2-007926,C00874,3285.42,1,1,0.0033157490025363945,-74.16415580152898,0,50.0
RECLAIM-V2-005117,C00614,2019.19,1,0,-0.09196108352034005,-94.196108352034,0,50.0
RECLAIM-V2-008704,C00449,1378.31,1,1,-0.1367863795080495,-272.45457818653296,0,50.0
RECLAIM-V2-004942,C00789,2871.05,1,1,0.17367553008036102,410.87746168891385,1,50.0
RECLAIM-V2-003934,C00457,2221.85,1,1,0.007633246036062635,-68.13250517933642,0,50.0
RECLAIM-V2-001838,C00512,1053.26,0,1,0.15472555136213895,77.96623422768647,1,50.0
RECLAIM-V2-008885,C00841,2860.12,0,0,0.10407052008657741,-74.59294799134226,0,50.0
RECLAIM-V2-009193,C00598,430.14,1,0,0.13595630370548456,-71.40436962945154,0,50.0
RECLAIM-V2-008311,C00201,1893.97,1,1,0.05104564815920065,11.144485964701659,0,50.0
RECLAIM-V2-009601,C00397,1275.45,1,0,-0.07746945111311554,-92.74694511131156,0,50.0
RECLAIM-V2-009500,C00691,1122.07,1,0,-0.14737960266375422,-99.73796026637542,0,50.0
RECLAIM-V2-008332,C00739,1492.29,0,1,0.433995033895798,562.6464491323604,1,50.0
RECLAIM-V2-001255,C00416,1013.71,1,0,0.15723511820803682,-69.27648817919632,0,50.0
RECLAIM-V2-005949,C00841,799.13,1,1,0.0021748033529879196,-83.27291395289711,0,50.0
RECLAIM-V2-001543,C00918,2616.95,1,1,0.042575215699943825,25.796261848788234,0,50.0
RECLAIM-V2-001713,C00005,615.14,0,1,0.31749166113811855,110.30182043250224,1,50.0
RECLAIM-V2-006063,C00080,3465.69,0,1,0.1583521373943424,463.7994190461985,1,50.0
RECLAIM-V2-000040,C00791,2934.57,0,1,0.1005112134099228,209.9571915363572,1,50.0
RECLAIM-V2-005124,C00595,2252.63,0,1,-0.02597098546650012,-143.50302099140217,0,50.0
RECLAIM-V2-004159,C00008,2585.76,1,0,0.20358382530054753,-64.64161746994525,0,50.0
RECLAIM-V2-009544,C00380,1149.3,0,1,-0.029996807478429255,-119.47533083495874,0,50.0
RECLAIM-V2-000139,C00921,682.19,0,1,-0.05801059616795157,-124.57424859981488,0,50.0
RECLAIM-V2-008755,C00394,527.85,0,0,-0.24609689013850033,-109.60968901385003,0,50.0
RECLAIM-V2-004900,C00418,2455.74,1,1,-0.17088811617932947,-502.3876103979161,0,50.0
RECLAIM-V2-004020,C00663,601.56,1,1,0.35599852973863866,127.54970537721962,1,50.0
RECLAIM-V2-006954,C00872,550.87,1,1,0.1242289047029298,-17.09453650701998,0,50.0
RECLAIM-V2-005471,C00289,1110.34,0,0,0.23185669332467634,-61.81433066753237,0,50.0
RECLAIM-V2-002592,C00680,965.67,0,1,0.09763987398874763,9.287897114713914,0,50.0
RECLAIM-V2-000094,C00189,1121.91,0,1,-0.1714993232420432,-277.40680573848067,0,50.0
RECLAIM-V2-001171,C00488,6466.34,0,0,0.0036811483615518115,-84.63188516384481,0,50.0
RECLAIM-V2-009023,C00695,4222.16,1,1,-0.0856304997173506,-444.60949658359993,0,50.0
RECLAIM-V2-001149,C00664,1148.73,0,1,-0.2740463909474563,-399.8053106730715,0,50.0
RECLAIM-V2-005788,C00758,221.27,1,1,-0.03972269796014971,-93.70577147279397,0,50.0
RECLAIM-V2-008436,C00841,799.13,0,1,0.06439290169044098,-33.541700472117896,0,50.0
RECLAIM-V2-006714,C00779,362.46,1,0,0.09967654699590034,-75.03234530040997,0,50.0
RECLAIM-V2-001168,C00180,974.15,1,1,-0.09801382551810933,-179.9047534623058,0,50.0
RECLAIM-V2-009497,C00986,714.87,0,1,0.06487920735336344,-38.61980103930107,0,50.0
RECLAIM-V2-000664,C00674,606.82,1,0,0.09925781410515522,-75.07421858948447,0,50.0
RECLAIM-V2-004485,C00145,5457.57,1,1,-0.04922400422064305,-352.3390126026078,0,50.0
RECLAIM-V2-003580,C00791,2934.57,1,1,0.10381166798393959,218.0155818150675,1,50.0
RECLAIM-V2-005687,C00260,4436.97,1,1,-0.09611549759654792,-509.23315597650395,0,50.0
RECLAIM-V2-005215,C00907,357.06,1,1,-0.34515977876787896,-207.10879718567276,0,50.0
RECLAIM-V2-004660,C00345,3006.49,1,1,-0.4049846395424037,-1296.0893729536097,0,50.0
RECLAIM-V2-005773,C00649,1075.92,1,1,0.09868087168153022,20.543178970612516,0,50.0
RECLAIM-V2-003878,C00585,545.61,0,0,0.10138463444759949,-74.86153655524005,0,50.0
RECLAIM-V2-003088,C00015,1107.12,0,0,0.07180921060613393,-77.8190789393866,0,50.0
RECLAIM-V2-009534,C00138,2823.82,1,1,0.1172099049283829,244.14896050879935,1,50.0
RECLAIM-V2-003495,C00378,5035.89,0,1,-0.1689115798405958,-935.620135803458,0,50.0
RECLAIM-V2-008036,C00886,982.08,1,1,-0.08679022046253781,-169.67857968259608,0,50.0
RECLAIM-V2-000647,C00035,374.45,0,0,-0.051157996233976766,-90.11579962339768,0,50.0
RECLAIM-V2-007347,C00445,2268.19,1,1,-0.021300096897159948,-133.04980335036623,0,50.0
RECLAIM-V2-001797,C00190,2931.32,1,1,0.023304584258489358,-17.06332891743567,0,50.0
RECLAIM-V2-007245,C00414,1769.54,1,1,0.3775323406277531,579.1519866333203,1,50.0
RECLAIM-V2-000063,C00315,405.46,0,0,-0.08609470723497664,-93.60947072349767,0,50.0
RECLAIM-V2-007651,C00380,1149.3,0,1,-0.021957697178158764,-110.23598136685787,0,50.0
RECLAIM-V2-009971,C00751,436.71,1,1,0.17122382273094083,-10.769943976025914,0,50.0
RECLAIM-V2-002375,C00931,1724.42,0,1,0.013031051641476998,-62.52899392840423,0,50.0
RECLAIM-V2-002743,C00448,4929.51,0,1,-0.09047040138038603,-530.9747483086268,0,50.0
RECLAIM-V2-003293,C00347,1432.74,0,1,-0.11639820260231981,-251.7683607964477,0,50.0
RECLAIM-V2-005102,C00655,1519.27,1,0,0.22305527516705975,-62.69447248329402,0,50.0
RECLAIM-V2-000502,C00889,199.48,0,0,-0.017959129430985654,-86.79591294309857,0,50.0
RECLAIM-V2-009670,C00971,873.23,1,1,0.30646826449677583,180.81949379674182,1,50.0
RECLAIM-V2-001283,C00145,964.34,0,1,-0.16706943336414093,-246.11173737037566,0,50.0
RECLAIM-V2-007710,C00378,1892.78,0,1,0.35913986064914444,594.7727454394876,1,50.0
RECLAIM-V2-000671,C00427,555.68,0,1,0.11824520033110753,-19.293507080010173,0,50.0
RECLAIM-V2-000868,C00670,415.77,0,0,-0.13609346298558378,-98.60934629855838,0,50.0
RECLAIM-V2-006190,C00136,1155.21,1,1,0.16243989260533387,101.55148750231939,1,50.0
RECLAIM-V2-008550,C00196,2534.22,0,0,0.03733203813551128,-81.26679618644887,0,50.0
RECLAIM-V2-007364,C00222,1680.46,1,0,0.34774611577386894,-50.22538842261311,0,50.0
RECLAIM-V2-000730,C00904,364.47,0,1,0.019514433443706847,-77.88757444277216,0,50.0
RECLAIM-V2-001575,C00404,365.31,1,1,0.36991623834978987,49.08851428805414,0,50.0
RECLAIM-V2-004428,C00482,5256.59,1,0,0.27077967612974657,-57.92203238702534,0,50.0
RECLAIM-V2-000167,C00222,4987.96,1,1,0.17910255488554716,803.7104952136937,1,50.0
RECLAIM-V2-005086,C00655,1519.27,0,1,0.19421265006105176,210.06145285825409,1,50.0
RECLAIM-V2-007864,C00024,278.71,1,1,0.27910963084942636,-8.016972458300742,0,50.0
RECLAIM-V2-008686,C00497,1042.99,0,0,-0.19988379237649895,-104.9883792376499,0,50.0
RECLAIM-V2-004674,C00174,1126.75,0,0,-0.24743203936258612,-109.74320393625861,0,50.0
RECLAIM-V2-001343,C00153,1318.64,1,1,-0.1518027635999708,-283.9446260670982,0,50.0
RECLAIM-V2-001173,C00279,455.06,1,1,0.22257520874343462,15.444786305218258,0,50.0
RECLAIM-V2-001265,C00751,436.71,1,0,0.1630572706761899,-68.69427293238101,0,50.0
RECLAIM-V2-008595,C00064,2156.79,0,0,-0.05587102648722192,-90.5871026487222,0,50.0
RECLAIM-V2-003344,C00469,1486.23,0,0,-0.12476614776367134,-97.47661477636713,0,50.0
RECLAIM-V2-006682,C00228,3043.84,0,1,0.00934665395680867,-56.550280820107496,0,50.0
RECLAIM-V2-007688,C00979,2116.81,1,0,0.07593204799774866,-77.40679520022513,0,50.0
RECLAIM-V2-005530,C00064,2156.79,0,0,-0.06567439450555723,-91.56743945055572,0,50.0
RECLAIM-V2-006653,C00586,662.72,0,1,-0.07502010518919994,-134.71732411098657,0,50.0
RECLAIM-V2-009425,C00427,555.68,0,0,0.10840575107909889,-74.15942489209012,0,50.0
RECLAIM-V2-006988,C00488,6466.34,1,1,-0.053149260088175,-427.2727310862329,0,50.0
RECLAIM-V2-006048,C00886,194.97,0,1,-0.03908718645954995,-92.62082874401845,0,50.0
RECLAIM-V2-009188,C00163,1453.5,1,0,-0.13052275549550085,-98.05227554955009,0,50.0
RECLAIM-V2-009055,C00126,6531.21,1,0,-0.11297678000659639,-96.29767800065964,0,50.0
RECLAIM-V2-009536,C00228,1385.67,1,1,-0.07562725259603548,-189.1570021503307,0,50.0
RECLAIM-V2-009025,C00669,2435.2,0,1,0.353207191081315,775.1301517212182,1,50.0
RECLAIM-V2-007826,C00547,3119.61,0,1,-0.04728737983331677,-232.51818300181333,0,50.0
RECLAIM-V2-005591,C00234,614.39,0,1,-0.2147358896591175,-216.9315832476652,0,50.0
RECLAIM-V2-000490,C00534,4329.66,1,1,-0.048719941689591345,-294.8373588803877,0,50.0
RECLAIM-V2-005685,C00980,2588.01,0,1,0.06289640610779013,77.77652797102195,1,50.0
RECLAIM-V2-004158,C00904,364.47,1,1,-0.020319973277554637,-92.34867058389044,0,50.0
RECLAIM-V2-005411,C00437,11801.87,0,1,0.23672543960028603,2708.802863855428,1,50.0
RECLAIM-V2-004146,C00112,5727.91,1,0,0.024763348528202056,-82.5236651471798,0,50.0
RECLAIM-V2-005101,C00492,4040.65,0,1,-0.1874717052318169,-842.5075457449409,0,50.0
RECLAIM-V2-006485,C00487,823.55,0,1,0.044354031004442906,-48.472237766291045,0,50.0
RECLAIM-V2-009273,C00318,1151.44,1,1,0.40639317646961415,379.98808255389724,1,50.0
RECLAIM-V2-000911,C00347,2677.85,0,0,-0.052767577260459386,-90.27675772604594,0,50.0
RECLAIM-V2-005702,C00727,2238.62,0,0,-0.10241478597761827,-95.24147859776183,0,50.0
RECLAIM-V2-009050,C00140,560.96,1,0,0.20615634930086624,-64.38436506991337,0,50.0
RECLAIM-V2-009859,C00619,1390.62,1,1,0.08744943673171529,35.913441592586906,0,50.0
RECLAIM-V2-007938,C00619,1390.62,1,1,0.07105339603822564,13.207652136626606,0,50.0
RECLAIM-V2-009992,C00339,3284.72,0,1,0.03762669572919641,38.59315999560603,0,50.0
RECLAIM-V2-005459,C00109,584.8,0,0,0.03804945432735385,-81.19505456726462,0,50.0
RECLAIM-V2-007401,C00642,4813.1,0,0,0.022449142107360043,-82.755085789264,0,50.0
RECLAIM-V2-009445,C00034,4606.37,0,0,0.11778862241985133,-73.22113775801486,0,50.0
RECLAIM-V2-003327,C00931,3936.84,0,1,0.21350329056005074,755.5282944084302,1,50.0
RECLAIM-V2-003927,C00851,242.71,1,1,0.2605894764922039,-22.459450734512615,0,50.0
RECLAIM-V2-006948,C00451,2852.75,1,0,-0.09769837997436692,-94.7698379974367,0,50.0
RECLAIM-V2-002709,C00279,455.06,1,1,0.2328854412281668,20.097636479020878,0,50.0
RECLAIM-V2-009228,C00450,541.39,1,1,0.2194739230336935,32.89767137070473,0,50.0
RECLAIM-V2-007950,C00434,2024.57,0,1,-0.31669981992836377,-726.1809544323675,0,50.0
RECLAIM-V2-005832,C00629,1620.58,0,1,0.2179598354530582,268.22135013851704,1,50.0
RECLAIM-V2-005030,C00027,3722.97,1,1,0.010113106114403414,-47.55263294178483,0,50.0
RECLAIM-V2-003348,C00875,3584.35,0,0,0.04538592576111711,-80.46140742388829,0,50.0
RECLAIM-V2-009879,C00758,221.27,1,1,-0.02159656441040264,-89.73318188364394,0,50.0
RECLAIM-V2-000538,C00279,455.06,0,1,0.19232248698421084,2.5182709270349903,0,50.0
RECLAIM-V2-008023,C00056,1210.33,0,1,0.021044903829496975,-59.52872154804493,0,50.0
RECLAIM-V2-008359,C00954,3251.86,0,0,-0.12195262911383253,-97.19526291138325,0,50.0
RECLAIM-V2-007556,C00918,2616.95,0,1,0.060592973693956,73.56878250839813,1,50.0
RECLAIM-V2-008043,C00516,1115.69,1,0,0.04006987235336279,-80.99301276466372,0,50.0
RECLAIM-V2-006118,C00432,3487.77,1,1,-0.12819477563770992,-529.6860309993492,0,50.0
RECLAIM-V2-006812,C00973,744.15,0,1,-0.08499374927658121,-148.24809852416792,0,50.0
RECLAIM-V2-001779,C00266,1542.26,1,1,-0.07978365587523978,-207.35212174872134,0,50.0
RECLAIM-V2-000835,C00927,579.72,1,1,-0.09203247247091922,-137.99426714366618,0,50.0
RECLAIM-V2-005100,C00186,4692.25,0,1,-0.08994595393426852,-507.04890234807146,0,50.0
RECLAIM-V2-001973,C00220,694.6,1,1,0.2137734699894056,62.42395678838383,1,50.0
RECLAIM-V2-006248,C00384,5768.13,0,1,0.0957785072371099,467.4628809495907,1,50.0
RECLAIM-V2-006998,C00041,1350.33,1,1,-0.11313546431970312,-236.83665728067103,0,50.0
RECLAIM-V2-003198,C00190,2931.32,1,1,0.07081868794588553,121.44804713586669,1,50.0
RECLAIM-V2-002911,C00488,6466.34,0,1,0.004216723213384677,-57.73323401636213,0,50.0
RECLAIM-V2-005765,C00779,362.46,1,1,0.1489869605475141,-31.491675789369573,0,50.0
RECLAIM-V2-008676,C00937,3733.84,1,1,-0.0424805776497586,-242.780121073866,0,50.0
RECLAIM-V2-004558,C00232,479.53,1,1,-0.03184723435050307,-100.16349853230575,0,50.0
RECLAIM-V2-006406,C00840,1312.56,1,1,0.029117796518432715,-47.00135707327556,0,50.0
RECLAIM-V2-005925,C00298,1978.42,1,1,0.004668274484436297,-75.81737384425568,0,50.0
RECLAIM-V2-003694,C00708,2317.59,0,1,-0.2392380952405163,-639.4558171484682,0,50.0
RECLAIM-V2-003972,C00897,3184.36,0,1,-0.4344911964515882,-1468.5763863325794,0,50.0
RECLAIM-V2-004400,C00624,653.51,0,1,-0.2951015316666232,-277.8518019594549,0,50.0
RECLAIM-V2-007208,C00512,1053.26,0,1,0.13340037048328895,55.50527421522892,1,50.0
RECLAIM-V2-002335,C00674,606.82,1,1,-0.016288232530459412,-94.81831690528226,0,50.0
RECLAIM-V2-000768,C00260,4436.97,0,1,-0.0890125869467071,-479.94617790493106,0,50.0
RECLAIM-V2-002046,C00642,4813.1,1,1,0.05126741312921701,160.44450908187943,1,50.0
RECLAIM-V2-000008,C00094,2094.96,0,0,0.25178972023533547,-59.82102797646645,0,50.0
RECLAIM-V2-005968,C00414,1769.54,0,1,0.33425832650354914,506.4834790810903,1,50.0
RECLAIM-V2-003386,C00943,3827.32,1,1,-0.2829875559065548,-1162.3855252540072,0,50.0
RECLAIM-V2-009609,C00614,2019.19,0,0,-0.0675705126726523,-91.75705126726523,0,50.0
RECLAIM-V2-005893,C00324,898.63,0,1,0.13149958154209984,33.169468961177174,0,50.0
RECLAIM-V2-006125,C00870,2792.35,0,1,-0.0017922085614282546,-90.00447357650418,0,50.0
RECLAIM-V2-009642,C00779,1130.98,1,0,0.0011328730442994317,-84.88671269557005,0,50.0
RECLAIM-V2-002068,C00527,1246.89,1,1,-0.3399851005240709,-506.46441678197243,0,50.0
RECLAIM-V2-005756,C00889,199.48,1,0,-0.06930583686989072,-91.93058368698907,0,50.0
RECLAIM-V2-000056,C00347,1788.51,1,1,-0.035975820621940324,-148.9854235452218,0,50.0
RECLAIM-V2-004582,C00446,1373.02,1,1,0.052684686431436756,-13.077242163160605,0,50.0
RECLAIM-V2-000699,C00206,1318.74,1,0,0.2800550955771665,-56.99449044228335,0,50.0
RECLAIM-V2-002904,C00146,836.96,0,1,0.16894498332828817,56.400193246444076,1,50.0
RECLAIM-V2-003204,C00343,4975.57,0,1,-0.11833087293460409,-673.763541447228,0,50.0
RECLAIM-V2-003082,C00897,3184.36,1,1,-0.4329286791274221,-1456.0583718041757,0,50.0
RECLAIM-V2-008444,C00537,2294.54,0,0,-0.14251743871126116,-99.25174387112611,0,50.0
RECLAIM-V2-007147,C00550,3335.14,0,1,0.29044390302675016,883.6710787406355,1,50.0
RECLAIM-V2-006352,C00779,362.46,1,1,0.13357367932997088,-37.02732028810342,0,50.0
RECLAIM-V2-009493,C00571,2503.51,0,1,-0.0016686586805255699,-89.17750369328257,0,50.0
RECLAIM-V2-005069,C00698,946.46,0,0,-0.044327064176008846,-89.43270641760088,0,50.0
RECLAIM-V2-002851,C00056,1210.33,1,0,0.029840113522890177,-82.01598864771098,0,50.0
RECLAIM-V2-000346,C00241,1332.24,0,0,0.25050653303379267,-59.94934669662074,0,50.0
RECLAIM-V2-001424,C00361,492.75,0,0,0.020894551500266312,-82.91054484997336,0,50.0
RECLAIM-V2-006680,C00360,854.81,1,1,0.055253306692059745,-38.06032960871967,0,50.0
RECLAIM-V2-003084,C00994,2366.89,0,0,0.013153152346177976,-83.6846847653822,0,50.0
RECLAIM-V2-003252,C00142,1387.59,0,0,-0.1596149054047425,-100.96149054047424,0,50.0
RECLAIM-V2-007428,C00135,503.45,0,0,-0.12695996813239607,-97.6959968132396,0,50.0
RECLAIM-V2-004316,C00598,430.14,0,0,0.0957698934211359,-75.42301065788641,0,50.0
RECLAIM-V2-006727,C00841,799.13,1,0,0.04463689134551896,-80.5363108654481,0,50.0
RECLAIM-V2-008491,C00749,654.79,0,0,-0.20065172757299166,-105.06517275729917,0,50.0
RECLAIM-V2-002426,C00110,1381.58,0,1,-0.087015283015067,-205.21857470795626,0,50.0
RECLAIM-V2-004989,C00594,3160.42,0,1,-0.01137996381640577,-120.96546524464512,0,50.0
RECLAIM-V2-001743,C00931,1124.12,1,1,0.2896885872861586,238.72682247912985,1,50.0
RECLAIM-V2-003497,C00834,3654.98,1,1,-0.17847150923237892,-733.7805405662409,0,50.0
RECLAIM-V2-007179,C00395,2350.94,0,1,-0.22585737655159566,-615.9771408302083,0,50.0
RECLAIM-V2-005564,C00315,405.46,0,1,-0.013263692887913847,-90.37789691833355,0,50.0
RECLAIM-V2-009909,C00350,476.58,1,1,-0.17032689235302123,-165.5130280672853,0,50.0
RECLAIM-V2-009414,C00512,4270.86,0,1,-0.32326073524643034,-1465.6013437345694,0,50.0
RECLAIM-V2-000461,C00518,909.83,1,1,-0.17218729620507495,-240.6195809234244,0,50.0
RECLAIM-V2-009908,C00547,3119.61,1,1,-0.04205828874435047,-215.50737257027,0,50.0
RECLAIM-V2-008030,C00427,3359.61,1,1,-0.3004530201820928,-1089.057493258109,0,50.0
RECLAIM-V2-008424,C00534,4329.66,1,1,-0.01759807393361726,-160.79511032955457,0,50.0
RECLAIM-V2-007351,C00931,1124.12,0,1,0.3273060979634176,282.93133084263695,1,50.0
RECLAIM-V2-000411,C00886,982.08,0,1,-0.03636551911690422,-120.7138490143293,0,50.0
RECLAIM-V2-003301,C00669,2435.2,0,1,0.3013506362269093,648.8490693397694,1,50.0
RECLAIM-V2-000796,C00691,1122.07,1,1,-0.14905358516976402,-251.26325994471017,0,50.0
RECLAIM-V2-004450,C00897,3964.47,1,1,-0.24825697624897974,-1064.0380409803947,0,50.0
RECLAIM-V2-005774,C00304,753.19,0,0,0.012836137421932348,-83.71638625780676,0,50.0
RECLAIM-V2-004803,C00897,3184.36,1,0,-0.45833964873603705,-130.8339648736037,0,50.0
RECLAIM-V2-009151,C00907,357.06,1,0,-0.3284938585566486,-117.84938585566485,0,50.0
RECLAIM-V2-005798,C00495,2950.24,1,1,-0.35407897956692386,-1123.8637603647835,0,50.0
RECLAIM-V2-002995,C00718,1216.4,0,1,0.1134531752474115,53.00444237095135,1,50.0
RECLAIM-V2-008054,C00463,600.41,1,0,-0.19652026824406688,-104.65202682440669,0,50.0
RECLAIM-V2-009153,C00855,10270.54,1,1,-0.049908426806769546,-596.2639205456196,0,50.0
RECLAIM-V2-004392,C00221,889.34,1,0,-0.16012105377120514,-101.01210537712052,0,50.0
RECLAIM-V2-005906,C00585,545.61,1,0,0.10599407712789799,-74.4005922872102,0,50.0
RECLAIM-V2-004829,C00158,2223.9,0,1,-0.15484623196127123,-429.36253525867113,0,50.0
RECLAIM-V2-003576,C00712,1138.68,0,0,-0.27427635373829085,-112.42763537382908,0,50.0
RECLAIM-V2-006891,C00986,714.87,0,0,0.05981713731021365,-79.01828626897864,0,50.0
RECLAIM-V2-006304,C00870,2792.35,1,1,-0.007627796759511418,-106.18153919487534,0,50.0
RECLAIM-V2-009252,C00834,3654.98,0,0,-0.058613670871329515,-90.86136708713295,0,50.0
RECLAIM-V2-000535,C00918,2616.95,1,1,0.04613371375279651,35.05677352372473,0,50.0
RECLAIM-V2-002397,C00969,2152.95,1,1,-0.035003940078661255,-159.9499201883133,0,50.0
RECLAIM-V2-004748,C00440,697.51,0,0,-0.22819241168554794,-107.8192411685548,0,50.0
RECLAIM-V2-006242,C00961,2674.62,0,1,0.07218954948994838,108.07961285680574,1,50.0
RECLAIM-V2-003141,C00816,220.56,0,1,0.10220186204660697,-62.45835730700037,0,50.0
RECLAIM-V2-004532,C00625,1563.76,0,1,0.324177036309521,421.9350822993766,1,50.0
RECLAIM-V2-009080,C00670,415.77,1,1,-0.09506085954332377,-124.23077544492276,0,50.0
RECLAIM-V2-003217,C00432,3487.77,1,0,-0.11340936249904332,-96.34093624990433,0,50.0
RECLAIM-V2-005784,C00417,2822.68,1,0,-0.03132397692353006,-88.13239769235301,0,50.0
RECLAIM-V2-008426,C00687,1222.29,0,0,-0.18150110907733064,-103.15011090773307,0,50.0
RECLAIM-V2-008378,C00488,6466.34,1,1,-0.04712451411860591,-388.4743310015631,0,50.0
RECLAIM-V2-007626,C00627,2525.76,0,1,0.2557218160670664,560.8919341495537,1,50.0
RECLAIM-V2-003533,C00072,1156.41,1,1,-0.21787354546181914,-335.473517428503,0,50.0
RECLAIM-V2-008814,C00695,4222.16,1,1,-0.08177944336629417,-428.436795965366,0,50.0
RECLAIM-V2-003843,C00080,3465.69,0,0,0.16831025868561256,-68.16897413143874,0,50.0
RECLAIM-V2-009076,C00497,642.01,0,1,-0.06725667353924014,-128.17945697892756,0,50.0
RECLAIM-V2-002190,C00551,3444.56,1,1,-0.14264050219915192,-573.734458911636,0,50.0
RECLAIM-V2-007041,C00146,836.96,0,1,0.15634264622576288,45.85254118511452,0,50.0
RECLAIM-V2-001718,C00863,2625.56,1,0,0.22754051793494667,-62.24594820650533,0,50.0
RECLAIM-V2-004098,C00234,614.39,0,1,-0.21242340525673042,-215.5108159556826,0,50.0
RECLAIM-V2-004010,C00005,300.35,0,0,0.438141355516143,-41.1858644483857,0,50.0
RECLAIM-V2-003086,C00339,3284.72,0,1,0.0063438720148487615,-64.16215671538598,0,50.0
RECLAIM-V2-007852,C00441,2542.15,0,1,-0.24566671903953785,-709.5216498063612,0,50.0
RECLAIM-V2-000619,C00037,4475.23,0,1,-0.20226991463544397,-990.2043900739778,0,50.0
RECLAIM-V2-008099,C00049,5450.57,0,1,0.04187506177545919,143.24295546146456,1,50.0
RECLAIM-V2-000880,C00372,1831.75,0,1,0.05535249040530099,16.391924299910087,0,50.0
RECLAIM-V2-005790,C00542,1414.13,0,1,0.04756042799052618,-17.743371965757206,0,50.0
RECLAIM-V2-004905,C00155,2026.14,1,1,0.11825435170010468,153.28361844118172,1,50.0
RECLAIM-V2-002189,C00005,615.14,0,1,0.32721492357230897,116.28298808627014,1,50.0
RECLAIM-V2-005139,C00941,1648.54,1,1,0.30169960831330084,409.5753533190516,1,50.0
RECLAIM-V2-008363,C00035,374.45,0,1,-0.01400760341537588,-90.2451470988875,0,50.0
RECLAIM-V2-004016,C00980,912.46,1,1,0.21477701043269892,109.78077677429064,1,50.0
RECLAIM-V2-002054,C00373,1267.85,1,1,0.3289340282213076,329.4604115996509,1,50.0
RECLAIM-V2-006959,C00192,205.28,0,1,0.22343285471511976,-39.133703584080216,0,50.0
RECLAIM-V2-009117,C00534,4329.66,1,0,-0.008945156718175196,-85.89451567181752,0,50.0
RECLAIM-V2-002676,C00655,1519.27,0,1,0.2281368736914413,261.60150809319606,1,50.0
RECLAIM-V2-008193,C00110,1381.58,1,1,-0.055360720605179436,-161.0474773312301,0,50.0
RECLAIM-V2-001515,C00347,2413.19,0,1,-0.05084798206314528,-207.70584183496157,0,50.0
RECLAIM-V2-008964,C00414,1769.54,1,0,0.36111562576479117,-48.888437423520884,0,50.0
RECLAIM-V2-000027,C00384,1455.3,1,1,0.130657032035561,103.99846727969182,1,50.0
RECLAIM-V2-002871,C00577,4568.22,1,1,0.192574946964982,790.0372381828009,1,50.0
RECLAIM-V2-007012,C00034,4606.37,1,0,0.0614339963051716,-78.85660036948283,0,50.0
RECLAIM-V2-001338,C00426,280.39,1,1,-0.1806988694880154,-135.2321263661779,0,50.0
RECLAIM-V2-009049,C00450,1138.94,0,1,-0.002684774535384349,-88.05779710933065,0,50.0
RECLAIM-V2-006735,C00227,807.29,1,1,-0.029276189043961676,-108.47228849646739,0,50.0
RECLAIM-V2-000030,C00414,1769.54,0,1,0.2357807532366082,332.22347408230763,1,50.0
RECLAIM-V2-006791,C00022,2656.77,1,0,0.26151763389109756,-58.84823661089024,0,50.0
RECLAIM-V2-008611,C00243,2470.25,1,1,0.1995175071743458,405.1943139797662,1,50.0
RECLAIM-V2-001657,C00977,386.63,0,1,0.06930358253348745,-58.205155885077744,0,50.0
RECLAIM-V2-006336,C00943,3827.32,0,1,-0.21371856605926376,-902.9693422499414,0,50.0
RECLAIM-V2-009966,C00482,3974.88,1,1,0.0681099086793383,184.27290537925256,1,50.0
RECLAIM-V2-009576,C00234,614.39,1,1,-0.20098768956339824,-207.66641476833854,0,50.0
RECLAIM-V2-006576,C00816,1526.22,1,1,-0.15327816446663833,-317.61324100694475,0,50.0
RECLAIM-V2-002136,C00186,4692.25,0,1,-0.08706129903588222,-493.51338040111835,0,50.0
RECLAIM-V2-009745,C00446,1373.02,1,1,0.08017529938746404,24.4116151680698,0,50.0
RECLAIM-V2-005159,C00353,3282.18,0,1,0.2214064170450496,641.6957138969209,1,50.0
RECLAIM-V2-007666,C00124,718.44,0,1,0.010695394211339193,-77.31600098280546,0,50.0
RECLAIM-V2-000351,C00935,1080.42,1,1,0.21380001304910867,144.6250410349763,1,50.0
RECLAIM-V2-006146,C00627,2525.76,1,1,0.24889870681893445,540.266207039498,1,50.0
RECLAIM-V2-006679,C00542,2549.18,0,1,-0.18791360097686927,-564.0255933382156,0,50.0
RECLAIM-V2-003236,C00193,992.41,0,1,-0.09506278874599727,-179.34126217941514,0,50.0
RECLAIM-V2-009634,C00739,1492.29,0,1,0.4356419318737781,565.1040985159203,1,50.0
RECLAIM-V2-005325,C00014,4415.97,1,1,-0.0035058076466173427,-100.40062787862,0,50.0
RECLAIM-V2-005608,C00404,3583.63,0,0,0.04144093106592939,-80.85590689340707,0,50.0
RECLAIM-V2-005318,C00936,446.49,1,1,0.01914585786584655,-76.52302687866955,0,50.0
RECLAIM-V2-005021,C00354,4098.16,0,0,-0.32262127526333356,-117.26212752633336,0,50.0
RECLAIM-V2-005913,C00695,4222.16,1,1,-0.10705395216969471,-534.6318661671646,0,50.0
RECLAIM-V2-000302,C00803,375.2,0,0,-0.07835463946962629,-92.83546394696263,0,50.0
RECLAIM-V2-008055,C00563,1258.32,0,1,-0.20219410896257317,-339.42489118978506,0,50.0
RECLAIM-V2-001645,C00563,1258.32,0,1,-0.23080696568309,-375.4290210583458,0,50.0
RECLAIM-V2-006050,C00448,4929.51,0,0,-0.08315385340285802,-93.3153853402858,0,50.0
RECLAIM-V2-008020,C00571,2503.51,0,1,-0.01028427022560463,-110.74677335250345,0,50.0
RECLAIM-V2-008100,C00611,856.0,0,1,0.07895741687290886,-17.412451156790013,0,50.0
RECLAIM-V2-009421,C00542,1878.39,0,0,-0.013801386416186112,-86.38013864161861,0,50.0
RECLAIM-V2-008847,C00045,3555.17,0,0,-0.13766664803949796,-98.7666648039498,0,50.0
RECLAIM-V2-002006,C00043,1063.04,0,1,0.17397929923590427,99.94695425973566,1,50.0
RECLAIM-V2-000155,C00485,3873.91,1,1,-0.2342215775613335,-987.4652126066303,0,50.0
RECLAIM-V2-002030,C00733,1844.95,1,0,-0.25493982063109083,-110.49398206310909,0,50.0
RECLAIM-V2-001803,C00380,1149.3,1,1,-0.14402366819513363,-249.5547461791886,0,50.0
RECLAIM-V2-009713,C00901,3396.35,1,1,-0.24836113943560667,-924.0553880030765,0,50.0
RECLAIM-V2-003397,C00270,477.65,0,1,-0.30228207404719387,-229.38503266864214,0,50.0
RECLAIM-V2-004887,C00384,1455.3,1,0,0.25425690213506724,-59.574309786493274,0,50.0
RECLAIM-V2-002134,C00819,1874.26,0,0,0.22946490509731138,-62.053509490268866,0,50.0
RECLAIM-V2-008665,C00174,2138.02,0,0,0.019332951491397687,-83.06670485086023,0,50.0
RECLAIM-V2-009241,C00795,852.16,0,1,0.03501046027223359,-55.165486174413424,0,50.0
RECLAIM-V2-007653,C00874,3285.42,1,1,0.0033157490025363945,-74.16415580152898,0,50.0
RECLAIM-V2-002949,C00182,913.32,0,0,-0.05842910232155163,-90.84291023215516,0,50.0
RECLAIM-V2-008720,C00185,1958.08,1,0,-0.054321577793639,-90.4321577793639,0,50.0
RECLAIM-V2-005211,C00497,642.01,1,1,-0.12854175349140762,-166.98392394973212,0,50.0
RECLAIM-V2-007080,C00110,1409.4,0,1,0.06513860674120986,6.806352341061185,0,50.0
RECLAIM-V2-007889,C00937,3733.84,1,0,-0.04438807089995128,-89.43880708999512,0,50.0
RECLAIM-V2-002437,C00214,461.34,0,1,0.12137806609306051,-29.00344298862747,0,50.0
RECLAIM-V2-004586,C00268,1167.93,0,1,-0.05840642929699946,-153.2146209688446,0,50.0
RECLAIM-V2-001821,C00012,1604.18,0,1,0.09369919067959787,65.31036770439732,1,50.0
RECLAIM-V2-009403,C00538,1283.41,1,1,-0.04534363205959108,-142.8354830194024,0,50.0
RECLAIM-V2-007831,C00129,2777.65,0,0,0.19719574411636176,-65.28042558836383,0,50.0
RECLAIM-V2-003919,C00908,8270.53,0,1,0.05861856025451073,399.80656114173865,1,50.0
RECLAIM-V2-000629,C00373,1267.85,1,0,0.36244013660855057,-48.75598633914494,0,50.0
RECLAIM-V2-000504,C00874,3285.42,1,1,0.037077411595063614,36.16871784304557,0,50.0
RECLAIM-V2-001216,C00542,2549.18,0,0,-0.1752381681460693,-102.52381681460693,0,50.0
RECLAIM-V2-002362,C00054,3089.91,0,1,-0.0436802336522395,-219.96799076439135,0,50.0
RECLAIM-V2-002534,C00487,823.55,1,1,0.02412820221363149,-65.26476527494941,0,50.0
RECLAIM-V2-005644,C00846,3097.95,1,1,-0.13393773014536398,-497.65682255309315,0,50.0
RECLAIM-V2-005679,C00043,291.86,1,0,0.2531767361481224,-59.68232638518776,0,50.0
RECLAIM-V2-000682,C00590,517.86,0,1,0.11428936441276094,-25.814109745207617,0,50.0
RECLAIM-V2-006820,C00627,2525.76,1,1,0.25767811041544686,562.1923816764813,1,50.0
RECLAIM-V2-008002,C00749,654.79,0,0,-0.20692322823560483,-105.69232282356049,0,50.0
RECLAIM-V2-008857,C00241,1332.24,1,0,0.33061128049446475,-51.938871950553526,0,50.0
RECLAIM-V2-002216,C00096,3570.26,0,0,0.1736568774768194,-67.63431225231807,0,50.0
RECLAIM-V2-002450,C00222,1680.46,0,1,0.2831488182461458,390.8202631099182,1,50.0
RECLAIM-V2-006047,C00214,2059.37,1,1,-0.23587118081007385,-567.9634966855024,0,50.0
RECLAIM-V2-003504,C00485,337.94,1,1,0.1305785957847359,-41.288775887480924,0,50.0
RECLAIM-V2-002547,C00671,1695.1,1,1,0.12910332308216754,132.6197244187171,1,50.0
RECLAIM-V2-004969,C00305,1216.47,0,1,0.07776334987815581,9.596782226280197,0,50.0
RECLAIM-V2-000574,C00809,778.06,0,1,-0.09183783411877616,-156.45534521445498,0,50.0
RECLAIM-V2-005481,C00186,4692.25,1,0,-0.12889313987822504,-97.8893139878225,0,50.0
RECLAIM-V2-001193,C00702,3379.59,0,0,0.3324039670074313,-51.75960329925687,0,50.0
RECLAIM-V2-004334,C00173,4973.81,1,0,-0.17117382247065804,-102.1173822470658,0,50.0
RECLAIM-V2-006897,C00497,642.01,1,1,-0.13179255156929126,-168.99138652548174,0,50.0
RECLAIM-V2-006700,C00707,2420.0,0,1,-0.1406772834897132,-425.43902604510595,0,50.0
RECLAIM-V2-002803,C00418,2455.74,1,1,-0.15757680053160866,-469.7964486760078,0,50.0
RECLAIM-V2-000899,C00842,8636.8,1,0,0.45441433605164605,-39.558566394835395,0,50.0
RECLAIM-V2-001994,C00394,527.85,0,1,-0.24140969677445617,-212.4281084423967,0,50.0
RECLAIM-V2-000273,C00986,714.87,0,1,0.11025306108636351,-6.183394221191321,0,50.0
RECLAIM-V2-008855,C00326,518.56,0,0,-0.03917006142913082,-88.91700614291308,0,50.0
RECLAIM-V2-006710,C00233,716.96,0,1,-0.25876416646105893,-270.52355678592085,0,50.0
RECLAIM-V2-005992,C00936,446.49,0,1,0.017157804961965784,-77.3392116625319,0,50.0
RECLAIM-V2-002978,C00241,1332.24,1,1,0.2727309003805679,276.2535687490122,1,50.0
RECLAIM-V2-009384,C00733,1844.95,1,1,-0.29674200785175653,-629.2916835373901,0,50.0
RECLAIM-V2-005697,C00163,1453.5,1,1,-0.16203154707542766,-319.0922420851503,0,50.0
RECLAIM-V2-006742,C00086,1444.36,1,1,-0.28007260557204294,-487.22296763554374,0,50.0
RECLAIM-V2-003015,C00964,1025.85,0,1,0.10592683733706981,23.66504608223306,0,50.0
RECLAIM-V2-009057,C00574,2162.16,0,1,0.1383804566929132,214.20068824314922,1,50.0
RECLAIM-V2-000906,C00906,2597.54,1,1,-0.187476789673925,-569.3560911586851,0,50.0
RECLAIM-V2-002174,C00584,1857.06,1,1,0.0368211995831787,-16.999540186135036,0,50.0
RECLAIM-V2-005663,C00434,2024.57,1,1,-0.3439363649574332,-777.325725622425,0,50.0
RECLAIM-V2-009922,C00599,1340.14,0,1,0.19176830731245376,171.99637936171177,1,50.0
RECLAIM-V2-002848,C00270,477.65,1,1,-0.2942374845994702,-224.39846561944304,0,50.0
RECLAIM-V2-006339,C00384,5768.13,1,1,0.10281001951985103,505.2970923757623,1,50.0
RECLAIM-V2-001161,C00452,2794.57,0,1,-0.13087641032216124,-450.74328999400217,0,50.0
RECLAIM-V2-004350,C00008,2585.76,1,1,0.20166118392636118,433.537694058791,1,50.0
RECLAIM-V2-009135,C00062,327.4,1,1,-0.17614432104465805,-142.11708597490394,0,50.0
RECLAIM-V2-004050,C00232,1125.87,0,1,-0.13947545844218157,-242.03123439629894,0,50.0
RECLAIM-V2-006179,C00452,2794.57,1,0,-0.14078553186873655,-99.07855318687365,0,50.0
RECLAIM-V2-008425,C00816,1526.22,0,1,-0.11830988669077291,-265.5669152651914,0,50.0
RECLAIM-V2-000168,C00482,3974.88,0,0,0.05520409362551526,-79.47959063744847,0,50.0
RECLAIM-V2-002830,C00518,909.83,0,1,-0.13638206597298036,-209.08449508419673,0,50.0
RECLAIM-V2-001932,C00401,674.42,0,1,0.2638927342893116,92.97453785939751,1,50.0
RECLAIM-V2-001059,C00360,854.81,1,1,0.1039189495882914,3.282883561491232,0,50.0
RECLAIM-V2-002191,C00795,1539.43,0,1,0.20299938850208,227.503348641757,1,50.0
RECLAIM-V2-009362,C00345,3006.49,0,1,-0.3449075630959393,-1121.9611393723105,0,50.0
RECLAIM-V2-002469,C00886,982.08,1,1,-0.0381663212710005,-122.25680256858405,0,50.0
RECLAIM-V2-000759,C00365,695.04,0,1,0.1859097912457403,44.21474130743934,0,50.0
RECLAIM-V2-005179,C00664,1148.73,0,1,-0.30027496862781544,-429.9348647118304,0,50.0
RECLAIM-V2-001435,C00727,6449.65,1,1,-0.02728979566609724,-260.3000959305255,0,50.0
RECLAIM-V2-008067,C00718,2007.06,1,1,0.08614848836863487,86.91143640727358,1,50.0
RECLAIM-V2-006802,C00268,1167.93,0,1,-0.04514165775882484,-137.7222963462643,0,50.0
RECLAIM-V2-005908,C00448,4929.51,0,0,-0.08396489519137412,-93.39648951913742,0,50.0
RECLAIM-V2-000185,C00803,3213.93,0,1,-0.010174243602452893,-117.69930674123142,0,50.0
RECLAIM-V2-003647,C00643,5643.7,0,0,-0.047408597997347146,-89.74085979973472,0,50.0
RECLAIM-V2-005528,C00680,9521.22,0,1,0.218521558863644,1995.5918366837045,1,50.0
RECLAIM-V2-006477,C00325,695.54,1,1,-0.18489246037040674,-212.6797626860469,0,50.0
RECLAIM-V2-004976,C00049,5450.57,0,1,0.014805897974583204,-4.299416676676032,0,50.0
RECLAIM-V2-003138,C00882,1031.94,0,0,0.04320603034587889,-80.67939696541211,0,50.0
RECLAIM-V2-006218,C00841,2860.12,0,1,0.10234795748848818,207.72744017197482,1,50.0
RECLAIM-V2-009839,C00196,2316.16,0,1,0.03903477747808981,5.410790203652496,0,50.0
RECLAIM-V2-005887,C00318,9629.4,0,1,-0.20972244678558122,-2104.5013290770758,0,50.0
RECLAIM-V2-007510,C00244,765.01,0,0,0.11469990926582885,-73.53000907341712,0,50.0
RECLAIM-V2-001667,C00585,545.61,1,1,0.12293932772160643,-18.44286702638766,0,50.0
RECLAIM-V2-002891,C00431,1216.68,0,1,-0.2817103043495006,-427.7512930959504,0,50.0
RECLAIM-V2-006188,C00205,6727.76,0,0,-0.1322711665589304,-98.22711665589304,0,50.0
RECLAIM-V2-008643,C00537,2294.54,1,1,-0.16258915595535878,-455.9581015623469,0,50.0
RECLAIM-V2-007646,C00842,1318.42,0,1,0.13291541636290655,90.23834324118326,1,50.0
RECLAIM-V2-005926,C00899,3761.39,1,1,0.036698750745225106,52.31142374450914,1,50.0
RECLAIM-V2-003836,C00329,5939.97,1,1,-0.02703919878082306,-244.89549081443374,0,50.0
RECLAIM-V2-009628,C00458,3505.26,0,1,0.09283235505492626,240.40154087983086,1,50.0
RECLAIM-V2-001915,C00438,605.88,1,1,0.055658342860113175,-51.52982212606523,0,50.0
RECLAIM-V2-007855,C00733,1844.95,1,0,-0.2946954569756248,-114.46954569756248,0,50.0
RECLAIM-V2-001496,C00238,3526.31,0,1,-0.1044064860158968,-453.1696357027171,0,50.0
RECLAIM-V2-008350,C00622,3107.28,1,1,0.10121724626507106,227.83655610339224,1,50.0
RECLAIM-V2-000747,C00718,2007.06,1,1,0.12927577235975096,173.0376347416402,1,50.0
RECLAIM-V2-003155,C00870,2792.35,0,1,-0.0023250068776534683,-91.49223295481566,0,50.0
RECLAIM-V2-002624,C00101,550.79,0,0,-0.1236881575234566,-97.36881575234565,0,50.0
RECLAIM-V2-000573,C00789,580.6,1,0,0.23033407804403538,-61.96659219559646,0,50.0
RECLAIM-V2-009232,C00110,1409.4,0,0,0.07579485282296206,-77.4205147177038,0,50.0
RECLAIM-V2-006155,C00746,5766.06,1,1,0.012854560328061426,-11.214052443307722,0,50.0
RECLAIM-V2-007120,C00997,977.5,0,1,0.060017743047685757,-26.332656170887176,0,50.0
RECLAIM-V2-008579,C00138,2431.37,1,1,0.04195487496122341,16.45583033783619,0,50.0
RECLAIM-V2-008485,C00584,1857.06,1,1,0.11405469619964609,125.57630000959273,1,50.0
RECLAIM-V2-001636,C00908,645.37,0,1,0.2863448710237919,99.7983894126246,1,50.0
RECLAIM-V2-005261,C00123,1364.02,1,1,-0.09234376347290918,-210.23660278758308,0,50.0
RECLAIM-V2-009394,C00673,621.54,0,1,-0.1520102029190834,-179.4804215223271,0,50.0
RECLAIM-V2-002727,C00921,682.19,0,0,-0.0483975554900139,-89.8397555490014,0,50.0
RECLAIM-V2-008076,C00986,714.87,0,1,0.0566275282040003,-44.51867891280631,0,50.0
RECLAIM-V2-003470,C00994,2366.89,1,1,-0.04209730108190507,-184.07833660133866,0,50.0
RECLAIM-V2-007337,C00941,1648.54,1,1,0.29665936427178474,401.3128948704532,1,50.0
RECLAIM-V2-009686,C00323,304.35,1,1,0.31148616154558617,8.859579957748778,0,50.0
RECLAIM-V2-006046,C00816,2283.32,1,0,-0.1057338917448658,-95.57338917448658,0,50.0
RECLAIM-V2-003325,C00440,697.51,0,0,-0.18890129237027953,-103.89012923702795,0,50.0
RECLAIM-V2-002125,C00943,3827.32,1,0,-0.27951276443633877,-112.95127644363387,0,50.0
RECLAIM-V2-006256,C00081,779.11,0,1,0.07174630313462349,-29.101737764783493,0,50.0
RECLAIM-V2-002056,C00318,9629.4,1,0,-0.16368733800749002,-101.368733800749,0,50.0
RECLAIM-V2-006194,C00418,1620.69,1,0,0.1344735816753052,-71.55264183246948,0,50.0
RECLAIM-V2-002409,C00638,302.98,0,1,-0.3318930350967774,-185.55695177362162,0,50.0
RECLAIM-V2-005286,C00739,1492.29,1,1,0.491033327013749,643.3637529609802,1,50.0
RECLAIM-V2-004851,C00318,9629.4,1,0,-0.2123642346775783,-106.23642346775783,0,50.0
RECLAIM-V2-002161,C00727,2238.62,1,1,-0.04361213190957225,-182.09922364982003,0,50.0
RECLAIM-V2-006404,C00841,799.13,1,1,0.026254329097574136,-64.15053542741188,0,50.0
RECLAIM-V2-007867,C00563,1258.32,1,0,-0.19967445656834415,-104.96744565683441,0,50.0
RECLAIM-V2-007299,C00495,2950.24,0,1,-0.29027434402642743,-941.3789807205272,0,50.0
RECLAIM-V2-006507,C00872,550.87,1,0,0.12390500106225011,-72.609499893775,0,50.0
RECLAIM-V2-005803,C00221,889.34,1,1,-0.16078874930671525,-227.12009822758526,0,50.0
RECLAIM-V2-001924,C00614,2116.02,1,1,-0.17262211748102263,-448.27287164955146,0,50.0
RECLAIM-V2-002226,C00347,2677.85,0,0,-0.04455503000791572,-89.45550300079157,0,50.0
RECLAIM-V2-003998,C00492,2608.61,0,1,-0.07369034229612459,-277.2293638170936,0,50.0
RECLAIM-V2-007059,C00534,4329.66,1,0,-0.027550159526383816,-87.75501595263839,0,50.0
RECLAIM-V2-000761,C00517,5498.96,0,1,0.0472799511482003,174.99056016590754,1,50.0
RECLAIM-V2-004602,C00547,2900.37,0,0,-0.09725005887857396,-94.72500588785739,0,50.0
RECLAIM-V2-001680,C00981,988.27,1,1,-0.06704649612360075,-150.82817077626515,0,50.0
RECLAIM-V2-008402,C00872,550.87,1,1,0.12868027915652847,-14.66134556667275,0,50.0
RECLAIM-V2-009129,C00459,5537.97,1,1,0.3916422906050003,2073.7205565460436,1,50.0
RECLAIM-V2-003028,C00919,1459.62,0,0,-0.055862580372371684,-90.58625803723717,0,50.0
RECLAIM-V2-002719,C00278,2000.63,1,0,0.09757481593728973,-75.24251840627103,0,50.0
RECLAIM-V2-006676,C00708,2317.59,0,0,-0.2529016407668685,-110.29016407668685,0,50.0
RECLAIM-V2-009119,C00391,702.01,0,0,0.03619677698762058,-81.38032230123794,0,50.0
RECLAIM-V2-003732,C00495,721.78,0,0,-0.39321787885769954,-124.32178788576996,0,50.0
RECLAIM-V2-001950,C00687,1096.94,0,1,-0.1319516939846056,-229.74309119947327,0,50.0
RECLAIM-V2-007038,C00727,2238.62,1,1,-0.10441327305230613,-317.4685198406995,0,50.0
RECLAIM-V2-005531,C00614,2116.02,1,0,-0.19552035772058524,-104.55203577205853,0,50.0
RECLAIM-V2-009065,C00973,744.15,1,0,-0.06817243023100272,-91.81724302310027,0,50.0
RECLAIM-V2-000939,C00345,3006.49,0,1,-0.3642237264581026,-1180.0349913590208,0,50.0
RECLAIM-V2-006743,C00233,716.96,0,1,-0.2620533968846131,-272.8818034303922,0,50.0
RECLAIM-V2-008890,C00855,10270.54,1,1,-0.046030485774968044,-556.5611527410912,0,50.0
RECLAIM-V2-005947,C00206,1318.74,0,1,0.24956774874988208,244.1149729864195,1,50.0
RECLAIM-V2-005434,C00174,197.03,0,0,0.08683734030503953,-76.31626596949604,0,50.0
RECLAIM-V2-000610,C00978,3437.17,1,1,0.019740904598332443,-17.506160071639258,0,50.0
RECLAIM-V2-002665,C00260,4436.97,1,1,-0.09269706706308734,-494.1449380516091,0,50.0
RECLAIM-V2-004784,C00347,1788.51,1,0,-0.057956383497741015,-90.7956383497741,0,50.0
RECLAIM-V2-005331,C00495,721.78,1,1,-0.39753997662812784,-370.10418233236874,0,50.0
RECLAIM-V2-002298,C00155,2026.14,0,1,0.13462001015839387,187.75898738232814,1,50.0
RECLAIM-V2-003749,C00807,742.49,1,1,0.13145083941997582,11.981478252713188,0,50.0
RECLAIM-V2-008441,C00365,695.04,1,1,0.25528978903779287,91.29414210892563,1,50.0
RECLAIM-V2-005026,C00973,744.15,0,1,-0.07582803268952165,-141.42743052590754,0,50.0
RECLAIM-V2-004869,C00791,2934.57,0,1,0.0920222206667482,185.0456481020193,1,50.0
RECLAIM-V2-000391,C00746,5766.06,1,0,0.07602908195396252,-77.39709180460375,0,50.0
RECLAIM-V2-005076,C00325,695.54,1,1,-0.2794100144395173,-278.08972722160604,0,50.0
RECLAIM-V2-009210,C00622,765.39,1,0,-0.15070628316642282,-100.07062831664228,0,50.0
RECLAIM-V2-004741,C00432,3487.77,0,1,-0.11093382864146006,-471.91167952082515,0,50.0
RECLAIM-V2-004847,C00315,2042.47,1,0,-0.1684980994697624,-101.84980994697624,0,50.0
RECLAIM-V2-008291,C00393,1445.13,0,1,0.04787031948344295,-15.821165204892083,0,50.0
RECLAIM-V2-007607,C00749,654.79,0,0,-0.19836141769073729,-104.83614176907372,0,50.0
RECLAIM-V2-004103,C00517,5498.96,0,0,0.05355654851247313,-79.64434514875269,0,50.0
RECLAIM-V2-004578,C00463,1115.13,1,1,-0.0447408082099251,-134.57524715952323,0,50.0
RECLAIM-V2-008915,C00803,375.2,1,1,-0.07402705263090492,-112.56204834374904,0,50.0
RECLAIM-V2-008647,C00365,695.04,0,1,0.24881000426314565,87.93290536305673,1,50.0
RECLAIM-V2-004725,C00904,364.47,0,0,-0.008228472876572357,-85.82284728765724,0,50.0
RECLAIM-V2-007503,C00577,1162.47,0,1,-0.14611949639034416,-254.85953096888338,0,50.0
RECLAIM-V2-000738,C00174,197.03,1,1,0.09427791387515982,-66.61157842990653,0,50.0
RECLAIM-V2-002132,C00244,765.01,1,1,0.07794180455841593,-25.749813198850816,0,50.0
RECLAIM-V2-003985,C00482,3974.88,1,0,0.05049207281636181,-79.95079271836381,0,50.0
RECLAIM-V2-000340,C00041,1350.33,0,1,0.016671055762862208,-62.488573271734275,0,50.0
RECLAIM-V2-009691,C00551,892.61,1,1,-0.3316515463568755,-379.22365781328574,0,50.0
RECLAIM-V2-003105,C00393,1445.13,1,1,0.006341081420456696,-75.88847252324159,0,50.0
RECLAIM-V2-009468,C00339,3284.72,1,1,0.035151728491996825,29.851115955678665,0,50.0
RECLAIM-V2-001169,C00978,3437.17,0,0,0.02629287459128571,-82.37071254087142,0,50.0
RECLAIM-V2-008709,C00318,1151.44,1,0,0.2910441141572221,-55.89558858427779,0,50.0
RECLAIM-V2-001342,C00054,103.68,1,1,0.21526759013382007,-63.11555235885163,0,50.0
RECLAIM-V2-008528,C00516,484.89,1,0,0.03309677629926666,-81.69032237007333,0,50.0
RECLAIM-V2-009465,C00931,1724.42,0,1,-0.013289329469113209,-107.9163855231282,0,50.0
RECLAIM-V2-005646,C00427,555.68,1,1,0.11159232195050361,-23.41201896780194,0,50.0
RECLAIM-V2-002874,C00931,1724.42,1,1,-0.004458386884769183,-92.64523246738973,0,50.0
RECLAIM-V2-003581,C00294,1806.14,1,1,-0.24065058979043458,-517.2347623730845,0,50.0
RECLAIM-V2-005651,C00625,1301.5,1,1,-0.25182941931104413,-410.8653798678463,0,50.0
RECLAIM-V2-005444,C00179,1354.17,0,1,0.001487033387684189,-82.9863039973997,0,50.0
RECLAIM-V2-007067,C00482,3974.88,1,1,0.06783214235092783,183.1747546443903,1,50.0
RECLAIM-V2-005193,C00803,375.2,1,1,-0.06173933994704939,-107.98703800644522,0,50.0
RECLAIM-V2-009980,C00139,3318.78,1,1,0.04889409036819958,76.40849149564437,1,50.0
RECLAIM-V2-004735,C00523,999.41,0,1,0.12209389707495477,37.02186167568054,0,50.0
RECLAIM-V2-005603,C00435,2261.81,0,1,0.08764260492132459,113.23092023710115,1,50.0
RECLAIM-V2-008870,C00727,6449.65,1,1,-0.11443707125061986,-820.1036927390442,0,50.0
RECLAIM-V2-004924,C00746,5766.06,0,1,0.029988645643175715,87.91633009728977,1,50.0
RECLAIM-V2-007156,C00519,2765.46,0,1,0.03872682337860567,22.09748098059883,0,50.0
RECLAIM-V2-006641,C00117,4928.56,0,1,-0.08090188659579656,-483.7298022005791,0,50.0
RECLAIM-V2-008072,C00734,3776.6,0,1,-0.056434812064039774,-298.1317112410526,0,50.0
RECLAIM-V2-000465,C00663,601.56,1,1,0.36324949906535225,132.06053731539916,1,50.0
RECLAIM-V2-007069,C00391,702.01,0,0,0.02511897737642721,-82.48810226235727,0,50.0
RECLAIM-V2-006824,C00174,2138.02,1,0,0.0038966896755811,-84.61033103244189,0,50.0
RECLAIM-V2-008028,C00649,1075.92,0,1,0.11428393326758318,37.96036948125811,0,50.0
RECLAIM-V2-005034,C00461,2910.04,0,1,0.3780656069836166,1015.1860389466035,1,50.0
RECLAIM-V2-006995,C00527,1246.89,1,0,-0.3450223393627488,-119.50223393627488,0,50.0
RECLAIM-V2-009900,C00347,2413.19,1,1,-0.08420085049844428,-287.0503858865214,0,50.0
RECLAIM-V2-002188,C00008,2585.76,1,1,0.18933090232947186,401.8324562839237,1,50.0
RECLAIM-V2-009234,C00919,1459.62,0,1,-0.0055841105503139365,-93.15067944144923,0,50.0
RECLAIM-V2-003636,C00054,103.68,0,1,0.25920753089572207,-58.125363196731534,0,50.0
RECLAIM-V2-005080,C00279,455.06,1,1,0.24183449703109783,24.136208442329874,0,50.0
RECLAIM-V2-004257,C00674,606.82,1,1,0.02538214158051888,-69.71269401424976,0,50.0
RECLAIM-V2-007090,C00232,479.53,1,0,0.03807329308902685,-81.19267069109732,0,50.0
RECLAIM-V2-006055,C00352,3864.42,1,1,-0.012004552287807613,-131.14667424000146,0,50.0
RECLAIM-V2-004711,C00415,553.95,1,1,-0.04351029121829475,-108.91674775444505,0,50.0
RECLAIM-V2-000889,C00461,896.6,0,0,-0.1324315053656558,-98.24315053656558,0,50.0
RECLAIM-V2-008848,C00189,1121.91,1,1,-0.24844843156150426,-362.0946475223399,0,50.0
RECLAIM-V2-000134,C00265,4494.92,0,1,0.0071905607997677645,-52.67900444990788,0,50.0
RECLAIM-V2-007681,C00884,1266.75,1,1,0.3034632142646266,297.1865033221025,1,50.0
RECLAIM-V2-008453,C00452,2794.57,0,1,-0.1309622352099441,-450.9831336506535,0,50.0
RECLAIM-V2-002062,C00452,2794.57,1,0,-0.09443119252358834,-94.44311925235883,0,50.0
RECLAIM-V2-006425,C00653,903.18,0,0,-0.17927857221067117,-102.92785722106711,0,50.0
RECLAIM-V2-008938,C00863,1642.36,0,1,-0.03944189229375916,-149.7777862275783,0,50.0
RECLAIM-V2-001627,C00129,2777.65,1,1,0.209670596475017,494.1650687426244,1,50.0
RECLAIM-V2-001195,C00478,1025.58,1,0,-0.14123736337803472,-99.12373633780348,0,50.0
RECLAIM-V2-005613,C00797,3451.27,0,1,0.0758128711735766,176.65068789522974,1,50.0
RECLAIM-V2-009011,C00653,903.18,1,1,-0.19466410935708128,-259.7429825283259,0,50.0
RECLAIM-V2-009442,C00118,1729.87,1,1,-0.17380581310647092,-383.89744588923867,0,50.0
RECLAIM-V2-004935,C00166,2249.89,1,0,0.17755805509825923,-67.24419449017408,0,50.0
RECLAIM-V2-005903,C00155,2026.14,0,1,0.11722828726688228,152.52092196292088,1,50.0
RECLAIM-V2-009056,C00118,1729.87,0,1,-0.21710026946719352,-460.555243143214,0,50.0
RECLAIM-V2-000296,C00378,1892.78,0,0,0.3726299348571628,-47.73700651428372,0,50.0
RECLAIM-V2-001982,C00129,2777.65,1,1,0.19451402603246304,452.29865394797696,1,50.0
RECLAIM-V2-005675,C00008,2585.76,1,1,0.268147937593205,604.6312321178575,1,50.0
RECLAIM-V2-006068,C00482,3974.88,0,0,0.02404635892438589,-82.59536410756141,0,50.0
RECLAIM-V2-007497,C00417,2822.68,1,0,-0.03988224644115734,-88.98822464411573,0,50.0
RECLAIM-V2-007761,C00739,4600.71,0,1,-0.03854690973003949,-262.34315306408996,0,50.0
RECLAIM-V2-004473,C00307,3019.33,1,1,0.036342613975595295,24.145350317683878,0,50.0
RECLAIM-V2-007909,C00590,12853.93,1,1,0.26099760282416584,3262.92848039479,1,50.0
RECLAIM-V2-001640,C00214,461.34,0,1,0.14231766401407964,-19.34316888374451,0,50.0
RECLAIM-V2-009036,C00234,614.39,0,1,-0.183597892855615,-197.8007093915613,0,50.0
RECLAIM-V2-005976,C00823,3137.03,0,1,0.17427915296098717,461.71893121320556,1,50.0
RECLAIM-V2-001869,C00320,1483.74,1,1,-0.011870800614267596,-102.50730959397494,0,50.0
RECLAIM-V2-002400,C00179,3695.33,1,0,-0.16352907443669573,-101.35290744366958,0,50.0
RECLAIM-V2-001765,C00317,848.44,1,0,0.21831519789593218,-63.168480210406784,0,50.0
RECLAIM-V2-005953,C00608,1916.91,1,1,0.06054067789834228,30.379964698913227,0,50.0
RECLAIM-V2-003109,C00196,2534.22,1,1,0.034301928637516854,1.4425375308528459,0,50.0
RECLAIM-V2-001061,C00746,3856.22,0,0,0.0823887515181917,-76.76112484818083,0,50.0
RECLAIM-V2-004136,C00681,1069.78,1,0,0.05301650121671114,-79.69834987832888,0,50.0
RECLAIM-V2-006983,C00847,1699.39,1,0,-0.04002870539421399,-89.0028705394214,0,50.0
RECLAIM-V2-002652,C00397,1275.45,1,1,-0.07358025277462743,-178.30511348161696,0,50.0
RECLAIM-V2-009276,C00659,2618.72,1,1,0.0027676251198978097,-77.79275435997094,0,50.0
RECLAIM-V2-009573,C00145,5457.57,1,1,-0.07016056163868856,-466.04692149903224,0,50.0
RECLAIM-V2-004680,C00846,3097.95,1,1,-0.1459388807711306,-534.6318905853427,0,50.0
RECLAIM-V2-005932,C00429,607.12,0,1,0.22711219485182188,52.8843557384381,1,50.0
RECLAIM-V2-001594,C00994,2366.89,0,1,0.03487432513969607,-2.456308570104767,0,50.0
RECLAIM-V2-002839,C00795,852.16,1,1,-0.08403876751471234,-156.1303455934385,0,50.0
RECLAIM-V2-001221,C00810,2936.81,0,1,0.0564230264386435,80.70370827527262,1,50.0
RECLAIM-V2-009910,C00779,1130.98,0,1,0.04604401765345495,-32.92513691429552,0,50.0
RECLAIM-V2-001570,C00196,2316.16,1,1,0.004445535142343693,-74.7615804807992,0,50.0
RECLAIM-V2-001042,C00015,1107.12,1,1,0.10142187363141697,26.623331937508866,0,50.0
RECLAIM-V2-000791,C00979,2116.81,0,0,0.06896884624599053,-78.10311537540095,0,50.0
RECLAIM-V2-009774,C00979,2116.81,1,1,0.08466841810819359,93.20381673776495,1,50.0
RECLAIM-V2-002735,C00495,721.78,1,1,-0.4203634026044276,-386.47248384556025,0,50.0
RECLAIM-V2-001243,C00145,964.34,0,1,-0.15871735553252636,-238.05749463423646,0,50.0
RECLAIM-V2-006329,C00395,279.47,0,1,-0.12668789362179295,-120.40546563048247,0,50.0
RECLAIM-V2-006886,C00378,3815.13,1,1,-0.04106991411012639,-240.86255619776153,0,50.0
RECLAIM-V2-004405,C00344,230.4,0,1,-0.0123527557042315,-87.84607491425494,0,50.0
RECLAIM-V2-007839,C00380,1149.3,0,1,-0.026820733391991536,-115.82506888741587,0,50.0
RECLAIM-V2-006296,C00718,1216.4,1,1,0.13775701281224162,81.5231567136683,1,50.0
RECLAIM-V2-001710,C00185,1958.08,0,0,0.05786023260046347,-79.21397673995365,0,50.0
RECLAIM-V2-000399,C00101,550.79,0,0,-0.12066761540381774,-97.06676154038178,0,50.0
RECLAIM-V2-002608,C00429,607.12,0,1,0.22817751607795866,53.53113356125027,1,50.0
RECLAIM-V2-007820,C00598,430.14,0,0,0.10816774688475189,-74.18322531152481,0,50.0
RECLAIM-V2-004308,C00190,2931.32,1,1,0.09727829340004857,198.58212053428315,1,50.0
RECLAIM-V2-004655,C00427,3359.61,0,1,-0.23819496063060408,-885.2421716841839,0,50.0
RECLAIM-V2-007790,C00551,732.93,0,1,-0.05284952513509855,-123.73500245726777,0,50.0
RECLAIM-V2-005664,C00190,2931.32,1,1,0.07704493123517786,139.6370861579249,1,50.0
RECLAIM-V2-000698,C00643,5643.7,1,0,-0.08895567797320209,-93.89556779732021,0,50.0
RECLAIM-V2-009182,C00469,564.77,0,1,-0.1085688360998277,-146.3164215640997,0,50.0
RECLAIM-V2-005417,C00035,374.45,0,1,-0.07001870471198368,-111.21850397940229,0,50.0
RECLAIM-V2-003761,C00538,1283.41,0,1,-0.04618883127769674,-144.27920795010877,0,50.0
RECLAIM-V2-005824,C00601,1063.72,1,0,0.15496203942017378,-69.50379605798263,0,50.0
RECLAIM-V2-004377,C00841,2860.12,1,0,0.12936911394294554,-72.06308860570545,0,50.0
RECLAIM-V2-000865,C00117,4928.56,0,1,-0.06408561544841984,-400.8498008744641,0,50.0
RECLAIM-V2-002965,C00449,601.75,1,1,-0.028272778508962704,-101.88566957766602,0,50.0
RECLAIM-V2-007498,C00241,2129.3,1,0,0.15868076890885768,-69.13192310911423,0,50.0
RECLAIM-V2-002577,C00226,3334.56,0,1,0.03559688492755442,33.69994860402586,0,50.0
RECLAIM-V2-003729,C00417,2822.68,1,0,-0.01848166389445205,-86.84816638944521,0,50.0
RECLAIM-V2-007032,C00899,2486.33,1,1,0.29411610249740877,642.1721665230243,1,50.0
RECLAIM-V2-008280,C00174,1126.75,0,1,-0.17409000767532,-281.15591614816685,0,50.0
RECLAIM-V2-003845,C00525,1481.81,1,1,0.011885621563824222,-67.4877138965209,0,50.0
RECLAIM-V2-001941,C00512,4270.86,1,0,-0.3771273386109804,-122.71273386109804,0,50.0
RECLAIM-V2-004242,C00196,2316.16,0,0,0.002801799438237662,-84.71982005617623,0,50.0
RECLAIM-V2-003289,C00458,3505.26,1,1,0.04152454177298254,59.78501917691597,1,50.0
RECLAIM-V2-006365,C00463,600.41,0,1,-0.16038257618791452,-181.29530256898573,0,50.0
RECLAIM-V2-008972,C00275,1303.25,0,0,-0.11888617454941863,-96.88861745494187,0,50.0
RECLAIM-V2-004216,C00069,1617.79,0,1,-0.12022277909520229,-279.4952097924273,0,50.0
RECLAIM-V2-008143,C00492,4040.65,1,1,-0.22313887820823552,-981.8948388127382,0,50.0
RECLAIM-V2-004134,C00904,364.47,0,1,-0.03222083457101077,-96.7435275760963,0,50.0
RECLAIM-V2-003670,C00938,3438.61,0,1,-0.17548801038678574,-688.4348273961053,0,50.0
RECLAIM-V2-005227,C00361,2967.37,0,1,0.028988846242658378,1.020632675077195,0,50.0
RECLAIM-V2-005470,C00687,695.02,0,0,-0.16462373648647205,-101.4623736486472,0,50.0
RECLAIM-V2-006788,C00037,4475.23,1,1,-0.2959582726343268,-1402.4149963301602,0,50.0
RECLAIM-V2-002142,C00319,9490.22,0,1,0.1629562125645831,1461.4903076046576,1,50.0
RECLAIM-V2-004895,C00345,3006.49,1,1,-0.39295445675426405,-1259.9171447785602,0,50.0
RECLAIM-V2-009835,C00321,641.17,1,1,-0.09067274227759137,-142.70994984187624,0,50.0
RECLAIM-V2-004168,C00261,10458.95,0,0,0.11737453046143098,-73.2625469538569,0,50.0
RECLAIM-V2-009159,C00357,711.4,1,0,-0.10924794840246271,-95.92479484024628,0,50.0
RECLAIM-V2-005805,C00810,2936.81,0,1,0.10899704310262426,235.1036061542179,1,50.0
RECLAIM-V2-001752,C00414,1769.54,0,1,0.23780823863314382,335.8111905908933,1,50.0
RECLAIM-V2-008966,C00293,982.62,0,0,-0.00044871782839861485,-85.04487178283986,0,50.0
RECLAIM-V2-005826,C00182,913.32,0,1,-0.07378393644394399,-152.3883448329829,0,50.0
RECLAIM-V2-008549,C00449,601.75,1,0,-0.017389506809641353,-86.73895068096414,0,50.0
RECLAIM-V2-009504,C00931,3936.84,0,0,0.19948953649721157,-65.05104635027884,0,50.0
RECLAIM-V2-003091,C00680,965.67,0,0,0.11153101030729706,-73.8468989692703,0,50.0
RECLAIM-V2-003491,C00904,364.47,0,1,-0.026020434090754496,-94.48366761305729,0,50.0
RECLAIM-V2-009987,C00619,1069.29,1,1,-0.34726809326667396,-454.1263798586095,0,50.0
RECLAIM-V2-001055,C00594,3160.42,1,1,-0.03563261689523739,-196.99751598726306,0,50.0
RECLAIM-V2-000547,C00673,621.54,1,1,-0.14545905133940784,-174.81111662430865,0,50.0
RECLAIM-V2-007266,C00196,2316.16,0,1,0.02161776390437431,-34.929799955244405,0,50.0
RECLAIM-V2-004183,C00495,2950.24,1,0,-0.3528458340582323,-120.28458340582323,0,50.0
RECLAIM-V2-009235,C00702,3379.59,0,1,0.41162849329778617,1306.1355396642653,1,50.0
RECLAIM-V2-008135,C00425,1224.52,1,1,0.05315039483763834,-20.321422713104482,0,50.0
RECLAIM-V2-001904,C00482,5256.59,1,1,0.2596056824801275,1272.89088672373,1,50.0
RECLAIM-V2-006279,C00360,1580.83,1,0,-0.04416375382498905,-89.4163753824989,0,50.0
RECLAIM-V2-006643,C00500,1914.79,1,1,0.08449430452626366,75.8531636602358,1,50.0
RECLAIM-V2-005741,C00906,1949.37,1,1,-0.24228603647336194,-554.5801762107671,0,50.0
RECLAIM-V2-000175,C00295,1069.44,1,1,0.2958587370696554,229.3773638273089,1,50.0
RECLAIM-V2-000643,C00479,704.2,1,1,0.19747288489298132,53.0688941865898,1,50.0
RECLAIM-V2-005115,C00201,1893.97,1,1,-0.0472761493935554,-174.04463447418402,0,50.0
RECLAIM-V2-009251,C00425,1224.52,0,1,0.05134412644712255,-22.128090282969495,0,50.0
RECLAIM-V2-005093,C00080,3465.69,1,1,0.16349765507848157,478.5537808051804,1,50.0
RECLAIM-V2-005868,C00445,2268.19,0,1,-0.03004255964063185,-153.14223335128474,0,50.0
RECLAIM-V2-003067,C00977,386.63,0,1,0.017061415019706927,-78.40354511093071,0,50.0
RECLAIM-V2-008221,C00918,2616.95,1,0,0.06567348064323969,-78.43265193567603,0,50.0
RECLAIM-V2-009268,C00524,3359.75,1,1,0.08422698955774871,196.48249303625528,1,50.0
RECLAIM-V2-005842,C00086,1444.36,0,1,-0.28287875413253505,-493.57875731886827,0,50.0
RECLAIM-V2-000553,C00534,4329.66,0,1,0.03336885622670516,59.47580205051625,1,50.0
RECLAIM-V2-006720,C00497,1042.99,0,1,-0.1999583888072381,-293.55459994206126,0,50.0
RECLAIM-V2-006872,C00955,2373.09,0,0,0.18112422367417502,-66.88757763258249,0,50.0
RECLAIM-V2-004636,C00136,1155.21,1,0,0.1146372697962117,-73.53627302037883,0,50.0
RECLAIM-V2-005714,C00937,3733.84,0,1,-0.058265821702258136,-302.55525570475953,0,50.0
RECLAIM-V2-008456,C00713,13412.25,0,1,-0.15785187009024793,-2202.1487446179276,0,50.0
RECLAIM-V2-005570,C00659,2618.72,0,1,-0.05039771104000601,-216.97749385468452,0,50.0
RECLAIM-V2-001759,C00999,4416.1,1,0,0.1266382351162117,-72.33617648837883,0,50.0
RECLAIM-V2-002163,C00425,1224.52,0,1,0.01967598196533077,-60.906366563813165,0,50.0
RECLAIM-V2-009426,C00096,3570.26,0,1,0.14209518185721276,422.31674397753244,1,50.0
RECLAIM-V2-009130,C00210,3165.66,0,0,0.15271851034353118,-69.72814896564688,0,50.0
RECLAIM-V2-009854,C00518,909.83,0,0,-0.16632935093044438,-101.63293509304444,0,50.0
RECLAIM-V2-007750,C00032,1775.79,1,1,0.015896342253292062,-56.93642173145629,0,50.0
RECLAIM-V2-002849,C00762,3682.97,0,1,0.21083345110280055,691.4932754080813,1,50.0
RECLAIM-V2-008309,C00108,850.16,0,1,0.2004506371202584,85.41511365415889,1,50.0
RECLAIM-V2-008606,C00625,1301.5,1,0,-0.25374521157556745,-110.37452115755674,0,50.0
RECLAIM-V2-001366,C00421,684.65,1,1,0.03919481278845477,-58.3582372864452,0,50.0
RECLAIM-V2-000194,C00842,1318.42,1,1,0.1629675898628406,128.54097979303722,1,50.0
RECLAIM-V2-007999,C00783,1101.5,0,1,0.20902671860156313,145.2429305396218,1,50.0
RECLAIM-V2-004225,C00122,1026.69,1,0,-0.23315159403681046,-108.31515940368105,0,50.0
RECLAIM-V2-004194,C00156,2501.85,0,1,-0.12275115154682703,-392.1049684974292,0,50.0
RECLAIM-V2-008805,C00595,2678.26,0,1,0.20000136130088264,450.65564591770203,1,50.0
RECLAIM-V2-000708,C00500,1914.79,0,0,-0.0060538258666539835,-85.6053825866654,0,50.0
RECLAIM-V2-003869,C00908,8270.53,1,1,0.09565370281294372,703.6198224523989,1,50.0
RECLAIM-V2-000416,C00492,2608.61,0,1,-0.05708608635588419,-233.91533572882307,0,50.0
RECLAIM-V2-002778,C00497,642.01,0,1,-0.08318354391744659,-138.4046670304399,0,50.0
RECLAIM-V2-005112,C00107,4300.34,0,1,0.10441429329606078,364.01696203278203,1,50.0
RECLAIM-V2-003157,C00997,2374.4,1,1,0.20402571098451786,396.8124292098464,1,50.0
RECLAIM-V2-008481,C00492,2608.61,0,1,-0.07593221493447988,-283.07753520023357,0,50.0
RECLAIM-V2-000133,C00497,2531.67,0,1,0.024327732234528276,-23.410210133811795,0,50.0
RECLAIM-V2-002815,C00437,11801.87,1,1,0.2313262819514958,2639.068223844161,1,50.0
RECLAIM-V2-004563,C00994,2366.89,0,0,-0.01650614065415973,-86.65061406541598,0,50.0
RECLAIM-V2-001102,C00674,606.82,1,0,0.05167090840063138,-79.83290915993686,0,50.0
RECLAIM-V2-007453,C00397,1275.45,1,1,-0.06003359023028543,-161.09694306057605,0,50.0
RECLAIM-V2-000955,C00936,446.49,0,1,-0.07225002937407232,-117.25891561522955,0,50.0
RECLAIM-V2-008719,C00664,576.66,1,1,0.12728467280487132,-12.094305150246058,0,50.0
RECLAIM-V2-001944,C00586,662.72,0,1,-0.028093054128335848,-103.61782883193074,0,50.0
RECLAIM-V2-005058,C00457,2221.85,1,0,0.027669020781791565,-82.23309792182084,0,50.0
RECLAIM-V2-004597,C00413,3034.85,1,1,0.2704889241309553,731.3831114556391,1,50.0
RECLAIM-V2-009360,C00360,854.81,0,0,0.07394519994743198,-77.6054800052568,0,50.0
RECLAIM-V2-006181,C00109,584.8,0,1,0.04946680117931079,-56.07181467033905,0,50.0
RECLAIM-V2-004438,C00790,1637.58,1,1,-0.049098793731941925,-164.92753843575778,0,50.0
RECLAIM-V2-004283,C00555,1411.02,0,0,-0.1048795373259393,-95.48795373259392,0,50.0
RECLAIM-V2-009764,C00218,2236.15,0,0,0.022310267994064437,-82.76897320059355,0,50.0
RECLAIM-V2-004202,C00185,1958.08,0,0,-0.013411844221244529,-86.34118442212446,0,50.0
RECLAIM-V2-009369,C00943,3827.32,1,1,-0.3030370045890407,-1238.565934954825,0,50.0
RECLAIM-V2-009571,C00190,2931.32,1,1,0.07054271428336667,120.67881017266944,1,50.0
RECLAIM-V2-002002,C00789,580.6,1,1,0.24136882779548308,54.1966788831717,1,50.0
RECLAIM-V2-003129,C00244,765.01,1,1,0.08679691224122188,-19.018293607752355,0,50.0
RECLAIM-V2-000344,C00417,2822.68,1,0,0.018271943365411825,-83.17280566345882,0,50.0
RECLAIM-V2-000154,C00643,5643.7,1,0,-0.07349504730331574,-92.34950473033157,0,50.0
RECLAIM-V2-000829,C00863,1642.36,1,1,-0.050904777176281946,-168.1095928282578,0,50.0
RECLAIM-V2-003256,C00935,1080.42,1,1,0.24080719365763947,173.51083284024247,1,50.0
RECLAIM-V2-006757,C00554,2056.96,1,1,0.13721115737605116,195.68946180748492,1,50.0
RECLAIM-V2-004413,C00718,1216.4,0,1,0.11161490313127065,50.76836816887763,1,50.0
RECLAIM-V2-000579,C00043,1063.04,1,1,0.1634863256538847,87.76005477933617,1,50.0
RECLAIM-V2-007146,C00739,4600.71,0,1,-0.03563627465020175,-248.95216514592968,0,50.0
RECLAIM-V2-005055,C00791,2934.57,0,1,0.08814523461919388,173.66836115644782,1,50.0
RECLAIM-V2-003126,C00179,3695.33,0,1,-0.14206014221623775,-609.9591053359298,0,50.0
RECLAIM-V2-002909,C00260,4436.97,1,1,-0.07349557016606623,-409.35690840468317,0,50.0
RECLAIM-V2-003052,C00005,806.92,1,1,0.08091298812084602,-20.117056155520146,0,50.0
RECLAIM-V2-009942,C00842,20646.44,1,0,0.06339877987483525,-78.66012201251648,0,50.0
RECLAIM-V2-001434,C00441,604.98,1,1,-0.06370356901783658,-123.25113290496196,0,50.0
RECLAIM-V2-007728,C00524,3359.75,0,1,0.08738006860155911,208.57518548408825,1,50.0
RECLAIM-V2-007339,C00790,1637.58,1,1,0.06744145618121355,24.787413729893714,0,50.0
RECLAIM-V2-008151,C00427,3359.61,1,0,-0.28125577758381204,-113.12557775838121,0,50.0
RECLAIM-V2-001700,C00384,5768.13,0,1,0.11197246238806569,560.8717194744734,1,50.0
RECLAIM-V2-006587,C00834,4328.96,0,1,-0.07664079315698219,-416.77492794484965,0,50.0
RECLAIM-V2-003781,C00392,521.56,1,0,-0.2068331465121371,-105.6833146512137,0,50.0
RECLAIM-V2-008296,C00739,10016.59,0,0,-0.25000263295890346,-110.00026329589035,0,50.0
RECLAIM-V2-003784,C00448,4929.51,0,0,-0.08561442847261952,-93.56144284726196,0,50.0
RECLAIM-V2-006520,C00758,221.27,0,1,-0.05670633129660746,-97.54740992600033,0,50.0
RECLAIM-V2-009469,C00241,1332.24,1,0,0.33050117038435467,-51.94988296156453,0,50.0
RECLAIM-V2-003798,C00365,640.92,0,0,-0.06217537916520205,-91.2175379165202,0,50.0
RECLAIM-V2-007845,C00977,386.63,0,1,0.06574848197435146,-59.5796644142565,0,50.0
RECLAIM-V2-003360,C00673,2821.82,1,1,0.13079381528264894,282.03503009875607,1,50.0
RECLAIM-V2-006362,C00779,1130.98,0,1,0.03682158028906596,-43.35552912467218,0,50.0
RECLAIM-V2-002422,C00418,250.75,1,1,0.07060476634694401,-67.49028271383169,0,50.0
RECLAIM-V2-007005,C00326,518.56,0,1,-0.05432789247383407,-113.17227192123138,0,50.0
RECLAIM-V2-006030,C00555,1411.02,0,0,-0.11323208226870651,-96.32320822687065,0,50.0
RECLAIM-V2-008037,C00378,208.77,1,1,0.31025914665259596,-20.861321110223457,0,50.0
RECLAIM-V2-007585,C00157,10058.29,0,1,0.10580104635742443,979.1776065664187,1,50.0
RECLAIM-V2-002341,C00981,988.27,0,1,-0.011682680705990767,-96.54564286130949,0,50.0
RECLAIM-V2-000721,C00110,1381.58,0,1,-0.05020753160691949,-154.36572151748783,0,50.0
RECLAIM-V2-002749,C00676,2035.08,0,0,-0.11216106715088836,-96.21610671508884,0,50.0
RECLAIM-V2-001514,C00980,912.46,1,0,0.2296634480533225,-62.033655194667745,0,50.0
RECLAIM-V2-007164,C00426,959.03,1,1,-0.26254202210500543,-335.1329340489091,0,50.0
RECLAIM-V2-002093,C00987,378.61,1,1,-0.07191890931028155,-112.02115325338559,0,50.0
RECLAIM-V2-003598,C00457,2221.85,0,1,0.015967138793840485,-49.52341267090552,0,50.0
RECLAIM-V2-001613,C00789,580.6,0,0,0.22188925882732813,-62.81107411726718,0,50.0
RECLAIM-V2-001251,C00249,2414.38,1,0,0.05098195457106808,-79.90180454289319,0,50.0
RECLAIM-V2-000323,C00980,2588.01,0,1,0.08803506466800703,142.8356277114489,1,50.0
RECLAIM-V2-000251,C00746,3856.22,1,1,0.08950597762277734,258.33946134574114,1,50.0
RECLAIM-V2-002350,C00527,1246.89,0,1,-0.32792024164273714,-493.8804701019125,0,50.0
RECLAIM-V2-003335,C00347,1788.51,0,0,-0.036136205278000544,-88.61362052780005,0,50.0
RECLAIM-V2-008121,C00907,357.06,0,1,-0.34023870108228393,-206.48563060844032,0,50.0
RECLAIM-V2-000958,C00353,3282.18,1,0,0.2717196209930804,-57.82803790069196,0,50.0
RECLAIM-V2-006394,C00565,1133.12,1,1,0.31900610425420417,274.18632671187993,1,50.0
RECLAIM-V2-008897,C00388,1697.98,1,1,-0.29865593787573746,-589.1282664404598,0,50.0
RECLAIM-V2-005182,C00117,4928.56,0,1,-0.08522776869665072,-505.0501716875649,0,50.0
RECLAIM-V2-000279,C00289,1110.34,0,1,0.2400982564418222,181.59069805761283,1,50.0
RECLAIM-V2-000220,C00669,2435.2,0,0,0.27075722199259245,-57.924277800740754,0,50.0
RECLAIM-V2-009222,C00681,1069.78,1,1,0.12450902428710925,47.40676865756731,0,50.0
RECLAIM-V2-000912,C00448,4929.51,0,0,-0.11697445913249893,-96.6974459132499,0,50.0
RECLAIM-V2-007475,C00547,3119.61,1,1,-0.0317996775855649,-183.67477955415504,0,50.0
RECLAIM-V2-002252,C00049,5450.57,0,1,0.01937419127856954,20.600385757232786,0,50.0
RECLAIM-V2-003118,C00673,621.54,1,0,-0.15156316786058854,-100.15631678605885,0,50.0
RECLAIM-V2-000135,C00803,3213.93,0,1,-0.008969211749123573,-113.82641871686073,0,50.0
RECLAIM-V2-005769,C00542,1414.13,0,1,0.044664444862910324,-21.838668586012616,0,50.0
RECLAIM-V2-005623,C00587,2053.36,0,0,-0.3333032682642372,-118.33032682642371,0,50.0
RECLAIM-V2-006817,C00931,3936.84,1,0,0.198500551089493,-65.1499448910507,0,50.0
RECLAIM-V2-001306,C00222,1680.46,0,1,0.27809538138150636,382.3281645963662,1,50.0
RECLAIM-V2-002113,C00110,1409.4,1,1,0.08567619606856358,35.01975629123551,0,50.0
RECLAIM-V2-002373,C00551,732.93,0,0,-0.06862732807281013,-91.86273280728102,0,50.0
RECLAIM-V2-008315,C00846,3097.95,1,1,-0.147676097766043,-540.0580251411753,0,50.0
RECLAIM-V2-006424,C00174,197.03,0,0,0.09175365855857376,-75.82463414414262,0,50.0
RECLAIM-V2-007802,C00695,4222.16,0,0,-0.0966997717399426,-94.66997717399425,0,50.0
RECLAIM-V2-009820,C00227,807.29,0,1,-0.03373117568974149,-112.23084082257141,0,50.0
RECLAIM-V2-002091,C00659,2618.72,0,1,-0.09000296177507205,-320.69255605961666,0,50.0
RECLAIM-V2-009108,C00789,580.6,0,1,0.290631703444173,83.74076701968684,1,50.0
RECLAIM-V2-000948,C00279,455.06,0,1,0.1915469145649672,2.1653389419339675,0,50.0
RECLAIM-V2-005078,C00999,1550.87,0,1,0.224788578024412,263.6178620007198,1,50.0
RECLAIM-V2-001617,C00187,406.05,0,0,0.35050212263685726,-49.94978773631427,0,50.0
RECLAIM-V2-008970,C00022,2656.77,0,0,0.22267998542591233,-62.73200145740877,0,50.0
RECLAIM-V2-006605,C00003,1205.58,1,1,0.23199773890122904,192.9453782858692,1,50.0
RECLAIM-V2-003304,C00816,220.56,0,1,0.10666395936588335,-61.47419712226077,0,50.0
RECLAIM-V2-006561,C00450,1138.94,1,1,-0.09684831380574849,-194.607623962581,0,50.0
RECLAIM-V2-009697,C00451,2852.75,0,1,0.03111604260948514,3.7662905542087373,0,50.0
RECLAIM-V2-006085,C00826,2641.52,0,1,-0.018500956573509975,-133.87064680805807,0,50.0
RECLAIM-V2-007599,C00437,11801.87,1,1,0.2896322892541444,3325.5273699145746,1,50.0
RECLAIM-V2-004834,C00254,1638.4,0,1,0.36950001233334795,520.3888202069573,1,50.0
RECLAIM-V2-000360,C00816,2283.32,1,1,-0.14818777081586992,-421.5201125841798,0,50.0
RECLAIM-V2-007949,C00971,873.23,0,1,0.2636776398829364,145.25122547497656,1,50.0
RECLAIM-V2-002847,C00049,5450.57,0,1,0.021725553521355523,33.41665025689477,0,50.0
RECLAIM-V2-009167,C00625,1301.5,1,1,-0.2487366995759694,-406.8634237260576,0,50.0
RECLAIM-V2-004757,C00789,580.6,1,0,0.28952815639788143,-56.04718436021186,0,50.0
RECLAIM-V2-005996,C00304,753.19,0,1,0.013880633074632387,-74.54524597451763,0,50.0
RECLAIM-V2-003378,C00418,2455.74,0,1,-0.09116497530420353,-308.8774764535448,0,50.0
RECLAIM-V2-005283,C00595,2678.26,0,1,0.20072249618837845,452.58703264148653,1,50.0
RECLAIM-V2-006086,C00936,446.49,0,0,0.024285841250746287,-82.57141587492538,0,50.0
RECLAIM-V2-003163,C00461,896.6,0,1,-0.1353577069132903,-206.36172001845608,0,50.0
RECLAIM-V2-004393,C00816,220.56,1,0,0.12730236811034712,-72.26976318896529,0,50.0
RECLAIM-V2-004892,C00058,1617.0,1,1,0.061004611892671035,13.090230531404146,0,50.0
RECLAIM-V2-006101,C00339,3284.72,0,1,0.04156521435759403,51.53009090467626,1,50.0
RECLAIM-V2-003630,C00155,2026.14,1,1,0.15709943939768523,231.47828169142326,1,50.0
RECLAIM-V2-007221,C00404,365.31,0,1,0.38688114683448366,56.331551750105234,1,50.0
RECLAIM-V2-009386,C00586,662.72,0,0,-0.05686681046191139,-90.68668104619114,0,50.0
RECLAIM-V2-002508,C00680,965.67,1,1,0.07478457462523302,-13.256042784480826,0,50.0
RECLAIM-V2-003604,C00228,3043.84,1,0,-0.08568165507437286,-93.56816550743729,0,50.0
RECLAIM-V2-003556,C00638,302.98,0,1,-0.35348250462569947,-192.0981292514944,0,50.0
RECLAIM-V2-000062,C00138,2920.97,1,1,-0.20344867352071483,-676.0926858608127,0,50.0
RECLAIM-V2-005814,C00437,11801.87,0,1,0.24559192716823547,2813.4439974889833,1,50.0
RECLAIM-V2-003805,C00783,4342.18,1,1,-0.1932199102835071,-919.5108220192394,0,50.0
RECLAIM-V2-005656,C00516,1115.69,0,1,0.0524771786661401,-26.45173653397415,0,50.0
RECLAIM-V2-002967,C00500,1914.79,0,0,-0.0243791625347915,-87.43791625347914,0,50.0
RECLAIM-V2-002398,C00485,3873.91,1,1,-0.2499767501342851,-1048.2955182020105,0,50.0
RECLAIM-V2-009671,C00506,1156.07,0,0,-0.07490512637776803,-92.4905126377768,0,50.0
RECLAIM-V2-005019,C00126,6531.21,0,1,-0.041348752141863176,-355.0573834764582,0,50.0
RECLAIM-V2-006715,C00770,1593.55,1,1,0.2372440710121566,290.9327438436029,1,50.0
RECLAIM-V2-009024,C00517,1889.73,1,1,0.20793427089110011,305.76699731149233,1,50.0
RECLAIM-V2-005259,C00131,759.13,1,1,-0.3345332677005615,-337.34993504427905,0,50.0
RECLAIM-V2-005350,C00307,3019.33,0,0,0.03970695694574883,-81.02930430542511,0,50.0
RECLAIM-V2-003768,C00643,2736.12,1,1,0.1126510997000052,221.51681562707233,1,50.0
RECLAIM-V2-004489,C00497,642.01,0,0,-0.10415970317166834,-95.41597031716684,0,50.0
RECLAIM-V2-006255,C00718,2007.06,0,1,0.1297601903421597,175.436487628135,1,50.0
RECLAIM-V2-006391,C00727,6449.65,1,1,-0.12475968681326766,-886.4125621980468,0,50.0
RECLAIM-V2-005958,C00391,702.01,0,0,0.0067908964236663705,-84.32091035763337,0,50.0
RECLAIM-V2-009174,C00524,3359.75,0,1,0.09556786836207704,236.08414572948834,1,50.0
RECLAIM-V2-009729,C00506,1156.07,0,1,-0.04699081281195938,-139.3246689675219,0,50.0
RECLAIM-V2-004055,C00244,765.01,1,1,0.0999149275040484,-9.046175831081342,0,50.0
RECLAIM-V2-008650,C00840,796.3,0,1,0.17092497564608983,51.107558106981315,1,50.0
RECLAIM-V2-008563,C00874,3285.42,0,1,0.0303996902493604,14.875750339053653,0,50.0
RECLAIM-V2-005983,C00485,1842.33,0,0,-0.18874886162776808,-103.8748861627768,0,50.0
RECLAIM-V2-008313,C00997,977.5,0,1,0.057046218947455596,-29.237320978862158,0,50.0
RECLAIM-V2-008075,C00126,1056.42,1,0,0.2370286073573622,-61.29713926426378,0,50.0
RECLAIM-V2-005098,C00886,982.08,0,1,-0.08759236968654383,-171.02271442176095,0,50.0
RECLAIM-V2-002276,C00649,1075.92,0,1,0.01594431783359246,-67.8451895564812,0,50.0
RECLAIM-V2-008201,C00244,765.01,0,0,0.11469990926582885,-73.53000907341712,0,50.0
RECLAIM-V2-004199,C00695,4222.16,0,1,-0.0942615201799809,-482.98722004310815,0,50.0
RECLAIM-V2-009997,C00664,994.44,1,0,-0.08420253894857654,-93.42025389485765,0,50.0
RECLAIM-V2-003565,C00157,10058.29,0,1,0.07058697120022794,624.9842265535408,1,50.0
RECLAIM-V2-004272,C00625,1563.76,0,1,0.3151584083001265,407.83211256340576,1,50.0
RECLAIM-V2-009019,C00516,1115.69,1,0,0.042969051764234045,-80.70309482357659,0,50.0
RECLAIM-V2-001186,C00361,492.75,0,0,0.020149023387724174,-82.98509766122758,0,50.0
RECLAIM-V2-009621,C00361,2967.37,0,0,0.03136368778255416,-81.86363122174458,0,50.0
RECLAIM-V2-009379,C00649,1075.92,0,1,0.11236128155041109,35.8917500457183,0,50.0
RECLAIM-V2-006217,C00064,2156.79,0,1,-0.06682623116618747,-229.13014711692145,0,50.0
RECLAIM-V2-009994,C00671,1695.1,0,1,0.05384658602011594,6.275347962698518,0,50.0
RECLAIM-V2-006869,C00979,2116.81,0,1,0.060938804055071016,43.995869811814885,0,50.0
RECLAIM-V2-008116,C00906,1949.37,1,1,-0.23544876416030702,-541.3287004579813,0,50.0
RECLAIM-V2-009587,C00214,461.34,1,1,0.22900542638167032,19.777608450312684,0,50.0
RECLAIM-V2-004041,C00590,12853.93,1,1,0.23638413317253482,2947.319113447955,1,50.0
RECLAIM-V2-000506,C00901,3396.35,1,1,-0.27575437295114497,-1016.4619411903313,0,50.0
RECLAIM-V2-007193,C00054,103.68,1,1,0.2957041913450696,-54.790386685481536,0,50.0
RECLAIM-V2-006754,C00727,6449.65,0,0,-0.09262051035896535,-94.26205103589653,0,50.0
RECLAIM-V2-002537,C00136,3562.58,1,0,0.037864546980489466,-81.21354530195106,0,50.0
RECLAIM-V2-003652,C00425,1224.52,0,0,0.02470980885844598,-82.5290191141554,0,50.0
RECLAIM-V2-008879,C00739,1492.29,1,1,0.4801093108093718,627.3999024997695,1,50.0
RECLAIM-V2-007324,C00393,1445.13,0,1,0.03499322541071331,-34.43024016221587,0,50.0
RECLAIM-V2-009146,C00727,6449.65,0,1,-0.0896659246723589,-663.3138310630795,0,50.0
RECLAIM-V2-008026,C00751,436.71,1,1,0.1512989761623631,-19.483541463777286,0,50.0
RECLAIM-V2-001569,C00450,541.39,0,1,0.22676419534369063,37.767867717120666,0,50.0
RECLAIM-V2-008108,C00416,1013.71,0,1,0.08909504113023231,5.3165341441278,0,50.0
RECLAIM-V2-005701,C00192,205.28,0,1,0.20089815363830715,-43.75962702112831,0,50.0
RECLAIM-V2-007572,C00517,1889.73,1,1,0.20592910427167122,301.99872507995707,1,50.0
RECLAIM-V2-003742,C00192,205.28,1,1,0.1626100293152805,-51.948926145563696,0,50.0
RECLAIM-V2-008567,C00392,521.56,0,1,-0.19800423468734557,-188.27108864353193,0,50.0
RECLAIM-V2-004495,C00577,4568.22,1,1,0.17180111073578008,695.7293426242426,1,50.0
RECLAIM-V2-008617,C00534,4329.66,0,0,0.0705972587492443,-77.94027412507558,0,50.0
RECLAIM-V2-006478,C00487,823.55,0,0,0.035654475963887766,-81.43455240361122,0,50.0
RECLAIM-V2-000578,C00611,1701.9,1,0,0.31443260140182755,-53.55673985981724,0,50.0
RECLAIM-V2-008016,C00189,1121.91,0,1,-0.19031148167419054,-298.5123544050911,0,50.0
RECLAIM-V2-007558,C00378,1892.78,1,1,0.3685167351441643,608.6649836812962,1,50.0
RECLAIM-V2-008295,C00222,1680.46,0,1,0.31622853262680584,446.40939993804216,1,50.0
RECLAIM-V2-001274,C00246,1015.34,0,0,0.06697794947227259,-78.30220505277273,0,50.0
RECLAIM-V2-006298,C00008,2585.76,0,1,0.2670328237136179,605.4827942457247,1,50.0
RECLAIM-V2-001484,C00094,2094.96,1,1,0.2819900942241726,502.52218786266906,1,50.0
RECLAIM-V2-008331,C00627,2525.76,1,1,0.2542647101232194,553.7463113594953,1,50.0
RECLAIM-V2-006861,C00365,640.92,1,1,-0.12109636443167565,-162.10392011766012,0,50.0
RECLAIM-V2-007395,C00321,641.17,0,0,-0.10059077361361246,-95.05907736136125,0,50.0
RECLAIM-V2-002637,C00199,1427.3,0,1,-0.26761517341674684,-466.96713701772273,0,50.0
RECLAIM-V2-009890,C00053,320.46,0,1,0.26321109069405846,-0.6513738761820349,0,50.0
RECLAIM-V2-007263,C00418,2455.74,0,1,-0.0995713005826862,-329.5212256929258,0,50.0
RECLAIM-V2-003460,C00361,2967.37,0,1,0.02574660195543979,-8.60030575548663,0,50.0
RECLAIM-V2-007422,C00991,110.46,1,1,0.04165556944565674,-80.48421552420608,0,50.0
RECLAIM-V2-009769,C00820,1501.11,0,1,-0.0255988823743164,-123.42673832091009,0,50.0
RECLAIM-V2-006343,C00779,362.46,1,1,0.11280048594096054,-44.43156467245121,0,50.0
RECLAIM-V2-004015,C00935,1080.42,0,1,0.2272281621981065,160.50185100207824,1,50.0
RECLAIM-V2-002430,C00929,6160.93,1,0,0.10576965551520334,-74.42303444847967,0,50.0
RECLAIM-V2-009666,C00485,3873.91,0,1,-0.15733068177508097,-694.4849014353039,0,50.0
RECLAIM-V2-002081,C00413,3034.85,1,0,0.2559059649360448,-59.40940350639552,0,50.0
RECLAIM-V2-009282,C00182,913.32,0,1,-0.0673066121899577,-146.47247504533217,0,50.0
RECLAIM-V2-009013,C00004,3532.84,0,0,-0.03819626001070059,-88.81962600107006,0,50.0
RECLAIM-V2-001410,C00823,3137.03,1,1,0.18979323548255267,507.1254482850793,1,50.0
RECLAIM-V2-001921,C00378,5035.89,0,1,-0.1407356087174752,-793.7290445842463,0,50.0
RECLAIM-V2-003226,C00196,2534.22,1,1,0.013633013289179874,-50.64413985691688,0,50.0
RECLAIM-V2-007365,C00243,2470.25,0,0,0.17564727745403963,-67.43527225459604,0,50.0
RECLAIM-V2-003074,C00138,2920.97,1,1,-0.2373439505817223,-774.5708425834582,0,50.0
RECLAIM-V2-006849,C00550,3335.14,0,0,0.29254489625552066,-55.74551037444793,0,50.0
RECLAIM-V2-005478,C00229,3025.42,1,1,0.0470729841709,56.6328605552163,1,50.0
RECLAIM-V2-003731,C00325,695.54,1,1,-0.2827107150878668,-280.3707170032659,0,50.0
RECLAIM-V2-004842,C00142,1387.59,0,1,-0.13965746919155303,-278.78730767550707,0,50.0
RECLAIM-V2-004365,C00291,1956.09,1,1,0.20865549114647397,320.795191841603,1,50.0
RECLAIM-V2-005035,C00931,3936.84,0,1,0.20159826609874826,708.6601179081961,1,50.0
RECLAIM-V2-009641,C00614,2116.02,0,0,-0.13167437874882065,-98.16743787488207,0,50.0
RECLAIM-V2-005294,C00954,3251.86,0,1,-0.1190729701236094,-472.2086286261605,0,50.0
RECLAIM-V2-008791,C00485,337.94,1,1,0.10228548358436418,-50.75990368448902,0,50.0
RECLAIM-V2-001431,C00783,4342.18,1,1,-0.20655464467783224,-977.103127825037,0,50.0
RECLAIM-V2-002598,C00107,1095.66,0,0,0.08508853500300362,-76.49114649969964,0,50.0
RECLAIM-V2-005772,C00980,2588.01,0,1,0.06533028894996451,84.07544110539766,1,50.0
RECLAIM-V2-003918,C00918,2616.95,0,1,0.031320786042868975,-3.0350689651140357,0,50.0
RECLAIM-V2-001322,C00485,1842.33,1,0,-0.23447372587485416,-108.44737258748542,0,50.0
RECLAIM-V2-001704,C00779,243.65,1,1,0.18111759499085256,-41.36302088306266,0,50.0
RECLAIM-V2-008985,C00158,2223.9,1,1,-0.17967155656915895,-482.3940452243127,0,50.0
RECLAIM-V2-003026,C00930,475.94,1,0,0.11323062568974251,-73.67693743102575,0,50.0
RECLAIM-V2-001609,C00945,2691.95,0,1,-0.03486085138029149,-178.84366887317566,0,50.0
RECLAIM-V2-001354,C00708,2317.59,1,1,-0.2521996640241688,-666.1946427530083,0,50.0
RECLAIM-V2-003171,C00318,9629.4,0,0,-0.19598234011148863,-104.59823401114886,0,50.0
RECLAIM-V2-009818,C00712,1138.68,1,1,-0.33067407287015604,-459.1532824200051,0,50.0
RECLAIM-V2-009904,C00612,423.79,0,1,-0.05956148879660561,-110.24156333711349,0,50.0
RECLAIM-V2-009889,C00025,897.12,0,1,0.1712942650876919,68.67151109547018,1,50.0
RECLAIM-V2-000983,C00136,1155.21,1,1,0.07908605818236891,5.825114188307751,0,50.0
RECLAIM-V2-002264,C00005,300.35,1,1,0.4159735706899869,38.89700007626389,0,50.0
RECLAIM-V2-005668,C00577,1162.47,0,0,-0.17797785199058558,-102.79778519905855,0,50.0
RECLAIM-V2-005235,C00221,1710.16,0,1,-0.010843912565310476,-103.54482551269136,0,50.0
RECLAIM-V2-000406,C00595,2678.26,1,1,0.2035048222117436,457.1101261889286,1,50.0
RECLAIM-V2-005027,C00638,302.98,1,1,-0.37062613764583874,-196.3602195103707,0,50.0
RECLAIM-V2-002583,C00393,1445.13,0,1,0.04316523079234075,-22.620630025064614,0,50.0
RECLAIM-V2-007781,C00936,446.49,0,0,0.04713316126938405,-80.28668387306159,0,50.0
RECLAIM-V2-000222,C00886,982.08,0,1,-0.03184308501073019,-116.2724569273379,0,50.0
RECLAIM-V2-009499,C00126,1056.42,1,1,0.24726980314777725,174.66739181102025,1,50.0
RECLAIM-V2-007610,C00619,1390.62,0,0,0.02965846215470591,-82.03415378452941,0,50.0
RECLAIM-V2-005144,C00380,1149.3,1,1,-0.11349046333758522,-214.66892610297967,0,50.0
RECLAIM-V2-006795,C00043,1063.04,1,0,0.23509218011441996,-61.490781988558005,0,50.0
RECLAIM-V2-003571,C00265,4494.92,0,0,0.023163836771387225,-82.68361632286128,0,50.0
RECLAIM-V2-004207,C00874,3285.42,1,1,-0.003463272875406709,-96.31795116759172,0,50.0
RECLAIM-V2-004979,C00138,2920.97,0,1,-0.2150901563076364,-713.2718938699167,0,50.0
RECLAIM-V2-008564,C00625,1563.76,1,1,0.3900760552561768,521.5453294513059,1,50.0
RECLAIM-V2-003719,C00461,2910.04,0,1,0.35874137819733337,958.9517602093681,1,50.0
RECLAIM-V2-008681,C00611,1701.9,0,1,0.2797871133783461,391.16968825860727,1,50.0
RECLAIM-V2-005628,C00378,3815.13,1,0,-0.05505735854627436,-90.50573585462743,0,50.0
RECLAIM-V2-007369,C00930,475.94,0,1,0.11094519984139806,-32.19674158748501,0,50.0
RECLAIM-V2-006694,C00118,1729.87,1,1,-0.26120467207023085,-534.3296707716893,0,50.0
RECLAIM-V2-007211,C00179,3695.33,0,1,-0.1518279504324228,-646.0543800714449,0,50.0
RECLAIM-V2-009817,C00770,1593.55,0,1,0.24190971120003812,300.49522028282075,1,50.0
RECLAIM-V2-000800,C00384,1455.3,1,0,0.13752524386277726,-71.24747561372227,0,50.0
RECLAIM-V2-009773,C00516,484.89,0,1,0.01059487857931729,-79.86264932567484,0,50.0
RECLAIM-V2-007056,C00565,1133.12,0,1,0.31415822779933483,270.97897108398223,1,50.0
RECLAIM-V2-003333,C00828,1357.13,0,0,0.028639855016811655,-82.13601449831883,0,50.0
RECLAIM-V2-000760,C00886,982.08,1,0,-0.04044433627202082,-89.04443362720208,0,50.0
RECLAIM-V2-007536,C00357,711.4,1,1,-0.12610638426203863,-174.07436177880115,0,50.0
RECLAIM-V2-002348,C00718,2007.06,1,0,0.13020159366366413,-71.97984063363359,0,50.0
RECLAIM-V2-002715,C00739,10016.59,1,1,-0.21285021524231765,-2211.392806790125,0,50.0
RECLAIM-V2-004953,C00790,1637.58,1,0,0.04345524848390803,-80.6544751516092,0,50.0
RECLAIM-V2-005894,C00004,3532.84,0,1,-0.04986923444770419,-261.18002622622726,0,50.0
RECLAIM-V2-003615,C00015,695.21,1,1,0.309670131228795,128.74483787506955,1,50.0
RECLAIM-V2-003371,C00458,3505.26,1,1,0.0188605533555381,-19.238273014597212,0,50.0
RECLAIM-V2-004040,C00131,759.13,0,0,-0.31789574049476105,-116.7895740494761,0,50.0
RECLAIM-V2-005174,C00345,3006.49,0,1,-0.35958570940075213,-1166.0908394562673,0,50.0
RECLAIM-V2-004304,C00037,4475.23,1,1,-0.32923076256206824,-1550.5226224690985,0,50.0
RECLAIM-V2-000368,C00361,492.75,0,1,0.019177984882128407,-75.55004794933123,0,50.0
RECLAIM-V2-003876,C00480,1638.01,0,1,0.15847640654457001,174.58593868407115,1,50.0
RECLAIM-V2-008239,C00574,2162.16,1,1,0.17794192199175352,297.5482986404337,1,50.0
RECLAIM-V2-007548,C00886,194.97,1,1,-0.030110518534969488,-90.81118404123421,0,50.0
RECLAIM-V2-002898,C00401,476.02,1,0,0.17122457030365734,-67.87754296963426,0,50.0
RECLAIM-V2-002988,C00931,1124.12,1,0,0.3036510904137114,-54.63489095862886,0,50.0
RECLAIM-V2-002527,C00287,3516.47,1,1,-0.09791874153665187,-427.45979735382826,0,50.0
RECLAIM-V2-009294,C00565,1133.12,0,0,0.3127383849770941,-53.726161502290594,0,50.0
RECLAIM-V2-002784,C00450,1138.94,1,0,-0.12780437441594472,-97.78043744159447,0,50.0
RECLAIM-V2-007682,C00145,5457.57,0,1,-0.03447495513348886,-273.1494808878748,0,50.0
RECLAIM-V2-008912,C00222,1680.46,1,0,0.3575767038699089,-49.242329613009105,0,50.0
RECLAIM-V2-006356,C00138,2823.82,0,0,0.08635772964352151,-76.36422703564784,0,50.0
RECLAIM-V2-002702,C00550,3335.14,1,1,0.2023095287604103,586.1546392124844,1,50.0
RECLAIM-V2-006579,C00643,4308.03,1,1,-0.10496935787049977,-534.8451177150444,0,50.0
RECLAIM-V2-000584,C00497,2531.67,0,0,0.02157186789652854,-82.84281321034715,0,50.0
RECLAIM-V2-009246,C00809,685.21,0,0,-0.049389394750352644,-89.93893947503527,0,50.0
RECLAIM-V2-006089,C00241,2129.3,0,1,0.14582568083934694,225.50662221122144,1,50.0
RECLAIM-V2-005291,C00317,848.44,1,1,0.23112122822834963,109.76535056132815,1,50.0
RECLAIM-V2-007006,C00563,1258.32,1,1,-0.2257427977620392,-367.4106510957675,0,50.0
RECLAIM-V2-006518,C00140,560.96,0,0,0.173730146553001,-67.6269853446999,0,50.0
RECLAIM-V2-001714,C00674,606.82,1,1,0.021223633519540597,-72.21730478441333,0,50.0
RECLAIM-V2-008461,C00216,530.34,0,0,0.35990675160442664,-49.00932483955734,0,50.0
RECLAIM-V2-007143,C00523,999.41,0,1,0.12791789879325,42.84242723296198,0,50.0
RECLAIM-V2-005362,C00943,3827.32,0,0,-0.20273316027775945,-105.27331602777595,0,50.0
RECLAIM-V2-003950,C00779,362.46,1,1,0.2069195561272954,-10.685317331860958,0,50.0
RECLAIM-V2-004324,C00441,2542.15,1,1,-0.2966220739129016,-834.9908940977814,0,50.0
RECLAIM-V2-001868,C00232,479.53,1,0,-0.033405037449606045,-88.3405037449606,0,50.0
RECLAIM-V2-009934,C00145,964.34,0,0,-0.09846060093070952,-94.84606009307095,0,50.0
RECLAIM-V2-005296,C00069,1617.79,0,0,-0.06269129378682325,-91.26912937868232,0,50.0
RECLAIM-V2-007169,C00978,3437.17,1,0,0.033701251938319965,-81.629874806168,0,50.0
RECLAIM-V2-003645,C00294,1806.14,1,0,-0.2436264278349703,-109.36264278349702,0,50.0
RECLAIM-V2-005811,C00574,2162.16,0,0,0.15462762552082282,-69.53723744791772,0,50.0
RECLAIM-V2-005956,C00448,4929.51,0,1,-0.0851762762460943,-504.87730551788434,0,50.0
RECLAIM-V2-006880,C00426,280.39,1,0,-0.15043382564166474,-100.04338256416648,0,50.0
RECLAIM-V2-005815,C00488,6466.34,0,0,0.004108911626571288,-84.58910883734288,0,50.0
RECLAIM-V2-000680,C00043,291.86,0,1,0.19968746773400864,-26.719215667152234,0,50.0
RECLAIM-V2-007995,C00357,711.4,0,0,-0.10242758177963357,-95.24275817796335,0,50.0
RECLAIM-V2-004576,C00846,3097.95,0,1,-0.17890730723630438,-639.2458924527091,0,50.0
RECLAIM-V2-003260,C00779,362.46,0,1,0.17061748215154576,-23.157987419350725,0,50.0
RECLAIM-V2-004079,C00904,364.47,1,1,-0.013374206735943805,-89.83006333330027,0,50.0
RECLAIM-V2-003475,C00348,1400.01,1,1,-0.0013054936658074556,-86.81660742563305,0,50.0
RECLAIM-V2-008089,C00747,2357.39,0,1,0.22746793502716384,451.2306353536858,1,50.0
RECLAIM-V2-003899,C00625,1563.76,1,1,0.32928831534542885,427.02396820919955,1,50.0
RECLAIM-V2-003188,C00124,718.44,0,1,-0.002003957052147398,-86.43972290454478,0,50.0
RECLAIM-V2-005231,C00138,2823.82,1,1,0.1669182411102178,383.8234140326858,1,50.0
RECLAIM-V2-001387,C00518,909.83,1,1,-0.17538283821239853,-243.5953420141202,0,50.0
RECLAIM-V2-000423,C00659,2282.33,1,1,0.07123700675738642,76.66657033428675,1,50.0
RECLAIM-V2-006157,C00608,1916.91,1,0,0.06675189937972514,-78.32481006202748,0,50.0
RECLAIM-V2-008502,C00329,5939.97,0,1,-0.05897376524985021,-435.3023963711527,0,50.0
RECLAIM-V2-002635,C00597,3091.65,0,1,0.19492608232261344,517.6432224127078,1,50.0
RECLAIM-V2-007026,C00043,291.86,1,1,0.26043605704368833,-9.62962278631666,0,50.0
RECLAIM-V2-000658,C00821,936.07,0,1,-0.09561019497216205,-174.49783520759172,0,50.0
RECLAIM-V2-005507,C00414,1769.54,1,1,0.3569932092110226,543.1982014009255,1,50.0
RECLAIM-V2-008262,C00670,415.77,0,1,-0.10272935467837946,-127.71178379462982,0,50.0
RECLAIM-V2-006311,C00072,1156.41,1,1,-0.2249236555256761,-343.5785210084892,0,50.0
RECLAIM-V2-002885,C00727,2238.62,0,1,-0.0790214624747852,-261.8990263253036,0,50.0
RECLAIM-V2-000420,C00463,600.41,1,1,-0.2487513230260388,-233.35726662574757,0,50.0
RECLAIM-V2-001907,C00677,1307.58,0,0,-0.23094307101660388,-108.09430710166039,0,50.0
RECLAIM-V2-009085,C00749,654.79,0,1,-0.19121689860450142,-210.20691303724146,0,50.0
RECLAIM-V2-008741,C00318,1151.44,0,1,0.29148762579905985,250.63051185006947,1,50.0
RECLAIM-V2-002644,C00232,479.53,0,1,-0.04410578711005492,-106.15004809288463,0,50.0
RECLAIM-V2-004701,C00339,3284.72,0,1,0.01531051024416863,-34.70926079077442,0,50.0
RECLAIM-V2-005452,C00551,732.93,0,1,-0.05702860085347494,-126.79797242353739,0,50.0
RECLAIM-V2-000737,C00747,2357.39,1,1,0.12511186143939368,208.33765192197984,1,50.0
RECLAIM-V2-001405,C00803,375.2,0,0,-0.07496579075713716,-92.49657907571371,0,50.0
RECLAIM-V2-008370,C00135,503.45,0,1,-0.11915367086648287,-144.98791559773082,0,50.0
RECLAIM-V2-008864,C00155,2026.14,1,1,0.12187835533845015,160.5860194756817,1,50.0
RECLAIM-V2-002200,C00988,5159.02,1,1,0.006450295436930986,-51.89372966404297,0,50.0
RECLAIM-V2-003522,C00906,2597.54,0,1,-0.21260981954359537,-637.2625106572707,0,50.0
RECLAIM-V2-001374,C00140,560.96,0,1,0.18240045293747176,17.31935807980416,0,50.0
RECLAIM-V2-001615,C00991,110.46,1,1,0.05634660611772657,-78.89159402797134,0,50.0
RECLAIM-V2-003202,C00795,852.16,0,1,-0.09934432001432214,-169.65725574340473,0,50.0
RECLAIM-V2-004772,C00450,541.39,0,1,0.20141130681958663,24.04206739905601,0,50.0
RECLAIM-V2-006546,C00739,4600.71,1,1,-0.10383464079017385,-560.1687529174267,0,50.0
RECLAIM-V2-000458,C00847,1699.39,1,1,0.033854513860667845,-27.789492315728744,0,50.0
RECLAIM-V2-003292,C00795,852.16,0,1,-0.08422600864676516,-156.7740355284274,0,50.0
RECLAIM-V2-007485,C00317,848.44,1,1,0.23861857555905452,116.08334866274902,1,50.0
RECLAIM-V2-004897,C00779,362.46,0,1,0.12831466930683488,-38.49106496304463,0,50.0
RECLAIM-V2-000230,C00945,2012.5,1,1,-0.07920900336486958,-243.49226517039372,0,50.0
RECLAIM-V2-009678,C00683,795.89,1,1,-0.4175258985470164,-415.0168751097914,0,50.0
RECLAIM-V2-002807,C00643,2736.12,1,0,0.12053360304147365,-72.94663969585264,0,50.0
RECLAIM-V2-008042,C00072,1156.41,0,1,-0.216344009711459,-335.18237627042834,0,50.0
RECLAIM-V2-002873,C00863,1642.36,1,1,-0.08066054026682568,-216.73061614779388,0,50.0
RECLAIM-V2-005239,C00295,1069.44,1,1,0.2937373515445486,227.1231948423062,1,50.0
RECLAIM-V2-006765,C00315,405.46,1,1,0.03823584694360227,-69.63176280117119,0,50.0
RECLAIM-V2-007159,C00988,5159.02,1,1,-0.004655235137183911,-108.89308744629916,0,50.0
RECLAIM-V2-002150,C00819,1874.26,1,1,0.23161359321820235,346.701959165804,1,50.0
RECLAIM-V2-004456,C00122,2446.22,1,1,0.09145970959385624,137.52045823907574,1,50.0
RECLAIM-V2-005995,C00899,2486.33,1,0,0.27469214017078586,-57.530785982921415,0,50.0
RECLAIM-V2-003984,C00037,4475.23,1,1,-0.31000670752648873,-1465.104554427623,0,50.0
RECLAIM-V2-001773,C00089,2161.46,1,0,0.17918626056834508,-67.08137394316549,0,50.0
RECLAIM-V2-001111,C00043,291.86,0,1,0.2024876330501777,-25.901959417975135,0,50.0
RECLAIM-V2-002497,C00702,3379.59,1,0,0.35655623918016704,-49.3443760819833,0,50.0
RECLAIM-V2-007925,C00319,9490.22,1,1,0.1933074745509722,1744.4078130575265,1,50.0
RECLAIM-V2-009099,C00138,2431.37,1,0,0.04220408721745317,-80.77959127825468,0,50.0
RECLAIM-V2-006080,C00015,695.21,1,1,0.2819284073557295,109.7375224300321,1,50.0
RECLAIM-V2-005907,C00991,110.46,0,0,0.022358225116806296,-82.76417748831938,0,50.0
RECLAIM-V2-007415,C00901,3396.35,1,0,-0.2617956699733739,-111.17956699733739,0,50.0
RECLAIM-V2-002895,C00698,946.46,0,1,-0.06928811588908512,-150.57843016438352,0,50.0
RECLAIM-V2-001554,C00479,704.2,1,1,0.2056606896004286,58.793635294138085,1,50.0
RECLAIM-V2-007188,C00136,3562.58,1,0,0.03980953657476305,-81.0190463425237,0,50.0
RECLAIM-V2-000953,C00700,4176.0,0,1,-0.03273555186446392,-221.70366458600134,0,50.0
RECLAIM-V2-009354,C00642,4813.1,0,1,0.023960465207418014,30.32411508982365,0,50.0
RECLAIM-V2-001687,C00971,873.23,0,1,0.11186421797703083,12.683191064082635,0,50.0
RECLAIM-V2-007393,C00746,5766.06,0,1,0.026752982537072145,69.25930248771022,1,50.0
RECLAIM-V2-006964,C00762,3682.97,1,1,0.14511054962125142,446.62050138426616,1,50.0
RECLAIM-V2-001143,C00418,1620.69,1,0,0.10111383469873336,-74.88861653012667,0,50.0
RECLAIM-V2-000445,C00897,3964.47,1,1,-0.2155217835791003,-934.9419753355274,0,50.0
RECLAIM-V2-003041,C00816,1526.22,0,1,-0.15369301482748343,-319.56935309000175,0,50.0
RECLAIM-V2-005299,C00427,555.68,1,1,0.10299127068163227,-28.158952924774063,0,50.0
RECLAIM-V2-006140,C00727,2238.62,1,1,-0.11547769985339851,-342.1026573037325,0,50.0
RECLAIM-V2-001298,C00551,732.93,0,1,-0.07286536700027813,-138.40521343551384,0,50.0
RECLAIM-V2-008663,C00025,897.12,0,1,0.17781100109176717,74.51780529944617,1,50.0
RECLAIM-V2-000969,C00109,584.8,0,0,0.08054667780884572,-76.94533221911543,0,50.0
RECLAIM-V2-004075,C00803,375.2,0,0,-0.06886671126833632,-91.88667112683363,0,50.0
RECLAIM-V2-002846,C00088,1133.97,1,1,0.01431008658693933,-68.87539228732378,0,50.0
RECLAIM-V2-002541,C00997,977.5,0,1,0.05332723507351367,-32.87262771564039,0,50.0
RECLAIM-V2-001212,C00185,1970.38,0,0,-0.12717389058532014,-97.717389058532,0,50.0
RECLAIM-V2-009902,C00749,654.79,0,1,-0.18954912379534106,-209.11487076995138,0,50.0
RECLAIM-V2-003579,C00624,653.51,0,1,-0.3228844866140646,-296.00824084715737,0,50.0
RECLAIM-V2-002109,C00673,2821.82,1,1,0.12226968621376988,258.1145261926608,1,50.0
RECLAIM-V2-003811,C00718,2007.06,0,0,0.13856903668144838,-71.14309633185516,0,50.0
RECLAIM-V2-006734,C00352,3864.42,0,0,0.014574628449408822,-83.54253715505912,0,50.0
RECLAIM-V2-004073,C00321,641.17,1,0,-0.09218595038750305,-94.21859503875031,0,50.0
RECLAIM-V2-002301,C00551,732.93,1,1,-0.04176857089794295,-115.39771861854126,0,50.0
RECLAIM-V2-000523,C00469,564.77,1,1,-0.05406503803752882,-115.32757493675535,0,50.0
RECLAIM-V2-008516,C00380,1149.3,1,0,-0.10663115490821462,-95.66311549082147,0,50.0
RECLAIM-V2-005456,C00863,2625.56,0,1,0.18241713846973368,393.94714208059395,1,50.0
RECLAIM-V2-006057,C00378,3815.13,0,0,-0.04705691004954771,-89.70569100495477,0,50.0
RECLAIM-V2-001863,C00348,1400.01,0,0,0.029980148835916598,-82.00198511640833,0,50.0
RECLAIM-V2-003191,C00433,4802.65,1,1,-0.008127156721366324,-123.82860262500927,0,50.0
RECLAIM-V2-008931,C00361,2967.37,0,0,0.03136368778255416,-81.86363122174458,0,50.0
RECLAIM-V2-002506,C00635,780.83,1,0,-0.003773185928307554,-85.37731859283076,0,50.0
RECLAIM-V2-004363,C00108,850.16,1,1,0.22959990243174216,108.87626993246545,1,50.0
RECLAIM-V2-006713,C00418,2211.47,1,1,0.23548422504640085,432.92698344250095,1,50.0
RECLAIM-V2-008534,C00323,304.35,1,1,0.2897534013070405,2.3108853473982407,0,50.0
RECLAIM-V2-008299,C00977,386.63,1,1,0.11996146956451204,-39.03114274150812,0,50.0
RECLAIM-V2-001235,C00401,674.42,0,1,0.2522290240749826,85.10829841664975,1,50.0
RECLAIM-V2-008234,C00196,2316.16,1,1,0.011630145444522455,-58.21485393374558,0,50.0
RECLAIM-V2-002800,C00931,1124.12,1,0,0.29705233916076257,-55.29476608392375,0,50.0
RECLAIM-V2-008967,C00547,2900.37,0,0,-0.09646282413062057,-94.64628241306205,0,50.0
RECLAIM-V2-004666,C00216,530.34,0,1,0.3672942848770643,109.79085104170227,1,50.0
RECLAIM-V2-002868,C00427,3359.61,0,1,-0.23454248926554555,-872.9712923614195,0,50.0
RECLAIM-V2-004644,C00493,4379.85,1,1,-0.05740257271566973,-335.1001822454667,0,50.0
RECLAIM-V2-000825,C00762,3682.97,0,0,0.21545067429442982,-63.45493257055702,0,50.0
RECLAIM-V2-003309,C00999,1550.87,1,1,0.23536280697092415,277.9566680577912,1,50.0
RECLAIM-V2-007345,C00122,2446.22,0,1,0.09135671632654074,138.47862661231048,1,50.0
RECLAIM-V2-006500,C00619,1390.62,1,1,0.013715615879424381,-66.04272971834523,0,50.0
RECLAIM-V2-002096,C00746,3856.22,1,0,0.06412098801537625,-78.58790119846238,0,50.0
RECLAIM-V2-006612,C00997,2374.4,0,1,0.18539794456709194,355.2088795801031,1,50.0
RECLAIM-V2-006309,C00003,1205.58,1,1,0.19575402796088126,149.621401295973,1,50.0
RECLAIM-V2-004351,C00495,721.78,1,1,-0.42631088707087406,-390.5246923790591,0,50.0
RECLAIM-V2-003686,C00228,1385.67,1,1,-0.10572343383344801,-230.6595781733605,0,50.0
RECLAIM-V2-000989,C00089,956.35,0,0,-0.03604971680478289,-88.60497168047829,0,50.0
RECLAIM-V2-002001,C00655,1519.27,0,0,0.23325369222803433,-61.67463077719657,0,50.0
RECLAIM-V2-003402,C00547,2900.37,0,1,-0.0841415255616581,-329.0415564932663,0,50.0
RECLAIM-V2-006493,C00977,386.63,0,1,0.057385005291145985,-62.81323540428423,0,50.0
RECLAIM-V2-003553,C00649,1075.92,0,0,0.05849263225075807,-79.1507367749242,0,50.0
RECLAIM-V2-006668,C00734,3776.6,0,1,-0.060573179101945485,-313.7606681964073,0,50.0
RECLAIM-V2-001665,C00886,194.97,1,1,-0.05862214284590528,-96.28447818044397,0,50.0
RECLAIM-V2-006087,C00185,1970.38,0,1,-0.1524455144873335,-385.3755928355522,0,50.0
RECLAIM-V2-000142,C00241,1332.24,1,1,0.26789735610237037,269.85115846925044,1,50.0
RECLAIM-V2-004611,C00139,3318.78,1,1,0.06018192083692897,113.64162957775184,1,50.0
RECLAIM-V2-004448,C00622,3107.28,0,0,0.08233194892842793,-76.76680510715721,0,50.0
RECLAIM-V2-006911,C00795,852.16,0,0,0.015611109931224887,-83.43888900687752,0,50.0
RECLAIM-V2-008165,C00978,3437.17,0,1,0.04032147722231927,53.59177186423912,1,50.0
RECLAIM-V2-007737,C00482,3974.88,0,1,0.044865043126427806,93.33316262237537,1,50.0
RECLAIM-V2-009071,C00816,2283.32,1,1,-0.09068808955929941,-290.94389091971755,0,50.0
RECLAIM-V2-007584,C00945,2012.5,1,1,-0.10008087450281933,-285.30561526273647,0,50.0
RECLAIM-V2-005676,C00230,2648.1,0,0,0.0934684323376036,-75.65315676623965,0,50.0
RECLAIM-V2-007978,C00687,1096.94,1,1,-0.17798517962239224,-278.9958898508784,0,50.0
RECLAIM-V2-003239,C00126,1056.42,1,1,0.216397179705631,142.13868127214118,1,50.0
RECLAIM-V2-008277,C00123,1364.02,0,1,-0.05178420201456124,-155.6346872319018,0,50.0
RECLAIM-V2-007958,C00980,912.46,1,0,0.23478778081955257,-61.521221918044745,0,50.0
RECLAIM-V2-006512,C00241,1332.24,1,1,0.3198062161544254,338.44863091829217,1,50.0
RECLAIM-V2-000224,C00584,1857.06,1,1,0.022120450398170233,-44.15957207725337,0,50.0
RECLAIM-V2-008204,C00847,1699.39,1,0,-0.04659052138234088,-89.65905213823409,0,50.0
RECLAIM-V2-000247,C00005,615.14,0,1,0.28659946006386694,91.29879186368711,1,50.0
RECLAIM-V2-008687,C00173,1623.52,1,0,-0.09496670301949595,-94.49667030194959,0,50.0
RECLAIM-V2-006186,C00622,3107.28,1,0,0.09132617843876623,-75.86738215612337,0,50.0
RECLAIM-V2-008776,C00451,2852.75,1,0,-0.012642776619446183,-86.26427766194462,0,50.0
RECLAIM-V2-008744,C00832,11837.46,1,1,0.08326561038361252,898.446793616432,1,50.0
RECLAIM-V2-001649,C00816,2283.32,0,1,-0.09860537398450175,-310.1476225262926,0,50.0
RECLAIM-V2-005542,C00124,628.72,1,1,0.1199855796692802,-10.05983859824778,0,50.0
RECLAIM-V2-007171,C00437,11801.87,1,0,0.2882121993362362,-56.178780066376376,0,50.0
RECLAIM-V2-008160,C00554,2056.96,1,1,0.1822186731519183,287.66911130720916,1,50.0
RECLAIM-V2-002789,C00460,1003.41,1,0,0.03500497914427436,-81.49950208557256,0,50.0
RECLAIM-V2-003933,C00293,982.62,1,0,0.005104610167520285,-84.48953898324797,0,50.0
RECLAIM-V2-005588,C00921,682.19,0,1,-0.014492730639341311,-94.88679591485226,0,50.0
RECLAIM-V2-001539,C00906,2597.54,0,1,-0.20763476724755459,-624.3396133162129,0,50.0
RECLAIM-V2-004284,C00707,2420.0,1,1,-0.16728861987761617,-487.5633348734956,0,50.0
RECLAIM-V2-003414,C00384,1455.3,0,1,0.1423614958990504,122.17868498188804,1,50.0
RECLAIM-V2-006755,C00736,1193.48,1,1,-0.04352807124562663,-136.6466049866337,0,50.0
RECLAIM-V2-000177,C00041,1350.33,0,0,0.030167313438179688,-81.98326865618203,0,50.0
RECLAIM-V2-006737,C00487,823.55,0,1,0.07738419826809434,-21.270243516310913,0,50.0
RECLAIM-V2-007535,C00418,250.75,0,1,0.03226591875681639,-76.90932087172828,0,50.0
RECLAIM-V2-000734,C00270,477.65,1,1,-0.3046584821365467,-229.4878648904224,0,50.0
RECLAIM-V2-002767,C00222,1680.46,1,1,0.33007924072812445,466.58145682888596,1,50.0
RECLAIM-V2-002564,C00360,854.81,1,1,0.08553437846670897,-12.33547053162485,0,50.0
RECLAIM-V2-007630,C00218,2236.15,1,1,0.021849968929501307,-36.41726597179842,0,50.0
RECLAIM-V2-007400,C00035,374.45,1,1,-0.014825703878453167,-90.50148883738268,0,50.0
RECLAIM-V2-007972,C00502,2879.41,0,1,0.0736484376573171,127.06404787485542,1,50.0
RECLAIM-V2-001233,C00427,3359.61,1,1,-0.30923167591228073,-1118.394109882187,0,50.0
RECLAIM-V2-000491,C00614,2019.19,0,1,-0.11527975620594211,-317.77173093347625,0,50.0
RECLAIM-V2-007278,C00565,1133.12,1,1,0.3230016255925267,278.8466023558543,1,50.0
RECLAIM-V2-008914,C00158,2259.71,1,0,-0.057086692751340956,-90.7086692751341,0,50.0
RECLAIM-V2-001108,C00687,695.02,1,1,-0.09429320627331433,-150.11369269668523,0,50.0
RECLAIM-V2-007657,C00517,1370.52,1,0,0.06241490248460535,-78.75850975153946,0,50.0
RECLAIM-V2-003819,C00431,1216.68,1,1,-0.3252945756528692,-478.3125654203269,0,50.0
RECLAIM-V2-009772,C00136,1155.21,0,1,0.2154252665423823,163.86142216242547,1,50.0
RECLAIM-V2-001017,C00266,1542.26,0,1,-0.06373455621313295,-183.29525666526644,0,50.0
RECLAIM-V2-002369,C00590,12853.93,0,1,0.2130996979118095,2654.1685999795454,1,50.0
RECLAIM-V2-009163,C00826,2641.52,1,0,-0.004900435563285788,-85.49004355632857,0,50.0
RECLAIM-V2-002103,C00517,1370.52,1,0,0.05756415408672094,-79.2435845913279,0,50.0
RECLAIM-V2-006982,C00691,1122.07,1,1,-0.1556932736242771,-258.66956450429035,0,50.0
RECLAIM-V2-006259,C00081,779.11,1,0,0.052798978292655674,-79.72010217073444,0,50.0
RECLAIM-V2-009383,C00329,5939.97,1,1,-0.030489344030120602,-265.2978212417973,0,50.0
RECLAIM-V2-003560,C00413,3034.85,0,1,0.2272232663672527,604.5885299346569,1,50.0
RECLAIM-V2-002884,C00901,3396.35,0,1,-0.2064856385948191,-786.2974986415138,0,50.0
RECLAIM-V2-007452,C00024,278.71,1,1,0.27505811400536717,-8.996918394341662,0,50.0
RECLAIM-V2-006975,C00445,2268.19,1,1,-0.02121399313160377,-132.8555662526349,0,50.0
RECLAIM-V2-004051,C00964,1025.85,0,1,0.09616015902435865,13.645899135138308,0,50.0
RECLAIM-V2-004138,C00413,3034.85,1,1,0.24927175170583732,667.4705920344322,1,50.0
RECLAIM-V2-005421,C00587,2053.36,0,0,-0.33067062679368964,-118.06706267936897,0,50.0
RECLAIM-V2-009501,C00479,704.2,1,1,0.23791185201073528,81.46192670301926,1,50.0
RECLAIM-V2-001231,C00266,1542.26,1,1,-0.022517978243021486,-119.52115727209238,0,50.0
RECLAIM-V2-009710,C00807,742.49,1,1,0.09924177766567238,-11.78164441617551,0,50.0
RECLAIM-V2-005884,C00841,799.13,0,0,0.02420034480247657,-82.57996551975235,0,50.0
RECLAIM-V2-008052,C00107,4300.34,0,1,0.17048273955892707,648.1337442348364,1,50.0
RECLAIM-V2-002986,C00140,560.96,0,1,0.17369360596757477,12.435165203570747,0,50.0
RECLAIM-V2-003603,C00020,1160.94,0,1,0.08162498005503316,9.761704345090195,0,50.0
RECLAIM-V2-005103,C00820,1501.11,0,0,-0.056896881268346244,-90.68968812683462,0,50.0
RECLAIM-V2-007515,C00943,3827.32,1,1,-0.30106258299398464,-1231.2004683358207,0,50.0
RECLAIM-V2-006084,C00101,550.79,1,0,-0.1023002720375478,-95.23002720375479,0,50.0
RECLAIM-V2-001850,C00577,1162.47,0,1,-0.11646461479181791,-220.38662075704457,0,50.0
RECLAIM-V2-004354,C00921,682.19,0,1,-0.03621982644913224,-109.70880340533353,0,50.0
RECLAIM-V2-007727,C00590,517.86,1,1,0.197814730627502,16.631412624803147,0,50.0
RECLAIM-V2-008473,C00708,2317.59,0,1,-0.24616708056214515,-655.514364240022,0,50.0
RECLAIM-V2-007285,C00043,1063.04,1,1,0.3179209653920535,250.7960080870286,1,50.0
RECLAIM-V2-001946,C00817,1224.74,1,0,-0.056338418152292596,-90.63384181522926,0,50.0
RECLAIM-V2-001875,C00432,3487.77,1,1,-0.1272596913491179,-526.4423814912057,0,50.0
RECLAIM-V2-001849,C00126,6531.21,0,1,-0.06755916705428472,-526.2431074566149,0,50.0
RECLAIM-V2-001984,C00927,579.72,1,1,-0.09069904456057637,-137.22645081753348,0,50.0
RECLAIM-V2-009637,C00550,3335.14,0,1,0.2910420495234017,885.6659810474779,1,50.0
RECLAIM-V2-003703,C00179,3695.33,0,1,-0.1525991505191574,-648.9042188879579,0,50.0
RECLAIM-V2-003961,C00463,1115.13,0,1,-0.09474834526055731,-190.65672225040527,0,50.0
RECLAIM-V2-000833,C00232,479.53,0,1,-0.019065263520659126,-94.14236581606167,0,50.0
RECLAIM-V2-006103,C00516,484.89,0,1,0.002664904313286476,-83.70781454753052,0,50.0
RECLAIM-V2-003295,C00182,913.32,1,1,-0.047229127051589215,-127.8487860965863,0,50.0
RECLAIM-V2-008050,C00054,103.68,1,1,0.2950412519595138,-54.858113633812934,0,50.0
RECLAIM-V2-006443,C00295,1069.44,0,1,0.26640574239120696,199.90495714285237,1,50.0
RECLAIM-V2-006600,C00166,2249.89,1,1,0.1945842822146125,350.31238813495344,1,50.0
RECLAIM-V2-008661,C00378,3815.13,0,1,-0.04365278148695939,-251.54103623434338,0,50.0
RECLAIM-V2-000318,C00495,2950.24,1,1,-0.3319175817220964,-1059.0084260865765,0,50.0
RECLAIM-V2-002549,C00497,2531.67,1,1,-0.021592959087756214,-139.36052606139964,0,50.0
RECLAIM-V2-007426,C00681,1069.78,1,0,0.0852597643102132,-76.47402356897868,0,50.0
RECLAIM-V2-004301,C00929,6160.93,1,1,0.13763283767432016,759.2990084144799,1,50.0
RECLAIM-V2-004809,C00680,965.67,1,1,0.12483181432641222,34.81877463555713,0,50.0
RECLAIM-V2-006985,C00140,560.96,1,1,0.20306651516188345,28.13956486832221,0,50.0
RECLAIM-V2-005693,C00145,5457.57,0,1,-0.029185705358189262,-244.28302999169296,0,50.0
RECLAIM-V2-000471,C00985,1154.57,1,1,0.03780795393964598,-41.604138220743074,0,50.0
RECLAIM-V2-009797,C00708,2317.59,0,1,-0.2393166628666023,-639.6379046930089,0,50.0
RECLAIM-V2-004404,C00664,1148.73,1,1,-0.31976196511731003,-450.16379941314415,0,50.0
RECLAIM-V2-005653,C00427,555.68,1,1,0.11760492621643459,-20.093653053267815,0,50.0
RECLAIM-V2-002074,C00448,4929.51,0,1,-0.10457464921430365,-600.501779048402,0,50.0
RECLAIM-V2-008407,C00818,3488.31,0,1,-0.1939103497146294,-761.4194120130388,0,50.0
RECLAIM-V2-009805,C00097,321.38,1,1,-0.2139677009355644,-153.10016347663498,0,50.0
RECLAIM-V2-001060,C00315,405.46,0,1,-0.07749887297727959,-116.42269303736778,0,50.0
RECLAIM-V2-002503,C00911,2130.1,0,1,0.1496352385355581,233.7380216045923,1,50.0
RECLAIM-V2-007465,C00223,1697.93,1,1,-0.06358666177808958,-192.3622854679292,0,50.0
RECLAIM-V2-006492,C00739,4600.71,1,1,-0.10752626831695539,-577.1161657506403,0,50.0
RECLAIM-V2-004107,C00783,1101.5,0,1,0.21361772256492545,150.2999214052654,1,50.0
RECLAIM-V2-006253,C00241,1332.24,1,0,0.3131590543215858,-53.68409456784142,0,50.0
RECLAIM-V2-008136,C00348,1400.01,0,0,-0.006864088234001087,-85.68640882340011,0,50.0
RECLAIM-V2-003744,C00971,873.23,1,1,0.2096445779799268,96.9429505772845,1,50.0
RECLAIM-V2-000492,C00746,5766.06,1,1,0.09452059315998251,457.50661567730924,1,50.0
RECLAIM-V2-006058,C00315,405.46,0,0,-0.014031742044854079,-86.40317420448541,0,50.0
RECLAIM-V2-006854,C00642,4813.1,1,1,0.042722930344416266,119.53750296498978,1,50.0
RECLAIM-V2-006986,C00681,1069.78,0,0,0.09281843582971755,-75.71815641702824,0,50.0
RECLAIM-V2-004418,C00823,3137.03,1,0,0.17517052482370365,-67.48294751762964,0,50.0
RECLAIM-V2-002359,C00842,1318.42,1,1,0.14222254302144172,101.35816612994537,1,50.0
RECLAIM-V2-000951,C00365,640.92,1,1,-0.08802047269145774,-140.99998024158486,0,50.0
RECLAIM-V2-005046,C00131,3070.19,0,1,-0.07207116058490426,-306.27215651616723,0,50.0
RECLAIM-V2-001206,C00655,1519.27,1,0,0.3151848267164292,-53.48151732835708,0,50.0
RECLAIM-V2-003874,C00622,3107.28,0,1,0.0800337267142911,163.68719834478244,1,50.0
RECLAIM-V2-001080,C00347,1788.51,0,1,-0.0288273454940855,-136.55799568962686,0,50.0
RECLAIM-V2-008421,C00329,5939.97,1,0,-0.04015887245366678,-89.01588724536668,0,50.0
RECLAIM-V2-003775,C00326,518.56,1,1,-0.050241841313173996,-110.87290034388954,0,50.0
RECLAIM-V2-009868,C00147,801.96,1,1,0.24025809210462362,106.35360550834591,1,50.0
RECLAIM-V2-006966,C00649,1075.92,0,1,0.12056913292926846,44.722741501258525,0,50.0
RECLAIM-V2-005959,C00683,795.89,1,1,-0.44975562226031796,-440.4915887563701,0,50.0
RECLAIM-V2-001908,C00842,1318.42,1,1,0.09784013445579387,43.25157798440591,0,50.0
RECLAIM-V2-000059,C00107,1095.66,0,1,0.07239348110225724,-5.681358495500831,0,50.0
RECLAIM-V2-000945,C00585,545.61,1,0,0.11581834911451983,-73.41816508854802,0,50.0
RECLAIM-V2-006436,C00146,836.96,1,1,0.14710650795073948,37.285991818052565,0,50.0
RECLAIM-V2-006789,C00451,1040.28,0,1,0.2441350745582076,168.9688353614122,1,50.0
RECLAIM-V2-007210,C00500,1914.79,1,1,0.0665559799603096,41.736965263899904,0,50.0
RECLAIM-V2-008902,C00614,2116.02,1,0,-0.17761252684166168,-102.76125268416617,0,50.0
RECLAIM-V2-008790,C00214,461.34,0,0,0.18849604577239065,-66.15039542276094,0,50.0
RECLAIM-V2-009372,C00502,450.44,0,1,0.35618540807386656,75.44015521279246,1,50.0
RECLAIM-V2-002488,C00906,1949.37,0,1,-0.2014665832166923,-477.73291332512343,0,50.0
RECLAIM-V2-002855,C00930,475.94,1,1,0.10061665030829425,-37.502873870471525,0,50.0
RECLAIM-V2-006900,C00216,530.34,1,1,0.3908475545632396,120.6594102947883,1,50.0
RECLAIM-V2-009838,C00659,2282.33,1,1,0.08610304518043133,110.44688224594012,1,50.0
RECLAIM-V2-002421,C00663,601.56,0,1,0.3052152236098883,98.60526991476439,1,50.0
RECLAIM-V2-008723,C00751,436.71,0,1,0.12166067395750935,-31.869567076016097,0,50.0
RECLAIM-V2-007267,C00791,2934.57,0,1,0.09836857216931116,203.6694608308955,1,50.0
RECLAIM-V2-004157,C00350,476.58,1,1,-0.20080349143750764,-179.91922807238467,0,50.0
RECLAIM-V2-004251,C00664,576.66,0,0,0.09452477175731044,-75.54752282426895,0,50.0
RECLAIM-V2-004219,C00014,4415.97,0,1,-0.015841862589260902,-154.95718993829848,0,50.0
RECLAIM-V2-004209,C00365,640.92,1,0,-0.13716661516958578,-98.71666151695858,0,50.0
RECLAIM-V2-000013,C00451,1040.28,1,0,0.24597668026137437,-60.40233197386256,0,50.0
RECLAIM-V2-008335,C00103,564.45,0,1,0.1918521614037506,23.290952504347047,0,50.0
RECLAIM-V2-001781,C00347,2677.85,1,1,-0.05683226059961055,-236.3420793105344,0,50.0
RECLAIM-V2-000402,C00421,684.65,0,0,0.10894237758228864,-74.10576224177113,0,50.0
RECLAIM-V2-004336,C00378,3815.13,0,1,-0.06617491250875418,-337.4658939595233,0,50.0
RECLAIM-V2-000342,C00906,2597.54,0,1,-0.16680359916683785,-518.2790209798279,0,50.0
RECLAIM-V2-009353,C00058,1617.0,1,1,0.15502632755503898,164.19164430688298,1,50.0
RECLAIM-V2-004621,C00700,4176.0,0,1,-0.06943641194845773,-374.9664562967595,0,50.0
RECLAIM-V2-006595,C00241,2129.3,0,1,0.1512318581021082,237.01799545681905,1,50.0
RECLAIM-V2-009006,C00823,3137.03,0,0,0.1574212958185176,-69.25787041814824,0,50.0
RECLAIM-V2-007911,C00847,1699.39,1,1,-0.019926651568897724,-118.6639466702674,0,50.0
RECLAIM-V2-001371,C00015,695.21,1,1,0.29659274115273626,119.86667563775708,1,50.0
RECLAIM-V2-006591,C00674,606.82,0,0,-0.013253944426105058,-86.3253944426105,0,50.0
RECLAIM-V2-007642,C00643,4308.03,1,1,-0.13600302217705007,-667.839571109073,0,50.0
RECLAIM-V2-007722,C00749,654.79,1,0,-0.22438783660917666,-107.43878366091766,0,50.0
RECLAIM-V2-005324,C00945,2012.5,1,1,-0.09231563885187988,-269.7178236151834,0,50.0
RECLAIM-V2-008464,C00404,3583.63,0,0,0.04156908235101686,-80.84309176489832,0,50.0
RECLAIM-V2-004004,C00024,278.71,1,1,0.2973733155655529,-2.8308611181966796,0,50.0
RECLAIM-V2-005643,C00142,1387.59,1,1,-0.11940325789680484,-249.67524790505706,0,50.0
RECLAIM-V2-007103,C00999,1550.87,1,0,0.22724554603205638,-62.27544539679436,0,50.0
RECLAIM-V2-004172,C00523,999.41,0,0,0.1139613954932297,-73.60386045067703,0,50.0
RECLAIM-V2-002487,C00461,2910.04,1,1,0.3613724877302007,960.9889797356909,1,50.0
RECLAIM-V2-001831,C00384,1455.3,1,1,0.14905205604310323,130.68182781768738,1,50.0
RECLAIM-V2-002458,C00193,992.41,0,1,-0.08848144780085443,-172.80987361204595,0,50.0
RECLAIM-V2-008784,C00625,1563.76,0,1,0.3565301417354409,472.527574440213,1,50.0
RECLAIM-V2-008507,C00345,3006.49,0,1,-0.3451120989232638,-1122.5760742918033,0,50.0
RECLAIM-V2-003764,C00713,13412.25,0,0,-0.16712675408567673,-101.71267540856768,0,50.0
RECLAIM-V2-003306,C00736,1193.48,1,1,-0.06731499127120394,-164.83642781653788,0,50.0
RECLAIM-V2-006712,C00577,1162.47,0,1,-0.1473095814172325,-256.24296911009026,0,50.0
RECLAIM-V2-006504,C00448,4929.51,1,0,-0.05423644617803636,-90.42364461780363,0,50.0
RECLAIM-V2-005873,C00291,1956.09,1,1,0.21771345388648355,338.52006100886103,1,50.0
RECLAIM-V2-001259,C00551,732.93,1,1,-0.036363254293961256,-111.46391648838372,0,50.0
RECLAIM-V2-006320,C00886,194.97,0,0,-0.03236779014765906,-88.2367790147659,0,50.0
RECLAIM-V2-008278,C00485,1842.33,0,1,-0.17647569590743092,-410.1264688411372,0,50.0
RECLAIM-V2-000325,C00345,3006.49,1,1,-0.3964275367972753,-1270.4997204433148,0,50.0
RECLAIM-V2-006831,C00635,780.83,0,0,-0.0005448015982003618,-85.05448015982003,0,50.0
RECLAIM-V2-002533,C00062,327.4,0,0,-0.21147813752302091,-106.14781375230208,0,50.0
RECLAIM-V2-003626,C00816,220.56,1,0,0.1251361244035757,-72.48638755964242,0,50.0
RECLAIM-V2-002934,C00329,5939.97,0,0,-0.06161289524897162,-91.16128952489716,0,50.0
RECLAIM-V2-007092,C00840,1312.56,1,1,0.028355994472740287,-47.995506609858445,0,50.0
RECLAIM-V2-004255,C00357,711.4,1,1,-0.13002708850575528,-176.9087373206736,0,50.0
RECLAIM-V2-009138,C00673,2821.82,0,1,0.1471618180517878,330.26416141489585,1,50.0
RECLAIM-V2-001412,C00457,2221.85,1,1,0.018136112705640084,-44.923892707754355,0,50.0
RECLAIM-V2-002184,C00608,1916.91,0,1,-0.014783910821421054,-113.33942649269024,0,50.0
RECLAIM-V2-001911,C00469,564.77,0,1,-0.07462983730301476,-127.14869321362364,0,50.0
RECLAIM-V2-005063,C00664,994.44,1,1,-0.13336368696377637,-216.75902840949084,0,50.0
RECLAIM-V2-006056,C00635,780.83,1,1,-0.005349283438969565,-89.15064729927339,0,50.0
RECLAIM-V2-002205,C00287,3516.47,0,1,-0.026419987945715873,-177.90509501147147,0,50.0
RECLAIM-V2-006565,C00268,1167.93,0,0,-0.043733769386676835,-89.37337693866769,0,50.0
RECLAIM-V2-005386,C00488,6466.34,0,1,0.008280727287609979,-31.454001911036087,0,50.0
RECLAIM-V2-004357,C00437,11801.87,1,0,0.24424475464867007,-60.57552453513299,0,50.0
RECLAIM-V2-001118,C00393,1445.13,0,1,0.05623901505063389,-3.727312179877444,0,50.0
RECLAIM-V2-009687,C00361,2967.37,0,1,0.03136368778255416,8.067666215317743,0,50.0
RECLAIM-V2-002889,C00680,9521.22,0,1,0.24722822470291927,2268.9143176059288,1,50.0
RECLAIM-V2-007934,C00889,199.48,0,1,-0.0522519007326368,-95.42320915814639,0,50.0
RECLAIM-V2-003710,C00825,5740.47,0,1,-0.036019984273795935,-291.77163912419735,0,50.0
RECLAIM-V2-008142,C00927,579.72,1,1,-0.12684609581106926,-158.04069647446403,0,50.0
RECLAIM-V2-007860,C00022,2656.77,0,0,0.22317444233532896,-62.682555766467104,0,50.0
RECLAIM-V2-003822,C00991,1863.01,1,1,0.3717795538987449,603.6082122445081,1,50.0
RECLAIM-V2-000001,C00233,716.96,1,0,-0.299686679841667,-114.9686679841667,0,50.0
RECLAIM-V2-002061,C00096,2866.24,0,1,-0.11984319089872003,-428.49934748154726,0,50.0
RECLAIM-V2-003866,C00512,1053.26,1,1,0.07042107279643284,-11.304790971291652,0,50.0
RECLAIM-V2-007289,C00446,1373.02,1,1,0.08617790790494118,32.60310429422671,0,50.0
RECLAIM-V2-008874,C00525,1481.81,1,0,0.05796702360967054,-79.20329763903294,0,50.0
RECLAIM-V2-002127,C00318,1151.44,1,0,0.18813596757513795,-66.18640324248621,0,50.0
RECLAIM-V2-008268,C00199,1427.3,0,0,-0.22361092023577755,-107.36109202357775,0,50.0
RECLAIM-V2-001175,C00174,1126.75,1,1,-0.2952167304036358,-415.5294486317797,0,50.0
RECLAIM-V2-001340,C00226,3334.56,0,1,0.035920590415525866,34.779363975995935,0,50.0
RECLAIM-V2-007148,C00907,357.06,1,0,-0.33352992555287914,-118.35299255528791,0,50.0
RECLAIM-V2-002668,C00680,965.67,1,1,0.09853082811627911,9.573992634995733,0,50.0
RECLAIM-V2-000397,C00325,695.54,0,0,-0.2609567615079494,-111.09567615079494,0,50.0
RECLAIM-V2-006342,C00542,2549.18,1,0,-0.21972488230905018,-106.97248823090501,0,50.0
RECLAIM-V2-006416,C00096,3570.26,0,1,0.1660250105112035,507.7524540277294,1,50.0
RECLAIM-V2-004836,C00500,1914.79,0,1,-0.004382610734407377,-93.3917792081359,0,50.0
RECLAIM-V2-001254,C00196,2316.16,0,0,0.03642942260733362,-81.35705773926664,0,50.0
RECLAIM-V2-002931,C00201,1893.97,0,1,-0.010037622083044817,-104.0109550966244,0,50.0
RECLAIM-V2-008474,C00289,1110.34,0,1,0.2327320348508669,173.41168757631152,1,50.0
RECLAIM-V2-008701,C00751,436.71,0,0,0.12136697206735614,-72.86330279326438,0,50.0
RECLAIM-V2-003212,C00551,892.61,1,1,-0.3482862205426043,-393.98105828139876,0,50.0
RECLAIM-V2-008648,C00485,1842.33,0,0,-0.17647569590743092,-102.64756959074309,0,50.0
RECLAIM-V2-004739,C00614,2019.19,1,0,-0.12236140665985812,-97.23614066598581,0,50.0
RECLAIM-V2-003469,C00094,2094.96,1,0,0.2808038179212979,-56.919618207870215,0,50.0
RECLAIM-V2-001091,C00461,2910.04,0,0,0.3025595065482694,-54.74404934517306,0,50.0
RECLAIM-V2-000607,C00317,848.44,0,1,0.22165691215705757,103.06259055053394,1,50.0
RECLAIM-V2-006272,C00319,9490.22,1,1,0.18822487913362435,1696.4016655940302,1,50.0
RECLAIM-V2-003922,C00098,429.62,1,1,0.023059659149548828,-75.1772331787143,0,50.0
RECLAIM-V2-009562,C00803,375.2,0,1,-0.08320184543250797,-116.217332406277,0,50.0
RECLAIM-V2-002169,C00942,3584.46,1,1,-0.21458270476812064,-849.9954322663198,0,50.0
RECLAIM-V2-002509,C00676,2035.08,0,1,-0.10499329741402935,-298.66975970134285,0,50.0
RECLAIM-V2-008683,C00361,2967.37,0,1,0.03136368778255416,8.067666215317743,0,50.0
RECLAIM-V2-005217,C00987,378.61,0,0,-0.04657456868953158,-89.65745686895316,0,50.0
RECLAIM-V2-008355,C00517,9465.34,0,1,0.24237763272524418,2209.186702139563,1,50.0
RECLAIM-V2-008330,C00585,545.61,1,1,0.10949473094043205,-25.72152904874357,0,50.0
RECLAIM-V2-003018,C00563,1258.32,1,0,-0.24392774690437102,-109.39277469043711,0,50.0
RECLAIM-V2-007573,C00234,614.39,1,1,-0.18546571498616166,-198.1003406547169,0,50.0
RECLAIM-V2-003137,C00441,2542.15,0,1,-0.25673433060607076,-737.6571785502229,0,50.0
RECLAIM-V2-007085,C00551,892.61,1,1,-0.3274088761535003,-375.29608144442875,0,50.0
RECLAIM-V2-006562,C00612,423.79,0,0,-0.062402035404764855,-91.24020354047649,0,50.0
RECLAIM-V2-007448,C00049,5450.57,1,1,-0.003517232685810723,-104.07947491046826,0,50.0
RECLAIM-V2-008133,C00214,461.34,1,1,0.20191238559763752,7.482596286158383,0,50.0
RECLAIM-V2-007209,C00921,682.19,1,1,-0.028796604653321234,-104.51773534515365,0,50.0
RECLAIM-V2-005334,C00702,3379.59,1,0,0.4053190203337038,-44.46809796662962,0,50.0
RECLAIM-V2-005885,C00907,357.06,1,1,-0.3658345729558625,-214.6059335835663,0,50.0
RECLAIM-V2-002221,C00268,1167.93,1,0,0.01692774906550054,-83.30722509344994,0,50.0
RECLAIM-V2-004239,C00586,662.72,0,1,-0.041633398026715174,-112.59128554026468,0,50.0
RECLAIM-V2-006750,C00401,476.02,0,0,0.21958562092747014,-63.041437907252984,0,50.0
RECLAIM-V2-000705,C00550,3335.14,1,1,0.20403073828230323,591.7626749850432,1,50.0
RECLAIM-V2-008536,C00053,320.46,0,1,0.2667641259723552,0.48723180910094754,0,50.0
RECLAIM-V2-008946,C00233,716.96,0,1,-0.25985541890034725,-271.305941134793,0,50.0
RECLAIM-V2-005515,C00987,378.61,0,0,-0.048504115907090584,-89.85041159070906,0,50.0
RECLAIM-V2-002894,C00361,492.75,1,0,0.04045007747972945,-80.95499225202705,0,50.0
RECLAIM-V2-000148,C00124,628.72,1,1,0.10710341354278641,-18.105735541735214,0,50.0
RECLAIM-V2-007108,C00179,3695.33,0,0,-0.15318542279142588,-100.31854227914259,0,50.0
RECLAIM-V2-003030,C00138,2920.97,1,1,-0.22795506471432114,-747.2927007869833,0,50.0
RECLAIM-V2-003513,C00450,541.39,1,1,0.2353746104067147,41.55693841604409,0,50.0
RECLAIM-V2-003337,C00008,2585.76,1,1,0.2018917589367108,434.1305787768433,1,50.0
RECLAIM-V2-009924,C00062,327.4,1,1,-0.17674178748841607,-142.31082223635627,0,50.0
RECLAIM-V2-008960,C00551,732.93,0,1,-0.05315381149201637,-123.95802305684356,0,50.0
RECLAIM-V2-006652,C00931,1724.42,0,1,-0.020234071223234285,-119.89203709876966,0,50.0
RECLAIM-V2-006553,C00378,1892.78,1,1,0.37665537466058646,623.7961481878236,1,50.0
RECLAIM-V2-006282,C00516,1115.69,1,1,0.03998784737084682,-40.64901662135666,0,50.0
RECLAIM-V2-001012,C00140,2923.79,0,1,0.11000010074438715,236.6171945554317,1,50.0
RECLAIM-V2-004332,C00450,541.39,1,1,0.23308404285543627,40.32533906884167,0,50.0
RECLAIM-V2-002788,C00846,3097.95,0,0,-0.20897489962796822,-105.89748996279683,0,50.0
RECLAIM-V2-009145,C00492,4040.65,0,1,-0.204856838362242,-912.7547839283932,0,50.0
RECLAIM-V2-001315,C00024,278.71,0,1,0.3087143017061529,1.0417630285218706,0,50.0
RECLAIM-V2-000540,C00884,1266.75,0,1,0.27116226636069507,258.4948009124105,1,50.0
RECLAIM-V2-000689,C00931,3936.84,0,1,0.2309472351990371,824.2023134209772,1,50.0
RECLAIM-V2-003273,C00323,304.35,0,0,0.2150301303547244,-63.49698696452756,0,50.0
RECLAIM-V2-009707,C00275,1303.25,1,1,-0.18844344696427795,-329.07831247446785,0,50.0
RECLAIM-V2-002078,C00182,913.32,0,1,-0.045710174081248334,-126.74801619188574,0,50.0
RECLAIM-V2-001619,C00232,479.53,0,1,-0.017565529529991686,-93.42319837551692,0,50.0
RECLAIM-V2-004609,C00629,1620.58,0,0,0.17794256131193015,-67.20574386880699,0,50.0
RECLAIM-V2-007952,C00587,2053.36,0,1,-0.31153937702034784,-724.7024951985015,0,50.0
RECLAIM-V2-000119,C00752,5469.4,0,1,-0.15103367246491495,-911.0635681796058,0,50.0
RECLAIM-V2-009401,C00113,1988.54,0,0,0.08063202380369983,-76.93679761963001,0,50.0
RECLAIM-V2-002345,C00708,2317.59,0,1,-0.25033524560912895,-665.1744618712612,0,50.0
RECLAIM-V2-004116,C00842,20646.44,1,1,0.058429093619853295,1119.8336192425677,1,50.0
RECLAIM-V2-001468,C00491,26703.03,1,1,-0.1091328087809193,-2996.3392138328472,0,50.0
RECLAIM-V2-000106,C00981,2134.77,0,0,-0.05496390045133365,-90.49639004513337,0,50.0
RECLAIM-V2-005813,C00307,3019.33,0,0,0.05233155912718429,-79.76684408728157,0,50.0
RECLAIM-V2-005703,C00646,5312.11,1,1,-0.02470400981341858,-215.57576130990338,0,50.0
RECLAIM-V2-002099,C00096,3570.26,0,1,0.17410626444285432,536.6046316897451,1,50.0
RECLAIM-V2-009074,C00563,1258.32,1,1,-0.1906426482346843,-323.4993671927999,0,50.0
RECLAIM-V2-002418,C00166,2249.89,0,1,0.16068539359123163,276.5244601869761,1,50.0
RECLAIM-V2-009531,C00882,1031.94,1,0,0.13522562182818965,-71.47743781718104,0,50.0
RECLAIM-V2-009429,C00380,1149.3,1,1,-0.09015164914244339,-188.0030822584707,0,50.0
RECLAIM-V2-006914,C00918,2616.95,0,0,0.038706622031857985,-81.1293377968142,0,50.0
RECLAIM-V2-008124,C00888,624.2,0,1,-0.10995945722039069,-153.63669319696788,0,50.0
RECLAIM-V2-000919,C00270,477.65,1,1,-0.29250319102414046,-223.57682366018108,0,50.0
RECLAIM-V2-007770,C00270,1014.55,0,1,0.04044676627171634,-43.96473327903019,0,50.0
RECLAIM-V2-005168,C00625,1301.5,0,1,-0.234012690418688,-389.5675165799224,0,50.0
RECLAIM-V2-008137,C00427,3359.61,1,1,-0.2935114376926049,-1065.7132742239812,0,50.0
RECLAIM-V2-003567,C00397,5641.17,0,1,0.11702420555773052,575.1534376661027,1,50.0
RECLAIM-V2-003288,C00988,5159.02,0,1,0.0009925829979432477,-79.87924446195083,0,50.0
RECLAIM-V2-003060,C00936,446.49,1,1,-0.018246133603086467,-93.08773647787677,0,50.0
RECLAIM-V2-006898,C00429,3634.57,1,0,0.10741030231640236,-74.25896976835976,0,50.0
RECLAIM-V2-007431,C00614,2116.02,0,0,-0.12673870272608861,-97.67387027260887,0,50.0
RECLAIM-V2-003616,C00393,1445.13,0,1,0.011907315807410612,-67.7923807072367,0,50.0
RECLAIM-V2-007744,C00599,1340.14,0,1,0.18600177326318745,164.26841642092805,1,50.0
RECLAIM-V2-001116,C00702,3379.59,0,1,0.32608229446694637,1017.0244615575473,1,50.0
RECLAIM-V2-005928,C00664,1148.73,1,1,-0.34363104273014916,-477.421960234097,0,50.0
RECLAIM-V2-009092,C00791,2934.57,0,0,0.087996709360596,-76.2003290639404,0,50.0
RECLAIM-V2-007795,C00323,304.35,0,1,0.25515322998488577,-7.3441144541000085,0,50.0
RECLAIM-V2-006764,C00899,2486.33,1,1,0.28641380982471454,623.129030827838,1,50.0
RECLAIM-V2-006077,C00246,1015.34,1,0,0.1495345381501611,-70.0465461849839,0,50.0
RECLAIM-V2-009784,C00384,5768.13,0,0,0.05319149765195719,-79.68085023480428,0,50.0
RECLAIM-V2-006093,C00214,1261.28,0,1,0.20327357132106005,171.38489003582663,1,50.0
RECLAIM-V2-001257,C00493,4379.85,0,1,0.013255877953932405,-26.941242943469156,0,50.0
RECLAIM-V2-000363,C00834,4328.96,0,1,-0.0057563766460184684,-109.9191242455481,0,50.0
RECLAIM-V2-001605,C00969,2152.95,0,0,-0.006770646489258625,-85.67706464892586,0,50.0
RECLAIM-V2-007649,C00809,685.21,1,1,-0.10149849018868112,-154.04779382459225,0,50.0
RECLAIM-V2-000714,C00351,2132.52,1,1,-0.1080807473159141,-314.1698123688286,0,50.0
RECLAIM-V2-009891,C00977,386.63,0,1,0.07124806587181409,-57.453360291980516,0,50.0
RECLAIM-V2-005705,C00695,4222.16,0,1,-0.09844577714306668,-500.6538224223704,0,50.0
RECLAIM-V2-006741,C00352,3864.42,1,1,0.021286275016794698,-3.1841180466254286,0,50.0
RECLAIM-V2-009920,C00945,2012.5,0,1,-0.039130689307627864,-163.75051223160108,0,50.0
RECLAIM-V2-001988,C00921,682.19,1,0,-0.07459108023307826,-92.45910802330782,0,50.0
RECLAIM-V2-004724,C00909,846.45,1,1,0.06038836096543265,-34.20023886247092,0,50.0
RECLAIM-V2-001659,C00318,1151.44,1,1,0.188393390819465,130.65067410471949,1,50.0
RECLAIM-V2-006970,C00435,2261.81,1,0,0.1327143145660839,-71.72856854339162,0,50.0
RECLAIM-V2-004543,C00214,461.34,1,1,0.19331081837310488,3.5427920651338525,0,50.0
RECLAIM-V2-007003,C00571,2503.51,0,1,-0.008782922017018802,-106.98813309882675,0,50.0
RECLAIM-V2-008080,C00643,2736.12,0,0,0.08089737896183935,-76.91026210381607,0,50.0
RECLAIM-V2-004273,C00413,3034.85,1,0,0.24112550306732883,-60.887449693267115,0,50.0
RECLAIM-V2-003852,C00770,1593.55,0,1,0.21286242160143998,254.20691194297467,1,50.0
RECLAIM-V2-001123,C00056,1210.33,0,1,-0.004129441274692058,-89.99798665799804,0,50.0
RECLAIM-V2-007325,C00937,3733.84,0,1,-0.029411244541520998,-194.81688131891275,0,50.0
RECLAIM-V2-003859,C00155,2026.14,0,0,0.12214098153574038,-72.78590184642596,0,50.0
RECLAIM-V2-004762,C00187,406.05,1,1,0.3924408690871376,72.96520051473735,1,50.0
RECLAIM-V2-005260,C00614,2019.19,1,0,-0.10755430698742013,-95.75543069874202,0,50.0
RECLAIM-V2-006119,C00980,2588.01,1,0,0.05078953032361422,-79.92104696763857,0,50.0
RECLAIM-V2-008636,C00797,3451.27,1,1,-0.01025749665185638,-120.21412602065224,0,50.0
RECLAIM-V2-009299,C00550,3335.14,0,1,0.2948040662648431,898.2128335625289,1,50.0
RECLAIM-V2-009485,C00147,801.96,0,1,0.17085151917809582,52.016084320065744,1,50.0
RECLAIM-V2-006234,C00126,1056.42,0,0,0.2297395658159428,-62.02604341840572,0,50.0
RECLAIM-V2-001858,C00241,1332.24,0,1,0.2495015995650589,247.39601100455405,1,50.0
RECLAIM-V2-006435,C00304,753.19,0,1,0.013478289989383274,-74.84828676289641,0,50.0
RECLAIM-V2-005412,C00360,1580.83,1,1,-0.04322023035430944,-152.9389973368937,0,50.0
RECLAIM-V2-004554,C00185,1958.08,0,0,-0.014179527709989426,-86.41795277099894,0,50.0
RECLAIM-V2-005921,C00551,732.93,1,1,-0.028353364934327607,-105.63459655510866,0,50.0
RECLAIM-V2-004162,C00320,1483.74,0,0,-0.00517886152080238,-85.51788615208024,0,50.0
RECLAIM-V2-005647,C00687,1096.94,1,1,-0.20692559038890146,-310.5396439500122,0,50.0
RECLAIM-V2-002993,C00315,405.46,1,1,-0.0790695893972772,-116.82018834903764,0,50.0
RECLAIM-V2-002101,C00110,1381.58,1,0,-0.06460365217760655,-91.46036521776065,0,50.0
RECLAIM-V2-002843,C00659,2282.33,0,1,0.00844293553622999,-65.73043493759621,0,50.0
RECLAIM-V2-000210,C00780,961.12,0,1,-0.03566725200359866,-119.28050924569874,0,50.0
RECLAIM-V2-007859,C00445,2268.19,1,1,0.024577153396868057,-29.56994043466935,0,50.0
RECLAIM-V2-008871,C00222,1680.46,0,1,0.31419650397218535,442.99465706509864,1,50.0
RECLAIM-V2-000071,C00449,1378.31,1,1,-0.08821243053212302,-205.84383610529864,0,50.0
RECLAIM-V2-008242,C00005,300.35,1,0,0.4698179717577183,-38.01820282422817,0,50.0
RECLAIM-V2-008009,C00246,1015.34,0,1,0.129260655013825,46.24351346173708,0,50.0
RECLAIM-V2-001449,C00461,2910.04,1,1,0.3180866731625473,835.6986309849268,1,50.0
RECLAIM-V2-006260,C00174,2138.02,0,1,0.03851090501505877,-2.6629148597040455,0,50.0
RECLAIM-V2-009585,C00816,1526.22,1,1,-0.09955839208975947,-236.08871073726678,0,50.0
RECLAIM-V2-003758,C00492,1736.04,1,1,0.07298244247585739,40.95746357489473,0,50.0
RECLAIM-V2-009518,C00597,3091.65,0,1,0.14785497798241087,372.11584267932056,1,50.0
RECLAIM-V2-000881,C00145,1789.21,1,1,-0.164612058464308,-377.88830136083556,0,50.0
RECLAIM-V2-002519,C00518,909.83,1,1,-0.19425056795365564,-260.55994341813766,0,50.0
RECLAIM-V2-003739,C00429,3634.57,1,0,0.10554966419483164,-74.44503358051684,0,50.0
RECLAIM-V2-009711,C00779,1130.98,1,1,0.0245611703451587,-57.38525969556241,0,50.0
RECLAIM-V2-004799,C00041,1350.33,1,1,-0.07564616054946877,-186.52307433406614,0,50.0
RECLAIM-V2-007773,C00089,956.35,1,0,-0.02797489564464281,-87.79748956446429,0,50.0
RECLAIM-V2-007058,C00089,956.35,0,0,0.004632970242427398,-84.53670297575727,0,50.0
RECLAIM-V2-006639,C00315,405.46,1,1,-4.043346348764354e-05,-85.01627174788169,0,50.0
RECLAIM-V2-004129,C00816,1526.22,0,0,-0.14678255817267538,-99.67825581726754,0,50.0
RECLAIM-V2-003388,C00810,2936.81,0,1,0.08870418473259645,175.50733676453655,1,50.0
RECLAIM-V2-004938,C00452,2794.57,0,1,-0.1394178444086709,-474.6129254491394,0,50.0
RECLAIM-V2-003753,C00145,5457.57,0,1,0.002270487619909778,-72.608654880209,0,50.0
RECLAIM-V2-006326,C00064,2156.79,0,0,-0.07092118459513524,-92.09211845951353,0,50.0
RECLAIM-V2-001975,C00097,321.38,0,1,-0.21870180944747108,-155.28638752022826,0,50.0
RECLAIM-V2-000995,C00834,3654.98,0,1,-0.09868177197945915,-445.6799029494836,0,50.0
RECLAIM-V2-002181,C00138,2920.97,0,0,-0.19162768682743847,-104.16276868274385,0,50.0
RECLAIM-V2-008504,C00024,278.71,0,0,0.2716499802500734,-57.83500197499266,0,50.0
RECLAIM-V2-001522,C00683,795.89,0,0,-0.4202610039749525,-127.02610039749524,0,50.0
RECLAIM-V2-007702,C00619,1390.62,1,1,0.05256425112897101,-12.34743196624865,0,50.0
RECLAIM-V2-008670,C00601,1063.72,1,1,0.15946349508916186,83.53719120862829,1,50.0
RECLAIM-V2-004949,C00014,4415.97,0,0,-0.018682408925277394,-86.86824089252774,0,50.0
RECLAIM-V2-001774,C00446,1373.02,1,1,0.05816981642407604,-5.618274984784151,0,50.0
RECLAIM-V2-000539,C00825,5740.47,0,0,-0.04597081379138368,-89.59708137913837,0,50.0
RECLAIM-V2-000975,C00441,2542.15,1,1,-0.2817297641579195,-797.3365935901269,0,50.0
RECLAIM-V2-008405,C00807,742.49,0,1,0.09188675252028439,-16.77500512121405,0,50.0
RECLAIM-V2-002505,C00931,3936.84,0,0,0.21427334989557745,-63.57266501044225,0,50.0
RECLAIM-V2-004909,C00708,2317.59,0,1,-0.23669904142971587,-633.5713314270953,0,50.0
RECLAIM-V2-003952,C00598,430.14,1,1,0.09567641464063736,-44.1471946860845,0,50.0
RECLAIM-V2-009021,C00131,3070.19,1,1,-0.03250169132181291,-184.2549341495984,0,50.0
RECLAIM-V2-008582,C00485,3873.91,1,0,-0.2513216341888599,-110.132163418886,0,50.0
RECLAIM-V2-004820,C00991,1863.01,1,0,0.365610359293021,-48.4389640706979,0,50.0
RECLAIM-V2-001542,C00669,462.25,1,1,0.29695474483440143,51.13556202845194,1,50.0
RECLAIM-V2-006422,C00882,1031.94,0,1,0.09118333652537675,9.095732293997287,0,50.0
RECLAIM-V2-006108,C00635,780.83,0,0,0.0009340458149191266,-84.90659541850809,0,50.0
RECLAIM-V2-002471,C00214,1261.28,0,0,0.18882335505558218,-66.11766449444178,0,50.0
RECLAIM-V2-009187,C00378,3815.13,1,1,-0.05983319719212288,-312.04031867977767,0,50.0
RECLAIM-V2-005181,C00279,455.06,1,0,0.26172831274826536,-58.827168725173465,0,50.0
RECLAIM-V2-006558,C00170,6529.86,1,1,0.057051725680115795,286.0564365818779,1,50.0
RECLAIM-V2-003484,C00534,712.32,0,1,0.13091591011082032,8.254021090139531,0,50.0
RECLAIM-V2-001826,C00586,662.72,1,1,-0.06539894295274035,-128.05908259331915,0,50.0
RECLAIM-V2-005594,C00872,550.87,1,1,0.12938211050122694,-14.213022514749397,0,50.0
RECLAIM-V2-008433,C00180,974.15,1,1,-0.08257925987656423,-164.9597838188347,0,50.0
RECLAIM-V2-007308,C00441,604.98,0,1,-0.12001399006301738,-157.60606370832426,0,50.0
RECLAIM-V2-008015,C00201,1893.97,0,1,0.07549865507396969,57.99218775044636,1,50.0
RECLAIM-V2-004719,C00466,1308.32,0,1,-0.034317346049494435,-129.89807018347454,0,50.0
RECLAIM-V2-004376,C00670,415.77,1,1,-0.1313124218096337,-139.125818154998,0,50.0
RECLAIM-V2-004058,C00625,1301.5,1,0,-0.25208572814518976,-110.20857281451897,0,50.0
RECLAIM-V2-005194,C00991,1863.01,0,0,0.3286210402202293,-52.13789597797707,0,50.0
RECLAIM-V2-002620,C00166,2249.89,1,0,0.16660939769940913,-68.33906023005909,0,50.0
RECLAIM-V2-007580,C00840,1312.56,0,1,0.028799251979792384,-47.19925382140371,0,50.0
RECLAIM-V2-001368,C00380,1149.3,0,1,-0.056900380862751954,-150.3956077255608,0,50.0
RECLAIM-V2-005146,C00492,2608.61,1,1,-0.025725050640402314,-151.73250365334397,0,50.0
RECLAIM-V2-008673,C00630,257.66,1,1,0.1323451432409951,-51.268968355424064,0,50.0
RECLAIM-V2-005586,C00193,992.41,1,1,-0.14850710941690193,-231.42028009002016,0,50.0
RECLAIM-V2-006266,C00840,796.3,1,1,0.16787337619444742,47.84130824012584,0,50.0
RECLAIM-V2-003039,C00187,406.05,1,1,0.37812621919815553,67.39233432968584,1,50.0
RECLAIM-V2-007181,C00098,429.62,1,0,0.017348854291550142,-83.26511457084499,0,50.0
RECLAIM-V2-004557,C00512,4270.86,0,0,-0.3232283849686136,-117.32283849686135,0,50.0
RECLAIM-V2-000034,C00525,1481.81,1,0,0.0369853629776975,-81.30146370223025,0,50.0
RECLAIM-V2-008818,C00863,2625.56,1,1,0.20358124524999716,446.6386191619397,1,50.0
RECLAIM-V2-005942,C00630,257.66,1,1,0.1445593901166975,-48.083622794935756,0,50.0
RECLAIM-V2-003812,C00246,1015.34,1,1,0.054558854646198085,-29.93575031555779,0,50.0
RECLAIM-V2-003454,C00655,1519.27,0,0,0.21744582222677078,-63.25541777732292,0,50.0
RECLAIM-V2-004633,C00324,898.63,1,1,0.07781746483434704,-15.537263315282686,0,50.0
RECLAIM-V2-005536,C00488,6466.34,0,0,0.004012684170000336,-84.59873158299996,0,50.0
RECLAIM-V2-005897,C00401,674.42,1,1,0.2699365340805411,95.73543952690468,1,50.0
RECLAIM-V2-003025,C00138,2431.37,0,1,0.08719419609465451,127.00135255866013,1,50.0
RECLAIM-V2-002633,C00941,1648.54,1,1,0.30087573220066377,408.22477543207117,1,50.0
RECLAIM-V2-001362,C00139,3318.78,1,1,0.08701487783336459,202.20879775778462,1,50.0
RECLAIM-V2-005667,C00014,4415.97,1,0,0.0018099110632818771,-84.8190088936718,0,50.0
RECLAIM-V2-003588,C00233,716.96,1,1,-0.3208984867527737,-313.60012368020455,0,50.0
RECLAIM-V2-009658,C00817,1224.74,1,1,-0.045222268467144694,-140.0407600743378,0,50.0
RECLAIM-V2-004749,C00254,1638.4,0,1,0.36601252102274195,514.6749144436604,1,50.0
RECLAIM-V2-006661,C00611,1701.9,1,1,0.29550832227770313,414.96772313258435,1,50.0
RECLAIM-V2-003769,C00147,801.96,0,0,0.10309907885736669,-74.69009211426334,0,50.0
RECLAIM-V2-007754,C00780,961.12,1,1,-0.05555839617232611,-138.04795670624185,0,50.0
RECLAIM-V2-006519,C00622,765.39,1,1,-0.12811748488172692,-182.44142505997513,0,50.0
RECLAIM-V2-000648,C00986,714.87,0,0,0.11424590706942805,-73.57540929305719,0,50.0
RECLAIM-V2-002580,C00870,2792.35,1,1,-0.004155139999941659,-96.54043701294296,0,50.0
RECLAIM-V2-002364,C00270,1014.55,1,1,-0.027979504216296636,-113.21669346841423,0,50.0
RECLAIM-V2-001461,C00921,682.19,0,1,-0.05961438545355979,-125.66833761256396,0,50.0
RECLAIM-V2-002315,C00971,873.23,0,0,0.1468388959894089,-70.3161104010591,0,50.0
RECLAIM-V2-009147,C00758,221.27,0,1,-0.031082551765467148,-91.87763622914491,0,50.0
RECLAIM-V2-004402,C00855,10270.54,1,1,-0.040051541520616296,-495.3096191696145,0,50.0
RECLAIM-V2-000048,C00319,9490.22,1,1,0.15753481264044245,1405.944124487928,1,50.0
RECLAIM-V2-009078,C00027,3722.97,0,1,0.048451616028012956,95.38391292381138,1,50.0
RECLAIM-V2-000084,C00899,2486.33,1,0,0.24009689794347439,-60.99031020565256,0,50.0
RECLAIM-V2-008303,C00450,1138.94,1,1,-0.028853165101848433,-117.65443399414099,0,50.0
RECLAIM-V2-002517,C00735,759.17,1,1,-0.17533244689878386,-217.17859937324081,0,50.0
RECLAIM-V2-002470,C00418,1620.69,1,0,0.10939666026969186,-74.06033397303082,0,50.0
RECLAIM-V2-002831,C00625,1301.5,0,1,-0.23260853618646044,-387.7400098466783,0,50.0
RECLAIM-V2-004070,C00597,3091.65,0,1,0.1642136317970212,422.6910747452606,1,50.0
RECLAIM-V2-001291,C00493,4379.85,1,0,-0.04475242979442867,-89.47524297944287,0,50.0
RECLAIM-V2-009565,C00254,1638.4,1,1,0.3687893927169724,515.8346289296333,1,50.0
RECLAIM-V2-000739,C00449,1378.31,1,1,-0.08729023045030193,-204.62414231384557,0,50.0
RECLAIM-V2-009132,C00519,2765.46,0,1,0.038812845246401606,22.335371015113793,0,50.0
RECLAIM-V2-001312,C00339,3284.72,0,0,0.02255563445495523,-82.74443655450447,0,50.0
RECLAIM-V2-005116,C00670,415.77,1,1,-0.13721514667622087,-141.62747667922827,0,50.0
RECLAIM-V2-005513,C00762,3682.97,0,1,0.17162159540394323,547.0771872248607,1,50.0
RECLAIM-V2-007142,C00525,1256.01,0,1,0.02883822750781856,-48.77889786790481,0,50.0
RECLAIM-V2-008979,C00124,628.72,1,0,0.10907990861037126,-74.09200913896288,0,50.0
RECLAIM-V2-006062,C00244,765.01,1,1,0.12208464548196496,7.745867798734267,0,50.0
RECLAIM-V2-009809,C00201,1893.97,1,1,0.09468675602775989,93.29517580328528,1,50.0
RECLAIM-V2-001336,C00779,362.46,1,1,0.1786957639691888,-20.732479488738377,0,50.0
RECLAIM-V2-008123,C00034,4606.37,0,1,0.1296648004851945,512.2840470109853,1,50.0
RECLAIM-V2-009972,C00270,1014.55,1,1,0.053845331262927565,-30.725131068255244,0,50.0
RECLAIM-V2-005380,C00089,2161.46,0,0,0.23933104324949606,-61.06689567505039,0,50.0
RECLAIM-V2-002946,C00502,2879.41,1,1,0.07276214276082671,123.35533806537603,1,50.0
RECLAIM-V2-001736,C00550,3335.14,1,1,0.20529604813998087,596.062310635468,1,50.0
RECLAIM-V2-001220,C00783,1101.5,0,1,0.23799980187760122,177.15678176817772,1,50.0
RECLAIM-V2-006223,C00086,1444.36,0,1,-0.2801795414457602,-489.68012248259816,0,50.0
RECLAIM-V2-000566,C00646,5312.11,0,0,0.04455760061179248,-80.54423993882075,0,50.0
RECLAIM-V2-002446,C00108,850.16,0,1,0.17215782647786265,61.361697758419695,1,50.0
RECLAIM-V2-007368,C00625,1301.5,0,1,-0.23783373608790426,-394.5406075184074,0,50.0
RECLAIM-V2-000129,C00551,3444.56,1,1,-0.14758668595506141,-590.6079589695669,0,50.0
RECLAIM-V2-002759,C00542,1878.39,1,1,0.01940559471652592,-48.76008970779754,0,50.0
RECLAIM-V2-003246,C00265,4494.92,1,1,0.056497439123040505,167.596965558938,1,50.0
RECLAIM-V2-000249,C00930,475.94,1,1,0.13025996773321413,-23.44431057000201,0,50.0
RECLAIM-V2-009935,C00098,429.62,1,0,0.018000135178568133,-83.19998648214319,0,50.0
RECLAIM-V2-000893,C00488,6466.34,0,0,-0.0017559814232789295,-85.1755981423279,0,50.0
RECLAIM-V2-001286,C00339,3284.72,1,0,0.016879472100355675,-83.31205278996443,0,50.0
RECLAIM-V2-001402,C00826,2641.52,1,0,0.024839935373215216,-82.51600646267848,0,50.0
RECLAIM-V2-008462,C00214,2059.37,0,1,-0.18050816396772162,-456.7330976302069,0,50.0
RECLAIM-V2-008810,C00418,250.75,1,1,0.05567294228108122,-71.16548261668487,0,50.0
RECLAIM-V2-006059,C00619,1390.62,0,0,-0.006710030853605553,-85.67100308536055,0,50.0
RECLAIM-V2-004232,C00229,3025.42,0,1,0.05472682299479187,80.57162482490321,1,50.0
RECLAIM-V2-003853,C00173,1623.52,0,1,-0.08763485452824749,-227.27693902370035,0,50.0
RECLAIM-V2-007078,C00488,6466.34,0,1,0.006269627497796637,-44.45845692589769,0,50.0
RECLAIM-V2-007810,C00643,5643.7,1,1,-0.10679502855526785,-684.9424319149282,0,50.0
RECLAIM-V2-005525,C00643,2736.12,1,1,0.11645408827755654,231.86451708548174,1,50.0
RECLAIM-V2-006731,C00929,6160.93,1,0,0.18417890274153437,-66.58210972584656,0,50.0
RECLAIM-V2-005819,C00695,1487.07,1,1,0.1399832462754203,121.9840783623199,1,50.0
RECLAIM-V2-009611,C00677,1307.58,0,1,-0.2192994234092842,-371.75154006151183,0,50.0
RECLAIM-V2-001361,C00819,1874.26,0,1,0.22258040124435347,332.17354283624195,1,50.0
RECLAIM-V2-005177,C00762,3682.97,0,1,0.1830994372690246,589.3497344786996,1,50.0
RECLAIM-V2-007474,C00547,3119.61,0,1,-0.04878780787316561,-237.1989333192062,0,50.0
RECLAIM-V2-007937,C00446,1373.02,1,1,0.07346792487211473,15.295097631999298,0,50.0
RECLAIM-V2-002187,C00595,2678.26,0,0,0.19093765277020225,-65.90623472297978,0,50.0
RECLAIM-V2-007318,C00296,1175.18,0,0,0.053439621551878924,-79.6560378448121,0,50.0
RECLAIM-V2-008372,C00131,3070.19,0,0,-0.05206679512498391,-90.2066795124984,0,50.0
RECLAIM-V2-009314,C00734,3776.6,1,1,-0.13255792187144477,-582.9163196181927,0,50.0
RECLAIM-V2-006216,C00551,1518.16,1,0,0.12188597328985373,-72.81140267101463,0,50.0
RECLAIM-V2-002198,C00663,601.56,1,1,0.3343013013415418,114.76247807950125,1,50.0
RECLAIM-V2-001457,C00107,4300.34,0,0,0.11095271579022276,-73.90472842097772,0,50.0
RECLAIM-V2-004570,C00227,807.29,0,1,-0.03673185886384722,-114.65326234219522,0,50.0
RECLAIM-V2-008699,C00551,892.61,1,1,-0.33445859416771784,-381.71392171717866,0,50.0
RECLAIM-V2-007632,C00635,780.83,0,0,-0.0002759857976672997,-85.02759857976673,0,50.0
RECLAIM-V2-009945,C00709,439.8,0,1,0.2684458037646179,33.06246449567895,0,50.0
RECLAIM-V2-005389,C00053,320.46,1,1,0.27581869258991687,2.671095243638021,0,50.0
RECLAIM-V2-006567,C00673,2821.82,1,1,0.17197705863435547,397.6038964896675,1,50.0
RECLAIM-V2-007700,C00319,9490.22,0,0,0.21977661659432524,-63.02233834056747,0,50.0
RECLAIM-V2-006622,C00901,3396.35,1,0,-0.2603915786496058,-111.03915786496059,0,50.0
RECLAIM-V2-009002,C00624,653.51,0,1,-0.2787908112752436,-267.1925830764844,0,50.0
RECLAIM-V2-003440,C00458,3505.26,0,0,0.07236658549671554,-77.76334145032844,0,50.0
RECLAIM-V2-005860,C00571,2503.51,0,1,-0.008910852151463255,-107.30840746970978,0,50.0
RECLAIM-V2-004367,C00735,759.17,0,1,-0.20103044975599477,-237.61628654125855,0,50.0
RECLAIM-V2-003544,C00551,3444.56,1,1,-0.1554491611386568,-617.5435189376049,0,50.0
RECLAIM-V2-008688,C00451,2852.75,1,1,-0.015119652576356446,-127.90180629018849,0,50.0
RECLAIM-V2-008178,C00485,337.94,0,1,0.08976438653382546,-54.665023214759024,0,50.0
RECLAIM-V2-006083,C00324,898.63,1,1,0.09913410950073387,3.490759232290145,0,50.0
RECLAIM-V2-001088,C00482,3974.88,1,1,0.07472406882894023,210.4593866044151,1,50.0
RECLAIM-V2-009165,C00497,2531.67,0,1,0.06500781519444465,79.57833549331968,1,50.0
RECLAIM-V2-009750,C00345,3006.49,0,1,-0.3449075630959393,-1121.9611393723105,0,50.0
RECLAIM-V2-007446,C00908,645.37,0,0,0.2730908751440899,-57.69091248559101,0,50.0
RECLAIM-V2-009027,C00627,2525.76,0,1,0.25906202715829885,569.3285057153449,1,50.0
RECLAIM-V2-008029,C00360,1580.83,1,1,-0.035729406678377096,-141.1639779629036,0,50.0
RECLAIM-V2-006373,C00687,1096.94,0,1,-0.14412996586647375,-243.10192475756972,0,50.0
RECLAIM-V2-008851,C00550,1991.77,0,0,0.19073870395512277,-65.92612960448773,0,50.0
RECLAIM-V2-008222,C00542,1878.39,0,1,-0.010635846629963419,-104.97826795125698,0,50.0
RECLAIM-V2-007197,C00268,1167.93,0,1,-0.04705996110589428,-139.9627403744071,0,50.0
RECLAIM-V2-005492,C00004,3532.84,0,1,-0.06268262834636379,-306.44769672716785,0,50.0
RECLAIM-V2-000544,C00043,291.86,0,1,0.1974858637755908,-27.361775798456065,0,50.0
RECLAIM-V2-001349,C00270,1014.55,1,1,-0.04225709804862959,-127.61532203306234,0,50.0
RECLAIM-V2-000980,C00938,3438.61,0,1,-0.15387744747687315,-614.1245296684508,0,50.0
RECLAIM-V2-001586,C00521,1900.6,0,1,0.02818811225431167,-31.425673849455244,0,50.0
RECLAIM-V2-003000,C00840,796.3,1,1,0.20275477974183698,75.44360817314083,1,50.0
RECLAIM-V2-001790,C00664,994.44,1,0,-0.12816086929348264,-97.81608692934826,0,50.0
RECLAIM-V2-007614,C00135,503.45,0,0,-0.1225932513950303,-97.25932513950303,0,50.0
RECLAIM-V2-006438,C00659,2282.33,1,1,0.12284331474257337,193.78287265162152,1,50.0
RECLAIM-V2-000258,C00542,1414.13,0,1,0.006307359518420319,-76.08057368421628,0,50.0
RECLAIM-V2-005374,C00889,199.48,0,1,-0.0712735802525376,-99.2176537887762,0,50.0
RECLAIM-V2-007989,C00828,1357.13,0,0,0.009891775602143937,-84.01082243978561,0,50.0
RECLAIM-V2-001422,C00746,3856.22,0,0,0.07114765704125114,-77.88523429587488,0,50.0
RECLAIM-V2-000846,C00461,1153.86,1,1,0.17869013522279675,119.88444722820117,1,50.0
RECLAIM-V2-005969,C00173,1623.52,1,0,-0.10091406228628225,-95.09140622862823,0,50.0
RECLAIM-V2-001938,C00232,479.53,0,0,-0.036761638002456465,-88.67616380024565,0,50.0
RECLAIM-V2-006314,C00764,1192.7,0,0,0.06339709573772007,-78.66029042622799,0,50.0
RECLAIM-V2-006195,C00064,2156.79,1,0,-0.11497641663755936,-96.49764166375594,0,50.0
RECLAIM-V2-009110,C00394,527.85,0,0,-0.240303822669571,-109.0303822669571,0,50.0
RECLAIM-V2-003754,C00973,3200.52,1,1,0.10706967402127271,255.85817025904964,1,50.0
RECLAIM-V2-002137,C00378,5035.89,0,0,-0.14165635862306863,-99.16563586230686,0,50.0
RECLAIM-V2-003148,C00820,1501.11,0,1,-0.04217141650589762,-148.30393503116795,0,50.0
RECLAIM-V2-000361,C00275,1303.25,1,1,-0.07377646232237534,-180.5946521867051,0,50.0
RECLAIM-V2-000576,C00089,956.35,0,0,-0.03604971680478289,-88.60497168047829,0,50.0
RECLAIM-V2-000529,C00823,3137.03,1,0,0.18775770004787584,-66.22422999521241,0,50.0
RECLAIM-V2-007947,C00935,1080.42,1,1,0.276770776118124,212.11838235969867,1,50.0
RECLAIM-V2-005090,C00318,1151.44,1,1,0.3710937481039883,339.5990837681161,1,50.0
RECLAIM-V2-004555,C00241,2129.3,0,0,0.12672293035658688,-72.32770696434132,0,50.0
RECLAIM-V2-005422,C00517,5498.96,1,1,0.033585550660287844,98.79558256639882,1,50.0
RECLAIM-V2-004524,C00783,4342.18,0,1,-0.15432163337047883,-755.0923099886259,0,50.0
RECLAIM-V2-009270,C00797,3451.27,1,1,0.017073777227130105,-26.394026610816766,0,50.0
RECLAIM-V2-006818,C00981,988.27,0,1,0.0008879312417945373,-84.12248419167172,0,50.0
RECLAIM-V2-006842,C00999,4416.1,0,1,0.14841334852082183,570.4081884028013,1,50.0
RECLAIM-V2-005304,C00441,2542.15,0,1,-0.25320177214929107,-728.6768850693203,0,50.0
RECLAIM-V2-007868,C00153,1318.64,0,1,-0.20609692022758624,-356.76764288890433,0,50.0
RECLAIM-V2-006570,C00109,584.8,1,1,0.08117943465701005,-37.84481471417463,0,50.0
RECLAIM-V2-003045,C00816,2283.32,0,1,-0.07426306181667197,-254.56633430724347,0,50.0
RECLAIM-V2-004985,C00418,2455.74,1,1,-0.17945000843262154,-523.2997008813518,0,50.0
RECLAIM-V2-003778,C00433,4802.65,0,1,0.0034503011110615933,-68.42941136896005,0,50.0
RECLAIM-V2-009591,C00243,2470.25,1,1,0.20850969878415704,427.2872183056719,1,50.0
RECLAIM-V2-001022,C00625,1563.76,1,1,0.34210759211159447,446.78613601105747,1,50.0
RECLAIM-V2-004002,C00361,2967.37,1,0,-0.0007078346258225232,-85.07078346258226,0,50.0
RECLAIM-V2-000537,C00497,642.01,1,0,0.0060424165370529526,-84.3957583462947,0,50.0
RECLAIM-V2-001069,C00550,3335.14,1,1,0.2081700417321135,605.5966817757967,1,50.0
RECLAIM-V2-009481,C00418,250.75,0,1,0.05226722447268617,-71.89399346347395,0,50.0
RECLAIM-V2-001028,C00502,2879.41,0,0,0.13004683325116734,-71.99531667488327,0,50.0
RECLAIM-V2-001845,C00795,1539.43,1,1,0.2702434134991395,328.6704705392663,1,50.0
RECLAIM-V2-000144,C00073,2150.05,1,0,-0.007395390612044694,-85.73953906120447,0,50.0
RECLAIM-V2-003978,C00413,3034.85,1,0,0.24980837924682237,-60.019162075317766,0,50.0
RECLAIM-V2-009530,C00516,484.89,1,1,0.02941212461639542,-70.83907524489864,0,50.0
RECLAIM-V2-009719,C00986,714.87,1,1,0.053112926360995516,-47.300675910195054,0,50.0
RECLAIM-V2-007097,C00614,2019.19,0,1,-0.0761648276719159,-238.79125838685587,0,50.0
RECLAIM-V2-004320,C00807,742.49,1,1,0.16389109746120312,35.83322680300705,0,50.0
RECLAIM-V2-001971,C00449,601.75,1,1,-0.03610717531955776,-106.56469452182182,0,50.0
RECLAIM-V2-007968,C00126,1056.42,1,1,0.2327741283229121,159.4449342913535,1,50.0
RECLAIM-V2-006693,C00206,1318.74,1,0,0.28259477021381596,-56.7405229786184,0,50.0
RECLAIM-V2-007611,C00241,2129.3,0,1,0.16054985250494774,256.85880093878524,1,50.0
RECLAIM-V2-000156,C00062,327.4,0,1,-0.19746996141114304,-149.65166536600822,0,50.0
RECLAIM-V2-008872,C00246,1015.34,1,1,0.22810213616740593,145.10106361728174,1,50.0
RECLAIM-V2-005096,C00594,3160.42,0,1,-0.015206770279221682,-133.05978092585778,0,50.0
RECLAIM-V2-006116,C00463,1115.13,0,1,-0.06888172571178053,-161.81207879297784,0,50.0
RECLAIM-V2-004265,C00097,321.38,0,1,-0.24793948814355893,-164.68279269957696,0,50.0
RECLAIM-V2-007647,C00113,1988.54,1,1,0.044874335198798077,3.7433641284380315,0,50.0
RECLAIM-V2-000750,C00907,357.06,1,0,-0.31233775433454325,-116.23377543345433,0,50.0
RECLAIM-V2-003206,C00906,2597.54,1,0,-0.2576520722487608,-110.76520722487608,0,50.0
RECLAIM-V2-008088,C00196,2534.22,1,1,0.04630059060143654,31.702902709801208,0,50.0
RECLAIM-V2-005707,C00138,2920.97,0,1,-0.22678968902803298,-747.4458779602135,0,50.0
RECLAIM-V2-009447,C00961,2674.62,0,1,0.043956957224181525,32.56815693094039,0,50.0
RECLAIM-V2-008422,C00669,462.25,0,0,0.24690339824395086,-60.30966017560492,0,50.0
RECLAIM-V2-009198,C00315,405.46,1,1,0.0014013073316885283,-84.4360681069788,0,50.0
RECLAIM-V2-007931,C00146,836.96,1,1,0.16154649240383623,49.370366028499376,0,50.0
RECLAIM-V2-008511,C00789,2871.05,0,0,0.21149168478859587,-63.850831521140414,0,50.0
RECLAIM-V2-000779,C00779,1130.98,1,1,0.05512667403744248,-23.01969670018508,0,50.0
RECLAIM-V2-008575,C00816,220.56,1,1,0.11722938586783505,-59.39039660559318,0,50.0
RECLAIM-V2-002554,C00138,2823.82,1,1,0.19350314161054516,458.49244799436565,1,50.0
RECLAIM-V2-003263,C00919,1459.62,0,1,-0.03850599816618594,-141.2041250433283,0,50.0
RECLAIM-V2-004880,C00008,2585.76,1,1,0.19734269022992607,422.4334164801441,1,50.0
RECLAIM-V2-009150,C00834,4328.96,0,0,-0.06826774537105135,-91.82677453710514,0,50.0
RECLAIM-V2-005727,C00373,1267.85,1,0,0.31193983927154845,-53.80601607284515,0,50.0
RECLAIM-V2-001935,C00012,1604.18,0,1,0.08384154826380974,49.4969348938383,0,50.0
RECLAIM-V2-005081,C00613,1094.02,1,1,0.2054054479817296,138.28597168799436,1,50.0
RECLAIM-V2-003849,C00789,2871.05,0,1,0.14707164875598278,337.2500571608644,1,50.0
RECLAIM-V2-007046,C00841,799.13,0,1,0.07155112756300824,-27.821347430573226,0,50.0
RECLAIM-V2-002507,C00911,2130.1,1,1,0.16158150255441778,257.3022532956551,1,50.0
RECLAIM-V2-004436,C00980,912.46,0,1,0.25204632589367815,144.98219052494557,1,50.0
RECLAIM-V2-004229,C00260,4436.97,1,1,-0.09840301304670829,-519.3297577008174,0,50.0
RECLAIM-V2-001093,C00345,3006.49,1,1,-0.4011980440066149,-1284.7657197448139,0,50.0
RECLAIM-V2-000717,C00841,2860.12,0,0,0.15274224269713582,-69.72577573028641,0,50.0
RECLAIM-V2-009345,C00899,3761.39,1,1,0.05492540088885656,120.50794898020064,1,50.0
RECLAIM-V2-004966,C00906,1949.37,1,0,-0.24286527394212343,-109.28652739421234,0,50.0
RECLAIM-V2-005372,C00461,896.6,0,1,-0.09956643425686429,-174.27126495470452,0,50.0
RECLAIM-V2-009143,C00064,2156.79,0,0,-0.05325807325687748,-90.32580732568775,0,50.0
RECLAIM-V2-002504,C00547,3119.61,1,1,0.048676388982351826,66.01907850059487,1,50.0
RECLAIM-V2-004685,C00525,1256.01,0,0,0.03344104011119525,-81.65589598888047,0,50.0
RECLAIM-V2-003554,C00206,1318.74,0,1,0.24342277618701214,236.0113518688604,1,50.0
RECLAIM-V2-008375,C00817,1224.74,0,0,-0.02216107651380403,-87.2161076513804,0,50.0
RECLAIM-V2-004000,C00502,450.44,1,1,0.3642195424826226,77.87453591981054,1,50.0
RECLAIM-V2-004189,C00069,1617.79,1,1,-0.1435911083296415,-315.9233711863932,0,50.0
RECLAIM-V2-007392,C00378,208.77,1,1,0.3119428006008756,-20.5132658115633,0,50.0
RECLAIM-V2-008096,C00449,601.75,0,0,-0.004847050038244705,-85.48470500382447,0,50.0
RECLAIM-V2-008289,C00173,1623.52,1,1,-0.10099231232649009,-248.04223140143517,0,50.0
RECLAIM-V2-000831,C00249,2414.38,1,0,0.04184544263639206,-80.81545573636079,0,50.0
RECLAIM-V2-004361,C00158,2223.9,1,1,-0.19522727609613394,-516.7998823375452,0,50.0
RECLAIM-V2-009175,C00431,1216.68,0,1,-0.26732721507780277,-410.25167604086107,0,50.0
RECLAIM-V2-007555,C00570,2600.33,0,1,-0.1984885656995632,-601.1357720455451,0,50.0
RECLAIM-V2-007144,C00630,257.66,1,1,0.1451177213578435,-47.94104079672119,0,50.0
RECLAIM-V2-006819,C00517,1370.52,1,0,0.060249355926493,-78.9750644073507,0,50.0
RECLAIM-V2-005197,C00401,476.02,0,1,0.22593730084635716,22.55067394888293,0,50.0
RECLAIM-V2-008329,C00265,4494.92,0,1,0.03961838386243344,93.0814659909293,1,50.0
RECLAIM-V2-002591,C00056,1210.33,0,1,0.010975315185532075,-71.71624677149497,0,50.0
RECLAIM-V2-002575,C00851,242.71,0,1,0.2566300616878057,-22.713317727752674,0,50.0
RECLAIM-V2-003945,C00373,1267.85,0,1,0.2554624468115529,238.8880631900273,1,50.0
RECLAIM-V2-002899,C00567,3027.33,1,1,0.39789724941446514,1112.9466027954215,1,50.0
RECLAIM-V2-000294,C00070,4775.68,0,1,0.20433290880480465,890.8285859209295,1,50.0
RECLAIM-V2-001852,C00005,806.92,1,1,0.09782366602206771,-6.556630442427817,0,50.0
RECLAIM-V2-002340,C00677,1307.58,1,0,-0.2616852124218353,-111.16852124218353,0,50.0
RECLAIM-V2-007600,C00517,9465.34,1,0,0.22619696108905,-62.380303891095,0,50.0
RECLAIM-V2-008821,C00816,2283.32,1,1,-0.08240654059069696,-272.0960899393564,0,50.0
RECLAIM-V2-006441,C00275,1303.25,1,1,-0.1877365022235148,-328.1626537868464,0,50.0
RECLAIM-V2-000811,C00196,2534.22,0,1,0.0718333696249977,97.04156197106167,1,50.0
RECLAIM-V2-003718,C00278,2000.63,0,0,0.07701620039789742,-77.29837996021026,0,50.0
RECLAIM-V2-005510,C00174,2138.02,1,0,0.0038594037599384845,-84.61405962400615,0,50.0
RECLAIM-V2-005904,C00595,2678.26,0,1,0.20137033423991602,454.32211138139746,1,50.0
RECLAIM-V2-001775,C00109,584.8,0,1,0.07028425584392228,-43.897767182474254,0,50.0
RECLAIM-V2-009239,C00525,1481.81,1,0,0.0540701572160277,-79.59298427839722,0,50.0
RECLAIM-V2-003282,C00997,2374.4,1,1,0.21027585782023026,411.46718803758256,1,50.0
RECLAIM-V2-008976,C00397,5641.17,1,1,0.14354722575558043,721.0420756459625,1,50.0
RECLAIM-V2-003701,C00899,2486.33,0,1,0.20357286625672188,421.1493245600753,1,50.0
RECLAIM-V2-008753,C00043,1063.04,0,1,0.24474082835064032,175.16929016986467,1,50.0
RECLAIM-V2-006378,C00931,1124.12,0,0,0.32478686854861416,-52.521313145138585,0,50.0
RECLAIM-V2-004277,C00565,1133.12,1,1,0.31287667619460396,267.4413085567869,1,50.0
RECLAIM-V2-000820,C00124,718.44,0,0,0.00463870795423954,-84.53612920457604,0,50.0
RECLAIM-V2-008659,C00936,446.49,1,0,0.04211826870080809,-80.78817312991919,0,50.0
RECLAIM-V2-000223,C00221,1710.16,1,1,0.0269133627593392,-39.23088768853037,0,50.0
RECLAIM-V2-003850,C00517,1370.52,1,0,0.02889637121452493,-82.1103628785475,0,50.0
RECLAIM-V2-001930,C00024,278.71,0,1,0.3082773053680298,0.9199677791235672,0,50.0
RECLAIM-V2-000558,C00223,1697.93,0,1,-0.06598377727449722,-197.03583494768708,0,50.0
RECLAIM-V2-001016,C00378,5035.89,0,0,-0.13867068209832273,-98.86706820983227,0,50.0
RECLAIM-V2-008438,C00438,605.88,0,1,0.03766644823204801,-62.17865234516675,0,50.0
RECLAIM-V2-002932,C00378,5035.89,0,1,-0.15056844981831363,-843.2461507555474,0,50.0
RECLAIM-V2-009525,C00294,1806.14,0,1,-0.07789527990992612,-225.68978085651398,0,50.0
RECLAIM-V2-004451,C00918,2616.95,1,1,0.04732136105899465,38.14746560263086,0,50.0
RECLAIM-V2-000944,C00416,1013.71,0,0,0.16788855432638433,-68.21114456736157,0,50.0
RECLAIM-V2-000786,C00056,1210.33,1,1,-0.006304828949085239,-92.58646417488752,0,50.0
RECLAIM-V2-003390,C00124,718.44,0,1,0.0008620849199604264,-84.38064371010363,0,50.0
RECLAIM-V2-005827,C00886,194.97,1,1,-0.005589847948813287,-86.076018619384,0,50.0
RECLAIM-V2-000483,C00157,10058.29,0,1,0.1087489475196341,1008.8284513472606,1,50.0
RECLAIM-V2-000405,C00261,10458.95,1,0,0.12255768754875329,-72.74423124512467,0,50.0
RECLAIM-V2-000170,C00319,9490.22,0,1,0.1914553550202388,1731.9534393201707,1,50.0
RECLAIM-V2-005189,C00186,4692.25,0,1,-0.08854008975802863,-500.45223616710985,0,50.0
RECLAIM-V2-007418,C00073,2150.05,1,1,0.0545964941777502,31.74366985115971,0,50.0
RECLAIM-V2-000050,C00525,1481.81,0,0,0.013592768331535332,-83.64072316684647,0,50.0
RECLAIM-V2-005401,C00350,476.58,0,1,-0.1749101244941444,-168.35866713141934,0,50.0
RECLAIM-V2-007873,C00495,2950.24,0,1,-0.28846791952562495,-936.0495949012796,0,50.0
RECLAIM-V2-007825,C00384,1455.3,0,1,0.18791234799244055,188.46884003339875,1,50.0
RECLAIM-V2-006577,C00834,3654.98,0,1,-0.06540263257911832,-324.04531402402586,0,50.0
RECLAIM-V2-006816,C00174,2138.02,1,1,0.0013974233759244115,-82.02931560450095,0,50.0
RECLAIM-V2-008662,C00935,1080.42,0,0,0.2437236799482761,-60.62763200517239,0,50.0
RECLAIM-V2-006923,C00449,1378.31,1,1,-0.15064068961185773,-291.3654600200072,0,50.0
RECLAIM-V2-000364,C00463,1115.13,1,1,-0.006553020706283719,-92.26110309923774,0,50.0
RECLAIM-V2-004740,C00155,2026.14,1,1,0.12026204239252158,157.32913385792523,1,50.0
RECLAIM-V2-004031,C00497,1042.99,0,1,-0.21124990401355392,-305.3315373870966,0,50.0
RECLAIM-V2-007341,C00601,1063.72,1,0,0.15742952216003853,-69.25704778399614,0,50.0
RECLAIM-V2-008623,C00449,601.75,1,1,-0.015732527840843447,-94.39611459332514,0,50.0
RECLAIM-V2-008451,C00550,1991.77,0,0,0.19962300310865477,-65.03769968913453,0,50.0
RECLAIM-V2-003590,C00779,243.65,1,0,0.18615631468856475,-66.38436853114352,0,50.0
RECLAIM-V2-009810,C00512,1053.26,0,0,0.14061951290292313,-70.93804870970769,0,50.0
RECLAIM-V2-001993,C00163,1453.5,0,0,-0.09695608089098051,-94.69560808909804,0,50.0
RECLAIM-V2-002249,C00365,695.04,1,1,0.21533436369991665,63.594664619710244,1,50.0
RECLAIM-V2-002420,C00681,1069.78,0,1,0.07450893290797128,-5.291833753710478,0,50.0
RECLAIM-V2-006376,C00107,1095.66,1,0,0.1046610236247224,-74.53389763752776,0,50.0
RECLAIM-V2-006608,C00482,5256.59,1,1,0.2544821385242656,1246.0917289436384,1,50.0
RECLAIM-V2-000435,C00395,2350.94,1,1,-0.11816288018436971,-361.22762801266236,0,50.0
RECLAIM-V2-007192,C00594,3160.42,0,1,-0.02685984174977396,-169.88838106282063,0,50.0
RECLAIM-V2-000485,C00635,780.83,0,1,0.02915504960671511,-62.23486261558864,0,50.0
RECLAIM-V2-001953,C00347,1432.74,0,1,-0.10783038274999779,-239.49290258123185,0,50.0
RECLAIM-V2-002612,C00418,250.75,0,0,0.0332932621685208,-81.67067378314792,0,50.0
RECLAIM-V2-000872,C00080,3465.69,1,1,0.1835853655570695,547.7933376813572,1,50.0
RECLAIM-V2-000287,C00590,12853.93,1,1,0.22331331249910868,2779.6475408066913,1,50.0
RECLAIM-V2-008501,C00708,2317.59,0,1,-0.24080333852148994,-643.08340932402,0,50.0
RECLAIM-V2-005605,C00875,3584.35,0,1,0.07593705849447918,187.18499561468644,1,50.0
RECLAIM-V2-008128,C00512,1053.26,0,1,0.14249878365832974,65.08826887597237,1,50.0
RECLAIM-V2-007680,C00080,3465.69,1,1,0.15343681471098425,443.9521753891215,1,50.0
RECLAIM-V2-007464,C00663,601.56,1,1,0.4052216516399661,157.14108942509534,1,50.0
RECLAIM-V2-002650,C00669,462.25,1,0,0.2543804445471661,-59.561955545283396,0,50.0
RECLAIM-V2-005051,C00384,5768.13,0,1,0.10227153621730334,504.91551620111386,1,50.0
RECLAIM-V2-002827,C00012,1604.18,0,1,0.07350619003681269,32.91715993325418,0,50.0
RECLAIM-V2-008208,C00749,654.79,0,1,-0.19798963553026216,-214.64163344886035,0,50.0
RECLAIM-V2-009605,C00655,1519.27,0,0,0.2017867995839533,-64.82132004160468,0,50.0
RECLAIM-V2-007154,C00527,1246.89,0,1,-0.3052754731169335,-465.6449346747732,0,50.0
RECLAIM-V2-000255,C00140,2923.79,1,1,0.15257377755976864,358.6343559996789,1,50.0
RECLAIM-V2-007894,C00506,1156.07,0,1,-0.0810303961536265,-178.67681008132297,0,50.0
RECLAIM-V2-002467,C00973,3200.52,0,0,0.10837987548278205,-74.1620124517218,0,50.0
RECLAIM-V2-006303,C00070,4775.68,0,0,0.2014054448884663,-64.85945551115337,0,50.0
RECLAIM-V2-009685,C00590,12853.93,1,1,0.25246503673743526,3153.477586196879,1,50.0
RECLAIM-V2-004910,C00158,2223.9,1,0,-0.1900924637519511,-104.00924637519512,0,50.0
RECLAIM-V2-006268,C00480,1638.01,0,0,0.13783017430363825,-71.21698256963617,0,50.0
RECLAIM-V2-001290,C00702,3379.59,1,1,0.34243972167029263,1066.0056700824005,1,50.0
RECLAIM-V2-006245,C00254,1638.4,1,1,0.3687838385915343,515.6411881847407,1,50.0
RECLAIM-V2-003531,C00573,3723.21,1,0,-0.03803790583821259,-88.80379058382125,0,50.0
RECLAIM-V2-007084,C00758,221.27,0,0,-0.05745508787585685,-90.74550878758569,0,50.0
RECLAIM-V2-006499,C00249,2414.38,0,0,0.056672215543350446,-79.33277844566496,0,50.0
RECLAIM-V2-003815,C00492,1736.04,1,1,0.06493131704639726,27.06234985143176,0,50.0
RECLAIM-V2-005845,C00103,564.45,0,1,0.1951744292422693,25.166206585798918,0,50.0
RECLAIM-V2-006691,C00210,3165.66,0,1,0.14184244332977824,364.02494915134577,1,50.0
RECLAIM-V2-009529,C00103,564.45,0,0,0.19839527103961374,-65.16047289603863,0,50.0
RECLAIM-V2-009029,C00275,624.01,1,0,0.20666003295968943,-64.33399670403105,0,50.0
RECLAIM-V2-009097,C00168,1417.61,0,1,0.04653542435427377,-19.03091708113797,0,50.0
RECLAIM-V2-006930,C00131,3070.19,1,1,-0.01870868603307463,-142.12396163897637,0,50.0
RECLAIM-V2-000088,C00516,1115.69,0,0,0.11449224367077371,-73.55077563292264,0,50.0
RECLAIM-V2-008854,C00163,1453.5,0,1,-0.13660183068810405,-283.5507609051592,0,50.0
RECLAIM-V2-003395,C00991,1863.01,1,1,0.38675177849792486,631.533066926624,1,50.0
RECLAIM-V2-001223,C00315,405.46,1,1,-0.04763209402432789,-104.14489615785197,0,50.0
RECLAIM-V2-005127,C00918,2616.95,0,1,0.032974460004406014,1.292513108530315,0,50.0
RECLAIM-V2-003685,C00966,1272.63,1,0,-0.14809457216424304,-99.8094572164243,0,50.0
RECLAIM-V2-001089,C00590,517.86,0,1,0.1066532946296962,-29.768524843065528,0,50.0
RECLAIM-V2-005957,C00625,1563.76,0,1,0.3278873910889995,427.73718668933384,1,50.0
RECLAIM-V2-001451,C00534,712.32,1,0,0.12185369204289531,-72.81463079571047,0,50.0
RECLAIM-V2-001588,C00004,3532.84,0,1,-0.026613350039952632,-179.02070755514626,0,50.0
RECLAIM-V2-001321,C00649,1075.92,0,1,-0.008585007783708132,-94.23678157464725,0,50.0
RECLAIM-V2-002594,C00339,3284.72,0,0,0.009595766889062718,-84.04042331109373,0,50.0
RECLAIM-V2-005337,C00320,1483.74,0,1,0.021836003590649078,-52.60104803241034,0,50.0
RECLAIM-V2-000788,C00961,2674.62,1,1,0.08029751403392754,128.5710640294453,1,50.0
RECLAIM-V2-004843,C00378,5035.89,0,1,-0.1753295393030635,-967.9402736809045,0,50.0
RECLAIM-V2-000162,C00846,3097.95,1,1,-0.2207816025722023,-765.2193414562531,0,50.0
RECLAIM-V2-001526,C00466,1308.32,0,0,-0.017544743606597746,-86.75447436065977,0,50.0
RECLAIM-V2-008994,C00064,2156.79,0,1,-0.054096423312618824,-201.67462483642316,0,50.0
RECLAIM-V2-009690,C00762,3682.97,0,0,0.14097654726387288,-70.90234527361271,0,50.0
RECLAIM-V2-002639,C00872,550.87,0,1,0.08239792782156563,-39.60945350093414,0,50.0
RECLAIM-V2-006997,C00254,1638.4,1,1,0.3618156275463545,504.29200710976795,1,50.0
RECLAIM-V2-008893,C00985,1154.57,0,0,0.0271003658489819,-82.28996341510181,0,50.0
RECLAIM-V2-008771,C00324,898.63,1,1,0.10860432113998164,11.998521279351607,0,50.0
RECLAIM-V2-002063,C00153,1318.64,0,1,-0.15800574846597248,-293.35270015717,0,50.0
RECLAIM-V2-009964,C00321,641.17,1,1,-0.09606143756376256,-146.18769192558008,0,50.0
RECLAIM-V2-001939,C00249,2414.38,1,0,0.03747905559352693,-81.25209444064731,0,50.0
RECLAIM-V2-004046,C00270,1014.55,0,1,0.014783562749427936,-70.0013364125679,0,50.0
RECLAIM-V2-005757,C00244,765.01,0,1,0.11052213412072387,-0.44946217630503327,0,50.0
RECLAIM-V2-004118,C00485,1842.33,0,1,-0.19887194807407052,-451.38775609530234,0,50.0
RECLAIM-V2-002878,C00073,2150.05,1,0,-0.043712752147314016,-89.3712752147314,0,50.0
RECLAIM-V2-005131,C00929,6160.93,1,0,0.15721432510018762,-69.27856748998124,0,50.0
RECLAIM-V2-002273,C00138,2431.37,0,1,0.09449907640238575,144.76221939246864,1,50.0
RECLAIM-V2-004983,C00126,1056.42,0,1,0.21574806790787948,142.92057389924204,1,50.0
RECLAIM-V2-005176,C00418,250.75,0,1,0.03472351582018196,-76.29307840808937,0,50.0
RECLAIM-V2-006660,C00238,3526.31,1,1,-0.1980665841065679,-779.7538887357207,0,50.0
RECLAIM-V2-000095,C00695,1487.07,0,1,0.2124148700022851,230.87578073429808,1,50.0
RECLAIM-V2-007634,C00739,10016.59,1,0,-0.254330059610306,-110.4330059610306,0,50.0
RECLAIM-V2-004246,C00357,711.4,1,1,-0.10720276844364118,-160.72192507078682,0,50.0
RECLAIM-V2-002275,C00373,1267.85,0,1,0.24539434389469722,226.12321890689185,1,50.0
RECLAIM-V2-006000,C00234,614.39,0,1,-0.20009475431898033,-207.93621610603833,0,50.0
RECLAIM-V2-006793,C00435,2261.81,0,1,0.11873490537827935,183.55579633364601,1,50.0
RECLAIM-V2-000189,C00266,1542.26,0,0,-0.00673733109286101,-85.6737331092861,0,50.0
RECLAIM-V2-008274,C00005,615.14,0,1,0.36683607645649896,140.65554407145078,1,50.0
RECLAIM-V2-009242,C00653,903.18,0,0,-0.15943446203084288,-100.94344620308429,0,50.0
RECLAIM-V2-006024,C00434,2024.57,1,0,-0.32637183712402634,-117.63718371240263,0,50.0
RECLAIM-V2-000639,C00014,4415.97,0,1,-0.028295088607223073,-209.9502624368389,0,50.0
RECLAIM-V2-009309,C00441,604.98,1,1,-0.09726303794832425,-143.40208717756482,0,50.0
RECLAIM-V2-000515,C00117,4928.56,1,1,-0.042514969668967284,-293.4261185626235,0,50.0
RECLAIM-V2-003280,C00244,765.01,1,1,0.08823216864674499,-17.971349373205967,0,50.0
RECLAIM-V2-006481,C00192,205.28,0,0,0.2209316259762521,-62.90683740237479,0,50.0
RECLAIM-V2-004813,C00842,1318.42,0,0,0.13821848236706996,-71.178151763293,0,50.0
RECLAIM-V2-008993,C00024,278.71,1,0,0.2751003479109674,-57.48996520890326,0,50.0
RECLAIM-V2-001512,C00179,3695.33,0,1,-0.12348347858798625,-541.3122029305432,0,50.0
RECLAIM-V2-005858,C00587,2053.36,0,1,-0.31929531232159947,-740.6282225086795,0,50.0
RECLAIM-V2-007062,C00749,654.79,0,0,-0.19696659193383137,-104.69665919338314,0,50.0
RECLAIM-V2-009438,C00795,852.16,0,0,0.036709516889182225,-81.32904831108178,0,50.0
RECLAIM-V2-005158,C00818,3488.31,0,1,-0.20426015083504923,-797.5227267594106,0,50.0
RECLAIM-V2-002290,C00270,1014.55,1,0,-0.044933397846884604,-89.49333978468846,0,50.0
RECLAIM-V2-002020,C00157,10058.29,0,1,0.08600519683109153,780.0652112341998,1,50.0
RECLAIM-V2-008115,C00426,959.03,1,0,-0.24782743027963933,-109.78274302796393,0,50.0
RECLAIM-V2-003294,C00747,2357.39,1,0,0.18044916793119553,-66.95508320688045,0,50.0
RECLAIM-V2-006126,C00611,856.0,1,0,0.12265180352400695,-72.73481964759931,0,50.0
RECLAIM-V2-009496,C00945,2691.95,0,1,-0.06667840841445583,-264.49494153129433,0,50.0
RECLAIM-V2-000049,C00041,1350.33,1,0,0.007955377022639931,-84.204462297736,0,50.0
RECLAIM-V2-005099,C00851,242.71,1,1,0.2713958001929653,-19.865971408779018,0,50.0
RECLAIM-V2-009295,C00937,3733.84,0,1,-0.025102586477356192,-178.72904149261166,0,50.0
RECLAIM-V2-006944,C00451,1040.28,1,1,0.3121566783315475,237.63846257057122,1,50.0
RECLAIM-V2-006204,C00418,250.75,1,0,0.031409507843331186,-81.85904921566689,0,50.0
RECLAIM-V2-005578,C00614,2116.02,0,1,-0.14568889654230405,-393.2806188614462,0,50.0
RECLAIM-V2-007701,C00495,2950.24,1,1,-0.3510059285366984,-1114.8474630602734,0,50.0
RECLAIM-V2-003542,C00911,2130.1,1,1,0.14491136694596785,221.98741285100215,1,50.0
RECLAIM-V2-006674,C00945,2012.5,1,1,-0.09649586379419006,-278.08219246068717,0,50.0
RECLAIM-V2-002791,C00003,1205.58,0,1,0.10606944879366642,42.87520607666836,0,50.0
RECLAIM-V2-005816,C00459,5537.97,0,1,0.3561333983094795,1887.2560758359482,1,50.0
RECLAIM-V2-004362,C00182,913.32,1,1,-0.06245640764298388,-141.69501638970462,0,50.0
RECLAIM-V2-004790,C00146,836.96,1,1,0.1535419145914056,42.63558576035361,0,50.0
RECLAIM-V2-003403,C00449,601.75,1,1,-0.03191848362534566,-104.06303505850597,0,50.0
RECLAIM-V2-003022,C00734,3776.6,0,1,-0.07187791807158855,-356.45414538916134,0,50.0
RECLAIM-V2-005473,C00585,545.61,0,1,0.09767582650714723,-31.707092299435395,0,50.0
RECLAIM-V2-007991,C00630,257.66,0,1,0.14161254977415527,-48.512110425191146,0,50.0
RECLAIM-V2-001844,C00906,1949.37,1,1,-0.21794880457239973,-507.52059805887995,0,50.0
RECLAIM-V2-009811,C00012,1604.18,0,0,0.05791818227684897,-79.2081817723151,0,50.0
RECLAIM-V2-004126,C00216,530.34,1,1,0.3841125249263614,117.11551649970974,1,50.0
RECLAIM-V2-002762,C00625,1563.76,1,1,0.3277394505670704,424.61557455210107,1,50.0
RECLAIM-V2-003214,C00372,1831.75,0,0,0.008038525222178072,-84.19614747778219,0,50.0
RECLAIM-V2-002343,C00347,1432.74,1,0,-0.15585919011553678,-100.58591901155367,0,50.0
RECLAIM-V2-001919,C00201,1893.97,1,1,0.021240574431836245,-45.00399515876618,0,50.0
RECLAIM-V2-003008,C00427,555.68,1,1,0.10556954606364444,-26.735998616200945,0,50.0
RECLAIM-V2-000479,C00395,2350.94,1,1,-0.12078196351375398,-367.350220611239,0,50.0
RECLAIM-V2-004562,C00318,9629.4,0,0,-0.20041857109714978,-105.04185710971498,0,50.0
RECLAIM-V2-003840,C00254,1638.4,1,0,0.3936551766855757,-45.63448233144243,0,50.0
RECLAIM-V2-008011,C00347,1788.51,1,0,-0.05311666218224481,-90.31166621822447,0,50.0
RECLAIM-V2-000348,C00124,628.72,1,1,0.1067647507407764,-18.37063871079893,0,50.0
RECLAIM-V2-004522,C00228,3043.84,0,1,-0.030196204013646033,-176.91241362489635,0,50.0
RECLAIM-V2-009233,C00296,1175.18,1,1,0.03490055749144977,-44.22553559045352,0,50.0
RECLAIM-V2-006617,C00271,10751.67,1,1,0.29468152690760563,3075.6568127070987,1,50.0
RECLAIM-V2-000548,C00921,682.19,0,1,-0.05525014686956298,-122.69109769294717,0,50.0
RECLAIM-V2-005720,C00054,103.68,1,1,0.27108638381594446,-57.305381291149004,0,50.0
RECLAIM-V2-007253,C00894,3138.11,0,0,-0.17977275821712624,-102.97727582171262,0,50.0
RECLAIM-V2-000585,C00622,3107.28,0,1,0.11854827009589153,283.36266870356184,1,50.0
RECLAIM-V2-000618,C00795,1539.43,0,0,0.2026891886529636,-64.73108113470364,0,50.0
RECLAIM-V2-006412,C00622,765.39,0,0,-0.09848799555705717,-94.84879955570571,0,50.0
RECLAIM-V2-008146,C00241,1332.24,0,1,0.3101885878292826,328.24564424968344,1,50.0
RECLAIM-V2-008950,C00936,446.49,0,0,0.049670659958107044,-80.0329340041893,0,50.0
RECLAIM-V2-006962,C00096,2866.24,0,0,-0.14473255221714892,-99.4732552217149,0,50.0
RECLAIM-V2-002258,C00107,1095.66,0,1,0.08427543044597124,7.3372181224328585,0,50.0
RECLAIM-V2-002228,C00649,1075.92,1,0,0.07676807619363563,-77.32319238063644,0,50.0
RECLAIM-V2-003664,C00921,682.19,1,1,-0.05780541906407688,-124.17930201810192,0,50.0
RECLAIM-V2-004396,C00528,1022.9,1,0,0.024719160203760415,-82.52808397962396,0,50.0
RECLAIM-V2-004212,C00174,1126.75,0,1,-0.24804873485234724,-364.48891199488224,0,50.0
RECLAIM-V2-001882,C00518,909.83,1,1,-0.17568777989955847,-243.87109494218564,0,50.0
RECLAIM-V2-009829,C00287,3516.47,0,0,-0.016925113058758767,-86.69251130587588,0,50.0
RECLAIM-V2-007771,C00463,1115.13,1,0,-0.05461990738462319,-90.46199073846232,0,50.0
RECLAIM-V2-009408,C00005,806.92,1,0,0.07611033735500494,-77.3889662644995,0,50.0
RECLAIM-V2-004482,C00062,327.4,1,1,-0.19942996651821876,-149.66775923309717,0,50.0
RECLAIM-V2-009018,C00652,373.36,0,1,0.007983312049184343,-82.01935061331653,0,50.0
RECLAIM-V2-009179,C00441,2542.15,1,1,-0.27789553041926074,-787.5030187464182,0,50.0
RECLAIM-V2-001755,C00384,1455.3,0,1,0.08914032535054994,44.725915482655324,0,50.0
RECLAIM-V2-002597,C00415,553.95,1,0,-0.0363015474522555,-88.63015474522555,0,50.0
RECLAIM-V2-004493,C00279,455.06,1,1,0.22242871001399178,15.489888025058264,0,50.0
RECLAIM-V2-003061,C00163,1453.5,1,0,-0.1287824238099019,-97.87824238099019,0,50.0
RECLAIM-V2-004587,C00168,1417.61,1,0,0.09476911825650242,-75.52308817434977,0,50.0
RECLAIM-V2-000560,C00372,1831.75,1,1,0.04389247743022212,-5.045847172284908,0,50.0
RECLAIM-V2-006393,C00053,320.46,0,1,0.2586035952074278,-2.1278918798276862,0,50.0
RECLAIM-V2-002372,C00185,1958.08,1,1,0.02739527041659351,-31.65347482857979,0,50.0
RECLAIM-V2-008763,C00431,1216.68,1,1,-0.31115060133863215,-461.2111341664956,0,50.0
RECLAIM-V2-002215,C00803,3213.93,1,1,-0.04907948594756967,-241.87572288119387,0,50.0
RECLAIM-V2-007590,C00577,1162.47,1,1,-0.17504601742078185,-287.29326913435983,0,50.0
RECLAIM-V2-005855,C00378,208.77,0,1,0.29826985086730173,-22.73020323443341,0,50.0
RECLAIM-V2-009614,C00655,1519.27,0,1,0.2017867995839533,221.56863100391269,1,50.0
RECLAIM-V2-002117,C00817,1224.74,0,1,-0.03127762260688688,-123.30695551155864,0,50.0
RECLAIM-V2-008194,C00687,695.02,0,0,-0.16994766036883346,-101.99476603688335,0,50.0
RECLAIM-V2-008554,C00779,1130.98,0,1,0.04228271842527154,-37.1790911153864,0,50.0
RECLAIM-V2-000498,C00238,3526.31,1,0,-0.16653675468752954,-101.65367546875295,0,50.0
RECLAIM-V2-003220,C00528,1022.9,0,0,0.009083131814821233,-84.09168681851787,0,50.0
RECLAIM-V2-008385,C00221,889.34,0,0,-0.13914059002840234,-98.91405900284023,0,50.0
RECLAIM-V2-004027,C00973,744.15,0,0,-0.06131445473137709,-91.1314454731377,0,50.0
RECLAIM-V2-000613,C00173,4973.81,0,0,-0.12537951808172165,-97.53795180817217,0,50.0
RECLAIM-V2-001780,C00431,1216.68,0,1,-0.2752080316728862,-419.84010797576724,0,50.0
RECLAIM-V2-001725,C00899,2486.33,0,1,0.19489056346397426,399.5622546573831,1,50.0
RECLAIM-V2-000816,C00698,946.46,1,1,-0.025787479908540134,-109.25899666315718,0,50.0
RECLAIM-V2-007813,C00518,909.83,1,1,-0.20862256877014956,-273.65339381665433,0,50.0
RECLAIM-V2-005032,C00480,1638.01,0,1,0.15287526296034243,165.4112094816705,1,50.0
RECLAIM-V2-004761,C00525,1256.01,1,1,0.02391676819604288,-55.134415246393786,0,50.0
RECLAIM-V2-006657,C00563,1258.32,0,0,-0.2426672425938125,-109.26672425938125,0,50.0
RECLAIM-V2-008674,C00485,3873.91,0,1,-0.19171756243419036,-827.6965822894343,0,50.0
RECLAIM-V2-002225,C00758,641.57,0,0,-0.11882213000437192,-96.88221300043719,0,50.0
RECLAIM-V2-002746,C00567,3027.33,1,1,0.3801237054783149,1059.6259741136605,1,50.0
RECLAIM-V2-001229,C00410,611.91,0,0,0.2503636600785376,-59.96363399214624,0,50.0
RECLAIM-V2-004457,C00497,1042.99,0,1,-0.20539209662067703,-299.2219028543999,0,50.0
RECLAIM-V2-005560,C00842,8636.8,0,1,0.4200282402941086,3542.699905772157,1,50.0
RECLAIM-V2-000225,C00935,1080.42,1,1,0.23499101109230086,167.26705674668355,1,50.0
RECLAIM-V2-001397,C00977,386.63,1,0,0.12389883951078362,-72.61011604892164,0,50.0
RECLAIM-V2-005064,C00874,3285.42,1,1,0.004908026619768413,-68.96060385358582,0,50.0
RECLAIM-V2-008860,C00779,362.46,1,1,0.12001317487410801,-41.89754427426632,0,50.0
RECLAIM-V2-001925,C00590,517.86,0,1,0.10390764128308955,-31.190388885139242,0,50.0
RECLAIM-V2-000164,C00964,1025.85,1,1,0.1637817408096387,81.92974870430555,1,50.0
RECLAIM-V2-005524,C00131,759.13,1,0,-0.33276664097774694,-118.2766640977747,0,50.0
RECLAIM-V2-005029,C00080,3465.69,1,1,0.1792193151860313,532.7441665320624,1,50.0
RECLAIM-V2-009265,C00669,462.25,1,0,0.2686287556371156,-58.137124436288445,0,50.0
RECLAIM-V2-000124,C00229,3025.42,1,0,0.09112278902666893,-75.88772109733311,0,50.0
RECLAIM-V2-009988,C00550,1991.77,0,1,0.1948939840609722,303.18399063312256,1,50.0
RECLAIM-V2-004521,C00497,1042.99,0,0,-0.20686665835426882,-105.68666583542688,0,50.0
RECLAIM-V2-006859,C00502,2879.41,1,1,0.06938555630497867,113.68643902226054,1,50.0
RECLAIM-V2-001287,C00108,850.16,1,1,0.2687225631388592,141.91180456203358,1,50.0
RECLAIM-V2-002346,C00140,560.96,0,0,0.17540610270307022,-67.45938972969299,0,50.0
RECLAIM-V2-002818,C00629,1620.58,0,1,0.2194358754382565,270.61339101772967,1,50.0
RECLAIM-V2-008175,C00516,1115.69,1,1,0.03598877411539847,-45.10242934532822,0,50.0
RECLAIM-V2-004588,C00441,2542.15,1,0,-0.29080009174387805,-114.08000917438781,0,50.0
RECLAIM-V2-008782,C00584,1857.06,0,1,0.1375368524548939,170.41418721988524,1,50.0
RECLAIM-V2-006638,C00669,462.25,0,0,0.2681089252916965,-58.18910747083035,0,50.0
RECLAIM-V2-007817,C00622,765.39,1,1,-0.15333137312644046,-201.54151111917037,0,50.0
RECLAIM-V2-002629,C00205,6727.76,1,0,-0.16224327128679744,-101.22432712867975,0,50.0
RECLAIM-V2-007874,C00347,1432.74,0,0,-0.10138229124185799,-95.1382291241858,0,50.0
RECLAIM-V2-004831,C00961,426.11,1,1,0.11669770804852814,-35.639267633372995,0,50.0
RECLAIM-V2-008836,C00008,2585.76,0,1,0.2723749313718272,619.2962025440161,1,50.0
RECLAIM-V2-004691,C00927,579.72,0,1,-0.10282613509712762,-144.61036703850684,0,50.0
RECLAIM-V2-005920,C00035,374.45,0,1,-0.06185387350871241,-108.16118293533737,0,50.0
RECLAIM-V2-001896,C00045,3555.17,1,0,-0.1853779077217521,-103.53779077217521,0,50.0
RECLAIM-V2-005287,C00404,3583.63,1,1,0.0644731609939646,144.79600442164644,1,50.0
RECLAIM-V2-004867,C00270,477.65,1,1,-0.3175578808183862,-235.60555628321927,0,50.0
RECLAIM-V2-003658,C00094,2094.96,1,0,0.32084222188334577,-52.91577781166542,0,50.0
RECLAIM-V2-004270,C00270,477.65,0,1,-0.305160695303091,-230.7600061115214,0,50.0
RECLAIM-V2-000457,C00700,4176.0,1,1,-0.05778874026202624,-325.0613616972885,0,50.0
RECLAIM-V2-006709,C00516,484.89,0,0,0.011072155054894117,-83.8927844945106,0,50.0
RECLAIM-V2-002241,C00097,321.38,1,1,-0.22891697432347802,-157.85811506055376,0,50.0
RECLAIM-V2-001106,C00254,1638.4,1,1,0.4060665073216598,576.3637690068459,1,50.0
RECLAIM-V2-004545,C00384,1455.3,0,0,0.19318831753926663,-65.68116824607334,0,50.0
RECLAIM-V2-000866,C00378,3815.13,0,1,-0.01622526216564657,-146.9014844460232,0,50.0
RECLAIM-V2-002128,C00487,823.55,1,1,-0.0062246486284002756,-90.09445318240105,0,50.0
RECLAIM-V2-001547,C00189,1121.91,0,1,-0.18175755189890563,-288.91561505090124,0,50.0
RECLAIM-V2-000451,C00086,1444.36,0,1,-0.2388595672414876,-429.999204540915,0,50.0
RECLAIM-V2-000079,C00018,9567.33,0,1,0.25518437660658844,2356.433141839512,1,50.0
RECLAIM-V2-007704,C00096,3570.26,1,1,0.10622285874377019,292.1876732521247,1,50.0
RECLAIM-V2-006428,C00429,3634.57,0,0,0.1574915926144574,-69.25084073855426,0,50.0
RECLAIM-V2-003444,C00921,682.19,0,1,-0.04242181816428059,-113.93974013349057,0,50.0
RECLAIM-V2-002636,C00392,521.56,0,1,-0.15176789902779791,-164.15606541693828,0,50.0
RECLAIM-V2-003780,C00109,584.8,1,1,0.0863327764750007,-34.85136213230749,0,50.0
RECLAIM-V2-007246,C00663,601.56,0,1,0.385394539389937,146.83793911541048,1,50.0
RECLAIM-V2-008292,C00360,1580.83,1,1,-0.030923263570770243,-133.59361574147167,0,50.0
RECLAIM-V2-004475,C00614,2116.02,0,1,-0.14233260699864747,-386.178643061278,0,50.0
RECLAIM-V2-001695,C00816,1526.22,0,1,-0.148327187477296,-311.3799200715987,0,50.0
RECLAIM-V2-000307,C00945,2012.5,0,1,-0.07253817139897034,-230.9830699404278,0,50.0
RECLAIM-V2-008101,C00397,5641.17,1,1,0.15563660848124572,788.848196541396,1,50.0
RECLAIM-V2-005371,C00429,3634.57,0,1,0.14994333401333498,459.9795435048469,1,50.0
RECLAIM-V2-002041,C00199,1427.3,1,1,-0.25314012095321353,-444.12064998190925,0,50.0
RECLAIM-V2-006145,C00683,795.89,1,1,-0.4480403096158232,-439.359807700421,0,50.0
RECLAIM-V2-010000,C00103,564.45,1,0,0.21157446360578808,-63.8425536394212,0,50.0
RECLAIM-V2-003176,C00841,2860.12,1,0,0.14870648066789383,-70.12935193321061,0,50.0
RECLAIM-V2-005348,C00126,1056.42,0,1,0.21625804567439932,143.45932461134896,1,50.0
RECLAIM-V2-003521,C00551,892.61,0,1,-0.3415800461477775,-389.8977649919677,0,50.0
RECLAIM-V2-008794,C00415,553.95,1,0,-0.009372197540858718,-85.93721975408587,0,50.0
RECLAIM-V2-003683,C00783,1101.5,0,1,0.20713578950772954,143.16007214276408,1,50.0
RECLAIM-V2-000015,C00625,1301.5,1,1,-0.22976505997909463,-382.1993818450091,0,50.0
RECLAIM-V2-002589,C00434,2024.57,0,1,-0.29139052344895416,-674.9405120590491,0,50.0
RECLAIM-V2-006283,C00199,1427.3,0,1,-0.26991256057204555,-470.2461977044806,0,50.0
RECLAIM-V2-006429,C00449,601.75,0,1,-0.0025862394874041073,-86.55626961154542,0,50.0
RECLAIM-V2-007561,C00563,1258.32,0,1,-0.22343381212468916,-366.15123447273885,0,50.0
RECLAIM-V2-001877,C00935,1080.42,1,1,0.2135965161943117,144.40648177033066,1,50.0
RECLAIM-V2-006144,C00841,2860.12,1,0,0.11144914189917215,-73.85508581008278,0,50.0
RECLAIM-V2-003284,C00461,2910.04,0,1,0.3509449336171026,936.2637946231132,1,50.0
RECLAIM-V2-009548,C00112,5727.91,0,1,0.03390293520262433,109.19296157646392,1,50.0
RECLAIM-V2-008111,C00899,3761.39,1,1,0.044035298267297684,79.76172559861539,1,50.0
RECLAIM-V2-000533,C00005,615.14,0,1,0.2962967341729223,97.26397305913142,1,50.0
RECLAIM-V2-008789,C00747,2357.39,0,1,0.227256162663664,450.73140530169485,1,50.0
RECLAIM-V2-008200,C00440,697.51,1,1,-0.250421109970222,-258.54745116328263,0,50.0
RECLAIM-V2-003661,C00325,1494.04,0,1,0.14678035701300063,134.29572459170345,1,50.0
RECLAIM-V2-005989,C00348,1400.01,0,0,0.017832640473452233,-83.21673595265477,0,50.0
RECLAIM-V2-004063,C00735,759.17,0,1,-0.20206731531492717,-238.40344376763323,0,50.0
RECLAIM-V2-000710,C00261,10458.95,1,0,0.14568383141950897,-70.4316168580491,0,50.0
RECLAIM-V2-002966,C00216,530.34,1,1,0.3945197779686072,122.5916912856789,1,50.0
RECLAIM-V2-005214,C00122,2446.22,0,0,0.08858389752903478,-76.14161024709652,0,50.0
RECLAIM-V2-000815,C00145,964.34,0,1,-0.13145498225947883,-211.76729759210582,0,50.0
RECLAIM-V2-006092,C00551,3444.56,1,0,-0.15414488549356065,-100.41448854935607,0,50.0
RECLAIM-V2-003902,C00080,3465.69,0,0,0.16658975238726914,-68.34102476127309,0,50.0
RECLAIM-V2-005859,C00492,2608.61,0,1,-0.09137309197503773,-323.3567614570032,0,50.0
RECLAIM-V2-002260,C00770,1593.55,0,1,0.22002969927932536,265.62832728656895,1,50.0
RECLAIM-V2-005631,C00841,2860.12,1,1,0.11253505459852242,235.1419065019358,1,50.0
RECLAIM-V2-004845,C00199,1427.3,1,1,-0.2678353715122602,-464.9682655733834,0,50.0
RECLAIM-V2-009956,C00980,912.46,1,1,0.2164499929892316,111.29800080695026,1,50.0
RECLAIM-V2-004358,C00347,2413.19,1,0,-0.0781725694306536,-92.81725694306536,0,50.0
RECLAIM-V2-003925,C00937,3733.84,1,1,-0.04392990301400457,-248.14119806994074,0,50.0
RECLAIM-V2-007204,C00542,2549.18,0,1,-0.19029356336552727,-570.0925458601348,0,50.0
RECLAIM-V2-002338,C00343,4975.57,1,1,-0.1285582233105087,-721.323628737972,0,50.0
RECLAIM-V2-006882,C00069,1617.79,1,0,-0.03843293143504578,-88.84329314350458,0,50.0
RECLAIM-V2-000864,C00112,5727.91,1,1,0.05798066499407312,245.60053353635544,1,50.0
RECLAIM-V2-005495,C00037,4475.23,0,1,-0.2650134316044783,-1270.9960595193095,0,50.0
RECLAIM-V2-005085,C00294,1806.14,0,0,-0.14484263089656485,-99.48426308965648,0,50.0
RECLAIM-V2-002834,C00919,1459.62,1,1,-0.046022686906347365,-151.77072206057198,0,50.0
RECLAIM-V2-000636,C00485,1842.33,0,0,-0.18125188842080192,-103.12518884208019,0,50.0
RECLAIM-V2-003699,C00373,1267.85,0,1,0.25534537927649664,238.73963911570627,1,50.0
RECLAIM-V2-007713,C00350,476.58,0,0,-0.17055690248883026,-102.05569024888302,0,50.0
RECLAIM-V2-001352,C00157,10058.29,0,1,0.09385941546259463,859.065219953261,1,50.0
RECLAIM-V2-005990,C00118,1729.87,1,0,-0.27239197583386504,-112.2391975833865,0,50.0
RECLAIM-V2-001097,C00816,220.56,1,1,0.1500403105137893,-52.29763403328392,0,50.0
RECLAIM-V2-002545,C00329,5939.97,1,1,-0.01638127549896673,-181.87018122487478,0,50.0
RECLAIM-V2-002510,C00448,4929.51,1,0,-0.09610870590790821,-94.61087059079082,0,50.0
RECLAIM-V2-005282,C00451,1040.28,0,0,0.2329073967215401,-61.70926032784599,0,50.0
RECLAIM-V2-005031,C00919,1459.62,0,1,-0.03855360868211022,-141.2736183045817,0,50.0
RECLAIM-V2-006586,C00931,1124.12,1,0,0.3035516881785192,-54.64483118214808,0,50.0
RECLAIM-V2-003142,C00193,992.41,0,0,-0.09595355839404546,-94.59535583940455,0,50.0
RECLAIM-V2-001576,C00361,492.75,1,0,0.04290516693858687,-80.70948330614131,0,50.0
RECLAIM-V2-008167,C00351,2132.52,0,1,-0.14894119175708465,-402.62007024581817,0,50.0
RECLAIM-V2-002218,C00347,1788.51,1,1,-0.06458077005972773,-199.82896513913644,0,50.0
RECLAIM-V2-005373,C00296,1175.18,1,1,0.0030909961415070963,-81.39032203286384,0,50.0
RECLAIM-V2-002168,C00170,6529.86,1,1,0.08177159848108345,446.83102849717943,1,50.0
RECLAIM-V2-009560,C00577,4568.22,1,1,0.18805541430498474,769.5010290911785,1,50.0
RECLAIM-V2-000261,C00943,3827.32,0,1,-0.1539556606887172,-674.2375792671411,0,50.0
RECLAIM-V2-002758,C00138,2431.37,0,1,0.09487359864232359,145.67282153098628,1,50.0
RECLAIM-V2-004401,C00986,714.87,0,0,0.10445489735818592,-74.5545102641814,0,50.0
RECLAIM-V2-004113,C00173,1623.52,0,1,-0.0899420922435274,-231.0227855992116,0,50.0
RECLAIM-V2-001559,C00696,1662.26,0,0,-0.17076826938640738,-102.07682693864074,0,50.0
RECLAIM-V2-005420,C00305,1216.47,0,1,0.09028000297460648,24.82291521851954,0,50.0
RECLAIM-V2-009207,C00392,521.56,0,1,-0.19598827767516744,-187.21964610426033,0,50.0
RECLAIM-V2-005009,C00622,765.39,0,1,-0.0911221522834676,-154.74398413624326,0,50.0
RECLAIM-V2-002098,C00516,484.89,1,1,0.07824240430372809,-47.32897777858319,0,50.0
RECLAIM-V2-003164,C00293,982.62,0,1,0.005762042115132426,-79.33810217682857,0,50.0
RECLAIM-V2-001482,C00391,702.01,1,0,-0.005399729841177203,-85.53997298411772,0,50.0
RECLAIM-V2-000794,C00643,2736.12,1,0,0.10671228383709275,-74.32877161629072,0,50.0
RECLAIM-V2-004087,C00378,1892.78,1,0,0.3904041026375299,-45.95958973624701,0,50.0
RECLAIM-V2-009794,C00980,912.46,0,0,0.24949693166369377,-60.05030683363062,0,50.0
RECLAIM-V2-007408,C00927,579.72,0,1,-0.12032246359682908,-154.75333859635376,0,50.0
RECLAIM-V2-001359,C00886,194.97,1,1,-0.056103336522606295,-95.79962017941958,0,50.0
RECLAIM-V2-006775,C00112,5727.91,0,0,0.04312726193806432,-80.68727380619357,0,50.0
RECLAIM-V2-009566,C00577,4568.22,0,1,0.1704184391118332,693.5089219194587,1,50.0
RECLAIM-V2-004773,C00516,1115.69,1,1,0.04585029965739296,-34.146903079024426,0,50.0
RECLAIM-V2-001232,C00828,1357.13,1,0,0.05742442070411169,-79.25755792958883,0,50.0
RECLAIM-V2-003959,C00126,6531.21,0,1,-0.06221698647759322,-491.3522042523216,0,50.0
RECLAIM-V2-003924,C00611,856.0,1,0,0.12343907870125725,-72.65609212987428,0,50.0
RECLAIM-V2-006618,C00899,2486.33,1,1,0.286863510170123,624.2408692198203,1,50.0
RECLAIM-V2-004182,C00053,320.46,0,1,0.28035068453443346,4.841180365904535,0,50.0
RECLAIM-V2-009932,C00629,1620.58,0,0,0.25215410367148844,-59.78458963285115,0,50.0
RECLAIM-V2-006947,C00493,4379.85,1,0,-0.09859896714444655,-94.85989671444466,0,50.0
RECLAIM-V2-000102,C00228,1385.67,1,1,-0.076623024764648,-190.566732567237,0,50.0
RECLAIM-V2-003541,C00627,2525.76,1,1,0.2524665695047296,549.2291462097999,1,50.0
RECLAIM-V2-009806,C00870,2792.35,1,1,-0.026692985457262397,-159.12343767369282,0,50.0
RECLAIM-V2-000905,C00392,521.56,0,1,-0.15031403694817547,-163.39778911069038,0,50.0
RECLAIM-V2-001509,C00228,1385.67,0,1,-0.0772706573461946,-192.07163176490147,0,50.0
RECLAIM-V2-009508,C00015,695.21,1,1,0.23039290149905667,74.14019890440434,1,50.0
RECLAIM-V2-001711,C00220,694.6,1,0,0.19851962563391368,-65.14803743660863,0,50.0
RECLAIM-V2-003035,C00791,2934.57,0,1,0.10222769817497279,214.99433623332993,1,50.0
RECLAIM-V2-007814,C00073,2150.05,1,1,0.0630040740314381,49.721595750405584,0,50.0
RECLAIM-V2-007512,C00345,3006.49,1,1,-0.3861053854531817,-1239.4387123314007,0,50.0
RECLAIM-V2-006732,C00307,3019.33,0,1,0.06064000868684155,98.0921974284413,1,50.0
RECLAIM-V2-007783,C00739,1492.29,0,1,0.4318719326261033,559.4781663386077,1,50.0
RECLAIM-V2-005706,C00378,1892.78,1,1,0.37794667769402046,626.2261430261186,1,50.0
RECLAIM-V2-004810,C00909,846.45,1,1,0.07658909759698129,-20.610186193735473,0,50.0
RECLAIM-V2-003650,C00261,10458.95,1,1,0.1432591386870662,1409.5438013958837,1,50.0
RECLAIM-V2-002120,C00790,1637.58,1,1,0.02276764302986023,-47.925349954555536,0,50.0
RECLAIM-V2-004971,C00622,765.39,1,0,-0.11925650130334792,-96.92565013033479,0,50.0
RECLAIM-V2-001025,C00938,3438.61,1,1,-0.1838157936827839,-713.6347484934556,0,50.0
RECLAIM-V2-002366,C00434,2024.57,0,1,-0.26850733432481555,-628.6118938539918,0,50.0
RECLAIM-V2-005438,C00018,9567.33,1,1,0.28250088813912155,2610.292948584375,1,50.0
RECLAIM-V2-001492,C00999,1550.87,0,1,0.20919413709196666,239.43291139181832,1,50.0
RECLAIM-V2-006708,C00270,1014.55,1,1,0.04255853108023483,-42.08068961216525,0,50.0
RECLAIM-V2-008012,C00192,205.28,1,1,0.2321040933334499,-37.94005950190703,0,50.0
RECLAIM-V2-004604,C00652,373.36,1,1,-0.006154523403801404,-87.27713180864737,0,50.0
RECLAIM-V2-004865,C00954,3251.86,1,1,-0.16546309907774048,-620.2070561010287,0,50.0
RECLAIM-V2-006927,C00037,4475.23,1,1,-0.2829561609803427,-1344.5379965610684,0,50.0
RECLAIM-V2-006405,C00735,759.17,0,0,-0.22234679522870576,-107.23467952287058,0,50.0
RECLAIM-V2-007140,C00005,806.92,0,1,0.0697931409434086,-28.68251870994473,0,50.0
RECLAIM-V2-003803,C00687,695.02,0,1,-0.10861121272608515,-160.4869650688837,0,50.0
RECLAIM-V2-009808,C00279,455.06,0,0,0.2934777313464455,-55.652226865355445,0,50.0
RECLAIM-V2-009022,C00223,1697.93,0,0,-0.06068438736178461,-91.06843873617846,0,50.0
RECLAIM-V2-008910,C00463,1115.13,1,1,-0.06273885995112183,-154.54943611285688,0,50.0
RECLAIM-V2-001054,C00053,320.46,0,1,0.3034436178215996,12.241541767109808,0,50.0
RECLAIM-V2-004060,C00823,3137.03,0,0,0.1197813727296062,-73.02186272703938,0,50.0
RECLAIM-V2-007306,C00210,3165.66,0,1,0.14597508982041474,377.1075028408941,1,50.0
RECLAIM-V2-002769,C00565,1133.12,1,0,0.2885469607573045,-56.14530392426955,0,50.0
RECLAIM-V2-001036,C00512,1053.26,0,1,0.16129557261360555,84.88617481100619,1,50.0
RECLAIM-V2-005391,C00392,521.56,0,1,-0.19444252858055922,-186.41344520647647,0,50.0
RECLAIM-V2-002681,C00418,1620.69,0,1,0.07654811612394785,39.06076632092105,0,50.0
RECLAIM-V2-006447,C00445,2268.19,0,0,-0.013928141727692522,-86.39281417276925,0,50.0
RECLAIM-V2-002691,C00551,732.93,0,1,-0.0664106732785329,-133.6743747660351,0,50.0
RECLAIM-V2-000676,C00041,1350.33,1,1,-0.03286036632583256,-129.1011862189689,0,50.0
RECLAIM-V2-001135,C00350,476.58,0,0,-0.17817374203362868,-102.81737420336287,0,50.0
RECLAIM-V2-005674,C00461,1153.86,1,1,0.14283139236843556,78.7691461576992,1,50.0
RECLAIM-V2-007823,C00988,5159.02,1,1,0.012765672675080109,-19.47354684536029,0,50.0
RECLAIM-V2-006821,C00020,1160.94,1,1,0.06706099366035467,-7.6025399635084625,0,50.0
RECLAIM-V2-007967,C00088,1133.97,0,1,-0.04013154232726135,-130.50796505284455,0,50.0
RECLAIM-V2-009178,C00680,9521.22,0,0,0.22475067727387166,-62.52493227261283,0,50.0
RECLAIM-V2-007888,C00994,2366.89,1,1,0.02145003658284461,-34.516147352743026,0,50.0
RECLAIM-V2-007411,C00586,662.72,1,1,-0.10858545076879283,-156.49335573305814,0,50.0
RECLAIM-V2-005458,C00834,3654.98,0,1,-0.09108708464792681,-417.9214726464795,0,50.0
RECLAIM-V2-006677,C00372,1831.75,0,1,0.10926773936507062,115.1511815819681,1,50.0
RECLAIM-V2-006007,C00493,4379.85,1,1,-0.09425548374848186,-495.66650060956084,0,50.0
RECLAIM-V2-002669,C00517,1370.52,0,0,0.0640077671237036,-78.59922328762964,0,50.0
RECLAIM-V2-006808,C00894,3138.11,0,0,-0.1785053626346853,-102.85053626346853,0,50.0
RECLAIM-V2-002270,C00024,278.71,1,1,0.3143702005963973,1.7084727142861738,0,50.0
RECLAIM-V2-008649,C00270,477.65,0,1,-0.27943154163136685,-218.47047586022236,0,50.0
RECLAIM-V2-001799,C00537,2294.54,0,0,-0.09982055621501984,-94.98205562150198,0,50.0
RECLAIM-V2-005933,C00590,517.86,0,1,0.13818332577158904,-13.4403829159249,0,50.0
RECLAIM-V2-002819,C00563,1258.32,1,0,-0.18888476031158014,-103.888476031158,0,50.0
RECLAIM-V2-001040,C00070,4775.68,0,1,0.2105159006592659,920.3565764604431,1,50.0
RECLAIM-V2-007265,C00908,8270.53,0,0,0.06763672039146806,-78.23632796085319,0,50.0
RECLAIM-V2-005429,C00795,1539.43,0,1,0.19541137119571517,215.8221271598198,1,50.0
RECLAIM-V2-001886,C00649,1075.92,1,1,0.06904444759758649,-11.188696122497092,0,50.0
RECLAIM-V2-002976,C00124,628.72,0,0,0.12458901976619646,-72.54109802338036,0,50.0
RECLAIM-V2-008773,C00904,364.47,1,1,0.022847487135997824,-76.74868371242916,0,50.0
RECLAIM-V2-005856,C00372,1831.75,1,1,0.08615400272112328,71.93737750927434,1,50.0
RECLAIM-V2-003949,C00014,4415.97,0,1,-0.01875790374069064,-167.83434018177763,0,50.0
RECLAIM-V2-006683,C00487,823.55,0,1,0.06820067548633263,-28.833333703230764,0,50.0
RECLAIM-V2-005015,C00193,992.41,1,1,-0.1546325855778921,-237.53699704651123,0,50.0
RECLAIM-V2-008846,C00986,714.87,1,1,0.05203237274777034,-48.06764816445406,0,50.0
RECLAIM-V2-003376,C00758,641.57,1,1,-0.12419716415024518,-164.1585715667032,0,50.0
RECLAIM-V2-000836,C00935,1080.42,1,1,0.24105860392200124,173.78072625927854,1,50.0
RECLAIM-V2-006866,C00395,2350.94,1,1,-0.27154202964904695,-719.7798110427412,0,50.0
RECLAIM-V2-003298,C00554,2056.96,0,1,0.17895026336434267,283.0935337299183,1,50.0
RECLAIM-V2-006123,C00214,1261.28,1,1,0.21136418642332966,179.93942766712217,1,50.0
RECLAIM-V2-005748,C00206,1318.74,1,0,0.269605150598994,-58.03948494010061,0,50.0
RECLAIM-V2-001620,C00889,199.48,1,1,0.00898363067135105,-83.23038107291752,0,50.0
RECLAIM-V2-006380,C00638,302.98,0,1,-0.34978457824792053,-190.97773151755496,0,50.0
RECLAIM-V2-008752,C00584,1857.06,0,0,0.13634643967822585,-71.36535603217742,0,50.0
RECLAIM-V2-009463,C00010,1230.15,1,0,-0.08561034774615506,-93.5610347746155,0,50.0
RECLAIM-V2-004140,C00174,2138.02,1,1,0.04092585761436357,2.0014117997567524,0,50.0
RECLAIM-V2-000166,C00492,1736.04,1,1,0.07200427123352349,39.2692771502346,0,50.0
RECLAIM-V2-003826,C00015,1107.12,1,1,0.06031569089872174,-18.61749152164488,0,50.0
RECLAIM-V2-003946,C00458,3505.26,1,1,0.003489199921009767,-72.83583364933841,0,50.0
RECLAIM-V2-003012,C00205,6727.76,0,1,-0.1222629162314024,-907.5555573049799,0,50.0
RECLAIM-V2-006100,C00659,2618.72,1,1,-0.05644592026141948,-232.02053408518807,0,50.0
RECLAIM-V2-008263,C00451,2852.75,0,1,-0.03589419983679021,-187.39717858440326,0,50.0
RECLAIM-V2-002798,C00174,1126.75,0,1,-0.2514170782515288,-368.2841929199101,0,50.0
RECLAIM-V2-009632,C00425,1224.52,1,0,0.019760300208978954,-83.0239699791021,0,50.0
RECLAIM-V2-002915,C00707,2420.0,0,1,-0.16265134381286556,-478.61625202713464,0,50.0
RECLAIM-V2-000132,C00886,194.97,1,1,-0.03014582910950414,-90.81799881086312,0,50.0
RECLAIM-V2-009849,C00163,1453.5,0,0,-0.1268001144112093,-97.68001144112093,0,50.0
RECLAIM-V2-009607,C00142,1387.59,0,1,-0.03367807710217019,-131.73136300620033,0,50.0
RECLAIM-V2-007693,C00886,982.08,0,1,-0.08303216692386728,-166.54423049259157,0,50.0
RECLAIM-V2-009209,C00973,744.15,0,1,-0.06945444017484537,-136.68452165611117,0,50.0
RECLAIM-V2-002034,C00180,974.15,1,1,-0.10561294247470238,-187.2100142584606,0,50.0
RECLAIM-V2-009653,C00999,1041.16,1,1,0.1162966233920566,35.361678825427205,0,50.0
RECLAIM-V2-009279,C00988,5159.02,1,0,0.01555233860918348,-83.44476613908165,0,50.0
RECLAIM-V2-004745,C00145,5457.57,1,1,-0.059304620770345484,-407.0875467272002,0,50.0
RECLAIM-V2-003398,C00397,5641.17,1,1,0.15217722050514654,769.5009632638837,1,50.0
RECLAIM-V2-007478,C00608,1916.91,1,1,0.07787663556634394,63.45821234049663,1,50.0
RECLAIM-V2-008233,C00365,640.92,0,1,-0.08020018242126009,-136.401900917434,0,50.0
RECLAIM-V2-008182,C00918,2616.95,1,1,0.07285941543654206,104.6432405750889,1,50.0
RECLAIM-V2-007035,C00417,2822.68,0,0,-0.03823608762104497,-88.8236087621045,0,50.0
RECLAIM-V2-001021,C00502,2879.41,0,0,0.1333761744454608,-71.66238255545392,0,50.0
RECLAIM-V2-006346,C00122,1026.69,0,0,-0.2148250250041841,-106.4825025004184,0,50.0
RECLAIM-V2-005529,C00102,3696.79,1,0,0.03846657552619093,-81.15334244738091,0,50.0
RECLAIM-V2-008047,C00942,3584.46,1,1,-0.20846622635242817,-828.2941892363161,0,50.0
RECLAIM-V2-006121,C00599,1340.14,0,0,0.16635299838160794,-68.36470016183921,0,50.0
RECLAIM-V2-000233,C00550,1991.77,0,1,0.2078574236945821,329.0041807921578,1,50.0
RECLAIM-V2-008876,C00064,2156.79,1,1,-0.09232854122208567,-283.04527950904816,0,50.0
RECLAIM-V2-006865,C00942,3584.46,1,1,-0.2292089802821518,-902.2532603745689,0,50.0
RECLAIM-V2-000731,C00126,1056.42,1,1,0.21079895249099778,136.36796929109622,1,50.0
RECLAIM-V2-002351,C00451,2852.75,1,1,-0.05115878618070163,-230.13677296134054,0,50.0
RECLAIM-V2-006031,C00415,553.95,1,1,-0.03493438582580277,-104.20274193432373,0,50.0
RECLAIM-V2-003205,C00069,1617.79,1,1,-0.1392152071653382,-308.8860423392644,0,50.0
RECLAIM-V2-000111,C00397,5641.17,0,0,0.13463454414810183,-71.53654558518981,0,50.0
RECLAIM-V2-006850,C00485,337.94,0,1,0.09152424714874341,-54.070295918553654,0,50.0
RECLAIM-V2-000282,C00384,1455.3,1,0,0.11704410992737557,-73.29558900726244,0,50.0
RECLAIM-V2-000748,C00906,1949.37,1,1,-0.19832571591576437,-469.4788241146242,0,50.0
RECLAIM-V2-002167,C00131,3070.19,1,0,-0.04461044378472001,-89.461044378472,0,50.0
RECLAIM-V2-008368,C00966,1272.63,1,1,-0.05723543077386106,-157.38947548824933,0,50.0
RECLAIM-V2-006718,C00205,6727.76,0,1,-0.127201224876772,-940.7793126769516,0,50.0
RECLAIM-V2-007165,C00243,2470.25,0,1,0.17235003288348505,340.7476687304289,1,50.0
RECLAIM-V2-004442,C00746,5766.06,1,1,0.06902771186727008,311.1886939249087,1,50.0
RECLAIM-V2-005694,C00450,541.39,0,1,0.2010039053058693,23.821504293544578,0,50.0
RECLAIM-V2-000522,C00192,205.28,1,1,0.20992122139647063,-42.33275603477032,0,50.0
RECLAIM-V2-005825,C00361,2967.37,0,1,0.028450864549738497,-0.5757580610424782,0,50.0
RECLAIM-V2-002817,C00461,2910.04,1,0,0.35900381637049683,-49.09961836295032,0,50.0
RECLAIM-V2-008199,C00492,2608.61,0,1,-0.08578660695285534,-308.783800763288,0,50.0
RECLAIM-V2-000602,C00809,778.06,0,0,-0.10772884754284068,-95.77288475428406,0,50.0
RECLAIM-V2-004095,C00927,579.72,0,0,-0.09694536621668548,-94.69453662166855,0,50.0
RECLAIM-V2-001005,C00266,1542.26,1,1,-0.07380644167571404,-198.1857726834171,0,50.0
RECLAIM-V2-004322,C00610,1270.66,1,0,-0.041129878221163096,-89.11298782211631,0,50.0
RECLAIM-V2-001738,C00222,4987.96,0,0,0.159054025593022,-69.0945974406978,0,50.0
RECLAIM-V2-003046,C00326,518.56,1,0,-0.03171128228400255,-88.17112822840025,0,50.0
RECLAIM-V2-005160,C00538,1283.41,1,1,-0.05046848198385312,-149.37219296760668,0,50.0
RECLAIM-V2-003417,C00935,1080.42,0,1,0.21916414836162862,151.78932917287082,1,50.0
RECLAIM-V2-008850,C00683,795.89,1,1,-0.4216152421580265,-418.2491354425089,0,50.0
RECLAIM-V2-001581,C00159,1643.87,1,1,0.1326283081216062,131.80095007938382,1,50.0
RECLAIM-V2-005931,C00368,3345.45,0,0,0.29022054348493637,-55.97794565150636,0,50.0
RECLAIM-V2-006945,C00393,1445.13,0,0,0.020772899057219574,-82.92271009427805,0,50.0
RECLAIM-V2-003235,C00683,795.89,0,1,-0.42088033550359993,-419.97445022396016,0,50.0
RECLAIM-V2-002737,C00937,3733.84,0,1,-0.004155631780579316,-100.51646416759827,0,50.0
RECLAIM-V2-001124,C00819,1874.26,0,1,0.22290626636906496,332.7842988048837,1,50.0
RECLAIM-V2-003290,C00680,9521.22,1,1,0.2434900087276567,2226.8694556666564,1,50.0
RECLAIM-V2-002811,C00577,1162.47,0,1,-0.13170054147967047,-238.09792845387253,0,50.0
RECLAIM-V2-009096,C00268,1167.93,0,1,-0.029259396515987524,-119.17292697291731,0,50.0
RECLAIM-V2-001913,C00361,2967.37,0,0,0.016434469341917946,-83.3565530658082,0,50.0
RECLAIM-V2-002832,C00978,3437.17,0,0,-0.00047619171643964453,-85.04761917164396,0,50.0
RECLAIM-V2-000735,C00122,2446.22,1,1,0.11113743779028229,185.34058379930218,1,50.0
RECLAIM-V2-004806,C00918,2616.95,1,1,0.045338596378015905,32.987587697924454,0,50.0
RECLAIM-V2-008525,C00577,1162.47,1,0,-0.1599457330040701,-100.99457330040701,0,50.0
RECLAIM-V2-008354,C00680,9521.22,0,1,0.22438030690350125,2051.374265695754,1,50.0
RECLAIM-V2-004275,C00315,405.46,1,1,-0.022971519517661354,-94.24449062259515,0,50.0
RECLAIM-V2-008387,C00870,2792.35,1,1,-0.021513356794263805,-144.75094437844595,0,50.0
RECLAIM-V2-009959,C00421,684.65,0,1,0.12409562560634169,-0.03792992861816913,0,50.0
RECLAIM-V2-009768,C00445,4322.65,1,1,-0.1747338192842578,-836.274477480525,0,50.0
RECLAIM-V2-006805,C00205,6727.76,0,0,-0.12623441390996104,-97.6234413909961,0,50.0
RECLAIM-V2-007218,C00139,3318.78,0,0,0.05208806267274879,-79.79119373272512,0,50.0
RECLAIM-V2-009308,C00279,455.06,0,0,0.29676448844947,-55.323551155052996,0,50.0
RECLAIM-V2-004709,C00129,2777.65,1,0,0.15744027459099852,-69.25597254090015,0,50.0
RECLAIM-V2-001208,C00069,1617.79,1,0,-0.08195095020253051,-93.19509502025305,0,50.0
RECLAIM-V2-006171,C00875,3584.35,1,1,0.050579388815020665,95.33718174880869,1,50.0
RECLAIM-V2-008353,C00604,466.83,1,0,0.15153814527385112,-69.84618547261489,0,50.0
RECLAIM-V2-004754,C00417,2822.68,1,0,-0.0449645102627656,-89.49645102627656,0,50.0
RECLAIM-V2-008287,C00182,913.32,1,1,-0.05912592810629058,-138.67176226664083,0,50.0
RECLAIM-V2-005449,C00365,695.04,1,0,0.23404573791453398,-61.5954262085466,0,50.0
RECLAIM-V2-007927,C00365,695.04,0,1,0.24082272986877945,82.38143016799646,1,50.0
RECLAIM-V2-009593,C00547,2900.37,1,1,-0.06629876536506885,-276.2300472033277,0,50.0
RECLAIM-V2-002649,C00427,555.68,0,1,0.11506181542633254,-21.06245040389554,0,50.0
RECLAIM-V2-007252,C00174,197.03,0,0,0.09406845647001683,-75.59315435299831,0,50.0
RECLAIM-V2-006976,C00416,1013.71,0,1,0.09560046753363188,11.911149943517984,0,50.0
RECLAIM-V2-005209,C00828,1357.13,1,1,0.06301003608934508,-0.00926882759078751,0,50.0
RECLAIM-V2-002808,C00378,3815.13,0,1,-0.04669814252800619,-263.15948450287226,0,50.0
RECLAIM-V2-005888,C00069,1617.79,0,1,-0.05209490125286298,-169.2786102978692,0,50.0
RECLAIM-V2-008393,C00461,1153.86,0,1,0.06907195730655558,-5.3006313422577875,0,50.0
RECLAIM-V2-004440,C00834,4328.96,0,0,-0.032651405275629486,-88.26514052756295,0,50.0
RECLAIM-V2-002756,C00611,856.0,1,1,0.1352829079192414,30.02023397109744,0,50.0
RECLAIM-V2-009940,C00894,3138.11,1,1,-0.14108653648412794,-525.3197158464495,0,50.0
RECLAIM-V2-006695,C00696,1662.26,1,1,-0.20600530418688012,-425.51619974880805,0,50.0
RECLAIM-V2-000201,C00220,694.6,1,1,0.19288160514696517,48.11280351525966,0,50.0
RECLAIM-V2-009858,C00193,992.41,0,1,-0.1456917019244129,-229.58590190680658,0,50.0
RECLAIM-V2-003794,C00942,3584.46,1,1,-0.23919399821130244,-937.8552182361313,0,50.0
RECLAIM-V2-005118,C00020,1160.94,0,1,0.08030450272603973,8.228709394768572,0,50.0
RECLAIM-V2-007213,C00674,606.82,0,1,-0.011103050921097868,-91.7375533599406,0,50.0
RECLAIM-V2-005618,C00652,373.36,0,1,0.009679162294668031,-81.38618796566274,0,50.0
RECLAIM-V2-005567,C00680,9521.22,1,1,0.20896209351506012,1899.0365685393115,1,50.0
RECLAIM-V2-004857,C00537,2294.54,0,0,-0.10068504066283762,-95.06850406628377,0,50.0
RECLAIM-V2-007243,C00542,1878.39,0,0,-0.008109200193229027,-85.81092001932291,0,50.0
RECLAIM-V2-003716,C00908,645.37,1,0,0.24220617418416412,-60.77938258158359,0,50.0
RECLAIM-V2-006949,C00132,1558.3,0,1,0.16270734798016984,168.54686035749864,1,50.0
RECLAIM-V2-007356,C00783,4342.18,0,1,-0.1154031534158273,-586.101264699137,0,50.0
RECLAIM-V2-000591,C00872,550.87,0,1,0.09789826339226815,-31.070783645101244,0,50.0
RECLAIM-V2-003156,C00727,6449.65,0,0,-0.08278491741652616,-93.27849174165262,0,50.0
RECLAIM-V2-005792,C00649,1075.92,1,1,0.18331305087346816,110.96905723099277,1,50.0
RECLAIM-V2-008585,C00425,1224.52,1,1,0.057710377497485754,-14.772391670291071,0,50.0
RECLAIM-V2-008924,C00616,720.76,1,1,-0.15275232525806548,-194.39452479798018,0,50.0
RECLAIM-V2-001355,C00563,1258.32,1,0,-0.1517435344893186,-100.17435344893187,0,50.0
RECLAIM-V2-006748,C00287,3516.47,1,1,-0.09967917700460038,-433.6665622065557,0,50.0
RECLAIM-V2-007286,C00254,1638.4,1,1,0.3688751081953132,515.7898397185722,1,50.0
RECLAIM-V2-000281,C00384,1455.3,1,0,0.12164697422051501,-72.8353025779485,0,50.0
RECLAIM-V2-000280,C00649,1075.92,0,1,1.1949619482920504e-05,-84.98714316540594,0,50.0
RECLAIM-V2-001535,C00795,1539.43,1,0,0.28386656759734674,-56.61334324026532,0,50.0
RECLAIM-V2-001631,C00594,3160.42,0,0,-0.010604285375659772,-86.06042853756598,0,50.0
RECLAIM-V2-008283,C00270,1014.55,0,1,0.040615116440066545,-43.79393361573049,0,50.0
RECLAIM-V2-007774,C00136,1155.21,1,1,0.21429524988788795,160.9967926700403,1,50.0
RECLAIM-V2-002396,C00823,3137.03,0,1,0.11744670942565671,283.4338508695679,1,50.0
RECLAIM-V2-003865,C00244,765.01,0,1,0.0826281450683708,-21.78864274124566,0,50.0
RECLAIM-V2-003808,C00014,4415.97,1,0,0.008279328445063072,-84.17206715549369,0,50.0
RECLAIM-V2-006005,C00222,1680.46,1,0,0.36400486787809194,-48.59951321219081,0,50.0
RECLAIM-V2-009077,C00140,560.96,1,1,0.20350588556939953,28.384362375595913,0,50.0
RECLAIM-V2-002395,C00611,856.0,0,0,0.09797813383317477,-75.20218661668252,0,50.0
RECLAIM-V2-000937,C00565,1133.12,1,0,0.30356575134383434,-54.643424865616566,0,50.0
RECLAIM-V2-002581,C00739,4600.71,1,1,-0.0983197781728683,-534.9807629263355,0,50.0
RECLAIM-V2-002025,C00461,2910.04,0,0,0.3119092212586587,-53.80907787413413,0,50.0
RECLAIM-V2-006667,C00140,2923.79,1,1,0.17637163699101166,427.8307029198737,1,50.0
RECLAIM-V2-000514,C00819,1874.26,1,1,0.2367736561769785,356.3197422059554,1,50.0
RECLAIM-V2-008437,C00954,3251.86,0,1,-0.12566502641137034,-493.64507278607874,0,50.0
RECLAIM-V2-002536,C00434,2024.57,0,1,-0.2767192915998292,-645.2375761942662,0,50.0
RECLAIM-V2-004864,C00404,3583.63,0,0,0.044335370150295095,-80.56646298497049,0,50.0
RECLAIM-V2-000994,C00266,1542.26,0,1,-0.051734472338587745,-164.78800730891032,0,50.0
RECLAIM-V2-005963,C00004,3532.84,1,0,-0.1205742655484775,-97.05742655484775,0,50.0
RECLAIM-V2-009623,C00004,3532.84,0,1,-0.05521149615079546,-280.0533820613762,0,50.0
RECLAIM-V2-006233,C00140,2923.79,0,0,0.12082819178932835,-72.91718082106716,0,50.0
RECLAIM-V2-008158,C00826,2641.52,1,0,-0.029568450496388732,-87.95684504963887,0,50.0
RECLAIM-V2-003103,C00315,405.46,0,1,-0.04944971063191689,-105.04987967281701,0,50.0
RECLAIM-V2-007677,C00981,2134.77,1,1,-0.06528048528512381,-223.59674697897802,0,50.0
RECLAIM-V2-007880,C00418,2455.74,1,1,-0.1679624399123642,-495.24175933952495,0,50.0
RECLAIM-V2-001282,C00931,1124.12,1,1,0.29387215853429105,243.4019608387751,1,50.0
RECLAIM-V2-001905,C00344,230.4,1,1,0.010660654094938271,-82.572057351186,0,50.0
RECLAIM-V2-002900,C00478,1025.58,0,1,-0.1407023186119739,-229.3014839220682,0,50.0
RECLAIM-V2-004389,C00702,3379.59,1,1,0.398455821271962,1254.2865387355396,1,50.0
RECLAIM-V2-003081,C00945,2012.5,0,1,-0.09284900748636338,-271.85862756630627,0,50.0
RECLAIM-V2-006444,C00863,1642.36,1,1,-0.11198978008034821,-267.83991286657636,0,50.0
RECLAIM-V2-000771,C00254,1638.4,1,1,0.4001214413119131,566.6809924362434,1,50.0
RECLAIM-V2-000772,C00673,2821.82,0,1,0.09069480723549811,170.92442095327328,1,50.0
RECLAIM-V2-008097,C00909,846.45,0,1,0.05690270346879206,-36.83470664884096,0,50.0
RECLAIM-V2-000728,C00997,977.5,1,1,0.03435900622138638,-51.633539570833925,0,50.0
RECLAIM-V2-008945,C00622,3107.28,0,0,0.09961582055658369,-75.03841794434163,0,50.0
RECLAIM-V2-007417,C00089,2161.46,1,1,0.26377527514628935,481.8933447738907,1,50.0
RECLAIM-V2-006243,C00097,321.38,1,1,-0.2508827585209147,-164.97467467026337,0,50.0
RECLAIM-V2-000343,C00810,2936.81,1,1,0.08489365990478992,162.94262610840397,1,50.0
RECLAIM-V2-000268,C00624,653.51,1,0,-0.24231179434179606,-109.23117943417961,0,50.0
RECLAIM-V2-005113,C00664,576.66,1,1,0.11060373363284903,-21.648758442097716,0,50.0
RECLAIM-V2-004572,C00807,742.49,0,1,0.0877493948869093,-19.846951790418714,0,50.0
RECLAIM-V2-008339,C00368,3345.45,1,1,0.37085358437028226,1149.0979096280328,1,50.0
RECLAIM-V2-005923,C00521,1900.6,0,0,-0.004371496428217547,-85.43714964282175,0,50.0
RECLAIM-V2-004241,C00978,3437.17,0,1,0.01727553875114074,-25.62103647074158,0,50.0
RECLAIM-V2-003464,C00955,2373.09,0,1,0.16589403244277434,308.68146944962336,1,50.0
RECLAIM-V2-007054,C00733,1844.95,1,0,-0.2900586589220276,-114.00586589220276,0,50.0
RECLAIM-V2-004452,C00936,446.49,0,0,0.006590270368735607,-84.34097296312643,0,50.0
RECLAIM-V2-002461,C00482,5256.59,1,1,0.26972358673015934,1325.6786337215392,1,50.0
RECLAIM-V2-006191,C00395,2350.94,1,1,-0.26511258056778086,-704.8823387286509,0,50.0
RECLAIM-V2-005821,C00517,1370.52,0,0,0.08004606799537228,-76.99539320046277,0,50.0
RECLAIM-V2-005445,C00886,982.08,0,1,-0.09075719522136316,-174.13082628299634,0,50.0
RECLAIM-V2-003229,C00841,799.13,0,1,0.023829885471977508,-65.95682362277861,0,50.0
RECLAIM-V2-003465,C00770,1593.55,0,0,0.2080304996789658,-64.19695003210342,0,50.0
RECLAIM-V2-004958,C00005,615.14,1,0,0.3751054588925367,-47.48945411074633,0,50.0
RECLAIM-V2-009079,C00991,1863.01,0,1,0.29782739698619887,469.8554188592583,1,50.0
RECLAIM-V2-005070,C00619,1069.29,1,1,-0.348839907851471,-455.6227100793897,0,50.0
RECLAIM-V2-002475,C00874,3285.42,1,1,0.009392552963975898,-54.3098998773348,0,50.0
RECLAIM-V2-003113,C00131,3070.19,0,1,-0.07511471242246215,-315.61643893231906,0,50.0
RECLAIM-V2-007051,C00140,560.96,0,1,0.17904460666413313,15.436862554312128,0,50.0
RECLAIM-V2-001900,C00595,2252.63,1,1,-0.01589033492018177,-120.59223442311254,0,50.0
RECLAIM-V2-003120,C00938,3438.61,1,1,-0.2007897752991502,-771.6843559322551,0,50.0
RECLAIM-V2-008416,C00687,1096.94,0,1,-0.09633831998107922,-190.67735672004505,0,50.0
RECLAIM-V2-006172,C00941,1648.54,0,1,0.3116502353379345,428.76787896399856,1,50.0
RECLAIM-V2-008390,C00123,1364.02,1,1,-0.06458537297867406,-172.59067637514045,0,50.0
RECLAIM-V2-009186,C00429,3634.57,1,1,0.09084790797855663,243.4058436351466,1,50.0
RECLAIM-V2-002178,C00874,3285.42,0,1,0.07104676664271625,148.41846806331284,1,50.0
RECLAIM-V2-008420,C00590,517.86,1,1,0.172360701113771,3.6400584142698023,0,50.0
RECLAIM-V2-003668,C00517,5498.96,0,1,0.05252725753503762,203.84528809487045,1,50.0
RECLAIM-V2-004156,C00159,1643.87,0,1,0.11530883165599193,104.55272909433543,1,50.0
RECLAIM-V2-000755,C00627,2525.76,1,1,0.2517193602740979,547.226198908465,1,50.0
RECLAIM-V2-003481,C00179,3695.33,0,1,-0.14282419414365055,-612.7825293448561,0,50.0
RECLAIM-V2-000929,C00372,1831.75,1,1,0.024680950680402436,-40.05373667423758,0,50.0
RECLAIM-V2-008248,C00819,1874.26,0,0,0.2614188725225787,-58.858112747742126,0,50.0
RECLAIM-V2-001448,C00101,550.79,0,0,-0.12066761540381774,-97.06676154038178,0,50.0
RECLAIM-V2-004064,C00166,2249.89,0,0,0.16605259011422552,-68.39474098857745,0,50.0
RECLAIM-V2-003738,C00360,1580.83,0,1,-0.06734077693334761,-191.45432039954392,0,50.0
RECLAIM-V2-000295,C00182,913.32,1,1,-0.03176503424873234,-113.83481784040322,0,50.0
RECLAIM-V2-002307,C00517,1889.73,1,0,0.2117716442702436,-63.82283557297564,0,50.0
RECLAIM-V2-005210,C00664,994.44,0,1,-0.110744584977437,-195.12884508496245,0,50.0
RECLAIM-V2-003182,C00179,1354.17,0,1,0.0015782008454522378,-82.86284776111394,0,50.0
RECLAIM-V2-003915,C00695,1487.07,0,0,0.15126757320502254,-69.87324267949775,0,50.0
RECLAIM-V2-003842,C00221,889.34,0,1,-0.11263076894240903,-185.16704805124203,0,50.0
RECLAIM-V2-000105,C00435,2261.81,0,0,0.08864921802331516,-76.13507819766849,0,50.0
RECLAIM-V2-005834,C00674,606.82,0,1,-0.023211718451866314,-99.08533499096151,0,50.0
RECLAIM-V2-008587,C00179,3695.33,0,0,-0.14581099167039646,-99.58109916703964,0,50.0
RECLAIM-V2-001505,C00585,660.2,1,1,0.20982322410185195,52.51793125312966,1,50.0
RECLAIM-V2-006462,C00069,1617.79,0,1,-0.022805947625655243,-121.8952340093088,0,50.0
RECLAIM-V2-000990,C00304,753.19,0,0,0.01601175895189688,-83.39882410481032,0,50.0
RECLAIM-V2-000438,C00425,1224.52,0,1,0.03222482112162328,-45.54006204014986,0,50.0
RECLAIM-V2-004528,C00135,503.45,1,1,-0.12047782305824728,-145.17057048399386,0,50.0
RECLAIM-V2-005137,C00875,3584.35,1,1,0.007695040471222603,-57.56773283924523,0,50.0
RECLAIM-V2-001018,C00113,1988.54,1,1,0.0011138493503019542,-82.7972545322361,0,50.0
RECLAIM-V2-006307,C00616,720.76,0,1,-0.17348063919334267,-210.03790550499366,0,50.0
RECLAIM-V2-007105,C00469,564.77,1,1,-0.08358172538946407,-131.84305620488237,0,50.0
RECLAIM-V2-003379,C00981,988.27,0,1,-0.014573429477362732,-99.40248314959327,0,50.0
RECLAIM-V2-008637,C00266,1542.26,0,0,-0.0013597639753712976,-85.13597639753714,0,50.0
RECLAIM-V2-009638,C00008,2585.76,0,1,0.2700029062032328,613.1627147440713,1,50.0
RECLAIM-V2-005164,C00488,6466.34,1,1,-0.04571253650915674,-379.38142111312794,0,50.0
RECLAIM-V2-000181,C00218,2236.15,0,0,0.04227297808605901,-80.7727021913941,0,50.0
RECLAIM-V2-000126,C00537,2294.54,1,0,-0.125610639181725,-97.5610639181725,0,50.0
RECLAIM-V2-002881,C00378,1892.78,1,0,0.40470687053900306,-44.529312946099694,0,50.0
RECLAIM-V2-006174,C00619,1390.62,0,0,0.007770993579709062,-84.22290064202909,0,50.0
RECLAIM-V2-008919,C00955,2373.09,1,1,0.19909444246341168,384.8080436494751,1,50.0
RECLAIM-V2-000590,C00585,660.2,0,1,0.1799830282789986,33.824795269794876,0,50.0
RECLAIM-V2-000894,C00971,873.23,0,1,0.1071755471817234,8.588903065496325,0,50.0
RECLAIM-V2-007493,C00244,765.01,1,1,0.12560070057696748,10.41696193777851,0,50.0
RECLAIM-V2-001793,C00551,732.93,1,0,-0.05758146400213093,-90.75814640021309,0,50.0
RECLAIM-V2-001749,C00437,11801.87,0,0,0.23311719246602064,-61.68828075339793,0,50.0
RECLAIM-V2-001276,C00986,714.87,0,1,0.1141691714337944,-3.3838844171233973,0,50.0
RECLAIM-V2-001634,C00005,615.14,0,1,0.317932553744548,110.57303111042125,1,50.0
RECLAIM-V2-003189,C00595,2252.63,0,1,-0.02513816514927092,-141.62698496020215,0,50.0
RECLAIM-V2-003241,C00291,1956.09,1,1,0.2210308391290131,344.97340220218285,1,50.0
RECLAIM-V2-002337,C00512,1053.26,0,0,0.14196278451759764,-70.80372154824023,0,50.0
RECLAIM-V2-004252,C00135,503.45,1,1,-0.12216085493159168,-146.0111317208359,0,50.0
RECLAIM-V2-001942,C00622,3107.28,0,1,0.10013548341042022,226.14898489153057,1,50.0
RECLAIM-V2-005054,C00088,1133.97,1,0,-0.06504104650571474,-91.50410465057148,0,50.0
RECLAIM-V2-000823,C00395,2350.94,1,1,-0.24896032510889032,-666.9908922902738,0,50.0
RECLAIM-V2-002614,C00614,2019.19,1,1,-0.13222496904203762,-350.52017359474996,0,50.0
RECLAIM-V2-005346,C00240,1931.07,0,0,-0.13076770313953556,-98.07677031395356,0,50.0
RECLAIM-V2-008658,C00911,2130.1,1,0,0.1477682433276024,-70.22317566723976,0,50.0
RECLAIM-V2-008816,C00032,1775.79,0,1,-0.02092176247125266,-122.15265657882576,0,50.0
RECLAIM-V2-001420,C00826,2641.52,1,1,-0.003673490943003621,-94.6514083058411,0,50.0
RECLAIM-V2-004818,C00323,304.35,0,1,0.21681386281469273,-19.01270085234826,0,50.0
RECLAIM-V2-007841,C00627,2525.76,1,1,0.25835286237155225,564.0162861728825,1,50.0
RECLAIM-V2-000121,C00270,477.65,0,1,-0.2933600163357186,-225.12341180275598,0,50.0
RECLAIM-V2-004490,C00485,337.94,1,1,0.13060445975752594,-41.28011791483027,0,50.0
RECLAIM-V2-001125,C00056,1210.33,1,1,-0.036843148435354744,-129.33256285809873,0,50.0
RECLAIM-V2-001056,C00378,208.77,0,1,0.2948761548355985,-23.438705154972105,0,50.0
RECLAIM-V2-009684,C00321,641.17,1,1,-0.0940444660922013,-144.85593117357672,0,50.0
RECLAIM-V2-002389,C00228,1385.67,1,0,-0.1131716429769401,-96.317164297694,0,50.0
RECLAIM-V2-005636,C00826,2641.52,0,1,-0.009900630020967194,-111.15271221298526,0,50.0
RECLAIM-V2-009715,C00764,3389.91,0,0,0.27980512309577776,-57.019487690422224,0,50.0
RECLAIM-V2-009156,C00585,660.2,0,1,0.1432367822174342,9.564923619950065,0,50.0
RECLAIM-V2-000746,C00244,765.01,0,1,0.09642203586429449,-11.236178343456075,0,50.0
RECLAIM-V2-006265,C00020,1160.94,0,1,0.07961065844065507,7.423197810094095,0,50.0
RECLAIM-V2-009698,C00616,720.76,1,0,-0.14851619772217073,-99.85161977221708,0,50.0
RECLAIM-V2-008576,C00855,10270.54,1,1,-0.043626848987669054,-531.9369995281352,0,50.0
RECLAIM-V2-007694,C00597,3091.65,0,1,0.16282044279065055,418.3838219537148,1,50.0
RECLAIM-V2-000792,C00318,1151.44,1,1,0.21418383400461044,160.1725508231327,1,50.0
RECLAIM-V2-002761,C00275,1303.25,1,1,-0.1416681819278066,-268.4934105340352,0,50.0
RECLAIM-V2-006828,C00140,560.96,0,0,0.17527481303603498,-67.4725186963965,0,50.0
RECLAIM-V2-001589,C00971,873.23,0,1,0.10722631206266459,8.633232482480594,0,50.0
RECLAIM-V2-005632,C00008,2585.76,0,0,0.2638155093907715,-58.618449060922856,0,50.0
RECLAIM-V2-004643,C00043,291.86,1,0,0.24465221423311168,-60.534778576688836,0,50.0
RECLAIM-V2-000410,C00673,621.54,1,1,-0.14563614874106556,-174.9204622803382,0,50.0
RECLAIM-V2-005658,C00497,2531.67,1,1,0.014233072519896584,-49.168074115865494,0,50.0
RECLAIM-V2-006993,C00157,10058.29,1,0,0.031108444139978708,-81.88915558600213,0,50.0
RECLAIM-V2-003383,C00214,2059.37,0,0,-0.17199278746758545,-102.19927874675855,0,50.0
RECLAIM-V2-007745,C00138,2920.97,1,1,-0.2719195779911916,-875.0256654983151,0,50.0
RECLAIM-V2-008961,C00146,836.96,1,1,0.1622979382533084,49.99540005023326,0,50.0
RECLAIM-V2-004321,C00577,4568.22,0,1,0.17089123648218874,695.6687643226643,1,50.0
RECLAIM-V2-007227,C00037,4475.23,1,1,-0.2512621397621785,-1203.5823242594925,0,50.0
RECLAIM-V2-009796,C00795,1539.43,0,1,0.2288906768086023,267.36117459946666,1,50.0
RECLAIM-V2-000770,C00122,2446.22,1,1,0.112819555812951,189.48872699584024,1,50.0
RECLAIM-V2-006392,C00307,3019.33,1,1,0.08565391878768064,172.19587850196024,1,50.0
RECLAIM-V2-001777,C00872,550.87,0,0,0.08796497317828911,-76.20350268217109,0,50.0
RECLAIM-V2-001582,C00929,6160.93,0,1,0.11871480063437984,646.3935766723698,1,50.0
RECLAIM-V2-007398,C00426,280.39,0,1,-0.15011044744326107,-127.08946835861596,0,50.0
RECLAIM-V2-002501,C00870,2792.35,0,0,-0.0048301786223317045,-85.48301786223317,0,50.0
RECLAIM-V2-009003,C00361,492.75,0,0,0.054752585808474474,-79.52474141915255,0,50.0
RECLAIM-V2-002443,C00497,1042.99,0,1,-0.20301619502283902,-296.7438612468709,0,50.0
RECLAIM-V2-003472,C00268,1167.93,1,1,-0.026854080348508336,-116.18001355077767,0,50.0
RECLAIM-V2-006761,C00368,3345.45,1,1,0.35679963961588634,1102.1518781217783,1,50.0
RECLAIM-V2-007941,C00713,13412.25,0,1,-0.16279036963936444,-2268.385135195566,0,50.0
RECLAIM-V2-000696,C00573,3723.21,1,1,-0.038653459132122814,-228.1567173883023,0,50.0
RECLAIM-V2-009947,C00846,3097.95,1,1,-0.11368749879740325,-435.26666471672223,0,50.0
RECLAIM-V2-006018,C00037,4475.23,1,1,-0.3069485279106331,-1451.4899857307846,0,50.0
RECLAIM-V2-007532,C00429,3634.57,1,1,0.07499001821055368,186.11869811688382,1,50.0
RECLAIM-V2-002342,C00179,1354.17,0,1,0.0025132996430651255,-81.5965650223505,0,50.0
RECLAIM-V2-003935,C00140,560.96,1,1,0.1936838931288516,22.911988212983943,0,50.0
RECLAIM-V2-002245,C00809,685.21,1,1,-0.09352282019850244,-148.66883494987627,0,50.0
RECLAIM-V2-000973,C00352,338.92,0,1,0.007562021452800827,-82.43707968921674,0,50.0
RECLAIM-V2-004274,C00687,1096.94,1,1,-0.17755336338928662,-278.6140061406736,0,50.0
RECLAIM-V2-008449,C00997,2374.4,1,0,0.19306709402019323,-65.69329059798068,0,50.0
RECLAIM-V2-003681,C00825,5740.47,1,0,0.016242311252932407,-83.37576887470676,0,50.0
RECLAIM-V2-003759,C00935,1080.42,1,1,0.21578433626702098,146.75623969039972,1,50.0
RECLAIM-V2-004620,C00372,1831.75,1,1,0.08333048770007634,66.75242200884165,1,50.0
RECLAIM-V2-008572,C00432,3487.77,1,1,-0.10798891420342505,-459.59530944351826,0,50.0
RECLAIM-V2-003150,C00463,1115.13,0,0,-0.11909688767638538,-96.90968876763854,0,50.0
RECLAIM-V2-004894,C00348,1400.01,1,1,-0.004561482259373473,-91.34734795066667,0,50.0
RECLAIM-V2-005960,C00516,1115.69,1,0,0.03452626490486915,-81.54737350951308,0,50.0
RECLAIM-V2-009639,C00563,1258.32,1,0,-0.190909984699083,-104.0909984699083,0,50.0
RECLAIM-V2-004794,C00524,3359.75,1,1,0.058220046944881365,109.53944863903251,1,50.0
RECLAIM-V2-007645,C00073,2150.05,0,1,0.0576480830203151,38.946260897828495,0,50.0
RECLAIM-V2-005353,C00344,230.4,0,0,-0.01735761850078954,-86.73576185007896,0,50.0
RECLAIM-V2-005670,C00695,1487.07,1,0,0.1501946686804735,-69.98053313195265,0,50.0
RECLAIM-V2-000886,C00391,702.01,0,1,-0.007326175406699331,-90.14304839725699,0,50.0
RECLAIM-V2-007450,C00397,1275.45,1,1,-0.06627615521884644,-169.04298640778947,0,50.0
RECLAIM-V2-002494,C00492,1736.04,0,1,0.09799438576698272,85.12217346691267,1,50.0
RECLAIM-V2-003573,C00828,1357.13,1,1,0.07750641098696465,19.5440845485452,0,50.0
RECLAIM-V2-001750,C00189,1121.91,0,0,-0.19131231425083378,-104.13123142508337,0,50.0
RECLAIM-V2-005122,C00673,621.54,1,1,-0.13620662710492126,-169.0302677350814,0,50.0
RECLAIM-V2-006193,C00613,1094.02,1,1,0.16518280563924792,94.6445437546835,1,50.0
RECLAIM-V2-000583,C00275,1303.25,0,1,-0.06750311708091805,-172.97343733570645,0,50.0
RECLAIM-V2-007240,C00117,4928.56,0,1,-0.07345528622773156,-447.0287854905487,0,50.0
RECLAIM-V2-009680,C00298,1978.42,0,1,-0.013269511692053926,-111.25266732179333,0,50.0
RECLAIM-V2-004708,C00005,615.14,1,1,0.3862409066794462,150.8249088181014,1,50.0
RECLAIM-V2-002925,C00463,600.41,0,0,-0.24582552363222315,-109.58255236322232,0,50.0
RECLAIM-V2-005460,C00500,1914.79,1,1,0.06482591082642497,38.410126896133974,0,50.0
RECLAIM-V2-002920,C00205,6727.76,1,1,-0.18331259817545129,-1313.5170379483125,0,50.0
RECLAIM-V2-004250,C00347,2413.19,0,1,-0.06293625741366121,-236.8771470280731,0,50.0
RECLAIM-V2-001722,C00783,1101.5,0,1,0.23363417945712606,172.34804867202433,1,50.0
RECLAIM-V2-002526,C00789,2871.05,1,1,0.12167786006227937,262.4748261710859,1,50.0
RECLAIM-V2-006372,C00586,662.72,0,0,-0.050436932770673126,-90.04369327706732,0,50.0
RECLAIM-V2-002459,C00365,695.04,0,1,0.1992177650990004,53.464315454409245,1,50.0
RECLAIM-V2-003926,C00746,3856.22,1,1,0.04624889160856738,92.38479795738289,1,50.0
RECLAIM-V2-007178,C00981,2134.77,1,0,-0.09906643495730127,-94.90664349573012,0,50.0
RECLAIM-V2-007466,C00206,1318.74,0,0,0.25332359894868484,-59.66764010513152,0,50.0
RECLAIM-V2-008237,C00718,2007.06,0,1,0.10545336020666307,126.65122113638517,1,50.0
RECLAIM-V2-008362,C00196,2316.16,0,0,0.03676474255136275,-81.32352574486373,0,50.0
RECLAIM-V2-000572,C00709,439.8,0,1,0.21615732266005783,10.065990505893438,0,50.0
RECLAIM-V2-001604,C00736,1193.48,1,0,0.0005615013768793808,-84.94384986231206,0,50.0
RECLAIM-V2-008349,C00279,455.06,0,1,0.2968853200767476,50.10063375412477,1,50.0
RECLAIM-V2-009579,C00826,2641.52,1,0,-0.04046474590845439,-89.04647459084543,0,50.0
RECLAIM-V2-008837,C00205,6727.76,0,1,-0.12665108057662772,-937.078073860213,0,50.0
RECLAIM-V2-000349,C00739,10016.59,1,0,-0.2037056325901282,-105.37056325901281,0,50.0
RECLAIM-V2-004767,C00567,3027.33,1,0,0.4199461975559695,-43.00538024440305,0,50.0
RECLAIM-V2-007115,C00517,1889.73,0,0,0.18939605935460696,-66.06039406453931,0,50.0
RECLAIM-V2-007748,C00718,1216.4,1,1,0.1299051998648405,72.03174389021677,1,50.0
RECLAIM-V2-007425,C00373,1267.85,1,0,0.26594912479034605,-58.405087520965395,0,50.0
RECLAIM-V2-007589,C00643,2736.12,0,1,0.08269338968501638,141.25903738496703,1,50.0
RECLAIM-V2-003394,C00779,362.46,0,1,0.17647774634499763,-21.033876059792163,0,50.0
RECLAIM-V2-006634,C00604,466.83,0,0,0.14537344944520558,-70.46265505547944,0,50.0
RECLAIM-V2-007433,C00318,9629.4,1,1,-0.17873981313369036,-1801.4205515415151,0,50.0
RECLAIM-V2-005645,C00378,1892.78,0,0,0.3742020654441274,-47.579793455587264,0,50.0
RECLAIM-V2-004631,C00764,1192.7,1,0,0.08961716462020786,-76.03828353797921,0,50.0
RECLAIM-V2-000080,C00307,3019.33,1,1,0.13311598152717424,314.7783551403936,1,50.0
RECLAIM-V2-000702,C00550,3335.14,1,1,0.20608867464139308,598.5887764198162,1,50.0
RECLAIM-V2-005750,C00627,2525.76,1,1,0.2490151209218715,540.5586545396062,1,50.0
RECLAIM-V2-000942,C00434,2024.57,1,1,-0.28901195978762895,-666.9103067503161,0,50.0
RECLAIM-V2-003283,C00401,476.02,0,0,0.15685228019464115,-69.31477198053588,0,50.0
RECLAIM-V2-003809,C00619,1069.29,0,1,-0.32827703030958877,-436.02334573974014,0,50.0
RECLAIM-V2-008455,C00595,2678.26,1,1,0.22329152975509492,509.70767132483843,1,50.0
RECLAIM-V2-007300,C00904,364.47,1,1,0.02015678781022845,-77.71034505688223,0,50.0
RECLAIM-V2-001516,C00053,574.39,0,1,0.003943110210139822,-82.7351169263978,0,50.0
RECLAIM-V2-008122,C00142,1387.59,0,0,-0.02797881223746107,-87.7978812237461,0,50.0
RECLAIM-V2-008861,C00999,4416.1,1,0,0.1159604013960937,-73.40395986039063,0,50.0
RECLAIM-V2-000370,C00980,2588.01,0,0,0.08997604229873968,-76.00239577012603,0,50.0
RECLAIM-V2-007714,C00107,1095.66,1,1,0.1260486921771929,52.289928828331654,1,50.0
RECLAIM-V2-006665,C00906,1949.37,1,1,-0.23778256170738726,-545.8518875113907,0,50.0
RECLAIM-V2-003153,C00897,3184.36,1,0,-0.45192033484410743,-130.19203348441073,0,50.0
RECLAIM-V2-002953,C00222,4987.96,0,1,0.16412857680920967,733.6667759812655,1,50.0
RECLAIM-V2-000043,C00482,3974.88,1,1,0.07134632909990923,197.10378480048405,1,50.0
RECLAIM-V2-001162,C00681,1069.78,1,1,0.06186440105604957,-19.242404134652077,0,50.0
RECLAIM-V2-009937,C00899,3761.39,0,1,0.08491135869776634,234.38473549219134,1,50.0
RECLAIM-V2-008875,C00630,257.66,1,0,0.13221661849933208,-71.77833815006679,0,50.0
RECLAIM-V2-000764,C00485,1842.33,0,1,-0.186027954028454,-427.72488054524166,0,50.0
RECLAIM-V2-005297,C00727,6449.65,1,1,-0.14271786645696616,-1001.6982639330621,0,50.0
RECLAIM-V2-008588,C00449,601.75,1,1,-0.001205340239639252,-85.72048158151726,0,50.0
RECLAIM-V2-000398,C00196,2316.16,0,1,0.04368209293568881,16.174716373924994,0,50.0
RECLAIM-V2-004435,C00945,2691.95,0,1,-0.08903553662558339,-324.6792128192392,0,50.0
RECLAIM-V2-000528,C00441,604.98,1,1,-0.07420341770298611,-129.59292230603978,0,50.0
RECLAIM-V2-005248,C00554,2056.96,0,1,0.15145421857786728,226.53526944592988,1,50.0
RECLAIM-V2-003044,C00988,5159.02,1,1,0.0033595064210346637,-67.75558635070065,0,50.0
RECLAIM-V2-003527,C00783,1101.5,1,1,0.1924800655888611,125.66798818651657,1,50.0
RECLAIM-V2-002941,C00005,615.14,0,0,0.34973394032553945,-50.02660596744605,0,50.0
RECLAIM-V2-007565,C00368,3345.45,1,0,0.3605237041274267,-48.94762958725733,0,50.0
RECLAIM-V2-003537,C00577,1162.47,0,0,-0.15936615113463215,-100.93661511346322,0,50.0
RECLAIM-V2-001138,C00964,1025.85,1,1,0.12298408941564626,40.409427896989854,0,50.0
RECLAIM-V2-005482,C00863,1642.36,0,0,-0.06749420179824284,-91.74942017982428,0,50.0
RECLAIM-V2-002303,C00997,977.5,0,1,0.05260386960184815,-33.57971746419343,0,50.0
RECLAIM-V2-007508,C00221,889.34,1,0,-0.1606106257139208,-101.06106257139209,0,50.0
RECLAIM-V2-004715,C00542,1414.13,0,0,0.021037489926641673,-82.89625100733583,0,50.0
RECLAIM-V2-004443,C00517,9465.34,1,0,0.22950662412346814,-62.049337587653184,0,50.0
RECLAIM-V2-009473,C00378,1892.78,0,1,0.36290541986451574,601.9001206111581,1,50.0
RECLAIM-V2-000950,C00155,2026.14,0,1,0.14127719904550096,201.2473840740513,1,50.0
RECLAIM-V2-008452,C00329,5939.97,1,0,-0.04121825850232097,-89.1218258502321,0,50.0
RECLAIM-V2-002285,C00139,3318.78,0,1,0.06969104623137434,146.28925041176055,1,50.0
RECLAIM-V2-000257,C00803,3213.93,0,1,-0.01469161390297935,-132.21781867120242,0,50.0
RECLAIM-V2-003721,C00226,3334.56,1,1,0.09564693562303828,232.25009648727968,1,50.0
RECLAIM-V2-000004,C00565,1133.12,0,1,0.3022212057579978,257.45289266850244,1,50.0
RECLAIM-V2-005133,C00625,1301.5,0,0,-0.23437076740042712,-108.43707674004271,0,50.0
RECLAIM-V2-001389,C00138,2431.37,1,1,0.08169382384588797,112.55307909790986,1,50.0
RECLAIM-V2-008114,C00790,1637.58,0,1,0.09696356713670551,73.7855982717262,1,50.0
RECLAIM-V2-002294,C00241,2129.3,1,1,0.12664870036326037,183.13473924452802,1,50.0
RECLAIM-V2-002229,C00347,2413.19,0,1,-0.050478850784938245,-206.81505792570513,0,50.0
RECLAIM-V2-009598,C00153,1318.64,1,0,-0.2284145103267523,-107.84145103267522,0,50.0
RECLAIM-V2-000869,C00790,1637.58,1,1,0.06945071131891545,28.0929896511025,0,50.0
RECLAIM-V2-005149,C00221,1710.16,1,0,0.007990352835564818,-84.20096471644352,0,50.0
RECLAIM-V2-003434,C00872,550.87,0,1,0.08811407078225442,-36.460601828179506,0,50.0
RECLAIM-V2-002092,C00241,2129.3,1,1,0.12641925529060472,182.6489688058973,1,50.0
RECLAIM-V2-001692,C00604,466.83,0,1,0.20830503446141013,12.243039237620096,0,50.0
RECLAIM-V2-000679,C00214,461.34,1,1,0.18714487302171584,0.7185837682174707,0,50.0
RECLAIM-V2-001421,C00324,898.63,1,0,0.04742281366717627,-80.25771863328237,0,50.0
RECLAIM-V2-000804,C00973,3200.52,1,1,0.13490732958701396,344.41237746300027,1,50.0
RECLAIM-V2-005351,C00043,291.86,0,0,0.23474610948254415,-61.525389051745584,0,50.0
RECLAIM-V2-008503,C00918,2616.95,1,1,0.06980430975790702,96.6912121690921,1,50.0
RECLAIM-V2-008032,C00485,3873.91,0,1,-0.19633083004393304,-845.5679658154926,0,50.0
RECLAIM-V2-003586,C00846,3097.95,1,0,-0.19904143437784116,-104.90414343778411,0,50.0
RECLAIM-V2-000707,C00450,1138.94,1,1,-0.10636178065463342,-205.3744453555123,0,50.0
RECLAIM-V2-005641,C00502,450.44,1,1,0.37919627876905126,84.3823515315342,1,50.0
RECLAIM-V2-005147,C00435,2261.81,0,1,0.08772892949477118,113.4261700205684,1,50.0
RECLAIM-V2-003622,C00097,321.38,0,1,-0.24910708708737828,-165.05803564814164,0,50.0
RECLAIM-V2-006647,C00851,242.71,1,0,0.28930017309015754,-56.06998269098425,0,50.0
RECLAIM-V2-005927,C00604,466.83,1,1,0.1928028848814924,4.363337010599466,0,50.0
RECLAIM-V2-005430,C00275,624.01,0,1,0.2704181120902463,83.74360612543458,1,50.0
RECLAIM-V2-006241,C00516,484.89,1,1,0.04329579260609884,-64.17621529652175,0,50.0
RECLAIM-V2-007870,C00978,3437.17,1,1,0.05608878887383417,106.73863575789849,1,50.0
RECLAIM-V2-004606,C00056,1210.33,0,0,0.025924706197119174,-82.40752938028808,0,50.0
RECLAIM-V2-007755,C00241,1332.24,1,1,0.3321753637796007,354.8263570628572,1,50.0
RECLAIM-V2-000011,C00691,1122.07,0,0,-0.11187175458736598,-96.18717545873659,0,50.0
RECLAIM-V2-005320,C00110,1381.58,0,1,-0.08562186565423724,-203.29345715058108,0,50.0
RECLAIM-V2-003987,C00441,604.98,1,1,-0.10509401681314112,-148.10423837493633,0,50.0
RECLAIM-V2-006698,C00598,430.14,0,1,0.09236430058588013,-45.27041974598952,0,50.0
RECLAIM-V2-002139,C00718,1216.4,1,1,0.14248411008448958,87.23735698411252,1,50.0
RECLAIM-V2-006681,C00270,477.65,1,1,-0.2842800388053972,-219.6810086745129,0,50.0
RECLAIM-V2-007420,C00613,1094.02,1,1,0.17478994887998978,105.005396450998,1,50.0
RECLAIM-V2-009039,C00966,1272.63,0,0,-0.030274568178028316,-88.02745681780283,0,50.0
RECLAIM-V2-003583,C00828,1357.13,0,1,0.015765994231424774,-63.60349624870649,0,50.0
RECLAIM-V2-002961,C00875,3584.35,1,1,0.006090801154185033,-63.286730900313174,0,50.0
RECLAIM-V2-001962,C00598,430.14,1,0,0.1325700454867601,-71.74299545132399,0,50.0
RECLAIM-V2-003177,C00518,909.83,0,1,-0.14024763303002213,-212.60150395970504,0,50.0
RECLAIM-V2-005598,C00229,3025.42,0,0,0.0563518613011223,-79.36481386988777,0,50.0
RECLAIM-V2-003642,C00227,807.29,0,1,-0.03098826492550999,-110.01651639171496,0,50.0
RECLAIM-V2-001959,C00427,3359.61,1,1,-0.31699447042868095,-1144.1774121272733,0,50.0
RECLAIM-V2-007530,C00429,3634.57,0,1,0.13302371083937337,398.4839887054613,1,50.0
RECLAIM-V2-008801,C00712,1138.68,0,0,-0.2691869509493489,-111.91869509493489,0,50.0
RECLAIM-V2-000622,C00495,2950.24,1,1,-0.33833752188305566,-1077.8476685855817,0,50.0
RECLAIM-V2-003804,C00153,1318.64,1,0,-0.17957790606948387,-102.95779060694838,0,50.0
RECLAIM-V2-001210,C00391,702.01,1,0,-0.004146553619651883,-85.41465536196519,0,50.0
RECLAIM-V2-004721,C00534,712.32,1,0,0.06208645581252836,-78.79135441874716,0,50.0
RECLAIM-V2-008157,C00734,3776.6,0,1,-0.05188224173821343,-280.93847414853684,0,50.0
RECLAIM-V2-000288,C00497,2531.67,1,1,-0.013052541376303795,-117.86645124763999,0,50.0
RECLAIM-V2-004047,C00718,1216.4,1,1,0.13693137051297777,80.59357112601325,1,50.0
RECLAIM-V2-008205,C00834,3654.98,0,0,-0.06850646057277754,-91.85064605727776,0,50.0
RECLAIM-V2-007319,C00185,1970.38,0,1,-0.14901777616457673,-378.6216457991587,0,50.0
RECLAIM-V2-001629,C00594,3160.42,0,1,-0.012552537036831846,-124.6712891019441,0,50.0
RECLAIM-V2-007444,C00695,1487.07,0,1,0.11731542731199018,89.45625249284123,1,50.0
RECLAIM-V2-009830,C00145,964.34,0,0,-0.09856882603893458,-94.85688260389345,0,50.0
RECLAIM-V2-008447,C00718,2007.06,1,1,0.08885255135122982,92.3074608793975,1,50.0
RECLAIM-V2-002569,C00840,1312.56,1,1,0.05883450041237048,-8.221141698457672,0,50.0
RECLAIM-V2-007471,C00842,20646.44,0,1,0.08752723378631547,1722.125780735135,1,50.0
RECLAIM-V2-004693,C00671,1695.1,0,1,0.06616934827407572,27.16366225938576,0,50.0
RECLAIM-V2-009413,C00512,4270.86,0,0,-0.32326073524643034,-117.32607352464304,0,50.0
RECLAIM-V2-003762,C00254,1638.4,0,0,0.37238945699462384,-47.761054300537616,0,50.0
RECLAIM-V2-002561,C00096,3570.26,0,0,0.17693555074104794,-67.3064449258952,0,50.0
RECLAIM-V2-004898,C00305,1216.47,0,1,0.0764505574916744,7.999809671897154,0,50.0
RECLAIM-V2-001508,C00102,3696.79,1,1,0.02951326974700097,23.514568761055145,0,50.0
RECLAIM-V2-005882,C00173,1623.52,1,1,-0.09711730777927297,-241.7378561065073,0,50.0
RECLAIM-V2-000481,C00677,1307.58,1,1,-0.1948268440284699,-338.18568602513017,0,50.0
RECLAIM-V2-000855,C00463,1115.13,0,0,-0.10369358079688995,-95.369358079689,0,50.0
RECLAIM-V2-002804,C00304,753.19,1,1,0.05256632008736006,-45.6843849866653,0,50.0
RECLAIM-V2-009762,C00604,466.83,0,0,0.1428268285834745,-70.71731714165254,0,50.0
RECLAIM-V2-003132,C00296,1175.18,0,1,0.008397963000590536,-75.13088184096601,0,50.0
RECLAIM-V2-007668,C00352,3864.42,0,0,0.02156917996690677,-82.84308200330932,0,50.0
RECLAIM-V2-000582,C00073,2150.05,1,0,-0.026903997151804415,-87.69039971518045,0,50.0
RECLAIM-V2-000453,C00999,1550.87,1,1,0.21475153239634065,246.1716989698789,1,50.0
RECLAIM-V2-008140,C00058,1617.0,0,1,0.10969242167088944,92.37264584182822,1,50.0
RECLAIM-V2-005579,C00304,753.19,0,1,0.012709720245358824,-75.42716580839819,0,50.0
RECLAIM-V2-009516,C00142,1387.59,1,1,-0.017814453025931154,-109.56883941034165,0,50.0
RECLAIM-V2-006994,C00097,321.38,1,1,-0.25115659673036983,-165.06196692518984,0,50.0
RECLAIM-V2-009857,C00931,3936.84,0,1,0.19724607040599573,691.5262198171403,1,50.0
RECLAIM-V2-000441,C00228,3043.84,1,1,-0.07454020952426788,-310.6794887920315,0,50.0
RECLAIM-V2-008598,C00206,1318.74,1,1,0.2755144302187864,276.10196856286063,1,50.0
RECLAIM-V2-008750,C00571,2503.51,1,1,-0.029248878289899416,-157.82948611281847,0,50.0
RECLAIM-V2-000097,C00345,3006.49,0,0,-0.3611923651588359,-121.11923651588359,0,50.0
RECLAIM-V2-003871,C00294,1806.14,1,1,-0.21132481663505898,-464.45680607070665,0,50.0
RECLAIM-V2-004595,C00945,2691.95,0,1,-0.09221289201839966,-333.23249466893094,0,50.0
RECLAIM-V2-001384,C00828,1357.13,0,1,0.024230275041182137,-52.11636683336049,0,50.0
RECLAIM-V2-008031,C00921,682.19,1,1,-0.04297560887793728,-114.10647955402092,0,50.0
RECLAIM-V2-002955,C00450,541.39,1,1,0.24220591792553092,45.10891371928636,0,50.0
RECLAIM-V2-002126,C00146,836.96,0,1,0.17950929463974669,65.24209924168238,1,50.0
RECLAIM-V2-009749,C00770,1593.55,1,1,0.2922269276268869,377.9114890257861,1,50.0
RECLAIM-V2-003139,C00577,1162.47,0,1,-0.1422282381009845,-250.33605994525146,0,50.0
RECLAIM-V2-001304,C00936,446.49,0,0,-0.039772325171137435,-88.97723251711375,0,50.0
RECLAIM-V2-000082,C00289,1110.34,0,0,0.23297005018977618,-61.702994981022385,0,50.0
RECLAIM-V2-005309,C00955,2373.09,1,1,0.20241073247309116,392.6335746002355,1,50.0
RECLAIM-V2-009563,C00696,1662.26,0,1,-0.16416438552169182,-357.8838914772875,0,50.0
RECLAIM-V2-004235,C00053,574.39,0,0,-0.010223063511860087,-86.022306351186,0,50.0
RECLAIM-V2-008095,C00492,4040.65,0,1,-0.20659796462989077,-919.7900657817681,0,50.0
RECLAIM-V2-001064,C00135,503.45,1,1,-0.10662547138870837,-138.25225239570895,0,50.0
RECLAIM-V2-003330,C00155,2026.14,1,1,0.13683843045038946,190.73070995493794,1,50.0
RECLAIM-V2-006306,C00986,714.87,0,0,0.05727005071057101,-79.2729949289429,0,50.0
RECLAIM-V2-004848,C00487,823.55,1,0,-0.0042318709635226215,-85.42318709635227,0,50.0
RECLAIM-V2-001360,C00179,3695.33,1,1,-0.16567480958737585,-693.9134664275739,0,50.0
RECLAIM-V2-008044,C00189,1121.91,0,1,-0.18719535892983014,-295.01634513696575,0,50.0
RECLAIM-V2-000819,C00584,1857.06,0,1,0.04668732006568821,1.7011546011869427,0,50.0
RECLAIM-V2-002845,C00451,2852.75,1,0,-0.09866926468644949,-94.86692646864495,0,50.0
RECLAIM-V2-005480,C00687,1096.94,0,0,-0.15169492375279114,-100.16949237527912,0,50.0
RECLAIM-V2-009918,C00361,2967.37,0,0,0.030212172631039008,-81.9787827368961,0,50.0
RECLAIM-V2-007071,C00969,2152.95,0,1,-0.012966117653573084,-112.91540300226016,0,50.0
RECLAIM-V2-001103,C00842,8636.8,1,0,0.45408833242678215,-39.59116675732179,0,50.0
RECLAIM-V2-002129,C00713,13412.25,0,1,-0.13521465784108744,-1898.532794629125,0,50.0
RECLAIM-V2-002121,C00020,1160.94,1,1,0.12897574649884547,63.85546187816894,1,50.0
RECLAIM-V2-005238,C00673,2821.82,1,1,0.1512330339206585,339.46740474518197,1,50.0
RECLAIM-V2-004756,C00909,846.45,1,0,0.05149661783848858,-79.85033821615114,0,50.0
RECLAIM-V2-004885,C00210,3165.66,1,0,0.251913321682868,-59.808667831713194,0,50.0
RECLAIM-V2-007489,C00416,1013.71,0,1,0.09332017602576609,9.59959563907934,0,50.0
RECLAIM-V2-004434,C00585,545.61,0,1,0.09937184425779766,-30.78172805450302,0,50.0
RECLAIM-V2-001008,C00673,2821.82,1,1,0.12475085002908404,265.07719513588097,1,50.0
RECLAIM-V2-009264,C00680,9521.22,1,0,0.20758797079351132,-64.24120292064887,0,50.0
RECLAIM-V2-000817,C00680,965.67,0,1,0.09233950866917984,4.169493336566887,0,50.0
RECLAIM-V2-001184,C00613,1094.02,1,0,0.22486545440410222,-62.513454559589775,0,50.0
RECLAIM-V2-009567,C00551,732.93,1,0,-0.027354026469696424,-87.73540264696965,0,50.0
RECLAIM-V2-000330,C00708,2317.59,0,0,-0.2270126514175136,-107.70126514175136,0,50.0
RECLAIM-V2-007262,C00275,1303.25,0,1,-0.1356622665588293,-261.8018488927943,0,50.0
RECLAIM-V2-008877,C00524,3359.75,1,1,0.08794485193807994,208.86343543956212,1,50.0
RECLAIM-V2-007009,C00230,2648.1,0,0,0.0966953293142861,-75.3304670685714,0,50.0
RECLAIM-V2-004610,C00749,1712.88,1,1,0.003399722231675506,-79.21089994823613,0,50.0
RECLAIM-V2-004006,C00524,2744.33,0,1,-0.03404471947902232,-178.42994500786534,0,50.0
RECLAIM-V2-002553,C00551,3444.56,1,1,-0.13755773950360073,-556.2504211393449,0,50.0
RECLAIM-V2-008250,C00825,5740.47,0,1,-0.07173026825273077,-496.7654529967534,0,50.0
RECLAIM-V2-006387,C00384,5768.13,1,1,0.11331914163283563,565.6932427441544,1,50.0
RECLAIM-V2-004781,C00449,601.75,1,1,-0.02815969723313627,-101.81813277513984,0,50.0
RECLAIM-V2-002655,C00315,2042.47,1,1,-0.14436201395740106,-378.2364452203777,0,50.0
RECLAIM-V2-009240,C00680,965.67,1,1,0.17994936428503044,87.63292004965217,1,50.0
RECLAIM-V2-006269,C00307,3019.33,1,1,0.08604794821609041,173.3790438075277,1,50.0
RECLAIM-V2-001246,C00841,799.13,1,0,0.06907216262449256,-78.09278373755075,0,50.0
RECLAIM-V2-003166,C00318,1151.44,1,1,0.19800610588671852,141.65418370350545,1,50.0
RECLAIM-V2-004901,C00687,1222.29,1,1,-0.1844621804283123,-309.0622538525008,0,50.0
RECLAIM-V2-003714,C00610,1270.66,1,1,-0.024854832064194754,-116.38684845803996,0,50.0
RECLAIM-V2-005092,C00585,660.2,0,1,0.17763309071262734,32.27336648847658,0,50.0
RECLAIM-V2-004760,C00146,836.96,1,1,0.17348145177897406,59.297569249746516,1,50.0
RECLAIM-V2-002451,C00886,194.97,1,0,-0.027289322976913277,-87.72893229769133,0,50.0
RECLAIM-V2-002423,C00999,1550.87,0,0,0.22525024309963876,-62.474975690036125,0,50.0
RECLAIM-V2-008489,C00064,2156.79,1,0,-0.09023507837670469,-94.02350783767046,0,50.0
RECLAIM-V2-006628,C00500,1914.79,1,1,0.08331733263561619,73.61254338161135,1,50.0
RECLAIM-V2-004579,C00519,2765.46,0,1,-0.009970587130916253,-112.57325988706366,0,50.0
RECLAIM-V2-003988,C00727,2238.62,1,1,-0.11339001840097424,-337.454587159424,0,50.0
RECLAIM-V2-006010,C00619,1069.29,0,1,-0.3106679699503462,-417.19415358820567,0,50.0
RECLAIM-V2-008304,C00492,1736.04,0,1,0.10356651817778029,94.79561821735368,1,50.0
RECLAIM-V2-004939,C00463,600.41,0,0,-0.21718008771741604,-106.71800877174161,0,50.0
RECLAIM-V2-002468,C00015,695.21,1,0,0.3084573416223022,-54.15426583776978,0,50.0
RECLAIM-V2-002802,C00964,1025.85,1,1,0.10362032030503188,20.663790736687332,0,50.0
RECLAIM-V2-009582,C00485,1842.33,1,1,-0.21518022780035992,-479.12805379631936,0,50.0
RECLAIM-V2-001240,C00170,6529.86,1,1,0.09910335537172138,559.5543488679237,1,50.0
RECLAIM-V2-002742,C00035,374.45,1,1,-0.050207163126935295,-103.65586470858958,0,50.0
RECLAIM-V2-008952,C00485,337.94,1,1,0.10584992629579637,-49.56670541750428,0,50.0
RECLAIM-V2-009998,C00450,1138.94,0,1,0.002515189348220148,-82.13535024373815,0,50.0
RECLAIM-V2-008312,C00229,3025.42,1,1,0.021482704018913445,-20.3522513230823,0,50.0
RECLAIM-V2-006302,C00612,423.79,1,1,-0.06005770760298357,-110.23451006413859,0,50.0
RECLAIM-V2-009921,C00058,1617.0,1,1,0.15361651881277394,161.92549658743502,1,50.0
RECLAIM-V2-005199,C00140,2923.79,1,1,0.16546997846400135,396.1322660239002,1,50.0
RECLAIM-V2-000621,C00378,1892.78,1,1,0.4024346073997241,672.5091407056798,1,50.0
RECLAIM-V2-001991,C00005,615.14,0,1,0.3212004577152806,112.58324955897771,1,50.0
RECLAIM-V2-009155,C00199,1427.3,1,0,-0.19498381126825043,-104.49838112682504,0,50.0
RECLAIM-V2-008480,C00088,1133.97,1,1,-0.022328457646623723,-110.17087365430757,0,50.0
RECLAIM-V2-007378,C00611,1701.9,1,1,0.2928582156696872,410.63046204632985,1,50.0
RECLAIM-V2-003548,C00096,3570.26,1,1,0.1463362803914563,434.69993930785733,1,50.0
RECLAIM-V2-006408,C00463,1115.13,1,0,-0.028182660199898124,-87.8182660199898,0,50.0
RECLAIM-V2-007215,C00479,704.2,0,1,0.23770291791634313,82.39039479668884,1,50.0
RECLAIM-V2-009655,C00012,1604.18,0,1,0.05791818227684897,7.911189644875591,0,50.0
RECLAIM-V2-005023,C00339,3284.72,0,1,0.03533804429770343,31.07558086555241,0,50.0
RECLAIM-V2-009627,C00045,3555.17,0,1,-0.120472068266119,-513.2986829376583,0,50.0
RECLAIM-V2-007172,C00611,1701.9,0,1,0.24898167855201964,338.7419187276822,1,50.0
RECLAIM-V2-000508,C00187,406.05,0,0,0.360398326250212,-48.9601673749788,0,50.0
RECLAIM-V2-008817,C00158,2259.71,1,0,-0.05888139603777351,-90.88813960377735,0,50.0
RECLAIM-V2-009876,C00872,550.87,1,1,0.13794280475691856,-9.598304114973871,0,50.0
RECLAIM-V2-000158,C00261,10458.95,1,0,0.12025069111381587,-72.97493088861842,0,50.0
RECLAIM-V2-006300,C00232,479.53,0,1,0.017124708071383166,-76.78818873852963,0,50.0
RECLAIM-V2-001117,C00674,606.82,0,1,-0.00671435267220688,-89.07440348854858,0,50.0
RECLAIM-V2-000763,C00524,3359.75,0,1,0.08036862129053424,185.01847538087242,1,50.0
RECLAIM-V2-007518,C00170,6529.86,0,0,0.08359027451471135,-76.64097254852886,0,50.0
RECLAIM-V2-009249,C00393,1445.13,1,0,0.04416390214721594,-80.58360978527841,0,50.0
RECLAIM-V2-009329,C00516,1115.69,0,1,0.0580077415082611,-20.281342876648168,0,50.0
RECLAIM-V2-004420,C00789,580.6,1,1,0.2849317077252721,79.31926105004123,1,50.0
RECLAIM-V2-000254,C00107,1095.66,0,1,0.07488339187598769,-2.953262857155323,0,50.0
RECLAIM-V2-008025,C00616,720.76,1,1,-0.1554528545832079,-196.32852561746276,0,50.0
RECLAIM-V2-001065,C00438,605.88,0,1,0.06545384902364115,-45.342821953556296,0,50.0
RECLAIM-V2-003549,C00565,1133.12,0,0,0.2979294952187785,-55.207050478122156,0,50.0
RECLAIM-V2-006575,C00642,4813.1,0,1,0.026720619351826735,43.609013002277266,0,50.0
RECLAIM-V2-000305,C00433,4802.65,0,1,0.008149922859276737,-45.85877297989458,0,50.0
RECLAIM-V2-007977,C00157,10058.29,1,1,0.04131176696736072,329.4516266289833,1,50.0
RECLAIM-V2-002750,C00863,2625.56,1,1,0.21629474808551202,479.7309224673518,1,50.0
RECLAIM-V2-004647,C00826,2641.52,1,1,-0.0093034690329723,-109.44311955334413,0,50.0
RECLAIM-V2-002483,C00954,3251.86,0,1,-0.11724941078824735,-466.27866896587005,0,50.0
RECLAIM-V2-006457,C00863,2625.56,1,1,0.20702276264060598,455.6259084926355,1,50.0
RECLAIM-V2-000801,C00674,606.82,1,1,0.027768498274486575,-68.26154077596516,0,50.0
RECLAIM-V2-003607,C00168,1417.61,1,0,0.05145190589628562,-79.85480941037144,0,50.0
RECLAIM-V2-009218,C00244,765.01,1,1,0.12560070057696748,10.41696193777851,0,50.0
RECLAIM-V2-005143,C00404,3583.63,0,0,0.04106619767330533,-80.89338023266947,0,50.0
RECLAIM-V2-008608,C00089,956.35,1,0,-0.02319902042521918,-87.31990204252192,0,50.0
RECLAIM-V2-003816,C00687,1222.29,1,1,-0.1700596541384375,-291.56781410237875,0,50.0
RECLAIM-V2-008219,C00234,614.39,1,0,-0.181303849672993,-103.1303849672993,0,50.0
RECLAIM-V2-007130,C00425,1224.52,1,1,-0.005602874855360707,-91.8209252814415,0,50.0
RECLAIM-V2-001063,C00625,1563.76,1,1,0.34922890312541005,457.85579524894615,1,50.0
RECLAIM-V2-003564,C00846,3097.95,1,1,-0.2510243322347614,-858.5215015642109,0,50.0
RECLAIM-V2-006669,C00438,605.88,0,1,0.029240180257398496,-67.2839595856474,0,50.0
RECLAIM-V2-009217,C00938,3438.61,0,1,-0.179677059123867,-702.8393322739204,0,50.0
RECLAIM-V2-009704,C00027,3722.97,0,1,0.039831808948075476,63.29262975941654,1,50.0
RECLAIM-V2-005302,C00538,1283.41,1,1,-0.04923531361220673,-147.79929540340873,0,50.0
RECLAIM-V2-005281,C00325,1494.04,1,1,0.17057563648810736,168.3167263642663,1,50.0
RECLAIM-V2-002711,C00612,423.79,1,1,-0.04757248823796223,-104.98858233405724,0,50.0
RECLAIM-V2-009996,C00886,194.97,0,1,-0.0294534098133446,-90.7425313113078,0,50.0
RECLAIM-V2-003911,C00325,1494.04,0,0,0.14247885881020023,-70.75211411897997,0,50.0
RECLAIM-V2-002869,C00764,476.71,1,1,0.10407305962303492,-35.739468147990536,0,50.0
RECLAIM-V2-008227,C00590,12853.93,1,0,0.2576979140997243,-59.23020859002757,0,50.0
RECLAIM-V2-008399,C00825,5740.47,0,1,-0.07804100253846491,-532.9920338419818,0,50.0
RECLAIM-V2-000125,C00712,1138.68,1,1,-0.2804688334766843,-402.486961213238,0,50.0
RECLAIM-V2-005600,C00840,796.3,1,1,0.15887536796230228,40.72101786287709,0,50.0
RECLAIM-V2-005413,C00897,3184.36,1,1,-0.4623060219086892,-1549.325753883619,0,50.0
RECLAIM-V2-009616,C00124,628.72,0,0,0.10379345879351742,-74.62065412064825,0,50.0
RECLAIM-V2-001144,C00569,249.46,1,1,0.09746852659779293,-60.95327663803669,0,50.0
RECLAIM-V2-001974,C00096,3570.26,0,1,0.1729420474185588,532.4480742165837,1,50.0
RECLAIM-V2-009275,C00669,462.25,1,0,0.2559106708933689,-59.40893291066311,0,50.0
RECLAIM-V2-004533,C00851,242.71,1,1,0.25194754032618616,-24.533484735483476,0,50.0
RECLAIM-V2-009731,C00700,4176.0,0,0,-0.0580577291109407,-90.80577291109407,0,50.0
RECLAIM-V2-007808,C00089,2161.46,0,1,0.2668960783183367,491.8851974419521,1,50.0
RECLAIM-V2-008105,C00832,11837.46,1,1,0.06919920909927135,732.3436903076796,1,50.0
RECLAIM-V2-005592,C00622,3107.28,1,0,0.06604706246433745,-78.39529375356625,0,50.0
RECLAIM-V2-005033,C00058,1617.0,0,0,0.09342162703638734,-75.65783729636127,0,50.0
RECLAIM-V2-006730,C00931,1724.42,0,1,-0.015812530323731533,-112.26744354084913,0,50.0
RECLAIM-V2-000327,C00911,2130.1,1,1,0.16107748172440084,256.23451062031614,1,50.0
RECLAIM-V2-007619,C00173,4973.81,1,1,-0.11569669821406009,-657.4025825240328,0,50.0
RECLAIM-V2-005185,C00664,1148.73,0,1,-0.30771396392071815,-438.4802617746466,0,50.0
RECLAIM-V2-003688,C00397,5641.17,0,0,0.11931470631513175,-73.06852936848682,0,50.0
RECLAIM-V2-007050,C00897,3184.36,1,1,-0.4522631706093185,-1517.5156430410727,0,50.0
RECLAIM-V2-004108,C00449,1378.31,0,0,-0.13811506397548967,-98.81150639754897,0,50.0
RECLAIM-V2-004318,C00749,1712.88,0,1,0.0407012608329923,-15.283624344384137,0,50.0
RECLAIM-V2-007002,C00659,2282.33,1,0,0.07817520348026974,-77.18247965197303,0,50.0
RECLAIM-V2-009204,C00429,607.12,1,1,0.24088032226396983,60.15072446324089,1,50.0
RECLAIM-V2-000694,C00179,1354.17,0,1,0.033587125161412934,-39.517322720169446,0,50.0
RECLAIM-V2-006920,C00571,2503.51,0,1,-0.026329159263985047,-150.9153135089792,0,50.0
RECLAIM-V2-001201,C00551,732.93,1,0,-0.04020554373063634,-89.02055437306363,0,50.0
RECLAIM-V2-009738,C00674,606.82,1,1,-0.010543230160396488,-91.35531048114174,0,50.0
RECLAIM-V2-001277,C00056,1210.33,0,0,-0.011447097446166676,-86.14470974461666,0,50.0
RECLAIM-V2-002824,C00930,475.94,0,1,0.11369256853962428,-30.889158929251217,0,50.0
RECLAIM-V2-001859,C00354,4098.16,1,1,-0.3640807083930633,-1569.2366102201825,0,50.0
RECLAIM-V2-007438,C00193,992.41,1,0,-0.16406981501031942,-101.40698150103194,0,50.0
RECLAIM-V2-003070,C00999,1041.16,0,0,0.10099449715941555,-74.90055028405844,0,50.0
RECLAIM-V2-005319,C00246,1015.34,0,1,0.06539880612130178,-18.597976192797447,0,50.0
RECLAIM-V2-009842,C00445,2268.19,1,1,-0.008030171547300347,-103.11485485631452,0,50.0
RECLAIM-V2-004695,C00101,550.79,0,0,-0.11601913280064163,-96.60191328006417,0,50.0
RECLAIM-V2-000109,C00440,697.51,0,0,-0.14820636239174056,-99.82063623917406,0,50.0
RECLAIM-V2-000802,C00627,2525.76,1,0,0.2550916675180988,-59.490833248190114,0,50.0
RECLAIM-V2-004732,C00670,415.77,1,1,-0.1348105722158388,-140.63513007991256,0,50.0
RECLAIM-V2-001204,C00461,896.6,1,1,-0.15952524283315683,-227.15565581775422,0,50.0
RECLAIM-V2-001441,C00551,892.61,1,0,-0.3478864191443981,-119.78864191443981,0,50.0
RECLAIM-V2-007501,C00437,11801.87,1,1,0.26073620776862744,2985.395686976347,1,50.0
RECLAIM-V2-007349,C00929,6160.93,0,1,0.17684169684842788,1004.5093153643847,1,50.0
RECLAIM-V2-009522,C00816,2283.32,1,1,-0.08918556430677427,-287.5318012151723,0,50.0
RECLAIM-V2-007929,C00635,780.83,0,0,-0.005926276302077094,-85.59262763020772,0,50.0
RECLAIM-V2-001166,C00874,3285.42,0,1,0.07453990634619156,159.8948991079047,1,50.0
RECLAIM-V2-002288,C00096,3570.26,1,1,0.14737670613960463,438.39491636153537,1,50.0
RECLAIM-V2-003319,C00803,3213.93,1,1,-0.03101475738876508,-184.1498481610126,0,50.0
RECLAIM-V2-009437,C00353,3282.18,1,0,0.1554137183618281,-69.4586281638172,0,50.0
RECLAIM-V2-008981,C00517,1370.52,0,0,0.09048454058953065,-75.95154594104693,0,50.0
RECLAIM-V2-006442,C00293,982.62,1,1,-0.0010396374679897402,-86.01490126975011,0,50.0
RECLAIM-V2-000076,C00816,1526.22,1,1,-0.10998648456522109,-251.85927488391823,0,50.0
RECLAIM-V2-003396,C00555,1411.02,1,1,-0.08713158055022979,-207.19898340321998,0,50.0
RECLAIM-V2-002763,C00391,702.01,0,0,-0.016701402829228273,-86.67014028292283,0,50.0
RECLAIM-V2-001784,C00384,1455.3,1,1,0.14560485946234747,125.69365335621416,1,50.0
RECLAIM-V2-009461,C00695,4222.16,1,1,-0.08630855354757827,-447.4570170038895,0,50.0
RECLAIM-V2-003056,C00527,1246.89,0,0,-0.3317238690703719,-118.17238690703718,0,50.0
RECLAIM-V2-006347,C00500,1914.79,0,1,0.06218033155281871,34.062277054021735,0,50.0
RECLAIM-V2-000790,C00718,1216.4,0,1,0.10855361591915902,47.044618404065034,0,50.0
RECLAIM-V2-007579,C00492,4040.65,1,1,-0.21754590600674106,-959.4141848746009,0,50.0
RECLAIM-V2-001033,C00289,1110.34,0,1,0.23429564856997082,175.14783043318135,1,50.0
RECLAIM-V2-006711,C00352,3864.42,1,1,-0.01188731761616102,-130.69601268491758,0,50.0
RECLAIM-V2-007340,C00551,1518.16,1,1,0.13973947197189662,125.87653317705244,1,50.0
RECLAIM-V2-001104,C00783,4342.18,0,1,-0.1639699208762207,-796.9869110303081,0,50.0
RECLAIM-V2-003331,C00931,3936.84,0,0,0.20717362115254828,-64.28263788474517,0,50.0
RECLAIM-V2-007235,C00012,1604.18,1,1,0.1023695638401011,78.2957413225682,1,50.0
RECLAIM-V2-002149,C00663,601.56,0,1,0.3203750523153442,107.72481647081844,1,50.0
RECLAIM-V2-000776,C00669,462.25,0,0,0.2932276294764542,-55.677237052354585,0,50.0
RECLAIM-V2-006540,C00888,624.2,1,1,-0.09573711587677303,-144.31670651781516,0,50.0
RECLAIM-V2-005163,C00043,291.86,0,1,0.23641887549108564,-15.998786999171742,0,50.0
RECLAIM-V2-007463,C00764,3389.91,1,1,0.2779193508847084,851.994099797467,1,50.0
RECLAIM-V2-004082,C00971,873.23,1,0,0.2803422580856697,-56.96577419143303,0,50.0
RECLAIM-V2-002695,C00431,1216.68,1,1,-0.3163397448862076,-467.6434798592241,0,50.0
RECLAIM-V2-000798,C00142,1387.59,0,0,-0.15184224256012746,-100.18422425601274,0,50.0
RECLAIM-V2-003195,C00296,1175.18,0,0,0.014118290612726736,-83.58817093872733,0,50.0
RECLAIM-V2-006104,C00904,364.47,0,1,0.0037828004029132334,-83.62128273715021,0,50.0
RECLAIM-V2-005691,C00590,12853.93,1,1,0.2659739189387382,3326.7618270123385,1,50.0
RECLAIM-V2-005208,C00216,530.34,0,1,0.3700434936402609,111.24886641717598,1,50.0
RECLAIM-V2-003904,C00987,378.61,0,1,-0.07050549751008772,-111.69408641229431,0,50.0
RECLAIM-V2-001189,C00192,205.28,0,1,0.17619582315164511,-48.83052142343029,0,50.0
RECLAIM-V2-008184,C00216,530.34,0,1,0.3580127072552559,104.86845916575243,1,50.0
RECLAIM-V2-007018,C00096,3570.26,1,1,0.124224553697386,356.17216075451387,1,50.0
RECLAIM-V2-008033,C00820,1501.11,1,1,-0.018678202881722727,-112.87916873926216,0,50.0
RECLAIM-V2-004327,C00534,4329.66,1,0,-0.04723406397520588,-89.72340639752059,0,50.0
RECLAIM-V2-009381,C00241,1332.24,1,1,0.33050117038435467,352.6095930811119,1,50.0
RECLAIM-V2-009886,C00955,2373.09,1,1,0.20102239143408052,389.35747216670956,1,50.0
RECLAIM-V2-005593,C00551,732.93,1,0,-0.027686698267660903,-87.76866982676609,0,50.0
RECLAIM-V2-001487,C00080,3465.69,0,1,0.15549195428185025,453.8869110350656,1,50.0
RECLAIM-V2-001642,C00418,2455.74,0,1,-0.09980633466619665,-330.09840829316573,0,50.0
RECLAIM-V2-004692,C00073,2150.05,1,0,-0.0059502326701731945,-85.59502326701732,0,50.0
RECLAIM-V2-003318,C00008,2585.76,1,1,0.19454895587585536,415.34707464894814,1,50.0
RECLAIM-V2-004412,C00372,1831.75,1,1,0.05306537586575388,11.66342435501845,0,50.0
RECLAIM-V2-005082,C00586,662.72,1,1,-0.08838711686728512,-143.19464342296848,0,50.0
RECLAIM-V2-008700,C00942,3584.46,1,1,-0.21240139837952654,-842.218992755731,0,50.0
RECLAIM-V2-003879,C00619,1390.62,0,0,0.008980098686692473,-84.10199013133075,0,50.0
RECLAIM-V2-001164,C00318,9629.4,1,1,-0.19643154570769883,-1971.410706049315,0,50.0
RECLAIM-V2-009274,C00841,799.13,0,0,0.0646418598723294,-78.53581401276706,0,50.0
RECLAIM-V2-009675,C00497,2531.67,0,1,0.07159026063341917,96.2429151378083,1,50.0
RECLAIM-V2-001598,C00707,2420.0,0,1,-0.1649189541047924,-484.1038689335976,0,50.0
RECLAIM-V2-007196,C00907,357.06,0,0,-0.34447594789399316,-119.44759478939932,0,50.0
RECLAIM-V2-008230,C00373,1267.85,1,1,0.26364547714892606,247.32795813510063,1,50.0
RECLAIM-V2-009521,C00368,3345.45,0,1,0.32172010327386663,991.298519497557,1,50.0
RECLAIM-V2-004697,C00434,2024.57,0,0,-0.34437122135864323,-119.43712213586431,0,50.0
RECLAIM-V2-005952,C00003,1205.58,0,0,0.1682420532017671,-68.1757946798233,0,50.0
RECLAIM-V2-003347,C00550,1991.77,0,0,0.22760614230105564,-62.23938576989444,0,50.0
RECLAIM-V2-002457,C00378,1892.78,0,1,0.3927221099623966,658.336555294625,1,50.0
RECLAIM-V2-008307,C00842,8636.8,1,0,0.40904887667857526,-44.09511233214248,0,50.0
RECLAIM-V2-000400,C00819,1874.26,0,0,0.2418100741120086,-60.81899258879914,0,50.0
RECLAIM-V2-000557,C00043,291.86,1,1,0.20302137900537742,-26.245470800878465,0,50.0
RECLAIM-V2-004583,C00595,2678.26,1,1,0.20734236173039222,467.3328275976696,1,50.0
RECLAIM-V2-000021,C00937,3733.84,1,0,-0.010803009673072017,-86.0803009673072,0,50.0
RECLAIM-V2-002493,C00616,720.76,0,0,-0.1416365651478373,-99.16365651478372,0,50.0
RECLAIM-V2-004234,C00260,4436.97,1,1,-0.07312413655649586,-407.71766597135536,0,50.0
RECLAIM-V2-009744,C00727,6449.65,1,1,-0.13317172922508747,-940.3819925721205,0,50.0
RECLAIM-V2-002793,C00096,2866.24,1,0,-0.11429228613398285,-96.42922861339828,0,50.0
RECLAIM-V2-003428,C00378,5035.89,0,1,-0.16699062845923718,-925.946435951588,0,50.0
RECLAIM-V2-001284,C00086,1444.36,1,1,-0.2576824258730501,-454.93873405201913,0,50.0
RECLAIM-V2-004338,C00803,3213.93,1,1,0.0008343082708368588,-82.33283296928458,0,50.0
RECLAIM-V2-001249,C00173,1623.52,1,0,-0.039168968730256104,-88.9168968730256,0,50.0
RECLAIM-V2-009144,C00673,621.54,1,1,-0.17261464234821067,-191.5778556387331,0,50.0
RECLAIM-V2-007637,C00271,10751.67,1,1,0.3160542715178507,3304.735791255107,1,50.0
RECLAIM-V2-003477,C00842,1318.42,0,1,0.144903234717068,106.04332271567682,1,50.0
RECLAIM-V2-002219,C00625,1301.5,0,0,-0.22014420023164816,-107.01442002316482,0,50.0
RECLAIM-V2-006201,C00365,695.04,0,1,0.23536673252938783,78.58929377722572,1,50.0
RECLAIM-V2-000879,C00702,3379.59,0,1,0.32819137482001876,1024.1522884279873,1,50.0
RECLAIM-V2-006980,C00942,3584.46,1,0,-0.2270990058148788,-107.70990058148789,0,50.0
RECLAIM-V2-000110,C00480,1638.01,0,0,0.20534973966695003,-64.465026033305,0,50.0
RECLAIM-V2-005336,C00005,300.35,0,0,0.4519797264049449,-39.80202735950551,0,50.0
RECLAIM-V2-004038,C00020,1160.94,1,1,0.0787755118273456,5.878211219593382,0,50.0
RECLAIM-V2-009610,C00534,712.32,0,1,0.017412005713473788,-72.59708009017835,0,50.0
RECLAIM-V2-001066,C00875,3584.35,1,1,0.032477662294713994,30.780535808385736,0,50.0
RECLAIM-V2-007250,C00043,1063.04,1,0,0.22998504113038346,-62.00149588696165,0,50.0
RECLAIM-V2-004626,C00506,1156.07,0,1,-0.08381844659394544,-181.8999915538625,0,50.0
RECLAIM-V2-008892,C00584,1857.06,0,1,0.13701480772388597,169.44471883171965,1,50.0
RECLAIM-V2-003619,C00921,682.19,0,0,-0.039226053486042134,-88.92260534860421,0,50.0
RECLAIM-V2-002794,C00571,2503.51,1,1,0.0020553516050804133,-79.88219002125439,0,50.0
RECLAIM-V2-001574,C00304,753.19,1,1,0.01984144204031829,-70.15018759034471,0,50.0
RECLAIM-V2-002323,C00005,806.92,1,0,0.09852645744129507,-75.1473542558705,0,50.0
RECLAIM-V2-004114,C00193,992.41,0,1,-0.11717426607409304,-201.28491339459066,0,50.0
RECLAIM-V2-005831,C00294,1806.14,1,1,-0.13276289115555878,-323.3902820538091,0,50.0
RECLAIM-V2-002799,C00098,429.62,0,0,0.01220425751037546,-83.77957424896245,0,50.0
RECLAIM-V2-008762,C00551,3444.56,1,0,-0.20587143442933642,-105.58714344293364,0,50.0
RECLAIM-V2-001460,C00966,1272.63,1,1,-0.13704425495568873,-258.39755277838117,0,50.0
RECLAIM-V2-000936,C00003,1205.58,0,1,0.15400851555467987,100.66958618241094,1,50.0
RECLAIM-V2-001699,C00441,2542.15,0,1,-0.25078662074004376,-722.5372079143023,0,50.0
RECLAIM-V2-008743,C00110,1409.4,0,0,0.070744228073085,-77.9255771926915,0,50.0
RECLAIM-V2-000099,C00098,429.62,0,0,0.009732607370533108,-84.02673926294669,0,50.0
RECLAIM-V2-007591,C00025,897.12,0,0,0.18385376965316935,-66.61462303468306,0,50.0
RECLAIM-V2-005725,C00229,3025.42,1,1,0.025857448285050377,-7.187364463680723,0,50.0
RECLAIM-V2-008106,C00646,5312.11,0,1,-0.006308689003447443,-118.51244994210319,0,50.0
RECLAIM-V2-008017,C00049,5450.57,1,1,-0.003613680540314801,-104.60266304857547,0,50.0
RECLAIM-V2-003632,C00410,611.91,0,0,0.2454556984855299,-60.45443015144701,0,50.0
RECLAIM-V2-000448,C00168,1417.61,0,0,0.09720575600967962,-75.27942439903204,0,50.0
RECLAIM-V2-008512,C00221,889.34,1,1,-0.19069099747296783,-253.5504950366732,0,50.0
RECLAIM-V2-001262,C00659,2282.33,0,1,0.0026907616468528905,-78.85879397053824,0,50.0
RECLAIM-V2-007459,C00449,601.75,1,1,-0.016978227589666606,-95.14009786843697,0,50.0
RECLAIM-V2-007848,C00695,1487.07,1,1,0.11520494148788579,85.28841586446654,1,50.0
