control_value,treatment_value,incremental_value,targeting_policy,retry_all_policy,no_intervention_policy,targeting_selected_value
316679.49738564814,316720.0665183773,40.56913272914244,0,1,0,316679.49738564814
11092492.727641108,11092741.024887908,248.2972468007356,0,1,0,11092492.727641108
26730890.61411587,26731217.25767363,326.6435577571392,0,1,0,26730890.61411587
857953.4482020778,857974.8657865929,21.417584515176713,1,1,0,857974.8657865929
3396659.1216773177,3396773.0884484076,113.96677108993754,0,1,0,3396659.1216773177
2745785.3203164386,2745936.2215002314,150.9011837928556,0,1,0,2745785.3203164386
10615232.162147047,10615461.766372027,229.60422497987747,0,1,0,10615232.162147047
2900698.744359983,2900864.8425877476,166.09822776447982,1,1,0,2900864.8425877476
557160.69466777,557214.5523623407,53.857694570790045,1,1,0,557214.5523623407
2474176.223907786,2474282.3943293886,106.1704216026701,1,1,0,2474282.3943293886
655395.6450555575,655387.439102255,-8.205953302443959,0,1,0,655395.6450555575
307201.8211322222,307234.7618452246,32.940713002404664,1,1,0,307234.7618452246
689843.9208080533,689904.9309095291,61.01010147575289,1,1,0,689904.9309095291
128826.74302523359,128838.3578707119,11.614845478310599,1,1,0,128838.3578707119
953850.1498512649,953851.1828406849,1.0329894199967384,0,1,0,953850.1498512649
11092492.727641108,11092767.971956216,275.24431510828435,0,1,0,11092492.727641108
219236.16556815492,219252.991313358,16.82574520309572,0,1,0,219236.16556815492
722691.8754386344,722694.1689003553,2.2934617209248245,0,1,0,722691.8754386344
15745495.695766272,15745847.802489521,352.1067232489586,0,1,0,15745495.695766272
5994690.381306537,5994929.296270258,238.91496372036636,0,1,0,5994690.381306537
9261409.531546298,9261524.191087525,114.65954122692347,0,1,0,9261409.531546298
41415.660086455835,41428.270717262465,12.61063080663007,1,1,0,41428.270717262465
764282.5472246957,764312.9345945974,30.387369901756756,0,1,0,764282.5472246957
142964.98354033005,142965.06053419044,0.07699386039166711,1,1,0,142965.06053419044
4916904.179045604,4917104.551844177,200.37279857322574,1,1,0,4917104.551844177
1023654.9991617198,1023746.3108013995,91.31163967971224,1,1,0,1023746.3108013995
1323834.5555094294,1323917.066563024,82.51105359452777,0,1,0,1323834.5555094294
591274.0227204594,591274.0645745604,0.041854101000353694,1,1,0,591274.0645745604
9053401.817717794,9053614.455673074,212.63795528002083,0,1,0,9053401.817717794
1943651.7492579352,1943719.4827537623,67.73349582706578,1,1,0,1943719.4827537623
612765.4293915267,612806.3579246297,40.928533102967776,0,1,0,612765.4293915267
352557.6165754301,352593.6786098049,36.06203437480144,1,1,0,352593.6786098049
674378.2538219108,674424.8856324273,46.63181051646825,0,1,0,674378.2538219108
1598176.0004475587,1598295.962202434,119.96175487525761,0,1,0,1598176.0004475587
3303913.5029092655,3303901.0558705074,-12.447038758080453,0,1,0,3303913.5029092655
2538430.5795847196,2538539.5545284934,108.974943773821,0,1,0,2538430.5795847196
8752169.209834285,8752290.570447575,121.3606132902205,0,1,0,8752169.209834285
6688005.365227348,6688090.988303102,85.6230757534504,1,1,0,6688090.988303102
8484448.072901974,8484684.918561118,236.84565914422274,1,1,0,8484684.918561118
5871384.695678936,5871403.482462475,18.786783538758755,0,1,0,5871384.695678936
275300.34936256433,275333.7132872315,33.36392466718098,0,1,0,275300.34936256433
2053930.2186851925,2053910.2538700893,-19.964815103216097,0,1,0,2053930.2186851925
11265012.111761114,11265343.128992641,331.0172315277159,1,1,0,11265343.128992641
1984059.5019844382,1984143.6283074555,84.12632301729172,1,1,0,1984143.6283074555
4055070.806936847,4055198.6107642804,127.80382743338123,1,1,0,4055198.6107642804
788281.9966175453,788349.0597188047,67.06310125940945,0,1,0,788281.9966175453
655395.6450555575,655382.214495858,-13.430559699540026,0,1,0,655395.6450555575
62389292.437461406,62390114.036439456,821.5989780500531,1,1,0,62390114.036439456
1351533.5000633334,1351620.052528463,86.55246512964368,0,1,0,1351533.5000633334
1598176.0004475587,1598305.9563272605,129.95587970176712,0,1,0,1598176.0004475587
25615.498348363304,25629.715660385467,14.217312022163242,1,1,0,25629.715660385467
3396659.1216773177,3396790.5210607117,131.39938339404762,1,1,0,3396790.5210607117
6881966.102418847,6882153.8091255175,187.7067066701129,0,1,0,6881966.102418847
5085619.732653755,5085785.447718339,165.71506458427757,0,1,0,5085619.732653755
2249516.706366879,2249603.3171849516,86.61081807268783,0,1,0,2249516.706366879
1840959.8609375819,1840998.2149485059,38.35401092399843,0,1,0,1840959.8609375819
5406473.40790688,5406691.954109694,218.54620281420648,1,1,0,5406691.954109694
3468995.0762537047,3469077.6086808625,82.53242715774104,1,1,0,3469077.6086808625
788281.9966175453,788361.6418241675,79.64520662219729,0,1,0,788281.9966175453
2911166.6700741975,2911278.243139779,111.5730655817315,1,1,0,2911278.243139779
51766.28039870045,51779.16292450555,12.882525805100158,0,1,0,51766.28039870045
5925319.265898995,5925442.0904347915,122.82453579641879,1,1,0,5925442.0904347915
106347.35517988839,106374.59280708726,27.237627198875998,1,1,0,106374.59280708726
152699.9780724618,152729.45081286595,29.472740404162323,1,1,0,152729.45081286595
194734.60515268476,194726.46591052017,-8.139242164586904,1,1,0,194726.46591052017
244271.18646336923,244305.84465002432,34.65818665508414,1,1,0,244305.84465002432
1275862.984669952,1275949.3065729872,86.3219030352775,0,1,0,1275862.984669952
1563796.9995148082,1563913.5451395896,116.54562478139997,0,1,0,1563796.9995148082
4996969.950179521,4997151.407014774,181.45683525316417,0,1,0,4996969.950179521
3279649.9915555706,3279789.8584347554,139.86687918473035,1,1,0,3279789.8584347554
1399779.3856301678,1399881.7922530037,102.40662283590063,1,1,0,1399881.7922530037
74293.52958226226,74311.22260545543,17.693023193176487,0,1,0,74293.52958226226
406030.7043884612,406092.2232505126,61.51886205142364,1,1,0,406092.2232505126
827922.5463209351,827953.8428774542,31.29655651911162,1,1,0,827953.8428774542
1840959.8609375819,1841007.1506248568,47.28968727495521,1,1,0,1841007.1506248568
1688815.3479957532,1688911.186868585,95.83887283178046,1,1,0,1688911.186868585
1847818.0306055099,1847886.0386151753,68.00800966541283,1,1,0,1847886.0386151753
173787.50616403052,173828.62493841266,41.1187743821356,0,1,0,173787.50616403052
71354362.37914456,71355204.72205111,842.342906549573,1,1,0,71355204.72205111
5452030.376131189,5452251.8218130795,221.44568189047277,1,1,0,5452251.8218130795
4026220.8206423842,4026267.943156983,47.12251459853724,1,1,0,4026267.943156983
776229.1366906383,776320.4672658189,91.33057518058922,1,1,0,776320.4672658189
2431938.739161191,2432089.457925329,150.71876413794234,1,1,0,2432089.457925329
4123960.8068271712,4124123.7796509154,162.9728237441741,1,1,0,4124123.7796509154
11023186.761196494,11023320.442433566,133.68123707175255,1,1,0,11023320.442433566
6267293.101332681,6267455.972100071,162.87076738942415,0,1,0,6267293.101332681
10713722.137815552,10713895.541663218,173.4038476664573,0,1,0,10713722.137815552
772484.1382946647,772519.1963658747,35.05807121004909,1,1,0,772519.1963658747
1439949.1875428027,1440059.9247708754,110.73722807271406,1,1,0,1440059.9247708754
6950417.938389312,6950663.540447719,245.60205840785056,0,1,0,6950417.938389312
987904.3090745586,987968.9446155197,64.6355409611715,0,1,0,987904.3090745586
2046947.6806875272,2047039.0662365383,91.38554901117459,0,1,0,2046947.6806875272
1438682.1837841508,1438751.4663124352,69.28252828447148,1,1,0,1438751.4663124352
911691.9132797144,911759.769129977,67.8558502625674,0,1,0,911691.9132797144
1316327.981716723,1316415.4893891609,87.50767243793234,1,1,0,1316415.4893891609
9261969.157809157,9262255.014346875,285.85653771832585,0,1,0,9261969.157809157
6743459.567150459,6743670.675706204,211.10855574533343,0,1,0,6743459.567150459
485968.6566888086,486009.88938749064,41.23269868205534,1,1,0,486009.88938749064
96939.27838771572,96939.42328076735,0.14489305163442623,1,1,0,96939.42328076735
1068098.8974435492,1068159.598041539,60.70059798983857,0,1,0,1068098.8974435492
1790078.386154597,1790162.9715522812,84.58539768424816,1,1,0,1790162.9715522812
1187614.1943890834,1187636.8108733485,22.616484265075997,0,1,0,1187614.1943890834
28001689.605240937,28001997.389123984,307.7838830463588,1,1,0,28001997.389123984
2613654.8035987765,2613727.6134346877,72.80983591126278,0,1,0,2613654.8035987765
3283729.5827306174,3283883.6177827744,154.03505215700716,1,1,0,3283883.6177827744
2852376.305515184,2852486.6037464347,110.29823125060648,1,1,0,2852486.6037464347
622920.6365021671,622946.833294134,26.196791966911405,0,1,0,622920.6365021671
3768977.678170482,3768980.140116649,2.461946167051792,1,1,0,3768980.140116649
302522.87517644186,302581.12931868335,58.254142241494264,1,1,0,302581.12931868335
1799167.8563814259,1799267.5131586106,99.65677718468942,1,1,0,1799267.5131586106
22755838.314897653,22756161.538195167,323.2232975140214,1,1,0,22756161.538195167
642908.6820874109,642981.2856526077,72.60356519673951,0,1,0,642908.6820874109
244271.18646336923,244312.46011817717,41.27365480794106,1,1,0,244312.46011817717
847871.7805865989,847950.2911725427,78.51058594381902,0,1,0,847871.7805865989
64231.42592242637,64245.317883287214,13.891960860841209,0,1,0,64231.42592242637
2712093.821702228,2712076.1718176734,-17.649884554557502,0,1,0,2712093.821702228
244271.18646336923,244308.81127896608,37.62481559684966,1,1,0,244308.81127896608
126040497.34316106,126041413.11857368,915.7754126191139,1,1,0,126041413.11857368
21676083.39937474,21676459.016966563,375.61759182438254,0,1,0,21676083.39937474
406030.7043884612,406090.746163065,60.04177460382925,1,1,0,406090.746163065
164717.0409722319,164743.2301401024,26.18916787049966,0,1,0,164717.0409722319
1732515.28563052,1732589.2709326437,73.98530212370679,1,1,0,1732589.2709326437
591274.0227204594,591271.3421967032,-2.680523756192997,1,1,0,591271.3421967032
5406473.40790688,5406690.873624634,217.46571775432676,1,1,0,5406690.873624634
764282.5472246957,764327.7701040223,45.2228793266695,0,1,0,764282.5472246957
2945495.904935029,2945516.987659615,21.08272458612919,1,1,0,2945516.987659615
3555873.389357666,3556012.095371409,138.70601374283433,1,1,0,3556012.095371409
18640829.15079593,18641118.76065653,289.609860599041,1,1,0,18641118.76065653
8075314.9467557175,8075450.699950488,135.75319477077574,1,1,0,8075450.699950488
128826.74302523359,128837.75028632315,11.007261089558597,1,1,0,128837.75028632315
1973503.8758253946,1973634.29527858,130.4194531852845,1,1,0,1973634.29527858
25615.498348363304,25627.76273333188,12.26438496857736,0,1,0,25615.498348363304
3912376.8140218644,3912509.828109733,133.01408786838874,1,1,0,3912509.828109733
14963045.83630955,14963366.735315416,320.8990058656782,1,1,0,14963366.735315416
6545801.794917186,6546036.5353060085,234.7403888227418,0,1,0,6545801.794917186
3283729.5827306174,3283930.8448811355,201.2621505181305,1,1,0,3283930.8448811355
772484.1382946647,772512.5828988957,28.44460423104465,1,1,0,772512.5828988957
485968.6566888086,486010.8240299819,42.167341173335444,1,1,0,486010.8240299819
344630.39621665515,344674.1030828009,43.706866145774256,0,1,0,344630.39621665515
4123960.8068271712,4124132.4367699916,171.62994282040745,1,1,0,4124132.4367699916
4181973.138940897,4182057.672535524,84.53359462693334,0,1,0,4181973.138940897
1203907.0240311718,1203954.3881090567,47.364077884936705,1,1,0,1203954.3881090567
1563796.9995148082,1563904.6566501088,107.6571353005711,0,1,0,1563796.9995148082
2886472.6845166525,2886554.955066813,82.27055016066879,0,1,0,2886472.6845166525
7844340.877169891,7844579.923759593,239.04658970143646,1,1,0,7844579.923759593
328891.0801646634,328946.4443929433,55.36422827991191,1,1,0,328946.4443929433
1584898.7601277025,1584952.811880312,54.051752609433606,1,1,0,1584952.811880312
194734.60515268476,194722.7906725064,-11.814480178349186,1,1,0,194722.7906725064
111840.89129113163,111859.41666466331,18.52537353168009,1,1,0,111859.41666466331
257622.0217765094,257652.75756219972,30.735785690310877,0,1,0,257622.0217765094
72605.69454856621,72626.55446024296,20.85991167674365,0,1,0,72605.69454856621
1102547.2567188914,1102622.6140941132,75.35737522179261,0,1,0,1102547.2567188914
5994690.381306537,5994926.035313951,235.65400741342455,0,1,0,5994690.381306537
17550089.65454335,17550102.21601916,12.561475809663534,0,1,0,17550089.65454335
10713722.137815552,10713886.661640894,164.52382534183562,0,1,0,10713722.137815552
74293.52958226226,74308.16497391976,14.635391657502623,0,1,0,74293.52958226226
4055070.806936847,4055138.15606185,67.3491250029765,1,1,0,4055138.15606185
65432610.961475864,65433038.83157164,427.87009577453136,1,1,0,65433038.83157164
43564058.15127581,43564262.21144348,204.06016766279936,1,1,0,43564262.21144348
3696291.842546434,3696382.8441207567,91.00157432258129,0,1,0,3696291.842546434
117464.93800014911,117459.29586781765,-5.6421323314571055,0,1,0,117464.93800014911
5952628.736709481,5952756.682705376,127.94599589519203,0,1,0,5952628.736709481
12780260.198375776,12780412.737887906,152.5395121295005,0,1,0,12780260.198375776
708463.4910896679,708502.6850474201,39.19395775219891,1,1,0,708502.6850474201
14963045.83630955,14963376.565345317,330.7290357667953,1,1,0,14963376.565345317
1935007.1763858767,1935076.6048047363,69.42841885960661,1,1,0,1935076.6048047363
16038089.777960837,16038481.459095633,391.68113479577005,1,1,0,16038481.459095633
11265012.111761114,11265325.36050114,313.2487400267273,1,1,0,11265325.36050114
2268718.843122812,2268835.3481900673,116.50506725534797,1,1,0,2268835.3481900673
62389292.437461406,62390022.53407033,730.0966089218855,1,1,0,62390022.53407033
316679.49738564814,316712.5102254998,33.012839851668105,0,1,0,316679.49738564814
1323834.5555094294,1323917.3043318128,82.74882238334976,0,1,0,1323834.5555094294
136808.25456196745,136842.04120965296,33.786647685512435,1,1,0,136842.04120965296
1692722.1104410996,1692845.6413993253,123.53095822571777,1,1,0,1692845.6413993253
866177.023232418,866260.2629076227,83.23967520473525,1,1,0,866260.2629076227
1097625.1657385358,1097719.4313760477,94.26563751185313,0,1,0,1097625.1657385358
1351533.5000633334,1351622.8421625565,89.34209922305308,0,1,0,1351533.5000633334
827922.5463209351,827965.4203937268,42.87407279165927,1,1,0,827965.4203937268
932111.6242528124,932162.9061313698,51.281878557405435,1,1,0,932162.9061313698
152838.99367302624,152855.9304509811,16.93677795486292,1,1,0,152855.9304509811
3555873.389357666,3556020.388854277,146.9994966108352,1,1,0,3556020.388854277
96967.17098822602,96986.287509824,19.11652159798541,1,1,0,96986.287509824
8586157.492501678,8586378.660489233,221.16798755526543,1,1,0,8586378.660489233
9261969.157809157,9262232.652158659,263.49434950202703,0,1,0,9261969.157809157
6545801.794917186,6546005.331245391,203.53632820490748,0,1,0,6545801.794917186
89289.63735968676,89299.70460108426,10.067241397497128,0,1,0,89289.63735968676
9009068.180574873,9009135.961040316,67.78046544268727,1,1,0,9009135.961040316
229368.04254773862,229403.19597721484,35.15342947622412,0,1,0,229368.04254773862
1477879.2613400389,1477992.710249975,113.44890993623994,1,1,0,1477992.710249975
857953.4482020778,857975.729238045,22.281035967287607,1,1,0,857975.729238045
11023186.761196494,11023321.700086936,134.93889044225216,1,1,0,11023321.700086936
977831.881083325,977883.6799812466,51.79889792157337,0,1,0,977831.881083325
11377672.495031105,11378027.222834827,354.72780372202396,1,1,0,11378027.222834827
1207835.131975527,1207848.5622635635,13.430288036586717,1,1,0,1207848.5622635635
229368.04254773862,229405.79293749455,37.75038975593634,0,1,0,229368.04254773862
114258.11541712612,114281.20931176184,23.093894635720062,1,1,0,114281.20931176184
25615.498348363304,25627.70437365101,12.206025287705415,1,1,0,25627.70437365101
5408579.412974305,5408744.644011146,165.23103684093803,1,1,0,5408744.644011146
557403.996639694,557470.0519832856,66.0553435916081,0,1,0,557403.996639694
1704614.2016440798,1704609.9149390056,-4.2867050741333514,1,1,0,1704609.9149390056
356358.20952557714,356401.0024552357,42.79292965854984,1,1,0,356401.0024552357
245120.37973896507,245161.96156725092,41.58182828585268,1,1,0,245161.96156725092
1600210.0058459565,1600294.1419845172,84.13613856071606,1,1,0,1600294.1419845172
7211805.783904289,7212005.947038707,200.16313441842794,0,1,0,7211805.783904289
359162.42064649763,359199.5764622914,37.155815793783404,0,1,0,359162.42064649763
1103001.5846540234,1103090.2410935035,88.65643948013894,1,1,0,1103090.2410935035
8970744.4865961,8971023.198198799,278.71160269901156,0,1,0,8970744.4865961
2660122.6119231414,2660171.2039147955,48.59199165413156,0,1,0,2660122.6119231414
8484448.072901974,8484651.846933981,203.77403200790286,1,1,0,8484651.846933981
557403.996639694,557467.0153896903,63.018749996321276,0,1,0,557403.996639694
4818590.949920602,4818796.0577850295,205.10786442738026,0,1,0,4818590.949920602
13464290.526900984,13464513.033473829,222.5065728444606,1,1,0,13464513.033473829
3434239.499741499,3434376.064483847,136.56474234815687,1,1,0,3434376.064483847
1563796.9995148082,1563920.6846596024,123.68514479417354,0,1,0,1563796.9995148082
822808.5080977706,822871.3891518104,62.881054039811715,1,1,0,822871.3891518104
302522.87517644186,302566.99625901546,44.121082573605236,0,1,0,302522.87517644186
2268718.843122812,2268821.001509844,102.15838703187183,0,1,0,2268718.843122812
1047750.7149074771,1047808.3556191471,57.64071166992653,1,1,0,1047808.3556191471
73383.22460362459,73397.34445237878,14.119848754184204,1,1,0,73397.34445237878
3918474.65856107,3918632.5279054698,157.8693443997763,1,1,0,3918632.5279054698
29222551.020591423,29222974.378463533,423.3578721098602,1,1,0,29222974.378463533
674378.2538219108,674421.5764827628,43.322660851990804,0,1,0,674378.2538219108
1704614.2016440798,1704611.4174697269,-2.7841743528842926,1,1,0,1704611.4174697269
2538430.5795847196,2538530.893803731,100.3142190114595,1,1,0,2538530.893803731
877596.8530442578,877649.9121299398,53.05908568191808,1,1,0,877649.9121299398
1141794.5827811563,1141797.8673389952,3.284557838924229,1,1,0,1141797.8673389952
765840.2459430216,765837.4833122676,-2.762630754034035,1,1,0,765837.4833122676
14851905.397995414,14852271.549067693,366.1510722786188,0,1,0,14851905.397995414
1799167.8563814259,1799271.3441624695,103.4877810436301,1,1,0,1799271.3441624695
3085735.0125213237,3085905.8852679254,170.87274660170078,0,1,0,3085735.0125213237
4818590.949920602,4818800.116724458,209.16680385544896,0,1,0,4818590.949920602
22755838.314897653,22756158.902081512,320.5871838591993,1,1,0,22756158.902081512
2557075.8568376983,2557191.173777806,115.3169401078485,1,1,0,2557191.173777806
10681598.53702642,10681865.303828888,266.7668024674058,0,1,0,10681598.53702642
125632.45175601031,125646.38201673469,13.930260724373511,1,1,0,125646.38201673469
1282212.8368828252,1282291.2976010332,78.46071820799261,0,1,0,1282212.8368828252
2852376.305515184,2852496.584210366,120.27869518194348,0,1,0,2852376.305515184
8302873.858732726,8303076.42698315,202.5682504232973,0,1,0,8302873.858732726
73966.16767497586,73981.93536804868,15.767693072819384,0,1,0,73966.16767497586
1943651.7492579352,1943712.3776582906,60.62840035534464,1,1,0,1943712.3776582906
32231.878649484108,32236.947946218515,5.069296734407544,0,1,0,32231.878649484108
977831.881083325,977896.6749090963,64.79382577131037,0,1,0,977831.881083325
24038.34722782521,24037.824178946787,-0.5230488784218323,1,1,0,24037.824178946787
141877.76570612966,141900.35432354265,22.588617412984604,1,1,0,141900.35432354265
418786.4926461767,418837.5663290433,51.07368286658311,0,1,0,418786.4926461767
2474176.223907786,2474297.5639723786,121.34006459265947,1,1,0,2474297.5639723786
278731.0403933141,278771.9497973723,40.90940405818401,1,1,0,278771.9497973723
5452030.376131189,5452210.041137286,179.66500609740615,1,1,0,5452210.041137286
168473.11384030466,168507.95347604403,34.839635739364894,0,1,0,168473.11384030466
4123960.8068271712,4124103.5498909005,142.7430637292564,0,1,0,4123960.8068271712
11023186.761196494,11023360.051680524,173.2904840297997,1,1,0,11023360.051680524
9053401.817717794,9053619.737339215,217.9196214210242,0,1,0,9053401.817717794
2735768.0686973715,2735782.4983353848,14.429638013243675,0,1,0,2735768.0686973715
788281.9966175453,788357.8303209185,75.83370337320957,0,1,0,788281.9966175453
5411385.311234373,5411549.667333315,164.35609894245863,1,1,0,5411549.667333315
252013.05452287509,252054.3790052769,41.324482401803834,1,1,0,252054.3790052769
6545801.794917186,6546002.664352886,200.86943570058793,0,1,0,6545801.794917186
1438682.1837841508,1438762.991325162,80.80754101113416,1,1,0,1438762.991325162
3444341.3672214714,3444501.1920923153,159.82487084390596,1,1,0,3444501.1920923153
1536309.656775106,1536389.3105649294,79.65378982340917,1,1,0,1536389.3105649294
9261969.157809157,9262206.940882886,237.78307372890413,0,1,0,9261969.157809157
194734.60515268476,194732.4200308287,-2.185121856047772,1,1,0,194732.4200308287
143397.80670130212,143418.73049281718,20.923791515058838,1,1,0,143418.73049281718
500201.74121300003,500234.0145760348,32.27336303476477,1,1,0,500234.0145760348
1381923.2868618125,1381950.3425166602,27.055654847761616,0,1,0,1381923.2868618125
622920.6365021671,622964.1800401044,43.54353793733753,1,1,0,622964.1800401044
1773178.1788168591,1773289.974763491,111.79594663181342,1,1,0,1773289.974763491
257622.0217765094,257662.1634569264,40.141680417000316,0,1,0,257622.0217765094
26963577.599322863,26964104.924480367,527.3251575045288,0,1,0,26963577.599322863
5762139.825437719,5762265.191451801,125.36601408198476,1,1,0,5762265.191451801
1541966.7414974757,1542051.452214201,84.71071672532707,1,1,0,1542051.452214201
727558.0228634931,727571.1351035839,13.11224009084981,0,1,0,727558.0228634931
387553.0629193628,387590.86881350714,37.805894144345075,1,1,0,387590.86881350714
745720.2629841297,745800.8156828514,80.55269872164354,1,1,0,745800.8156828514
128287.41712272058,128320.97714913895,33.560026418374036,1,1,0,128320.97714913895
208489.41734393156,208520.46577703615,31.048433104588185,1,1,0,208520.46577703615
101897.88252210115,101916.76936812261,18.88684602145804,1,1,0,101916.76936812261
3308808.053273834,3308990.9414478345,182.88817400066182,0,1,0,3308808.053273834
776229.1366906383,776323.8979502803,94.7612596420804,1,1,0,776323.8979502803
745207.949757806,745283.9380069638,75.98824915778823,1,1,0,745283.9380069638
1323834.5555094294,1323902.3147028813,67.7591934518423,0,1,0,1323834.5555094294
1323834.5555094294,1323909.5062429935,74.95073356409557,0,1,0,1323834.5555094294
2053930.2186851925,2053917.6069466632,-12.611738529289141,0,1,0,2053930.2186851925
4026220.8206423842,4026289.614185728,68.79354334389791,1,1,0,4026289.614185728
8954391.253223268,8954574.85011228,183.59688901156187,1,1,0,8954574.85011228
12780260.198375776,12780431.767218463,171.56884268671274,0,1,0,12780260.198375776
126040497.34316106,126041428.50824675,931.1650856882334,1,1,0,126041428.50824675
3912376.8140218644,3912472.8604231114,96.0464012469165,1,1,0,3912472.8604231114
2613654.8035987765,2613737.553523053,82.74992427648976,0,1,0,2613654.8035987765
78215.11988881922,78229.54864915003,14.428760330818477,0,1,0,78215.11988881922
5267397.917790059,5267631.8851438435,233.9673537844792,0,1,0,5267397.917790059
5762139.825437719,5762233.594963632,93.76952591259032,1,1,0,5762233.594963632
49049533.51043717,49049602.281637534,68.77120036631823,1,1,0,49049602.281637534
14397904.552325727,14398283.970517617,379.41819188930094,0,1,0,14397904.552325727
603340.1087191155,603386.3844968062,46.27577769069467,1,1,0,603386.3844968062
2491099.527741081,2491172.984564015,73.45682293409482,1,1,0,2491172.984564015
1194718.1911450252,1194784.290186232,66.0990412067622,0,1,0,1194718.1911450252
11722140.734803813,11722407.296302428,266.56149861589074,0,1,0,11722140.734803813
289238.17066096887,289274.75476274785,36.58410177897895,0,1,0,289238.17066096887
7803938.902313549,7804182.493052173,243.59073862433434,0,1,0,7803938.902313549
14963045.83630955,14963357.431973746,311.5956641957164,1,1,0,14963357.431973746
101897.88252210115,101908.85680553898,10.97428343782667,1,1,0,101908.85680553898
3283729.5827306174,3283865.229197197,135.6464665797539,0,1,0,3283729.5827306174
5452030.376131189,5452237.248707796,206.87257660739124,1,1,0,5452237.248707796
17258126.75767763,17258414.228201717,287.47052408754826,0,1,0,17258126.75767763
1036195.9052392339,1036270.4395476175,74.53430838359054,0,1,0,1036195.9052392339
3085735.0125213237,3085887.3094358016,152.29691447783262,0,1,0,3085735.0125213237
4672251.772108818,4672368.557606952,116.78549813386053,0,1,0,4672251.772108818
642908.6820874109,642987.9864722172,79.30438480630983,0,1,0,642908.6820874109
1141794.5827811563,1141802.5510895343,7.968308378010988,1,1,0,1141802.5510895343
8484448.072901974,8484676.262418075,228.1895161010325,1,1,0,8484676.262418075
14851905.397995414,14852238.43176788,333.03377246670425,1,1,0,14852238.43176788
5267397.917790059,5267618.252867866,220.33507780730724,0,1,0,5267397.917790059
359162.42064649763,359192.2791008766,29.85845437896205,0,1,0,359162.42064649763
3764700.7099296222,3764854.285018599,153.5750889768824,0,1,0,3764700.7099296222
2557075.8568376983,2557175.8710875497,100.0142498514615,1,1,0,2557175.8710875497
14851905.397995414,14852208.586631645,303.18863623030484,0,1,0,14851905.397995414
6267566.109666087,6267754.986523893,188.87685780599713,0,1,0,6267566.109666087
894801.3075319069,894801.4532959887,0.14576408185530454,1,1,0,894801.4532959887
509093.49435175816,509141.808643684,48.31429192586802,0,1,0,509093.49435175816
343316.8376024959,343317.7148161611,0.8772136651678011,0,1,0,343316.8376024959
1282212.8368828252,1282291.3216765374,78.48479371215217,0,1,0,1282212.8368828252
4556696.424357577,4556714.487323328,18.062965750694275,0,1,0,4556696.424357577
3023575.6087595387,3023716.521603428,140.91284388909116,0,1,0,3023575.6087595387
6743459.567150459,6743653.2281658435,193.66101538483053,0,1,0,6743459.567150459
4447812.172309932,4448010.853911998,198.68160206545144,1,1,0,4448010.853911998
2671494.157679522,2671541.544249705,47.38657018309459,1,1,0,2671541.544249705
456554.533892592,456586.4885757247,31.954683132702485,0,1,0,456554.533892592
6749905.662706231,6750166.564159938,260.9014537073672,0,1,0,6749905.662706231
3396659.1216773177,3396779.207193565,120.08551624743268,0,1,0,3396659.1216773177
43564058.15127581,43564199.41282685,141.26155103743076,1,1,0,43564199.41282685
49049533.51043717,49049640.72780644,107.21736927330494,1,1,0,49049640.72780644
1207835.131975527,1207834.485963778,-0.646011748816818,1,1,0,1207834.485963778
51766.28039870045,51777.316511619116,11.036112918664003,0,1,0,51766.28039870045
1412557.5132314658,1412598.0157718433,40.50254037743434,1,1,0,1412598.0157718433
29222551.020591423,29222920.054976426,369.0343850031495,1,1,0,29222920.054976426
923573.9689023267,923652.778811967,78.80990964034572,0,1,0,923573.9689023267
10753432.679771453,10753618.577097226,185.8973257727921,0,1,0,10753432.679771453
453639.64193600364,453670.34455811366,30.702622110024095,0,1,0,453639.64193600364
1351533.5000633334,1351630.344169408,96.84410607465543,1,1,0,1351630.344169408
3894903.960935407,3895101.226901057,197.26596565032378,1,1,0,3895101.226901057
4996969.950179521,4997194.512578187,224.56239866558462,0,1,0,4996969.950179521
6315424.572603809,6315593.396369033,168.82376522384584,1,1,0,6315593.396369033
4818590.949920602,4818793.688264379,202.73834377713501,1,1,0,4818793.688264379
1790078.386154597,1790157.3742547687,78.98810017178766,1,1,0,1790157.3742547687
1203907.0240311718,1203946.5163778646,39.492346692830324,1,1,0,1203946.5163778646
745207.949757806,745270.3324733146,62.38271550857462,1,1,0,745270.3324733146
194734.60515268476,194737.94514387485,3.3399911900924053,1,1,0,194737.94514387485
56418645.68427123,56418706.34234197,60.65807073563337,0,1,0,56418645.68427123
106347.35517988839,106375.22308723415,27.867907345760614,1,1,0,106375.22308723415
877596.8530442578,877647.1255544404,50.27251018257812,1,1,0,877647.1255544404
14064897.145826096,14065109.78546449,212.63963839411736,0,1,0,14064897.145826096
343316.8376024959,343327.37263368606,10.535031190142035,0,1,0,343316.8376024959
301996.25721334195,302028.1149489515,31.857735609577503,0,1,0,301996.25721334195
3806815.3492183303,3806858.413335943,43.064117612782866,1,1,0,3806858.413335943
8660190.869514309,8660435.29008669,244.42057238146663,1,1,0,8660435.29008669
2911166.6700741975,2911283.4317686902,116.76169449277222,1,1,0,2911283.4317686902
325957.7981311924,326006.76681088295,48.96867969055893,0,1,0,325957.7981311924
96967.17098822602,96984.37312744897,17.20213922295079,1,1,0,96984.37312744897
3696291.842546434,3696379.4921903787,87.64964394457638,0,1,0,3696291.842546434
1266628.4062894674,1266739.1926510043,110.78636153694242,0,1,0,1266628.4062894674
752209.8151967054,752278.6875350976,68.8723383921897,0,1,0,752209.8151967054
11308933.182431117,11309109.186827846,176.00439672917128,1,1,0,11309109.186827846
752209.8151967054,752291.2822351569,81.46703845146112,0,1,0,752209.8151967054
6166314.530225852,6166553.101523845,238.5712979938835,1,1,0,6166553.101523845
316679.49738564814,316719.90878660494,40.41140095680021,0,1,0,316679.49738564814
8970744.4865961,8971020.553297134,276.06670103408396,0,1,0,8970744.4865961
117464.93800014911,117457.61360255606,-7.3243975930527085,0,1,0,117464.93800014911
585368.5946708199,585436.5321737851,67.93750296521466,0,1,0,585368.5946708199
4556696.424357577,4556712.195559523,15.771201945841312,1,1,0,4556712.195559523
226432.72782276015,226463.88802061832,31.160197858174797,1,1,0,226463.88802061832
1047750.7149074771,1047815.3189872968,64.60407981963363,1,1,0,1047815.3189872968
1266628.4062894674,1266745.1333593472,116.72706987988204,0,1,0,1266628.4062894674
361338.9393590597,361378.202390353,39.26303129334701,1,1,0,361378.202390353
745207.949757806,745271.071564543,63.1218067369191,1,1,0,745271.071564543
10615232.162147047,10615441.96104579,209.79889874346554,0,1,0,10615232.162147047
12547179.64335476,12547182.297684385,2.654329624027014,1,1,0,12547182.297684385
788281.9966175453,788359.9431143119,77.94649676664267,0,1,0,788281.9966175453
2936238.1745556802,2936364.335640115,126.16108443494886,1,1,0,2936364.335640115
3918474.65856107,3918669.57798906,194.91942798998207,1,1,0,3918669.57798906
1457967.4212666776,1458063.323341198,95.90207452047616,1,1,0,1458063.323341198
17550089.65454335,17550138.18755478,48.53301142901182,0,1,0,17550089.65454335
46505.470330402524,46503.34892778074,-2.121402621785819,1,1,0,46503.34892778074
909129.627527158,909187.5958589148,57.96833175676875,1,1,0,909187.5958589148
115474675.43179981,115475221.40769275,545.9758929312229,0,1,0,115474675.43179981
2720773.1330530187,2720758.530803038,-14.602249980904162,1,1,0,2720758.530803038
622920.6365021671,622954.5507195073,33.914217340177856,1,1,0,622954.5507195073
847871.7805865989,847946.6845560131,74.90396941418294,0,1,0,847871.7805865989
1016158.3063639353,1016250.6245749884,92.31821105303243,1,1,0,1016250.6245749884
897267.1000342931,897304.1349127095,37.03487841633614,0,1,0,897267.1000342931
25692355.381078765,25692690.287921403,334.90684263780713,1,1,0,25692690.287921403
2680034.264666479,2680042.363817264,8.09915078477934,1,1,0,2680042.363817264
1656708.0884794807,1656774.4553637381,66.36688425741158,1,1,0,1656774.4553637381
128826.74302523359,128837.63967518792,10.896649954331224,1,1,0,128837.63967518792
1477879.2613400389,1477988.901955651,109.64061561203562,0,1,0,1477879.2613400389
11092492.727641108,11092765.843757395,273.11611628718674,0,1,0,11092492.727641108
301996.25721334195,302032.49606689595,36.23885355400853,1,1,0,302032.49606689595
3806815.3492183303,3806861.292893422,45.94367509149015,1,1,0,3806861.292893422
123886.63063740215,123876.282381692,-10.348255710152443,0,1,0,123886.63063740215
2474176.223907786,2474286.7211883315,110.4972805455327,1,1,0,2474286.7211883315
218516.57951305184,218532.8342957976,16.254782745760167,1,1,0,218532.8342957976
328891.0801646634,328941.8554681697,50.77530350635061,1,1,0,328941.8554681697
953850.1498512649,953859.8146062937,9.664755028788932,1,1,0,953859.8146062937
848335.1267673018,848393.3928946719,58.26612737006508,0,1,0,848335.1267673018
65432610.961475864,65433077.63535661,466.67388074845076,1,1,0,65433077.63535661
5241011.535061381,5241176.908231002,165.3731696214527,1,1,0,5241176.908231002
164717.0409722319,164740.60958954148,23.568617309589172,0,1,0,164717.0409722319
622920.6365021671,622951.7085722049,31.07207003782969,0,1,0,622920.6365021671
2720773.1330530187,2720770.278344972,-2.8547080466523767,1,1,0,2720770.278344972
284389.25547435007,284405.2007548002,15.945280450105201,0,1,0,284389.25547435007
674378.2538219108,674419.9670305003,41.713208589470014,0,1,0,674378.2538219108
553199.9642455443,553251.8829826467,51.918737102416344,0,1,0,553199.9642455443
1366738.4142475734,1366756.7958837834,18.38163621001877,1,1,0,1366756.7958837834
11023186.761196494,11023312.155601073,125.39440457895398,1,1,0,11023312.155601073
4026220.8206423842,4026280.0824463735,59.26180398929864,1,1,0,4026280.0824463735
4968387.499149974,4968582.220734273,194.72158429864794,0,1,0,4968387.499149974
247976.16626194798,248008.7121291666,32.545867218635976,0,1,0,247976.16626194798
137441.16501623308,137465.50404153162,24.339025298540946,1,1,0,137465.50404153162
8703792.266600942,8704087.393005447,295.12640450522304,0,1,0,8703792.266600942
228383.38374819365,228411.4911965933,28.107448399649,0,1,0,228383.38374819365
4313412.746343347,4313614.96431866,202.21797531284392,0,1,0,4313412.746343347
5241011.535061381,5241181.636627448,170.10156606696546,1,1,0,5241181.636627448
3792467.647795351,3792626.4327654713,158.7849701200612,0,1,0,3792467.647795351
1143834.2807385316,1143928.7333115102,94.45257297856733,0,1,0,1143834.2807385316
4447812.172309932,4447995.342586661,183.1702767284587,1,1,0,4447995.342586661
10625645.635420606,10625632.804964274,-12.830456331372261,0,1,0,10625645.635420606
500201.74121300003,500235.3575248499,33.61631184985163,1,1,0,500235.3575248499
2712093.821702228,2712098.6604566015,4.838754373602569,0,1,0,2712093.821702228
688068.9480252689,688137.0753615953,68.12733632640447,1,1,0,688137.0753615953
56996981.189219184,56997823.18092465,841.9917054623365,1,1,0,56997823.18092465
18136105.88351695,18136247.836012512,141.9524955637753,1,1,0,18136247.836012512
5952628.736709481,5952722.320488941,93.5837794598192,0,1,0,5952628.736709481
2492497.284461207,2492519.6383404215,22.353879214264452,1,1,0,2492519.6383404215
4055070.806936847,4055150.133559229,79.32662238180637,1,1,0,4055150.133559229
3369967.3249944835,3370141.8643033644,174.53930888092145,0,1,0,3369967.3249944835
142964.98354033005,142965.83274105832,0.8492007282620762,1,1,0,142965.83274105832
3303913.5029092655,3303908.12654209,-5.376367175485939,0,1,0,3303913.5029092655
1036435.5005440813,1036521.6244808277,86.12393674638588,0,1,0,1036435.5005440813
359162.42064649763,359183.4162928604,20.995646362775005,0,1,0,359162.42064649763
11092492.727641108,11092812.721797967,319.9941568598151,0,1,0,11092492.727641108
6974419.406856188,6974556.958037051,137.55118086375296,0,1,0,6974419.406856188
1439949.1875428027,1440048.3991310813,99.21158827864565,1,1,0,1440048.3991310813
1187614.1943890834,1187654.1667234167,39.97233433322981,0,1,0,1187614.1943890834
2046947.6806875272,2047052.4789891923,104.79830166511238,0,1,0,2046947.6806875272
10753432.679771453,10753618.341486644,185.66171519085765,0,1,0,10753432.679771453
956834.1005823506,956897.7363992853,63.63581693463493,1,1,0,956897.7363992853
190441.1155331657,190454.4381081284,13.322574962716317,1,1,0,190454.4381081284
1366738.4142475734,1366740.6226664833,2.2084189099259675,1,1,0,1366740.6226664833
194623.6277590105,194651.09936032438,27.471601313882275,0,1,0,194623.6277590105
2852376.305515184,2852504.3833288252,128.07781364116818,1,1,0,2852504.3833288252
1589807.758968432,1589889.6347164514,81.87574801943265,0,1,0,1589807.758968432
6070995.203750776,6071107.203972958,112.00022218190134,0,1,0,6070995.203750776
1584898.7601277025,1584958.9107491004,60.150621397886425,1,1,0,1584958.9107491004
1412557.5132314658,1412618.7857440582,61.27251259237528,1,1,0,1412618.7857440582
10713722.137815552,10713882.492210422,160.3543948698789,0,1,0,10713722.137815552
43531.92772688013,43545.09254912391,13.164822243779781,0,1,0,43531.92772688013
11133860.357771315,11134115.839514384,255.48174306936562,1,1,0,11134115.839514384
1760120.702320428,1760241.4152711392,120.71295071113855,0,1,0,1760120.702320428
6070995.203750776,6071111.233054846,116.02930406946689,0,1,0,6070995.203750776
250623.49383776874,250669.36069807567,45.86686030693818,0,1,0,250623.49383776874
612765.4293915267,612799.0095028685,33.58011134178378,0,1,0,612765.4293915267
50491357.451323405,50492054.62853057,697.1772071644664,1,1,0,50492054.62853057
26730890.61411587,26731281.407645017,390.7935291454196,0,1,0,26730890.61411587
8703792.266600942,8704083.035918865,290.7693179231137,0,1,0,8703792.266600942
252013.05452287509,252055.29326408752,42.23874121243716,1,1,0,252055.29326408752
314336.0104231434,314359.23185765004,23.221434506645892,0,1,0,314336.0104231434
1143834.2807385316,1143914.532401812,80.25166328041814,0,1,0,1143834.2807385316
772727.7111405021,772790.9758784961,63.264737993944436,1,1,0,772790.9758784961
670039.1966505141,670098.2079816359,59.0113311217865,1,1,0,670098.2079816359
1935007.1763858767,1935076.6439225846,69.46753670787439,1,1,0,1935076.6439225846
1016158.3063639353,1016239.1018724851,80.79550854978152,1,1,0,1016239.1018724851
2536371.36190086,2536505.7845987836,134.42269792361185,0,1,0,2536371.36190086
1912309.9256228476,1912316.5884777172,6.662854869617149,1,1,0,1912316.5884777172
5186102.853918638,5186272.277400615,169.4234819766134,0,1,0,5186102.853918638
600886.3911490919,600886.4026119062,0.011462814291007817,0,1,0,600886.3911490919
750712.3814536578,750779.4176987559,67.0362450981047,1,1,0,750779.4176987559
745720.2629841297,745805.7232620653,85.46027793560643,1,1,0,745805.7232620653
3396659.1216773177,3396806.908042242,147.78636492416263,0,1,0,3396659.1216773177
3369967.3249944835,3370134.8928160546,167.56782157113776,0,1,0,3369967.3249944835
3468995.0762537047,3469111.8871865342,116.81093282951042,1,1,0,3469111.8871865342
1128315.197364823,1128382.407468071,67.21010324801318,0,1,0,1128315.197364823
278731.0403933141,278761.99239114404,30.951997829950415,1,1,0,278761.99239114404
73557585.94548212,73558388.9791729,803.0336907804012,0,1,0,73557585.94548212
111840.89129113163,111868.21107484117,27.31978370953584,1,1,0,111868.21107484117
358194.08558782935,358195.5855404131,1.4999525837483816,1,1,0,358195.5855404131
24038.34722782521,24038.923462627932,0.5762348027237749,1,1,0,24038.923462627932
6688005.365227348,6688117.667323935,112.30209658667445,1,1,0,6688117.667323935
1813492.0785892464,1813575.0565801146,82.97799086826853,0,1,0,1813492.0785892464
1207835.131975527,1207835.019900468,-0.1120750589761883,1,1,0,1207835.019900468
11991389.271983214,11991700.556241652,311.28425843827426,0,1,0,11991389.271983214
2765322.901718614,2765302.3256409843,-20.576077629812062,0,1,0,2765322.901718614
25692355.381078765,25692734.82145542,379.4403766542673,0,1,0,25692355.381078765
10753432.679771453,10753614.70188332,182.02211186662316,0,1,0,10753432.679771453
3768977.678170482,3768944.3526372537,-33.3255332284607,1,1,0,3768944.3526372537
5230498.624478682,5230747.925012397,249.30053371470422,1,1,0,5230747.925012397
13437013.420561148,13437226.679411994,213.2588508464396,0,1,0,13437013.420561148
358617.4844571371,358651.8466571809,34.36220004380448,1,1,0,358651.8466571809
9053401.817717794,9053602.651055984,200.83333818987012,0,1,0,9053401.817717794
8302873.858732726,8303087.753027277,213.89429455064237,0,1,0,8302873.858732726
6137738.923402802,6137981.446288876,242.52288607414812,1,1,0,6137981.446288876
1307863.152382908,1307962.7891137153,99.63673080736771,0,1,0,1307863.152382908
24552.494452140556,24567.588165808673,15.093713668116834,1,1,0,24567.588165808673
55464697.173974074,55465115.303269416,418.1292953416705,0,1,0,55464697.173974074
7635916.430636806,7636183.876046114,267.44540930725634,1,1,0,7636183.876046114
2950735.829942017,2950845.918292399,110.08835038216785,0,1,0,2950735.829942017
8715341.999473402,8715573.506198209,231.50672480650246,0,1,0,8715341.999473402
115474675.43179981,115475263.5167125,588.08491268754,0,1,0,115474675.43179981
114258.11541712612,114280.93784852848,22.822431402368238,1,1,0,114280.93784852848
7298310.738218909,7298572.307197361,261.5689784521237,1,1,0,7298572.307197361
1187614.1943890834,1187644.3604363236,30.16604724014178,0,1,0,1187614.1943890834
251866.99430029973,251909.67513574523,42.680835445498815,0,1,0,251866.99430029973
361338.9393590597,361372.4319550125,33.4925959528191,1,1,0,361372.4319550125
18378690.41092002,18378905.012880597,214.6019605770707,0,1,0,18378690.41092002
2474176.223907786,2474249.764989238,73.54108145227656,1,1,0,2474249.764989238
17614417.70099561,17614856.553898703,438.8529030941427,0,1,0,17614417.70099561
136808.25456196745,136841.27869496495,33.024132997496054,1,1,0,136841.27869496495
1399779.3856301678,1399877.760110154,98.37447998626158,1,1,0,1399877.760110154
55655.11606647748,55661.443605860084,6.3275393826043,0,1,0,55655.11606647748
1589807.758968432,1589902.565035317,94.80606688512489,0,1,0,1589807.758968432
1536309.656775106,1536405.5624950007,95.90571989468299,1,1,0,1536405.5624950007
21267401.38312578,21267694.646473244,293.26334746554494,1,1,0,21267694.646473244
28653.1627601185,28665.486083042717,12.323322924217791,1,1,0,28665.486083042717
219236.16556815492,219250.02884220387,13.863274048955645,0,1,0,219236.16556815492
1181567.163125584,1181592.3421017749,25.178976190974936,0,1,0,1181567.163125584
8302873.858732726,8303043.984352593,170.12561986688524,0,1,0,8302873.858732726
1886146.6727193943,1886270.5500000464,123.87728065205738,1,1,0,1886270.5500000464
3311313.074514458,3311300.7368265456,-12.337687912397087,1,1,0,3311300.7368265456
270228.08370277245,270275.0530680642,46.9693652917631,0,1,0,270228.08370277245
5994690.381306537,5994899.437147852,209.05584131460637,1,1,0,5994899.437147852
612765.4293915267,612814.0678176025,48.63842607580591,0,1,0,612765.4293915267
675412.6365760632,675421.9357582155,9.299182152259164,1,1,0,675421.9357582155
8479014.152744133,8479254.727358762,240.57461462914944,0,1,0,8479014.152744133
278731.0403933141,278767.64663777786,36.6062444637646,1,1,0,278767.64663777786
1943651.7492579352,1943711.8135415954,60.06428366014734,1,1,0,1943711.8135415954
5064724.657256247,5064793.710838531,69.05358228459954,1,1,0,5064793.710838531
209409779.47501644,209409632.3613995,-147.11361694335938,1,1,0,209409632.3613995
251866.99430029973,251917.01410499186,50.01980469212867,1,1,0,251917.01410499186
152699.9780724618,152724.74387449134,24.765802029549377,1,1,0,152724.74387449134
21267401.38312578,21267749.59202946,348.20890368148685,0,1,0,21267401.38312578
1136722.8803715664,1136794.6479445267,71.76757296035066,1,1,0,1136794.6479445267
18640829.15079593,18641164.216275755,335.0654798261821,1,1,0,18641164.216275755
16027037.039484648,16027373.653571505,336.61408685706556,1,1,0,16027373.653571505
13750062.722413579,13750384.940457169,322.2180435899645,0,1,0,13750062.722413579
64231.42592242637,64246.20379622518,14.777873798804649,0,1,0,64231.42592242637
1546375.4343229784,1546408.3947775997,32.960454621352255,1,1,0,1546408.3947775997
7807.629659521402,7811.231370793765,3.6017112723629907,1,1,0,7811.231370793765
284389.25547435007,284400.83601964277,11.580545292701572,0,1,0,284389.25547435007
344630.39621665515,344668.3164973413,37.92028068617219,0,1,0,344630.39621665515
9157139.395737441,9157314.830757914,175.43502047285438,1,1,0,9157314.830757914
1984059.5019844382,1984124.2929290966,64.79094465845264,1,1,0,1984124.2929290966
827922.5463209351,827965.005608239,42.45928730384912,1,1,0,827965.005608239
822808.5080977706,822893.0560354902,84.54793771961704,1,1,0,822893.0560354902
11991389.271983214,11991675.653563716,286.3815805017948,0,1,0,11991389.271983214
73557585.94548212,73558352.59631269,766.6508305668831,0,1,0,73557585.94548212
916899.2555327136,916933.6700339887,34.41450127505232,1,1,0,916933.6700339887
8715341.999473402,8715585.135252235,243.13577883318067,0,1,0,8715341.999473402
64231.42592242637,64244.593871870995,13.167949444621627,0,1,0,64231.42592242637
2223204.995950113,2223334.0556359035,129.05968579044566,1,1,0,2223334.0556359035
125632.45175601031,125647.29007322715,14.838317216839641,0,1,0,125632.45175601031
2276694.8265848635,2276818.7616800596,123.93509519612417,1,1,0,2276818.7616800596
2557075.8568376983,2557168.5352871316,92.67844943329692,1,1,0,2557168.5352871316
503992.76184165524,504027.60559703095,34.843755375710316,1,1,0,504027.60559703095
194623.6277590105,194655.33861022795,31.71085121744545,0,1,0,194623.6277590105
7792159.222460343,7792373.535974356,214.3135140137747,1,1,0,7792373.535974356
1973503.8758253946,1973629.2196795628,125.34385416819714,1,1,0,1973629.2196795628
16945967.904154036,16946340.038762923,372.134608887136,1,1,0,16946340.038762923
500201.74121300003,500229.0974479215,27.356234921491705,1,1,0,500229.0974479215
688068.9480252689,688132.2806294414,63.33260417252313,1,1,0,688132.2806294414
8151091.979372842,8151326.474444125,234.4950712826103,0,1,0,8151091.979372842
250623.49383776874,250666.45347649776,42.95963872902212,1,1,0,250666.45347649776
117464.93800014911,117460.30893972552,-4.629060423583724,0,1,0,117464.93800014911
141877.76570612966,141899.2647567671,21.49905063744518,1,1,0,141899.2647567671
246477.5002228199,246501.22616105332,23.725938233430497,1,1,0,246501.22616105332
418786.4926461767,418841.57684066944,55.08419449272333,0,1,0,418786.4926461767
6688005.365227348,6688107.602580019,102.23735267110169,1,1,0,6688107.602580019
363382.5418187947,363371.7242433682,-10.817575426481199,0,1,0,363382.5418187947
3847982.6834347625,3848156.1539573655,173.47052260302007,0,1,0,3847982.6834347625
1822872.9967008675,1822969.4719305285,96.4752296609804,1,1,0,1822969.4719305285
716912.0076669466,716978.9144128199,66.90674587327521,1,1,0,716978.9144128199
328891.0801646634,328940.4630793169,49.38291465351358,1,1,0,328940.4630793169
5406473.40790688,5406688.915361141,215.50745426118374,1,1,0,5406688.915361141
2886472.6845166525,2886593.1578528625,120.47333621000871,0,1,0,2886472.6845166525
1266628.4062894674,1266734.0568676803,105.6505782129243,0,1,0,1266628.4062894674
3912376.8140218644,3912479.3275961108,102.51357424631715,1,1,0,3912479.3275961108
5622931.97593603,5622936.923329785,4.9473937544971704,0,1,0,5622931.97593603
210527.60844440912,210544.2867806886,16.67833627946675,1,1,0,210544.2867806886
5267397.917790059,5267616.706277951,218.7884878916666,0,1,0,5267397.917790059
1984059.5019844382,1984139.1506996031,79.64871516497806,1,1,0,1984139.1506996031
7926732.763656111,7926982.384443585,249.62078747339547,1,1,0,7926982.384443585
321945.96354026685,321989.06396894937,43.10042868251912,1,1,0,321989.06396894937
226432.72782276015,226457.67147498633,24.943652226182166,1,1,0,226457.67147498633
1295858.0874203388,1295902.6095741617,44.52215382293798,1,1,0,1295902.6095741617
24048926.121432032,24049387.502075296,461.3806432634592,0,1,0,24048926.121432032
8794922.649638599,8795142.136085076,219.48644647747278,1,1,0,8795142.136085076
6508378.248619787,6508642.204703951,263.9560841638595,1,1,0,6508642.204703951
12606182.454915939,12606418.189024238,235.73410829901695,0,1,0,12606182.454915939
6166314.530225852,6166543.42191257,228.8916867179796,1,1,0,6166543.42191257
1016158.3063639353,1016246.7133311665,88.4069672311889,1,1,0,1016246.7133311665
1320728.2988037765,1320732.7115040896,4.412700313143432,0,1,0,1320728.2988037765
780931.9096290685,781003.4205967272,71.51096765871625,1,1,0,781003.4205967272
136808.25456196745,136840.46976758225,32.21520561480429,0,1,0,136808.25456196745
418786.4926461767,418846.92194462253,60.42929844581522,0,1,0,418786.4926461767
1600210.0058459565,1600298.7092442212,88.70339826471172,1,1,0,1600298.7092442212
3444341.3672214714,3444498.1268105293,156.75958905788139,1,1,0,3444498.1268105293
165437.03380450173,165448.02925081493,10.995446313201683,0,1,0,165437.03380450173
73557585.94548212,73558440.2097927,854.2643105834723,0,1,0,73557585.94548212
485968.6566888086,486004.305638349,35.648949540394824,1,1,0,486004.305638349
1366738.4142475734,1366732.3248266086,-6.089420964708552,1,1,0,1366732.3248266086
1692722.1104410996,1692827.4231161112,105.31267501157708,1,1,0,1692827.4231161112
7844340.877169891,7844574.187265595,233.31009570416063,1,1,0,7844574.187265595
3434239.499741499,3434341.578830935,102.07908943621442,1,1,0,3434341.578830935
5452030.376131189,5452256.882226124,226.50609493535012,1,1,0,5452256.882226124
18378690.41092002,18378901.786852706,211.37593268603086,0,1,0,18378690.41092002
1203907.0240311718,1203948.629886993,41.60585582116619,1,1,0,1203948.629886993
772727.7111405021,772793.664838918,65.95369841589127,1,1,0,772793.664838918
1915519.9963258626,1915589.5780153445,69.5816894818563,0,1,0,1915519.9963258626
173787.50616403052,173819.2878984542,31.781734423682792,0,1,0,173787.50616403052
1661193.151901767,1661269.615335444,76.46343367709778,1,1,0,1661269.615335444
14064897.145826096,14065074.145165704,176.99933960847557,0,1,0,14064897.145826096
17614417.70099561,17614870.070448745,452.36945313587785,1,1,0,17614870.070448745
2491099.527741081,2491195.910781876,96.38304079510272,1,1,0,2491195.910781876
6267566.109666087,6267730.2703117775,164.1606456907466,0,1,0,6267566.109666087
358194.08558782935,358196.79796345945,2.7123756301007234,1,1,0,358196.79796345945
208489.41734393156,208521.45296234704,32.03561841548071,1,1,0,208521.45296234704
78215.11988881922,78232.88115052013,17.761261700914474,0,1,0,78215.11988881922
2226126.4779920583,2226264.6625002623,138.18450820399448,0,1,0,2226126.4779920583
1935007.1763858767,1935085.5123812344,78.33599535771646,1,1,0,1935085.5123812344
206665.50040455983,206666.37512570826,0.8747211484296713,1,1,0,206666.37512570826
1023654.9991617198,1023747.6350082632,92.63584654335864,1,1,0,1023747.6350082632
219236.16556815492,219250.10906134808,13.943493193160975,0,1,0,219236.16556815492
5085619.732653755,5085786.834441357,167.10178760252893,0,1,0,5085619.732653755
5539966.703701163,5540082.574138335,115.87043717224151,1,1,0,5540082.574138335
26760882.45029559,26760978.08716992,95.63687432929873,1,1,0,26760978.08716992
1589807.758968432,1589898.1497712776,90.39080284559168,0,1,0,1589807.758968432
229368.04254773862,229412.7901797344,44.7476319957932,0,1,0,229368.04254773862
2053930.2186851925,2053909.4886557905,-20.730029402067885,0,1,0,2053930.2186851925
1068098.8974435492,1068164.624629307,65.72718575783074,0,1,0,1068098.8974435492
18136105.88351695,18136278.874216437,172.99069948866963,1,1,0,18136278.874216437
12606182.454915939,12606381.732890164,199.2779742255807,0,1,0,12606182.454915939
10160483.823229413,10160678.28449735,194.46126793697476,0,1,0,10160483.823229413
2491099.527741081,2491182.4407479893,82.91300690826029,1,1,0,2491182.4407479893
229375.62433883108,229416.40244469358,40.778105862496886,0,1,0,229375.62433883108
361338.9393590597,361380.069141256,41.12978219630895,1,1,0,361380.069141256
221592.883482504,221615.71238488393,22.828902379929787,1,1,0,221615.71238488393
3696291.842546434,3696415.1217060164,123.27915958222002,0,1,0,3696291.842546434
4083794.525655386,4083843.148683607,48.62302822107449,0,1,0,4083794.525655386
85179.0353196006,85189.1242782987,10.088958698092028,1,1,0,85189.1242782987
387553.0629193628,387595.74000814225,42.67708877945552,1,1,0,387595.74000814225
745207.949757806,745276.6962023153,68.74644450924825,1,1,0,745276.6962023153
1307863.152382908,1307962.5285324152,99.37614950723946,0,1,0,1307863.152382908
10713722.137815552,10713917.943724643,195.80590909160674,0,1,0,10713722.137815552
600886.3911490919,600885.4535998612,-0.9375492306426167,0,1,0,600886.3911490919
2536371.36190086,2536508.8615323813,137.49963152129203,0,1,0,2536371.36190086
5230498.624478682,5230746.094728221,247.4702495392412,1,1,0,5230746.094728221
346034.3525447402,346065.0034598923,30.650915152102243,1,1,0,346065.0034598923
1600210.0058459565,1600311.136490281,101.13064432446845,1,1,0,1600311.136490281
12677880.256750485,12678276.002100488,395.7453500032425,1,1,0,12678276.002100488
448460.24132450164,448438.95922708017,-21.282097421470098,0,1,0,448460.24132450164
3369967.3249944835,3370114.129688063,146.80469357967377,0,1,0,3369967.3249944835
209369.91814784834,209391.3229223797,21.404774531372823,0,1,0,209369.91814784834
2936238.1745556802,2936394.265653293,156.09109761286527,1,1,0,2936394.265653293
6070995.203750776,6071100.231583558,105.027832781896,0,1,0,6070995.203750776
246477.5002228199,246503.06888716255,25.56866434265976,1,1,0,246503.06888716255
231523.73750709067,231572.438571848,48.70106475733337,1,1,0,231572.438571848
4123960.8068271712,4124152.1258540396,191.31902686832473,1,1,0,4124152.1258540396
4569440.014474772,4569483.531369583,43.51689481083304,0,1,0,4569440.014474772
1760120.702320428,1760242.335275692,121.63295526383445,1,1,0,1760242.335275692
837258.492534493,837347.6036629083,89.11112841533031,1,1,0,837347.6036629083
1821582.9237183747,1821697.2735048546,114.3497864799574,1,1,0,1821697.2735048546
808379.2503040457,808467.8089648177,88.55866077193059,1,1,0,808467.8089648177
221592.883482504,221618.01399907816,25.130516574165085,1,1,0,221618.01399907816
1656708.0884794807,1656779.6497450413,71.56126556056552,0,1,0,1656708.0884794807
303416.7383330743,303445.6784350879,28.940102013584692,1,1,0,303445.6784350879
221592.883482504,221616.10056918752,23.21708668352221,1,1,0,221616.10056918752
30693.293477189567,30703.128698752105,9.835221562538209,1,1,0,30703.128698752105
1351533.5000633334,1351634.607442407,101.10737907350995,1,1,0,1351634.607442407
303416.7383330743,303439.0138956169,22.275562542607076,1,1,0,303439.0138956169
72605.69454856621,72627.32810236311,21.633553796898923,1,1,0,72627.32810236311
128287.41712272058,128319.25479053539,31.837667814805172,1,1,0,128319.25479053539
64231.42592242637,64244.04710074881,12.621178322435298,0,1,0,64231.42592242637
1915519.9963258626,1915584.261339607,64.26501374435611,0,1,0,1915519.9963258626
173787.50616403052,173825.8215372743,38.31537324379315,0,1,0,173787.50616403052
3311313.074514458,3311263.294741281,-49.779773177113384,1,1,0,3311263.294741281
104332.32990582053,104353.65862505918,21.328719238648773,1,1,0,104353.65862505918
675412.6365760632,675416.451798948,3.8152228847611696,1,1,0,675416.451798948
8605830.666446242,8606079.997728398,249.33128215558827,1,1,0,8606079.997728398
14851905.397995414,14852214.641628439,309.2436330243945,0,1,0,14851905.397995414
3949608.8918481655,3949590.5450539673,-18.346794198267162,0,1,0,3949608.8918481655
9009068.180574873,9009079.45523872,11.274663846939802,1,1,0,9009079.45523872
371351.76096132013,371380.1342730229,28.373311702744104,0,1,0,371351.76096132013
456554.533892592,456580.55925917556,26.02536658354802,0,1,0,456554.533892592
1275862.984669952,1275937.378968151,74.39429819909856,0,1,0,1275862.984669952
272025.46842776664,272079.8210816868,54.35265392018482,0,1,0,272025.46842776664
1275862.984669952,1275949.397345199,86.412675247062,0,1,0,1275862.984669952
839734.2204658395,839776.1344683717,41.914002532255836,1,1,0,839776.1344683717
8703792.266600942,8704084.799241649,292.53264070674777,0,1,0,8703792.266600942
1036195.9052392339,1036275.1406332637,79.23539402987808,0,1,0,1036195.9052392339
17550089.65454335,17550054.530144386,-35.12439896538854,0,1,0,17550089.65454335
1102547.2567188914,1102622.8919642647,75.63524537323974,1,1,0,1102622.8919642647
505635.0293831093,505625.5968873887,-9.43249572062632,1,1,0,505625.5968873887
557403.996639694,557481.8769267978,77.88028710382059,0,1,0,557403.996639694
7926732.763656111,7926888.162302943,155.39864683151245,1,1,0,7926888.162302943
359162.42064649763,359198.9547244154,36.53407791774953,0,1,0,359162.42064649763
493835.05221289245,493859.31197321333,24.259760320885107,0,1,0,493835.05221289245
7926732.763656111,7926942.411244005,209.64758789353073,1,1,0,7926942.411244005
13437013.420561148,13437242.284762392,228.86420124396682,0,1,0,13437013.420561148
848335.1267673018,848414.0450319607,78.9182646588888,0,1,0,848335.1267673018
2431938.739161191,2432111.336766707,172.5976055157371,1,1,0,2432111.336766707
2680034.264666479,2680066.481793143,32.21712666377425,1,1,0,2680066.481793143
65432610.961475864,65433039.48643358,428.524957716465,1,1,0,65433039.48643358
4672251.772108818,4672366.022249978,114.25014115963131,0,1,0,4672251.772108818
977831.881083325,977891.1957256345,59.314642309444025,0,1,0,977831.881083325
918396.4697902963,918487.0752452823,90.60545498598367,1,1,0,918487.0752452823
3333185.540455103,3333336.899231218,151.35877611488104,0,1,0,3333185.540455103
4274019.019492431,4274156.146257284,137.12676485348493,1,1,0,4274156.146257284
2745785.3203164386,2745941.1746151852,155.85429874667898,0,1,0,2745785.3203164386
4880653.444225869,4880806.993965212,153.5497393431142,1,1,0,4880806.993965212
4102174.2322281725,4102340.5872161207,166.3549879482016,0,1,0,4102174.2322281725
3544288.316713967,3544457.0228910246,168.70617705769837,1,1,0,3544457.0228910246
1943651.7492579352,1943721.1312076594,69.38194972416386,1,1,0,1943721.1312076594
1282212.8368828252,1282280.418946924,67.58206409867853,0,1,0,1282212.8368828252
603340.1087191155,603381.6521923757,41.543473260244355,1,1,0,603381.6521923757
5032931.654638072,5033055.160007492,123.50536942016333,0,1,0,5032931.654638072
9261409.531546298,9261558.59312554,149.06157924234867,0,1,0,9261409.531546298
4123960.8068271712,4124103.9640617203,143.15723454905674,1,1,0,4124103.9640617203
278731.0403933141,278765.8586608262,34.81826751213521,1,1,0,278765.8586608262
358617.4844571371,358647.36841604154,29.88395890442189,1,1,0,358647.36841604154
563470.8148823524,563483.1413229143,12.326440561912023,1,1,0,563483.1413229143
1915519.9963258626,1915576.619401285,56.62307542236522,0,1,0,1915519.9963258626
89289.63735968676,89302.27116477933,12.633805092569673,0,1,0,89289.63735968676
839734.2204658395,839773.5183797601,39.29791392059997,1,1,0,839773.5183797601
2083720.0682891896,2083751.873245512,31.804956322303042,0,1,0,2083720.0682891896
1320728.2988037765,1320752.1574966575,23.85869288095273,0,1,0,1320728.2988037765
164717.0409722319,164745.60930924624,28.568337014352437,0,1,0,164717.0409722319
3468995.0762537047,3469079.696573092,84.62031938740984,1,1,0,3469079.696573092
18640829.15079593,18641042.416560896,213.2657649666071,1,1,0,18641042.416560896
3847982.6834347625,3848171.7333314065,189.0498966439627,1,1,0,3848171.7333314065
24038.34722782521,24040.506509329964,2.1592815047551994,1,1,0,24040.506509329964
1399779.3856301678,1399879.993664401,100.60803423309699,1,1,0,1399879.993664401
4968387.499149974,4968586.353279482,198.85412950720638,0,1,0,4968387.499149974
231523.73750709067,231572.21838191702,48.480874826345826,1,1,0,231572.21838191702
2480242.3376656794,2480387.9865509914,145.6488853120245,0,1,0,2480242.3376656794
5452030.376131189,5452269.863497227,239.4873660383746,1,1,0,5452269.863497227
18640829.15079593,18641087.04197363,257.89117770269513,1,1,0,18641087.04197363
111840.89129113163,111862.96559370751,22.074302575885667,0,1,0,111840.89129113163
358617.4844571371,358647.3493805649,29.864923427754547,1,1,0,358647.3493805649
2666777.8768750248,2666888.6127818148,110.73590679001063,1,1,0,2666888.6127818148
2311697.886006038,2311676.628946095,-21.257059943396598,0,1,0,2311697.886006038
6508378.248619787,6508630.2672802685,252.01866048108786,1,1,0,6508630.2672802685
78215.11988881922,78232.57539217302,17.455503353805398,0,1,0,78215.11988881922
96967.17098822602,96986.2733990721,19.10241084608424,1,1,0,96986.2733990721
8484448.072901974,8484696.368485676,248.29558370262384,1,1,0,8484696.368485676
4630434.0091187805,4630575.066800202,141.0576814217493,0,1,0,4630434.0091187805
448460.24132450164,448446.6365256164,-13.60479888523696,0,1,0,448460.24132450164
4711523.516344199,4711630.00557121,106.48922701086849,1,1,0,4711630.00557121
3283729.5827306174,3283902.777306126,173.1945755085908,1,1,0,3283902.777306126
417793.1975898323,417849.6925070229,56.49491719057551,0,1,0,417793.1975898323
4444553.441807679,4444737.438643131,183.99683545250446,0,1,0,4444553.441807679
303416.7383330743,303444.97206601995,28.233732945634983,0,1,0,303416.7383330743
674378.2538219108,674427.865712707,49.611890796222724,0,1,0,674378.2538219108
16288935.882380422,16288898.086933533,-37.79544688947499,1,1,0,16288898.086933533
29222551.020591423,29222944.484934907,393.4643434844911,1,1,0,29222944.484934907
7792159.222460343,7792333.339586044,174.11712570115924,1,1,0,7792333.339586044
2053930.2186851925,2053920.5235569354,-9.695128257153556,0,1,0,2053930.2186851925
85179.0353196006,85194.24134585148,15.206026250874856,1,1,0,85194.24134585148
1600210.0058459565,1600314.9304104182,104.92456446168944,1,1,0,1600314.9304104182
14851905.397995414,14852240.704497809,335.3065023943782,0,1,0,14851905.397995414
15166325.820369095,15166695.933752539,370.1133834440261,0,1,0,15166325.820369095
6797015.160596746,6797246.382235924,231.22163917776197,1,1,0,6797246.382235924
3468995.0762537047,3469092.0503224116,96.97406870685518,1,1,0,3469092.0503224116
1877574.1617981063,1877689.1808382543,115.01904014800675,1,1,0,1877689.1808382543
5062129.884637326,5062313.508352143,183.62371481675655,1,1,0,5062313.508352143
1187614.1943890834,1187634.8420856742,20.647696590749547,0,1,0,1187614.1943890834
5032931.654638072,5033087.569564983,155.91492691170424,0,1,0,5032931.654638072
6545801.794917186,6546041.664167272,239.86925008613616,0,1,0,6545801.794917186
131032.49230534109,131058.26369422583,25.771388884735643,1,1,0,131058.26369422583
1351550.231685623,1351601.0160307921,50.78434516908601,1,1,0,1351601.0160307921
1007463.4510234176,1007534.0549219381,70.60389852046501,1,1,0,1007534.0549219381
932111.6242528124,932160.9671574379,49.34290462557692,0,1,0,932111.6242528124
6418673.778297663,6418835.046117383,161.2678197203204,1,1,0,6418835.046117383
1477879.2613400389,1477996.3462933498,117.08495331089944,0,1,0,1477879.2613400389
503992.76184165524,504030.1639866347,37.402144979452714,0,1,0,503992.76184165524
18378690.41092002,18378885.24769429,194.83677427098155,1,1,0,18378885.24769429
2536371.36190086,2536503.7022459134,132.3403450534679,0,1,0,2536371.36190086
3085735.0125213237,3085896.375654379,161.36313305515796,0,1,0,3085735.0125213237
1007463.4510234176,1007542.7747786272,79.32375520956703,0,1,0,1007463.4510234176
217130.62985087992,217124.00483209724,-6.625018782680854,1,1,0,217124.00483209724
4181973.138940897,4182042.5835330016,69.44459210475907,1,1,0,4182042.5835330016
15108983.99869042,15109172.770053681,188.77136326022446,1,1,0,15109172.770053681
956834.1005823506,956891.459483187,57.35890083631966,1,1,0,956891.459483187
3264720.039257336,3264873.290630451,153.25137311499566,1,1,0,3264873.290630451
837258.492534493,837354.5563454106,96.06381091766525,1,1,0,837354.5563454106
16142476.34821393,16142428.126979318,-48.22123461216688,1,1,0,16142428.126979318
4916904.179045604,4917173.706069715,269.5270241117105,0,1,0,4916904.179045604
2097571.41903134,2097639.977329303,68.55829796288162,0,1,0,2097571.41903134
655395.6450555575,655385.6315915223,-10.013464035233483,0,1,0,655395.6450555575
909129.627527158,909187.7277817175,58.10025455954019,1,1,0,909187.7277817175
1194718.1911450252,1194779.6678305736,61.476685548434034,1,1,0,1194779.6678305736
689843.9208080533,689917.4220191452,73.50121109187603,1,1,0,689917.4220191452
1323834.5555094294,1323926.7846305724,92.22912114299834,0,1,0,1323834.5555094294
231523.73750709067,231575.76533030154,52.02782321086852,0,1,0,231523.73750709067
4711523.516344199,4711612.40752592,88.89118172135204,1,1,0,4711612.40752592
956834.1005823506,956889.1676967322,55.06711438158527,1,1,0,956889.1676967322
6508378.248619787,6508624.682251735,246.43363194726408,1,1,0,6508624.682251735
866177.023232418,866267.2469747566,90.22374233859591,1,1,0,866267.2469747566
3369967.3249944835,3370163.9583287565,196.63333427300677,1,1,0,3370163.9583287565
96967.17098822602,96986.92996848265,19.758980256636278,1,1,0,96986.92996848265
22755838.314897653,22756208.37949229,370.06459463760257,1,1,0,22756208.37949229
909129.627527158,909190.1004769816,60.472949823597446,1,1,0,909190.1004769816
18832226.203856435,18832447.59374179,221.3898853547871,0,1,0,18832226.203856435
3894903.960935407,3895082.1753844265,178.21444901963696,1,1,0,3895082.1753844265
788281.9966175453,788362.5279176106,80.53130006534047,0,1,0,788281.9966175453
4672251.772108818,4672362.062953682,110.29084486328065,0,1,0,4672251.772108818
5230498.624478682,5230713.975246149,215.35076746717095,1,1,0,5230713.975246149
642908.6820874109,642986.2052314213,77.523144010338,0,1,0,642908.6820874109
585368.5946708199,585440.7941927009,72.19952188094612,1,1,0,585440.7941927009
670039.1966505141,670080.5121992114,41.31554869725369,0,1,0,670039.1966505141
20366850.85305102,20367244.327089354,393.47403833270073,1,1,0,20367244.327089354
2538430.5795847196,2538523.17644585,92.59686113055795,1,1,0,2538523.17644585
371351.76096132013,371366.04578954726,14.284828227129765,1,1,0,371366.04578954726
247976.16626194798,248007.87427048007,31.708008532092208,0,1,0,247976.16626194798
4661292.878378823,4661470.365330146,177.48695132229477,1,1,0,4661470.365330146
3369967.3249944835,3370145.979666046,178.6546715623699,0,1,0,3369967.3249944835
165437.03380450173,165452.76405196765,15.73024746592273,0,1,0,165437.03380450173
9569752.467083942,9570023.393706936,270.9266229942441,1,1,0,9570023.393706936
217130.62985087992,217125.47078341406,-5.159067465865519,1,1,0,217125.47078341406
3588419.880042036,3588555.3336949483,135.45365291228518,0,1,0,3588419.880042036
745207.949757806,745286.5311370096,78.5813792035915,0,1,0,745207.949757806
1886146.6727193943,1886263.1959429008,116.52322350651957,1,1,0,1886263.1959429008
3369967.3249944835,3370134.766962696,167.44196821236983,0,1,0,3369967.3249944835
3588419.880042036,3588570.8784018476,150.99835981149226,0,1,0,3588419.880042036
25692355.381078765,25692691.620562475,336.2394837103784,1,1,0,25692691.620562475
148937.9423668604,148966.3173101758,28.374943315400742,0,1,0,148937.9423668604
463297.2274929145,463367.1620388232,69.93454590870533,1,1,0,463367.1620388232
190441.1155331657,190437.54395934506,-3.5715738206345122,1,1,0,190437.54395934506
877596.8530442578,877656.8822106369,60.02916637901217,1,1,0,877656.8822106369
72605.69454856621,72622.36199792878,16.667449362561456,0,1,0,72605.69454856621
12923644.440947073,12923984.611792738,340.17084566503763,1,1,0,12923984.611792738
2765322.901718614,2765303.180246442,-19.72147217206657,0,1,0,2765322.901718614
839734.2204658395,839771.8541236051,37.63365776557475,1,1,0,839771.8541236051
1495724.9919334848,1495815.2632524432,90.27131895837374,0,1,0,1495724.9919334848
96722057.09540755,96723155.96268827,1098.8672807216644,1,1,0,96723155.96268827
12780260.198375776,12780476.84600636,216.6476305834949,0,1,0,12780260.198375776
2285308.1498761126,2285356.6019700468,48.45209393417463,1,1,0,2285356.6019700468
221592.883482504,221624.0931412243,31.20965872029774,1,1,0,221624.0931412243
916899.2555327136,916939.6588326433,40.40329992969055,1,1,0,916939.6588326433
4102174.2322281725,4102326.940778596,152.7085504233837,1,1,0,4102326.940778596
246477.5002228199,246497.40401207752,19.903789257630706,1,1,0,246497.40401207752
257622.0217765094,257657.4583758127,35.43659930329886,0,1,0,257622.0217765094
5411385.311234373,5411550.584320839,165.27308646589518,1,1,0,5411550.584320839
96967.17098822602,96982.40667994601,15.235691719994065,1,1,0,96982.40667994601
8302873.858732726,8303053.920421444,180.06168871745467,1,1,0,8303053.920421444
1412557.5132314658,1412631.50541735,73.99218588415533,1,1,0,1412631.50541735
2223204.995950113,2223337.7906993153,132.79474920220673,1,1,0,2223337.7906993153
752209.8151967054,752292.0311930019,82.21599629649427,0,1,0,752209.8151967054
14963045.83630955,14963360.592010682,314.7557011321187,1,1,0,14963360.592010682
18832226.203856435,18832434.152548976,207.94869254156947,1,1,0,18832434.152548976
111424.94833804708,111446.90098109144,21.952643044365686,0,1,0,111424.94833804708
6315424.572603809,6315611.456212108,186.88360829930753,1,1,0,6315611.456212108
141877.76570612966,141898.76522189096,20.999515761301154,1,1,0,141898.76522189096
894801.3075319069,894803.5142021764,2.2066702694864944,1,1,0,894803.5142021764
1097625.1657385358,1097700.7032345932,75.53749605733901,1,1,0,1097700.7032345932
1023162.4888987541,1023170.9234460816,8.434547327458858,1,1,0,1023170.9234460816
20366850.85305102,20367283.440979812,432.5879287905991,0,1,0,20366850.85305102
17614417.70099561,17614801.599061087,383.89806547760963,1,1,0,17614801.599061087
10681598.53702642,10681942.169004485,343.63197806477547,0,1,0,10681598.53702642
67402496.36884588,67403423.67259559,927.3037497103214,1,1,0,67403423.67259559
111424.94833804708,111448.42253193888,23.474193891801406,0,1,0,111424.94833804708
1865216.675180399,1865324.4550898622,107.77990946313366,0,1,0,1865216.675180399
9569752.467083942,9570051.729649277,299.26256533525884,1,1,0,9570051.729649277
5230498.624478682,5230709.954073184,211.32959450222552,1,1,0,5230709.954073184
8484448.072901974,8484684.86188282,236.7889808472246,1,1,0,8484684.86188282
128826.74302523359,128837.36124430264,10.618219069045153,1,1,0,128837.36124430264
270228.08370277245,270274.6555943119,46.57189153943909,0,1,0,270228.08370277245
115474675.43179981,115475409.22467408,733.7928742617369,0,1,0,115474675.43179981
4946978.462005302,4947160.7086317595,182.24662645719945,1,1,0,4947160.7086317595
674378.2538219108,674428.5054701575,50.2516482466599,0,1,0,674378.2538219108
2431938.739161191,2432099.387890871,160.64872968010604,1,1,0,2432099.387890871
7298310.738218909,7298506.120549729,195.3823308199644,1,1,0,7298506.120549729
2276694.8265848635,2276830.1384810307,135.31189616722986,1,1,0,2276830.1384810307
2168299.489557914,2168391.7548694136,92.26531149959192,0,1,0,2168299.489557914
500201.74121300003,500224.9543117447,23.21309874468716,1,1,0,500224.9543117447
1760120.702320428,1760251.030109717,130.3277892889455,0,1,0,1760120.702320428
1438682.1837841508,1438748.3433468952,66.15956274443306,1,1,0,1438748.3433468952
916899.2555327136,916932.3492321501,33.093699436518364,1,1,0,916932.3492321501
325957.7981311924,326005.09782479313,47.299693600740284,0,1,0,325957.7981311924
11265012.111761114,11265360.099037053,347.98727593943477,1,1,0,11265360.099037053
1295858.0874203388,1295908.0066305106,49.919210171792656,1,1,0,1295908.0066305106
503992.76184165524,504030.6553096958,37.893468040565494,1,1,0,504030.6553096958
5411385.311234373,5411544.4468981,159.13566372729838,1,1,0,5411544.4468981
343316.8376024959,343315.718199925,-1.1194025709410198,0,1,0,343316.8376024959
5085619.732653755,5085773.006594342,153.2739405874163,0,1,0,5085619.732653755
28001689.605240937,28001963.850982655,274.2457417175174,1,1,0,28001963.850982655
485658.0759866033,485709.68091821624,51.60493161296472,0,1,0,485658.0759866033
289238.17066096887,289272.11470528104,33.94404431217117,0,1,0,289238.17066096887
7847206.078700541,7847485.735494423,279.656793882139,0,1,0,7847206.078700541
24038.34722782521,24038.10848982397,-0.2387380012369249,1,1,0,24038.10848982397
1185063.0723443073,1185140.335359568,77.2630152606871,1,1,0,1185140.335359568
43564058.15127581,43564208.327306956,150.17603114247322,1,1,0,43564208.327306956
1097625.1657385358,1097708.2684853782,83.10274684242904,0,1,0,1097625.1657385358
3901496.3747172593,3901632.2401153385,135.86539807915688,0,1,0,3901496.3747172593
78215.11988881922,78230.69501006577,15.575121246554772,0,1,0,78215.11988881922
5370582.517845528,5370769.872717637,187.35487210843712,1,1,0,5370769.872717637
12818208.115752038,12818360.406099215,152.2903471775353,0,1,0,12818208.115752038
184720.2824123917,184722.6505870074,2.3681746156944428,0,1,0,184720.2824123917
4996969.950179521,4997176.556964498,206.60678497701883,0,1,0,4996969.950179521
5622931.97593603,5622987.213324563,55.23738853260875,1,1,0,5622987.213324563
941397.4118645004,941466.2620387168,68.85017421643715,0,1,0,941397.4118645004
5622931.97593603,5622954.717505537,22.741569506935775,0,1,0,5622931.97593603
2223204.995950113,2223346.7228154284,141.72686531534418,1,1,0,2223346.7228154284
3768977.678170482,3768927.469550568,-50.20861991401762,1,1,0,3768927.469550568
14851905.397995414,14852236.4365334,331.03853798657656,1,1,0,14852236.4365334
1136722.8803715664,1136810.790134945,87.90976337855682,1,1,0,1136810.790134945
137441.16501623308,137463.35787728956,22.19286105647916,1,1,0,137463.35787728956
24038.34722782521,24039.63300207705,1.2857742518426676,1,1,0,24039.63300207705
485968.6566888086,486009.71003325825,41.05334444966866,1,1,0,486009.71003325825
1840959.8609375819,1840988.7131732465,28.852235664613545,0,1,0,1840959.8609375819
7298310.738218909,7298536.819784884,226.08156597521156,1,1,0,7298536.819784884
164717.0409722319,164744.96076328694,27.91979105505743,0,1,0,164717.0409722319
10329396.377408754,10329631.592745682,235.2153369281441,1,1,0,10329631.592745682
658591.290558868,658656.9426926587,65.65213379077613,1,1,0,658656.9426926587
208489.41734393156,208523.77055702775,34.353213096183026,1,1,0,208523.77055702775
1399779.3856301678,1399891.536885125,112.15125495730899,1,1,0,1399891.536885125
839734.2204658395,839768.7096629923,34.48919715278316,1,1,0,839768.7096629923
325957.7981311924,326000.1063696048,42.30823841242818,0,1,0,325957.7981311924
131032.49230534109,131062.46225526242,29.969949921331136,1,1,0,131062.46225526242
22755838.314897653,22756204.555214237,366.2403165847063,1,1,0,22756204.555214237
1307863.152382908,1307972.4308009013,109.27841799333692,0,1,0,1307863.152382908
2276694.8265848635,2276825.445991483,130.61940661957487,1,1,0,2276825.445991483
8302873.858732726,8303023.124791503,149.26605877652764,1,1,0,8303023.124791503
314336.0104231434,314355.2361024611,19.225679317722097,0,1,0,314336.0104231434
8970744.4865961,8971005.488379296,261.00178319588304,0,1,0,8970744.4865961
3444341.3672214714,3444486.8765658983,145.50934442691505,1,1,0,3444486.8765658983
2886472.6845166525,2886566.2376472848,93.5531306322664,0,1,0,2886472.6845166525
5871384.695678936,5871414.25348503,29.557806093245745,0,1,0,5871384.695678936
892404.197864787,892465.5031200079,61.30525522097014,0,1,0,892404.197864787
857953.4482020778,857988.0621184459,34.61391636810731,1,1,0,857988.0621184459
71354362.37914456,71355158.69669531,796.3175507485867,1,1,0,71355158.69669531
6743459.567150459,6743663.065491252,203.49834079295397,0,1,0,6743459.567150459
3369967.3249944835,3370156.222874904,188.89788042055443,0,1,0,3369967.3249944835
141877.76570612966,141896.4693473858,18.703641256142873,1,1,0,141896.4693473858
2660122.6119231414,2660195.0641888347,72.45226569334045,0,1,0,2660122.6119231414
2168299.489557914,2168407.5780592216,108.08850130764768,0,1,0,2168299.489557914
696512.6474617493,696590.3336897228,77.68622797355056,1,1,0,696590.3336897228
229368.04254773862,229407.7685816256,39.726033886981895,1,1,0,229407.7685816256
5085619.732653755,5085817.014672165,197.28201841004193,0,1,0,5085619.732653755
696512.6474617493,696581.0065028868,68.35904113750439,1,1,0,696581.0065028868
152699.9780724618,152728.02964468117,28.05157221938134,1,1,0,152728.02964468117
257622.0217765094,257648.79486496098,26.773088451562217,0,1,0,257622.0217765094
2933647.5304894857,2933804.669958997,157.1394695113413,1,1,0,2933804.669958997
299775.81630832225,299815.23790980416,39.42160148191033,0,1,0,299775.81630832225
221592.883482504,221616.6022228395,23.71874033549102,1,1,0,221616.6022228395
11133860.357771315,11134124.043633237,263.68586192280054,1,1,0,11134124.043633237
221592.883482504,221622.27145640086,29.38797389686806,1,1,0,221622.27145640086
125632.45175601031,125645.6390399324,13.187283922088682,0,1,0,125632.45175601031
206665.50040455983,206667.90703505048,2.406630490644602,1,1,0,206667.90703505048
178626.14700197647,178658.75163966801,32.604637691547396,1,1,0,178658.75163966801
6749905.662706231,6750185.52003226,279.85732602886856,1,1,0,6750185.52003226
2680034.264666479,2680049.2636461174,14.998979638330638,0,1,0,2680034.264666479
448728.62425109005,448706.46091605467,-22.16333503538044,0,1,0,448728.62425109005
18261271.01981089,18261621.04812539,350.02831450104713,1,1,0,18261621.04812539
12547179.64335476,12547206.137447527,26.494092766195536,1,1,0,12547206.137447527
4996969.950179521,4997183.2726917155,213.32251219451427,0,1,0,4996969.950179521
1589807.758968432,1589917.5204893576,109.76152092567645,0,1,0,1589807.758968432
14397904.552325727,14398325.859469127,421.3071433994919,0,1,0,14397904.552325727
11092492.727641108,11092788.64671561,295.91907450184226,0,1,0,11092492.727641108
32231.878649484108,32236.08039878721,4.201749303101678,0,1,0,32231.878649484108
1813492.0785892464,1813554.5681430453,62.489553798921406,0,1,0,1813492.0785892464
245120.37973896507,245164.8730335961,44.49329463101458,1,1,0,245164.8730335961
20366850.85305102,20367297.23763678,446.3845857568085,0,1,0,20366850.85305102
17614417.70099561,17614880.012972966,462.3119773566723,1,1,0,17614880.012972966
47228.480858625044,47242.374146477894,13.893287852850335,0,1,0,47228.480858625044
72605.69454856621,72626.05195280585,20.357404239635798,0,1,0,72605.69454856621
62389292.437461406,62390097.258390084,804.8209286779165,1,1,0,62390097.258390084
4630434.0091187805,4630573.3572062235,139.34808744303882,0,1,0,4630434.0091187805
1295858.0874203388,1295909.5382662497,51.45084591093473,1,1,0,1295909.5382662497
557160.69466777,557212.9957068432,52.30103907326702,1,1,0,557212.9957068432
352060.38665947603,352082.54180160846,22.15514213242568,0,1,0,352060.38665947603
73557585.94548212,73558379.99995388,794.0544717609882,0,1,0,73557585.94548212
8533076.474076575,8533371.554741414,295.08066483959556,1,1,0,8533371.554741414
56996981.189219184,56997900.00243052,918.8132113367319,1,1,0,56997900.00243052
949446.97900551,949531.8735245724,84.89451906236354,1,1,0,949531.8735245724
987904.3090745586,987978.8021631878,74.49308862921316,0,1,0,987904.3090745586
1381923.2868618125,1381960.1938622822,36.90700046974234,0,1,0,1381923.2868618125
8479014.152744133,8479263.021575019,248.86883088573813,0,1,0,8479014.152744133
509093.49435175816,509141.0389312843,47.54457952611847,0,1,0,509093.49435175816
101294.33299043133,101312.87622748512,18.5432370537892,0,1,0,101294.33299043133
688068.9480252689,688138.7033026592,69.75527739035897,1,1,0,688138.7033026592
363382.5418187947,363368.70550419757,-13.836314597108867,0,1,0,363382.5418187947
352557.6165754301,352593.8823880019,36.26581257180078,1,1,0,352593.8823880019
10681598.53702642,10681843.072932396,244.53590597584844,0,1,0,10681598.53702642
322223.1419589453,322259.38536912977,36.24341018445557,1,1,0,322259.38536912977
1194718.1911450252,1194772.572694015,54.38154898979701,0,1,0,1194718.1911450252
1477879.2613400389,1477986.8851292164,107.62378917750902,0,1,0,1477879.2613400389
8479014.152744133,8479294.770715348,280.6179712153971,0,1,0,8479014.152744133
2832999.772683674,2833164.18907088,164.41638720594347,0,1,0,2832999.772683674
2765322.901718614,2765300.7939392957,-22.107779318466783,0,1,0,2765322.901718614
9157139.395737441,9157333.083734795,193.68799735419452,1,1,0,9157333.083734795
2950735.829942017,2950833.460214242,97.63027222501114,0,1,0,2950735.829942017
6881966.102418847,6882153.078666171,186.97624732367694,0,1,0,6881966.102418847
1802819.8107165669,1802930.529121972,110.71840540505946,1,1,0,1802930.529121972
178626.14700197647,178661.82961686005,35.68261488358257,1,1,0,178661.82961686005
418786.4926461767,418842.5960708694,56.10342469270108,0,1,0,418786.4926461767
3764700.7099296222,3764858.8359766705,158.12604704825208,0,1,0,3764700.7099296222
1477879.2613400389,1478002.6136965828,123.3523565439973,0,1,0,1477879.2613400389
345978.3799052984,345971.3396322999,-7.040272998507135,0,1,0,345978.3799052984
64889.22133754609,64906.46075855785,17.23942101175635,1,1,0,64906.46075855785
5062129.884637326,5062276.730235295,146.8455979693681,1,1,0,5062276.730235295
3847982.6834347625,3848137.4264851203,154.74305035779253,1,1,0,3848137.4264851203
13750062.722413579,13750356.05990089,293.3374873101711,0,1,0,13750062.722413579
557403.996639694,557478.5513233658,74.55468367179856,0,1,0,557403.996639694
5411385.311234373,5411531.170756509,145.85952213592827,1,1,0,5411531.170756509
2765322.901718614,2765297.166630557,-25.735088057350367,0,1,0,2765322.901718614
2394563.5366497464,2394642.349768071,78.81311832461506,1,1,0,2394642.349768071
15745495.695766272,15745798.728619404,303.0328531321138,0,1,0,15745495.695766272
15995590.380903285,15996027.935372576,437.55446929112077,1,1,0,15996027.935372576
1477879.2613400389,1478008.9031881723,129.64184813341126,0,1,0,1477879.2613400389
2529364.595708025,2529517.054024217,152.4583161920309,0,1,0,2529364.595708025
4313412.746343347,4313612.988693228,200.2423498807475,0,1,0,4313412.746343347
244271.18646336923,244305.12699129962,33.94052793039009,1,1,0,244305.12699129962
5762139.825437719,5762268.049850734,128.22441301494837,1,1,0,5762268.049850734
1784916.1237034977,1785017.7436637117,101.61996021401137,1,1,0,1785017.7436637117
5230498.624478682,5230723.252668371,224.62818968947977,1,1,0,5230723.252668371
2046947.6806875272,2047041.8574135688,94.17672604159452,0,1,0,2046947.6806875272
8533076.474076575,8533336.845153976,260.3710774015635,1,1,0,8533336.845153976
7807.629659521402,7811.519131799695,3.889472278293397,1,1,0,7811.519131799695
3333185.540455103,3333348.8959534974,163.3554983944632,0,1,0,3333185.540455103
5762139.825437719,5762259.552717576,119.72727985680103,1,1,0,5762259.552717576
500201.74121300003,500221.8617781374,20.120565137360245,1,1,0,500221.8617781374
1457967.4212666776,1458057.4071979271,89.98593124956824,1,1,0,1458057.4071979271
622920.6365021671,622961.365610572,40.72910840495024,1,1,0,622961.365610572
28653.1627601185,28666.772380810595,13.609620692095632,1,1,0,28666.772380810595
776229.1366906383,776310.8150564935,81.67836585524492,1,1,0,776310.8150564935
1295858.0874203388,1295907.5629910552,49.4755707164295,1,1,0,1295907.5629910552
2855072.0181997186,2855202.4574768986,130.43927718000486,0,1,0,2855072.0181997186
822808.5080977706,822896.8677883011,88.35969053045847,1,1,0,822896.8677883011
210527.60844440912,210543.31441214445,15.70596773532452,1,1,0,210543.31441214445
1207835.131975527,1207835.4065191646,0.2745436376426369,1,1,0,1207835.4065191646
1143834.2807385316,1143910.5911237865,76.31038525491022,0,1,0,1143834.2807385316
14397904.552325727,14398294.956818687,390.40449295938015,0,1,0,14397904.552325727
1886146.6727193943,1886256.036448039,109.36372864479199,0,1,0,1886146.6727193943
745720.2629841297,745802.6929830135,82.4299988837447,1,1,0,745802.6929830135
346247.4032302296,346296.9680557617,49.5648255320848,1,1,0,346296.9680557617
210527.60844440912,210542.49629587604,14.887851466919528,1,1,0,210542.49629587604
727558.0228634931,727574.8342194995,16.81135600642301,0,1,0,727558.0228634931
125632.45175601031,125644.568626709,12.116870698693674,0,1,0,125632.45175601031
21267401.38312578,21267710.104078546,308.72095276787877,0,1,0,21267401.38312578
1036195.9052392339,1036267.2342577922,71.32901855837554,0,1,0,1036195.9052392339
4875585.86184857,4875724.723084413,138.86123584304005,1,1,0,4875724.723084413
2735603.9828590783,2735617.6630572327,13.68019815441221,1,1,0,2735617.6630572327
111840.89129113163,111867.06744088778,26.17614975615288,1,1,0,111867.06744088778
642908.6820874109,642982.9317608743,74.24967346340418,0,1,0,642908.6820874109
1973503.8758253946,1973624.4505869525,120.57476155785844,1,1,0,1973624.4505869525
73383.22460362459,73400.50934445918,17.284740834584227,1,1,0,73400.50934445918
5339509.742037672,5339464.913205295,-44.82883237674832,0,1,0,5339509.742037672
30693.293477189567,30706.27214045066,12.978663261092152,1,1,0,30706.27214045066
3333185.540455103,3333348.285949484,162.74549438105896,0,1,0,3333185.540455103
4916904.179045604,4917115.630316957,211.45127135328948,1,1,0,4917115.630316957
557160.69466777,557205.0614220652,44.36675429530442,1,1,0,557205.0614220652
106347.35517988839,106376.8421690062,29.48698911780957,0,1,0,106347.35517988839
11023186.761196494,11023355.002588397,168.24139190278947,1,1,0,11023355.002588397
485968.6566888086,486010.1560053992,41.499316590605304,1,1,0,486010.1560053992
1784916.1237034977,1785013.322240047,97.19853654922917,1,1,0,1785013.322240047
178626.14700197647,178658.67801255125,32.53101057477761,0,1,0,178626.14700197647
272025.46842776664,272065.8934821363,40.42505436966894,0,1,0,272025.46842776664
8660190.869514309,8660381.923885174,191.0543708652258,1,1,0,8660381.923885174
696512.6474617493,696574.2932061086,61.64574435935356,1,1,0,696574.2932061086
55655.11606647748,55664.41011169546,9.294045217982784,0,1,0,55655.11606647748
7926732.763656111,7926974.331979179,241.56832306738943,1,1,0,7926974.331979179
591274.0227204594,591256.6307337495,-17.391986709902994,0,1,0,591274.0227204594
8715341.999473402,8715587.674624495,245.67515109293163,0,1,0,8715341.999473402
9261409.531546298,9261524.466340037,114.9347937386483,0,1,0,9261409.531546298
6267293.101332681,6267486.171483643,193.07015096209943,0,1,0,6267293.101332681
987904.3090745586,987968.0133129385,63.70423837995622,0,1,0,987904.3090745586
505635.0293831093,505627.2115794984,-7.817803610872943,1,1,0,505627.2115794984
9901814.963136578,9902075.660621548,260.6974849700928,1,1,0,9902075.660621548
21676083.39937474,21676411.43361776,328.03424302116036,0,1,0,21676083.39937474
346034.3525447402,346055.9983168496,21.645772109390236,1,1,0,346055.9983168496
2933647.5304894857,2933786.3168337024,138.78634421667084,1,1,0,2933786.3168337024
1840959.8609375819,1840983.9488971375,24.087959555676207,0,1,0,1840959.8609375819
1915519.5202497062,1915593.7187884916,74.19853878533468,1,1,0,1915593.7187884916
847871.7805865989,847960.1833827533,88.40279615437612,0,1,0,847871.7805865989
2223204.995950113,2223323.999561895,119.00361178210005,1,1,0,2223323.999561895
218516.57951305184,218535.12374833133,18.54423527949257,1,1,0,218535.12374833133
16945967.904154036,16946365.58527706,397.68112302199006,1,1,0,16946365.58527706
553199.9642455443,553249.5463300007,49.58208445645869,0,1,0,553199.9642455443
1439949.1875428027,1440056.0132469176,106.82570411497727,1,1,0,1440056.0132469176
11265012.111761114,11265309.486390844,297.3746297303587,1,1,0,11265309.486390844
173787.50616403052,173819.85213944022,32.34597540969844,0,1,0,173787.50616403052
463297.2274929145,463364.8744863647,67.64699345023837,1,1,0,463364.8744863647
6418673.778297663,6418820.481475739,146.70317807607353,1,1,0,6418820.481475739
989072.1185014157,989109.9661902123,37.84768879658077,0,1,0,989072.1185014157
6743459.567150459,6743670.222236368,210.65508590918034,0,1,0,6743459.567150459
9261969.157809157,9262234.779818328,265.622009171173,0,1,0,9261969.157809157
3696291.842546434,3696402.830103836,110.98755740188062,0,1,0,3696291.842546434
3098711.005350954,3098732.8708997457,21.865548791829497,1,1,0,3098732.8708997457
32231.878649484108,32233.826519334834,1.9478698507264198,0,1,0,32231.878649484108
2299768.9631226896,2299804.711350992,35.74822830222547,0,1,0,2299768.9631226896
1847818.0306055099,1847892.0022073532,73.97160184336826,0,1,0,1847818.0306055099
219236.16556815492,219249.45136878983,13.285800634912448,1,1,0,219249.45136878983
43564058.15127581,43564197.29018423,139.1389084160328,1,1,0,43564197.29018423
231523.73750709067,231565.47290553732,41.735398446646286,1,1,0,231565.47290553732
43564058.15127581,43564262.46834998,204.3170741647482,1,1,0,43564262.46834998
12780260.198375776,12780376.914792163,116.71641638688743,0,1,0,12780260.198375776
22755838.314897653,22756135.427317787,297.11242013424635,1,1,0,22756135.427317787
1877574.1617981063,1877679.6357726913,105.47397458506748,1,1,0,1877679.6357726913
30693.293477189567,30704.65511559689,11.361638407321152,1,1,0,30704.65511559689
304624.5451172913,304672.26676282764,47.72164553636685,0,1,0,304624.5451172913
15240459.766304024,15240688.647188378,228.8808843549341,0,1,0,15240459.766304024
1097625.1657385358,1097703.9576348388,78.7918963029515,1,1,0,1097703.9576348388
64231.42592242637,64241.78119940896,10.355276982583746,0,1,0,64231.42592242637
275300.34936256433,275334.10258619057,33.7532236262341,0,1,0,275300.34936256433
5952628.736709481,5952748.082492312,119.34578283131123,0,1,0,5952628.736709481
1007463.4510234176,1007549.3404289352,85.88940551760606,0,1,0,1007463.4510234176
2735603.9828590783,2735626.9714693553,22.988610276952386,1,1,0,2735626.9714693553
7298310.738218909,7298567.793920421,257.05570151191205,1,1,0,7298567.793920421
231523.73750709067,231569.9812185288,46.243711438117316,0,1,0,231523.73750709067
1441571.662447081,1441658.2938883544,86.63144127349369,0,1,0,1441571.662447081
1266628.4062894674,1266721.406218328,92.99992886069231,0,1,0,1266628.4062894674
1943651.7492579352,1943711.1110718788,59.36181394360028,1,1,0,1943711.1110718788
7262505.909070471,7262750.911501996,245.00243152491748,1,1,0,7262750.911501996
345978.3799052984,345971.7539439181,-6.625961380312219,0,1,0,345978.3799052984
1007463.4510234176,1007534.5135044405,71.06248102290556,0,1,0,1007463.4510234176
2474176.223907786,2474288.044983509,111.82107572304085,1,1,0,2474288.044983509
1007463.4510234176,1007528.9981494244,65.54712600680068,1,1,0,1007528.9981494244
6137738.923402802,6137997.900506185,258.97710338328034,0,1,0,6137738.923402802
2311697.886006038,2311697.1627381262,-0.7232679119333625,1,1,0,2311697.1627381262
665220.4480806327,665237.2543568632,16.806276230490766,1,1,0,665237.2543568632
385295.7926314155,385351.31119290914,55.51856149366358,0,1,0,385295.7926314155
1847818.0306055099,1847888.1527452928,70.12213978287764,1,1,0,1847888.1527452928
541306.8324120705,541328.7539787915,21.92156672105193,1,1,0,541328.7539787915
1813492.0785892464,1813582.433796352,90.35520710563287,0,1,0,1813492.0785892464
11023186.761196494,11023319.233502558,132.47230606339872,1,1,0,11023319.233502558
55655.11606647748,55662.071258590426,6.9551921129459515,0,1,0,55655.11606647748
165437.03380450173,165454.66127745388,17.627472952153767,1,1,0,165454.66127745388
579185.212373264,579235.066571836,49.85419857199304,0,1,0,579185.212373264
17614417.70099561,17614819.365365297,401.664369687438,1,1,0,17614819.365365297
708463.4910896679,708501.9254698514,38.43438018346205,1,1,0,708501.9254698514
4672251.772108818,4672364.928155581,113.15604676213115,0,1,0,4672251.772108818
136808.25456196745,136842.2689509441,34.01438897664775,0,1,0,136808.25456196745
18261271.01981089,18261582.374764293,311.354953404516,0,1,0,18261271.01981089
745720.2629841297,745801.0394050931,80.77642096334603,1,1,0,745801.0394050931
1915519.9963258626,1915556.7786295097,36.78230364713818,0,1,0,1915519.9963258626
46930.07620902709,46941.454348293584,11.378139266496873,1,1,0,46941.454348293584
563470.8148823524,563483.9910189429,13.176136590540409,0,1,0,563470.8148823524
918396.4697902963,918488.4919146901,92.02212439384311,0,1,0,918396.4697902963
1584898.7601277025,1584958.914652134,60.154524431563914,1,1,0,1584958.914652134
1036435.5005440813,1036519.1911465139,83.69060243258718,0,1,0,1036435.5005440813
914801.2580343555,914838.5132800908,37.255245735286735,0,1,0,914801.2580343555
3434239.499741499,3434342.180157192,102.68041569320485,1,1,0,3434342.180157192
1833909.0521912493,1834026.4118980616,117.35970681230538,0,1,0,1833909.0521912493
8302873.858732726,8302998.127719078,124.26898635178804,1,1,0,8302998.127719078
5370582.517845528,5370776.294049875,193.77620434667915,1,1,0,5370776.294049875
1381923.2868618125,1381963.5860437923,40.29918197984807,0,1,0,1381923.2868618125
830884.2326671011,830893.2397158118,9.007048710715026,1,1,0,830893.2397158118
14963045.83630955,14963343.654582812,297.81827326118946,1,1,0,14963343.654582812
46505.470330402524,46499.71957630532,-5.750754097207391,1,1,0,46499.71957630532
8660190.869514309,8660424.458648374,233.58913406543434,1,1,0,8660424.458648374
1143834.2807385316,1143918.9986910294,84.71795249776915,0,1,0,1143834.2807385316
780931.9096290685,781016.2566839994,84.3470549309859,1,1,0,781016.2566839994
5204027.1388665065,5204024.371591736,-2.767274770885706,0,1,0,5204027.1388665065
750712.3814536578,750779.6886787842,67.30722512642387,1,1,0,750779.6886787842
1546375.4343229784,1546402.748383111,27.314060132717714,1,1,0,1546402.748383111
55464697.173974074,55465148.29070455,451.1167304739356,0,1,0,55464697.173974074
165437.03380450173,165455.18597053352,18.152166031795787,0,1,0,165437.03380450173
7635916.430636806,7636200.563331259,284.132694453001,1,1,0,7636200.563331259
8467870.481783658,8468078.88464816,208.40286450088024,1,1,0,8468078.88464816
697765.5289117917,697827.9497482643,62.420836472534575,0,1,0,697765.5289117917
7844340.877169891,7844584.343253692,243.46608380042017,0,1,0,7844340.877169891
1887502.0735500637,1887628.0870345437,126.0134844800923,0,1,0,1887502.0735500637
28001689.605240937,28002008.256854575,318.651613637805,1,1,0,28002008.256854575
940814.7458863003,940886.2532646131,71.5073783127591,0,1,0,940814.7458863003
152699.9780724618,152728.459069291,28.48099682922475,1,1,0,152728.459069291
14851905.397995414,14852228.840579186,323.4425837714225,0,1,0,14851905.397995414
923573.9689023267,923644.4387238825,70.46982155588921,0,1,0,923573.9689023267
247976.16626194798,248008.3230027222,32.15674077422591,0,1,0,247976.16626194798
4661292.878378823,4661446.592976783,153.71459796000272,1,1,0,4661446.592976783
6749905.662706231,6750157.884915187,252.2222089562565,1,1,0,6750157.884915187
1661193.151901767,1661264.6959337548,71.54403198789805,1,1,0,1661264.6959337548
2480242.3376656794,2480382.466504248,140.1288385684602,0,1,0,2480242.3376656794
10160483.823229413,10160655.561049325,171.73781991191208,0,1,0,10160483.823229413
1790078.386154597,1790151.6751421231,73.28898752620444,1,1,0,1790151.6751421231
114258.11541712612,114283.58694236391,25.471525237793685,1,1,0,114283.58694236391
869135.7452143782,869139.5974643985,3.8522500202525407,1,1,0,869139.5974643985
3039313.474256449,3039470.5136670712,157.0394106223248,0,1,0,3039313.474256449
117464.93800014911,117455.99550690343,-8.942493245674996,1,1,0,117455.99550690343
18261271.01981089,18261613.386069085,342.3662581965327,1,1,0,18261613.386069085
5925319.265898995,5925424.9691845765,105.70328558143228,1,1,0,5925424.9691845765
28653.1627601185,28667.42619660133,14.263436482830002,1,1,0,28667.42619660133
7635916.430636806,7636169.42587598,252.99523917399347,1,1,0,7636169.42587598
271261.56384734716,271298.7808256835,37.21697833633516,1,1,0,271298.7808256835
8484448.072901974,8484686.499579463,238.42667748965323,1,1,0,8484686.499579463
7298310.738218909,7298564.25580002,253.51758111082017,1,1,0,7298564.25580002
336499.631565286,336529.5650526595,29.933487373462413,1,1,0,336529.5650526595
722691.8754386344,722681.0062954554,-10.869143179035746,0,1,0,722691.8754386344
4083794.525655386,4083839.675441022,45.149785635992885,0,1,0,4083794.525655386
7803938.902313549,7804211.6619530255,272.75963947642595,0,1,0,7803938.902313549
125632.45175601031,125648.37194324307,15.92018723275396,1,1,0,125648.37194324307
1399779.3856301678,1399883.1931967966,103.80756662879139,1,1,0,1399883.1931967966
26963577.599322863,26964127.76054724,550.1612243764102,0,1,0,26963577.599322863
359162.42064649763,359196.5550637461,34.13441724848235,0,1,0,359162.42064649763
1381923.2868618125,1381946.7382183538,23.451356541365385,0,1,0,1381923.2868618125
8660190.869514309,8660368.686044969,177.8165306597948,1,1,0,8660368.686044969
503992.76184165524,504033.34002752084,40.578185865597334,0,1,0,503992.76184165524
1943651.7492579352,1943712.8334616625,61.08420372731052,1,1,0,1943712.8334616625
1546375.4343229784,1546416.897834755,41.46351177664474,1,1,0,1546416.897834755
218516.57951305184,218533.5496270131,16.970113961258903,1,1,0,218533.5496270131
1887502.0735500637,1887624.505411895,122.43186183134094,0,1,0,1887502.0735500637
18378690.41092002,18378953.551218495,263.14029847458005,1,1,0,18378953.551218495
325957.7981311924,326003.0611264098,45.26299521740293,0,1,0,325957.7981311924
5241011.535061381,5241161.813776538,150.27871515695006,1,1,0,5241161.813776538
2299768.9631226896,2299813.487517034,44.52439434453845,0,1,0,2299768.9631226896
1984059.5019844382,1984135.6567667092,76.15478227101266,1,1,0,1984135.6567667092
217130.62985087992,217125.62333299848,-5.006517881440232,1,1,0,217125.62333299848
56996981.189219184,56997962.889871605,981.7006524205208,1,1,0,56997962.889871605
4672251.772108818,4672334.606438618,82.83432979974896,0,1,0,4672251.772108818
4181973.138940897,4182037.229142352,64.09020145516843,0,1,0,4181973.138940897
1007463.4510234176,1007531.3647426042,67.91371918655932,1,1,0,1007531.3647426042
4711523.516344199,4711592.641886353,69.12554215360433,1,1,0,4711592.641886353
830884.2326671011,830880.8408488097,-3.391818291391246,1,1,0,830880.8408488097
6315424.572603809,6315602.790391641,178.2177878320217,1,1,0,6315602.790391641
104332.32990582053,104350.48495201518,18.155046194646275,1,1,0,104350.48495201518
106347.35517988839,106377.65291027498,30.297730386591866,0,1,0,106347.35517988839
18640829.15079593,18641124.611691024,295.46089509502053,1,1,0,18641124.611691024
729193.054336941,729263.5007419314,70.44640499039087,0,1,0,729193.054336941
226432.72782276015,226460.1900637248,27.462240964639932,1,1,0,226460.1900637248
2735603.9828590783,2735622.583204632,18.600345553830266,1,1,0,2735622.583204632
892404.197864787,892488.2992943411,84.10142955416813,0,1,0,892404.197864787
267303.5556422124,267336.4550822757,32.89944006328005,1,1,0,267336.4550822757
358194.08558782935,358192.2197236911,-1.865864138235338,1,1,0,358192.2197236911
1477879.2613400389,1478001.844090714,122.58275067503564,0,1,0,1477879.2613400389
1185063.0723443073,1185145.2566105647,82.18426625733264,0,1,0,1185063.0723443073
8151091.979372842,8151302.218412386,210.23903954401612,0,1,0,8151091.979372842
2735768.0686973715,2735806.0246745446,37.95597717305645,0,1,0,2735768.0686973715
346034.3525447402,346071.5206106728,37.16806593257934,1,1,0,346071.5206106728
288196.10653092293,288231.4951412411,35.38861031818669,0,1,0,288196.10653092293
3098711.005350954,3098753.1871997416,42.18184878770262,0,1,0,3098711.005350954
3434239.499741499,3434347.3010599418,107.80131844291463,1,1,0,3434347.3010599418
909122.3095161726,909129.8307278021,7.521211629500613,1,1,0,909129.8307278021
26760882.45029559,26761002.686100904,120.23580531403422,1,1,0,26761002.686100904
4968387.499149974,4968577.211686969,189.71253699436784,0,1,0,4968387.499149974
665220.4480806327,665248.7463884859,28.298307853168808,1,1,0,665248.7463884859
642908.6820874109,642973.083940538,64.4018531270558,0,1,0,642908.6820874109
325957.7981311924,326007.7117412364,49.913610043993685,0,1,0,325957.7981311924
336499.631565286,336528.49242431676,28.860859030741267,1,1,0,336528.49242431676
385295.7926314155,385347.386350967,51.59371955151437,1,1,0,385347.386350967
2855072.0181997186,2855201.145330809,129.12713109049946,0,1,0,2855072.0181997186
1598176.0004475587,1598287.4871285562,111.48668099753559,1,1,0,1598287.4871285562
1563796.9995148082,1563894.9301155314,97.9306007232517,0,1,0,1563796.9995148082
523660.91779600066,523660.3076754605,-0.6101205401355401,0,1,0,523660.91779600066
3588419.880042036,3588563.207245617,143.32720358110964,0,1,0,3588419.880042036
909122.3095161726,909136.5147820887,14.205265916069038,1,1,0,909136.5147820887
11308933.182431117,11309109.117021972,175.93459085561335,1,1,0,11309109.117021972
3806815.3492183303,3806866.4025708605,51.05335253011435,1,1,0,3806866.4025708605
696512.6474617493,696594.3248104176,81.6773486683378,1,1,0,696594.3248104176
459151.05859247845,459206.9545430198,55.89595054136589,1,1,0,459206.9545430198
13437013.420561148,13437291.78387676,278.3633156120777,0,1,0,13437013.420561148
51766.28039870045,51775.12225873424,8.841860033789999,0,1,0,51766.28039870045
359162.42064649763,359196.12661847356,33.70597197592724,0,1,0,359162.42064649763
2735603.9828590783,2735615.295607548,11.312748469877988,1,1,0,2735615.295607548
848335.1267673018,848399.1580846158,64.03131731401663,0,1,0,848335.1267673018
3792467.647795351,3792631.150894242,163.50309889065102,0,1,0,3792467.647795351
8794922.649638599,8795145.308940852,222.6593022532761,1,1,0,8795145.308940852
1320728.2988037765,1320741.2966060273,12.997802250785753,0,1,0,1320728.2988037765
137441.16501623308,137471.70380480366,30.538788570585893,1,1,0,137471.70380480366
228383.38374819365,228408.01520272432,24.631454530666815,0,1,0,228383.38374819365
10615232.162147047,10615421.456882717,189.29473567008972,0,1,0,10615232.162147047
1185063.0723443073,1185135.382485792,72.31014148471877,1,1,0,1185135.382485792
14064897.145826096,14065141.81242267,244.66659657470882,0,1,0,14064897.145826096
57347.75620794325,57357.63921185024,9.883003906994418,1,1,0,57357.63921185024
2431938.739161191,2432073.5699424227,134.83078123163432,1,1,0,2432073.5699424227
190441.1155331657,190449.67439511328,8.558861947589321,1,1,0,190449.67439511328
1016158.3063639353,1016241.2471774515,82.94081351615023,1,1,0,1016241.2471774515
658591.290558868,658654.5770855454,63.28652667743154,1,1,0,658654.5770855454
209409779.47501644,209409723.19786426,-56.27715218067169,1,1,0,209409723.19786426
387553.0629193628,387598.67821080884,45.61529144603992,1,1,0,387598.67821080884
1007463.4510234176,1007537.198199607,73.74717618932482,1,1,0,1007537.198199607
11092492.727641108,11092762.597018963,269.8693778552115,0,1,0,11092492.727641108
1598176.0004475587,1598280.19453587,104.19408831140026,1,1,0,1598280.19453587
4274019.019492431,4274176.834845929,157.81535349879414,1,1,0,4274176.834845929
29222551.020591423,29222838.45856402,287.43797259777784,1,1,0,29222838.45856402
675412.6365760632,675408.0938013562,-4.542774707078934,1,1,0,675408.0938013562
642908.6820874109,642971.3527947824,62.67070737143513,0,1,0,642908.6820874109
1589807.758968432,1589900.761103456,93.00213502394035,0,1,0,1589807.758968432
5062129.884637326,5062313.660330807,183.77569348085672,1,1,0,5062313.660330807
6950417.938389312,6950652.521360288,234.58297097682953,0,1,0,6950417.938389312
463297.2274929145,463369.54697893246,72.31948601797922,1,1,0,463369.54697893246
21267401.38312578,21267641.549861513,240.16673573479056,0,1,0,21267401.38312578
1376083.2280449374,1376135.3258841096,52.09783917223103,1,1,0,1376135.3258841096
7298310.738218909,7298579.946191179,269.20797226950526,1,1,0,7298579.946191179
13437013.420561148,13437284.723677332,271.303116183728,0,1,0,13437013.420561148
847871.7805865989,847948.7403995752,76.95981297630351,0,1,0,847871.7805865989
3085735.0125213237,3085900.657638422,165.64511709846556,0,1,0,3085735.0125213237
190441.1155331657,190440.68310863446,-0.4324245312309358,1,1,0,190440.68310863446
658591.290558868,658655.932068001,64.64150913304184,1,1,0,658655.932068001
1915519.9963258626,1915574.7903747892,54.79404892656021,0,1,0,1915519.9963258626
32231.878649484108,32237.68392198118,5.80527249707302,1,1,0,32237.68392198118
359162.42064649763,359192.6163653583,30.195718860661145,0,1,0,359162.42064649763
2680034.264666479,2680066.1415697336,31.876903254538774,1,1,0,2680066.1415697336
14851905.397995414,14852265.735639747,360.33764433301985,0,1,0,14851905.397995414
13437013.420561148,13437296.499118494,283.07855734601617,0,1,0,13437013.420561148
330522.72953870264,330517.38620471733,-5.343333985307254,0,1,0,330522.72953870264
1799167.8563814259,1799266.6658347815,98.8094533556141,1,1,0,1799266.6658347815
125632.45175601031,125641.52213749338,9.070381483063102,1,1,0,125641.52213749338
2671494.157679522,2671544.5634527537,50.40577323175967,1,1,0,2671544.5634527537
1821582.9237183747,1821703.683887618,120.7601692432072,1,1,0,1821703.683887618
352557.6165754301,352598.8161030616,41.199527631513774,1,1,0,352598.8161030616
1802819.8107165669,1802926.60391545,106.79319888306782,1,1,0,1802926.60391545
1732515.28563052,1732610.815773455,95.53014293499291,1,1,0,1732610.815773455
104332.32990582053,104350.83483661688,18.504930796349072,1,1,0,104350.83483661688
4672251.772108818,4672356.258523486,104.48641466721892,0,1,0,4672251.772108818
6950417.938389312,6950679.881420399,261.94303108751774,0,1,0,6950417.938389312
131032.49230534109,131060.10321567158,27.610910330491606,1,1,0,131060.10321567158
142964.98354033005,142965.4781049179,0.4945645878324285,1,1,0,142965.4781049179
46505.470330402524,46504.07482456837,-1.3955058341525728,1,1,0,46504.07482456837
96967.17098822602,96986.88135418706,19.710365961043863,1,1,0,96986.88135418706
67402496.36884588,67403409.85126838,913.4824225008488,1,1,0,67403409.85126838
194734.60515268476,194728.13481204837,-6.470340636384208,1,1,0,194728.13481204837
6743459.567150459,6743659.868278991,200.3011285327375,0,1,0,6743459.567150459
152838.99367302624,152858.05212896588,19.058455939637497,1,1,0,152858.05212896588
745207.949757806,745286.8632569714,78.91349916532636,1,1,0,745286.8632569714
2053930.2186851925,2053899.5872431695,-30.631442022975534,0,1,0,2053930.2186851925
2735768.0686973715,2735765.7318166173,-2.33688075421378,0,1,0,2735768.0686973715
837258.492534493,837348.7329470011,90.24041250813752,1,1,0,837348.7329470011
722691.8754386344,722688.3117771577,-3.5636614767136052,0,1,0,722691.8754386344
1366738.4142475734,1366750.9082434962,12.493995922850445,1,1,0,1366750.9082434962
12923644.440947073,12923993.888462443,349.44751537032425,1,1,0,12923993.888462443
4946978.462005302,4947137.608630848,159.14662554580718,1,1,0,4947137.608630848
11092492.727641108,11092752.822418993,260.09477788582444,0,1,0,11092492.727641108
25615.498348363304,25628.47654672468,12.97819836137569,0,1,0,25615.498348363304
229375.62433883108,229412.623769315,36.9994304839056,0,1,0,229375.62433883108
25692355.381078765,25692678.027872846,322.64679408073425,0,1,0,25692355.381078765
1317559.8390598523,1317589.8936755292,30.054615676868707,1,1,0,1317589.8936755292
3791610.099972179,3791755.354373327,145.25440114783123,0,1,0,3791610.099972179
1546375.4343229784,1546402.390799828,26.956476849736646,1,1,0,1546402.390799828
91302.64300771947,91319.87548409896,17.232476379489526,1,1,0,91319.87548409896
940814.7458863003,940871.6441022728,56.89821597246919,0,1,0,940814.7458863003
57646.90819950932,57662.64358592336,15.735386414038658,0,1,0,57646.90819950932
2933647.5304894857,2933839.24295217,191.7124626841396,1,1,0,2933839.24295217
6688005.365227348,6688097.320821567,91.95559421926737,1,1,0,6688097.320821567
229375.62433883108,229415.27551067458,39.65117184349219,1,1,0,229415.27551067458
7807.629659521402,7812.146547058193,4.516887536791728,1,1,0,7812.146547058193
1058085.8852486974,1058144.3613616063,58.47611290891655,0,1,0,1058085.8852486974
271261.56384734716,271299.40681049903,37.84296315186657,0,1,0,271261.56384734716
1589807.758968432,1589895.1802558783,87.4212874462828,0,1,0,1589807.758968432
278731.0403933141,278758.4298881687,27.38949485460762,1,1,0,278758.4298881687
11092492.727641108,11092748.863375837,256.1357347294688,0,1,0,11092492.727641108
932111.6242528124,932172.7230489488,61.098796136444435,0,1,0,932111.6242528124
622920.6365021671,622949.7592888686,29.122786701540463,0,1,0,622920.6365021671
3369967.3249944835,3370129.370290862,162.0452963784337,0,1,0,3369967.3249944835
4556696.424357577,4556722.101900574,25.67754299659282,0,1,0,4556696.424357577
73557585.94548212,73558366.77278598,780.8273038566113,0,1,0,73557585.94548212
3303913.5029092655,3303896.7220895276,-16.780819737818092,0,1,0,3303913.5029092655
3396659.1216773177,3396775.006587302,115.88490998419002,0,1,0,3396659.1216773177
977831.881083325,977901.6270696239,69.74598629889078,0,1,0,977831.881083325
2480242.3376656794,2480371.8554364312,129.5177707518451,0,1,0,2480242.3376656794
909122.3095161726,909128.2169727555,5.907456582877785,1,1,0,909128.2169727555
12923644.440947073,12923951.798042005,307.35709493234754,1,1,0,12923951.798042005
25615.498348363304,25627.291308443833,11.792960080529156,0,1,0,25615.498348363304
10160483.823229413,10160652.608997174,168.78576776012778,0,1,0,10160483.823229413
2474176.223907786,2474269.5454194928,93.321511706803,1,1,0,2474269.5454194928
6818589.736849939,6818865.980695939,276.2438459992409,1,1,0,6818865.980695939
244271.18646336923,244302.82640715007,31.63994378084317,1,1,0,244302.82640715007
3768977.678170482,3768952.268596373,-25.409574109129608,1,1,0,3768952.268596373
665220.4480806327,665254.0729796628,33.624899030081,1,1,0,665254.0729796628
328891.0801646634,328941.22681822197,50.14665355859324,1,1,0,328941.22681822197
3949608.8918481655,3949574.180701173,-34.71114699263126,0,1,0,3949608.8918481655
940814.7458863003,940876.2125818642,61.46669556386769,0,1,0,940814.7458863003
1016158.3063639353,1016245.6450739886,87.33871005324181,1,1,0,1016245.6450739886
989072.1185014157,989108.9964325263,36.877931110560894,0,1,0,989072.1185014157
336499.631565286,336527.8172217888,28.185656502784695,0,1,0,336499.631565286
288196.10653092293,288229.2675979765,33.161067053559236,0,1,0,288196.10653092293
1802819.8107165669,1802935.483492825,115.67277625808492,1,1,0,1802935.483492825
218516.57951305184,218537.79689698695,21.21738393511623,1,1,0,218537.79689698695
67402496.36884588,67403347.60342397,851.2345780879259,1,1,0,67403347.60342397
1886146.6727193943,1886266.5850350102,119.91231561591849,0,1,0,1886146.6727193943
671888.431819917,671951.8234285491,63.39160863205325,0,1,0,671888.431819917
1563796.9995148082,1563909.76118676,112.76167195173912,0,1,0,1563796.9995148082
1887502.0735500637,1887622.6369304552,120.56338039156981,0,1,0,1887502.0735500637
83695.71604461971,83709.14018494022,13.42414032050874,1,1,0,83709.14018494022
26963577.599322863,26964133.880161963,556.2808391004801,0,1,0,26963577.599322863
10615232.162147047,10615469.028928658,236.86678161099553,0,1,0,10615232.162147047
2745785.3203164386,2745945.224885256,159.9045688174665,0,1,0,2745785.3203164386
1185063.0723443073,1185149.0302281203,85.95788381295279,1,1,0,1185149.0302281203
2276694.8265848635,2276817.5989971207,122.77241225726902,1,1,0,2276817.5989971207
278731.0403933141,278769.95322525525,38.912831941153854,1,1,0,278769.95322525525
612765.4293915267,612806.9765139923,41.54712246556301,0,1,0,612765.4293915267
1439949.1875428027,1440057.33540201,108.14785920735449,1,1,0,1440057.33540201
4102174.2322281725,4102336.464308719,162.2320805466734,0,1,0,4102174.2322281725
665220.4480806327,665254.2892809914,33.84120035870001,1,1,0,665254.2892809914
1692722.1104410996,1692834.0767914518,111.96635035215877,1,1,0,1692834.0767914518
229375.62433883108,229414.19052754407,38.566188712982694,0,1,0,229375.62433883108
5064724.657256247,5064777.456782251,52.79952600412071,1,1,0,5064777.456782251
459151.05859247845,459206.4104185876,55.35182610916672,1,1,0,459206.4104185876
689843.9208080533,689913.6694769706,69.74866891722195,1,1,0,689913.6694769706
1833909.0521912493,1833994.2381646417,85.18597339233384,0,1,0,1833909.0521912493
94122.05293571614,94143.69307415822,21.640138442075113,1,1,0,94143.69307415822
346034.3525447402,346067.29218118126,32.93963644106407,1,1,0,346067.29218118126
125632.45175601031,125646.57923462866,14.127478618349414,1,1,0,125646.57923462866
658591.290558868,658650.2263084245,58.93574955652002,1,1,0,658650.2263084245
5411385.311234373,5411532.408220909,147.0969865359366,1,1,0,5411532.408220909
4083794.525655386,4083829.2845395464,34.758884160313755,0,1,0,4083794.525655386
206665.50040455983,206659.90818183852,-5.59222272131592,1,1,0,206659.90818183852
56996981.189219184,56997817.03161924,835.842400059104,1,1,0,56997817.03161924
101897.88252210115,101913.97093800052,16.088415899372194,1,1,0,101913.97093800052
64889.22133754609,64901.39802424746,12.176686701364815,1,1,0,64901.39802424746
448728.62425109005,448712.7233027518,-15.90094833826879,0,1,0,448728.62425109005
2745785.3203164386,2745926.046291024,140.7259745853953,0,1,0,2745785.3203164386
671888.431819917,671950.3984114898,61.96659157273825,0,1,0,671888.431819917
5994690.381306537,5994902.140737849,211.75943131186068,0,1,0,5994690.381306537
11308933.182431117,11309116.907077458,183.72464634105563,1,1,0,11309116.907077458
3744182.7553873705,3744332.8934009825,150.1380136120133,0,1,0,3744182.7553873705
345978.3799052984,345971.96216661925,-6.417738679156173,0,1,0,345978.3799052984
1589807.758968432,1589895.837035916,88.07806748407893,0,1,0,1589807.758968432
745720.2629841297,745801.0128942198,80.74991009011865,1,1,0,745801.0128942198
847871.7805865989,847941.5216497577,69.74106315884273,0,1,0,847871.7805865989
31668.213321512576,31681.9152128709,13.701891358323337,0,1,0,31668.213321512576
1307863.152382908,1307963.1831634506,100.03078054264188,0,1,0,1307863.152382908
1973503.8758253946,1973610.6797521159,106.80392672121525,1,1,0,1973610.6797521159
4083794.525655386,4083825.283891162,30.758235775865614,0,1,0,4083794.525655386
579185.212373264,579246.6724668662,61.46009360218886,0,1,0,579185.212373264
11023186.761196494,11023354.086300338,167.32510384358466,1,1,0,11023354.086300338
51766.28039870045,51778.47093205139,12.190533350934857,0,1,0,51766.28039870045
117464.93800014911,117459.00065505024,-5.937345098864171,1,1,0,117459.00065505024
11722140.734803813,11722360.491907043,219.7571032308042,0,1,0,11722140.734803813
209409779.47501644,209409832.12802058,52.65300413966179,1,1,0,209409832.12802058
141877.76570612966,141895.30104796428,17.53534183462034,1,1,0,141895.30104796428
142964.98354033005,142965.24206380761,0.25852347756153904,1,1,0,142965.24206380761
3303913.5029092655,3303916.431823068,2.9289138023741543,0,1,0,3303913.5029092655
56418645.68427123,56418694.04981089,48.36553965508938,0,1,0,56418645.68427123
12780260.198375776,12780452.161733853,191.9633580762893,0,1,0,12780260.198375776
1181567.163125584,1181588.1163979014,20.953272317536175,0,1,0,1181567.163125584
111840.89129113163,111866.10521071612,25.21391958449385,1,1,0,111866.10521071612
270228.08370277245,270267.8839363586,39.80023358616745,1,1,0,270267.8839363586
29222551.020591423,29223004.098672017,453.07808059453964,1,1,0,29223004.098672017
788281.9966175453,788356.3483132101,74.35169566480909,1,1,0,788356.3483132101
675412.6365760632,675415.8575493656,3.220973302377388,1,1,0,675415.8575493656
387553.0629193628,387594.6468288967,41.583909533917904,1,1,0,387594.6468288967
3311313.074514458,3311289.920685028,-23.1538294297643,1,1,0,3311289.920685028
18136105.88351695,18136178.989016265,73.1054993160069,1,1,0,18136178.989016265
523660.91779600066,523655.5403672612,-5.377428739448078,0,1,0,523660.91779600066
314336.0104231434,314361.7208235754,25.710400431999005,0,1,0,314336.0104231434
1207835.131975527,1207844.0247844718,8.892808944918215,1,1,0,1207844.0247844718
727558.0228634931,727569.9907102041,11.967846711049788,0,1,0,727558.0228634931
11722140.734803813,11722410.950094942,270.21529112942517,0,1,0,11722140.734803813
89289.63735968676,89302.13003099618,12.492671309417346,0,1,0,89289.63735968676
2765322.901718614,2765287.7175657037,-35.184152910485864,0,1,0,2765322.901718614
123886.63063740215,123884.30702850905,-2.3236088931007544,0,1,0,123886.63063740215
6418673.778297663,6418818.433914602,144.65561693906784,1,1,0,6418818.433914602
485658.0759866033,485706.70824429527,48.63225769199198,0,1,0,485658.0759866033
358611.4795250947,358661.52052414865,50.04099905397743,1,1,0,358661.52052414865
288546.4900829719,288590.5022138559,44.01213088398799,1,1,0,288590.5022138559
5204027.1388665065,5204021.164278771,-5.974587735719979,0,1,0,5204027.1388665065
72605.69454856621,72624.9689668574,19.274418291184702,1,1,0,72624.9689668574
2276694.8265848635,2276831.165694002,136.33910913858563,1,1,0,2276831.165694002
752209.8151967054,752281.6280128361,71.81281613069586,0,1,0,752209.8151967054
12923644.440947073,12923947.022080116,302.5811330433935,1,1,0,12923947.022080116
914801.2580343555,914839.5858659858,38.3278316303622,0,1,0,914801.2580343555
6545801.794917186,6546005.180357594,203.38544040825218,0,1,0,6545801.794917186
1162802.1547270878,1162889.9337466857,87.7790195979178,0,1,0,1162802.1547270878
344630.39621665515,344674.15527692356,43.759060268406756,0,1,0,344630.39621665515
1822872.9967008675,1822971.3301269824,98.33342611487024,1,1,0,1822971.3301269824
11377672.495031105,11377960.99634404,288.5013129338622,1,1,0,11377960.99634404
857953.4482020778,857981.2065822099,27.75838013214525,1,1,0,857981.2065822099
2268718.843122812,2268837.322527822,118.47940501011908,1,1,0,2268837.322527822
1317559.8390598523,1317596.4422948628,36.60323501052335,1,1,0,1317596.4422948628
2422591.3953044866,2422573.446340928,-17.94896355876699,0,1,0,2422591.3953044866
400498901.1523009,400500424.3931589,1523.2408580183983,1,1,0,400500424.3931589
6688005.365227348,6688119.9731635405,114.6079361923039,1,1,0,6688119.9731635405
7926732.763656111,7926935.115683806,202.3520276946947,1,1,0,7926935.115683806
480149.34843615216,480169.75022222166,20.401786069502123,0,1,0,480149.34843615216
2886472.6845166525,2886566.272699259,93.58818260673434,0,1,0,2886472.6845166525
15745495.695766272,15745806.158884954,310.46311868168414,0,1,0,15745495.695766272
3806815.3492183303,3806861.2547793044,45.90556097403169,1,1,0,3806861.2547793044
47228.480858625044,47241.70323206119,13.222373436146881,0,1,0,47228.480858625044
579185.212373264,579231.2319931253,46.01961986126844,1,1,0,579231.2319931253
3369967.3249944835,3370130.0701302537,162.74513577017933,0,1,0,3369967.3249944835
25615.498348363304,25626.321375867286,10.823027503982303,0,1,0,25615.498348363304
579185.212373264,579239.6804562993,54.46808303531725,1,1,0,579239.6804562993
3764700.7099296222,3764847.881514248,147.17158462572843,0,1,0,3764700.7099296222
8631952.552181922,8632194.497660466,241.94547854363918,0,1,0,8631952.552181922
325957.7981311924,326003.53016479773,45.732033605338074,0,1,0,325957.7981311924
3264720.039257336,3264893.003778751,172.96452141506597,1,1,0,3264893.003778751
2900698.744359983,2900864.1334467465,165.3890867633745,1,1,0,2900864.1334467465
3791610.099972179,3791727.8352886513,117.73531647212803,1,1,0,3791727.8352886513
346034.3525447402,346067.12225484947,32.769710109278094,1,1,0,346067.12225484947
8484448.072901974,8484682.64362709,234.57072511687875,1,1,0,8484682.64362709
18261271.01981089,18261653.451450042,382.43163915351033,0,1,0,18261271.01981089
1320728.2988037765,1320742.0624549878,13.763651211280376,0,1,0,1320728.2988037765
1317559.8390598523,1317607.5238774938,47.684817641507834,0,1,0,1317559.8390598523
956834.1005823506,956884.9569052351,50.856322884443216,1,1,0,956884.9569052351
1584898.7601277025,1584966.2592450362,67.4991173336748,1,1,0,1584966.2592450362
5032931.654638072,5033047.029423857,115.37478578556329,0,1,0,5032931.654638072
385295.7926314155,385346.52941229,50.73678087454755,1,1,0,385346.52941229
117464.93800014911,117458.22245778104,-6.715542368066963,1,1,0,117458.22245778104
9053401.817717794,9053595.280594915,193.46287712082267,0,1,0,9053401.817717794
3847982.6834347625,3848144.6452423153,161.96180755272508,1,1,0,3848144.6452423153
1822872.9967008675,1822963.2961296681,90.29942880058661,0,1,0,1822872.9967008675
2886472.6845166525,2886589.7669611783,117.08244452578947,0,1,0,2886472.6845166525
247976.16626194798,248009.65619075176,33.489928803785006,0,1,0,247976.16626194798
51766.28039870045,51779.09263945148,12.812240751030913,0,1,0,51766.28039870045
868505.3979378896,868577.9308271596,72.53288926999085,0,1,0,868505.3979378896
4569440.014474772,4569442.359715356,2.3452405836433172,0,1,0,4569440.014474772
17550089.65454335,17550063.881710533,-25.772832818329334,0,1,0,17550089.65454335
321945.96354026685,321991.9492693811,45.985729114268906,1,1,0,321991.9492693811
301996.25721334195,302031.90731915133,35.65010580938542,0,1,0,301996.25721334195
78215.11988881922,78231.01614202614,15.896253206927213,0,1,0,78215.11988881922
8302873.858732726,8303014.962565405,141.10383267886937,1,1,0,8303014.962565405
1187614.1943890834,1187664.9748055509,50.78041646745987,0,1,0,1187614.1943890834
14064897.145826096,14065083.340748798,186.19492270238698,0,1,0,14064897.145826096
57646.90819950932,57664.43081160278,17.52261209346034,0,1,0,57646.90819950932
10160483.823229413,10160655.187103242,171.3638738282025,0,1,0,10160483.823229413
307201.8211322222,307236.7419935572,34.92086133500561,1,1,0,307236.7419935572
505635.0293831093,505628.0957033443,-6.933679764973931,1,1,0,505628.0957033443
3303913.5029092655,3303870.7091962863,-42.7937129791826,0,1,0,3303913.5029092655
229375.62433883108,229417.44669700987,41.82235817878973,0,1,0,229375.62433883108
24048926.121432032,24049300.073752996,373.9523209631443,0,1,0,24048926.121432032
141877.76570612966,141900.91561475288,23.149908623221563,1,1,0,141900.91561475288
3283729.5827306174,3283888.2054162226,158.62268560519442,1,1,0,3283888.2054162226
485658.0759866033,485706.78749210894,48.71150550566381,1,1,0,485706.78749210894
9569752.467083942,9570030.707941884,278.24085794202983,1,1,0,9570030.707941884
345978.3799052984,345970.9540953604,-7.425809937994927,0,1,0,345978.3799052984
6418673.778297663,6418829.901516561,156.12321889866143,1,1,0,6418829.901516561
125632.45175601031,125639.3874119546,6.935655944282189,1,1,0,125639.3874119546
3696291.842546434,3696381.179894945,89.33734851097688,0,1,0,3696291.842546434
1197094.166977709,1197178.258106826,84.09112911717966,1,1,0,1197178.258106826
671888.431819917,671951.0291131403,62.59729322325438,0,1,0,671888.431819917
918396.4697902963,918488.590310545,92.1205202487763,0,1,0,918396.4697902963
866177.023232418,866260.6246463879,83.60141396988183,1,1,0,866260.6246463879
57646.90819950932,57664.35949401399,17.451294504666294,0,1,0,57646.90819950932
1128315.197364823,1128392.5423488382,77.34498401521705,0,1,0,1128315.197364823
1376083.2280449374,1376138.0269003822,54.798855444882065,1,1,0,1376138.0269003822
14064897.145826096,14065087.463830456,190.3180043604225,0,1,0,14064897.145826096
4447812.172309932,4447989.236961814,177.06465188134462,1,1,0,4447989.236961814
1661193.151901767,1661259.7192939366,66.56739216973074,1,1,0,1661259.7192939366
73966.16767497586,73986.07132149035,19.903646514489083,0,1,0,73966.16767497586
1822872.9967008675,1822972.6702058266,99.6735049590934,0,1,0,1822872.9967008675
17614417.70099561,17614861.865595233,444.1645996235311,0,1,0,17614417.70099561
4996969.950179521,4997181.351354333,211.40117481164634,0,1,0,4996969.950179521
1477879.2613400389,1477996.864350684,117.60301064513624,0,1,0,1477879.2613400389
8151091.979372842,8151307.317332491,215.3379596490413,0,1,0,8151091.979372842
131032.49230534109,131061.65336313508,29.1610577939864,1,1,0,131061.65336313508
5064724.657256247,5064817.338346742,92.68109049554914,1,1,0,5064817.338346742
622920.6365021671,622944.7064237935,24.069921626360156,0,1,0,622920.6365021671
591274.0227204594,591267.8087209665,-6.21399949293118,1,1,0,591267.8087209665
1323834.5555094294,1323907.8075746996,73.25206527020782,0,1,0,1323834.5555094294
911691.9132797144,911753.0434927578,61.130213043419644,0,1,0,911691.9132797144
2311697.886006038,2311691.388773921,-6.497232117224485,0,1,0,2311697.886006038
6823403.265164597,6823649.923296798,246.65813220106065,1,1,0,6823649.923296798
3792467.647795351,3792627.2480166852,159.60022133402526,0,1,0,3792467.647795351
2285308.1498761126,2285381.3262886344,73.1764125218615,1,1,0,2285381.3262886344
827922.5463209351,827960.5514933958,38.00517246068921,1,1,0,827960.5514933958
247976.16626194798,248013.65187722433,37.4856152763532,0,1,0,247976.16626194798
361338.9393590597,361380.11693758675,41.17757852707291,1,1,0,361380.11693758675
363382.5418187947,363371.53513828234,-11.006680512335151,0,1,0,363382.5418187947
877596.8530442578,877647.8397729853,50.98672872746829,1,1,0,877647.8397729853
1598176.0004475587,1598271.9044222862,95.90397472749464,1,1,0,1598271.9044222862
557403.996639694,557460.6619767686,56.66533707466442,0,1,0,557403.996639694
1813492.0785892464,1813575.825239628,83.74665038171224,0,1,0,1813492.0785892464
41415.660086455835,41430.487243292075,14.827156836239737,1,1,0,41430.487243292075
1136722.8803715664,1136806.6047069463,83.72433537989855,1,1,0,1136806.6047069463
857953.4482020778,857970.8148378156,17.366635737824254,1,1,0,857970.8148378156
106347.35517988839,106376.73895745743,29.383777569048107,1,1,0,106376.73895745743
780931.9096290685,781005.9058999962,73.99627092771698,0,1,0,780931.9096290685
2900698.744359983,2900853.7439544164,154.99959443323314,1,1,0,2900853.7439544164
200327.36719258642,200359.95801368714,32.59082110071904,1,1,0,200359.95801368714
91302.64300771947,91314.5903124915,11.947304772038478,1,1,0,91314.5903124915
1760120.702320428,1760243.0374739107,122.33515348262154,0,1,0,1760120.702320428
208489.41734393156,208525.50674540392,36.089401472359896,1,1,0,208525.50674540392
3806815.3492183303,3806863.302901166,47.9536828356795,1,1,0,3806863.302901166
2311697.886006038,2311692.4259270085,-5.4600790296681225,0,1,0,2311697.886006038
406030.7043884612,406092.20444889105,61.500060429854784,1,1,0,406092.20444889105
7844340.877169891,7844609.362898638,268.4857287462801,0,1,0,7844340.877169891
352557.6165754301,352590.11258137645,32.49600594636286,0,1,0,352557.6165754301
96967.17098822602,96986.90849521516,19.737506989142275,1,1,0,96986.90849521516
117464.93800014911,117456.99081856488,-7.9471815842262,1,1,0,117456.99081856488
7613533.53877687,7613759.288731954,225.74995508417487,0,1,0,7613533.53877687
56996981.189219184,56997785.958376944,804.7691577598453,1,1,0,56997785.958376944
2492497.284461207,2492546.3918977394,49.10743653215468,1,1,0,2492546.3918977394
1546375.4343229784,1546411.7310536061,36.29673062777147,1,1,0,1546411.7310536061
1732515.28563052,1732603.9942907928,88.70866027288139,1,1,0,1732603.9942907928
24048926.121432032,24049328.42871196,402.3072799257934,0,1,0,24048926.121432032
788281.9966175453,788362.4378901124,80.44127256714273,1,1,0,788362.4378901124
1295858.0874203388,1295908.8358709766,50.74845063779503,0,1,0,1295858.0874203388
3279649.9915555706,3279818.1798724593,168.18831688864157,1,1,0,3279818.1798724593
2249516.706366879,2249629.3205311974,112.61416431842372,0,1,0,2249516.706366879
827922.5463209351,827947.626806478,25.08048554288689,1,1,0,827947.626806478
7847206.078700541,7847474.714405701,268.6357051599771,0,1,0,7847206.078700541
485658.0759866033,485710.194670681,52.11868407775182,0,1,0,485658.0759866033
7807.629659521402,7811.911201734602,4.281542213200737,1,1,0,7811.911201734602
2474176.223907786,2474301.2920980086,125.06819022260606,1,1,0,2474301.2920980086
418786.4926461767,418853.76072269044,67.26807651371928,0,1,0,418786.4926461767
24048926.121432032,24049357.23849907,431.1170670390129,0,1,0,24048926.121432032
3441310.012507437,3441425.1523684585,115.13986102165654,1,1,0,3441425.1523684585
866177.023232418,866273.2047641497,96.18153173173778,1,1,0,866273.2047641497
406030.7043884612,406076.3127578482,45.60836938698776,1,1,0,406076.3127578482
6070995.203750776,6071086.8743571695,91.67060639336705,0,1,0,6070995.203750776
4282582.57650045,4282735.164737282,152.58823683205992,0,1,0,4282582.57650045
343316.8376024959,343315.4037237716,-1.433878724288661,0,1,0,343316.8376024959
3434239.499741499,3434353.9352174634,114.43547596456483,1,1,0,3434353.9352174634
5925319.265898995,5925441.876993997,122.61109500192106,1,1,0,5925441.876993997
278731.0403933141,278770.0485771572,39.00818384310696,1,1,0,278770.0485771572
18261271.01981089,18261657.8090562,386.7892453111708,0,1,0,18261271.01981089
868505.3979378896,868590.0727299716,84.67479208204895,0,1,0,868505.3979378896
2745785.3203164386,2745941.2789911088,155.95867467019707,1,1,0,2745941.2789911088
505635.0293831093,505627.55886214226,-7.470520967035554,1,1,0,505627.55886214226
275300.34936256433,275332.5071757084,32.15781314409105,0,1,0,275300.34936256433
2666777.8768750248,2666898.5624724207,120.68559739599004,1,1,0,2666898.5624724207
5032931.654638072,5033058.310386447,126.65574837569147,0,1,0,5032931.654638072
16288935.882380422,16288883.941020971,-51.941359451040626,0,1,0,16288935.882380422
585368.5946708199,585429.9959639965,61.401293176575564,1,1,0,585429.9959639965
3468995.0762537047,3469082.9143668674,87.83811316266656,1,1,0,3469082.9143668674
246477.5002228199,246507.61709484353,30.116872023645556,1,1,0,246507.61709484353
371351.76096132013,371379.19339456776,27.43243324762443,0,1,0,371351.76096132013
8723.458862928584,8726.7576607755,3.298797846915477,1,1,0,8726.7576607755
303416.7383330743,303444.5988894167,27.8605563424062,0,1,0,303416.7383330743
114258.11541712612,114281.99574043536,23.880323309247615,1,1,0,114281.99574043536
127187.43128642272,127213.2438906181,25.812604195380118,0,1,0,127187.43128642272
148937.9423668604,148968.6255126105,30.68314575011027,0,1,0,148937.9423668604
24552.494452140556,24566.37759907573,13.883146935175319,0,1,0,24552.494452140556
1875689.3336533802,1875786.2148305385,96.88117715832777,0,1,0,1875689.3336533802
3544288.316713967,3544456.4978236617,168.18110969476402,1,1,0,3544456.4978236617
949446.97900551,949528.2153009905,81.23629548051395,0,1,0,949446.97900551
352060.38665947603,352080.8102568398,20.423597363755107,0,1,0,352060.38665947603
6107213.594303567,6107453.355318224,239.76101465709507,1,1,0,6107453.355318224
7807.629659521402,7812.4131775293845,4.783518007982821,1,1,0,7812.4131775293845
4946978.462005302,4947139.0267282445,160.56472294218838,1,1,0,4947139.0267282445
3085735.0125213237,3085912.6304746503,177.6179533265531,1,1,0,3085912.6304746503
5339509.742037672,5339480.459083782,-29.282953890040517,0,1,0,5339509.742037672
71354362.37914456,71355147.48376784,785.104623273015,1,1,0,71355147.48376784
5339509.742037672,5339477.939160139,-31.802877532318234,0,1,0,5339509.742037672
8151091.979372842,8151322.825069906,230.84569706395268,0,1,0,8151091.979372842
267303.5556422124,267337.36364107614,33.80799886374734,1,1,0,267337.36364107614
278731.0403933141,278763.3533193869,32.31292607280193,1,1,0,278763.3533193869
918396.4697902963,918476.0614734153,79.59168311906978,1,1,0,918476.0614734153
288546.4900829719,288578.89133095654,32.40124798461329,1,1,0,288578.89133095654
6881966.102418847,6882147.63105099,181.52863214258105,0,1,0,6881966.102418847
6749905.662706231,6750155.721848431,250.05914220027626,1,1,0,6750155.721848431
231523.73750709067,231569.1039297537,45.36642266303534,1,1,0,231569.1039297537
128287.41712272058,128318.86042363758,31.44330091700249,1,1,0,128318.86042363758
5204027.1388665065,5204050.82797584,23.68910933379084,0,1,0,5204027.1388665065
4444553.441807679,4444709.962426077,156.5206183977425,0,1,0,4444553.441807679
16945967.904154036,16946375.286151186,407.38199714943767,0,1,0,16945967.904154036
493835.05221289245,493863.60112133244,28.548908439988736,0,1,0,493835.05221289245
977831.881083325,977906.7507006325,74.86961730744224,0,1,0,977831.881083325
16288935.882380422,16288827.566892456,-108.31548796594143,0,1,0,16288935.882380422
1103001.5846540234,1103082.2398698854,80.65521586197428,1,1,0,1103082.2398698854
503992.76184165524,504036.8495112288,44.08766957354965,0,1,0,503992.76184165524
3696291.842546434,3696363.344228289,71.5016818549484,0,1,0,3696291.842546434
17614417.70099561,17614839.416783858,421.7157882489264,0,1,0,17614417.70099561
5580716.816691661,5580880.161859015,163.34516735374928,1,1,0,5580880.161859015
940814.7458863003,940881.9653155835,67.21942928317003,0,1,0,940814.7458863003
1307863.152382908,1307959.4421302907,96.28974738274701,0,1,0,1307863.152382908
3901496.3747172593,3901619.437722347,123.06300508789718,0,1,0,3901496.3747172593
1282212.8368828252,1282288.2062560827,75.36937325750478,0,1,0,1282212.8368828252
603340.1087191155,603376.0854887323,35.97676961682737,1,1,0,603376.0854887323
94122.05293571614,94156.24544046252,34.19250474637374,0,1,0,94122.05293571614
250623.49383776874,250667.08197430472,43.5881365359819,0,1,0,250623.49383776874
837258.492534493,837341.6305436507,83.13800915773027,1,1,0,837341.6305436507
2855072.0181997186,2855226.87043363,154.8522339113988,0,1,0,2855072.0181997186
4569440.014474772,4569441.66408976,1.6496149878948927,0,1,0,4569440.014474772
94122.05293571614,94151.8246054769,29.771669760753866,0,1,0,94122.05293571614
4313412.746343347,4313627.677888001,214.93154465407133,0,1,0,4313412.746343347
2285308.1498761126,2285361.0614389116,52.911562799010426,1,1,0,2285361.0614389116
25615.498348363304,25626.293820409148,10.79547204584378,0,1,0,25615.498348363304
1589807.758968432,1589893.1134579368,85.35448950482532,0,1,0,1589807.758968432
229368.04254773862,229408.06126825925,40.01872052063118,0,1,0,229368.04254773862
5064724.657256247,5064799.404929008,74.74767276179045,1,1,0,5064799.404929008
4569440.014474772,4569450.678863301,10.664388529025018,0,1,0,4569440.014474772
26760882.45029559,26760931.704540126,49.25424453616142,1,1,0,26760931.704540126
208489.41734393156,208531.56979932176,42.152455390198156,1,1,0,208531.56979932176
24048926.121432032,24049309.3983997,383.2769676670432,0,1,0,24048926.121432032
330522.72953870264,330519.35377573577,-3.3757629668689333,0,1,0,330522.72953870264
200327.36719258642,200361.4191034979,34.05191091148299,1,1,0,200361.4191034979
7635916.430636806,7636183.721508346,267.29087153915316,0,1,0,7635916.430636806
115474675.43179981,115475269.95340912,594.5216093063354,0,1,0,115474675.43179981
72605.69454856621,72623.56253085831,17.867982292096713,0,1,0,72605.69454856621
3949608.8918481655,3949561.704355946,-47.18749221973121,0,1,0,3949608.8918481655
1477879.2613400389,1478004.40509518,125.14375514118001,0,1,0,1477879.2613400389
729193.054336941,729278.0279599138,84.97362297284417,0,1,0,729193.054336941
485658.0759866033,485701.35558631056,43.279599707282614,0,1,0,485658.0759866033
1036435.5005440813,1036526.3250780844,90.82453400304075,0,1,0,1036435.5005440813
378441.4424409296,378463.19736184,21.754920910403598,0,1,0,378441.4424409296
3303913.5029092655,3303913.888700361,0.38579109543934464,0,1,0,3303913.5029092655
65432610.961475864,65433219.4659961,608.5045202374458,1,1,0,65433219.4659961
15108983.99869042,15109197.822154254,213.82346383295953,1,1,0,15109197.822154254
485658.0759866033,485715.57826234313,57.50227573985467,0,1,0,485658.0759866033
6660725.076820481,6660891.516972846,166.4401523657143,1,1,0,6660891.516972846
12780260.198375776,12780406.289310643,146.09093486703932,0,1,0,12780260.198375776
868505.3979378896,868589.8837097974,84.48577190784272,0,1,0,868505.3979378896
8631952.552181922,8632224.997269537,272.44508761540055,0,1,0,8631952.552181922
152838.99367302624,152857.5982154393,18.60454241305706,1,1,0,152857.5982154393
3544288.316713967,3544468.675453166,180.35873919911683,1,1,0,3544468.675453166
1563225.6622291547,1563290.0631265028,64.40089734806679,1,1,0,1563290.0631265028
1688815.3479957532,1688922.175789893,106.82779413973913,1,1,0,1688922.175789893
2666777.8768750248,2666872.3809313704,94.50405634567142,1,1,0,2666872.3809313704
697765.5289117917,697825.3954459997,59.86653420794755,0,1,0,697765.5289117917
159751.27052301558,159778.64380030683,27.373277291248087,1,1,0,159778.64380030683
4630434.0091187805,4630577.25795352,143.2488347394392,0,1,0,4630434.0091187805
23174183.633460827,23174407.995115496,224.3616546690464,1,1,0,23174407.995115496
764282.5472246957,764321.1735820635,38.62635736784432,0,1,0,764282.5472246957
1007463.4510234176,1007532.1121344691,68.66111105144955,1,1,0,1007532.1121344691
1598176.0004475587,1598291.5301474736,115.52969991485588,1,1,0,1598291.5301474736
40801.915232038744,40818.72980178276,16.814569744019536,0,1,0,40801.915232038744
3444341.3672214714,3444505.585115823,164.21789435157552,1,1,0,3444505.585115823
2529364.595708025,2529518.462657068,153.866949042771,0,1,0,2529364.595708025
168473.11384030466,168514.76720668763,41.653366382961394,0,1,0,168473.11384030466
4946978.462005302,4947138.305960901,159.84395559877157,1,1,0,4947138.305960901
24552.494452140556,24564.794615520044,12.300163379488367,0,1,0,24552.494452140556
2613654.8035987765,2613721.114964494,66.31136571755633,1,1,0,2613721.114964494
356358.20952557714,356402.1932243323,43.983698755153455,1,1,0,356402.1932243323
923573.9689023267,923650.3623430263,76.39344069967046,0,1,0,923573.9689023267
278731.0403933141,278769.6732302443,38.63283693022095,1,1,0,278769.6732302443
231523.73750709067,231570.49943540443,46.76192831376102,0,1,0,231523.73750709067
6743459.567150459,6743650.919929619,191.3527791602537,0,1,0,6743459.567150459
493835.05221289245,493859.1258480779,24.07363518542843,1,1,0,493859.1258480779
1847818.0306055099,1847905.741092574,87.71048706420697,1,1,0,1847905.741092574
4274019.019492431,4274152.832566429,133.81307399831712,1,1,0,4274152.832566429
459151.05859247845,459209.27208432,58.21349184156861,0,1,0,459151.05859247845
4083794.525655386,4083855.6076585827,61.08200319670141,0,1,0,4083794.525655386
6881966.102418847,6882193.467455807,227.3650369597599,0,1,0,6881966.102418847
830884.2326671011,830891.2963143894,7.063647288363427,1,1,0,830891.2963143894
74293.52958226226,74306.39091689003,12.861334627770702,0,1,0,74293.52958226226
1316327.981716723,1316422.7893364679,94.80761974491179,1,1,0,1316422.7893364679
4123960.8068271712,4124113.656960856,152.85013368492946,1,1,0,4124113.656960856
14397904.552325727,14398358.545073388,453.9927476607263,0,1,0,14397904.552325727
10625645.635420606,10625623.280605767,-22.35481483861804,0,1,0,10625645.635420606
847871.7805865989,847948.0342527268,76.2536661279155,0,1,0,847871.7805865989
5204027.1388665065,5204023.489124021,-3.6497424859553576,0,1,0,5204027.1388665065
600886.3911490919,600886.3620865736,-0.0290625182678923,0,1,0,600886.3911490919
2613654.8035987765,2613730.968997668,76.16539889154956,1,1,0,2613730.968997668
12606182.454915939,12606440.849784702,258.3948687631637,0,1,0,12606182.454915939
3949608.8918481655,3949567.1582351173,-41.733613048214465,0,1,0,3949608.8918481655
336499.631565286,336533.81249927834,34.180933992320206,0,1,0,336499.631565286
257622.0217765094,257660.03149506103,38.00971855162061,0,1,0,257622.0217765094
7926732.763656111,7926956.830316714,224.06666060257703,1,1,0,7926956.830316714
417793.1975898323,417856.7224928386,63.524903006327804,0,1,0,417793.1975898323
16038089.777960837,16038425.87824465,336.1002838127315,1,1,0,16038425.87824465
111424.94833804708,111445.17661139883,20.22827335174952,0,1,0,111424.94833804708
866177.023232418,866260.0303272076,83.00709478964563,1,1,0,866260.0303272076
7635916.430636806,7636193.509379106,277.0787422992289,1,1,0,7636193.509379106
456554.533892592,456581.0369835074,26.503090915386565,0,1,0,456554.533892592
675412.6365760632,675400.4500632028,-12.18651286046952,1,1,0,675400.4500632028
697765.5289117917,697829.764371372,64.23545958020259,0,1,0,697765.5289117917
1598176.0004475587,1598275.931190105,99.93074254621752,0,1,0,1598176.0004475587
1563796.9995148082,1563903.3015245586,106.30200975039043,0,1,0,1563796.9995148082
463297.2274929145,463362.56163024367,65.33413732919144,1,1,0,463362.56163024367
11265012.111761114,11265321.125384072,309.0136229582131,1,1,0,11265321.125384072
87082154.59149055,87083042.08492577,887.4934352189302,1,1,0,87083042.08492577
911691.9132797144,911758.5597941226,66.64651440817397,0,1,0,911691.9132797144
358617.4844571371,358645.06263306434,27.57817592722131,1,1,0,358645.06263306434
1943651.7492579352,1943716.5974964157,64.84823848051019,1,1,0,1943716.5974964157
67402496.36884588,67403363.20509948,866.8362535983324,1,1,0,67403363.20509948
50491357.451323405,50492036.151780665,678.7004572600126,1,1,0,50492036.151780665
1323834.5555094294,1323901.2931741758,66.7376647463534,0,1,0,1323834.5555094294
557403.996639694,557475.4521661609,71.45552646694705,0,1,0,557403.996639694
1351550.231685623,1351610.281410272,60.049724648939446,0,1,0,1351550.231685623
7847206.078700541,7847448.307189837,242.22848929651082,0,1,0,7847206.078700541
10625645.635420606,10625652.009242425,6.373821819201112,0,1,0,10625645.635420606
1399779.3856301678,1399878.2519244477,98.86629427992739,1,1,0,1399878.2519244477
11991389.271983214,11991665.283814784,276.0118315704167,0,1,0,11991389.271983214
1541966.7414974757,1542055.4992227098,88.75772523414344,1,1,0,1542055.4992227098
8752169.209834285,8752270.248806657,101.03897237218916,0,1,0,8752169.209834285
488387.15635510045,488447.93251224887,60.77615714841522,0,1,0,488387.15635510045
485968.6566888086,486003.92044449475,35.26375568617368,1,1,0,486003.92044449475
358194.08558782935,358210.7988071558,16.713219326455146,1,1,0,358210.7988071558
5064724.657256247,5064778.579997206,53.92274095956236,1,1,0,5064778.579997206
456554.533892592,456588.4371838127,33.90329122071853,0,1,0,456554.533892592
330522.72953870264,330520.29256824625,-2.4369704563869163,0,1,0,330522.72953870264
4968387.499149974,4968580.895743535,193.39659356046468,0,1,0,4968387.499149974
250623.49383776874,250665.575751819,42.081914050271735,0,1,0,250623.49383776874
6950417.938389312,6950707.566647207,289.62825789581984,0,1,0,6950417.938389312
3434239.499741499,3434356.350804458,116.85106295906007,1,1,0,3434356.350804458
1439949.1875428027,1440063.1008779681,113.91333516547456,1,1,0,1440063.1008779681
245120.37973896507,245161.6485753954,41.26883643033216,1,1,0,245161.6485753954
3396659.1216773177,3396800.0273950393,140.9057177216746,0,1,0,3396659.1216773177
226432.72782276015,226459.4812922985,26.753469538351055,1,1,0,226459.4812922985
752209.8151967054,752296.6210885259,86.80589182046242,0,1,0,752209.8151967054
1477879.2613400389,1477992.1753134697,112.9139734308701,0,1,0,1477879.2613400389
1068098.8974435492,1068165.329039647,66.43159609776922,0,1,0,1068098.8974435492
3768977.678170482,3768945.409640211,-32.26853027101606,1,1,0,3768945.409640211
1790078.386154597,1790152.8321500567,74.44599545979872,1,1,0,1790152.8321500567
5062129.884637326,5062304.197930349,174.31329302303493,1,1,0,5062304.197930349
1323834.5555094294,1323916.4286859387,81.87317650928162,0,1,0,1323834.5555094294
26760882.45029559,26760902.398312327,19.948016736656427,1,1,0,26760902.398312327
2083720.0682891896,2083758.5620573005,38.493768110871315,0,1,0,2083720.0682891896
1865216.675180399,1865329.0299436261,112.35476322704926,0,1,0,1865216.675180399
219236.16556815492,219252.9657333368,16.800165181892226,0,1,0,219236.16556815492
152838.99367302624,152858.18480097302,19.19112794677494,1,1,0,152858.18480097302
600886.3911490919,600878.0081288203,-8.383020271547139,0,1,0,600886.3911490919
11092492.727641108,11092726.564266091,233.83662498369813,0,1,0,11092492.727641108
288196.10653092293,288227.3917649761,31.285234053153545,1,1,0,288227.3917649761
359162.42064649763,359190.02772846754,27.607081969908904,0,1,0,359162.42064649763
25615.498348363304,25626.707170740152,11.20882237684782,0,1,0,25615.498348363304
1563796.9995148082,1563897.6329195797,100.63340477156453,0,1,0,1563796.9995148082
671888.431819917,671948.2612832898,59.829463372705504,0,1,0,671888.431819917
5230498.624478682,5230714.757246171,216.13276748917997,1,1,0,5230714.757246171
848335.1267673018,848392.682476293,57.555708991130814,0,1,0,848335.1267673018
2945495.904935029,2945526.0715877935,30.166652764659375,1,1,0,2945526.0715877935
557403.996639694,557466.2882525235,62.291612829547375,0,1,0,557403.996639694
14963045.83630955,14963414.213404467,368.37709491699934,1,1,0,14963414.213404467
918396.4697902963,918483.0304996292,86.56070933293086,0,1,0,918396.4697902963
940814.7458863003,940884.7415752916,69.99568899127189,0,1,0,940814.7458863003
46930.07620902709,46940.10775501081,10.031545983722026,1,1,0,46940.10775501081
25615.498348363304,25628.133226915,12.634878551696602,0,1,0,25615.498348363304
1887502.0735500637,1887636.0517767493,133.97822668566369,0,1,0,1887502.0735500637
2053930.2186851925,2053906.2883405476,-23.93034464493394,0,1,0,2053930.2186851925
2536371.36190086,2536494.0834302995,122.72152943955734,0,1,0,2536371.36190086
15166325.820369095,15166680.565776518,354.7454074230045,0,1,0,15166325.820369095
10160483.823229413,10160696.98425826,213.16102884709835,0,1,0,10160483.823229413
18640829.15079593,18641047.64617556,218.49537963047624,1,1,0,18641047.64617556
89289.63735968676,89303.44520820897,13.807848522206768,0,1,0,89289.63735968676
1784916.1237034977,1785021.4736913904,105.34998789266683,1,1,0,1785021.4736913904
12923644.440947073,12923958.340823093,313.89987602084875,1,1,0,12923958.340823093
5370582.517845528,5370768.104786284,185.58694075606763,1,1,0,5370768.104786284
148937.9423668604,148964.66279800585,26.720431145455223,0,1,0,148937.9423668604
321945.96354026685,321987.272327305,41.30878703814233,1,1,0,321987.272327305
2474176.223907786,2474280.373212094,104.14930430799723,1,1,0,2474280.373212094
3901496.3747172593,3901628.387345132,132.0126278726384,0,1,0,3901496.3747172593
25615.498348363304,25627.276342358142,11.777993994837743,0,1,0,25615.498348363304
1847818.0306055099,1847898.348389615,80.31778410519473,1,1,0,1847898.348389615
8533076.474076575,8533353.672364904,277.19828832894564,1,1,0,8533353.672364904
708463.4910896679,708496.0106577441,32.51956807624083,1,1,0,708496.0106577441
5267397.917790059,5267640.16316631,242.2453762507066,0,1,0,5267397.917790059
1023654.9991617198,1023761.3753798569,106.37621813709848,1,1,0,1023761.3753798569
307201.8211322222,307239.4637955538,37.642663331585936,0,1,0,307201.8211322222
1203907.0240311718,1203943.9501559779,36.92612480605021,1,1,0,1203943.9501559779
2666777.8768750248,2666877.643081949,99.7662069243379,1,1,0,2666877.643081949
729193.054336941,729281.9964651433,88.94212820229586,0,1,0,729193.054336941
1877574.1617981063,1877700.7434682793,126.58167017297819,1,1,0,1877700.7434682793
1323834.5555094294,1323926.2807019535,91.72519252402708,0,1,0,1323834.5555094294
8479014.152744133,8479253.26649542,239.11375128664076,0,1,0,8479014.152744133
463297.2274929145,463367.6535905551,70.42609764065128,1,1,0,463367.6535905551
6743459.567150459,6743644.141851469,184.57470101024956,0,1,0,6743459.567150459
4102174.2322281725,4102342.776202699,168.54397452669218,0,1,0,4102174.2322281725
219236.16556815492,219243.5053390892,7.339770934282569,0,1,0,219236.16556815492
1275862.984669952,1275941.344971529,78.36030157702044,0,1,0,1275862.984669952
822808.5080977706,822891.3576503155,82.84955254488159,1,1,0,822891.3576503155
745207.949757806,745280.9389088118,72.98915100574959,1,1,0,745280.9389088118
270228.08370277245,270273.9943765092,45.91067373676924,0,1,0,270228.08370277245
12923644.440947073,12923980.26801355,335.82706647738814,0,1,0,12923644.440947073
3396659.1216773177,3396782.711058208,123.589380890131,0,1,0,3396659.1216773177
640849.8815272612,640933.8322284092,83.95070114801638,0,1,0,640849.8815272612
2311697.886006038,2311681.764103813,-16.121902225073427,0,1,0,2311697.886006038
1661193.151901767,1661261.1288517506,67.97694998374209,1,1,0,1661261.1288517506
114258.11541712612,114282.54691217435,24.431495048236684,1,1,0,114282.54691217435
41415.660086455835,41431.93546813708,16.27538168124738,1,1,0,41431.93546813708
128826.74302523359,128836.13130701939,9.388281785795698,1,1,0,128836.13130701939
26988681.274377275,26989133.625556562,452.3511792868376,0,1,0,26988681.274377275
949446.97900551,949522.0100444609,75.03103895089589,0,1,0,949446.97900551
8970744.4865961,8971012.533929529,268.0473334286362,0,1,0,8970744.4865961
488387.15635510045,488444.046711416,56.8903563155327,0,1,0,488387.15635510045
5032931.654638072,5033088.192891013,156.53825294133276,0,1,0,5032931.654638072
20366850.85305102,20367199.63970011,348.7866490893066,0,1,0,20366850.85305102
727558.0228634931,727565.0690230587,7.046159565681592,0,1,0,727558.0228634931
3308808.053273834,3308969.3698688922,161.31659505842254,0,1,0,3308808.053273834
91302.64300771947,91314.29380330026,11.650795580790145,1,1,0,91314.29380330026
1203907.0240311718,1203955.1220155025,48.09798433072865,1,1,0,1203955.1220155025
11722140.734803813,11722396.673144622,255.93834080919623,0,1,0,11722140.734803813
1877574.1617981063,1877660.4535965554,86.29179844912142,1,1,0,1877660.4535965554
358617.4844571371,358649.2618891239,31.777431986760348,1,1,0,358649.2618891239
3847982.6834347625,3848110.326850778,127.64341601543128,0,1,0,3847982.6834347625
1141794.5827811563,1141784.5091348926,-10.073646263685077,1,1,0,1141784.5091348926
716912.0076669466,716986.0656281795,74.05796123284381,1,1,0,716986.0656281795
3333185.540455103,3333334.2237460553,148.68329095235094,0,1,0,3333185.540455103
6137738.923402802,6137984.5932795685,245.6698767663911,0,1,0,6137738.923402802
418786.4926461767,418835.9519326924,49.45928651565919,0,1,0,418786.4926461767
148937.9423668604,148969.0223421006,31.07997524019447,0,1,0,148937.9423668604
1656708.0884794807,1656777.010996144,68.92251666332595,1,1,0,1656777.010996144
4996969.950179521,4997183.631286512,213.68110699113458,0,1,0,4996969.950179521
1584898.7601277025,1584969.937294211,71.17716650851071,1,1,0,1584969.937294211
752209.8151967054,752291.294591708,81.47939500259236,0,1,0,752209.8151967054
1840959.8609375819,1841015.1826893173,55.321751735405996,0,1,0,1840959.8609375819
3768977.678170482,3768961.384470393,-16.293700089212507,1,1,0,3768961.384470393
7953926.320246267,7953941.092386884,14.772140616551042,0,1,0,7953926.320246267
523660.91779600066,523662.2175189162,1.2997229155153036,0,1,0,523660.91779600066
877596.8530442578,877666.6644945181,69.81145026022568,1,1,0,877666.6644945181
2936238.1745556802,2936387.4178827647,149.2433270844631,1,1,0,2936387.4178827647
941397.4118645004,941468.3456496724,70.93378517206293,0,1,0,941397.4118645004
3912376.8140218644,3912471.9071648503,95.09314298583195,1,1,0,3912471.9071648503
12677880.256750485,12678250.641767532,370.3850170467049,1,1,0,12678250.641767532
612765.4293915267,612804.7295461921,39.30015466536861,0,1,0,612765.4293915267
4055070.806936847,4055138.4856955498,67.67875870270655,1,1,0,4055138.4856955498
78215.11988881922,78228.90469132071,13.784802501497325,0,1,0,78215.11988881922
2933647.5304894857,2933799.8623471525,152.3318576668389,1,1,0,2933799.8623471525
745207.949757806,745275.5030890225,67.55333121644799,1,1,0,745275.5030890225
5085619.732653755,5085775.7142370455,155.9815832907334,0,1,0,5085619.732653755
209409779.47501644,209409766.15105796,-13.323958486318588,1,1,0,209409766.15105796
32231.878649484108,32238.11690307874,6.238253594630805,0,1,0,32231.878649484108
29222551.020591423,29223030.720591173,479.6999997496605,1,1,0,29223030.720591173
96722057.09540755,96722925.76549901,868.6700914651155,1,1,0,96722925.76549901
4968387.499149974,4968589.375285365,201.87613539025187,0,1,0,4968387.499149974
11023186.761196494,11023396.946687797,210.18549130298197,1,1,0,11023396.946687797
3912376.8140218644,3912495.9000802883,119.08605842385441,1,1,0,3912495.9000802883
509093.49435175816,509138.338410927,44.84405916882679,0,1,0,509093.49435175816
8631952.552181922,8632224.814815234,272.26263331249356,0,1,0,8631952.552181922
8723.458862928584,8727.111490195164,3.652627266579657,1,1,0,8727.111490195164
57646.90819950932,57663.1791584785,16.270958969180356,0,1,0,57646.90819950932
3369967.3249944835,3370118.075218809,150.75022432534024,0,1,0,3369967.3249944835
3764700.7099296222,3764855.768977025,155.05904740281403,0,1,0,3764700.7099296222
11722140.734803813,11722409.091399232,268.3565954193473,0,1,0,11722140.734803813
1661193.151901767,1661266.4864853837,73.33458361681551,1,1,0,1661266.4864853837
827922.5463209351,827964.4438301257,41.89750919060316,1,1,0,827964.4438301257
16142476.34821393,16142402.84410737,-73.50410655885935,1,1,0,16142402.84410737
37795.38352000409,37804.71879712278,9.33527711869101,1,1,0,37804.71879712278
5062129.884637326,5062311.3380879415,181.4534506155178,1,1,0,5062311.3380879415
1128315.197364823,1128398.6788445013,83.481479678303,0,1,0,1128315.197364823
1207835.131975527,1207837.0521698424,1.9201943154912442,1,1,0,1207837.0521698424
745207.949757806,745292.5620813943,84.61232358822599,0,1,0,745207.949757806
1847818.0306055099,1847891.8702869683,73.83968145842664,1,1,0,1847891.8702869683
219236.16556815492,219246.2341243606,10.068556205689674,0,1,0,219236.16556815492
18261271.01981089,18261561.048271906,290.0284610167146,0,1,0,18261271.01981089
3949608.8918481655,3949599.263623946,-9.628224219661206,0,1,0,3949608.8918481655
600886.3911490919,600883.6116533558,-2.779495736118406,0,1,0,600886.3911490919
272025.46842776664,272070.87152823975,45.40310047310777,0,1,0,272025.46842776664
57347.75620794325,57358.406843871846,10.650635928599513,1,1,0,57358.406843871846
96967.17098822602,96979.78523803083,12.61424980481388,1,1,0,96979.78523803083
6137738.923402802,6137987.952262929,249.02886012662202,1,1,0,6137987.952262929
2480242.3376656794,2480367.720048063,125.38238238357008,0,1,0,2480242.3376656794
5580716.816691661,5580882.592380407,165.77568874601275,1,1,0,5580882.592380407
15995590.380903285,15995932.162456598,341.7815533131361,0,1,0,15995590.380903285
485658.0759866033,485699.91475152597,41.83876492269337,1,1,0,485699.91475152597
83695.71604461971,83708.04802826067,12.331983640964609,1,1,0,83708.04802826067
2735768.0686973715,2735778.257759005,10.189061633311212,0,1,0,2735768.0686973715
173787.50616403052,173826.44948526713,38.943321236612974,0,1,0,173787.50616403052
23174183.633460827,23174361.876051955,178.24259112775326,1,1,0,23174361.876051955
378441.4424409296,378467.25392356556,25.811482635966968,0,1,0,378441.4424409296
17258126.75767763,17258528.282754716,401.52507708594203,0,1,0,17258126.75767763
1023654.9991617198,1023748.732406936,93.73324521619361,1,1,0,1023748.732406936
46505.470330402524,46504.50005476186,-0.9702756406622939,1,1,0,46504.50005476186
3369967.3249944835,3370150.998349572,183.67335508856922,0,1,0,3369967.3249944835
346034.3525447402,346066.85789562616,32.505350885970984,1,1,0,346066.85789562616
456554.533892592,456588.6387204697,34.10482787771616,0,1,0,456554.533892592
1943651.7492579352,1943723.053383758,71.30412582284771,1,1,0,1943723.053383758
1847818.0306055099,1847901.3826657706,83.35206026071683,1,1,0,1847901.3826657706
8752169.209834285,8752329.478873907,160.26903962157667,0,1,0,8752169.209834285
716912.0076669466,716977.9310164709,65.92334952426609,1,1,0,716977.9310164709
148937.9423668604,148970.09358994305,32.15122308264836,0,1,0,148937.9423668604
3588419.880042036,3588554.2277718773,134.3477298412472,0,1,0,3588419.880042036
2480242.3376656794,2480359.80933967,117.47167399059981,0,1,0,2480242.3376656794
11092492.727641108,11092758.451896243,265.7242551352829,0,1,0,11092492.727641108
5622931.97593603,5622971.492233769,39.51629773899913,0,1,0,5622931.97593603
699939.25124975,700016.4224505646,77.1712008145405,0,1,0,699939.25124975
307201.8211322222,307237.42584388517,35.604711662977934,0,1,0,307201.8211322222
106347.35517988839,106379.5791430955,32.22396320711414,0,1,0,106347.35517988839
765840.2459430216,765826.7473362976,-13.498606723966077,0,1,0,765840.2459430216
1546375.4343229784,1546400.933769745,25.499446766683832,1,1,0,1546400.933769745
67402496.36884588,67403420.58912069,924.2202748060226,1,1,0,67403420.58912069
6660725.076820481,6660896.427281281,171.35046080034226,1,1,0,6660896.427281281
909129.627527158,909174.0984169288,44.4708897707751,1,1,0,909174.0984169288
1316327.981716723,1316427.6782800683,99.69656334538013,1,1,0,1316427.6782800683
2832999.772683674,2833172.867031601,173.09434792678803,0,1,0,2832999.772683674
1320728.2988037765,1320735.8684829518,7.569679175270721,0,1,0,1320728.2988037765
57347.75620794325,57355.80269696921,8.04648902596091,1,1,0,57355.80269696921
418786.4926461767,418849.83136459225,63.338718415529,0,1,0,418786.4926461767
4123960.8068271712,4124140.4048623103,179.5980351390317,1,1,0,4124140.4048623103
46505.470330402524,46502.85629013607,-2.6140402664532303,1,1,0,46502.85629013607
2911166.6700741975,2911284.3269836465,117.65690944902599,1,1,0,2911284.3269836465
8151091.979372842,8151260.7023840705,168.72301122825593,0,1,0,8151091.979372842
603340.1087191155,603370.6499812538,30.541262138285674,1,1,0,603370.6499812538
523660.91779600066,523657.16469022766,-3.7531057730084285,0,1,0,523660.91779600066
128826.74302523359,128837.80432438295,11.061299149354454,1,1,0,128837.80432438295
12818208.115752038,12818439.667923944,231.55217190645635,1,1,0,12818439.667923944
557160.69466777,557210.6059522221,49.91128445218783,1,1,0,557210.6059522221
51766.28039870045,51777.63763708265,11.357238382195646,0,1,0,51766.28039870045
1113629.9438749468,1113704.8027262527,74.85885130590759,1,1,0,1113704.8027262527
247976.16626194798,248008.28224961297,32.115987664990826,0,1,0,247976.16626194798
8467870.481783658,8468068.32331933,197.84153567254543,1,1,0,8468068.32331933
62389292.437461406,62389934.217590205,641.7801287993789,1,1,0,62389934.217590205
4875585.86184857,4875706.9348395355,121.07299096509814,1,1,0,4875706.9348395355
210527.60844440912,210548.52929529393,20.920850884809624,1,1,0,210548.52929529393
399072.6379498997,399131.36961990676,58.731670007051434,1,1,0,399131.36961990676
356358.20952557714,356390.6063826591,32.396857081970666,1,1,0,356390.6063826591
8954391.253223268,8954565.289010596,174.03578732721508,1,1,0,8954565.289010596
73966.16767497586,73981.11062249042,14.94294751455891,0,1,0,73966.16767497586
128287.41712272058,128322.30725973126,34.89013701067597,1,1,0,128322.30725973126
3588419.880042036,3588554.3348556943,134.4548136582598,0,1,0,3588419.880042036
74293.52958226226,74308.90646025809,15.376877995833638,0,1,0,74293.52958226226
5032931.654638072,5033047.9605761,116.30593802873045,0,1,0,5032931.654638072
857953.4482020778,857979.5283434925,26.080141414771788,1,1,0,857979.5283434925
1546375.4343229784,1546409.6018884433,34.16756546497345,1,1,0,1546409.6018884433
4946978.462005302,4947144.936253398,166.47424809541553,1,1,0,4947144.936253398
5064724.657256247,5064822.445937787,97.78868154063821,1,1,0,5064822.445937787
190441.1155331657,190449.0361494069,7.92061624120106,1,1,0,190449.0361494069
303416.7383330743,303452.19593583554,35.45760276122019,0,1,0,303416.7383330743
244271.18646336923,244302.5523437858,31.365880416560685,1,1,0,244302.5523437858
3912376.8140218644,3912488.0542999255,111.24027806101367,1,1,0,3912488.0542999255
344630.39621665515,344672.7147232686,42.318506613431964,0,1,0,344630.39621665515
57646.90819950932,57661.65163341155,14.743433902229299,0,1,0,57646.90819950932
8151091.979372842,8151331.341913984,239.3625411419198,0,1,0,8151091.979372842
278731.0403933141,278760.7669923479,29.72659903380554,1,1,0,278760.7669923479
729193.054336941,729275.2525220938,82.19818515283987,0,1,0,729193.054336941
1495724.9919334848,1495840.914183264,115.92224977910519,0,1,0,1495724.9919334848
209369.91814784834,209390.48765415256,20.56950630422216,0,1,0,209369.91814784834
1097625.1657385358,1097717.3895221595,92.22378362365998,0,1,0,1097625.1657385358
8302873.858732726,8303054.539868381,180.68113565444946,1,1,0,8303054.539868381
813446.3916675202,813487.4482360189,41.05656849872321,0,1,0,813446.3916675202
6749905.662706231,6750215.484360565,309.82165433466434,1,1,0,6750215.484360565
3396659.1216773177,3396804.21314281,145.09146549226716,0,1,0,3396659.1216773177
1598176.0004475587,1598293.9528288723,117.95238131354563,0,1,0,1598176.0004475587
1546375.4343229784,1546402.9666723993,27.53234942094423,1,1,0,1546402.9666723993
246477.5002228199,246500.89294638933,23.39272356944275,1,1,0,246500.89294638933
3744182.7553873705,3744299.7050019274,116.94961455697194,0,1,0,3744182.7553873705
18136105.88351695,18136285.273866247,179.3903492987156,1,1,0,18136285.273866247
750712.3814536578,750775.3769355782,62.995481920428574,0,1,0,750712.3814536578
716912.0076669466,716975.9614267097,63.95375976304058,1,1,0,716975.9614267097
16142476.34821393,16142419.32099913,-57.02721479907632,1,1,0,16142419.32099913
847871.7805865989,847949.315572584,77.53498598514125,0,1,0,847871.7805865989
1563225.6622291547,1563274.9226971553,49.2604680005461,1,1,0,1563274.9226971553
658591.290558868,658646.5727928235,55.28223395557143,1,1,0,658646.5727928235
10615232.162147047,10615459.422035437,227.25988839007914,0,1,0,10615232.162147047
6418673.778297663,6418818.123329112,144.34503144957125,1,1,0,6418818.123329112
12780260.198375776,12780397.52304301,137.32466723397374,0,1,0,12780260.198375776
51766.28039870045,51774.49702306783,8.216624367378245,0,1,0,51766.28039870045
892404.197864787,892487.9593908023,83.76152601535432,0,1,0,892404.197864787
6743459.567150459,6743648.356031601,188.78888114262372,0,1,0,6743459.567150459
71354362.37914456,71355168.04554965,805.666405081749,1,1,0,71355168.04554965
330522.72953870264,330512.29721795046,-10.432320752181113,0,1,0,330522.72953870264
2671494.157679522,2671547.0886018174,52.93092229543254,1,1,0,2671547.0886018174
73557585.94548212,73558442.59965582,856.6541737020016,0,1,0,73557585.94548212
977831.881083325,977911.582983191,79.70189986599144,0,1,0,977831.881083325
585368.5946708199,585428.7396546389,60.144983818987384,1,1,0,585428.7396546389
4026220.8206423842,4026270.480517111,49.659874726552516,1,1,0,4026270.480517111
5062129.884637326,5062309.52324907,179.63861174415797,1,1,0,5062309.52324907
6418673.778297663,6418814.591825121,140.81352745834738,1,1,0,6418814.591825121
1875689.3336533802,1875789.730301159,100.39664777880535,0,1,0,1875689.3336533802
557403.996639694,557459.1204307999,55.12379110592883,0,1,0,557403.996639694
141877.76570612966,141898.6164858968,20.850779767148197,1,1,0,141898.6164858968
7262505.909070471,7262747.351658052,241.44258758053184,1,1,0,7262747.351658052
2331084.3004983966,2331148.8037612555,64.50326285883784,0,1,0,2331084.3004983966
1541966.7414974757,1542057.212204691,90.47070721536875,0,1,0,1541966.7414974757
1351550.231685623,1351605.1194735365,54.88778791343793,0,1,0,1351550.231685623
3369967.3249944835,3370154.9265858456,187.60159136215225,0,1,0,3369967.3249944835
697765.5289117917,697819.9543888572,54.425477065495215,0,1,0,697765.5289117917
848335.1267673018,848411.8997207367,76.7729534348473,0,1,0,848335.1267673018
87082154.59149055,87083167.66274613,1013.0712555795908,1,1,0,87083167.66274613
50491357.451323405,50492049.49904192,692.0477185174823,1,1,0,50492049.49904192
480149.34843615216,480177.11046754505,27.762031392892823,0,1,0,480149.34843615216
226432.72782276015,226462.78948950948,30.06166674933047,1,1,0,226462.78948950948
64889.22133754609,64902.95715610206,13.735818555964215,1,1,0,64902.95715610206
1381923.2868618125,1381975.251830768,51.96496895560995,0,1,0,1381923.2868618125
1656708.0884794807,1656764.6318881544,56.5434086737223,1,1,0,1656764.6318881544
9261969.157809157,9262239.702265486,270.5444563291967,0,1,0,9261969.157809157
208489.41734393156,208521.46364937245,32.04630544089014,1,1,0,208521.46364937245
9053401.817717794,9053606.349550085,204.53183229081333,0,1,0,9053401.817717794
12547179.64335476,12547145.268228978,-34.37512578256428,1,1,0,12547145.268228978
1266628.4062894674,1266735.6610377834,107.25474831601605,0,1,0,1266628.4062894674
1207835.131975527,1207845.2780501917,10.146074664779007,1,1,0,1207845.2780501917
1203907.0240311718,1203944.6287201685,37.60468899668194,1,1,0,1203944.6287201685
9009068.180574873,9009097.26274198,29.08216710574925,1,1,0,9009097.26274198
9009068.180574873,9009105.977223396,37.79664852283895,1,1,0,9009105.977223396
4996969.950179521,4997156.456835024,186.5066555030644,0,1,0,4996969.950179521
3847982.6834347625,3848159.4670194355,176.78358467295766,1,1,0,3848159.4670194355
1023654.9991617198,1023748.672510327,93.67334860714618,1,1,0,1023748.672510327
5762139.825437719,5762248.299155033,108.47371731419116,1,1,0,5762248.299155033
55464697.173974074,55465184.03333111,486.8593570366502,0,1,0,55464697.173974074
727558.0228634931,727571.486407524,13.463544030906633,0,1,0,727558.0228634931
25615.498348363304,25625.786969240078,10.288620876774075,0,1,0,25615.498348363304
622920.6365021671,622963.4109038282,42.77440166112501,0,1,0,622920.6365021671
772484.1382946647,772515.680508064,31.54221339931246,1,1,0,772515.680508064
4569440.014474772,4569453.773546193,13.759071420878172,0,1,0,4569440.014474772
5204027.1388665065,5204059.705920004,32.56705349776894,0,1,0,5204027.1388665065
1058085.8852486974,1058153.2356420485,67.35039335116744,0,1,0,1058085.8852486974
1323834.5555094294,1323908.754424473,74.19891504361294,0,1,0,1323834.5555094294
485658.0759866033,485712.50451333565,54.42852673237212,0,1,0,485658.0759866033
18832226.203856435,18832467.774275582,241.57041914761066,1,1,0,18832467.774275582
4672251.772108818,4672355.813976175,104.04186735674739,0,1,0,4672251.772108818
958344.2751426427,958392.9525636759,48.677421033266,0,1,0,958344.2751426427
210527.60844440912,210552.9887859101,25.38034150097519,1,1,0,210552.9887859101
208489.41734393156,208524.79228022962,35.374936298059765,1,1,0,208524.79228022962
321945.96354026685,321982.3561378399,36.392597573052626,1,1,0,321982.3561378399
417793.1975898323,417856.52486850985,63.32727867754875,0,1,0,417793.1975898323
106347.35517988839,106373.49184252309,26.13666263470077,0,1,0,106347.35517988839
14851905.397995414,14852304.578220058,399.1802246440202,0,1,0,14851905.397995414
505635.0293831093,505637.34542707383,2.3160439645289443,1,1,0,505637.34542707383
8605830.666446242,8606022.08917346,191.42272721789777,1,1,0,8606022.08917346
1865216.675180399,1865337.4648019297,120.78962153056636,0,1,0,1865216.675180399
603340.1087191155,603383.686936137,43.578217021538876,1,1,0,603383.686936137
3308808.053273834,3308952.0652172407,144.01194340689108,0,1,0,3308808.053273834
3434239.499741499,3434314.6590231154,75.15928161656484,1,1,0,3434314.6590231154
6137738.923402802,6138008.292475636,269.3690728340298,0,1,0,6137738.923402802
131032.49230534109,131066.74141326573,34.24910792463925,1,1,0,131066.74141326573
29222551.020591423,29223047.651547797,496.6309563741088,1,1,0,29223047.651547797
839734.2204658395,839773.7045009729,39.48403513338417,1,1,0,839773.7045009729
10753432.679771453,10753618.655629484,185.97585803084075,0,1,0,10753432.679771453
827922.5463209351,827951.4753507863,28.929029851220548,1,1,0,827951.4753507863
344630.39621665515,344669.8213509038,39.42513424862409,0,1,0,344630.39621665515
378441.4424409296,378467.5187783954,26.07633746578358,0,1,0,378441.4424409296
5539966.703701163,5540086.397372533,119.69367136992514,1,1,0,5540086.397372533
231523.73750709067,231566.87242974856,43.13492265788955,0,1,0,231523.73750709067
4313412.746343347,4313572.159027815,159.41268446762115,0,1,0,4313412.746343347
2720773.1330530187,2720779.784915548,6.651862529106438,1,1,0,2720779.784915548
104332.32990582053,104353.17432218589,20.84441636536212,1,1,0,104353.17432218589
877596.8530442578,877660.9473929361,64.09434867824893,1,1,0,877660.9473929361
304624.5451172913,304676.86749676807,52.32237947679823,0,1,0,304624.5451172913
11023186.761196494,11023336.357808065,149.5966115705669,1,1,0,11023336.357808065
208489.41734393156,208527.0195673086,37.602223377034534,1,1,0,208527.0195673086
143397.80670130212,143418.5108554688,20.70415416668402,1,1,0,143418.5108554688
8954391.253223268,8954583.905510893,192.65228762477636,1,1,0,8954583.905510893
345978.3799052984,345976.8258103352,-1.5540949631831609,0,1,0,345978.3799052984
1282212.8368828252,1282290.3232850197,77.48640219448134,0,1,0,1282212.8368828252
18832226.203856435,18832461.00320526,234.79934882372618,1,1,0,18832461.00320526
1023162.4888987541,1023152.5595663318,-9.929332422325388,1,1,0,1023152.5595663318
2735603.9828590783,2735607.8623046926,3.8794456142932177,1,1,0,2735607.8623046926
4672251.772108818,4672355.507428166,103.73531934805214,0,1,0,4672251.772108818
448460.24132450164,448447.73170820955,-12.509616292081773,0,1,0,448460.24132450164
4102174.2322281725,4102342.49165662,168.2594284475781,0,1,0,4102174.2322281725
1036195.9052392339,1036258.9719220836,63.06668284977786,0,1,0,1036195.9052392339
5062129.884637326,5062304.813885115,174.9292477890849,1,1,0,5062304.813885115
5452030.376131189,5452251.229891133,220.8537599435076,1,1,0,5452251.229891133
1536309.656775106,1536391.5080584148,81.85128330881707,1,1,0,1536391.5080584148
3912376.8140218644,3912483.6743162153,106.86029435088858,1,1,0,3912483.6743162153
1376083.2280449374,1376143.8450752476,60.6170303102117,1,1,0,1376143.8450752476
958344.2751426427,958385.2279251498,40.95278250717092,0,1,0,958344.2751426427
1822872.9967008675,1822979.6385627459,106.64186187833548,0,1,0,1822872.9967008675
745207.949757806,745264.3002443202,56.35048651415855,1,1,0,745264.3002443202
765840.2459430216,765824.4276398395,-15.818303182139061,1,1,0,765824.4276398395
8605830.666446242,8606062.17524208,231.5087958369404,1,1,0,8606062.17524208
16945967.904154036,16946338.87819714,370.9740431047976,0,1,0,16945967.904154036
1865216.675180399,1865342.1254706727,125.45029027364217,0,1,0,1865216.675180399
808379.2503040457,808450.5207295073,71.27042546158191,0,1,0,808379.2503040457
159751.27052301558,159780.06514465384,28.794621638255194,1,1,0,159780.06514465384
2285308.1498761126,2285384.7890727646,76.63919665198773,1,1,0,2285384.7890727646
159751.27052301558,159782.3359488229,31.065425807319116,1,1,0,159782.3359488229
9261969.157809157,9262222.53565468,253.37784552387893,0,1,0,9261969.157809157
500201.74121300003,500221.1608644521,19.41965145204449,1,1,0,500221.1608644521
837258.492534493,837341.9419296191,83.44939512608107,1,1,0,837341.9419296191
417793.1975898323,417843.4292033875,50.23161355522461,0,1,0,417793.1975898323
115474675.43179981,115475258.82715905,583.3953592330217,0,1,0,115474675.43179981
2422591.3953044866,2422542.0513166604,-49.343987826257944,0,1,0,2422591.3953044866
1275862.984669952,1275935.6267948,72.64212484797463,0,1,0,1275862.984669952
358617.4844571371,358654.2299908057,36.745533668552525,1,1,0,358654.2299908057
358617.4844571371,358654.34560606035,36.86114892322803,1,1,0,358654.34560606035
2474176.223907786,2474277.6982256845,101.47431789850816,1,1,0,2474277.6982256845
827922.5463209351,827957.5520951374,35.00577420229092,1,1,0,827957.5520951374
15240459.766304024,15240701.345084932,241.57878090813756,0,1,0,15240459.766304024
15995590.380903285,15995982.48826549,392.10736220516264,0,1,0,15995590.380903285
10329396.377408754,10329577.342824746,180.96541599184275,1,1,0,10329577.342824746
956834.1005823506,956895.6164201902,61.51583783957176,1,1,0,956895.6164201902
869135.7452143782,869136.5541265778,0.80891219957266,1,1,0,869136.5541265778
96967.17098822602,96987.04594371121,19.87495548519655,1,1,0,96987.04594371121
62389292.437461406,62390020.06376316,727.6263017505407,1,1,0,62390020.06376316
229375.62433883108,229412.08931173864,36.46497290756088,1,1,0,229412.08931173864
229375.62433883108,229417.66941719977,42.04507836868288,1,1,0,229417.66941719977
6418673.778297663,6418838.078454708,164.3001570450142,1,1,0,6418838.078454708
7844340.877169891,7844540.015572546,199.1384026547894,1,1,0,7844540.015572546
346247.4032302296,346303.4193561458,56.016125916154124,1,1,0,346303.4193561458
209369.91814784834,209396.6156228371,26.697474988759495,0,1,0,209369.91814784834
252013.05452287509,252050.1338754097,37.079352534608915,1,1,0,252050.1338754097
2474176.223907786,2474271.4959231364,95.27201535040513,1,1,0,2474271.4959231364
417793.1975898323,417849.6718071304,56.47421729809139,1,1,0,417849.6718071304
10713722.137815552,10713912.63612466,190.49830910749733,0,1,0,10713722.137815552
7807.629659521402,7812.285515996206,4.65585647480475,1,1,0,7812.285515996206
2536371.36190086,2536502.4458435383,131.08394267829135,0,1,0,2536371.36190086
8586157.492501678,8586432.423325809,274.93082413077354,1,1,0,8586432.423325809
73557585.94548212,73558503.2796191,917.3341369777918,0,1,0,73557585.94548212
665220.4480806327,665245.5642305134,25.1161498806905,1,1,0,665245.5642305134
8479014.152744133,8479288.345615055,274.19287092238665,0,1,0,8479014.152744133
115474675.43179981,115475169.01202652,493.58022670447826,0,1,0,115474675.43179981
8605830.666446242,8606068.360365175,237.69391893222928,1,1,0,8606068.360365175
3023575.6087595387,3023725.693737482,150.0849779434502,0,1,0,3023575.6087595387
43531.92772688013,43544.32334098827,12.395614108136215,0,1,0,43531.92772688013
1036435.5005440813,1036527.5791639197,92.078619838343,0,1,0,1036435.5005440813
1688815.3479957532,1688922.7034959118,107.355500158621,1,1,0,1688922.7034959118
1136722.8803715664,1136794.0870120577,71.20664049126208,1,1,0,1136794.0870120577
1068098.8974435492,1068152.3175318677,53.4200883184094,0,1,0,1068098.8974435492
6881966.102418847,6882190.344086913,224.24166806600988,0,1,0,6881966.102418847
26760882.45029559,26760953.605311353,71.15501576289535,1,1,0,26760953.605311353
8752169.209834285,8752315.586995687,146.3771614022553,0,1,0,8752169.209834285
14963045.83630955,14963358.588891272,312.75258172117174,1,1,0,14963358.588891272
485968.6566888086,485998.527910167,29.87122135842219,1,1,0,485998.527910167
1097625.1657385358,1097714.7719383335,89.60619979770854,0,1,0,1097625.1657385358
344630.39621665515,344675.1944021352,44.798185480060056,0,1,0,344630.39621665515
2538430.5795847196,2538547.0115236873,116.43193896766752,1,1,0,2538547.0115236873
2299768.9631226896,2299779.4032389377,10.440116248093545,0,1,0,2299768.9631226896
3696291.842546434,3696392.7076213174,100.86507488321513,0,1,0,3696291.842546434
1317559.8390598523,1317607.5778417815,47.738781929248944,1,1,0,1317607.5778417815
7635916.430636806,7636201.322855994,284.8922191876918,0,1,0,7635916.430636806
13464290.526900984,13464530.506287709,239.97938672453165,1,1,0,13464530.506287709
509093.49435175816,509124.5871258137,31.092774055548944,0,1,0,509093.49435175816
5925319.265898995,5925440.50528746,121.23938846495003,1,1,0,5925440.50528746
89289.63735968676,89300.34011055746,10.702750870696036,0,1,0,89289.63735968676
3434239.499741499,3434342.907027508,103.4072860092856,1,1,0,3434342.907027508
2536371.36190086,2536517.332826367,145.9709255071357,0,1,0,2536371.36190086
557403.996639694,557479.5815690716,75.5849293776555,0,1,0,557403.996639694
3588419.880042036,3588550.3199704946,130.4399284585379,0,1,0,3588419.880042036
5241011.535061381,5241171.385901417,159.85084003582597,1,1,0,5241171.385901417
4473199.5163095435,4473361.313255936,161.7969463923946,1,1,0,4473361.313255936
278731.0403933141,278773.2526700137,42.212276699603535,1,1,0,278773.2526700137
8075314.9467557175,8075510.014993484,195.0682377666235,1,1,0,8075510.014993484
1661193.151901767,1661277.1278834136,83.97598164668307,1,1,0,1661277.1278834136
4123960.8068271712,4124122.4965308383,161.68970366707072,1,1,0,4124122.4965308383
4569440.014474772,4569456.7691474985,16.754672726616263,0,1,0,4569440.014474772
346247.4032302296,346298.36058842845,50.957358198822476,1,1,0,346298.36058842845
1023654.9991617198,1023749.8087711754,94.80960945563857,0,1,0,1023654.9991617198
10681598.53702642,10681881.13337963,282.5963532105088,0,1,0,10681598.53702642
776229.1366906383,776316.3964309198,87.25974028150085,1,1,0,776316.3964309198
252013.05452287509,252055.9614669499,42.90694407481351,1,1,0,252055.9614669499
727558.0228634931,727559.9614656793,1.9386021862737834,0,1,0,727558.0228634931
18832226.203856435,18832482.03241729,255.82856085523963,0,1,0,18832226.203856435
1016158.3063639353,1016248.650077113,90.34371317760088,1,1,0,1016248.650077113
1197094.166977709,1197160.986392219,66.81941451015882,1,1,0,1197160.986392219
29222551.020591423,29222949.764134612,398.74354318901896,0,1,0,29222551.020591423
557403.996639694,557467.9977589368,64.00111924286466,0,1,0,557403.996639694
8605830.666446242,8606074.698558692,244.03211244940758,1,1,0,8606074.698558692
4880653.444225869,4880793.5871354,140.14290953055024,0,1,0,4880653.444225869
5452030.376131189,5452266.082490997,235.70635980833322,1,1,0,5452266.082490997
184720.2824123917,184724.96209302766,4.679680635948898,0,1,0,184720.2824123917
73383.22460362459,73398.89716337666,15.67255975207081,1,1,0,73398.89716337666
463297.2274929145,463367.65481782285,70.42732490837807,1,1,0,463367.65481782285
2474176.223907786,2474254.651999869,78.4280920829624,1,1,0,2474254.651999869
897267.1000342931,897289.4456999239,22.345665630768053,0,1,0,897267.1000342931
727558.0228634931,727569.0811588725,11.058295379392803,0,1,0,727558.0228634931
3283729.5827306174,3283916.016835064,186.4341044467874,1,1,0,3283916.016835064
6545801.794917186,6546017.547223777,215.75230659078807,0,1,0,6545801.794917186
8954391.253223268,8954568.915777404,177.6625541355461,1,1,0,8954568.915777404
1541966.7414974757,1542040.336795851,73.59529837523587,1,1,0,1542040.336795851
1840959.8609375819,1841005.814341057,45.9534034752287,0,1,0,1840959.8609375819
953850.1498512649,953846.7419750778,-3.4078761871205643,0,1,0,953850.1498512649
5064724.657256247,5064807.02704288,82.36978663317859,1,1,0,5064807.02704288
897267.1000342931,897280.8514715061,13.75143721292261,1,1,0,897280.8514715061
228383.38374819365,228405.35470871284,21.970960519189248,0,1,0,228383.38374819365
553199.9642455443,553236.6509061962,36.68666065193247,0,1,0,553199.9642455443
228383.38374819365,228409.69140632456,26.307658130914206,0,1,0,228383.38374819365
288196.10653092293,288229.34448973514,33.23795881221304,1,1,0,288229.34448973514
3768977.678170482,3768971.6800151095,-5.998155372682959,1,1,0,3768971.6800151095
24038.34722782521,24036.85417708874,-1.4930507364697405,1,1,0,24036.85417708874
745207.949757806,745277.059973096,69.1102152899839,0,1,0,745207.949757806
3303913.5029092655,3303925.8254050165,12.322495751082897,0,1,0,3303913.5029092655
764282.5472246957,764304.8476926166,22.30046792095527,0,1,0,764282.5472246957
128287.41712272058,128314.20625449235,26.7891317717731,1,1,0,128314.20625449235
3308808.053273834,3308972.1084552626,164.0551814287901,0,1,0,3308808.053273834
62389292.437461406,62390100.052509576,807.6150481700897,1,1,0,62390100.052509576
6418673.778297663,6418841.036588855,167.25829119235277,1,1,0,6418841.036588855
485968.6566888086,486004.6199623049,35.96327349630883,1,1,0,486004.6199623049
2529364.595708025,2529528.0320414817,163.43633345654234,1,1,0,2529528.0320414817
56418645.68427123,56418632.9685974,-12.715673834085464,0,1,0,56418645.68427123
1441571.662447081,1441663.6222403743,91.95979329338297,0,1,0,1441571.662447081
128826.74302523359,128836.4491856742,9.706160440604435,1,1,0,128836.4491856742
453639.64193600364,453682.5365538592,42.89461785554886,0,1,0,453639.64193600364
73966.16767497586,73982.01085316057,15.843178184702992,0,1,0,73966.16767497586
892404.197864787,892479.406337693,75.20847290602978,0,1,0,892404.197864787
15108983.99869042,15109155.49344597,171.49475554935634,1,1,0,15109155.49344597
26760882.45029559,26760978.40971205,95.95941646024585,1,1,0,26760978.40971205
322223.1419589453,322253.31954210956,30.177583164244425,1,1,0,322253.31954210956
83695.71604461971,83708.58165392169,12.865609301981749,1,1,0,83708.58165392169
1833909.0521912493,1834007.6828219374,98.63063068804331,0,1,0,1833909.0521912493
5241011.535061381,5241157.435609764,145.90054838359356,1,1,0,5241157.435609764
303416.7383330743,303445.515955511,28.77762243669713,0,1,0,303416.7383330743
5408579.412974305,5408722.94109229,143.5281179845333,1,1,0,5408722.94109229
505635.0293831093,505628.09271857847,-6.936664530832786,1,1,0,505628.09271857847
18261271.01981089,18261624.468212746,353.4484018571675,0,1,0,18261271.01981089
1973503.8758253946,1973623.0831310377,119.20730564300902,0,1,0,1973503.8758253946
1295858.0874203388,1295913.926079742,55.838659403147176,1,1,0,1295913.926079742
1203907.0240311718,1203968.9147274576,61.89069628575817,1,1,0,1203968.9147274576
143397.80670130212,143423.16764854803,25.360947245906573,1,1,0,143423.16764854803
1047750.7149074771,1047816.4067649295,65.69185745238792,0,1,0,1047750.7149074771
788281.9966175453,788359.0766610337,77.08004348841496,0,1,0,788281.9966175453
352557.6165754301,352605.3712372681,47.754661838000175,1,1,0,352605.3712372681
1692722.1104410996,1692823.051523402,100.94108230248094,1,1,0,1692823.051523402
585368.5946708199,585436.1268787609,67.53220794093795,0,1,0,585368.5946708199
168473.11384030466,168510.00459351085,36.890753206185764,0,1,0,168473.11384030466
25692355.381078765,25692626.846518196,271.4654394313693,0,1,0,25692355.381078765
64889.22133754609,64901.41741679118,12.196079245084547,1,1,0,64901.41741679118
314336.0104231434,314362.1585744934,26.148151350033004,0,1,0,314336.0104231434
877596.8530442578,877661.8405844495,64.98754019162152,1,1,0,877661.8405844495
557160.69466777,557212.3350604568,51.64039268682245,1,1,0,557212.3350604568
322223.1419589453,322264.3966372697,41.254678324388806,1,1,0,322264.3966372697
1194718.1911450252,1194774.7313116966,56.54016667138785,0,1,0,1194718.1911450252
46505.470330402524,46500.73543797086,-4.734892431661137,1,1,0,46500.73543797086
727558.0228634931,727571.2296764744,13.206812981283292,0,1,0,727558.0228634931
29222551.020591423,29222918.099686958,367.0790955349803,1,1,0,29222918.099686958
4102174.2322281725,4102327.350717096,153.1184889236465,0,1,0,4102174.2322281725
1320728.2988037765,1320735.476281116,7.1774773395154625,0,1,0,1320728.2988037765
1023654.9991617198,1023756.0616708621,101.06250914232805,0,1,0,1023654.9991617198
745207.949757806,745275.9707254033,68.02096759725828,1,1,0,745275.9707254033
640849.8815272612,640923.6557873175,73.77426005632151,0,1,0,640849.8815272612
1457967.4212666776,1458067.8994345558,100.47816787823103,1,1,0,1458067.8994345558
11722140.734803813,11722393.218563557,252.48375974409282,0,1,0,11722140.734803813
3555873.389357666,3555996.7499795766,123.36062191054225,1,1,0,3555996.7499795766
1207835.131975527,1207837.391144594,2.259169067023322,1,1,0,1207837.391144594
7803938.902313549,7804172.075761136,233.173447586596,0,1,0,7803938.902313549
1495724.9919334848,1495820.874098817,95.88216533209197,0,1,0,1495724.9919334848
206665.50040455983,206670.96226858586,5.461864026030526,1,1,0,206670.96226858586
6818589.736849939,6818840.515305447,250.77845550794154,0,1,0,6818589.736849939
141877.76570612966,141899.2098932273,21.444187097629765,1,1,0,141899.2098932273
55655.11606647748,55662.700408672135,7.584342194655619,0,1,0,55655.11606647748
8954391.253223268,8954627.698129745,236.44490647688508,1,1,0,8954627.698129745
104332.32990582053,104351.31703023092,18.98712441038515,1,1,0,104351.31703023092
622920.6365021671,622944.84438008,24.20787791290786,0,1,0,622920.6365021671
1915519.9963258626,1915585.4273354106,65.43100954801776,0,1,0,1915519.9963258626
500201.74121300003,500236.65936084365,34.91814784362214,1,1,0,500236.65936084365
10753432.679771453,10753619.651217246,186.97144579328597,0,1,0,10753432.679771453
2720773.1330530187,2720768.382466192,-4.7505868268199265,1,1,0,2720768.382466192
2613654.8035987765,2613739.3614113433,84.55781256686896,1,1,0,2613739.3614113433
5339509.742037672,5339468.836244813,-40.905792858451605,0,1,0,5339509.742037672
765840.2459430216,765821.4100114455,-18.835931576089934,0,1,0,765840.2459430216
2933647.5304894857,2933802.2055057865,154.67501630075276,1,1,0,2933802.2055057865
847871.7805865989,847941.625070651,69.84448405203875,0,1,0,847871.7805865989
745720.2629841297,745799.1811320212,78.91814789152704,1,1,0,745799.1811320212
359162.42064649763,359198.76776805095,36.3471215533209,0,1,0,359162.42064649763
2285308.1498761126,2285372.4362607133,64.28638460068032,1,1,0,2285372.4362607133
563470.8148823524,563491.2397980313,20.424915678915568,1,1,0,563491.2397980313
813446.3916675202,813493.2656277685,46.87396024831105,0,1,0,813446.3916675202
6315424.572603809,6315602.352163477,177.77955966815352,1,1,0,6315602.352163477
500201.74121300003,500232.4625077855,30.721294785442296,1,1,0,500232.4625077855
2492497.284461207,2492497.700928606,0.41646739887073636,1,1,0,2492497.700928606
46505.470330402524,46502.72922836395,-2.7411020385770826,1,1,0,46502.72922836395
226432.72782276015,226459.5787612449,26.850938484742073,1,1,0,226459.5787612449
892404.197864787,892481.2344445428,77.03657975583337,0,1,0,892404.197864787
776229.1366906383,776305.5678692823,76.43117864406668,1,1,0,776305.5678692823
11023186.761196494,11023335.271434318,148.51023782417178,1,1,0,11023335.271434318
252013.05452287509,252051.73670813072,38.68218525563134,1,1,0,252051.73670813072
5580716.816691661,5580914.018120421,197.2014287598431,1,1,0,5580914.018120421
485658.0759866033,485702.3238434231,44.247856819827575,1,1,0,485702.3238434231
940814.7458863003,940885.6920218759,70.94613557553384,0,1,0,940814.7458863003
32231.878649484108,32238.692998106595,6.8143486224871594,0,1,0,32231.878649484108
25692355.381078765,25692678.72936882,323.3482900559902,0,1,0,25692355.381078765
977831.881083325,977900.8200657709,68.93898244586308,0,1,0,977831.881083325
2735768.0686973715,2735784.5558459815,16.487148609943688,0,1,0,2735768.0686973715
972233.2565414642,972276.0014408727,42.744899408426136,0,1,0,972233.2565414642
5062129.884637326,5062306.831034445,176.94639711920172,1,1,0,5062306.831034445
488387.15635510045,488439.0201132452,51.86375814472558,0,1,0,488387.15635510045
11092492.727641108,11092810.146837234,317.41919612698257,0,1,0,11092492.727641108
8151091.979372842,8151319.261839009,227.28246616665274,0,1,0,8151091.979372842
16027037.039484648,16027461.978246626,424.93876197747886,1,1,0,16027461.978246626
18640829.15079593,18641173.428706706,344.27791077643633,1,1,0,18641173.428706706
209409779.47501644,209409623.3449447,-156.13007175922394,1,1,0,209409623.3449447
3098711.005350954,3098735.9816476377,24.9762966837734,0,1,0,3098711.005350954
12677880.256750485,12678239.401943898,359.14519341289997,1,1,0,12678239.401943898
488387.15635510045,488440.52352190466,53.367166804207955,0,1,0,488387.15635510045
73966.16767497586,73985.90510005312,19.737425077255466,0,1,0,73966.16767497586
363382.5418187947,363367.0891872511,-15.452631543565076,0,1,0,363382.5418187947
5622931.97593603,5622974.563643602,42.587707571685314,0,1,0,5622931.97593603
231523.73750709067,231573.21281894963,49.475311858957866,0,1,0,231523.73750709067
64231.42592242637,64242.313967649156,10.888045222782239,1,1,0,64242.313967649156
822808.5080977706,822889.830966492,81.32286872132681,1,1,0,822889.830966492
15745495.695766272,15745782.158425037,286.46265876479447,0,1,0,15745495.695766272
13750062.722413579,13750366.372085063,303.6496714837849,0,1,0,13750062.722413579
1128315.197364823,1128397.4007152442,82.20335042127408,0,1,0,1128315.197364823
729193.054336941,729259.6830499944,66.62871305341832,0,1,0,729193.054336941
1275862.984669952,1275954.7011141118,91.71644415985793,0,1,0,1275862.984669952
1320728.2988037765,1320753.5298406247,25.23103684815578,0,1,0,1320728.2988037765
830884.2326671011,830892.0535777551,7.82091065403074,1,1,0,830892.0535777551
3396659.1216773177,3396792.7862416143,133.6645642966032,0,1,0,3396659.1216773177
218516.57951305184,218534.1010274767,17.521514424850466,1,1,0,218534.1010274767
764282.5472246957,764307.9639100509,25.416685355245136,0,1,0,764282.5472246957
2666777.8768750248,2666898.4147917028,120.53791667800397,1,1,0,2666898.4147917028
346034.3525447402,346066.8570249111,32.50448017090093,1,1,0,346066.8570249111
958344.2751426427,958392.5310648112,48.25592216849327,0,1,0,958344.2751426427
5186102.853918638,5186271.292059704,168.4381410656497,0,1,0,5186102.853918638
7262505.909070471,7262751.817845557,245.90877508558333,1,1,0,7262751.817845557
5186102.853918638,5186262.361602455,159.50768381729722,0,1,0,5186102.853918638
270228.08370277245,270271.89326462965,43.80956185719697,1,1,0,270271.89326462965
11133860.357771315,11134149.000282744,288.64251142926514,1,1,0,11134149.000282744
1351550.231685623,1351615.2383289968,65.00664337375201,0,1,0,1351550.231685623
85179.0353196006,85196.36110828903,17.325788688423927,1,1,0,85196.36110828903
10615232.162147047,10615450.342685109,218.18053806200624,0,1,0,10615232.162147047
1207835.131975527,1207830.0062997083,-5.125675818650052,1,1,0,1207830.0062997083
3333185.540455103,3333330.353088669,144.8126335660927,0,1,0,3333185.540455103
358617.4844571371,358635.6920032038,18.20754606666742,1,1,0,358635.6920032038
7211805.783904289,7212051.522222533,245.7383182439953,0,1,0,7211805.783904289
1007463.4510234176,1007542.6066094497,79.15558603208046,1,1,0,1007542.6066094497
622920.6365021671,622955.5304245966,34.89392242953181,0,1,0,622920.6365021671
10950523.461304298,10950783.13983416,259.67852986231446,0,1,0,10950523.461304298
2660122.6119231414,2660174.2471999396,51.635276798158884,0,1,0,2660122.6119231414
6974419.406856188,6974561.541875859,142.1350196711719,0,1,0,6974419.406856188
1093127.0569307755,1093216.164756124,89.10782534838654,1,1,0,1093216.164756124
126040497.34316106,126041530.39431432,1033.0511532574892,1,1,0,126041530.39431432
729193.054336941,729272.0073019915,78.95296505047008,0,1,0,729193.054336941
5994690.381306537,5994929.067019038,238.68571250047535,0,1,0,5994690.381306537
2613654.8035987765,2613723.852674521,69.04907574458048,0,1,0,2613654.8035987765
359162.42064649763,359199.043550669,36.622904171352275,0,1,0,359162.42064649763
32231.878649484108,32238.00720347957,6.1285539954624255,0,1,0,32231.878649484108
1912309.9256228476,1912321.08407429,11.158451442373917,1,1,0,1912321.08407429
591274.0227204594,591273.6493905726,-0.37332988681737334,1,1,0,591273.6493905726
2097571.41903134,2097660.0544837625,88.63545242231339,0,1,0,2097571.41903134
3949608.8918481655,3949575.5751777696,-33.316670395899564,0,1,0,3949608.8918481655
2666777.8768750248,2666887.0515103564,109.17463533161208,1,1,0,2666887.0515103564
11133860.357771315,11134177.572308974,317.21453765966,0,1,0,11133860.357771315
188776.47087672603,188808.43089628284,31.96001955680549,0,1,0,188776.47087672603
2900698.744359983,2900867.094167157,168.349807173945,1,1,0,2900867.094167157
3283729.5827306174,3283882.323858203,152.74112758552656,0,1,0,3283729.5827306174
4181973.138940897,4182042.80417022,69.66522932332009,1,1,0,4182042.80417022
675412.6365760632,675409.8348871472,-2.8016889160498977,1,1,0,675409.8348871472
716912.0076669466,716976.2352550842,64.22758813761175,1,1,0,716976.2352550842
8075314.9467557175,8075476.449510628,161.50275491084903,0,1,0,8075314.9467557175
12923644.440947073,12923956.831953432,312.3910063598305,0,1,0,12923644.440947073
1187614.1943890834,1187647.5126761645,33.318287081085145,0,1,0,1187614.1943890834
16142476.34821393,16142443.151340168,-33.196873761713505,1,1,0,16142443.151340168
7635916.430636806,7636181.254013315,264.82337650842965,1,1,0,7636181.254013315
406030.7043884612,406084.88664691494,54.182258453744,1,1,0,406084.88664691494
1023162.4888987541,1023152.0575161299,-10.431382624199614,1,1,0,1023152.0575161299
4083794.525655386,4083791.5272779455,-2.998377440497279,0,1,0,4083794.525655386
493835.05221289245,493859.64067273965,24.58845984720392,1,1,0,493859.64067273965
5994690.381306537,5994900.771785028,210.39047849085182,0,1,0,5994690.381306537
2745785.3203164386,2745920.2721037646,134.95178732601926,0,1,0,2745785.3203164386
10713722.137815552,10713922.269002598,200.13118704594672,0,1,0,10713722.137815552
346247.4032302296,346300.9457317335,53.54250150389271,1,1,0,346300.9457317335
10160483.823229413,10160653.681806058,169.858576644212,0,1,0,10160483.823229413
128287.41712272058,128312.57746266338,25.1603399427986,1,1,0,128312.57746266338
1847818.0306055099,1847889.8299972888,71.79939177888446,1,1,0,1847889.8299972888
3696291.842546434,3696364.088969052,72.24642261769623,0,1,0,3696291.842546434
3303913.5029092655,3303889.1973752454,-24.30553402006626,0,1,0,3303913.5029092655
1317559.8390598523,1317621.580154069,61.74109421670437,1,1,0,1317621.580154069
57347.75620794325,57357.87596945473,10.119761511487013,1,1,0,57357.87596945473
94122.05293571614,94148.75370050354,26.70076478739793,0,1,0,94122.05293571614
958344.2751426427,958397.7347313045,53.459588661789894,0,1,0,958344.2751426427
55655.11606647748,55663.295181038746,8.179114561266033,0,1,0,55655.11606647748
7298310.738218909,7298572.563555366,261.82533645723015,1,1,0,7298572.563555366
67402496.36884588,67403358.39163208,862.0227862000465,1,1,0,67403358.39163208
837258.492534493,837339.2542603583,80.76172586530447,1,1,0,837339.2542603583
111840.89129113163,111861.72876127453,20.837470142898383,0,1,0,111840.89129113163
62389292.437461406,62390014.25166116,721.8141997531056,1,1,0,62390014.25166116
206665.50040455983,206661.51309132506,-3.987313234771136,1,1,0,206661.51309132506
622920.6365021671,622959.8096445136,39.173142346553504,0,1,0,622920.6365021671
600886.3911490919,600882.166040873,-4.22510821884498,0,1,0,600886.3911490919
3544288.316713967,3544454.0530863754,165.7363724084571,1,1,0,3544454.0530863754
330522.72953870264,330518.891131943,-3.838406759663485,0,1,0,330522.72953870264
750712.3814536578,750774.2845033283,61.90304967050906,0,1,0,750712.3814536578
252013.05452287509,252059.59020206108,46.53567918599583,1,1,0,252059.59020206108
47228.480858625044,47241.93400031968,13.453141694633814,0,1,0,47228.480858625044
1584898.7601277025,1584951.190860361,52.43073265859857,1,1,0,1584951.190860361
31668.213321512576,31684.025724761043,15.81240324846658,1,1,0,31684.025724761043
4818590.949920602,4818788.627532527,197.6776119247079,0,1,0,4818590.949920602
1282212.8368828252,1282286.7370605366,73.9001777113881,0,1,0,1282212.8368828252
96967.17098822602,96986.88196581877,19.710977592752897,1,1,0,96986.88196581877
11377672.495031105,11377970.35156291,297.8565318044275,1,1,0,11377970.35156291
6749905.662706231,6750179.962202297,274.2994960658252,0,1,0,6749905.662706231
24048926.121432032,24049297.04992118,370.9284891486168,0,1,0,24048926.121432032
387553.0629193628,387586.701538699,33.63861933618318,1,1,0,387586.701538699
4055070.806936847,4055190.50325762,119.69632077310234,1,1,0,4055190.50325762
17550089.65454335,17550121.443452086,31.78890873491764,0,1,0,17550089.65454335
18640829.15079593,18641096.911886055,267.7610901258886,1,1,0,18641096.911886055
361338.9393590597,361380.7876893112,41.848330251523294,1,1,0,361380.7876893112
3806815.3492183303,3806884.055388234,68.70616990374401,1,1,0,3806884.055388234
128287.41712272058,128319.67818934341,32.261066622828366,1,1,0,128319.67818934341
206665.50040455983,206655.7511958392,-9.74920872063376,1,1,0,206655.7511958392
4880653.444225869,4880788.806720119,135.36249424982816,1,1,0,4880788.806720119
3847982.6834347625,3848145.6875034864,163.00406872387975,0,1,0,3847982.6834347625
251866.99430029973,251911.4900747732,44.4957744734711,0,1,0,251866.99430029973
4313412.746343347,4313639.199709332,226.4533659843728,1,1,0,4313639.199709332
814630.8183530117,814681.6425006553,50.82414764352143,0,1,0,814630.8183530117
655395.6450555575,655379.0575520528,-16.587503504706547,0,1,0,655395.6450555575
219236.16556815492,219249.9593514194,13.793783264496597,1,1,0,219249.9593514194
463297.2274929145,463359.7465281836,62.51903526909882,1,1,0,463359.7465281836
729193.054336941,729266.4210045426,73.36666760162916,0,1,0,729193.054336941
2855072.0181997186,2855234.1160208555,162.09782113693655,0,1,0,2855072.0181997186
5267397.917790059,5267616.072726012,218.1549359532073,0,1,0,5267397.917790059
1821582.9237183747,1821676.8235186576,93.89980028290302,1,1,0,1821676.8235186576
25615.498348363304,25627.248544116133,11.750195752829313,1,1,0,25627.248544116133
1113629.9438749468,1113702.6906399953,72.74676504847594,1,1,0,1113702.6906399953
4569440.014474772,4569424.545820915,-15.468653856776655,0,1,0,4569440.014474772
953850.1498512649,953844.7695754886,-5.380275776260532,0,1,0,953850.1498512649
7613533.53877687,7613760.057954615,226.51917774509639,0,1,0,7613533.53877687
8970744.4865961,8971024.396558773,279.9099626727402,0,1,0,8970744.4865961
2491099.527741081,2491191.43394977,91.9062086888589,1,1,0,2491191.43394977
591274.0227204594,591267.8496725364,-6.173047923017293,0,1,0,591274.0227204594
303416.7383330743,303440.00075003976,23.262416965444572,0,1,0,303416.7383330743
18136105.88351695,18136206.688447382,100.80493043363094,0,1,0,18136105.88351695
16142476.34821393,16142431.311034046,-45.03717988356948,1,1,0,16142431.311034046
1036435.5005440813,1036526.1088099722,90.60826589085627,0,1,0,1036435.5005440813
361338.9393590597,361378.8710656159,39.93170655623544,1,1,0,361378.8710656159
111840.89129113163,111861.81689603452,20.92560490289179,0,1,0,111840.89129113163
1784916.1237034977,1785023.9110180705,107.7873145728372,1,1,0,1785023.9110180705
7792159.222460343,7792306.672228722,147.44976837933064,1,1,0,7792306.672228722
6508378.248619787,6508623.755804815,245.5071850279346,1,1,0,6508623.755804815
336499.631565286,336529.38899227884,29.757426992815454,1,1,0,336529.38899227884
674378.2538219108,674412.3755536126,34.12173170177266,0,1,0,674378.2538219108
1915519.9963258626,1915566.9814666712,46.98514080862515,0,1,0,1915519.9963258626
1113629.9438749468,1113693.7769408503,63.83306590351276,1,1,0,1113693.7769408503
5408579.412974305,5408702.301617517,122.88864321168512,1,1,0,5408702.301617517
827922.5463209351,827967.98027521,45.433954274863936,1,1,0,827967.98027521
1376083.2280449374,1376145.3530056775,62.12496074009687,1,1,0,1376145.3530056775
7635916.430636806,7636176.192790878,259.7621540715918,0,1,0,7635916.430636806
7844340.877169891,7844569.810081246,228.93291135504842,1,1,0,7844569.810081246
288546.4900829719,288579.93435152195,33.4442685500253,0,1,0,288546.4900829719
2638739.009628037,2638887.060085297,148.05045726010576,1,1,0,2638887.060085297
7211805.783904289,7212036.026872417,230.24296812806278,0,1,0,7211805.783904289
1036195.9052392339,1036273.4462093391,77.54097010521218,0,1,0,1036195.9052392339
2680034.264666479,2680055.268005401,21.003338921815157,0,1,0,2680034.264666479
553199.9642455443,553248.3296953004,48.365449756151065,0,1,0,553199.9642455443
7613533.53877687,7613757.082372507,223.5435956371948,0,1,0,7613533.53877687
271261.56384734716,271306.8441166903,45.280269343114924,0,1,0,271261.56384734716
148937.9423668604,148968.70377552405,30.761408663645852,0,1,0,148937.9423668604
257622.0217765094,257660.7843069769,38.76253046747297,0,1,0,257622.0217765094
6418673.778297663,6418825.308323636,151.53002597298473,1,1,0,6418825.308323636
2311697.886006038,2311693.079236228,-4.806769810151309,0,1,0,2311697.886006038
2832999.772683674,2833151.3900612122,151.617377538234,0,1,0,2832999.772683674
101897.88252210115,101913.24308581314,15.360563711990835,1,1,0,101913.24308581314
137441.16501623308,137464.88674242745,23.721726194373332,1,1,0,137464.88674242745
137441.16501623308,137472.95354201115,31.788525778072653,1,1,0,137472.95354201115
314336.0104231434,314363.6857500609,27.675326917495113,1,1,0,314363.6857500609
1935007.1763858767,1935085.3809024263,78.2045165495947,1,1,0,1935085.3809024263
67402496.36884588,67403345.46564548,849.0967995971441,1,1,0,67403345.46564548
8715341.999473402,8715590.024238063,248.02476466074586,0,1,0,8715341.999473402
7298310.738218909,7298529.835235544,219.09701663441956,1,1,0,7298529.835235544
3894903.960935407,3895077.561117986,173.60018257936463,1,1,0,3895077.561117986
1732515.28563052,1732600.3178504442,85.03221992426552,0,1,0,1732515.28563052
321945.96354026685,321988.87277632474,42.909236057894304,1,1,0,321988.87277632474
5408579.412974305,5408707.903201903,128.49022759776562,1,1,0,5408707.903201903
1113629.9438749468,1113692.2817287494,62.337853802600875,1,1,0,1113692.2817287494
2671494.157679522,2671509.4163070223,15.258627500385046,1,1,0,2671509.4163070223
6797015.160596746,6797234.3351217685,219.1745250225067,1,1,0,6797234.3351217685
9009068.180574873,9009098.950024907,30.769450033083558,1,1,0,9009098.950024907
358194.08558782935,358200.0607595639,5.9751717345207,1,1,0,358200.0607595639
2671494.157679522,2671534.8707186636,40.71303914161399,1,1,0,2671534.8707186636
670039.1966505141,670077.2947183272,38.098067813087255,1,1,0,670077.2947183272
2832999.772683674,2833158.740747496,158.96806382201612,0,1,0,2832999.772683674
14851905.397995414,14852283.764990186,378.3669947721064,1,1,0,14852283.764990186
4556696.424357577,4556699.657168866,3.232811288908124,0,1,0,4556696.424357577
252013.05452287509,252055.17794821167,42.12342533658375,1,1,0,252055.17794821167
228383.38374819365,228406.79919794883,23.415449755178997,0,1,0,228383.38374819365
1943651.7492579352,1943727.4998009554,75.75054302019998,1,1,0,1943727.4998009554
670039.1966505141,670092.7381555066,53.54150499240495,1,1,0,670092.7381555066
2765322.901718614,2765324.0774508603,1.1757322461344302,0,1,0,2765322.901718614
317168.26630533405,317158.74242228037,-9.523883053683676,0,1,0,317168.26630533405
1093127.0569307755,1093220.8593824594,93.80245168390684,1,1,0,1093220.8593824594
612765.4293915267,612798.8380173603,33.40862583357375,0,1,0,612765.4293915267
987904.3090745586,987965.194633617,60.88555905839894,1,1,0,987965.194633617
1068098.8974435492,1068153.782335267,54.8848917176947,0,1,0,1068098.8974435492
30693.293477189567,30703.829558682177,10.53608149260981,1,1,0,30703.829558682177
1093127.0569307755,1093207.5652440225,80.50831324700266,1,1,0,1093207.5652440225
892404.197864787,892480.1333401977,75.93547541077714,0,1,0,892404.197864787
2852376.305515184,2852502.976291855,126.67077667079866,0,1,0,2852376.305515184
5370582.517845528,5370749.693449799,167.17560427077115,1,1,0,5370749.693449799
8605830.666446242,8606086.821312934,256.15486669167876,1,1,0,8606086.821312934
2886472.6845166525,2886575.8877989473,103.20328229479492,0,1,0,2886472.6845166525
847871.7805865989,847938.5392724482,66.75868584925774,0,1,0,847871.7805865989
8794922.649638599,8795132.254703907,209.60506530851126,1,1,0,8795132.254703907
94122.05293571614,94145.28394340699,23.231007690847036,0,1,0,94122.05293571614
2474176.223907786,2474279.1147297574,102.8908219714649,1,1,0,2474279.1147297574
74293.52958226226,74305.55227639496,12.022694132698234,0,1,0,74293.52958226226
417793.1975898323,417852.30118683435,59.10359700204572,0,1,0,417793.1975898323
9901814.963136578,9902066.432319783,251.46918320469558,1,1,0,9902066.432319783
2660122.6119231414,2660156.6355266403,34.0236034989357,0,1,0,2660122.6119231414
8970744.4865961,8971002.074449688,257.58785358816385,0,1,0,8970744.4865961
675412.6365760632,675409.718956554,-2.9176195092732087,1,1,0,675409.718956554
3444341.3672214714,3444509.961225565,168.59400409366935,0,1,0,3444341.3672214714
4123960.8068271712,4124146.0227328064,185.215905635152,1,1,0,4124146.0227328064
563470.8148823524,563478.2558088561,7.44092650373932,0,1,0,563470.8148823524
1187614.1943890834,1187650.5876235447,36.393234461313114,0,1,0,1187614.1943890834
87082154.59149055,87082970.59788612,816.0063955634832,1,1,0,87082970.59788612
14064897.145826096,14065088.490096405,191.34427030943334,0,1,0,14064897.145826096
26730890.61411587,26731323.17756819,432.56345231831074,0,1,0,26730890.61411587
8970744.4865961,8971055.60947135,311.12287525087595,0,1,0,8970744.4865961
1984059.5019844382,1984141.085070134,81.58308569574729,1,1,0,1984141.085070134
4026220.8206423842,4026282.0871850583,61.266542674042284,1,1,0,4026282.0871850583
3912376.8140218644,3912469.08163598,92.26761411549523,1,1,0,3912469.08163598
114258.11541712612,114280.958451916,22.84303478988295,1,1,0,114280.958451916
827922.5463209351,827971.2867670468,48.740446111653,1,1,0,827971.2867670468
808379.2503040457,808456.2123023041,76.96199825836811,0,1,0,808379.2503040457
8075314.9467557175,8075478.672933309,163.7261775918305,0,1,0,8075314.9467557175
5580716.816691661,5580902.610160627,185.7934689661488,1,1,0,5580902.610160627
3791610.099972179,3791740.053583901,129.95361172175035,0,1,0,3791610.099972179
3696291.842546434,3696373.6446027025,81.80205626832321,0,1,0,3696291.842546434
1023162.4888987541,1023176.3727461064,13.883847352233715,0,1,0,1023162.4888987541
16027037.039484648,16027383.839963049,346.80047840066254,1,1,0,16027383.839963049
14064897.145826096,14065124.294756735,227.14893063902855,0,1,0,14064897.145826096
897267.1000342931,897295.0526538001,27.9526195069775,0,1,0,897267.1000342931
8954391.253223268,8954589.711201683,198.4579784143716,1,1,0,8954589.711201683
74293.52958226226,74310.32753581813,16.797953555869753,0,1,0,74293.52958226226
26730890.61411587,26731335.771857597,445.1577417254448,0,1,0,26730890.61411587
557160.69466777,557211.3398256849,50.64515791495796,1,1,0,557211.3398256849
4569440.014474772,4569457.3362295935,17.321754821576178,0,1,0,4569440.014474772
485658.0759866033,485692.0370942253,33.96110762201715,0,1,0,485658.0759866033
217130.62985087992,217126.6923465707,-3.9375043092295527,1,1,0,217126.6923465707
4181973.138940897,4182021.1986792483,48.0597383514978,1,1,0,4182021.1986792483
1103001.5846540234,1103083.4622898076,81.87763578421436,1,1,0,1103083.4622898076
456554.533892592,456577.448288929,22.914396337000653,0,1,0,456554.533892592
2745785.3203164386,2745954.237497037,168.9171805982478,1,1,0,2745954.237497037
1912309.9256228476,1912336.111893972,26.186271124286577,1,1,0,1912336.111893972
1875689.3336533802,1875795.0636124616,105.72995908139274,0,1,0,1875689.3336533802
658591.290558868,658653.532736641,62.2421777730342,1,1,0,658653.532736641
41415.660086455835,41431.79117669191,16.131090236078307,1,1,0,41431.79117669191
6749905.662706231,6750154.67386222,249.01115598902106,0,1,0,6749905.662706231
6688005.365227348,6688135.988729448,130.62350209988654,1,1,0,6688135.988729448
689843.9208080533,689921.3206668796,77.39985882630572,1,1,0,689921.3206668796
2613654.8035987765,2613750.7468964923,95.94329771585763,0,1,0,2613654.8035987765
5408579.412974305,5408687.673525571,108.26055126544088,1,1,0,5408687.673525571
15108983.99869042,15109223.147473684,239.14878326281905,0,1,0,15108983.99869042
3444341.3672214714,3444503.5606195354,162.1933980640024,1,1,0,3444503.5606195354
1441571.662447081,1441670.8144265518,99.15197947085835,0,1,0,1441571.662447081
3434239.499741499,3434344.4127782993,104.9130368004553,1,1,0,3434344.4127782993
541306.8324120705,541317.6242365105,10.791824440006167,1,1,0,541317.6242365105
3023575.6087595387,3023748.542246356,172.93348681740463,0,1,0,3023575.6087595387
5622931.97593603,5622954.554771638,22.578835607506335,0,1,0,5622931.97593603
5762139.825437719,5762245.700287126,105.87484940700233,1,1,0,5762245.700287126
2660122.6119231414,2660165.4732410074,42.86131786601618,0,1,0,2660122.6119231414
1323834.5555094294,1323899.901735064,65.34622563468292,0,1,0,1323834.5555094294
1007463.4510234176,1007528.9557501442,65.50472672656178,1,1,0,1007528.9557501442
670039.1966505141,670087.4846743793,48.28802386519965,1,1,0,670087.4846743793
4181973.138940897,4182032.161684873,59.02274397620931,1,1,0,4182032.161684873
6950417.938389312,6950660.558289602,242.61990029085428,0,1,0,6950417.938389312
24552.494452140556,24566.505114343086,14.010662202530511,0,1,0,24552.494452140556
284389.25547435007,284402.0461551011,12.790680751029868,0,1,0,284389.25547435007
194623.6277590105,194643.65923253726,20.031473526760237,0,1,0,194623.6277590105
788281.9966175453,788368.4186555397,86.42203799448907,1,1,0,788368.4186555397
675412.6365760632,675421.7539316897,9.117355626425706,1,1,0,675421.7539316897
194734.60515268476,194730.4297648802,-4.1753878045710735,1,1,0,194730.4297648802
3544288.316713967,3544453.978398769,165.6616848022677,1,1,0,3544453.978398769
314336.0104231434,314357.0315915616,21.021168418228626,0,1,0,314336.0104231434
911691.9132797144,911762.9182744275,71.00499471311923,0,1,0,911691.9132797144
74293.52958226226,74309.61692788758,16.08734562531754,0,1,0,74293.52958226226
73383.22460362459,73397.1936209089,13.969017284311121,1,1,0,73397.1936209089
83695.71604461971,83708.89072830116,13.174683681456372,1,1,0,83708.89072830116
190441.1155331657,190444.0135251302,2.897991964506218,1,1,0,190444.0135251302
217130.62985087992,217129.7678158663,-0.862035013618879,1,1,0,217129.7678158663
1141794.5827811563,1141797.397541778,2.814760621637106,1,1,0,1141797.397541778
363382.5418187947,363368.6824182445,-13.85940055019455,0,1,0,363382.5418187947
114258.11541712612,114281.42306340934,23.30764628322504,1,1,0,114281.42306340934
47228.480858625044,47239.9441944631,11.46333583805972,1,1,0,47239.9441944631
1943651.7492579352,1943712.5599225836,60.81066464842297,1,1,0,1943712.5599225836
2765322.901718614,2765306.2139037447,-16.687814869452268,0,1,0,2765322.901718614
12677880.256750485,12678191.404936533,311.1481860484928,1,1,0,12678191.404936533
8533076.474076575,8533354.414298248,277.94022167287767,1,1,0,8533354.414298248
708463.4910896679,708496.8172067822,33.32611711428035,1,1,0,708496.8172067822
131032.49230534109,131062.75330498684,30.26099964574678,1,1,0,131062.75330498684
674378.2538219108,674412.4849963561,34.231174445245415,0,1,0,674378.2538219108
3544288.316713967,3544431.5016095685,143.18489560158923,1,1,0,3544431.5016095685
6797015.160596746,6797215.501017038,200.34042029175907,1,1,0,6797215.501017038
314336.0104231434,314358.3313913419,22.320968198531773,0,1,0,314336.0104231434
23174183.633460827,23174422.881380055,239.24791922792792,1,1,0,23174422.881380055
123886.63063740215,123879.21222661063,-7.418410791520728,0,1,0,123886.63063740215
6315424.572603809,6315591.956257143,167.38365333434194,1,1,0,6315591.956257143
1102547.2567188914,1102617.2324132274,69.9756943359971,1,1,0,1102617.2324132274
229375.62433883108,229415.65881601983,40.03447718874668,0,1,0,229375.62433883108
4102174.2322281725,4102329.896616131,155.66438795858994,0,1,0,4102174.2322281725
26963577.599322863,26964114.553003255,536.9536803923547,0,1,0,26963577.599322863
788281.9966175453,788361.4343604947,79.43774294946343,1,1,0,788361.4343604947
194623.6277590105,194649.76758852895,26.139829518448096,0,1,0,194623.6277590105
304624.5451172913,304667.04493989213,42.49982260086108,1,1,0,304667.04493989213
1915519.5202497062,1915596.6581211614,77.13787145516835,1,1,0,1915596.6581211614
12677880.256750485,12678204.922723005,324.66597251966596,0,1,0,12677880.256750485
6660725.076820481,6660878.579046718,153.50222623720765,1,1,0,6660878.579046718
184720.2824123917,184727.66771697343,7.385304581723176,0,1,0,184720.2824123917
1381923.2868618125,1381957.362735855,34.07587404246442,0,1,0,1381923.2868618125
752209.8151967054,752286.4632926518,76.64809594640974,0,1,0,752209.8151967054
226432.72782276015,226457.00933106834,24.281508308195043,1,1,0,226457.00933106834
190441.1155331657,190444.43890926152,3.323376095824642,1,1,0,190444.43890926152
3434239.499741499,3434345.2360504773,105.73630897840485,1,1,0,3434345.2360504773
3279649.9915555706,3279810.5282833474,160.53672777675092,1,1,0,3279810.5282833474
1704614.2016440798,1704620.6270388807,6.425394800957292,1,1,0,1704620.6270388807
148937.9423668604,148974.70881632713,36.766449466726044,0,1,0,148937.9423668604
352060.38665947603,352086.2785890814,25.89192960539367,0,1,0,352060.38665947603
16288935.882380422,16288856.767428214,-79.11495220847428,1,1,0,16288856.767428214
251866.99430029973,251912.84939992081,45.855099621083355,0,1,0,251866.99430029973
1023162.4888987541,1023154.9754245912,-7.51347416290082,1,1,0,1023154.9754245912
221592.883482504,221619.34848045473,26.464997950737597,1,1,0,221619.34848045473
131032.49230534109,131072.07889169795,39.58658635686152,1,1,0,131072.07889169795
18832226.203856435,18832469.581419792,243.3775633573532,0,1,0,18832226.203856435
1143834.2807385316,1143903.7801961412,69.4994576096069,0,1,0,1143834.2807385316
56418645.68427123,56418643.315851346,-2.368419885635376,0,1,0,56418645.68427123
7613533.53877687,7613756.767283611,223.22850674111396,0,1,0,7613533.53877687
2950735.829942017,2950850.58723671,114.75729469303042,0,1,0,2950735.829942017
72605.69454856621,72623.70916334137,18.01461477515113,1,1,0,72623.70916334137
848335.1267673018,848412.4780946629,77.35132736107334,0,1,0,848335.1267673018
1036435.5005440813,1036511.1917349485,75.69119086721912,1,1,0,1036511.1917349485
10160483.823229413,10160679.216228366,195.39299895241857,0,1,0,10160483.823229413
5370582.517845528,5370813.655123508,231.13727797940373,1,1,0,5370813.655123508
50491357.451323405,50492134.41183685,776.9605134427547,1,1,0,50492134.41183685
142964.98354033005,142966.0848453497,1.1013050196343102,1,1,0,142966.0848453497
2936238.1745556802,2936372.10785056,133.93329487973824,1,1,0,2936372.10785056
221592.883482504,221620.51227240794,27.62878990394529,1,1,0,221620.51227240794
15166325.820369095,15166654.547669627,328.7273005321622,0,1,0,15166325.820369095
73966.16767497586,73983.39387248775,17.22619751188904,0,1,0,73966.16767497586
987904.3090745586,987985.2109238526,80.90184929408133,1,1,0,987985.2109238526
670039.1966505141,670088.0075622195,48.8109117053682,1,1,0,670088.0075622195
1023162.4888987541,1023169.3698245054,6.880925751291215,0,1,0,1023162.4888987541
7847206.078700541,7847455.139835087,249.06113454606384,0,1,0,7847206.078700541
2249516.706366879,2249627.0064093447,110.30004246579483,0,1,0,2249516.706366879
1007463.4510234176,1007531.3635076117,67.91248419403564,1,1,0,1007531.3635076117
322223.1419589453,322255.17133689916,32.02937795384787,1,1,0,322255.17133689916
2299768.9631226896,2299796.6281893784,27.665066688787192,0,1,0,2299768.9631226896
1036195.9052392339,1036253.4149300304,57.50969079649076,0,1,0,1036195.9052392339
1546375.4343229784,1546402.0766539238,26.64233094546944,1,1,0,1546402.0766539238
5452030.376131189,5452243.282960463,212.9068292742595,1,1,0,5452243.282960463
50491357.451323405,50492121.65578032,764.2044569179416,1,1,0,50492121.65578032
246477.5002228199,246501.65859602258,24.15837320269202,1,1,0,246501.65859602258
4875585.86184857,4875737.468943111,151.60709454026073,1,1,0,4875737.468943111
1915519.9963258626,1915587.2096013373,67.21327547472902,0,1,0,1915519.9963258626
5204027.1388665065,5204047.293038958,20.154172451235354,0,1,0,5204027.1388665065
776229.1366906383,776311.0945662148,81.95787557656877,1,1,0,776311.0945662148
18261271.01981089,18261610.041377004,339.02156611531973,1,1,0,18261610.041377004
1661193.151901767,1661281.9321772815,88.78027551458217,1,1,0,1661281.9321772815
4181973.138940897,4182044.994710059,71.85576916206628,1,1,0,4182044.994710059
1704614.2016440798,1704623.8798589136,9.678214833838865,0,1,0,1704614.2016440798
1598176.0004475587,1598285.2982737229,109.29782616416924,1,1,0,1598285.2982737229
4661292.878378823,4661460.427848487,167.54946966376156,1,1,0,4661460.427848487
2422591.3953044866,2422546.576516431,-44.818788055796176,0,1,0,2422591.3953044866
359162.42064649763,359193.4885623391,31.067915841471404,0,1,0,359162.42064649763
1732515.28563052,1732589.050796838,73.76516631804407,1,1,0,1732589.050796838
808379.2503040457,808462.3542514109,83.10394736519083,0,1,0,808379.2503040457
2735768.0686973715,2735770.9520002347,2.8833028632216156,0,1,0,2735768.0686973715
1068098.8974435492,1068174.8128155635,75.91537201427855,0,1,0,1068098.8974435492
8484448.072901974,8484633.35685145,185.28394947573543,1,1,0,8484633.35685145
822808.5080977706,822884.1109868379,75.60288906726055,1,1,0,822884.1109868379
4444553.441807679,4444725.329504296,171.88769661728293,0,1,0,4444553.441807679
188776.47087672603,188807.08700062774,30.616123901709216,0,1,0,188776.47087672603
3918474.65856107,3918650.388329511,175.7297684410587,1,1,0,3918650.388329511
11092492.727641108,11092742.327720523,249.60007941536605,0,1,0,11092492.727641108
7926732.763656111,7926944.809737136,212.04608102422208,1,1,0,7926944.809737136
50491357.451323405,50492072.31991917,714.868595764041,1,1,0,50492072.31991917
4875585.86184857,4875684.034832059,98.17298348899931,1,1,0,4875684.034832059
5267397.917790059,5267594.589110256,196.67132019717246,0,1,0,5267397.917790059
2660122.6119231414,2660173.633261031,51.021337889600545,0,1,0,2660122.6119231414
56996981.189219184,56997808.59640548,827.4071862921119,1,1,0,56997808.59640548
12547179.64335476,12547161.354938662,-18.288416098803282,1,1,0,12547161.354938662
152699.9780724618,152725.24130251224,25.26323005044833,1,1,0,152725.24130251224
6545801.794917186,6546042.931544688,241.1366275018081,0,1,0,6545801.794917186
127187.43128642272,127213.39596996363,25.964683540907572,0,1,0,127187.43128642272
505635.0293831093,505635.8599055166,0.8305224073119462,1,1,0,505635.8599055166
10615232.162147047,10615473.136849169,240.97470212168992,0,1,0,10615232.162147047
2492497.284461207,2492525.303138437,28.018677229993045,1,1,0,2492525.303138437
56418645.68427123,56418633.09440097,-12.589870259165764,0,1,0,56418645.68427123
4083794.525655386,4083821.686818343,27.161162957083434,0,1,0,4083794.525655386
2660122.6119231414,2660160.2172428123,37.605319670867175,0,1,0,2660122.6119231414
563470.8148823524,563483.4953049555,12.680422603152692,0,1,0,563470.8148823524
2735603.9828590783,2735618.6661118036,14.683252725284547,1,1,0,2735618.6661118036
299775.81630832225,299816.1026390208,40.28633069858188,0,1,0,299775.81630832225
1943651.7492579352,1943711.3592903991,59.61003246391192,1,1,0,1943711.3592903991
745720.2629841297,745810.5604469413,90.29746281157713,1,1,0,745810.5604469413
4313412.746343347,4313624.074104954,211.3277616063133,0,1,0,4313412.746343347
814630.8183530117,814678.0094166724,47.19106366066262,0,1,0,814630.8183530117
29222551.020591423,29222974.794680107,423.77408868446946,1,1,0,29222974.794680107
21267401.38312578,21267707.27631872,305.89319294318557,0,1,0,21267401.38312578
344630.39621665515,344677.93832414714,47.542107491986826,0,1,0,344630.39621665515
168473.11384030466,168505.501463699,32.3876233943447,0,1,0,168473.11384030466
11023186.761196494,11023356.821184658,170.05998816341162,1,1,0,11023356.821184658
1316327.981716723,1316407.040199983,79.05848325998522,1,1,0,1316407.040199983
14397904.552325727,14398263.4908184,358.9384926725179,0,1,0,14397904.552325727
128287.41712272058,128318.10785316928,30.69073044869583,1,1,0,128318.10785316928
26963577.599322863,26964092.04760327,514.4482804052532,0,1,0,26963577.599322863
6107213.594303567,6107468.470368301,254.8760647336021,1,1,0,6107468.470368301
330522.72953870264,330515.5017037024,-7.227835000259802,0,1,0,330522.72953870264
16945967.904154036,16946350.717956234,382.81380219757557,1,1,0,16946350.717956234
9261409.531546298,9261549.886026055,140.35447975620627,0,1,0,9261409.531546298
127187.43128642272,127216.81157979848,29.380293375754263,0,1,0,127187.43128642272
10615232.162147047,10615443.799046824,211.63689977675676,0,1,0,10615232.162147047
5230498.624478682,5230752.29396328,253.6694845976308,1,1,0,5230752.29396328
164717.0409722319,164741.12313464243,24.082162410544697,0,1,0,164717.0409722319
85179.0353196006,85193.33420038292,14.298880782313063,1,1,0,85193.33420038292
14851905.397995414,14852234.539301312,329.1413058973849,0,1,0,14851905.397995414
503992.76184165524,504025.0294089732,32.267567317932844,0,1,0,503992.76184165524
128287.41712272058,128314.71195709992,27.29483437933959,1,1,0,128314.71195709992
6166314.530225852,6166518.272128289,203.74190243706107,1,1,0,6166518.272128289
1732515.28563052,1732588.4819793054,73.19634878542274,1,1,0,1732588.4819793054
1316327.981716723,1316422.9643876404,94.98267091740854,1,1,0,1316422.9643876404
2832999.772683674,2833142.456882301,142.68419862678275,0,1,0,2832999.772683674
4274019.019492431,4274138.557176538,119.53768410719931,1,1,0,4274138.557176538
2491099.527741081,2491168.7278487063,69.20010762521997,1,1,0,2491168.7278487063
252013.05452287509,252054.3421673966,41.2876445215079,1,1,0,252054.3421673966
25692355.381078765,25692644.645080917,289.2640021517873,0,1,0,25692355.381078765
557160.69466777,557210.101026966,49.406359196058474,1,1,0,557210.101026966
2053930.2186851925,2053919.0284056556,-11.190279536880553,0,1,0,2053930.2186851925
493835.05221289245,493856.85303033463,21.80081744218478,0,1,0,493835.05221289245
493835.05221289245,493851.7712350931,16.71902220067568,0,1,0,493835.05221289245
4102174.2322281725,4102341.548557867,167.31632969435304,0,1,0,4102174.2322281725
2285308.1498761126,2285380.5055642314,72.3556881188415,1,1,0,2285380.5055642314
56996981.189219184,56997714.85314489,733.6639257073402,1,1,0,56997714.85314489
1266628.4062894674,1266725.4522034377,97.04591397033073,0,1,0,1266628.4062894674
1784916.1237034977,1785031.2612865572,115.13758305949159,1,1,0,1785031.2612865572
325957.7981311924,326000.1252790696,42.327147877193056,0,1,0,325957.7981311924
745720.2629841297,745795.9118217817,75.648837651941,1,1,0,745795.9118217817
2480242.3376656794,2480376.915717121,134.57805144181475,0,1,0,2480242.3376656794
101294.33299043133,101318.00752186234,23.67453143101011,0,1,0,101294.33299043133
1821582.9237183747,1821685.1151207834,102.19140240876004,1,1,0,1821685.1151207834
3847982.6834347625,3848137.776452161,155.09301739837974,1,1,0,3848137.776452161
857953.4482020778,857969.3482025177,15.900000439956784,1,1,0,857969.3482025177
1661193.151901767,1661262.9437382866,69.79183651972562,1,1,0,1661262.9437382866
72605.69454856621,72622.0395899176,16.345041351378313,0,1,0,72605.69454856621
231523.73750709067,231574.6655959149,50.9280888242356,0,1,0,231523.73750709067
73557585.94548212,73558454.57680522,868.6313230991364,0,1,0,73557585.94548212
3744182.7553873705,3744306.286352173,123.53096480248496,0,1,0,3744182.7553873705
2936238.1745556802,2936420.223666485,182.04911080468446,1,1,0,2936420.223666485
488387.15635510045,488440.36456536315,53.20821026270278,0,1,0,488387.15635510045
914801.2580343555,914849.7510802249,48.49304586939979,0,1,0,914801.2580343555
251866.99430029973,251913.23337716566,46.23907686592429,0,1,0,251866.99430029973
8752169.209834285,8752318.376760928,149.16692664287984,0,1,0,8752169.209834285
1186985.7947192837,1187043.0713445349,57.27662525116466,1,1,0,1187043.0713445349
210527.60844440912,210544.0668510934,16.458406684279907,1,1,0,210544.0668510934
16945967.904154036,16946317.14102046,349.23686642199755,0,1,0,16945967.904154036
579185.212373264,579237.96566177,52.75328850594815,0,1,0,579185.212373264
848335.1267673018,848398.0948190463,62.96805174450856,0,1,0,848335.1267673018
23174183.633460827,23174424.68423999,241.05077916383743,1,1,0,23174424.68423999
18378690.41092002,18378926.094668254,235.6837482340634,0,1,0,18378690.41092002
18832226.203856435,18832484.522005316,258.318148881197,0,1,0,18832226.203856435
5952628.736709481,5952753.334993488,124.5982840070501,0,1,0,5952628.736709481
671888.431819917,671951.0312002543,62.59938033728395,0,1,0,671888.431819917
251866.99430029973,251910.40007297604,43.40577267631306,0,1,0,251866.99430029973
892404.197864787,892482.1801384346,77.98227364767808,0,1,0,892404.197864787
909122.3095161726,909128.8858234897,6.576307317125611,1,1,0,909128.8858234897
4569440.014474772,4569456.681752815,16.66727804299444,0,1,0,4569440.014474772
4661292.878378823,4661497.658739995,204.78036117181182,1,1,0,4661497.658739995
866177.023232418,866264.1464107643,87.1231783463154,1,1,0,866264.1464107643
480149.34843615216,480175.06707387866,25.718637726502493,0,1,0,480149.34843615216
247976.16626194798,248003.74907752854,27.582815580564784,0,1,0,247976.16626194798
923573.9689023267,923646.6325203566,72.66361802991014,0,1,0,923573.9689023267
96939.27838771572,96940.41671593089,1.1383282151655294,1,1,0,96940.41671593089
675412.6365760632,675407.1032153784,-5.533360684872605,1,1,0,675407.1032153784
111840.89129113163,111866.75384751405,25.862556382417097,0,1,0,111840.89129113163
708463.4910896679,708499.8085504936,36.317460825666785,1,1,0,708499.8085504936
4444553.441807679,4444719.340260201,165.89845252223313,0,1,0,4444553.441807679
352557.6165754301,352601.12159853335,43.50502310326556,1,1,0,352601.12159853335
918396.4697902963,918480.8062484121,84.33645811583847,1,1,0,918480.8062484121
493835.05221289245,493857.9369803492,22.88476745673688,1,1,0,493857.9369803492
4916904.179045604,4917132.461735511,228.28268990758806,0,1,0,4916904.179045604
10681598.53702642,10681888.893058771,290.3560323510319,0,1,0,10681598.53702642
57347.75620794325,57358.35620311939,10.59999517614051,1,1,0,57358.35620311939
1600210.0058459565,1600302.9454068262,92.93956086970866,1,1,0,1600302.9454068262
949446.97900551,949517.9607594502,70.98175394022837,0,1,0,949446.97900551
24048926.121432032,24049338.137770638,412.0163386054337,0,1,0,24048926.121432032
188776.47087672603,188803.9324563875,27.461579661467113,1,1,0,188803.9324563875
4102174.2322281725,4102363.2404551883,189.00822701584548,0,1,0,4102174.2322281725
87082154.59149055,87083128.66001032,974.0685197710991,1,1,0,87083128.66001032
5952628.736709481,5952788.115237465,159.3785279840231,0,1,0,5952628.736709481
6418673.778297663,6418818.609814955,144.83151729218662,1,1,0,6418818.609814955
1773178.1788168591,1773300.404575591,122.22575873183087,1,1,0,1773300.404575591
977831.881083325,977899.4226441178,67.54156079282984,0,1,0,977831.881083325
4313412.746343347,4313626.406193462,213.6598501149565,0,1,0,4313412.746343347
6315424.572603809,6315589.694160007,165.12155619822443,1,1,0,6315589.694160007
8302873.858732726,8303032.884430051,159.02569732442498,1,1,0,8303032.884430051
6743459.567150459,6743645.343275321,185.7761248620227,0,1,0,6743459.567150459
168473.11384030466,168508.50982955357,35.395989248907426,0,1,0,168473.11384030466
1376083.2280449374,1376158.5558577145,75.32781277713366,1,1,0,1376158.5558577145
18832226.203856435,18832469.1332164,242.92935996502638,0,1,0,18832226.203856435
1847818.0306055099,1847885.946275982,67.91567047219723,1,1,0,1847885.946275982
2720773.1330530187,2720756.1984102796,-16.93464273912832,1,1,0,2720756.1984102796
909122.3095161726,909123.9374137567,1.627897584112361,1,1,0,909123.9374137567
612765.4293915267,612803.7077595248,38.278367998078465,0,1,0,612765.4293915267
953850.1498512649,953845.4324265145,-4.717424750444479,0,1,0,953850.1498512649
7844340.877169891,7844613.071099859,272.19392996747047,0,1,0,7844340.877169891
209409779.47501644,209409605.5338141,-173.94120234251022,1,1,0,209409605.5338141
1541966.7414974757,1542050.3498363663,83.60833889059722,1,1,0,1542050.3498363663
2933647.5304894857,2933803.674627806,156.14413832034916,1,1,0,2933803.674627806
4274019.019492431,4274151.889878263,132.87038583215326,1,1,0,4274151.889878263
127187.43128642272,127210.34478465313,22.91349823040946,0,1,0,127187.43128642272
247976.16626194798,248007.08907453693,30.922812588949455,0,1,0,247976.16626194798
456554.533892592,456595.08013199444,40.546239402436186,0,1,0,456554.533892592
17614417.70099561,17614795.939544518,378.23854890838265,0,1,0,17614417.70099561
5241011.535061381,5241168.690082052,157.1550206709653,1,1,0,5241168.690082052
24048926.121432032,24049392.244560782,466.1231287494302,0,1,0,24048926.121432032
3792467.647795351,3792627.867821896,160.2200265447609,0,1,0,3792467.647795351
1799167.8563814259,1799268.028762394,100.17238096822985,1,1,0,1799268.028762394
5186102.853918638,5186279.341127568,176.4872089298442,0,1,0,5186102.853918638
780931.9096290685,781010.4283857615,78.51875669299625,0,1,0,780931.9096290685
18261271.01981089,18261655.50360038,384.4837894923985,0,1,0,18261271.01981089
164717.0409722319,164742.71671391564,25.675741683749948,0,1,0,164717.0409722319
9569752.467083942,9570058.786609707,306.3195257652551,1,1,0,9570058.786609707
1546375.4343229784,1546421.1271945075,45.692871529143304,1,1,0,1546421.1271945075
1007463.4510234176,1007531.4069621568,67.95593873912003,1,1,0,1007531.4069621568
51766.28039870045,51778.19017122917,11.909772528721078,0,1,0,51766.28039870045
72854087.0857984,72854832.31228453,745.2264861315489,1,1,0,72854832.31228453
696512.6474617493,696591.1612165568,78.51375480752904,1,1,0,696591.1612165568
168473.11384030466,168511.39909781492,38.285257510258816,0,1,0,168473.11384030466
57646.90819950932,57666.348472505684,19.440272996362182,0,1,0,57646.90819950932
505635.0293831093,505624.3773514385,-10.652031670790166,1,1,0,505624.3773514385
275300.34936256433,275339.2329995673,38.88363700296031,1,1,0,275339.2329995673
62389292.437461406,62390106.08938875,813.651927344501,1,1,0,62390106.08938875
137441.16501623308,137470.54136630282,29.37635006973869,1,1,0,137470.54136630282
5406473.40790688,5406676.00413357,202.59622669033706,1,1,0,5406676.00413357
29222551.020591423,29222961.8100676,410.7894761785865,0,1,0,29222551.020591423
126040497.34316106,126041415.19280666,917.8496455997229,1,1,0,126041415.19280666
141877.76570612966,141899.88145298217,22.115746852505254,1,1,0,141899.88145298217
2097571.41903134,2097639.646284559,68.22725321864709,0,1,0,2097571.41903134
603340.1087191155,603386.4773434815,46.36862436600495,1,1,0,603386.4773434815
1197094.166977709,1197161.2408359507,67.07385824178346,1,1,0,1197161.2408359507
8151091.979372842,8151314.47957885,222.50020600762218,0,1,0,8151091.979372842
142964.98354033005,142963.7664556751,-1.2170846549561247,1,1,0,142963.7664556751
10681598.53702642,10681855.098785328,256.56175890751183,0,1,0,10681598.53702642
16027037.039484648,16027379.644846486,342.6053618378937,1,1,0,16027379.644846486
9053401.817717794,9053573.537433997,171.71971620246768,0,1,0,9053401.817717794
1886146.6727193943,1886257.4295146007,110.75679520634003,0,1,0,1886146.6727193943
1912309.9256228476,1912298.9052423832,-11.02038046438247,1,1,0,1912298.9052423832
328891.0801646634,328939.75536912685,48.67520446347771,0,1,0,328891.0801646634
13464290.526900984,13464495.956780354,205.42987936921418,1,1,0,13464495.956780354
32231.878649484108,32235.38425302553,3.505603541423625,0,1,0,32231.878649484108
2886472.6845166525,2886558.357733955,85.67321730265394,0,1,0,2886472.6845166525
448460.24132450164,448446.3912850771,-13.850039424549323,0,1,0,448460.24132450164
7635916.430636806,7636192.337940996,275.9073041891679,0,1,0,7635916.430636806
2491099.527741081,2491185.7994117234,86.27167064230889,1,1,0,2491185.7994117234
49049533.51043717,49049494.47179862,-39.038638547062874,1,1,0,49049494.47179862
3303913.5029092655,3303905.6067367545,-7.89617251092568,0,1,0,3303913.5029092655
8715341.999473402,8715599.329642307,257.33016890473664,0,1,0,8715341.999473402
3023575.6087595387,3023745.9470933275,170.33833378879353,0,1,0,3023575.6087595387
18261271.01981089,18261661.971358277,390.9515473879874,0,1,0,18261271.01981089
2638739.009628037,2638907.987181799,168.97755376202986,1,1,0,2638907.987181799
173787.50616403052,173824.8578591182,37.35169508768013,0,1,0,173787.50616403052
56996981.189219184,56997789.39020258,808.2009833976626,0,1,0,56996981.189219184
603340.1087191155,603386.1472338148,46.03851469932124,1,1,0,603386.1472338148
1068098.8974435492,1068171.0601568972,72.16271334793419,0,1,0,1068098.8974435492
857953.4482020778,857978.8865046175,25.43830253975466,1,1,0,857978.8865046175
10950523.461304298,10950801.380715376,277.91941107809544,0,1,0,10950523.461304298
117464.93800014911,117459.06699897272,-5.871001176390564,1,1,0,117459.06699897272
585368.5946708199,585446.9761782953,78.38150747539476,0,1,0,585368.5946708199
1536309.656775106,1536381.4025303032,71.74575519724749,1,1,0,1536381.4025303032
17550089.65454335,17550085.81220409,-3.842339262366295,0,1,0,17550089.65454335
136808.25456196745,136838.614069609,30.359507641551318,1,1,0,136838.614069609
6166314.530225852,6166544.231468901,229.70124304946512,1,1,0,6166544.231468901
722691.8754386344,722689.3797919207,-2.4956467137672007,0,1,0,722691.8754386344
9261969.157809157,9262227.36219954,258.2043903823942,0,1,0,9261969.157809157
1865216.675180399,1865305.5283286804,88.85314828134142,0,1,0,1865216.675180399
25692355.381078765,25692719.660773676,364.2796949110925,0,1,0,25692355.381078765
500201.74121300003,500233.3746075805,31.63339458045084,1,1,0,500233.3746075805
358617.4844571371,358649.6648322019,32.1803750647814,1,1,0,358649.6648322019
1984059.5019844382,1984121.2709245668,61.76894012861885,1,1,0,1984121.2709245668
209369.91814784834,209395.47410896327,25.55596111493651,0,1,0,209369.91814784834
6660725.076820481,6660864.933280938,139.8564604576677,1,1,0,6660864.933280938
15166325.820369095,15166681.98351343,356.1631443351507,0,1,0,15166325.820369095
26760882.45029559,26760937.194372423,54.74407683312893,1,1,0,26760937.194372423
28001689.605240937,28001978.556982417,288.9517414793372,0,1,0,28001689.605240937
190441.1155331657,190441.87711058755,0.7615774218575098,1,1,0,190441.87711058755
1457967.4212666776,1458057.6014153054,90.18014862784185,1,1,0,1458057.6014153054
2491099.527741081,2491198.503406308,98.97566522704437,1,1,0,2491198.503406308
4282582.57650045,4282761.619540711,179.04304026067257,0,1,0,4282582.57650045
352060.38665947603,352080.61632658244,20.22966710641049,0,1,0,352060.38665947603
1541966.7414974757,1542042.9538422124,76.21234473679215,1,1,0,1542042.9538422124
3468995.0762537047,3469083.321808138,88.24555443320423,1,1,0,3469083.321808138
5204027.1388665065,5204028.000962354,0.8620958477258682,0,1,0,5204027.1388665065
26963577.599322863,26964032.255741175,454.656418312341,0,1,0,26963577.599322863
814630.8183530117,814688.9989078456,58.180554833845235,0,1,0,814630.8183530117
866177.023232418,866256.5409743444,79.51774192636367,1,1,0,866256.5409743444
765840.2459430216,765831.3266223174,-8.91932070418261,1,1,0,765831.3266223174
18261271.01981089,18261620.410710044,349.39089915528893,0,1,0,18261271.01981089
228383.38374819365,228408.52695384377,25.143205650121672,0,1,0,228383.38374819365
1023162.4888987541,1023159.0400321722,-3.448866581893526,0,1,0,1023162.4888987541
1023162.4888987541,1023164.0499955155,1.5610967613756657,1,1,0,1023164.0499955155
1915519.9963258626,1915578.2184780906,58.222152228001505,0,1,0,1915519.9963258626
1351533.5000633334,1351631.173682733,97.67361939954571,1,1,0,1351631.173682733
399072.6379498997,399133.49902348284,60.861073583131656,1,1,0,399133.49902348284
2480242.3376656794,2480392.6345914053,150.296925725881,0,1,0,2480242.3376656794
15995590.380903285,15995956.827093313,366.44619002752006,0,1,0,15995590.380903285
2950735.829942017,2950852.3302226127,116.5002805958502,0,1,0,2950735.829942017
26730890.61411587,26731347.55473892,456.94062304869294,1,1,0,26731347.55473892
7635916.430636806,7636168.612300777,252.18166397046298,0,1,0,7635916.430636806
8821145.12749818,8821408.7931475,263.66564932093024,0,1,0,8821145.12749818
378441.4424409296,378456.49468504824,15.05224411864765,0,1,0,378441.4424409296
89289.63735968676,89299.59942254261,9.962062855847762,0,1,0,89289.63735968676
3901496.3747172593,3901624.583323889,128.2086066296324,0,1,0,3901496.3747172593
5370582.517845528,5370777.500549766,194.98270423803478,1,1,0,5370777.500549766
278731.0403933141,278766.4903965499,35.45000323583372,1,1,0,278766.4903965499
940814.7458863003,940884.3864887356,69.64060243521817,0,1,0,940814.7458863003
2268718.843122812,2268834.59621818,115.75309536792338,1,1,0,2268834.59621818
2666777.8768750248,2666890.8081525015,112.93127747671679,1,1,0,2666890.8081525015
37795.38352000409,37805.97739971304,10.593879708947497,1,1,0,37805.97739971304
5762139.825437719,5762263.967835415,124.14239769615233,1,1,0,5762263.967835415
3768977.678170482,3768939.2240124,-38.45415808213875,1,1,0,3768939.2240124
8631952.552181922,8632219.765427152,267.2132452297956,0,1,0,8631952.552181922
603340.1087191155,603375.7060366736,35.59731755813118,0,1,0,603340.1087191155
1840959.8609375819,1840994.5647836966,34.70384611468762,0,1,0,1840959.8609375819
4444553.441807679,4444734.618134613,181.1763269342482,0,1,0,4444553.441807679
1399779.3856301678,1399878.122102854,98.73647268628702,1,1,0,1399878.122102854
16038089.777960837,16038424.309318373,334.5313575360924,1,1,0,16038424.309318373
85179.0353196006,85188.81471555968,9.779395959078101,1,1,0,85188.81471555968
208489.41734393156,208524.85983794284,35.44249401128036,1,1,0,208524.85983794284
385295.7926314155,385349.4160458877,53.62341447221115,0,1,0,385295.7926314155
5452030.376131189,5452257.857679058,227.4815478688106,1,1,0,5452257.857679058
252013.05452287509,252055.49273816906,42.43821529397974,1,1,0,252055.49273816906
4556696.424357577,4556731.700224158,35.27586658112705,1,1,0,4556731.700224158
26963577.599322863,26964094.21670529,516.6173824258149,0,1,0,26963577.599322863
8660190.869514309,8660393.065813703,202.19629939459264,1,1,0,8660393.065813703
2285308.1498761126,2285370.849271896,62.69939578324556,1,1,0,2285370.849271896
1307863.152382908,1307944.3604356465,81.20805273856968,0,1,0,1307863.152382908
126040497.34316106,126041322.77746627,825.4343052059412,1,1,0,126041322.77746627
210527.60844440912,210550.80799203896,23.199547629832523,1,1,0,210550.80799203896
200327.36719258642,200358.9546936135,31.587501027068356,1,1,0,200358.9546936135
2431938.739161191,2432096.5677355067,157.8285743156448,0,1,0,2431938.739161191
6545801.794917186,6546033.016517825,231.22160063963383,0,1,0,6545801.794917186
914801.2580343555,914844.1692605846,42.91122622916009,0,1,0,914801.2580343555
2529364.595708025,2529542.83474677,178.23903874494135,1,1,0,2529542.83474677
897267.1000342931,897294.8281262624,27.72809196927119,0,1,0,897267.1000342931
4444553.441807679,4444725.934147308,172.4923396287486,0,1,0,4444553.441807679
3764700.7099296222,3764866.857685039,166.14775541657582,0,1,0,3764700.7099296222
18261271.01981089,18261623.800848488,352.78103759884834,1,1,0,18261623.800848488
729193.054336941,729259.528858876,66.47452193498611,0,1,0,729193.054336941
194734.60515268476,194733.07245927423,-1.5326934105250984,1,1,0,194733.07245927423
317168.26630533405,317155.18014083826,-13.086164495791309,0,1,0,317168.26630533405
1203907.0240311718,1203958.9170423297,51.89301115786657,1,1,0,1203958.9170423297
7211805.783904289,7212048.665624937,242.88172064814717,0,1,0,7211805.783904289
1661193.151901767,1661276.6513803818,83.49947861488909,1,1,0,1661276.6513803818
1688815.3479957532,1688940.3761955313,125.02819977817126,1,1,0,1688940.3761955313
336499.631565286,336527.1159044233,27.48433913727058,1,1,0,336527.1159044233
6688005.365227348,6688143.094956427,137.72972907871008,1,1,0,6688143.094956427
1912309.9256228476,1912306.3173667218,-3.6082561258226633,0,1,0,1912309.9256228476
3768977.678170482,3768945.7089386005,-31.96923188166693,1,1,0,3768945.7089386005
218516.57951305184,218538.07241479566,21.492901743826224,1,1,0,218538.07241479566
111840.89129113163,111863.2032293305,22.31193819886539,0,1,0,111840.89129113163
675412.6365760632,675418.0966466075,5.46007054427173,1,1,0,675418.0966466075
3847982.6834347625,3848165.3177011223,182.63426635973155,0,1,0,3847982.6834347625
65432610.961475864,65432946.07977072,335.1182948574424,1,1,0,65432946.07977072
1185063.0723443073,1185146.6591698104,83.58682550303638,1,1,0,1185146.6591698104
1912309.9256228476,1912341.4609574385,31.53533459082246,0,1,0,1912309.9256228476
106347.35517988839,106371.77378247805,24.41860258966335,0,1,0,106347.35517988839
43564058.15127581,43564237.16784971,179.01657389849424,1,1,0,43564237.16784971
956834.1005823506,956903.7074498783,69.60686752770562,1,1,0,956903.7074498783
3441310.012507437,3441429.731541945,119.71903450833634,1,1,0,3441429.731541945
1943651.7492579352,1943733.4872068337,81.73794889845885,1,1,0,1943733.4872068337
2536371.36190086,2536495.708821841,124.34692098107189,0,1,0,2536371.36190086
11023186.761196494,11023346.752341181,159.99114468693733,1,1,0,11023346.752341181
399072.6379498997,399137.4274461574,64.78949625766836,1,1,0,399137.4274461574
87082154.59149055,87082997.25246646,842.6609759032726,1,1,0,87082997.25246646
12547179.64335476,12547195.04455604,15.401201279833913,1,1,0,12547195.04455604
689843.9208080533,689910.5143272699,66.59351921651978,1,1,0,689910.5143272699
1036435.5005440813,1036533.5168696354,98.01632555411197,1,1,0,1036533.5168696354
1203907.0240311718,1203945.9165030865,38.892471914645284,1,1,0,1203945.9165030865
1351533.5000633334,1351634.8606475545,101.36058422108181,0,1,0,1351533.5000633334
2331084.3004983966,2331141.048751204,56.748252807185054,0,1,0,2331084.3004983966
221592.883482504,221621.7045235268,28.82104102280573,1,1,0,221621.7045235268
949446.97900551,949509.5992437925,62.620238282484934,0,1,0,949446.97900551
325957.7981311924,326004.90864748036,47.110516287968494,0,1,0,325957.7981311924
1351533.5000633334,1351627.652937853,94.15287451958284,0,1,0,1351533.5000633334
26963577.599322863,26964052.56504802,474.9657251574099,0,1,0,26963577.599322863
1477879.2613400389,1478005.7737482942,126.51240825536661,1,1,0,1478005.7737482942
244271.18646336923,244301.05382167216,29.86735830293037,1,1,0,244301.05382167216
708463.4910896679,708503.2869791158,39.79588944790885,1,1,0,708503.2869791158
7926732.763656111,7926939.202913643,206.43925753142685,1,1,0,7926939.202913643
892404.197864787,892477.7030565836,73.50519179669209,0,1,0,892404.197864787
977831.881083325,977909.8418270542,77.96074372914154,0,1,0,977831.881083325
14963045.83630955,14963360.668028833,314.83171928301454,1,1,0,14963360.668028833
26963577.599322863,26964132.587363563,554.9880407005548,0,1,0,26963577.599322863
3949608.8918481655,3949584.50178309,-24.390065075363964,0,1,0,3949608.8918481655
10615232.162147047,10615498.986766877,266.8246198296547,0,1,0,10615232.162147047
74293.52958226226,74310.20958578217,16.680003519912134,0,1,0,74293.52958226226
64231.42592242637,64245.218581206376,13.792658780002967,0,1,0,64231.42592242637
4102174.2322281725,4102327.3198303916,153.0876022190787,0,1,0,4102174.2322281725
168473.11384030466,168506.00898686328,32.895146558614215,0,1,0,168473.11384030466
4996969.950179521,4997148.063029137,178.1128496164456,0,1,0,4996969.950179521
1541966.7414974757,1542068.040172768,101.29867529240437,0,1,0,1541966.7414974757
9157139.395737441,9157301.768238792,162.37250135093927,1,1,0,9157301.768238792
5925319.265898995,5925438.215395004,118.94949600845575,1,1,0,5925438.215395004
752209.8151967054,752285.7154092513,75.90021254587919,0,1,0,752209.8151967054
6166314.530225852,6166551.280143003,236.7499171514064,1,1,0,6166551.280143003
5580716.816691661,5580906.316883986,189.50019232463092,1,1,0,5580906.316883986
5411385.311234373,5411565.20442752,179.8931931471452,1,1,0,5411565.20442752
5871384.695678936,5871383.360318366,-1.3353605698794127,0,1,0,5871384.695678936
2735603.9828590783,2735616.688895007,12.706035928800702,1,1,0,2735616.688895007
3311313.074514458,3311293.449690373,-19.624824084807187,1,1,0,3311293.449690373
13464290.526900984,13464545.44374484,254.91684385575354,1,1,0,13464545.44374484
114258.11541712612,114276.81799237964,18.702575253526447,1,1,0,114276.81799237964
5406473.40790688,5406674.107584626,200.69967774674296,1,1,0,5406674.107584626
1688815.3479957532,1688913.3708355308,98.02283977763727,1,1,0,1688913.3708355308
15166325.820369095,15166696.194076383,370.3737072888762,0,1,0,15166325.820369095
1773178.1788168591,1773265.9033891943,87.72457233513705,1,1,0,1773265.9033891943
18832226.203856435,18832416.849917226,190.6460607908666,0,1,0,18832226.203856435
3696291.842546434,3696406.3221504395,114.47960400534794,0,1,0,3696291.842546434
188776.47087672603,188806.1747625353,29.703885809256462,1,1,0,188806.1747625353
8821145.12749818,8821398.79180889,253.66431071050465,0,1,0,8821145.12749818
750712.3814536578,750764.713345731,52.331892073270865,0,1,0,750712.3814536578
485658.0759866033,485706.358135874,48.28214927070076,0,1,0,485658.0759866033
463297.2274929145,463371.68073899153,74.45324607705697,1,1,0,463371.68073899153
18640829.15079593,18641156.150201537,326.99940560758114,1,1,0,18641156.150201537
488387.15635510045,488445.6435887038,58.48723360337317,0,1,0,488387.15635510045
96939.27838771572,96934.7862348719,-4.492152843813528,1,1,0,96934.7862348719
5230498.624478682,5230705.939789009,207.3153103273362,1,1,0,5230705.939789009
271261.56384734716,271303.0932781963,41.5294308491284,0,1,0,271261.56384734716
958344.2751426427,958385.8258051295,41.55066248681396,0,1,0,958344.2751426427
184720.2824123917,184723.88671421385,3.6043018221389502,0,1,0,184720.2824123917
141877.76570612966,141898.89568596284,21.12997983317473,1,1,0,141898.89568596284
7847206.078700541,7847481.687042349,275.60834180843085,0,1,0,7847206.078700541
125632.45175601031,125649.12808368358,16.676327673267224,1,1,0,125649.12808368358
1495724.9919334848,1495815.7596855257,90.76775204087608,0,1,0,1495724.9919334848
2276694.8265848635,2276813.3054792546,118.47889439109713,1,1,0,2276813.3054792546
62389292.437461406,62390047.450517125,755.0130557194352,1,1,0,62390047.450517125
231523.73750709067,231570.9074294127,47.169922322034836,0,1,0,231523.73750709067
18378690.41092002,18378845.457977895,155.04705787450075,0,1,0,18378690.41092002
622920.6365021671,622957.0172463978,36.38074423070066,0,1,0,622920.6365021671
94122.05293571614,94151.38961062756,29.33667491142114,0,1,0,94122.05293571614
4661292.878378823,4661483.6559153525,190.77753652911633,1,1,0,4661483.6559153525
56996981.189219184,56997816.73140487,835.5421856865287,0,1,0,56996981.189219184
827922.5463209351,827954.6890476253,32.14272669015918,1,1,0,827954.6890476253
257622.0217765094,257658.18075623453,36.15897972512175,0,1,0,257622.0217765094
5952628.736709481,5952778.774423247,150.03771376609802,0,1,0,5952628.736709481
2422591.3953044866,2422591.6014936436,0.20618915697559714,0,1,0,2422591.3953044866
5925319.265898995,5925457.491307899,138.22540890425444,1,1,0,5925457.491307899
4880653.444225869,4880823.403883999,169.95965813007206,0,1,0,4880653.444225869
2680034.264666479,2680067.3565914235,33.091924944426864,1,1,0,2680067.3565914235
2311697.886006038,2311691.598073619,-6.287932419218123,0,1,0,2311697.886006038
1316327.981716723,1316429.649370786,101.66765406308696,1,1,0,1316429.649370786
15995590.380903285,15996008.090493456,417.70959017053246,0,1,0,15995590.380903285
25692355.381078765,25692720.483139515,365.10206075012684,0,1,0,25692355.381078765
3085735.0125213237,3085918.157555674,183.1450343504548,0,1,0,3085735.0125213237
6070995.203750776,6071077.879612622,82.67586184572428,0,1,0,6070995.203750776
371351.76096132013,371368.7011403244,16.940179004275706,0,1,0,371351.76096132013
3441310.012507437,3441434.645580357,124.6330729201436,1,1,0,3441434.645580357
272025.46842776664,272061.26651112334,35.798083356698044,0,1,0,272025.46842776664
6950417.938389312,6950661.466395849,243.52800653781742,0,1,0,6950417.938389312
73557585.94548212,73558367.47425742,781.5287753045559,0,1,0,73557585.94548212
745720.2629841297,745794.417411354,74.15442722430453,1,1,0,745794.417411354
1295858.0874203388,1295899.9409713254,41.853550986619666,1,1,0,1295899.9409713254
6166314.530225852,6166515.051370339,200.52114448696375,1,1,0,6166515.051370339
670039.1966505141,670085.6956454968,46.49899498268496,1,1,0,670085.6956454968
940814.7458863003,940881.7788455487,67.03295924840495,0,1,0,940814.7458863003
2660122.6119231414,2660178.797593345,56.1856702035293,0,1,0,2660122.6119231414
385295.7926314155,385345.49582266196,49.70319124648813,0,1,0,385295.7926314155
345978.3799052984,345971.35093313607,-7.028972162341233,0,1,0,345978.3799052984
125632.45175601031,125646.04662138781,13.594865377497626,1,1,0,125646.04662138781
2223204.995950113,2223335.3880993146,130.3921492015943,1,1,0,2223335.3880993146
6315424.572603809,6315594.131045891,169.55844208225608,1,1,0,6315594.131045891
1656708.0884794807,1656759.883076355,51.794596874387935,1,1,0,1656759.883076355
6950417.938389312,6950683.9619394075,266.02355009596795,0,1,0,6950417.938389312
1266628.4062894674,1266721.634066417,93.22777694975957,0,1,0,1266628.4062894674
3792467.647795351,3792643.658496497,176.01070114597678,0,1,0,3792467.647795351
106347.35517988839,106373.99206309032,26.636883201936143,0,1,0,106347.35517988839
4274019.019492431,4274137.785731246,118.76623881515115,1,1,0,4274137.785731246
1441571.662447081,1441656.654123648,84.99167656712234,0,1,0,1441571.662447081
5952628.736709481,5952798.801138213,170.06442873179913,0,1,0,5952628.736709481
12547179.64335476,12547176.9287383,-2.714616460725665,1,1,0,12547176.9287383
716912.0076669466,716976.4795395075,64.47187256091274,1,1,0,716976.4795395075
3894903.960935407,3895086.22121381,182.26027840329334,1,1,0,3895086.22121381
1438682.1837841508,1438769.6741524185,87.49036826775409,1,1,0,1438769.6741524185
188776.47087672603,188802.45749553418,25.986618808150524,1,1,0,188802.45749553418
17614417.70099561,17614836.35254049,418.65154488012195,0,1,0,17614417.70099561
6881966.102418847,6882191.193932331,225.0915134837851,0,1,0,6881966.102418847
8703792.266600942,8704088.862765234,296.59616429172456,0,1,0,8703792.266600942
8075314.9467557175,8075478.087537674,163.14078195672482,0,1,0,8075314.9467557175
5032931.654638072,5033064.577167915,132.92252984363586,0,1,0,5032931.654638072
56418645.68427123,56418628.908727854,-16.775543376803398,0,1,0,56418645.68427123
284389.25547435007,284406.41255830595,17.157083955884445,0,1,0,284389.25547435007
727558.0228634931,727575.5299334258,17.507069932762533,0,1,0,727558.0228634931
8533076.474076575,8533347.732474392,271.2583978176117,1,1,0,8533347.732474392
406030.7043884612,406087.0121689362,56.30778047500644,1,1,0,406087.0121689362
18640829.15079593,18641130.477515962,301.32672003284097,1,1,0,18641130.477515962
5539966.703701163,5540085.986010417,119.2823092546314,1,1,0,5540085.986010417
830884.2326671011,830895.3681833798,11.135516278678551,1,1,0,830895.3681833798
267303.5556422124,267340.49740816746,36.94176595506724,1,1,0,267340.49740816746
10160483.823229413,10160642.11231278,158.2890833672136,0,1,0,10160483.823229413
126040497.34316106,126041282.23587482,784.8927137553692,1,1,0,126041282.23587482
716912.0076669466,716972.1597340173,60.15206707071047,1,1,0,716972.1597340173
358617.4844571371,358652.7131797707,35.22872263356112,1,1,0,358652.7131797707
11092492.727641108,11092775.919825844,283.1921847369522,0,1,0,11092492.727641108
941397.4118645004,941458.2877243932,60.875859892810695,0,1,0,941397.4118645004
918396.4697902963,918486.6630604331,90.19327013683505,1,1,0,918486.6630604331
49049533.51043717,49049585.08702567,51.5765885040164,1,1,0,49049585.08702567
3901496.3747172593,3901614.8162440783,118.44152681902051,0,1,0,3901496.3747172593
71354362.37914456,71355140.90181193,778.522667363286,1,1,0,71355140.90181193
13437013.420561148,13437246.369395006,232.9488338585943,0,1,0,13437013.420561148
4630434.0091187805,4630574.734303286,140.72518450580537,0,1,0,4630434.0091187805
688068.9480252689,688132.4653734023,63.517348133493215,1,1,0,688132.4653734023
949446.97900551,949536.8153151553,89.83630964532495,1,1,0,949536.8153151553
126040497.34316106,126041407.1193089,909.7761478424072,1,1,0,126041407.1193089
32231.878649484108,32235.91552122102,4.036871736912872,0,1,0,32231.878649484108
591274.0227204594,591260.262654657,-13.760065802372992,0,1,0,591274.0227204594
87082154.59149055,87083013.72061417,859.1291236132383,1,1,0,87083013.72061417
127187.43128642272,127213.56854437671,26.13725795398932,1,1,0,127213.56854437671
363382.5418187947,363369.80253895797,-12.739279836707283,0,1,0,363382.5418187947
5925319.265898995,5925452.284476667,133.01857767160982,0,1,0,5925319.265898995
2529364.595708025,2529531.491766737,166.89605871168897,0,1,0,2529364.595708025
1563225.6622291547,1563275.4259291969,49.76370004215278,1,1,0,1563275.4259291969
857953.4482020778,857975.515358289,22.067156211240217,1,1,0,857975.515358289
752209.8151967054,752286.7433118058,76.928115100367,0,1,0,752209.8151967054
658591.290558868,658664.4300681436,73.13950927567203,1,1,0,658664.4300681436
2911166.6700741975,2911302.412683422,135.74260922474787,1,1,0,2911302.412683422
6070995.203750776,6071105.478384398,110.27463362179697,0,1,0,6070995.203750776
1007463.4510234176,1007531.9117156933,68.46069227566477,0,1,0,1007463.4510234176
5408579.412974305,5408701.436159163,122.02318485733122,1,1,0,5408701.436159163
29222551.020591423,29222938.961529974,387.9409385509789,1,1,0,29222938.961529974
3311313.074514458,3311284.179337752,-28.895176705904305,1,1,0,3311284.179337752
3918474.65856107,3918641.414796696,166.75623562606052,1,1,0,3918641.414796696
378441.4424409296,378464.59319414943,23.150753219844773,0,1,0,378441.4424409296
3333185.540455103,3333318.182397299,132.64194219605997,0,1,0,3333185.540455103
123886.63063740215,123877.9413646481,-8.6892727540544,0,1,0,123886.63063740215
696512.6474617493,696584.0138887914,71.36642704217229,1,1,0,696584.0138887914
503992.76184165524,504025.91723971895,33.15539806371089,0,1,0,503992.76184165524
699939.25124975,700017.8069648762,78.55571512621827,0,1,0,699939.25124975
91302.64300771947,91315.20009630024,12.557088580768323,1,1,0,91315.20009630024
837258.492534493,837340.5330765912,82.04054209822789,1,1,0,837340.5330765912
83695.71604461971,83707.53783333591,11.821788716202718,1,1,0,83707.53783333591
228383.38374819365,228410.48870906842,27.104960874770768,0,1,0,228383.38374819365
485968.6566888086,486004.295752293,35.639063484442886,1,1,0,486004.295752293
106347.35517988839,106373.87125828325,26.51607839486678,0,1,0,106347.35517988839
55464697.173974074,55465050.557521336,353.3835472613573,0,1,0,55464697.173974074
15995590.380903285,15995978.77671517,388.3958118855953,0,1,0,15995590.380903285
909122.3095161726,909133.4640459148,11.154529742198065,1,1,0,909133.4640459148
956834.1005823506,956901.7193533238,67.61877097317483,1,1,0,956901.7193533238
18136105.88351695,18136193.461877465,87.57836051657796,0,1,0,18136105.88351695
4880653.444225869,4880781.277653506,127.83342763688415,0,1,0,4880653.444225869
612765.4293915267,612807.4307733785,42.00138185173273,0,1,0,612765.4293915267
3039313.474256449,3039441.772332607,128.2980761579238,0,1,0,3039313.474256449
317168.26630533405,317154.03069889673,-14.235606437316164,0,1,0,317168.26630533405
221592.883482504,221620.0885440847,27.205061580694746,1,1,0,221620.0885440847
5267397.917790059,5267625.193548274,227.27575821522623,0,1,0,5267397.917790059
1275862.984669952,1275956.6960155482,93.71134559623897,0,1,0,1275862.984669952
1773178.1788168591,1773299.1878352093,121.00901835015975,1,1,0,1773299.1878352093
1973503.8758253946,1973630.196250919,126.32042552437633,1,1,0,1973630.196250919
788281.9966175453,788365.6668582655,83.67024072026834,0,1,0,788281.9966175453
6660725.076820481,6660883.162160501,158.0853400202468,1,1,0,6660883.162160501
2276694.8265848635,2276824.7614392666,129.93485440313816,1,1,0,2276824.7614392666
371351.76096132013,371371.8419223913,20.08096107118763,0,1,0,371351.76096132013
3764700.7099296222,3764874.6957663274,173.98583670519292,0,1,0,3764700.7099296222
188776.47087672603,188803.2559699417,26.785093215672532,0,1,0,188776.47087672603
17258126.75767763,17258435.076941594,308.31926396489143,0,1,0,17258126.75767763
894801.3075319069,894803.6141311812,2.306599274277687,1,1,0,894803.6141311812
696512.6474617493,696587.3467937306,74.69933198136277,0,1,0,696512.6474617493
585368.5946708199,585435.2834878461,66.68881702621002,0,1,0,585368.5946708199
918396.4697902963,918477.4553728533,80.9855825570412,0,1,0,918396.4697902963
8715341.999473402,8715624.10801127,282.1085378676653,0,1,0,8715341.999473402
5230498.624478682,5230728.687798087,230.0633194046095,1,1,0,5230728.687798087
5230498.624478682,5230699.369222824,200.74474414251745,1,1,0,5230699.369222824
6267293.101332681,6267459.986569516,166.8852368351072,0,1,0,6267293.101332681
1773178.1788168591,1773284.320490932,106.14167407294735,1,1,0,1773284.320490932
3588419.880042036,3588544.9875244354,125.10748239932582,0,1,0,3588419.880042036
456554.533892592,456590.449602475,35.915709882974625,0,1,0,456554.533892592
11308933.182431117,11309094.50567342,161.323242302984,1,1,0,11309094.50567342
15745495.695766272,15745830.68541556,334.9896492883563,0,1,0,15745495.695766272
1887502.0735500637,1887607.0007722988,104.92722223512828,0,1,0,1887502.0735500637
4996969.950179521,4997182.586725147,212.6365456264466,0,1,0,4996969.950179521
8723.458862928584,8726.174066659687,2.7152037311025197,1,1,0,8726.174066659687
94122.05293571614,94150.15656934532,28.10363362917269,0,1,0,94122.05293571614
1203907.0240311718,1203949.0053351773,41.98130400548689,1,1,0,1203949.0053351773
6974419.406856188,6974547.236084432,127.82922824472189,0,1,0,6974419.406856188
252013.05452287509,252054.29455047467,41.240027599589666,1,1,0,252054.29455047467
523660.91779600066,523667.44667621667,6.528880216006655,0,1,0,523660.91779600066
1102547.2567188914,1102610.6762600415,63.41954115009867,1,1,0,1102610.6762600415
2276694.8265848635,2276821.382515055,126.55593019165099,1,1,0,2276821.382515055
688068.9480252689,688132.3081038086,63.360078539699316,1,1,0,688132.3081038086
184720.2824123917,184727.32233855847,7.039926166762598,0,1,0,184720.2824123917
7953926.320246267,7953976.642810306,50.322564038448036,0,1,0,7953926.320246267
13464290.526900984,13464500.346869482,209.81996849738061,1,1,0,13464500.346869482
2331084.3004983966,2331151.5138152814,67.21331688482314,0,1,0,2331084.3004983966
640849.8815272612,640922.1987486848,72.31722142361104,1,1,0,640922.1987486848
1438682.1837841508,1438751.3759874813,69.19220333057456,1,1,0,1438751.3759874813
64889.22133754609,64902.848684381584,13.627346835492062,1,1,0,64902.848684381584
2712093.821702228,2712069.1105588786,-24.711143349297345,0,1,0,2712093.821702228
772484.1382946647,772511.4683958258,27.330101161147468,1,1,0,772511.4683958258
837258.492534493,837356.2013543635,97.70881987048779,1,1,0,837356.2013543635
3894903.960935407,3895095.516168223,191.5552328163758,1,1,0,3895095.516168223
1023162.4888987541,1023156.5562823497,-5.93261640437413,0,1,0,1023162.4888987541
41415.660086455835,41430.76480367562,15.104717219786835,1,1,0,41430.76480367562
385295.7926314155,385353.7932422463,58.00061083084438,0,1,0,385295.7926314155
246477.5002228199,246501.1206022927,23.620379472820787,1,1,0,246501.1206022927
1704614.2016440798,1704621.8824458488,7.680801769020036,1,1,0,1704621.8824458488
750712.3814536578,750780.9478092472,68.56635558942799,0,1,0,750712.3814536578
868505.3979378896,868592.7578232475,87.35988535790239,0,1,0,868505.3979378896
7803938.902313549,7804219.515305418,280.6129918685183,0,1,0,7803938.902313549
345978.3799052984,345964.53980990575,-13.84009539266117,0,1,0,345978.3799052984
591274.0227204594,591274.6581873556,0.6354668962303549,0,1,0,591274.0227204594
1438682.1837841508,1438765.9340692956,83.75028514489532,1,1,0,1438765.9340692956
217130.62985087992,217126.39064492483,-4.239205955091165,1,1,0,217126.39064492483
839734.2204658395,839785.6981978173,51.47773197782226,1,1,0,839785.6981978173
857953.4482020778,857985.1467332905,31.698531212750822,1,1,0,857985.1467332905
2911166.6700741975,2911296.4394911765,129.7694169790484,1,1,0,2911296.4394911765
4083794.525655386,4083792.1076133456,-2.4180420404300094,0,1,0,4083794.525655386
114258.11541712612,114284.08652347665,25.97110635053832,1,1,0,114284.08652347665
117464.93800014911,117453.18346453871,-11.754535610394669,1,1,0,117453.18346453871
1887502.0735500637,1887628.2219769824,126.14842691877857,0,1,0,1887502.0735500637
14963045.83630955,14963372.334063934,326.4977543838322,1,1,0,14963372.334063934
3744182.7553873705,3744276.9542228775,94.19883550703526,0,1,0,3744182.7553873705
3918474.65856107,3918652.8949948363,178.23643376631662,1,1,0,3918652.8949948363
848335.1267673018,848392.1298315666,57.003064264776185,0,1,0,848335.1267673018
78215.11988881922,78232.03435561,16.91446679078217,0,1,0,78215.11988881922
8484448.072901974,8484691.211913405,243.13901143148541,1,1,0,8484691.211913405
1194718.1911450252,1194780.1741958333,61.98305080807768,1,1,0,1194780.1741958333
1366738.4142475734,1366748.5326825723,10.118434998905286,1,1,0,1366748.5326825723
18136105.88351695,18136287.681463443,181.79794649407268,1,1,0,18136287.681463443
164717.0409722319,164742.6017402495,25.56076801760355,0,1,0,164717.0409722319
877596.8530442578,877650.172342015,53.319297757116146,1,1,0,877650.172342015
3744182.7553873705,3744330.2598663336,147.50447896309197,0,1,0,3744182.7553873705
8723.458862928584,8725.89910076415,2.440237835566222,1,1,0,8725.89910076415
87082154.59149055,87083045.2810232,890.6895326524973,1,1,0,87083045.2810232
91302.64300771947,91318.04698980636,15.403982086892938,1,1,0,91318.04698980636
7635916.430636806,7636186.307324948,269.8766881413758,0,1,0,7635916.430636806
3264720.039257336,3264886.1903155823,166.15105824638158,1,1,0,3264886.1903155823
1541966.7414974757,1542052.3457468967,85.60424942104146,1,1,0,1542052.3457468967
5032931.654638072,5033082.376471937,150.72183386515826,0,1,0,5032931.654638072
3264720.039257336,3264866.5679048905,146.52864755457267,1,1,0,3264866.5679048905
5204027.1388665065,5204014.502539649,-12.636326857842505,0,1,0,5204027.1388665065
7926732.763656111,7926914.741842226,181.9781861146912,1,1,0,7926914.741842226
4711523.516344199,4711585.679676178,62.163331978954375,1,1,0,4711585.679676178
8467870.481783658,8468053.44247034,182.96068668179214,1,1,0,8468053.44247034
5539966.703701163,5540095.43183002,128.7281288569793,1,1,0,5540095.43183002
3696291.842546434,3696391.098400372,99.25585393793881,0,1,0,3696291.842546434
3555873.389357666,3555993.1743896767,119.78503201063722,1,1,0,3555993.1743896767
57347.75620794325,57356.31867883143,8.562470888180542,1,1,0,57356.31867883143
270228.08370277245,270266.2419100702,38.15820729773259,1,1,0,270266.2419100702
488387.15635510045,488451.5745050195,64.4181499190745,0,1,0,488387.15635510045
1162802.1547270878,1162885.0319825062,82.87725541833788,0,1,0,1162802.1547270878
1323834.5555094294,1323917.693378699,83.1378692695871,0,1,0,1323834.5555094294
6166314.530225852,6166503.3958411645,188.86561531294137,1,1,0,6166503.3958411645
541306.8324120705,541329.332832017,22.500419946503825,1,1,0,541329.332832017
358617.4844571371,358650.4776681405,32.99321100336965,1,1,0,358650.4776681405
827922.5463209351,827951.6908225731,29.144501638016663,1,1,0,827951.6908225731
3311313.074514458,3311276.6376836915,-36.43683076649904,1,1,0,3311276.6376836915
136808.25456196745,136841.26239941697,33.00783744952059,1,1,0,136841.26239941697
6418673.778297663,6418833.742458607,159.96416094433516,1,1,0,6418833.742458607
1186985.7947192837,1187035.1853620016,49.39064271794632,1,1,0,1187035.1853620016
1316327.981716723,1316421.6757378483,93.69402112532407,1,1,0,1316421.6757378483
1600210.0058459565,1600302.463985984,92.45814002747647,1,1,0,1600302.463985984
18832226.203856435,18832434.50780394,208.30394750460982,0,1,0,18832226.203856435
9157139.395737441,9157299.351983387,159.95624594576657,1,1,0,9157299.351983387
56996981.189219184,56997842.18620158,860.996982395649,0,1,0,56996981.189219184
1295858.0874203388,1295912.5184851766,54.43106483784504,1,1,0,1295912.5184851766
456554.533892592,456582.6327792613,28.098886669264175,0,1,0,456554.533892592
1320728.2988037765,1320733.277042939,4.978239162592217,0,1,0,1320728.2988037765
3847982.6834347625,3848141.200492975,158.51705821231008,1,1,0,3848141.200492975
603340.1087191155,603381.9123195781,41.803600462619215,1,1,0,603381.9123195781
1102547.2567188914,1102633.9949262617,86.73820737027563,0,1,0,1102547.2567188914
2226126.4779920583,2226231.2925479338,104.81455587549135,0,1,0,2226126.4779920583
2638739.009628037,2638897.9861178733,158.97648983635008,1,1,0,2638897.9861178733
696512.6474617493,696578.8241266303,66.17666488105897,0,1,0,696512.6474617493
24038.34722782521,24038.146307686082,-0.20092013912653783,1,1,0,24038.146307686082
3918474.65856107,3918652.454125942,177.7955648722127,1,1,0,3918652.454125942
18261271.01981089,18261642.154233042,371.1344221532345,0,1,0,18261271.01981089
317168.26630533405,317158.66621216596,-9.600093168090098,0,1,0,317168.26630533405
32231.878649484108,32238.313946617334,6.435297133226413,0,1,0,32231.878649484108
210527.60844440912,210544.477667902,16.869223492889432,1,1,0,210544.477667902
868505.3979378896,868576.9736887638,71.57575087423902,0,1,0,868505.3979378896
989072.1185014157,989110.7126467099,38.594145294162445,0,1,0,989072.1185014157
8723.458862928584,8726.798447647405,3.3395847188203334,1,1,0,8726.798447647405
1584898.7601277025,1584965.4249043055,66.66477660299279,1,1,0,1584965.4249043055
16288935.882380422,16288835.54032409,-100.34205633215606,0,1,0,16288935.882380422
1266628.4062894674,1266720.2488993444,91.84260987699963,0,1,0,1266628.4062894674
5186102.853918638,5186277.980990865,175.12707222718745,0,1,0,5186102.853918638
11722140.734803813,11722392.981062122,252.246258309111,0,1,0,11722140.734803813
9053401.817717794,9053635.844644977,234.0269271824509,0,1,0,9053401.817717794
9157139.395737441,9157333.006392004,193.61065456271172,1,1,0,9157333.006392004
25615.498348363304,25629.29053691798,13.792188554674794,1,1,0,25629.29053691798
275300.34936256433,275334.65725915745,34.30789659311995,1,1,0,275334.65725915745
4473199.5163095435,4473413.180445345,213.66413580160588,1,1,0,4473413.180445345
6545801.794917186,6546016.579251985,214.7843347992748,0,1,0,6545801.794917186
5032931.654638072,5033062.761830766,131.10719269420952,0,1,0,5032931.654638072
7803938.902313549,7804211.099778833,272.1974652837962,0,1,0,7803938.902313549
1136722.8803715664,1136801.781568917,78.90119735058397,1,1,0,1136801.781568917
1128315.197364823,1128388.028281606,72.83091678307392,0,1,0,1128315.197364823
251866.99430029973,251913.77081839298,46.77651809324743,0,1,0,251866.99430029973
302522.87517644186,302568.5698081417,45.69463169982191,1,1,0,302568.5698081417
1457967.4212666776,1458057.2184568313,89.79719015373848,1,1,0,1458057.2184568313
9009068.180574873,9009092.536815757,24.35624088346958,1,1,0,9009092.536815757
50491357.451323405,50492033.96841578,676.5170923769474,1,1,0,50492033.96841578
12547179.64335476,12547164.611088067,-15.03226669318974,1,1,0,12547164.611088067
2933647.5304894857,2933812.2036509207,164.673161434941,1,1,0,2933812.2036509207
9009068.180574873,9009122.785373481,54.60479860752821,1,1,0,9009122.785373481
1186985.7947192837,1187031.3467968844,45.552077600732446,1,1,0,1187031.3467968844
1185063.0723443073,1185143.765261096,80.69291678862646,1,1,0,1185143.765261096
2249516.706366879,2249625.759955774,109.05358889512718,0,1,0,2249516.706366879
1840959.8609375819,1840985.2468294776,25.385891895741224,0,1,0,1840959.8609375819
4661292.878378823,4661471.286207838,178.40782901458442,1,1,0,4661471.286207838
4473199.5163095435,4473401.098223668,201.58191412407905,1,1,0,4473401.098223668
2832999.772683674,2833139.5987490327,139.82606535870582,0,1,0,2832999.772683674
1887502.0735500637,1887617.0175514966,114.94400143297389,0,1,0,1887502.0735500637
1439949.1875428027,1440046.518505751,97.33096294826828,1,1,0,1440046.518505751
30693.293477189567,30703.004996110063,9.711518920496019,1,1,0,30703.004996110063
87082154.59149055,87082937.26482917,782.6733386218548,1,1,0,87082937.26482917
1541966.7414974757,1542055.5867608872,88.84526341152377,1,1,0,1542055.5867608872
1317559.8390598523,1317605.4250153825,45.585955530172214,0,1,0,1317559.8390598523
62389292.437461406,62390053.31488957,760.8774281665683,1,1,0,62390053.31488957
316679.49738564814,316710.3180505199,30.82066487177508,0,1,0,316679.49738564814
2557075.8568376983,2557169.8577618594,94.00092416116968,1,1,0,2557169.8577618594
8660190.869514309,8660372.972633671,182.10311936214566,1,1,0,8660372.972633671
173787.50616403052,173820.79165249428,33.28548846376361,1,1,0,173820.79165249428
322223.1419589453,322261.86857017723,38.72661123191938,1,1,0,322261.86857017723
3444341.3672214714,3444513.3411766817,171.9739552102983,1,1,0,3444513.3411766817
5339509.742037672,5339478.853405187,-30.888632484711707,0,1,0,5339509.742037672
26760882.45029559,26760970.127406113,87.67711052298546,1,1,0,26760970.127406113
6818589.736849939,6818824.742771953,235.00592201389372,1,1,0,6818824.742771953
55464697.173974074,55465120.849735685,423.67576161026955,0,1,0,55464697.173974074
923573.9689023267,923640.2989135849,66.33001125825103,0,1,0,923573.9689023267
6267293.101332681,6267459.241844658,166.140511976555,0,1,0,6267293.101332681
11092492.727641108,11092732.177311426,239.4496703185141,0,1,0,11092492.727641108
2735603.9828590783,2735627.675392266,23.692533187568188,1,1,0,2735627.675392266
5062129.884637326,5062285.907543483,156.02290615718812,1,1,0,5062285.907543483
275300.34936256433,275337.6936890182,37.344326453865506,0,1,0,275300.34936256433
271261.56384734716,271306.1549343704,44.591087023261935,1,1,0,271306.1549343704
505635.0293831093,505625.84164396574,-9.187739143555518,1,1,0,505625.84164396574
3311313.074514458,3311280.468529491,-32.60598496673629,1,1,0,3311280.468529491
892404.197864787,892483.1851201595,78.98725537257269,1,1,0,892483.1851201595
78215.11988881922,78230.11049122481,14.990602405596292,0,1,0,78215.11988881922
2536371.36190086,2536509.0735820974,137.71168123744428,0,1,0,2536371.36190086
3792467.647795351,3792622.5439075627,154.89611221151426,0,1,0,3792467.647795351
5064724.657256247,5064811.495936973,86.83868072647601,1,1,0,5064811.495936973
4672251.772108818,4672374.180577479,122.4084686608985,0,1,0,4672251.772108818
9157139.395737441,9157291.167727103,151.7719896622002,1,1,0,9157291.167727103
1833909.0521912493,1834008.4642248973,99.4120336479973,0,1,0,1833909.0521912493
10625645.635420606,10625619.248718815,-26.386701790615916,0,1,0,10625645.635420606
675412.6365760632,675404.6254323103,-8.011143752955832,1,1,0,675404.6254323103
745207.949757806,745279.4474167055,71.49765889951959,0,1,0,745207.949757806
288196.10653092293,288234.18047368963,38.073942766699474,0,1,0,288196.10653092293
3918474.65856107,3918639.951789114,165.2932280441746,1,1,0,3918639.951789114
4444553.441807679,4444730.391701388,176.94989370927215,0,1,0,4444553.441807679
729193.054336941,729265.8764095395,72.82207259850111,0,1,0,729193.054336941
5085619.732653755,5085775.802008336,156.06935458164662,0,1,0,5085619.732653755
8821145.12749818,8821405.041701442,259.9142032619566,0,1,0,8821145.12749818
2950735.829942017,2950854.3374742824,118.50753226550296,0,1,0,2950735.829942017
2712093.821702228,2712105.696891802,11.875189573969692,0,1,0,2712093.821702228
1656708.0884794807,1656764.4739498259,56.38547034515068,1,1,0,1656764.4739498259
7807.629659521402,7813.018734997195,5.389075475793106,1,1,0,7813.018734997195
9261969.157809157,9262185.901511976,216.7437028195709,0,1,0,9261969.157809157
32231.878649484108,32236.09434279815,4.215693314043165,1,1,0,32236.09434279815
6315424.572603809,6315608.062376527,183.48977271839976,1,1,0,6315608.062376527
247976.16626194798,248001.92531406324,25.759052115259692,0,1,0,247976.16626194798
371351.76096132013,371371.71994461806,19.958983297925442,0,1,0,371351.76096132013
228383.38374819365,228410.10352445723,26.719776263576932,0,1,0,228383.38374819365
3847982.6834347625,3848147.5521356696,164.8687009071,1,1,0,3848147.5521356696
1317559.8390598523,1317593.2602037068,33.42114385450259,1,1,0,1317593.2602037068
91302.64300771947,91313.69894705397,11.05593933450291,1,1,0,91313.69894705397
2394563.5366497464,2394631.6927483534,68.15609860699624,1,1,0,2394631.6927483534
1351550.231685623,1351612.4663033686,62.23461774550378,1,1,0,1351612.4663033686
164717.0409722319,164748.32776585253,31.286793620645767,0,1,0,164717.0409722319
22755838.314897653,22756173.356679942,335.0417822897434,1,1,0,22756173.356679942
916899.2555327136,916930.4737821096,31.218249395955354,1,1,0,916930.4737821096
752209.8151967054,752284.3404310533,74.52523434790783,0,1,0,752209.8151967054
43564058.15127581,43564168.43238545,110.28110963851213,1,1,0,43564168.43238545
6107213.594303567,6107461.490299136,247.8959955694154,1,1,0,6107461.490299136
210527.60844440912,210546.0620710423,18.453626633185195,1,1,0,210546.0620710423
1784916.1237034977,1785004.3447011365,88.22099763876759,1,1,0,1785004.3447011365
2311697.886006038,2311695.011269375,-2.874736662954092,0,1,0,2311697.886006038
3311313.074514458,3311267.363900585,-45.7106138728559,1,1,0,3311267.363900585
3764700.7099296222,3764853.7606670535,153.05073743127286,0,1,0,3764700.7099296222
49049533.51043717,49049527.459297605,-6.051139563322067,1,1,0,49049527.459297605
3098711.005350954,3098732.0668217996,21.06147084571421,0,1,0,3098711.005350954
217130.62985087992,217119.72058709027,-10.909263789653778,1,1,0,217119.72058709027
557403.996639694,557470.3127174397,66.31607774575241,0,1,0,557403.996639694
5952628.736709481,5952737.410745358,108.67403587698936,0,1,0,5952628.736709481
16038089.777960837,16038472.457410617,382.67944977991283,1,1,0,16038472.457410617
1323834.5555094294,1323913.0075373729,78.45202794345096,1,1,0,1323913.0075373729
837258.492534493,837337.927194907,79.43466041400097,1,1,0,837337.927194907
6545801.794917186,6546007.409224834,205.6143076485023,0,1,0,6545801.794917186
877596.8530442578,877657.391493283,60.53844902513083,1,1,0,877657.391493283
1036435.5005440813,1036516.8864817369,81.38593765557744,1,1,0,1036516.8864817369
3308808.053273834,3308966.933288828,158.8800149941817,0,1,0,3308808.053273834
301996.25721334195,302032.40808724356,36.15087390161352,0,1,0,301996.25721334195
352557.6165754301,352599.920831789,42.30425635888241,1,1,0,352599.920831789
11308933.182431117,11309103.272546967,170.09011585079134,1,1,0,11309103.272546967
8821145.12749818,8821385.837134061,240.70963588170707,0,1,0,8821145.12749818
2852376.305515184,2852493.334723923,117.02920873882249,0,1,0,2852376.305515184
1197094.166977709,1197170.8580264684,76.69104875950143,1,1,0,1197170.8580264684
2053930.2186851925,2053912.4570446839,-17.761640508659184,0,1,0,2053930.2186851925
1984059.5019844382,1984135.6466325156,76.14464807743207,1,1,0,1984135.6466325156
15995590.380903285,15995968.711971197,378.33106791228056,0,1,0,15995590.380903285
1541966.7414974757,1542046.0189373677,79.27743989205919,0,1,0,1541966.7414974757
949446.97900551,949508.8790786125,61.90007310255896,0,1,0,949446.97900551
302522.87517644186,302571.0153197158,48.14014327392215,1,1,0,302571.0153197158
7807.629659521402,7811.0235497224185,3.393890201016802,1,1,0,7811.0235497224185
5452030.376131189,5452214.845293898,184.46916270907968,1,1,0,5452214.845293898
226432.72782276015,226456.55620851295,23.828385752800386,1,1,0,226456.55620851295
15166325.820369095,15166686.324750517,360.50438142195344,0,1,0,15166325.820369095
1732515.28563052,1732604.9478758632,89.66224534320645,1,1,0,1732604.9478758632
3369967.3249944835,3370149.5698398654,182.24484538193792,0,1,0,3369967.3249944835
8703792.266600942,8704124.334900606,332.06829966418445,0,1,0,8703792.266600942
2735603.9828590783,2735600.3679186176,-3.6149404607713223,1,1,0,2735600.3679186176
9157139.395737441,9157321.87112418,182.47538673877716,1,1,0,9157321.87112418
2852376.305515184,2852513.8694521487,137.56393696460873,0,1,0,2852376.305515184
184720.2824123917,184722.30172961415,2.0193172224389855,0,1,0,184720.2824123917
87082154.59149055,87083073.02656037,918.4350698143244,1,1,0,87083073.02656037
344630.39621665515,344674.52752118744,44.131304532289505,0,1,0,344630.39621665515
2046947.6806875272,2047030.3923186038,82.71163107664324,0,1,0,2046947.6806875272
299775.81630832225,299820.4332228103,44.61691448802594,0,1,0,299775.81630832225
1546375.4343229784,1546420.5716227184,45.13729973998852,1,1,0,1546420.5716227184
2745785.3203164386,2745941.432140548,156.11182410921901,0,1,0,2745785.3203164386
3792467.647795351,3792636.905593063,169.2577977119945,0,1,0,3792467.647795351
17258126.75767763,17258459.752808418,332.9951307885349,0,1,0,17258126.75767763
1128315.197364823,1128407.5623863365,92.36502151354216,0,1,0,1128315.197364823
932111.6242528124,932171.7776704009,60.15341758856084,0,1,0,932111.6242528124
2671494.157679522,2671528.3493170575,34.1916375355795,1,1,0,2671528.3493170575
1546375.4343229784,1546405.2610557475,29.826732769142836,1,1,0,1546405.2610557475
13464290.526900984,13464519.744102417,229.2172014322132,0,1,0,13464290.526900984
49049533.51043717,49049598.20222488,64.69178771227598,1,1,0,49049598.20222488
358617.4844571371,358649.6398297519,32.15537261479767,1,1,0,358649.6398297519
3441310.012507437,3441440.0312408605,130.0187334236689,0,1,0,3441310.012507437
5339509.742037672,5339484.41220241,-25.32983526121825,0,1,0,5339509.742037672
3949608.8918481655,3949586.5265432145,-22.365304951090366,0,1,0,3949608.8918481655
699939.25124975,700011.2976893098,72.04643955978099,0,1,0,699939.25124975
8970744.4865961,8971029.204095691,284.71749959141016,0,1,0,8970744.4865961
2299768.9631226896,2299794.477178311,25.514055621344596,0,1,0,2299768.9631226896
4055070.806936847,4055156.5436402787,85.73670343169942,1,1,0,4055156.5436402787
1692722.1104410996,1692835.2312835283,113.12084242864512,1,1,0,1692835.2312835283
6166314.530225852,6166519.633515438,205.10328958649188,1,1,0,6166519.633515438
708463.4910896679,708492.5739021633,29.082812495413236,1,1,0,708492.5739021633
361338.9393590597,361383.27312677633,44.33376771665644,1,1,0,361383.27312677633
2900698.744359983,2900843.4526904123,144.7083304291591,1,1,0,2900843.4526904123
3441310.012507437,3441439.824121907,129.81161447009072,1,1,0,3441439.824121907
2712093.821702228,2712118.1831426183,24.361440390348434,0,1,0,2712093.821702228
897267.1000342931,897285.3127952112,18.21276091807522,0,1,0,897267.1000342931
5408579.412974305,5408697.17750954,117.76453523430973,1,1,0,5408697.17750954
1589807.758968432,1589911.461548518,103.70258008595556,0,1,0,1589807.758968432
1141794.5827811563,1141783.225322425,-11.357458731392398,1,1,0,1141783.225322425
1439949.1875428027,1440053.8088207173,104.62127791461535,1,1,0,1440053.8088207173
1207835.131975527,1207837.7312730283,2.599297501379624,1,1,0,1207837.7312730283
8821145.12749818,8821389.335604364,244.20810618437827,0,1,0,8821145.12749818
272025.46842776664,272065.59026174905,40.12183398241177,0,1,0,272025.46842776664
2529364.595708025,2529516.7014406635,152.10573263838887,0,1,0,2529364.595708025
10160483.823229413,10160653.478480786,169.65525137260556,0,1,0,10160483.823229413
7807.629659521402,7812.162472879086,4.532813357684063,1,1,0,7812.162472879086
2765322.901718614,2765306.595330675,-16.306387939024717,0,1,0,2765322.901718614
358611.4795250947,358660.3548247432,48.875299648498185,0,1,0,358611.4795250947
1320728.2988037765,1320737.693560297,9.394756520399824,0,1,0,1320728.2988037765
453639.64193600364,453670.375885039,30.733949035347905,1,1,0,453670.375885039
3588419.880042036,3588566.1274158433,146.247373807244,0,1,0,3588419.880042036
417793.1975898323,417851.11415863,57.91656879772199,1,1,0,417851.11415863
194734.60515268476,194724.00025116038,-10.604901524377055,1,1,0,194724.00025116038
21267401.38312578,21267701.050155986,299.6670302078128,0,1,0,21267401.38312578
89289.63735968676,89299.17747871472,9.540119027951732,0,1,0,89289.63735968676
399072.6379498997,399121.0601404196,48.42219051986467,1,1,0,399121.0601404196
9053401.817717794,9053654.982308721,253.1645909268409,0,1,0,9053401.817717794
406030.7043884612,406081.20915588463,50.50476742343744,1,1,0,406081.20915588463
15995590.380903285,15995923.08228781,332.7013845257461,0,1,0,15995590.380903285
977831.881083325,977909.4532516628,77.57216833776329,0,1,0,977831.881083325
8479014.152744133,8479306.437613143,292.2848690096289,0,1,0,8479014.152744133
101897.88252210115,101912.43933914579,14.556817044634954,1,1,0,101912.43933914579
2666777.8768750248,2666870.015791467,92.13891644217074,1,1,0,2666870.015791467
21267401.38312578,21267702.766311474,301.3831856958568,0,1,0,21267401.38312578
64231.42592242637,64245.10655921567,13.680636789293203,0,1,0,64231.42592242637
12818208.115752038,12818392.96900309,184.85325105302036,0,1,0,12818208.115752038
106347.35517988839,106373.7388414194,26.383661531013786,1,1,0,106373.7388414194
83695.71604461971,83710.77913538083,15.063090761119383,1,1,0,83710.77913538083
14397904.552325727,14398337.068121139,432.51579541154206,0,1,0,14397904.552325727
2276694.8265848635,2276837.247275487,142.42069062357768,1,1,0,2276837.247275487
8752169.209834285,8752296.375355292,127.1655210070312,0,1,0,8752169.209834285
111840.89129113163,111862.56145734849,21.670166216863436,0,1,0,111840.89129113163
8479014.152744133,8479291.009184042,276.8564399089664,0,1,0,8479014.152744133
1266628.4062894674,1266720.3519203693,91.9456309019588,0,1,0,1266628.4062894674
184720.2824123917,184720.68825892912,0.4058465374109801,0,1,0,184720.2824123917
3468995.0762537047,3469102.5056582214,107.42940451670438,1,1,0,3469102.5056582214
208489.41734393156,208534.57819433243,45.16085040086182,1,1,0,208534.57819433243
226432.72782276015,226455.92667196516,23.198849205014994,1,1,0,226455.92667196516
1847818.0306055099,1847889.9100099246,71.87940441467799,1,1,0,1847889.9100099246
1351533.5000633334,1351624.8678418852,91.36777855176479,1,1,0,1351624.8678418852
2097571.41903134,2097653.2862170474,81.86718570720404,0,1,0,2097571.41903134
11092492.727641108,11092776.836452566,284.10881145857275,0,1,0,11092492.727641108
557160.69466777,557205.3586762338,44.664008463849314,1,1,0,557205.3586762338
2529364.595708025,2529531.75281855,167.15711052482948,0,1,0,2529364.595708025
523660.91779600066,523654.8219265915,-6.095869409153238,0,1,0,523660.91779600066
4996969.950179521,4997178.0050407685,208.05486124753952,0,1,0,4996969.950179521
2431938.739161191,2432122.9561391035,184.21697791246697,1,1,0,2432122.9561391035
128826.74302523359,128839.94191257338,13.198887339793146,1,1,0,128839.94191257338
72605.69454856621,72625.94418222614,20.249633659928804,1,1,0,72625.94418222614
301996.25721334195,302019.57190175337,23.314688411424868,1,1,0,302019.57190175337
830884.2326671011,830891.7610967732,7.528429672122002,1,1,0,830891.7610967732
9569752.467083942,9569976.116370257,223.64928631484509,1,1,0,9569976.116370257
1441571.662447081,1441674.9994515972,103.33700451627374,0,1,0,1441571.662447081
3279649.9915555706,3279775.524248878,125.53269330738112,1,1,0,3279775.524248878
8703792.266600942,8704074.410948435,282.14434749260545,0,1,0,8703792.266600942
325957.7981311924,326005.46875124925,47.67062005685875,0,1,0,325957.7981311924
989072.1185014157,989108.0014103075,35.88290889177006,0,1,0,989072.1185014157
65432610.961475864,65433034.21315402,423.2516781538725,1,1,0,65433034.21315402
13750062.722413579,13750374.104564508,311.3821509294212,0,1,0,13750062.722413579
126040497.34316106,126041465.39692293,968.053761869669,1,1,0,126041465.39692293
949446.97900551,949531.036423314,84.05741780402604,0,1,0,949446.97900551
16288935.882380422,16288820.332515063,-115.54986535944045,0,1,0,16288935.882380422
5452030.376131189,5452276.987463824,246.61133263539523,1,1,0,5452276.987463824
131032.49230534109,131062.56910832065,30.076802979558124,1,1,0,131062.56910832065
4711523.516344199,4711605.824796284,82.30845208466053,1,1,0,4711605.824796284
2671494.157679522,2671544.305214724,50.14753520209342,1,1,0,2671544.305214724
2950735.829942017,2950858.636888663,122.80694664595649,0,1,0,2950735.829942017
8075314.9467557175,8075488.517910002,173.57115428429097,0,1,0,8075314.9467557175
358611.4795250947,358658.69000038895,47.21047529426869,0,1,0,358611.4795250947
4968387.499149974,4968552.464208511,164.96505853626877,0,1,0,4968387.499149974
665220.4480806327,665241.7003974766,21.252316843834706,0,1,0,665220.4480806327
8954391.253223268,8954578.289062778,187.03583950921893,1,1,0,8954578.289062778
857953.4482020778,857981.6383410865,28.190139008685946,1,1,0,857981.6383410865
923573.9689023267,923642.9272861358,68.95838380919304,0,1,0,923573.9689023267
272025.46842776664,272070.9273066975,45.458878930832725,0,1,0,272025.46842776664
8703792.266600942,8704067.419494862,275.1528939194977,0,1,0,8703792.266600942
745207.949757806,745279.7886769564,71.83891915041022,0,1,0,745207.949757806
1102547.2567188914,1102629.294767227,82.03804833558388,0,1,0,1102547.2567188914
270228.08370277245,270270.7743517316,42.690648959134705,0,1,0,270228.08370277245
55655.11606647748,55663.50891633134,8.392849853858934,0,1,0,55655.11606647748
37795.38352000409,37806.48239872372,11.098878719625645,1,1,0,37806.48239872372
1194718.1911450252,1194772.6935303963,54.50238537113182,0,1,0,1194718.1911450252
958344.2751426427,958387.288264123,43.01312148035504,0,1,0,958344.2751426427
6137738.923402802,6137968.720401161,229.79699835926294,1,1,0,6137968.720401161
65432610.961475864,65433134.93806677,523.9765909090638,1,1,0,65433134.93806677
6881966.102418847,6882166.761639161,200.65922031365335,0,1,0,6881966.102418847
330522.72953870264,330516.4535960125,-6.275942690146621,0,1,0,330522.72953870264
5952628.736709481,5952765.527361991,136.79065250977874,0,1,0,5952628.736709481
73557585.94548212,73558358.10961603,772.1641339063644,0,1,0,73557585.94548212
2671494.157679522,2671519.865740773,25.70806125085801,1,1,0,2671519.865740773
22755838.314897653,22756245.178627703,406.8637300506234,1,1,0,22756245.178627703
4968387.499149974,4968600.1975048985,212.69835492409766,0,1,0,4968387.499149974
3744182.7553873705,3744319.9988002023,137.2434128317982,0,1,0,3744182.7553873705
115474675.43179981,115475284.92533799,609.4935381710529,0,1,0,115474675.43179981
14963045.83630955,14963384.016288087,338.1799785364419,1,1,0,14963384.016288087
307201.8211322222,307235.59279502754,33.77166280534584,0,1,0,307201.8211322222
1185063.0723443073,1185147.9878888503,84.91554454294965,1,1,0,1185147.9878888503
1113629.9438749468,1113688.3931206535,58.44924570666626,1,1,0,1113688.3931206535
696512.6474617493,696580.4519456237,67.80448387446813,0,1,0,696512.6474617493
764282.5472246957,764310.9233189772,28.376094281557016,0,1,0,764282.5472246957
30693.293477189567,30705.29613895451,12.002661764941877,1,1,0,30705.29613895451
5339509.742037672,5339491.127666722,-18.614370949566364,0,1,0,5339509.742037672
257622.0217765094,257653.7575700286,31.735793519183062,0,1,0,257622.0217765094
5871384.695678936,5871414.080571561,29.384892624802887,0,1,0,5871384.695678936
2046947.6806875272,2047030.2164501876,82.5357626604382,0,1,0,2046947.6806875272
1185063.0723443073,1185136.83784577,73.76550146262161,1,1,0,1185136.83784577
1185063.0723443073,1185145.926101541,82.85375723359175,1,1,0,1185145.926101541
2886472.6845166525,2886584.2261815616,111.54166490910575,0,1,0,2886472.6845166525
1441571.662447081,1441660.550029726,88.88758264505304,0,1,0,1441571.662447081
5952628.736709481,5952768.574176793,139.83746731188148,0,1,0,5952628.736709481
270228.08370277245,270273.7788809659,45.695178193447646,1,1,0,270273.7788809659
316679.49738564814,316723.04414386133,43.54675821319688,0,1,0,316679.49738564814
932111.6242528124,932156.3771674911,44.75291467877105,0,1,0,932111.6242528124
40801.915232038744,40815.62146743262,13.706235393874522,1,1,0,40815.62146743262
2613654.8035987765,2613743.4013271653,88.59772838884965,0,1,0,2613654.8035987765
505635.0293831093,505623.6436154176,-11.385767691710498,1,1,0,505623.6436154176
1973503.8758253946,1973597.2238062078,93.34798081312329,0,1,0,1973503.8758253946
317168.26630533405,317158.9634388801,-9.302866453945171,0,1,0,317168.26630533405
31668.213321512576,31682.74510092929,14.531779416713107,0,1,0,31668.213321512576
869135.7452143782,869151.4394253927,15.694211014430039,1,1,0,869151.4394253927
152838.99367302624,152857.19299353755,18.19932051131036,1,1,0,152857.19299353755
3744182.7553873705,3744315.6562369685,132.90084959799424,0,1,0,3744182.7553873705
2480242.3376656794,2480377.7580684526,135.4204027731903,0,1,0,2480242.3376656794
303416.7383330743,303445.930411145,29.192078070656862,0,1,0,303416.7383330743
894801.3075319069,894805.0547932282,3.7472613212885335,1,1,0,894805.0547932282
493835.05221289245,493864.1899547969,29.137741904472932,0,1,0,493835.05221289245
808379.2503040457,808461.0899287082,81.83962466241792,0,1,0,808379.2503040457
6974419.406856188,6974562.691580854,143.28472466673702,0,1,0,6974419.406856188
6950417.938389312,6950690.403729192,272.46533988043666,0,1,0,6950417.938389312
363382.5418187947,363372.6644695793,-9.877349215385038,0,1,0,363382.5418187947
1366738.4142475734,1366744.5373730452,6.123125471873209,0,1,0,1366738.4142475734
128287.41712272058,128316.05273855788,28.63561583729461,1,1,0,128316.05273855788
28001689.605240937,28001891.362710983,201.75747004523873,0,1,0,28001689.605240937
2613654.8035987765,2613759.5269472743,104.72334849787876,0,1,0,2613654.8035987765
603340.1087191155,603378.5056262462,38.39690713072196,1,1,0,603378.5056262462
1598176.0004475587,1598280.2288036903,104.22835613158531,1,1,0,1598280.2288036903
303416.7383330743,303453.69019801833,36.95186494401423,0,1,0,303416.7383330743
2276694.8265848635,2276809.8639235343,115.03733867080882,1,1,0,2276809.8639235343
336499.631565286,336526.97924419463,27.34767890861258,0,1,0,336499.631565286
1441571.662447081,1441673.413223666,101.75077658495866,0,1,0,1441571.662447081
314336.0104231434,314357.5030352557,21.49261211231351,0,1,0,314336.0104231434
5204027.1388665065,5204044.350554192,17.211687685921788,0,1,0,5204027.1388665065
344630.39621665515,344673.08254102967,42.686324374517426,1,1,0,344673.08254102967
17550089.65454335,17550054.602286823,-35.052256528288126,0,1,0,17550089.65454335
2491099.527741081,2491178.983366576,79.45562549494207,1,1,0,2491178.983366576
73966.16767497586,73981.78629738165,15.61862240578921,0,1,0,73966.16767497586
11722140.734803813,11722342.11987393,201.38507011719048,0,1,0,11722140.734803813
696512.6474617493,696590.3173259945,77.66986424522474,0,1,0,696512.6474617493
7262505.909070471,7262732.016432474,226.10736200306565,1,1,0,7262732.016432474
32231.878649484108,32235.790758904044,3.9121094199363142,1,1,0,32235.790758904044
1589807.758968432,1589904.3641082933,96.60513986134902,0,1,0,1589807.758968432
688068.9480252689,688138.0103263692,69.06230110034812,1,1,0,688138.0103263692
101897.88252210115,101913.4561074555,15.573585354344686,1,1,0,101913.4561074555
2933647.5304894857,2933810.762118436,163.2316289502196,1,1,0,2933810.762118436
918396.4697902963,918492.2739738317,95.80418353539426,0,1,0,918396.4697902963
267303.5556422124,267332.1732772319,28.617635019531008,1,1,0,267332.1732772319
813446.3916675202,813494.5507812317,48.159113711561076,0,1,0,813446.3916675202
4630434.0091187805,4630568.594039722,134.58492094185203,0,1,0,4630434.0091187805
1541966.7414974757,1542039.0709116329,72.32941415719688,1,1,0,1542039.0709116329
7807.629659521402,7812.619600111673,4.989940590271544,1,1,0,7812.619600111673
11377672.495031105,11378004.692390924,332.1973598189652,1,1,0,11378004.692390924
2394563.5366497464,2394623.8796058185,60.34295607218519,1,1,0,2394623.8796058185
2911166.6700741975,2911265.8547270773,99.18465287983418,1,1,0,2911265.8547270773
2712093.821702228,2712067.8544598166,-25.967242411337793,0,1,0,2712093.821702228
14397904.552325727,14398252.092235012,347.5399092845619,0,1,0,14397904.552325727
480149.34843615216,480165.19159286236,15.84315671020886,0,1,0,480149.34843615216
15995590.380903285,15995948.761530332,358.38062704727054,0,1,0,15995590.380903285
5062129.884637326,5062276.622763774,146.73812644835562,1,1,0,5062276.622763774
2046947.6806875272,2047039.7285854933,92.04789796611294,0,1,0,2046947.6806875272
2638739.009628037,2638902.973269415,163.96364137809724,1,1,0,2638902.973269415
17550089.65454335,17550115.56994548,25.915402129292488,0,1,0,17550089.65454335
3901496.3747172593,3901623.721671478,127.3469542185776,0,1,0,3901496.3747172593
813446.3916675202,813498.3073031444,51.91563562420197,0,1,0,813446.3916675202
65432610.961475864,65433102.70039361,491.7389177456498,1,1,0,65433102.70039361
316679.49738564814,316717.3495821671,37.85219651897205,0,1,0,316679.49738564814
1036435.5005440813,1036511.3212044145,75.82066033314914,0,1,0,1036435.5005440813
289238.17066096887,289273.6908781707,35.52021720184712,0,1,0,289238.17066096887
1412557.5132314658,1412604.4627120695,46.94948060368188,1,1,0,1412604.4627120695
28653.1627601185,28666.337420593034,13.174660474534903,1,1,0,28666.337420593034
3901496.3747172593,3901607.2402076563,110.86549039697275,0,1,0,3901496.3747172593
56996981.189219184,56997868.627768286,887.4385491013527,1,1,0,56997868.627768286
2900698.744359983,2900847.759504991,149.01514500798658,1,1,0,2900847.759504991
284389.25547435007,284404.62514783756,15.369673487497494,0,1,0,284389.25547435007
21676083.39937474,21676470.166911736,386.7675369977951,0,1,0,21676083.39937474
1412557.5132314658,1412611.02273578,53.509504314279184,1,1,0,1412611.02273578
3264720.039257336,3264890.961942313,170.92268497683108,0,1,0,3264720.039257336
600886.3911490919,600891.7041913453,5.313042253372259,0,1,0,600886.3911490919
344630.39621665515,344671.0288474541,40.63263079896569,0,1,0,344630.39621665515
8467870.481783658,8468039.552547865,169.07076420634985,1,1,0,8468039.552547865
1692722.1104410996,1692821.2988978191,99.1884567195084,1,1,0,1692821.2988978191
2680034.264666479,2680058.706445898,24.441779418848455,0,1,0,2680034.264666479
16288935.882380422,16288857.666972866,-78.21540755592287,1,1,0,16288857.666972866
18378690.41092002,18378900.71495681,210.3040367886424,0,1,0,18378690.41092002
8533076.474076575,8533351.648023533,275.17394695803523,1,1,0,8533351.648023533
8703792.266600942,8704077.641499592,285.37489864975214,0,1,0,8703792.266600942
1563225.6622291547,1563270.0349690614,44.372739906655625,0,1,0,1563225.6622291547
1973503.8758253946,1973626.6465470078,122.77072161319666,1,1,0,1973626.6465470078
1438682.1837841508,1438751.6435301802,69.4597460294608,1,1,0,1438751.6435301802
206665.50040455983,206667.82388481358,2.32348025374813,1,1,0,206667.82388481358
3303913.5029092655,3303923.657234643,10.154325377661735,0,1,0,3303913.5029092655
6107213.594303567,6107407.902267624,194.30796405673027,1,1,0,6107407.902267624
940814.7458863003,940890.6696899126,75.92380361224059,0,1,0,940814.7458863003
43531.92772688013,43544.456747425844,12.529020545713138,0,1,0,43531.92772688013
3901496.3747172593,3901640.5332354195,144.1585181602277,0,1,0,3901496.3747172593
21267401.38312578,21267799.611471996,398.2283462174237,0,1,0,21267401.38312578
3369967.3249944835,3370121.1413375963,153.8163431128487,0,1,0,3369967.3249944835
830884.2326671011,830891.3720869431,7.139419842045754,1,1,0,830891.3720869431
4313412.746343347,4313598.29658092,185.55023757275194,0,1,0,4313412.746343347
1162802.1547270878,1162892.6891952755,90.53446818771772,0,1,0,1162802.1547270878
1187614.1943890834,1187642.206102262,28.011713178595528,0,1,0,1187614.1943890834
26988681.274377275,26989130.186347857,448.91197058185935,0,1,0,26988681.274377275
22755838.314897653,22756246.292764265,407.9778666123748,1,1,0,22756246.292764265
2422591.3953044866,2422569.6096282904,-21.785676196217537,0,1,0,2422591.3953044866
716912.0076669466,716977.757609951,65.749943004339,1,1,0,716977.757609951
3555873.389357666,3556036.2807893767,162.8914317106828,1,1,0,3556036.2807893767
246477.5002228199,246498.72913769892,21.228914879029617,1,1,0,246498.72913769892
716912.0076669466,716971.5276854353,59.52001848863438,1,1,0,716971.5276854353
3396659.1216773177,3396794.856139681,135.73446236317977,0,1,0,3396659.1216773177
8954391.253223268,8954573.779950555,182.52672728709877,1,1,0,8954573.779950555
29222551.020591423,29222949.357292853,398.33670143038034,1,1,0,29222949.357292853
6545801.794917186,6546040.935878159,239.14096097275615,0,1,0,6545801.794917186
716912.0076669466,716984.5746392822,72.5669723355677,1,1,0,716984.5746392822
1023654.9991617198,1023744.4978328828,89.49867116298992,0,1,0,1023654.9991617198
830884.2326671011,830902.0450518733,17.81238477223087,1,1,0,830902.0450518733
4123960.8068271712,4124130.3705177535,169.5636905822903,1,1,0,4124130.3705177535
591274.0227204594,591269.4423329707,-4.580387488706037,0,1,0,591274.0227204594
10160483.823229413,10160681.845584396,198.02235498279333,0,1,0,10160483.823229413
16142476.34821393,16142451.624360997,-24.723852932453156,1,1,0,16142451.624360997
1912309.9256228476,1912326.8448847295,16.919261881848797,0,1,0,1912309.9256228476
932111.6242528124,932169.4618239406,57.83757112827152,0,1,0,932111.6242528124
696512.6474617493,696579.5061247972,66.8586630478967,0,1,0,696512.6474617493
2394563.5366497464,2394637.3388794144,73.80222966801375,1,1,0,2394637.3388794144
8533076.474076575,8533362.112204889,285.63812831416726,0,1,0,8533076.474076575
21267401.38312578,21267754.952949006,353.5698232278228,0,1,0,21267401.38312578
231523.73750709067,231573.33649425383,49.59898716316093,0,1,0,231523.73750709067
830884.2326671011,830901.546526225,17.31385912396945,1,1,0,830901.546526225
4447812.172309932,4447962.403089701,150.23077976889908,1,1,0,4447962.403089701
1181567.163125584,1181593.9808718849,26.817746300948784,0,1,0,1181567.163125584
74293.52958226226,74308.94862680385,15.419044541587937,0,1,0,74293.52958226226
288546.4900829719,288586.1765931723,39.686510200379416,1,1,0,288586.1765931723
1102547.2567188914,1102608.9372076476,61.68048875615932,0,1,0,1102547.2567188914
2735603.9828590783,2735624.2169895065,20.234130428172648,1,1,0,2735624.2169895065
6418673.778297663,6418830.111140955,156.33284329250455,1,1,0,6418830.111140955
4026220.8206423842,4026254.2890820545,33.46843967027962,1,1,0,4026254.2890820545
6688005.365227348,6688088.359367053,82.9941397048533,1,1,0,6688088.359367053
6749905.662706231,6750143.69893911,238.03623287938535,0,1,0,6749905.662706231
612765.4293915267,612808.3844926336,42.95510110689793,0,1,0,612765.4293915267
1935007.1763858767,1935088.3823233042,81.2059374274686,1,1,0,1935088.3823233042
1181567.163125584,1181583.3210771226,16.157951538683847,0,1,0,1181567.163125584
1266628.4062894674,1266726.9369150242,98.53062555682845,0,1,0,1266628.4062894674
56996981.189219184,56997768.41851052,787.2292913347483,1,1,0,56997768.41851052
15240459.766304024,15240723.045888709,263.2795846853405,0,1,0,15240459.766304024
4818590.949920602,4818782.671346141,191.7214255388826,0,1,0,4818590.949920602
85179.0353196006,85190.50687162444,11.47155202383874,0,1,0,85179.0353196006
301996.25721334195,302023.16020374745,26.90299040550599,0,1,0,301996.25721334195
330522.72953870264,330519.308462849,-3.421075853635557,0,1,0,330522.72953870264
46930.07620902709,46940.63173968727,10.55553066018183,1,1,0,46940.63173968727
200327.36719258642,200362.86318762894,35.495995042525465,1,1,0,200362.86318762894
159751.27052301558,159774.04059654276,22.770073527179193,1,1,0,159774.04059654276
1912309.9256228476,1912323.9819703426,14.05634749494493,0,1,0,1912309.9256228476
7635916.430636806,7636200.4106447175,283.980007911101,0,1,0,7635916.430636806
1875689.3336533802,1875806.1930904367,116.85943705658428,0,1,0,1875689.3336533802
7803938.902313549,7804170.540877225,231.63856367580593,0,1,0,7803938.902313549
346034.3525447402,346064.7808452672,30.42830052698264,1,1,0,346064.7808452672
1584898.7601277025,1584961.009331777,62.249204074498266,1,1,0,1584961.009331777
28653.1627601185,28666.613453061134,13.450692942635214,1,1,0,28666.613453061134
4055070.806936847,4055166.379957991,95.57302114414051,1,1,0,4055166.379957991
485658.0759866033,485696.82118312153,38.7451965182554,0,1,0,485658.0759866033
11092492.727641108,11092743.962616367,251.23497525975108,0,1,0,11092492.727641108
11265012.111761114,11265331.54051576,319.4287546463311,1,1,0,11265331.54051576
642908.6820874109,642980.4953676019,71.81328019092325,0,1,0,642908.6820874109
267303.5556422124,267341.0989291585,37.543286946136504,1,1,0,267341.0989291585
346247.4032302296,346296.6517955889,49.248565359273925,1,1,0,346296.6517955889
1802819.8107165669,1802940.6033064548,120.79258988797665,1,1,0,1802940.6033064548
2671494.157679522,2671512.5226019,18.364922378212214,1,1,0,2671512.5226019
62389292.437461406,62390056.195867345,763.7584059387445,1,1,0,62390056.195867345
18136105.88351695,18136330.872660805,224.98914385586977,0,1,0,18136105.88351695
6508378.248619787,6508613.658822035,235.41020224802196,1,1,0,6508613.658822035
51766.28039870045,51775.90896337967,9.628564679216652,0,1,0,51766.28039870045
217130.62985087992,217126.94301936036,-3.6868315195606556,1,1,0,217126.94301936036
143397.80670130212,143419.14794311102,21.341241808899213,1,1,0,143419.14794311102
1935007.1763858767,1935097.1345459095,89.95816003275104,0,1,0,1935007.1763858767
877596.8530442578,877651.9036554138,55.050611155922525,1,1,0,877651.9036554138
321945.96354026685,321983.74560511933,37.78206485247938,1,1,0,321983.74560511933
1097625.1657385358,1097717.6600065776,92.49426804180257,0,1,0,1097625.1657385358
1877574.1617981063,1877669.7356518528,95.57385374652222,1,1,0,1877669.7356518528
4569440.014474772,4569437.777432378,-2.2370423935353756,0,1,0,4569440.014474772
115474675.43179981,115475478.09946439,802.6676645725965,0,1,0,115474675.43179981
10625645.635420606,10625701.556874692,55.92145408689976,0,1,0,10625645.635420606
1323834.5555094294,1323915.2407377777,80.68522834824398,1,1,0,1323915.2407377777
9261409.531546298,9261522.287299858,112.75575355999172,0,1,0,9261409.531546298
4916904.179045604,4917113.1551338015,208.97608819790184,1,1,0,4917113.1551338015
406030.7043884612,406083.4092420412,52.70485357998405,1,1,0,406083.4092420412
11991389.271983214,11991666.048425477,276.7764422632754,0,1,0,11991389.271983214
727558.0228634931,727565.1909749301,7.168111437000334,0,1,0,727558.0228634931
2422591.3953044866,2422548.2659193357,-43.12938515096903,0,1,0,2422591.3953044866
2422591.3953044866,2422571.2904365165,-20.10486797010526,0,1,0,2422591.3953044866
914801.2580343555,914841.3614642007,40.10342984518502,0,1,0,914801.2580343555
188776.47087672603,188803.56561247213,27.094735746097285,0,1,0,188776.47087672603
4282582.57650045,4282763.734849787,181.15834933705628,0,1,0,4282582.57650045
1536309.656775106,1536392.522229042,82.86545393592678,1,1,0,1536392.522229042
17258126.75767763,17258443.83430811,317.0766304805875,0,1,0,17258126.75767763
2538430.5795847196,2538546.6062477725,116.02666305284947,0,1,0,2538430.5795847196
245120.37973896507,245160.0180725296,39.63833356453688,1,1,0,245160.0180725296
184720.2824123917,184727.31251015502,7.030097763316007,0,1,0,184720.2824123917
688068.9480252689,688133.4079037459,64.45987847703509,1,1,0,688133.4079037459
37795.38352000409,37807.17964061104,11.796120606944896,1,1,0,37807.17964061104
14851905.397995414,14852177.805190535,272.4071951210499,1,1,0,14852177.805190535
6267566.109666087,6267752.301427069,186.19176098238677,0,1,0,6267566.109666087
563470.8148823524,563484.9450236176,14.130141265224665,0,1,0,563470.8148823524
642908.6820874109,642981.8146408133,73.13255340233445,0,1,0,642908.6820874109
3441310.012507437,3441429.962650679,119.95014324225485,1,1,0,3441429.962650679
3023575.6087595387,3023734.8327683765,159.2240088377148,0,1,0,3023575.6087595387
270228.08370277245,270268.05428643816,39.970583665708546,1,1,0,270268.05428643816
459151.05859247845,459214.0785658361,63.019973357673734,0,1,0,459151.05859247845
219236.16556815492,219250.28901509926,14.123446944344323,1,1,0,219250.28901509926
26963577.599322863,26963986.056744047,408.4574211835861,0,1,0,26963577.599322863
8752169.209834285,8752319.73299113,150.5231568440795,0,1,0,8752169.209834285
3444341.3672214714,3444496.3016125862,154.93439111486077,1,1,0,3444496.3016125862
2671494.157679522,2671545.71102114,51.55334161827341,1,1,0,2671545.71102114
14851905.397995414,14852254.77114168,349.37314626574516,1,1,0,14852254.77114168
299775.81630832225,299819.7994221298,43.98311380756786,0,1,0,299775.81630832225
2638739.009628037,2638898.3340604557,159.32443241868168,1,1,0,2638898.3340604557
47228.480858625044,47241.16039534866,12.679536723619094,0,1,0,47228.480858625044
91302.64300771947,91317.74564482708,15.10263710761501,1,1,0,91317.74564482708
788281.9966175453,788368.2714924131,86.2748748678714,0,1,0,788281.9966175453
304624.5451172913,304662.4587628035,37.913645512249786,0,1,0,304624.5451172913
1058085.8852486974,1058142.0434079391,56.158159241778776,0,1,0,1058085.8852486974
12780260.198375776,12780470.240776148,210.0424003712833,0,1,0,12780260.198375776
47228.480858625044,47239.41590670825,10.93504808320722,1,1,0,47239.41590670825
579185.212373264,579234.3194348516,49.10706158762332,1,1,0,579234.3194348516
12606182.454915939,12606381.464155238,199.00923929922283,0,1,0,12606182.454915939
847871.7805865989,847954.6122131072,82.83162650826853,0,1,0,847871.7805865989
1103001.5846540234,1103077.6598654592,76.07521143578924,1,1,0,1103077.6598654592
2666777.8768750248,2666878.475289451,100.59841442620382,1,1,0,2666878.475289451
658591.290558868,658659.0707740504,67.78021518245805,1,1,0,658659.0707740504
271261.56384734716,271305.77901110955,44.21516376239015,1,1,0,271305.77901110955
2394563.5366497464,2394638.219204084,74.68255433766171,1,1,0,2394638.219204084
1935007.1763858767,1935075.4607598463,68.28437396953814,0,1,0,1935007.1763858767
1036195.9052392339,1036280.2791612293,84.37392199540045,0,1,0,1036195.9052392339
1317559.8390598523,1317596.983916611,37.14485675864853,0,1,0,1317559.8390598523
1790078.386154597,1790131.7137104792,53.32755588227883,0,1,0,1790078.386154597
1068098.8974435492,1068181.2657045913,82.36826104205102,0,1,0,1068098.8974435492
11377672.495031105,11378010.652609304,338.1575781982392,1,1,0,11378010.652609304
2168299.489557914,2168399.308780067,99.81922215316445,0,1,0,2168299.489557914
2394563.5366497464,2394624.000858138,60.46420839149505,1,1,0,2394624.000858138
5204027.1388665065,5204040.190193584,13.051327077671885,0,1,0,5204027.1388665065
126040497.34316106,126041425.20956646,927.8664053976536,1,1,0,126041425.20956646
553199.9642455443,553246.0721765545,46.10793101019226,0,1,0,553199.9642455443
745720.2629841297,745794.56486473,74.30188060028013,1,1,0,745794.56486473
289238.17066096887,289271.7621492264,33.591488257516176,0,1,0,289238.17066096887
448460.24132450164,448451.36615684594,-8.875167655700352,0,1,0,448460.24132450164
148937.9423668604,148970.97169615226,33.029329291865,0,1,0,148937.9423668604
11092492.727641108,11092765.931447199,273.2038060911,0,1,0,11092492.727641108
953850.1498512649,953847.4929872343,-2.6568640306359157,0,1,0,953850.1498512649
257622.0217765094,257660.6326603544,38.61088384498726,0,1,0,257622.0217765094
869135.7452143782,869150.2438976016,14.498683223384432,1,1,0,869150.2438976016
4282582.57650045,4282725.339521055,142.76302060484886,0,1,0,4282582.57650045
4181973.138940897,4182038.462070059,65.32312916219234,1,1,0,4182038.462070059
26730890.61411587,26731300.132060234,409.51794436201453,0,1,0,26730890.61411587
221592.883482504,221618.96079886644,26.077316362439888,1,1,0,221618.96079886644
5452030.376131189,5452240.874028332,210.4978971425444,1,1,0,5452240.874028332
26963577.599322863,26964085.296278626,507.69695576280355,0,1,0,26963577.599322863
1877574.1617981063,1877678.0955275754,103.93372946907766,1,1,0,1877678.0955275754
1023654.9991617198,1023751.4740146622,96.47485294239596,0,1,0,1023654.9991617198
448728.62425109005,448714.6224196085,-14.001831481524277,0,1,0,448728.62425109005
8484448.072901974,8484694.105271425,246.03236945159733,1,1,0,8484694.105271425
1412557.5132314658,1412613.2061129669,55.69288150104694,1,1,0,1412613.2061129669
1598176.0004475587,1598295.1952914873,119.19484392856248,1,1,0,1598295.1952914873
10681598.53702642,10681891.982716266,293.4456898458302,0,1,0,10681598.53702642
868505.3979378896,868586.6063132125,81.20837532298174,0,1,0,868505.3979378896
7262505.909070471,7262713.712459879,207.80338940769434,1,1,0,7262713.712459879
5370582.517845528,5370782.732456502,200.21461097337306,1,1,0,5370782.732456502
1023162.4888987541,1023156.1321648232,-6.3567339308792725,0,1,0,1023162.4888987541
772484.1382946647,772520.6994786201,36.561183955403976,0,1,0,772484.1382946647
1692722.1104410996,1692826.909671149,104.79923004936427,1,1,0,1692826.909671149
1563796.9995148082,1563911.114961793,114.11544698476791,0,1,0,1563796.9995148082
1563796.9995148082,1563896.3187987763,99.31928396807052,0,1,0,1563796.9995148082
127187.43128642272,127215.04300865796,27.611722235233174,0,1,0,127187.43128642272
6974419.406856188,6974550.3751752395,130.96831905189902,0,1,0,6974419.406856188
56996981.189219184,56997734.3405872,753.1513680145144,0,1,0,56996981.189219184
911691.9132797144,911759.7211376205,67.80785790609661,0,1,0,911691.9132797144
2933647.5304894857,2933798.966087665,151.43559817923233,1,1,0,2933798.966087665
5452030.376131189,5452242.604853031,212.22872184216976,1,1,0,5452242.604853031
868505.3979378896,868596.0212782114,90.62334032182116,0,1,0,868505.3979378896
17258126.75767763,17258419.3461121,292.5884344689548,0,1,0,17258126.75767763
2046947.6806875272,2047052.5655413254,104.88485379819758,0,1,0,2046947.6806875272
2613654.8035987765,2613727.7045738525,72.90097507601604,0,1,0,2613654.8035987765
358617.4844571371,358636.219194001,18.734736863872968,1,1,0,358636.219194001
822808.5080977706,822894.5083043749,86.0002066042507,1,1,0,822894.5083043749
128287.41712272058,128322.17824494168,34.76112222109805,1,1,0,128322.17824494168
911691.9132797144,911770.167007329,78.25372761453036,0,1,0,911691.9132797144
50491357.451323405,50491946.42015062,588.9688272178173,1,1,0,50491946.42015062
3847982.6834347625,3848132.9092924106,150.22585764806718,1,1,0,3848132.9092924106
2046947.6806875272,2047050.5393350655,102.85864753834903,0,1,0,2046947.6806875272
1802819.8107165669,1802935.4054413417,115.59472477482632,1,1,0,1802935.4054413417
18832226.203856435,18832474.664550904,248.4606944695115,0,1,0,18832226.203856435
5622931.97593603,5622999.254954545,67.27901851478964,0,1,0,5622931.97593603
5064724.657256247,5064800.419915433,75.76265918649733,1,1,0,5064800.419915433
1799167.8563814259,1799291.3727143838,123.51633295789361,1,1,0,1799291.3727143838
2492497.284461207,2492515.05286826,17.768407052848488,1,1,0,2492515.05286826
229368.04254773862,229399.87417101633,31.831623277714243,1,1,0,229399.87417101633
1186985.7947192837,1187035.4142161494,49.61949686566368,1,1,0,1187035.4142161494
1023654.9991617198,1023749.7875151441,94.78835342428647,1,1,0,1023749.7875151441
453639.64193600364,453675.9515176142,36.309581610548776,0,1,0,453639.64193600364
2638739.009628037,2638909.118925242,170.10929720522836,1,1,0,2638909.118925242
4818590.949920602,4818787.260434388,196.31051378604025,0,1,0,4818590.949920602
11308933.182431117,11309088.078771757,154.89634064026177,1,1,0,11309088.078771757
2900698.744359983,2900856.158412287,157.41405230388045,1,1,0,2900856.158412287
6950417.938389312,6950671.126765757,253.18837644532323,0,1,0,6950417.938389312
1847818.0306055099,1847902.4474474736,84.41684196377173,1,1,0,1847902.4474474736
503992.76184165524,504029.9350227936,37.17318113835063,0,1,0,503992.76184165524
114258.11541712612,114283.76526783366,25.64985070754483,1,1,0,114283.76526783366
3806815.3492183303,3806878.324262905,62.97504457458854,1,1,0,3806878.324262905
3901496.3747172593,3901634.322353717,137.94763645762578,0,1,0,3901496.3747172593
688068.9480252689,688139.3406271259,70.39260185707826,0,1,0,688068.9480252689
173787.50616403052,173821.30990139896,33.80373736843467,0,1,0,173787.50616403052
8605830.666446242,8606035.776154656,205.1097084134817,1,1,0,8606035.776154656
1266628.4062894674,1266715.0597077652,86.6534182978794,0,1,0,1266628.4062894674
8151091.979372842,8151316.30893601,224.3295631678775,0,1,0,8151091.979372842
2933647.5304894857,2933811.581677486,164.05118800047785,1,1,0,2933811.581677486
304624.5451172913,304667.8844694895,43.339352198236156,0,1,0,304624.5451172913
1784916.1237034977,1785021.9075287392,105.78382524149492,1,1,0,1785021.9075287392
1058085.8852486974,1058145.041632493,59.156383795663714,0,1,0,1058085.8852486974
2671494.157679522,2671526.0228448473,31.865165325347334,1,1,0,2671526.0228448473
8484448.072901974,8484681.371619683,233.2987177092582,1,1,0,8484681.371619683
1162802.1547270878,1162882.3635759887,80.20884890086018,0,1,0,1162802.1547270878
104332.32990582053,104351.68640171048,19.356495889951475,1,1,0,104351.68640171048
304624.5451172913,304667.26627229765,42.721155006380286,1,1,0,304667.26627229765
316679.49738564814,316714.84313062934,35.34574498119764,0,1,0,316679.49738564814
16288935.882380422,16288889.055435453,-46.82694496959448,1,1,0,16288889.055435453
1760120.702320428,1760231.5826625936,110.88034216547385,0,1,0,1760120.702320428
126040497.34316106,126041256.39607693,759.0529158711433,1,1,0,126041256.39607693
2536371.36190086,2536503.048268153,131.68636729288846,0,1,0,2536371.36190086
1412557.5132314658,1412617.8290496639,60.31581819802523,1,1,0,1412617.8290496639
7298310.738218909,7298508.523573297,197.78535438794643,1,1,0,7298508.523573297
25615.498348363304,25627.277628956286,11.779280592982104,1,1,0,25627.277628956286
2538430.5795847196,2538544.4340491532,113.85446443362162,1,1,0,2538544.4340491532
1316327.981716723,1316440.286485661,112.30476893810555,1,1,0,1316440.286485661
776229.1366906383,776319.2304101877,90.0937195494771,1,1,0,776319.2304101877
3555873.389357666,3556017.501326886,144.11196921998635,1,1,0,3556017.501326886
5064724.657256247,5064800.331566464,75.67431021761149,1,1,0,5064800.331566464
50491357.451323405,50491996.232917905,638.7815944999456,1,1,0,50491996.232917905
591274.0227204594,591280.8717901547,6.8490696953376755,0,1,0,591274.0227204594
4711523.516344199,4711587.441540684,63.92519648466259,1,1,0,4711587.441540684
96939.27838771572,96929.95423383352,-9.324153882203973,1,1,0,96929.95423383352
1813492.0785892464,1813560.779242355,68.70065310853533,0,1,0,1813492.0785892464
493835.05221289245,493859.16945525556,24.117242363106925,1,1,0,493859.16945525556
9261409.531546298,9261572.575339459,163.04379316046834,0,1,0,9261409.531546298
11023186.761196494,11023338.91435149,152.15315499529243,1,1,0,11023338.91435149
41415.660086455835,41432.51858850699,16.858502051152755,1,1,0,41432.51858850699
6508378.248619787,6508608.647149905,230.39853011723608,1,1,0,6508608.647149905
43564058.15127581,43564231.19652235,173.0452465340495,1,1,0,43564231.19652235
9053401.817717794,9053617.06025613,215.2425383348018,0,1,0,9053401.817717794
251866.99430029973,251915.2901841344,48.29588383468217,0,1,0,251866.99430029973
1036195.9052392339,1036258.2143370959,62.30909786198754,1,1,0,1036258.2143370959
699939.25124975,700009.160048568,69.90879881801084,0,1,0,699939.25124975
3744182.7553873705,3744301.416745524,118.66135815344751,0,1,0,3744182.7553873705
218516.57951305184,218536.7084451326,20.128932080755476,1,1,0,218536.7084451326
4946978.462005302,4947176.569429055,198.1074237525463,1,1,0,4947176.569429055
49049533.51043717,49049535.13081044,1.6203732714056969,1,1,0,49049535.13081044
55464697.173974074,55465066.46763507,369.2936609983444,0,1,0,55464697.173974074
505635.0293831093,505629.12886203494,-5.900521074363496,1,1,0,505629.12886203494
897267.1000342931,897296.6998879485,29.599853655323386,0,1,0,897267.1000342931
7844340.877169891,7844598.701330641,257.824160750024,1,1,0,7844598.701330641
671888.431819917,671950.2235250155,61.79170509846881,0,1,0,671888.431819917
485658.0759866033,485705.3659695507,47.289982947404496,1,1,0,485705.3659695507
1113629.9438749468,1113696.308570802,66.36469585518353,1,1,0,1113696.308570802
1023654.9991617198,1023752.8863408349,97.88717911508866,0,1,0,1023654.9991617198
9157139.395737441,9157332.889558772,193.49382133036852,1,1,0,9157332.889558772
271261.56384734716,271298.09332776495,36.529480417782906,1,1,0,271298.09332776495
772484.1382946647,772516.4419516308,32.30365696607623,0,1,0,772484.1382946647
12606182.454915939,12606428.91993635,246.46502041071653,0,1,0,12606182.454915939
91302.64300771947,91315.98225126448,13.339243545007776,1,1,0,91315.98225126448
43531.92772688013,43545.78055016313,13.852823282999452,1,1,0,43545.78055016313
128826.74302523359,128836.32657080962,9.583545576024335,1,1,0,128836.32657080962
3441310.012507437,3441438.2238691337,128.21136169694364,1,1,0,3441438.2238691337
37795.38352000409,37804.468601312525,9.085081308432564,1,1,0,37804.468601312525
1036195.9052392339,1036269.7192262828,73.8139870489249,0,1,0,1036195.9052392339
164717.0409722319,164740.36791728094,23.326945049047936,0,1,0,164717.0409722319
168473.11384030466,168508.93695786677,35.82311756210402,0,1,0,168473.11384030466
780931.9096290685,781015.0114909817,83.10186191322282,0,1,0,780931.9096290685
26988681.274377275,26989113.005808115,431.7314308397472,0,1,0,26988681.274377275
6315424.572603809,6315585.031561896,160.458958087489,1,1,0,6315585.031561896
752209.8151967054,752278.4208374375,68.60564073210116,0,1,0,752209.8151967054
8723.458862928584,8727.354838825242,3.8959758966575464,1,1,0,8727.354838825242
8715341.999473402,8715599.439387148,257.43991374596953,0,1,0,8715341.999473402
7847206.078700541,7847463.106205799,257.02750525809824,0,1,0,7847206.078700541
8533076.474076575,8533374.85968744,298.38561086542904,0,1,0,8533076.474076575
2394563.5366497464,2394657.2844962836,93.74784653726965,1,1,0,2394657.2844962836
688068.9480252689,688137.9401339421,68.99210867320653,0,1,0,688068.9480252689
128287.41712272058,128315.24818895859,27.831066238009953,1,1,0,128315.24818895859
5204027.1388665065,5204020.015155701,-7.123710805550218,0,1,0,5204027.1388665065
24038.34722782521,24036.46780804883,-1.8794197763781995,1,1,0,24036.46780804883
1865216.675180399,1865322.802466826,106.12728642695583,0,1,0,1865216.675180399
6070995.203750776,6071108.379160913,113.17541013658047,0,1,0,6070995.203750776
270228.08370277245,270267.7280933062,39.64439053373644,0,1,0,270228.08370277245
73966.16767497586,73982.38463425847,16.216959282610333,0,1,0,73966.16767497586
5411385.311234373,5411582.889314187,197.57807981409132,1,1,0,5411582.889314187
7635916.430636806,7636186.5868429905,270.15620618406683,1,1,0,7636186.5868429905
3441310.012507437,3441441.345336418,131.3328289813362,1,1,0,3441441.345336418
6137738.923402802,6137977.340811291,238.41740848869085,0,1,0,6137738.923402802
4968387.499149974,4968589.243865544,201.74471556954086,0,1,0,4968387.499149974
24048926.121432032,24049356.91949028,430.79805824905634,0,1,0,24048926.121432032
4556696.424357577,4556733.851068198,37.4267106205225,0,1,0,4556696.424357577
745207.949757806,745287.2898222923,79.34006448625587,1,1,0,745287.2898222923
245120.37973896507,245160.03173741655,39.651998451474356,1,1,0,245160.03173741655
14064897.145826096,14065137.086776836,239.94095074012876,0,1,0,14064897.145826096
11265012.111761114,11265283.62724446,271.5154833458364,1,1,0,11265283.62724446
1760120.702320428,1760226.458601518,105.75628108996898,0,1,0,1760120.702320428
270228.08370277245,270270.83623340086,42.75253062840784,1,1,0,270270.83623340086
3023575.6087595387,3023744.3650634326,168.75630389386788,0,1,0,3023575.6087595387
689843.9208080533,689916.4755296179,72.55472156452015,1,1,0,689916.4755296179
3847982.6834347625,3848151.770797991,169.08736322866753,1,1,0,3848151.770797991
8794922.649638599,8795111.458487453,188.80884885415435,1,1,0,8795111.458487453
493835.05221289245,493854.0986821548,19.04646926233545,0,1,0,493835.05221289245
316679.49738564814,316725.1170213118,45.61963566363556,0,1,0,316679.49738564814
897267.1000342931,897291.3187561721,24.21872187894769,0,1,0,897267.1000342931
229375.62433883108,229413.31405310024,37.689714269159595,0,1,0,229375.62433883108
2474176.223907786,2474288.355943875,112.13203608896583,1,1,0,2474288.355943875
1187614.1943890834,1187638.4979199872,24.30353090376593,0,1,0,1187614.1943890834
4968387.499149974,4968553.526717623,166.02756764832884,0,1,0,4968387.499149974
2557075.8568376983,2557157.751026753,81.89418905461207,1,1,0,2557157.751026753
159751.27052301558,159773.4410589224,22.170535906829173,1,1,0,159773.4410589224
2936238.1745556802,2936372.1052943678,133.93073868751526,1,1,0,2936372.1052943678
3949608.8918481655,3949587.328634283,-21.56321388250217,0,1,0,3949608.8918481655
111424.94833804708,111445.91060850392,20.962270456846454,0,1,0,111424.94833804708
46505.470330402524,46499.856181033676,-5.614149368848302,1,1,0,46499.856181033676
1584898.7601277025,1584933.68828902,34.92816131748259,1,1,0,1584933.68828902
5539966.703701163,5540080.7544256365,114.05072447378188,1,1,0,5540080.7544256365
8479014.152744133,8479272.430767773,258.27802363969386,0,1,0,8479014.152744133
51766.28039870045,51777.98509608801,11.704697387554916,0,1,0,51766.28039870045
210527.60844440912,210545.6552271041,18.04678269496071,1,1,0,210545.6552271041
64889.22133754609,64903.02603908559,13.804701539498637,1,1,0,64903.02603908559
9261409.531546298,9261556.504635295,146.97308899648488,0,1,0,9261409.531546298
96967.17098822602,96985.24122922133,18.070240995308268,1,1,0,96985.24122922133
1704614.2016440798,1704628.4193743984,14.21773031866178,0,1,0,1704614.2016440798
1915519.5202497062,1915593.902982863,74.38273315667175,1,1,0,1915593.902982863
877596.8530442578,877648.5257334232,51.67268916533794,1,1,0,877648.5257334232
505635.0293831093,505631.5657887667,-3.4635943425819278,1,1,0,505631.5657887667
488387.15635510045,488449.87187203334,62.71551693289075,0,1,0,488387.15635510045
2311697.886006038,2311692.399858128,-5.486147910356522,0,1,0,2311697.886006038
6743459.567150459,6743673.843253806,214.2761033475399,0,1,0,6743459.567150459
252013.05452287509,252056.9416833232,43.88716044812463,1,1,0,252056.9416833232
3544288.316713967,3544448.018074296,159.7013603290543,1,1,0,3544448.018074296
6818589.736849939,6818847.840422237,258.1035722978413,0,1,0,6818589.736849939
11991389.271983214,11991610.451560874,221.17957765981555,0,1,0,11991389.271983214
463297.2274929145,463383.8599850011,86.63249208661728,1,1,0,463383.8599850011
727558.0228634931,727574.0546049589,16.03174146579113,0,1,0,727558.0228634931
17550089.65454335,17550040.22868927,-49.425854083150625,0,1,0,17550089.65454335
378441.4424409296,378461.32477273664,19.882331807049923,0,1,0,378441.4424409296
3333185.540455103,3333328.996649667,143.45619456423447,0,1,0,3333185.540455103
745207.949757806,745275.5963574932,67.64659968717024,1,1,0,745275.5963574932
1439949.1875428027,1440049.2983664311,100.11082362849265,1,1,0,1440049.2983664311
814630.8183530117,814682.6684395046,51.850086492835544,0,1,0,814630.8183530117
7613533.53877687,7613753.439039398,219.90026252809912,0,1,0,7613533.53877687
8703792.266600942,8704078.36730633,286.1007053870708,0,1,0,8703792.266600942
4556696.424357577,4556714.119660038,17.695302460342646,0,1,0,4556696.424357577
2720773.1330530187,2720759.266394624,-13.866658394690603,1,1,0,2720759.266394624
541306.8324120705,541325.5316104926,18.69919842213858,1,1,0,541325.5316104926
1799167.8563814259,1799291.7937474914,123.93736606556922,1,1,0,1799291.7937474914
808379.2503040457,808457.001242263,77.75093821727205,0,1,0,808379.2503040457
1295858.0874203388,1295905.2923581006,47.20493776188232,1,1,0,1295905.2923581006
352060.38665947603,352084.72688498924,24.34022551320959,0,1,0,352060.38665947603
126040497.34316106,126041399.70127456,902.3581134974957,1,1,0,126041399.70127456
104332.32990582053,104349.9971691262,17.66726330567326,1,1,0,104349.9971691262
8752169.209834285,8752321.92952223,152.71968794427812,0,1,0,8752169.209834285
4875585.86184857,4875728.960555032,143.0987064614892,1,1,0,4875728.960555032
459151.05859247845,459207.3123623968,56.253769918344915,0,1,0,459151.05859247845
622920.6365021671,622956.3164931776,35.67999101046007,0,1,0,622920.6365021671
956834.1005823506,956897.8244982053,63.72391585470177,1,1,0,956897.8244982053
6743459.567150459,6743690.015819575,230.44866911601275,0,1,0,6743459.567150459
11133860.357771315,11134182.080166657,321.72239534184337,0,1,0,11133860.357771315
813446.3916675202,813478.8463218214,32.45465430128388,0,1,0,813446.3916675202
708463.4910896679,708496.0122570678,32.521167399943806,1,1,0,708496.0122570678
72854087.0857984,72854950.16934659,863.0835481882095,1,1,0,72854950.16934659
2832999.772683674,2833143.4673997336,143.6947160596028,0,1,0,2832999.772683674
43564058.15127581,43564105.60532477,47.454048953950405,1,1,0,43564105.60532477
358617.4844571371,358655.2132375834,37.728780446283054,1,1,0,358655.2132375834
358617.4844571371,358643.27130244445,25.786845307331532,1,1,0,358643.27130244445
8467870.481783658,8468087.768725205,217.28694154694676,1,1,0,8468087.768725205
953850.1498512649,953843.3973420882,-6.75250917673111,0,1,0,953850.1498512649
20366850.85305102,20367245.501698185,394.6486471630633,1,1,0,20367245.501698185
5994690.381306537,5994905.87669414,215.49538760259748,1,1,0,5994905.87669414
358611.4795250947,358655.3276840625,43.848158967797644,0,1,0,358611.4795250947
665220.4480806327,665250.4332885093,29.98520787653979,1,1,0,665250.4332885093
317168.26630533405,317164.9642393869,-3.302065947151277,0,1,0,317168.26630533405
3544288.316713967,3544488.797720211,200.4810062441975,1,1,0,3544488.797720211
987904.3090745586,987974.8537211907,70.54464663215913,1,1,0,987974.8537211907
1536309.656775106,1536375.6855558497,66.02878074371256,1,1,0,1536375.6855558497
2538430.5795847196,2538522.036687685,91.45710296556354,1,1,0,2538522.036687685
328891.0801646634,328940.2444354929,49.164270829525776,1,1,0,328940.2444354929
2046947.6806875272,2047047.595515672,99.91482814471237,0,1,0,2046947.6806875272
6660725.076820481,6660877.902417918,152.82559743709862,1,1,0,6660877.902417918
1784916.1237034977,1785023.6378706382,107.51416714047082,1,1,0,1785023.6378706382
3894903.960935407,3895101.6499086297,197.6889732228592,1,1,0,3895101.6499086297
250623.49383776874,250674.98979624023,51.495958471496124,1,1,0,250674.98979624023
3912376.8140218644,3912505.478229097,128.66420723265037,1,1,0,3912505.478229097
101897.88252210115,101918.44465483174,20.56213273058529,1,1,0,101918.44465483174
708463.4910896679,708497.5863970538,34.095307385898195,1,1,0,708497.5863970538
1802819.8107165669,1802938.176618194,118.36590162711218,1,1,0,1802938.176618194
5762139.825437719,5762269.872181246,130.0467435270548,1,1,0,5762269.872181246
89289.63735968676,89299.1866776039,9.549317917131702,0,1,0,89289.63735968676
1194718.1911450252,1194771.0422599707,52.85111494548619,0,1,0,1194718.1911450252
178626.14700197647,178656.71505868208,30.568056705611525,0,1,0,178626.14700197647
485658.0759866033,485696.60907184926,38.53308524598833,1,1,0,485696.60907184926
1790078.386154597,1790165.8825359943,87.49638139735907,0,1,0,1790078.386154597
8302873.858732726,8303070.275795824,196.4170630974695,0,1,0,8302873.858732726
1266628.4062894674,1266730.9890265765,102.58273710915819,0,1,0,1266628.4062894674
3894903.960935407,3895112.393832469,208.43289706204087,1,1,0,3895112.393832469
2491099.527741081,2491186.5741936923,87.04645261121914,1,1,0,2491186.5741936923
49049533.51043717,49049557.900406964,24.389969795942307,1,1,0,49049557.900406964
1760120.702320428,1760235.5539703052,114.85164987714961,0,1,0,1760120.702320428
1197094.166977709,1197181.892958591,87.72598088206723,1,1,0,1197181.892958591
17258126.75767763,17258446.50330831,319.74563068151474,0,1,0,17258126.75767763
1181567.163125584,1181592.7402457455,25.577120161615312,0,1,0,1181567.163125584
2276694.8265848635,2276842.3703481555,147.54376329202205,1,1,0,2276842.3703481555
2422591.3953044866,2422554.273469672,-37.12183481454849,0,1,0,2422591.3953044866
190441.1155331657,190437.05899150434,-4.056541661353549,1,1,0,190437.05899150434
989072.1185014157,989106.9489868551,34.83048543939367,0,1,0,989072.1185014157
317168.26630533405,317166.386961025,-1.8793443090398796,0,1,0,317168.26630533405
247976.16626194798,248011.9419054909,35.77564354293281,0,1,0,247976.16626194798
7635916.430636806,7636197.0718934685,280.64125666208565,0,1,0,7635916.430636806
303416.7383330743,303446.78302004887,30.04468697455013,0,1,0,303416.7383330743
6315424.572603809,6315588.290287442,163.7176836328581,1,1,0,6315588.290287442
16945967.904154036,16946395.582122322,427.67796828597784,0,1,0,16945967.904154036
16288935.882380422,16288882.445991445,-53.43638897687197,0,1,0,16288935.882380422
940814.7458863003,940876.5367211745,61.79083487414755,0,1,0,940814.7458863003
17258126.75767763,17258454.562450737,327.80477310717106,0,1,0,17258126.75767763
892404.197864787,892490.4365644649,86.23869967798237,1,1,0,892490.4365644649
830884.2326671011,830899.1964748845,14.963807783438824,1,1,0,830899.1964748845
1399779.3856301678,1399876.8267711725,97.44114100467414,1,1,0,1399876.8267711725
55464697.173974074,55465095.21706323,398.043089158833,0,1,0,55464697.173974074
5370582.517845528,5370788.015219715,205.4973741872236,1,1,0,5370788.015219715
1203907.0240311718,1203945.2108822153,38.18685104348697,1,1,0,1203945.2108822153
7613533.53877687,7613740.486343684,206.9475668137893,0,1,0,7613533.53877687
1563796.9995148082,1563909.5419267705,112.54241196229123,0,1,0,1563796.9995148082
591274.0227204594,591264.4960732241,-9.526647235266864,0,1,0,591274.0227204594
328891.0801646634,328949.5387862076,58.45862154423958,0,1,0,328891.0801646634
209409779.47501644,209409873.95668066,94.48166421055794,1,1,0,209409873.95668066
1495724.9919334848,1495826.4734612203,101.48152773547918,0,1,0,1495724.9919334848
2053930.2186851925,2053898.6604308325,-31.558254359988496,0,1,0,2053930.2186851925
5230498.624478682,5230707.979597422,209.35511874035,1,1,0,5230707.979597422
24038.34722782521,24038.43997334575,0.09274552054193919,1,1,0,24038.43997334575
2268718.843122812,2268826.5900766216,107.74695380963385,1,1,0,2268826.5900766216
585368.5946708199,585443.0986468232,74.50397600326687,0,1,0,585368.5946708199
941397.4118645004,941463.8627820457,66.45091754535679,0,1,0,941397.4118645004
9261409.531546298,9261544.90137925,135.36983295157552,0,1,0,9261409.531546298
21267401.38312578,21267736.96062587,335.577500090003,0,1,0,21267401.38312578
200327.36719258642,200357.91843749018,30.55124490376329,1,1,0,200357.91843749018
3791610.099972179,3791705.7723496044,95.67237742524594,1,1,0,3791705.7723496044
674378.2538219108,674428.2268855086,49.97306359780487,0,1,0,674378.2538219108
1688815.3479957532,1688903.918432298,88.57043654494919,0,1,0,1688815.3479957532
563470.8148823524,563484.77106111,13.956178757594898,0,1,0,563470.8148823524
2226126.4779920583,2226266.731645402,140.25365334376693,0,1,0,2226126.4779920583
7803938.902313549,7804155.764595386,216.8622818365693,1,1,0,7804155.764595386
7953926.320246267,7954008.573662866,82.25341659877449,0,1,0,7953926.320246267
89289.63735968676,89301.17044973915,11.533090052384068,0,1,0,89289.63735968676
813446.3916675202,813492.2514274091,45.85975988896098,0,1,0,813446.3916675202
750712.3814536578,750779.4828133031,67.1013596453704,0,1,0,750712.3814536578
923573.9689023267,923656.1048799022,82.13597757555544,0,1,0,923573.9689023267
6137738.923402802,6137952.235748096,213.31234529428184,1,1,0,6137952.235748096
4282582.57650045,4282758.392610404,175.81610995344818,0,1,0,4282582.57650045
3098711.005350954,3098737.7294018026,26.72405084874481,0,1,0,3098711.005350954
136808.25456196745,136842.72943224,34.47487027256284,0,1,0,136808.25456196745
6315424.572603809,6315613.631804222,189.0592004135251,1,1,0,6315613.631804222
2720773.1330530187,2720738.8557886137,-34.27726440504193,1,1,0,2720738.8557886137
73557585.94548212,73558441.59015906,855.644676938653,0,1,0,73557585.94548212
8467870.481783658,8468075.636061877,205.15427821874619,1,1,0,8468075.636061877
20366850.85305102,20367283.01168878,432.1586377583444,1,1,0,20367283.01168878
358611.4795250947,358658.4214792698,46.94195417512674,0,1,0,358611.4795250947
11133860.357771315,11134152.257122044,291.89935072883964,0,1,0,11133860.357771315
7953926.320246267,7953931.086302011,4.76605574414134,0,1,0,7953926.320246267
165437.03380450173,165445.551524919,8.517720417265082,0,1,0,165437.03380450173
953850.1498512649,953844.8802928757,-5.269558389205486,0,1,0,953850.1498512649
1185063.0723443073,1185123.4619045744,60.389560267096385,1,1,0,1185123.4619045744
173787.50616403052,173823.62091983834,36.1147558078228,0,1,0,173787.50616403052
2638739.009628037,2638887.7564588236,148.74683078657836,1,1,0,2638887.7564588236
1113629.9438749468,1113694.434828627,64.49095368012786,1,1,0,1113694.434828627
1732515.28563052,1732616.3204956597,101.03486513975076,1,1,0,1732616.3204956597
165437.03380450173,165450.6622062059,13.62840170416166,0,1,0,165437.03380450173
89289.63735968676,89300.26321754509,10.625857858321979,0,1,0,89289.63735968676
4473199.5163095435,4473388.45696221,188.94065266661346,0,1,0,4473199.5163095435
1915519.9963258626,1915579.5897348726,59.59340900997631,0,1,0,1915519.9963258626
897267.1000342931,897287.8215852879,20.721550994785503,0,1,0,897267.1000342931
1656708.0884794807,1656765.0692701028,56.980790622066706,0,1,0,1656708.0884794807
7792159.222460343,7792349.273268229,190.05080788675696,1,1,0,7792349.273268229
6315424.572603809,6315557.253616352,132.68101254291832,1,1,0,6315557.253616352
18261271.01981089,18261604.078930568,333.05911967903376,1,1,0,18261604.078930568
8605830.666446242,8606012.020039927,181.3535936847329,1,1,0,8606012.020039927
359162.42064649763,359196.7861521524,34.36550565477228,0,1,0,359162.42064649763
65432610.961475864,65433175.1207769,564.1593010351062,1,1,0,65433175.1207769
780931.9096290685,781014.514490183,82.60486111452337,0,1,0,780931.9096290685
1760120.702320428,1760228.9866432662,108.28432283806615,0,1,0,1760120.702320428
136808.25456196745,136835.16464165927,26.91007969182101,1,1,0,136835.16464165927
772727.7111405021,772794.5826447209,66.87150421878323,1,1,0,772794.5826447209
114258.11541712612,114281.07362748386,22.958210357741336,1,1,0,114281.07362748386
1162802.1547270878,1162895.2222146874,93.06748759956099,0,1,0,1162802.1547270878
178626.14700197647,178655.75180311466,29.60480113819358,1,1,0,178655.75180311466
361338.9393590597,361379.21585369983,40.27649464015849,1,1,0,361379.21585369983
1102547.2567188914,1102638.759203147,91.50248425547034,0,1,0,1102547.2567188914
8605830.666446242,8606060.661657197,229.99521095491946,1,1,0,8606060.661657197
1536309.656775106,1536378.548280046,68.89150494011119,1,1,0,1536378.548280046
847871.7805865989,847946.6097054319,74.82911883294582,0,1,0,847871.7805865989
5032931.654638072,5033037.798807319,106.14416924770921,0,1,0,5032931.654638072
73383.22460362459,73396.31429172173,13.089688097141334,1,1,0,73396.31429172173
6267566.109666087,6267795.152477113,229.04281102586538,0,1,0,6267566.109666087
1563796.9995148082,1563904.6422244888,107.64270968060009,0,1,0,1563796.9995148082
1790078.386154597,1790157.335548313,78.94939371617511,1,1,0,1790157.335548313
278731.0403933141,278761.6559228146,30.6155295005301,1,1,0,278761.6559228146
1323834.5555094294,1323927.0843486073,92.52883917791769,1,1,0,1323927.0843486073
1546375.4343229784,1546410.3400456435,34.90572266513482,1,1,0,1546410.3400456435
1887502.0735500637,1887609.70561698,107.63206691644154,0,1,0,1887502.0735500637
8715341.999473402,8715633.284473669,291.28500026650727,0,1,0,8715341.999473402
43531.92772688013,43543.00116722758,11.073440347448923,0,1,0,43531.92772688013
32231.878649484108,32238.89292591139,7.0142764272823115,0,1,0,32231.878649484108
655395.6450555575,655395.1671316796,-0.4779238778864965,0,1,0,655395.6450555575
3901496.3747172593,3901629.8254884286,133.45077116927132,0,1,0,3901496.3747172593
1187614.1943890834,1187654.8585773383,40.664188254857436,0,1,0,1187614.1943890834
8586157.492501678,8586341.095937809,183.60343613103032,1,1,0,8586341.095937809
1887502.0735500637,1887609.9298901402,107.85634007654153,0,1,0,1887502.0735500637
932111.6242528124,932163.7925616911,52.16830887878314,0,1,0,932111.6242528124
13750062.722413579,13750361.99474314,299.27232956141233,0,1,0,13750062.722413579
10753432.679771453,10753579.157885965,146.4781145118177,0,1,0,10753432.679771453
194623.6277590105,194653.03216155717,29.404402546671918,0,1,0,194623.6277590105
2613654.8035987765,2613720.353639669,65.55004089232534,1,1,0,2613720.353639669
553199.9642455443,553248.7374243571,48.773178812814876,0,1,0,553199.9642455443
1207835.131975527,1207846.6915512313,11.559575704392046,1,1,0,1207846.6915512313
2538430.5795847196,2538525.022961222,94.44337650248781,0,1,0,2538430.5795847196
115474675.43179981,115475352.17240451,676.740604698658,0,1,0,115474675.43179981
7635916.430636806,7636189.183061486,272.75242467969656,0,1,0,7635916.430636806
250623.49383776874,250665.7536032991,42.25976553035434,0,1,0,250623.49383776874
299775.81630832225,299814.27421228983,38.45790396758821,0,1,0,299775.81630832225
5267397.917790059,5267612.655550704,214.7377606453374,0,1,0,5267397.917790059
1093127.0569307755,1093196.6380916496,69.58116087410599,0,1,0,1093127.0569307755
923573.9689023267,923651.5850085749,77.61610624822788,0,1,0,923573.9689023267
671888.431819917,671962.8508581814,74.41903826431371,0,1,0,671888.431819917
579185.212373264,579228.6136802488,43.401306984829716,1,1,0,579228.6136802488
956834.1005823506,956890.6059300386,56.505347687983885,0,1,0,956834.1005823506
1887502.0735500637,1887626.9685862674,124.89503620378673,0,1,0,1887502.0735500637
612765.4293915267,612803.7730985478,38.343707021092996,0,1,0,612765.4293915267
148937.9423668604,148968.3978112448,30.455444384395378,0,1,0,148937.9423668604
12606182.454915939,12606426.387808444,243.9328925050795,0,1,0,12606182.454915939
272025.46842776664,272067.5401756198,42.071747853187844,0,1,0,272025.46842776664
2852376.305515184,2852501.5552483145,125.24973313044757,0,1,0,2852376.305515184
941397.4118645004,941455.1144885198,57.7026240194682,0,1,0,941397.4118645004
1495724.9919334848,1495825.0111731372,100.01923965243623,0,1,0,1495724.9919334848
940814.7458863003,940882.0389014852,67.29301518481225,0,1,0,940814.7458863003
727558.0228634931,727574.9521960162,16.929332523141056,0,1,0,727558.0228634931
399072.6379498997,399128.6091108606,55.97116096090758,1,1,0,399128.6091108606
2720773.1330530187,2720762.922740112,-10.210312906652689,1,1,0,2720762.922740112
11265012.111761114,11265314.318310527,302.2065494135022,1,1,0,11265314.318310527
15166325.820369095,15166645.602857692,319.78248859755695,0,1,0,15166325.820369095
228383.38374819365,228409.644855698,26.261107504338725,0,1,0,228383.38374819365
184720.2824123917,184724.51179605725,4.229383665544447,0,1,0,184720.2824123917
5406473.40790688,5406670.44053944,197.0326325604692,1,1,0,5406670.44053944
91302.64300771947,91312.74490179746,10.101894077990437,1,1,0,91312.74490179746
15166325.820369095,15166688.073240874,362.25287177972496,0,1,0,15166325.820369095
229375.62433883108,229412.6889628677,37.06462403660407,1,1,0,229412.6889628677
3396659.1216773177,3396795.084606478,135.96292916033417,0,1,0,3396659.1216773177
10625645.635420606,10625686.170705069,40.5352844633162,0,1,0,10625645.635420606
2538430.5795847196,2538547.3965774085,116.81699268892407,1,1,0,2538547.3965774085
307201.8211322222,307231.3938979894,29.572765767225064,0,1,0,307201.8211322222
7807.629659521402,7811.66429604116,4.034636519758351,1,1,0,7811.66429604116
7844340.877169891,7844581.400483458,240.52331356704235,1,1,0,7844581.400483458
3806815.3492183303,3806889.9140699054,74.5648515750654,1,1,0,3806889.9140699054
8302873.858732726,8303062.355200675,188.49646794889122,0,1,0,8302873.858732726
3308808.053273834,3308987.3338663722,179.28059253841639,0,1,0,3308808.053273834
5204027.1388665065,5204039.7705918355,12.631725328974426,0,1,0,5204027.1388665065
321519.5527286986,321562.37260387396,42.81987517536618,0,1,0,321519.5527286986
165437.03380450173,165451.8784734886,14.844668986886973,1,1,0,165451.8784734886
675412.6365760632,675417.239017136,4.602441072813235,1,1,0,675417.239017136
101294.33299043133,101314.34197438623,20.00898395490367,0,1,0,101294.33299043133
3303913.5029092655,3303925.10209569,11.599186424631625,0,1,0,3303913.5029092655
244271.18646336923,244304.94280938857,33.75634601933416,1,1,0,244304.94280938857
178626.14700197647,178654.45107621222,28.30407423575525,1,1,0,178654.45107621222
1598176.0004475587,1598284.2669554704,108.2665079117287,1,1,0,1598284.2669554704
50491357.451323405,50491946.53577512,589.0844517126679,1,1,0,50491946.53577512
321519.5527286986,321561.6298953617,42.07716666313354,0,1,0,321519.5527286986
346034.3525447402,346067.27264145174,32.92009671154665,1,1,0,346067.27264145174
231523.73750709067,231565.7543949059,42.01688781523262,0,1,0,231523.73750709067
10615232.162147047,10615441.989318894,209.82717184722424,0,1,0,10615232.162147047
55655.11606647748,55662.5097356447,7.393669167220651,0,1,0,55655.11606647748
7792159.222460343,7792371.341988018,212.11952767521143,0,1,0,7792159.222460343
892404.197864787,892484.0436886629,79.84582387597766,1,1,0,892484.0436886629
72605.69454856621,72628.41512522326,22.72057665704051,1,1,0,72628.41512522326
96967.17098822602,96983.72357433841,16.55258611238969,1,1,0,96983.72357433841
28653.1627601185,28666.670422661107,13.50766254260816,1,1,0,28666.670422661107
73966.16767497586,73984.75468026684,18.587005290974048,0,1,0,73966.16767497586
1023654.9991617198,1023746.9915938425,91.99243212270085,0,1,0,1023654.9991617198
579185.212373264,579229.9516860612,44.73931279720273,1,1,0,579229.9516860612
1598176.0004475587,1598290.4057673705,114.40531981177628,1,1,0,1598290.4057673705
2852376.305515184,2852486.8587123347,110.55319715058431,0,1,0,2852376.305515184
164717.0409722319,164746.42719626107,29.386224029178265,0,1,0,164717.0409722319
1887502.0735500637,1887624.7497064443,122.67615638067946,0,1,0,1887502.0735500637
1784916.1237034977,1785024.7689823175,108.64527881983668,1,1,0,1785024.7689823175
6137738.923402802,6137936.845062964,197.92166016157717,0,1,0,6137738.923402802
909129.627527158,909188.7861859704,59.15865881240461,0,1,0,909129.627527158
106347.35517988839,106375.50548842191,28.150308533528005,0,1,0,106347.35517988839
8715341.999473402,8715574.29724648,232.297773078084,0,1,0,8715341.999473402
857953.4482020778,857985.36167622,31.913474142202176,1,1,0,857985.36167622
1307863.152382908,1307951.6628408232,88.51045791525394,0,1,0,1307863.152382908
745720.2629841297,745801.0722060932,80.80922196351457,1,1,0,745801.0722060932
7211805.783904289,7212026.174472874,220.39056858513504,0,1,0,7211805.783904289
12923644.440947073,12923948.010482328,303.56953525543213,0,1,0,12923644.440947073
5452030.376131189,5452235.839792005,205.4636608157307,1,1,0,5452235.839792005
1351550.231685623,1351609.9808453682,59.74915974517353,0,1,0,1351550.231685623
4282582.57650045,4282715.340808529,132.76430807914585,0,1,0,4282582.57650045
847871.7805865989,847953.6747553305,81.8941687316401,0,1,0,847871.7805865989
523660.91779600066,523658.29632713954,-2.6214688611216843,0,1,0,523660.91779600066
50491357.451323405,50492119.63777817,762.1864547654986,1,1,0,50492119.63777817
727558.0228634931,727569.0511822315,11.028318738448434,0,1,0,727558.0228634931
2765322.901718614,2765294.9576718984,-27.944046715740114,0,1,0,2765322.901718614
358617.4844571371,358637.81176956237,20.3273124252446,1,1,0,358637.81176956237
73966.16767497586,73983.05972482309,16.89204984722892,0,1,0,73966.16767497586
257622.0217765094,257655.2417046834,33.21992817398859,0,1,0,257622.0217765094
17550089.65454335,17550113.059314016,23.40477066487074,0,1,0,17550089.65454335
8715341.999473402,8715593.670339437,251.67086603492498,0,1,0,8715341.999473402
246477.5002228199,246504.35166074763,26.85143792774761,1,1,0,246504.35166074763
25615.498348363304,25627.65545494202,12.157106578717503,0,1,0,25615.498348363304
6267293.101332681,6267475.841013561,182.73968087974936,0,1,0,6267293.101332681
316679.49738564814,316717.3480487438,37.850663095654454,0,1,0,316679.49738564814
814630.8183530117,814677.9419366589,47.12358364718966,0,1,0,814630.8183530117
2735603.9828590783,2735620.9113322813,16.92847320297733,1,1,0,2735620.9113322813
24048926.121432032,24049332.84727831,406.7258462794125,0,1,0,24048926.121432032
839734.2204658395,839791.2651784113,57.04471257177647,1,1,0,839791.2651784113
1187614.1943890834,1187640.365624498,26.171235414687544,0,1,0,1187614.1943890834
14064897.145826096,14065100.806628048,203.6608019527048,0,1,0,14064897.145826096
3588419.880042036,3588564.7833172507,144.9032752146013,0,1,0,3588419.880042036
4968387.499149974,4968595.366092058,207.86694208346307,0,1,0,4968387.499149974
8715341.999473402,8715597.608005015,255.60853161290288,0,1,0,8715341.999473402
5230498.624478682,5230719.8289817395,221.20450305752456,1,1,0,5230719.8289817395
18136105.88351695,18136244.252015185,138.36849823594093,0,1,0,18136105.88351695
1016158.3063639353,1016242.7665517598,84.46018782444298,1,1,0,1016242.7665517598
271261.56384734716,271297.9386310932,36.37478374602506,0,1,0,271261.56384734716
12818208.115752038,12818384.974004515,176.85825247690082,1,1,0,12818384.974004515
358611.4795250947,358647.1185337943,35.639008699625265,0,1,0,358611.4795250947
25615.498348363304,25627.76448976507,12.266141401767527,1,1,0,25627.76448976507
9261969.157809157,9262210.802248899,241.6444397419691,0,1,0,9261969.157809157
128826.74302523359,128837.1875522561,10.444527022511465,1,1,0,128837.1875522561
40801.915232038744,40818.85565591831,16.940423879568698,0,1,0,40801.915232038744
2097571.41903134,2097630.617951556,59.19892021594569,0,1,0,2097571.41903134
26963577.599322863,26964085.05957976,507.46025689691305,0,1,0,26963577.599322863
346247.4032302296,346293.38400962634,45.9807793967193,1,1,0,346293.38400962634
16027037.039484648,16027415.61836816,378.5788835119456,1,1,0,16027415.61836816
1181567.163125584,1181588.5416749725,21.378549388609827,0,1,0,1181567.163125584
5406473.40790688,5406710.382575321,236.97466844134033,1,1,0,5406710.382575321
4630434.0091187805,4630602.831358429,168.82223964855075,0,1,0,4630434.0091187805
2720773.1330530187,2720731.247648544,-41.88540447456762,1,1,0,2720731.247648544
1068098.8974435492,1068168.9805132584,70.08306970912963,0,1,0,1068098.8974435492
11991389.271983214,11991687.543654287,298.27167107351124,0,1,0,11991389.271983214
7211805.783904289,7212014.285779937,208.50187564827502,0,1,0,7211805.783904289
194734.60515268476,194719.39295209007,-15.212200594687602,1,1,0,194719.39295209007
1023654.9991617198,1023747.1323771123,92.13321539247409,1,1,0,1023747.1323771123
909122.3095161726,909124.9294250244,2.6199088518042117,1,1,0,909124.9294250244
208489.41734393156,208529.20250587093,39.7851619393623,1,1,0,208529.20250587093
6267566.109666087,6267751.081995144,184.97232905682176,0,1,0,6267566.109666087
18378690.41092002,18378903.1813633,212.77044327929616,0,1,0,18378690.41092002
2431938.739161191,2432086.9273267323,148.1881655412726,1,1,0,2432086.9273267323
10681598.53702642,10681867.536130758,268.99910433776677,0,1,0,10681598.53702642
4968387.499149974,4968581.7423553355,194.24320536106825,0,1,0,4968387.499149974
6545801.794917186,6546025.3230483895,223.52813120372593,0,1,0,6545801.794917186
8151091.979372842,8151281.128378023,189.1490051811561,0,1,0,8151091.979372842
7635916.430636806,7636189.12784417,272.6972073633224,0,1,0,7635916.430636806
128287.41712272058,128317.41601805376,29.998895333177643,1,1,0,128317.41601805376
11265012.111761114,11265329.4368739,317.325112786144,1,1,0,11265329.4368739
6749905.662706231,6750176.807545536,271.14483930543065,1,1,0,6750176.807545536
591274.0227204594,591271.4247523195,-2.597968139918521,0,1,0,591274.0227204594
5925319.265898995,5925461.661242544,142.39534354861826,0,1,0,5925319.265898995
5267397.917790059,5267612.51003282,214.59224276058376,0,1,0,5267397.917790059
5230498.624478682,5230750.724676982,252.10019829962403,1,1,0,5230750.724676982
665220.4480806327,665248.9702003172,28.5221196844941,1,1,0,665248.9702003172
250623.49383776874,250672.76653821708,49.27270044834586,0,1,0,250623.49383776874
4473199.5163095435,4473428.990555376,229.47424583230168,1,1,0,4473428.990555376
330522.72953870264,330526.7096321273,3.9800934246741235,0,1,0,330522.72953870264
2638739.009628037,2638908.6915360894,169.68190805241466,1,1,0,2638908.6915360894
346034.3525447402,346062.36106900603,28.008524265838787,1,1,0,346062.36106900603
344630.39621665515,344681.67267687496,51.27646021981491,0,1,0,344630.39621665515
1773178.1788168591,1773294.1179368524,115.93911999324337,1,1,0,1773294.1179368524
101294.33299043133,101314.7605882424,20.427597811067244,1,1,0,101314.7605882424
87082154.59149055,87082983.27469507,828.6832045167685,1,1,0,87082983.27469507
3303913.5029092655,3303906.1677088137,-7.335200451780111,0,1,0,3303913.5029092655
6688005.365227348,6688096.066215864,90.70098851621151,1,1,0,6688096.066215864
3901496.3747172593,3901627.083994715,130.70927745569497,0,1,0,3901496.3747172593
3308808.053273834,3308953.1683515245,145.11507769068703,0,1,0,3308808.053273834
603340.1087191155,603378.5877409056,38.479021790088154,1,1,0,603378.5877409056
463297.2274929145,463376.7567908664,79.52929795189993,1,1,0,463376.7567908664
4282582.57650045,4282725.368081406,142.79158095549792,0,1,0,4282582.57650045
2911166.6700741975,2911265.421790541,98.75171634368598,1,1,0,2911265.421790541
4444553.441807679,4444732.510617084,179.06880940496922,0,1,0,4444553.441807679
317168.26630533405,317171.30949832365,3.0431929896003567,0,1,0,317168.26630533405
7926732.763656111,7926923.287504705,190.52384859323502,1,1,0,7926923.287504705
173787.50616403052,173822.29190871984,34.78574468931765,0,1,0,173787.50616403052
3434239.499741499,3434379.2630667663,139.76332526747137,1,1,0,3434379.2630667663
563470.8148823524,563479.6825438484,8.867661496042274,0,1,0,563470.8148823524
1113629.9438749468,1113698.303854841,68.35997989424504,1,1,0,1113698.303854841
67402496.36884588,67403353.53587301,857.167027130723,1,1,0,67403353.53587301
918396.4697902963,918486.8628992997,90.39310900343116,1,1,0,918486.8628992997
1563225.6622291547,1563246.6470424603,20.984813305549324,1,1,0,1563246.6470424603
111424.94833804708,111452.93107543296,27.98273738588614,0,1,0,111424.94833804708
4880653.444225869,4880768.51950712,115.0752812512219,0,1,0,4880653.444225869
3806815.3492183303,3806874.5605941555,59.2113758251071,1,1,0,3806874.5605941555
5622931.97593603,5622972.687332067,40.71139603666961,1,1,0,5622972.687332067
600886.3911490919,600878.1603913094,-8.230757782468572,0,1,0,600886.3911490919
11377672.495031105,11378033.809124297,361.31409319117665,1,1,0,11378033.809124297
1047750.7149074771,1047825.7418086764,75.02690119924955,1,1,0,1047825.7418086764
2331084.3004983966,2331151.275733967,66.97523557022214,0,1,0,2331084.3004983966
74293.52958226226,74310.64977343175,17.12019116949523,0,1,0,74293.52958226226
2249516.706366879,2249642.502684192,125.79631731286645,0,1,0,2249516.706366879
51766.28039870045,51773.91416085931,7.633762158860918,0,1,0,51766.28039870045
47228.480858625044,47241.68093665121,13.200078026166011,0,1,0,47228.480858625044
1799167.8563814259,1799264.484911648,96.62853022222407,1,1,0,1799264.484911648
7298310.738218909,7298534.450555432,223.71233652252704,1,1,0,7298534.450555432
2936238.1745556802,2936353.9629767737,115.78842109348625,1,1,0,2936353.9629767737
6688005.365227348,6688129.6324268095,124.26719946134835,1,1,0,6688129.6324268095
448728.62425109005,448714.7101611284,-13.914089961675927,0,1,0,448728.62425109005
32231.878649484108,32236.541263385356,4.662613901247823,1,1,0,32236.541263385356
56996981.189219184,56997837.13654102,855.94732183218,1,1,0,56997837.13654102
2765322.901718614,2765304.981419159,-17.92029945505783,0,1,0,2765322.901718614
640849.8815272612,640913.94353521,64.06200794875622,1,1,0,640913.94353521
231523.73750709067,231574.3947250563,50.65721796563594,0,1,0,231523.73750709067
229375.62433883108,229416.56489142604,40.94055259495508,0,1,0,229375.62433883108
2285308.1498761126,2285364.86741625,56.71754013746977,1,1,0,2285364.86741625
257622.0217765094,257652.14217440414,30.12039789473056,0,1,0,257622.0217765094
387553.0629193628,387599.0815819431,46.01866258028895,1,1,0,387599.0815819431
67402496.36884588,67403480.44259137,984.0737454891205,1,1,0,67403480.44259137
301996.25721334195,302024.6118409917,28.35462764976546,1,1,0,302024.6118409917
914801.2580343555,914850.0490176171,48.79098326165695,0,1,0,914801.2580343555
37795.38352000409,37807.5250129106,12.141492906506755,1,1,0,37807.5250129106
2936238.1745556802,2936398.2159426087,160.04138692840934,1,1,0,2936398.2159426087
5032931.654638072,5033072.592507096,140.937869024463,0,1,0,5032931.654638072
11377672.495031105,11378026.523700899,354.02866979315877,1,1,0,11378026.523700899
10753432.679771453,10753668.154770428,235.47499897517264,0,1,0,10753432.679771453
288196.10653092293,288238.7101705845,42.603639661567286,1,1,0,288238.7101705845
674378.2538219108,674423.683283644,45.429461733205244,0,1,0,674378.2538219108
2276694.8265848635,2276814.5339522636,119.7073674001731,1,1,0,2276814.5339522636
956834.1005823506,956906.0799327233,71.97935037268326,0,1,0,956834.1005823506
1412557.5132314658,1412602.6942052168,45.180973751004785,1,1,0,1412602.6942052168
5062129.884637326,5062287.72283578,157.83819845411927,1,1,0,5062287.72283578
3396659.1216773177,3396776.8173954,117.69571808213368,0,1,0,3396659.1216773177
10950523.461304298,10950808.585494716,285.1241904180497,0,1,0,10950523.461304298
5994690.381306537,5994924.83382572,234.4525191821158,1,1,0,5994924.83382572
136808.25456196745,136843.7742794227,35.519717455259524,1,1,0,136843.7742794227
246477.5002228199,246504.8213097108,27.32108689090819,1,1,0,246504.8213097108
1984059.5019844382,1984130.4892228537,70.98723841551691,1,1,0,1984130.4892228537
221592.883482504,221617.83624051305,24.95275800905074,1,1,0,221617.83624051305
4473199.5163095435,4473390.844076175,191.3277666317299,1,1,0,4473390.844076175
8605830.666446242,8606049.570833104,218.9043868612498,1,1,0,8606049.570833104
8660190.869514309,8660423.779262187,232.90974787808955,1,1,0,8660423.779262187
1546375.4343229784,1546423.3652074076,47.93088442925364,1,1,0,1546423.3652074076
1023162.4888987541,1023166.2271389471,3.738240192993544,1,1,0,1023166.2271389471
16142476.34821393,16142449.546176054,-26.802037876099348,1,1,0,16142449.546176054
117464.93800014911,117459.54723762574,-5.390762523369631,1,1,0,117459.54723762574
9053401.817717794,9053620.094306288,218.27658849395812,0,1,0,9053401.817717794
6823403.265164597,6823632.304100297,229.03893570043147,1,1,0,6823632.304100297
12606182.454915939,12606431.939540692,249.48462475277483,0,1,0,12606182.454915939
579185.212373264,579229.1950534495,43.98268018546514,1,1,0,579229.1950534495
229368.04254773862,229405.10826323347,37.065715494856704,0,1,0,229368.04254773862
5032931.654638072,5033067.9570667865,136.302428714931,0,1,0,5032931.654638072
505635.0293831093,505629.48755284917,-5.541830260131974,1,1,0,505629.48755284917
11133860.357771315,11134143.19039201,282.83262069523335,0,1,0,11133860.357771315
1865216.675180399,1865333.8066077041,117.13142730505206,0,1,0,1865216.675180399
2474176.223907786,2474292.91263445,116.68872666405514,1,1,0,2474292.91263445
11308933.182431117,11309127.555768134,194.37333701737225,1,1,0,11309127.555768134
371351.76096132013,371370.107290222,18.34632890188368,0,1,0,371351.76096132013
25692355.381078765,25692699.63185161,344.25077284500003,0,1,0,25692355.381078765
49049533.51043717,49049516.03092731,-17.479509860277176,1,1,0,49049516.03092731
11023186.761196494,11023316.588084126,129.82688763178885,1,1,0,11023316.588084126
15108983.99869042,15109124.344849462,140.3461590409279,0,1,0,15108983.99869042
114258.11541712612,114276.60414228315,18.488725157032604,1,1,0,114276.60414228315
7262505.909070471,7262773.234104987,267.3250345159322,1,1,0,7262773.234104987
5622931.97593603,5622955.117196083,23.141260053031147,1,1,0,5622955.117196083
776229.1366906383,776316.9385157778,87.80182513955515,1,1,0,776316.9385157778
10753432.679771453,10753619.601407578,186.92163612507284,0,1,0,10753432.679771453
5064724.657256247,5064773.859977927,49.202721680514514,1,1,0,5064773.859977927
125632.45175601031,125653.83287933642,21.381123326107627,1,1,0,125653.83287933642
73966.16767497586,73984.89252829658,18.724853320716647,0,1,0,73966.16767497586
143397.80670130212,143419.43481037626,21.628109074139502,1,1,0,143419.43481037626
7298310.738218909,7298501.391419065,190.6532001560554,1,1,0,7298501.391419065
3468995.0762537047,3469103.749983526,108.67372982110828,1,1,0,3469103.749983526
814630.8183530117,814683.2646759427,52.44632293097675,0,1,0,814630.8183530117
2223204.995950113,2223324.837006565,119.84105645213276,1,1,0,2223324.837006565
13464290.526900984,13464491.51527135,200.98837036639452,1,1,0,13464491.51527135
12547179.64335476,12547132.501746817,-47.14160794392228,1,1,0,12547132.501746817
25692355.381078765,25692684.61626786,329.2351890951395,0,1,0,25692355.381078765
911691.9132797144,911763.5302163714,71.61693665699568,0,1,0,911691.9132797144
24552.494452140556,24565.032423988807,12.53797184825089,1,1,0,24565.032423988807
5408579.412974305,5408687.733587429,108.3206131234765,1,1,0,5408687.733587429
24048926.121432032,24049325.224398717,399.10296668484807,0,1,0,24048926.121432032
4630434.0091187805,4630569.52913473,135.52001594938338,0,1,0,4630434.0091187805
1323834.5555094294,1323905.0427301973,70.48722076788545,1,1,0,1323905.0427301973
91302.64300771947,91316.30464861375,13.661640894279117,0,1,0,91302.64300771947
41415.660086455835,41431.03449000565,15.374403549816634,1,1,0,41431.03449000565
14963045.83630955,14963333.267685624,287.43137607350945,1,1,0,14963333.267685624
12780260.198375776,12780470.39228759,210.19391181319952,0,1,0,12780260.198375776
9261969.157809157,9262265.511123464,296.353314306587,0,1,0,9261969.157809157
5452030.376131189,5452215.435574238,185.05944304913282,1,1,0,5452215.435574238
11023186.761196494,11023345.328556856,158.56736036203802,1,1,0,11023345.328556856
2735768.0686973715,2735775.8001281847,7.731430813204497,0,1,0,2735768.0686973715
43564058.15127581,43564164.894108705,106.74283289164305,1,1,0,43564164.894108705
24038.34722782521,24039.127775146615,0.7805473214066296,1,1,0,24039.127775146615
15745495.695766272,15745748.23705095,252.54128467850387,0,1,0,15745495.695766272
949446.97900551,949513.402929602,66.42392409197055,0,1,0,949446.97900551
142964.98354033005,142967.46386886414,2.4803285340894945,1,1,0,142967.46386886414
1833909.0521912493,1834015.0160656287,105.96387437940575,0,1,0,1833909.0521912493
74293.52958226226,74307.09705978929,13.56747752703086,0,1,0,74293.52958226226
4880653.444225869,4880779.609866438,126.16564056929201,1,1,0,4880779.609866438
117464.93800014911,117460.50011732882,-4.437882820289815,0,1,0,117464.93800014911
18136105.88351695,18136261.73190958,155.8483926318586,0,1,0,18136105.88351695
3308808.053273834,3308977.830156562,169.7768827280961,0,1,0,3308808.053273834
1323834.5555094294,1323907.348696576,72.79318714654073,1,1,0,1323907.348696576
43531.92772688013,43548.172134109605,16.244407229474746,0,1,0,43531.92772688013
251866.99430029973,251913.49611843508,46.50181813535164,0,1,0,251866.99430029973
83695.71604461971,83708.12824789363,12.412203273925115,1,1,0,83708.12824789363
2712093.821702228,2712092.9857278434,-0.8359743845649064,0,1,0,2712093.821702228
2933647.5304894857,2933790.729026116,143.19853663025424,1,1,0,2933790.729026116
152699.9780724618,152723.87295343674,23.894880974956322,1,1,0,152723.87295343674
1036195.9052392339,1036270.9632978018,75.05805856792722,0,1,0,1036195.9052392339
16027037.039484648,16027418.537564177,381.4980795290321,1,1,0,16027418.537564177
830884.2326671011,830887.9493523141,3.7166852130321786,1,1,0,830887.9493523141
1102547.2567188914,1102624.0123823266,76.75566343520768,1,1,0,1102624.0123823266
6315424.572603809,6315621.786099891,197.21349608246237,1,1,0,6315621.786099891
1536309.656775106,1536403.8520673846,94.1952922786586,1,1,0,1536403.8520673846
553199.9642455443,553238.4481640995,38.483918555197306,0,1,0,553199.9642455443
1187614.1943890834,1187654.0942447984,39.899855714989826,0,1,0,1187614.1943890834
916899.2555327136,916939.9338514142,40.67831870063674,1,1,0,916939.9338514142
13464290.526900984,13464547.978956142,257.4520551580936,1,1,0,13464547.978956142
3918474.65856107,3918646.212203384,171.5536423139274,1,1,0,3918646.212203384
1097625.1657385358,1097709.477844232,84.3121056961827,0,1,0,1097625.1657385358
361338.9393590597,361371.68233458005,32.74297552037751,1,1,0,361371.68233458005
916899.2555327136,916950.3782126581,51.122679944499396,1,1,0,916950.3782126581
2285308.1498761126,2285370.629370416,62.47949430346489,1,1,0,2285370.629370416
252013.05452287509,252051.8326246403,38.77810176520143,1,1,0,252051.8326246403
10950523.461304298,10950834.85232162,311.3910173214972,0,1,0,10950523.461304298
3555873.389357666,3556011.2529039048,137.8635462387465,1,1,0,3556011.2529039048
2852376.305515184,2852491.166663162,114.86114797787741,0,1,0,2852376.305515184
123886.63063740215,123880.52172994004,-6.108907462112256,1,1,0,123880.52172994004
9053401.817717794,9053608.454887647,206.63716985285282,0,1,0,9053401.817717794
1477879.2613400389,1477985.8510882775,106.58974823867902,0,1,0,1477879.2613400389
2276694.8265848635,2276835.4593424615,140.63275759806857,1,1,0,2276835.4593424615
5925319.265898995,5925461.164593363,141.8986943680793,0,1,0,5925319.265898995
3791610.099972179,3791708.5687410375,98.46876885835081,0,1,0,3791610.099972179
1773178.1788168591,1773298.0258877738,119.84707091469318,1,1,0,1773298.0258877738
15240459.766304024,15240731.621154256,271.85485023260117,0,1,0,15240459.766304024
814630.8183530117,814681.7536404736,50.93528746184893,0,1,0,814630.8183530117
6974419.406856188,6974551.0491732955,131.64231710787863,0,1,0,6974419.406856188
591274.0227204594,591267.1550695432,-6.867650916217826,0,1,0,591274.0227204594
12780260.198375776,12780398.770683829,138.5723080523312,0,1,0,12780260.198375776
11092492.727641108,11092728.518978527,235.79133741930127,0,1,0,11092492.727641108
321945.96354026685,321986.95925191767,40.99571165081579,1,1,0,321986.95925191767
808379.2503040457,808459.2680078205,80.0177037747344,0,1,0,808379.2503040457
178626.14700197647,178658.10014430166,31.95314232519013,1,1,0,178658.10014430166
6137738.923402802,6138004.536155722,265.61275292001665,1,1,0,6138004.536155722
4875585.86184857,4875691.329105962,105.4672573916614,1,1,0,4875691.329105962
4473199.5163095435,4473425.7008282235,226.18451867997646,1,1,0,4473425.7008282235
1784916.1237034977,1785031.1406172668,115.0169137690682,1,1,0,1785031.1406172668
41415.660086455835,41432.70115530757,17.04106885173678,1,1,0,41432.70115530757
194623.6277590105,194655.4600710675,31.83231205699849,0,1,0,194623.6277590105
43531.92772688013,43544.30766805584,12.379941175706335,0,1,0,43531.92772688013
2538430.5795847196,2538537.6930666957,107.11348197609186,1,1,0,2538537.6930666957
40801.915232038744,40817.969501515036,16.054269476291665,0,1,0,40801.915232038744
1317559.8390598523,1317615.5329587555,55.69389890320599,1,1,0,1317615.5329587555
257622.0217765094,257652.93122989303,30.9094533836178,0,1,0,257622.0217765094
585368.5946708199,585434.8832360111,66.28856519120745,0,1,0,585368.5946708199
288196.10653092293,288233.16409009596,37.05755917303031,1,1,0,288233.16409009596
1007463.4510234176,1007527.3779518135,63.92692839587107,0,1,0,1007463.4510234176
128287.41712272058,128322.15360724779,34.73648452720954,1,1,0,128322.15360724779
31668.213321512576,31680.038937672747,11.825616160171194,1,1,0,31680.038937672747
1323834.5555094294,1323904.6511060107,70.0955965812318,1,1,0,1323904.6511060107
21267401.38312578,21267673.262690287,271.87956450879574,0,1,0,21267401.38312578
4274019.019492431,4274200.725696182,181.706203751266,0,1,0,4274019.019492431
9157139.395737441,9157316.06512838,176.66939093917608,1,1,0,9157316.06512838
41415.660086455835,41433.68661595233,18.026529496492003,1,1,0,41433.68661595233
28653.1627601185,28665.8230597363,12.660299617800774,1,1,0,28665.8230597363
8794922.649638599,8795155.528969169,232.87933056987822,1,1,0,8795155.528969169
972233.2565414642,972273.5884811684,40.33193970413413,0,1,0,972233.2565414642
1007463.4510234176,1007526.16187793,62.71085451240651,1,1,0,1007526.16187793
2613654.8035987765,2613760.0533147203,105.24971594382077,1,1,0,2613760.0533147203
2720773.1330530187,2720742.8268799423,-30.306173076387495,1,1,0,2720742.8268799423
89289.63735968676,89300.85467160215,11.217311915388564,0,1,0,89289.63735968676
11092492.727641108,11092742.991228059,250.2635869514197,0,1,0,11092492.727641108
148937.9423668604,148973.33807563537,35.39570877497317,0,1,0,148937.9423668604
1865216.675180399,1865321.3598084634,104.68462806427851,0,1,0,1865216.675180399
231523.73750709067,231576.30743377304,52.569926682364894,0,1,0,231523.73750709067
83695.71604461971,83710.93835557243,15.22231095272582,1,1,0,83710.93835557243
55464697.173974074,55465189.69549896,492.5215248838067,0,1,0,55464697.173974074
3441310.012507437,3441412.857545803,102.84503836603835,1,1,0,3441412.857545803
1887502.0735500637,1887618.791516371,116.71796630742028,0,1,0,1887502.0735500637
4102174.2322281725,4102351.5485700094,177.31634183693677,0,1,0,4102174.2322281725
321519.5527286986,321553.6287269192,34.07599822059274,1,1,0,321553.6287269192
5871384.695678936,5871398.489044047,13.793365110643208,0,1,0,5871384.695678936
2557075.8568376983,2557175.286754674,99.42991697555408,1,1,0,2557175.286754674
716912.0076669466,716979.495347811,67.48768086440396,1,1,0,716979.495347811
480149.34843615216,480168.6892728457,19.340836693532765,0,1,0,480149.34843615216
26988681.274377275,26989144.61812722,463.34374994412065,0,1,0,26988681.274377275
346247.4032302296,346297.3315798649,49.92834963527275,1,1,0,346297.3315798649
55655.11606647748,55662.03840108122,6.922334603739728,0,1,0,55655.11606647748
642908.6820874109,642983.7657516082,75.08366419724189,0,1,0,642908.6820874109
1113629.9438749468,1113697.178537721,67.23466277425177,1,1,0,1113697.178537721
5952628.736709481,5952701.568509711,72.83180022984743,0,1,0,5952628.736709481
15166325.820369095,15166618.602862427,292.7824933324009,0,1,0,15166325.820369095
752209.8151967054,752292.9785418794,83.16334517404903,0,1,0,752209.8151967054
5267397.917790059,5267618.944783531,221.0269934721291,1,1,0,5267618.944783531
89289.63735968676,89299.90571612123,10.268356434462476,0,1,0,89289.63735968676
1295858.0874203388,1295890.3788374467,32.29141710791737,0,1,0,1295858.0874203388
1439949.1875428027,1440059.5069874858,110.3194446831476,1,1,0,1440059.5069874858
5241011.535061381,5241175.609876216,164.0748148355633,1,1,0,5241175.609876216
3264720.039257336,3264905.8263146044,185.78705726843327,1,1,0,3264905.8263146044
43531.92772688013,43544.17952232235,12.251795442221919,0,1,0,43531.92772688013
897267.1000342931,897293.8926875292,26.79265323607251,0,1,0,897267.1000342931
1366738.4142475734,1366753.831617268,15.417369694681838,0,1,0,1366738.4142475734
4630434.0091187805,4630544.850800408,110.84168162755668,0,1,0,4630434.0091187805
4181973.138940897,4182023.836134337,50.69719344004989,0,1,0,4181973.138940897
4818590.949920602,4818797.756162037,206.8062414349988,0,1,0,4818590.949920602
244271.18646336923,244308.9882100068,37.80174663756043,1,1,0,244308.9882100068
2613654.8035987765,2613743.749470405,88.94587162835523,0,1,0,2613654.8035987765
2249516.706366879,2249624.978606493,108.27223961427808,1,1,0,2249624.978606493
352060.38665947603,352078.0006860025,17.614026526454836,0,1,0,352060.38665947603
5032931.654638072,5033050.486327606,118.83168953470886,0,1,0,5032931.654638072
622920.6365021671,622950.1892047836,29.55270261655096,0,1,0,622920.6365021671
6137738.923402802,6137991.669166588,252.7457637861371,1,1,0,6137991.669166588
302522.87517644186,302566.84582988307,43.97065344121074,0,1,0,302522.87517644186
4880653.444225869,4880770.024261724,116.5800358550623,1,1,0,4880770.024261724
126040497.34316106,126041313.94180003,816.5986389666796,1,1,0,126041313.94180003
1790078.386154597,1790151.643560693,73.25740609597415,0,1,0,1790078.386154597
6107213.594303567,6107449.660737431,236.06643386371434,1,1,0,6107449.660737431
1351533.5000633334,1351644.537190729,111.03712739562616,1,1,0,1351644.537190729
101294.33299043133,101315.80542029168,21.47242986035417,1,1,0,101315.80542029168
2331084.3004983966,2331143.9457898936,59.64529149699956,0,1,0,2331084.3004983966
1007463.4510234176,1007540.2204684573,76.76944503968116,1,1,0,1007540.2204684573
2394563.5366497464,2394623.8754630983,60.33881335193291,1,1,0,2394623.8754630983
111840.89129113163,111862.67966051296,21.788369381334633,0,1,0,111840.89129113163
1773178.1788168591,1773284.5432745393,106.36445768014528,1,1,0,1773284.5432745393
2097571.41903134,2097651.877436799,80.45840545883402,0,1,0,2097571.41903134
6818589.736849939,6818839.875730345,250.13888040557504,0,1,0,6818589.736849939
8703792.266600942,8704099.891337972,307.6247370298952,0,1,0,8703792.266600942
1495724.9919334848,1495832.6924112143,107.7004777295515,0,1,0,1495724.9919334848
612765.4293915267,612806.2606069637,40.83121543691959,0,1,0,612765.4293915267
316679.49738564814,316715.0871929004,35.58980725228321,0,1,0,316679.49738564814
4996969.950179521,4997192.371134758,222.42095523700118,0,1,0,4996969.950179521
4661292.878378823,4661483.401526343,190.52314751967788,1,1,0,4661483.401526343
5952628.736709481,5952764.777902228,136.0411927467212,0,1,0,5952628.736709481
3768977.678170482,3768959.5065612593,-18.171609222888947,1,1,0,3768959.5065612593
2276694.8265848635,2276828.422853429,133.59626856539398,1,1,0,2276828.422853429
11133860.357771315,11134169.023190241,308.66541892662644,0,1,0,11133860.357771315
503992.76184165524,504023.4909406712,30.729099015938118,0,1,0,503992.76184165524
1203907.0240311718,1203955.4273836028,48.40335243102163,1,1,0,1203955.4273836028
1136722.8803715664,1136808.1715609075,85.29118934110738,1,1,0,1136808.1715609075
26988681.274377275,26989097.211986348,415.93760907277465,0,1,0,26988681.274377275
972233.2565414642,972269.6473428817,36.39080141740851,0,1,0,972233.2565414642
1036435.5005440813,1036520.5619652234,85.06142114207614,1,1,0,1036520.5619652234
2311697.886006038,2311689.935565904,-7.950440134387463,0,1,0,2311697.886006038
6688005.365227348,6688121.41959952,116.05437217187136,1,1,0,6688121.41959952
64889.22133754609,64902.578444038765,13.357106492672756,1,1,0,64902.578444038765
894801.3075319069,894792.4671768412,-8.840355065651238,1,1,0,894792.4671768412
8723.458862928584,8726.80045257645,3.341589647865476,1,1,0,8726.80045257645
579185.212373264,579231.198366499,45.98599323502276,1,1,0,579231.198366499
1821582.9237183747,1821699.5910823054,116.66736393072642,0,1,0,1821582.9237183747
7262505.909070471,7262734.950137369,229.04106689803302,1,1,0,7262734.950137369
987904.3090745586,987968.6261883614,64.3171138028847,1,1,0,987968.6261883614
1840959.8609375819,1840995.5715086437,35.71057106181979,0,1,0,1840959.8609375819
115474675.43179981,115475213.44868462,538.016884803772,0,1,0,115474675.43179981
1563225.6622291547,1563269.0631999234,43.40097076864913,1,1,0,1563269.0631999234
289238.17066096887,289283.2587890635,45.088128094619606,0,1,0,289238.17066096887
7953926.320246267,7953972.455366303,46.13512003608048,0,1,0,7953926.320246267
500201.74121300003,500233.4604940241,31.71928102406673,1,1,0,500233.4604940241
64231.42592242637,64242.54653752397,11.120615097599512,1,1,0,64242.54653752397
13437013.420561148,13437263.215957023,249.79539587534964,0,1,0,13437013.420561148
127187.43128642272,127214.31332647469,26.882040051961667,0,1,0,127187.43128642272
10950523.461304298,10950823.689946193,300.2286418955773,0,1,0,10950523.461304298
4083794.525655386,4083822.3488637013,27.82320831529796,0,1,0,4083794.525655386
13750062.722413579,13750398.317749053,335.5953354742378,0,1,0,13750062.722413579
346247.4032302296,346297.00269335374,49.59946312411921,1,1,0,346297.00269335374
2529364.595708025,2529525.378529298,160.78282127296552,1,1,0,2529525.378529298
3768977.678170482,3768948.2173455628,-29.460824919398874,1,1,0,3768948.2173455628
1203907.0240311718,1203947.570885958,40.54685478610918,1,1,0,1203947.570885958
839734.2204658395,839776.6139887782,42.39352293871343,1,1,0,839776.6139887782
11023186.761196494,11023358.460114889,171.6989183947444,1,1,0,11023358.460114889
8151091.979372842,8151302.276560931,210.29718808829784,0,1,0,8151091.979372842
94122.05293571614,94148.14400492507,26.091069208923727,0,1,0,94122.05293571614
847871.7805865989,847932.56015762,60.779571021092124,0,1,0,847871.7805865989
26988681.274377275,26989086.283785064,405.0094077885151,0,1,0,26988681.274377275
9261409.531546298,9261572.312072778,162.78052647970617,0,1,0,9261409.531546298
6743459.567150459,6743675.067775225,215.5006247665733,0,1,0,6743459.567150459
8703792.266600942,8704085.664313374,293.39771243184805,0,1,0,8703792.266600942
359162.42064649763,359197.7117531249,35.291106627264526,0,1,0,359162.42064649763
7926732.763656111,7926950.61796988,217.85431376844645,1,1,0,7926950.61796988
1058085.8852486974,1058135.1993888044,49.31414010701701,0,1,0,1058085.8852486974
892404.197864787,892476.2643019349,72.06643714790698,0,1,0,892404.197864787
200327.36719258642,200363.9502275422,36.58303495578002,1,1,0,200363.9502275422
2422591.3953044866,2422562.1116466587,-29.283657827880234,0,1,0,2422591.3953044866
104332.32990582053,104350.03587647199,17.705970651455573,1,1,0,104350.03587647199
11092492.727641108,11092729.609546918,236.88190581090748,0,1,0,11092492.727641108
363382.5418187947,363376.23207650194,-6.30974229273852,0,1,0,363382.5418187947
1865216.675180399,1865327.8898247273,111.2146443282254,1,1,0,1865327.8898247273
1185063.0723443073,1185140.4505545746,77.37821026728489,1,1,0,1185140.4505545746
3441310.012507437,3441391.902762442,81.89025500509888,1,1,0,3441391.902762442
923573.9689023267,923651.737352917,77.7684505903162,0,1,0,923573.9689023267
940814.7458863003,940883.7404771234,68.99459082307294,0,1,0,940814.7458863003
50491357.451323405,50492041.3891069,683.9377834945917,1,1,0,50492041.3891069
8752169.209834285,8752289.32955347,120.1197191849351,0,1,0,8752169.209834285
1600210.0058459565,1600325.202060996,115.19621503958479,1,1,0,1600325.202060996
217130.62985087992,217126.75313327237,-3.876717607548926,1,1,0,217126.75313327237
5952628.736709481,5952741.94772672,113.21101723890752,0,1,0,5952628.736709481
6974419.406856188,6974563.533710038,144.12685385067016,0,1,0,6974419.406856188
24048926.121432032,24049293.599164046,367.477732013911,0,1,0,24048926.121432032
96939.27838771572,96935.95184357993,-3.326544135794393,1,1,0,96935.95184357993
1102547.2567188914,1102622.7005813974,75.44386250595562,1,1,0,1102622.7005813974
909122.3095161726,909139.9851687168,17.67565254413057,1,1,0,909139.9851687168
16027037.039484648,16027386.990223236,349.95073858834803,1,1,0,16027386.990223236
1773178.1788168591,1773285.0520575866,106.8732407274656,1,1,0,1773285.0520575866
1186985.7947192837,1187023.4703333748,37.675614091102034,1,1,0,1187023.4703333748
96939.27838771572,96934.51195028737,-4.766437428348581,1,1,0,96934.51195028737
78215.11988881922,78229.53726699768,14.417378178462968,0,1,0,78215.11988881922
190441.1155331657,190442.31887080346,1.2033376377657987,1,1,0,190442.31887080346
2886472.6845166525,2886602.9694821145,130.28496546205133,0,1,0,2886472.6845166525
1984059.5019844382,1984127.0870183252,67.58503388706595,1,1,0,1984127.0870183252
1058085.8852486974,1058147.6812694755,61.79602077812888,0,1,0,1058085.8852486974
123886.63063740215,123870.69025046381,-15.940386938338634,0,1,0,123886.63063740215
73557585.94548212,73558261.98859869,676.043116569519,0,1,0,73557585.94548212
2660122.6119231414,2660182.6260650516,60.01414191024378,0,1,0,2660122.6119231414
2474176.223907786,2474302.7926130416,126.56870525563136,1,1,0,2474302.7926130416
96967.17098822602,96986.14226692716,18.971278701137635,1,1,0,96986.14226692716
9901814.963136578,9902065.104717292,250.14158071391284,1,1,0,9902065.104717292
6950417.938389312,6950662.105807359,244.16741804778576,0,1,0,6950417.938389312
6508378.248619787,6508633.973380999,255.7247612113133,1,1,0,6508633.973380999
16945967.904154036,16946340.760157023,372.8560029864311,1,1,0,16946340.760157023
25692355.381078765,25692716.046318848,360.6652400828898,0,1,0,25692355.381078765
2745785.3203164386,2745930.052093221,144.7317767823115,1,1,0,2745930.052093221
1692722.1104410996,1692820.9614184857,98.85097738611512,1,1,0,1692820.9614184857
72854087.0857984,72854842.43923438,755.3534359782934,1,1,0,72854842.43923438
278731.0403933141,278762.3111808926,31.270787578483578,1,1,0,278762.3111808926
4946978.462005302,4947139.945161452,161.4831561492756,1,1,0,4947139.945161452
523660.91779600066,523666.27861375106,5.360817750392016,0,1,0,523660.91779600066
194623.6277590105,194650.53388453688,26.906125526380492,0,1,0,194623.6277590105
363382.5418187947,363371.76704626804,-10.774772526638117,0,1,0,363382.5418187947
716912.0076669466,716975.7963297106,63.78866276401095,1,1,0,716975.7963297106
173787.50616403052,173822.02518552277,34.5190214922477,1,1,0,173822.02518552277
1438682.1837841508,1438761.064958311,78.88117416016757,1,1,0,1438761.064958311
387553.0629193628,387593.66271779186,40.599798429058865,1,1,0,387593.66271779186
288546.4900829719,288593.73751335294,47.247430381015874,0,1,0,288546.4900829719
378441.4424409296,378457.15788613685,15.71544520725729,0,1,0,378441.4424409296
1197094.166977709,1197172.9703304844,78.80335277551785,1,1,0,1197172.9703304844
1477879.2613400389,1477995.5530898424,116.2917498035822,1,1,0,1477995.5530898424
358611.4795250947,358656.922479162,45.44295406731544,0,1,0,358611.4795250947
72854087.0857984,72854813.38539836,726.2995999604464,1,1,0,72854813.38539836
7807.629659521402,7812.259464124085,4.62980460268318,1,1,0,7812.259464124085
459151.05859247845,459207.594642835,56.53605035657529,0,1,0,459151.05859247845
89289.63735968676,89298.22609930142,8.588739614657243,1,1,0,89298.22609930142
916899.2555327136,916938.1330350572,38.87750234361738,1,1,0,916938.1330350572
1102547.2567188914,1102626.3113480187,79.05462912726216,1,1,0,1102626.3113480187
136808.25456196745,136840.60490129373,32.350339326279936,1,1,0,136840.60490129373
3023575.6087595387,3023727.7340990957,152.12533955695108,0,1,0,3023575.6087595387
6797015.160596746,6797225.845973161,210.68537641502917,1,1,0,6797225.845973161
1541966.7414974757,1542047.965086248,81.22358877235092,1,1,0,1542047.965086248
111424.94833804708,111452.18650881117,27.238170764088864,0,1,0,111424.94833804708
4630434.0091187805,4630564.625542888,130.6164241079241,0,1,0,4630434.0091187805
7635916.430636806,7636168.928246979,252.49761017225683,0,1,0,7635916.430636806
772727.7111405021,772795.9924130233,68.28127252112608,1,1,0,772795.9924130233
15108983.99869042,15109229.54739437,245.54870394989848,0,1,0,15108983.99869042
1194718.1911450252,1194787.0111458462,68.82000082102604,0,1,0,1194718.1911450252
918396.4697902963,918489.9488206672,93.47903037094511,0,1,0,918396.4697902963
2765322.901718614,2765327.1729450924,4.271226478274912,0,1,0,2765322.901718614
2933647.5304894857,2933803.2209756887,155.6904862029478,1,1,0,2933803.2209756887
7953926.320246267,7953990.99246782,64.6722215525806,0,1,0,7953926.320246267
1366738.4142475734,1366734.0885570105,-4.325690562836826,1,1,0,1366734.0885570105
209409779.47501644,209409882.6853088,103.21029236912727,1,1,0,209409882.6853088
1875689.3336533802,1875788.8169620675,99.48330868734047,0,1,0,1875689.3336533802
18136105.88351695,18136229.139743987,123.25622703880072,0,1,0,18136105.88351695
11308933.182431117,11309095.638202619,162.45577150210738,1,1,0,11309095.638202619
9009068.180574873,9009043.380139368,-24.8004355058074,1,1,0,9009043.380139368
302522.87517644186,302576.7999936125,53.92481717065675,1,1,0,302576.7999936125
1877574.1617981063,1877683.1642122294,109.00241412315518,1,1,0,1877683.1642122294
246477.5002228199,246504.4380046137,26.93778179382207,1,1,0,246504.4380046137
448728.62425109005,448721.8483095365,-6.775941553525627,0,1,0,448728.62425109005
4102174.2322281725,4102337.7298899014,163.49766172887757,0,1,0,4102174.2322281725
6974419.406856188,6974541.661207673,122.2543514855206,0,1,0,6974419.406856188
4818590.949920602,4818810.328281279,219.37836067657918,0,1,0,4818590.949920602
603340.1087191155,603366.2540312278,26.145312112290412,1,1,0,603366.2540312278
459151.05859247845,459212.9247547921,61.86616231367225,0,1,0,459151.05859247845
246477.5002228199,246499.26454461954,21.764321799651952,1,1,0,246499.26454461954
1802819.8107165669,1802923.3659425296,103.55522596277297,1,1,0,1802923.3659425296
2886472.6845166525,2886591.955262468,119.27074581570923,0,1,0,2886472.6845166525
500201.74121300003,500227.2007076272,25.459494627197273,1,1,0,500227.2007076272
909122.3095161726,909125.6216844768,3.312168304226361,1,1,0,909125.6216844768
114258.11541712612,114281.13330906612,23.01789194000594,1,1,0,114281.13330906612
1023162.4888987541,1023161.706207011,-0.7826917431084439,0,1,0,1023162.4888987541
352060.38665947603,352080.79769878567,20.41103930963436,0,1,0,352060.38665947603
2311697.886006038,2311694.7947120145,-3.0912940236739814,0,1,0,2311697.886006038
1007463.4510234176,1007516.9191196806,53.46809626300819,1,1,0,1007516.9191196806
6166314.530225852,6166533.09849412,218.56826826836914,1,1,0,6166533.09849412
229368.04254773862,229406.08309821927,38.04055048065493,0,1,0,229368.04254773862
674378.2538219108,674422.1625011623,43.90867925144266,0,1,0,674378.2538219108
16288935.882380422,16288937.039454572,1.157074149698019,1,1,0,16288937.039454572
2168299.489557914,2168402.101970621,102.61241270694882,0,1,0,2168299.489557914
208489.41734393156,208523.9844162347,34.56707230315078,1,1,0,208523.9844162347
772484.1382946647,772516.1422392773,32.00394461257383,0,1,0,772484.1382946647
5032931.654638072,5033044.529337723,112.87469965126365,0,1,0,5032931.654638072
655395.6450555575,655380.2912401526,-15.353815404931083,0,1,0,655395.6450555575
2557075.8568376983,2557167.210942359,91.35410466091707,1,1,0,2557167.210942359
670039.1966505141,670090.1545445487,50.95789403456729,1,1,0,670090.1545445487
1185063.0723443073,1185157.140556542,94.06821223464794,1,1,0,1185157.140556542
11092492.727641108,11092727.799681729,235.07204062119126,0,1,0,11092492.727641108
2933647.5304894857,2933788.510137567,140.9796480811201,1,1,0,2933788.510137567
210527.60844440912,210544.38281953378,16.774375124659855,1,1,0,210544.38281953378
221592.883482504,221621.21530104577,28.331818541773828,1,1,0,221621.21530104577
15745495.695766272,15745792.775709309,297.07994303666055,0,1,0,15745495.695766272
1840959.8609375819,1840980.1535652243,20.292627642396837,0,1,0,1840959.8609375819
485658.0759866033,485708.3420333299,50.26604672661051,0,1,0,485658.0759866033
64889.22133754609,64902.158247752624,12.936910206532048,1,1,0,64902.158247752624
2053930.2186851925,2053908.2602863149,-21.95839887764305,0,1,0,2053930.2186851925
3085735.0125213237,3085905.088182926,170.07566160243005,1,1,0,3085905.088182926
304624.5451172913,304665.060906479,40.51578918774612,0,1,0,304624.5451172913
500201.74121300003,500235.24790915917,33.50669615913648,1,1,0,500235.24790915917
143397.80670130212,143422.78292925633,24.97622795420466,1,1,0,143422.78292925633
6418673.778297663,6418830.47094152,156.69264385756105,1,1,0,6418830.47094152
2735768.0686973715,2735788.709662807,20.640965435653925,0,1,0,2735768.0686973715
7792159.222460343,7792367.818943391,208.5964830480516,1,1,0,7792367.818943391
26963577.599322863,26964033.891184688,456.2918618246913,0,1,0,26963577.599322863
1943651.7492579352,1943706.1711185789,54.42186064366251,1,1,0,1943706.1711185789
671888.431819917,671955.520937564,67.08911764691584,0,1,0,671888.431819917
173787.50616403052,173820.0541649975,32.548000966984546,0,1,0,173787.50616403052
1351533.5000633334,1351628.7667610815,95.26669774809852,1,1,0,1351628.7667610815
1438682.1837841508,1438759.9070097876,77.7232256368734,1,1,0,1438759.9070097876
909129.627527158,909173.4141388381,43.78661168005783,0,1,0,909129.627527158
1536309.656775106,1536382.9978305278,73.34105542185716,1,1,0,1536382.9978305278
6070995.203750776,6071104.696636753,109.4928859770298,0,1,0,6070995.203750776
94122.05293571614,94150.65934820085,28.60641248470347,0,1,0,94122.05293571614
352557.6165754301,352596.20034517214,38.58376974205021,1,1,0,352596.20034517214
5064724.657256247,5064806.630552031,81.97329578455538,1,1,0,5064806.630552031
51766.28039870045,51775.75288164234,9.472482941884664,0,1,0,51766.28039870045
229375.62433883108,229413.73946542092,38.11512658983702,0,1,0,229375.62433883108
670039.1966505141,670080.5106501009,41.313999586738646,1,1,0,670080.5106501009
459151.05859247845,459205.7846789995,54.72608652105555,0,1,0,459151.05859247845
808379.2503040457,808451.0415158442,71.79121179843787,0,1,0,808379.2503040457
894801.3075319069,894803.7543821692,2.4468502623494714,1,1,0,894803.7543821692
1207835.131975527,1207846.4212886267,11.289313099812716,1,1,0,1207846.4212886267
4181973.138940897,4182029.1045693127,55.96562841581181,0,1,0,4181973.138940897
13437013.420561148,13437263.361134294,249.94057314656675,0,1,0,13437013.420561148
343316.8376024959,343321.7430669777,4.905464481795207,0,1,0,343316.8376024959
1887502.0735500637,1887629.5441699135,127.47061984986067,0,1,0,1887502.0735500637
57347.75620794325,57357.39106264266,9.634854699412244,1,1,0,57357.39106264266
136808.25456196745,136841.62187627956,33.367314312112285,1,1,0,136841.62187627956
2394563.5366497464,2394656.830305642,93.29365589562804,1,1,0,2394656.830305642
226432.72782276015,226460.858642784,28.13082002385636,1,1,0,226460.858642784
2886472.6845166525,2886577.2590465373,104.57452988484874,0,1,0,2886472.6845166525
1600210.0058459565,1600315.9526842458,105.94683828926645,1,1,0,1600315.9526842458
640849.8815272612,640924.3968308558,74.5153035945259,0,1,0,640849.8815272612
131032.49230534109,131069.12547811223,36.63317277113674,1,1,0,131069.12547811223
1093127.0569307755,1093223.7673899834,96.7104592078831,1,1,0,1093223.7673899834
200327.36719258642,200363.76678035114,36.399587764724856,1,1,0,200363.76678035114
4996969.950179521,4997164.004940029,194.05476050823927,0,1,0,4996969.950179521
3308808.053273834,3308964.519731278,156.46645744424313,0,1,0,3308808.053273834
152838.99367302624,152857.7401567499,18.746483723662095,1,1,0,152857.7401567499
111840.89129113163,111865.73601589169,24.844724760056124,0,1,0,111840.89129113163
642908.6820874109,642979.773969162,71.09188175108284,0,1,0,642908.6820874109
6508378.248619787,6508628.24071431,249.9920945223421,1,1,0,6508628.24071431
1877574.1617981063,1877687.008462291,112.84666418470442,1,1,0,1877687.008462291
1366738.4142475734,1366745.1558708237,6.741623250301927,1,1,0,1366745.1558708237
2431938.739161191,2432081.1820464963,142.44288530526683,1,1,0,2432081.1820464963
1760120.702320428,1760249.507448564,128.80512813595124,0,1,0,1760120.702320428
1186985.7947192837,1187030.3906047249,44.59588544117287,1,1,0,1187030.3906047249
12677880.256750485,12678210.744120404,330.48736991919577,1,1,0,12678210.744120404
3264720.039257336,3264876.5749580623,156.53570072632283,1,1,0,3264876.5749580623
463297.2274929145,463362.6500268526,65.42253393813735,1,1,0,463362.6500268526
1194718.1911450252,1194791.0465900665,72.85544504132122,0,1,0,1194718.1911450252
15995590.380903285,15995910.13498503,319.75408174470067,0,1,0,15995590.380903285
16945967.904154036,16946296.337588068,328.43343403190374,0,1,0,16945967.904154036
1381923.2868618125,1381958.47729365,35.19043183745816,0,1,0,1381923.2868618125
1915519.9963258626,1915587.8528290342,67.85650317161344,1,1,0,1915587.8528290342
2950735.829942017,2950855.6781222397,119.84818022279069,0,1,0,2950735.829942017
417793.1975898323,417852.86702299747,59.66943316516699,1,1,0,417852.86702299747
837258.492534493,837345.9127734004,87.42023890744895,1,1,0,837345.9127734004
11991389.271983214,11991659.272607986,270.00062477216125,0,1,0,11991389.271983214
55464697.173974074,55465145.95698229,448.7830082178116,0,1,0,55464697.173974074
772484.1382946647,772506.6112470852,22.47295242047403,0,1,0,772484.1382946647
288546.4900829719,288581.5674133928,35.07733042089967,1,1,0,288581.5674133928
909122.3095161726,909116.573106669,-5.736409503617324,1,1,0,909116.573106669
361338.9393590597,361375.23955547094,36.30019641126273,1,1,0,361375.23955547094
371351.76096132013,371382.5596491524,30.798687832255382,0,1,0,371351.76096132013
2945495.904935029,2945528.355319672,32.45038464292884,1,1,0,2945528.355319672
56418645.68427123,56418592.92903258,-52.75523865222931,0,1,0,56418645.68427123
3308808.053273834,3308959.007557229,150.95428339531645,0,1,0,3308808.053273834
221592.883482504,221623.6526610036,30.76917849961319,1,1,0,221623.6526610036
2735768.0686973715,2735773.599091466,5.530394094530493,0,1,0,2735768.0686973715
6267293.101332681,6267445.516789997,152.41545731574297,1,1,0,6267445.516789997
612765.4293915267,612813.3787843209,47.94939279416576,0,1,0,612765.4293915267
8586157.492501678,8586390.620167324,233.12766564637423,1,1,0,8586390.620167324
7613533.53877687,7613744.459304767,210.92052789684385,0,1,0,7613533.53877687
15995590.380903285,15995955.438840453,365.0579371675849,0,1,0,15995590.380903285
164717.0409722319,164743.52519080375,26.484218571858946,0,1,0,164717.0409722319
949446.97900551,949520.1567164497,73.1777109396644,0,1,0,949446.97900551
5871384.695678936,5871402.2245025905,17.528823654167354,0,1,0,5871384.695678936
752209.8151967054,752289.4930962784,79.67789957299829,0,1,0,752209.8151967054
20366850.85305102,20367198.742038053,347.88898703083396,0,1,0,20366850.85305102
956834.1005823506,956896.8527222413,62.752139890682884,0,1,0,956834.1005823506
2671494.157679522,2671533.378608344,39.220928822178394,1,1,0,2671533.378608344
190441.1155331657,190446.7101798144,5.594646648707567,0,1,0,190441.1155331657
1366738.4142475734,1366728.599089274,-9.815158299403265,0,1,0,1366738.4142475734
3441310.012507437,3441429.3447388713,119.33223143452778,1,1,0,3441429.3447388713
914801.2580343555,914853.7738107465,52.5157763910247,0,1,0,914801.2580343555
15995590.380903285,15995971.896172646,381.51526936143637,0,1,0,15995590.380903285
2053930.2186851925,2053917.214166936,-13.004518256522715,0,1,0,2053930.2186851925
4473199.5163095435,4473415.118597856,215.6022883122787,1,1,0,4473415.118597856
6545801.794917186,6546004.979853451,203.18493626546115,0,1,0,6545801.794917186
7953926.320246267,7953940.770522687,14.450276419520378,0,1,0,7953926.320246267
2720773.1330530187,2720747.0384412115,-26.094611807260662,1,1,0,2720747.0384412115
585368.5946708199,585431.9597843731,63.36511355312541,0,1,0,585368.5946708199
6823403.265164597,6823648.189413418,244.92424882110208,1,1,0,6823648.189413418
328891.0801646634,328943.20171670447,52.12155204109149,1,1,0,328943.20171670447
1323834.5555094294,1323909.275958779,74.72044934961013,1,1,0,1323909.275958779
1495724.9919334848,1495850.4638297525,125.47189626772888,0,1,0,1495724.9919334848
206665.50040455983,206664.6046686103,-0.8957359495398123,1,1,0,206664.6046686103
10625645.635420606,10625672.183514327,26.54809372127056,0,1,0,10625645.635420606
11377672.495031105,11378017.86276149,345.36773038469255,1,1,0,11378017.86276149
1802819.8107165669,1802928.161565229,108.35084866220132,1,1,0,1802928.161565229
14064897.145826096,14065095.73754378,198.59171768464148,0,1,0,14064897.145826096
1141794.5827811563,1141799.8945640628,5.311782906530425,1,1,0,1141799.8945640628
6743459.567150459,6743661.865162581,202.29801212251186,0,1,0,6743459.567150459
12677880.256750485,12678174.124615407,293.86786492168903,1,1,0,12678174.124615407
91302.64300771947,91314.39342804371,11.750420324242441,0,1,0,91302.64300771947
1093127.0569307755,1093218.0168341375,90.95990336197428,1,1,0,1093218.0168341375
1036195.9052392339,1036260.9018384455,64.99659921159036,0,1,0,1036195.9052392339
4444553.441807679,4444767.309308221,213.86750054173172,0,1,0,4444553.441807679
1036195.9052392339,1036276.7493959608,80.84415672696196,1,1,0,1036276.7493959608
557403.996639694,557467.4042122476,63.4075725536095,0,1,0,557403.996639694
923573.9689023267,923647.5331820514,73.56427972472738,0,1,0,923573.9689023267
2053930.2186851925,2053903.1235398883,-27.09514530422166,0,1,0,2053930.2186851925
2933647.5304894857,2933782.0075458875,134.47705640178174,1,1,0,2933782.0075458875
2311697.886006038,2311705.6763989553,7.790392917115241,0,1,0,2311697.886006038
6881966.102418847,6882195.395122757,229.29270390979946,1,1,0,6882195.395122757
1943651.7492579352,1943712.253825839,60.50456790369935,1,1,0,1943712.253825839
3396659.1216773177,3396805.1512473826,146.0295700649731,0,1,0,3396659.1216773177
3308808.053273834,3308985.3916332438,177.33835940994322,0,1,0,3308808.053273834
2666777.8768750248,2666891.9435580885,114.06668306374922,1,1,0,2666891.9435580885
275300.34936256433,275334.9502070626,34.600844498258084,0,1,0,275300.34936256433
765840.2459430216,765833.2485654025,-6.997377619147301,0,1,0,765840.2459430216
56996981.189219184,56997830.526140116,849.3369209319353,0,1,0,56996981.189219184
697765.5289117917,697830.9916867755,65.46277498372365,0,1,0,697765.5289117917
7803938.902313549,7804162.302792475,223.40047892555594,0,1,0,7803938.902313549
3744182.7553873705,3744317.6929398035,134.9375524329953,0,1,0,3744182.7553873705
3544288.316713967,3544464.0941873617,175.777473394759,1,1,0,3544464.0941873617
2268718.843122812,2268824.4979466517,105.65482383966446,1,1,0,2268824.4979466517
6107213.594303567,6107448.5686001275,234.974296560511,1,1,0,6107448.5686001275
579185.212373264,579231.4178441545,46.20547089050524,1,1,0,579231.4178441545
671888.431819917,671960.5753823157,72.14356239861809,0,1,0,671888.431819917
96967.17098822602,96983.88671547634,16.715727250324562,1,1,0,96983.88671547634
25692355.381078765,25692671.394090906,316.0130121409893,0,1,0,25692355.381078765
10329396.377408754,10329623.060095051,226.68268629722297,1,1,0,10329623.060095051
729193.054336941,729263.391148577,70.33681163599249,0,1,0,729193.054336941
2735768.0686973715,2735780.8717608675,12.803063496015966,0,1,0,2735768.0686973715
371351.76096132013,371376.6514012062,24.89043988607591,0,1,0,371351.76096132013
1821582.9237183747,1821682.2398363436,99.31611796887591,1,1,0,1821682.2398363436
4556696.424357577,4556710.3392784055,13.914920828305185,0,1,0,4556696.424357577
26988681.274377275,26989081.999868065,400.7254907898605,0,1,0,26988681.274377275
5370582.517845528,5370750.096816085,167.57897055707872,1,1,0,5370750.096816085
72854087.0857984,72854919.42729095,832.3414925485849,1,1,0,72854919.42729095
1802819.8107165669,1802939.7828584076,119.972141840728,1,1,0,1802939.7828584076
3544288.316713967,3544462.48947576,174.17276179324836,1,1,0,3544462.48947576
2538430.5795847196,2538548.0382675133,117.45868279365823,1,1,0,2538548.0382675133
655395.6450555575,655393.5981052748,-2.046950282645412,0,1,0,655395.6450555575
5204027.1388665065,5204039.276823691,12.137957184575498,0,1,0,5204027.1388665065
228383.38374819365,228414.1747239549,30.790975761250593,0,1,0,228383.38374819365
670039.1966505141,670086.0365756614,46.839925147243775,1,1,0,670086.0365756614
722691.8754386344,722692.6441658079,0.7687271734466776,0,1,0,722691.8754386344
5370582.517845528,5370762.421262775,179.9034172464162,1,1,0,5370762.421262775
206665.50040455983,206665.9239362821,0.4235317222774029,1,1,0,206665.9239362821
868505.3979378896,868590.6940729506,85.29613506107125,0,1,0,868505.3979378896
505635.0293831093,505628.84707836556,-6.182304743735585,1,1,0,505628.84707836556
2491099.527741081,2491177.703975379,78.17623429792002,1,1,0,2491177.703975379
12606182.454915939,12606443.711543752,261.2566278129816,0,1,0,12606182.454915939
208489.41734393156,208523.74510979129,34.327765859721694,1,1,0,208523.74510979129
12606182.454915939,12606410.432576718,227.97766077890992,0,1,0,12606182.454915939
74293.52958226226,74309.08328234902,15.553700086762547,0,1,0,74293.52958226226
385295.7926314155,385356.7874242959,60.994792880432215,1,1,0,385356.7874242959
344630.39621665515,344670.4067567071,40.01054005196784,0,1,0,344630.39621665515
1865216.675180399,1865338.006392133,121.33121173386462,1,1,0,1865338.006392133
2832999.772683674,2833163.655342641,163.88265896681696,0,1,0,2832999.772683674
1275862.984669952,1275943.8048162225,80.82014627056196,0,1,0,1275862.984669952
1097625.1657385358,1097717.9072017877,92.74146325187758,0,1,0,1097625.1657385358
6166314.530225852,6166515.300409271,200.77018341980875,1,1,0,6166515.300409271
278731.0403933141,278770.5017973516,39.46140403748723,1,1,0,278770.5017973516
503992.76184165524,504030.3748762153,37.613034560054075,1,1,0,504030.3748762153
2492497.284461207,2492524.871089593,27.586628385819495,1,1,0,2492524.871089593
358617.4844571371,358654.67479771085,37.190340573724825,1,1,0,358654.67479771085
1457967.4212666776,1458056.6201364463,89.19886976876296,1,1,0,1458056.6201364463
8302873.858732726,8303040.017810885,166.1590781584382,0,1,0,8302873.858732726
9569752.467083942,9570032.046761183,279.57967724092305,1,1,0,9570032.046761183
1598176.0004475587,1598290.2552656236,114.25481806485914,1,1,0,1598290.2552656236
2311697.886006038,2311710.82317531,12.937169271986932,0,1,0,2311697.886006038
209369.91814784834,209391.50368230985,21.585534461511998,0,1,0,209369.91814784834
2431938.739161191,2432092.0310023725,153.29184118146077,1,1,0,2432092.0310023725
1093127.0569307755,1093207.0385536687,79.9816228931304,1,1,0,1093207.0385536687
4556696.424357577,4556736.981925853,40.557568275369704,0,1,0,4556696.424357577
343316.8376024959,343321.41124187864,4.57363938272465,0,1,0,343316.8376024959
6950417.938389312,6950685.567090107,267.6287007955834,0,1,0,6950417.938389312
1399779.3856301678,1399886.656899623,107.27126945531927,1,1,0,1399886.656899623
10753432.679771453,10753633.923845999,201.2440745458007,0,1,0,10753432.679771453
378441.4424409296,378461.14130234596,19.698861416371074,0,1,0,378441.4424409296
18261271.01981089,18261621.124336466,350.10452557727695,0,1,0,18261271.01981089
5032931.654638072,5033097.0522741545,165.3976360829547,0,1,0,5032931.654638072
56996981.189219184,56997895.64669612,914.4574769362807,0,1,0,56996981.189219184
5925319.265898995,5925444.077781088,124.81188209261745,0,1,0,5925319.265898995
8794922.649638599,8795121.002001176,198.3523625768721,1,1,0,8795121.002001176
1584898.7601277025,1584961.204091594,62.44396389159374,1,1,0,1584961.204091594
96939.27838771572,96935.57030861816,-3.7080790975596756,1,1,0,96935.57030861816
839734.2204658395,839780.9685776543,46.74811181484256,1,1,0,839780.9685776543
8075314.9467557175,8075516.903365327,201.95660960953683,0,1,0,8075314.9467557175
4444553.441807679,4444727.6152827125,174.1734750336036,0,1,0,4444553.441807679
2097571.41903134,2097636.3645992675,64.94556792732328,0,1,0,2097571.41903134
2660122.6119231414,2660146.4338606936,23.821937552187592,0,1,0,2660122.6119231414
25615.498348363304,25627.40622944693,11.907881083625398,0,1,0,25615.498348363304
5339509.742037672,5339499.194562111,-10.547475560568273,0,1,0,5339509.742037672
1656708.0884794807,1656759.835878512,51.747399031184614,1,1,0,1656759.835878512
642908.6820874109,642975.9572982765,67.27521086554043,0,1,0,642908.6820874109
343316.8376024959,343317.7128699238,0.875267427880317,0,1,0,343316.8376024959
24048926.121432032,24049353.669922017,427.5484899841249,0,1,0,24048926.121432032
6818589.736849939,6818852.372562571,262.6357126319781,1,1,0,6818852.372562571
358611.4795250947,358653.72117760347,42.24165250879014,0,1,0,358611.4795250947
194734.60515268476,194732.94849583707,-1.6566568476846442,1,1,0,194732.94849583707
4102174.2322281725,4102334.3725109724,160.14028279995546,0,1,0,4102174.2322281725
1973503.8758253946,1973635.7527643247,131.87693893001415,1,1,0,1973635.7527643247
6749905.662706231,6750151.783039209,246.12033297866583,0,1,0,6749905.662706231
788281.9966175453,788362.8209046635,80.82428711827379,0,1,0,788281.9966175453
325957.7981311924,326006.5236951712,48.72556397883454,0,1,0,325957.7981311924
3918474.65856107,3918654.2436713926,179.5851103225723,1,1,0,3918654.2436713926
15995590.380903285,15995898.899712438,308.51880915276706,0,1,0,15995590.380903285
4996969.950179521,4997180.664739373,210.7145598521456,0,1,0,4996969.950179521
1600210.0058459565,1600327.389907107,117.38406115048565,1,1,0,1600327.389907107
7953926.320246267,7953941.165418721,14.845172453671694,0,1,0,7953926.320246267
245120.37973896507,245159.33496259345,38.95522362837801,1,1,0,245159.33496259345
4444553.441807679,4444720.81395327,167.3721455913037,0,1,0,4444553.441807679
343316.8376024959,343319.8609860458,3.0233835498802364,0,1,0,343316.8376024959
1068098.8974435492,1068175.0037135703,76.10627002106048,0,1,0,1068098.8974435492
563470.8148823524,563483.9965824109,13.181700058514252,0,1,0,563470.8148823524
827922.5463209351,827960.5384386897,37.992117754532956,1,1,0,827960.5384386897
3912376.8140218644,3912484.2990629165,107.48504105210304,1,1,0,3912484.2990629165
688068.9480252689,688126.9068458154,57.95882054651156,0,1,0,688068.9480252689
591274.0227204594,591267.3038086111,-6.718911848263815,0,1,0,591274.0227204594
1589807.758968432,1589907.9683885146,100.209420082625,0,1,0,1589807.758968432
359162.42064649763,359195.15501206764,32.734365570009686,0,1,0,359162.42064649763
7211805.783904289,7212017.385886614,211.60198232531548,0,1,0,7211805.783904289
26988681.274377275,26989107.82907247,426.55469519644976,0,1,0,26988681.274377275
1102547.2567188914,1102611.7956990376,64.53898014617153,0,1,0,1102547.2567188914
11722140.734803813,11722419.20700262,278.4721988067031,0,1,0,11722140.734803813
9901814.963136578,9902048.242309142,233.27917256392539,1,1,0,9902048.242309142
6950417.938389312,6950657.169165304,239.23077599238604,0,1,0,6950417.938389312
73383.22460362459,73392.80269858452,9.578094959928421,1,1,0,73392.80269858452
219236.16556815492,219248.2548775782,12.089309423288796,0,1,0,219236.16556815492
378441.4424409296,378456.5505068236,15.108065893989988,0,1,0,378441.4424409296
55655.11606647748,55665.18234855171,10.066282074229093,0,1,0,55655.11606647748
932111.6242528124,932156.0613337038,44.43708089145366,0,1,0,932111.6242528124
8484448.072901974,8484655.970686825,207.89778485149145,1,1,0,8484655.970686825
9901814.963136578,9902066.021120815,251.05798423662782,1,1,0,9902066.021120815
1541966.7414974757,1542046.8099026855,80.06840520980768,1,1,0,1542046.8099026855
1799167.8563814259,1799290.1908551964,122.33447377057746,1,1,0,1799290.1908551964
1802819.8107165669,1802948.797453499,128.98673693207093,1,1,0,1802948.797453499
6418673.778297663,6418830.295950837,156.51765317469835,1,1,0,6418830.295950837
9009068.180574873,9009118.596966611,50.41639173775911,1,1,0,9009118.596966611
117464.93800014911,117459.60865116087,-5.329348988234415,0,1,0,117464.93800014911
2832999.772683674,2833142.5738837314,142.8012000573799,0,1,0,2832999.772683674
2886472.6845166525,2886608.348305843,135.66378919035196,0,1,0,2886472.6845166525
387553.0629193628,387591.45131118863,38.38839182583615,1,1,0,387591.45131118863
674378.2538219108,674414.1956828188,35.94186090794392,0,1,0,674378.2538219108
894801.3075319069,894803.4306445252,2.1231126183411106,1,1,0,894803.4306445252
16945967.904154036,16946376.36644493,408.46229089424014,0,1,0,16945967.904154036
2765322.901718614,2765298.2741247737,-24.6275938404724,0,1,0,2765322.901718614
1439949.1875428027,1440057.0930577866,107.90551498392597,1,1,0,1440057.0930577866
2735768.0686973715,2735812.6693939343,44.60069656278938,0,1,0,2735768.0686973715
6881966.102418847,6882168.633983933,202.53156508598477,1,1,0,6882168.633983933
15745495.695766272,15745772.072688047,276.3769217748195,0,1,0,15745495.695766272
1412557.5132314658,1412595.7391413117,38.225909845903516,1,1,0,1412595.7391413117
330522.72953870264,330510.03622386587,-12.693314836767968,0,1,0,330522.72953870264
46505.470330402524,46503.69142120392,-1.7789091986051062,1,1,0,46503.69142120392
23174183.633460827,23174422.339396555,238.7059357278049,1,1,0,23174422.339396555
3311313.074514458,3311298.3693540576,-14.705160400364548,1,1,0,3311298.3693540576
148937.9423668604,148969.29444862533,31.35208176492597,0,1,0,148937.9423668604
780931.9096290685,781012.5052979266,80.59566885815002,1,1,0,781012.5052979266
5871384.695678936,5871420.136959,35.44128006324172,0,1,0,5871384.695678936
18261271.01981089,18261637.869694322,366.8498834334314,0,1,0,18261271.01981089
6166314.530225852,6166551.958192297,237.42796644568443,1,1,0,6166551.958192297
3744182.7553873705,3744324.8960641446,142.14067677408457,0,1,0,3744182.7553873705
64889.22133754609,64905.24289987361,16.021562327514403,1,1,0,64905.24289987361
9569752.467083942,9570001.025028585,248.55794464237988,1,1,0,9570001.025028585
4055070.806936847,4055173.334479463,102.52754261577502,1,1,0,4055173.334479463
11308933.182431117,11309087.200275933,154.01784481666982,1,1,0,11309087.200275933
600886.3911490919,600880.2530687359,-6.138080355944112,0,1,0,600886.3911490919
7635916.430636806,7636192.689420468,276.2587836617604,0,1,0,7635916.430636806
5539966.703701163,5540081.627112859,114.92341169621795,1,1,0,5540081.627112859
612765.4293915267,612801.0272389507,35.597847423981875,0,1,0,612765.4293915267
2886472.6845166525,2886558.821644568,86.13712791539729,0,1,0,2886472.6845166525
1399779.3856301678,1399876.72775204,97.3421218721196,1,1,0,1399876.72775204
585368.5946708199,585425.6570589606,57.06238814070821,1,1,0,585425.6570589606
847871.7805865989,847952.1135000992,80.33291350025684,0,1,0,847871.7805865989
137441.16501623308,137467.98798875386,26.82297252077842,1,1,0,137467.98798875386
914801.2580343555,914849.0116645709,47.753630215418525,0,1,0,914801.2580343555
9569752.467083942,9570046.863475863,294.3963919207454,1,1,0,9570046.863475863
4818590.949920602,4818795.231659662,204.28173905983567,0,1,0,4818590.949920602
7847206.078700541,7847479.515044562,273.43634402099997,0,1,0,7847206.078700541
301996.25721334195,302026.09970337397,29.842490032024216,0,1,0,301996.25721334195
2529364.595708025,2529506.7504182286,142.1547102034092,1,1,0,2529506.7504182286
1584898.7601277025,1584963.3077176241,64.54758992162533,1,1,0,1584963.3077176241
244271.18646336923,244307.60207216343,36.41560879419558,1,1,0,244307.60207216343
152699.9780724618,152727.0323518871,27.054279425297864,1,1,0,152727.0323518871
869135.7452143782,869155.6554859367,19.910271558444947,1,1,0,869155.6554859367
307201.8211322222,307231.1849291474,29.363796925230417,0,1,0,307201.8211322222
26963577.599322863,26964040.848694842,463.2493719793856,0,1,0,26963577.599322863
716912.0076669466,716978.7733849363,66.76571798964869,1,1,0,716978.7733849363
2046947.6806875272,2047041.6040081102,93.92332058306783,0,1,0,2046947.6806875272
1546375.4343229784,1546399.650106644,24.21578366565518,1,1,0,1546399.650106644
83695.71604461971,83707.73137193169,12.01532731197949,1,1,0,83707.73137193169
159751.27052301558,159773.94081421933,22.670291203743545,1,1,0,159773.94081421933
11092492.727641108,11092722.786416918,230.05877581052482,0,1,0,11092492.727641108
837258.492534493,837354.5965343374,96.103999844403,1,1,0,837354.5965343374
2936238.1745556802,2936383.252724767,145.07816908694804,1,1,0,2936383.252724767
321945.96354026685,321986.33627964585,40.37273937900318,1,1,0,321986.33627964585
8484448.072901974,8484675.563740486,227.49083851277828,1,1,0,8484675.563740486
21267401.38312578,21267701.154736333,299.7716105543077,0,1,0,21267401.38312578
3792467.647795351,3792607.454339917,139.8065445655957,0,1,0,3792467.647795351
5339509.742037672,5339444.60880665,-65.13323102146387,0,1,0,5339509.742037672
136808.25456196745,136841.4656126172,33.211050649755634,0,1,0,136808.25456196745
674378.2538219108,674418.791561048,40.5377391371876,0,1,0,674378.2538219108
41415.660086455835,41431.15858133353,15.49849487769825,1,1,0,41431.15858133353
15240459.766304024,15240745.974135427,286.20783140324056,0,1,0,15240459.766304024
10950523.461304298,10950812.508599294,289.04729499667883,0,1,0,10950523.461304298
1546375.4343229784,1546411.0041624329,35.56983945448883,0,1,0,1546375.4343229784
1563225.6622291547,1563284.8561294633,59.193900308571756,0,1,0,1563225.6622291547
987904.3090745586,987966.2634614754,61.95438691682648,1,1,0,987966.2634614754
1399779.3856301678,1399899.7233641155,120.33773394767195,1,1,0,1399899.7233641155
6749905.662706231,6750152.458262056,246.79555582534522,0,1,0,6749905.662706231
949446.97900551,949523.4105884818,76.43158297182526,0,1,0,949446.97900551
4473199.5163095435,4473397.178230397,197.66192085389048,1,1,0,4473397.178230397
28001689.605240937,28001963.044984113,273.43974317610264,1,1,0,28001963.044984113
493835.05221289245,493870.6945740268,35.6423611343489,0,1,0,493835.05221289245
1877574.1617981063,1877692.0479122575,117.88611415121704,1,1,0,1877692.0479122575
12923644.440947073,12923921.50633951,277.0653924383223,0,1,0,12923644.440947073
244271.18646336923,244304.87074349937,33.684280130139086,1,1,0,244304.87074349937
87082154.59149055,87083036.55391058,881.9624200314283,1,1,0,87083036.55391058
2480242.3376656794,2480379.4395288974,137.10186321800575,0,1,0,2480242.3376656794
111424.94833804708,111452.13736790347,27.18902985639579,0,1,0,111424.94833804708
2765322.901718614,2765319.124827229,-3.77689138520509,0,1,0,2765322.901718614
808379.2503040457,808453.7763370523,74.52603300660849,0,1,0,808379.2503040457
868505.3979378896,868595.119705974,89.72176808444783,0,1,0,868505.3979378896
866177.023232418,866249.7003028188,72.67707040079404,1,1,0,866249.7003028188
932111.6242528124,932163.118535883,51.49428307067137,0,1,0,932111.6242528124
284389.25547435007,284400.8549295627,11.599455212650355,0,1,0,284389.25547435007
3847982.6834347625,3848147.3657250185,164.6822902560234,1,1,0,3848147.3657250185
3764700.7099296222,3764875.6353249657,174.9253953434527,0,1,0,3764700.7099296222
7613533.53877687,7613739.348466141,205.80968927126378,0,1,0,7613533.53877687
892404.197864787,892466.3034654026,62.105600615614094,0,1,0,892404.197864787
5064724.657256247,5064823.207769682,98.55051343515515,1,1,0,5064823.207769682
949446.97900551,949522.0057825762,75.02677706617396,0,1,0,949446.97900551
101294.33299043133,101318.59880300474,24.265812573416042,1,1,0,101318.59880300474
5994690.381306537,5994932.486849845,242.10554330796003,0,1,0,5994690.381306537
24048926.121432032,24049341.34974527,415.22831323742867,0,1,0,24048926.121432032
4473199.5163095435,4473377.409416087,177.893106543459,1,1,0,4473377.409416087
953850.1498512649,953849.6572929301,-0.49255833483766764,0,1,0,953850.1498512649
2311697.886006038,2311695.7340018973,-2.15200414089486,0,1,0,2311697.886006038
5204027.1388665065,5204043.738362727,16.599496220238507,0,1,0,5204027.1388665065
18261271.01981089,18261606.4283297,335.4085188098252,1,1,0,18261606.4283297
8660190.869514309,8660403.254388386,212.3848740775138,1,1,0,8660403.254388386
745720.2629841297,745796.1472011829,75.88421705318615,1,1,0,745796.1472011829
1915519.5202497062,1915614.8300103738,95.3097606676165,1,1,0,1915614.8300103738
101897.88252210115,101912.04510712816,14.162585027006571,1,1,0,101912.04510712816
14963045.83630955,14963426.263894428,380.4275848772377,1,1,0,14963426.263894428
217130.62985087992,217126.9738025401,-3.6560483398206998,1,1,0,217126.9738025401
8586157.492501678,8586394.845634166,237.35313248820603,1,1,0,8586394.845634166
940814.7458863003,940892.535005237,77.78911893663462,0,1,0,940814.7458863003
252013.05452287509,252055.44496820038,42.390445325290784,1,1,0,252055.44496820038
4968387.499149974,4968555.418475365,167.91932539083064,0,1,0,4968387.499149974
3283729.5827306174,3283897.4628280806,167.88009746326134,1,1,0,3283897.4628280806
115474675.43179981,115475410.9235267,735.4917268902063,0,1,0,115474675.43179981
1704614.2016440798,1704631.0198587948,16.81821471499279,1,1,0,1704631.0198587948
1457967.4212666776,1458067.2990704477,99.87780377012677,1,1,0,1458067.2990704477
1875689.3336533802,1875808.115464245,118.78181086480618,0,1,0,1875689.3336533802
4282582.57650045,4282710.661442414,128.0849419636652,0,1,0,4282582.57650045
26760882.45029559,26760935.72811836,53.27782277017832,1,1,0,26760935.72811836
3806815.3492183303,3806869.5563524575,54.20713412715122,1,1,0,3806869.5563524575
26988681.274377275,26989092.018146116,410.7437688410282,0,1,0,26988681.274377275
958344.2751426427,958378.5326523201,34.257509677438065,0,1,0,958344.2751426427
1704614.2016440798,1704609.3010347863,-4.900609293486923,0,1,0,1704614.2016440798
8821145.12749818,8821382.00479306,236.8772948794067,0,1,0,8821145.12749818
6749905.662706231,6750178.869764062,273.2070578308776,0,1,0,6749905.662706231
1097625.1657385358,1097711.3482259836,86.1824874477461,0,1,0,1097625.1657385358
358617.4844571371,358646.6227401003,29.13828296319116,1,1,0,358646.6227401003
321945.96354026685,321983.09867318056,37.13513291371055,1,1,0,321983.09867318056
64231.42592242637,64243.776134667154,12.35021224078082,0,1,0,64231.42592242637
28001689.605240937,28001982.668758966,293.0635180287063,1,1,0,28001982.668758966
1584898.7601277025,1584951.7511670687,52.991039366228506,1,1,0,1584951.7511670687
1113629.9438749468,1113704.2057276506,74.26185270375572,1,1,0,1113704.2057276506
13464290.526900984,13464537.552467013,247.02556602843106,1,1,0,13464537.552467013
953850.1498512649,953855.0082452201,4.858393955160864,0,1,0,953850.1498512649
5406473.40790688,5406661.8135568155,188.40564993582666,1,1,0,5406661.8135568155
1688815.3479957532,1688915.454670943,100.10667518991977,1,1,0,1688915.454670943
16142476.34821393,16142458.051574284,-18.29663964547217,1,1,0,16142458.051574284
4946978.462005302,4947149.646421768,171.18441646546125,1,1,0,4947149.646421768
43564058.15127581,43564145.912090756,87.76081494241953,1,1,0,43564145.912090756
6743459.567150459,6743642.0583146745,182.4911642158404,0,1,0,6743459.567150459
4556696.424357577,4556739.602688902,43.17833132483065,0,1,0,4556696.424357577
47228.480858625044,47240.81631638887,12.335457763823797,0,1,0,47228.480858625044
9569752.467083942,9570000.753712233,248.28662829101086,1,1,0,9570000.753712233
1887502.0735500637,1887617.6898130288,115.61626296513714,0,1,0,1887502.0735500637
914801.2580343555,914850.3834444969,49.125410141423345,0,1,0,914801.2580343555
5085619.732653755,5085776.565496385,156.8328426303342,0,1,0,5085619.732653755
152699.9780724618,152727.60865672404,27.63058426225325,1,1,0,152727.60865672404
17614417.70099561,17614836.48630018,418.78530457243323,0,1,0,17614417.70099561
5267397.917790059,5267591.047535467,193.1297454079613,1,1,0,5267591.047535467
6137738.923402802,6137990.477859168,251.55445636622608,1,1,0,6137990.477859168
914801.2580343555,914868.2707976981,67.01276334258728,0,1,0,914801.2580343555
385295.7926314155,385352.5924747705,56.79984335502377,0,1,0,385295.7926314155
877596.8530442578,877650.9387226704,54.085678412579,1,1,0,877650.9387226704
16288935.882380422,16288878.295466347,-57.586914075538516,1,1,0,16288878.295466347
15240459.766304024,15240762.73021367,302.9639096464962,0,1,0,15240459.766304024
696512.6474617493,696585.4168355891,72.7693738398375,0,1,0,696512.6474617493
28653.1627601185,28663.88538414014,10.722624021640513,1,1,0,28663.88538414014
114258.11541712612,114285.10555857816,26.990141452042735,1,1,0,114285.10555857816
101897.88252210115,101914.6922231668,16.80970106564928,1,1,0,101914.6922231668
2394563.5366497464,2394622.9316257895,59.39497604314238,1,1,0,2394622.9316257895
41415.660086455835,41431.82599345854,16.165907002701715,1,1,0,41431.82599345854
1381923.2868618125,1381975.4215953143,52.134733501821756,0,1,0,1381923.2868618125
136808.25456196745,136838.59079158097,30.33622961351648,0,1,0,136808.25456196745
6743459.567150459,6743672.80769403,213.2405435713008,0,1,0,6743459.567150459
5411385.311234373,5411543.662891562,158.3516571894288,1,1,0,5411543.662891562
6950417.938389312,6950660.999269479,243.06088016740978,0,1,0,6950417.938389312
1282212.8368828252,1282282.937882427,70.10099960165098,0,1,0,1282212.8368828252
3441310.012507437,3441437.3934485293,127.38094109250233,1,1,0,3441437.3934485293
2299768.9631226896,2299802.6809230386,33.717800348997116,0,1,0,2299768.9631226896
837258.492534493,837345.784640199,87.29210570605937,1,1,0,837345.784640199
2394563.5366497464,2394649.574522476,86.037872729823,1,1,0,2394649.574522476
1813492.0785892464,1813552.4063736377,60.32778439135291,0,1,0,1813492.0785892464
505635.0293831093,505629.9086754311,-5.120707678201143,1,1,0,505629.9086754311
200327.36719258642,200358.8390325178,31.471839931386057,1,1,0,200358.8390325178
1185063.0723443073,1185146.3157452152,83.24340090784244,1,1,0,1185146.3157452152
600886.3911490919,600886.3967498026,0.005600710748694837,0,1,0,600886.3911490919
251866.99430029973,251909.87828538197,42.88398508224054,0,1,0,251866.99430029973
1203907.0240311718,1203933.0618300356,26.037798863835633,1,1,0,1203933.0618300356
73557585.94548212,73558334.74884248,748.8033603578806,0,1,0,73557585.94548212
3468995.0762537047,3469104.967102848,109.89084914326668,1,1,0,3469104.967102848
78215.11988881922,78231.93416234673,16.8142735275178,0,1,0,78215.11988881922
1536309.656775106,1536376.2074047215,66.55062961555086,1,1,0,1536376.2074047215
104332.32990582053,104353.50371362438,21.173807803847012,1,1,0,104353.50371362438
3468995.0762537047,3469069.4658900066,74.38963630190119,1,1,0,3469069.4658900066
640849.8815272612,640925.4109485938,75.52942133252509,0,1,0,640849.8815272612
2745785.3203164386,2745929.0746155516,143.75429911306128,1,1,0,2745929.0746155516
7635916.430636806,7636195.467385136,279.0367483291775,0,1,0,7635916.430636806
3555873.389357666,3555995.934295938,122.54493827186525,1,1,0,3555995.934295938
5267397.917790059,5267616.460396255,218.54260619636625,1,1,0,5267616.460396255
7792159.222460343,7792385.873918797,226.65145845431834,1,1,0,7792385.873918797
8484448.072901974,8484652.39227233,204.3193703573197,1,1,0,8484652.39227233
51766.28039870045,51774.8432079978,8.562809297349304,0,1,0,51766.28039870045
3949608.8918481655,3949564.7703208956,-44.121527269948274,0,1,0,3949608.8918481655
17258126.75767763,17258473.683324676,346.925647046417,0,1,0,17258126.75767763
21676083.39937474,21676454.815138385,371.4157636463642,0,1,0,21676083.39937474
17614417.70099561,17614829.29817694,411.5971813313663,0,1,0,17614417.70099561
5580716.816691661,5580907.75853194,190.94184027891606,1,1,0,5580907.75853194
8715341.999473402,8715586.326379549,244.32690614648163,0,1,0,8715341.999473402
252013.05452287509,252053.2611237594,40.20660088432487,1,1,0,252053.2611237594
1589807.758968432,1589906.5435355206,98.78456708858721,0,1,0,1589807.758968432
1704614.2016440798,1704629.5142963396,15.312652259832248,0,1,0,1704614.2016440798
1016158.3063639353,1016251.1631588211,92.85679488570895,1,1,0,1016251.1631588211
1821582.9237183747,1821698.7177062205,115.79398784576915,1,1,0,1821698.7177062205
5062129.884637326,5062289.360536326,159.4758989997208,1,1,0,5062289.360536326
866177.023232418,866260.2623705744,83.23913815640844,1,1,0,866260.2623705744
622920.6365021671,622950.4165898418,29.780087674735114,1,1,0,622950.4165898418
11991389.271983214,11991654.689514475,265.4175312612206,1,1,0,11991654.689514475
2268718.843122812,2268840.9757878277,122.13266501575708,1,1,0,2268840.9757878277
488387.15635510045,488450.70054094406,63.54418584360974,0,1,0,488387.15635510045
8821145.12749818,8821424.201425781,279.07392760179937,0,1,0,8821145.12749818
73557585.94548212,73558513.63159938,927.6861172616482,0,1,0,73557585.94548212
1439949.1875428027,1440040.7827184172,91.59517561458051,1,1,0,1440040.7827184172
8821145.12749818,8821434.84390262,289.71640443988144,0,1,0,8821145.12749818
2638739.009628037,2638901.4241372216,162.41450918465853,1,1,0,2638901.4241372216
378441.4424409296,378464.729103513,23.286662583414,0,1,0,378441.4424409296
2299768.9631226896,2299832.3719161726,63.40879348292947,0,1,0,2299768.9631226896
3744182.7553873705,3744319.563134114,136.8077467433177,0,1,0,3744182.7553873705
5994690.381306537,5994927.571121251,237.18981471378356,0,1,0,5994690.381306537
64889.22133754609,64903.155826243914,13.934488697821507,1,1,0,64903.155826243914
2431938.739161191,2432103.9068232565,165.16766206547618,1,1,0,2432103.9068232565
2083720.0682891896,2083733.791814598,13.723525408422574,0,1,0,2083720.0682891896
3901496.3747172593,3901616.376222681,120.00150542147458,0,1,0,3901496.3747172593
206665.50040455983,206664.1583449822,-1.3420595776406117,1,1,0,206664.1583449822
6107213.594303567,6107401.586065283,187.9917617160827,1,1,0,6107401.586065283
352060.38665947603,352088.02722332283,27.640563846798614,0,1,0,352060.38665947603
2765322.901718614,2765317.5652183574,-5.336500256787986,0,1,0,2765322.901718614
1307863.152382908,1307952.7016517578,89.54926884989254,0,1,0,1307863.152382908
612765.4293915267,612812.5155310606,47.08613953390159,0,1,0,612765.4293915267
1197094.166977709,1197177.706034387,83.53905667806976,1,1,0,1197177.706034387
55655.11606647748,55661.13498619251,6.018919715032098,0,1,0,55655.11606647748
563470.8148823524,563483.4483542655,12.63347191317007,0,1,0,563470.8148823524
2046947.6806875272,2047029.6970449092,82.01635738206096,0,1,0,2046947.6806875272
10625645.635420606,10625627.037329208,-18.598091397434473,0,1,0,10625645.635420606
1935007.1763858767,1935078.8555022995,71.67911642277613,1,1,0,1935078.8555022995
3023575.6087595387,3023719.1896012127,143.58084167400375,0,1,0,3023575.6087595387
6688005.365227348,6688147.841781932,142.47655458375812,1,1,0,6688147.841781932
8302873.858732726,8303054.058266299,180.19953357242048,0,1,0,8302873.858732726
1589807.758968432,1589898.3466647873,90.58769635530189,0,1,0,1589807.758968432
603340.1087191155,603389.4764649923,49.36774587677792,1,1,0,603389.4764649923
317168.26630533405,317163.7532677016,-4.513037632452324,0,1,0,317168.26630533405
2852376.305515184,2852511.4940799912,135.1885648071766,0,1,0,2852376.305515184
6823403.265164597,6823593.555340384,190.2901757871732,0,1,0,6823403.265164597
4630434.0091187805,4630538.254017254,104.24489847384393,0,1,0,4630434.0091187805
1351533.5000633334,1351635.9613292115,102.46126587805338,1,1,0,1351635.9613292115
7807.629659521402,7811.667828607481,4.038169086079506,1,1,0,7811.667828607481
73383.22460362459,73398.59181399648,15.367210371885449,1,1,0,73398.59181399648
1412557.5132314658,1412625.583467365,68.0702358991839,1,1,0,1412625.583467365
689843.9208080533,689906.6057472193,62.68493916594889,1,1,0,689906.6057472193
5241011.535061381,5241163.861058491,152.32599711045623,1,1,0,5241163.861058491
729193.054336941,729264.4332153193,71.37887837830931,0,1,0,729193.054336941
72605.69454856621,72622.43872044899,16.744171882775845,0,1,0,72605.69454856621
1457967.4212666776,1458074.8773070546,107.45604037703015,1,1,0,1458074.8773070546
8586157.492501678,8586409.625286413,252.1327847354114,1,1,0,8586409.625286413
209409779.47501644,209409780.1782423,0.70322585105896,1,1,0,209409780.1782423
8970744.4865961,8971054.665238356,310.1786422561854,0,1,0,8970744.4865961
1536309.656775106,1536377.0021899876,67.34541488159448,1,1,0,1536377.0021899876
485968.6566888086,486008.011156423,39.35446761443745,1,1,0,486008.011156423
2735603.9828590783,2735606.1134313704,2.130572292022407,1,1,0,2735606.1134313704
2480242.3376656794,2480384.0015382776,141.66387259820476,0,1,0,2480242.3376656794
7613533.53877687,7613774.361602783,240.8228259133175,0,1,0,7613533.53877687
6688005.365227348,6688127.299128555,121.93390120659024,1,1,0,6688127.299128555
1887502.0735500637,1887622.213968474,120.14041841030121,0,1,0,1887502.0735500637
29222551.020591423,29222879.112051636,328.09146021306515,0,1,0,29222551.020591423
2311697.886006038,2311689.163652754,-8.72235328424722,0,1,0,2311697.886006038
221592.883482504,221619.24268764906,26.3592051450687,1,1,0,221619.24268764906
752209.8151967054,752280.8568210547,71.04162434930913,0,1,0,752209.8151967054
6545801.794917186,6546013.698105224,211.90318803861737,0,1,0,6545801.794917186
1097625.1657385358,1097701.1252734992,75.95953496336006,0,1,0,1097625.1657385358
716912.0076669466,716977.6370188451,65.62935189844575,1,1,0,716977.6370188451
4630434.0091187805,4630567.540860854,133.53174207359552,0,1,0,4630434.0091187805
3901496.3747172593,3901610.2022490795,113.82753182016313,0,1,0,3901496.3747172593
1704614.2016440798,1704606.9607543743,-7.240889705484733,0,1,0,1704614.2016440798
6749905.662706231,6750196.856495886,291.1937896553427,0,1,0,6749905.662706231
1912309.9256228476,1912328.0919461076,18.16632325993851,0,1,0,1912309.9256228476
4055070.806936847,4055153.283783099,82.4768462521024,1,1,0,4055153.283783099
2431938.739161191,2432103.0023603514,164.26319916034117,1,1,0,2432103.0023603514
6950417.938389312,6950675.63062202,257.6922327084467,0,1,0,6950417.938389312
697765.5289117917,697826.71918999,61.19027819822077,0,1,0,697765.5289117917
1598176.0004475587,1598296.1654738951,120.16502633644268,1,1,0,1598296.1654738951
1598176.0004475587,1598275.2982889588,99.2978414001409,1,1,0,1598275.2982889588
877596.8530442578,877651.9539574016,55.10091314371675,1,1,0,877651.9539574016
603340.1087191155,603381.1245094233,41.015790307777934,1,1,0,603381.1245094233
2223204.995950113,2223340.81988651,135.8239363967441,1,1,0,2223340.81988651
125632.45175601031,125641.87187120755,9.420115197237465,1,1,0,125641.87187120755
658591.290558868,658655.6744578631,64.38389899511822,1,1,0,658655.6744578631
1282212.8368828252,1282281.1528859816,68.31600315636024,0,1,0,1282212.8368828252
1307863.152382908,1307969.196791447,106.04440853907727,0,1,0,1307863.152382908
1023654.9991617198,1023750.2313461945,95.23218447470572,1,1,0,1023750.2313461945
62389292.437461406,62390131.823929414,839.3864680081606,1,1,0,62390131.823929414
3085735.0125213237,3085905.3290862427,170.31656491896138,0,1,0,3085735.0125213237
12606182.454915939,12606355.479310255,173.02439431659877,0,1,0,12606182.454915939
2950735.829942017,2950849.060798229,113.23085621232167,0,1,0,2950735.829942017
4569440.014474772,4569456.414967388,16.40049261599779,0,1,0,4569440.014474772
8467870.481783658,8468065.689933581,195.20814992301166,1,1,0,8468065.689933581
4282582.57650045,4282769.1935575735,186.61705712322146,0,1,0,4282582.57650045
914801.2580343555,914846.5700321471,45.311997791635804,0,1,0,914801.2580343555
330522.72953870264,330508.631399131,-14.098139571666252,0,1,0,330522.72953870264
3696291.842546434,3696406.790611692,114.94806525763124,0,1,0,3696291.842546434
2735603.9828590783,2735594.640416245,-9.342442833352834,1,1,0,2735594.640416245
7298310.738218909,7298539.434868455,228.69664954580367,1,1,0,7298539.434868455
1381923.2868618125,1381955.1372649472,31.850403134711087,0,1,0,1381923.2868618125
64889.22133754609,64904.88949141022,15.668153864127817,1,1,0,64904.88949141022
1656708.0884794807,1656763.0767280068,54.988248526118696,1,1,0,1656763.0767280068
3098711.005350954,3098696.3234319347,-14.681919019203633,0,1,0,3098711.005350954
217130.62985087992,217128.17599938554,-2.4538514943851624,1,1,0,217128.17599938554
6545801.794917186,6546029.08119423,227.28627704456449,0,1,0,6545801.794917186
591274.0227204594,591268.5630429179,-5.459677541512065,0,1,0,591274.0227204594
6688005.365227348,6688129.448589302,124.08336195349693,1,1,0,6688129.448589302
1275862.984669952,1275946.7814064284,83.79673647647724,0,1,0,1275862.984669952
857953.4482020778,857973.6137377154,20.16553563764319,1,1,0,857973.6137377154
894801.3075319069,894801.9094917229,0.6019598160637543,1,1,0,894801.9094917229
2226126.4779920583,2226254.8922475823,128.41425552405417,0,1,0,2226126.4779920583
4569440.014474772,4569425.332196053,-14.682278718799353,0,1,0,4569440.014474772
839734.2204658395,839776.9664922502,42.74602641072124,1,1,0,839776.9664922502
5622931.97593603,5622970.443825916,38.46788988634944,1,1,0,5622970.443825916
5452030.376131189,5452264.7071286505,234.33099746145308,1,1,0,5452264.7071286505
64231.42592242637,64246.00733697379,14.58141454741417,1,1,0,64246.00733697379
94122.05293571614,94144.44478288773,22.39184717158787,0,1,0,94122.05293571614
37795.38352000409,37805.34695983752,9.963439833431039,1,1,0,37805.34695983752
2933647.5304894857,2933807.171553454,159.64106396818534,1,1,0,2933807.171553454
2529364.595708025,2529529.896168657,165.30046063195914,1,1,0,2529529.896168657
13437013.420561148,13437277.25457778,263.8340166322887,0,1,0,13437013.420561148
11265012.111761114,11265306.619166778,294.5074056647718,1,1,0,11265306.619166778
1704614.2016440798,1704622.7009320229,8.499287943122908,0,1,0,1704614.2016440798
303416.7383330743,303444.0604334814,27.322100407094695,1,1,0,303444.0604334814
142964.98354033005,142961.11929867187,-3.8642416581860743,1,1,0,142961.11929867187
228383.38374819365,228418.09458825324,34.71084005958983,0,1,0,228383.38374819365
9261969.157809157,9262228.159315791,259.00150663405657,0,1,0,9261969.157809157
101294.33299043133,101312.2022617746,17.869271343268338,1,1,0,101312.2022617746
6743459.567150459,6743650.716603778,191.14945331960917,0,1,0,6743459.567150459
284389.25547435007,284408.1477473248,18.892272974713705,0,1,0,284389.25547435007
72854087.0857984,72854833.70124123,746.6154428273439,1,1,0,72854833.70124123
330522.72953870264,330523.7988411034,1.069302400748711,0,1,0,330522.72953870264
448460.24132450164,448453.41579949355,-6.825525008083787,0,1,0,448460.24132450164
3792467.647795351,3792622.492625563,154.84483021171764,0,1,0,3792467.647795351
1351550.231685623,1351605.7488188774,55.51713325432502,0,1,0,1351550.231685623
7803938.902313549,7804172.036453948,233.13414039928466,1,1,0,7804172.036453948
503992.76184165524,504040.59370083467,47.83185917942319,0,1,0,503992.76184165524
918396.4697902963,918494.270031874,97.80024157767184,1,1,0,918494.270031874
24552.494452140556,24567.4990062139,15.00455407334448,0,1,0,24552.494452140556
74293.52958226226,74308.98382998894,15.454247726680478,0,1,0,74293.52958226226
359162.42064649763,359200.2144997639,37.793853266281076,0,1,0,359162.42064649763
5406473.40790688,5406711.767430016,238.35952313616872,1,1,0,5406711.767430016
1023654.9991617198,1023758.8934215752,103.894259855384,0,1,0,1023654.9991617198
317168.26630533405,317159.2333207889,-9.032984545163345,0,1,0,317168.26630533405
3434239.499741499,3434352.5043253386,113.00458383979276,1,1,0,3434352.5043253386
916899.2555327136,916945.0753613694,45.819828655803576,1,1,0,916945.0753613694
10615232.162147047,10615461.334618695,229.17247164808214,0,1,0,10615232.162147047
1007463.4510234176,1007543.0137040701,79.5626806524815,1,1,0,1007543.0137040701
4123960.8068271712,4124148.0485005192,187.24167334800586,1,1,0,4124148.0485005192
321945.96354026685,321991.2548704479,45.29133018106222,1,1,0,321991.2548704479
28001689.605240937,28001952.390840583,262.7855996452272,1,1,0,28001952.390840583
1760120.702320428,1760241.0199735996,120.31765317148529,0,1,0,1760120.702320428
218516.57951305184,218542.86017416636,26.280661114520626,1,1,0,218542.86017416636
73383.22460362459,73398.98765658477,15.763052960173809,1,1,0,73398.98765658477
591274.0227204594,591266.7357503499,-7.286970109445974,0,1,0,591274.0227204594
184720.2824123917,184722.76146710198,2.479054710274795,0,1,0,184720.2824123917
642908.6820874109,642990.1892718708,81.50718445982784,0,1,0,642908.6820874109
96967.17098822602,96984.43811438922,17.26712616320583,1,1,0,96984.43811438922
839734.2204658395,839780.8291917628,46.608725923346356,1,1,0,839780.8291917628
72854087.0857984,72854832.12762822,745.0418298244476,1,1,0,72854832.12762822
1187614.1943890834,1187652.6257209396,38.43133185617626,0,1,0,1187614.1943890834
6267293.101332681,6267458.430850716,165.3295180350542,1,1,0,6267458.430850716
1813492.0785892464,1813561.975583393,69.89699414651841,0,1,0,1813492.0785892464
958344.2751426427,958385.5274420271,41.252299384446815,0,1,0,958344.2751426427
11377672.495031105,11377988.379967904,315.8849367983639,1,1,0,11377988.379967904
165437.03380450173,165454.2772438758,17.24343937408412,0,1,0,165437.03380450173
28653.1627601185,28668.7714509045,15.608690786000807,1,1,0,28668.7714509045
221592.883482504,221615.31692152165,22.433439017651835,1,1,0,221615.31692152165
9261969.157809157,9262235.016581649,265.8587724920362,0,1,0,9261969.157809157
1162802.1547270878,1162884.9804572633,82.82573017547838,0,1,0,1162802.1547270878
49049533.51043717,49049587.78121151,54.270774342119694,1,1,0,49049587.78121151
47228.480858625044,47240.90976246955,12.42890384450584,1,1,0,47240.90976246955
1943651.7492579352,1943707.7898366442,56.04057870898396,1,1,0,1943707.7898366442
74293.52958226226,74304.68286372966,11.15328146739921,0,1,0,74293.52958226226
9053401.817717794,9053604.750236418,202.93251862376928,1,1,0,9053604.750236418
87082154.59149055,87083030.97222516,876.3807346075773,1,1,0,87083030.97222516
1875689.3336533802,1875789.4057555536,100.07210217346437,0,1,0,1875689.3336533802
6070995.203750776,6071110.236765161,115.03301438502967,0,1,0,6070995.203750776
321519.5527286986,321563.72125180456,44.168523105967324,1,1,0,321563.72125180456
3792467.647795351,3792590.718299097,123.07050374569371,0,1,0,3792467.647795351
1847818.0306055099,1847893.6132579637,75.5826524537988,1,1,0,1847893.6132579637
85179.0353196006,85191.48880440767,12.453484807061614,0,1,0,85179.0353196006
5032931.654638072,5033111.316567224,179.66192915290594,0,1,0,5032931.654638072
722691.8754386344,722688.995095738,-2.8803428964456543,0,1,0,722691.8754386344
1093127.0569307755,1093199.2220272445,72.16509646899067,1,1,0,1093199.2220272445
3039313.474256449,3039472.2644868596,158.7902304106392,0,1,0,3039313.474256449
16288935.882380422,16288873.266160475,-62.61621994711459,1,1,0,16288873.266160475
866177.023232418,866266.4339069857,89.4106745676836,1,1,0,866266.4339069857
3279649.9915555706,3279786.735024948,136.74346937751397,1,1,0,3279786.735024948
1136722.8803715664,1136803.8947478249,81.01437625847757,1,1,0,1136803.8947478249
194734.60515268476,194733.50454017473,-1.1006125100248028,1,1,0,194733.50454017473
18640829.15079593,18641093.59378263,264.44298670068383,1,1,0,18641093.59378263
6166314.530225852,6166528.334623939,213.80439808778465,1,1,0,6166528.334623939
1661193.151901767,1661282.809627922,89.65772615512833,1,1,0,1661282.809627922
271261.56384734716,271296.8132731014,35.24942575424211,0,1,0,271261.56384734716
3792467.647795351,3792603.1180553474,135.47025999613106,0,1,0,3792467.647795351
83695.71604461971,83708.27431443732,12.558269817614928,1,1,0,83708.27431443732
87082154.59149055,87083043.2022801,888.610789552331,1,1,0,87083043.2022801
24038.34722782521,24039.30848175261,0.9612539274021401,1,1,0,24039.30848175261
11092492.727641108,11092769.705113783,276.97747267596424,0,1,0,11092492.727641108
400498901.1523009,400500064.115749,1162.9634481072426,1,1,0,400500064.115749
1412557.5132314658,1412615.5798703977,58.06663893186487,1,1,0,1412615.5798703977
71354362.37914456,71355139.24514478,776.8660002201796,1,1,0,71355139.24514478
1840959.8609375819,1840993.9085456866,34.04760810476728,0,1,0,1840959.8609375819
8954391.253223268,8954546.821223486,155.56800021789968,1,1,0,8954546.821223486
764282.5472246957,764317.1377954799,34.590570784173906,0,1,0,764282.5472246957
1704614.2016440798,1704629.5773518735,15.375707793748006,0,1,0,1704614.2016440798
1023654.9991617198,1023741.9277098427,86.9285481228726,0,1,0,1023654.9991617198
1275862.984669952,1275951.932887002,88.94821704993956,0,1,0,1275862.984669952
674378.2538219108,674428.1062217971,49.852399886236526,0,1,0,674378.2538219108
208489.41734393156,208523.81904577493,34.40170184336603,1,1,0,208523.81904577493
325957.7981311924,326010.82950616616,53.031374973768834,0,1,0,325957.7981311924
15108983.99869042,15109149.104817718,165.10612729750574,0,1,0,15108983.99869042
303416.7383330743,303453.1132945801,36.37496150576044,1,1,0,303453.1132945801
1802819.8107165669,1802933.3179943743,113.50727780745365,1,1,0,1802933.3179943743
3555873.389357666,3556007.5991880833,134.20983041729778,1,1,0,3556007.5991880833
359162.42064649763,359193.2880513911,30.86740489344811,0,1,0,359162.42064649763
1197094.166977709,1197173.5120087792,79.34503107029013,0,1,0,1197094.166977709
612765.4293915267,612817.5263428583,52.09695133159403,0,1,0,612765.4293915267
1412557.5132314658,1412617.978850587,60.46561912121251,1,1,0,1412617.978850587
4274019.019492431,4274145.412685452,126.39319302141666,0,1,0,4274019.019492431
3396659.1216773177,3396776.8039156287,117.68223831104115,0,1,0,3396659.1216773177
8479014.152744133,8479305.951119307,291.7983751744032,0,1,0,8479014.152744133
245120.37973896507,245161.74347914316,41.36374017808703,1,1,0,245161.74347914316
2431938.739161191,2432085.6281545726,146.8889933815226,1,1,0,2432085.6281545726
6070995.203750776,6071097.184049109,101.98029833287,0,1,0,6070995.203750776
6743459.567150459,6743666.114842076,206.54769161716104,0,1,0,6743459.567150459
208489.41734393156,208522.29425252572,32.87690859416034,1,1,0,208522.29425252572
6881966.102418847,6882162.358120617,196.25570177007467,1,1,0,6882162.358120617
2474176.223907786,2474284.753498452,108.52959066582844,1,1,0,2474284.753498452
252013.05452287509,252059.26629873153,46.21177585644182,1,1,0,252059.26629873153
2480242.3376656794,2480374.754828132,132.4171624528244,0,1,0,2480242.3376656794
13750062.722413579,13750367.717050523,304.9946369435638,0,1,0,13750062.722413579
866177.023232418,866262.1795593454,85.15632692736108,1,1,0,866262.1795593454
304624.5451172913,304661.4417000451,36.89658275380498,1,1,0,304661.4417000451
776229.1366906383,776315.9096128816,86.77292224334087,1,1,0,776315.9096128816
11991389.271983214,11991681.607442312,292.33545909821987,1,1,0,11991681.607442312
229368.04254773862,229400.26795366826,32.22540592963924,0,1,0,229368.04254773862
8660190.869514309,8660375.306596464,184.43708215467632,1,1,0,8660375.306596464
85179.0353196006,85188.58419612775,9.548876527143875,0,1,0,85179.0353196006
18640829.15079593,18641105.43322252,276.2824265919626,1,1,0,18641105.43322252
7635916.430636806,7636176.738879916,260.3082431098446,0,1,0,7635916.430636806
5406473.40790688,5406689.257602394,215.84969551395625,1,1,0,5406689.257602394
8586157.492501678,8586393.330839185,235.8383375070989,1,1,0,8586393.330839185
909129.627527158,909184.8366179181,55.209090760094114,1,1,0,909184.8366179181
15240459.766304024,15240735.43443974,275.66813571564853,0,1,0,15240459.766304024
1886146.6727193943,1886258.5870089154,111.91428952105343,0,1,0,1886146.6727193943
3444341.3672214714,3444517.9442436965,176.57702222513035,0,1,0,3444341.3672214714
141877.76570612966,141895.39873141423,17.63302528456552,1,1,0,141895.39873141423
322223.1419589453,322260.1413208202,36.999361874884926,1,1,0,322260.1413208202
956834.1005823506,956894.2332918703,60.132709519704804,0,1,0,956834.1005823506
104332.32990582053,104353.20103879338,20.871132972853957,1,1,0,104353.20103879338
3912376.8140218644,3912454.1909073675,77.37688550306484,1,1,0,3912454.1909073675
1833909.0521912493,1833999.6383094613,90.58611821196973,0,1,0,1833909.0521912493
1973503.8758253946,1973637.7733588028,133.8975334081333,1,1,0,1973637.7733588028
8752169.209834285,8752318.138924433,148.929090147838,0,1,0,8752169.209834285
7847206.078700541,7847483.348669047,277.2699685059488,0,1,0,7847206.078700541
453639.64193600364,453673.02933905966,33.387403056025505,0,1,0,453639.64193600364
500201.74121300003,500226.4508356563,24.70962265628623,1,1,0,500226.4508356563
14064897.145826096,14065111.404753279,214.25892718322575,0,1,0,14064897.145826096
1162802.1547270878,1162874.3538761598,72.19914907193743,0,1,0,1162802.1547270878
1317559.8390598523,1317614.3696173579,54.53055750555359,1,1,0,1317614.3696173579
1047750.7149074771,1047818.5613862339,67.84647875675,1,1,0,1047818.5613862339
3085735.0125213237,3085903.2349325805,168.22241125674918,0,1,0,3085735.0125213237
56418645.68427123,56418700.100891195,54.41661996394396,0,1,0,56418645.68427123
5085619.732653755,5085782.343357125,162.61070337053388,0,1,0,5085619.732653755
152699.9780724618,152728.71045443357,28.7323819717858,1,1,0,152728.71045443357
1541966.7414974757,1542059.858408612,93.11691113631241,1,1,0,1542059.858408612
448460.24132450164,448447.4798488823,-12.761475619336125,0,1,0,448460.24132450164
8821145.12749818,8821411.649975678,266.522477498278,0,1,0,8821145.12749818
346034.3525447402,346076.6584008995,42.30585615930613,1,1,0,346076.6584008995
1943651.7492579352,1943713.0222551264,61.27299719117582,1,1,0,1943713.0222551264
10681598.53702642,10681873.811933877,275.27490745671093,0,1,0,10681598.53702642
1840959.8609375819,1841003.6186589722,43.75772139034234,0,1,0,1840959.8609375819
3098711.005350954,3098706.2116978494,-4.793653104454279,0,1,0,3098711.005350954
1661193.151901767,1661272.5599288417,79.40802707476541,1,1,0,1661272.5599288417
5370582.517845528,5370800.46480379,217.94695826154202,1,1,0,5370800.46480379
9569752.467083942,9570010.899045723,258.431961780414,1,1,0,9570010.899045723
2557075.8568376983,2557156.908975319,81.05213762074709,1,1,0,2557156.908975319
104332.32990582053,104355.924153933,23.59424811246572,1,1,0,104355.924153933
12780260.198375776,12780485.746889833,225.5485140569508,0,1,0,12780260.198375776
456554.533892592,456588.62149072933,34.087598137324676,1,1,0,456588.62149072933
6950417.938389312,6950664.718548154,246.7801588429138,0,1,0,6950417.938389312
3039313.474256449,3039473.5277938596,160.05353741068393,0,1,0,3039313.474256449
1865216.675180399,1865333.7969653993,117.12178500019945,0,1,0,1865216.675180399
26963577.599322863,26964048.789671768,471.1903489045799,0,1,0,26963577.599322863
343316.8376024959,343317.08174058906,0.24413809314137325,0,1,0,343316.8376024959
1984059.5019844382,1984129.8400094565,70.33802501833998,1,1,0,1984129.8400094565
352060.38665947603,352082.3977008716,22.011041395540815,0,1,0,352060.38665947603
4916904.179045604,4917133.755261164,229.576215560548,1,1,0,4917133.755261164
848335.1267673018,848393.4374551087,58.31068780692294,0,1,0,848335.1267673018
8467870.481783658,8468068.381930178,197.90014651976526,1,1,0,8468068.381930178
56996981.189219184,56997926.07539894,944.8861797526479,0,1,0,56996981.189219184
8302873.858732726,8303043.673694469,169.81496174260974,1,1,0,8303043.673694469
2680034.264666479,2680058.22582188,23.96115540107712,0,1,0,2680034.264666479
2735768.0686973715,2735795.3778266846,27.30912931310013,0,1,0,2735768.0686973715
131032.49230534109,131061.37765052872,28.88534518763481,1,1,0,131061.37765052872
5230498.624478682,5230703.199662589,204.57518390659243,1,1,0,5230703.199662589
9009068.180574873,9009104.733712714,36.55313784070313,1,1,0,9009104.733712714
541306.8324120705,541327.0283556907,20.19594362017233,1,1,0,541327.0283556907
28001689.605240937,28001972.54197789,282.93673695251346,1,1,0,28001972.54197789
358194.08558782935,358195.4599767515,1.3743889221223071,1,1,0,358195.4599767515
4313412.746343347,4313604.802678334,192.05633498635143,0,1,0,4313412.746343347
3544288.316713967,3544444.763435751,156.44672178430483,1,1,0,3544444.763435751
1973503.8758253946,1973625.984818121,122.10899272630922,0,1,0,1973503.8758253946
6166314.530225852,6166514.525799418,199.9955735662952,1,1,0,6166514.525799418
194734.60515268476,194733.54487101256,-1.060281672194833,1,1,0,194733.54487101256
11133860.357771315,11134148.50191411,288.1441427953541,0,1,0,11133860.357771315
28653.1627601185,28665.8922004144,12.72944029590144,1,1,0,28665.8922004144
1935007.1763858767,1935079.9637127002,72.78732682345435,1,1,0,1935079.9637127002
10681598.53702642,10681906.360496564,307.8234701436013,0,1,0,10681598.53702642
4102174.2322281725,4102324.9255165798,150.6932884072885,0,1,0,4102174.2322281725
1317559.8390598523,1317612.7382057162,52.89914586395025,1,1,0,1317612.7382057162
104332.32990582053,104352.77144087304,20.441535052508698,1,1,0,104352.77144087304
4569440.014474772,4569438.910917855,-1.1035569170489907,0,1,0,4569440.014474772
4473199.5163095435,4473421.054576091,221.53826654702425,1,1,0,4473421.054576091
716912.0076669466,716982.6157295204,70.60806257382501,1,1,0,716982.6157295204
4274019.019492431,4274149.96468554,130.94519310910255,0,1,0,4274019.019492431
194623.6277590105,194650.32444673424,26.696687723742798,0,1,0,194623.6277590105
24048926.121432032,24049365.444114298,439.32268226519227,0,1,0,24048926.121432032
591274.0227204594,591273.0915701124,-0.9311503469944,0,1,0,591274.0227204594
1381923.2868618125,1381946.4979755157,23.21111370320432,0,1,0,1381923.2868618125
2735768.0686973715,2735773.521624554,5.452927182428539,0,1,0,2735768.0686973715
5925319.265898995,5925458.120534272,138.8546352768317,0,1,0,5925319.265898995
43564058.15127581,43564272.68215256,214.53087674826384,1,1,0,43564272.68215256
600886.3911490919,600882.147843922,-4.243305169860832,0,1,0,600886.3911490919
143397.80670130212,143425.25623102908,27.449529726960463,1,1,0,143425.25623102908
772727.7111405021,772784.2122604531,56.501119951019064,1,1,0,772784.2122604531
106347.35517988839,106374.50324399376,27.14806410537858,0,1,0,106347.35517988839
1915519.9963258626,1915564.8028215454,44.80649568280205,0,1,0,1915519.9963258626
897267.1000342931,897295.3601197259,28.26008543279022,0,1,0,897267.1000342931
56996981.189219184,56997955.1845901,973.9953709170222,0,1,0,56996981.189219184
206665.50040455983,206668.21087048113,2.71046592129278,1,1,0,206668.21087048113
2422591.3953044866,2422559.4512489475,-31.944055539090186,0,1,0,2422591.3953044866
4313412.746343347,4313638.856026082,226.10968273505569,0,1,0,4313412.746343347
5539966.703701163,5540070.0267998,103.32309863716364,0,1,0,5539966.703701163
3901496.3747172593,3901626.96953671,130.59481945075095,0,1,0,3901496.3747172593
4026220.8206423842,4026262.099487344,41.27884495956823,1,1,0,4026262.099487344
41415.660086455835,41432.840168933944,17.180082478109398,1,1,0,41432.840168933944
897267.1000342931,897302.1928659723,35.09283167915419,0,1,0,897267.1000342931
3444341.3672214714,3444483.5448660646,142.1776445931755,1,1,0,3444483.5448660646
2933647.5304894857,2933818.2508981056,170.72040861984715,1,1,0,2933818.2508981056
2735768.0686973715,2735796.040838032,27.972140660509467,0,1,0,2735768.0686973715
352557.6165754301,352601.1976291957,43.58105376560707,1,1,0,352601.1976291957
2933647.5304894857,2933793.0350660547,145.50457656895742,1,1,0,2933793.0350660547
612765.4293915267,612803.8179343764,38.38854284968693,0,1,0,612765.4293915267
5762139.825437719,5762282.7368857525,142.91144803352654,1,1,0,5762282.7368857525
43564058.15127581,43564253.4458441,195.29456828534603,1,1,0,43564253.4458441
3311313.074514458,3311301.798848328,-11.275666129775345,1,1,0,3311301.798848328
9261409.531546298,9261587.678874595,178.14732829667628,0,1,0,9261409.531546298
591274.0227204594,591268.6845458287,-5.338174630654976,0,1,0,591274.0227204594
1187614.1943890834,1187655.155480296,40.961091212462634,0,1,0,1187614.1943890834
344630.39621665515,344671.1791785898,40.78296193463029,0,1,0,344630.39621665515
772727.7111405021,772790.1257478365,62.41460733441636,1,1,0,772790.1257478365
17258126.75767763,17258480.507921882,353.7502442523837,0,1,0,17258126.75767763
247976.16626194798,248008.03650396984,31.870242021861486,0,1,0,247976.16626194798
5622931.97593603,5622982.605702551,50.629766521044075,1,1,0,5622982.605702551
359162.42064649763,359186.70020905515,24.279562557523604,0,1,0,359162.42064649763
226432.72782276015,226460.5271706137,27.79934785354999,1,1,0,226460.5271706137
1600210.0058459565,1600307.1868724679,97.18102651135996,1,1,0,1600307.1868724679
321519.5527286986,321557.155464404,37.602735705382656,0,1,0,321519.5527286986
2735603.9828590783,2735608.2505907807,4.2677317024208605,1,1,0,2735608.2505907807
5406473.40790688,5406694.723040144,221.3151332642883,1,1,0,5406694.723040144
9261969.157809157,9262241.49045215,272.3326429929584,0,1,0,9261969.157809157
399072.6379498997,399123.04377355985,50.40582366014132,1,1,0,399123.04377355985
2538430.5795847196,2538531.137578404,100.55799368442968,1,1,0,2538531.137578404
953850.1498512649,953857.1730870913,7.023235826403834,0,1,0,953850.1498512649
3283729.5827306174,3283885.6278094016,156.04507878422737,0,1,0,3283729.5827306174
3901496.3747172593,3901628.455612298,132.08089503878728,0,1,0,3901496.3747172593
8660190.869514309,8660409.316596318,218.44708200916648,1,1,0,8660409.316596318
1366738.4142475734,1366729.5802391043,-8.834008469013497,0,1,0,1366738.4142475734
1865216.675180399,1865331.5411473417,114.86596694262698,0,1,0,1865216.675180399
8586157.492501678,8586391.10343462,233.61093294247985,1,1,0,8586391.10343462
3949608.8918481655,3949539.7908557635,-69.10099240206182,0,1,0,3949608.8918481655
29222551.020591423,29222987.039162558,436.01857113465667,0,1,0,29222551.020591423
1790078.386154597,1790153.2790353252,74.89288072823547,0,1,0,1790078.386154597
5580716.816691661,5580905.135939649,188.31924798805267,1,1,0,5580905.135939649
8794922.649638599,8795138.540032081,215.89039348252118,1,1,0,8795138.540032081
1412557.5132314658,1412611.4891879607,53.975956494919956,1,1,0,1412611.4891879607
96722057.09540755,96723163.47472787,1106.3793203234673,1,1,0,96723163.47472787
278731.0403933141,278766.8301755618,35.789782247680705,1,1,0,278766.8301755618
4473199.5163095435,4473410.759911488,211.24360194429755,1,1,0,4473410.759911488
101294.33299043133,101312.72622585025,18.393235418916447,1,1,0,101312.72622585025
7211805.783904289,7212003.356038999,197.572134709917,0,1,0,7211805.783904289
152838.99367302624,152852.77742602432,13.783752998075215,1,1,0,152852.77742602432
1023162.4888987541,1023145.9897608842,-16.49913786991965,1,1,0,1023145.9897608842
17258126.75767763,17258421.98936588,295.23168824985623,0,1,0,17258126.75767763
3039313.474256449,3039455.1184045943,141.64414814533666,0,1,0,3039313.474256449
168473.11384030466,168510.09464847008,36.98080816541915,0,1,0,168473.11384030466
5267397.917790059,5267617.372183672,219.4543936131522,1,1,0,5267617.372183672
15995590.380903285,15995905.694921935,315.3140186499804,0,1,0,15995590.380903285
689843.9208080533,689902.7797146549,58.858906601555645,1,1,0,689902.7797146549
10681598.53702642,10681865.363313852,266.8262874316424,0,1,0,10681598.53702642
827922.5463209351,827970.4488046269,47.90248369181063,1,1,0,827970.4488046269
3544288.316713967,3544435.76104172,147.44432775303721,1,1,0,3544435.76104172
4880653.444225869,4880753.112730862,99.66850499249995,1,1,0,4880753.112730862
4473199.5163095435,4473392.432896653,192.9165871096775,1,1,0,4473392.432896653
7847206.078700541,7847455.244254314,249.16555377375335,0,1,0,7847206.078700541
304624.5451172913,304668.0974271953,43.55230990401469,0,1,0,304624.5451172913
9261969.157809157,9262213.06503896,243.90722980350256,0,1,0,9261969.157809157
4083794.525655386,4083840.9718934083,46.44623802229762,0,1,0,4083794.525655386
26730890.61411587,26731277.521714736,386.90759886428714,0,1,0,26730890.61411587
4473199.5163095435,4473401.155234493,201.63892494980246,1,1,0,4473401.155234493
1181567.163125584,1181596.7971794854,29.63405390153639,0,1,0,1181567.163125584
1197094.166977709,1197175.714812248,81.54783453908749,1,1,0,1197175.714812248
159751.27052301558,159776.22216639927,24.951643383683404,1,1,0,159776.22216639927
89289.63735968676,89300.50936107397,10.872001387208002,0,1,0,89289.63735968676
1194718.1911450252,1194763.7860737026,45.59492867742665,0,1,0,1194718.1911450252
5952628.736709481,5952764.127102577,135.3903930960223,0,1,0,5952628.736709481
2491099.527741081,2491178.609951887,79.08221080573276,1,1,0,2491178.609951887
221592.883482504,221620.8980994231,28.014616919099353,1,1,0,221620.8980994231
909129.627527158,909182.7807506302,53.15322347218171,0,1,0,909129.627527158
493835.05221289245,493871.11724214914,36.0650292566861,0,1,0,493835.05221289245
128287.41712272058,128319.06028790066,31.64316518008127,1,1,0,128319.06028790066
1773178.1788168591,1773294.3631704948,116.1843536356464,1,1,0,1773294.3631704948
953850.1498512649,953846.5767629885,-3.573088276432827,0,1,0,953850.1498512649
622920.6365021671,622957.3451524882,36.7086503211176,1,1,0,622957.3451524882
221592.883482504,221617.73468825774,24.85120575374458,1,1,0,221617.73468825774
1295858.0874203388,1295899.0857945231,40.99837418436073,1,1,0,1295899.0857945231
1376083.2280449374,1376151.7281014153,68.50005647796206,1,1,0,1376151.7281014153
772484.1382946647,772511.1970930754,27.05879841069691,0,1,0,772484.1382946647
2285308.1498761126,2285383.726283073,75.5764069603756,1,1,0,2285383.726283073
3912376.8140218644,3912485.7854839233,108.97146205883473,1,1,0,3912485.7854839233
4447812.172309932,4447989.703830911,177.53152097854763,1,1,0,4447989.703830911
1266628.4062894674,1266737.558424985,109.15213551768102,0,1,0,1266628.4062894674
1376083.2280449374,1376144.824319888,61.596274950541556,1,1,0,1376144.824319888
7262505.909070471,7262732.893185293,226.98411482200027,1,1,0,7262732.893185293
2660122.6119231414,2660168.9706515195,46.35872837807983,0,1,0,2660122.6119231414
5230498.624478682,5230755.456728933,256.83225025143474,1,1,0,5230755.456728933
953850.1498512649,953857.3859396417,7.236088376841508,0,1,0,953850.1498512649
24552.494452140556,24566.69166955084,14.197217410284793,1,1,0,24566.69166955084
12606182.454915939,12606438.630396664,256.1754807252437,0,1,0,12606182.454915939
949446.97900551,949514.9692336064,67.99022809637245,0,1,0,949446.97900551
6797015.160596746,6797224.10941373,208.94881698396057,1,1,0,6797224.10941373
1316327.981716723,1316424.1585872676,96.17687054467387,1,1,0,1316424.1585872676
17550089.65454335,17550163.63837183,73.98382847756147,0,1,0,17550089.65454335
5406473.40790688,5406714.926629907,241.51872302778065,1,1,0,5406714.926629907
57347.75620794325,57355.2763966203,7.5201886770519195,1,1,0,57355.2763966203
916899.2555327136,916941.8909091094,42.635376395774074,1,1,0,916941.8909091094
4473199.5163095435,4473420.612639857,221.09633031394333,1,1,0,4473420.612639857
4875585.86184857,4875726.75890234,140.89705376978964,1,1,0,4875726.75890234
1541966.7414974757,1542037.4408460727,70.69934859708883,1,1,0,1542037.4408460727
2480242.3376656794,2480365.9896318577,123.65196617832407,0,1,0,2480242.3376656794
64231.42592242637,64244.679014759015,13.253092332641245,1,1,0,64244.679014759015
30693.293477189567,30705.520522608822,12.227045419254864,1,1,0,30705.520522608822
7844340.877169891,7844586.869067509,245.99189761746675,1,1,0,7844586.869067509
459151.05859247845,459211.2912039585,60.23261148005258,0,1,0,459151.05859247845
417793.1975898323,417847.32514975115,54.12755991885206,0,1,0,417793.1975898323
1984059.5019844382,1984127.672226109,68.17024167091586,1,1,0,1984127.672226109
4556696.424357577,4556713.926763392,17.50240581482649,0,1,0,4556696.424357577
1113629.9438749468,1113691.5353534617,61.59147851495072,1,1,0,1113691.5353534617
15166325.820369095,15166664.43935029,338.61898119561374,0,1,0,15166325.820369095
6070995.203750776,6071115.219860758,120.01610998157412,0,1,0,6070995.203750776
727558.0228634931,727562.423369009,4.400505515979603,0,1,0,727558.0228634931
716912.0076669466,716993.707243654,81.69957670732401,0,1,0,716912.0076669466
126040497.34316106,126041387.09071,889.7475489377975,1,1,0,126041387.09071
4473199.5163095435,4473412.351032839,212.83472329564393,1,1,0,4473412.351032839
18136105.88351695,18136219.112990793,113.22947384417057,0,1,0,18136105.88351695
208489.41734393156,208526.62506729283,37.20772336126538,1,1,0,208526.62506729283
1847818.0306055099,1847893.336207617,75.30560210719705,1,1,0,1847893.336207617
111840.89129113163,111859.69018887267,18.79889774104231,1,1,0,111859.69018887267
1495724.9919334848,1495837.360891482,112.36895799729973,0,1,0,1495724.9919334848
696512.6474617493,696580.6644189177,68.01695716846734,0,1,0,696512.6474617493
3098711.005350954,3098748.793887148,37.78853619424626,0,1,0,3098711.005350954
8479014.152744133,8479277.493487705,263.34074357151985,0,1,0,8479014.152744133
28653.1627601185,28666.34535505337,13.182594934871304,1,1,0,28666.34535505337
3023575.6087595387,3023746.426911193,170.81815165420994,1,1,0,3023746.426911193
16945967.904154036,16946373.13705425,405.2329002134502,0,1,0,16945967.904154036
3806815.3492183303,3806832.276885107,16.927666776813567,1,1,0,3806832.276885107
13750062.722413579,13750388.026848806,325.3044352270663,0,1,0,13750062.722413579
2491099.527741081,2491205.0898144036,105.56207332247868,1,1,0,2491205.0898144036
5925319.265898995,5925424.544205615,105.27830662019551,0,1,0,5925319.265898995
7635916.430636806,7636153.226625556,236.7959887497127,0,1,0,7635916.430636806
1203907.0240311718,1203941.1747987971,34.15076762530953,1,1,0,1203941.1747987971
1323834.5555094294,1323911.0011874912,76.44567806180567,1,1,0,1323911.0011874912
46930.07620902709,46938.48752841278,8.411319385690149,1,1,0,46938.48752841278
2933647.5304894857,2933783.4681468876,135.937657401897,1,1,0,2933783.4681468876
7635916.430636806,7636228.45250116,312.0218643536791,0,1,0,7635916.430636806
9261409.531546298,9261565.076857818,155.54531151987612,0,1,0,9261409.531546298
6267293.101332681,6267442.410814816,149.30948213487864,0,1,0,6267293.101332681
73966.16767497586,73980.46441056071,14.296735584852286,0,1,0,73966.16767497586
1584898.7601277025,1584952.9476848599,54.18755715736188,1,1,0,1584952.9476848599
29222551.020591423,29222910.678494573,359.657903149724,0,1,0,29222551.020591423
1589807.758968432,1589895.0022631355,87.24329470354132,0,1,0,1589807.758968432
7807.629659521402,7812.778486488509,5.148826967107198,1,1,0,7812.778486488509
1865216.675180399,1865337.7276145632,121.0524341640994,0,1,0,1865216.675180399
15995590.380903285,15995918.182838377,327.8019350916147,0,1,0,15995590.380903285
8970744.4865961,8971028.229572453,283.74297635257244,0,1,0,8970744.4865961
1973503.8758253946,1973647.1489160287,143.27309063402936,1,1,0,1973647.1489160287
5406473.40790688,5406680.35608383,206.9481769502163,1,1,0,5406680.35608383
2311697.886006038,2311703.962901009,6.076894970610738,0,1,0,2311697.886006038
1023654.9991617198,1023750.9531825167,95.95402079692576,1,1,0,1023750.9531825167
371351.76096132013,371370.53181574156,18.77085442142561,0,1,0,371351.76096132013
670039.1966505141,670091.3622118084,52.16556129429955,1,1,0,670091.3622118084
101897.88252210115,101915.74196630353,17.859444202375016,1,1,0,101915.74196630353
4444553.441807679,4444736.696398972,183.25459129270166,0,1,0,4444553.441807679
3441310.012507437,3441425.821644253,115.80913681630045,1,1,0,3441425.821644253
12677880.256750485,12678227.239276962,346.9825264774263,1,1,0,12678227.239276962
387553.0629193628,387590.9400247428,37.87710538000101,1,1,0,387590.9400247428
4672251.772108818,4672335.548062316,83.77595349773765,0,1,0,4672251.772108818
25692355.381078765,25692667.52394176,312.14286299422383,0,1,0,25692355.381078765
209369.91814784834,209396.26176131915,26.343613470817218,0,1,0,209369.91814784834
25692355.381078765,25692681.061071828,325.67999306321144,0,1,0,25692355.381078765
4444553.441807679,4444707.822960821,154.3811531420797,0,1,0,4444553.441807679
3444341.3672214714,3444489.6722380095,148.30501653812826,1,1,0,3444489.6722380095
2311697.886006038,2311703.815577542,5.929571503773332,0,1,0,2311697.886006038
2394563.5366497464,2394643.7942139436,80.25756419729441,1,1,0,2394643.7942139436
67402496.36884588,67403450.9319416,954.5630957186222,0,1,0,67402496.36884588
2394563.5366497464,2394645.386031384,81.8493816377595,1,1,0,2394645.386031384
184720.2824123917,184723.9425894373,3.66017704558908,0,1,0,184720.2824123917
1847818.0306055099,1847891.0260508503,72.99544534040615,1,1,0,1847891.0260508503
3555873.389357666,3556018.1003925,144.71103483391926,1,1,0,3556018.1003925
1102547.2567188914,1102624.235550118,76.97883122647181,1,1,0,1102624.235550118
244271.18646336923,244309.31960216953,38.13313880030182,1,1,0,244309.31960216953
4711523.516344199,4711594.341154246,70.82481004670262,1,1,0,4711594.341154246
752209.8151967054,752290.5577574375,80.74256073206197,0,1,0,752209.8151967054
4181973.138940897,4182045.1590341297,72.02009323285893,0,1,0,4181973.138940897
8605830.666446242,8606003.390222494,172.72377625107765,1,1,0,8606003.390222494
2223204.995950113,2223335.619656882,130.62370676873252,1,1,0,2223335.619656882
2226126.4779920583,2226250.603954499,124.1259624408558,0,1,0,2226126.4779920583
24552.494452140556,24568.16782204529,15.67336990473268,1,1,0,24568.16782204529
358617.4844571371,358651.9793321012,34.49487496406073,1,1,0,358651.9793321012
12677880.256750485,12678227.896806905,347.6400564201176,1,1,0,12678227.896806905
1541966.7414974757,1542044.6082565922,77.86675911652856,1,1,0,1542044.6082565922
26988681.274377275,26989091.257110864,409.9827335886657,0,1,0,26988681.274377275
1912309.9256228476,1912319.439752143,9.514129295479506,0,1,0,1912309.9256228476
6797015.160596746,6797231.097361834,215.93676508776844,1,1,0,6797231.097361834
15995590.380903285,15995912.783218466,322.4023151807487,0,1,0,15995590.380903285
346034.3525447402,346065.14813127846,30.795586538268253,1,1,0,346065.14813127846
91302.64300771947,91317.32487361704,14.68186589756806,0,1,0,91302.64300771947
12677880.256750485,12678250.211071901,369.9543214160949,1,1,0,12678250.211071901
358617.4844571371,358647.19646706484,29.712009927723557,1,1,0,358647.19646706484
940814.7458863003,940880.973906263,66.22801996266935,0,1,0,940814.7458863003
1438682.1837841508,1438747.5857354829,65.40195133211091,1,1,0,1438747.5857354829
750712.3814536578,750778.6714124171,66.28995875932742,0,1,0,750712.3814536578
6137738.923402802,6137956.042462395,217.11905959248543,1,1,0,6137956.042462395
4556696.424357577,4556701.263843596,4.839486018754542,0,1,0,4556696.424357577
745207.949757806,745278.2475097503,70.2977519442793,1,1,0,745278.2475097503
352557.6165754301,352599.39415375947,41.77757832937641,1,1,0,352599.39415375947
4996969.950179521,4997153.72605912,183.775879599154,0,1,0,4996969.950179521
64889.22133754609,64902.51605621825,13.294718672157614,1,1,0,64902.51605621825
456554.533892592,456589.45389083814,34.91999824612867,0,1,0,456554.533892592
6545801.794917186,6546045.073219805,243.27830261923373,0,1,0,6545801.794917186
688068.9480252689,688139.7165597868,70.76853451796342,0,1,0,688068.9480252689
3308808.053273834,3308949.21095613,141.15768229635432,0,1,0,3308808.053273834
3369967.3249944835,3370134.1880458873,166.86305140377954,0,1,0,3369967.3249944835
1207835.131975527,1207837.4186837056,2.286708178697154,1,1,0,1207837.4186837056
10615232.162147047,10615423.328374874,191.16622782684863,0,1,0,10615232.162147047
4818590.949920602,4818809.286176784,218.33625618182123,0,1,0,4818590.949920602
21676083.39937474,21676460.80650875,377.4071340113878,0,1,0,21676083.39937474
152699.9780724618,152724.89644927505,24.91837681326433,1,1,0,152724.89644927505
73557585.94548212,73558439.36441483,853.4189327061176,0,1,0,73557585.94548212
31668.213321512576,31680.82993667751,12.616615164934046,0,1,0,31668.213321512576
330522.72953870264,330518.8185013311,-3.9110373715520836,0,1,0,330522.72953870264
1438682.1837841508,1438756.862837513,74.67905336222611,1,1,0,1438756.862837513
3468995.0762537047,3469104.917393895,109.84114019013941,1,1,0,3469104.917393895
745207.949757806,745275.3963043189,67.44654651288874,1,1,0,745275.3963043189
2431938.739161191,2432085.4070881275,146.66792693641037,0,1,0,2431938.739161191
18832226.203856435,18832455.142007828,228.93815139308572,0,1,0,18832226.203856435
5452030.376131189,5452232.402790567,202.0266593778506,1,1,0,5452232.402790567
671888.431819917,671953.4465417486,65.01472183153965,0,1,0,671888.431819917
57646.90819950932,57666.779523501296,19.87132399197435,0,1,0,57646.90819950932
6267566.109666087,6267749.371480943,183.26181485597044,0,1,0,6267566.109666087
89289.63735968676,89300.96998126921,11.332621582449065,0,1,0,89289.63735968676
2431938.739161191,2432096.2686958676,157.5295346765779,0,1,0,2431938.739161191
17614417.70099561,17614806.466067534,388.76507192477584,0,1,0,17614417.70099561
7807.629659521402,7811.902398776697,4.272739255295164,1,1,0,7811.902398776697
448728.62425109005,448727.3457769961,-1.278474093938712,0,1,0,448728.62425109005
5085619.732653755,5085796.33255643,176.5999026754871,0,1,0,5085619.732653755
6315424.572603809,6315605.668952858,181.09634904935956,1,1,0,6315605.668952858
245120.37973896507,245162.59502083203,42.2152818669565,1,1,0,245162.59502083203
1457967.4212666776,1458059.8561808493,92.43491417169571,1,1,0,1458059.8561808493
26963577.599322863,26964058.433354028,480.83403116464615,0,1,0,26963577.599322863
358617.4844571371,358647.48858513107,30.004127993946895,1,1,0,358647.48858513107
229375.62433883108,229415.40132498273,39.77698615164263,0,1,0,229375.62433883108
2936238.1745556802,2936376.6602773094,138.48572162911296,1,1,0,2936376.6602773094
11265012.111761114,11265266.583234431,254.47147331759334,1,1,0,11265266.583234431
5452030.376131189,5452233.312957044,202.93682585470378,1,1,0,5452233.312957044
87082154.59149055,87083199.25432234,1044.6628317832947,1,1,0,87083199.25432234
28001689.605240937,28001889.705302786,200.10006184875965,1,1,0,28001889.705302786
18640829.15079593,18641157.068000946,327.91720501706004,1,1,0,18641157.068000946
15240459.766304024,15240723.12811155,263.3618075270206,0,1,0,15240459.766304024
752209.8151967054,752298.8730431853,89.05784647993278,0,1,0,752209.8151967054
1316327.981716723,1316430.5833186351,102.60160191217437,1,1,0,1316430.5833186351
3912376.8140218644,3912483.070500846,106.25647898158059,1,1,0,3912483.070500846
1023162.4888987541,1023153.9358006332,-8.553098120959476,0,1,0,1023162.4888987541
6743459.567150459,6743675.334841763,215.76769130397588,0,1,0,6743459.567150459
221592.883482504,221622.84717231253,29.963689808530034,1,1,0,221622.84717231253
665220.4480806327,665245.998204102,25.55012346932199,0,1,0,665220.4480806327
3949608.8918481655,3949545.264509758,-63.62733840756118,0,1,0,3949608.8918481655
603340.1087191155,603378.0521674342,37.9434483187506,1,1,0,603378.0521674342
25615.498348363304,25628.135763987088,12.637415623783454,0,1,0,25615.498348363304
11265012.111761114,11265322.45077094,310.3390098270029,1,1,0,11265322.45077094
284389.25547435007,284397.2693676881,8.013893338036723,0,1,0,284389.25547435007
847871.7805865989,847939.1997585377,67.41917193878908,0,1,0,847871.7805865989
2046947.6806875272,2047022.6398147482,74.95912722102366,0,1,0,2046947.6806875272
1773178.1788168591,1773285.6900311029,107.51121424371377,1,1,0,1773285.6900311029
301996.25721334195,302023.9250630424,27.66784970043227,0,1,0,301996.25721334195
231523.73750709067,231570.12544082367,46.387933732999954,0,1,0,231523.73750709067
5925319.265898995,5925462.183949665,142.91805067006499,0,1,0,5925319.265898995
178626.14700197647,178658.74861406154,32.601612085069064,1,1,0,178658.74861406154
275300.34936256433,275333.38030975556,33.03094719123328,0,1,0,275300.34936256433
2168299.489557914,2168401.3488338073,101.85927589330822,0,1,0,2168299.489557914
6818589.736849939,6818868.080819355,278.3439694158733,1,1,0,6818868.080819355
1282212.8368828252,1282279.2767838975,66.43990107229911,0,1,0,1282212.8368828252
301996.25721334195,302021.57399643556,25.316783093614504,0,1,0,301996.25721334195
1589807.758968432,1589895.7453650197,87.98639658768661,0,1,0,1589807.758968432
553199.9642455443,553250.3855082444,50.421262700110674,0,1,0,553199.9642455443
4968387.499149974,4968558.0070412,170.50789122562855,0,1,0,4968387.499149974
206665.50040455983,206667.63175177542,2.131347215588903,1,1,0,206667.63175177542
541306.8324120705,541324.7944822427,17.96207017218694,1,1,0,541324.7944822427
2735768.0686973715,2735772.6200352907,4.551337919197977,0,1,0,2735768.0686973715
750712.3814536578,750774.4836832888,62.102229631040245,0,1,0,750712.3814536578
4444553.441807679,4444750.164178893,196.72237121406943,0,1,0,4444553.441807679
18261271.01981089,18261668.06823935,397.0484284609556,1,1,0,18261668.06823935
126040497.34316106,126041431.56647615,934.223315089941,1,1,0,126041431.56647615
271261.56384734716,271308.52251184563,46.95866449846653,0,1,0,271261.56384734716
387553.0629193628,387593.58465978113,40.52174041833496,1,1,0,387593.58465978113
101294.33299043133,101317.49930863331,23.166318201983813,1,1,0,101317.49930863331
30693.293477189567,30704.135442756135,10.841965566567524,1,1,0,30704.135442756135
2276694.8265848635,2276828.225212879,133.39862801553681,1,1,0,2276828.225212879
6660725.076820481,6660874.4241056675,149.3472851868719,1,1,0,6660874.4241056675
3039313.474256449,3039458.194168584,144.71991213504225,0,1,0,3039313.474256449
4968387.499149974,4968579.39986218,191.9007122060284,0,1,0,4968387.499149974
4661292.878378823,4661454.579016457,161.70063763391227,1,1,0,4661454.579016457
32231.878649484108,32236.294038014927,4.4153885308187455,0,1,0,32231.878649484108
229368.04254773862,229405.84241525581,37.799867517198436,0,1,0,229368.04254773862
3441310.012507437,3441451.6896708473,141.67716341046616,1,1,0,3441451.6896708473
5085619.732653755,5085804.162373289,184.42971953377128,0,1,0,5085619.732653755
505635.0293831093,505625.144965337,-9.88441777229309,1,1,0,505625.144965337
275300.34936256433,275336.7564615546,36.407098990282975,0,1,0,275300.34936256433
219236.16556815492,219247.20934418775,11.043776032835012,0,1,0,219236.16556815492
3444341.3672214714,3444509.09312632,167.72590484842658,1,1,0,3444509.09312632
3806815.3492183303,3806878.5796177033,63.23039937298745,1,1,0,3806878.5796177033
6823403.265164597,6823662.814937251,259.5497726537287,0,1,0,6823403.265164597
4630434.0091187805,4630557.288630478,123.27951169759035,0,1,0,4630434.0091187805
8723.458862928584,8728.009292652203,4.550429723618436,1,1,0,8728.009292652203
2911166.6700741975,2911268.90060658,102.23053238261491,1,1,0,2911268.90060658
219236.16556815492,219255.92125420252,19.755686047603376,0,1,0,219236.16556815492
5580716.816691661,5580865.989989882,149.1732982210815,1,1,0,5580865.989989882
2735603.9828590783,2735616.261702206,12.278843127656728,1,1,0,2735616.261702206
4026220.8206423842,4026283.902344622,63.081702237948775,1,1,0,4026283.902344622
6950417.938389312,6950657.387945013,239.44955570157617,0,1,0,6950417.938389312
1598176.0004475587,1598311.4517886033,135.4513410446234,0,1,0,1598176.0004475587
488387.15635510045,488439.9971911519,52.84083605144406,0,1,0,488387.15635510045
1203907.0240311718,1203949.5957898684,42.57175869657658,1,1,0,1203949.5957898684
1563796.9995148082,1563906.8308391802,109.83132437197492,0,1,0,1563796.9995148082
780931.9096290685,781002.3182886059,70.40865953743923,0,1,0,780931.9096290685
385295.7926314155,385348.52149370837,52.72886229288997,1,1,0,385348.52149370837
78215.11988881922,78232.2938763663,17.173987547081197,0,1,0,78215.11988881922
914801.2580343555,914848.1930389811,46.93500462558586,0,1,0,914801.2580343555
55464697.173974074,55465132.36539095,435.19141687452793,0,1,0,55464697.173974074
1887502.0735500637,1887642.0159824137,139.9424323500134,0,1,0,1887502.0735500637
3444341.3672214714,3444487.850286911,146.48306543938816,1,1,0,3444487.850286911
1915519.5202497062,1915591.766632409,72.24638270284049,1,1,0,1915591.766632409
5952628.736709481,5952744.6374278655,115.90071838442236,0,1,0,5952628.736709481
5062129.884637326,5062276.540317597,146.65568027086556,1,1,0,5062276.540317597
579185.212373264,579239.9216111429,54.709237878909335,1,1,0,579239.9216111429
7847206.078700541,7847465.827013832,259.74831329099834,0,1,0,7847206.078700541
772727.7111405021,772795.2101378371,67.49899733497296,1,1,0,772795.2101378371
3901496.3747172593,3901601.1371041373,104.76238687802106,0,1,0,3901496.3747172593
346034.3525447402,346068.9916655747,34.63912083453033,1,1,0,346068.9916655747
671888.431819917,671963.9964986931,75.56467877607793,0,1,0,671888.431819917
117464.93800014911,117456.88040612076,-8.057594028345193,0,1,0,117464.93800014911
123886.63063740215,123880.96650766853,-5.664129733617301,0,1,0,123886.63063740215
141877.76570612966,141901.02853935325,23.26283322359086,1,1,0,141901.02853935325
152699.9780724618,152724.72181469743,24.743742235645186,1,1,0,152724.72181469743
2933647.5304894857,2933819.6346374014,172.1041479157284,1,1,0,2933819.6346374014
5241011.535061381,5241179.469076382,167.93401500117034,1,1,0,5241179.469076382
13750062.722413579,13750376.465557331,313.7431437522173,0,1,0,13750062.722413579
229368.04254773862,229400.12461064706,32.08206290844828,1,1,0,229400.12461064706
8723.458862928584,8725.175708625982,1.71684569739773,1,1,0,8725.175708625982
14851905.397995414,14852298.838964898,393.4409694839269,1,1,0,14852298.838964898
72854087.0857984,72854941.89218523,854.8063868284225,1,1,0,72854941.89218523
231523.73750709067,231570.82071817736,47.083211086690426,0,1,0,231523.73750709067
7807.629659521402,7811.736100509466,4.106440988064605,1,1,0,7811.736100509466
5204027.1388665065,5204022.212063191,-4.926803315058351,0,1,0,5204027.1388665065
13750062.722413579,13750381.704629414,318.9822158347815,0,1,0,13750062.722413579
1813492.0785892464,1813568.8667292201,76.7881399737671,0,1,0,1813492.0785892464
2745785.3203164386,2745924.285050653,138.96473421435803,1,1,0,2745924.285050653
7926732.763656111,7926958.211428152,225.44777204096317,1,1,0,7926958.211428152
1194718.1911450252,1194785.303914629,67.11276960372925,1,1,0,1194785.303914629
1821582.9237183747,1821676.3199671158,93.3962487410754,1,1,0,1821676.3199671158
3696291.842546434,3696403.0744896154,111.23194318125024,0,1,0,3696291.842546434
85179.0353196006,85190.96229143614,11.926971835535369,0,1,0,85179.0353196006
359162.42064649763,359191.0459168549,28.625270357297268,0,1,0,359162.42064649763
343316.8376024959,343315.11711141607,-1.720491079846397,0,1,0,343316.8376024959
2249516.706366879,2249607.3035477856,90.5971809066832,1,1,0,2249607.3035477856
2097571.41903134,2097640.604445863,69.18541452288628,0,1,0,2097571.41903134
2855072.0181997186,2855209.6237307684,137.6055310498923,1,1,0,2855209.6237307684
10329396.377408754,10329665.11974975,268.7423409949988,1,1,0,10329665.11974975
152838.99367302624,152851.23623761514,12.242564588901587,1,1,0,152851.23623761514
914801.2580343555,914846.4978331019,45.239798746421,0,1,0,914801.2580343555
1438682.1837841508,1438772.119052116,89.93526796530932,1,1,0,1438772.119052116
1023162.4888987541,1023164.0492009773,1.5603022231953219,1,1,0,1023164.0492009773
7262505.909070471,7262724.565268952,218.65619848109782,1,1,0,7262724.565268952
217130.62985087992,217122.50219609204,-8.127654787880601,1,1,0,217122.50219609204
173787.50616403052,173817.78228389253,30.27611986201373,0,1,0,173787.50616403052
503992.76184165524,504031.54992161883,38.78807996358955,0,1,0,503992.76184165524
8605830.666446242,8606052.689144582,222.02269833907485,1,1,0,8606052.689144582
152838.99367302624,152853.47206388705,14.478390860807849,1,1,0,152853.47206388705
3847982.6834347625,3848138.9639438293,156.280509066768,1,1,0,3848138.9639438293
371351.76096132013,371372.2789887273,20.518027407175396,0,1,0,371351.76096132013
2474176.223907786,2474271.2459461675,95.02203838154674,1,1,0,2474271.2459461675
2536371.36190086,2536500.402508747,129.04060788685456,1,1,0,2536500.402508747
987904.3090745586,987971.2476636114,66.93858905287925,1,1,0,987971.2476636114
43531.92772688013,43543.95154577425,12.023818894122087,0,1,0,43531.92772688013
1692722.1104410996,1692833.506533841,111.39609274128452,1,1,0,1692833.506533841
3085735.0125213237,3085883.6404514196,148.62793009588495,0,1,0,3085735.0125213237
30693.293477189567,30704.582630357756,11.289153168188932,1,1,0,30704.582630357756
2745785.3203164386,2745912.5409854515,127.2206690129824,0,1,0,2745785.3203164386
1102547.2567188914,1102612.7060653751,65.44934648368508,0,1,0,1102547.2567188914
1317559.8390598523,1317588.7865150566,28.947455204324797,1,1,0,1317588.7865150566
385295.7926314155,385351.05325844034,55.260627024865244,0,1,0,385295.7926314155
1323834.5555094294,1323921.6383505894,87.08284116000868,1,1,0,1323921.6383505894
8794922.649638599,8795140.663705286,218.01406668685377,1,1,0,8795140.663705286
892404.197864787,892476.0572089718,71.85934418486431,1,1,0,892476.0572089718
2536371.36190086,2536491.2903410103,119.92844015033916,0,1,0,2536371.36190086
923573.9689023267,923647.8578228321,73.88892050541472,0,1,0,923573.9689023267
7844340.877169891,7844542.106154314,201.22898442298174,1,1,0,7844542.106154314
14851905.397995414,14852285.282818193,379.88482277840376,0,1,0,14851905.397995414
1784916.1237034977,1785007.3330066607,91.209303162992,1,1,0,1785007.3330066607
325957.7981311924,326006.9219590273,49.12382783490466,0,1,0,325957.7981311924
345978.3799052984,345976.36575765046,-2.0141476479475386,0,1,0,345978.3799052984
772484.1382946647,772509.144853966,25.006559301284142,0,1,0,772484.1382946647
5871384.695678936,5871417.900451002,33.20477206539363,0,1,0,5871384.695678936
6974419.406856188,6974557.06906753,137.66221134271473,0,1,0,6974419.406856188
7847206.078700541,7847425.20969149,219.13099094945937,0,1,0,7847206.078700541
1058085.8852486974,1058148.6347096956,62.749460998224095,0,1,0,1058085.8852486974
591274.0227204594,591257.727524247,-16.295196212362498,0,1,0,591274.0227204594
12547179.64335476,12547148.401100462,-31.24225429818034,1,1,0,12547148.401100462
12606182.454915939,12606466.689041218,284.23412527889013,0,1,0,12606182.454915939
1943651.7492579352,1943710.7616778514,59.012419916223735,1,1,0,1943710.7616778514
1563796.9995148082,1563903.9081025366,106.9085877283942,0,1,0,1563796.9995148082
1661193.151901767,1661270.9119303646,77.76002859766595,1,1,0,1661270.9119303646
448728.62425109005,448709.5758662094,-19.048384880647063,0,1,0,448728.62425109005
6107213.594303567,6107429.581750747,215.98744717985392,1,1,0,6107429.581750747
456554.533892592,456583.03764268226,28.50375009025447,1,1,0,456583.03764268226
2936238.1745556802,2936376.418274118,138.24371843785048,1,1,0,2936376.418274118
3308808.053273834,3308987.780813764,179.72753993002698,0,1,0,3308808.053273834
5994690.381306537,5994920.98968883,230.60838229302317,0,1,0,5994690.381306537
1984059.5019844382,1984123.879346524,64.37736208573915,1,1,0,1984123.879346524
371351.76096132013,371370.7862689986,19.025307678442914,0,1,0,371351.76096132013
114258.11541712612,114281.100077782,22.98466065588582,1,1,0,114281.100077782
26988681.274377275,26989030.0965958,348.82221852615476,0,1,0,26988681.274377275
894801.3075319069,894795.6221370606,-5.685394846252166,1,1,0,894795.6221370606
3039313.474256449,3039479.74892043,166.27466398105025,0,1,0,3039313.474256449
2053930.2186851925,2053896.726146319,-33.4925388735719,0,1,0,2053930.2186851925
55464697.173974074,55465113.218339175,416.0443651005626,0,1,0,55464697.173974074
12780260.198375776,12780382.121277947,121.9229021705687,0,1,0,12780260.198375776
1023654.9991617198,1023757.5187860788,102.5196243589744,1,1,0,1023757.5187860788
18261271.01981089,18261652.496655792,381.47684490308166,0,1,0,18261271.01981089
96967.17098822602,96982.13181569338,14.960827467366471,1,1,0,96982.13181569338
1141794.5827811563,1141796.9858572527,2.4030760964378715,1,1,0,1141796.9858572527
1833909.0521912493,1834006.6849715435,97.63278029416688,0,1,0,1833909.0521912493
206665.50040455983,206666.37631278648,0.8759082266478799,1,1,0,206666.37631278648
125632.45175601031,125647.2098894773,14.758133466981235,1,1,0,125647.2098894773
480149.34843615216,480158.9001728541,9.551736701920163,0,1,0,480149.34843615216
1323834.5555094294,1323905.6697567322,71.11424730275758,1,1,0,1323905.6697567322
4123960.8068271712,4124149.8070810917,189.00025392044336,1,1,0,4124149.8070810917
352557.6165754301,352606.1350040518,48.51842862169724,0,1,0,352557.6165754301
10713722.137815552,10713916.873270862,194.73545530997217,0,1,0,10713722.137815552
1181567.163125584,1181608.5265749963,41.36344941239804,0,1,0,1181567.163125584
1103001.5846540234,1103080.3810718972,78.79641787381843,1,1,0,1103080.3810718972
247976.16626194798,248002.93078847593,26.76452652795706,0,1,0,247976.16626194798
1439949.1875428027,1440055.5869643644,106.3994215617422,1,1,0,1440055.5869643644
15745495.695766272,15745811.58245564,315.8866893686354,0,1,0,15745495.695766272
8954391.253223268,8954545.140905362,153.88768209330738,1,1,0,8954545.140905362
1813492.0785892464,1813570.7779597668,78.69937052042224,0,1,0,1813492.0785892464
1821582.9237183747,1821690.7080563328,107.78433795808814,0,1,0,1821582.9237183747
3806815.3492183303,3806890.8512794734,75.50206114305183,1,1,0,3806890.8512794734
13437013.420561148,13437289.74913975,276.3285786025226,0,1,0,13437013.420561148
6267293.101332681,6267493.65681372,200.55548103898764,0,1,0,6267293.101332681
689843.9208080533,689911.4975359715,67.57672791811638,1,1,0,689911.4975359715
847871.7805865989,847952.4993751126,80.71878851368092,0,1,0,847871.7805865989
7844340.877169891,7844578.173228692,237.2960588010028,1,1,0,7844578.173228692
9053401.817717794,9053615.553532276,213.73581448197365,1,1,0,9053615.553532276
73383.22460362459,73396.01342715512,12.788823530529044,1,1,0,73396.01342715512
148937.9423668604,148974.74492547964,36.80255861923797,0,1,0,148937.9423668604
1068098.8974435492,1068189.2019749205,90.30453137122095,0,1,0,1068098.8974435492
2933647.5304894857,2933774.656858141,127.12636865535751,1,1,0,2933774.656858141
813446.3916675202,813494.3481245778,47.956457057618536,0,1,0,813446.3916675202
14064897.145826096,14065076.891425533,179.745599437505,0,1,0,14064897.145826096
5062129.884637326,5062295.22412821,165.33949088398367,1,1,0,5062295.22412821
5408579.412974305,5408706.464280561,127.05130625516176,1,1,0,5408706.464280561
2765322.901718614,2765338.9152835845,16.013564970344305,0,1,0,2765322.901718614
2492497.284461207,2492516.110907391,18.82644618395716,1,1,0,2492516.110907391
8723.458862928584,8726.723421923432,3.264558994847903,1,1,0,8726.723421923432
2660122.6119231414,2660167.641543024,45.029619882814586,0,1,0,2660122.6119231414
1412557.5132314658,1412602.0534828121,44.54025134630501,1,1,0,1412602.0534828121
62389292.437461406,62390124.74271067,832.3052492663264,1,1,0,62390124.74271067
15166325.820369095,15166661.270725649,335.45035655424,0,1,0,15166325.820369095
9261969.157809157,9262256.325826002,287.1680168453604,0,1,0,9261969.157809157
1887502.0735500637,1887620.081211228,118.00766116427258,1,1,0,1887620.081211228
1351550.231685623,1351619.584864384,69.35317876096815,0,1,0,1351550.231685623
194623.6277590105,194654.14407835557,30.51631934507168,0,1,0,194623.6277590105
7803938.902313549,7804218.378356314,279.4760427651927,1,1,0,7804218.378356314
1194718.1911450252,1194777.6191090732,59.427964047994465,0,1,0,1194718.1911450252
2474176.223907786,2474267.345750217,91.12184243090451,1,1,0,2474267.345750217
2945495.904935029,2945500.0945609207,4.189625891856849,0,1,0,2945495.904935029
642908.6820874109,642974.8743598288,66.19227241782937,0,1,0,642908.6820874109
343316.8376024959,343316.08828319394,-0.7493193019763567,0,1,0,343316.8376024959
321945.96354026685,321977.84824563743,31.884705370583106,1,1,0,321977.84824563743
4447812.172309932,4447986.010443616,173.83813368342817,1,1,0,4447986.010443616
1197094.166977709,1197152.9315566442,58.76457893522456,1,1,0,1197152.9315566442
2765322.901718614,2765295.8292090176,-27.072509596589953,0,1,0,2765322.901718614
1847818.0306055099,1847907.7678790016,89.73727349168621,1,1,0,1847907.7678790016
456554.533892592,456588.91489512665,34.38100253464654,1,1,0,456588.91489512665
2168299.489557914,2168386.161721733,86.67216381896287,0,1,0,2168299.489557914
2285308.1498761126,2285364.4955058424,56.3456297297962,1,1,0,2285364.4955058424
3696291.842546434,3696395.726340756,103.88379432167858,0,1,0,3696291.842546434
2712093.821702228,2712084.2599035287,-9.561798699200153,0,1,0,2712093.821702228
25615.498348363304,25627.451676734574,11.95332837126989,0,1,0,25615.498348363304
3098711.005350954,3098719.723579018,8.718228064011782,0,1,0,3098711.005350954
14851905.397995414,14852256.028598025,350.6306026112288,1,1,0,14852256.028598025
126040497.34316106,126041336.21778291,838.8746218532324,1,1,0,126041336.21778291
399072.6379498997,399135.36389612424,62.72594622452743,1,1,0,399135.36389612424
8533076.474076575,8533334.983089041,258.50901246629655,0,1,0,8533076.474076575
5994690.381306537,5994906.450287851,216.06898131314665,0,1,0,5994690.381306537
11377672.495031105,11378015.265138483,342.7701073773205,1,1,0,11378015.265138483
358194.08558782935,358199.77979102364,5.694203194289003,1,1,0,358199.77979102364
10681598.53702642,10681877.63816664,279.1011402197182,0,1,0,10681598.53702642
106347.35517988839,106373.48531574254,26.130135854153195,1,1,0,106373.48531574254
1186985.7947192837,1187024.5731341376,38.77841485384852,1,1,0,1187024.5731341376
1317559.8390598523,1317595.8621959065,36.02313605416566,0,1,0,1317559.8390598523
2660122.6119231414,2660203.541244392,80.92932125041261,0,1,0,2660122.6119231414
358617.4844571371,358647.61671602185,30.13225888472516,1,1,0,358647.61671602185
8484448.072901974,8484668.63972828,220.56682630628347,1,1,0,8484668.63972828
358194.08558782935,358191.53682451346,-2.548763315891847,1,1,0,358191.53682451346
31668.213321512576,31684.119533631605,15.906212119029078,0,1,0,31668.213321512576
2855072.0181997186,2855221.7224578457,149.70425812713802,1,1,0,2855221.7224578457
918396.4697902963,918483.5538937044,87.08410340815317,1,1,0,918483.5538937044
11265012.111761114,11265346.245165898,334.13340478390455,1,1,0,11265346.245165898
6107213.594303567,6107458.661264289,245.06696072220802,1,1,0,6107458.661264289
72605.69454856621,72630.39573025652,24.701181690310477,0,1,0,72605.69454856621
1732515.28563052,1732613.1315666793,97.84593615937047,0,1,0,1732515.28563052
344630.39621665515,344671.8760238222,41.479807167022955,0,1,0,344630.39621665515
987904.3090745586,987983.0512097295,78.74213517096359,1,1,0,987983.0512097295
164717.0409722319,164740.687404201,23.646431969100377,0,1,0,164717.0409722319
5062129.884637326,5062298.025950502,168.1413131756708,1,1,0,5062298.025950502
115474675.43179981,115475333.48989058,658.0580907613039,0,1,0,115474675.43179981
658591.290558868,658661.9472835175,70.65672464948148,1,1,0,658661.9472835175
336499.631565286,336524.8259066034,25.194341317401268,1,1,0,336524.8259066034
352557.6165754301,352600.9688927945,43.35231736442074,1,1,0,352600.9688927945
336499.631565286,336529.35444938124,29.722884095215704,0,1,0,336499.631565286
26963577.599322863,26964119.447714154,541.8483912907541,0,1,0,26963577.599322863
418786.4926461767,418844.1562465018,57.66360032506054,0,1,0,418786.4926461767
579185.212373264,579232.9142877487,47.70191448472906,1,1,0,579232.9142877487
123886.63063740215,123872.52606267162,-14.104574730532477,0,1,0,123886.63063740215
4083794.525655386,4083812.516485818,17.990830432157964,0,1,0,4083794.525655386
125632.45175601031,125647.59307561207,15.141319601752912,1,1,0,125647.59307561207
2299768.9631226896,2299821.4349714993,52.47184880962595,0,1,0,2299768.9631226896
257622.0217765094,257660.7693236097,38.74754710029811,0,1,0,257622.0217765094
2720773.1330530187,2720756.6576327505,-16.475420268252492,1,1,0,2720756.6576327505
3894903.960935407,3895076.404105677,172.44317026995122,1,1,0,3895076.404105677
1023162.4888987541,1023154.6713355731,-7.817563181044534,1,1,0,1023154.6713355731
8075314.9467557175,8075475.936732685,160.98997696768492,0,1,0,8075314.9467557175
1113629.9438749468,1113695.8347227853,65.89084783848375,1,1,0,1113695.8347227853
1865216.675180399,1865319.3691013982,102.6939209990669,0,1,0,1865216.675180399
665220.4480806327,665241.0709291829,20.62284855020698,0,1,0,665220.4480806327
50491357.451323405,50491990.33786003,632.8865366280079,1,1,0,50491990.33786003
229375.62433883108,229415.2372404994,39.61290166832623,1,1,0,229415.2372404994
729193.054336941,729265.9582188674,72.90388192643877,0,1,0,729193.054336941
493835.05221289245,493863.2749510607,28.22273816826055,0,1,0,493835.05221289245
4313412.746343347,4313595.896675743,183.15033239591867,0,1,0,4313412.746343347
6950417.938389312,6950705.032156419,287.0937671074644,0,1,0,6950417.938389312
96722057.09540755,96723095.40469365,1038.3092861026525,1,1,0,96723095.40469365
143397.80670130212,143416.65695933258,18.85025803046301,1,1,0,143416.65695933258
89289.63735968676,89298.43212286396,8.794763177196728,0,1,0,89289.63735968676
11722140.734803813,11722415.456785433,274.72198162041605,0,1,0,11722140.734803813
2852376.305515184,2852515.6418548687,139.33633968466893,0,1,0,2852376.305515184
217130.62985087992,217129.9903788637,-0.6394720162206795,1,1,0,217129.9903788637
358194.08558782935,358197.88565515674,3.800067327392753,1,1,0,358197.88565515674
866177.023232418,866267.7914369738,90.76820455584675,1,1,0,866267.7914369738
909129.627527158,909183.0624115396,53.43488438159693,0,1,0,909129.627527158
11265012.111761114,11265363.962806543,351.8510454297066,1,1,0,11265363.962806543
2083720.0682891896,2083765.1484403447,45.08015115512535,0,1,0,2083720.0682891896
7792159.222460343,7792390.902927609,231.6804672665894,1,1,0,7792390.902927609
5762139.825437719,5762258.562251438,118.73681371938437,1,1,0,5762258.562251438
5580716.816691661,5580896.952424126,180.13573246449232,1,1,0,5580896.952424126
752209.8151967054,752286.4721874146,76.65699070924893,0,1,0,752209.8151967054
7635916.430636806,7636182.902324612,266.4716878058389,0,1,0,7635916.430636806
7953926.320246267,7953948.85836402,22.53811775241047,0,1,0,7953926.320246267
4556696.424357577,4556714.831961602,18.407604024745524,0,1,0,4556696.424357577
106347.35517988839,106372.19036744034,24.83518755195837,1,1,0,106372.19036744034
1295858.0874203388,1295915.6469973742,57.559577035484836,0,1,0,1295858.0874203388
159751.27052301558,159774.37331041947,23.102787403884577,1,1,0,159774.37331041947
1113629.9438749468,1113703.4487091305,73.5048341837246,1,1,0,1113703.4487091305
1068098.8974435492,1068161.676788665,62.77934511564672,0,1,0,1068098.8974435492
5408579.412974305,5408714.012998119,134.6000238135457,1,1,0,5408714.012998119
493835.05221289245,493866.95993001055,31.907717118097935,1,1,0,493866.95993001055
74293.52958226226,74310.526823539,16.99724127673835,0,1,0,74293.52958226226
8302873.858732726,8303066.131089949,192.27235722262412,0,1,0,8302873.858732726
16945967.904154036,16946359.654699326,391.75054528936744,1,1,0,16946359.654699326
2046947.6806875272,2047029.9637374487,82.28304992150515,0,1,0,2046947.6806875272
143397.80670130212,143421.08560165289,23.27890035076416,1,1,0,143421.08560165289
622920.6365021671,622958.7684085162,38.131906349095516,0,1,0,622920.6365021671
73383.22460362459,73399.22919540443,16.004591779841576,1,1,0,73399.22919540443
6818589.736849939,6818824.036762345,234.2999124052003,1,1,0,6818824.036762345
827922.5463209351,827959.7964635558,37.2501426206436,1,1,0,827959.7964635558
3369967.3249944835,3370121.2388377455,153.91384326200932,0,1,0,3369967.3249944835
941397.4118645004,941465.0081386891,67.59627418871969,0,1,0,941397.4118645004
111840.89129113163,111863.59734306262,22.706051930988906,0,1,0,111840.89129113163
485658.0759866033,485696.9764143133,38.90042771003209,0,1,0,485658.0759866033
3023575.6087595387,3023751.515090978,175.90633143903688,0,1,0,3023575.6087595387
16945967.904154036,16946320.90463528,353.0004812441766,0,1,0,16945967.904154036
10753432.679771453,10753598.82038339,166.14061193726957,0,1,0,10753432.679771453
2936238.1745556802,2936382.968778614,144.7942229337059,1,1,0,2936382.968778614
4880653.444225869,4880768.040100475,114.59587460570037,0,1,0,4880653.444225869
345978.3799052984,345967.4660403709,-10.913864927482791,0,1,0,345978.3799052984
4711523.516344199,4711608.421497008,84.90515280887485,1,1,0,4711608.421497008
12923644.440947073,12923965.096250175,320.65530310198665,0,1,0,12923644.440947073
400498901.1523009,400500410.7572202,1509.6049193143845,1,1,0,400500410.7572202
164717.0409722319,164739.93026805736,22.8892958254728,0,1,0,164717.0409722319
72605.69454856621,72628.92875883386,23.23421026764845,1,1,0,72628.92875883386
5871384.695678936,5871430.420905139,45.725226202979684,0,1,0,5871384.695678936
2431938.739161191,2432104.931773907,166.1926127159968,1,1,0,2432104.931773907
3792467.647795351,3792648.7060896573,181.05829430604354,0,1,0,3792467.647795351
2735768.0686973715,2735801.8417699696,33.77307259803638,0,1,0,2735768.0686973715
25692355.381078765,25692675.31414498,319.9330662153661,0,1,0,25692355.381078765
43564058.15127581,43564325.73504222,267.58376640826464,1,1,0,43564325.73504222
2536371.36190086,2536485.574733538,114.21283267810941,1,1,0,2536485.574733538
2492497.284461207,2492494.8889990584,-2.395462148822844,1,1,0,2492494.8889990584
67402496.36884588,67403399.3803411,903.0114952176809,1,1,0,67403399.3803411
11265012.111761114,11265302.504311942,290.39255082793534,1,1,0,11265302.504311942
284389.25547435007,284396.29695958947,7.041485239402391,0,1,0,284389.25547435007
24048926.121432032,24049410.493337438,484.37190540507436,0,1,0,24048926.121432032
12606182.454915939,12606432.074479159,249.6195632200688,0,1,0,12606182.454915939
1536309.656775106,1536380.5649628742,70.90818776818924,1,1,0,1536380.5649628742
209369.91814784834,209397.59803172434,27.67988387600053,0,1,0,209369.91814784834
173787.50616403052,173826.55300365385,39.04683962333365,0,1,0,173787.50616403052
1439949.1875428027,1440055.5402215486,106.35267874598503,1,1,0,1440055.5402215486
3791610.099972179,3791721.6405306994,111.54055852023885,0,1,0,3791610.099972179
764282.5472246957,764321.0953670789,38.54814238322433,0,1,0,764282.5472246957
1381923.2868618125,1381939.8409663653,16.55410455283709,0,1,0,1381923.2868618125
8660190.869514309,8660406.209505843,215.33999153412879,1,1,0,8660406.209505843
1915519.5202497062,1915588.8690089632,69.3487592570018,1,1,0,1915588.8690089632
1912309.9256228476,1912335.7634714344,25.837848586728796,0,1,0,1912309.9256228476
1186985.7947192837,1187026.2922818724,40.497562588658184,1,1,0,1187026.2922818724
4055070.806936847,4055137.449539255,66.64260240783915,1,1,0,4055137.449539255
142964.98354033005,142965.6073426411,0.6238023110490758,1,1,0,142965.6073426411
284389.25547435007,284404.3628310765,15.107356726424769,0,1,0,284389.25547435007
6418673.778297663,6418801.061681623,127.28338395990431,1,1,0,6418801.061681623
5204027.1388665065,5204056.069747803,28.930881296284497,0,1,0,5204027.1388665065
1097625.1657385358,1097710.9869670197,85.82122848392464,1,1,0,1097710.9869670197
245120.37973896507,245161.714482869,41.33474390392075,1,1,0,245161.714482869
152699.9780724618,152720.77225708697,20.794184625177877,1,1,0,152720.77225708697
909129.627527158,909183.2300516769,53.60252451885026,0,1,0,909129.627527158
869135.7452143782,869159.0976777483,23.352463370072655,1,1,0,869159.0976777483
5452030.376131189,5452248.774659675,218.39852848555893,1,1,0,5452248.774659675
5622931.97593603,5622966.790976568,34.81504053808749,1,1,0,5622966.790976568
3434239.499741499,3434357.962686389,118.46294489037246,1,1,0,3434357.962686389
26963577.599322863,26964044.64460879,467.0452859252691,0,1,0,26963577.599322863
1316327.981716723,1316427.6890222027,99.70730547979474,1,1,0,1316427.6890222027
987904.3090745586,987976.1900367545,71.88096219592262,1,1,0,987976.1900367545
3369967.3249944835,3370145.0646565435,177.73966206004843,0,1,0,3369967.3249944835
1307863.152382908,1307946.2332714847,83.08088857680559,0,1,0,1307863.152382908
869135.7452143782,869148.7999969954,13.054782617138699,1,1,0,869148.7999969954
1915519.9963258626,1915582.7913941364,62.795068273786455,0,1,0,1915519.9963258626
2680034.264666479,2680057.949912494,23.68524601496756,0,1,0,2680034.264666479
4274019.019492431,4274159.267553145,140.24806071445346,0,1,0,4274019.019492431
74293.52958226226,74309.4597918257,15.930209563448443,0,1,0,74293.52958226226
10615232.162147047,10615425.057252493,192.8951054457575,0,1,0,10615232.162147047
6818589.736849939,6818809.858176826,220.12132688611746,0,1,0,6818589.736849939
2832999.772683674,2833174.536930419,174.76424674503505,0,1,0,2832999.772683674
303416.7383330743,303450.8515351674,34.113202093110885,0,1,0,303416.7383330743
1113629.9438749468,1113702.2210950258,72.27722007897682,1,1,0,1113702.2210950258
15108983.99869042,15109142.054374108,158.0556836873293,1,1,0,15109142.054374108
47228.480858625044,47242.79353038057,14.312671755527845,1,1,0,47242.79353038057
3279649.9915555706,3279809.0307590086,159.03920343797654,1,1,0,3279809.0307590086
448728.62425109005,448728.13045698544,-0.49379410460824147,0,1,0,448728.62425109005
10625645.635420606,10625594.397576492,-51.23784411326051,0,1,0,10625645.635420606
4818590.949920602,4818830.3212256115,239.37130500935018,0,1,0,4818590.949920602
164717.0409722319,164739.2870649297,22.246092697809217,0,1,0,164717.0409722319
316679.49738564814,316717.6265179062,38.12913225806551,0,1,0,316679.49738564814
67402496.36884588,67403283.83101657,787.4621706902981,1,1,0,67403283.83101657
2529364.595708025,2529524.1575593767,159.5618513515219,0,1,0,2529364.595708025
1439949.1875428027,1440053.015422583,103.8278797804378,1,1,0,1440053.015422583
3264720.039257336,3264874.875129206,154.83587187016383,1,1,0,3264874.875129206
1136722.8803715664,1136818.5420845102,95.6617129438091,1,1,0,1136818.5420845102
1600210.0058459565,1600314.812806053,104.80696009658277,0,1,0,1600210.0058459565
2680034.264666479,2680037.1626641583,2.8979976791888475,1,1,0,2680037.1626641583
4880653.444225869,4880827.23358957,173.7893637008965,1,1,0,4880827.23358957
2223204.995950113,2223351.6483003367,146.65235022362322,1,1,0,2223351.6483003367
3555873.389357666,3556020.1465593204,146.75720165437087,1,1,0,3556020.1465593204
304624.5451172913,304674.08942916326,49.54431187198497,0,1,0,304624.5451172913
271261.56384734716,271303.90078106255,42.336933715385385,0,1,0,271261.56384734716
1589807.758968432,1589899.385040235,91.62607180303894,0,1,0,1589807.758968432
923573.9689023267,923653.8794233968,79.91052107012365,0,1,0,923573.9689023267
909129.627527158,909192.76295907,63.13543191202916,0,1,0,909129.627527158
96939.27838771572,96935.29501527686,-3.983372438859078,1,1,0,96935.29501527686
96722057.09540755,96723147.48583761,1090.3904300630093,1,1,0,96723147.48583761
674378.2538219108,674430.0219964697,51.768174558877945,0,1,0,674378.2538219108
1376083.2280449374,1376131.7423895888,48.51434465148486,1,1,0,1376131.7423895888
40801.915232038744,40820.24966793394,18.334435895194474,0,1,0,40801.915232038744
642908.6820874109,642983.4728142408,74.79072682990227,0,1,0,642908.6820874109
1162802.1547270878,1162885.3344324182,83.17970533040352,1,1,0,1162885.3344324182
5411385.311234373,5411534.2164733745,148.9052390018478,1,1,0,5411534.2164733745
839734.2204658395,839779.5043819898,45.283916150336154,1,1,0,839779.5043819898
228383.38374819365,228412.66107702188,29.277328828233294,0,1,0,228383.38374819365
25615.498348363304,25627.844736577204,12.346388213900354,0,1,0,25615.498348363304
12677880.256750485,12678151.10891669,270.8521662056446,1,1,0,12678151.10891669
188776.47087672603,188811.64244919602,35.17157246998977,0,1,0,188776.47087672603
17614417.70099561,17614853.975024343,436.2740287333727,0,1,0,17614417.70099561
5994690.381306537,5994914.153725886,223.7724193483591,0,1,0,5994690.381306537
143397.80670130212,143420.41477040172,22.60806909960229,1,1,0,143420.41477040172
4181973.138940897,4182035.3592744987,62.22033360181376,1,1,0,4182035.3592744987
73966.16767497586,73983.15913522235,16.991460246485076,0,1,0,73966.16767497586
557403.996639694,557463.5775903496,59.5809506556252,0,1,0,557403.996639694
1877574.1617981063,1877686.2575248051,112.09572669886984,1,1,0,1877686.2575248051
1366738.4142475734,1366741.4418501714,3.0276025980710983,1,1,0,1366741.4418501714
387553.0629193628,387589.44239034544,36.379470982647035,1,1,0,387589.44239034544
23174183.633460827,23174394.966881994,211.33342116698623,1,1,0,23174394.966881994
8660190.869514309,8660396.867285453,205.99777114391327,1,1,0,8660396.867285453
46505.470330402524,46502.85877643815,-2.6115539643724333,1,1,0,46502.85877643815
4181973.138940897,4182043.38956844,70.25062754331157,1,1,0,4182043.38956844
1376083.2280449374,1376128.8382343904,45.6101894530002,1,1,0,1376128.8382343904
1203907.0240311718,1203939.1344434584,32.11041228659451,1,1,0,1203939.1344434584
5580716.816691661,5580916.841170506,200.02447884436697,1,1,0,5580916.841170506
2666777.8768750248,2666900.0967801563,122.21990513149649,1,1,0,2666900.0967801563
453639.64193600364,453682.90240533266,43.26046932901954,0,1,0,453639.64193600364
15166325.820369095,15166627.211828547,301.39145945198834,0,1,0,15166325.820369095
325957.7981311924,326009.5433723198,51.74524112738436,0,1,0,325957.7981311924
453639.64193600364,453674.4240706348,34.782134631183,0,1,0,453639.64193600364
3098711.005350954,3098733.481845481,22.47649452695623,0,1,0,3098711.005350954
15108983.99869042,15109199.25793952,215.25924909859896,1,1,0,15109199.25793952
658591.290558868,658650.4364374673,59.145878599374555,1,1,0,658650.4364374673
226432.72782276015,226456.5650955232,23.83727276304853,1,1,0,226456.5650955232
3764700.7099296222,3764867.758643778,167.04871415579692,0,1,0,3764700.7099296222
808379.2503040457,808463.1962067935,83.94590274780057,0,1,0,808379.2503040457
399072.6379498997,399129.8290969841,57.19114708440611,1,1,0,399129.8290969841
750712.3814536578,750779.1483619667,66.76690830895677,0,1,0,750712.3814536578
1799167.8563814259,1799278.9784043164,111.12202289048582,1,1,0,1799278.9784043164
5452030.376131189,5452257.529246306,227.1531151169911,1,1,0,5452257.529246306
3555873.389357666,3556016.1418594457,142.75250177970156,1,1,0,3556016.1418594457
51766.28039870045,51776.83376817713,10.5533694766782,0,1,0,51766.28039870045
62389292.437461406,62389979.760514475,687.3230530694127,1,1,0,62389979.760514475
8723.458862928584,8726.16216631193,2.7033033833449736,1,1,0,8726.16216631193
4880653.444225869,4880798.01952596,144.57530009094626,1,1,0,4880798.01952596
1563796.9995148082,1563931.9480160503,134.94850124209188,0,1,0,1563796.9995148082
11023186.761196494,11023319.309093278,132.54789678379893,1,1,0,11023319.309093278
26963577.599322863,26964074.885819573,497.2864967100322,0,1,0,26963577.599322863
2083720.0682891896,2083742.946278891,22.877989701461047,0,1,0,2083720.0682891896
1875689.3336533802,1875777.8697689692,88.53611558908597,0,1,0,1875689.3336533802
932111.6242528124,932168.637385707,57.013132894644514,0,1,0,932111.6242528124
1187614.1943890834,1187645.5552565807,31.360867497278377,0,1,0,1187614.1943890834
772484.1382946647,772511.6620876682,27.52379300352186,0,1,0,772484.1382946647
1381923.2868618125,1381940.6240545074,17.33719269488938,0,1,0,1381923.2868618125
2666777.8768750248,2666892.2581994026,114.38132437784225,1,1,0,2666892.2581994026
699939.25124975,700009.6323501943,70.38110044423956,1,1,0,700009.6323501943
1704614.2016440798,1704616.3949341387,2.193290058989078,1,1,0,1704616.3949341387
1317559.8390598523,1317607.9106689666,48.071609114296734,1,1,0,1317607.9106689666
1692722.1104410996,1692827.7944409742,105.68399987462908,1,1,0,1692827.7944409742
2480242.3376656794,2480361.4831330683,119.14546738890931,1,1,0,2480361.4831330683
557403.996639694,557470.0033675478,66.00672785378993,0,1,0,557403.996639694
7803938.902313549,7804224.033706384,285.1313928347081,1,1,0,7804224.033706384
1036435.5005440813,1036522.9114517793,87.41090769798029,0,1,0,1036435.5005440813
772727.7111405021,772790.3762365527,62.665096050594,1,1,0,772790.3762365527
3023575.6087595387,3023717.4064395763,141.7976800375618,0,1,0,3023575.6087595387
1495724.9919334848,1495852.954794953,127.96286146831699,0,1,0,1495724.9919334848
956834.1005823506,956887.3423877498,53.24180539918598,0,1,0,956834.1005823506
1600210.0058459565,1600306.7540862567,96.74824030022137,0,1,0,1600210.0058459565
4473199.5163095435,4473414.924455635,215.40814609173685,1,1,0,4473414.924455635
8479014.152744133,8479328.210248224,314.05750409141183,0,1,0,8479014.152744133
148937.9423668604,148966.73499124998,28.792624389578123,0,1,0,148937.9423668604
152699.9780724618,152721.07377492264,21.09570246085059,1,1,0,152721.07377492264
127187.43128642272,127210.85333143505,23.422045012324816,0,1,0,127187.43128642272
14397904.552325727,14398279.883665426,375.33133969828486,1,1,0,14398279.883665426
5408579.412974305,5408705.053840339,125.64086603373289,1,1,0,5408705.053840339
4630434.0091187805,4630551.273367222,117.26424844190478,0,1,0,4630434.0091187805
387553.0629193628,387595.09128097305,42.02836161025334,1,1,0,387595.09128097305
314336.0104231434,314358.5906621503,22.58023900690023,0,1,0,314336.0104231434
10950523.461304298,10950816.184166739,292.72286244109273,0,1,0,10950523.461304298
892404.197864787,892482.2628196812,78.0649548942456,0,1,0,892404.197864787
1023654.9991617198,1023760.3801411184,105.38097939861473,1,1,0,1023760.3801411184
989072.1185014157,989108.062212119,35.94371070328634,0,1,0,989072.1185014157
8723.458862928584,8726.925867640972,3.467004712387279,1,1,0,8726.925867640972
9261969.157809157,9262238.652957,269.49514784291387,0,1,0,9261969.157809157
894801.3075319069,894812.1604326395,10.852900732657872,1,1,0,894812.1604326395
6881966.102418847,6882167.543543892,201.44112504459918,1,1,0,6882167.543543892
2053930.2186851925,2053916.3187169146,-13.899968277895823,0,1,0,2053930.2186851925
1915519.5202497062,1915606.957198171,87.43694846471772,1,1,0,1915606.957198171
3279649.9915555706,3279802.0595833943,152.06802782369778,1,1,0,3279802.0595833943
1047750.7149074771,1047817.1086257088,66.39371823170222,0,1,0,1047750.7149074771
25615.498348363304,25628.29446921691,12.796120853607135,1,1,0,25628.29446921691
894801.3075319069,894802.694610084,1.3870781771838665,1,1,0,894802.694610084
1875689.3336533802,1875796.2277178536,106.89406447345391,0,1,0,1875689.3336533802
173787.50616403052,173823.00970721638,35.50354318585596,0,1,0,173787.50616403052
4083794.525655386,4083815.7967520375,21.27109665144235,0,1,0,4083794.525655386
897267.1000342931,897296.186150922,29.08611662883777,0,1,0,897267.1000342931
2680034.264666479,2680064.810519728,30.545853248797357,0,1,0,2680034.264666479
11308933.182431117,11309122.881519198,189.6990880817175,1,1,0,11309122.881519198
378441.4424409296,378464.6634155891,23.220974659489002,0,1,0,378441.4424409296
51766.28039870045,51776.64095890627,10.360560205816,0,1,0,51766.28039870045
9157139.395737441,9157321.541086018,182.14534857682884,1,1,0,9157321.541086018
28653.1627601185,28665.720688603702,12.557928485202865,1,1,0,28665.720688603702
5204027.1388665065,5204011.571394869,-15.567471637390554,0,1,0,5204027.1388665065
1366738.4142475734,1366741.3333676513,2.9191200779750943,0,1,0,1366738.4142475734
847871.7805865989,847939.8519079224,68.07132132351398,0,1,0,847871.7805865989
2855072.0181997186,2855208.838002048,136.81980232940987,1,1,0,2855208.838002048
9261969.157809157,9262237.110886797,267.95307764038444,0,1,0,9261969.157809157
252013.05452287509,252052.84752900118,39.7930061260995,1,1,0,252052.84752900118
1162802.1547270878,1162896.1446548505,93.98992776265368,1,1,0,1162896.1446548505
23174183.633460827,23174416.15667907,232.5232182443142,1,1,0,23174416.15667907
670039.1966505141,670082.5938881914,43.39723767724354,1,1,0,670082.5938881914
1813492.0785892464,1813572.23839113,80.159801883623,0,1,0,1813492.0785892464
4672251.772108818,4672359.709999733,107.93789091426879,0,1,0,4672251.772108818
91302.64300771947,91319.73086193518,17.087854215715197,0,1,0,91302.64300771947
5370582.517845528,5370783.601347185,201.08350165653974,1,1,0,5370783.601347185
2053930.2186851925,2053897.1113839564,-33.1073012361303,0,1,0,2053930.2186851925
727558.0228634931,727575.7978118111,17.774948318023235,0,1,0,727558.0228634931
2431938.739161191,2432102.10770166,163.36854046909139,1,1,0,2432102.10770166
1984059.5019844382,1984132.8118143016,73.30982986348681,1,1,0,1984132.8118143016
115474675.43179981,115475180.76721427,505.33541445434093,0,1,0,115474675.43179981
2480242.3376656794,2480378.3473313847,136.00966570526361,1,1,0,2480378.3473313847
257622.0217765094,257651.48182661802,29.46005010860972,0,1,0,257622.0217765094
91302.64300771947,91314.97994103712,12.336933317652438,0,1,0,91302.64300771947
674378.2538219108,674424.3003993039,46.046577393077314,0,1,0,674378.2538219108
1317559.8390598523,1317598.2382910503,38.399231198010966,1,1,0,1317598.2382910503
55655.11606647748,55660.83874073136,5.722674253876903,0,1,0,55655.11606647748
5580716.816691661,5580900.250865134,183.434173473157,1,1,0,5580900.250865134
1023654.9991617198,1023749.7258447473,94.72668302746024,1,1,0,1023749.7258447473
7847206.078700541,7847431.138374276,225.0596737358719,0,1,0,7847206.078700541
1016158.3063639353,1016251.0066641414,92.70030020608101,1,1,0,1016251.0066641414
869135.7452143782,869127.943395609,-7.801818769192323,1,1,0,869127.943395609
87082154.59149055,87083060.5531854,905.9616948515177,1,1,0,87083060.5531854
932111.6242528124,932153.4572269189,41.83297410653904,0,1,0,932111.6242528124
600886.3911490919,600887.8125407178,1.4213916258886456,0,1,0,600886.3911490919
8075314.9467557175,8075489.972994638,175.0262389201671,0,1,0,8075314.9467557175
228383.38374819365,228410.57007871268,27.186330519034527,0,1,0,228383.38374819365
12780260.198375776,12780457.091866035,196.8934902586043,0,1,0,12780260.198375776
142964.98354033005,142964.96753895015,-0.016001379903173074,1,1,0,142964.96753895015
4473199.5163095435,4473385.701165373,186.18485582992435,1,1,0,4473385.701165373
3544288.316713967,3544466.643888584,178.32717461697757,1,1,0,3544466.643888584
148937.9423668604,148975.83699582837,37.894628967973404,0,1,0,148937.9423668604
5230498.624478682,5230692.472806158,193.84832747559994,1,1,0,5230692.472806158
307201.8211322222,307232.66269446135,30.841562239162158,1,1,0,307232.66269446135
909129.627527158,909176.2264434383,46.59891628031619,0,1,0,909129.627527158
194623.6277590105,194652.83098794604,29.20322893554112,0,1,0,194623.6277590105
4672251.772108818,4672380.596240975,128.82413215655833,0,1,0,4672251.772108818
788281.9966175453,788363.7278764987,81.73125895345584,1,1,0,788363.7278764987
4916904.179045604,4917107.004098672,202.8250530688092,1,1,0,4917107.004098672
675412.6365760632,675399.0414203153,-13.595155747956596,1,1,0,675399.0414203153
1351533.5000633334,1351628.2048639546,94.70480062114075,1,1,0,1351628.2048639546
55655.11606647748,55662.725564491906,7.609498014426208,0,1,0,55655.11606647748
271261.56384734716,271305.8901544094,44.326307062234264,0,1,0,271261.56384734716
307201.8211322222,307235.37625005236,33.555117830168456,0,1,0,307201.8211322222
12547179.64335476,12547114.224686192,-65.41866856813431,1,1,0,12547114.224686192
4875585.86184857,4875696.2743935045,110.41254493407905,1,1,0,4875696.2743935045
21676083.39937474,21676416.98864808,333.5892733410001,0,1,0,21676083.39937474
13750062.722413579,13750377.832851535,315.1104379557073,1,1,0,13750377.832851535
23174183.633460827,23174347.279448837,163.64598800987005,1,1,0,23174347.279448837
307201.8211322222,307237.2311569878,35.41002476558788,0,1,0,307201.8211322222
328891.0801646634,328941.90782916895,50.82766450557392,0,1,0,328891.0801646634
74293.52958226226,74308.69161494804,15.162032685781014,0,1,0,74293.52958226226
29222551.020591423,29222965.92629088,414.90569945797324,0,1,0,29222551.020591423
5452030.376131189,5452219.853220567,189.47708937805146,1,1,0,5452219.853220567
73383.22460362459,73395.73370315575,12.509099531162065,1,1,0,73395.73370315575
857953.4482020778,857991.9574057203,38.50920364249032,1,1,0,857991.9574057203
43564058.15127581,43564232.00745473,173.85617891699076,1,1,0,43564232.00745473
5580716.816691661,5580897.763824176,180.9471325147897,1,1,0,5580897.763824176
557160.69466777,557201.751823596,41.057155826012604,1,1,0,557201.751823596
1023654.9991617198,1023762.0707745212,107.07161280140281,1,1,0,1023762.0707745212
307201.8211322222,307236.0187040216,34.19757179939188,0,1,0,307201.8211322222
15240459.766304024,15240667.119213972,207.35290994867682,0,1,0,15240459.766304024
8605830.666446242,8606064.248928847,233.58248260430992,1,1,0,8606064.248928847
10950523.461304298,10950782.047001334,258.5856970362365,0,1,0,10950523.461304298
3555873.389357666,3555993.0242311917,119.63487352570519,1,1,0,3555993.0242311917
385295.7926314155,385352.47000683326,56.67737541778479,0,1,0,385295.7926314155
317168.26630533405,317157.3037881831,-10.962517150968779,0,1,0,317168.26630533405
1103001.5846540234,1103077.620731557,76.03607753361575,1,1,0,1103077.620731557
267303.5556422124,267340.5260538172,36.97041160479421,1,1,0,267340.5260538172
752209.8151967054,752282.8915312864,73.0763345810119,0,1,0,752209.8151967054
1563796.9995148082,1563914.8179987052,117.81848389701918,0,1,0,1563796.9995148082
2900698.744359983,2900849.94641891,151.20205892669037,1,1,0,2900849.94641891
12780260.198375776,12780444.056494407,183.85811863094568,0,1,0,12780260.198375776
343316.8376024959,343314.13731964136,-2.700282854551915,0,1,0,343316.8376024959
148937.9423668604,148963.545036072,25.602669211599277,0,1,0,148937.9423668604
3696291.842546434,3696344.8747681673,53.03222173312679,0,1,0,3696291.842546434
26730890.61411587,26731406.110997383,515.4968815110624,0,1,0,26730890.61411587
8954391.253223268,8954572.98960738,181.7363841123879,1,1,0,8954572.98960738
2331084.3004983966,2331152.864510045,68.56401164829731,0,1,0,2331084.3004983966
6881966.102418847,6882156.989995695,190.8875768473372,1,1,0,6882156.989995695
49049533.51043717,49049512.68805153,-20.822385638952255,1,1,0,49049512.68805153
16142476.34821393,16142465.022024995,-11.326188934966922,1,1,0,16142465.022024995
50491357.451323405,50492096.53764428,739.0863208770752,1,1,0,50492096.53764428
688068.9480252689,688129.8628689044,60.91484363551717,0,1,0,688068.9480252689
3544288.316713967,3544479.3639130797,191.04719911282882,1,1,0,3544479.3639130797
24038.34722782521,24035.859414758805,-2.48781306640376,1,1,0,24035.859414758805
509093.49435175816,509133.25518226146,39.76083050330635,1,1,0,509133.25518226146
1162802.1547270878,1162873.5799013542,71.42517426633276,1,1,0,1162873.5799013542
7953926.320246267,7953980.152705895,53.83245962765068,0,1,0,7953926.320246267
7803938.902313549,7804190.521766506,251.6194529570639,1,1,0,7804190.521766506
210527.60844440912,210547.5640211313,19.955576722160913,1,1,0,210547.5640211313
65432610.961475864,65432938.9139331,327.9524572342634,1,1,0,65432938.9139331
17258126.75767763,17258420.693307273,293.93562964349985,0,1,0,17258126.75767763
505635.0293831093,505627.7668453818,-7.262537727481686,1,1,0,505627.7668453818
600886.3911490919,600871.9874154326,-14.403733659302816,0,1,0,600886.3911490919
11308933.182431117,11309104.264664974,171.08223385736346,1,1,0,11309104.264664974
352557.6165754301,352590.0209862222,32.40441079210723,1,1,0,352590.0209862222
500201.74121300003,500222.5876963305,20.846483330475166,1,1,0,500222.5876963305
1197094.166977709,1197166.0060420497,71.83906434080563,1,1,0,1197166.0060420497
3792467.647795351,3792646.7457158617,179.09792051045224,0,1,0,3792467.647795351
1438682.1837841508,1438746.3562869674,64.17250281665474,1,1,0,1438746.3562869674
336499.631565286,336531.48233533336,31.85077004734194,0,1,0,336499.631565286
1266628.4062894674,1266720.9232727059,92.51698323851451,0,1,0,1266628.4062894674
699939.25124975,700023.695484147,84.4442343970295,1,1,0,700023.695484147
866177.023232418,866270.2405958733,93.21736345533282,1,1,0,866270.2405958733
1886146.6727193943,1886239.4312737358,92.75855434150435,0,1,0,1886146.6727193943
346034.3525447402,346060.2098451982,25.857300458010286,1,1,0,346060.2098451982
6818589.736849939,6818807.66970058,217.93285064026713,0,1,0,6818589.736849939
3444341.3672214714,3444490.589602739,149.22238126769662,1,1,0,3444490.589602739
940814.7458863003,940867.5292006655,52.78331436519511,0,1,0,940814.7458863003
136808.25456196745,136842.8148146181,34.560252650640905,1,1,0,136842.8148146181
868505.3979378896,868588.5635557325,83.16561784292571,0,1,0,868505.3979378896
18261271.01981089,18261630.699311312,359.6795004233718,1,1,0,18261630.699311312
28001689.605240937,28001986.04324719,296.4380062520504,0,1,0,28001689.605240937
848335.1267673018,848402.6828607321,67.55609343026299,0,1,0,848335.1267673018
5062129.884637326,5062306.71965766,176.83502033445984,1,1,0,5062306.71965766
18378690.41092002,18378892.386263244,201.97534322366118,0,1,0,18378690.41092002
503992.76184165524,504031.6734843426,38.91164268733701,0,1,0,503992.76184165524
4274019.019492431,4274178.697707079,159.6782146487385,0,1,0,4274019.019492431
7803938.902313549,7804215.179473871,276.27716032229364,1,1,0,7804215.179473871
1275862.984669952,1275941.3643923195,78.37972236750647,0,1,0,1275862.984669952
764282.5472246957,764313.122286665,30.57506196934264,0,1,0,764282.5472246957
8821145.12749818,8821409.842886172,264.71538799256086,0,1,0,8821145.12749818
1887502.0735500637,1887610.007781302,107.93423123843968,1,1,0,1887610.007781302
485658.0759866033,485705.0750515257,46.99906492244918,0,1,0,485658.0759866033
892404.197864787,892479.5947526415,75.39688785455655,0,1,0,892404.197864787
14397904.552325727,14398377.000461964,472.4481362365186,1,1,0,14398377.000461964
190441.1155331657,190447.93014141408,6.814608248387231,0,1,0,190441.1155331657
6797015.160596746,6797202.156097108,186.99550036154687,1,1,0,6797202.156097108
8660190.869514309,8660377.572357114,186.7028428055346,1,1,0,8660377.572357114
16027037.039484648,16027415.763484651,378.72400000318885,1,1,0,16027415.763484651
190441.1155331657,190451.2461417615,10.130608595820377,1,1,0,190451.2461417615
5241011.535061381,5241158.927841981,147.39278060011566,1,1,0,5241158.927841981
152838.99367302624,152853.82620231045,14.83252928420552,1,1,0,152853.82620231045
949446.97900551,949527.0911155399,80.11211002990603,0,1,0,949446.97900551
1016158.3063639353,1016246.5401369911,88.23377305571921,1,1,0,1016246.5401369911
210527.60844440912,210540.12300588406,12.514561474934453,1,1,0,210540.12300588406
16027037.039484648,16027392.913616603,355.8741319552064,1,1,0,16027392.913616603
301996.25721334195,302031.9618737327,35.704660390736535,0,1,0,301996.25721334195
417793.1975898323,417862.24544147594,69.04785164364148,1,1,0,417862.24544147594
106347.35517988839,106374.75315333065,27.39797344226099,0,1,0,106347.35517988839
822808.5080977706,822886.305998329,77.79790055833291,1,1,0,822886.305998329
28653.1627601185,28664.898473702913,11.735713584414043,1,1,0,28664.898473702913
4123960.8068271712,4124127.4557593986,166.6489322273992,1,1,0,4124127.4557593986
400498901.1523009,400500198.45331484,1297.3010139465332,0,1,0,400498901.1523009
18378690.41092002,18378884.61986655,194.20894652977586,1,1,0,18378884.61986655
417793.1975898323,417851.14459058066,57.94700074836146,0,1,0,417793.1975898323
3441310.012507437,3441441.18414626,131.17163882311434,0,1,0,3441310.012507437
13750062.722413579,13750365.387973651,302.6655600722879,1,1,0,13750365.387973651
14064897.145826096,14065094.247051435,197.10122533887625,0,1,0,14064897.145826096
307201.8211322222,307233.60535808565,31.78422586346278,0,1,0,307201.8211322222
1598176.0004475587,1598283.6207301803,107.62028262158856,0,1,0,1598176.0004475587
6749905.662706231,6750154.9212665055,249.25856027472764,0,1,0,6749905.662706231
15108983.99869042,15109175.186504059,191.18781363777816,0,1,0,15108983.99869042
94122.05293571614,94148.66375805785,26.610822341710445,0,1,0,94122.05293571614
788281.9966175453,788346.4233880867,64.4267705414677,1,1,0,788346.4233880867
270228.08370277245,270268.5550509997,40.47134822723456,0,1,0,270228.08370277245
1317559.8390598523,1317608.6753109493,48.8362510970328,1,1,0,1317608.6753109493
745720.2629841297,745778.6444197093,58.3814355796203,1,1,0,745778.6444197093
8302873.858732726,8303039.73674046,165.87800773326308,0,1,0,8302873.858732726
3588419.880042036,3588547.248114887,127.36807285109535,0,1,0,3588419.880042036
1186985.7947192837,1187033.567983385,47.773264101240784,1,1,0,1187033.567983385
949446.97900551,949526.4535403373,79.47453482728451,0,1,0,949446.97900551
8075314.9467557175,8075512.390443877,197.44368815980852,0,1,0,8075314.9467557175
6418673.778297663,6418823.766447669,149.98815000616014,1,1,0,6418823.766447669
14851905.397995414,14852245.828148335,340.4301529210061,1,1,0,14852245.828148335
316679.49738564814,316714.8093748143,35.31198916613357,0,1,0,316679.49738564814
3283729.5827306174,3283880.2825715584,150.69984094100073,0,1,0,3283729.5827306174
226432.72782276015,226458.20846707653,25.480644316383405,1,1,0,226458.20846707653
6107213.594303567,6107456.557031429,242.96272786241025,1,1,0,6107456.557031429
12547179.64335476,12547145.16418765,-34.479167111217976,1,1,0,12547145.16418765
1351533.5000633334,1351631.7317663666,98.23170303320512,1,1,0,1351631.7317663666
101897.88252210115,101914.0197802087,16.13725810755568,1,1,0,101914.0197802087
1203907.0240311718,1203932.1123435295,25.08831235766411,1,1,0,1203932.1123435295
2168299.489557914,2168416.6291308976,117.13957298360765,0,1,0,2168299.489557914
1399779.3856301678,1399876.1493132275,96.76368305971846,1,1,0,1399876.1493132275
7211805.783904289,7212032.651508767,226.86760447826236,0,1,0,7211805.783904289
987904.3090745586,987981.3599319106,77.05085735209286,1,1,0,987981.3599319106
600886.3911490919,600881.3050284974,-5.08612059452571,0,1,0,600886.3911490919
218516.57951305184,218534.4913242258,17.91181117395172,1,1,0,218534.4913242258
343316.8376024959,343326.52936388727,9.691761391353793,0,1,0,343316.8376024959
31668.213321512576,31681.38750962899,13.174188116412552,0,1,0,31668.213321512576
14963045.83630955,14963357.9824213,312.1461117491126,1,1,0,14963357.9824213
14064897.145826096,14065091.752283162,194.6064570657909,0,1,0,14064897.145826096
17258126.75767763,17258461.568060484,334.81038285419345,0,1,0,17258126.75767763
914801.2580343555,914844.2343392523,42.97630489687435,0,1,0,914801.2580343555
21676083.39937474,21676436.194973838,352.79559909924865,0,1,0,21676083.39937474
56996981.189219184,56997773.591630384,792.4024112001061,0,1,0,56996981.189219184
463297.2274929145,463368.5701995612,71.34270664671203,1,1,0,463368.5701995612
1584898.7601277025,1584971.807552819,73.04742511641234,1,1,0,1584971.807552819
485968.6566888086,485999.20168271766,30.544993909075856,1,1,0,485999.20168271766
1656708.0884794807,1656780.7787372628,72.69025778211653,0,1,0,1656708.0884794807
358617.4844571371,358652.1191856296,34.63472849247046,1,1,0,358652.1191856296
115474675.43179981,115475143.23933105,467.80753123760223,0,1,0,115474675.43179981
1307863.152382908,1307965.6234228397,102.47103993175551,0,1,0,1307863.152382908
136808.25456196745,136836.69992068195,28.44535871449625,1,1,0,136836.69992068195
5267397.917790059,5267608.420500927,210.50271086767316,1,1,0,5267608.420500927
1915519.9963258626,1915594.1949159368,74.19859007420018,1,1,0,1915594.1949159368
26730890.61411587,26731399.64923085,509.0351149775088,0,1,0,26730890.61411587
2299768.9631226896,2299816.600194484,47.6370717943646,0,1,0,2299768.9631226896
208489.41734393156,208522.9599559122,33.54261198063614,1,1,0,208522.9599559122
289238.17066096887,289273.2683926155,35.09773164661601,0,1,0,289238.17066096887
1915519.5202497062,1915600.7152617534,81.19501204718836,1,1,0,1915600.7152617534
940814.7458863003,940871.8668512651,57.12096496473532,0,1,0,940814.7458863003
1351550.231685623,1351595.5383717625,45.30668613943271,0,1,0,1351550.231685623
358194.08558782935,358201.88831161667,7.802723787317518,1,1,0,358201.88831161667
12923644.440947073,12924019.797407355,375.35646028257906,0,1,0,12923644.440947073
15108983.99869042,15109185.370170893,201.37148047238588,0,1,0,15108983.99869042
190441.1155331657,190453.07577033335,11.960237167659216,0,1,0,190441.1155331657
55464697.173974074,55465172.135394774,474.96142069995403,0,1,0,55464697.173974074
10160483.823229413,10160685.725448012,201.90221859887242,0,1,0,10160483.823229413
6267566.109666087,6267770.655968493,204.54630240611732,0,1,0,6267566.109666087
3696291.842546434,3696384.478612396,92.63606596179307,0,1,0,3696291.842546434
1316327.981716723,1316423.017560224,95.03584350110032,1,1,0,1316423.017560224
2491099.527741081,2491197.370522871,97.84278179006651,1,1,0,2491197.370522871
1102547.2567188914,1102627.3570766556,80.10035776416771,1,1,0,1102627.3570766556
8752169.209834285,8752304.69416336,135.4843290746212,0,1,0,8752169.209834285
6267566.109666087,6267795.025122569,228.91545648220927,0,1,0,6267566.109666087
750712.3814536578,750774.982441719,62.600988061283715,0,1,0,750712.3814536578
26760882.45029559,26760917.888155553,35.43785996362567,1,1,0,26760917.888155553
123886.63063740215,123878.98201879518,-7.64861860696692,0,1,0,123886.63063740215
1833909.0521912493,1834017.178995403,108.12680415366776,0,1,0,1833909.0521912493
848335.1267673018,848391.5313858007,56.40461849886924,0,1,0,848335.1267673018
127187.43128642272,127217.76502378241,30.333737359687802,1,1,0,127217.76502378241
1887502.0735500637,1887628.4735934036,126.4000433399342,1,1,0,1887628.4735934036
16288935.882380422,16288858.116504582,-77.7658758405596,0,1,0,16288935.882380422
897267.1000342931,897293.5653259655,26.46529167238623,1,1,0,897293.5653259655
1439949.1875428027,1440062.572465865,113.38492306228727,1,1,0,1440062.572465865
5062129.884637326,5062300.212138437,170.32750111073256,1,1,0,5062300.212138437
358617.4844571371,358648.6709931718,31.18653603468556,1,1,0,358648.6709931718
1351550.231685623,1351609.996276748,59.76459112484008,0,1,0,1351550.231685623
245120.37973896507,245166.38322194404,46.00348297896562,1,1,0,245166.38322194404
5085619.732653755,5085808.791883454,189.05922969896346,0,1,0,5085619.732653755
697765.5289117917,697828.7473214592,63.21840966749005,0,1,0,697765.5289117917
1915519.9963258626,1915585.5866872915,65.59036142891273,1,1,0,1915585.5866872915
321945.96354026685,321987.2708238457,41.307283578848,1,1,0,321987.2708238457
12547179.64335476,12547181.113474455,1.4701196942478418,1,1,0,12547181.113474455
1688815.3479957532,1688918.5287120375,103.1807162843179,1,1,0,1688918.5287120375
8479014.152744133,8479251.730442446,237.5776983126998,0,1,0,8479014.152744133
665220.4480806327,665233.9368433917,13.488762759021483,1,1,0,665233.9368433917
13464290.526900984,13464578.272186877,287.7452858928591,1,1,0,13464578.272186877
10950523.461304298,10950776.857892975,253.39658867754042,0,1,0,10950523.461304298
866177.023232418,866245.8169054583,68.79367304034531,1,1,0,866245.8169054583
14397904.552325727,14398307.071913514,402.5195877868682,0,1,0,14397904.552325727
30693.293477189567,30705.21958922255,11.926112032982928,1,1,0,30705.21958922255
1282212.8368828252,1282282.4229393695,69.58605654421262,0,1,0,1282212.8368828252
9157139.395737441,9157258.032410884,118.63667344301939,1,1,0,9157258.032410884
675412.6365760632,675404.0932806493,-8.543295413954183,1,1,0,675404.0932806493
11308933.182431117,11309103.144874956,169.96244383975863,0,1,0,11308933.182431117
148937.9423668604,148970.2805512721,32.33818441169569,0,1,0,148937.9423668604
344630.39621665515,344675.7474393225,45.35122266737744,0,1,0,344630.39621665515
3303913.5029092655,3303899.579558336,-13.923350929282606,0,1,0,3303913.5029092655
231523.73750709067,231571.04708597236,47.30957888168632,1,1,0,231571.04708597236
1457967.4212666776,1458053.5899527546,86.16868607699871,1,1,0,1458053.5899527546
16142476.34821393,16142411.579276599,-64.768937330693,1,1,0,16142411.579276599
25615.498348363304,25627.029831327352,11.531482964048337,0,1,0,25615.498348363304
2720773.1330530187,2720752.9543492445,-20.178703774232417,1,1,0,2720752.9543492445
127187.43128642272,127213.58774268815,26.156456265423913,0,1,0,127187.43128642272
509093.49435175816,509140.58709456126,47.0927428030991,0,1,0,509093.49435175816
2680034.264666479,2680069.451996429,35.1873299498111,1,1,0,2680069.451996429
24048926.121432032,24049359.132732347,433.0113003142178,0,1,0,24048926.121432032
3544288.316713967,3544439.7893600375,151.47264607064426,1,1,0,3544439.7893600375
5580716.816691661,5580889.0047742585,172.18808259721845,1,1,0,5580889.0047742585
6818589.736849939,6818829.301125897,239.56427595764399,0,1,0,6818589.736849939
307201.8211322222,307233.25269134674,31.43155912455404,1,1,0,307233.25269134674
3279649.9915555706,3279793.783163793,143.7916082222946,1,1,0,3279793.783163793
892404.197864787,892488.664119503,84.46625471604057,0,1,0,892404.197864787
18832226.203856435,18832459.933745798,233.72988936305046,0,1,0,18832226.203856435
363382.5418187947,363366.8338173059,-15.70800148876151,0,1,0,363382.5418187947
16142476.34821393,16142477.601046667,1.2528327368199825,1,1,0,16142477.601046667
1784916.1237034977,1785031.8472054112,115.72350191348232,1,1,0,1785031.8472054112
1181567.163125584,1181609.9326334968,42.769507912918925,0,1,0,1181567.163125584
29222551.020591423,29223006.147145484,455.12655406072736,1,1,0,29223006.147145484
3311313.074514458,3311272.2097743703,-40.864740087650716,1,1,0,3311272.2097743703
5339509.742037672,5339519.773902284,10.031864612363279,0,1,0,5339509.742037672
5186102.853918638,5186250.163676725,147.30975808668882,0,1,0,5186102.853918638
3918474.65856107,3918620.505067364,145.84650629386306,1,1,0,3918620.505067364
1813492.0785892464,1813573.357928924,81.2793396776542,0,1,0,1813492.0785892464
72854087.0857984,72854977.89680451,890.8110061138868,1,1,0,72854977.89680451
4123960.8068271712,4124119.779354252,158.97252708068117,1,1,0,4124119.779354252
6881966.102418847,6882181.214649712,215.11223086435348,1,1,0,6882181.214649712
96939.27838771572,96932.41396148417,-6.864426231550169,1,1,0,96932.41396148417
26760882.45029559,26760944.546419516,62.096123926341534,1,1,0,26760944.546419516
8715341.999473402,8715600.085106147,258.08563274517655,0,1,0,8715341.999473402
37795.38352000409,37805.49935576441,10.115835760319897,1,1,0,37805.49935576441
6688005.365227348,6688110.608886792,105.24365944415331,1,1,0,6688110.608886792
1915519.9963258626,1915566.831319865,46.8349940024782,1,1,0,1915566.831319865
304624.5451172913,304675.1881561751,50.643038883805275,0,1,0,304624.5451172913
406030.7043884612,406083.3349710819,52.6305826206808,0,1,0,406030.7043884612
2431938.739161191,2432077.164569939,138.4254087479785,1,1,0,2432077.164569939
11308933.182431117,11309100.632013034,167.44958191737533,1,1,0,11309100.632013034
9009068.180574873,9009099.88961754,31.709042666479945,1,1,0,9009099.88961754
10753432.679771453,10753617.412060084,184.73228863067925,0,1,0,10753432.679771453
221592.883482504,221615.3150554397,22.431572935718577,1,1,0,221615.3150554397
257622.0217765094,257653.59474951756,31.572973008151166,0,1,0,257622.0217765094
152838.99367302624,152852.35445975367,13.360786727425875,1,1,0,152852.35445975367
1203907.0240311718,1203953.5888114125,46.56478024064563,1,1,0,1203953.5888114125
9053401.817717794,9053602.295984052,200.4782662577927,0,1,0,9053401.817717794
4274019.019492431,4274165.574263929,146.55477149877697,0,1,0,4274019.019492431
131032.49230534109,131066.02393799694,33.53163265585317,1,1,0,131066.02393799694
106347.35517988839,106370.39196865939,23.03678877100174,0,1,0,106347.35517988839
4181973.138940897,4182026.190135564,53.0511946673505,0,1,0,4181973.138940897
17614417.70099561,17614810.26603691,392.56504129990935,0,1,0,17614417.70099561
252013.05452287509,252049.03071549672,35.97619262163062,1,1,0,252049.03071549672
2431938.739161191,2432091.4962946475,152.7571334564127,1,1,0,2432091.4962946475
358617.4844571371,358646.16695225995,28.682495122833643,1,1,0,358646.16695225995
2529364.595708025,2529530.7954064575,166.19969843234867,0,1,0,2529364.595708025
5062129.884637326,5062247.522407775,117.63777044881135,1,1,0,5062247.522407775
41415.660086455835,41430.673597809284,15.013511353448848,1,1,0,41430.673597809284
3768977.678170482,3768966.0769030508,-11.601267431396991,1,1,0,3768966.0769030508
6950417.938389312,6950688.990331901,271.05194258969277,0,1,0,6950417.938389312
3901496.3747172593,3901652.957351188,156.58263392886147,0,1,0,3901496.3747172593
1784916.1237034977,1785010.9146245776,94.79092107992619,1,1,0,1785010.9146245776
1912309.9256228476,1912319.4523354755,9.52671262784861,0,1,0,1912309.9256228476
307201.8211322222,307239.3271234672,37.505991245037876,0,1,0,307201.8211322222
6267293.101332681,6267460.6957219085,167.59438922721893,0,1,0,6267293.101332681
2911166.6700741975,2911265.1049762783,98.43490208080038,1,1,0,2911265.1049762783
5186102.853918638,5186259.873989037,157.0200703991577,0,1,0,5186102.853918638
977831.881083325,977897.4886370464,65.60755372140557,0,1,0,977831.881083325
24048926.121432032,24049293.138149455,367.0167174227536,0,1,0,24048926.121432032
6267293.101332681,6267444.294879607,151.1935469256714,0,1,0,6267293.101332681
9053401.817717794,9053584.584550397,182.76683260314167,1,1,0,9053584.584550397
1822872.9967008675,1822968.9240713557,95.92737048817798,0,1,0,1822872.9967008675
246477.5002228199,246500.0277764964,22.52755367651116,1,1,0,246500.0277764964
2832999.772683674,2833135.987617789,136.21493411483243,0,1,0,2832999.772683674
1865216.675180399,1865325.442219355,108.76703895581886,0,1,0,1865216.675180399
2311697.886006038,2311693.948938195,-3.937067843042314,0,1,0,2311697.886006038
4055070.806936847,4055162.6378284553,91.83089160826057,1,1,0,4055162.6378284553
5411385.311234373,5411556.152336621,170.84110224805772,1,1,0,5411556.152336621
10615232.162147047,10615434.55720105,202.39505400322378,0,1,0,10615232.162147047
272025.46842776664,272065.01531032333,39.54688255669316,0,1,0,272025.46842776664
909129.627527158,909182.6006409121,52.97311375406571,0,1,0,909129.627527158
4661292.878378823,4661469.8575881645,176.9792093411088,1,1,0,4661469.8575881645
745207.949757806,745281.5641602004,73.61440239439253,1,1,0,745281.5641602004
1799167.8563814259,1799278.8316092528,110.97522782697342,1,1,0,1799278.8316092528
3085735.0125213237,3085919.828816423,184.8162950994447,0,1,0,3085735.0125213237
30693.293477189567,30704.287551653157,10.99407446358964,1,1,0,30704.287551653157
3396659.1216773177,3396783.6649079435,124.54323062580079,0,1,0,3396659.1216773177
2276694.8265848635,2276817.4384314,122.61184653639793,1,1,0,2276817.4384314
949446.97900551,949516.6058889254,69.62688341538887,0,1,0,949446.97900551
4672251.772108818,4672331.497685713,79.7255768943578,0,1,0,4672251.772108818
557160.69466777,557202.890469759,42.195801989058964,1,1,0,557202.890469759
164717.0409722319,164741.5967551977,24.55578296582098,0,1,0,164717.0409722319
6974419.406856188,6974577.149670669,157.7428144812584,0,1,0,6974419.406856188
417793.1975898323,417850.3447846954,57.14719486312242,0,1,0,417793.1975898323
1661193.151901767,1661263.433642734,70.2817409671843,1,1,0,1661263.433642734
106347.35517988839,106373.01700426609,25.66182437770476,1,1,0,106373.01700426609
1093127.0569307755,1093208.587663702,81.53073292644694,1,1,0,1093208.587663702
1282212.8368828252,1282281.6149507384,68.77806791313924,0,1,0,1282212.8368828252
2936238.1745556802,2936391.3419119357,153.16735625546426,1,1,0,2936391.3419119357
665220.4480806327,665247.2361582385,26.788077605771832,0,1,0,665220.4480806327
346034.3525447402,346056.68694500794,22.334400267747696,1,1,0,346056.68694500794
6823403.265164597,6823633.629017136,230.36385253909975,0,1,0,6823403.265164597
1194718.1911450252,1194776.8897636621,58.698618636932224,1,1,0,1194776.8897636621
1102547.2567188914,1102616.8554800695,69.59876117808744,1,1,0,1102616.8554800695
1833909.0521912493,1834003.3631999406,94.31100869132206,0,1,0,1833909.0521912493
1813492.0785892464,1813580.7485493051,88.6699600587599,0,1,0,1813492.0785892464
877596.8530442578,877661.3985607144,64.54551645659376,1,1,0,877661.3985607144
22755838.314897653,22756243.390673295,405.075775641948,1,1,0,22756243.390673295
128826.74302523359,128841.5518942295,14.808868995911325,0,1,0,128826.74302523359
3264720.039257336,3264881.862691264,161.82343392819166,1,1,0,3264881.862691264
4282582.57650045,4282738.8560035825,156.27950313221663,0,1,0,4282582.57650045
5925319.265898995,5925455.873176249,136.60727725364268,0,1,0,5925319.265898995
385295.7926314155,385347.43723639246,51.644604976987466,0,1,0,385295.7926314155
1181567.163125584,1181607.0621055895,39.89898000564426,0,1,0,1181567.163125584
1802819.8107165669,1802934.7360769256,114.92536035878584,1,1,0,1802934.7360769256
1181567.163125584,1181596.1176355013,28.954509917413816,0,1,0,1181567.163125584
4313412.746343347,4313646.297074636,233.55073128920048,1,1,0,4313646.297074636
3441310.012507437,3441430.9745031507,120.96199571387842,0,1,0,3441310.012507437
622920.6365021671,622952.9699440975,32.33344193035737,0,1,0,622920.6365021671
143397.80670130212,143427.3456475869,29.538946284767007,1,1,0,143427.3456475869
316679.49738564814,316716.7595707096,37.26218506146688,0,1,0,316679.49738564814
11377672.495031105,11377992.303405382,319.8083742763847,1,1,0,11377992.303405382
949446.97900551,949519.1962942438,72.21728873380926,0,1,0,949446.97900551
3279649.9915555706,3279807.469900966,157.4783453955315,1,1,0,3279807.469900966
91302.64300771947,91318.14423627523,15.501228555760463,1,1,0,91318.14423627523
1692722.1104410996,1692832.5749760908,110.46453499118797,1,1,0,1692832.5749760908
5032931.654638072,5033081.618469164,149.96383109223098,0,1,0,5032931.654638072
453639.64193600364,453671.8699916719,32.228055668238085,0,1,0,453639.64193600364
26963577.599322863,26964144.64572117,567.0463983081281,0,1,0,26963577.599322863
780931.9096290685,781015.1234716809,83.2138426124584,0,1,0,780931.9096290685
814630.8183530117,814670.4339066788,39.615553667070344,0,1,0,814630.8183530117
136808.25456196745,136843.1731066868,34.918544719344936,1,1,0,136843.1731066868
1661193.151901767,1661270.295674975,77.14377320813946,1,1,0,1661270.295674975
210527.60844440912,210541.98557250795,14.377128098829417,1,1,0,210541.98557250795
15240459.766304024,15240739.88668728,280.12038325704634,0,1,0,15240459.766304024
1773178.1788168591,1773308.6327998869,130.45398302772082,1,1,0,1773308.6327998869
448728.62425109005,448718.408191193,-10.216059897036757,0,1,0,448728.62425109005
385295.7926314155,385354.9913067275,59.19867531204363,1,1,0,385354.9913067275
152699.9780724618,152727.52634053887,27.548268077080138,1,1,0,152727.52634053887
7298310.738218909,7298555.070634039,244.33241512998939,1,1,0,7298555.070634039
1912309.9256228476,1912321.401659618,11.476036770269275,0,1,0,1912309.9256228476
24048926.121432032,24049291.432355363,365.3109233304858,0,1,0,24048926.121432032
5452030.376131189,5452210.559768015,180.18363682553172,1,1,0,5452210.559768015
671888.431819917,671953.4074052655,64.97558534843847,0,1,0,671888.431819917
11377672.495031105,11377992.188072044,319.69304093904793,1,1,0,11377992.188072044
480149.34843615216,480161.02636971493,11.677933562779799,0,1,0,480149.34843615216
314336.0104231434,314362.65028660395,26.639863460557535,0,1,0,314336.0104231434
417793.1975898323,417855.03533829073,61.83774845843436,0,1,0,417793.1975898323
64889.22133754609,64899.23671902172,10.015381475626782,1,1,0,64899.23671902172
1141794.5827811563,1141803.844770717,9.261989560676739,1,1,0,1141803.844770717
488387.15635510045,488448.5485879276,61.392232827143744,0,1,0,488387.15635510045
11377672.495031105,11377954.839667136,282.34463603049517,1,1,0,11377954.839667136
1589807.758968432,1589894.459103261,86.70013482891954,0,1,0,1589807.758968432
316679.49738564814,316713.93046083185,34.43307518371148,0,1,0,316679.49738564814
16288935.882380422,16288876.55910636,-59.32327406294644,0,1,0,16288935.882380422
9009068.180574873,9009084.667458653,16.486883779987693,1,1,0,9009084.667458653
4569440.014474772,4569436.83857524,-3.1758995316922665,0,1,0,4569440.014474772
272025.46842776664,272071.401071724,45.93264395737788,0,1,0,272025.46842776664
8605830.666446242,8606031.153605241,200.487158998847,1,1,0,8606031.153605241
288196.10653092293,288226.0614219323,29.95489100937266,1,1,0,288226.0614219323
136808.25456196745,136840.79742553923,32.54286357178353,1,1,0,136840.79742553923
8703792.266600942,8704110.491582004,318.22498106211424,0,1,0,8703792.266600942
13464290.526900984,13464521.828051878,231.3011508937925,1,1,0,13464521.828051878
8752169.209834285,8752260.156104352,90.94627006724477,0,1,0,8752169.209834285
29222551.020591423,29222980.479991797,429.45940037444234,1,1,0,29222980.479991797
868505.3979378896,868581.3388622297,75.94092434016056,0,1,0,868505.3979378896
56996981.189219184,56997807.68781702,826.4985978379846,1,1,0,56997807.68781702
2638739.009628037,2638930.2285995944,191.21897155744955,1,1,0,2638930.2285995944
972233.2565414642,972276.4900088339,43.233467369689606,0,1,0,972233.2565414642
24038.34722782521,24037.85190575781,-0.4953220673996839,1,1,0,24037.85190575781
1563225.6622291547,1563277.9465566792,52.28432752448134,1,1,0,1563277.9465566792
7262505.909070471,7262744.93753552,239.02846504841,1,1,0,7262744.93753552
3283729.5827306174,3283884.1010003537,154.51826973631978,0,1,0,3283729.5827306174
591274.0227204594,591268.5190985977,-5.503621861687861,0,1,0,591274.0227204594
4123960.8068271712,4124145.2224192084,184.41559203714132,1,1,0,4124145.2224192084
106347.35517988839,106376.82652854826,29.47134865987755,0,1,0,106347.35517988839
4661292.878378823,4661445.329749899,152.45137107558548,1,1,0,4661445.329749899
2536371.36190086,2536523.9103147024,152.54841384245083,0,1,0,2536371.36190086
2945495.904935029,2945531.1780356606,35.2731006317772,0,1,0,2945495.904935029
10950523.461304298,10950820.674308885,297.21300458721817,0,1,0,10950523.461304298
26988681.274377275,26989017.77947636,336.5050990842283,0,1,0,26988681.274377275
8703792.266600942,8704093.081237096,300.8146361541003,1,1,0,8704093.081237096
125632.45175601031,125646.21108083456,13.759324824248324,1,1,0,125646.21108083456
4630434.0091187805,4630555.746717453,121.7375986725092,0,1,0,4630434.0091187805
152838.99367302624,152856.77200530493,17.77833227868541,1,1,0,152856.77200530493
20366850.85305102,20367259.32579735,408.4727463275194,1,1,0,20367259.32579735
3894903.960935407,3895091.7753821514,187.81444674450904,1,1,0,3895091.7753821514
6137738.923402802,6138003.521993984,264.5985911814496,0,1,0,6137738.923402802
665220.4480806327,665244.2915705341,23.843489901395515,0,1,0,665220.4480806327
4444553.441807679,4444716.065855094,162.624047415331,0,1,0,4444553.441807679
3847982.6834347625,3848135.856340119,153.17290535662323,1,1,0,3848135.856340119
2950735.829942017,2950839.1187721645,103.28883014759049,0,1,0,2950735.829942017
8075314.9467557175,8075510.987560463,196.04080474562943,0,1,0,8075314.9467557175
2276694.8265848635,2276828.1506910287,133.32410616520792,1,1,0,2276828.1506910287
12818208.115752038,12818445.848474197,237.7327221594751,1,1,0,12818445.848474197
1536309.656775106,1536387.664721022,78.00794591591693,1,1,0,1536387.664721022
1093127.0569307755,1093209.8670599968,82.81012922129594,1,1,0,1093209.8670599968
3303913.5029092655,3303918.3519135336,4.849004268180579,0,1,0,3303913.5029092655
14064897.145826096,14065114.794061095,217.6482349988073,0,1,0,14064897.145826096
689843.9208080533,689908.1130645523,64.19225649896543,1,1,0,689908.1130645523
655395.6450555575,655388.5947177908,-7.0503377666464075,0,1,0,655395.6450555575
4026220.8206423842,4026244.7811566135,23.96051422925666,1,1,0,4026244.7811566135
505635.0293831093,505629.13284338417,-5.896539725130424,1,1,0,505629.13284338417
3283729.5827306174,3283897.452113666,167.86938304873183,0,1,0,3283729.5827306174
94122.05293571614,94149.84711227583,27.79417655969155,0,1,0,94122.05293571614
716912.0076669466,716974.4332101016,62.42554315493908,1,1,0,716974.4332101016
73383.22460362459,73398.98676030898,15.762156684388174,1,1,0,73398.98676030898
911691.9132797144,911761.2499190783,69.33663936390076,0,1,0,911691.9132797144
2431938.739161191,2432089.1449132524,150.40575206140056,1,1,0,2432089.1449132524
24552.494452140556,24567.303887850197,14.809435709641548,1,1,0,24567.303887850197
417793.1975898323,417857.3342025515,64.13661271921592,0,1,0,417793.1975898323
6508378.248619787,6508631.163913527,252.9152937391773,1,1,0,6508631.163913527
897267.1000342931,897291.079883546,23.979849252849817,0,1,0,897267.1000342931
272025.46842776664,272069.81749689253,44.34906912589213,1,1,0,272069.81749689253
8703792.266600942,8704130.562068578,338.29546763561666,0,1,0,8703792.266600942
26963577.599322863,26964110.039881703,532.4405588395894,0,1,0,26963577.599322863
1584898.7601277025,1584973.8085382152,75.04841051273979,1,1,0,1584973.8085382152
622920.6365021671,622957.1826825294,36.54618036234751,0,1,0,622920.6365021671
6267293.101332681,6267471.918217152,178.81688447110355,1,1,0,6267471.918217152
918396.4697902963,918483.4484753254,86.97868502908386,1,1,0,918483.4484753254
8151091.979372842,8151285.890942558,193.91156971547753,0,1,0,8151091.979372842
2431938.739161191,2432100.441225382,161.70206419099122,1,1,0,2432100.441225382
378441.4424409296,378466.15326129034,24.710820360749494,0,1,0,378441.4424409296
11377672.495031105,11377980.482799245,307.98776813969016,1,1,0,11377980.482799245
1186985.7947192837,1187027.2541312028,41.459411919116974,1,1,0,1187027.2541312028
2431938.739161191,2432075.747276653,137.0081154620275,1,1,0,2432075.747276653
3098711.005350954,3098741.3911119257,30.38576097181067,0,1,0,3098711.005350954
9009068.180574873,9009084.552904513,16.3723296392709,1,1,0,9009084.552904513
729193.054336941,729261.8953514406,68.84101449965965,0,1,0,729193.054336941
1023162.4888987541,1023160.5635620345,-1.925336719607003,0,1,0,1023162.4888987541
4711523.516344199,4711614.167377653,90.65103345364332,1,1,0,4711614.167377653
808379.2503040457,808458.3085018508,79.0581978050759,0,1,0,808379.2503040457
1366738.4142475734,1366727.555375019,-10.858872554264963,1,1,0,1366727.555375019
563470.8148823524,563480.825171706,10.010289353667758,0,1,0,563470.8148823524
3098711.005350954,3098723.998423289,12.993072335142642,0,1,0,3098711.005350954
184720.2824123917,184722.5693602863,2.286947894579498,0,1,0,184720.2824123917
12818208.115752038,12818456.465835726,248.35008368827403,0,1,0,12818208.115752038
7298310.738218909,7298530.735772574,219.99755366519094,1,1,0,7298530.735772574
218516.57951305184,218531.62383505437,15.04432200253359,1,1,0,218531.62383505437
72605.69454856621,72624.56174723848,18.86719867226202,1,1,0,72624.56174723848
128287.41712272058,128311.40711801853,23.989995297946734,1,1,0,128311.40711801853
358194.08558782935,358192.33906286064,-1.7465249687083997,1,1,0,358192.33906286064
2480242.3376656794,2480372.211858936,129.8741932567209,1,1,0,2480372.211858936
868505.3979378896,868587.4279110183,82.02997312869411,1,1,0,868587.4279110183
3085735.0125213237,3085905.7513878467,170.7388665229082,0,1,0,3085735.0125213237
137441.16501623308,137469.86746074827,28.70244451519102,1,1,0,137469.86746074827
18261271.01981089,18261634.14751603,363.12770514190197,0,1,0,18261271.01981089
9261409.531546298,9261534.585258393,125.05371209420264,0,1,0,9261409.531546298
1912309.9256228476,1912331.4856441675,21.560021319892257,0,1,0,1912309.9256228476
343316.8376024959,343319.5395083377,2.7019058417645283,0,1,0,343316.8376024959
665220.4480806327,665236.6987739459,16.25069331319537,0,1,0,665220.4480806327
10160483.823229413,10160693.257727021,209.4344976078719,0,1,0,10160483.823229413
10625645.635420606,10625565.0840013,-80.5514193046838,0,1,0,10625645.635420606
2046947.6806875272,2047026.073952184,78.39326465688646,0,1,0,2046947.6806875272
40801.915232038744,40819.96973345985,18.054501421109308,0,1,0,40801.915232038744
67402496.36884588,67403332.42215486,836.0533089786768,1,1,0,67403332.42215486
1316327.981716723,1316421.2581877583,93.27647103532217,1,1,0,1316421.2581877583
2886472.6845166525,2886581.5619612294,108.8774445769377,0,1,0,2886472.6845166525
131032.49230534109,131061.09146297,28.59915762890887,1,1,0,131061.09146297
7926732.763656111,7926927.971152245,195.20749613363296,1,1,0,7926927.971152245
83695.71604461971,83707.1823864071,11.466341787396232,0,1,0,83695.71604461971
371351.76096132013,371370.914340417,19.153379096882418,0,1,0,371351.76096132013
977831.881083325,977901.174315155,69.29323183000088,0,1,0,977831.881083325
2886472.6845166525,2886601.729488153,129.0449715005234,0,1,0,2886472.6845166525
12547179.64335476,12547110.931664575,-68.71169018559158,1,1,0,12547110.931664575
1541966.7414974757,1542057.6269548654,90.88545738975517,1,1,0,1542057.6269548654
612765.4293915267,612808.5105316489,43.08114012214355,0,1,0,612765.4293915267
868505.3979378896,868599.9734081189,94.57547022937797,0,1,0,868505.3979378896
2538430.5795847196,2538527.4906731173,96.91108839772642,1,1,0,2538527.4906731173
5762139.825437719,5762258.183650654,118.35821293480694,1,1,0,5762258.183650654
1181567.163125584,1181590.9939916788,23.83086609491147,0,1,0,1181567.163125584
299775.81630832225,299824.3413430082,48.52503468596842,0,1,0,299775.81630832225
1915519.9963258626,1915579.598052925,59.60172706237063,1,1,0,1915579.598052925
126040497.34316106,126041356.14031662,858.797155559063,1,1,0,126041356.14031662
209409779.47501644,209409494.51155472,-284.9634617269039,1,1,0,209409494.51155472
8752169.209834285,8752300.048494361,130.83866007626057,0,1,0,8752169.209834285
3369967.3249944835,3370141.0444710115,173.7194765280001,0,1,0,3369967.3249944835
839734.2204658395,839764.2593303415,30.03886450198479,1,1,0,839764.2593303415
11377672.495031105,11377995.192937847,322.69790674187243,1,1,0,11377995.192937847
3264720.039257336,3264883.906056919,163.86679958319291,1,1,0,3264883.906056919
91302.64300771947,91313.14118209353,10.498174374064547,0,1,0,91302.64300771947
1847818.0306055099,1847877.7858618856,59.755256375763565,1,1,0,1847877.7858618856
4055070.806936847,4055178.071403176,107.26446632901207,1,1,0,4055178.071403176
3264720.039257336,3264882.288317649,162.24906031321734,1,1,0,3264882.288317649
55464697.173974074,55465169.37964813,472.20567405223846,0,1,0,55464697.173974074
4818590.949920602,4818807.44475852,216.4948379183188,0,1,0,4818590.949920602
1847818.0306055099,1847906.7032748456,88.6726693357341,1,1,0,1847906.7032748456
18378690.41092002,18378874.435263354,184.0243433341384,1,1,0,18378874.435263354
346034.3525447402,346066.9934174412,32.640872701012995,1,1,0,346066.9934174412
72854087.0857984,72854879.43863474,792.3528363406658,1,1,0,72854879.43863474
57646.90819950932,57663.48748595522,16.579286445899925,0,1,0,57646.90819950932
2331084.3004983966,2331137.664830312,53.364331915508956,0,1,0,2331084.3004983966
1887502.0735500637,1887599.8283320859,97.75478202220984,0,1,0,1887502.0735500637
8302873.858732726,8303065.116199294,191.25746656768024,1,1,0,8303065.116199294
3396659.1216773177,3396777.5148596475,118.39318232983351,0,1,0,3396659.1216773177
4711523.516344199,4711589.686617351,66.17027315218002,1,1,0,4711589.686617351
10681598.53702642,10681862.029374,263.4923475794494,0,1,0,10681598.53702642
12923644.440947073,12923944.522402944,300.0814558714628,1,1,0,12923944.522402944
24552.494452140556,24565.55792899169,13.0634768511336,1,1,0,24565.55792899169
10329396.377408754,10329643.767525785,247.39011703059077,1,1,0,10329643.767525785
23174183.633460827,23174348.105831426,164.4723705984652,1,1,0,23174348.105831426
387553.0629193628,387596.56148560694,43.49856624414679,1,1,0,387596.56148560694
43564058.15127581,43564249.934850425,191.78357461094856,1,1,0,43564249.934850425
336499.631565286,336529.85016140214,30.218596116115805,0,1,0,336499.631565286
50491357.451323405,50492112.79178043,755.3404570221901,1,1,0,50492112.79178043
459151.05859247845,459211.9983733956,60.93978091713507,0,1,0,459151.05859247845
892404.197864787,892480.3535015612,76.15563677425962,0,1,0,892404.197864787
251866.99430029973,251906.12270109737,39.12840079763555,0,1,0,251866.99430029973
7803938.902313549,7804201.90977017,263.00745662115514,1,1,0,7804201.90977017
325957.7981311924,326007.6911463668,49.893015174428,0,1,0,325957.7981311924
200327.36719258642,200353.37407256474,26.006879978318466,1,1,0,200353.37407256474
270228.08370277245,270271.16024442326,43.076541650807485,0,1,0,270228.08370277245
591274.0227204594,591274.2004233415,0.17770288209430873,0,1,0,591274.0227204594
229368.04254773862,229401.28911772557,33.24656998694991,0,1,0,229368.04254773862
288196.10653092293,288229.18026440014,33.073733477212954,0,1,0,288196.10653092293
3098711.005350954,3098707.128353706,-3.8769972478039563,0,1,0,3098711.005350954
6881966.102418847,6882160.614630817,194.5122119700536,1,1,0,6882160.614630817
2223204.995950113,2223337.826623818,132.83067370485514,1,1,0,2223337.826623818
837258.492534493,837344.0137206349,85.5211861418793,1,1,0,837344.0137206349
3894903.960935407,3895082.3081677514,178.34723234456033,1,1,0,3895082.3081677514
37795.38352000409,37804.93909170987,9.555571705779585,1,1,0,37804.93909170987
456554.533892592,456589.3932380683,34.859345476317685,1,1,0,456589.3932380683
448728.62425109005,448714.7656997474,-13.858551342622377,0,1,0,448728.62425109005
2276694.8265848635,2276810.380614879,115.55403001559898,1,1,0,2276810.380614879
5064724.657256247,5064828.649546555,103.99229030869901,1,1,0,5064828.649546555
30693.293477189567,30703.91454518173,10.621067992164171,1,1,0,30703.91454518173
13750062.722413579,13750359.49935174,296.7769381608814,1,1,0,13750359.49935174
252013.05452287509,252054.57865731828,41.52413444319973,1,1,0,252054.57865731828
2945495.904935029,2945504.8473391645,8.942404135596007,0,1,0,2945495.904935029
603340.1087191155,603385.1273606496,45.01864153414499,1,1,0,603385.1273606496
4661292.878378823,4661483.776680323,190.89830149989575,1,1,0,4661483.776680323
96722057.09540755,96723166.65562712,1109.5602195709944,1,1,0,96723166.65562712
72854087.0857984,72854914.13945721,827.0536588132381,1,1,0,72854914.13945721
1399779.3856301678,1399885.667649322,106.28201915416867,1,1,0,1399885.667649322
7792159.222460343,7792391.136331466,231.91387112345546,0,1,0,7792159.222460343
670039.1966505141,670095.573176382,56.376525867846794,1,1,0,670095.573176382
3588419.880042036,3588553.95158954,134.0715475040488,1,1,0,3588553.95158954
14064897.145826096,14065107.02696266,209.88113656453788,0,1,0,14064897.145826096
1141794.5827811563,1141811.8780507408,17.295269584516063,1,1,0,1141811.8780507408
37795.38352000409,37805.980845872524,10.597325868431653,1,1,0,37805.980845872524
6881966.102418847,6882157.310257871,191.20783902332187,1,1,0,6882157.310257871
764282.5472246957,764304.3081655581,21.760940862470306,0,1,0,764282.5472246957
4711523.516344199,4711637.4633918125,113.94704761356115,1,1,0,4711637.4633918125
94122.05293571614,94147.36921063003,25.316274913886446,1,1,0,94147.36921063003
6797015.160596746,6797235.371296059,220.21069931332022,1,1,0,6797235.371296059
18640829.15079593,18641160.179591928,331.0287959985435,1,1,0,18641160.179591928
288196.10653092293,288228.70340230357,32.596871380636,1,1,0,288228.70340230357
29222551.020591423,29222868.215533596,317.1949421726167,0,1,0,29222551.020591423
4996969.950179521,4997166.169665761,196.21948624029756,0,1,0,4996969.950179521
5032931.654638072,5033084.013384322,152.35874625016004,0,1,0,5032931.654638072
16945967.904154036,16946339.431541525,371.5273874886334,1,1,0,16946339.431541525
3555873.389357666,3556035.281901856,161.8925441899337,1,1,0,3556035.281901856
304624.5451172913,304665.47416597547,40.92904868419282,1,1,0,304665.47416597547
314336.0104231434,314363.98577466974,27.97535152634373,1,1,0,314363.98577466974
689843.9208080533,689896.9400846255,53.01927657215856,1,1,0,689896.9400846255
1441571.662447081,1441675.6211087424,103.95866166148335,0,1,0,1441571.662447081
11991389.271983214,11991648.415874314,259.1438910998404,0,1,0,11991389.271983214
13437013.420561148,13437277.679489074,264.25892792642117,0,1,0,13437013.420561148
5186102.853918638,5186320.159387374,217.30546873621643,0,1,0,5186102.853918638
1536309.656775106,1536371.28146858,61.62469347403385,1,1,0,1536371.28146858
73383.22460362459,73398.14707100752,14.922467382930336,1,1,0,73398.14707100752
26730890.61411587,26731285.301760826,394.6876449547708,0,1,0,26730890.61411587
8479014.152744133,8479289.145412628,274.9926684945822,1,1,0,8479289.145412628
894801.3075319069,894802.3102284581,1.0026965512661263,1,1,0,894802.3102284581
226432.72782276015,226459.08576479438,26.357942034228472,1,1,0,226459.08576479438
50491357.451323405,50492022.144629344,664.693305939436,1,1,0,50492022.144629344
2046947.6806875272,2047033.3459317645,85.66524423728697,0,1,0,2046947.6806875272
114258.11541712612,114282.56944466336,24.454027537241927,1,1,0,114282.56944466336
272025.46842776664,272067.34941973595,41.8809919693158,1,1,0,272067.34941973595
28653.1627601185,28666.811465495433,13.648705376934231,1,1,0,28666.811465495433
4123960.8068271712,4124126.600719358,165.79389218660071,1,1,0,4124126.600719358
343316.8376024959,343318.71889244934,1.8812899534241296,0,1,0,343316.8376024959
4569440.014474772,4569450.537160971,10.52268619928509,0,1,0,4569440.014474772
16945967.904154036,16946350.226640996,382.3224869593978,0,1,0,16945967.904154036
9569752.467083942,9570025.361848412,272.8947644699365,1,1,0,9570025.361848412
776229.1366906383,776325.0564391807,95.9197485424811,1,1,0,776325.0564391807
745207.949757806,745285.0200082983,77.07025049231015,1,1,0,745285.0200082983
727558.0228634931,727563.1014410855,5.078577592386864,0,1,0,727558.0228634931
85179.0353196006,85190.74363468066,11.708315080060856,0,1,0,85179.0353196006
13464290.526900984,13464547.486862777,256.9599617924541,1,1,0,13464547.486862777
3283729.5827306174,3283893.1883184635,163.60558784613386,0,1,0,3283729.5827306174
6797015.160596746,6797214.442266107,199.2816693605855,0,1,0,6797015.160596746
2083720.0682891896,2083776.6828089887,56.614519799128175,0,1,0,2083720.0682891896
137441.16501623308,137468.12035363613,26.95533740305109,1,1,0,137468.12035363613
418786.4926461767,418844.3903190848,57.89767290808959,0,1,0,418786.4926461767
3444341.3672214714,3444494.1249401425,152.75771867111325,1,1,0,3444494.1249401425
696512.6474617493,696587.6209760017,74.9735142524587,0,1,0,696512.6474617493
321945.96354026685,321988.0890164429,42.12547617603559,1,1,0,321988.0890164429
553199.9642455443,553236.9700954203,37.0058498759754,0,1,0,553199.9642455443
83695.71604461971,83707.15567105594,11.439626436229446,0,1,0,83695.71604461971
8752169.209834285,8752309.182832582,139.97299829684198,0,1,0,8752169.209834285
1381923.2868618125,1381950.1129845656,26.826122753089294,0,1,0,1381923.2868618125
655395.6450555575,655394.9156489247,-0.7294066328322515,0,1,0,655395.6450555575
1760120.702320428,1760240.5762150185,119.87389459041879,0,1,0,1760120.702320428
101294.33299043133,101314.90461361538,20.571623184048804,1,1,0,101314.90461361538
218516.57951305184,218532.73300926868,16.153496216837084,1,1,0,218532.73300926868
750712.3814536578,750781.095316768,68.71386311028618,0,1,0,750712.3814536578
46505.470330402524,46500.876706130075,-4.593624272449233,1,1,0,46500.876706130075
28001689.605240937,28001931.961922143,242.35668120533228,0,1,0,28001689.605240937
251866.99430029973,251905.94353768072,38.94923738099169,0,1,0,251866.99430029973
839734.2204658395,839777.0262993003,42.8058334607631,1,1,0,839777.0262993003
304624.5451172913,304663.1511912268,38.60607393551618,1,1,0,304663.1511912268
1351533.5000633334,1351631.4643638188,97.96430048532784,1,1,0,1351631.4643638188
73557585.94548212,73558411.59446388,825.6489817649126,0,1,0,73557585.94548212
73966.16767497586,73983.84234118112,17.67466620526102,0,1,0,73966.16767497586
958344.2751426427,958381.6068119396,37.331669296952896,0,1,0,958344.2751426427
909129.627527158,909184.7263580393,55.098830881295726,0,1,0,909129.627527158
1877574.1617981063,1877689.0514212747,114.88962316839024,1,1,0,1877689.0514212747
1351533.5000633334,1351643.2668506303,109.76678729685955,1,1,0,1351643.2668506303
5580716.816691661,5580874.86096697,158.0442753089592,1,1,0,5580874.86096697
1438682.1837841508,1438764.80875417,82.62497001932934,1,1,0,1438764.80875417
188776.47087672603,188806.58528549082,30.114408764784457,1,1,0,188806.58528549082
3792467.647795351,3792613.959353633,146.3115582820028,0,1,0,3792467.647795351
4661292.878378823,4661498.417265499,205.53888667561114,1,1,0,4661498.417265499
78215.11988881922,78229.47498673415,14.355097914929502,0,1,0,78215.11988881922
188776.47087672603,188801.5129971995,25.042120473459363,0,1,0,188776.47087672603
977831.881083325,977900.1462497531,68.26516642805655,0,1,0,977831.881083325
1704614.2016440798,1704617.1050815796,2.9034374998882413,0,1,0,1704614.2016440798
387553.0629193628,387591.2057175035,38.142798140703235,1,1,0,387591.2057175035
4875585.86184857,4875727.511478999,141.64963042829186,1,1,0,4875727.511478999
699939.25124975,700016.2917642948,77.04051454481669,1,1,0,700016.2917642948
1439949.1875428027,1440049.1703322777,99.98278947500512,1,1,0,1440049.1703322777
12677880.256750485,12678218.56964124,338.31289075501263,1,1,0,12678218.56964124
9569752.467083942,9569990.50126499,238.03418104723096,1,1,0,9569990.50126499
671888.431819917,671957.8881663746,69.45634645759128,0,1,0,671888.431819917
1162802.1547270878,1162885.5902535436,83.43552645575255,1,1,0,1162885.5902535436
5064724.657256247,5064790.789991224,66.13273497764021,1,1,0,5064790.789991224
18640829.15079593,18641091.430716477,262.2799205482006,1,1,0,18641091.430716477
8954391.253223268,8954557.937167658,166.68394438922405,1,1,0,8954557.937167658
1760120.702320428,1760214.800030483,94.09771005483344,0,1,0,1760120.702320428
1973503.8758253946,1973639.186609707,135.31078431243077,1,1,0,1973639.186609707
89289.63735968676,89300.31200022859,10.674640541823464,1,1,0,89300.31200022859
2226126.4779920583,2226272.1112101213,145.63321806304157,0,1,0,2226126.4779920583
94122.05293571614,94148.24640416742,26.19346845128166,0,1,0,94122.05293571614
1136722.8803715664,1136811.3434559554,88.46308438898996,1,1,0,1136811.3434559554
827922.5463209351,827966.3474595502,43.80113861511927,1,1,0,827966.3474595502
64231.42592242637,64246.65915206943,15.233229643054074,0,1,0,64231.42592242637
17614417.70099561,17614841.591192152,423.8901965431869,0,1,0,17614417.70099561
3901496.3747172593,3901627.4585573208,131.0838400614448,0,1,0,3901496.3747172593
8660190.869514309,8660434.35237303,243.48285872116685,1,1,0,8660434.35237303
346034.3525447402,346065.5855837431,31.23303900292376,1,1,0,346065.5855837431
923573.9689023267,923644.7169369748,70.74803464813158,0,1,0,923573.9689023267
4123960.8068271712,4124156.216204127,195.40937695559114,1,1,0,4124156.216204127
2557075.8568376983,2557167.073827592,91.2169898939319,1,1,0,2557167.073827592
270228.08370277245,270275.83172508277,47.74802231031936,0,1,0,270228.08370277245
4818590.949920602,4818788.615159618,197.66523901559412,0,1,0,4818590.949920602
857953.4482020778,857980.3613761902,26.913174112443812,1,1,0,857980.3613761902
671888.431819917,671948.660648465,60.22882854798809,0,1,0,671888.431819917
3023575.6087595387,3023724.725928767,149.1171692283824,0,1,0,3023575.6087595387
344630.39621665515,344668.9250944215,38.528877766337246,0,1,0,344630.39621665515
4026220.8206423842,4026269.984870351,49.16422796668485,1,1,0,4026269.984870351
500201.74121300003,500231.96511000744,30.223897007410415,1,1,0,500231.96511000744
2735768.0686973715,2735797.12087831,29.05218093842268,0,1,0,2735768.0686973715
1439949.1875428027,1440065.757734867,116.57019206439145,1,1,0,1440065.757734867
827922.5463209351,827953.5605155815,31.014194646384567,1,1,0,827953.5605155815
5241011.535061381,5241176.787461561,165.2524001803249,1,1,0,5241176.787461561
385295.7926314155,385344.88699805137,49.0943666358944,0,1,0,385295.7926314155
345978.3799052984,345972.73081327294,-5.6490920254727826,0,1,0,345978.3799052984
7298310.738218909,7298547.121505405,236.38328649569303,1,1,0,7298547.121505405
4473199.5163095435,4473390.355455492,190.83914594817907,1,1,0,4473390.355455492
6070995.203750776,6071087.844457376,92.64070659969002,0,1,0,6070995.203750776
218516.57951305184,218537.45942455597,20.879911504132906,1,1,0,218537.45942455597
523660.91779600066,523654.9684810181,-5.949314982572105,0,1,0,523660.91779600066
1584898.7601277025,1584958.8338884732,60.07376077072695,1,1,0,1584958.8338884732
2331084.3004983966,2331155.423900809,71.12340241251513,0,1,0,2331084.3004983966
245120.37973896507,245166.26671856796,45.88697960288846,1,1,0,245166.26671856796
857953.4482020778,857981.2770590074,27.82885692967102,1,1,0,857981.2770590074
55464697.173974074,55465118.419018365,421.24504429101944,0,1,0,55464697.173974074
363382.5418187947,363365.1457723579,-17.396046436799224,0,1,0,363382.5418187947
11991389.271983214,11991664.733304746,275.4613215327263,0,1,0,11991389.271983214
1307863.152382908,1307967.5442022067,104.39181929873303,0,1,0,1307863.152382908
745720.2629841297,745796.3439247535,76.08094062376767,1,1,0,745796.3439247535
275300.34936256433,275331.73086078477,31.381498220434878,0,1,0,275300.34936256433
9053401.817717794,9053613.584192365,211.76647457107902,1,1,0,9053613.584192365
56996981.189219184,56997800.83845307,819.6492338851094,0,1,0,56996981.189219184
159751.27052301558,159777.1550212933,25.88449827770819,1,1,0,159777.1550212933
848335.1267673018,848394.4793557473,59.35258844553027,0,1,0,848335.1267673018
11265012.111761114,11265284.733961808,272.62220069393516,1,1,0,11265284.733961808
848335.1267673018,848395.0820473938,59.95528009196278,0,1,0,848335.1267673018
325957.7981311924,326009.3099372532,51.51180606079288,0,1,0,325957.7981311924
1833909.0521912493,1834018.5826283616,109.53043711232021,0,1,0,1833909.0521912493
2745785.3203164386,2745947.220134903,161.89981846464798,0,1,0,2745785.3203164386
12923644.440947073,12923975.353907492,330.91296041943133,1,1,0,12923975.353907492
3308808.053273834,3308968.2742974726,160.22102363873273,0,1,0,3308808.053273834
5032931.654638072,5033061.118196466,129.46355839446187,0,1,0,5032931.654638072
6688005.365227348,6688084.502288397,79.1370610492304,1,1,0,6688084.502288397
949446.97900551,949515.3009759808,68.32197047083173,0,1,0,949446.97900551
16142476.34821393,16142478.991172528,2.6429585982114077,1,1,0,16142478.991172528
28001689.605240937,28001923.325761195,233.72052025794983,0,1,0,28001689.605240937
358617.4844571371,358648.43404505466,30.94958791753743,1,1,0,358648.43404505466
1376083.2280449374,1376143.7585898608,60.530544923385605,1,1,0,1376143.7585898608
485968.6566888086,486012.6383918151,43.98170300654601,1,1,0,486012.6383918151
1282212.8368828252,1282276.3845795572,63.547696731984615,0,1,0,1282212.8368828252
3847982.6834347625,3848169.4110087603,186.72757399780676,1,1,0,3848169.4110087603
31668.213321512576,31681.672191544698,13.458870032121922,1,1,0,31681.672191544698
523660.91779600066,523658.4669633729,-2.450832627771888,0,1,0,523660.91779600066
40801.915232038744,40820.15927675035,18.244044711609604,1,1,0,40820.15927675035
2886472.6845166525,2886562.086990017,89.40247336449102,0,1,0,2886472.6845166525
1477879.2613400389,1477986.422031226,107.16069118725136,1,1,0,1477986.422031226
56996981.189219184,56997915.91366156,934.7244423776865,0,1,0,56996981.189219184
148937.9423668604,148968.84690051328,30.904533652879763,0,1,0,148937.9423668604
2268718.843122812,2268823.8122472083,104.96912439633161,1,1,0,2268823.8122472083
1103001.5846540234,1103084.7085841417,83.12393011827953,1,1,0,1103084.7085841417
50491357.451323405,50492095.64125029,738.1899268850684,1,1,0,50492095.64125029
772727.7111405021,772791.7904989857,64.07935848354828,1,1,0,772791.7904989857
699939.25124975,700015.3747680681,76.12351831805427,1,1,0,700015.3747680681
2097571.41903134,2097672.425791739,101.0067603988573,0,1,0,2097571.41903134
2765322.901718614,2765287.517129391,-35.38458922319114,0,1,0,2765322.901718614
328891.0801646634,328936.3364100684,45.25624540500576,0,1,0,328891.0801646634
128826.74302523359,128833.94242278507,7.199397551477887,1,1,0,128833.94242278507
17550089.65454335,17550131.21646405,41.56192069873214,0,1,0,17550089.65454335
111424.94833804708,111450.61968088594,25.671342838861165,0,1,0,111424.94833804708
16288935.882380422,16288871.284623032,-64.59775738976896,0,1,0,16288935.882380422
1584898.7601277025,1584954.567290134,55.80716243153438,1,1,0,1584954.567290134
848335.1267673018,848411.3247618916,76.1979945898056,0,1,0,848335.1267673018
219236.16556815492,219252.72813166157,16.562563506653532,0,1,0,219236.16556815492
622920.6365021671,622965.8102514372,45.17374927015044,1,1,0,622965.8102514372
40801.915232038744,40818.759860386686,16.84462834794249,0,1,0,40801.915232038744
10160483.823229413,10160676.460186465,192.63695705123246,0,1,0,10160483.823229413
304624.5451172913,304676.4296998484,51.8845825571334,0,1,0,304624.5451172913
24552.494452140556,24565.113411671442,12.618959530886059,1,1,0,24565.113411671442
28001689.605240937,28001939.29577276,249.6905318237841,0,1,0,28001689.605240937
322223.1419589453,322256.85571707995,33.71375813463237,1,1,0,322256.85571707995
126040497.34316106,126041380.6864954,883.3433343321085,1,1,0,126041380.6864954
4711523.516344199,4711634.561484877,111.04514067806304,1,1,0,4711634.561484877
2492497.284461207,2492486.0247306908,-11.259730516467243,1,1,0,2492486.0247306908
289238.17066096887,289276.8242524713,38.65359150245786,0,1,0,289238.17066096887
940814.7458863003,940894.3261274606,79.58024116023444,0,1,0,940814.7458863003
8752169.209834285,8752292.697132768,123.48729848302901,0,1,0,8752169.209834285
2945495.904935029,2945518.3358104047,22.43087537586689,0,1,0,2945495.904935029
563470.8148823524,563489.1179694296,18.30308707721997,0,1,0,563470.8148823524
4447812.172309932,4447970.307072954,158.1347630219534,1,1,0,4447970.307072954
3333185.540455103,3333366.3319279472,180.79147284431383,0,1,0,3333185.540455103
188776.47087672603,188804.15250479584,27.681628069811268,0,1,0,188776.47087672603
6823403.265164597,6823624.998068739,221.7329041417688,0,1,0,6823403.265164597
3918474.65856107,3918639.6813987507,165.0228376807645,1,1,0,3918639.6813987507
2613654.8035987765,2613724.930898699,70.12729992251843,0,1,0,2613654.8035987765
1187614.1943890834,1187652.7754831843,38.58109410083853,0,1,0,1187614.1943890834
1477879.2613400389,1477991.1758221711,111.91448213229887,0,1,0,1477879.2613400389
2680034.264666479,2680066.1084065936,31.84374011447653,1,1,0,2680066.1084065936
1036435.5005440813,1036533.2131412178,97.71259713650215,1,1,0,1036533.2131412178
909122.3095161726,909129.6718557642,7.362339591607451,1,1,0,909129.6718557642
2735603.9828590783,2735655.4527684283,51.46990934992209,1,1,0,2735655.4527684283
3369967.3249944835,3370169.4853193923,202.16032490879297,0,1,0,3369967.3249944835
371351.76096132013,371375.3877203432,23.626759023056366,0,1,0,371351.76096132013
2832999.772683674,2833140.2966971975,140.52401352347806,0,1,0,2832999.772683674
2249516.706366879,2249625.090977464,108.38461058493704,1,1,0,2249625.090977464
7211805.783904289,7212001.504377282,195.72047299332917,0,1,0,7211805.783904289
1886146.6727193943,1886257.276736945,110.60401755059138,0,1,0,1886146.6727193943
152699.9780724618,152728.1687604457,28.190687983907992,1,1,0,152728.1687604457
488387.15635510045,488442.25055099645,55.09419589600293,0,1,0,488387.15635510045
128826.74302523359,128840.65152836805,13.908503134458442,1,1,0,128840.65152836805
909122.3095161726,909136.1353681016,13.825851929024793,1,1,0,909136.1353681016
772727.7111405021,772794.8354930407,67.12435253860895,1,1,0,772794.8354930407
43531.92772688013,43545.09256613392,13.164839253789978,0,1,0,43531.92772688013
143397.80670130212,143426.78948878957,28.98278748744633,0,1,0,143397.80670130212
15108983.99869042,15109218.000647072,234.00195665098727,0,1,0,15108983.99869042
7926732.763656111,7926964.519928813,231.75627270154655,1,1,0,7926964.519928813
78215.11988881922,78227.30849505829,12.188606239069486,0,1,0,78215.11988881922
923573.9689023267,923644.7202530273,70.75135070062242,0,1,0,923573.9689023267
5762139.825437719,5762274.056453371,134.23101565241814,1,1,0,5762274.056453371
218516.57951305184,218540.7186570249,24.139143973065075,1,1,0,218540.7186570249
8467870.481783658,8468074.134265859,203.65248220041394,1,1,0,8468074.134265859
923573.9689023267,923647.8474951709,73.87859284423757,0,1,0,923573.9689023267
958344.2751426427,958387.8659896734,43.59084703074768,0,1,0,958344.2751426427
65432610.961475864,65433056.60639275,445.6449168846011,1,1,0,65433056.60639275
5267397.917790059,5267591.405624541,193.48783448245376,1,1,0,5267591.405624541
321945.96354026685,321983.0926160013,37.12907573446864,1,1,0,321983.0926160013
727558.0228634931,727571.4888078499,13.465944356867112,0,1,0,727558.0228634931
18832226.203856435,18832408.659970224,182.45611378923059,0,1,0,18832226.203856435
1790078.386154597,1790137.1474544196,58.76129982271232,0,1,0,1790078.386154597
2712093.821702228,2712085.6915129614,-8.130189266521484,0,1,0,2712093.821702228
96939.27838771572,96938.99791449339,-0.280473222330329,1,1,0,96938.99791449339
1103001.5846540234,1103084.6152022346,83.03054821118712,1,1,0,1103084.6152022346
553199.9642455443,553237.4625949016,37.49834935727995,0,1,0,553199.9642455443
4447812.172309932,4448001.635445203,189.46313527040184,1,1,0,4448001.635445203
2285308.1498761126,2285390.518514153,82.3686380404979,1,1,0,2285390.518514153
371351.76096132013,371376.0713616082,24.310400288086385,0,1,0,371351.76096132013
708463.4910896679,708495.9075657392,32.41647607134655,1,1,0,708495.9075657392
7844340.877169891,7844598.802211208,257.92504131700844,0,1,0,7844340.877169891
16027037.039484648,16027418.338778803,381.29929415509105,1,1,0,16027418.338778803
87082154.59149055,87083053.02269368,898.4312031269073,1,1,0,87083053.02269368
1822872.9967008675,1822980.575216838,107.57851597038098,0,1,0,1822872.9967008675
13437013.420561148,13437317.60244252,304.18188137188554,0,1,0,13437013.420561148
765840.2459430216,765811.0258524512,-29.22009057039395,0,1,0,765840.2459430216
2852376.305515184,2852501.8864027485,125.58088756445795,0,1,0,2852376.305515184
1181567.163125584,1181622.0188828663,54.85575728234835,0,1,0,1181567.163125584
4473199.5163095435,4473400.10011951,200.58380996622145,1,1,0,4473400.10011951
2852376.305515184,2852478.734657748,102.42914256406948,0,1,0,2852376.305515184
3369967.3249944835,3370146.8940183274,179.56902384385467,0,1,0,3369967.3249944835
4875585.86184857,4875727.512083256,141.65023468527943,1,1,0,4875727.512083256
96939.27838771572,96937.98490144688,-1.2934862688416615,1,1,0,96937.98490144688
3303913.5029092655,3303871.194157191,-42.30875207437202,0,1,0,3303913.5029092655
892404.197864787,892490.7585848415,86.56072005454917,1,1,0,892490.7585848415
456554.533892592,456585.21308467496,30.679192082956433,1,1,0,456585.21308467496
2422591.3953044866,2422550.166516957,-41.22878752974793,0,1,0,2422591.3953044866
909122.3095161726,909133.0095313129,10.700015140231699,1,1,0,909133.0095313129
2311697.886006038,2311682.100140683,-15.785865355283022,0,1,0,2311697.886006038
8970744.4865961,8971018.097902719,273.6113066188991,0,1,0,8970744.4865961
9261409.531546298,9261595.649842745,186.1182964462787,0,1,0,9261409.531546298
5622931.97593603,5622978.3512860285,46.37534999847412,1,1,0,5622978.3512860285
2720773.1330530187,2720754.8207610706,-18.312291948124766,1,1,0,2720754.8207610706
5339509.742037672,5339483.248083435,-26.493954236619174,0,1,0,5339509.742037672
7807.629659521402,7812.538231021093,4.908571499691789,1,1,0,7812.538231021093
1887502.0735500637,1887617.7983724948,115.72482243110426,0,1,0,1887502.0735500637
622920.6365021671,622961.0957608304,40.45925866335165,0,1,0,622920.6365021671
78215.11988881922,78232.41147882165,17.29159000243817,0,1,0,78215.11988881922
897267.1000342931,897279.6917353342,12.591701041092165,0,1,0,897267.1000342931
675412.6365760632,675413.7328432391,1.096267175860703,1,1,0,675413.7328432391
288196.10653092293,288229.82344636007,33.71691543713678,0,1,0,288196.10653092293
6267293.101332681,6267430.742350716,137.6410180348903,0,1,0,6267293.101332681
3264720.039257336,3264891.454515836,171.41525850025937,0,1,0,3264720.039257336
897267.1000342931,897280.7373197364,13.637285443255678,0,1,0,897267.1000342931
23174183.633460827,23174420.795620386,237.1621595583856,1,1,0,23174420.795620386
4672251.772108818,4672333.266545844,81.49443702585995,0,1,0,4672251.772108818
10160483.823229413,10160692.366528872,208.54329945892096,0,1,0,10160483.823229413
1973503.8758253946,1973624.1343406588,120.25851526414044,0,1,0,1973503.8758253946
453639.64193600364,453669.2436553539,29.60171935026301,0,1,0,453639.64193600364
822808.5080977706,822887.540788736,79.03269096533768,1,1,0,822887.540788736
344630.39621665515,344676.79294703976,46.396730384614784,0,1,0,344630.39621665515
2431938.739161191,2432085.572223877,146.8330626860261,1,1,0,2432085.572223877
10160483.823229413,10160672.933524884,189.11029547080398,1,1,0,10160672.933524884
2046947.6806875272,2047038.8387280554,91.15804052818567,0,1,0,2046947.6806875272
231523.73750709067,231572.57570877683,48.838201686157845,0,1,0,231523.73750709067
1584898.7601277025,1584956.308994264,57.54886656161398,1,1,0,1584956.308994264
361338.9393590597,361378.035733954,39.096374894317705,1,1,0,361378.035733954
10950523.461304298,10950807.718652759,284.2573484610766,0,1,0,10950523.461304298
10625645.635420606,10625655.522617022,9.887196416035295,0,1,0,10625645.635420606
6818589.736849939,6818845.263315668,255.52646572887897,1,1,0,6818845.263315668
6137738.923402802,6137998.175883009,259.2524802070111,1,1,0,6137998.175883009
923573.9689023267,923641.5110281932,67.54212586651556,0,1,0,923573.9689023267
96967.17098822602,96983.89638177521,16.725393549189903,1,1,0,96983.89638177521
1704614.2016440798,1704611.1906103075,-3.011033772258088,0,1,0,1704614.2016440798
16027037.039484648,16027391.63779417,354.5983095224947,1,1,0,16027391.63779417
106347.35517988839,106376.34105273246,28.985872844074038,1,1,0,106376.34105273246
9901814.963136578,9902085.519387692,270.5562511142343,1,1,0,9902085.519387692
28001689.605240937,28001926.848117534,237.24287659674883,1,1,0,28001926.848117534
14064897.145826096,14065103.886738785,206.74091268889606,0,1,0,14064897.145826096
83695.71604461971,83708.63475562763,12.918711007921956,0,1,0,83695.71604461971
977831.881083325,977900.7560955535,68.87501222849824,0,1,0,977831.881083325
16142476.34821393,16142477.465096027,1.1168820969760418,1,1,0,16142477.465096027
250623.49383776874,250676.7667690934,53.2729313246673,0,1,0,250623.49383776874
523660.91779600066,523654.7762825396,-6.1415134610724635,0,1,0,523660.91779600066
104332.32990582053,104355.16093282957,22.831027009044192,1,1,0,104355.16093282957
1688815.3479957532,1688916.9419426583,101.59394690510817,0,1,0,1688815.3479957532
1847818.0306055099,1847905.806663393,87.77605788316578,1,1,0,1847905.806663393
24038.34722782521,24037.170574368607,-1.1766534566013434,1,1,0,24037.170574368607
8151091.979372842,8151317.421757015,225.44238417316228,0,1,0,8151091.979372842
8703792.266600942,8704125.191999685,332.9253987427801,0,1,0,8703792.266600942
4181973.138940897,4182016.2595479502,43.12060705339536,1,1,0,4182016.2595479502
17614417.70099561,17614813.48417485,395.7831792421639,0,1,0,17614417.70099561
1316327.981716723,1316433.2324227747,105.25070605170913,1,1,0,1316433.2324227747
877596.8530442578,877635.5693450252,38.716300767380744,1,1,0,877635.5693450252
2285308.1498761126,2285378.9099221765,70.76004606392235,1,1,0,2285378.9099221765
665220.4480806327,665232.2326789709,11.784598338184878,1,1,0,665232.2326789709
1943651.7492579352,1943735.1458888312,83.39663089602254,1,1,0,1943735.1458888312
252013.05452287509,252054.08189729656,41.02737442147918,1,1,0,252054.08189729656
57347.75620794325,57359.820255286286,12.06404734303942,1,1,0,57359.820255286286
148937.9423668604,148969.76482462,31.822457759612007,0,1,0,148937.9423668604
932111.6242528124,932160.6078980075,48.983645195141435,0,1,0,932111.6242528124
716912.0076669466,716981.8883214976,69.8806545509724,1,1,0,716981.8883214976
2666777.8768750248,2666893.931547521,116.05467249639332,1,1,0,2666893.931547521
24038.34722782521,24039.314755395164,0.9675275699555641,1,1,0,24039.314755395164
6267293.101332681,6267490.000929968,196.89959728717804,1,1,0,6267490.000929968
21676083.39937474,21676433.650920566,350.2515458278358,0,1,0,21676083.39937474
1915519.9963258626,1915577.474306708,57.47798084537499,1,1,0,1915577.474306708
2474176.223907786,2474269.648300944,93.42439315794036,1,1,0,2474269.648300944
1584898.7601277025,1584956.4617025447,57.70157484221272,1,1,0,1584956.4617025447
9157139.395737441,9157281.197482036,141.80174459517002,1,1,0,9157281.197482036
275300.34936256433,275337.85152998834,37.50216742401244,0,1,0,275300.34936256433
745720.2629841297,745813.1826941221,92.91970999236219,1,1,0,745813.1826941221
64231.42592242637,64246.922478986206,15.496556559832243,0,1,0,64231.42592242637
1266628.4062894674,1266739.584956977,111.17866750969552,0,1,0,1266628.4062894674
4444553.441807679,4444738.422412667,184.98060498852283,0,1,0,4444553.441807679
1833909.0521912493,1834014.3622114826,105.31002023327164,0,1,0,1833909.0521912493
50491357.451323405,50491995.01849503,637.567171625793,1,1,0,50491995.01849503
3806815.3492183303,3806865.0860719206,49.736853590235114,1,1,0,3806865.0860719206
5871384.695678936,5871399.342869569,14.647190632298589,0,1,0,5871384.695678936
141877.76570612966,141899.59473047,21.829024340346223,1,1,0,141899.59473047
6166314.530225852,6166536.709940614,222.17971476260573,1,1,0,6166536.709940614
1438682.1837841508,1438740.1330583154,57.94927416462451,1,1,0,1438740.1330583154
246477.5002228199,246500.61731721266,23.117094392771833,1,1,0,246500.61731721266
115474675.43179981,115475313.43968156,638.0078817456961,0,1,0,115474675.43179981
5539966.703701163,5540100.334614668,133.63091350533068,1,1,0,5540100.334614668
11092492.727641108,11092716.526297014,223.79865590669215,0,1,0,11092492.727641108
62389292.437461406,62390022.109383434,729.6719220280647,1,1,0,62390022.109383434
1128315.197364823,1128384.6916754358,69.49431061279029,0,1,0,1128315.197364823
6688005.365227348,6688136.13024663,130.7650192817673,1,1,0,6688136.13024663
857953.4482020778,857975.113523399,21.665321321226656,1,1,0,857975.113523399
463297.2274929145,463369.08386389184,71.85637097735889,1,1,0,463369.08386389184
328891.0801646634,328941.6457055642,50.56554090080317,1,1,0,328941.6457055642
4818590.949920602,4818804.650082699,213.70016209688038,0,1,0,4818590.949920602
7262505.909070471,7262705.880728036,199.97165756486356,1,1,0,7262705.880728036
96939.27838771572,96932.0773158027,-7.201071913019405,1,1,0,96932.0773158027
14397904.552325727,14398290.926358134,386.3740324061364,1,1,0,14398290.926358134
716912.0076669466,716986.7506198359,74.74295288929716,0,1,0,716912.0076669466
1877574.1617981063,1877664.1128242707,89.95102616446093,1,1,0,1877664.1128242707
194734.60515268476,194726.98579144766,-7.6193612370989285,1,1,0,194726.98579144766
11023186.761196494,11023300.110719195,113.34952270053327,1,1,0,11023300.110719195
1439949.1875428027,1440057.1680815255,107.98053872282617,1,1,0,1440057.1680815255
3949608.8918481655,3949618.229366186,9.337518020533025,0,1,0,3949608.8918481655
3283729.5827306174,3283878.3102661846,148.72753556724638,0,1,0,3283729.5827306174
208489.41734393156,208522.1554687631,32.73812483155052,1,1,0,208522.1554687631
104332.32990582053,104351.34922052894,19.019314708406455,1,1,0,104351.34922052894
1915519.5202497062,1915586.2430987055,66.72284899931401,1,1,0,1915586.2430987055
5339509.742037672,5339484.677010917,-25.065026754513383,0,1,0,5339509.742037672
26988681.274377275,26989124.823541306,443.5491640307009,0,1,0,26988681.274377275
640849.8815272612,640927.1124549048,77.23092764359899,1,1,0,640927.1124549048
131032.49230534109,131062.55264885523,30.060343514138367,1,1,0,131062.55264885523
6267566.109666087,6267756.662918401,190.5532523142174,0,1,0,6267566.109666087
89289.63735968676,89302.45158597696,12.81422629019653,0,1,0,89289.63735968676
4818590.949920602,4818782.038720743,191.08880014065653,0,1,0,4818590.949920602
3308808.053273834,3308984.0216406966,175.96836686274037,0,1,0,3308808.053273834
12677880.256750485,12678201.308163395,321.051412910223,1,1,0,12678201.308163395
622920.6365021671,622955.5513343244,34.914832157315686,0,1,0,622920.6365021671
247976.16626194798,248011.71049880827,35.54423686029622,0,1,0,247976.16626194798
6823403.265164597,6823634.231349309,230.9661847120151,0,1,0,6823403.265164597
4123960.8068271712,4124156.1937744403,195.3869472690858,1,1,0,4124156.1937744403
270228.08370277245,270275.6257751119,47.54207233944908,0,1,0,270228.08370277245
5032931.654638072,5033046.90259796,115.24795988854021,0,1,0,5032931.654638072
10329396.377408754,10329653.617776979,257.2403682246804,1,1,0,10329653.617776979
31668.213321512576,31681.75559920063,13.542277688055037,1,1,0,31681.75559920063
658591.290558868,658656.6883328626,65.39777399459854,1,1,0,658656.6883328626
85179.0353196006,85189.76253946056,10.727219859953038,1,1,0,85189.76253946056
4055070.806936847,4055167.504276708,96.69733986072242,1,1,0,4055167.504276708
1584898.7601277025,1584959.4654190638,60.705291361315176,1,1,0,1584959.4654190638
1181567.163125584,1181601.876494792,34.7133692081552,0,1,0,1181567.163125584
128287.41712272058,128315.01471680409,27.5975940835051,1,1,0,128315.01471680409
918396.4697902963,918477.4816307748,81.01184047851712,1,1,0,918477.4816307748
2299768.9631226896,2299828.449016862,59.48589417245239,0,1,0,2299768.9631226896
208489.41734393156,208526.5735684819,37.15622455033008,1,1,0,208526.5735684819
314336.0104231434,314350.5937983273,14.583375183923636,0,1,0,314336.0104231434
1351533.5000633334,1351629.3081546659,95.80809133243747,0,1,0,1351533.5000633334
307201.8211322222,307240.3481025424,38.5269703202066,1,1,0,307240.3481025424
1441571.662447081,1441676.251751627,104.5893045461271,0,1,0,1441571.662447081
9261409.531546298,9261562.944755593,153.4132092949003,0,1,0,9261409.531546298
6267566.109666087,6267766.915657834,200.80599174741656,0,1,0,6267566.109666087
24552.494452140556,24564.90752929729,12.41307715673247,0,1,0,24552.494452140556
2268718.843122812,2268841.809309876,122.96618706407025,1,1,0,2268841.809309876
916899.2555327136,916935.4735335195,36.218000805936754,1,1,0,916935.4735335195
1295858.0874203388,1295899.2272842769,41.139863938093185,1,1,0,1295899.2272842769
655395.6450555575,655398.6023681406,2.9573125831084326,0,1,0,655395.6450555575
2168299.489557914,2168420.7778797722,121.28832185827196,0,1,0,2168299.489557914
892404.197864787,892469.9788683795,65.78100359253585,1,1,0,892469.9788683795
1536309.656775106,1536378.5253769823,68.868601876311,1,1,0,1536378.5253769823
31668.213321512576,31680.502919820447,12.28959830787062,0,1,0,31668.213321512576
32231.878649484108,32235.244296747256,3.3656472631482757,1,1,0,32235.244296747256
1915519.5202497062,1915606.8367960793,87.31654637306929,1,1,0,1915606.8367960793
11722140.734803813,11722369.66774338,228.93293956667185,0,1,0,11722140.734803813
1865216.675180399,1865338.20589885,121.53071845090017,0,1,0,1865216.675180399
1600210.0058459565,1600305.6214728376,95.6156268811319,1,1,0,1600305.6214728376
665220.4480806327,665246.1748122139,25.72673158114776,0,1,0,665220.4480806327
71354362.37914456,71355212.37391028,849.9947657138109,1,1,0,71355212.37391028
3396659.1216773177,3396766.842251726,107.72057440830395,0,1,0,3396659.1216773177
10753432.679771453,10753580.429459877,147.74968842417002,0,1,0,10753432.679771453
3468995.0762537047,3469103.517846604,108.44159289915115,1,1,0,3469103.517846604
6818589.736849939,6818824.63850072,234.9016507808119,0,1,0,6818589.736849939
3444341.3672214714,3444500.135206694,158.7679852223955,1,1,0,3444500.135206694
73383.22460362459,73396.45156481619,13.226961191598093,1,1,0,73396.45156481619
24048926.121432032,24049343.809335295,417.6879032626748,0,1,0,24048926.121432032
302522.87517644186,302573.78624607937,50.91106963751372,0,1,0,302522.87517644186
675412.6365760632,675400.241620586,-12.394955477211624,1,1,0,675400.241620586
400498901.1523009,400500646.5330199,1745.3807190060616,0,1,0,400498901.1523009
1141794.5827811563,1141814.8301320348,20.247350878547877,1,1,0,1141814.8301320348
953850.1498512649,953840.3676631909,-9.78218807396479,0,1,0,953850.1498512649
178626.14700197647,178658.4458631224,32.2988611459441,1,1,0,178658.4458631224
12780260.198375776,12780444.730417155,184.53204137831926,0,1,0,12780260.198375776
26760882.45029559,26760999.942291413,117.49199582263827,1,1,0,26760999.942291413
1381923.2868618125,1381942.0583911173,18.771529304794967,0,1,0,1381923.2868618125
10753432.679771453,10753609.591319805,176.911548351869,0,1,0,10753432.679771453
3588419.880042036,3588578.3700876352,158.49004559917375,0,1,0,3588419.880042036
25692355.381078765,25692597.744280774,242.36320200935006,0,1,0,25692355.381078765
765840.2459430216,765825.5412479078,-14.704695113818161,0,1,0,765840.2459430216
2950735.829942017,2950833.3501846134,97.5202425965108,0,1,0,2950735.829942017
1821582.9237183747,1821668.5371673845,85.61344900983386,0,1,0,1821582.9237183747
4447812.172309932,4447968.242319302,156.07000936940312,1,1,0,4447968.242319302
321945.96354026685,321990.1956523313,44.23211206443375,1,1,0,321990.1956523313
2249516.706366879,2249629.7604809823,113.05411410331726,0,1,0,2249516.706366879
953850.1498512649,953851.4068482243,1.2569969594478607,0,1,0,953850.1498512649
168473.11384030466,168507.88314840983,34.76930810516933,0,1,0,168473.11384030466
217130.62985087992,217123.67741715923,-6.9524337206967175,1,1,0,217123.67741715923
321945.96354026685,321986.3149820838,40.35144181695068,1,1,0,321986.3149820838
642908.6820874109,642985.6851470434,77.00305963249411,0,1,0,642908.6820874109
9261969.157809157,9262174.106850322,204.94904116541147,0,1,0,9261969.157809157
722691.8754386344,722688.1272965329,-3.748142101569101,0,1,0,722691.8754386344
1813492.0785892464,1813567.741095416,75.66250616963953,0,1,0,1813492.0785892464
2491099.527741081,2491185.1824329356,85.65469185449183,1,1,0,2491185.1824329356
1865216.675180399,1865333.976505789,117.30132538988255,0,1,0,1865216.675180399
1822872.9967008675,1822985.4002504083,112.40354954078794,1,1,0,1822985.4002504083
26988681.274377275,26989137.28882485,456.0144475735724,0,1,0,26988681.274377275
10950523.461304298,10950776.265957998,252.80465370044112,0,1,0,10950523.461304298
4916904.179045604,4917115.185378995,211.00633339118212,1,1,0,4917115.185378995
270228.08370277245,270280.25981822214,52.17611544969259,0,1,0,270228.08370277245
953850.1498512649,953847.6872355356,-2.4626157293096185,0,1,0,953850.1498512649
23174183.633460827,23174399.55420487,215.92074404284358,1,1,0,23174399.55420487
164717.0409722319,164738.366118481,21.325146249117097,0,1,0,164717.0409722319
8821145.12749818,8821407.271315588,262.14381740801036,0,1,0,8821145.12749818
330522.72953870264,330513.0568791524,-9.672659550211392,0,1,0,330522.72953870264
2557075.8568376983,2557172.205351583,96.34851388493553,1,1,0,2557172.205351583
523660.91779600066,523664.19249033666,3.2746943359961733,0,1,0,523660.91779600066
3311313.074514458,3311309.1489157537,-3.9255987042561173,1,1,0,3311309.1489157537
322223.1419589453,322261.1660769421,38.02411799679976,1,1,0,322261.1660769421
30693.293477189567,30707.21781347692,13.924336287353071,1,1,0,30707.21781347692
25692355.381078765,25692644.556054495,289.17497573047876,0,1,0,25692355.381078765
727558.0228634931,727569.8978892796,11.875025786575861,0,1,0,727558.0228634931
250623.49383776874,250663.59863859348,40.104800824745325,1,1,0,250663.59863859348
1877574.1617981063,1877692.3107085023,118.1489103960339,1,1,0,1877692.3107085023
4996969.950179521,4997139.334137317,169.38395779579878,0,1,0,4996969.950179521
57646.90819950932,57664.0240818701,17.115882360776595,0,1,0,57646.90819950932
9261409.531546298,9261536.053932926,126.52238662727177,0,1,0,9261409.531546298
85179.0353196006,85191.98881491207,12.953495311463485,0,1,0,85179.0353196006
12547179.64335476,12547130.533061337,-49.11029342375696,1,1,0,12547130.533061337
772727.7111405021,772797.8083209005,70.09718039841391,1,1,0,772797.8083209005
6137738.923402802,6137965.9464605125,227.02305771037936,1,1,0,6137965.9464605125
4102174.2322281725,4102342.603561403,168.3713332307525,0,1,0,4102174.2322281725
43564058.15127581,43564279.57949113,221.4282153174281,1,1,0,43564279.57949113
2712093.821702228,2712091.6204360165,-2.2012662114575505,0,1,0,2712093.821702228
4996969.950179521,4997165.722022756,195.77184323500842,0,1,0,4996969.950179521
190441.1155331657,190442.191967051,1.0764338853186928,0,1,0,190441.1155331657
128826.74302523359,128837.97544898362,11.232423750028829,0,1,0,128826.74302523359
603340.1087191155,603383.1323273858,43.02360827033408,0,1,0,603340.1087191155
307201.8211322222,307237.00642231305,35.18529009085614,0,1,0,307201.8211322222
3085735.0125213237,3085905.9778662235,170.96534489979967,0,1,0,3085735.0125213237
503992.76184165524,504034.3847425327,41.62290087743895,0,1,0,503992.76184165524
2680034.264666479,2680076.2486825553,41.984016076195985,0,1,0,2680034.264666479
8715341.999473402,8715556.83089748,214.83142407797277,0,1,0,8715341.999473402
500201.74121300003,500219.0638455978,17.322632597759366,1,1,0,500219.0638455978
3434239.499741499,3434355.0328862714,115.53314477251843,1,1,0,3434355.0328862714
2886472.6845166525,2886577.145174464,104.46065781172365,0,1,0,2886472.6845166525
14963045.83630955,14963375.071583154,329.2352736033499,1,1,0,14963375.071583154
869135.7452143782,869149.6111067913,13.865892413072288,1,1,0,869149.6111067913
8302873.858732726,8303051.400442588,177.54170986171812,1,1,0,8303051.400442588
8723.458862928584,8725.590593491139,2.1317305625543668,1,1,0,8725.590593491139
14397904.552325727,14398298.69846862,394.1461428925395,1,1,0,14398298.69846862
7211805.783904289,7212024.672301527,218.8883972382173,0,1,0,7211805.783904289
1023654.9991617198,1023755.8361480744,100.83698635455221,1,1,0,1023755.8361480744
750712.3814536578,750767.9772373387,55.595783680910245,0,1,0,750712.3814536578
909122.3095161726,909117.622674639,-4.686841533635743,1,1,0,909117.622674639
178626.14700197647,178660.4788113642,34.331809387746034,1,1,0,178660.4788113642
14851905.397995414,14852194.601383256,289.2033878415823,0,1,0,14851905.397995414
1833909.0521912493,1834006.0208557837,96.96866453438997,0,1,0,1833909.0521912493
2735768.0686973715,2735787.01217743,18.943480058573186,0,1,0,2735768.0686973715
2046947.6806875272,2047031.641882422,83.96119489474222,0,1,0,2046947.6806875272
55464697.173974074,55465128.61559818,431.44162410497665,0,1,0,55464697.173974074
2933647.5304894857,2933795.1809294904,147.65044000465423,1,1,0,2933795.1809294904
299775.81630832225,299813.14474279905,37.32843447680352,0,1,0,299775.81630832225
2053930.2186851925,2053925.692812985,-4.525872207479551,0,1,0,2053930.2186851925
1773178.1788168591,1773300.387913846,122.20909698680043,1,1,0,1773300.387913846
591274.0227204594,591269.5155713946,-4.507149064796977,0,1,0,591274.0227204594
7807.629659521402,7812.992242826521,5.362583305119188,1,1,0,7812.992242826521
557403.996639694,557472.8338089638,68.83716926979832,0,1,0,557403.996639694
1840959.8609375819,1840980.964599017,21.10366143519059,0,1,0,1840959.8609375819
1023654.9991617198,1023753.1202939743,98.12113225448411,1,1,0,1023753.1202939743
231523.73750709067,231564.0696690987,40.33216200803872,0,1,0,231523.73750709067
1316327.981716723,1316440.0169864504,112.03526972746477,1,1,0,1316440.0169864504
485968.6566888086,486000.0860821103,31.429393301717937,1,1,0,486000.0860821103
288546.4900829719,288583.10609067394,36.61600770201767,1,1,0,288583.10609067394
505635.0293831093,505623.48942436045,-11.53995874885004,1,1,0,505623.48942436045
18261271.01981089,18261627.26434531,356.24453442171216,0,1,0,18261271.01981089
56418645.68427123,56418561.38452293,-84.29974830150604,0,1,0,56418645.68427123
1143834.2807385316,1143926.0902630494,91.80952451773919,0,1,0,1143834.2807385316
14851905.397995414,14852215.721179979,310.32318456470966,0,1,0,14851905.397995414
46505.470330402524,46506.63778432368,1.167453921152628,1,1,0,46506.63778432368
1143834.2807385316,1143916.3251273062,82.04438877454959,0,1,0,1143834.2807385316
2538430.5795847196,2538519.5038974327,88.92431271309033,1,1,0,2538519.5038974327
1441571.662447081,1441679.9360623967,108.27361531578936,0,1,0,1441571.662447081
272025.46842776664,272067.45006719185,41.98163942521205,0,1,0,272025.46842776664
3544288.316713967,3544422.7566285618,134.43991459487006,1,1,0,3544422.7566285618
1886146.6727193943,1886286.056166872,139.38344747759402,0,1,0,1886146.6727193943
210527.60844440912,210547.90912499145,20.300680582324276,1,1,0,210547.90912499145
3333185.540455103,3333339.3413951322,153.8009400293231,0,1,0,3333185.540455103
923573.9689023267,923638.831126893,64.86222456640098,0,1,0,923573.9689023267
3441310.012507437,3441441.235171167,131.22266373038292,0,1,0,3441310.012507437
8467870.481783658,8468066.412227713,195.93044405430555,1,1,0,8468066.412227713
252013.05452287509,252051.97710622064,38.92258334555663,1,1,0,252051.97710622064
2223204.995950113,2223334.7592931506,129.76334303757176,1,1,0,2223334.7592931506
1102547.2567188914,1102644.3032455067,97.04652661527507,1,1,0,1102644.3032455067
9261409.531546298,9261552.44800829,142.9164619911462,0,1,0,9261409.531546298
665220.4480806327,665248.7700315567,28.321950924000703,0,1,0,665220.4480806327
188776.47087672603,188809.3977390524,32.926862326363334,0,1,0,188776.47087672603
2474176.223907786,2474282.999913416,106.77600562991574,1,1,0,2474282.999913416
209409779.47501644,209409717.056376,-62.418640434741974,1,1,0,209409717.056376
4946978.462005302,4947148.940111078,170.47810577601194,1,1,0,4947148.940111078
184720.2824123917,184724.46208886566,4.179676473955624,0,1,0,184720.2824123917
6797015.160596746,6797226.953793328,211.7931965822354,0,1,0,6797015.160596746
6797015.160596746,6797251.785942709,236.6253459630534,0,1,0,6797015.160596746
55655.11606647748,55663.657901984494,8.541835507014184,0,1,0,55655.11606647748
5871384.695678936,5871381.0878881365,-3.6077907998114824,0,1,0,5871384.695678936
2536371.36190086,2536503.784509132,132.4226082721725,0,1,0,2536371.36190086
3308808.053273834,3308992.7294994327,184.6762255989015,0,1,0,3308808.053273834
288196.10653092293,288220.83928622014,24.73275529721286,0,1,0,288196.10653092293
1143834.2807385316,1143903.6647476957,69.38400916405953,0,1,0,1143834.2807385316
2666777.8768750248,2666876.5451067467,98.66823172196746,1,1,0,2666876.5451067467
188776.47087672603,188808.1825086416,31.711631915561156,0,1,0,188776.47087672603
1068098.8974435492,1068162.947385411,64.04994186176918,0,1,0,1068098.8974435492
485968.6566888086,486001.77749224275,33.12080343416892,1,1,0,486001.77749224275
314336.0104231434,314355.2673335684,19.256910425028764,0,1,0,314336.0104231434
729193.054336941,729264.0999673967,71.04563045571558,0,1,0,729193.054336941
4996969.950179521,4997176.470615202,206.52043568063527,0,1,0,4996969.950179521
696512.6474617493,696576.7870906867,64.13962893746793,0,1,0,696512.6474617493
1457967.4212666776,1458061.0873924042,93.66612572665326,1,1,0,1458061.0873924042
13464290.526900984,13464514.650321933,224.12342094816267,1,1,0,13464514.650321933
4630434.0091187805,4630570.595242157,136.5861233761534,0,1,0,4630434.0091187805
358617.4844571371,358653.61914145324,36.134684316115454,1,1,0,358653.61914145324
363382.5418187947,363374.8081325099,-7.733686284802388,0,1,0,363382.5418187947
288196.10653092293,288226.4630087795,30.35647785657784,0,1,0,288196.10653092293
142964.98354033005,142967.9536377014,2.970097371347947,1,1,0,142967.9536377014
4818590.949920602,4818777.456314064,186.5063934614882,0,1,0,4818590.949920602
2720773.1330530187,2720772.970276884,-0.1627761349081993,1,1,0,2720772.970276884
2933647.5304894857,2933792.960366804,145.42987731844187,1,1,0,2933792.960366804
5370582.517845528,5370791.155557579,208.63771205116063,1,1,0,5370791.155557579
87082154.59149055,87083122.73882228,968.1473317295313,1,1,0,87083122.73882228
916899.2555327136,916934.9481454376,35.69261272402946,1,1,0,916934.9481454376
949446.97900551,949530.9976274371,84.01862192712724,0,1,0,949446.97900551
314336.0104231434,314361.7735626144,25.76313947100425,0,1,0,314336.0104231434
857953.4482020778,857981.03214743,27.583945352234878,1,1,0,857981.03214743
670039.1966505141,670081.7724250563,42.57577454217244,1,1,0,670081.7724250563
1563225.6622291547,1563282.2380289088,56.57579975412227,1,1,0,1563282.2380289088
448728.62425109005,448727.0955742543,-1.5286768357618712,0,1,0,448728.62425109005
5230498.624478682,5230703.228797763,204.6043190807104,1,1,0,5230703.228797763
358617.4844571371,358643.9718304977,26.487373360607307,1,1,0,358643.9718304977
1007463.4510234176,1007550.3469547938,86.89593137614429,0,1,0,1007463.4510234176
6743459.567150459,6743648.126720972,188.55957051366568,0,1,0,6743459.567150459
456554.533892592,456590.54536162544,36.01146903343033,0,1,0,456554.533892592
2671494.157679522,2671518.6114133685,24.45373384654522,1,1,0,2671518.6114133685
9261969.157809157,9262249.536183026,280.37837386876345,0,1,0,9261969.157809157
5032931.654638072,5033047.745969769,116.09133169706911,0,1,0,5032931.654638072
1136722.8803715664,1136810.1973405883,87.31696902192198,1,1,0,1136810.1973405883
26760882.45029559,26760969.061043523,86.61074793338776,1,1,0,26760969.061043523
869135.7452143782,869162.1896338885,26.44441951031331,1,1,0,869162.1896338885
18136105.88351695,18136227.742684748,121.8591677993536,0,1,0,18136105.88351695
1023162.4888987541,1023163.7298549198,1.2409561657113954,0,1,0,1023162.4888987541
41415.660086455835,41431.922258140185,16.262171684349596,1,1,0,41431.922258140185
557403.996639694,557462.0508044717,58.0541647777427,0,1,0,557403.996639694
200327.36719258642,200362.76911534404,35.40192275762092,1,1,0,200362.76911534404
336499.631565286,336529.7869965358,30.155431249761023,0,1,0,336499.631565286
173787.50616403052,173821.4803089203,33.97414488976938,0,1,0,173787.50616403052
11092492.727641108,11092723.700539917,230.97289880923927,0,1,0,11092492.727641108
7635916.430636806,7636213.9208451025,297.49020829610527,0,1,0,7635916.430636806
4672251.772108818,4672369.968859213,118.19675039499998,0,1,0,4672251.772108818
7803938.902313549,7804195.445760534,256.5434469850734,1,1,0,7804195.445760534
50491357.451323405,50492130.316965446,772.8656420409679,1,1,0,50492130.316965446
7803938.902313549,7804176.6629602695,237.76064672041684,0,1,0,7803938.902313549
658591.290558868,658658.6923101473,67.40175127936527,1,1,0,658658.6923101473
1688815.3479957532,1688935.7546721615,120.4066764083691,1,1,0,1688935.7546721615
47228.480858625044,47240.85272421073,12.371865585686464,0,1,0,47228.480858625044
321519.5527286986,321559.8347013726,40.28197267401265,0,1,0,321519.5527286986
642908.6820874109,642978.0249671626,69.34287975169718,0,1,0,642908.6820874109
909129.627527158,909186.6055792758,56.97805211774539,0,1,0,909129.627527158
5064724.657256247,5064792.101536326,67.44428007956594,1,1,0,5064792.101536326
940814.7458863003,940878.5887159097,63.84282960940618,0,1,0,940814.7458863003
1847818.0306055099,1847890.845089019,72.81448350916617,1,1,0,1847890.845089019
200327.36719258642,200358.3821627992,31.014970212767366,1,1,0,200358.3821627992
344630.39621665515,344671.41785252973,41.02163587458199,0,1,0,344630.39621665515
2083720.0682891896,2083762.21167393,42.143384740455076,0,1,0,2083720.0682891896
41415.660086455835,41432.57370920924,16.913622753403615,1,1,0,41432.57370920924
178626.14700197647,178662.62652940268,36.47952742621419,1,1,0,178662.62652940268
96967.17098822602,96987.74025114636,20.569262920340407,1,1,0,96987.74025114636
25615.498348363304,25627.341274820075,11.842926456771238,0,1,0,25615.498348363304
5064724.657256247,5064790.705208698,66.04795245174319,1,1,0,5064790.705208698
1692722.1104410996,1692854.8625669375,132.75212583784014,1,1,0,1692854.8625669375
3949608.8918481655,3949558.6192820324,-50.27256613317877,0,1,0,3949608.8918481655
674378.2538219108,674412.094805522,33.84098361118231,0,1,0,674378.2538219108
128287.41712272058,128318.00525761838,30.588134897800046,1,1,0,128318.00525761838
406030.7043884612,406081.66647252743,50.962084066239186,0,1,0,406030.7043884612
5085619.732653755,5085798.733856088,179.00120233278722,0,1,0,5085619.732653755
5064724.657256247,5064784.26038476,59.60312851332128,1,1,0,5064784.26038476
5408579.412974305,5408710.741521852,131.32854754664004,1,1,0,5408710.741521852
2491099.527741081,2491165.2607649346,65.7330238535069,1,1,0,2491165.2607649346
18261271.01981089,18261638.9514774,367.9316665120423,1,1,0,18261638.9514774
15166325.820369095,15166667.870884584,342.05051548965275,1,1,0,15166667.870884584
977831.881083325,977912.4006527624,80.51956943736877,0,1,0,977831.881083325
94122.05293571614,94148.60640446881,26.55346875266696,1,1,0,94148.60640446881
117464.93800014911,117458.01526662413,-6.922733524974319,1,1,0,117458.01526662413
3303913.5029092655,3303911.929161646,-1.5737476195208728,0,1,0,3303913.5029092655
7262505.909070471,7262739.551002025,233.64193155337125,1,1,0,7262739.551002025
2311697.886006038,2311698.005883378,0.11987733980640769,0,1,0,2311697.886006038
622920.6365021671,622955.6561235291,35.01962136197835,0,1,0,622920.6365021671
14064897.145826096,14065126.42690374,229.2810776438564,0,1,0,14064897.145826096
11377672.495031105,11377986.952121107,314.4570900015533,1,1,0,11377986.952121107
251866.99430029973,251912.2411294305,45.24682913077413,0,1,0,251866.99430029973
246477.5002228199,246509.61903395853,32.11881113864365,1,1,0,246509.61903395853
2492497.284461207,2492506.662579274,9.378118066582829,1,1,0,2492506.662579274
247976.16626194798,248007.7735260704,31.607264122430934,0,1,0,247976.16626194798
5580716.816691661,5580883.835965677,167.01927401591092,1,1,0,5580883.835965677
2911166.6700741975,2911276.925300314,110.25522611662745,1,1,0,2911276.925300314
2852376.305515184,2852516.855025157,140.54950997279957,0,1,0,2852376.305515184
352060.38665947603,352077.7888903078,17.40223083179444,0,1,0,352060.38665947603
2529364.595708025,2529550.9625404906,186.36683246539906,0,1,0,2529364.595708025
10950523.461304298,10950825.328300614,301.86699631623924,0,1,0,10950523.461304298
1103001.5846540234,1103093.1409808442,91.55632682074793,1,1,0,1103093.1409808442
28001689.605240937,28001947.037609488,257.4323685504496,1,1,0,28001947.037609488
1295858.0874203388,1295919.8096162411,61.72219590237364,1,1,0,1295919.8096162411
57347.75620794325,57356.64608367888,8.889875735636451,1,1,0,57356.64608367888
3085735.0125213237,3085893.7893438484,158.7768225246109,0,1,0,3085735.0125213237
73557585.94548212,73558399.20827004,813.2627879232168,0,1,0,73557585.94548212
14851905.397995414,14852246.227530835,340.82953542098403,0,1,0,14851905.397995414
363382.5418187947,363378.05980151164,-4.482017283036839,0,1,0,363382.5418187947
8954391.253223268,8954593.42108947,202.1678662020713,1,1,0,8954593.42108947
4916904.179045604,4917131.256900622,227.07785501796752,1,1,0,4917131.256900622
949446.97900551,949531.4001254764,84.4211199664278,0,1,0,949446.97900551
541306.8324120705,541319.0813056588,12.248893588315696,1,1,0,541319.0813056588
1023162.4888987541,1023155.5144459482,-6.974452805938199,1,1,0,1023155.5144459482
909122.3095161726,909139.326050437,17.016534264432266,1,1,0,909139.326050437
8715341.999473402,8715616.37394762,274.3744742181152,0,1,0,8715341.999473402
188776.47087672603,188805.19756261358,28.726685887551866,0,1,0,188776.47087672603
877596.8530442578,877645.565419889,48.71237563120667,1,1,0,877645.565419889
918396.4697902963,918482.9577347938,86.48794449749403,1,1,0,918482.9577347938
328891.0801646634,328936.18236294,45.10219827661058,1,1,0,328936.18236294
87082154.59149055,87083180.13720296,1025.5457124114037,1,1,0,87083180.13720296
49049533.51043717,49049635.7599303,102.24949312955141,1,1,0,49049635.7599303
7926732.763656111,7926936.569004561,203.80534844938666,1,1,0,7926936.569004561
406030.7043884612,406085.82309642265,55.11870796146104,0,1,0,406030.7043884612
251866.99430029973,251919.8782551477,52.8839548479591,0,1,0,251866.99430029973
8479014.152744133,8479285.547529401,271.3947852682322,0,1,0,8479014.152744133
8752169.209834285,8752284.310693366,115.10085908137262,0,1,0,8752169.209834285
288196.10653092293,288226.24526100006,30.138730077131186,0,1,0,288196.10653092293
275300.34936256433,275336.32340105524,35.97403849090915,0,1,0,275300.34936256433
1563796.9995148082,1563905.6080814346,108.60856662644073,0,1,0,1563796.9995148082
96967.17098822602,96988.77465903245,21.60367080643482,1,1,0,96988.77465903245
1186985.7947192837,1187047.3319259833,61.53720669960603,1,1,0,1187047.3319259833
2720773.1330530187,2720762.644140065,-10.488912953529507,1,1,0,2720762.644140065
14397904.552325727,14398313.875555385,409.3232296574861,1,1,0,14398313.875555385
1589807.758968432,1589894.18931931,86.4303508780431,0,1,0,1589807.758968432
178626.14700197647,178659.202900519,33.05589854254504,1,1,0,178659.202900519
553199.9642455443,553252.5915902036,52.627344659296796,0,1,0,553199.9642455443
5339509.742037672,5339480.473096531,-29.26894114073366,0,1,0,5339509.742037672
136808.25456196745,136839.67867562477,31.424113657325506,1,1,0,136839.67867562477
2394563.5366497464,2394643.5602440606,80.02359431423247,1,1,0,2394643.5602440606
18378690.41092002,18378909.799883615,219.3889635950327,1,1,0,18378909.799883615
219236.16556815492,219251.69191043125,15.526342276338255,0,1,0,219236.16556815492
316679.49738564814,316721.45715478953,41.959769141394645,0,1,0,316679.49738564814
5370582.517845528,5370796.587110964,214.06926543544978,1,1,0,5370796.587110964
1366738.4142475734,1366746.591534969,8.177287395577878,1,1,0,1366746.591534969
302522.87517644186,302574.03574144107,51.16056499921251,0,1,0,302522.87517644186
10753432.679771453,10753626.16066728,193.48089582659304,0,1,0,10753432.679771453
4711523.516344199,4711604.506794196,80.99044999666512,1,1,0,4711604.506794196
56418645.68427123,56418599.17566103,-46.50861020386219,0,1,0,56418645.68427123
125632.45175601031,125643.00271705148,10.550961041168193,1,1,0,125643.00271705148
9569752.467083942,9570017.66959299,265.20250904746354,1,1,0,9570017.66959299
3555873.389357666,3556027.960955454,154.57159778801724,1,1,0,3556027.960955454
304624.5451172913,304666.8076747068,42.2625574155245,0,1,0,304624.5451172913
358194.08558782935,358193.05381495156,-1.0317728777881712,1,1,0,358193.05381495156
1323834.5555094294,1323896.2190187704,61.66350934095681,1,1,0,1323896.2190187704
56418645.68427123,56418604.414986566,-41.269284665584564,0,1,0,56418645.68427123
73383.22460362459,73396.74473903314,13.520135408543865,1,1,0,73396.74473903314
1181567.163125584,1181587.928108794,20.76498321001418,0,1,0,1181567.163125584
72854087.0857984,72854895.42893204,808.3431336432695,1,1,0,72854895.42893204
289238.17066096887,289282.11503392766,43.9443729587947,0,1,0,289238.17066096887
2168299.489557914,2168386.9474498024,87.45789188845083,0,1,0,2168299.489557914
2911166.6700741975,2911274.582208422,107.91213422454894,1,1,0,2911274.582208422
28001689.605240937,28001953.18797085,263.5827299132943,0,1,0,28001689.605240937
13464290.526900984,13464503.515860707,212.9889597222209,1,1,0,13464503.515860707
73966.16767497586,73984.7790799341,18.61140495823929,0,1,0,73966.16767497586
4181973.138940897,4182024.8686505975,51.72970970068127,1,1,0,4182024.8686505975
2886472.6845166525,2886577.9220855827,105.23756893025711,0,1,0,2886472.6845166525
1207835.131975527,1207846.335775329,11.203799802111462,1,1,0,1207846.335775329
2529364.595708025,2529548.3899670113,183.79425898613408,1,1,0,2529548.3899670113
15166325.820369095,15166665.781721354,339.96135225892067,1,1,0,15166665.781721354
322223.1419589453,322252.0085939793,28.866635033977218,1,1,0,322252.0085939793
11092492.727641108,11092673.877856525,181.15021541714668,0,1,0,11092492.727641108
940814.7458863003,940880.4872107625,65.74132446211297,0,1,0,940814.7458863003
1036195.9052392339,1036258.9866530815,63.08141384762712,1,1,0,1036258.9866530815
7635916.430636806,7636167.923037536,251.49240073002875,0,1,0,7635916.430636806
1320728.2988037765,1320735.030809349,6.732005572412163,0,1,0,1320728.2988037765
5539966.703701163,5540064.924625775,98.2209246121347,1,1,0,5540064.924625775
909122.3095161726,909132.0854340544,9.775917881750502,1,1,0,909132.0854340544
1023162.4888987541,1023149.285567245,-13.203331509139389,0,1,0,1023162.4888987541
4946978.462005302,4947124.99364639,146.5316410874948,1,1,0,4947124.99364639
813446.3916675202,813496.6294452517,50.23777773149777,0,1,0,813446.3916675202
1457967.4212666776,1458056.1767748415,88.75550816394389,1,1,0,1458056.1767748415
4102174.2322281725,4102340.686693065,166.45446489239112,0,1,0,4102174.2322281725
808379.2503040457,808466.1501998119,86.8998957661679,1,1,0,808466.1501998119
24048926.121432032,24049356.456997197,430.33556516468525,0,1,0,24048926.121432032
918396.4697902963,918474.4634793486,77.99368905229494,0,1,0,918396.4697902963
5062129.884637326,5062290.381863741,160.49722641520202,1,1,0,5062290.381863741
371351.76096132013,371370.4055399084,18.644578588253353,0,1,0,371351.76096132013
3764700.7099296222,3764865.9687950374,165.25886541511863,0,1,0,3764700.7099296222
11377672.495031105,11377978.119057883,305.62402677722275,1,1,0,11377978.119057883
31668.213321512576,31682.423442319952,14.21012080737637,0,1,0,31668.213321512576
3949608.8918481655,3949591.041645971,-17.850202194415033,0,1,0,3949608.8918481655
837258.492534493,837360.88143169,102.38889719697181,1,1,0,837360.88143169
9261969.157809157,9262247.363423416,278.20561425946653,0,1,0,9261969.157809157
1546375.4343229784,1546413.7287600492,38.29443707084283,0,1,0,1546375.4343229784
3369967.3249944835,3370156.8810823644,189.556087880861,0,1,0,3369967.3249944835
11308933.182431117,11309070.10954254,136.92711142264307,1,1,0,11309070.10954254
1399779.3856301678,1399879.0428338607,99.65720369294286,1,1,0,1399879.0428338607
2852376.305515184,2852486.0844493285,109.77893414441496,0,1,0,2852376.305515184
9569752.467083942,9570039.87020604,287.4031220972538,1,1,0,9570039.87020604
304624.5451172913,304664.85011440003,40.30499710876029,1,1,0,304664.85011440003
8484448.072901974,8484625.949051643,177.8761496692896,1,1,0,8484625.949051643
1136722.8803715664,1136803.573746303,80.6933747367002,1,1,0,1136803.573746303
18136105.88351695,18136291.202894673,185.31937772408128,0,1,0,18136105.88351695
96939.27838771572,96938.86705201071,-0.41133570500824135,1,1,0,96938.86705201071
6267293.101332681,6267469.7710762415,176.66974356025457,0,1,0,6267293.101332681
208489.41734393156,208525.66339014022,36.24604620866012,1,1,0,208525.66339014022
752209.8151967054,752270.7921919537,60.97699524834752,0,1,0,752209.8151967054
9569752.467083942,9570017.323908241,264.8568242993206,1,1,0,9570017.323908241
3264720.039257336,3264879.1675777216,159.12832038570195,0,1,0,3264720.039257336
303416.7383330743,303443.1728793955,26.434546321164817,1,1,0,303443.1728793955
1457967.4212666776,1458059.4067533347,91.98548665712588,1,1,0,1458059.4067533347
3588419.880042036,3588581.409781958,161.52973992191255,0,1,0,3588419.880042036
345978.3799052984,345971.0174516885,-7.362453609937802,0,1,0,345978.3799052984
674378.2538219108,674417.7869411334,39.533119222614914,0,1,0,674378.2538219108
6660725.076820481,6660898.840223304,173.76340282335877,1,1,0,6660898.840223304
1589807.758968432,1589916.8866166072,109.12764817522839,0,1,0,1589807.758968432
6070995.203750776,6071112.846176319,117.64242554269731,0,1,0,6070995.203750776
152838.99367302624,152851.90236292395,12.908689897711156,1,1,0,152851.90236292395
1320728.2988037765,1320740.507672468,12.208868691464886,0,1,0,1320728.2988037765
101294.33299043133,101313.95803957648,19.625049145150115,1,1,0,101313.95803957648
62389292.437461406,62390066.91071971,774.4732583016157,1,1,0,62390066.91071971
6267566.109666087,6267760.389083457,194.27941737044603,0,1,0,6267566.109666087
1186985.7947192837,1187040.53084224,54.73612295626663,1,1,0,1187040.53084224
1323834.5555094294,1323914.0139091408,79.45839971140958,1,1,0,1323914.0139091408
8954391.253223268,8954604.314870173,213.06164690479636,1,1,0,8954604.314870173
9901814.963136578,9902051.948657926,236.9855213481933,1,1,0,9902051.948657926
74293.52958226226,74309.07372653109,15.544144268831587,0,1,0,74293.52958226226
2083720.0682891896,2083754.139424619,34.071135429432616,0,1,0,2083720.0682891896
128287.41712272058,128316.36646695822,28.949344237640616,1,1,0,128316.36646695822
953850.1498512649,953849.4437857738,-0.7060654910746962,0,1,0,953850.1498512649
2491099.527741081,2491173.1710243165,73.64328323537484,1,1,0,2491173.1710243165
1935007.1763858767,1935105.9656101128,98.78922423603944,1,1,0,1935105.9656101128
3311313.074514458,3311286.7120471667,-26.362467291299254,1,1,0,3311286.7120471667
165437.03380450173,165453.12964132713,16.095836825406877,1,1,0,165453.12964132713
788281.9966175453,788347.8922043527,65.8955868073972,1,1,0,788347.8922043527
288196.10653092293,288227.6078787886,31.501347865676507,0,1,0,288196.10653092293
1143834.2807385316,1143914.733634712,80.45289618032984,0,1,0,1143834.2807385316
745720.2629841297,745798.6732119984,78.41022786870599,1,1,0,745798.6732119984
85179.0353196006,85190.6564830581,11.621163457501098,1,1,0,85190.6564830581
1203907.0240311718,1203941.4698148544,34.44578368263319,1,1,0,1203941.4698148544
251866.99430029973,251918.557692153,51.56339185326942,0,1,0,251866.99430029973
2671494.157679522,2671522.0344990543,27.876819532364607,1,1,0,2671522.0344990543
275300.34936256433,275332.6526212766,32.30325871228706,0,1,0,275300.34936256433
32231.878649484108,32239.104408730516,7.2257592464084155,0,1,0,32231.878649484108
2249516.706366879,2249641.727230437,125.02086355816573,1,1,0,2249641.727230437
688068.9480252689,688148.5056830143,79.55765774543397,1,1,0,688148.5056830143
1351550.231685623,1351622.6022877153,72.37060209224,0,1,0,1351550.231685623
173787.50616403052,173822.9723124481,35.466148417588556,0,1,0,173787.50616403052
7792159.222460343,7792375.500123462,216.2776631191373,1,1,0,7792375.500123462
358611.4795250947,358657.37602811254,45.89650301786605,0,1,0,358611.4795250947
208489.41734393156,208523.8454642584,34.42812032683287,1,1,0,208523.8454642584
2950735.829942017,2950863.84151864,128.0115766231902,0,1,0,2950735.829942017
1847818.0306055099,1847898.4869229589,80.45631744898856,1,1,0,1847898.4869229589
73966.16767497586,73981.65845280027,15.490777824408724,0,1,0,73966.16767497586
909122.3095161726,909142.1672988074,19.857782634790055,1,1,0,909142.1672988074
387553.0629193628,387600.2213717317,47.15845236892346,1,1,0,387600.2213717317
4102174.2322281725,4102359.0661011506,184.83387297810987,0,1,0,4102174.2322281725
11265012.111761114,11265292.067912525,279.9561514109373,1,1,0,11265292.067912525
247976.16626194798,248013.14276358628,36.97650163830258,0,1,0,247976.16626194798
9901814.963136578,9902054.381766733,239.4186301548034,1,1,0,9902054.381766733
1136722.8803715664,1136803.6512488355,80.77087726909667,1,1,0,1136803.6512488355
64889.22133754609,64905.35592659074,16.134589044646418,1,1,0,64905.35592659074
1943651.7492579352,1943716.8204646956,65.07120676035993,1,1,0,1943716.8204646956
1187614.1943890834,1187654.0207045323,39.826315448852256,0,1,0,1187614.1943890834
1295858.0874203388,1295897.8656923298,39.77827199106105,1,1,0,1295897.8656923298
5925319.265898995,5925465.775394432,146.50949543714523,0,1,0,5925319.265898995
67402496.36884588,67403439.18857321,942.8197273313999,1,1,0,67403439.18857321
5339509.742037672,5339478.190697266,-31.55134040582925,0,1,0,5339509.742037672
956834.1005823506,956915.7868818763,81.68629952566698,0,1,0,956834.1005823506
868505.3979378896,868586.2651318302,80.86719394067768,1,1,0,868586.2651318302
2268718.843122812,2268831.9206189383,113.07749612629414,1,1,0,2268831.9206189383
3396659.1216773177,3396793.798176862,134.6764995441772,0,1,0,3396659.1216773177
1840959.8609375819,1840992.2676567645,32.40671918261796,0,1,0,1840959.8609375819
399072.6379498997,399134.60564344027,61.967693540558685,1,1,0,399134.60564344027
557403.996639694,557460.12519761,56.12855791603215,0,1,0,557403.996639694
1203907.0240311718,1203944.548917882,37.5248867101036,1,1,0,1203944.548917882
1875689.3336533802,1875763.8775581843,74.54390480415896,0,1,0,1875689.3336533802
1162802.1547270878,1162883.5519066532,81.39717956539243,1,1,0,1162883.5519066532
16945967.904154036,16946377.142533563,409.23837952688336,0,1,0,16945967.904154036
267303.5556422124,267333.39795190655,29.84230969415512,1,1,0,267333.39795190655
1282212.8368828252,1282289.8084870966,76.97160427132621,0,1,0,1282212.8368828252
15108983.99869042,15109194.285186209,210.28649578802288,0,1,0,15108983.99869042
1790078.386154597,1790147.3314405198,68.94528592284769,1,1,0,1790147.3314405198
1935007.1763858767,1935100.595932161,93.41954628424719,1,1,0,1935100.595932161
6137738.923402802,6137975.173983566,236.25058076437563,0,1,0,6137738.923402802
289238.17066096887,289274.6784412309,36.50778026203625,0,1,0,289238.17066096887
453639.64193600364,453677.0409492737,37.399013270041905,0,1,0,453639.64193600364
20366850.85305102,20367220.021864075,369.16881305351853,1,1,0,20367220.021864075
164717.0409722319,164742.55962944005,25.5186572081584,0,1,0,164717.0409722319
9009068.180574873,9009066.779602041,-1.4009728319942951,1,1,0,9009066.779602041
622920.6365021671,622955.2286033584,34.59210119128693,0,1,0,622920.6365021671
752209.8151967054,752295.8959240096,86.08072730421554,0,1,0,752209.8151967054
322223.1419589453,322258.03790405113,34.8959451058181,1,1,0,322258.03790405113
363382.5418187947,363373.5241419714,-9.017676823306829,0,1,0,363382.5418187947
987904.3090745586,987970.9165309623,66.60745640378445,1,1,0,987970.9165309623
1784916.1237034977,1785024.6134493016,108.48974580387585,1,1,0,1785024.6134493016
448728.62425109005,448725.95936523326,-2.664885856793262,0,1,0,448728.62425109005
321519.5527286986,321555.7601257069,36.20739700831473,1,1,0,321555.7601257069
94122.05293571614,94148.18262087807,26.129685161926318,0,1,0,94122.05293571614
772727.7111405021,772797.591098952,69.8799584498629,1,1,0,772797.591098952
1821582.9237183747,1821683.6161852975,100.69246692280285,1,1,0,1821683.6161852975
125632.45175601031,125642.67179464229,10.220038631974603,1,1,0,125642.67179464229
750712.3814536578,750776.5776644433,64.1962107855361,1,1,0,750776.5776644433
1457967.4212666776,1458054.884780312,87.46351363440044,1,1,0,1458054.884780312
8533076.474076575,8533336.619036255,260.14495968073606,0,1,0,8533076.474076575
671888.431819917,671945.1112945315,56.67947461444419,0,1,0,671888.431819917
977831.881083325,977903.0501586624,71.16907533735503,0,1,0,977831.881083325
4875585.86184857,4875675.851353701,89.98950513079762,1,1,0,4875675.851353701
585368.5946708199,585435.4542815157,66.85961069574114,1,1,0,585435.4542815157
25615.498348363304,25628.87358437553,13.375236012227106,1,1,0,25628.87358437553
359162.42064649763,359205.5866834312,43.16603693354409,0,1,0,359162.42064649763
128826.74302523359,128842.71205355722,15.969028323626844,1,1,0,128842.71205355722
7807.629659521402,7811.838068259261,4.2084087378589174,1,1,0,7811.838068259261
8302873.858732726,8303027.117441554,153.25870882719755,0,1,0,8302873.858732726
128826.74302523359,128839.4783524163,12.735327182715992,1,1,0,128839.4783524163
57347.75620794325,57358.40016874997,10.643960806723044,1,1,0,57358.40016874997
14851905.397995414,14852243.45146042,338.05346500501037,0,1,0,14851905.397995414
1307863.152382908,1307961.2863343898,98.13395148189738,0,1,0,1307863.152382908
1943651.7492579352,1943713.7674027155,62.01814478030428,1,1,0,1943713.7674027155
2735603.9828590783,2735611.3107881905,7.327929112128913,1,1,0,2735611.3107881905
1007463.4510234176,1007534.4248310309,70.97380761324894,0,1,0,1007463.4510234176
15108983.99869042,15109205.330541942,221.3318515215069,0,1,0,15108983.99869042
13750062.722413579,13750348.289807444,285.5673938654363,1,1,0,13750348.289807444
2852376.305515184,2852492.477662814,116.17214762978256,0,1,0,2852376.305515184
206665.50040455983,206661.45781787855,-4.042586681287503,1,1,0,206661.45781787855
1563225.6622291547,1563254.7859034566,29.123674301896244,1,1,0,1563254.7859034566
31668.213321512576,31683.76802994476,15.55470843218427,0,1,0,31668.213321512576
1036435.5005440813,1036508.917875076,73.41733099461999,1,1,0,1036508.917875076
3434239.499741499,3434347.9626713335,108.46292983461171,1,1,0,3434347.9626713335
5062129.884637326,5062300.223671648,170.33903432171792,1,1,0,5062300.223671648
17550089.65454335,17550081.51978563,-8.134757719933987,0,1,0,17550089.65454335
143397.80670130212,143422.1467335794,24.340032277279533,0,1,0,143397.80670130212
74293.52958226226,74311.46784524387,17.938262981610023,0,1,0,74293.52958226226
612765.4293915267,612804.175059723,38.74566819623578,0,1,0,612765.4293915267
2886472.6845166525,2886584.2065156284,111.52199897589162,0,1,0,2886472.6845166525
2745785.3203164386,2745903.0013646595,117.68104822095484,1,1,0,2745903.0013646595
3696291.842546434,3696393.755030536,101.91248410195112,0,1,0,3696291.842546434
343316.8376024959,343319.0543962057,2.216793709783815,0,1,0,343316.8376024959
8794922.649638599,8795109.291016381,186.64137778244913,1,1,0,8795109.291016381
18136105.88351695,18136271.06475156,165.18123461306095,1,1,0,18136271.06475156
128826.74302523359,128840.75709910489,14.014073871294386,1,1,0,128840.75709910489
6267293.101332681,6267443.827132932,150.7258002506569,0,1,0,6267293.101332681
12780260.198375776,12780434.32526483,174.12688905373216,0,1,0,12780260.198375776
18832226.203856435,18832488.009064306,261.80520787090063,0,1,0,18832226.203856435
958344.2751426427,958387.5121967393,43.23705409665126,0,1,0,958344.2751426427
1323834.5555094294,1323909.4308415197,74.87533209030516,1,1,0,1323909.4308415197
6797015.160596746,6797259.071998795,243.9114020485431,1,1,0,6797259.071998795
231523.73750709067,231568.87540217693,45.13789508625632,0,1,0,231523.73750709067
5411385.311234373,5411567.077480826,181.7662464529276,1,1,0,5411567.077480826
2712093.821702228,2712097.2116489233,3.3899466954171658,0,1,0,2712093.821702228
356358.20952557714,356396.00114464207,37.791619064926635,1,1,0,356396.00114464207
4946978.462005302,4947151.160151662,172.698146359995,1,1,0,4947151.160151662
288196.10653092293,288220.2989888667,24.192457943747286,0,1,0,288196.10653092293
8970744.4865961,8970995.813961847,251.32736574672163,0,1,0,8970744.4865961
6267293.101332681,6267482.453781082,189.35244840104133,0,1,0,6267293.101332681
553199.9642455443,553247.7697436585,47.805498114204966,0,1,0,553199.9642455443
3791610.099972179,3791740.7628536643,130.66288148518652,1,1,0,3791740.7628536643
1412557.5132314658,1412615.5732062126,58.05997474677861,1,1,0,1412615.5732062126
5994690.381306537,5994944.1207754845,253.73946894705296,0,1,0,5994690.381306537
940814.7458863003,940882.9236928169,68.1778065165272,0,1,0,940814.7458863003
1275862.984669952,1275953.069744921,90.0850749691017,0,1,0,1275862.984669952
4711523.516344199,4711621.015065567,97.49872136767954,1,1,0,4711621.015065567
932111.6242528124,932167.6948333632,56.070580550818704,0,1,0,932111.6242528124
1103001.5846540234,1103089.0036111814,87.41895715799183,1,1,0,1103089.0036111814
764282.5472246957,764318.4729421145,35.92571741878055,0,1,0,764282.5472246957
94122.05293571614,94146.48415985145,24.431224135303637,0,1,0,94122.05293571614
15995590.380903285,15996009.82432233,419.44341904483736,0,1,0,15995590.380903285
1600210.0058459565,1600320.7887495074,110.7829035508912,0,1,0,1600210.0058459565
1316327.981716723,1316433.5799084837,105.59819176071323,1,1,0,1316433.5799084837
11092492.727641108,11092729.788632303,237.06099119596183,0,1,0,11092492.727641108
6823403.265164597,6823635.379858231,232.11469363421202,0,1,0,6823403.265164597
1600210.0058459565,1600299.8080809005,89.80223494395614,1,1,0,1600299.8080809005
4630434.0091187805,4630549.830084009,115.82096522860229,0,1,0,4630434.0091187805
46505.470330402524,46502.652255669476,-2.818074733047979,1,1,0,46502.652255669476
55464697.173974074,55465058.40258593,361.228611856699,0,1,0,55464697.173974074
2331084.3004983966,2331148.1429475234,63.84244912676513,0,1,0,2331084.3004983966
28001689.605240937,28001919.25640759,229.65116665139794,0,1,0,28001689.605240937
6137738.923402802,6137969.738866726,230.81546392384917,1,1,0,6137969.738866726
1784916.1237034977,1785014.3677246638,98.244021166116,1,1,0,1785014.3677246638
3444341.3672214714,3444502.3119527726,160.9447313011624,1,1,0,3444502.3119527726
4026220.8206423842,4026275.948395697,55.1277533126995,1,1,0,4026275.948395697
26988681.274377275,26989072.788670693,391.51429341733456,0,1,0,26988681.274377275
5925319.265898995,5925456.749838685,137.48393968958408,0,1,0,5925319.265898995
1023162.4888987541,1023169.4066161597,6.917717405594885,0,1,0,1023162.4888987541
46505.470330402524,46502.824588541145,-2.645741861379065,1,1,0,46502.824588541145
91302.64300771947,91313.73342892174,11.09042120227241,0,1,0,91302.64300771947
217130.62985087992,217133.3577844271,2.7279335471685044,1,1,0,217133.3577844271
977831.881083325,977907.4831371246,75.60205379955005,0,1,0,977831.881083325
1058085.8852486974,1058153.4236529132,67.53840421582572,0,1,0,1058085.8852486974
275300.34936256433,275337.393821974,37.04445940966252,0,1,0,275300.34936256433
7844340.877169891,7844625.601074562,284.72390467114747,1,1,0,7844625.601074562
13464290.526900984,13464520.589432973,230.0625319890678,1,1,0,13464520.589432973
2491099.527741081,2491182.0808966784,82.55315559729934,1,1,0,2491182.0808966784
6267566.109666087,6267741.5559623195,175.4462962327525,0,1,0,6267566.109666087
1320728.2988037765,1320737.3138457548,9.015041978331283,0,1,0,1320728.2988037765
1143834.2807385316,1143918.2778244123,83.99708588072099,0,1,0,1143834.2807385316
56418645.68427123,56418634.70943285,-10.974838383495808,0,1,0,56418645.68427123
1536309.656775106,1536378.6206268177,68.96385171171278,1,1,0,1536378.6206268177
4102174.2322281725,4102336.396499926,162.16427175374702,0,1,0,4102174.2322281725
7211805.783904289,7212022.724286428,216.94038213882595,0,1,0,7211805.783904289
4444553.441807679,4444728.972947367,175.531139687635,0,1,0,4444553.441807679
3764700.7099296222,3764871.1260391437,170.41610952140763,0,1,0,3764700.7099296222
16027037.039484648,16027474.450178761,437.4106941130012,1,1,0,16027474.450178761
2276694.8265848635,2276810.6202889266,115.79370406316593,1,1,0,2276810.6202889266
1790078.386154597,1790147.1030363585,68.71688176156022,0,1,0,1790078.386154597
6545801.794917186,6546035.095576896,233.30065971054137,0,1,0,6545801.794917186
228383.38374819365,228406.41078207386,23.027033880207455,0,1,0,228383.38374819365
5622931.97593603,5622987.692000531,55.71606450062245,0,1,0,5622931.97593603
3441310.012507437,3441440.402484001,130.38997656432912,0,1,0,3441310.012507437
9261409.531546298,9261552.13496373,142.60341743193567,0,1,0,9261409.531546298
229368.04254773862,229401.56452615032,33.521978411707096,0,1,0,229368.04254773862
1093127.0569307755,1093213.9267414263,86.86981065082364,1,1,0,1093213.9267414263
868505.3979378896,868575.5449226764,70.14698478684295,1,1,0,868575.5449226764
13750062.722413579,13750381.206925064,318.4845114853233,1,1,0,13750381.206925064
972233.2565414642,972285.9807734466,52.72423198237084,0,1,0,972233.2565414642
4875585.86184857,4875700.788705648,114.92685707751662,1,1,0,4875700.788705648
1439949.1875428027,1440045.398811617,96.21126881428063,1,1,0,1440045.398811617
344630.39621665515,344666.58268289035,36.186466235201806,0,1,0,344630.39621665515
3544288.316713967,3544449.7907158635,161.47400189656764,1,1,0,3544449.7907158635
12923644.440947073,12923995.609712,351.16876492649317,1,1,0,12923995.609712
406030.7043884612,406083.3448600698,52.640471608610824,1,1,0,406083.3448600698
1136722.8803715664,1136806.1654308047,83.28505923831835,1,1,0,1136806.1654308047
4102174.2322281725,4102358.932226482,184.69999830937013,0,1,0,4102174.2322281725
321519.5527286986,321556.0008842379,36.448155539284926,0,1,0,321519.5527286986
56418645.68427123,56418618.688621126,-26.995650105178356,0,1,0,56418645.68427123
5408579.412974305,5408698.332979708,118.92000540252775,1,1,0,5408698.332979708
1317559.8390598523,1317605.50710403,45.66804417781532,1,1,0,1317605.50710403
188776.47087672603,188805.1375185219,28.666641795862233,0,1,0,188776.47087672603
24552.494452140556,24566.058574613748,13.564122473191674,0,1,0,24552.494452140556
126040497.34316106,126041413.143246,915.8000849336386,1,1,0,126041413.143246
1023162.4888987541,1023159.9957695788,-2.4931291752727702,1,1,0,1023159.9957695788
1760120.702320428,1760237.019716067,116.31739563890733,0,1,0,1760120.702320428
1790078.386154597,1790151.7873200187,73.40116542181931,0,1,0,1790078.386154597
1320728.2988037765,1320751.6694133494,23.370609572855756,0,1,0,1320728.2988037765
168473.11384030466,168508.92970072382,35.8158604191558,0,1,0,168473.11384030466
96722057.09540755,96722967.12812194,910.0327143967152,1,1,0,96722967.12812194
247976.16626194798,248009.55173717235,33.38547522437875,0,1,0,247976.16626194798
847871.7805865989,847945.0327999013,73.25221330241766,0,1,0,847871.7805865989
1546375.4343229784,1546420.6311517053,45.19682872691192,1,1,0,1546420.6311517053
1194718.1911450252,1194788.8893388016,70.69819377642125,1,1,0,1194788.8893388016
3894903.960935407,3895085.337927566,181.3769921590574,1,1,0,3895085.337927566
87082154.59149055,87082990.87914848,836.287657931447,1,1,0,87082990.87914848
5085619.732653755,5085785.704531351,165.97187759634107,0,1,0,5085619.732653755
343316.8376024959,343324.03916123573,7.20155873982003,0,1,0,343316.8376024959
493835.05221289245,493856.5624062902,21.510193397756666,0,1,0,493835.05221289245
62389292.437461406,62389989.41546681,696.9780054017901,1,1,0,62389989.41546681
7635916.430636806,7636209.819971432,293.3893346255645,0,1,0,7635916.430636806
303416.7383330743,303447.6174401818,30.879107107466552,0,1,0,303416.7383330743
6749905.662706231,6750145.252825296,239.59011906478554,0,1,0,6749905.662706231
358194.08558782935,358205.14408356266,11.05849573330488,1,1,0,358205.14408356266
697765.5289117917,697832.3260285865,66.79711679473985,1,1,0,697832.3260285865
500201.74121300003,500228.899162499,27.157949498970993,1,1,0,500228.899162499
1102547.2567188914,1102631.1830407325,83.92632184107788,0,1,0,1102547.2567188914
1438682.1837841508,1438764.7439296937,82.56014554295689,1,1,0,1438764.7439296937
24552.494452140556,24567.763416715774,15.268964575217979,0,1,0,24552.494452140556
363382.5418187947,363373.0614956747,-9.480323119962122,1,1,0,363373.0614956747
15745495.695766272,15745826.200956125,330.50518985278904,0,1,0,15745495.695766272
1439949.1875428027,1440037.8068220885,88.61927928589284,1,1,0,1440037.8068220885
1186985.7947192837,1187032.1116884062,46.316969122504815,1,1,0,1187032.1116884062
6974419.406856188,6974589.932689158,170.52583297062665,0,1,0,6974419.406856188
830884.2326671011,830882.6800324589,-1.5526346422266215,1,1,0,830882.6800324589
115474675.43179981,115475139.21899933,463.78719951212406,0,1,0,115474675.43179981
1692722.1104410996,1692829.7209612478,107.61052014818415,1,1,0,1692829.7209612478
2097571.41903134,2097645.054595229,73.63556388905272,0,1,0,2097571.41903134
869135.7452143782,869146.9423499287,11.197135550435632,1,1,0,869146.9423499287
5186102.853918638,5186275.700147802,172.84622916392982,0,1,0,5186102.853918638
941397.4118645004,941461.8621170999,64.45025259954855,0,1,0,941397.4118645004
877596.8530442578,877661.9784118215,65.12536756368354,1,1,0,877661.9784118215
46930.07620902709,46941.428546272735,11.352337245647504,1,1,0,46941.428546272735
485658.0759866033,485697.4728007354,39.396814132109284,0,1,0,485658.0759866033
2660122.6119231414,2660160.2482030834,37.63627994200215,0,1,0,2660122.6119231414
697765.5289117917,697825.3543312134,59.82541942165699,1,1,0,697825.3543312134
3039313.474256449,3039464.8572616177,151.3830051687546,0,1,0,3039313.474256449
1692722.1104410996,1692837.4461512566,115.33571015694179,1,1,0,1692837.4461512566
6508378.248619787,6508615.839487,237.59086721297354,1,1,0,6508615.839487
1317559.8390598523,1317599.7450315263,39.905971674015746,1,1,0,1317599.7450315263
15240459.766304024,15240737.184094813,277.41779078915715,0,1,0,15240459.766304024
1036195.9052392339,1036268.4558270078,72.55058777390514,1,1,0,1036268.4558270078
505635.0293831093,505639.2120246857,4.182641576393507,1,1,0,505639.2120246857
2735768.0686973715,2735806.141828506,38.073131134267896,0,1,0,2735768.0686973715
5406473.40790688,5406643.220831652,169.812924772501,1,1,0,5406643.220831652
866177.023232418,866256.3782298095,79.35499739146326,1,1,0,866256.3782298095
1197094.166977709,1197163.863737037,69.69675932801329,1,1,0,1197163.863737037
13437013.420561148,13437290.950755129,277.5301939807832,0,1,0,13437013.420561148
788281.9966175453,788359.3483208552,77.35170330991969,1,1,0,788359.3483208552
5411385.311234373,5411524.386315429,139.0750810559839,1,1,0,5411524.386315429
4313412.746343347,4313627.69428877,214.94794542249292,0,1,0,4313412.746343347
780931.9096290685,781021.3202987073,89.4106696388917,0,1,0,780931.9096290685
839734.2204658395,839777.5592350169,43.338769177440554,1,1,0,839777.5592350169
914801.2580343555,914859.3001486037,58.042114248266444,0,1,0,914801.2580343555
1438682.1837841508,1438754.7308219965,72.54703784571029,1,1,0,1438754.7308219965
173787.50616403052,173825.21870102728,37.71253699675435,1,1,0,173825.21870102728
5762139.825437719,5762255.395802627,115.57036490831524,1,1,0,5762255.395802627
417793.1975898323,417854.74748021486,61.54989038256463,1,1,0,417854.74748021486
5032931.654638072,5033047.144193245,115.48955517355353,0,1,0,5032931.654638072
245120.37973896507,245161.09944617536,40.71970721028629,1,1,0,245161.09944617536
358617.4844571371,358641.8111682366,24.326711099478416,1,1,0,358641.8111682366
73557585.94548212,73558474.3401011,888.394618973136,0,1,0,73557585.94548212
909129.627527158,909177.2790828976,47.651555739576,0,1,0,909129.627527158
2945495.904935029,2945523.539148358,27.634213329292834,0,1,0,2945495.904935029
2660122.6119231414,2660170.15119516,47.53927201870829,0,1,0,2660122.6119231414
6950417.938389312,6950654.732367593,236.79397828131914,0,1,0,6950417.938389312
15745495.695766272,15745791.743194621,296.047428349033,0,1,0,15745495.695766272
5871384.695678936,5871413.741946363,29.04626742657274,1,1,0,5871413.741946363
10713722.137815552,10713893.50478648,171.36697092838585,0,1,0,10713722.137815552
229375.62433883108,229417.1936932727,41.56935444162809,0,1,0,229375.62433883108
2474176.223907786,2474266.7988149747,90.57490718876943,1,1,0,2474266.7988149747
1351533.5000633334,1351625.2463092129,91.74624587944709,1,1,0,1351625.2463092129
897267.1000342931,897286.9055281264,19.805493833264336,0,1,0,897267.1000342931
1185063.0723443073,1185142.9381729169,79.86582860955968,1,1,0,1185142.9381729169
8821145.12749818,8821405.390310675,260.2628124952316,0,1,0,8821145.12749818
43531.92772688013,43542.359362021976,10.431635141845618,0,1,0,43531.92772688013
750712.3814536578,750779.0946176667,66.71316400892101,0,1,0,750712.3814536578
699939.25124975,700029.0823996142,89.83114986412693,1,1,0,700029.0823996142
43564058.15127581,43564219.12975611,160.9784802943468,1,1,0,43564219.12975611
321519.5527286986,321561.7523420888,42.199613390199374,1,1,0,321561.7523420888
822808.5080977706,822889.999636438,81.49153866735287,1,1,0,822889.999636438
1023654.9991617198,1023762.6656636503,107.66650193044916,1,1,0,1023762.6656636503
2765322.901718614,2765318.2618539184,-4.6398646957241,0,1,0,2765322.901718614
830884.2326671011,830892.2629835221,8.030316421063617,1,1,0,830892.2629835221
23174183.633460827,23174384.45036726,200.8169064335525,1,1,0,23174384.45036726
5580716.816691661,5580887.749623702,170.93293204065412,1,1,0,5580887.749623702
275300.34936256433,275341.17902898317,40.829666418838315,0,1,0,275300.34936256433
1536309.656775106,1536387.5710410234,77.91426591738127,1,1,0,1536387.5710410234
5622931.97593603,5622989.832444158,57.85650812834501,0,1,0,5622931.97593603
463297.2274929145,463360.9565818152,63.72908890072722,1,1,0,463360.9565818152
47228.480858625044,47239.185060267984,10.704201642940461,0,1,0,47228.480858625044
1194718.1911450252,1194776.988068396,58.79692337079905,0,1,0,1194718.1911450252
56996981.189219184,56997800.07070745,818.881488263607,1,1,0,56997800.07070745
658591.290558868,658652.8823557162,61.591796848224476,1,1,0,658652.8823557162
336499.631565286,336531.22475654975,31.59319126373157,0,1,0,336499.631565286
1840959.8609375819,1841000.0927573703,40.23181978845969,0,1,0,1840959.8609375819
28653.1627601185,28665.952290831676,12.789530713176646,1,1,0,28665.952290831676
1103001.5846540234,1103092.0501698495,90.46551582613029,1,1,0,1103092.0501698495
1399779.3856301678,1399872.9310114256,93.54538125777617,1,1,0,1399872.9310114256
2480242.3376656794,2480370.8167290282,128.47906334884465,1,1,0,2480370.8167290282
911691.9132797144,911757.4165628898,65.50328317540698,0,1,0,911691.9132797144
18261271.01981089,18261662.75996624,391.7401553504169,0,1,0,18261271.01981089
1103001.5846540234,1103087.7899705798,86.20531655638479,1,1,0,1103087.7899705798
909129.627527158,909185.1454958468,55.51796868874226,0,1,0,909129.627527158
4661292.878378823,4661485.771085853,192.89270702935755,1,1,0,4661485.771085853
2765322.901718614,2765307.460800526,-15.44091808795929,0,1,0,2765322.901718614
600886.3911490919,600880.6516037103,-5.739545381627977,0,1,0,600886.3911490919
1007463.4510234176,1007542.2844881701,78.83346475241706,0,1,0,1007463.4510234176
209369.91814784834,209391.95813716657,22.039989318232983,0,1,0,209369.91814784834
314336.0104231434,314354.33301808854,18.322594945144374,0,1,0,314336.0104231434
137441.16501623308,137471.1395672997,29.97455106661073,1,1,0,137471.1395672997
2168299.489557914,2168398.7226088466,99.23305093264207,0,1,0,2168299.489557914
745207.949757806,745284.5086474651,76.55888965912163,1,1,0,745284.5086474651
1875689.3336533802,1875802.5943569602,113.26070357998833,0,1,0,1875689.3336533802
8151091.979372842,8151292.828265798,200.8488929560408,0,1,0,8151091.979372842
344630.39621665515,344674.8175350102,44.42131835507462,0,1,0,344630.39621665515
10713722.137815552,10713916.884137828,194.7463222760707,0,1,0,10713722.137815552
1563225.6622291547,1563275.7233684673,50.06113931257278,1,1,0,1563275.7233684673
2083720.0682891896,2083771.9310150112,51.86272582155652,0,1,0,2083720.0682891896
503992.76184165524,504031.7495004812,38.987658825935796,1,1,0,504031.7495004812
674378.2538219108,674425.0134772687,46.759655357920565,0,1,0,674378.2538219108
30693.293477189567,30704.13789803235,10.84442084278271,1,1,0,30704.13789803235
5408579.412974305,5408699.649334686,120.23636038042605,1,1,0,5408699.649334686
6743459.567150459,6743642.753959941,183.18680948205292,0,1,0,6743459.567150459
750712.3814536578,750781.4182152334,69.03676157561131,1,1,0,750781.4182152334
5871384.695678936,5871435.9129810585,51.21730212215334,0,1,0,5871384.695678936
989072.1185014157,989104.0090899339,31.890588518232107,0,1,0,989072.1185014157
772484.1382946647,772515.8740437909,31.735749126179144,0,1,0,772484.1382946647
911691.9132797144,911750.606735513,58.69345579855144,0,1,0,911691.9132797144
5622931.97593603,5623013.235207098,81.25927106756717,1,1,0,5623013.235207098
729193.054336941,729264.307729662,71.25339272106066,0,1,0,729193.054336941
8752169.209834285,8752268.064563088,98.8547288030386,1,1,0,8752268.064563088
301996.25721334195,302027.2146215957,30.95740825374378,1,1,0,302027.2146215957
1984059.5019844382,1984113.165342162,53.663357723737136,1,1,0,1984113.165342162
7807.629659521402,7811.236827162874,3.607167641472188,1,1,0,7811.236827162874
2053930.2186851925,2053882.9185119332,-47.30017325934023,0,1,0,2053930.2186851925
12923644.440947073,12923961.228828646,316.78788157366216,1,1,0,12923961.228828646
1915519.5202497062,1915591.6732163292,72.15296662296169,1,1,0,1915591.6732163292
228383.38374819365,228412.50961612968,29.12586793603259,0,1,0,228383.38374819365
977831.881083325,977904.1095937587,72.22851043369155,0,1,0,977831.881083325
30693.293477189567,30705.365108051767,12.071630862199527,1,1,0,30705.365108051767
56418645.68427123,56418579.079086624,-66.60518460720778,0,1,0,56418645.68427123
6749905.662706231,6750196.662353916,290.99964768532664,0,1,0,6749905.662706231
1439949.1875428027,1440054.726393665,105.53885086230002,1,1,0,1440054.726393665
20366850.85305102,20367194.7598202,343.90676917880774,0,1,0,20366850.85305102
73557585.94548212,73558422.27746063,836.3319785147905,0,1,0,73557585.94548212
5064724.657256247,5064783.013710719,58.35645447205752,1,1,0,5064783.013710719
485968.6566888086,486006.09075108235,37.43406227376545,1,1,0,486006.09075108235
2613654.8035987765,2613713.0390835945,58.23548481799662,0,1,0,2613654.8035987765
49049533.51043717,49049439.61971179,-93.89072538167238,1,1,0,49049439.61971179
1316327.981716723,1316426.4385229205,98.45680619752966,1,1,0,1316426.4385229205
2666777.8768750248,2666872.378456478,94.50158145325258,0,1,0,2666777.8768750248
1381923.2868618125,1381944.601889114,21.315027301432565,0,1,0,1381923.2868618125
1351533.5000633334,1351632.3877949566,98.88773162313737,0,1,0,1351533.5000633334
5241011.535061381,5241151.9242738625,140.38921248167753,1,1,0,5241151.9242738625
346034.3525447402,346069.2140605093,34.861515769094694,1,1,0,346069.2140605093
10615232.162147047,10615444.147990478,211.98584343120456,0,1,0,10615232.162147047
3441310.012507437,3441424.229926405,114.21741896821186,1,1,0,3441424.229926405
25692355.381078765,25692685.87768057,330.4966018050909,0,1,0,25692355.381078765
839734.2204658395,839782.0445988353,47.82413299579639,1,1,0,839782.0445988353
387553.0629193628,387594.9858642757,41.922944912919775,1,1,0,387594.9858642757
10329396.377408754,10329618.187002232,221.80959347821772,1,1,0,10329618.187002232
1821582.9237183747,1821701.6735664518,118.7498480770737,1,1,0,1821701.6735664518
722691.8754386344,722695.1287229328,3.253284298349172,0,1,0,722691.8754386344
4916904.179045604,4917099.533323662,195.35427805874497,0,1,0,4916904.179045604
9157139.395737441,9157301.820206674,162.4244692325592,1,1,0,9157301.820206674
1546375.4343229784,1546414.898394858,39.464071879629046,1,1,0,1546414.898394858
765840.2459430216,765829.7235786394,-10.522364382166415,1,1,0,765829.7235786394
5539966.703701163,5540078.183265776,111.47956461366266,1,1,0,5540078.183265776
101294.33299043133,101317.22588394048,22.89289350915351,1,1,0,101317.22588394048
642908.6820874109,642978.096828599,69.4147411880549,0,1,0,642908.6820874109
5539966.703701163,5540087.618079471,120.91437830869108,1,1,0,5540087.618079471
3894903.960935407,3895072.873649424,168.91271401708946,1,1,0,3895072.873649424
3847982.6834347625,3848144.3624630086,161.6790282460861,1,1,0,3848144.3624630086
989072.1185014157,989101.0817492653,28.963247849605978,0,1,0,989072.1185014157
217130.62985087992,217134.28048744285,3.65063656293205,1,1,0,217134.28048744285
2855072.0181997186,2855194.9332627067,122.91506298817694,1,1,0,2855194.9332627067
3333185.540455103,3333334.4909662222,148.95051111932844,0,1,0,3333185.540455103
591274.0227204594,591266.2098466692,-7.8128737901570275,0,1,0,591274.0227204594
10950523.461304298,10950800.03553626,276.57423196174204,0,1,0,10950523.461304298
210527.60844440912,210545.600035007,17.991590597870527,1,1,0,210545.600035007
459151.05859247845,459207.6300491965,56.57145671802573,0,1,0,459151.05859247845
1784916.1237034977,1785018.0314699658,101.90776646812446,1,1,0,1785018.0314699658
18261271.01981089,18261621.097941957,350.0781310684979,0,1,0,18261271.01981089
493835.05221289245,493857.84007317136,22.787860278913286,0,1,0,493835.05221289245
22755838.314897653,22756166.891910456,328.5770128034055,1,1,0,22756166.891910456
2950735.829942017,2950845.887766539,110.05782452225685,0,1,0,2950735.829942017
911691.9132797144,911755.554735614,63.641455899574794,0,1,0,911691.9132797144
4968387.499149974,4968581.208240547,193.70909057278186,0,1,0,4968387.499149974
96722057.09540755,96723061.17444472,1004.0790371745825,1,1,0,96723061.17444472
16945967.904154036,16946421.028401326,453.12424729019403,0,1,0,16945967.904154036
9261409.531546298,9261566.22068216,156.68913586251438,0,1,0,9261409.531546298
696512.6474617493,696591.5578004869,78.91033873765264,0,1,0,696512.6474617493
827922.5463209351,827955.0179142476,32.47159331245348,1,1,0,827955.0179142476
345978.3799052984,345975.87991194,-2.4999933583894745,0,1,0,345978.3799052984
10329396.377408754,10329653.195833392,256.81842463836074,1,1,0,10329653.195833392
3544288.316713967,3544455.6615286567,167.34481468982995,1,1,0,3544455.6615286567
456554.533892592,456584.0052751814,29.471382589370478,0,1,0,456554.533892592
1865216.675180399,1865310.5999722257,93.92479182663374,0,1,0,1865216.675180399
553199.9642455443,553236.2296278797,36.265382335404865,0,1,0,553199.9642455443
2311697.886006038,2311696.176035348,-1.7099706903100014,0,1,0,2311697.886006038
152699.9780724618,152718.98588101708,19.007808555295924,1,1,0,152718.98588101708
4672251.772108818,4672372.574211771,120.80210295226425,0,1,0,4672251.772108818
1036435.5005440813,1036526.5692358973,91.06869181594811,0,1,0,1036435.5005440813
164717.0409722319,164742.62297527125,25.5820030393661,0,1,0,164717.0409722319
78215.11988881922,78231.95719514975,16.837306330533465,0,1,0,78215.11988881922
1194718.1911450252,1194769.6618566157,51.47071159048937,1,1,0,1194769.6618566157
12677880.256750485,12678216.207846679,335.95109619386494,1,1,0,12678216.207846679
289238.17066096887,289277.33156419994,39.160903231066186,0,1,0,289238.17066096887
5064724.657256247,5064803.930647892,79.27339164540172,1,1,0,5064803.930647892
932111.6242528124,932149.0087065201,37.38445370772388,0,1,0,932111.6242528124
11092492.727641108,11092762.20593388,269.4782927725464,0,1,0,11092492.727641108
822808.5080977706,822885.007499306,76.49940153537318,1,1,0,822885.007499306
909122.3095161726,909124.5900997694,2.2805835967883468,1,1,0,909124.5900997694
689843.9208080533,689911.8280470785,67.90723902510945,1,1,0,689911.8280470785
1023654.9991617198,1023758.222666852,103.22350513213314,1,1,0,1023758.222666852
78215.11988881922,78232.47309764154,17.35320882232918,0,1,0,78215.11988881922
128287.41712272058,128320.5019598194,33.08483709882421,1,1,0,128320.5019598194
267303.5556422124,267332.6355779803,29.079935767920688,1,1,0,267332.6355779803
1036435.5005440813,1036528.7317702059,93.23122612456791,1,1,0,1036528.7317702059
1141794.5827811563,1141807.6819155372,13.099134380929172,1,1,0,1141807.6819155372
8151091.979372842,8151319.411035402,227.43166255950928,0,1,0,8151091.979372842
307201.8211322222,307233.4374165619,31.61628433968872,1,1,0,307233.4374165619
6508378.248619787,6508657.601914942,279.35329515486956,1,1,0,6508657.601914942
1802819.8107165669,1802943.8786043383,124.067887771409,1,1,0,1802943.8786043383
674378.2538219108,674425.5256139147,47.27179200388491,0,1,0,674378.2538219108
190441.1155331657,190445.95428780786,4.838754642172717,0,1,0,190441.1155331657
10950523.461304298,10950806.701168815,283.2398645170033,0,1,0,10950523.461304298
5241011.535061381,5241195.12759879,183.59253740962595,1,1,0,5241195.12759879
55655.11606647748,55663.764833779496,8.648767302016495,0,1,0,55655.11606647748
1203907.0240311718,1203952.7313919056,45.70736073376611,1,1,0,1203952.7313919056
78215.11988881922,78232.63607679383,17.516187974615605,0,1,0,78215.11988881922
101294.33299043133,101314.87163656321,20.53864613188489,0,1,0,101294.33299043133
480149.34843615216,480163.40184517246,14.053409020300023,0,1,0,480149.34843615216
8715341.999473402,8715587.288608493,245.28913509100676,0,1,0,8715341.999473402
8151091.979372842,8151308.060711414,216.08133857138455,0,1,0,8151091.979372842
7262505.909070471,7262705.73090295,199.82183247897774,1,1,0,7262705.73090295
25615.498348363304,25628.297910185218,12.799561821913812,0,1,0,25615.498348363304
1598176.0004475587,1598304.3059336653,128.3054861065466,1,1,0,1598304.3059336653
453639.64193600364,453672.1190618961,32.47712589247385,0,1,0,453639.64193600364
104332.32990582053,104352.35357939478,20.023673574251006,1,1,0,104352.35357939478
10615232.162147047,10615444.545575606,212.38342855870724,0,1,0,10615232.162147047
4083794.525655386,4083806.8547523674,12.329096981324255,0,1,0,4083794.525655386
18832226.203856435,18832456.643140875,230.43928444013,0,1,0,18832226.203856435
2638739.009628037,2638915.5122969523,176.50266891531646,1,1,0,2638915.5122969523
4875585.86184857,4875709.329761226,123.46791265532374,1,1,0,4875709.329761226
11722140.734803813,11722420.096226757,279.36142294481397,0,1,0,11722140.734803813
5580716.816691661,5580907.224381878,190.40769021678716,1,1,0,5580907.224381878
43531.92772688013,43543.54771257997,11.6199856998428,0,1,0,43531.92772688013
7844340.877169891,7844555.702139628,214.8249697368592,1,1,0,7844555.702139628
284389.25547435007,284404.56286097586,15.307386625790969,0,1,0,284389.25547435007
3333185.540455103,3333325.93138425,140.39092914713547,0,1,0,3333185.540455103
1194718.1911450252,1194769.2618840917,51.0707390664611,0,1,0,1194718.1911450252
6545801.794917186,6546062.909744972,261.1148277865723,0,1,0,6545801.794917186
941397.4118645004,941471.8181656518,74.40630115137901,0,1,0,941397.4118645004
9261409.531546298,9261537.30156502,127.77001872099936,0,1,0,9261409.531546298
956834.1005823506,956893.9902057378,59.889623387134634,0,1,0,956834.1005823506
131032.49230534109,131062.2384436232,29.746138282105676,1,1,0,131062.2384436232
330522.72953870264,330513.9067579088,-8.822780793823767,0,1,0,330522.72953870264
772484.1382946647,772514.4240076973,30.2857130325865,0,1,0,772484.1382946647
1865216.675180399,1865346.341428449,129.66624804981984,0,1,0,1865216.675180399
17258126.75767763,17258457.991702214,331.23402458429337,0,1,0,17258126.75767763
83695.71604461971,83704.67307716761,8.957032547899871,0,1,0,83695.71604461971
9053401.817717794,9053599.737146638,197.91942884400487,0,1,0,9053401.817717794
4282582.57650045,4282766.044088441,183.4675879906863,0,1,0,4282582.57650045
7298310.738218909,7298531.103708111,220.36548920162022,1,1,0,7298531.103708111
5064724.657256247,5064801.599221947,76.94196570012718,1,1,0,5064801.599221947
17258126.75767763,17258427.084162526,300.3264848962426,0,1,0,17258126.75767763
200327.36719258642,200359.51333568763,32.146143101213966,1,1,0,200359.51333568763
857953.4482020778,857987.0770385236,33.62883644585963,1,1,0,857987.0770385236
2536371.36190086,2536513.591918468,142.23001760803163,1,1,0,2536513.591918468
46930.07620902709,46939.36238010207,9.28617107498576,1,1,0,46939.36238010207
5994690.381306537,5994908.269999113,217.88869257550687,0,1,0,5994690.381306537
453639.64193600364,453680.62580774236,40.983871738717426,1,1,0,453680.62580774236
11991389.271983214,11991652.85376133,263.5817781165242,0,1,0,11991389.271983214
5062129.884637326,5062293.385966909,163.50132958311588,1,1,0,5062293.385966909
221592.883482504,221622.16711478203,29.28363227803493,1,1,0,221622.16711478203
1282212.8368828252,1282282.4786587122,69.64177588699386,0,1,0,1282212.8368828252
304624.5451172913,304671.6243732131,47.07925592182437,1,1,0,304671.6243732131
73383.22460362459,73399.07107762458,15.846473999990849,1,1,0,73399.07107762458
488387.15635510045,488455.6682167497,68.51186164922547,0,1,0,488387.15635510045
1197094.166977709,1197158.97753281,64.81055510113947,1,1,0,1197158.97753281
245120.37973896507,245157.1132699954,36.733531030331505,1,1,0,245157.1132699954
4968387.499149974,4968595.69389988,208.1947499057278,0,1,0,4968387.499149974
302522.87517644186,302570.92562817695,48.05045173509279,0,1,0,302522.87517644186
358617.4844571371,358644.88198339223,27.39752625511028,1,1,0,358644.88198339223
21676083.39937474,21676465.26917015,381.8697954118252,0,1,0,21676083.39937474
4026220.8206423842,4026273.807211193,52.9865688085556,1,1,0,4026273.807211193
1760120.702320428,1760244.6801292917,123.97780886362307,0,1,0,1760120.702320428
8479014.152744133,8479248.371878868,234.2191347349435,1,1,0,8479248.371878868
406030.7043884612,406078.6778660875,47.97347762633581,1,1,0,406078.6778660875
6418673.778297663,6418791.669799275,117.89150161202997,1,1,0,6418791.669799275
275300.34936256433,275335.75101245724,35.401649892912246,0,1,0,275300.34936256433
894801.3075319069,894802.4492888928,1.1417569859186187,1,1,0,894802.4492888928
674378.2538219108,674431.3679434586,53.114121547783725,0,1,0,674378.2538219108
603340.1087191155,603375.6925618397,35.583842724212445,1,1,0,603375.6925618397
2666777.8768750248,2666896.780023993,118.90314896823838,0,1,0,2666777.8768750248
3085735.0125213237,3085893.9712155606,158.9586942368187,0,1,0,3085735.0125213237
585368.5946708199,585434.5310011912,65.93633037130348,1,1,0,585434.5310011912
1275862.984669952,1275945.1530804175,82.16841046558693,0,1,0,1275862.984669952
658591.290558868,658665.1762146166,73.88565574865788,1,1,0,658665.1762146166
78215.11988881922,78232.33493990118,17.215051081962883,0,1,0,78215.11988881922
8586157.492501678,8586395.267158242,237.77465656399727,1,1,0,8586395.267158242
247976.16626194798,248006.73250032106,30.566238373081433,0,1,0,247976.16626194798
3791610.099972179,3791722.667729088,112.56775690894574,0,1,0,3791610.099972179
5064724.657256247,5064806.761268567,82.10401232074946,1,1,0,5064806.761268567
2285308.1498761126,2285356.5294374204,48.37956130784005,1,1,0,2285356.5294374204
2422591.3953044866,2422569.510767489,-21.884536997415125,0,1,0,2422591.3953044866
317168.26630533405,317162.1478323581,-6.11847297596978,0,1,0,317168.26630533405
7953926.320246267,7953975.811995265,49.49174899794161,0,1,0,7953926.320246267
2832999.772683674,2833162.691924696,162.91924102185294,0,1,0,2832999.772683674
126040497.34316106,126041551.88970798,1054.546546921134,1,1,0,126041551.88970798
1802819.8107165669,1802920.957925239,101.14720867224969,1,1,0,1802920.957925239
1600210.0058459565,1600305.801571848,95.79572589159943,0,1,0,1600210.0058459565
1023654.9991617198,1023759.18201059,104.18284887017217,1,1,0,1023759.18201059
1847818.0306055099,1847896.3721659973,78.3415604874026,1,1,0,1847896.3721659973
671888.431819917,671958.2177657342,69.78594581712969,1,1,0,671958.2177657342
299775.81630832225,299819.6813641596,43.86505583737744,0,1,0,299775.81630832225
3806815.3492183303,3806863.2684417493,47.91922341892496,1,1,0,3806863.2684417493
6823403.265164597,6823671.425651589,268.16048699244857,0,1,0,6823403.265164597
14064897.145826096,14065123.30920943,226.1633833348751,0,1,0,14064897.145826096
2666777.8768750248,2666894.125754674,116.24887964921072,0,1,0,2666777.8768750248
165437.03380450173,165451.46384610923,14.430041607498424,0,1,0,165437.03380450173
2936238.1745556802,2936353.855303992,115.68074831180274,1,1,0,2936353.855303992
24048926.121432032,24049409.02466873,482.90323669835925,0,1,0,24048926.121432032
26730890.61411587,26731353.46940006,462.85528418794274,0,1,0,26730890.61411587
64889.22133754609,64901.582339613255,12.36100206716219,1,1,0,64901.582339613255
622920.6365021671,622956.2738038056,35.63730163848959,0,1,0,622920.6365021671
3264720.039257336,3264887.027005106,166.98774777026847,1,1,0,3264887.027005106
40801.915232038744,40819.57078932478,17.655557286037947,0,1,0,40801.915232038744
5186102.853918638,5186298.636814715,195.78289607726038,0,1,0,5186102.853918638
21267401.38312578,21267743.398415342,342.01528956368566,0,1,0,21267401.38312578
2474176.223907786,2474303.515274695,127.29136690916494,1,1,0,2474303.515274695
6418673.778297663,6418821.589442242,147.81114457920194,1,1,0,6418821.589442242
21267401.38312578,21267746.491153177,345.1080273985863,0,1,0,21267401.38312578
8703792.266600942,8704091.73472484,299.4681238979101,0,1,0,8703792.266600942
1023162.4888987541,1023172.4054518328,9.916553078684956,0,1,0,1023162.4888987541
523660.91779600066,523665.1062337531,4.188437752425671,0,1,0,523660.91779600066
1058085.8852486974,1058143.5995959216,57.71434722421691,0,1,0,1058085.8852486974
1589807.758968432,1589911.076007784,103.31703935214318,0,1,0,1589807.758968432
7635916.430636806,7636199.880159898,283.4495230913162,0,1,0,7635916.430636806
278731.0403933141,278767.6322273332,36.591834019112866,1,1,0,278767.6322273332
6418673.778297663,6418815.734742378,141.9564447151497,1,1,0,6418815.734742378
3792467.647795351,3792658.2011137567,190.5533184055239,0,1,0,3792467.647795351
745207.949757806,745280.3609645097,72.41120670363307,1,1,0,745280.3609645097
251866.99430029973,251908.68367951148,41.68937921174802,0,1,0,251866.99430029973
111424.94833804708,111448.28624959644,23.337911549358978,0,1,0,111424.94833804708
5186102.853918638,5186281.485597487,178.63167884852737,0,1,0,5186102.853918638
2538430.5795847196,2538536.6606922816,106.08110756194219,1,1,0,2538536.6606922816
304624.5451172913,304676.7976956918,52.2525784005411,0,1,0,304624.5451172913
244271.18646336923,244307.02178262232,35.835319253092166,1,1,0,244307.02178262232
303416.7383330743,303447.206906642,30.468573567690328,1,1,0,303447.206906642
1381923.2868618125,1381956.5740455578,33.287183745298535,0,1,0,1381923.2868618125
3588419.880042036,3588574.1353838956,154.25534185953438,0,1,0,3588419.880042036
16038089.777960837,16038473.329653835,383.55169299803674,1,1,0,16038473.329653835
3369967.3249944835,3370135.157104649,167.83211016561836,0,1,0,3369967.3249944835
67402496.36884588,67403381.6893367,885.320490822196,1,1,0,67403381.6893367
284389.25547435007,284399.04213947366,9.786665123596322,0,1,0,284389.25547435007
278731.0403933141,278771.79955152277,40.75915820867522,1,1,0,278771.79955152277
165437.03380450173,165452.39654521272,15.362740710988874,0,1,0,165437.03380450173
229375.62433883108,229417.37810661236,41.75376778127975,0,1,0,229375.62433883108
1307863.152382908,1307961.582939014,98.43055610614829,0,1,0,1307863.152382908
2053930.2186851925,2053897.3113543254,-32.9073308671359,0,1,0,2053930.2186851925
16945967.904154036,16946321.767320726,353.86316668987274,1,1,0,16946321.767320726
923573.9689023267,923650.7866783298,76.817776003154,0,1,0,923573.9689023267
226432.72782276015,226457.3615845948,24.633761834644247,1,1,0,226457.3615845948
1600210.0058459565,1600307.1898596787,97.18401372223161,0,1,0,1600210.0058459565
622920.6365021671,622951.7202688532,31.08376668614801,0,1,0,622920.6365021671
4661292.878378823,4661454.937003105,162.05862428154796,1,1,0,4661454.937003105
1187614.1943890834,1187656.8625410711,42.668151987716556,0,1,0,1187614.1943890834
1023654.9991617198,1023758.2723370683,103.27317534852773,1,1,0,1023758.2723370683
603340.1087191155,603379.4161034592,39.307384343701415,1,1,0,603379.4161034592
4181973.138940897,4182020.421014111,47.28207321418449,0,1,0,4181973.138940897
1563796.9995148082,1563904.0943734348,107.09485862660222,0,1,0,1563796.9995148082
6315424.572603809,6315594.557435309,169.98483149986714,1,1,0,6315594.557435309
1441571.662447081,1441657.9895659774,86.3271188964136,0,1,0,1441571.662447081
1875689.3336533802,1875811.108145606,121.77449222584255,0,1,0,1875689.3336533802
1546375.4343229784,1546404.1094884875,28.67516550910659,1,1,0,1546404.1094884875
1097625.1657385358,1097703.0970798903,77.93134135450236,0,1,0,1097625.1657385358
1821582.9237183747,1821693.1767726056,110.2530542309396,1,1,0,1821693.1767726056
56418645.68427123,56418633.36917804,-12.31509318947792,0,1,0,56418645.68427123
5762139.825437719,5762258.342088905,118.51665118616074,1,1,0,5762258.342088905
72605.69454856621,72625.07078551892,19.376236952710315,0,1,0,72605.69454856621
94122.05293571614,94146.41814977044,24.36521405429812,0,1,0,94122.05293571614
2168299.489557914,2168404.6969466237,105.20738870976493,0,1,0,2168299.489557914
18832226.203856435,18832407.49360215,181.28974571451545,0,1,0,18832226.203856435
1935007.1763858767,1935084.7270910384,77.55070516164415,1,1,0,1935084.7270910384
848335.1267673018,848403.1106264367,67.98385913483799,0,1,0,848335.1267673018
1935007.1763858767,1935078.6458125268,71.46942665008828,1,1,0,1935078.6458125268
813446.3916675202,813503.6757305184,57.28406299825292,0,1,0,813446.3916675202
4711523.516344199,4711604.945428451,81.42908425163478,1,1,0,4711604.945428451
43564058.15127581,43564255.37384281,197.22256699949503,1,1,0,43564255.37384281
2671494.157679522,2671527.685788899,33.528109377250075,0,1,0,2671494.157679522
463297.2274929145,463367.4455356512,70.21804273669841,1,1,0,463367.4455356512
3441310.012507437,3441442.069420535,132.05691309832036,0,1,0,3441310.012507437
2480242.3376656794,2480361.5267762966,119.18911061715335,1,1,0,2480361.5267762966
5406473.40790688,5406688.719882721,215.31197584141046,1,1,0,5406688.719882721
563470.8148823524,563483.5261702164,12.711287864018232,0,1,0,563470.8148823524
1317559.8390598523,1317600.7579452354,40.91888538305648,1,1,0,1317600.7579452354
5952628.736709481,5952725.551249975,96.81454049423337,0,1,0,5952628.736709481
1186985.7947192837,1187024.4224986604,38.62777937669307,1,1,0,1187024.4224986604
8723.458862928584,8726.263079461998,2.804216533413637,1,1,0,8726.263079461998
2745785.3203164386,2745919.887386227,134.5670697884634,1,1,0,2745919.887386227
11377672.495031105,11378037.68507844,365.19004733487964,1,1,0,11378037.68507844
168473.11384030466,168503.1082376678,29.9943973631307,0,1,0,168473.11384030466
8723.458862928584,8727.006863471312,3.5480005427270953,1,1,0,8727.006863471312
1162802.1547270878,1162875.6524711712,73.49774408340454,1,1,0,1162875.6524711712
4661292.878378823,4661473.838778751,180.96039992757142,1,1,0,4661473.838778751
244271.18646336923,244306.2099485994,35.023485230165534,1,1,0,244306.2099485994
11092492.727641108,11092719.206977535,226.4793364275247,0,1,0,11092492.727641108
1381923.2868618125,1381947.9000346174,24.613172804936767,0,1,0,1381923.2868618125
11023186.761196494,11023330.812099785,144.05090329051018,1,1,0,11023330.812099785
2285308.1498761126,2285368.4284717,60.27859558723867,1,1,0,2285368.4284717
14963045.83630955,14963386.342015268,340.50570571795106,1,1,0,14963386.342015268
229368.04254773862,229407.26119920536,39.218651466740994,0,1,0,229368.04254773862
4711523.516344199,4711585.04625505,61.52991085126996,1,1,0,4711585.04625505
1457967.4212666776,1458061.1497064524,93.7284397748299,1,1,0,1458061.1497064524
173787.50616403052,173825.98583689667,38.47967286614585,0,1,0,173787.50616403052
136808.25456196745,136840.37034763792,32.11578567046672,1,1,0,136840.37034763792
206665.50040455983,206665.8619897855,0.3615852256771177,1,1,0,206665.8619897855
493835.05221289245,493861.0738023734,26.021589480922557,0,1,0,493835.05221289245
866177.023232418,866256.4572181179,79.4339856998995,1,1,0,866256.4572181179
164717.0409722319,164740.1665625749,23.125590342999203,0,1,0,164717.0409722319
7262505.909070471,7262722.607125968,216.69805549643934,1,1,0,7262722.607125968
813446.3916675202,813494.6208970456,48.22922952543013,0,1,0,813446.3916675202
5452030.376131189,5452269.380400388,239.00426919851452,1,1,0,5452269.380400388
642908.6820874109,642978.7634829006,70.08139548962936,0,1,0,642908.6820874109
336499.631565286,336535.0006378588,35.36907257279381,0,1,0,336499.631565286
2666777.8768750248,2666877.88950451,100.01262948522344,0,1,0,2666777.8768750248
378441.4424409296,378461.11275770847,19.67031677888008,0,1,0,378441.4424409296
675412.6365760632,675415.3519899225,2.715413859230466,1,1,0,675415.3519899225
3588419.880042036,3588558.5256353198,138.64559328369796,0,1,0,3588419.880042036
345978.3799052984,345974.31439599866,-4.065509299747646,0,1,0,345978.3799052984
152699.9780724618,152726.2419561328,26.263883671024814,1,1,0,152726.2419561328
5622931.97593603,5622996.147410325,64.17147429473698,0,1,0,5622931.97593603
302522.87517644186,302573.9720137864,51.09683734452119,0,1,0,302522.87517644186
14397904.552325727,14398285.066089725,380.5137639977038,1,1,0,14398285.066089725
152838.99367302624,152855.33716349056,16.343490464321803,1,1,0,152855.33716349056
56996981.189219184,56997904.62148059,923.4322614073753,0,1,0,56996981.189219184
49049533.51043717,49049619.567371264,86.05693409591913,1,1,0,49049619.567371264
6881966.102418847,6882172.032290421,205.92987157404423,1,1,0,6882172.032290421
2950735.829942017,2950841.630069187,105.80012717004865,0,1,0,2950735.829942017
2492497.284461207,2492518.1530967825,20.868635575287044,1,1,0,2492518.1530967825
7613533.53877687,7613742.598405924,209.05962905380875,0,1,0,7613533.53877687
11991389.271983214,11991658.039193312,268.7672100979835,0,1,0,11991389.271983214
8703792.266600942,8704059.012205364,266.7456044219434,0,1,0,8703792.266600942
3806815.3492183303,3806862.7487337114,47.39951538108289,1,1,0,3806862.7487337114
85179.0353196006,85190.08910868663,11.0537890860287,0,1,0,85179.0353196006
699939.25124975,700011.8316840138,72.58043426380027,1,1,0,700011.8316840138
1023162.4888987541,1023164.53755625,2.0486574958777055,0,1,0,1023162.4888987541
8467870.481783658,8468071.713567076,201.23178341798484,1,1,0,8468071.713567076
745207.949757806,745283.0214398426,75.0716820366215,1,1,0,745283.0214398426
1162802.1547270878,1162873.7633449205,71.60861783265136,1,1,0,1162873.7633449205
358611.4795250947,358657.4809978972,46.001472802541684,0,1,0,358611.4795250947
178626.14700197647,178656.8612582099,30.71425623341929,1,1,0,178656.8612582099
745207.949757806,745271.3031405058,63.35338269977365,1,1,0,745271.3031405058
6881966.102418847,6882145.609652713,179.5072338655591,1,1,0,6882145.609652713
2223204.995950113,2223327.8563948865,122.86044477345422,1,1,0,2223327.8563948865
87082154.59149055,87083031.3561435,876.7646529525518,1,1,0,87083031.3561435
765840.2459430216,765814.5813044892,-25.66463853244204,0,1,0,765840.2459430216
813446.3916675202,813497.4039892866,51.0123217664659,0,1,0,813446.3916675202
603340.1087191155,603378.4280352107,38.31931609520689,1,1,0,603378.4280352107
28001689.605240937,28001980.054076925,290.4488359875977,0,1,0,28001689.605240937
830884.2326671011,830903.8177623305,19.58509522944223,1,1,0,830903.8177623305
689843.9208080533,689906.2239328809,62.303124827565625,1,1,0,689906.2239328809
131032.49230534109,131067.7615946862,35.269289345116704,1,1,0,131067.7615946862
1186985.7947192837,1187030.5167711608,44.72205187706277,1,1,0,1187030.5167711608
3039313.474256449,3039464.9579685875,151.4837121386081,0,1,0,3039313.474256449
24048926.121432032,24049321.158010393,395.036578360945,0,1,0,24048926.121432032
448728.62425109005,448729.11114306503,0.4868919749860652,0,1,0,448728.62425109005
689843.9208080533,689914.4478261779,70.5270181245869,1,1,0,689914.4478261779
5408579.412974305,5408683.268510351,103.8555360455066,1,1,0,5408683.268510351
493835.05221289245,493862.84128945565,27.789076563203707,1,1,0,493862.84128945565
3894903.960935407,3895090.232295337,186.2713599302806,1,1,0,3895090.232295337
1307863.152382908,1307969.6875750644,106.53519215644337,0,1,0,1307863.152382908
6508378.248619787,6508636.325741917,258.0771221294999,1,1,0,6508636.325741917
8723.458862928584,8725.953871072967,2.4950081443821546,1,1,0,8725.953871072967
916899.2555327136,916944.1936369461,44.938104232540354,1,1,0,916944.1936369461
6660725.076820481,6660889.627527779,164.55070729833096,1,1,0,6660889.627527779
670039.1966505141,670085.442013676,46.24536316189915,1,1,0,670085.442013676
245120.37973896507,245169.7120197332,49.33228076813975,1,1,0,245169.7120197332
1598176.0004475587,1598310.2285812013,134.22813364258036,1,1,0,1598310.2285812013
848335.1267673018,848403.7583411424,68.63157384062652,0,1,0,848335.1267673018
21267401.38312578,21267683.733130973,282.3500051945448,0,1,0,21267401.38312578
13750062.722413579,13750384.724415777,322.0020021982491,1,1,0,13750384.724415777
7844340.877169891,7844584.203614969,243.32644507754594,1,1,0,7844584.203614969
226432.72782276015,226464.84379995716,32.1159771970124,1,1,0,226464.84379995716
304624.5451172913,304668.8293834496,44.28426615835633,0,1,0,304624.5451172913
1113629.9438749468,1113692.7722578256,62.82838287879713,1,1,0,1113692.7722578256
346247.4032302296,346300.8803693731,53.47713914344786,1,1,0,346300.8803693731
3791610.099972179,3791715.0059540984,104.90598191926256,0,1,0,3791610.099972179
8821145.12749818,8821427.551874159,282.4243759792298,0,1,0,8821145.12749818
64231.42592242637,64246.205195727794,14.779273301421199,1,1,0,64246.205195727794
13750062.722413579,13750360.73019183,298.00777825154364,1,1,0,13750360.73019183
857953.4482020778,857974.3190505912,20.87084851344116,1,1,0,857974.3190505912
15240459.766304024,15240735.95375065,276.18744662590325,0,1,0,15240459.766304024
1656708.0884794807,1656778.2782611372,70.18978165648878,0,1,0,1656708.0884794807
74293.52958226226,74305.11969552469,11.590113262427622,0,1,0,74293.52958226226
322223.1419589453,322253.365914009,30.223955063673202,1,1,0,322253.365914009
4313412.746343347,4313629.033600669,216.28725732211024,0,1,0,4313412.746343347
909129.627527158,909192.1859508569,62.55842369887978,0,1,0,909129.627527158
3308808.053273834,3308967.622076746,159.5688029122539,0,1,0,3308808.053273834
688068.9480252689,688133.3788043709,64.43077910202555,1,1,0,688133.3788043709
1973503.8758253946,1973624.9043218982,121.02849650359713,1,1,0,1973624.9043218982
173787.50616403052,173826.571255371,39.06509134048247,0,1,0,173787.50616403052
26730890.61411587,26731333.295392174,442.6812763027847,0,1,0,26730890.61411587
131032.49230534109,131062.40667968571,29.91437434461841,1,1,0,131062.40667968571
1541966.7414974757,1542071.637612504,104.89611502829939,1,1,0,1542071.637612504
11991389.271983214,11991657.419829352,268.1478461381048,0,1,0,11991389.271983214
1688815.3479957532,1688915.6144929258,100.26649717264809,1,1,0,1688915.6144929258
1036195.9052392339,1036270.4445118777,74.53927264385857,0,1,0,1036195.9052392339
1441571.662447081,1441658.0130117056,86.35056462464854,0,1,0,1441571.662447081
3441310.012507437,3441436.1941942535,126.18168681673706,0,1,0,3441310.012507437
1103001.5846540234,1103080.9143244426,79.32967041921802,1,1,0,1103080.9143244426
2720773.1330530187,2720762.2024455587,-10.930607459973544,1,1,0,2720762.2024455587
2223204.995950113,2223328.8518057074,123.85585559438914,1,1,0,2223328.8518057074
49049533.51043717,49049576.194332466,42.6838952973485,1,1,0,49049576.194332466
697765.5289117917,697817.0681465755,51.539234783733264,1,1,0,697817.0681465755
8533076.474076575,8533370.867503403,294.3934268280864,0,1,0,8533076.474076575
18832226.203856435,18832470.96394884,244.7600924037397,0,1,0,18832226.203856435
385295.7926314155,385349.03327324515,53.24064182967413,0,1,0,385295.7926314155
7613533.53877687,7613759.337586935,225.79881006479263,0,1,0,7613533.53877687
272025.46842776664,272065.9788103667,40.51038260007044,0,1,0,272025.46842776664
40801.915232038744,40819.31728573954,17.402053700796387,0,1,0,40801.915232038744
7635916.430636806,7636165.735035616,249.30439880955964,0,1,0,7635916.430636806
303416.7383330743,303443.82516452257,27.08683144825045,0,1,0,303416.7383330743
780931.9096290685,781030.1203289034,98.21069983497728,0,1,0,780931.9096290685
1320728.2988037765,1320738.3640878925,10.065284115960822,0,1,0,1320728.2988037765
2945495.904935029,2945523.6329191304,27.727984101511538,0,1,0,2945495.904935029
1973503.8758253946,1973618.1649188285,114.28909343387932,1,1,0,1973618.1649188285
317168.26630533405,317151.4613640796,-16.804941254435107,0,1,0,317168.26630533405
2666777.8768750248,2666888.487560701,110.61068567633629,0,1,0,2666777.8768750248
1915519.9963258626,1915590.2545668301,70.2582409675233,1,1,0,1915590.2545668301
3311313.074514458,3311287.841184497,-25.23332996107638,1,1,0,3311287.841184497
3847982.6834347625,3848150.875090156,168.19165539368987,1,1,0,3848150.875090156
2557075.8568376983,2557174.186407279,98.32956958096474,1,1,0,2557174.186407279
26730890.61411587,26731320.006925765,429.3928098939359,0,1,0,26730890.61411587
5204027.1388665065,5204040.64812985,13.509263343177736,0,1,0,5204027.1388665065
4282582.57650045,4282747.690581604,165.1140811536461,0,1,0,4282582.57650045
5241011.535061381,5241157.20707398,145.6720125991851,1,1,0,5241157.20707398
115474675.43179981,115475282.55442555,607.1226257383823,0,1,0,115474675.43179981
5230498.624478682,5230714.676696485,216.05221780296415,1,1,0,5230714.676696485
1266628.4062894674,1266720.6879089498,92.28161948244087,0,1,0,1266628.4062894674
5267397.917790059,5267606.263023725,208.34523366577923,1,1,0,5267606.263023725
5994690.381306537,5994899.296115487,208.91480894945562,0,1,0,5994690.381306537
200327.36719258642,200363.53231783945,36.165125253028236,1,1,0,200363.53231783945
2712093.821702228,2712095.6333913845,1.8116891565732658,0,1,0,2712093.821702228
1203907.0240311718,1203933.558833187,26.534802015172318,1,1,0,1203933.558833187
8586157.492501678,8586389.037716871,231.54521519318223,1,1,0,8586389.037716871
359162.42064649763,359188.9654308391,26.544784341473132,0,1,0,359162.42064649763
1275862.984669952,1275927.9823382208,64.99766826885752,0,1,0,1275862.984669952
1802819.8107165669,1802929.8962464062,110.08552983938716,1,1,0,1802929.8962464062
670039.1966505141,670079.4901011992,40.29345068510156,1,1,0,670079.4901011992
813446.3916675202,813486.028305499,39.636637978837825,0,1,0,813446.3916675202
3912376.8140218644,3912463.0122795575,86.19825769308954,1,1,0,3912463.0122795575
11991389.271983214,11991695.763799544,306.4918163307011,0,1,0,11991389.271983214
6545801.794917186,6545989.827965113,188.03304792754352,0,1,0,6545801.794917186
3396659.1216773177,3396804.528835926,145.40715860854834,0,1,0,3396659.1216773177
776229.1366906383,776319.2305891351,90.09389849682339,1,1,0,776319.2305891351
2422591.3953044866,2422560.3875643145,-31.00774017209187,0,1,0,2422591.3953044866
675412.6365760632,675414.4264375353,1.7898614720907062,1,1,0,675414.4264375353
358611.4795250947,358656.17121158907,44.69168649439234,0,1,0,358611.4795250947
2394563.5366497464,2394656.5848125503,93.04816280398518,1,1,0,2394656.5848125503
1207835.131975527,1207834.84682801,-0.28514751698821783,1,1,0,1207834.84682801
780931.9096290685,781007.9451545608,76.03552549239248,0,1,0,780931.9096290685
4968387.499149974,4968554.0718242545,166.57267428003252,0,1,0,4968387.499149974
57646.90819950932,57664.58553600116,17.677336491840833,0,1,0,57646.90819950932
356358.20952557714,356385.20133765234,26.99181207519723,1,1,0,356385.20133765234
722691.8754386344,722678.4640150121,-13.41142362228129,0,1,0,722691.8754386344
2538430.5795847196,2538522.7827514885,92.20316676888615,1,1,0,2538522.7827514885
221592.883482504,221624.17148190454,31.28799940054887,1,1,0,221624.17148190454
8075314.9467557175,8075464.654724024,149.7079683067277,0,1,0,8075314.9467557175
28653.1627601185,28668.471254311247,15.308494192748185,1,1,0,28668.471254311247
2680034.264666479,2680046.95818041,12.693513930775225,0,1,0,2680034.264666479
2680034.264666479,2680047.6330426256,13.36837614653632,0,1,0,2680034.264666479
275300.34936256433,275331.5034830128,31.154120448452886,0,1,0,275300.34936256433
43531.92772688013,43542.81873584005,10.89100895991578,0,1,0,43531.92772688013
1563796.9995148082,1563904.4868155676,107.48730075941421,0,1,0,1563796.9995148082
17550089.65454335,17550119.474358443,29.81981509178877,0,1,0,17550089.65454335
448728.62425109005,448719.8920829091,-8.732168180926237,0,1,0,448728.62425109005
1536309.656775106,1536380.8870821944,71.23030708846636,1,1,0,1536380.8870821944
3949608.8918481655,3949576.330756177,-32.56109198834747,0,1,0,3949608.8918481655
2249516.706366879,2249622.1176582114,105.41129133244976,1,1,0,2249622.1176582114
1351533.5000633334,1351627.8669428036,94.36687947018072,1,1,0,1351627.8669428036
3768977.678170482,3768943.4205088736,-34.257661608513445,1,1,0,3768943.4205088736
3396659.1216773177,3396772.1619474418,113.04027012409642,0,1,0,3396659.1216773177
26730890.61411587,26731291.39303746,400.77892158925533,0,1,0,26730890.61411587
5064724.657256247,5064827.121337573,102.46408132649958,1,1,0,5064827.121337573
46505.470330402524,46505.45458419283,-0.01574620969768148,1,1,0,46505.45458419283
745720.2629841297,745789.3432077782,69.08022364845965,1,1,0,745789.3432077782
14851905.397995414,14852255.42692552,350.02893010526896,0,1,0,14851905.397995414
6743459.567150459,6743653.179483029,193.61233257036656,0,1,0,6743459.567150459
9901814.963136578,9902046.253535299,231.29039872065187,1,1,0,9902046.253535299
3333185.540455103,3333329.3997560325,143.85930092958733,0,1,0,3333185.540455103
288196.10653092293,288227.77980034304,31.6732694201055,0,1,0,288196.10653092293
5370582.517845528,5370767.889336066,185.37149053812027,1,1,0,5370767.889336066
448728.62425109005,448718.10620047303,-10.518050617014524,0,1,0,448728.62425109005
4444553.441807679,4444718.604661962,165.16285428311676,0,1,0,4444553.441807679
3369967.3249944835,3370130.2118976056,162.88690312206745,0,1,0,3369967.3249944835
2666777.8768750248,2666909.8045737557,131.92769873095676,0,1,0,2666777.8768750248
940814.7458863003,940879.2476129951,64.50172669475432,0,1,0,940814.7458863003
330522.72953870264,330514.16762508685,-8.561913615791127,0,1,0,330522.72953870264
244271.18646336923,244308.0515980606,36.86513469138299,1,1,0,244308.0515980606
3396659.1216773177,3396784.3940458857,125.27236856799573,0,1,0,3396659.1216773177
131032.49230534109,131064.2886176209,31.79631227981008,1,1,0,131064.2886176209
2331084.3004983966,2331139.062625936,54.76212753960863,0,1,0,2331084.3004983966
7926732.763656111,7926925.904431891,193.14077577926219,1,1,0,7926925.904431891
1047750.7149074771,1047816.4305797275,65.71567225037143,0,1,0,1047750.7149074771
541306.8324120705,541327.2416050661,20.40919299563393,1,1,0,541327.2416050661
949446.97900551,949521.1912149385,74.21220942854416,0,1,0,949446.97900551
2046947.6806875272,2047043.4509244743,95.77023694710806,0,1,0,2046947.6806875272
8794922.649638599,8795136.817052213,214.1674136146903,1,1,0,8795136.817052213
143397.80670130212,143426.35564343564,28.54894213352236,1,1,0,143426.35564343564
909122.3095161726,909133.7867923018,11.477276129182428,1,1,0,909133.7867923018
1275862.984669952,1275939.5836089319,76.59893897990696,0,1,0,1275862.984669952
143397.80670130212,143422.03724904428,24.230547742161434,0,1,0,143397.80670130212
13464290.526900984,13464533.157579701,242.63067871704698,0,1,0,13464290.526900984
1141794.5827811563,1141800.4924484626,5.909667306346819,1,1,0,1141800.4924484626
57347.75620794325,57355.94843174797,8.192223804726382,1,1,0,57355.94843174797
3023575.6087595387,3023741.6124172364,166.00365769769996,1,1,0,3023741.6124172364
73383.22460362459,73401.22396403787,17.99936041327601,1,1,0,73401.22396403787
115474675.43179981,115475268.58773555,593.1559357345104,0,1,0,115474675.43179981
15745495.695766272,15745831.111198008,335.41543173603714,0,1,0,15745495.695766272
2276694.8265848635,2276825.4298228584,130.60323799494654,1,1,0,2276825.4298228584
9261969.157809157,9262260.196888711,291.039079554379,0,1,0,9261969.157809157
3588419.880042036,3588551.692331642,131.8122896058485,0,1,0,3588419.880042036
11265012.111761114,11265315.80092353,303.6891624163836,1,1,0,11265315.80092353
503992.76184165524,504037.8293287751,45.06748711987166,0,1,0,503992.76184165524
1935007.1763858767,1935073.9505525967,66.77416671998799,1,1,0,1935073.9505525967
1412557.5132314658,1412618.7716891936,61.258457727730274,1,1,0,1412618.7716891936
8821145.12749818,8821390.456310567,245.32881238684058,0,1,0,8821145.12749818
563470.8148823524,563482.9849575362,12.170075183850713,0,1,0,563470.8148823524
301996.25721334195,302027.4301171392,31.172903797239996,0,1,0,301996.25721334195
210527.60844440912,210542.39817915915,14.789734750025673,1,1,0,210542.39817915915
3894903.960935407,3895072.405787157,168.4448517500423,1,1,0,3895072.405787157
2492497.284461207,2492512.712457297,15.427996089681983,1,1,0,2492512.712457297
603340.1087191155,603381.002350306,40.89363119052723,0,1,0,603340.1087191155
73966.16767497586,73980.1931276138,14.02545263794309,0,1,0,73966.16767497586
932111.6242528124,932160.6374187787,49.0131659663748,0,1,0,932111.6242528124
1186985.7947192837,1187036.578936341,50.78421705728397,1,1,0,1187036.578936341
111840.89129113163,111864.34314676914,23.45185563751147,1,1,0,111864.34314676914
346247.4032302296,346301.7999908868,54.396760657196864,1,1,0,346301.7999908868
218516.57951305184,218535.6343739996,19.054860947770067,1,1,0,218535.6343739996
5186102.853918638,5186269.339494367,166.48557572904974,0,1,0,5186102.853918638
456554.533892592,456580.2180257646,25.684133172617294,0,1,0,456554.533892592
2671494.157679522,2671520.3978859307,26.240206408780068,1,1,0,2671520.3978859307
50491357.451323405,50492068.87427991,711.4229565039277,1,1,0,50492068.87427991
7635916.430636806,7636161.965379384,245.53474257793278,0,1,0,7635916.430636806
1784916.1237034977,1785017.7219490167,101.59824551898055,1,1,0,1785017.7219490167
2950735.829942017,2950848.7846102403,112.95466822339222,0,1,0,2950735.829942017
941397.4118645004,941462.8024988106,65.39063431019895,0,1,0,941397.4118645004
184720.2824123917,184726.41071767185,6.128305280144559,0,1,0,184720.2824123917
3023575.6087595387,3023742.773994656,167.16523511707783,1,1,0,3023742.773994656
1847818.0306055099,1847897.8307568652,79.80015135533176,1,1,0,1847897.8307568652
10713722.137815552,10713901.555088006,179.41727245412767,0,1,0,10713722.137815552
252013.05452287509,252050.8759105568,37.82138768170262,1,1,0,252050.8759105568
7953926.320246267,7953981.968492298,55.64824603125453,0,1,0,7953926.320246267
1802819.8107165669,1802925.0791243361,105.26840776926838,1,1,0,1802925.0791243361
722691.8754386344,722687.1414461614,-4.733992472989485,0,1,0,722691.8754386344
32231.878649484108,32237.41036266965,5.531713185540866,0,1,0,32231.878649484108
67402496.36884588,67403368.24168587,871.872839987278,1,1,0,67403368.24168587
3279649.9915555706,3279791.4151543556,141.42359878495336,1,1,0,3279791.4151543556
1307863.152382908,1307962.363217691,99.21083478303626,0,1,0,1307863.152382908
4102174.2322281725,4102343.235816138,169.00358796538785,0,1,0,4102174.2322281725
3369967.3249944835,3370145.6517708017,178.3267763182521,0,1,0,3369967.3249944835
8302873.858732726,8303059.731630717,185.87289799097925,1,1,0,8303059.731630717
10713722.137815552,10713869.171003055,147.03318750299513,0,1,0,10713722.137815552
3544288.316713967,3544453.8004125073,165.4836985403672,1,1,0,3544453.8004125073
229368.04254773862,229407.76341849493,39.72087075631134,0,1,0,229368.04254773862
1036435.5005440813,1036527.6135455834,92.113001502119,1,1,0,1036527.6135455834
848335.1267673018,848408.0617424907,72.934975188924,0,1,0,848335.1267673018
10160483.823229413,10160695.749207273,211.92597785964608,0,1,0,10160483.823229413
210527.60844440912,210549.5944406593,21.985996250179596,1,1,0,210549.5944406593
284389.25547435007,284403.3170877295,14.061613379453775,0,1,0,284389.25547435007
909122.3095161726,909127.6514633037,5.341947131091729,1,1,0,909127.6514633037
218516.57951305184,218535.09313548787,18.513622436032165,1,1,0,218535.09313548787
200327.36719258642,200359.0693640915,31.702171505079605,1,1,0,200359.0693640915
343316.8376024959,343319.6897413021,2.85213880619267,0,1,0,343316.8376024959
485658.0759866033,485703.4750609636,45.39907436032081,1,1,0,485703.4750609636
2680034.264666479,2680047.6181443883,13.353477909229696,0,1,0,2680034.264666479
4946978.462005302,4947164.91003568,186.44803037773818,1,1,0,4947164.91003568
57347.75620794325,57355.262490429115,7.506282485868724,1,1,0,57355.262490429115
1102547.2567188914,1102621.5854934081,74.32877451670356,0,1,0,1102547.2567188914
55464697.173974074,55465182.22965023,485.0556761547923,0,1,0,55464697.173974074
289238.17066096887,289278.43999016774,40.269329198868945,0,1,0,289238.17066096887
1036195.9052392339,1036269.1099958145,73.20475658064242,0,1,0,1036195.9052392339
696512.6474617493,696578.6505942623,66.00313251302578,1,1,0,696578.6505942623
2735603.9828590783,2735615.50877325,11.52591417171061,1,1,0,2735615.50877325
10950523.461304298,10950830.84841688,307.3871125821024,0,1,0,10950523.461304298
8631952.552181922,8632231.73275771,279.1805757880211,0,1,0,8631952.552181922
953850.1498512649,953849.9630907765,-0.18676048843190074,0,1,0,953850.1498512649
26963577.599322863,26964057.477817822,479.8784949593246,0,1,0,26963577.599322863
363382.5418187947,363372.2881328375,-10.253685957170092,1,1,0,363372.2881328375
3085735.0125213237,3085881.661133686,146.64861236233264,0,1,0,3085735.0125213237
2249516.706366879,2249653.785926249,137.07955936994404,1,1,0,2249653.785926249
4447812.172309932,4447984.3860739535,172.21376402117312,1,1,0,4447984.3860739535
688068.9480252689,688128.7488395947,59.80081432580482,0,1,0,688068.9480252689
128287.41712272058,128315.3386879129,27.92156519231503,1,1,0,128315.3386879129
7844340.877169891,7844598.534703566,257.6575336745009,1,1,0,7844598.534703566
916899.2555327136,916944.51051136,45.254978646407835,1,1,0,916944.51051136
6688005.365227348,6688134.488045485,129.12281813658774,1,1,0,6688134.488045485
11991389.271983214,11991638.20812871,248.93614549562335,1,1,0,11991638.20812871
330522.72953870264,330512.1925988021,-10.536939900543075,0,1,0,330522.72953870264
252013.05452287509,252051.2244099038,38.16988702872186,1,1,0,252051.2244099038
4102174.2322281725,4102365.481065645,191.24883747240528,0,1,0,4102174.2322281725
3588419.880042036,3588584.0886456314,164.20860359538347,1,1,0,3588584.0886456314
1661193.151901767,1661280.4568104916,87.30490872473456,1,1,0,1661280.4568104916
210527.60844440912,210544.7519743275,17.143529918364948,1,1,0,210544.7519743275
10950523.461304298,10950804.506673696,281.04536939784884,0,1,0,10950523.461304298
14064897.145826096,14065139.617472714,242.47164661809802,0,1,0,14064897.145826096
1477879.2613400389,1477987.2349095277,107.97356948885135,1,1,0,1477987.2349095277
73557585.94548212,73558520.71795523,934.7724731117487,0,1,0,73557585.94548212
1162802.1547270878,1162880.3817933023,78.22706621442921,1,1,0,1162880.3817933023
8954391.253223268,8954551.731374294,160.47815102525055,1,1,0,8954551.731374294
1187614.1943890834,1187642.1345142787,27.94012519530952,0,1,0,1187614.1943890834
152699.9780724618,152728.2463151337,28.26824267191114,1,1,0,152728.2463151337
5452030.376131189,5452241.474282511,211.0981513215229,1,1,0,5452241.474282511
178626.14700197647,178658.6803425783,32.533340601832606,1,1,0,178658.6803425783
1912309.9256228476,1912311.1603488105,1.234725962858647,0,1,0,1912309.9256228476
46930.07620902709,46941.206325052925,11.130116025837197,1,1,0,46941.206325052925
8794922.649638599,8795160.97790861,238.32827001065016,1,1,0,8795160.97790861
1477879.2613400389,1478005.8147593515,126.55341931269504,1,1,0,1478005.8147593515
164717.0409722319,164739.19969572185,22.15872348996345,0,1,0,164717.0409722319
958344.2751426427,958396.516999312,52.24185666930862,0,1,0,958344.2751426427
1973503.8758253946,1973635.6275132045,131.75168780982494,1,1,0,1973635.6275132045
1197094.166977709,1197165.0617530297,70.8947753207758,0,1,0,1197094.166977709
11991389.271983214,11991628.170630183,238.8986469693482,1,1,0,11991628.170630183
2945495.904935029,2945530.390457063,34.485522034112364,0,1,0,2945495.904935029
1103001.5846540234,1103097.3164021259,95.73174810246564,1,1,0,1103097.3164021259
371351.76096132013,371381.34329920675,29.582337886618916,0,1,0,371351.76096132013
328891.0801646634,328937.015968356,45.93580369261326,1,1,0,328937.015968356
303416.7383330743,303439.0751711769,22.336838102608453,0,1,0,303416.7383330743
2053930.2186851925,2053908.7827495104,-21.435935682151467,0,1,0,2053930.2186851925
164717.0409722319,164744.59385704444,27.55288481255411,0,1,0,164717.0409722319
399072.6379498997,399133.51989478205,60.88194488233421,1,1,0,399133.51989478205
897267.1000342931,897291.3215642861,24.221529992995784,1,1,0,897291.3215642861
9053401.817717794,9053646.972087549,245.15436975471675,1,1,0,9053646.972087549
221592.883482504,221626.69576942406,33.812286920059705,1,1,0,221626.69576942406
89289.63735968676,89301.79262202431,12.155262337546446,0,1,0,89289.63735968676
2765322.901718614,2765316.485035293,-6.416683321353048,0,1,0,2765322.901718614
8533076.474076575,8533339.556159472,263.0820828974247,0,1,0,8533076.474076575
1376083.2280449374,1376126.9382705234,43.710225586080924,1,1,0,1376126.9382705234
2671494.157679522,2671539.569780995,45.412101473193616,0,1,0,2671494.157679522
125632.45175601031,125647.04740473545,14.595648725138744,1,1,0,125647.04740473545
909122.3095161726,909129.5747668492,7.265250676544383,1,1,0,909129.5747668492
10681598.53702642,10681898.217253126,299.6802267059684,0,1,0,10681598.53702642
877596.8530442578,877642.7122582719,45.859214014024474,1,1,0,877642.7122582719
541306.8324120705,541319.3670481526,12.53463608212769,1,1,0,541319.3670481526
1589807.758968432,1589901.1220061018,93.36303766979836,0,1,0,1589807.758968432
3098711.005350954,3098736.399282453,25.393931499216706,0,1,0,3098711.005350954
152838.99367302624,152854.56174164911,15.568068622873398,1,1,0,152854.56174164911
1477879.2613400389,1477987.6558045032,108.39446446439251,1,1,0,1477987.6558045032
14851905.397995414,14852245.894509478,340.4965140633285,1,1,0,14852245.894509478
4661292.878378823,4661489.182600179,196.30422135535628,1,1,0,4661489.182600179
665220.4480806327,665249.4810596034,29.032978970673867,1,1,0,665249.4810596034
674378.2538219108,674425.5366061152,47.28278420434799,0,1,0,674378.2538219108
8075314.9467557175,8075488.187867714,173.24111199658364,0,1,0,8075314.9467557175
43531.92772688013,43542.799778911154,10.872052031023486,0,1,0,43531.92772688013
10713722.137815552,10713879.188684229,157.05086867697537,0,1,0,10713722.137815552
117464.93800014911,117457.62728278608,-7.310717363026924,1,1,0,117457.62728278608
9261409.531546298,9261555.151103739,145.61955744028091,0,1,0,9261409.531546298
3555873.389357666,3556004.3157608206,130.92640315461904,1,1,0,3556004.3157608206
745207.949757806,745280.0989990162,72.1492412101943,1,1,0,745280.0989990162
3768977.678170482,3768957.7373673813,-19.94080310082063,1,1,0,3768957.7373673813
17258126.75767763,17258433.89468133,307.1370037011802,0,1,0,17258126.75767763
1822872.9967008675,1822980.4772221646,107.4805212970823,1,1,0,1822980.4772221646
1036195.9052392339,1036258.406053881,62.50081464718096,1,1,0,1036258.406053881
3949608.8918481655,3949572.3746714834,-36.5171766821295,0,1,0,3949608.8918481655
603340.1087191155,603384.7049764391,44.59625732363202,1,1,0,603384.7049764391
91302.64300771947,91313.83754720942,11.194539489952149,0,1,0,91302.64300771947
814630.8183530117,814684.7518106566,53.93345764488913,0,1,0,814630.8183530117
1563796.9995148082,1563882.4270304334,85.42751562525518,0,1,0,1563796.9995148082
5186102.853918638,5186285.754500771,182.90058213286102,0,1,0,5186102.853918638
1036435.5005440813,1036517.9401802993,82.43963621801231,1,1,0,1036517.9401802993
7792159.222460343,7792385.5056319935,226.2831716509536,1,1,0,7792385.5056319935
14064897.145826096,14065146.72289322,249.577067123726,0,1,0,14064897.145826096
1915519.9963258626,1915565.4604408524,45.46411498985253,0,1,0,1915519.9963258626
7211805.783904289,7212007.470895684,201.68699139542878,0,1,0,7211805.783904289
117464.93800014911,117454.5631260198,-10.374874129309319,0,1,0,117464.93800014911
221592.883482504,221621.48437993368,28.600897429685574,1,1,0,221621.48437993368
6749905.662706231,6750193.453431189,287.79072495829314,0,1,0,6749905.662706231
15240459.766304024,15240707.166907465,247.40060344152153,0,1,0,15240459.766304024
1185063.0723443073,1185156.5348570077,93.46251270035282,1,1,0,1185156.5348570077
523660.91779600066,523650.7616498354,-10.15614616527455,0,1,0,523660.91779600066
8752169.209834285,8752279.645848919,110.43601463362575,1,1,0,8752279.645848919
137441.16501623308,137468.57428867303,27.409272439952474,1,1,0,137468.57428867303
12780260.198375776,12780475.868195953,215.6698201764375,0,1,0,12780260.198375776
136808.25456196745,136842.10449619705,33.84993422959815,1,1,0,136842.10449619705
1399779.3856301678,1399858.3169643139,78.93133414606564,1,1,0,1399858.3169643139
8479014.152744133,8479246.92173227,232.7689881362021,1,1,0,8479246.92173227
1103001.5846540234,1103082.596955759,81.01230173557997,1,1,0,1103082.596955759
4996969.950179521,4997148.2694649035,178.31928538251668,0,1,0,4996969.950179521
3434239.499741499,3434344.4585107965,104.95876929769292,1,1,0,3434344.4585107965
837258.492534493,837346.4864639059,87.99392941291444,1,1,0,837346.4864639059
142964.98354033005,142967.7947444926,2.811204162542708,1,1,0,142967.7947444926
3949608.8918481655,3949557.258037505,-51.63381066033617,0,1,0,3949608.8918481655
142964.98354033005,142970.0979317009,5.114391370851081,1,1,0,142970.0979317009
8970744.4865961,8970984.877063865,240.39046776480973,0,1,0,8970744.4865961
18261271.01981089,18261656.536912065,385.5171011760831,0,1,0,18261271.01981089
8605830.666446242,8606061.665908545,230.9994623027742,1,1,0,8606061.665908545
271261.56384734716,271304.9854045644,43.4215572172543,1,1,0,271304.9854045644
152838.99367302624,152858.56773877697,19.57406575072673,1,1,0,152858.56773877697
7613533.53877687,7613734.915429552,201.37665268220007,1,1,0,7613734.915429552
244271.18646336923,244312.0824488354,40.89598546616617,1,1,0,244312.0824488354
2613654.8035987765,2613749.686274321,94.88267554435879,1,1,0,2613749.686274321
57347.75620794325,57357.32581544672,9.56960750347207,1,1,0,57357.32581544672
764282.5472246957,764311.109654998,28.562430302379653,0,1,0,764282.5472246957
137441.16501623308,137471.44987072764,30.284854494559113,1,1,0,137471.44987072764
5339509.742037672,5339500.890038152,-8.851999519392848,0,1,0,5339509.742037672
745720.2629841297,745795.2063624483,74.94337831856683,1,1,0,745795.2063624483
418786.4926461767,418854.022373469,67.52972729230532,0,1,0,418786.4926461767
1661193.151901767,1661270.2034460998,77.0515443328768,1,1,0,1661270.2034460998
1704614.2016440798,1704629.3456977892,15.144053709460422,0,1,0,1704614.2016440798
4875585.86184857,4875693.457782897,107.59593432676047,1,1,0,4875693.457782897
206665.50040455983,206664.08845300402,-1.4119515558122657,1,1,0,206664.08845300402
51766.28039870045,51776.5380239243,10.257625223850482,0,1,0,51766.28039870045
8794922.649638599,8795142.423297761,219.77365916222334,1,1,0,8795142.423297761
358617.4844571371,358644.95117550605,27.466718368930742,1,1,0,358644.95117550605
83695.71604461971,83705.94060568904,10.224561069335323,0,1,0,83695.71604461971
55464697.173974074,55465112.86341713,415.6894430592656,0,1,0,55464697.173974074
330522.72953870264,330517.27532005095,-5.454218651691917,0,1,0,330522.72953870264
3264720.039257336,3264879.033435837,158.9941785009578,1,1,0,3264879.033435837
813446.3916675202,813490.4435736965,44.05190617637709,0,1,0,813446.3916675202
317168.26630533405,317156.27872791054,-11.987577423511539,0,1,0,317168.26630533405
509093.49435175816,509137.1073328294,43.612981071230024,0,1,0,509093.49435175816
837258.492534493,837351.2938386456,92.80130415258463,1,1,0,837351.2938386456
612765.4293915267,612808.4900755291,43.06068400235381,0,1,0,612765.4293915267
1376083.2280449374,1376149.498881046,66.270836108597,1,1,0,1376149.498881046
96722057.09540755,96722988.87413216,931.7787246108055,1,1,0,96722988.87413216
8467870.481783658,8468055.854346428,185.37256276980042,1,1,0,8468055.854346428
5539966.703701163,5540060.026038513,93.32233734987676,1,1,0,5540060.026038513
868505.3979378896,868581.5333923998,76.13545451022219,0,1,0,868505.3979378896
1813492.0785892464,1813571.463528139,79.38493889267556,0,1,0,1813492.0785892464
2046947.6806875272,2047051.3819475265,103.70125999930315,0,1,0,2046947.6806875272
4661292.878378823,4661492.139627692,199.2612488688901,1,1,0,4661492.139627692
56418645.68427123,56418765.80911198,120.12484075129032,0,1,0,56418645.68427123
2538430.5795847196,2538509.7157768738,79.13619215413928,1,1,0,2538509.7157768738
716912.0076669466,716981.1058963916,69.09822944493499,1,1,0,716981.1058963916
9901814.963136578,9902045.286500515,230.32336393743753,1,1,0,9902045.286500515
209369.91814784834,209392.06178943103,22.14364158269018,0,1,0,209369.91814784834
1207835.131975527,1207844.0182009905,8.886225463589653,1,1,0,1207844.0182009905
3912376.8140218644,3912475.9497628463,99.13574098190293,1,1,0,3912475.9497628463
1915519.5202497062,1915584.6137703143,65.09352060803212,1,1,0,1915584.6137703143
765840.2459430216,765827.6699117491,-12.576031272532418,0,1,0,765840.2459430216
752209.8151967054,752278.5342748538,68.71907814836595,0,1,0,752209.8151967054
56418645.68427123,56418750.10560731,104.42133607715368,0,1,0,56418645.68427123
8075314.9467557175,8075463.283861056,148.3371053384617,0,1,0,8075314.9467557175
1068098.8974435492,1068167.7689897902,68.87154624098912,0,1,0,1068098.8974435492
6743459.567150459,6743654.377785735,194.81063527613878,0,1,0,6743459.567150459
788281.9966175453,788361.8233402024,79.82672265719157,1,1,0,788361.8233402024
16945967.904154036,16946411.93155053,444.02739649266005,0,1,0,16945967.904154036
697765.5289117917,697829.4211292443,63.892217452521436,1,1,0,697829.4211292443
194623.6277590105,194650.80759536912,27.1798363586131,0,1,0,194623.6277590105
9261409.531546298,9261547.76218497,138.23063867166638,0,1,0,9261409.531546298
716912.0076669466,716980.1814990701,68.17383212351706,1,1,0,716980.1814990701
579185.212373264,579229.1149517733,43.90257850929629,1,1,0,579229.1149517733
184720.2824123917,184719.0672676116,-1.2151447801152244,0,1,0,184720.2824123917
89289.63735968676,89298.0936317816,8.456272094830638,0,1,0,89289.63735968676
8075314.9467557175,8075472.718526151,157.77177043352276,0,1,0,8075314.9467557175
10160483.823229413,10160732.113533733,248.29030431993306,1,1,0,10160732.113533733
5186102.853918638,5186256.208089877,153.35417123883963,0,1,0,5186102.853918638
949446.97900551,949520.8788098953,73.89980438526254,0,1,0,949446.97900551
321945.96354026685,321985.19167600153,39.22813573468011,1,1,0,321985.19167600153
13750062.722413579,13750329.082789958,266.3603763785213,1,1,0,13750329.082789958
3085735.0125213237,3085895.2885724623,160.2760511385277,0,1,0,3085735.0125213237
1973503.8758253946,1973624.4734513669,120.59762597223744,0,1,0,1973503.8758253946
2538430.5795847196,2538518.077789404,87.49820468435064,1,1,0,2538518.077789404
612765.4293915267,612816.1011827472,50.67179122043308,0,1,0,612765.4293915267
1784916.1237034977,1785010.2440823452,94.12037884746678,1,1,0,1785010.2440823452
2529364.595708025,2529518.84041558,154.24470755504444,1,1,0,2529518.84041558
1266628.4062894674,1266724.1835516677,95.77726220036857,0,1,0,1266628.4062894674
670039.1966505141,670083.0727409895,43.87609047535807,1,1,0,670083.0727409895
16142476.34821393,16142441.713222165,-34.63499176502228,1,1,0,16142441.713222165
3847982.6834347625,3848136.8374327472,154.1539979847148,1,1,0,3848136.8374327472
128287.41712272058,128318.016531381,30.599408660418703,1,1,0,128318.016531381
83695.71604461971,83705.31098902905,9.594944409342133,1,1,0,83705.31098902905
1563796.9995148082,1563918.0703783764,121.07086356822401,0,1,0,1563796.9995148082
2886472.6845166525,2886573.7518790527,101.06736240023747,0,1,0,2886472.6845166525
194623.6277590105,194656.02229899357,32.39453998306999,0,1,0,194623.6277590105
148937.9423668604,148972.38236369047,34.43999683007132,0,1,0,148937.9423668604
1128315.197364823,1128396.6173332909,81.41996846790425,0,1,0,1128315.197364823
1275862.984669952,1275939.0347396142,76.05006966227666,0,1,0,1275862.984669952
8151091.979372842,8151316.334151868,224.35477902553976,0,1,0,8151091.979372842
14851905.397995414,14852261.745061679,356.34706626459956,0,1,0,14851905.397995414
117464.93800014911,117461.84317941837,-3.0948207307374105,1,1,0,117461.84317941837
764282.5472246957,764308.8022079106,26.25498321489431,0,1,0,764282.5472246957
600886.3911490919,600881.1854123175,-5.205736774369143,0,1,0,600886.3911490919
8533076.474076575,8533350.723882215,274.24980564042926,0,1,0,8533076.474076575
275300.34936256433,275335.96895593347,35.619593369134236,0,1,0,275300.34936256433
5241011.535061381,5241180.553592089,169.01853070780635,1,1,0,5241180.553592089
488387.15635510045,488441.0095517102,53.85319660976529,0,1,0,488387.15635510045
503992.76184165524,504024.0144993487,31.252657693461515,1,1,0,504024.0144993487
56996981.189219184,56997761.10699288,779.9177736938,0,1,0,56996981.189219184
5339509.742037672,5339472.721018568,-37.02101910393685,0,1,0,5339509.742037672
47228.480858625044,47241.02629445065,12.545435825602908,0,1,0,47228.480858625044
557160.69466777,557211.2222567206,50.52758895070292,1,1,0,557211.2222567206
26760882.45029559,26760929.569840956,47.11954536661506,1,1,0,26760929.569840956
10615232.162147047,10615449.152230332,216.99008328467607,0,1,0,10615232.162147047
13750062.722413579,13750416.126564257,353.4041506778449,1,1,0,13750416.126564257
43531.92772688013,43546.36074976174,14.433022881610668,0,1,0,43531.92772688013
2268718.843122812,2268823.9112576367,105.06813482474536,1,1,0,2268823.9112576367
2422591.3953044866,2422573.5676700342,-17.827634452376515,0,1,0,2422591.3953044866
4274019.019492431,4274163.267588512,144.24809608142823,1,1,0,4274163.267588512
4447812.172309932,4447976.050253283,163.8779433509335,1,1,0,4447976.050253283
1275862.984669952,1275947.439866488,84.4551965361461,0,1,0,1275862.984669952
3696291.842546434,3696376.4615455177,84.61899908352643,0,1,0,3696291.842546434
914801.2580343555,914845.1542679997,43.89623364422005,0,1,0,914801.2580343555
301996.25721334195,302031.2619637776,35.00475043564802,0,1,0,301996.25721334195
330522.72953870264,330517.4842379615,-5.245300741167739,0,1,0,330522.72953870264
708463.4910896679,708495.8829355101,32.39184584224131,1,1,0,708495.8829355101
363382.5418187947,363363.7281676745,-18.813651120173745,1,1,0,363363.7281676745
459151.05859247845,459209.78058514843,58.721992669976316,0,1,0,459151.05859247845
270228.08370277245,270273.4887009475,45.40499817504315,0,1,0,270228.08370277245
1141794.5827811563,1141785.0542323214,-9.528548834845424,1,1,0,1141785.0542323214
96967.17098822602,96986.60799657984,19.43700835382333,1,1,0,96986.60799657984
400498901.1523009,400500317.244294,1416.0919930934906,0,1,0,400498901.1523009
57646.90819950932,57664.9287264298,18.020526920474367,0,1,0,57646.90819950932
557403.996639694,557470.019147118,66.02250742400065,0,1,0,557403.996639694
1186985.7947192837,1187037.4903082054,51.69558892166242,1,1,0,1187037.4903082054
65432610.961475864,65433167.02817078,556.0666949152946,1,1,0,65433167.02817078
4473199.5163095435,4473393.9005614715,194.38425192795694,1,1,0,4473393.9005614715
26963577.599322863,26964067.687993463,490.08867060020566,0,1,0,26963577.599322863
17550089.65454335,17550058.507201534,-31.147341817617416,0,1,0,17550089.65454335
958344.2751426427,958384.6190604052,40.34391776251141,0,1,0,958344.2751426427
13437013.420561148,13437246.958794042,233.53823289461434,0,1,0,13437013.420561148
72605.69454856621,72630.79402558046,25.09947701424244,0,1,0,72605.69454856621
727558.0228634931,727569.935240812,11.912377318949439,0,1,0,727558.0228634931
85179.0353196006,85189.2050275708,10.169707970198942,1,1,0,85189.2050275708
190441.1155331657,190445.68614543113,4.570612265437376,0,1,0,190441.1155331657
2886472.6845166525,2886586.3166926624,113.63217600993812,0,1,0,2886472.6845166525
387553.0629193628,387596.43232820736,43.36940884456271,1,1,0,387596.43232820736
8631952.552181922,8632205.963224234,253.41104231216013,0,1,0,8631952.552181922
911691.9132797144,911761.8406488402,69.92736912576947,0,1,0,911691.9132797144
894801.3075319069,894800.5241839942,-0.7833479127148166,1,1,0,894800.5241839942
345978.3799052984,345978.58334265935,0.20343736093491316,0,1,0,345978.3799052984
2557075.8568376983,2557155.8725085305,80.01567083224654,1,1,0,2557155.8725085305
696512.6474617493,696582.1371734923,69.48971174308099,0,1,0,696512.6474617493
658591.290558868,658650.6591071772,59.36854830919765,1,1,0,658650.6591071772
1495724.9919334848,1495833.4719807992,108.4800473144278,0,1,0,1495724.9919334848
188776.47087672603,188800.85552191612,24.38464519008994,0,1,0,188776.47087672603
352557.6165754301,352605.74983925774,48.13326382765081,1,1,0,352605.74983925774
1203907.0240311718,1203941.7686967372,34.74466556543484,1,1,0,1203941.7686967372
328891.0801646634,328946.8948071977,55.81464253430022,1,1,0,328946.8948071977
4444553.441807679,4444729.232735752,175.7909280732274,0,1,0,4444553.441807679
91302.64300771947,91315.03198855705,12.388980837582494,0,1,0,91302.64300771947
10625645.635420606,10625673.510906419,27.875485813245177,0,1,0,10625645.635420606
417793.1975898323,417839.27789052547,46.08030069316737,1,1,0,417839.27789052547
689843.9208080533,689911.3239305628,67.40312250948045,1,1,0,689911.3239305628
2933647.5304894857,2933810.177551934,162.64706244831905,1,1,0,2933810.177551934
7613533.53877687,7613757.304516997,223.7657401273027,1,1,0,7613757.304516997
73383.22460362459,73397.07721631057,13.852612685979693,1,1,0,73397.07721631057
837258.492534493,837359.2779139744,100.78537948138546,1,1,0,837359.2779139744
2945495.904935029,2945502.1441037487,6.239168719854206,0,1,0,2945495.904935029
18378690.41092002,18378899.62294987,209.21202984824777,1,1,0,18378899.62294987
29222551.020591423,29222958.589106195,407.5685147717595,0,1,0,29222551.020591423
1821582.9237183747,1821698.4641534842,115.54043510952033,0,1,0,1821582.9237183747
658591.290558868,658656.4371174347,65.14655856671743,1,1,0,658656.4371174347
8631952.552181922,8632249.493095817,296.94091389514506,0,1,0,8631952.552181922
1598176.0004475587,1598301.1952804485,125.19483288982883,0,1,0,1598176.0004475587
43531.92772688013,43545.55638858123,13.62866170109919,1,1,0,43545.55638858123
2680034.264666479,2680059.639674288,25.375007809139788,1,1,0,2680059.639674288
7792159.222460343,7792395.66631117,236.44385082740337,1,1,0,7792395.66631117
229368.04254773862,229408.31861553492,40.27606779630878,0,1,0,229368.04254773862
1457967.4212666776,1458059.980457119,92.55919044138864,1,1,0,1458059.980457119
923573.9689023267,923649.4752455881,75.50634326145519,0,1,0,923573.9689023267
1097625.1657385358,1097704.9040606928,79.7383221569471,1,1,0,1097704.9040606928
2900698.744359983,2900851.514216565,152.76985658193007,1,1,0,2900851.514216565
104332.32990582053,104351.45241390476,19.122508084226865,1,1,0,104351.45241390476
6797015.160596746,6797233.1710104365,218.01041369047016,1,1,0,6797233.1710104365
4880653.444225869,4880787.261997705,133.81777183618397,0,1,0,4880653.444225869
1023654.9991617198,1023749.9763702801,94.97720856033266,1,1,0,1023749.9763702801
363382.5418187947,363355.80014066555,-26.74167812912492,1,1,0,363355.80014066555
1704614.2016440798,1704623.6577125688,9.456068489002064,0,1,0,1704614.2016440798
78215.11988881922,78232.28996192952,17.170073110304656,0,1,0,78215.11988881922
67402496.36884588,67403356.14313047,859.7742845863104,1,1,0,67403356.14313047
188776.47087672603,188808.28696621812,31.816089492087485,0,1,0,188776.47087672603
2538430.5795847196,2538526.7740605427,96.19447582308203,1,1,0,2538526.7740605427
1016158.3063639353,1016244.040238099,85.73387416370679,1,1,0,1016244.040238099
505635.0293831093,505627.80992326065,-7.2194598486530595,1,1,0,505627.80992326065
247976.16626194798,248010.45662791675,34.290365968772676,0,1,0,247976.16626194798
148937.9423668604,148977.3836558272,39.44128896680195,0,1,0,148937.9423668604
2083720.0682891896,2083745.1830447817,25.114755592076108,0,1,0,2083720.0682891896
488387.15635510045,488448.6151171966,61.4587620961247,0,1,0,488387.15635510045
2474176.223907786,2474260.0314290263,83.80752124032006,1,1,0,2474260.0314290263
270228.08370277245,270273.928039056,45.84433628356783,1,1,0,270273.928039056
358611.4795250947,358657.9089239591,46.42939886444947,0,1,0,358611.4795250947
2735768.0686973715,2735794.5469706473,26.478273275773972,0,1,0,2735768.0686973715
813446.3916675202,813494.0333806172,47.641713096993044,0,1,0,813446.3916675202
6950417.938389312,6950686.935981755,268.9975924436003,0,1,0,6950417.938389312
89289.63735968676,89300.96421285292,11.326853166159708,0,1,0,89289.63735968676
3369967.3249944835,3370131.5798817826,164.2548872991465,0,1,0,3369967.3249944835
949446.97900551,949534.6363119555,87.65730644552968,0,1,0,949446.97900551
2832999.772683674,2833149.747304838,149.9746211641468,0,1,0,2832999.772683674
5064724.657256247,5064805.3709858935,80.71372964698821,1,1,0,5064805.3709858935
752209.8151967054,752291.7635134455,81.94831674010493,0,1,0,752209.8151967054
10160483.823229413,10160676.808246072,192.98501665890217,1,1,0,10160676.808246072
1821582.9237183747,1821700.836251982,117.9125336073339,0,1,0,1821582.9237183747
642908.6820874109,642972.1162679922,63.43418058124371,1,1,0,642972.1162679922
2422591.3953044866,2422577.6356597217,-13.759644764941186,0,1,0,2422591.3953044866
101897.88252210115,101914.09228430635,16.209762205195148,1,1,0,101914.09228430635
459151.05859247845,459213.0874427755,62.028850297036115,0,1,0,459151.05859247845
1915519.9963258626,1915572.9220898692,52.92576400656253,0,1,0,1915519.9963258626
2168299.489557914,2168387.964389387,88.4748314730823,0,1,0,2168299.489557914
4055070.806936847,4055178.450097363,107.6431605159305,1,1,0,4055178.450097363
9901814.963136578,9902088.344017971,273.3808813933283,1,1,0,9902088.344017971
1197094.166977709,1197159.3295077402,65.16253003128804,0,1,0,1197094.166977709
358617.4844571371,358641.8584125732,24.373955436050892,1,1,0,358641.8584125732
304624.5451172913,304668.20154405996,43.656426768691745,0,1,0,304624.5451172913
314336.0104231434,314360.47106869,24.460645546612795,0,1,0,314336.0104231434
62389292.437461406,62390108.774216,816.3367545977235,1,1,0,62390108.774216
3696291.842546434,3696389.35089891,97.50835247570649,0,1,0,3696291.842546434
10950523.461304298,10950814.008345796,290.5470414981246,0,1,0,10950523.461304298
2712093.821702228,2712102.9460960953,9.124393867328763,0,1,0,2712093.821702228
658591.290558868,658663.5728454512,72.28228658321314,1,1,0,658663.5728454512
1036195.9052392339,1036255.949108535,60.043869301094674,0,1,0,1036195.9052392339
3949608.8918481655,3949586.2877548817,-22.604093283880502,0,1,0,3949608.8918481655
13750062.722413579,13750409.23827727,346.5158636905253,0,1,0,13750062.722413579
2168299.489557914,2168407.6243217993,108.13476388528943,0,1,0,2168299.489557914
3918474.65856107,3918630.5432251445,155.8846640745178,1,1,0,3918630.5432251445
4447812.172309932,4447986.568244854,174.39593492168933,1,1,0,4447986.568244854
358194.08558782935,358196.34847470705,2.262886877695564,1,1,0,358196.34847470705
73966.16767497586,73983.43401015404,17.26633517818118,0,1,0,73966.16767497586
1886146.6727193943,1886261.575472252,114.90275285765529,0,1,0,1886146.6727193943
3311313.074514458,3311300.8621986755,-12.212315782438964,1,1,0,3311300.8621986755
953850.1498512649,953850.8207380201,0.6708867552224547,0,1,0,953850.1498512649
1194718.1911450252,1194773.4375448464,55.246399821247905,0,1,0,1194718.1911450252
7298310.738218909,7298561.365511262,250.62729235272855,1,1,0,7298561.365511262
16038089.777960837,16038518.25383597,428.4758751336485,1,1,0,16038518.25383597
24552.494452140556,24565.88283504562,13.388382905064645,0,1,0,24552.494452140556
5622931.97593603,5622975.960385131,43.98444910068065,1,1,0,5622975.960385131
316679.49738564814,316711.51924063667,32.02185498853214,0,1,0,316679.49738564814
10713722.137815552,10713917.835456183,195.6976406313479,0,1,0,10713722.137815552
1704614.2016440798,1704613.972736805,-0.22890727478079498,0,1,0,1704614.2016440798
585368.5946708199,585432.4601675305,63.865496710524894,1,1,0,585432.4601675305
125632.45175601031,125644.44224504993,11.990489039613749,1,1,0,125644.44224504993
3744182.7553873705,3744311.852906834,129.09751946339384,0,1,0,3744182.7553873705
83695.71604461971,83709.2008762316,13.484831611887785,1,1,0,83709.2008762316
1438682.1837841508,1438760.4756419081,78.29185775737278,1,1,0,1438760.4756419081
956834.1005823506,956900.5341927952,66.43361044453923,0,1,0,956834.1005823506
194734.60515268476,194726.333083338,-8.272069346770877,1,1,0,194726.333083338
278731.0403933141,278768.236893667,37.19650035293307,1,1,0,278768.236893667
1282212.8368828252,1282274.8010333471,61.96415052190423,1,1,0,1282274.8010333471
164717.0409722319,164741.56534494038,24.524372708488954,0,1,0,164717.0409722319
28001689.605240937,28001912.824970294,223.21972935646772,1,1,0,28001912.824970294
359162.42064649763,359204.4058889565,41.98524245887529,0,1,0,359162.42064649763
500201.74121300003,500233.91149698594,32.17028398590628,1,1,0,500233.91149698594
591274.0227204594,591272.3530465013,-1.6696739580947906,0,1,0,591274.0227204594
250623.49383776874,250662.68498911482,39.191151346080005,1,1,0,250662.68498911482
1943651.7492579352,1943723.576693811,71.82743587577716,1,1,0,1943723.576693811
8703792.266600942,8704038.958935423,246.69233448058367,0,1,0,8703792.266600942
699939.25124975,700018.9806089393,79.72935918928124,0,1,0,699939.25124975
6107213.594303567,6107445.763256558,232.16895299125463,1,1,0,6107445.763256558
1661193.151901767,1661268.1424891006,74.99058733368292,1,1,0,1661268.1424891006
987904.3090745586,987982.9188235983,78.60974903975148,1,1,0,987982.9188235983
4026220.8206423842,4026279.2949702293,58.47432784503326,1,1,0,4026279.2949702293
1207835.131975527,1207855.3744669287,20.242491401731968,1,1,0,1207855.3744669287
1266628.4062894674,1266733.4539646218,105.04767515440471,0,1,0,1266628.4062894674
18136105.88351695,18136192.902384497,87.01886754855514,0,1,0,18136105.88351695
8302873.858732726,8303061.7606117185,187.9018789920956,0,1,0,8302873.858732726
6881966.102418847,6882176.044520269,209.94210142176598,1,1,0,6882176.044520269
22755838.314897653,22756172.56834628,334.25344862788916,1,1,0,22756172.56834628
78215.11988881922,78230.54437114514,15.424482325921417,0,1,0,78215.11988881922
987904.3090745586,987978.2737089157,73.96463435713667,1,1,0,987978.2737089157
194734.60515268476,194722.96312622342,-11.64202646134072,1,1,0,194722.96312622342
1128315.197364823,1128402.3714820347,87.17411721171811,0,1,0,1128315.197364823
1023162.4888987541,1023145.4084912164,-17.080407537752762,0,1,0,1023162.4888987541
226432.72782276015,226458.21494367757,25.487120917416178,1,1,0,226458.21494367757
3085735.0125213237,3085913.745574725,178.73305340111256,1,1,0,3085913.745574725
485968.6566888086,486009.4468817033,40.79019289469579,1,1,0,486009.4468817033
3308808.053273834,3308977.4232448135,169.36997097963467,0,1,0,3308808.053273834
4880653.444225869,4880765.059694126,111.61546825710684,0,1,0,4880653.444225869
488387.15635510045,488440.5355242648,53.379169164341874,0,1,0,488387.15635510045
940814.7458863003,940882.4831422082,67.73725590785034,0,1,0,940814.7458863003
6107213.594303567,6107466.717295711,253.12299214396626,1,1,0,6107466.717295711
5925319.265898995,5925472.223098619,152.95719962380826,0,1,0,5925319.265898995
6267293.101332681,6267435.727991884,142.62665920238942,0,1,0,6267293.101332681
7953926.320246267,7953957.075057893,30.754811625927687,0,1,0,7953926.320246267
46505.470330402524,46502.72084991977,-2.749480482751096,1,1,0,46502.72084991977
2680034.264666479,2680066.543243269,32.278576789889485,1,1,0,2680066.543243269
314336.0104231434,314354.9265915169,18.91616837348556,0,1,0,314336.0104231434
188776.47087672603,188801.54593469133,25.075057965295855,0,1,0,188776.47087672603
184720.2824123917,184724.6627164274,4.380304035701556,0,1,0,184720.2824123917
989072.1185014157,989097.3420084771,25.223507061367854,0,1,0,989072.1185014157
1541966.7414974757,1542052.8032411349,86.06174365920015,1,1,0,1542052.8032411349
29222551.020591423,29222989.15464894,438.1340575180948,0,1,0,29222551.020591423
4026220.8206423842,4026270.9620556445,50.141413260251284,1,1,0,4026270.9620556445
257622.0217765094,257656.05222334107,34.03044683166081,0,1,0,257622.0217765094
117464.93800014911,117457.17952269081,-7.7584774582937825,1,1,0,117457.17952269081
2474176.223907786,2474305.301372192,129.0774644059129,1,1,0,2474305.301372192
11023186.761196494,11023339.088405063,152.32720856927335,1,1,0,11023339.088405063
5994690.381306537,5994927.854722837,237.47341629955918,1,1,0,5994927.854722837
894801.3075319069,894792.3323167455,-8.975215161335655,1,1,0,894792.3323167455
406030.7043884612,406078.66929815226,47.964909691072535,0,1,0,406030.7043884612
304624.5451172913,304677.38063487434,52.835517583065666,0,1,0,304624.5451172913
321945.96354026685,321989.08645361353,43.12291334668407,1,1,0,321989.08645361353
509093.49435175816,509144.4028997537,50.90854799555382,0,1,0,509093.49435175816
10713722.137815552,10713906.420458298,184.2826427463442,0,1,0,10713722.137815552
7847206.078700541,7847456.082522282,250.00382174178958,0,1,0,7847206.078700541
1128315.197364823,1128389.4234478683,74.2260830453597,0,1,0,1128315.197364823
4916904.179045604,4917103.674032509,199.49498690571636,1,1,0,4917103.674032509
813446.3916675202,813492.5775123078,46.18584478762932,0,1,0,813446.3916675202
6881966.102418847,6882186.147635122,220.04521627444774,1,1,0,6882186.147635122
101294.33299043133,101314.9386457845,20.605655353167094,1,1,0,101314.9386457845
772484.1382946647,772516.412762107,32.2744674423011,0,1,0,772484.1382946647
1282212.8368828252,1282288.6755602781,75.83867745287716,0,1,0,1282212.8368828252
6881966.102418847,6882146.130015322,180.02759647462517,1,1,0,6882146.130015322
2223204.995950113,2223324.3362540253,119.34030391229317,1,1,0,2223324.3362540253
13750062.722413579,13750375.170194095,312.4477805159986,0,1,0,13750062.722413579
2492497.284461207,2492515.995392126,18.710930918809026,1,1,0,2492515.995392126
3918474.65856107,3918654.5826161,179.92405503010377,1,1,0,3918654.5826161
3039313.474256449,3039458.1522941184,144.67803766950965,0,1,0,3039313.474256449
4711523.516344199,4711622.298627686,98.7822834867984,1,1,0,4711622.298627686
16038089.777960837,16038452.15868008,362.3807192426175,1,1,0,16038452.15868008
271261.56384734716,271298.7102877209,37.14644037373364,1,1,0,271298.7102877209
5186102.853918638,5186264.144355546,161.2904369076714,0,1,0,5186102.853918638
3468995.0762537047,3469093.238972622,98.16271891724318,1,1,0,3469093.238972622
6545801.794917186,6546018.768119905,216.97320271935314,0,1,0,6545801.794917186
2852376.305515184,2852486.3890041276,110.08348894352093,0,1,0,2852376.305515184
600886.3911490919,600876.4326937649,-9.958455326966941,0,1,0,600886.3911490919
251866.99430029973,251916.67395415722,49.67965385748539,0,1,0,251866.99430029973
247976.16626194798,248012.99821480692,36.83195285894908,0,1,0,247976.16626194798
378441.4424409296,378459.2778244446,17.8353835149901,0,1,0,378441.4424409296
317168.26630533405,317159.60034279217,-8.665962541883346,0,1,0,317168.26630533405
1162802.1547270878,1162888.0566881408,85.90196105302311,1,1,0,1162888.0566881408
2855072.0181997186,2855230.0919196773,158.07371995877475,1,1,0,2855230.0919196773
987904.3090745586,987981.9771407341,77.66806617553812,1,1,0,987981.9771407341
1886146.6727193943,1886258.3724544651,111.69973507081158,0,1,0,1886146.6727193943
1833909.0521912493,1834005.1160291138,96.06383786443621,0,1,0,1833909.0521912493
5539966.703701163,5540067.086224613,100.38252345006913,1,1,0,5540067.086224613
2491099.527741081,2491197.678808878,98.15106779709458,1,1,0,2491197.678808878
8723.458862928584,8725.976374624342,2.517511695758003,1,1,0,8725.976374624342
1047750.7149074771,1047822.3461671697,71.6312596926,0,1,0,1047750.7149074771
2422591.3953044866,2422550.0840858705,-41.31121861608699,0,1,0,2422591.3953044866
848335.1267673018,848404.7705092675,69.64374196564313,0,1,0,848335.1267673018
218516.57951305184,218537.28381194605,20.704298894212116,1,1,0,218537.28381194605
3894903.960935407,3895085.3530516024,181.39211619552225,1,1,0,3895085.3530516024
125632.45175601031,125644.34303248904,11.89127647872374,1,1,0,125644.34303248904
137441.16501623308,137470.7511797533,29.58616352023091,1,1,0,137470.7511797533
1399779.3856301678,1399876.4494825562,97.06385238841176,0,1,0,1399779.3856301678
26988681.274377275,26989057.99798365,376.72360637411475,0,1,0,26988681.274377275
1833909.0521912493,1834016.3240083982,107.27181714889593,0,1,0,1833909.0521912493
2936238.1745556802,2936374.407001282,136.23244560183957,1,1,0,2936374.407001282
1439949.1875428027,1440049.4483231755,100.26078037288971,1,1,0,1440049.4483231755
670039.1966505141,670077.6703372684,38.47368675423786,1,1,0,670077.6703372684
136808.25456196745,136835.29529677492,27.040734807465924,1,1,0,136835.29529677492
909129.627527158,909182.5264394681,52.89891231013462,0,1,0,909129.627527158
671888.431819917,671955.4653377829,67.03351786581334,0,1,0,671888.431819917
622920.6365021671,622955.6394891052,35.00298693811055,1,1,0,622955.6394891052
7211805.783904289,7212009.520257973,203.73635368421674,0,1,0,7211805.783904289
378441.4424409296,378463.7132897391,22.270848809508607,0,1,0,378441.4424409296
1194718.1911450252,1194768.8140352727,50.62289024749771,1,1,0,1194768.8140352727
1307863.152382908,1307964.5565066389,101.40412373095751,0,1,0,1307863.152382908
15745495.695766272,15745755.748350091,260.05258381925523,0,1,0,15745495.695766272
14064897.145826096,14065133.073226903,235.92740080691874,0,1,0,14064897.145826096
6267293.101332681,6267455.952971367,162.8516386859119,0,1,0,6267293.101332681
3696291.842546434,3696392.6634847764,100.82093834225088,0,1,0,3696291.842546434
302522.87517644186,302571.08801408665,48.21283764479449,1,1,0,302571.08801408665
847871.7805865989,847943.0278420956,71.24725549668074,0,1,0,847871.7805865989
977831.881083325,977898.0989271617,66.21784383663908,0,1,0,977831.881083325
257622.0217765094,257656.9661420063,34.944365496892715,0,1,0,257622.0217765094
251866.99430029973,251911.76791123053,44.77361093080253,0,1,0,251866.99430029973
218516.57951305184,218536.01557101062,19.43605795878102,1,1,0,218536.01557101062
9901814.963136578,9902070.773376968,255.8102403897792,1,1,0,9902070.773376968
2394563.5366497464,2394635.659735404,72.12308565760031,1,1,0,2394635.659735404
111424.94833804708,111445.11525164064,20.166913593566278,0,1,0,111424.94833804708
868505.3979378896,868585.3891568959,79.99121900636237,1,1,0,868585.3891568959
1439949.1875428027,1440063.228621794,114.04107899125665,1,1,0,1440063.228621794
813446.3916675202,813489.1634469997,42.77177947957534,0,1,0,813446.3916675202
5062129.884637326,5062277.2153057465,147.33066842053086,1,1,0,5062277.2153057465
275300.34936256433,275336.285969068,35.93660650367383,0,1,0,275300.34936256433
28653.1627601185,28667.874354361753,14.711594243253785,1,1,0,28667.874354361753
1351533.5000633334,1351644.8140385884,111.31397525500506,1,1,0,1351644.8140385884
12780260.198375776,12780425.729623046,165.5312472693622,0,1,0,12780260.198375776
302522.87517644186,302569.5925448115,46.717368369631004,1,1,0,302569.5925448115
43564058.15127581,43564042.474401996,-15.676873818039894,1,1,0,43564042.474401996
5871384.695678936,5871431.650245395,46.95456645824015,0,1,0,5871384.695678936
5871384.695678936,5871421.707142971,37.01146403513849,1,1,0,5871421.707142971
18640829.15079593,18641120.310820673,291.1600247435272,1,1,0,18641120.310820673
765840.2459430216,765820.7353492975,-19.510593724087812,0,1,0,765840.2459430216
670039.1966505141,670086.14347212,46.9468216059031,1,1,0,670086.14347212
897267.1000342931,897294.019290499,26.919256205903366,0,1,0,897267.1000342931
1366738.4142475734,1366757.4967003295,19.082452756119892,1,1,0,1366757.4967003295
165437.03380450173,165451.1256221039,14.091817602165975,0,1,0,165437.03380450173
4102174.2322281725,4102338.0968940943,163.8646659217775,0,1,0,4102174.2322281725
808379.2503040457,808467.1676260796,87.91732203389984,1,1,0,808467.1676260796
847871.7805865989,847956.3464993675,84.56591276859399,0,1,0,847871.7805865989
41415.660086455835,41432.18913785767,16.529051401834295,1,1,0,41432.18913785767
892404.197864787,892497.7985645327,93.6006997457007,1,1,0,892497.7985645327
345978.3799052984,345975.7390493077,-2.6408559906994924,0,1,0,345978.3799052984
4473199.5163095435,4473406.535681765,207.01937222108245,1,1,0,4473406.535681765
1307863.152382908,1307953.4903953352,90.33801242732443,0,1,0,1307863.152382908
2053930.2186851925,2053910.449877762,-19.76880743051879,0,1,0,2053930.2186851925
246477.5002228199,246497.76597836157,20.265755541680846,1,1,0,246497.76597836157
251866.99430029973,251916.72146721795,49.72716691822279,0,1,0,251866.99430029973
209369.91814784834,209391.47323697616,21.55508912782534,0,1,0,209369.91814784834
10615232.162147047,10615453.232541772,221.07039472460747,0,1,0,10615232.162147047
12606182.454915939,12606392.501950452,210.0470345132053,0,1,0,12606182.454915939
2613654.8035987765,2613718.459416449,63.65581767261028,1,1,0,2613718.459416449
689843.9208080533,689916.7933583978,72.87255034444388,1,1,0,689916.7933583978
8970744.4865961,8971020.137777405,275.65118130482733,0,1,0,8970744.4865961
1600210.0058459565,1600311.8186649247,101.81281896820292,0,1,0,1600210.0058459565
11991389.271983214,11991721.112001378,331.8400181643665,1,1,0,11991721.112001378
9901814.963136578,9902008.895814534,193.932677956298,1,1,0,9902008.895814534
325957.7981311924,325998.8620035142,41.06387232179986,0,1,0,325957.7981311924
1984059.5019844382,1984135.5440414485,76.04205701034516,1,1,0,1984135.5440414485
453639.64193600364,453672.07190068933,32.42996468569618,0,1,0,453639.64193600364
72854087.0857984,72854906.12263486,819.0368364602327,1,1,0,72854906.12263486
5339509.742037672,5339476.923423722,-32.8186139492318,0,1,0,5339509.742037672
1351533.5000633334,1351623.1825515416,89.68248820817098,1,1,0,1351623.1825515416
57347.75620794325,57357.328549959726,9.572342016479524,1,1,0,57357.328549959726
115474675.43179981,115475152.47082917,477.0390293598175,0,1,0,115474675.43179981
1266628.4062894674,1266717.983182516,89.57689304859377,1,1,0,1266717.983182516
675412.6365760632,675414.2716691268,1.635093063581735,1,1,0,675414.2716691268
18640829.15079593,18641096.803885374,267.65308944508433,1,1,0,18641096.803885374
6823403.265164597,6823649.1227274425,245.85756284557283,1,1,0,6823649.1227274425
689843.9208080533,689906.810459995,62.88965194160119,1,1,0,689906.810459995
5267397.917790059,5267611.913505769,213.99571571033448,1,1,0,5267611.913505769
1732515.28563052,1732616.5795702464,101.2939397264272,1,1,0,1732616.5795702464
250623.49383776874,250664.4205963607,40.92675859195879,1,1,0,250664.4205963607
74293.52958226226,74308.24176047952,14.71217821726168,0,1,0,74293.52958226226
3468995.0762537047,3469079.3965208484,84.3202671436593,1,1,0,3469079.3965208484
1692722.1104410996,1692817.1003867174,94.98994561773725,1,1,0,1692817.1003867174
5062129.884637326,5062297.531570064,167.6469327379018,1,1,0,5062297.531570064
1813492.0785892464,1813581.8716413341,89.79305208777077,0,1,0,1813492.0785892464
26963577.599322863,26964107.52085431,529.9215314462781,0,1,0,26963577.599322863
228383.38374819365,228402.55068852648,19.166940332826925,0,1,0,228383.38374819365
1563796.9995148082,1563897.8138869253,100.81437211716548,0,1,0,1563796.9995148082
2680034.264666479,2680056.0899655945,21.82529911538586,0,1,0,2680034.264666479
284389.25547435007,284399.3876473104,10.13217296032235,0,1,0,284389.25547435007
10950523.461304298,10950817.583994133,294.1226898357272,0,1,0,10950523.461304298
29222551.020591423,29223001.105057146,450.08446572348475,0,1,0,29222551.020591423
31668.213321512576,31684.069948794586,15.856627282009867,0,1,0,31668.213321512576
317168.26630533405,317157.18057685567,-11.085728478385136,0,1,0,317168.26630533405
2083720.0682891896,2083760.9674106983,40.89912150870077,0,1,0,2083720.0682891896
11308933.182431117,11309113.296852263,180.1144211459905,1,1,0,11309113.296852263
78215.11988881922,78230.22143323181,15.101544412595103,0,1,0,78215.11988881922
1822872.9967008675,1822971.8208309894,98.82413012185134,1,1,0,1822971.8208309894
67402496.36884588,67403535.84271899,1039.4738731086254,1,1,0,67403535.84271899
15108983.99869042,15109167.685817998,183.68712757714093,0,1,0,15108983.99869042
1381923.2868618125,1381961.2907009632,38.003839150769636,0,1,0,1381923.2868618125
321945.96354026685,321981.9066610081,35.943120741227176,1,1,0,321981.9066610081
5204027.1388665065,5204006.577670969,-20.56119553744793,0,1,0,5204027.1388665065
358194.08558782935,358203.738647164,9.653059334668797,1,1,0,358203.738647164
321519.5527286986,321559.85017239687,40.297443698276766,1,1,0,321559.85017239687
7298310.738218909,7298574.45425131,263.7160324007273,1,1,0,7298574.45425131
87082154.59149055,87083038.02402483,883.4325342774391,1,1,0,87083038.02402483
488387.15635510045,488453.0458648269,65.88950972643215,0,1,0,488387.15635510045
4083794.525655386,4083823.553047568,29.02739218203351,0,1,0,4083794.525655386
722691.8754386344,722676.7647565096,-15.110682124854065,0,1,0,722691.8754386344
3912376.8140218644,3912487.8334385855,111.01941672107205,1,1,0,3912487.8334385855
111840.89129113163,111857.67108441856,16.779793286928907,0,1,0,111840.89129113163
953850.1498512649,953848.2991935818,-1.8506576830986887,0,1,0,953850.1498512649
1320728.2988037765,1320734.8295720841,6.530768307624385,0,1,0,1320728.2988037765
15240459.766304024,15240742.802450005,283.0361459814012,0,1,0,15240459.766304024
1799167.8563814259,1799278.8812031276,111.02482170169242,1,1,0,1799278.8812031276
509093.49435175816,509139.7101289298,46.21577717165928,0,1,0,509093.49435175816
11092492.727641108,11092707.400576632,214.6729355249554,0,1,0,11092492.727641108
267303.5556422124,267336.78321291564,33.22757070325315,1,1,0,267336.78321291564
7792159.222460343,7792389.009731439,229.78727109637111,1,1,0,7792389.009731439
1068098.8974435492,1068167.7433989695,68.84595542028546,0,1,0,1068098.8974435492
6881966.102418847,6882164.568199433,198.46578058600426,1,1,0,6882164.568199433
43564058.15127581,43564175.96556799,117.81429217755795,1,1,0,43564175.96556799
56996981.189219184,56997954.38266856,973.1934493780136,1,1,0,56997954.38266856
4630434.0091187805,4630564.539461167,130.53034238610417,0,1,0,4630434.0091187805
972233.2565414642,972285.6905651257,52.43402366142254,1,1,0,972285.6905651257
7953926.320246267,7953938.365602639,12.045356371439993,0,1,0,7953926.320246267
219236.16556815492,219253.89734408722,17.731775932305027,0,1,0,219236.16556815492
218516.57951305184,218542.2850953047,25.705582252849126,1,1,0,218542.2850953047
358617.4844571371,358651.7169671065,34.23250996938441,1,1,0,358651.7169671065
13750062.722413579,13750376.721541869,313.99912828952074,0,1,0,13750062.722413579
7803938.902313549,7804164.406915223,225.5046016741544,0,1,0,7803938.902313549
10681598.53702642,10681880.8652542,282.3282277788967,1,1,0,10681880.8652542
1495724.9919334848,1495828.7122245405,103.72029105573893,0,1,0,1495724.9919334848
1351550.231685623,1351613.1118328199,62.88014719681814,0,1,0,1351550.231685623
343316.8376024959,343319.72376386053,2.8861613646149635,0,1,0,343316.8376024959
142964.98354033005,142968.012539122,3.0289987919386476,1,1,0,142968.012539122
6881966.102418847,6882155.633011441,189.53059259336442,1,1,0,6882155.633011441
128826.74302523359,128838.07079458423,11.327769350638846,1,1,0,128838.07079458423
1541966.7414974757,1542067.154251649,100.41275417339057,1,1,0,1542067.154251649
2480242.3376656794,2480388.318036204,145.98037052480504,1,1,0,2480388.318036204
2431938.739161191,2432095.958023411,157.2188622201793,1,1,0,2432095.958023411
85179.0353196006,85189.06597636252,10.030656761911814,1,1,0,85189.06597636252
106347.35517988839,106372.77692873537,25.42174884698761,0,1,0,106347.35517988839
1381923.2868618125,1381951.6232105407,28.33634872827679,0,1,0,1381923.2868618125
612765.4293915267,612800.3536891346,34.92429760785308,0,1,0,612765.4293915267
1732515.28563052,1732608.826275634,93.54064511414617,1,1,0,1732608.826275634
358611.4795250947,358660.6110729751,49.1315478804172,0,1,0,358611.4795250947
1381923.2868618125,1381950.9478686065,27.661006794078276,0,1,0,1381923.2868618125
217130.62985087992,217129.4617353899,-1.1681154900288675,1,1,0,217129.4617353899
9569752.467083942,9570002.583753869,250.11666992679238,1,1,0,9570002.583753869
5952628.736709481,5952756.135806571,127.3990970896557,1,1,0,5952756.135806571
184720.2824123917,184723.0503324401,2.7679200483835302,0,1,0,184720.2824123917
10681598.53702642,10681903.657303013,305.12027659267187,1,1,0,10681903.657303013
378441.4424409296,378469.11527891085,27.672837981255725,0,1,0,378441.4424409296
343316.8376024959,343327.38678731635,10.549184820440132,0,1,0,343316.8376024959
96967.17098822602,96985.08827256088,17.917284334864235,1,1,0,96985.08827256088
729193.054336941,729255.8621137519,62.8077768109506,0,1,0,729193.054336941
336499.631565286,336525.2395052931,25.60794000705937,0,1,0,336499.631565286
727558.0228634931,727566.2009138545,8.17805036145728,0,1,0,727558.0228634931
288546.4900829719,288587.48608729127,40.99600431934232,1,1,0,288587.48608729127
3283729.5827306174,3283884.9935229393,155.41079232189804,0,1,0,3283729.5827306174
8533076.474076575,8533332.741715757,256.267639182508,0,1,0,8533076.474076575
358617.4844571371,358646.56225871167,29.077801574545447,1,1,0,358646.56225871167
6749905.662706231,6750175.571328653,269.9086224222556,0,1,0,6749905.662706231
168473.11384030466,168504.19398869915,31.080148394481512,0,1,0,168473.11384030466
671888.431819917,671953.3317107,64.89989078289364,1,1,0,671953.3317107
750712.3814536578,750782.5285873747,70.14713371696416,1,1,0,750782.5285873747
343316.8376024959,343318.5190101686,1.6814076727023348,0,1,0,343316.8376024959
2936238.1745556802,2936395.1809168966,157.0063612163067,1,1,0,2936395.1809168966
1275862.984669952,1275944.221071996,81.23640204407275,1,1,0,1275944.221071996
5871384.695678936,5871445.668972542,60.97329360526055,1,1,0,5871445.668972542
1600210.0058459565,1600310.1124936831,100.10664772661403,0,1,0,1600210.0058459565
208489.41734393156,208520.7431356809,31.325791749346536,1,1,0,208520.7431356809
7613533.53877687,7613757.344785514,223.80600864440203,1,1,0,7613757.344785514
18261271.01981089,18261642.32859328,371.30878239125013,1,1,0,18261642.32859328
3434239.499741499,3434375.1263819407,135.62664044182748,1,1,0,3434375.1263819407
1376083.2280449374,1376124.908937192,41.68089225469157,1,1,0,1376124.908937192
918396.4697902963,918486.2228745056,89.75308420928195,1,1,0,918486.2228745056
1541966.7414974757,1542051.568353613,84.82685613725334,1,1,0,1542051.568353613
7298310.738218909,7298558.021289613,247.2830707039684,1,1,0,7298558.021289613
55464697.173974074,55465189.46429853,492.29032445698977,0,1,0,55464697.173974074
111840.89129113163,111863.50283418929,22.611543057661038,0,1,0,111840.89129113163
8075314.9467557175,8075497.121408197,182.17465247958899,0,1,0,8075314.9467557175
1598176.0004475587,1598289.814965347,113.81451778835617,0,1,0,1598176.0004475587
670039.1966505141,670087.8799143946,48.683263880433515,1,1,0,670087.8799143946
456554.533892592,456586.8352234405,32.301330848480575,0,1,0,456554.533892592
509093.49435175816,509141.87512933346,48.38077757530846,1,1,0,509141.87512933346
923573.9689023267,923654.3256513745,80.35674904787447,0,1,0,923573.9689023267
822808.5080977706,822886.5672184139,78.05912064330187,1,1,0,822886.5672184139
869135.7452143782,869140.8738849706,5.128670592326671,1,1,0,869140.8738849706
322223.1419589453,322258.4149409927,35.272982047405094,1,1,0,322258.4149409927
4880653.444225869,4880775.911522797,122.46729692816734,0,1,0,4880653.444225869
6315424.572603809,6315601.366188997,176.79358518868685,1,1,0,6315601.366188997
1441571.662447081,1441671.9474303508,100.28498326987028,0,1,0,1441571.662447081
96722057.09540755,96723024.7188471,967.6234395503998,1,1,0,96723024.7188471
1036435.5005440813,1036524.2114414232,88.71089734183624,1,1,0,1036524.2114414232
8479014.152744133,8479292.240311245,278.08756711147726,1,1,0,8479292.240311245
37795.38352000409,37807.37092782048,11.987407816384803,1,1,0,37807.37092782048
8794922.649638599,8795132.174701484,209.5250628851354,1,1,0,8795132.174701484
159751.27052301558,159776.34244218926,25.07191917367163,1,1,0,159776.34244218926
2660122.6119231414,2660183.8807925964,61.268869454972446,0,1,0,2660122.6119231414
8484448.072901974,8484694.804234158,246.73133218474686,1,1,0,8484694.804234158
4102174.2322281725,4102345.420878542,171.18865036964417,0,1,0,4102174.2322281725
722691.8754386344,722678.7374352353,-13.138003399129957,0,1,0,722691.8754386344
96939.27838771572,96935.85170285383,-3.426684861886315,1,1,0,96935.85170285383
1732515.28563052,1732605.0187970314,89.7331665114034,1,1,0,1732605.0187970314
11265012.111761114,11265309.081560768,296.9697996545583,1,1,0,11265309.081560768
316679.49738564814,316713.00943611126,33.51205046311952,0,1,0,316679.49738564814
56996981.189219184,56997829.427577354,848.2383581697941,1,1,0,56997829.427577354
131032.49230534109,131065.22697293095,32.73466758985887,1,1,0,131065.22697293095
247976.16626194798,248010.32974819667,34.163486248697154,0,1,0,247976.16626194798
5241011.535061381,5241178.994475936,167.45941455475986,1,1,0,5241178.994475936
7792159.222460343,7792343.122856875,183.9003965323791,1,1,0,7792343.122856875
165437.03380450173,165453.03832784292,16.004523341194727,0,1,0,165437.03380450173
8794922.649638599,8795117.75627172,195.10663312114775,1,1,0,8795117.75627172
344630.39621665515,344679.17908615427,48.78286949911853,0,1,0,344630.39621665515
50491357.451323405,50492096.99923629,739.5479128882289,1,1,0,50492096.99923629
837258.492534493,837349.6696659229,91.17713142989669,1,1,0,837349.6696659229
385295.7926314155,385353.94776875066,58.1551373351831,1,1,0,385353.94776875066
131032.49230534109,131065.24698581317,32.75468047207687,1,1,0,131065.24698581317
4313412.746343347,4313631.891520337,219.1451769899577,0,1,0,4313412.746343347
1203907.0240311718,1203954.5260749594,47.502043787622824,1,1,0,1203954.5260749594
9157139.395737441,9157334.689461412,195.29372397065163,1,1,0,9157334.689461412
18832226.203856435,18832480.3043372,254.1004807651043,0,1,0,18832226.203856435
716912.0076669466,716983.5664736953,71.5588067487115,1,1,0,716983.5664736953
111840.89129113163,111864.35124083082,23.459949699186836,0,1,0,111840.89129113163
603340.1087191155,603380.7280515449,40.61933242937084,1,1,0,603380.7280515449
8954391.253223268,8954587.9437687,196.69054543226957,1,1,0,8954587.9437687
5339509.742037672,5339488.817119855,-20.92491781618446,0,1,0,5339509.742037672
8467870.481783658,8468066.106303675,195.62452001683414,1,1,0,8468066.106303675
12923644.440947073,12923967.299331935,322.85838486254215,1,1,0,12923967.299331935
271261.56384734716,271298.16703788476,36.60319053760031,1,1,0,271298.16703788476
4123960.8068271712,4124118.1758748866,157.36904771532863,1,1,0,4124118.1758748866
32231.878649484108,32236.34474031948,4.466090835372597,0,1,0,32231.878649484108
500201.74121300003,500238.48069647927,36.73948347923579,1,1,0,500238.48069647927
219236.16556815492,219249.93937738985,13.773809234931832,0,1,0,219236.16556815492
480149.34843615216,480169.98806822445,20.63963207229972,0,1,0,480149.34843615216
6166314.530225852,6166532.831527204,218.30130135267973,1,1,0,6166532.831527204
857953.4482020778,857972.0654170684,18.617214990663342,1,1,0,857972.0654170684
9261409.531546298,9261490.87324671,81.34170041233301,0,1,0,9261409.531546298
4447812.172309932,4447983.5568816345,171.38457170221955,1,1,0,4447983.5568816345
226432.72782276015,226453.92190067962,21.194077919470146,1,1,0,226453.92190067962
3279649.9915555706,3279795.064642893,145.07308732252568,1,1,0,3279795.064642893
7926732.763656111,7926985.292987059,252.5293309474364,1,1,0,7926985.292987059
780931.9096290685,781007.7413867625,75.83175769401714,0,1,0,780931.9096290685
26963577.599322863,26964197.409895323,619.8105724602938,0,1,0,26963577.599322863
245120.37973896507,245168.60855968946,48.228820724383695,1,1,0,245168.60855968946
1822872.9967008675,1822993.5981878643,120.60148699674755,1,1,0,1822993.5981878643
352060.38665947603,352082.74547787587,22.35881839983631,0,1,0,352060.38665947603
8484448.072901974,8484656.696661204,208.6237592305988,1,1,0,8484656.696661204
2735768.0686973715,2735793.4370324695,25.368335098028183,0,1,0,2735768.0686973715
18832226.203856435,18832447.585376795,221.38152036070824,0,1,0,18832226.203856435
152699.9780724618,152727.3219159498,27.343843488022685,1,1,0,152727.3219159498
270228.08370277245,270269.85036036593,41.766657593485434,0,1,0,270228.08370277245
448728.62425109005,448716.65270705137,-11.971544038678985,0,1,0,448728.62425109005
304624.5451172913,304657.6622922761,33.117174984829035,1,1,0,304657.6622922761
40801.915232038744,40819.80110329364,17.88587125489721,0,1,0,40801.915232038744
7635916.430636806,7636194.7428822,278.3122453931719,0,1,0,7635916.430636806
10615232.162147047,10615420.074818676,187.91267162933946,0,1,0,10615232.162147047
453639.64193600364,453679.77131439315,40.12937838950893,1,1,0,453679.77131439315
5452030.376131189,5452239.506518835,209.13038764614612,1,1,0,5452239.506518835
8631952.552181922,8632184.962940076,232.41075815446675,0,1,0,8631952.552181922
670039.1966505141,670087.7623008421,48.56565032794606,1,1,0,670087.7623008421
3396659.1216773177,3396785.163022452,126.04134513437748,0,1,0,3396659.1216773177
958344.2751426427,958383.7939938881,39.51885124540422,0,1,0,958344.2751426427
301996.25721334195,302026.008315155,29.75110181304626,1,1,0,302026.008315155
1661193.151901767,1661263.21055945,70.05865768319927,1,1,0,1661263.21055945
304624.5451172913,304671.76817095134,47.22305366006913,0,1,0,304624.5451172913
10713722.137815552,10713909.343639366,187.2058238144964,0,1,0,10713722.137815552
10160483.823229413,10160637.190047687,153.36681827344,1,1,0,10160637.190047687
314336.0104231434,314363.9252774488,27.91485430538887,1,1,0,314363.9252774488
218516.57951305184,218536.03892962125,19.459416569414316,1,1,0,218536.03892962125
4569440.014474772,4569429.57747195,-10.437002821825445,0,1,0,4569440.014474772
772484.1382946647,772516.6608041584,32.52250949374866,0,1,0,772484.1382946647
8075314.9467557175,8075503.903323452,188.9565677344799,0,1,0,8075314.9467557175
1143834.2807385316,1143911.0021839847,76.7214454531204,0,1,0,1143834.2807385316
18136105.88351695,18136303.27685991,197.3933429606259,0,1,0,18136105.88351695
989072.1185014157,989103.140691513,31.02219009725377,0,1,0,989072.1185014157
1102547.2567188914,1102619.0699448427,71.81322595127858,0,1,0,1102547.2567188914
418786.4926461767,418843.2455404599,56.75289428315591,0,1,0,418786.4926461767
4916904.179045604,4917110.543587971,206.3645423669368,0,1,0,4916904.179045604
3764700.7099296222,3764881.9753290294,181.26539940712973,0,1,0,3764700.7099296222
764282.5472246957,764313.5771237533,31.029899057582952,0,1,0,764282.5472246957
4661292.878378823,4661452.655231019,159.77685219515115,1,1,0,4661452.655231019
6881966.102418847,6882172.67233785,206.5699190022424,1,1,0,6882172.67233785
869135.7452143782,869132.6206090125,-3.1246053656795993,1,1,0,869132.6206090125
3744182.7553873705,3744322.530442718,139.77505534747615,0,1,0,3744182.7553873705
837258.492534493,837343.7427171804,85.25018268742133,1,1,0,837343.7427171804
5339509.742037672,5339450.649451908,-59.09258576389402,0,1,0,5339509.742037672
10329396.377408754,10329576.689623686,180.31221493147314,1,1,0,10329576.689623686
3441310.012507437,3441443.5610664617,133.54855902493,0,1,0,3441310.012507437
772484.1382946647,772506.2941612448,22.155866580083966,0,1,0,772484.1382946647
2660122.6119231414,2660161.397141884,38.78521874267608,0,1,0,2660122.6119231414
3303913.5029092655,3303932.0046038614,18.501694595906883,0,1,0,3303913.5029092655
2226126.4779920583,2226269.1968363835,142.71884432528168,0,1,0,2226126.4779920583
8075314.9467557175,8075489.338630439,174.39187472127378,0,1,0,8075314.9467557175
894801.3075319069,894793.1516082538,-8.155923653044738,1,1,0,894793.1516082538
1802819.8107165669,1802936.850747323,117.04003075603396,1,1,0,1802936.850747323
12547179.64335476,12547187.666297538,8.022942777723074,1,1,0,12547187.666297538
64231.42592242637,64245.45053049825,14.024608071878902,1,1,0,64245.45053049825
7803938.902313549,7804170.359062103,231.45674855355173,1,1,0,7804170.359062103
2666777.8768750248,2666896.401310086,118.52443506103009,0,1,0,2666777.8768750248
7807.629659521402,7812.216446541365,4.5867870199635945,1,1,0,7812.216446541365
612765.4293915267,612808.1797668993,42.7503753725905,0,1,0,612765.4293915267
557160.69466777,557210.5681583883,49.873490618309006,1,1,0,557210.5681583883
22755838.314897653,22756157.228384245,318.9134865924716,1,1,0,22756157.228384245
6743459.567150459,6743651.778337901,192.21118744276464,0,1,0,6743459.567150459
8151091.979372842,8151308.345455945,216.36608310230076,0,1,0,8151091.979372842
1093127.0569307755,1093208.837819604,81.78088882844895,1,1,0,1093208.837819604
1016158.3063639353,1016250.2054333321,91.89906939677894,1,1,0,1016250.2054333321
5406473.40790688,5406692.476611229,219.06870434898883,1,1,0,5406692.476611229
1197094.166977709,1197167.6440864375,73.47710872860625,0,1,0,1197094.166977709
406030.7043884612,406083.94756348815,53.24317502696067,0,1,0,406030.7043884612
9261969.157809157,9262246.567949327,277.4101401697844,0,1,0,9261969.157809157
25692355.381078765,25692622.08662487,266.7055461034179,0,1,0,25692355.381078765
4055070.806936847,4055189.648899562,118.8419627151452,1,1,0,4055189.648899562
159751.27052301558,159777.0837535645,25.813230548927095,1,1,0,159777.0837535645
56996981.189219184,56997889.34526117,908.1560419872403,1,1,0,56997889.34526117
4282582.57650045,4282746.82194409,164.24544363934547,0,1,0,4282582.57650045
4447812.172309932,4447991.093405355,178.92109542246908,1,1,0,4447991.093405355
4556696.424357577,4556722.282046071,25.85768849402666,0,1,0,4556696.424357577
1865216.675180399,1865341.7727561072,125.0975757080596,0,1,0,1865216.675180399
1865216.675180399,1865329.4556202427,112.7804398436565,1,1,0,1865329.4556202427
745207.949757806,745279.0666128256,71.11685501958709,1,1,0,745279.0666128256
344630.39621665515,344675.6986137058,45.302397050661966,0,1,0,344630.39621665515
1203907.0240311718,1203946.8958859385,39.87185476673767,1,1,0,1203946.8958859385
2053930.2186851925,2053909.0459523292,-21.17273286334239,0,1,0,2053930.2186851925
26730890.61411587,26731395.060173158,504.4460572861135,0,1,0,26730890.61411587
2331084.3004983966,2331146.6195148076,62.3190164109692,0,1,0,2331084.3004983966
2832999.772683674,2833131.391115601,131.6184319271706,0,1,0,2832999.772683674
307201.8211322222,307234.7902263223,32.96909410011722,1,1,0,307234.7902263223
563470.8148823524,563483.0624430287,12.247560676303692,0,1,0,563470.8148823524
541306.8324120705,541315.204590533,8.372178462566808,1,1,0,541315.204590533
165437.03380450173,165456.06912376967,19.03531926794676,0,1,0,165437.03380450173
1935007.1763858767,1935082.8166099803,75.64022410358302,1,1,0,1935082.8166099803
194623.6277590105,194648.4652642178,24.837505207309732,0,1,0,194623.6277590105
600886.3911490919,600882.1738347881,-4.217314303736202,0,1,0,600886.3911490919
7635916.430636806,7636179.242933851,262.8122970443219,1,1,0,7636179.242933851
284389.25547435007,284399.400851274,10.145376923959702,0,1,0,284389.25547435007
2720773.1330530187,2720752.7565793796,-20.376473639160395,1,1,0,2720752.7565793796
1058085.8852486974,1058145.988897884,60.10364918666892,0,1,0,1058085.8852486974
3806815.3492183303,3806878.8397320444,63.490513714030385,1,1,0,3806878.8397320444
3434239.499741499,3434346.396374156,106.8966326569207,1,1,0,3434346.396374156
11265012.111761114,11265303.52932437,291.4175632558763,1,1,0,11265303.52932437
111424.94833804708,111446.5042949608,21.555956913725822,1,1,0,111446.5042949608
2529364.595708025,2529519.9566612146,155.36095318943262,1,1,0,2529519.9566612146
808379.2503040457,808463.402492629,84.15218858327717,1,1,0,808463.402492629
1097625.1657385358,1097715.5428863065,90.3771477707196,0,1,0,1097625.1657385358
50491357.451323405,50492068.59664095,711.1453175470233,1,1,0,50492068.59664095
1187614.1943890834,1187655.566118932,41.37172984867357,0,1,0,1187614.1943890834
892404.197864787,892490.4074993532,86.20963456621394,0,1,0,892404.197864787
73383.22460362459,73401.26773720256,18.043133577972185,1,1,0,73401.26773720256
488387.15635510045,488449.9112106437,62.7548555432586,0,1,0,488387.15635510045
4083794.525655386,4083822.30560925,27.779953863937408,0,1,0,4083794.525655386
288196.10653092293,288234.00095295516,37.89442203223007,0,1,0,288196.10653092293
8484448.072901974,8484678.97353298,230.9006310068071,1,1,0,8484678.97353298
7953926.320246267,7953970.983530546,44.66328427847475,0,1,0,7953926.320246267
11092492.727641108,11092715.672321184,222.94468007609248,0,1,0,11092492.727641108
11092492.727641108,11092735.000855464,242.27321435697377,0,1,0,11092492.727641108
123886.63063740215,123878.24265460951,-8.387982792643015,0,1,0,123886.63063740215
868505.3979378896,868588.2500691209,82.85213123133872,1,1,0,868588.2500691209
8484448.072901974,8484678.67755326,230.60465128719807,1,1,0,8484678.67755326
1886146.6727193943,1886252.3782064158,105.7054870214779,0,1,0,1886146.6727193943
325957.7981311924,325999.965714001,42.1675828085863,0,1,0,325957.7981311924
1833909.0521912493,1834008.7637273346,99.71153608523309,0,1,0,1833909.0521912493
2285308.1498761126,2285346.6524306666,38.502554554026574,1,1,0,2285346.6524306666
363382.5418187947,363366.65426934743,-15.887549447244965,1,1,0,363366.65426934743
16027037.039484648,16027489.361346168,452.3218615204096,1,1,0,16027489.361346168
1688815.3479957532,1688929.490926921,114.14293116773479,1,1,0,1688929.490926921
221592.883482504,221614.73876529344,21.855282789445482,1,1,0,221614.73876529344
8954391.253223268,8954561.513821451,170.26059818267822,1,1,0,8954561.513821451
32231.878649484108,32235.957269806233,4.078620322125062,1,1,0,32235.957269806233
4661292.878378823,4661463.4362003105,170.55782148707658,1,1,0,4661463.4362003105
940814.7458863003,940876.7216890156,61.97580271528568,0,1,0,940814.7458863003
32231.878649484108,32235.76640983301,3.887760348901793,0,1,0,32231.878649484108
7211805.783904289,7212005.4925641585,199.7086598696187,0,1,0,7211805.783904289
55464697.173974074,55465097.10558925,399.9316151738167,0,1,0,55464697.173974074
96722057.09540755,96723114.73704822,1057.6416406780481,1,1,0,96723114.73704822
152699.9780724618,152725.87431604153,25.896243579743896,1,1,0,152725.87431604153
745720.2629841297,745796.4533730566,76.19038892688695,1,1,0,745796.4533730566
3806815.3492183303,3806858.239761253,42.8905429225415,1,1,0,3806858.239761253
6749905.662706231,6750174.290080282,268.62737405113876,0,1,0,6749905.662706231
456554.533892592,456587.73857485974,33.204682267736644,1,1,0,456587.73857485974
11722140.734803813,11722353.38616593,212.6513621173799,0,1,0,11722140.734803813
2311697.886006038,2311696.409078305,-1.4769277330487967,0,1,0,2311697.886006038
221592.883482504,221624.4635821415,31.580099637503736,1,1,0,221624.4635821415
1833909.0521912493,1834017.5155952373,108.46340398793109,0,1,0,1833909.0521912493
1194718.1911450252,1194769.856417688,51.66527266288176,0,1,0,1194718.1911450252
49049533.51043717,49049535.52115829,2.0107211247086525,1,1,0,49049535.52115829
12677880.256750485,12678281.030957846,400.7742073610425,1,1,0,12678281.030957846
916899.2555327136,916940.6715535807,41.41602086706553,1,1,0,916940.6715535807
4181973.138940897,4182038.2167417374,65.07780084060505,1,1,0,4182038.2167417374
689843.9208080533,689907.7215408192,63.80073276581243,1,1,0,689907.7215408192
21267401.38312578,21267671.72720139,270.3440756127238,0,1,0,21267401.38312578
3918474.65856107,3918644.6451582895,169.98659721948206,1,1,0,3918644.6451582895
12606182.454915939,12606406.089049483,223.6341335438192,0,1,0,12606182.454915939
5241011.535061381,5241192.645621473,181.11056009214371,1,1,0,5241192.645621473
302522.87517644186,302583.6010954645,60.7259190226323,0,1,0,302522.87517644186
500201.74121300003,500227.78220791876,26.040994918730576,1,1,0,500227.78220791876
4123960.8068271712,4124135.543408097,174.73658092552796,1,1,0,4124135.543408097
6950417.938389312,6950625.982817823,208.0444285115227,0,1,0,6950417.938389312
4672251.772108818,4672374.3818027815,122.60969396308064,0,1,0,4672251.772108818
2422591.3953044866,2422539.6300073145,-51.76529717212543,0,1,0,2422591.3953044866
246477.5002228199,246504.84115649757,27.340933677682187,1,1,0,246504.84115649757
2285308.1498761126,2285359.450028571,51.30015245825052,1,1,0,2285359.450028571
13750062.722413579,13750401.04564657,338.3232329916209,0,1,0,13750062.722413579
2226126.4779920583,2226247.5436597927,121.0656677344814,0,1,0,2226126.4779920583
941397.4118645004,941463.7015193596,66.28965485922527,0,1,0,941397.4118645004
22755838.314897653,22756162.891789936,324.5768922828138,1,1,0,22756162.891789936
1912309.9256228476,1912316.632921805,6.707298957277089,0,1,0,1912309.9256228476
4026220.8206423842,4026261.287371806,40.46672942163423,1,1,0,4026261.287371806
708463.4910896679,708497.0359707732,33.54488110530656,1,1,0,708497.0359707732
6950417.938389312,6950660.4531526435,242.51476333197206,0,1,0,6950417.938389312
1203907.0240311718,1203950.3099309185,43.285899746697396,1,1,0,1203950.3099309185
62389292.437461406,62390027.41679518,734.9793337732553,1,1,0,62390027.41679518
1546375.4343229784,1546406.5024809244,31.068157945992425,1,1,0,1546406.5024809244
1181567.163125584,1181608.6084488158,41.44532323186286,0,1,0,1181567.163125584
2491099.527741081,2491191.84973595,92.32199486903846,1,1,0,2491191.84973595
26730890.61411587,26731368.475465916,477.8613500446081,0,1,0,26730890.61411587
28653.1627601185,28665.977194150255,12.814434031755809,1,1,0,28665.977194150255
2911166.6700741975,2911258.193359998,91.52328580059111,1,1,0,2911258.193359998
1773178.1788168591,1773290.782093425,112.6032765659038,1,1,0,1773290.782093425
11722140.734803813,11722361.202538127,220.46773431450129,0,1,0,11722140.734803813
2276694.8265848635,2276822.101544223,127.27495935931802,1,1,0,2276822.101544223
708463.4910896679,708500.2102639903,36.71917432243936,1,1,0,708500.2102639903
47228.480858625044,47240.21238255127,11.731523926224327,0,1,0,47228.480858625044
10681598.53702642,10681882.046252418,283.5092259980738,1,1,0,10681882.046252418
247976.16626194798,248018.1884104778,42.022148529824335,0,1,0,247976.16626194798
252013.05452287509,252052.26192953807,39.207406662986614,1,1,0,252052.26192953807
406030.7043884612,406082.6124927643,51.90810430311831,0,1,0,406030.7043884612
1598176.0004475587,1598286.8384659388,110.8380183801055,1,1,0,1598286.8384659388
1822872.9967008675,1822974.8869983414,101.89029747387394,1,1,0,1822974.8869983414
1351533.5000633334,1351612.6154308994,79.11536756600253,0,1,0,1351533.5000633334
32231.878649484108,32238.344881224886,6.466231740778312,0,1,0,32231.878649484108
288196.10653092293,288226.20976454904,30.103233626112342,0,1,0,288196.10653092293
1187614.1943890834,1187657.4191631852,43.22477410174906,0,1,0,1187614.1943890834
14064897.145826096,14065102.658317838,205.512491742149,0,1,0,14064897.145826096
4661292.878378823,4661475.735680334,182.85730151087046,0,1,0,4661292.878378823
4181973.138940897,4182050.3183506858,77.17940978892148,1,1,0,4182050.3183506858
1598176.0004475587,1598285.7401209474,109.73967338865623,0,1,0,1598176.0004475587
5032931.654638072,5033029.1821119655,97.5274738939479,0,1,0,5032931.654638072
387553.0629193628,387586.44971793477,33.38679857196985,1,1,0,387586.44971793477
1563225.6622291547,1563272.8733440775,47.21111492277123,0,1,0,1563225.6622291547
839734.2204658395,839784.7397934137,50.519327574176714,1,1,0,839784.7397934137
655395.6450555575,655383.8597626598,-11.785292897722684,0,1,0,655395.6450555575
361338.9393590597,361376.420352507,37.480993447301444,1,1,0,361376.420352507
246477.5002228199,246503.60492993292,26.1047071130306,1,1,0,246503.60492993292
2712093.821702228,2712108.9034414245,15.081739196553826,0,1,0,2712093.821702228
9009068.180574873,9009114.926199378,46.745624504983425,1,1,0,9009114.926199378
911691.9132797144,911746.0670249519,54.15374523750506,0,1,0,911691.9132797144
1381923.2868618125,1381951.7057746446,28.41891283215955,0,1,0,1381923.2868618125
5370582.517845528,5370772.879219165,190.36137363687158,1,1,0,5370772.879219165
336499.631565286,336527.9847389277,28.35317364166258,0,1,0,336499.631565286
916899.2555327136,916931.0855526843,31.830019970657304,1,1,0,916931.0855526843
1381923.2868618125,1381952.2241337404,28.93727192794904,0,1,0,1381923.2868618125
159751.27052301558,159776.56044980133,25.289926785742864,1,1,0,159776.56044980133
716912.0076669466,716986.8920157232,74.88434877654072,1,1,0,716986.8920157232
15166325.820369095,15166683.419361014,357.5989919193089,1,1,0,15166683.419361014
9261409.531546298,9261553.34817612,143.81662982143462,0,1,0,9261409.531546298
1822872.9967008675,1822995.7767934192,122.78009255160578,1,1,0,1822995.7767934192
1194718.1911450252,1194773.863115621,55.6719705958385,0,1,0,1194718.1911450252
125632.45175601031,125646.42364014761,13.971884137296001,1,1,0,125646.42364014761
6660725.076820481,6660855.8481463585,130.77132587786764,1,1,0,6660855.8481463585
417793.1975898323,417852.1937988427,58.99620901042363,0,1,0,417793.1975898323
2936238.1745556802,2936360.6225010846,122.44794540433213,1,1,0,2936360.6225010846
7262505.909070471,7262720.1353749605,214.2263044891879,1,1,0,7262720.1353749605
3696291.842546434,3696402.9210516,111.07850516587496,0,1,0,3696291.842546434
123886.63063740215,123877.01224959543,-9.618387806724058,0,1,0,123886.63063740215
2950735.829942017,2950851.3470622925,115.51712027564645,0,1,0,2950735.829942017
2046947.6806875272,2047044.936886247,97.25619871984236,0,1,0,2046947.6806875272
1194718.1911450252,1194751.9907384573,33.79959343210794,1,1,0,1194751.9907384573
5994690.381306537,5994949.959606086,259.57829954847693,0,1,0,5994690.381306537
46930.07620902709,46939.13021296079,9.054003933699278,1,1,0,46939.13021296079
206665.50040455983,206665.97055048737,0.4701459275383968,1,1,0,206665.97055048737
143397.80670130212,143425.80812283306,28.00142153093475,0,1,0,143397.80670130212
688068.9480252689,688123.5915566715,54.643531402689405,0,1,0,688068.9480252689
1875689.3336533802,1875800.5558715726,111.22221819241531,0,1,0,1875689.3336533802
1412557.5132314658,1412601.7380350782,44.224803612334654,1,1,0,1412601.7380350782
5580716.816691661,5580897.871371777,181.0546801155433,1,1,0,5580897.871371777
71354362.37914456,71355153.05929999,790.6801554262638,1,1,0,71355153.05929999
1187614.1943890834,1187639.5862913234,25.391902239993215,0,1,0,1187614.1943890834
1128315.197364823,1128380.4096146566,65.21224983362481,0,1,0,1128315.197364823
356358.20952557714,356396.2494832164,38.0399576392374,1,1,0,356396.2494832164
10615232.162147047,10615448.483292121,216.32114507444203,0,1,0,10615232.162147047
894801.3075319069,894795.0583587494,-6.249173157499172,1,1,0,894795.0583587494
1692722.1104410996,1692815.7045711984,93.59413009881973,1,1,0,1692815.7045711984
1790078.386154597,1790162.3844686109,83.99831401393749,0,1,0,1790078.386154597
6688005.365227348,6688150.567554209,145.20232686121017,1,1,0,6688150.567554209
940814.7458863003,940894.7970482289,80.05116192856804,0,1,0,940814.7458863003
1275862.984669952,1275944.1263459942,81.14167604222894,1,1,0,1275944.1263459942
32231.878649484108,32235.761341443398,3.8826919592902414,0,1,0,32231.878649484108
689843.9208080533,689909.850096593,65.92928853968624,1,1,0,689909.850096593
20366850.85305102,20367261.262650747,410.409599725157,0,1,0,20366850.85305102
17258126.75767763,17258491.351915527,364.5942378975451,0,1,0,17258126.75767763
252013.05452287509,252050.74269892866,37.68817605357617,1,1,0,252050.74269892866
418786.4926461767,418844.58933246945,58.09668629273074,0,1,0,418786.4926461767
4875585.86184857,4875705.508748478,119.64689990784973,1,1,0,4875705.508748478
8703792.266600942,8704096.489347547,304.22274660505354,0,1,0,8703792.266600942
697765.5289117917,697814.2905685061,48.761656714370474,1,1,0,697814.2905685061
284389.25547435007,284397.05294817494,7.797473824874032,0,1,0,284389.25547435007
142964.98354033005,142971.74557620168,6.762035871623084,1,1,0,142971.74557620168
1773178.1788168591,1773294.3733575784,116.19454071926884,1,1,0,1773294.3733575784
228383.38374819365,228403.81228129606,20.428533102414804,0,1,0,228383.38374819365
1589807.758968432,1589906.5886372926,98.82966886064969,0,1,0,1589807.758968432
16027037.039484648,16027418.157842293,381.1183576453477,1,1,0,16027418.157842293
1441571.662447081,1441674.635503327,102.97305624606088,0,1,0,1441571.662447081
101897.88252210115,101915.5078963977,17.625374296549126,1,1,0,101915.5078963977
1813492.0785892464,1813577.901646899,85.82305765268393,0,1,0,1813492.0785892464
1563225.6622291547,1563273.0952897086,47.433060553856194,1,1,0,1563273.0952897086
1877574.1617981063,1877697.55832828,123.39653017371893,1,1,0,1877697.55832828
16027037.039484648,16027363.796398204,326.756913555786,1,1,0,16027363.796398204
359162.42064649763,359194.7306405592,32.3099940615939,0,1,0,359162.42064649763
8479014.152744133,8479320.286467964,306.13372383080423,1,1,0,8479320.286467964
1194718.1911450252,1194766.8192241336,48.62807910842821,0,1,0,1194718.1911450252
1584898.7601277025,1584956.9773193828,58.21719168033451,1,1,0,1584956.9773193828
5230498.624478682,5230745.631099419,247.00662073679268,1,1,0,5230745.631099419
11991389.271983214,11991687.909684634,298.63770142011344,1,1,0,11991687.909684634
18136105.88351695,18136279.02395148,173.14043452963233,0,1,0,18136105.88351695
8586157.492501678,8586381.872683117,224.3801814392209,1,1,0,8586381.872683117
4274019.019492431,4274146.902213992,127.8827215610072,1,1,0,4274146.902213992
247976.16626194798,248004.42909231823,28.262830370251322,0,1,0,247976.16626194798
7844340.877169891,7844571.764118864,230.88694897294044,1,1,0,7844571.764118864
7926732.763656111,7926954.830548784,222.06689267233014,1,1,0,7926954.830548784
4083794.525655386,4083838.3947925195,43.86913713347167,0,1,0,4083794.525655386
352060.38665947603,352079.0469322454,18.660272769338917,0,1,0,352060.38665947603
57646.90819950932,57662.5438269996,15.635627490279148,0,1,0,57646.90819950932
2053930.2186851925,2053924.4800481945,-5.7386369979940355,0,1,0,2053930.2186851925
1546375.4343229784,1546421.4423506716,46.008027693256736,1,1,0,1546421.4423506716
8752169.209834285,8752301.948020732,132.73818644694984,0,1,0,8752169.209834285
1688815.3479957532,1688914.797887992,99.44989223894663,1,1,0,1688914.797887992
352060.38665947603,352085.3852955738,24.998636097763665,0,1,0,352060.38665947603
128287.41712272058,128315.47674418795,28.05962146737147,1,1,0,128315.47674418795
5085619.732653755,5085770.256966654,150.52431289944798,0,1,0,5085619.732653755
1915519.5202497062,1915595.3512719143,75.83102220809087,1,1,0,1915595.3512719143
11023186.761196494,11023400.379973521,213.61877702735364,1,1,0,11023400.379973521
4447812.172309932,4448001.802720845,189.63041091244668,1,1,0,4448001.802720845
51766.28039870045,51776.48849801778,10.20809931732947,0,1,0,51766.28039870045
6107213.594303567,6107458.997164501,245.40286093391478,1,1,0,6107458.997164501
1915519.5202497062,1915599.7615586487,80.24130894243717,1,1,0,1915599.7615586487
5952628.736709481,5952763.595505151,134.85879566986114,0,1,0,5952628.736709481
336499.631565286,336529.98912069533,30.357555409311317,1,1,0,336529.98912069533
399072.6379498997,399123.6930163262,51.055066426459234,1,1,0,399123.6930163262
1058085.8852486974,1058136.3057363764,50.42048767907545,0,1,0,1058085.8852486974
8302873.858732726,8303029.850802414,155.9920696876943,0,1,0,8302873.858732726
346034.3525447402,346062.9007073705,28.54816263029352,1,1,0,346062.9007073705
1143834.2807385316,1143914.182040068,79.90130153647624,0,1,0,1143834.2807385316
3098711.005350954,3098733.1994481822,22.194097228348255,0,1,0,3098711.005350954
229375.62433883108,229418.27119780122,42.646858970139874,0,1,0,229375.62433883108
4711523.516344199,4711621.656857614,98.14051341544837,1,1,0,4711621.656857614
1546375.4343229784,1546407.7559738383,32.32165085989982,1,1,0,1546407.7559738383
1912309.9256228476,1912328.776206306,18.850583458319306,1,1,0,1912328.776206306
1194718.1911450252,1194761.5004806905,43.309335665311664,0,1,0,1194718.1911450252
1036435.5005440813,1036522.5098656572,87.00932157586794,1,1,0,1036522.5098656572
2765322.901718614,2765317.4837431507,-5.417975463438779,0,1,0,2765322.901718614
358611.4795250947,358657.65908586286,46.17956076818518,0,1,0,358611.4795250947
1128315.197364823,1128393.183820035,77.98645521211438,0,1,0,1128315.197364823
857953.4482020778,857974.3903128556,20.942110777832568,1,1,0,857974.3903128556
1187614.1943890834,1187656.9654608725,42.77107178908773,0,1,0,1187614.1943890834
1546375.4343229784,1546400.7402018104,25.305878832004964,1,1,0,1546400.7402018104
830884.2326671011,830898.1689096803,13.936242579249665,1,1,0,830898.1689096803
194734.60515268476,194725.71510254557,-8.890050139190862,1,1,0,194725.71510254557
217130.62985087992,217133.35524813164,2.725397251721006,1,1,0,217133.35524813164
3279649.9915555706,3279819.698679115,169.7071235445328,1,1,0,3279819.698679115
949446.97900551,949525.2362570768,78.25725156685803,0,1,0,949446.97900551
10329396.377408754,10329601.759501826,205.38209307193756,1,1,0,10329601.759501826
3949608.8918481655,3949608.3225053367,-0.5693428288213909,0,1,0,3949608.8918481655
363382.5418187947,363374.6258306429,-7.915988151798956,1,1,0,363374.6258306429
7847206.078700541,7847435.868784697,229.79008415620774,0,1,0,7847206.078700541
892404.197864787,892485.325645161,81.12778037402313,0,1,0,892404.197864787
6797015.160596746,6797195.16688735,180.0062906043604,1,1,0,6797195.16688735
897267.1000342931,897297.9814732239,30.881438930751756,0,1,0,897267.1000342931
8631952.552181922,8632219.197643988,266.64546206593513,0,1,0,8631952.552181922
9157139.395737441,9157326.0404097,186.64467225782573,1,1,0,9157326.0404097
12547179.64335476,12547170.10134587,-9.542008889839053,1,1,0,12547170.10134587
505635.0293831093,505627.7059967234,-7.3233863859204575,1,1,0,505627.7059967234
123886.63063740215,123884.84786359165,-1.7827738104970194,0,1,0,123886.63063740215
1036435.5005440813,1036518.008259079,82.50771499762777,1,1,0,1036518.008259079
1656708.0884794807,1656778.24304921,70.1545697292313,1,1,0,1656778.24304921
1457967.4212666776,1458053.843317034,86.42205035639927,1,1,0,1458053.843317034
247976.16626194798,248012.44829268393,36.282030735950684,0,1,0,247976.16626194798
1113629.9438749468,1113712.484512164,82.54063721722923,1,1,0,1113712.484512164
7926732.763656111,7926920.042047272,187.27839116100222,1,1,0,7926920.042047272
4473199.5163095435,4473377.779702657,178.2633931133896,1,1,0,4473377.779702657
977831.881083325,977899.1356083159,67.25452499091625,0,1,0,977831.881083325
3039313.474256449,3039468.6379102194,155.16365377046168,0,1,0,3039313.474256449
2735768.0686973715,2735793.823959475,25.7552621033974,0,1,0,2735768.0686973715
932111.6242528124,932169.9985958983,58.374343085917644,0,1,0,932111.6242528124
358611.4795250947,358659.11179325945,47.63226816477254,0,1,0,358611.4795250947
3806815.3492183303,3806876.044187085,60.694968754425645,1,1,0,3806876.044187085
322223.1419589453,322261.6142255458,38.472266600467265,1,1,0,322261.6142255458
321519.5527286986,321556.6435124764,37.09078377782134,1,1,0,321556.6435124764
2911166.6700741975,2911278.1655615796,111.49548738216981,1,1,0,2911278.1655615796
289238.17066096887,289275.5882440364,37.41758306755219,0,1,0,289238.17066096887
6508378.248619787,6508619.195599611,240.94697982352227,1,1,0,6508619.195599611
50491357.451323405,50491990.607361875,633.1560384705663,1,1,0,50491990.607361875
2832999.772683674,2833162.7210433753,162.9483597013168,0,1,0,2832999.772683674
11092492.727641108,11092727.374204068,234.64656295999885,0,1,0,11092492.727641108
827922.5463209351,827965.5794092468,43.03308831166942,1,1,0,827965.5794092468
64889.22133754609,64902.687750980826,13.466413434733113,1,1,0,64902.687750980826
1847818.0306055099,1847898.4797692334,80.44916372350417,1,1,0,1847898.4797692334
23174183.633460827,23174361.85905927,178.22559844329953,1,1,0,23174361.85905927
780931.9096290685,781008.2245417587,76.31491269019898,0,1,0,780931.9096290685
765840.2459430216,765825.7927669481,-14.453176073497161,1,1,0,765825.7927669481
29222551.020591423,29222944.71342062,393.69282919541,0,1,0,29222551.020591423
1007463.4510234176,1007524.9646113834,61.51358796574641,0,1,0,1007463.4510234176
164717.0409722319,164743.20275643302,26.161784201132832,0,1,0,164717.0409722319
101897.88252210115,101914.10028691046,16.217764809305663,1,1,0,101914.10028691046
640849.8815272612,640909.5407335549,59.65920629363973,0,1,0,640849.8815272612
2671494.157679522,2671542.1926694787,48.03498995676637,1,1,0,2671542.1926694787
358194.08558782935,358202.16127280507,8.075684975716285,1,1,0,358202.16127280507
10713722.137815552,10713914.962907836,192.82509228400886,0,1,0,10713722.137815552
1103001.5846540234,1103091.7099776864,90.12532366300002,1,1,0,1103091.7099776864
2249516.706366879,2249617.7697084257,101.06334154680371,0,1,0,2249516.706366879
6950417.938389312,6950654.995265659,237.05687634740025,0,1,0,6950417.938389312
485658.0759866033,485699.68896585575,41.61297925247345,1,1,0,485699.68896585575
972233.2565414642,972286.9707960457,53.714254581485875,0,1,0,972233.2565414642
6881966.102418847,6882161.081128939,194.97871009167284,1,1,0,6882161.081128939
15166325.820369095,15166650.138321314,324.31795221939683,1,1,0,15166650.138321314
5994690.381306537,5994928.542078011,238.1607714733109,1,1,0,5994928.542078011
3912376.8140218644,3912479.6560718976,102.84205003315583,1,1,0,3912479.6560718976
4946978.462005302,4947192.033618973,213.57161367032677,1,1,0,4947192.033618973
30693.293477189567,30707.023064659166,13.72958746959921,1,1,0,30707.023064659166
345978.3799052984,345965.26269832073,-13.117206977680326,0,1,0,345978.3799052984
745207.949757806,745277.6951880449,69.74543023889419,1,1,0,745277.6951880449
2855072.0181997186,2855216.0909512243,144.07275150576606,1,1,0,2855216.0909512243
972233.2565414642,972289.8033425645,56.546801100252196,1,1,0,972289.8033425645
25692355.381078765,25692709.59017425,354.20909548550844,0,1,0,25692355.381078765
1886146.6727193943,1886264.852068557,118.17934916261584,0,1,0,1886146.6727193943
250623.49383776874,250668.82803894288,45.33420117414789,0,1,0,250623.49383776874
126040497.34316106,126041354.41624889,857.0730878263712,1,1,0,126041354.41624889
57347.75620794325,57356.95956812456,9.203360181316384,1,1,0,57356.95956812456
3949608.8918481655,3949587.9222844206,-20.969563744962215,0,1,0,3949608.8918481655
640849.8815272612,640919.2175375589,69.33601029764395,0,1,0,640849.8815272612
11722140.734803813,11722416.599892158,275.86508834548295,0,1,0,11722140.734803813
9569752.467083942,9570016.682569407,264.2154854647815,1,1,0,9570016.682569407
523660.91779600066,523652.53839189565,-8.379404105013236,0,1,0,523660.91779600066
1007463.4510234176,1007540.1457509175,76.69472749985289,0,1,0,1007463.4510234176
7926732.763656111,7926891.526323046,158.76266693416983,1,1,0,7926891.526323046
137441.16501623308,137466.5514654528,25.38644921971718,1,1,0,137466.5514654528
5339509.742037672,5339500.963550903,-8.778486768715084,0,1,0,5339509.742037672
272025.46842776664,272069.32344833715,43.85502057051053,0,1,0,272025.46842776664
5186102.853918638,5186283.562403252,180.70848461426795,0,1,0,5186102.853918638
314336.0104231434,314356.936599732,20.926176588633098,1,1,0,314356.936599732
11308933.182431117,11309069.97803212,136.795601002872,1,1,0,11309069.97803212
4181973.138940897,4182034.5417355103,61.40279461350292,0,1,0,4181973.138940897
321519.5527286986,321557.49448740156,37.94175870297477,1,1,0,321557.49448740156
24552.494452140556,24566.660871823333,14.166419682776905,0,1,0,24552.494452140556
1320728.2988037765,1320740.8391477554,12.540343978907913,0,1,0,1320728.2988037765
9901814.963136578,9902040.63279526,225.66965868137777,1,1,0,9902040.63279526
814630.8183530117,814682.6176930002,51.79933998850174,0,1,0,814630.8183530117
2226126.4779920583,2226268.0204951,141.5425030416809,0,1,0,2226126.4779920583
1266628.4062894674,1266724.24795847,95.84166900254786,1,1,0,1266724.24795847
101897.88252210115,101912.13846483846,14.255942737305304,1,1,0,101912.13846483846
1203907.0240311718,1203944.981083508,37.95705233630724,1,1,0,1203944.981083508
346247.4032302296,346302.46974401356,55.06651378393872,1,1,0,346302.46974401356
932111.6242528124,932158.1729811387,46.54872832633555,0,1,0,932111.6242528124
2945495.904935029,2945486.0557755986,-9.8491594302468,0,1,0,2945495.904935029
8715341.999473402,8715595.025469098,253.0259956959635,0,1,0,8715341.999473402
1366738.4142475734,1366746.2041419763,7.789894402958453,1,1,0,1366746.2041419763
8467870.481783658,8468080.29485979,209.81307613104582,1,1,0,8468080.29485979
827922.5463209351,827964.767097778,42.22077684290707,1,1,0,827964.767097778
16945967.904154036,16946289.38840626,321.48425222560763,0,1,0,16945967.904154036
1128315.197364823,1128382.2131947253,67.01582990237512,0,1,0,1128315.197364823
387553.0629193628,387587.8813701541,34.81845079129562,1,1,0,387587.8813701541
13437013.420561148,13437319.710430996,306.2898698486388,0,1,0,13437013.420561148
4181973.138940897,4182035.624861835,62.48592093819752,0,1,0,4181973.138940897
940814.7458863003,940892.5991685983,77.85328229796141,0,1,0,940814.7458863003
6818589.736849939,6818850.890725458,261.1538755185902,1,1,0,6818850.890725458
642908.6820874109,642986.7472335453,78.06514613435138,1,1,0,642986.7472335453
2666777.8768750248,2666882.915615553,105.03874052828178,0,1,0,2666777.8768750248
361338.9393590597,361374.71781914966,35.7784600899904,1,1,0,361374.71781914966
866177.023232418,866261.4490749536,84.42584253556561,1,1,0,866261.4490749536
8479014.152744133,8479270.453525929,256.30078179575503,1,1,0,8479270.453525929
972233.2565414642,972267.1609640806,33.90442261635326,1,1,0,972267.1609640806
1598176.0004475587,1598296.7359098147,120.73546225600876,1,1,0,1598296.7359098147
11133860.357771315,11134129.707539339,269.34976802393794,1,1,0,11134129.707539339
1692722.1104410996,1692827.0615239558,104.95108285616152,1,1,0,1692827.0615239558
137441.16501623308,137471.30523196224,30.140215729159536,1,1,0,137471.30523196224
780931.9096290685,781007.937399845,76.02777077653445,1,1,0,781007.937399845
6749905.662706231,6750180.159908957,274.497202726081,0,1,0,6749905.662706231
3901496.3747172593,3901646.502033064,150.12731580482796,0,1,0,3901496.3747172593
493835.05221289245,493863.1921412978,28.139928405347746,0,1,0,493835.05221289245
231523.73750709067,231575.33874932924,51.601242238568375,0,1,0,231523.73750709067
488387.15635510045,488452.8043445904,65.64798948995303,0,1,0,488387.15635510045
1197094.166977709,1197167.750244092,73.58326638303697,0,1,0,1197094.166977709
2712093.821702228,2712077.1776351025,-16.64406712539494,0,1,0,2712093.821702228
1381923.2868618125,1381960.6660421889,37.379180376417935,0,1,0,1381923.2868618125
91302.64300771947,91314.02365953017,11.380651810701238,1,1,0,91314.02365953017
29222551.020591423,29222947.490058754,396.469467330724,0,1,0,29222551.020591423
1439949.1875428027,1440057.0573000878,107.86975728510879,1,1,0,1440057.0573000878
765840.2459430216,765827.5111338533,-12.734809168265201,0,1,0,765840.2459430216
949446.97900551,949522.7749255183,75.79592000832781,0,1,0,949446.97900551
1915519.5202497062,1915598.1832313694,78.66298166313209,1,1,0,1915598.1832313694
1692722.1104410996,1692842.2526744881,120.14223338849843,1,1,0,1692842.2526744881
6743459.567150459,6743643.087488532,183.52033807337284,0,1,0,6743459.567150459
2249516.706366879,2249624.517901977,107.8115350981243,1,1,0,2249624.517901977
6823403.265164597,6823648.209336799,244.94417220167816,0,1,0,6823403.265164597
1802819.8107165669,1802912.9162552878,93.10553872096352,1,1,0,1802912.9162552878
716912.0076669466,716981.9898511864,69.9821842397796,1,1,0,716981.9898511864
5064724.657256247,5064818.041857472,93.38460122514516,1,1,0,5064818.041857472
1282212.8368828252,1282298.10633435,85.26945152482949,0,1,0,1282212.8368828252
328891.0801646634,328940.942885733,49.8627210695995,1,1,0,328940.942885733
131032.49230534109,131065.47223260679,32.97992726569646,1,1,0,131065.47223260679
114258.11541712612,114284.53463575986,26.419218633745913,1,1,0,114284.53463575986
7298310.738218909,7298579.687658066,268.9494391568005,1,1,0,7298579.687658066
387553.0629193628,387584.0210446698,30.95812530699186,1,1,0,387584.0210446698
152838.99367302624,152861.41218516338,22.41851213714108,1,1,0,152861.41218516338
5952628.736709481,5952761.068233686,132.33152420446277,0,1,0,5952628.736709481
3555873.389357666,3555998.4836908146,125.09433314856142,1,1,0,3555998.4836908146
8970744.4865961,8971034.879695175,290.3930990751833,0,1,0,8970744.4865961
267303.5556422124,267334.6483094535,31.092667241115123,1,1,0,267334.6483094535
184720.2824123917,184724.27964813195,3.997235740243923,0,1,0,184720.2824123917
12818208.115752038,12818413.739106452,205.62335441447794,0,1,0,12818208.115752038
1563225.6622291547,1563278.7112350995,53.04900594474748,1,1,0,1563278.7112350995
708463.4910896679,708504.7355873643,41.244497696403414,1,1,0,708504.7355873643
184720.2824123917,184721.56733118944,1.2849187977262773,0,1,0,184720.2824123917
987904.3090745586,987972.1405680917,67.8314935331,1,1,0,987972.1405680917
143397.80670130212,143421.5586974016,23.75199609948322,0,1,0,143397.80670130212
3264720.039257336,3264907.0526584815,187.01340114558116,1,1,0,3264907.0526584815
600886.3911490919,600887.0455734379,0.6544243460521102,0,1,0,600886.3911490919
257622.0217765094,257659.0662270377,37.04445052827941,0,1,0,257622.0217765094
941397.4118645004,941466.4603355261,69.04847102577332,0,1,0,941397.4118645004
3023575.6087595387,3023736.767984661,161.1592251220718,0,1,0,3023575.6087595387
3792467.647795351,3792598.2434908603,130.59569550910965,0,1,0,3792467.647795351
47228.480858625044,47241.33102369091,12.85016506586544,0,1,0,47228.480858625044
3369967.3249944835,3370122.753350953,155.42835646960884,0,1,0,3369967.3249944835
4556696.424357577,4556708.755667238,12.331309660337865,0,1,0,4556696.424357577
346034.3525447402,346070.30904785194,35.95650311175268,1,1,0,346070.30904785194
23174183.633460827,23174374.688874587,191.05541376024485,1,1,0,23174374.688874587
2536371.36190086,2536496.060223029,124.69832216901705,1,1,0,2536496.060223029
1023162.4888987541,1023163.522310085,1.0334113308927044,0,1,0,1023162.4888987541
8484448.072901974,8484651.226210691,203.15330871753395,1,1,0,8484651.226210691
5230498.624478682,5230700.607063313,201.9825846310705,1,1,0,5230700.607063313
12923644.440947073,12923999.342197843,354.9012507703155,1,1,0,12923999.342197843
1307863.152382908,1307956.6864945486,93.53411164064892,0,1,0,1307863.152382908
10329396.377408754,10329595.129661517,198.75225276313722,1,1,0,10329595.129661517
7844340.877169891,7844625.438680387,284.5615104958415,0,1,0,7844340.877169891
2474176.223907786,2474279.5522738383,103.32836605235934,1,1,0,2474279.5522738383
505635.0293831093,505624.1218969641,-10.907486145209987,1,1,0,505624.1218969641
14851905.397995414,14852225.949222736,320.5512273218483,1,1,0,14852225.949222736
1661193.151901767,1661270.558682331,77.40678056399338,1,1,0,1661270.558682331
3396659.1216773177,3396810.0527551468,150.93107782909647,0,1,0,3396659.1216773177
1821582.9237183747,1821677.2827605505,94.35904217581265,0,1,0,1821582.9237183747
5452030.376131189,5452222.281148625,191.9050174355507,1,1,0,5452222.281148625
288546.4900829719,288581.80280449486,35.31272152293241,0,1,0,288546.4900829719
3901496.3747172593,3901593.954564205,97.57984694559127,0,1,0,3901496.3747172593
40801.915232038744,40818.99260181303,17.077369774284307,0,1,0,40801.915232038744
74293.52958226226,74310.68035486565,17.15077260338876,0,1,0,74293.52958226226
18640829.15079593,18641119.870709103,290.7199131734669,1,1,0,18641119.870709103
73966.16767497586,73983.70405493476,17.53637995889585,0,1,0,73966.16767497586
5408579.412974305,5408718.865788719,139.4528144132346,1,1,0,5408718.865788719
3023575.6087595387,3023743.6483793897,168.0396198509261,1,1,0,3023743.6483793897
152699.9780724618,152727.74835422167,27.770281759876525,1,1,0,152727.74835422167
2480242.3376656794,2480372.7163265287,130.37866084929556,1,1,0,2480372.7163265287
822808.5080977706,822892.8002323724,84.29213460173924,1,1,0,822892.8002323724
1847818.0306055099,1847907.2567138802,89.22610837034881,1,1,0,1847907.2567138802
480149.34843615216,480163.8724190606,14.523982908460312,0,1,0,480149.34843615216
284389.25547435007,284397.9500616151,8.694587265024893,0,1,0,284389.25547435007
1136722.8803715664,1136807.5954622398,84.71509067341685,1,1,0,1136807.5954622398
830884.2326671011,830899.1473179151,14.914650814025663,1,1,0,830899.1473179151
6070995.203750776,6071081.386808084,86.18305730819702,0,1,0,6070995.203750776
1692722.1104410996,1692829.7014242085,107.5909831088502,1,1,0,1692829.7014242085
764282.5472246957,764318.7243989529,36.177174257230945,0,1,0,764282.5472246957
11133860.357771315,11134178.12779134,317.77002002485096,1,1,0,11134178.12779134
480149.34843615216,480168.4453144082,19.096878256066702,0,1,0,480149.34843615216
7953926.320246267,7953980.181983443,53.86173717584461,0,1,0,7953926.320246267
894801.3075319069,894814.4610907999,13.153558893012814,1,1,0,894814.4610907999
3283729.5827306174,3283890.7319526332,161.14922201586887,1,1,0,3283890.7319526332
3311313.074514458,3311292.7335203555,-20.340994102414697,1,1,0,3311292.7335203555
321519.5527286986,321561.8800655196,42.32733682100661,0,1,0,321519.5527286986
3264720.039257336,3264893.3280259967,173.2887686607428,1,1,0,3264893.3280259967
316679.49738564814,316720.2473395448,40.74995389668038,0,1,0,316679.49738564814
1023654.9991617198,1023756.2021369864,101.20297526661307,1,1,0,1023756.2021369864
8605830.666446242,8606072.167208463,241.5007622204721,1,1,0,8606072.167208463
642908.6820874109,642986.7922087681,78.11012135713827,1,1,0,642986.7922087681
229368.04254773862,229402.43371312553,34.39116538691451,0,1,0,229368.04254773862
194623.6277590105,194652.07958876074,28.451829750236357,0,1,0,194623.6277590105
764282.5472246957,764320.6618116598,38.114586964133196,0,1,0,764282.5472246957
9261969.157809157,9262245.84207138,276.68426222354174,0,1,0,9261969.157809157
250623.49383776874,250672.2850528744,48.791215105651645,0,1,0,250623.49383776874
764282.5472246957,764316.4320311658,33.88480647013057,0,1,0,764282.5472246957
6545801.794917186,6546029.451279088,227.65636190213263,0,1,0,6545801.794917186
3792467.647795351,3792642.199218343,174.55142299178988,0,1,0,3792467.647795351
3806815.3492183303,3806883.8912053155,68.5419869851321,1,1,0,3806883.8912053155
1598176.0004475587,1598294.2169649266,118.21651736786589,1,1,0,1598294.2169649266
26730890.61411587,26731399.55752063,508.9434047602117,0,1,0,26730890.61411587
3444341.3672214714,3444485.6388273602,144.27160588884726,1,1,0,3444485.6388273602
2268718.843122812,2268814.6830707383,95.83994792634621,1,1,0,2268814.6830707383
73966.16767497586,73981.82563607232,15.657961096454528,0,1,0,73966.16767497586
866177.023232418,866265.309022278,88.28578985994682,1,1,0,866265.309022278
3555873.389357666,3556014.7018448203,141.31248715426773,1,1,0,3556014.7018448203
8302873.858732726,8303067.040570271,193.1818375447765,0,1,0,8302873.858732726
3792467.647795351,3792602.587878994,134.94008364295587,0,1,0,3792467.647795351
1495724.9919334848,1495818.4231626445,93.43122915970162,0,1,0,1495724.9919334848
4181973.138940897,4182042.6270478293,69.48810693249106,1,1,0,4182042.6270478293
8533076.474076575,8533356.442294752,279.968218177557,0,1,0,8533076.474076575
5952628.736709481,5952766.211721781,137.4750122996047,0,1,0,5952628.736709481
363382.5418187947,363382.70731684676,0.1654980520834215,1,1,0,363382.70731684676
612765.4293915267,612807.9126222975,42.4832307707984,0,1,0,612765.4293915267
2223204.995950113,2223334.6031916915,129.60724157840014,1,1,0,2223334.6031916915
101897.88252210115,101915.64366034481,17.761138243658934,1,1,0,101915.64366034481
9009068.180574873,9009114.954816006,46.7742411326617,1,1,0,9009114.954816006
591274.0227204594,591257.5413249478,-16.48139551153872,0,1,0,591274.0227204594
1186985.7947192837,1187023.8346802676,38.039960983907804,1,1,0,1187023.8346802676
228383.38374819365,228412.18821148208,28.804463288426632,0,1,0,228383.38374819365
1784916.1237034977,1785013.6090553612,97.48535186355002,1,1,0,1785013.6090553612
7613533.53877687,7613750.5063456595,216.96756878960878,1,1,0,7613750.5063456595
2168299.489557914,2168381.941778197,82.45222028298303,0,1,0,2168299.489557914
1589807.758968432,1589916.3519507414,108.59298230940476,0,1,0,1589807.758968432
343316.8376024959,343316.5653352018,-0.2722672941163182,0,1,0,343316.8376024959
7298310.738218909,7298550.321818297,239.58359938766807,1,1,0,7298550.321818297
96939.27838771572,96934.22901375472,-5.049373960995581,1,1,0,96934.22901375472
406030.7043884612,406096.7751876251,66.07079916389193,0,1,0,406030.7043884612
830884.2326671011,830893.7124842613,9.479817160172388,1,1,0,830893.7124842613
3333185.540455103,3333315.088245941,129.54779083793983,0,1,0,3333185.540455103
5230498.624478682,5230726.395688561,227.771209878847,1,1,0,5230726.395688561
5925319.265898995,5925445.025558184,125.75965918879956,0,1,0,5925319.265898995
6267566.109666087,6267765.972432671,199.86276658438146,0,1,0,6267566.109666087
1813492.0785892464,1813559.70226954,67.62368029356003,0,1,0,1813492.0785892464
1412557.5132314658,1412619.4451532497,61.931921783834696,1,1,0,1412619.4451532497
226432.72782276015,226458.70236063455,25.974537874397356,1,1,0,226458.70236063455
671888.431819917,671961.3310577637,72.89923784660641,0,1,0,671888.431819917
14064897.145826096,14065109.50093584,212.35510974377394,0,1,0,14064897.145826096
31668.213321512576,31683.302319869686,15.08899835711054,0,1,0,31668.213321512576
5622931.97593603,5622958.788248946,26.81231291592121,0,1,0,5622931.97593603
6950417.938389312,6950645.0350974435,227.09670813195407,0,1,0,6950417.938389312
4274019.019492431,4274157.257475711,138.23798328079283,1,1,0,4274157.257475711
13750062.722413579,13750315.535733966,252.81332038715482,0,1,0,13750062.722413579
7635916.430636806,7636183.213993745,266.78335693851113,0,1,0,7635916.430636806
8970744.4865961,8971049.420331866,304.93373576551676,0,1,0,8970744.4865961
4055070.806936847,4055168.6799137774,97.87297693034634,1,1,0,4055168.6799137774
665220.4480806327,665246.4971804385,26.049099805764854,1,1,0,665246.4971804385
1875689.3336533802,1875810.4640536855,121.13040030538104,0,1,0,1875689.3336533802
541306.8324120705,541338.1390560315,31.306643960997462,1,1,0,541338.1390560315
73383.22460362459,73397.83555995504,14.610956330448971,1,1,0,73397.83555995504
94122.05293571614,94149.58650932465,27.53357360851078,0,1,0,94122.05293571614
271261.56384734716,271303.5450005639,41.98115321673686,1,1,0,271303.5450005639
665220.4480806327,665233.4058692744,12.957788641680963,1,1,0,665233.4058692744
1203907.0240311718,1203950.8432121826,43.81918101082556,1,1,0,1203950.8432121826
16027037.039484648,16027404.662112864,367.6226282157004,1,1,0,16027404.662112864
128826.74302523359,128836.06674013211,9.323714898520848,1,1,0,128836.06674013211
2331084.3004983966,2331159.2069290574,74.90643066074699,0,1,0,2331084.3004983966
1197094.166977709,1197171.1210300913,76.95405238238163,0,1,0,1197094.166977709
1877574.1617981063,1877689.833131456,115.67133334977552,1,1,0,1877689.833131456
3303913.5029092655,3303905.638715249,-7.8641940164379776,0,1,0,3303913.5029092655
358617.4844571371,358647.42836403014,29.94390689302236,1,1,0,358647.42836403014
275300.34936256433,275340.88656005514,40.53719749080483,0,1,0,275300.34936256433
6974419.406856188,6974563.645304536,144.23844834882766,0,1,0,6974419.406856188
127187.43128642272,127212.68379575176,25.252509329031454,0,1,0,127187.43128642272
665220.4480806327,665241.0075919601,20.559511327417567,0,1,0,665220.4480806327
1282212.8368828252,1282275.0564480834,62.21956525812857,0,1,0,1282212.8368828252
14397904.552325727,14398286.011170838,381.4588451106101,0,1,0,14397904.552325727
6797015.160596746,6797243.169089718,228.00849297177047,1,1,0,6797243.169089718
165437.03380450173,165453.76747303596,16.733668534230674,0,1,0,165437.03380450173
932111.6242528124,932179.9172674408,68.29301462846342,0,1,0,932111.6242528124
4946978.462005302,4947172.037723795,193.57571849226952,1,1,0,4947172.037723795
26963577.599322863,26964068.11718245,490.5178595855832,0,1,0,26963577.599322863
209409779.47501644,209409565.974633,-213.50038343667984,0,1,0,209409779.47501644
123886.63063740215,123887.22901591822,0.5983785160642583,0,1,0,123886.63063740215
89289.63735968676,89300.67376890327,11.036409216510947,1,1,0,89300.67376890327
1887502.0735500637,1887616.2035282468,114.12997818319127,1,1,0,1887616.2035282468
1187614.1943890834,1187634.7816932858,20.58730420237407,0,1,0,1187614.1943890834
3949608.8918481655,3949564.192931423,-44.69891674257815,0,1,0,3949608.8918481655
15166325.820369095,15166699.34325596,373.522886864841,1,1,0,15166699.34325596
3085735.0125213237,3085893.558457521,158.54593619704247,0,1,0,3085735.0125213237
1802819.8107165669,1802933.2636921066,113.45297553972341,1,1,0,1802933.2636921066
1295858.0874203388,1295903.730224411,45.642804072238505,1,1,0,1295903.730224411
4968387.499149974,4968581.941483413,194.4423334384337,0,1,0,4968387.499149974
74293.52958226226,74304.16921291698,10.639630654724897,0,1,0,74293.52958226226
47228.480858625044,47242.64598550496,14.165126879917807,0,1,0,47228.480858625044
275300.34936256433,275339.82662331127,39.47726074693492,0,1,0,275300.34936256433
359162.42064649763,359197.0799780252,34.659331527596805,0,1,0,359162.42064649763
1102547.2567188914,1102624.9651536385,77.70843474706635,0,1,0,1102547.2567188914
22755838.314897653,22756151.85503425,313.5401365980506,1,1,0,22756151.85503425
57347.75620794325,57356.068589715855,8.312381772608205,1,1,0,57356.068589715855
3744182.7553873705,3744309.2960442877,126.54065691726282,0,1,0,3744182.7553873705
1773178.1788168591,1773294.9033704954,116.72455363627523,1,1,0,1773294.9033704954
1877574.1617981063,1877680.954799328,106.79300122172572,1,1,0,1877680.954799328
642908.6820874109,642977.3526694843,68.67058207339142,1,1,0,642977.3526694843
96939.27838771572,96937.72410562895,-1.5542820867703995,1,1,0,96937.72410562895
1282212.8368828252,1282285.4967345572,72.65985173196532,1,1,0,1282285.4967345572
10329396.377408754,10329609.457042774,213.079634020105,1,1,0,10329609.457042774
1282212.8368828252,1282283.9890358693,71.15215304400772,0,1,0,1282212.8368828252
665220.4480806327,665244.909691314,24.461610681260936,0,1,0,665220.4480806327
6267293.101332681,6267481.074590495,187.9732578136027,0,1,0,6267293.101332681
1007463.4510234176,1007520.1261566925,56.67513327486813,0,1,0,1007463.4510234176
209409779.47501644,209409754.63700908,-24.838007360696793,0,1,0,209409779.47501644
40801.915232038744,40814.79227434443,12.877042305684881,0,1,0,40801.915232038744
5925319.265898995,5925502.820109719,183.5542107243091,0,1,0,5925319.265898995
141877.76570612966,141900.66940631924,22.90370018957765,1,1,0,141900.66940631924
2886472.6845166525,2886585.352513545,112.66799689270556,0,1,0,2886472.6845166525
5952628.736709481,5952787.044460855,158.3077513743192,0,1,0,5952628.736709481
6743459.567150459,6743643.076848673,183.5096982140094,0,1,0,6743459.567150459
218516.57951305184,218535.36386700268,18.784353950846707,1,1,0,218535.36386700268
505635.0293831093,505633.1435056451,-1.8858774641994387,1,1,0,505633.1435056451
674378.2538219108,674414.6076511808,36.35382926999591,0,1,0,674378.2538219108
137441.16501623308,137469.08286199687,27.917845763789956,1,1,0,137469.08286199687
159751.27052301558,159774.35151971818,23.080996702599805,1,1,0,159774.35151971818
1784916.1237034977,1785012.022708288,95.89900479023345,1,1,0,1785012.022708288
3791610.099972179,3791720.9270778336,110.82710565440357,0,1,0,3791610.099972179
505635.0293831093,505642.615755242,7.586372132704128,1,1,0,505642.615755242
16945967.904154036,16946368.831156578,400.92700254172087,0,1,0,16945967.904154036
352060.38665947603,352083.5309167739,23.144257297855802,0,1,0,352060.38665947603
328891.0801646634,328943.0838963546,52.00373169122031,1,1,0,328943.0838963546
1282212.8368828252,1282296.5535735518,83.71669072657824,0,1,0,1282212.8368828252
2053930.2186851925,2053913.5316457201,-16.687039472395554,0,1,0,2053930.2186851925
190441.1155331657,190448.8341149805,7.7185818148136605,0,1,0,190441.1155331657
7635916.430636806,7636202.945781942,286.51514513604343,0,1,0,7635916.430636806
250623.49383776874,250668.76337642758,45.269538658845704,0,1,0,250623.49383776874
2745785.3203164386,2745908.4558076733,123.13549123471603,1,1,0,2745908.4558076733
11265012.111761114,11265302.035335721,289.9235746078193,1,1,0,11265302.035335721
148937.9423668604,148968.86493777847,30.922570918075508,0,1,0,148937.9423668604
772727.7111405021,772783.9713978979,56.26025739579927,1,1,0,772783.9713978979
5339509.742037672,5339479.892495886,-29.84954178519547,0,1,0,5339509.742037672
131032.49230534109,131062.41213186683,29.9198265257437,1,1,0,131062.41213186683
137441.16501623308,137464.33706903117,23.172052798094228,1,1,0,137464.33706903117
622920.6365021671,622960.2877188454,39.65121667832136,0,1,0,622920.6365021671
5580716.816691661,5580920.873325285,204.05663362331688,1,1,0,5580920.873325285
8479014.152744133,8479292.391352419,278.2386082857847,0,1,0,8479014.152744133
226432.72782276015,226456.00970355902,23.28188079886604,1,1,0,226456.00970355902
956834.1005823506,956891.6666009654,57.56601861480158,0,1,0,956834.1005823506
1865216.675180399,1865321.8710802444,105.19589984533377,0,1,0,1865216.675180399
5339509.742037672,5339474.467416848,-35.274620823562145,0,1,0,5339509.742037672
5871384.695678936,5871409.298353152,24.602674216032028,0,1,0,5871384.695678936
6818589.736849939,6818857.240689812,267.50383987277746,0,1,0,6818589.736849939
485658.0759866033,485711.4199156096,53.343929006310645,1,1,0,485711.4199156096
591274.0227204594,591276.5957904508,2.5730699914274737,0,1,0,591274.0227204594
837258.492534493,837354.6093519224,96.11681742942892,1,1,0,837354.6093519224
6881966.102418847,6882132.852847225,166.75042837765068,1,1,0,6882132.852847225
64889.22133754609,64902.35010554506,13.128767998969124,1,1,0,64902.35010554506
752209.8151967054,752275.9705659953,66.15536928991787,0,1,0,752209.8151967054
847871.7805865989,847952.4325540179,80.65196741896216,0,1,0,847871.7805865989
2557075.8568376983,2557173.846435458,97.98959775967523,1,1,0,2557173.846435458
31668.213321512576,31683.60048828483,15.387166772252385,0,1,0,31668.213321512576
2046947.6806875272,2047041.5767500408,93.89606251358055,0,1,0,2046947.6806875272
4282582.57650045,4282760.672746715,178.09624626487494,0,1,0,4282582.57650045
6950417.938389312,6950686.173355667,268.23496635537595,0,1,0,6950417.938389312
15240459.766304024,15240718.045069609,258.2787655852735,0,1,0,15240459.766304024
1984059.5019844382,1984131.1713686015,71.66938416333869,1,1,0,1984131.1713686015
15240459.766304024,15240745.721047543,285.9547435194254,0,1,0,15240459.766304024
25615.498348363304,25625.755381482446,10.257033119141852,0,1,0,25615.498348363304
600886.3911490919,600871.3057142457,-15.085434846230783,0,1,0,600886.3911490919
848335.1267673018,848406.5399291432,71.41316184133757,0,1,0,848335.1267673018
745207.949757806,745270.021717643,62.07195983699057,1,1,0,745270.021717643
206665.50040455983,206662.7368970421,-2.763507517724065,1,1,0,206662.7368970421
