customer_id,signup_date,preferred_payment_method,reliability,financial_stability,responsiveness,retry_sensitivity,reminder_sensitivity,activity_level
C00001,2025-01-30,WALLET,0.8474362002717577,0.6236317372205136,0.6158664721611458,0.49466815137957676,0.7635989425126563,0.2085953898377155
C00002,2025-12-20,NETBANKING,0.7937865508795596,0.6981189548619254,0.5072168249236908,0.5697891226947734,0.3151787332151388,0.5697740147223074
C00003,2025-06-03,UPI,0.7287712649204053,0.728419975734391,0.8677828467290355,0.6959469726976621,0.5642942162202429,0.36340589586806327
C00004,2025-06-02,CARD,0.7131128787910659,0.7902699235855679,0.7400849440317524,0.5538217813625748,0.43488870104547217,0.4333198773124669
C00005,2025-09-20,NETBANKING,0.7228347979496449,0.671666653089963,0.4643369926527335,0.6971913138788993,0.4200238316350355,0.5719101006646374
C00006,2025-11-19,UPI,0.6527819864748847,0.5153171067752885,0.808794303782087,0.8854139746851751,0.5476540634211425,0.6061990841793438
C00007,2025-04-14,UPI,0.642142418388064,0.6590795242617724,0.5767760250076844,0.5784539181242786,0.9283746510232834,0.015399024724639637
C00008,2025-08-24,CARD,0.8884195051440991,0.7342490315187541,0.6261305558868817,0.4710763381372308,0.4974611353522367,0.9949018454545678
C00009,2025-02-03,UPI,0.5540748498424206,0.5045744755194108,0.6505956057911992,0.48322667748736925,0.6113653674170434,0.43301573612275346
C00010,2025-10-18,CARD,0.8438729971194316,0.7163943118188133,0.8467683797568837,0.8007345926019138,0.5724187203785752,0.5639130745419794
C00011,2025-07-17,UPI,0.7107789652638102,0.6817384886444042,0.892704273460681,0.7264881056308236,0.6517075860870436,0.04575337080543636
C00012,2025-07-22,UPI,0.4053263139356106,0.6314586287900263,0.5169172995914412,0.5329880963435433,0.5252155542223438,0.8425174413221748
C00013,2025-02-28,CARD,0.8450041390381866,0.8025680243912645,0.6277956631787368,0.7115600568227894,0.6036207352727231,0.48877087938088015
C00014,2025-02-25,CARD,0.7898540491165658,0.4659991690246139,0.7068876559843094,0.6308328224321359,0.44161412998511873,0.7615900013202012
C00015,2025-02-10,CARD,0.8428315443642937,0.7101284180436063,0.8815745117780616,0.6011198863330166,0.37369973725959116,0.957398767060666
C00016,2025-07-17,UPI,0.7672520273570509,0.8031928686779539,0.8580016958132755,0.7025993235622655,0.6435307553870379,0.38465062734963595
C00017,2025-08-31,WALLET,0.8122630466960651,0.7622935120527361,0.26726525007691804,0.7181010163384979,0.600020822244656,0.8285710295466986
C00018,2025-09-01,NETBANKING,0.6180119205174823,0.37010996182777456,0.6802366137737235,0.4817934787196803,0.4785118658937755,0.7894634202816858
C00019,2025-03-06,CARD,0.5627791350168746,0.5551830406462553,0.2796403181653587,0.529793359767575,0.6518666846201984,0.28530714359833326
C00020,2025-02-14,UPI,0.7758646178501274,0.8456151005370847,0.7603323670718097,0.6500970816495114,0.46904300397830645,0.43689868461031783
C00021,2025-06-14,UPI,0.8408622255270893,0.7370277346994775,0.6713740212820498,0.7883567598964821,0.6240421348842142,0.5775687505658695
C00022,2025-08-03,WALLET,0.6190201309818666,0.654340296794213,0.52310412191538,0.6282288441606498,0.4191680058281787,0.158067375822028
C00023,2025-01-05,WALLET,0.8046501291627072,0.615657418898598,0.5156891174747023,0.4553027835526654,0.4786790124810163,0.752083571457224
C00024,2025-09-07,WALLET,0.5899807696955408,0.45026024392979375,0.5803097406546083,0.5603699048292836,0.5375585513417797,0.2956374824867207
C00025,2025-01-14,UPI,0.6764103631348589,0.6172416305382404,0.7154492779045444,0.5963151951888584,0.44608310076016733,0.7095928420208605
C00026,2025-01-16,CARD,0.856380055076221,0.7985416338268274,0.8764397514600393,0.7169844671735484,0.7490329076412148,0.48734129830144124
C00027,2025-05-16,UPI,0.8225649090160448,0.69988379422555,0.8973254974493924,0.6882334615956355,0.8252731037131,0.6640953838644372
C00028,2025-09-02,CARD,0.8640165845025581,0.6374523282931499,0.7569005744510646,0.5601794142988814,0.5727425059789077,0.7814451380093855
C00029,2025-06-14,UPI,0.7070592191887217,0.6207458928643232,0.6408210472776324,0.7166584466087175,0.38655290016082217,0.5466089070979089
C00030,2025-04-27,NETBANKING,0.5564266301918245,0.6695360116059941,0.6541439855219766,0.5356879871647031,0.3668051912189854,0.4305285127475697
C00031,2025-04-05,UPI,0.7209230096724422,0.6795971830648081,0.5085964726599815,0.6853434947667196,0.8011725163326,0.3714095423849053
C00032,2025-04-05,UPI,0.8988824358943801,0.7219877471924941,0.6745377160493528,0.862744143317567,0.7106204303021395,0.6482531700226898
C00033,2025-09-18,UPI,0.7785178811759335,0.722074792019167,0.3839423671230436,0.9913197230620663,0.5301747191162672,0.34142695583845273
C00034,2025-06-26,NETBANKING,0.6562773836790946,0.6120225672251821,0.5307867726835902,0.5743747414196876,0.5615921506960726,0.7031201908850205
C00035,2025-03-14,UPI,0.7958694194571204,0.5221175758513883,0.7753767964871832,0.5464378990174048,0.5251512013475689,0.7247656490246716
C00036,2025-09-06,UPI,0.646318101911826,0.6689750431494033,0.6412945157028731,0.20287867870042003,0.5787374031660415,0.07689425204934794
C00037,2025-10-14,UPI,0.7899069923025083,0.7432587773365315,0.7475384173120694,0.96074665911753,0.846647295381162,0.1630589560766533
C00038,2025-09-23,CARD,0.82668643035196,0.5489587692243811,0.461830884459941,0.8014281871369306,0.6579718976520205,0.586183739818963
C00039,2025-10-03,UPI,0.7892747037287412,0.6576487379598311,0.844487512229015,0.7792213510205145,0.4289500389664603,0.5978570010445281
C00040,2025-11-02,UPI,0.6387050574514508,0.46053554432189014,0.7180121336226218,0.7861908790210046,0.7140991420682045,0.3674648452318131
C00041,2025-03-16,UPI,0.7637856012396873,0.6776624900536882,0.9264752070118947,0.6927745582184629,0.719522741311508,0.6988654393003246
C00042,2025-10-08,CARD,0.9502935482213806,0.8928760221492755,0.8601733627191125,0.8029233249482934,0.5954208273977394,0.3555823245102421
C00043,2025-10-02,NETBANKING,0.6905192591043431,0.5853205684511051,0.6498406904142392,0.8948209243421427,0.6300275303480054,0.4546715326882378
C00044,2025-03-21,UPI,0.6579114823430081,0.5075234983062659,0.5387705166553827,0.6405073906819388,0.5215932906365189,0.40966943478511736
C00045,2025-12-20,CARD,0.48179315617365887,0.5998774087458811,0.7061304528390188,0.5280744089262922,0.8440782340489482,0.7270305342318969
C00046,2025-07-29,UPI,0.572029148798978,0.6517967242631457,0.3603593037431765,0.3177926583797483,0.17156494613169637,0.7345877411002069
C00047,2025-04-09,NETBANKING,0.9079369765317774,0.8609585761360703,0.7595996078237024,0.4409029001616675,0.4173739002829995,0.5654566849928984
C00048,2025-02-14,UPI,0.6482510717999552,0.45668232738343606,0.679075382928114,0.5635212408049673,0.44967780020367204,0.15222928671399394
C00049,2025-02-22,CARD,0.5691041065036005,0.8352046723595777,0.5717496711075394,0.6298966633224341,0.7833413165836,0.13640302844768232
C00050,2025-09-21,UPI,0.5602678184008779,0.4510462360560899,0.5996727045632495,0.28043489686393647,0.2314796052335361,0.3087286941026702
C00051,2025-12-24,UPI,0.8928401459611319,0.7189502009392079,0.34585598119707006,0.685959191731743,0.29383158856552943,0.3294064477508473
C00052,2025-08-01,CARD,0.6790678675342061,0.5438675778081106,0.655556568609248,0.795809396580767,0.2811425117120836,0.09919681537955835
C00053,2025-07-19,UPI,0.7286829088105822,0.7018507980766722,0.8089566992173594,0.6756236839642249,0.6086897917700282,0.4035454452979055
C00054,2025-10-13,NETBANKING,0.8131835967045746,0.6725140019865841,0.7843189845556318,0.716199914855468,0.49652804932375477,0.36910001706436923
C00055,2025-10-23,WALLET,0.7476365720797651,0.5986922003147972,0.8670408946131003,0.6854690150927315,0.9487613321976744,0.931090759052965
C00056,2025-08-16,CARD,0.8200707367123927,0.5204873743221403,0.6684185147380134,0.4888878807044011,0.5915512544378981,0.33308605290736965
C00057,2025-07-03,UPI,0.46026414437482394,0.3874651490083394,0.7579932935615501,0.5145486487091577,0.7424969320979826,0.6350758843382199
C00058,2025-12-09,UPI,0.6906217507350751,0.8040327375599323,0.5777148301000489,0.5346649728470825,0.6074401445842191,0.3186232746243015
C00059,2025-05-15,UPI,0.7756581126088553,0.6374526836471278,0.6135552588789273,0.42947844556226894,0.6280899492292275,0.8160033379130599
C00060,2025-10-11,UPI,0.7250678253679786,0.6384675423760753,0.6744086713000773,0.7320593172546703,0.5595555022708686,0.3163113771771668
C00061,2025-11-20,NETBANKING,0.5864232386524275,0.49835526285947873,0.8417728074302713,0.5357063537235044,0.5638968687117849,0.5091373341364229
C00062,2025-10-13,CARD,0.888879960865264,0.8005988031792843,0.6214149859583369,0.4999542699963355,0.5700290439004604,0.253519039033647
C00063,2025-02-17,UPI,0.5971812499086357,0.44910440807894814,0.7112723656151531,0.2965063565627568,0.2337897829017258,0.21806708921754878
C00064,2025-10-30,CARD,0.49579024211057815,0.43123869383170454,0.5679933490894814,0.5796860213013908,0.7758763434880287,0.46912455813347037
C00065,2025-06-21,UPI,0.5161421261167343,0.41306318242601986,0.4796908799838704,0.41099916657791086,0.6016766679584821,0.2156931850746801
C00066,2025-12-13,UPI,0.5835198137037233,0.37873855710393717,0.6112992473499389,0.6993402864775553,0.621151784147272,0.3914874337406853
C00067,2025-07-09,CARD,0.5315074439624842,0.4540206555093222,0.617622985885829,0.7271842116881211,0.5153153070575803,0.46922473306819246
C00068,2025-03-30,CARD,0.5970907088718562,0.5865863768814172,0.595148207194039,0.270775009057748,0.6927289693227724,0.9140547213649121
C00069,2025-04-26,UPI,0.8048069105533918,0.5931038196482221,0.806006314071977,0.2848325905127961,0.4515551417011088,0.5308093154440516
C00070,2025-05-14,UPI,0.7373445829909298,0.34087401003704815,0.4298357317303654,0.8477344582821182,0.6694651607706228,0.8865686659698635
C00071,2025-08-21,UPI,0.4752806384000415,0.4692739571398581,0.592456294564025,0.18864513653498274,0.6543865704874008,0.4407433644748611
C00072,2025-04-11,UPI,0.5682452216722507,0.41227797482898787,0.7683313692409414,0.2704859722265427,0.6847543769363105,0.7451500323359338
C00073,2025-05-18,UPI,0.5356412839595226,0.5244657128907764,0.588175607592193,0.2965330628888746,0.6468318098460413,0.3579540013777233
C00074,2025-04-23,CARD,0.8713311384455862,0.6465384869849481,0.7458648365286992,0.4816486327863381,0.8470365788877648,0.5711104038372395
C00075,2025-09-27,CARD,0.5450963938339307,0.6591687403936328,0.5843919760264538,0.7771566877047611,0.4561549959859223,0.30935637020168005
C00076,2025-09-18,UPI,0.8113727408208604,0.5790467445906111,0.912365439379361,0.690105461664696,0.408998349232832,0.21856908705903055
C00077,2025-09-30,CARD,0.9045162440448064,0.6887272689281387,0.6134310382267162,0.5719090849215968,0.6052597284474011,1.0
C00078,2025-01-18,UPI,0.8277699991956976,0.72165235241104,0.4393804727041535,0.5102838995228144,0.6130115850943756,0.7068452346058802
C00079,2025-11-01,CARD,0.5364462013876276,0.5942701854121133,0.41159182902804314,0.3675055279961515,0.6959926610262146,0.7803121620686106
C00080,2025-04-05,CARD,0.5900121126204788,0.4945471687891325,0.4839562744116304,0.38609429302170195,0.45533022073330043,0.9124480365089346
C00081,2025-06-22,UPI,0.7873228240036277,0.6171425688088937,0.7606473629364316,0.44929980394466384,0.4601585673387313,0.4476373348101446
C00082,2025-03-31,UPI,0.5771833824543775,0.3612693773629546,0.6831290176602819,0.3259886552715853,0.8508449502660058,0.9869625882340505
C00083,2025-03-13,CARD,0.6839864897999447,0.5687854050660854,0.3003136975607673,0.7776370295236809,0.7339705483959698,0.38000200607012796
C00084,2025-02-10,UPI,0.5340755378938601,0.5885791290815899,0.4682788181011597,0.7850237460913216,0.5110248399547811,0.9101659633054331
C00085,2025-01-12,WALLET,0.8093892615545737,0.5490652527346874,0.8367009901276913,0.25186933848011245,0.5608055465218119,0.8344901351732534
C00086,2025-08-30,UPI,0.8133906763508415,0.6356690562655004,0.33734761510184597,0.24486026632629382,0.3186818748492245,0.42256900220683025
C00087,2025-11-17,WALLET,0.7421280277860092,0.4163862898692578,0.5756890638128516,0.44911830496732574,0.7917174868714272,0.865383803605612
C00088,2025-12-22,UPI,0.6512432292870723,0.5371647348930934,0.7410589411410168,0.6324047757533832,0.8638163072017457,0.5481556608127999
C00089,2025-04-17,UPI,0.32447016308408555,0.5625011895480013,0.46322605375168047,0.5837548374141274,0.5488970119879849,0.5734368562506486
C00090,2025-07-25,UPI,0.8417613656900503,0.8590993105763327,0.4076211838342821,0.3635983685070066,0.46718832985484776,0.436072941206255
C00091,2025-07-29,UPI,0.6071960348874951,0.7441945433814731,0.45019550975018563,0.4143319464138975,0.6363024199540195,0.603959555204779
C00092,2025-04-24,NETBANKING,0.8763378666197783,0.7365185747656743,0.8012726020292201,0.4323069604424225,0.3854234860634648,0.3376795206666525
C00093,2026-01-01,NETBANKING,0.782393021437503,0.8989095594381705,0.5419088874236878,0.6777080450145453,0.5160775582055981,0.29655387040065206
C00094,2025-10-13,CARD,0.7424317145568278,0.6967925725506413,0.585877534457569,0.7202823121015905,0.9565024861694815,0.7527522967202844
C00095,2025-12-15,UPI,0.7733065143441119,0.6816497080118639,0.64892802685949,0.5272934279237148,0.7407965990219837,0.40859294519867856
C00096,2025-09-12,UPI,0.8342473794708505,0.8770682132606267,0.8294018650088729,0.6715194981820712,0.6396049149500953,0.7099890926407085
C00097,2025-12-17,UPI,0.8388919978184863,0.8929595403893305,0.8668516130750843,0.8312804722350315,0.5209465688108146,0.40039393592639844
C00098,2025-07-02,UPI,0.7454918606564102,0.6691580271719161,0.6014176264995406,0.6041383932131866,0.634137180236028,0.7144472494534575
C00099,2025-06-09,CARD,0.7028447481334276,0.5532729870555779,0.7011304376335938,0.8447142616060224,0.5424311740858225,0.7517607148169424
C00100,2025-02-14,UPI,0.8012574764385808,0.7128315956459093,0.6788693504791979,0.2619419163834975,0.6722633259962816,0.7810115109618332
C00101,2025-10-25,UPI,0.8021335822423197,0.7333472681327289,0.5974232434620574,0.7860561709504148,0.6041053768808855,0.1051625320225833
C00102,2025-12-17,CARD,0.7722098668050574,0.7874668650577437,0.6724169842522009,0.4965388156973356,0.8301955926761198,0.23833623455311165
C00103,2025-07-29,UPI,0.5648332566346925,0.5628101795160011,0.5850547421086502,0.33946661890159713,0.6058785094896928,0.13395770631417592
C00104,2025-01-20,UPI,0.8304795948089788,0.5636164729612962,0.7823920189231838,0.9763127721638384,0.4688985470142766,0.3946327673938999
C00105,2025-05-20,UPI,0.6695905756718891,0.7101088246118935,0.6814770786011691,0.5402192163005248,0.49000570979397967,0.5769188882799944
C00106,2025-12-15,UPI,0.6737333224600597,0.5072396352837225,0.6556175525116905,0.2521984843420069,0.7349826264223978,0.3526005407962138
C00107,2025-03-07,WALLET,0.7399137980861218,0.6229570714498427,0.6264226152953324,0.7337226441101085,0.5854268328216129,0.772047983904744
C00108,2025-02-06,CARD,0.8729674465642745,0.5475211948090075,0.6507017430411393,0.7431069603104405,0.6531271178884019,0.4851611383851902
C00109,2025-12-01,UPI,0.7986066898462966,0.5997679934995797,0.5955496084210887,0.4881540632253441,0.6755805156840157,0.7011238881606539
C00110,2025-09-08,CARD,0.5903946128404701,0.44936000086263417,0.8380873792581475,0.5131514626751564,0.618996675526407,0.4116092287324301
C00111,2025-05-19,CARD,0.6712583424281883,0.5556584639867355,0.604320877520459,0.7842574252103593,0.8428600135916666,0.4567066617057241
C00112,2025-06-29,NETBANKING,0.4475695398051966,0.4850380045523027,0.5902505987164506,0.5853094302517201,0.3928490118259769,0.34451651857672105
C00113,2025-06-04,CARD,0.6772190826194273,0.6283936418348756,0.9361521535834936,0.7800314835203743,0.4107148750679579,0.9149548920287515
C00114,2025-04-20,CARD,0.8586449850800446,0.8204045264595117,0.6090845241523707,0.923572703815406,0.5623299440378123,0.21128719176694816
C00115,2025-08-08,WALLET,0.7046577171124605,0.7866715653462867,0.2846212557698823,0.8094308598577967,0.7284522613949999,0.5891010110055654
C00116,2025-03-25,UPI,0.7716751673699614,0.6998240938108011,0.7697920901135794,0.5426828508325615,0.6804219746325986,0.6528481028008419
C00117,2025-12-17,UPI,0.7722442029345483,0.7207273560218733,0.8110108339299247,0.3275254521484444,0.5194586522922509,0.7235752397584904
C00118,2025-04-17,UPI,0.8945688840773846,0.8418287689829307,0.6285890850828987,0.5326336315681252,0.5920962615294553,0.5207911547101172
C00119,2025-07-23,UPI,0.9177677799373023,0.7986425037700693,0.8004660879119432,0.5671141733391483,0.7752051646085871,0.7209789068104879
C00120,2025-04-18,UPI,0.6414158826689695,0.5493812150026379,0.8412878638929999,0.7704739023975102,0.4078660871232773,0.4161926519552497
C00121,2025-05-04,UPI,0.8557332723433168,0.7367552644718456,0.7632081437503073,0.7622038788919974,0.8209758456676368,0.6534524543878095
C00122,2025-06-13,NETBANKING,0.4477117999717545,0.41473826458329194,0.46100301772552255,0.8570004219823985,0.6364373863528462,0.5509947750788741
C00123,2025-09-01,WALLET,0.6901616986509413,0.5016003420984846,0.7268235894365357,0.8337994073303616,0.7255288333636472,0.09469966730845404
C00124,2025-10-19,UPI,0.3357322093418895,0.46893908062178025,0.558434705445266,0.46697088712478824,0.7213922225354573,0.4137033239433083
C00125,2025-05-10,NETBANKING,0.8571654416102583,0.6855647208821387,0.8475341654126051,0.7351694905607323,0.7576221818840017,0.2508718211427293
C00126,2025-03-05,UPI,0.8997692339276799,0.8773496778972103,0.5769326377755178,0.5878546547693737,0.546467772017505,0.8444017658086426
C00127,2025-06-05,UPI,0.820519088912151,0.5504985471533929,0.5128734188455273,0.4686378599641787,0.5009244166353297,0.5039967379899363
C00128,2025-12-01,NETBANKING,0.3868645641835532,0.61663579137822,0.3526086498568175,0.35338594691240904,0.6012319079692499,0.41202208148152875
C00129,2025-09-10,UPI,0.7953426213871995,0.7486303997697045,0.5832942046310235,0.30471694137546473,0.5350709626968949,0.7920676058502094
C00130,2025-08-27,UPI,0.6320862357710785,0.6285603171124452,0.30212860565187744,0.5445720961352754,0.698074855695282,0.4774176860106028
C00131,2025-10-11,UPI,0.6625460306419827,0.5715435674683266,0.40024262834299174,0.3006984752630709,0.30643308516031775,0.556607794160971
C00132,2025-12-05,UPI,0.69426265987491,0.7495637061796312,0.4747273264082047,0.41013417312116357,0.36649458750890296,0.6328751559231099
C00133,2025-07-30,UPI,0.6768825352370583,0.6105029799586792,0.7930383580782531,0.8922417242254383,0.4429752152357812,0.5996596727241479
C00134,2025-10-14,UPI,0.9016155261280724,0.715289924480939,0.7586069446435169,0.8357510382170836,0.561224350478158,0.17082774089036748
C00135,2025-02-22,UPI,0.8732803669007165,0.6839522466482264,0.7137581895936939,0.7119743121484384,0.6570650424248785,0.6770202852041135
C00136,2025-06-09,UPI,0.7395066530737917,0.7560857806502597,0.7783748597721897,0.508969056608623,0.47574158150595464,0.8038721507867739
C00137,2025-03-21,CARD,0.753119468254375,0.7523926548102922,0.6053368144133191,0.30369675439506744,0.7996133663181746,0.8735521555674608
C00138,2025-10-28,UPI,0.8203947518002787,0.7281678152767883,0.5212980032723042,0.6014197032916351,0.4646788131303276,0.5699080967740605
C00139,2025-10-04,CARD,0.681940798281709,0.5979400433991827,0.7035808378182061,0.6526553395366503,0.7432083871866128,0.8939990404095107
C00140,2025-05-03,CARD,0.6509495242794485,0.560760455806848,0.22945992603065118,0.728235748229458,0.24622613105163693,0.5663295206188838
C00141,2025-12-14,NETBANKING,0.6629692899108292,0.5761261473875862,0.7119182668521704,0.5802502373198387,0.7319398530370597,0.1084799872914019
C00142,2025-11-18,CARD,0.6406360091614155,0.675033248878888,0.32362378193792785,0.9006764205050232,0.22544526425950345,0.5853331993877737
C00143,2025-06-26,CARD,0.7982602386115045,0.675426293481085,0.901204879596756,0.49311113450637406,0.4334740613994034,0.25829299073714646
C00144,2025-02-08,UPI,0.8445727696638904,0.6685946767547064,0.682554372837222,0.5385085852819983,0.598822398409149,0.5298370772958371
C00145,2025-02-09,CARD,0.5299371420106782,0.36810143265592443,0.5714406504692086,0.601706259775808,0.7082230855709627,0.5670948993367395
C00146,2025-01-07,CARD,0.8280840522545156,0.7528519054868756,0.6864821477178575,0.32251331795877636,0.789346769683709,0.2764090235131996
C00147,2025-07-20,UPI,0.7827141364320097,0.7343356381530206,0.5843953066802566,0.5528969230626372,0.615448570360747,0.4060223419506015
C00148,2025-10-01,UPI,0.7987609147138975,0.7905302789070453,0.6077027111977552,0.7524991799402362,0.8899983021040918,0.3873178483367158
C00149,2025-02-26,CARD,0.7546465330355006,0.8320464296015473,0.24428627780378148,0.18031546009858698,0.27664769658507893,0.13263441119431904
C00150,2025-11-22,CARD,0.32069832091506567,0.5160855926951499,0.30048445595430906,0.586449082284524,0.4679918558043446,0.22921924138819066
C00151,2025-06-10,UPI,0.8191054128063361,0.7825057882017271,0.6406071872694472,0.555037346053314,0.45503086823493843,0.9361788577129235
C00152,2025-01-25,UPI,0.7903697788032875,0.648125279631439,0.6334156392849987,0.3546738862521641,0.7101644056424943,0.0
C00153,2025-11-12,UPI,0.7984135952182638,0.47462990202311545,0.8278847325827798,0.39844905052186086,0.7595988129566635,0.7722062508634977
C00154,2025-09-12,WALLET,0.8209632565861564,0.7560134600198091,0.8745400858776018,0.8177030380386157,0.6285656882532328,0.5110612180429843
C00155,2025-06-16,UPI,0.6639709262823451,0.679347096593111,0.5912979627115963,0.5352713977780271,0.49938687341285515,0.6016289028452662
C00156,2025-09-15,CARD,0.7217466835512798,0.6128252133984515,0.8674711501581505,0.6006152387024615,0.9833952288840138,0.7086705291670746
C00157,2025-02-18,UPI,0.6573660989462646,0.7304674709279266,0.6613509794996546,0.27381018017412656,0.6562061963222353,0.4516525410835551
C00158,2025-03-25,CARD,0.5698617742370117,0.5991689267936816,0.6445010345753883,0.554879618650945,0.5316404931393586,0.8497816297742022
C00159,2025-06-22,UPI,0.8161668732327085,0.5339979596566237,0.7485620727332184,0.6326726707227985,0.7773768646625366,0.8062133419143539
C00160,2025-10-14,CARD,0.6047338028452127,0.43604860664743034,0.7748617766946831,0.8133654109885775,0.4970468084380033,0.2071288554860049
C00161,2025-11-17,CARD,0.7547339201304107,0.4628599897916665,0.7442939048299577,0.5015155867802056,0.8213759084391965,0.4455120029551443
C00162,2025-06-27,UPI,0.542255116318803,0.5869728909686938,0.5685074753510022,0.6330077552812986,0.6784339319622709,0.6004662810700135
C00163,2025-08-22,UPI,0.8236682485988116,0.6872753921625896,0.6888142386414168,0.6606911464018291,0.8241252423121931,0.7536955278750405
C00164,2025-07-17,CARD,0.8025899863134263,0.6644862569464843,0.7220644464605293,0.6776879315692285,0.948700472509192,0.3292204962318332
C00165,2025-12-04,UPI,0.8901611085218891,0.8784275986129897,0.5456920726077746,0.7336996348055487,0.40200061687931654,0.4481856624583066
C00166,2025-11-01,UPI,0.9050724698626265,0.6681693443225165,0.789742782488266,0.4942833902378854,0.6475409472792776,0.44420967150025437
C00167,2025-11-24,UPI,0.5423877421284923,0.5468684459877267,0.723042961803713,0.43123569239069637,0.4363480166126733,0.8563532316230805
C00168,2025-05-20,UPI,0.5586226248467366,0.6932077478778798,0.5399164588334086,0.7800367112899846,0.6464434432893074,0.7210714835315524
C00169,2025-06-05,CARD,0.9441053695199411,0.7752365531846944,0.645211223210311,0.7717137650506359,0.9020992942486878,0.6174312147396095
C00170,2025-09-16,UPI,0.45877880871996846,0.41002679198050207,0.45456976532984406,0.7102451945904321,0.27713471796486827,0.48496869161480155
C00171,2025-09-21,UPI,0.7870492363278203,0.6381869560833775,0.6241828407760418,0.5355541332471185,0.5020275782089738,0.863994466296467
C00172,2025-02-05,UPI,0.601241951956907,0.5539735101650367,0.567626223667032,0.40946195424879495,0.8409965963374961,0.3395493900967138
C00173,2025-01-03,UPI,0.790013105915146,0.6516226813358329,0.6543679561665978,0.7438014431507051,0.4779731581277831,0.6937965336286438
C00174,2025-11-06,UPI,0.537319077346385,0.2724956243391414,0.7506282682731877,0.2805257049969198,0.7892114733882769,0.8471505225062637
C00175,2025-12-20,UPI,0.7470351286858196,0.5794373602498814,0.7610698168309885,1.0,0.7478871517222676,0.49102423790439287
C00176,2025-11-27,CARD,0.605310219116961,0.6985632700309724,0.9025381366084417,0.4989869508852154,0.6952214452392911,0.5178783685272279
C00177,2025-09-24,UPI,0.6972472379708264,0.5647774807070256,0.6714247416002612,0.6325253683663197,0.5357180499676976,0.3810922582330316
C00178,2025-07-02,UPI,0.7671910928273374,0.7935190291235829,0.7247836219682919,0.7169227931331799,0.4669921082635701,0.5718117597949505
C00179,2025-09-04,NETBANKING,0.9587937494165399,0.7595611058398236,0.7967172040820375,0.7396471490337881,0.5885692619880972,0.5533951828438388
C00180,2025-01-30,UPI,0.7767984995683328,0.6348060577342564,0.8934879873565275,0.5135631025836864,0.3785693785019374,0.5558521789550847
C00181,2025-06-02,UPI,0.8485071236367524,0.6341436318089313,0.7959066591342592,0.6873261178600542,0.7163152717887653,0.4851063744384198
C00182,2025-07-06,UPI,0.9918787072276768,0.6938079121937274,0.7306911692594812,0.517122392638591,0.6533376122272073,0.8311806399223303
C00183,2025-04-30,UPI,0.8700269923206091,0.750977552030746,0.628269889721527,0.13381728995305425,0.49628585732256847,0.32229613128606543
C00184,2025-07-23,CARD,0.8960959120492002,0.9644396750704728,0.45954077508896074,0.5527399850435053,0.3660147708183563,0.0902995990421556
C00185,2025-10-02,CARD,0.5641352812726723,0.6110971190109489,0.6294604563119784,0.38698600509789727,0.7940024501493234,0.4924456895478453
C00186,2025-07-15,CARD,0.5575699036865303,0.3560732024873657,0.31161407162410504,0.3426552394618202,0.6094405317867156,0.6904236642831069
C00187,2025-12-20,UPI,0.6711819309865852,0.5446976364492426,0.7583519941491936,0.7008494280394952,0.4563617536062236,0.5770606110626844
C00188,2025-09-07,CARD,0.6861127918232017,0.596693682995708,0.6624123430339125,0.5938829221068922,0.40759059049761315,0.29024191774308333
C00189,2025-02-16,UPI,0.8230277341829015,0.6643126206630507,0.8034352475445712,0.6675954980602953,0.8364451063110084,0.3293930514414698
C00190,2025-11-26,NETBANKING,0.8046157818718531,0.625061362138623,0.6031880272346897,0.6840465983954969,0.8039304272681522,0.5470389110238081
C00191,2025-02-12,UPI,0.5156371592902633,0.6151447292149445,0.3185937409048385,0.5549849089879979,0.39427510263386534,0.36650509145816634
C00192,2025-03-13,CARD,0.5814445309267531,0.5687543166880659,0.5342363489597112,0.6539331425625049,0.7455811799882744,0.8026820189663719
C00193,2025-06-08,UPI,0.4652421196855392,0.6312326503941963,0.44927413501756597,0.5350048939043285,0.5516429049592197,0.813394987910973
C00194,2025-12-27,UPI,0.8298188235945907,0.8138250931334798,0.783777229004106,0.74014946117994,0.8420963781507753,0.5726727222012665
C00195,2025-10-08,NETBANKING,0.669742670995637,0.6881921202997238,0.4467699776207304,0.8214295464499655,0.47912125186215915,0.15558955343589637
C00196,2025-04-13,UPI,0.8579018872216565,0.7278566734842644,0.7010741811262484,0.7959588365678004,0.3959321549077515,0.33624775909246085
C00197,2025-01-11,CARD,0.7979679678143973,0.6348510162968528,0.8170837230144651,0.5285962599376889,0.3504590912186569,0.3561353286272638
C00198,2025-11-25,UPI,0.816841120330028,0.6328814181967246,0.7765654139454605,0.6230783266971652,0.6106398336668765,0.8162134580858846
C00199,2025-08-17,UPI,0.7729741560044342,0.6635502610632836,0.5228933024527032,0.6125350838621536,0.6444215117665953,0.31797084911719603
C00200,2025-10-01,UPI,0.5276736190630005,0.4349620155086303,0.4467268836457159,0.791623766209492,0.6148463761660052,0.4241172176449794
C00201,2025-10-04,CARD,0.5212829037363051,0.47105978097010287,0.7175419523440264,0.4091705171448481,0.6365890260551779,0.3676006663467852
C00202,2025-04-07,UPI,0.66734070901979,0.6588979479114412,0.5870950907799136,0.67789762435493,0.8851717905865296,0.38385420521101465
C00203,2025-10-02,UPI,0.9442762456207072,0.7066113399780656,0.5169647259764463,0.5027462694524685,0.15991707057847798,0.4613038578829339
C00204,2025-01-07,UPI,0.8725427273335142,0.686087571553043,0.7785588308551392,0.5917130616640611,0.7116403573329021,0.13108828707707204
C00205,2025-06-30,UPI,0.5987518589015232,0.6694172507297094,0.6778314089755708,0.6993202098573802,0.6014650288762106,0.8844773115805432
C00206,2025-09-21,CARD,0.6400553096372038,0.7675463864452521,0.853336537379,0.39641551268097025,0.39278349432972126,0.4648827511370791
C00207,2025-07-10,WALLET,0.625383821209694,0.6059531258611646,0.7325859178094805,0.4814565814862249,0.588181241264624,0.2588303698265655
C00208,2025-12-28,UPI,0.572070028872857,0.51577014539722,0.7335145451146684,0.5790875710706743,0.753964766298856,0.38100813928517396
C00209,2025-04-02,CARD,0.7171942774080391,0.6216863717030385,0.7319724497539651,0.6813123371536493,0.5440437593378629,0.6512086918369251
C00210,2025-01-28,CARD,0.71435923016698,0.5362788317952184,0.49682394479178793,0.9679945868201159,0.38666319943442157,0.7072563568332455
C00211,2025-06-28,UPI,0.708000226317509,0.5936513226147535,0.590218398716044,0.6938301046488384,0.7645305425848825,0.6345369687106982
C00212,2025-03-13,UPI,0.7965135579582145,0.6709499856045464,0.9323808416549726,0.6576528508301296,0.6101620491256153,0.16990348290732318
C00213,2025-05-14,NETBANKING,0.7731389028045937,0.7873964800641448,0.6903025087870267,0.5879776751052977,0.5598216307925693,0.2981619986323673
C00214,2025-08-10,UPI,0.559041150578046,0.566289829013256,0.6377839931988125,0.3538869453664164,0.6585515664453949,0.3925261343169785
C00215,2025-01-02,CARD,0.6594039518854599,0.6099891917329713,0.7035665024746866,0.7355848771641094,0.6198921633950867,0.7977469444366118
C00216,2025-08-28,CARD,0.63582467409675,0.7869296785873359,0.7602740315969213,0.5665980275522436,0.7121611380295203,0.5279679874803063
C00217,2025-09-23,UPI,0.7064266861172896,0.6058001377166424,0.4614723686392578,0.7683043172898407,0.49358633322252393,0.764837032988356
C00218,2025-08-29,CARD,0.5521114258376792,0.49733430757343877,0.6730794212577413,0.4725353138415571,0.79685742703187,0.5622247866462056
C00219,2025-12-10,NETBANKING,0.7596922799245656,0.6806794126371033,0.7822159917829207,0.6299787251047937,0.6517815400602693,0.19483342266470088
C00220,2025-11-15,WALLET,0.5795326018513325,0.3137025055177922,0.6029678463836027,0.45797425781513734,0.7765364770336766,0.7199948531644781
C00221,2025-04-23,UPI,0.49737255131587155,0.47590215649077894,0.6045166600187251,0.4753629254738899,0.3704571962538582,0.6565095938517497
C00222,2025-06-06,UPI,0.7992597996686703,0.713317732473234,0.7921594673674183,0.8182788042620471,0.8253348330812795,0.5918773854151604
C00223,2025-07-31,UPI,0.8948949573004586,0.7022930946155361,0.8113445038475695,0.7498852547464654,0.6789485487142903,0.8147248519876327
C00224,2025-03-01,WALLET,0.856640591962103,0.8354319850673471,0.47898279925509535,0.4667636578200555,0.7138857208625534,0.3850885650605948
C00225,2025-10-19,UPI,0.8597157861368249,0.5008544501553164,0.859647783289835,0.5987117460061103,0.7414797427720881,0.36802866759347974
C00226,2025-04-15,UPI,0.6659665571461094,0.5699196106882238,0.6319208609791938,0.2159928172845873,0.7006632605646261,0.3834675327196402
C00227,2025-09-18,NETBANKING,0.639181887082267,0.5047891244412634,0.6543885935503742,0.371642462672094,0.33741336343337547,0.7336110683348382
C00228,2025-08-10,CARD,0.5390856781604794,0.5096374691016934,0.3872648208084445,0.4255764317353963,0.6621810477986917,0.5491888980846991
C00229,2025-06-22,WALLET,0.7415434514476795,0.6753787356472314,0.6291837085413545,0.6176923815686202,0.6472647414913141,0.48009775872244276
C00230,2025-10-12,CARD,0.6667324934488362,0.526201357384621,0.8940672722969699,0.3071659695198126,0.8288971790464367,0.6849063132037241
C00231,2025-10-25,UPI,0.7337941298968041,0.708271287860539,0.9321341414609485,0.6889913046011499,0.5314312844258553,0.15416619120886504
C00232,2025-05-05,CARD,0.8235032062468725,0.628841972190164,0.36944770057977455,0.8634364051364558,0.3976544202867384,0.675265580056594
C00233,2025-07-10,CARD,0.6946946595817438,0.6549447905334866,0.4557814707157396,0.5952881292292516,0.5650086653531483,0.5125972650194298
C00234,2025-06-04,WALLET,0.942626119430914,0.5423856211178274,0.6539458471042454,0.8890540380290876,0.27501276647608613,0.7433855881928532
C00235,2025-08-08,UPI,0.7125154097555777,0.7156200736455286,0.8059507171992343,0.5917841609309535,0.44430795163148173,0.5864293110376407
C00236,2025-03-03,CARD,0.8521335894625027,0.7109004871152003,0.6215874817220354,0.4785542784133621,0.7737777197718889,0.0
C00237,2025-12-26,UPI,0.47071815361601854,0.6992222715521487,0.6151474593763759,0.6492068485010527,0.8263694391916891,0.4070918372139579
C00238,2025-08-12,NETBANKING,0.8010397191689848,0.7341678588226607,0.8120138894464165,0.31972435214265377,0.5328598372631196,0.7838578466948593
C00239,2025-01-03,UPI,0.8061280622567333,0.7812802607906706,0.7696040192223791,0.7564502439906786,0.6096280021233117,0.26706012439933524
C00240,2025-02-15,CARD,0.4337233312553043,0.34945090078871766,0.33948472141057584,0.6885757368363027,0.3817922649202709,0.9505543767225896
C00241,2025-04-20,CARD,0.6137196549555897,0.5947848407937297,0.7311064741329273,0.5034902881979458,0.5489376364695164,0.07869771788724046
C00242,2025-04-10,NETBANKING,0.8638679031180431,0.8042593408828618,0.821157640331025,0.542138441637735,0.8916964660981039,0.46540182741291053
C00243,2025-04-11,UPI,0.8236944034084217,0.7788899581180739,0.7528780592297925,0.43976282012440115,0.8008920034952528,0.8546143695737921
C00244,2025-04-22,UPI,0.8369652049179949,0.4794649114037588,0.709965991224233,0.5508639791073093,0.7571992764604851,0.3107020972185198
C00245,2025-08-28,CARD,0.7671443048816575,0.6724273908822554,0.6426332068860916,0.6445172295339534,0.6195067912721408,0.13503774804892607
C00246,2025-12-01,UPI,0.6325976122636813,0.4616293543752996,0.34457128040567603,0.5401994380110485,0.4057388728082252,0.5333436976930677
C00247,2025-11-29,WALLET,0.6372516333221689,0.5837931738586586,0.425041633430341,0.6804826873217789,0.6690772001183234,0.21832626325211105
C00248,2025-05-11,UPI,0.7064858256275665,0.5619815593206666,0.6274286522739299,0.6372716197581447,0.7485601529369382,0.2559631551802495
C00249,2025-08-13,CARD,0.7974590379811172,0.8286317486210437,0.757529013305119,0.6748171484325146,0.3521456075842202,0.5955753372984287
C00250,2025-03-12,UPI,0.8768532826194481,0.7057251814272386,0.7633091057833551,0.751550534625039,0.530257215782899,0.15763976098788546
C00251,2025-06-15,UPI,0.7953753475634017,0.7479021815991147,0.5164126540222416,0.7862175141682333,0.7103651644225593,0.36595504564700393
C00252,2025-05-10,UPI,0.7688790312305946,0.7178031871862399,0.7750160948907566,0.5855610759988172,0.46894997180644254,0.6515958894309559
C00253,2025-07-22,CARD,0.8646527362375306,0.8538882305442086,0.7689618538962505,0.6145507577215754,0.7600918461403059,0.22192989991771478
C00254,2025-05-03,CARD,0.8617121876377656,0.869109269600561,0.7524010231486378,0.4790088802226405,0.5220584374270867,0.910689670556912
C00255,2025-09-08,CARD,0.6277762139741857,0.7985894504910602,0.7161716116776526,0.6060276300419266,0.6401584290380383,0.8158878309021479
C00256,2025-06-10,UPI,0.8695167733033095,0.708631109019861,0.8680843857482792,0.8554344149586293,0.23933997736120288,0.4354638714490808
C00257,2025-09-16,UPI,0.7376608910786234,0.7603705602484201,0.6867881576265392,0.6378323937350633,0.41908968133190283,0.753297655666223
C00258,2025-01-27,UPI,0.8776877013205192,0.7055930739895229,0.5057701540800053,0.643441569969389,0.496525641021627,0.2736045984380969
C00259,2025-07-26,UPI,0.8571115595250338,0.6955428467637365,0.7451254850561577,0.7183991675933956,0.8507787037941279,0.09865858642196806
C00260,2025-08-13,NETBANKING,0.7155256296074265,0.7841280315567174,0.7461034880947651,0.20049828013430798,0.5081685905479366,0.43633941439315277
C00261,2025-02-11,UPI,0.7254586584636268,0.6409766839358918,0.8160399834628583,0.6246435185373761,0.8533978775898747,0.38810916639217996
C00262,2025-03-21,CARD,0.9006040242784223,0.7120718798553187,0.5250567410794241,0.7928819864305987,0.7533464921454107,0.5631620797800382
C00263,2025-06-12,CARD,0.9463188357427322,0.7490175146562615,0.44642094582590003,0.4545668248071547,0.42019671987650276,0.386211850714434
C00264,2025-08-05,UPI,0.5842245910329524,0.5782165565202108,0.7250220621435215,0.46864663680243307,0.7158068501089964,0.452434641149533
C00265,2025-06-11,UPI,0.7449937457772559,0.811970151596454,0.6099517269690559,0.8746644384934025,0.46972342239788567,0.624142906696718
C00266,2025-01-04,UPI,0.5933079401241051,0.3906151934445749,0.6369619878875857,0.5428622076774043,0.24693838259924478,0.6109235552995561
C00267,2025-08-08,WALLET,0.8569774057795466,0.809047126898252,0.845697620597278,0.5112184616579766,0.5099056954309125,0.4093891820337305
C00268,2025-09-07,WALLET,0.731170913909582,0.4894511962881739,0.477892248678216,0.6274872250992576,0.5556850827953304,0.3095366552474495
C00269,2025-04-20,WALLET,0.7467775019887564,0.6919890461033454,0.7207007092394218,0.8441924136912988,0.6875321054539583,0.8931575568802166
C00270,2025-03-04,WALLET,0.7483081338355783,0.482100895626724,0.6578479263319568,0.517928739745905,0.6224297124979303,0.3462900886898543
C00271,2025-04-27,CARD,0.6190104317083294,0.7262922566356944,0.35167149407242715,0.6602385532439166,0.46589857467824775,0.7340439319353594
C00272,2025-01-29,UPI,0.7749650750740348,0.6075812080899625,0.6902212559269306,0.7710816482248851,0.3630879570018516,0.7124581113288961
C00273,2025-10-12,UPI,0.8758421798308835,0.6917707349987202,0.8982624771653206,0.6178158913085516,0.4156937976338566,0.2346401223676638
C00274,2025-04-18,UPI,0.7807888194545232,0.6464674711659871,0.6699576148595707,0.7128646985256024,0.7136103614306987,0.6524337824530564
C00275,2025-03-14,UPI,0.6594130879831199,0.7639422052442549,0.4395704418798472,0.573424546145947,0.6030516782027083,0.7987799452610568
C00276,2025-12-30,UPI,0.6200098339830777,0.5222412985898233,0.6640398833453085,0.49126222221717447,0.4938810540171644,0.5520161859287782
C00277,2025-09-13,CARD,0.47184628929412076,0.5184000539990803,0.6885191692551655,0.467435370219647,0.5909111360195698,0.27209517704351527
C00278,2025-11-05,NETBANKING,0.6366139348427684,0.5907690775889753,0.553236227227039,0.23812841490755499,0.42521859068111856,0.624177830862238
C00279,2025-10-06,UPI,0.8097193933027953,0.8733240576589854,0.7647835548949825,0.3985978593057794,0.6554632185883209,0.8201352377852854
C00280,2025-05-27,NETBANKING,0.5557596840329533,0.6876354603161337,0.4129969309276943,0.739838402843574,0.5609357041358526,0.4249898565843643
C00281,2025-04-18,CARD,0.7536724190627352,0.7445200323926018,0.6741492808271606,0.7352426333622604,0.611392711257794,0.44003175521987437
C00282,2025-10-06,WALLET,0.7459643484557371,0.8585059955639116,0.6262939761752763,0.608729037619965,0.5283669080679751,0.2765154521017555
C00283,2025-08-31,UPI,0.614779541287795,0.41746426495577743,0.2699457801318473,0.5219186933613523,0.5117644764367207,0.47238657196722794
C00284,2025-04-21,UPI,0.8423265348671521,0.6240125360911047,0.6568703131194067,0.7265088989511136,0.4417776104457368,0.2702844642527341
C00285,2025-01-12,UPI,0.805772284996655,0.6993064891374665,0.488075571665321,0.4819663005444893,0.581409766015204,0.6673001319338925
C00286,2025-03-16,UPI,0.8856032974083206,0.8172809281900926,0.8450583341695478,0.6829710757635516,0.8687113406016757,0.6805568512596613
C00287,2025-02-11,UPI,0.9349471565801963,0.7119757617111456,0.6364083107639891,0.7918552780375949,0.5928753621974419,0.35381875595282175
C00288,2025-07-12,UPI,0.8661215173629022,0.8241047491306389,0.6351229989079388,0.8525929624403558,0.733800649449187,0.43012387850861133
C00289,2025-05-22,CARD,0.8352684354049391,0.6837915819136826,0.5925977421340597,0.44073746164901956,0.8713152613796706,0.5670459131286546
C00290,2025-06-20,UPI,0.7291595468948564,0.6815486210436124,0.5321732092492168,0.700502371290419,0.573726069718349,0.8574934790479332
C00291,2025-11-26,NETBANKING,0.6836243789401127,0.6257158661620414,0.5863834685651435,0.5552408441661904,0.6995859641115869,0.6092615350523873
C00292,2025-11-15,CARD,0.7494570574300073,0.6318419987290765,0.478394486520207,0.37601013191175275,0.369289467851645,0.18725671017014317
C00293,2025-09-17,CARD,0.8212092885084974,0.6491065325274555,0.6115169262081992,0.7569571117991408,0.527953912710072,0.6608385449558047
C00294,2025-11-27,CARD,0.5534701982752951,0.6796015430243788,0.7294219343215989,0.6341111520368966,0.6339599154937533,0.30886898125969126
C00295,2025-09-28,CARD,0.8365276832585095,0.6390517546507525,0.5335002126855041,0.6405846223170272,0.7167792433486251,0.7441174937584921
C00296,2025-04-14,CARD,0.700292366460629,0.6885093654682286,0.6401284095365073,0.7043924531999693,0.5250248367586343,0.8324742457348027
C00297,2025-03-17,WALLET,0.8743202857778369,0.6574397930080303,0.47711122535323763,0.7963170662378297,0.40042899386879294,0.6315795411277247
C00298,2025-01-16,CARD,0.8804765523145046,0.9185843330922859,0.4352024870688066,0.5929825943148683,0.5638801775377317,0.519436674661899
C00299,2025-11-20,WALLET,0.511884307624783,0.488958900871918,0.8108967853914273,0.56113106397799,0.7837440577935448,0.294350102125769
C00300,2025-02-09,UPI,0.8341726909495232,0.9280138008315875,0.5566250993372337,0.7153293456136803,0.4377057727084179,0.3112902968492991
C00301,2025-08-21,UPI,0.7501175136062412,0.685438326814645,0.7298168966422274,0.2888472015644774,0.25444716806348855,0.5430321361678796
C00302,2025-06-20,UPI,0.9706759237203136,0.8212983983111704,0.36294600969857316,0.6470528985176609,0.39307741024253884,0.2570762437426667
C00303,2025-06-02,UPI,0.8774281325233972,0.971761916187921,0.6436033367994424,0.5298249505076255,0.7722336014356198,0.5307842096888783
C00304,2025-04-16,CARD,0.3233384464519346,0.7917167178527426,0.674884299817631,0.6787114395083799,0.6347939757143891,0.4191684832292145
C00305,2025-02-18,UPI,0.7173332279578297,0.794093303433085,0.4503902680128861,0.6572826696560297,0.47601890990274465,0.6943202151367623
C00306,2025-05-09,UPI,0.8584504039303653,0.7117806588558486,0.8416938267578105,0.6598086612794156,0.8910679349092345,0.2978980768517189
C00307,2025-12-17,CARD,0.82960815081193,1.0,0.4696157863667987,0.92760496081188,0.5297873117494954,0.46817499933788087
C00308,2025-05-02,UPI,0.6188492413050193,0.47809154766771667,0.7376368364172765,0.7103878214628027,0.4874366113973049,0.14426747788221755
C00309,2025-11-20,UPI,0.7221081927185424,0.6850185478240378,0.5973743665170926,0.45666550721533133,0.7509815407688964,0.4410549486620237
C00310,2025-02-08,CARD,0.6962547480128686,0.6844071792258144,0.6516773071357977,0.7922202989535374,0.5852978218027548,0.10220022769515727
C00311,2025-08-17,NETBANKING,0.7262015426042758,0.5032206423929172,0.6428655047223694,0.7416735161428863,0.481064389594228,0.34091918055102993
C00312,2025-02-16,UPI,0.612477690544185,0.6017927399522127,0.5860554532127287,0.3169386024974534,0.5969954507606912,0.34707184191502477
C00313,2025-01-20,UPI,0.5997008888483888,0.6033652376019859,0.6116053746620995,0.9211867311394236,0.8258498158082052,0.5789562863976715
C00314,2025-12-29,CARD,0.9418804368042839,0.7928219346982944,0.7935834189901781,0.7442384373734855,0.7611730758394626,0.7083929008502894
C00315,2025-06-21,CARD,0.668705251108854,0.793386768368425,0.636431847236071,0.5747024797166146,0.47721133105976415,0.6107312042721341
C00316,2025-05-29,CARD,0.8928284253240422,0.6755506784915368,0.6971996184464779,0.9581700608986614,0.5865981394356067,0.2760604132152339
C00317,2025-04-09,UPI,0.9219454274393674,0.6922765957916865,0.6161863276680105,0.5853123224554803,0.3436605123073217,0.5051265858402194
C00318,2025-05-24,UPI,0.7296632681197976,0.7028426570785503,0.799686617163368,0.6676396593130163,0.63413084107752,0.3651916997156099
C00319,2025-02-16,UPI,0.483741956901397,0.42906309690388594,0.398168643256631,0.5590308679676584,0.6933045686021875,0.40628426283208485
C00320,2025-05-19,NETBANKING,0.8092587705201668,0.7223271401647859,0.8177316926824464,0.7948806908231346,0.6228207143809275,0.7155301477648037
C00321,2025-03-26,NETBANKING,0.8170732112256757,0.8032706235384608,0.6052477562835519,0.31465249087988645,0.5220121299549834,0.26824364368602416
C00322,2025-01-14,UPI,0.6960435659722987,0.525811183071369,0.6059099355777373,0.6195683488396371,0.5644248937519921,0.16652488559405304
C00323,2025-01-06,CARD,0.5564474821791607,0.397862635797037,0.5916032803800954,0.8075856377830946,0.5781830526152221,0.46415993351634544
C00324,2025-02-23,UPI,0.6365210893697316,0.5762959652107661,0.7451336117183628,0.7369334777707741,0.6460730513086711,0.5757044427622163
C00325,2025-02-16,NETBANKING,0.7783129967705159,0.5955166574272491,0.4862200507623637,0.6137882427949752,0.4202295411016969,0.45526155504103527
C00326,2025-09-07,UPI,0.743959845918519,0.6384438504187852,0.674594938267361,0.6177580185525717,0.7284214882789223,0.53272716391614
C00327,2025-06-21,CARD,0.6502115562135564,0.4944041638861253,0.6615362635955737,0.4630564515530922,0.7890883065870896,0.8133681187648468
C00328,2025-01-29,CARD,0.7346306692426364,0.718466946998568,0.7537716338890984,0.5965493315532951,0.6670999139656404,0.3449245292970914
C00329,2025-09-21,UPI,0.7236729272714674,0.5268832768660874,0.5717747870753376,0.3970724356159042,0.3860803476662412,0.6044259672534427
C00330,2025-12-09,UPI,0.7383906380080458,0.5142626226949814,0.6649692506089826,0.3565058741954493,0.7017503628294486,0.24576726296975768
C00331,2025-07-28,UPI,0.6296212202994289,0.6190554441676769,0.5963300827309878,0.6023548029336552,0.7936221732905826,0.18764372975135601
C00332,2025-10-13,UPI,0.92419281400505,0.7001944533196574,0.7994074303573103,0.758066966395045,0.6845845077082734,0.5778177361343269
C00333,2025-03-10,NETBANKING,0.48333521569037613,0.4274558972127648,0.5586229473272859,0.6146656477425458,0.33275112055660067,0.34893145554434446
C00334,2025-04-03,NETBANKING,0.2062361588729532,0.4392958749267565,0.5944147900825083,0.16875562629474694,0.5034614062822304,0.5608897486015402
C00335,2025-05-02,WALLET,0.6817986469480358,0.5869287411875785,0.9777194943884734,0.7032497521850515,0.7112984119931928,0.5714839574226684
C00336,2025-05-16,CARD,0.7901446503881979,0.7153171103900267,0.8024778553223685,0.51468736821334,0.6142222324619595,0.5564256856844884
C00337,2025-02-26,UPI,0.766509494584267,0.6304764810846734,0.5387226100886219,0.9302828977283832,0.7032898438370989,0.15746896177565112
C00338,2025-03-01,CARD,0.6539358460167896,0.8793389078544847,0.6273681399329584,0.5891645952501002,0.5526856492885702,0.4298251637004913
C00339,2025-08-12,UPI,0.6700759262108035,0.7739091482964571,0.34060501634754276,0.4406401790859632,0.23787429013318814,0.6222822318312786
C00340,2025-03-08,UPI,0.9378884715142994,0.777568381668505,0.7706566609328056,0.3470332461915613,0.5244376347595425,0.23546779193573816
C00341,2025-02-17,CARD,0.7534105173493152,0.8879177266059207,0.7264830240337309,0.7707409600222344,0.48150064895443506,0.6831782657961338
C00342,2025-04-19,UPI,0.8391080725304212,0.5820137209272944,0.7444816854525119,0.8509063485088411,0.602986569452172,0.5091058546415386
C00343,2025-04-07,CARD,0.6901934675586806,0.6385808121336533,0.7287117770208441,0.20430987368850007,0.3618636971955456,0.6189464387076299
C00344,2025-04-18,UPI,0.8853953881029727,0.7829727315953843,0.9496567887364044,0.6279311657033292,0.6520504730633561,0.4508577865014985
C00345,2025-08-14,UPI,0.6809688184192098,0.5487167993622897,0.5530521379393722,0.2185857452825302,0.4421022884742547,0.7195522754354551
C00346,2025-04-17,UPI,0.6048333340773426,0.5330910353896766,0.5577263076848656,0.3140901789120419,0.6815626444497449,0.860995751288578
C00347,2025-12-17,WALLET,0.6674863679359435,0.46982109038081404,0.711363680048643,0.7702092385045431,0.7104007034974995,0.855934077659296
C00348,2025-10-21,NETBANKING,0.8988510114032265,0.9195494555578503,0.8305239132849215,0.713029394300216,0.6577448479475376,0.45137705913069726
C00349,2025-07-04,WALLET,0.5073648508082601,0.5182393997738649,0.3600171526829524,0.4259790139617978,0.36896871469289594,0.7087363139123305
C00350,2025-01-03,NETBANKING,0.4985269287670415,0.5189434957583695,0.6336269804366861,0.5522231596729659,0.552714529359096,0.8640322961301321
C00351,2025-10-10,CARD,0.702198270462391,0.816747457311655,0.9326016368374683,0.19855145071581468,0.6745088121549464,0.5182112641318847
C00352,2025-08-01,UPI,0.8865931756992013,0.5584441284758237,0.9088597781832884,0.9388949075264513,0.5211875959178595,0.9722713573568859
C00353,2025-06-30,CARD,0.7702097217314542,0.7499723235885369,0.704703112268871,0.5890458808550267,0.5399224356920513,0.8827785720803765
C00354,2025-11-08,UPI,0.6730203869989198,0.8221902338292766,0.5702687259461293,0.6052846742397942,0.7748792443234331,0.505119768636109
C00355,2025-04-30,CARD,0.6785334971905129,0.6915318822365162,0.6439169364030966,0.443294984423721,0.27348208395349466,0.20552519865712643
C00356,2025-09-29,UPI,0.88592914589955,0.900605895974206,0.8803700187843799,0.8252346704507068,0.8071827505742528,0.28535563644216866
C00357,2025-08-05,CARD,0.9327470622903787,0.7827051535763031,0.9484534856746625,0.7051575305991804,0.44923480192019427,0.5395811643356103
C00358,2025-11-26,CARD,0.7350447841206372,0.7070053109691605,0.5138633170786036,0.684304987728475,0.37124738939511726,0.86068954701215
C00359,2025-10-30,NETBANKING,0.7190918133680908,0.5846740980685249,0.4575016105151981,0.35250969714428765,0.41016206594027266,0.15511292846096256
C00360,2025-12-28,UPI,0.7420883704444936,0.6015249803494679,0.7345954199087343,0.6566235319470968,0.6808600918784222,0.7161830081815487
C00361,2025-10-22,UPI,0.45830231926923526,0.3585061683985252,0.36858569731177143,0.3436512913746319,0.4804564723084899,0.7183066158393207
C00362,2025-12-29,CARD,0.9845976298784033,0.7661539378627373,0.5253479816209651,0.4141470532332027,0.5928411512745423,0.7795301801647557
C00363,2025-04-07,UPI,0.8564388223759218,0.7196484653697107,0.9174837192337666,0.513112634093821,0.6073359550704704,0.2843360547410929
C00364,2025-06-12,UPI,0.7592940370750946,0.6097626650099991,0.6313751065021409,0.6791217041304477,0.6546651389259341,0.22329458750176692
C00365,2025-12-05,UPI,0.7977930082820865,0.7149476225241571,0.7993118704204886,0.8131658732932903,0.6489560440541484,0.23276556950506147
C00366,2025-09-19,UPI,0.6122821111657203,0.6432970607536749,0.44837808971980875,0.5867381168746155,0.4975618277941171,0.38572960100744547
C00367,2025-04-20,UPI,0.8291821266381181,0.8523568498955623,0.582000167305467,0.8391405996260973,0.8016216824767968,0.38728886089269177
C00368,2025-11-26,UPI,0.7080954249694225,0.6763174489044075,0.5599437965464761,0.3913111718826875,0.40048041105698573,0.8624964889461351
C00369,2025-01-13,UPI,0.4995364573658775,0.6033012103699046,0.7525346388261149,0.39307803199484326,0.4319832455931227,0.28947099341497584
C00370,2025-12-11,UPI,0.39123888592922795,0.45450009945505626,0.7034628815687031,0.4156467922186189,0.3931093695571332,0.6463609861511225
C00371,2025-07-26,UPI,0.931372213038588,0.7915025721758256,0.6421621468747337,0.5021591393708182,0.3741208527332399,0.5261650180456234
C00372,2025-07-28,CARD,0.757497616004746,0.6642396389067103,0.5634908171535352,0.5830558862194206,0.8160313413148843,0.2225788804997617
C00373,2025-03-02,CARD,0.7123742679350353,0.5689466224401191,0.49441288927710947,0.7438104918743638,0.8227254945429872,0.6107017868901963
C00374,2025-11-08,UPI,0.8814274851546915,0.8229082375970046,0.36998862431365753,0.6783171891567813,0.4877201744175081,0.28838771375845246
C00375,2025-04-29,CARD,0.8438234400056484,0.714089646071415,0.8147236756712899,0.7277957758757396,0.852438598175741,0.9660210141606079
C00376,2025-01-29,CARD,0.6693961873483903,0.6048951849938691,0.760112130876295,0.6620415249457603,0.3438201288124122,0.6442761807710647
C00377,2025-02-08,UPI,0.7338977019697334,0.6599311459727936,0.7987749278972328,0.6348196300550419,0.8243956949499284,0.7931201253210544
C00378,2025-04-11,UPI,0.8361570534253903,0.7740766664721291,0.561644088596112,0.7223986969748576,0.6697948673072006,0.531181949219542
C00379,2025-03-20,UPI,0.6855070148445015,0.767578795181476,0.5869336509965299,0.6134063653026365,0.8669935988520544,0.44911774055212944
C00380,2025-08-20,UPI,0.6325224137677373,0.5460345897566974,0.543639034972371,0.8783906690035679,0.5455959017387039,0.47351935744403834
C00381,2025-07-25,CARD,0.7925291249124558,0.760223332794143,0.4944090260870636,0.517010790895261,0.6312338753966764,0.47185447074132114
C00382,2025-12-07,UPI,0.7825991127429324,0.7146631107844293,0.7478838954008907,0.8500368835049832,0.29443669520331245,0.06423871126715876
C00383,2025-08-08,CARD,0.7531070011247268,0.7197702109460208,0.8812828328193556,0.8281042051598158,0.9058342784536247,0.07860346832928172
C00384,2025-07-02,UPI,0.806275881114826,0.8463942443837579,0.7106280134884748,0.7447408073855679,0.63077409572601,0.5465628294220615
C00385,2025-11-04,CARD,0.911571657133203,0.7116931422204171,0.8223928207559535,0.7083254818622691,0.5359981396447897,0.7971357879237035
C00386,2025-11-13,NETBANKING,0.8122762245534272,0.8052505969056528,0.7278015936802663,0.6533356673149678,0.5465558224205062,0.6423318187806285
C00387,2025-07-21,CARD,0.5136804441941165,0.5484870645455171,0.4745057132684769,0.42672008545791495,0.40036368606060035,0.2445512580853186
C00388,2025-06-14,NETBANKING,0.8851939014644978,0.7266964109947293,0.40479678120699997,0.8888001806416176,0.41738905793735154,0.3723529248410744
C00389,2025-08-14,CARD,0.7535275332941429,0.7129686156584186,0.8273007039687584,0.616052002924163,0.5678771426031486,0.6324759203109832
C00390,2026-01-01,UPI,0.8160491721382084,0.6810266068379852,0.8907045924122351,0.5052353257709907,0.6543753601110719,0.21812715032694618
C00391,2025-04-30,UPI,0.8621139748221841,0.8289302923865643,0.6224908358276269,0.6882521151897985,0.6711476459305127,0.6996314758824645
C00392,2025-02-27,UPI,0.40003744872194374,0.5365264908964019,0.28356161011428904,0.35572945973977516,0.5468721868825055,0.383894243247281
C00393,2025-10-04,UPI,0.6621332511328104,0.6394228923934681,0.28339912375965515,0.7110019746166037,0.22407475866298096,0.307616150847669
C00394,2025-12-25,NETBANKING,0.7998672939705236,0.6005085520548292,0.5220463052641108,0.30602276032256703,0.4767394392916731,0.5632000134441428
C00395,2025-05-02,UPI,0.5631787082265147,0.6202928722627671,0.7526435795575754,0.29036050776692035,1.0,0.6037619281646548
C00396,2025-04-18,UPI,0.7706733902033465,0.7372344878844026,0.4199066658429047,0.7372072275533011,0.5959604462680651,0.3291292976524779
C00397,2025-09-27,CARD,0.698853478627184,0.7904630534891018,0.4958845877264915,0.17755667504962855,0.8125462098768806,0.3532327340820617
C00398,2025-01-02,WALLET,0.6529877950863376,0.6936238773701664,0.9135425887445574,0.8152874085788157,0.6287373315212708,0.28465194493295976
C00399,2025-12-12,UPI,0.9192240657482208,0.8424737814319831,0.631604379054554,0.39465851687305387,0.8137883397056843,0.2223771481856911
C00400,2025-01-15,WALLET,0.7738216168095968,0.6097814527078245,0.7915255486296408,0.7010448121336714,0.6693188399664025,0.5918268704676335
C00401,2025-10-17,UPI,0.70369888175056,0.6350541602119144,0.6891894976331142,0.5840750029175993,0.550631727298137,0.7645974635423628
C00402,2025-01-19,CARD,0.582840453198761,0.634044446663685,0.60243968715353,0.6578248207185146,0.8060065216502641,0.5131800667613653
C00403,2025-12-12,UPI,0.5566530163710918,0.5595107851041441,0.4530831590807627,0.3222537017567068,0.43946338981286903,0.5660268924183436
C00404,2025-05-24,NETBANKING,0.8812961054891191,0.8969636722252085,0.4790031672556195,0.3743668152526821,0.5618959459727003,0.6745786773930458
C00405,2025-08-01,UPI,0.6809356689677267,0.6682010726910759,0.7191461072170298,0.5127222046110412,0.5333638477295928,0.2194810515293832
C00406,2025-01-31,CARD,0.9410002270529182,0.7462123690926552,0.9067098194707208,0.5181589133536685,0.8136012920011416,0.2702880625049468
C00407,2025-04-09,CARD,0.5148612382740905,0.7250697124402441,0.5471551552248959,0.4115182379166181,0.3708116531532678,0.2515874484843035
C00408,2025-01-10,NETBANKING,0.670387585433208,0.6874607612678856,0.5611927439054493,0.6490977771901174,0.6702250628155182,0.1995272052188234
C00409,2025-05-29,CARD,0.9939580239718286,0.9563482396531258,0.8390743886843389,0.6023801474756371,0.7818195888992099,0.4950779685227443
C00410,2025-11-11,UPI,0.4189654507625108,0.5527386785209863,0.5169331645678817,0.5199934035866766,0.5998199938921819,0.5486758458716239
C00411,2025-05-18,UPI,0.6421255818749614,0.5994959312651892,0.647360833237437,0.5714361364988902,0.5814281171480788,0.5020651486288287
C00412,2025-11-17,NETBANKING,0.8315725453785027,0.7240029631952594,0.7055966831129646,0.8203725345686727,0.4497798128606732,0.1373751319973789
C00413,2025-01-26,CARD,0.7145835628025048,0.7178761827622105,0.4539680407682668,0.667192972737593,0.4010242164193062,0.8017608856754299
C00414,2025-12-14,NETBANKING,0.4319418992744623,0.632441140246326,0.5847373140930949,0.24869073931433078,0.5826754746745424,0.4673743699943329
C00415,2025-09-30,UPI,0.5575924301015347,0.6233982047630615,0.8824371898277781,0.6365640795333292,0.7763231722992957,0.5576564433962177
C00416,2025-11-12,CARD,0.6796652351861642,0.6945167827331789,0.593279436481257,0.44288967848280214,0.6785916083999937,0.59560539046911
C00417,2025-12-25,UPI,0.7949743343804452,0.6562268486147679,0.7535800303133124,0.3680414931914908,0.4600899472410527,0.6421102986335343
C00418,2025-12-25,NETBANKING,0.8384388022568098,0.7437535568950989,0.6621237774862992,0.6264357748281135,0.7835091238471263,0.844665384010184
C00419,2025-12-23,CARD,0.6932712660674085,0.7682549072694046,0.4723425671275221,0.3561258910550581,0.5506615344417854,0.501785923960271
C00420,2025-07-18,UPI,0.757238901952366,0.5816460723651595,0.8662999572820185,0.6877919153730597,0.4739738606739564,0.3057973044303838
C00421,2025-09-15,UPI,0.7266685097169565,0.5684839697945996,0.533977389720782,0.38388935196204405,0.6557699535857155,0.3780913274961678
C00422,2025-01-03,UPI,0.5866297037426194,0.7348837256567973,0.8496099706212741,0.1556018978891283,0.8475239141779232,0.5046887690918942
C00423,2025-12-11,NETBANKING,0.8603758912975737,0.8166161116097412,0.7756335370786016,0.5616757786135591,0.5342276527665101,0.41116770950554016
C00424,2025-06-10,CARD,0.7346142027436772,0.5937168538547322,0.655317485889097,0.4550071316563791,0.7476962193124731,0.3552669023897272
C00425,2025-03-29,UPI,0.6049151110071631,0.374928847004909,0.5515715462906772,0.1945276126891217,0.7744186339201233,0.36575854785591594
C00426,2025-04-06,CARD,0.784759955980516,0.5560418828544899,0.8158009484417977,0.6662295046816562,0.5986744565194315,0.6980546539808093
C00427,2025-02-24,UPI,0.9437590368122,0.7433703937363884,0.6124437732036219,0.6829880657498063,0.5844518677463282,0.7953082581324201
C00428,2025-10-18,UPI,0.6304841686747283,0.5762366920409657,0.5419690877966422,0.775337216646037,0.7206050595976755,0.3206427112628289
C00429,2025-11-30,CARD,0.6546802961527532,0.6118266538196833,0.7768507818054999,0.5625002528580729,0.7736778484193068,0.48066382218679166
C00430,2025-01-07,UPI,0.9292350316439387,0.8848046331128594,0.5290455740077458,0.4296543119403119,0.5578757794316554,0.8390899128953494
C00431,2025-10-22,UPI,0.7711018011860717,0.7677059102418792,0.5203153717768536,0.4203786305186068,0.7186816517710587,0.18603438461190633
C00432,2025-02-11,CARD,0.6954696153357343,0.665149497558164,0.5558957281945073,0.628935499779908,0.30132232872528486,0.29140629185458733
C00433,2025-08-23,UPI,0.7284468703914578,0.5858223691109876,0.8882298830316135,0.5191639415407894,0.6813650080543123,0.9341976355805643
C00434,2025-11-28,CARD,0.7187691361663822,0.5524829608934846,0.6974937714273807,0.6599160269522367,0.7397300130706914,0.5339331766690737
C00435,2025-02-02,UPI,0.6305045087134544,0.6285160033000532,0.3823372409593921,0.6766624989492598,0.7174482074303179,0.7112681779857825
C00436,2025-08-11,CARD,0.8702588038662413,0.949628651622916,0.7842855218620224,0.7744203899257105,0.4769634109287828,0.7006673607123567
C00437,2025-06-12,NETBANKING,0.6494631325547953,0.6701107485853856,0.8629224153499515,0.7051548820902541,0.5765100135242074,0.42293807917190707
C00438,2025-02-13,NETBANKING,0.7049523630630475,0.7041119399749319,0.5190003996044478,0.41183563200337153,0.6046041323304879,0.2973687109227298
C00439,2025-08-07,UPI,0.7035683569889437,0.8243373516456218,0.25647177604240157,0.5262953875423552,0.47020266133271116,0.6697134120375271
C00440,2025-04-08,CARD,0.9398023226305598,0.6960259976420007,0.8354648902246563,0.4745791981950925,0.2135689085320955,0.42738797530942135
C00441,2025-12-15,UPI,0.9567065851475398,0.735274120697955,0.8518039851555645,0.5830355214022533,0.7513545923089385,0.4407543515479698
C00442,2025-02-08,WALLET,0.7226981001183632,0.6507010536488413,0.7607905780479712,0.7778014533923463,0.7234844028335333,0.42486214204145395
C00443,2025-09-04,UPI,0.8178350032406434,0.7336441317746906,0.5875220784966927,0.49275387711035495,0.2658554351152552,0.41787190886705483
C00444,2025-09-20,UPI,0.4744518528654974,0.46582328468459944,0.8069084696183095,0.6349237321274522,0.39803471025510195,0.5275852807439857
C00445,2025-09-20,NETBANKING,0.6225662633401127,0.46314145101627374,0.8299977193228664,0.41701489359155053,0.9013442410866318,0.4419010000718268
C00446,2025-10-02,WALLET,0.6880640362516062,0.5514558160053045,0.8172621759885237,0.4556446996951763,0.6352356472438928,0.3366587446587766
C00447,2025-10-25,CARD,0.88938860832371,0.7532769744333222,0.3915302620253772,0.6548371984656695,0.8004479544573444,0.4191870809044734
C00448,2025-04-22,UPI,0.7638205873245135,0.8477042365133483,0.8270405994036225,0.6777716906461736,0.6565205439134716,0.6632506644379889
C00449,2025-06-13,UPI,0.5047268429420614,0.6620907199386659,0.594141008468188,0.8350991293300042,0.5542304669384124,0.2757526651343133
C00450,2025-12-11,CARD,0.9238449989182659,0.5528245201832516,0.8280139639346532,0.6260190266988382,0.6178987920472032,0.8471245338194969
C00451,2025-10-15,UPI,0.8045274915080474,0.7145253779199956,0.7349997326229809,0.7227485027282278,0.38291971277080306,0.56411730911288
C00452,2025-11-12,WALLET,0.676043553771755,0.49742341102714444,0.5418167854552582,0.5183874155628367,0.40072070188930975,0.9805717051286424
C00453,2025-05-12,UPI,0.49263377830394156,0.38696467554014385,0.6499294160675695,0.673236200592756,0.5697067440004044,0.26323957480335125
C00454,2025-07-16,UPI,0.6914110850170068,0.6908168581076685,0.660249850419018,0.6262300587557209,0.6494135753785055,0.4225708117319384
C00455,2025-06-11,CARD,0.7008631169197728,0.7667462867476423,0.725332484722593,0.6858426987252766,0.7567166935778892,0.4669490353539648
C00456,2025-07-19,UPI,0.6947085616247368,0.6359341062673793,0.8209201206136287,0.7228328618750917,0.6686639004945413,0.2304084729762555
C00457,2025-09-21,UPI,0.45186996151483005,0.5196647674644588,0.6728470232665883,0.43862310848545777,0.5040174870149893,0.8660667510109349
C00458,2025-05-14,UPI,0.5754148411443647,0.7514799591441339,0.5227678734581093,0.6802763674189762,0.45407015657225647,0.6091023865063819
C00459,2025-02-23,UPI,0.6576734289826164,0.6238313427146921,0.850174454916593,0.6126363460152704,0.720027976329283,0.4480180302356963
C00460,2025-12-16,UPI,0.7043271198650792,0.7236533615764575,0.8249435165831557,0.6896681993856089,0.8512630936557835,0.5438247512350537
C00461,2025-04-09,NETBANKING,0.6149641136966721,0.4130012769706939,0.8883763894328793,0.5802046210029176,0.7879801979367802,0.6263480302698313
C00462,2025-11-21,CARD,0.8130213203316596,0.7088380469054546,0.7889877702143409,0.797406489336199,0.5693828662462485,0.2622666198923313
C00463,2025-12-04,CARD,0.5500876817266939,0.45145112474818827,0.7940844024773788,0.3429442062247556,0.37112359243571585,0.9383275070400012
C00464,2025-08-19,UPI,0.8038396842635173,0.8882665778016283,0.600289326559393,0.9400213775494726,0.5273866329951308,0.5934046589548614
C00465,2025-02-07,CARD,0.8976095632000113,0.6794771241285171,0.4938620129319104,0.5990433272756047,0.5421470340609306,0.40937097077637497
C00466,2025-07-03,UPI,0.6946706042133138,0.5813563345258292,0.4507232999159901,0.6937119539829866,0.5351836461851632,0.3626201878025912
C00467,2025-11-22,UPI,0.5625855526331017,0.6199127218960463,0.49493883423327506,0.6725595027198424,0.6336804545586465,0.9053385809302805
C00468,2025-10-03,NETBANKING,0.5619895137304507,0.4794875538535045,0.8612184247320522,0.48183746217597667,0.39303896154993767,0.6490584157081186
C00469,2025-08-27,CARD,0.579793788996132,0.5072081715300568,0.7362666429153345,0.42967326380910387,0.658945048529153,0.8945238119818623
C00470,2025-05-21,NETBANKING,0.5949556682707046,0.35239526035645824,0.6057001557180088,0.8254821433564772,0.36620595373722375,0.2925824488985879
C00471,2025-04-29,NETBANKING,0.9027678785021569,0.5740789378353197,0.617950499952134,0.37446412199268697,0.5420766014775195,0.2260750744265016
C00472,2025-01-09,UPI,0.8958304889829922,0.8789638686436887,0.6752400624483433,0.754523992822268,0.5664437626794271,0.351057446610163
C00473,2025-07-06,UPI,0.8238375951161935,0.5998539184178863,0.5513101531027078,0.5137604019565003,0.7554325555572631,0.299035121089025
C00474,2025-02-02,UPI,0.7752148963310017,0.8675278503266879,0.6586381722654578,0.682017234710975,0.8648930023499959,0.8147171353876052
C00475,2025-02-22,UPI,0.7632889692147313,0.7893857545950347,0.6580561520786303,0.6482149315355877,0.4893291860845125,0.43038328560568473
C00476,2025-05-26,CARD,0.5627669385399051,0.7230047337150407,0.674189787756358,0.33267772702017884,0.520709923108482,0.4394348783617554
C00477,2025-05-13,NETBANKING,0.6362809763626873,0.5136352004225064,0.4903376746550431,0.819030046805662,0.298187666783383,0.09721674823776806
C00478,2025-01-13,WALLET,0.6079180476014796,0.7295374361338137,0.5261510213089582,0.4666223731027095,0.3449175554743078,0.7724686120668101
C00479,2025-02-09,NETBANKING,0.7812604135518404,0.6497417750304622,0.5401601354161611,0.5485710562017423,0.4940484365564847,0.9372589068447079
C00480,2025-11-11,CARD,0.8489937593645059,0.7987420280836139,0.5861201669950613,0.6897861905165011,0.6878540617525409,0.5398995782787914
C00481,2025-08-23,UPI,0.9832034907271539,0.6531557871459394,0.8510660428753305,0.862575247840873,0.817839008747823,0.5047882700504954
C00482,2025-02-03,UPI,0.6665661950022427,0.708735354794917,0.7361699872601015,0.34965939636530047,0.5006550731397978,0.3570888910012848
C00483,2025-05-22,UPI,0.8121214173055142,0.769449121288435,0.7409827985162593,0.790980293681545,0.5702871758389865,0.5013829523383958
C00484,2025-01-03,UPI,0.7917157689436831,0.8018999362008685,0.7564528042388756,0.2053892434968341,0.22966716758569175,0.6764339529457882
C00485,2025-09-27,UPI,0.567988205563338,0.6087000797956034,0.5358819725312957,0.8033052884400544,0.47341153482060633,0.28433245553857334
C00486,2025-05-25,UPI,0.7517087211236787,0.6981748802871646,0.6084156814504053,0.5174369666316287,0.7423924511169896,0.30612036825639166
C00487,2025-09-08,NETBANKING,0.748111876665217,0.6647874512996773,0.6969783595325547,0.5654941905802933,0.6073181691101058,0.7109588910122282
C00488,2025-08-01,UPI,0.6456105774097456,0.5837857080752924,0.7284355889568205,0.4998746209305482,0.6368889739107789,0.45797429815273755
C00489,2025-10-01,CARD,0.8587405912863347,0.5700233703959775,0.8392251011841734,0.5244664097660882,0.776023266191044,0.4472598128320949
C00490,2025-02-12,UPI,0.729499108985297,0.6309218111287638,0.7307160446059447,0.5455210423023521,0.796151992060185,0.4296953534354008
C00491,2025-11-09,WALLET,0.6848127210498993,0.5867203591519798,0.546383462843836,0.7281121914859536,0.25092902809921475,0.18968425953580387
C00492,2025-06-30,CARD,0.8073122264730062,0.7592213034628653,0.4661750108735757,0.5860241946216209,0.8514229181181798,0.5759662268115296
C00493,2025-12-17,CARD,0.5345811226139303,0.5110289755447954,0.5617880870146863,0.7677635080160743,0.4482005742925059,0.8526095248488779
C00494,2025-06-27,WALLET,0.7429257134195859,0.48483696845898183,0.42100462764874585,0.5237558859535143,0.5940086091768,0.6748243746290205
C00495,2025-10-02,CARD,0.6821623834873003,0.6974346317114262,0.4933904646301803,0.7403428392603133,0.5415667816625112,0.6451731136794451
C00496,2025-05-26,CARD,0.53403659141282,0.5586050784229317,0.5590725590708522,0.5966778433137001,0.7921088877151266,0.28967250004083606
C00497,2025-08-04,NETBANKING,0.868151346642078,0.706626569995858,0.5486274751987132,0.6032463599738586,0.6037096547410581,0.36338860193873196
C00498,2025-01-28,CARD,0.8442494237510297,0.6815290887530816,0.8003603390395054,0.7456923143982018,0.5419592641564718,0.44925879683971554
C00499,2025-10-02,UPI,0.7055989326953789,0.6096396232809181,0.40345627545502294,0.6664667537245995,0.4399266182703033,0.35810252217747673
C00500,2025-05-01,UPI,0.6637883704779038,0.6452581947568331,0.6030643149476941,0.358089613957783,0.6517225149282605,0.945178553241126
C00501,2025-04-21,CARD,0.8553740714824737,0.5836458323786168,0.7403383637553377,0.7004494947244603,0.834522389409366,0.6373798559044159
C00502,2025-07-02,NETBANKING,0.6431996742943884,0.6710923025322985,0.28042403247407516,0.4541298890604356,0.38956832617373355,0.806572010812791
C00503,2025-02-04,UPI,0.7997724570134997,0.7937786085888991,0.5276030113312578,0.3681472992931135,0.5425716848996398,0.18488594129811362
C00504,2025-05-04,UPI,0.9497338519768939,0.7174467154583923,0.4775326697242068,0.7697532504097129,0.6351688908864954,0.5178220963580116
C00505,2025-02-17,UPI,0.7132168527686592,0.8093404055814065,0.5824301595840217,0.7541289481672823,0.6476337792147343,0.6329608033222731
C00506,2025-11-24,UPI,0.9203657023812661,0.5461772043076493,0.5835464543643414,0.841845557822704,0.35890256901820705,0.702094609829952
C00507,2025-06-06,NETBANKING,0.8452005941845595,0.6486541865455838,0.6249500257652576,0.635837749274646,0.6926657571879286,0.32140489227912294
C00508,2025-04-04,WALLET,0.7495107938140867,0.6505742347870771,0.4836871574264975,0.795208270363997,0.7636302350118963,0.42956518858844495
C00509,2025-09-12,UPI,0.7696831744163556,0.8019029113139469,0.5505947720125401,0.5507777584134553,0.540798845887441,0.3284720205358067
C00510,2025-06-06,UPI,0.7396920434404453,0.5502655196001894,0.8265239001346043,0.4144769717787057,0.5940596863666179,0.47588613451281053
C00511,2025-03-06,NETBANKING,0.8937807597950302,0.8471602830381608,0.792717447669047,0.8797308000131729,0.6260015785592772,0.8692919183229549
C00512,2025-11-18,CARD,0.5343607256614592,0.5473798928493362,0.9255460942063498,0.5067706451561376,0.4883246786408274,0.7176235262992471
C00513,2025-01-03,UPI,0.693337879912787,0.6582209585062655,0.4977169662282536,0.5276124197623031,0.5763719710963829,0.36357790555949054
C00514,2025-01-10,UPI,0.8258690293831242,0.7216570017423988,0.932563598462799,0.5385904320189242,0.5646908734657413,0.4853188652997378
C00515,2025-09-10,UPI,0.6672928927351045,0.6031981110201092,0.48621850462453836,0.6295065510174219,0.8647977673720604,0.6305615235707166
C00516,2025-03-03,UPI,0.717729320868431,0.34667480470368656,0.4947329036013096,0.44353207083794105,0.5612939393363197,0.7303700586798143
C00517,2025-10-10,CARD,0.4470818092744434,0.3396661000244122,0.6029838904951358,0.6681769111149167,0.7438888508978226,0.3795869980237157
C00518,2025-06-23,NETBANKING,0.6700980846864153,0.6660183458068456,0.44336270702195246,0.7967349076201646,0.2915241380092781,0.20959603503404345
C00519,2025-03-25,UPI,0.522986406438408,0.6329557259174718,0.5373000150605505,0.5394830020263697,0.40189245564428555,0.4380222162530718
C00520,2025-12-19,UPI,0.8484039430727147,0.7596376360481596,0.6738592637537869,0.898242558206531,0.5092418642426326,0.7261660735077319
C00521,2025-10-06,UPI,0.6702379229807329,0.5766420942369227,0.6270192475025864,0.484048496585859,0.5121692061496664,0.18987700819835315
C00522,2025-05-10,CARD,0.7205266361692643,0.6364721338719802,0.5611514052656897,0.5033819422473936,0.3467973895854183,0.635616617145094
C00523,2025-12-12,UPI,0.5966434183790307,0.6007715006087304,0.621669543875489,0.45033119998727145,0.6368736562473917,0.758804439914166
C00524,2025-09-06,UPI,0.8041794517302737,0.7667582585822065,0.544428546215198,0.5881042016218556,0.6748378473649963,0.2498633816135705
C00525,2025-03-30,CARD,0.8057229756745654,0.823619954284392,0.8200611933548747,0.6943636173211979,0.5448231301535623,0.8467343111258603
C00526,2025-05-14,UPI,0.8222493640566725,0.733303603951474,0.848497316255186,0.6285757817304173,0.5828355687653135,0.8472553447436116
C00527,2025-12-30,UPI,0.6759744021341294,0.5236089446044636,0.54381206777127,0.4838219247182205,0.8175946689230729,0.5293765133735228
C00528,2025-09-17,CARD,0.8306748063960886,0.6711426032199679,0.7117033286949624,0.5845229190266029,0.8626274004103521,0.6732364357684677
C00529,2025-05-18,UPI,0.8320176531760711,0.8237282980080196,0.5506831067168109,0.6969025339166387,0.6557628002776125,0.3526123027517793
C00530,2025-08-06,NETBANKING,0.6606406869435731,0.4627359310114852,0.45701428874772787,0.488015663011316,0.5316989369234165,0.3036334581837967
C00531,2025-12-21,CARD,0.41733977352811397,0.432092288473566,0.465247286450613,0.30453259288855866,0.5097039330254614,0.27454215953156474
C00532,2025-12-26,UPI,0.6718976051252079,0.5350387108292214,0.45295165819371014,0.6180692818257554,0.40769332589258694,0.5084355224847596
C00533,2025-08-13,UPI,0.8483157153777916,0.9399464981043697,0.7232965399340431,0.9541633962542159,0.5294808012182217,0.30356872085793
C00534,2025-12-22,CARD,0.9018023445438211,0.8590808123232507,0.6219895943460594,0.5104837931726487,0.7013599487166833,0.7821571370757487
C00535,2025-03-11,UPI,0.9105215946121771,0.705061010729926,0.640109733118081,0.5543589973634803,0.3961215035981224,0.8060693950781525
C00536,2025-11-30,UPI,0.795162433861168,0.9373115051687244,0.7271852929595372,0.770871663300684,0.6841248143495964,0.6157763618571982
C00537,2025-09-12,NETBANKING,0.6012756394320495,0.3008759843914587,0.4624701044112145,0.26039057979901786,0.7159396137506385,0.17453852223298028
C00538,2025-03-02,UPI,0.7544493451166672,0.8336820525633046,0.516369383313489,0.4050037566506288,0.526267251787491,0.5047521417937654
C00539,2025-10-18,UPI,0.9239014728799468,0.5882092516542792,0.6125556457989821,0.37674388999111946,0.6015719056260538,0.38478694995028395
C00540,2025-04-14,WALLET,0.686539634319829,0.6182822391258807,0.5292006705635931,0.7068607616946448,0.8880963129188546,0.2671416249637979
C00541,2025-08-30,UPI,0.6664323379029247,0.7025670412161087,0.8359845733806337,0.7094426659994327,0.835248012219046,0.40769225115759544
C00542,2025-01-18,WALLET,0.6172544922614644,0.615865905390989,0.4483519500657094,0.6791044154866199,0.26522127767609566,0.8954693317027652
C00543,2025-09-18,CARD,0.5711137089282241,0.7225845304405457,0.8623854555385004,0.5838820060126373,0.3533975515854809,0.6007655565728228
C00544,2025-11-30,UPI,0.6411604954127613,0.6990154680212223,0.5241570543235637,0.6430301679391838,0.8239110580982397,0.34396996647990724
C00545,2025-01-04,UPI,0.9198912070506369,0.9307316272883027,0.8234032654404876,0.7624971290006628,0.936756333210929,0.6759930489982658
C00546,2025-09-30,CARD,0.6406147755093928,0.6566812226881559,0.636571181112517,0.6141070723110152,0.6960804937487534,0.5682048047407179
C00547,2025-10-12,CARD,0.6494800159364312,0.4862186900477157,0.7229461443428131,0.7430048919820376,1.0,0.7043384764434308
C00548,2025-10-13,UPI,0.7587332307062151,0.5641034416833757,0.6502932194408184,0.4446646429092256,0.40617051109794383,0.7297376814763724
C00549,2025-01-22,UPI,0.8453456338094124,0.8343642277141246,0.5427515032618968,0.4317303768249243,0.49075664091323956,0.37263373010960255
C00550,2025-02-23,CARD,0.7419341524671734,0.540815212246606,0.484599360033021,0.7582766424800609,0.4610571163992243,0.7492178573156214
C00551,2025-04-16,CARD,0.41864810193178864,0.420286889448961,0.746306877664911,0.47326803472502765,0.7907073098253365,0.8233777615480906
C00552,2025-07-15,NETBANKING,0.5532490669367166,0.7528335678368672,0.6538342844964863,0.4045770741853771,0.4942256311899569,0.5469890859235215
C00553,2025-01-06,UPI,0.6430012719527394,0.654150173471005,0.6355718262421102,0.5419794739269289,0.6907108448688107,0.25540025569524555
C00554,2025-08-03,WALLET,0.6446185274348306,0.4205482098473619,0.5441062613079537,0.6350529027687265,0.575025194106434,0.6487944255610202
C00555,2025-03-26,UPI,0.9459062762640348,0.7218335314846861,0.6030152142462244,0.8315895156666366,0.6465996656934916,0.2163910343410081
C00556,2025-02-04,NETBANKING,0.5504687163826906,0.5673585241073797,0.5364479204715792,0.618507907659765,0.5836565037452268,0.5379780777447626
C00557,2025-05-18,CARD,0.6464794922990716,0.4180392217481125,0.401084857601662,0.5128780350950373,0.5237036602110167,0.39290180385247997
C00558,2025-07-02,CARD,0.9480685374186762,0.9382688402861376,0.6439823020822768,0.7240167383630863,0.45637106918846587,0.74564187179522
C00559,2025-02-03,CARD,0.763119403765724,0.6821553801474004,0.5994158007444195,0.9198447087791863,0.6150709168701934,0.5467969234969037
C00560,2025-12-18,UPI,0.7472574823423689,0.7780518657015562,0.5861141701301242,0.7992140125023282,0.6437892624523056,0.9576759850195751
C00561,2025-07-03,NETBANKING,0.7536011810405903,0.7505622459188386,0.47958589228017967,0.5516604182694997,0.5939266352709193,0.5728629318333422
C00562,2025-01-07,CARD,0.7948560436902653,0.743775615933184,0.4027553954866148,0.8731631328217633,0.5472088020591694,0.23075602508685297
C00563,2025-01-29,CARD,0.7041263544028064,0.6023101681079032,0.6259749130070987,0.5040799622179006,0.7463636352194899,0.1749927543882318
C00564,2025-01-14,WALLET,0.8344447232780415,0.7142419849591257,0.6729238705997856,0.9864943230329414,0.42587550855067513,0.13308931318352085
C00565,2025-12-16,UPI,0.7895317862657035,0.6323991282488128,0.588926154788245,0.6666893956505082,0.359467639123816,0.4623074537115076
C00566,2025-12-12,UPI,0.6763885559890218,0.5200631110026139,0.31912322651868685,0.5113544270820871,0.6513838818001484,0.20664960245505237
C00567,2025-01-15,CARD,0.5854258240687029,0.4461042972977339,0.5241395634670044,0.7595831787310189,0.3962623035562979,0.43061640180911687
C00568,2025-08-21,UPI,0.8518138315575755,0.6203746191289925,0.8283575078165321,0.744291613534762,0.5654122845297452,0.4288667021463838
C00569,2025-04-24,UPI,0.5210366692237777,0.22717421257438813,0.7599248669545724,0.365210943726058,0.1968151631120357,0.36966605291301863
C00570,2025-11-26,WALLET,0.6116611006068373,0.6048065221978924,0.6860587041692608,0.37496858818586265,0.7462702602534466,0.5467150959834871
C00571,2025-03-21,UPI,0.7373039839358139,0.8003889402504047,0.7453285377294117,0.46860170532321627,0.3066087127966675,0.9260712438738162
C00572,2025-07-22,NETBANKING,0.6667244975057139,0.6164582161414611,0.39542113760743475,0.42298512996407783,0.563233991750969,0.7201901863794115
C00573,2025-10-04,UPI,0.7648860051869143,0.6308292505856224,0.8767388277224213,0.7351958123017628,0.6907610932905051,0.7188898580678714
C00574,2025-10-09,UPI,0.7245369506793987,0.6157801817928095,0.519011685200487,0.8117993993254348,0.5355574859458202,0.4672302103697685
C00575,2025-08-01,WALLET,0.7008502919721342,0.6798420333900299,0.8071472629792108,0.5917345655693911,0.4318698367966555,0.293626485194006
C00576,2025-08-11,NETBANKING,0.7557434573435102,0.6400128345165635,0.6117385539472093,0.42601877917142933,0.523334707493267,0.8321372293354731
C00577,2025-12-21,CARD,0.8964536958266354,0.5416022419839404,0.9252324651092795,0.7619582898713105,0.5510830906878098,0.7013898413849077
C00578,2025-11-19,UPI,0.44223445808424044,0.5773629382643714,0.7006247981777144,0.5119619081278278,0.4327925373687184,0.42520916279292165
C00579,2025-08-07,CARD,0.7796158492958802,0.7456283263513646,0.8109275243140969,0.504133457065427,0.537719238323243,0.0723142530058632
C00580,2025-04-11,UPI,0.8375297239833649,0.5673758728481074,0.4499360744104785,0.7789519320738312,0.5835704873884868,0.2773416165312865
C00581,2025-08-25,CARD,0.6478505696855099,0.6421153843138052,0.5505027576661271,0.7898876876517167,0.4239474848585324,0.1565203630544793
C00582,2025-12-08,WALLET,0.6841626518315541,0.6594119017027487,0.5001847890731158,0.5922313023515675,0.3745384612962255,0.13684729647865151
C00583,2025-10-02,CARD,0.7867610177750501,0.7176601784167796,0.8290890864726302,0.6184711326505982,0.7888611281861517,0.4414710262064885
C00584,2025-06-21,UPI,0.5507549421763939,0.4435345589754677,0.49634983117452824,0.7103808988415201,0.4978065104928465,0.785547097345637
C00585,2025-12-20,UPI,0.6812500194222355,0.60192776332115,0.21109723215773168,0.7707951424520386,0.51749387590329,0.7558203688185559
C00586,2025-01-17,UPI,0.6444169940830087,0.3550252078665035,0.5906065392155533,0.6283301301560189,0.7442773142591345,0.39067114933605696
C00587,2025-09-27,UPI,0.8336222549458581,0.6220614858642814,0.5430970588733175,0.8430209279809003,0.5831758828093762,0.8469435878710871
C00588,2025-05-17,UPI,0.8808514715140805,0.5740961307708827,0.6703758092124932,0.7851180754337399,0.28637682129704767,0.9377110102238011
C00589,2025-11-12,UPI,0.7733596494852729,0.5980350708459453,0.7149405419415278,0.398958018331144,0.3319041018613196,0.4389427659986348
C00590,2025-01-07,UPI,0.4739902260980248,0.4252847775770838,0.47107477811549436,0.5351952310532393,0.8431254488503197,0.7130645433135256
C00591,2025-03-16,UPI,0.6646842875360565,0.5746684659924177,0.7349347326913999,0.7244022317772064,0.4962658530579128,0.7323947287683802
C00592,2025-05-18,CARD,0.7920435362294652,0.5598791699637139,0.5875982421579198,0.5490604654560731,0.7653949742388388,0.602635818309623
C00593,2025-12-25,NETBANKING,0.6950696222819315,0.5984047880678446,0.8139870652726816,0.574642821412696,0.4848204376180007,0.48146917266996775
C00594,2025-12-03,UPI,0.6798310070088481,0.6224991635613043,0.6862997864739788,0.8406097095618864,0.47678913183478255,0.453857456372667
C00595,2025-02-19,UPI,0.7815455511199104,0.6311484218783419,0.6533375673435984,0.5718736453215496,0.5215981647741477,0.6201059119731698
C00596,2025-09-14,UPI,0.8841591094393035,0.828344147599123,0.5299807263639468,0.8278577641959783,0.22624483694547337,0.639804529606329
C00597,2025-08-19,UPI,0.633415111512926,0.4867318949169067,0.7045444462112844,0.5137788042613287,0.9081898206171395,0.32351457617120016
C00598,2025-11-15,UPI,0.4895065246002321,0.4939456161353008,0.672102572010551,0.526490417493888,0.48998138033260574,0.75661254357164
C00599,2025-06-18,WALLET,0.4536207157399886,0.6856987968297148,0.45265322706882893,0.6224656350335899,0.5118866285683856,0.7618234738243745
C00600,2025-08-07,NETBANKING,0.8409400612992535,0.5968119958249741,0.5320297057321799,0.6235965262760306,0.583783398730077,0.46415929144625506
C00601,2025-11-08,UPI,0.5961986062927462,0.40821518590385547,0.5560906112921108,0.6316572142604351,0.6252097129566325,0.3346925700980571
C00602,2025-12-28,CARD,0.39257663847051255,0.5137060764923336,0.3800020776690788,0.363585092334433,0.5257672306150118,0.25721056558027183
C00603,2025-07-21,CARD,0.8709487174236001,1.0,0.8142045936146949,0.8182368129264479,0.34586759375214127,0.7248635960755581
C00604,2025-12-23,WALLET,0.5950222446409501,0.6066231316433949,0.6040497093454538,0.32497775601886725,0.8037395593414848,0.2882974493954583
C00605,2025-06-05,CARD,0.8013706052168067,0.6180045090178656,0.8154327109505285,0.42925019302931744,0.5910366804444489,0.7843581260340501
C00606,2025-05-10,UPI,0.816115770074287,0.620662919550417,0.9114041805722777,0.7880140314832645,0.38688850048603707,0.8869616725606075
C00607,2025-11-04,CARD,0.583187776888137,0.584346412003906,0.6353407641529671,0.5572283416461237,0.7248690234647692,0.3440903108434214
C00608,2025-10-17,UPI,0.5553868896439684,0.5141892759799286,0.6259024445863882,0.8102725934634208,0.8151322067976818,0.3064201121391328
C00609,2025-05-21,UPI,0.7271426645840632,0.5932145671137709,0.7810150238835318,0.7675053309435996,0.48180850198470393,0.16038843213688542
C00610,2025-11-23,UPI,0.6983986056670076,0.5672971076031135,0.7208154307422869,0.6141628842148548,0.5114325991707291,0.422555219414164
C00611,2025-12-10,UPI,0.4659798848559662,0.5773468000167941,0.49811012063154436,0.3126913072572318,0.44795850752540317,0.6039713931046664
C00612,2025-08-18,CARD,0.7041208043766344,0.6508585912426091,0.8418642268529201,0.568868448636555,0.9442342472097809,0.6390161033983406
C00613,2025-11-22,UPI,0.5728009162132722,0.5354600559212346,0.6071781732940991,0.32039285958715724,0.5584945036297586,0.6661542282002664
C00614,2025-04-20,WALLET,0.5208826487789674,0.521436697516149,0.4833622308712458,0.6932190078695379,0.7300860140071743,0.6029832394543987
C00615,2025-02-18,UPI,0.738904756637511,0.586017933338904,0.4384361334208922,0.4625399030361291,0.7704768422323985,0.7488146276835319
C00616,2025-12-03,UPI,0.8001037394863524,0.6790616111669482,0.8696127475650004,0.6746836226453727,0.380813699018659,0.5669752556288971
C00617,2025-10-18,CARD,0.8086795292616906,0.5371176228340051,0.712676637169675,0.42941772166471404,0.7789958058867092,0.7233223654619696
C00618,2025-08-30,UPI,0.885233891094486,0.9527811686643715,0.5355524588906238,0.7305628402034158,0.6949896173088393,0.464077481367929
C00619,2025-01-21,UPI,0.786742070542633,0.9029398604326198,0.6285213994700432,0.7676387544617167,0.44885427121985483,0.5780960987249427
C00620,2025-08-11,CARD,0.7773319126881663,0.6746743560267534,0.5514909346014654,0.5251647542162415,0.4195507028579974,0.9473793914830224
C00621,2025-08-02,CARD,0.8606540339682457,0.656078537491011,0.9297099405096567,0.9286785045347579,0.6515644063405838,0.22668861652894656
C00622,2025-09-02,UPI,0.35212087344024945,0.3549132092633699,0.4890080223609452,0.695729365121289,0.6897658002636696,0.42750702436275617
C00623,2025-11-02,CARD,0.7731616428969068,0.6544438826848664,0.6403658237288262,0.4338938833725142,0.3728063821459777,0.967673111188122
C00624,2025-10-11,UPI,0.6785285519484696,0.6431716087452025,0.7847301336312288,0.4802193881853756,0.6092884527541833,0.11805668348828649
C00625,2025-04-13,WALLET,0.6324378589527165,0.4618966657606745,0.7376174166920618,0.5217650546110884,0.5794780560369289,0.7697123627235952
C00626,2025-06-01,UPI,0.8344480004491772,0.7303640326272223,0.48208523471447073,0.8454019308616255,0.3981972744226066,0.6667726668551334
C00627,2025-08-18,CARD,0.4615975075533775,0.732696192924886,0.6227407976003925,0.20895216367463457,0.841937161944392,0.5034693297557291
C00628,2025-05-11,UPI,0.879872791683637,0.7256608059011677,0.5923029821693757,0.2843626339825275,0.46963720558140165,0.361746460493132
C00629,2025-09-22,CARD,0.6322860290208315,0.46324584543977126,0.5924590417076234,0.4317621897863053,0.5217763981160295,0.45524976551132396
C00630,2025-03-01,CARD,0.5963112595126153,0.6584904403758498,0.6545124853901148,0.36022518966179284,0.6702381033254934,0.9390854362299589
C00631,2025-05-26,UPI,0.8256390131417964,0.8341523502432716,0.8200911422841249,0.6910507082915553,0.5251211988851773,0.44510327397952176
C00632,2025-12-08,UPI,0.7054164118451012,0.7146918565479836,0.6050634611929028,0.43408307374546307,0.5910717711503191,0.7357872693159224
C00633,2025-02-16,CARD,0.7743371578696543,0.6115483762449694,0.5684378494176474,0.7676011079019726,0.6564665096104491,0.7969036656962596
C00634,2025-01-15,CARD,0.7942778525282651,0.7158484401389015,0.35036422602523654,0.7570444391678481,0.43686314719570996,0.4318966753368902
C00635,2025-05-05,UPI,0.6876106385953233,0.6519718879581313,0.682241081635258,0.22793987507350155,0.5547821032486613,0.33490917034592177
C00636,2025-07-05,CARD,0.8334531617121484,0.6956654994557595,0.5403523401505472,0.745915551130229,0.44740105743592323,0.8857036050622721
C00637,2025-11-06,CARD,0.6594088464858692,0.7747734177845196,0.6526905310875759,0.1637796013602184,0.8653041355134947,0.6261125192554505
C00638,2025-09-18,UPI,0.48254076469021584,0.5926103308742995,0.5732178561868412,0.5087264832440512,0.7553625505270329,0.6925169241634126
C00639,2025-08-24,UPI,0.8342787244039483,0.6929666247783334,0.34834831649682885,0.5787970889271065,0.39572912074752487,0.9595902394166113
C00640,2025-04-09,UPI,0.7791442827280434,0.7821613018604212,0.792985275758247,0.9136315827094212,0.6349632882418796,0.7641596434474829
C00641,2025-10-28,CARD,0.6995103868194398,0.6468622502889183,0.49101511312775403,0.44807492049399533,0.7383858059786675,0.6941779516565052
C00642,2025-03-01,UPI,0.4607426131625125,0.3953104410050557,0.5412814532855991,0.6693308000715232,0.5276791014639878,0.5171713652660049
C00643,2025-10-09,UPI,0.593114593873502,0.5605285983839114,0.730226642753085,0.37586295679890636,0.5835139272513008,0.7842024915199846
C00644,2025-10-02,UPI,0.8660313622872636,0.7475823570651462,0.8050138206626458,0.3871092738764138,0.5999228553457627,0.5051621750982593
C00645,2025-11-13,CARD,0.7724070074606951,0.6309852606946916,0.4536727864775828,0.6426700300226592,0.47934777764342573,0.5033618166648437
C00646,2025-08-09,CARD,0.8374996002760831,0.8133538871391838,0.7655387671503624,0.9233559379962681,0.7031057227809719,0.516245878542271
C00647,2025-08-28,CARD,0.7866619086808201,0.47162677661519103,0.6095709089318061,0.6143150250457867,0.6646420790156184,0.3819347662686815
C00648,2025-11-22,UPI,0.6995391232374374,0.8200666627703608,0.5575916951068759,0.7538116000581622,0.542208135308281,0.1890883857086339
C00649,2025-07-21,UPI,0.7362190257398424,0.5572075407227292,0.6864912955258794,0.8472204411763931,0.34621902715821085,0.5511240395050646
C00650,2025-11-29,CARD,0.831559477394577,0.726704334585993,0.7477813244658887,0.6618531848597282,0.3776195011499185,0.46175731797847563
C00651,2025-05-31,CARD,0.8181126102223003,0.7323793890209707,0.43269962583319815,0.9395816555771425,0.6900577138504127,0.7639342067971187
C00652,2025-11-08,UPI,0.5404389655975982,0.42367621662495847,0.6866860066100862,0.7046590000570273,0.2776972750035259,0.4342448666811415
C00653,2025-05-27,CARD,0.6813839317215165,0.8131161652482878,0.633413949547735,0.3296600415634411,0.33132319468170635,0.4703148174916114
C00654,2025-03-06,WALLET,0.8270846265417828,0.9097198076597797,0.61246830360023,0.7965595794017988,0.3591721848855655,0.8456326276307492
C00655,2025-11-10,UPI,0.5429670471891266,0.5182711756302145,0.7840043968208136,0.6294115467596959,0.5006074255866109,0.5737814920778006
C00656,2026-01-01,NETBANKING,0.596496902194141,0.508943254251083,0.6818277578326669,0.36520520396542716,0.7503185550981116,0.2973788635677783
C00657,2026-01-01,NETBANKING,0.9475209525676904,0.6280011046367135,0.6858865186696639,0.5023986081926787,0.6248832846882655,0.25498400853361947
C00658,2025-04-15,UPI,0.6060328520356288,0.7208127183416091,0.6016693400450135,0.6214205425467494,0.6365059554948496,0.5253296383901042
C00659,2025-12-07,UPI,0.8429170354041228,0.7108035108056808,0.43353251980545776,0.6248542686000222,0.6340012664970711,0.5376609069440461
C00660,2025-09-06,WALLET,0.8336960445190945,0.7347037452197351,0.6015387058699413,0.8543431232709678,0.49699435820555576,0.3130360948663266
C00661,2025-09-15,UPI,0.7198200725000456,0.6200176207273962,0.7330083639472407,0.38655299916732,0.7553929112116895,0.30828625810817617
C00662,2025-12-04,UPI,0.37553566341064304,0.3057996497005406,0.4416894413522433,0.42079300699089817,0.3516450656670158,0.7093832284748869
C00663,2025-03-01,UPI,0.5660725389187904,0.5977644613809264,0.7991623850973526,0.41612339668372,0.7234969524115074,0.4454607483557957
C00664,2025-01-17,WALLET,0.8172211589285281,0.5588634519815638,0.6217038157408328,0.26540419024539924,0.7819862530706733,0.5086064574449913
C00665,2025-10-04,UPI,0.6058867717351204,0.6868827439893226,0.7275505586180128,0.5037038071486885,0.6787997585604099,0.4315264347592214
C00666,2025-04-03,WALLET,0.46339512021958557,0.48395005922981793,0.6213588599515445,0.735415927759994,0.6942765900045945,0.2830018373268503
C00667,2025-06-27,CARD,0.5850844022885624,0.521120478178224,0.5919472062152793,0.6325933557720174,0.36907677851003046,0.8942562219025064
C00668,2025-07-02,CARD,0.5776703217051756,0.5495760846394007,0.5775938893404307,0.5493903343303317,0.5914548027026285,0.7970139277031181
C00669,2025-10-15,CARD,0.7174751572196061,0.46956282548561057,0.8455539527551341,0.438774339780409,0.6990219848643,0.7800917519393082
C00670,2025-07-02,CARD,0.7071692686498814,0.7469467668237071,0.811196324141684,0.5198423139876863,0.529034325651532,0.7074611479009184
C00671,2025-04-11,UPI,0.7940003909364156,0.5064819201737235,0.8132878202777898,0.4979556262506247,0.5335457846933361,0.40498991422976865
C00672,2025-12-16,UPI,0.7619992817548311,0.588390440902044,0.7869436426939643,0.42176578934603814,0.4438436886466115,0.21042002602733711
C00673,2025-10-25,NETBANKING,0.8818241180789759,0.6062594042574346,0.7945092995810819,0.5893649500806292,0.6617601871814612,0.4774427190477415
C00674,2025-08-22,CARD,0.4899247679041647,0.43927678959520317,0.38579148688455817,0.43532979127503324,0.6042262373926297,0.5289255487460199
C00675,2025-10-21,CARD,0.6865258752813874,0.7705689698941754,0.6382696329543913,0.4229685468839034,0.39449005703471146,0.466087359462284
C00676,2025-03-08,UPI,0.6980666380280542,0.7139671183321618,0.6404639241343759,0.7827845859761366,0.8506195875874671,0.637930882288357
C00677,2025-01-06,CARD,0.7349316796752237,0.8153064473736535,0.6622005312814474,0.9138533276227436,0.7375028354634396,0.6994123503310388
C00678,2025-02-16,UPI,0.728951313463816,0.8535911560767135,0.5915461882319494,0.5772396684430924,0.6100295104484753,0.4188030559912377
C00679,2025-04-05,CARD,0.8913277275633728,0.540768464713407,0.44615635229964873,0.3584303676561528,0.2436317626828832,0.682610078382696
C00680,2025-02-26,UPI,0.8677865493245753,0.4737961355174124,0.7020788070979693,0.5993375955713015,0.42481907073834646,0.45649632745780605
C00681,2025-05-27,UPI,0.5694889808925131,0.6187323683022986,0.40741004236716755,0.6828000015999138,0.4019006707353063,0.6465172283352308
C00682,2025-03-19,UPI,0.752527574349909,0.6716486532477729,0.7201121065413046,0.877620968336484,0.8073810350271854,0.8599320455891495
C00683,2025-06-14,UPI,0.40347954663114316,0.4634595515872305,0.6527076709980119,0.656160236834303,0.4341760338516724,0.78257968198799
C00684,2025-11-01,UPI,0.7590676437286525,0.838700810422084,0.23217205134893182,0.6214061292269252,0.32786459201449974,0.768009410627904
C00685,2025-04-16,CARD,0.8965229165596436,0.9067987260402373,0.7057050319107548,0.3730029379774597,0.5932920446563199,0.5069205438780182
C00686,2025-12-16,CARD,0.8253883718836516,0.6748778513985354,0.6338783160079846,0.44768126561418464,0.6810429933925891,0.5879264039256484
C00687,2025-02-26,NETBANKING,0.6440365621253622,0.687445715251103,0.4149139785927718,0.7983195937251855,0.42137245168316273,0.51109307599661
C00688,2025-12-24,CARD,0.4116199854073324,0.4750451180355605,0.5575193241442777,0.40639487796959584,0.850862094952614,0.2671584139522543
C00689,2025-02-20,UPI,0.8837708778758916,0.7454444583149092,0.5675104253403132,0.5944107148024318,0.6900792582470002,0.16490520623830948
C00690,2025-10-04,UPI,0.4645028045189181,0.574453534167477,0.7044343074755983,0.7189050723399302,0.6591600028092621,0.6063628835489113
C00691,2025-03-12,CARD,0.9751238476984055,0.9257704129753841,0.5484305763109704,0.9840615440007123,0.4803022762137111,0.21555328919130987
C00692,2025-06-13,NETBANKING,0.7854490048021113,0.8166309840837064,0.550979051454342,0.6444680594491451,0.5280561796338961,0.6282956122874712
C00693,2025-08-20,CARD,0.8023087591232156,0.8132355243879875,0.876294701452104,0.5402635952176013,0.4436818423171278,0.791621869213818
C00694,2025-12-13,CARD,0.7171516441954814,0.890771211029478,0.6779835752840232,0.7530275035990721,0.7737857953598869,0.32010252395515687
C00695,2025-08-11,UPI,0.558470904181318,0.47672320827843123,0.6951609645686504,0.7163127800836477,0.41344479996040484,0.6378584771582818
C00696,2025-08-25,UPI,0.823043297276426,0.7002004885868797,0.881270740458955,0.7714975743241407,0.6899889613837821,0.749749609198864
C00697,2025-07-02,UPI,0.7848192064193831,0.8053297194402305,0.7217275051699092,0.6983820809801572,0.6935774248455662,0.2128968019254755
C00698,2025-03-01,CARD,0.6370471690118378,0.7547544401282441,0.7786827457024207,0.3641772060344099,0.38958204263444335,0.6837320704454695
C00699,2025-09-01,UPI,0.6316363368730245,0.5613809669420825,0.5375763376570972,0.7236178923528426,0.5518502575704938,0.8526762106958574
C00700,2025-12-20,NETBANKING,0.5679196753229616,0.5117421964622777,0.4285367270568979,0.4452799532673347,0.5070230692944585,0.4744702063885241
C00701,2025-02-21,CARD,0.8511225312150138,0.7046155925022781,0.8358359690258831,0.30873869930734676,0.7548576367447528,0.5176613803514234
C00702,2025-09-17,NETBANKING,0.7419814401869238,0.8153702572957685,0.6540110494602703,0.9103972741259907,0.312519498168212,0.47928468241863187
C00703,2025-08-18,CARD,0.6615155777784005,0.475428181291165,0.8059543324393269,0.5139392034227652,0.43354223771503064,0.22453398348167036
C00704,2025-10-23,CARD,0.8003990094986325,0.6722596266282621,0.792062244711972,0.7018625729645662,0.6250243944433895,0.4249130542201562
C00705,2025-06-27,UPI,0.7192731312909231,0.7519893682873042,0.6726462361519895,0.6175748084330749,0.5133757829116643,0.6377891829776339
C00706,2025-07-11,UPI,0.680955870143955,0.33222107802416057,0.5809424429361485,0.6290154023480138,0.35222983661241214,0.2313724755919181
C00707,2025-09-17,NETBANKING,0.8261558374289952,0.8064385009573749,0.6836759773994804,0.5597538719468272,0.4456688636772121,0.6572385432531114
C00708,2025-06-21,UPI,0.8972729281700875,0.6685736360243852,0.8343605593645975,0.5549783360128362,0.4923468540237209,0.7623426441165376
C00709,2025-06-08,NETBANKING,0.7164819945295341,0.4513839414338817,0.6231402444743531,0.7927118395315962,0.6435640704053652,0.41845494254000676
C00710,2025-10-24,UPI,0.5215278403732914,0.44639242722582245,0.4495133309270221,0.5154628299220996,0.6387332292352855,0.2443871421019298
C00711,2025-09-07,UPI,0.8191764879906855,0.6251056196565172,0.7361452553726365,0.3260186239998737,0.8382931640820952,0.4267043378329419
C00712,2025-06-17,CARD,0.6530512444157832,0.5030762265905369,0.6591582584395107,0.7000190084627068,0.3256670838187502,0.14734175600498872
C00713,2025-04-23,WALLET,0.7504925175680065,0.568433224001284,0.44000197947059183,0.8389636858261326,0.7081176223720554,0.3683559733835824
C00714,2025-08-03,NETBANKING,0.6876350970767128,0.3899973905988676,0.6627240628543896,0.5368102863894786,0.6620555982595117,0.6687560567018952
C00715,2025-12-05,UPI,0.6341811436024299,0.7401350340263122,0.4600048653179048,0.4043856553369543,0.3516548114232171,0.3706695826043077
C00716,2025-01-22,NETBANKING,0.7364404739414909,0.7231445566012544,0.9362443614300318,0.5288237685809274,0.41790047570699906,0.5773225486265766
C00717,2025-09-09,UPI,0.7716544999662988,0.6366670460159807,0.683450877509636,0.6593935225153675,0.37692538955136906,0.6122333595207634
C00718,2025-01-13,CARD,0.8493095853521347,0.7882596875899676,0.8329320573613506,0.5987313752457935,0.4089123949540297,0.7860598445039282
C00719,2025-03-20,UPI,0.9316835708601467,0.7066371665154633,0.8122396222126329,0.6523868495688769,0.6260016043249889,0.4388706579877025
C00720,2025-08-20,UPI,0.7538160591218136,0.6863109268202738,0.8870004574814322,0.6002403904296424,0.5159244995420218,0.5227938853468557
C00721,2025-10-04,NETBANKING,0.7961081449670439,0.761296695335702,0.5596447560167548,0.7218040496056942,0.17193427745362666,0.20997259124143472
C00722,2025-04-12,CARD,0.6127395885495113,0.6193439302337423,0.40274857400007424,0.5369749298366497,0.5845955776934394,0.7776338543110798
C00723,2025-08-13,CARD,0.866684507847579,0.7902117833749183,0.6111491850103681,0.535955675263974,0.7120408315201585,0.667177833144275
C00724,2025-04-27,UPI,0.9964166419578547,0.746394885541447,0.4399974320828712,0.7479405801345477,0.1486965650548452,0.4115091656076346
C00725,2025-06-21,NETBANKING,0.5930528414844435,0.6872641277190916,0.7281872157426954,0.6076788430629606,0.5157907724161216,0.6559140956113834
C00726,2025-05-07,CARD,0.917765001981516,0.57365802395924,0.56365492435689,0.464595464532943,0.7009443367458513,0.7619710627923595
C00727,2025-05-21,NETBANKING,0.49209836641538185,0.4613125114805238,0.5684807406481006,0.5238371759855577,0.7552432220631573,0.5945079947045997
C00728,2025-02-13,UPI,0.843457262907243,0.7873303906921768,0.8485153700521509,0.6110907500287899,1.0,0.6327008191411017
C00729,2025-06-12,UPI,0.6058526255827261,0.3906038114867568,0.42688600625692785,0.6799791181855441,0.3571089611091072,0.648384253209213
C00730,2025-05-03,NETBANKING,0.8357450155418178,0.7830196628279505,0.6202139616581102,0.5821914510909104,0.6506808189101885,0.5487572880417039
C00731,2025-05-25,UPI,0.5279348391859644,0.4239801947098424,0.634473088611394,0.46991645080627426,0.5719972437175185,0.452346416111613
C00732,2025-04-09,WALLET,0.8030853483806973,0.6671448132488101,0.5789767265661607,0.7614130891320497,0.8336789289680878,0.5200773776125426
C00733,2025-10-25,NETBANKING,0.5351708919692777,0.4048897556259926,0.43653806517926197,0.451206739727561,0.5571334505946925,0.6881531072585745
C00734,2025-12-25,WALLET,0.6038285339250137,0.6764485661747464,0.48978454679768013,0.4751139413303598,0.5200677265066437,0.19750515341308678
C00735,2025-10-21,UPI,0.6266816780822656,0.39140192677795677,0.6011427914384467,0.492188807860707,0.6589097201712768,0.33931848945334553
C00736,2025-10-25,NETBANKING,0.4751975195650019,0.5275446028302206,0.6570501015622927,0.5140519545490015,0.49622592520665226,0.26977335664572766
C00737,2025-05-24,UPI,0.5823193662974684,0.6455117281219325,0.6082958571864212,0.581770202777618,0.5279575696814063,0.5190091202592629
C00738,2025-08-16,CARD,0.8890873215114073,0.7989015666431794,0.5513284218806221,0.5901925718261984,0.6498406030106287,0.7239325107886807
C00739,2025-01-11,CARD,0.7914680626051032,0.6761777398628446,0.665367622908278,0.33493836169784724,0.4233875027147529,0.48982971889122373
C00740,2025-07-03,CARD,0.639880250032486,0.41418446971244055,0.7651646691059052,0.3825567223403836,0.7712448544971438,0.4524160020462523
C00741,2025-12-02,CARD,0.8693534143721532,0.8151519126705281,0.8415859226994127,0.7786339032455717,0.7930561508895065,0.578307590834723
C00742,2025-01-04,UPI,0.8931011640835759,0.8644835773422682,0.5488122103243184,0.7785258637908385,0.7302842359425913,0.1567622326926958
C00743,2025-01-29,CARD,0.6615564416558852,0.551830957617396,0.6226874655218831,0.5002260544137594,0.6374094801047138,0.43715337029124257
C00744,2025-01-26,UPI,0.394672623069731,0.40196958856322235,0.4032277390170488,0.5420753295377142,0.4558222116947212,0.3070529705395973
C00745,2025-03-12,UPI,0.7906803610445017,0.8053783676649199,0.6741443304516495,0.7844494869489627,0.520761033093195,0.6871154217022415
C00746,2025-01-23,UPI,0.5137255182511209,0.6043971607887225,0.48621432400093784,0.4107118626618809,0.4529533035869707,0.7774046568024809
C00747,2025-03-10,CARD,0.4646151936995527,0.5125665395243505,0.49549207432540227,0.6157649484870447,0.45905584987369386,0.3787257542579555
C00748,2025-10-14,UPI,0.8542891262833923,0.7344415529124003,0.9021740512017307,0.6704938768159943,0.7130773830203544,0.3507694072005072
C00749,2025-07-07,CARD,0.4996618487749422,0.49584831927705186,0.45156286334991685,0.6899023442865302,0.5130706867960311,0.7659420471108869
C00750,2025-06-02,NETBANKING,0.7336181209583378,0.6731140664844343,0.48955591984182506,0.6184766280097215,0.6091628150764605,0.3844628982592807
C00751,2025-11-17,UPI,0.63376840324612,0.7694413298483495,0.7251805564142043,0.730176438632336,0.4392219059693061,0.3300629338387782
C00752,2025-08-24,UPI,0.6935140984433612,0.6257751126134302,0.49108267755274804,0.5517173120956349,0.6792748010844195,0.4003050376879246
C00753,2025-10-26,CARD,0.7140112912922256,0.6914914301945935,0.7371055020120141,0.3961083876103713,0.7723760408866737,0.43917020019758185
C00754,2025-07-05,CARD,0.9106751524010134,0.768786994856966,0.6064015821038684,0.5672511564392556,0.725606101825607,0.6994732778132587
C00755,2025-06-20,UPI,0.8422850043936435,0.7707767834833344,0.5411736493235453,0.5562658189262915,0.3654785958305463,0.45987366027249466
C00756,2025-12-20,UPI,0.7458915760356257,0.7267574074451237,0.5529594389484077,0.6380107623130183,0.4573950998343348,0.29357601380665993
C00757,2025-06-20,UPI,0.711210264830758,0.7306382359533099,0.6774486324186598,0.5619301590285923,0.8334508127911633,0.48520345414390054
C00758,2025-10-25,CARD,0.6625088939715752,0.7152300606542624,0.6922860943026811,0.5643984397327823,0.7043991095435337,0.5473743724340067
C00759,2025-11-16,UPI,0.8188568859387911,0.6630453601015511,0.6876276456034917,0.36055627572083027,0.5150676448528866,0.4604936864358785
C00760,2025-10-18,NETBANKING,0.7742919245198043,0.7478051275411377,0.6613201242661503,0.7553209984844855,0.6235450207499504,0.5515487836384337
C00761,2025-08-31,NETBANKING,0.7891179523870526,0.7903139244919605,0.7323017951782615,0.7890511134608331,0.9078733737216678,0.30881196005886036
C00762,2025-03-29,UPI,0.5756147115778606,0.6104980868832254,0.7120193638595932,0.7135847990642094,0.7778378856703783,0.8083289298722091
C00763,2025-02-03,UPI,0.9053468487163476,0.7292829404966696,0.6065759695827398,0.6117842739065248,0.5984254213877245,0.23115643764392116
C00764,2025-03-05,UPI,0.830975535086514,0.8470065836090572,0.6282262241742125,0.7706103806972735,0.6072742629276862,0.4520148291423985
C00765,2025-09-06,CARD,0.5370860590263389,0.46761550218053305,0.656062861482051,0.30817980233957437,0.7216029919024136,0.07445456283578021
C00766,2025-08-14,CARD,0.6424314036901716,0.6252049698624971,0.7691852719481573,0.28941730784437936,0.3139816180021138,0.5455958173750483
C00767,2025-04-17,UPI,0.8832156582096049,0.7262929559763074,0.5475207123584218,0.5658754583314494,0.7893587588590759,0.7614573970369094
C00768,2025-11-12,UPI,0.5407229105980037,0.6694121296398922,0.7569862492701103,0.30717270713907224,0.5066119306123623,0.3910775676403516
C00769,2025-05-10,UPI,0.6221423256188787,0.6855747342117108,0.5713748463587679,0.45088555710062006,0.4682097219271879,0.9508312629401807
C00770,2025-11-12,CARD,0.8590140254083344,0.7288172099685224,0.6462479799295603,0.6892687920924243,0.566947104187464,0.3344502963596822
C00771,2025-03-29,NETBANKING,0.6824467629527217,0.5889124197147058,0.6965302294171835,0.8058504027725958,0.5899912926976731,0.28661137641109335
C00772,2025-03-16,NETBANKING,0.6383653111148807,0.5637928931826551,1.0,0.6331133618679412,0.5960653576427234,0.7604496973943529
C00773,2025-02-22,UPI,0.6115999198881482,0.5260702903151735,0.6683891224313863,0.5643121056333172,0.6101011984408063,0.5111447045374609
C00774,2025-01-17,CARD,0.8238568255919378,0.5775497707024735,0.9616048656141306,0.9044608555994987,0.6862435294344207,0.8108946032406835
C00775,2025-12-28,UPI,0.8117197428765252,0.8053908602170933,0.849658195257662,0.6290835335109947,0.6474530842596923,0.7385508941338572
C00776,2025-10-27,UPI,0.8717361981999008,0.6798530075767208,0.6614114094064163,0.9591576675389566,0.5613942627467665,0.4367105846802309
C00777,2025-03-10,CARD,0.6943163773249846,0.5950601535911457,0.4998203207218418,0.7834052696548193,0.43326754236751236,0.7148308704131604
C00778,2025-10-23,CARD,0.679895641462962,0.7858395666503815,0.8600125623189583,0.7858272513070723,0.3278703458498399,0.7999429318430128
C00779,2025-07-29,UPI,0.6687340949855685,0.5660103884231127,0.4857269215759592,0.5917408003180985,0.39972254193464024,0.5808662005964875
C00780,2025-01-26,UPI,0.5684106903582687,0.5785891002448892,0.6515230241023084,0.33047075315575447,0.2418362529817163,0.44839134750972853
C00781,2025-08-09,CARD,0.8326612609885576,0.8068089692076605,0.6622536794262751,0.4792757603352502,0.5774651024179471,0.3852102017392714
C00782,2025-06-14,NETBANKING,0.7099466289406295,0.6468233068567177,0.7608940862503539,0.5274082322524505,0.9267184885081343,0.29617560294009865
C00783,2025-07-18,NETBANKING,0.6677940674431204,0.6446671052280777,0.407997131966659,0.6167780667481877,0.7065127866750464,0.3473176307709482
C00784,2025-06-23,UPI,0.7570800358677108,0.7518030174172827,0.7688041659483787,0.6312411347487276,0.5500444057467277,0.317699673353661
C00785,2025-12-25,UPI,0.7933391002295805,0.7565509296731003,0.8458065604904312,0.6776959822188175,0.7818533348605946,0.37774456944687923
C00786,2025-04-28,UPI,0.9151218179463015,0.7436415222304994,0.8659797348530476,1.0,0.4209743826316436,0.21973610715155606
C00787,2025-07-19,NETBANKING,0.7261605307507029,0.6410905437137036,0.8620296523433671,0.8666755209776384,0.5463063298300957,0.3233993324459455
C00788,2025-08-26,CARD,0.5363569771461358,0.5718217768174414,0.596706371533501,0.5596185205751847,0.4229973531836389,0.38405014441664376
C00789,2025-02-24,UPI,0.8116845647186375,0.7900505148346172,0.717373823637322,0.7221566684298266,0.2928061870121881,0.9987126840340206
C00790,2025-06-14,CARD,0.7232513436282626,0.4249216013058614,0.4893838474860451,0.7710822533151384,0.736596008227874,0.5353777512513973
C00791,2025-03-31,WALLET,0.58669468136531,0.6379875830394637,0.47808498198570026,0.4098393692952032,0.37373564616847943,0.3982763147579818
C00792,2025-04-25,UPI,0.7363704164592779,0.7813633091722109,0.9416951365034241,0.5775114314959919,0.7324462464343153,0.856561634732996
C00793,2025-05-10,NETBANKING,0.8926673225096019,0.731722770335786,0.6555474317599441,0.802009749463379,0.5432460579970823,0.6986683015693201
C00794,2025-05-23,CARD,0.7569508640464463,0.6478466279628367,0.7086739295833668,0.693011446587413,0.6822948164250026,0.3490905006827739
C00795,2025-07-30,WALLET,0.744375179521005,0.5343114382059464,0.7189778073259991,0.582745250035633,0.7377967500146231,0.6122766826965773
C00796,2025-02-02,UPI,0.8144974945938122,0.7300324925035727,0.7701090275627643,0.3996217913860967,0.5079694313879035,0.45347557183406323
C00797,2025-05-03,UPI,0.6560559645206632,0.4751598922933944,0.5133170643857555,0.46640105526608444,0.6551153316501768,0.9507530796228276
C00798,2025-01-06,UPI,0.7666927130554774,0.5692190304460282,0.8766851009883624,0.7506639096760125,0.8433802863550559,0.5209514497480884
C00799,2025-08-04,CARD,0.48007503257412387,0.5721945871071431,0.5647413227151202,0.744294830369344,0.4028211112793391,0.5020055613627221
C00800,2025-11-20,UPI,0.847266400738548,0.8003306578724044,0.7111290380303463,0.66812277862572,0.6081810543548395,0.5927102642561677
C00801,2025-05-08,UPI,0.8673412893241802,0.6952190268583472,0.7417155889727417,0.7212708885031034,0.20736326746215528,0.297737295581747
C00802,2025-06-28,CARD,0.8388075230254035,0.8283290019438817,0.5932169838264161,0.5863101910842965,0.5605235859101004,0.7586503231672251
C00803,2025-07-03,UPI,0.8162140638848442,0.7408195358835574,0.6417005099227472,0.6854939056793052,0.7018748436473083,0.6747848666587434
C00804,2025-12-11,CARD,0.7382249969905348,0.5955083088966546,0.4418869181280962,0.34819294708571535,0.3348314940398691,0.5626556995871225
C00805,2025-02-28,UPI,0.9060557324995955,0.7869409928439625,0.8103634090024538,0.6831423449455404,0.45301566005905325,0.4128955325699521
C00806,2025-10-14,UPI,0.6134776473200507,0.6037260079326496,0.6650402998367687,0.5897603928367664,0.5823737632785997,0.5647351165074471
C00807,2025-03-28,UPI,0.8282954673029617,0.783770367932852,0.7735275959186946,0.49802081407347626,0.6066282807070267,0.2998802704238576
C00808,2025-06-15,UPI,0.6734529700984514,0.6668873406827134,0.6061982886273123,0.8077132966789086,0.9160102414346379,0.6787746445069565
C00809,2025-09-26,CARD,0.5329922040226421,0.6059682332547808,0.6224855431289797,0.6008102893934989,0.6232624337811583,0.41183024987367084
C00810,2025-02-16,UPI,0.519651060434081,0.4452720709576494,0.3786485656472128,0.5958613472933645,0.5630777718708883,0.6255851713255925
C00811,2025-11-10,UPI,0.8545401093493534,0.7794796277520902,0.7186285448616418,0.6967361159963392,0.2689984356481723,0.43616246982182966
C00812,2025-05-26,UPI,0.7400815133091412,0.6479998903908413,0.5776788736869833,0.43138696270217186,0.536701925736052,0.5972339042233973
C00813,2025-04-13,UPI,0.6200428702698415,0.6728428041099173,0.76522237875134,0.7767257504292551,0.5058817715642517,0.6607591775915773
C00814,2025-11-09,CARD,0.518501746425115,0.6497090099161518,0.5804894484703855,0.3760734433370708,0.548279165881482,0.42609516527437674
C00815,2025-03-13,UPI,0.6874790464207091,0.7209616840680652,0.5869291954130137,0.8757876395412254,0.5937968203970053,0.25308138469691305
C00816,2025-04-20,UPI,0.5000407319380163,0.5669311325253357,0.583233175039723,0.6104946590982404,0.8028246709412319,0.9884404408077275
C00817,2025-03-13,UPI,0.7946906231363609,0.5172362896283513,0.8186290019890551,0.373646880235335,0.7481211695333294,0.4921288513140327
C00818,2025-06-11,CARD,0.8585945429850129,0.6442060139464161,0.6704424866141124,0.5319212887449642,0.9185215767914465,0.787483226177806
C00819,2025-11-20,CARD,0.637159621329829,0.4773582164724201,0.579654519894031,0.44015140135940456,0.6191363475633704,0.47597934124003016
C00820,2025-09-26,UPI,0.6954458255192808,0.6993815963222961,0.5999103985043501,0.5034475806782388,0.483344997440221,0.26400688020323326
C00821,2025-05-22,UPI,0.8051818555416372,0.8559456894478472,0.9442895057288179,0.4953035850978739,0.8369553804555336,0.23160119633714976
C00822,2025-01-06,UPI,0.7976905876116208,0.6769445668247646,0.9212572026240617,0.5825712095159197,0.670224975377298,0.08508283096710414
C00823,2025-09-30,CARD,0.7552194082992176,0.7661884531640426,0.43407880444419344,0.5352347355687469,0.5153901515939057,0.4320141685531798
C00824,2025-05-13,WALLET,0.8129795373551528,0.8242386716794813,0.7249811597119059,0.6882694733000725,0.47807310683944537,0.5763455034394465
C00825,2025-03-16,CARD,0.6810488805874897,0.4779533828266929,0.6951871804607093,0.8964188254497613,0.65155824082663,0.9822092929981017
C00826,2025-02-17,UPI,0.8291524257218674,0.8051011948549006,0.24278758654665994,0.7471381875309971,0.3428861853157188,0.7217666333109934
C00827,2025-05-19,CARD,0.8780712443601177,0.7485330605372346,0.4619902224087893,0.6056141234927175,0.6587881525042865,0.8592181488318185
C00828,2025-01-19,CARD,0.8417708062609938,0.6374969970307893,0.7886493437412144,0.7971911562824908,0.5370373314819006,0.3100327929888021
C00829,2025-11-10,NETBANKING,0.8352087387197361,0.7841169415835991,0.6476353915231801,0.4496547764457832,0.3469075203194224,0.5184686692072022
C00830,2025-11-24,CARD,0.5412811608737848,0.6269015074566603,0.637629193094041,0.7737098025723961,0.2281555183936652,0.331690899237739
C00831,2025-04-01,UPI,0.8094653823824459,0.8069748507731909,0.6386717530565325,0.7261693597277454,0.8718487877117139,0.2211805643219301
C00832,2025-01-31,NETBANKING,0.5741187551946937,0.487820629357063,0.5257967931501535,0.5021988571444302,0.7028169155086,0.23094770981109322
C00833,2025-05-07,UPI,0.7229201717500932,0.5216648188325691,0.5871661241201818,0.6505664185477454,0.5383889302342257,0.5399503604915025
C00834,2025-12-06,UPI,0.58198589714976,0.5302827443116909,0.5853439679122181,0.680114252806375,0.7157902208739677,0.6727557948446686
C00835,2025-03-25,CARD,0.7565283180037555,0.6365394364504668,0.7266234462128504,0.802427451276315,0.5701750543110551,0.4047021950369541
C00836,2025-12-14,NETBANKING,0.6267750238896421,0.6549734783484573,0.7497302706564782,0.6112666659293355,0.7492821461618492,0.7814644377984404
C00837,2025-01-09,CARD,0.6617294614258274,0.5837909961927228,0.7098774087134082,0.6668549373740172,0.5421188267632647,0.629977051321257
C00838,2025-09-06,UPI,0.6627925467087505,0.4251008269877451,0.6481872907322818,0.5510378321317508,0.8796403800827207,0.2374072351230297
C00839,2025-01-31,UPI,0.6064186583939599,0.5997751125754789,0.5023586073342152,0.31222874371973547,0.5191451841991863,0.4793649410584224
C00840,2025-01-13,CARD,0.7571805918355367,0.7508062859395358,0.7029453522066043,0.5408593906766772,0.6702734551728867,0.4064748223317855
C00841,2025-11-21,CARD,0.5667304117898935,0.798782250764298,0.2502238341295536,0.7921614382408122,0.16395410349150596,0.222999374943575
C00842,2025-12-05,CARD,0.5259611103646569,0.2695488115521155,0.5216064428006113,0.40209705680780095,0.4861528875572355,0.6656768721348549
C00843,2025-08-15,CARD,0.7639539696967372,0.5149600121555713,0.902028278195667,0.58521872587832,0.5263519868064628,0.78993698297423
C00844,2025-09-28,CARD,0.7633173780433807,0.6784523825056974,0.5437835328255689,0.7241987501960762,0.5950598995994169,0.47113096044090697
C00845,2025-01-09,NETBANKING,0.6416113664110861,0.5730819442046452,0.7965884527954853,0.6510460291585237,0.6015576314429718,0.47621891941655825
C00846,2025-04-24,WALLET,0.6298595705210537,0.6116676986596259,0.8106609277591127,0.5785021734384358,0.6207203456259465,0.4984016401262091
C00847,2025-09-18,CARD,0.810178279370968,0.6065540610674487,0.6947169343115439,0.6213996576105614,0.7224325932114204,0.2983548442406869
C00848,2025-02-22,UPI,0.6570377894086639,0.639488496290452,0.2821242404929185,0.525556754281525,0.8050429596406059,0.5585941760893148
C00849,2025-01-23,NETBANKING,0.8708378905572856,0.758604514642382,0.6680880583109995,0.5408393109318401,0.4747634312791263,0.8520643270861109
C00850,2025-11-09,UPI,0.7037192029398277,0.5381194819190086,0.6150562345444557,0.5522149333568507,0.4492038583207127,0.16587923533756935
C00851,2025-06-11,WALLET,0.7406735985350384,0.6241965986663316,0.6905841624955308,0.6494184677936392,0.7838203643524888,0.3757594924424755
C00852,2025-09-21,NETBANKING,0.5800525689393178,0.5814571539568155,0.40497719605838434,0.5727062932355775,0.7285291694831326,0.5618980421968619
C00853,2025-01-03,CARD,0.8444208300482517,0.6456424930347079,0.36854867399325636,0.432896401108067,0.773697800396122,0.15647839405061503
C00854,2025-04-27,CARD,0.7348831820845675,0.6590272875847508,0.7006537131393422,0.8623039080589024,0.5905961708362287,0.5297844071419704
C00855,2025-08-26,NETBANKING,0.6745956492180151,0.755974175407648,0.7541091391921584,0.6256223289079723,1.0,0.940345365111382
C00856,2025-11-06,UPI,0.8285854278184469,0.7413724367955425,0.5790236713412372,0.9115555948673336,0.3516353119410308,0.20843253138665588
C00857,2025-12-09,CARD,0.6950340502053255,0.6008248212253033,0.6126186957477298,0.37375986294712804,0.54716260607336,0.6999481282256006
C00858,2025-06-03,NETBANKING,0.7863787610755298,0.5033023356859293,0.5201564292348573,0.4785726900903314,0.5826291705717798,0.3125339643766767
C00859,2025-12-01,CARD,0.8109746325166018,0.8144908647770257,0.748937329367455,0.5575752655242363,0.720138254235861,0.4270573317452486
C00860,2025-09-07,UPI,0.8358727128571041,0.6618675303504037,0.59784404722491,0.956854821935792,0.9457367751482475,0.2962071539916328
C00861,2025-10-14,WALLET,0.7551359636783528,0.6849220036256126,0.5762804135031088,0.7832676310058297,0.7376259554771917,0.6285903125560188
C00862,2025-10-23,NETBANKING,0.8093373037088544,0.9490089553587481,0.6133355032857623,0.5484643502213499,0.7640011463122095,0.4888428347219577
C00863,2025-06-09,UPI,0.6483467543557263,0.3237366899903681,0.6268048984291549,0.9346631711057763,0.6966474738975629,0.33656382896634796
C00864,2025-09-06,NETBANKING,0.6703583661009334,0.570415726685139,0.6031995639440898,0.4992402800468733,0.6470259458362385,0.2043486839913354
C00865,2025-09-30,UPI,0.8689236492786905,0.6974452242943612,0.609885501276213,0.670959205168548,0.6997522034908554,0.4009037671585766
C00866,2025-11-04,WALLET,0.5264965882564075,0.5229974261992676,0.7660666254989674,0.5363698973839663,0.30744914723033906,0.276161267668572
C00867,2025-03-30,UPI,0.7959147603463206,0.594151221481209,0.43147104696223754,0.8896797004421332,0.5408812248410075,0.4708981291944726
C00868,2025-09-12,UPI,0.8273898582991807,0.6569412671454906,0.7125015173487214,0.7218158036005281,0.6416300297426465,0.6303698870914143
C00869,2025-05-23,CARD,0.7660756331425308,0.6549056828472598,0.6073696067993497,0.766582594942469,0.6593647474321281,0.5898581623933782
C00870,2025-07-29,UPI,0.652652593723746,0.6509427492641501,0.8901033985460989,0.30265299525454387,0.7859752560035521,0.5569463395776031
C00871,2025-07-18,CARD,0.6767789405316481,0.7199215826768907,0.7013044045334497,0.564913566627438,0.7077660216458587,0.9044500401393575
C00872,2025-10-15,CARD,0.8306143391313474,0.5998056106898535,0.5291323759738458,0.4156044931771405,0.5679316990688925,0.31567149994750093
C00873,2025-11-04,UPI,0.6140165270975851,0.632345166795852,0.7087996801771689,0.2981744485618267,0.5832089021401308,0.7182534272350943
C00874,2025-06-02,CARD,0.6006433731257601,0.6610285743580762,0.5050809937533591,0.430830974009426,0.8219373834999992,0.7510944150766561
C00875,2025-02-22,CARD,0.6242880596440868,0.4727156167556904,0.2818181212579419,0.5231597052655785,0.639352174227058,0.22321049220615097
C00876,2025-09-03,UPI,0.5707190747723014,0.5946446428633846,0.702592635661196,0.6736967251973207,0.46010101890213523,0.6182612479809642
C00877,2025-10-05,UPI,0.7044824975508913,0.5887711219466407,0.46652233266334914,0.47884138807010856,0.47162326929066484,0.1262334860801178
C00878,2025-11-02,UPI,0.6378671036085463,0.6745113420455625,0.7309505283012057,0.4132703872675329,0.6090544054409845,0.7784828079498726
C00879,2025-05-28,CARD,0.8161897144275735,0.5353689840818541,0.5004811062351797,0.5454376159896619,0.6772010218425728,0.18312595358361197
C00880,2025-08-02,UPI,0.9358836006513029,0.8772396587712127,0.9428978207031594,0.6491705545278351,0.7087684027274019,0.40039093156006067
C00881,2025-06-10,CARD,0.618669602397099,0.6826622008250024,0.598727611986357,0.532486319166226,0.4955154885751045,0.325306913368484
C00882,2025-10-06,UPI,0.6319783261959965,0.5779226647518104,0.4704658260142537,0.5314340522975555,0.3001820736945896,0.3957904489647868
C00883,2025-03-22,UPI,0.8792049633447524,0.9145821018596596,0.614208778266951,0.7909133523911299,0.6881927657641321,0.5060676385035915
C00884,2025-06-15,NETBANKING,0.717120549956266,0.7241473738253372,0.7295416413855956,0.6328477364857981,0.5925997029844399,0.5492690049584276
C00885,2025-10-24,WALLET,0.7132053954153369,0.8327402005484916,0.6401361475481047,0.6733409404351784,0.5247570473337264,0.3894247104952607
C00886,2025-12-20,UPI,0.347687580334991,0.3855782395167937,0.6072433665353633,0.3030434585449765,0.7535475346303377,0.37807869021444335
C00887,2025-06-07,NETBANKING,0.8066183026745766,0.7809728537870059,0.7082603650699932,0.579756977486541,0.8143514083374429,0.5371090696560472
C00888,2025-09-21,CARD,0.678634158473752,0.7398046748251749,0.7603090320628763,0.6055592987929174,0.5148174888740642,0.7710076413677546
C00889,2025-02-08,CARD,0.4608182087822344,0.6061906849250549,0.6351105641679382,0.6495630012035334,0.49831118913483774,0.32572037903992274
C00890,2025-05-14,UPI,0.8737753822726724,0.5374570895024493,0.7423377827472599,0.632617022252401,0.5378948945523505,0.5786019454352275
C00891,2025-01-25,UPI,0.6602611393504415,0.6991592982850742,0.55707695152285,0.693043609258022,0.6571532797543895,0.6299098379848229
C00892,2025-03-27,WALLET,0.6183208101942455,0.7424990937953894,0.6101325739283615,0.6337742473536022,0.8067720272597375,0.5975620474702301
C00893,2025-08-30,UPI,0.6814209387222802,0.6092113455232706,0.38745967451736807,0.6016017514351213,0.582886246164969,0.4394599004695623
C00894,2025-09-12,CARD,0.6380877720491683,0.6261590186694079,0.5880456206893199,0.6145263032434448,0.663429428969032,0.8582658855952557
C00895,2025-06-25,WALLET,0.7035377560572198,0.4992905005995271,0.6233796760282259,0.8864620587696104,0.6495518367677823,0.28326063302106297
C00896,2025-05-31,UPI,0.8558141556912918,0.7961355698037382,0.8160017914384209,0.45486413422685024,0.7757529768114598,0.12869407689556592
C00897,2025-12-24,UPI,0.5028515777240566,0.4876620141660862,0.45730337981521674,0.5733201339445927,0.4843733549121647,0.6463024060612425
C00898,2025-12-01,UPI,0.7685983769048989,0.6592387630024565,0.7629880144092497,0.6233189309277305,0.46050353106754294,0.404098922900623
C00899,2025-05-21,UPI,0.6419947891002526,0.6951287477738031,0.6850384271039719,0.6366147054119616,0.645111340928049,0.8139812355201919
C00900,2025-12-17,WALLET,0.5547637907130671,0.714437834604668,0.6219974128362035,0.7261091659491995,0.49153355282496974,0.7268074120996828
C00901,2025-09-30,UPI,0.7907027800890369,0.6431807650587421,0.4597658205641768,0.7991445930248927,0.39431567719036464,0.4014021071731173
C00902,2025-04-03,NETBANKING,0.7747701354329221,0.654414284335936,0.818014644372541,0.910417946713247,0.6947124179083515,0.3347112811837007
C00903,2025-09-16,UPI,0.6303317502813058,0.4652902160295943,0.7549723528558512,0.583328439365485,0.5189447841254011,0.13466299439622814
C00904,2025-02-08,CARD,0.5392940256473837,0.668729889251148,0.7288708135152749,0.3795408706597839,0.6956293681473242,0.2013634780738159
C00905,2025-06-04,CARD,0.9005531848587456,0.7822883441964233,0.5775343306883869,0.9526593862589111,0.4261008493252829,0.49862777228804184
C00906,2025-01-24,CARD,0.7061940759666764,0.6503122533892407,0.8716106130723157,0.6907956976935101,0.8051532318814876,0.8169356557477854
C00907,2025-04-24,UPI,0.6965545524280604,0.5643594756623297,0.763727076803931,0.7199962425568806,0.7902269681847754,0.6211394665849957
C00908,2025-08-01,CARD,0.7192533679645393,0.9425790169127767,0.5344875073082762,0.715155761769568,0.6064450331769791,0.7877199974459845
C00909,2025-01-29,CARD,0.6682033018949824,0.6126115068074711,0.4020620792361821,0.39295134522356767,0.23515278249974828,0.9720381761586443
C00910,2025-04-01,UPI,0.7172764874591293,0.7931211419109455,0.5406928540026994,0.4268605675832805,0.5698943480045847,0.25938352364398937
C00911,2025-07-05,UPI,0.5864322450026878,0.5971327209060324,0.6804896408455156,0.6061137927759925,0.5183192522889345,0.40525200735948336
C00912,2025-01-24,UPI,0.4384505702683552,0.46711425083115654,0.5922007965316922,0.5163301756347742,0.6650496543269012,0.45996056568042587
C00913,2025-12-13,NETBANKING,0.6435871037291377,0.703899460208403,0.7210785688817212,0.649947459626877,0.6761099473964127,0.11638721245861276
C00914,2025-01-15,UPI,0.7663025852110856,0.7989499387623089,0.42420984423383323,0.8835090838790096,0.37057267214650524,0.5022204576024656
C00915,2025-07-26,WALLET,0.7216544825924789,0.7622386651745857,0.5775734782102029,0.4188041715667112,0.3141812877481056,0.4422729139053046
C00916,2025-10-05,UPI,0.7194303715236343,0.6918733664711891,0.58438224304842,0.5664989048541318,0.832217710666407,0.1387105153884084
C00917,2025-08-02,UPI,0.727470757597512,0.4786188452395997,0.6270821490280161,0.7990121386915223,0.6611005155811925,0.2358574722958885
C00918,2025-09-22,UPI,0.7720300513101894,0.5623011140295208,0.45370112930733625,0.4487673426445687,0.5833410853529095,0.38169290559910696
C00919,2025-08-14,UPI,0.7523631765496892,0.763133384056103,0.5802608507284752,0.6843275239568244,0.879786369692173,0.4644137567406255
C00920,2025-01-05,UPI,0.5009976855392695,0.5631706262748893,0.4322335851442343,0.5661806771662345,0.4513114288771195,0.29958762970503927
C00921,2025-06-21,UPI,0.5782836368143011,0.6463589436305663,0.8232416340104521,0.6652276797047305,0.6889746264571736,0.589812061368604
C00922,2025-10-09,CARD,0.6221889285489306,0.40670848592022624,0.7888698261457253,0.6408597985714408,0.6240602660746297,0.7232817690676334
C00923,2025-01-11,CARD,0.6360784026407974,0.639371661849089,0.5189059279733799,0.653948905330189,0.23838597869297726,0.03811774649875337
C00924,2025-01-15,NETBANKING,0.8309271425598462,0.6106696232281429,0.696302831066796,0.899036751146006,0.8611884779159606,0.5652915603293476
C00925,2025-05-11,UPI,0.5727677882356698,0.49123675709705267,0.5551682378670744,0.7304360208836139,0.3380285569918259,0.4031234888187463
C00926,2025-01-15,UPI,0.7271886884033076,0.41915856691827363,0.5999476248164229,0.6905899563641702,0.7143763238807929,0.31909785754536896
C00927,2025-07-01,UPI,0.8752871883911894,0.9567163119764286,0.6878502861515127,0.49185685558038683,0.4881415518781176,0.5662391773231341
C00928,2025-03-27,UPI,0.6918181692534476,0.5431147947106221,0.8795852118626368,0.3340629885664977,0.907419132965814,0.5956729865205646
C00929,2025-12-10,UPI,0.8124828679040245,0.9062584649062619,0.9353830016187983,0.6354711862646949,0.45109232968971674,0.6574786383809896
C00930,2025-11-25,WALLET,0.6816057322619065,0.5881492339654061,0.35408213175945835,0.6501341081083333,0.5667865208399079,0.4026021983423203
C00931,2025-06-28,CARD,0.4897846223154497,0.31730953465399053,0.46985127123598974,0.4261221245560475,0.4297356661708164,0.15863662961828393
C00932,2025-04-09,CARD,0.8151328163852024,0.6200774946933452,0.6803565280570539,0.7223304120012166,0.6087149347652143,0.23088772546458933
C00933,2025-04-07,UPI,0.7746552644650205,0.6889591262663505,0.5889473367468292,0.5446972683718672,0.498582011613537,0.7973391928789377
C00934,2025-09-03,UPI,0.8303100029913666,0.7883125278440855,0.7096344262145861,0.4235502531584582,0.7078903141437375,0.72577866001259
C00935,2025-10-11,UPI,0.6060380533945571,0.563750278138893,0.43591499366544056,0.7628765111384594,0.7003927801251075,0.6773198063833209
C00936,2025-02-18,NETBANKING,0.6105978105463044,0.48856661282538216,0.8058502050718674,0.6082695153428318,0.9369050531086236,0.6459152692156904
C00937,2025-07-19,CARD,0.5996256368183711,0.5316178825610681,0.7832868710795566,0.6207242764610353,0.8623475327729165,0.41622119503091787
C00938,2025-02-10,UPI,0.7843859114551396,0.6568187884851644,0.6128112343388639,0.4926797914026224,0.7542545505510028,0.7777734344360094
C00939,2025-08-15,UPI,0.7324008807664488,0.6615117941774771,0.5423022957615272,0.40293311202348525,0.6233048255023854,0.5854520616063811
C00940,2025-03-24,UPI,0.7055433455868455,0.7137048230397639,0.8079865757183748,0.6149259786869611,0.7437660316245992,0.3114420003626208
C00941,2025-02-28,CARD,0.6030667638976421,0.6411622874333233,0.6549475347010588,0.6126498320983507,0.5598916250403675,0.6538353534371244
C00942,2025-05-15,WALLET,0.731180793094653,0.856651486235352,0.6428397942571644,0.7022398432063218,0.7956564651659993,0.627672338444558
C00943,2025-04-10,UPI,0.35851052285053076,0.5818464095454465,0.18623191958181193,0.5993722609269555,0.39309741896620337,0.49570276561757076
C00944,2025-08-24,UPI,0.8529793248987958,0.6357693865550198,0.6787236381770709,0.6716817144255849,0.42128627579610073,0.7773612435924669
C00945,2025-03-09,CARD,0.38968218275147165,0.19842365389932526,0.3672947510609056,0.411560763856499,0.8619262229479125,0.6977123830152605
C00946,2025-07-01,UPI,0.7445111966166329,0.7653953352813236,0.6095483330258556,0.5873187627070783,0.49524339135147166,0.7128163333600677
C00947,2025-04-01,NETBANKING,0.6776862532792907,0.7201992390055489,0.4056387058967161,0.47173692001864453,0.7405593194918587,0.22577841072983681
C00948,2025-03-25,UPI,0.5076562860816071,0.49723953755524325,0.5357113797384508,0.6541068824771533,0.7997806114877046,0.6464280797534196
C00949,2025-11-04,UPI,0.804814610796082,0.8164138004099022,0.9276094030799263,0.6063517890466982,0.8307452382150363,0.46511869982323756
C00950,2025-06-06,UPI,0.7510477493650495,0.4232905573631744,0.6506814478665657,0.5578004143948867,0.7881830738129421,0.31192286108049244
C00951,2025-07-19,CARD,0.7760713539616102,0.5236868562452577,0.8254022244535792,0.431201025166557,0.8297923382192122,0.8143349767696952
C00952,2025-01-16,NETBANKING,0.7856243582515517,0.6368378579567273,0.7223825270767466,0.7699377442586515,0.8455051462178566,0.5080934404335234
C00953,2025-08-23,UPI,0.6601821348510876,0.43480903270745586,0.39128571922457117,0.6719981153151066,0.2646706352448439,0.4014539013626488
C00954,2025-03-03,UPI,0.6617469364577889,0.6608084937291054,0.6073697796402125,0.3183108994909277,0.5903426264724991,0.4331868713089618
C00955,2025-03-14,CARD,0.6252987732424427,0.6010302718485165,0.41066808803162097,0.5415344107085837,0.5244725971811968,0.7900878145215876
C00956,2025-06-03,UPI,0.7416297373803034,0.6501404337550556,0.580999084245197,0.7342945486950416,0.5343311364024524,0.7182890559869244
C00957,2025-08-28,CARD,0.6409377690846775,0.8798451529286192,0.6993887219633602,0.6878883443077914,0.5029596777291823,0.6917853033846962
C00958,2025-03-11,UPI,0.9078573920260392,0.8112935209247155,0.7531447375085416,0.7294819399760549,0.7286906762594947,0.12273338758648847
C00959,2025-08-06,UPI,0.7730652394724344,0.7491503387543426,0.617865055750032,0.7932198584184019,0.7879643027584314,0.5717997294093047
C00960,2025-04-11,CARD,0.56778720345561,0.6274069250448214,0.5070445136828,0.6785464025002186,0.7978249865437212,0.21997936394302373
C00961,2025-02-24,CARD,0.49654732630340737,0.5869665355799579,0.4603993972757391,0.34192824796375887,0.3445831152497852,0.2821510772699716
C00962,2025-10-21,CARD,0.7620564051303478,0.8240494600401099,0.7976345034274956,0.7387185316844421,0.9203321316634888,0.28817709164543376
C00963,2025-03-07,UPI,0.6527973391200346,0.45811530337435646,0.7842867062804165,0.5020560690429646,0.18446413601360392,0.6007660425096519
C00964,2025-07-15,UPI,0.47012310365839294,0.5731881130657139,0.6257175413753884,0.6007773922617413,0.38407569195573116,0.5781692428052977
C00965,2025-09-16,UPI,0.568845552337398,0.5888091934077597,0.5560058906491403,0.4095737677501468,0.49230759787728534,0.4860154118697483
C00966,2025-08-27,CARD,0.794191912238222,0.7799869064392368,0.8134971647760386,0.4647727488007385,0.6993465025238049,0.7467295862761766
C00967,2025-09-26,CARD,0.6648123702429142,0.643586687749666,0.805067244109158,0.47637272789492363,0.7702462756311983,0.18897965694522478
C00968,2025-07-12,UPI,0.7979064597127059,0.613410925268525,0.665015977957598,0.37810393126721936,0.6810553004624416,0.38161385167715517
C00969,2025-02-11,UPI,0.6914136129752335,0.67993342593334,0.5218972628338581,0.8802405390281509,0.35164844519826977,0.0672526382437572
C00970,2025-02-03,CARD,0.7601872373061981,0.6783842171007523,0.5491107072505593,0.4391736373631348,0.4868175075093316,0.4228079704412093
C00971,2025-05-07,CARD,0.5860578443680081,0.5933643863037925,0.6358373124256442,0.7747384958479737,0.43051299990988834,0.6822780098589205
C00972,2025-06-16,CARD,0.5794604716983652,0.5553823552579209,0.6582421424379505,0.4029117134143451,0.7447868431855403,0.639943072566297
C00973,2025-11-26,UPI,0.7881848016054888,0.6505724100032343,0.7588776507131242,0.6326741135706331,0.43119174316452613,0.7235579514073974
C00974,2025-01-07,UPI,0.703280994187192,0.5805022195402293,0.7534639387804029,0.6759485234541255,0.8225362115533235,0.2003773979747051
C00975,2025-10-28,UPI,0.7491522376463141,0.6170381130985712,0.7573474545950735,0.5046474048708595,0.6472477097858798,0.24517176680226102
C00976,2025-03-14,UPI,0.7376535266690781,0.755342077026294,0.5040587613441395,0.4436016387314403,0.510500358264588,0.49759659344603596
C00977,2025-03-17,UPI,0.6124927229716587,0.6168199765762048,0.8313293585174166,0.7969897806247311,0.8484386607686569,0.26661033730894396
C00978,2025-09-29,CARD,0.7593993253735549,0.7178559196076479,0.5115774126095638,0.6112362559840556,0.38363564040382303,0.45927937736675256
C00979,2025-04-03,UPI,0.5384500485761228,0.441018054959926,0.5730925278939328,0.544559846540718,0.6353059922099004,0.5054794657326129
C00980,2025-05-29,CARD,0.4944036916811061,0.6128481032700961,0.5037816739034516,0.47776900190082633,0.6424463959241616,0.3299961293747079
C00981,2025-05-11,CARD,0.7914206538240753,0.8378638658329267,0.768568184627014,0.6100038586770309,0.8559870425033812,0.287102527841786
C00982,2025-12-16,CARD,0.45316734402973413,0.5211278126126403,0.3463924925493967,0.33512087848519617,0.5530330284253533,0.6125075272191258
C00983,2025-07-22,CARD,0.5498438078458465,0.5873513984289412,0.5021334027037183,0.7405125322544373,0.575937176035108,0.902380885737185
C00984,2025-04-14,NETBANKING,0.8357091721482607,0.7432911353054941,0.8402980413517817,0.680607669117401,0.67984807673796,0.6202520438503276
C00985,2025-09-22,NETBANKING,0.7181446486721553,0.45960235985420284,0.3049833674699286,0.4839588599657901,0.383825080876017,0.5388453873495135
C00986,2025-08-12,UPI,0.5122748248119388,0.5915218916353523,0.4848072024418554,0.3783532499912386,0.4347865812190442,0.6860595885843249
C00987,2025-07-16,NETBANKING,0.9118697280499407,0.6796881428366296,0.6849223716370121,0.6952592680739823,0.8937744855392058,0.2382950170102908
C00988,2025-09-09,WALLET,0.6115752730240437,0.4858190740427969,0.5660128301212956,0.5112950507552548,0.5841039381554748,0.26841341897483983
C00989,2025-11-23,UPI,0.7144013756195013,0.5796224978942934,0.6587440549979161,0.6546884539512865,0.8126168401636159,0.7341082777843916
C00990,2025-10-05,CARD,0.780895702619872,0.48899786753215135,0.5681236144057982,0.662309331598227,0.7544485001526414,0.7666892524969231
C00991,2025-03-18,UPI,0.4026454005071842,0.4382085709309946,0.7558186375817184,0.49100446521238783,0.6640036472397123,0.5383381077042371
C00992,2025-11-30,UPI,0.6366101478041941,0.6220591802409665,0.6401389292840319,0.806177230802057,0.6285262940555867,0.3455100691889391
C00993,2025-07-07,UPI,0.6858624905511413,0.9138364982146056,0.45156287401899436,0.6159566184830206,0.6717667935097563,0.45304317382114945
C00994,2025-04-24,CARD,0.8432224143512228,0.7524005935297923,0.5019980106649352,0.6735832508978498,0.6806673611205154,0.278799576899342
C00995,2025-10-16,UPI,0.8512418003609009,0.8109729049595917,0.6946382391285526,0.5297310311415397,0.45144415407328775,0.5391409087002504
C00996,2025-02-14,CARD,0.5182776058267793,0.44254874042667586,0.28821199792250474,0.5855463091553208,0.35916172586394857,0.22028279911198395
C00997,2025-06-23,UPI,0.5784461232243467,0.7126151986020581,0.5487599306089714,0.5831698579453525,0.4390336457052957,0.3696478521298157
C00998,2025-05-27,CARD,0.6609539103921402,0.5204816036629117,0.4337812106405998,0.6713933439248264,0.7785140301853155,0.16104080452662473
C00999,2025-03-18,UPI,0.5166680755854898,0.5837861836165308,0.49280441990110363,0.3808700483646453,0.6468733236650346,0.842725036906983
C01000,2025-03-07,UPI,0.8396914560292805,0.7744658358776344,0.7683301111213976,0.6160360944553329,1.0,0.9218415698917113
