transaction_id,customer_id,production_decision,production_intervention_selected,has_observed_outcome,recovered_x,recovered_amount_x,outcome_matched,observed_outcome_available,recovered_y,recovered_amount_y
RECLAIM-V2-000001,C00233,RETRY_ALL,0,0,,,0,0,,
RECLAIM-V2-000002,C00512,RETRY_ALL,0,0,,,0,0,,
RECLAIM-V2-000003,C00329,RETRY_ALL,0,0,,,0,0,,
RECLAIM-V2-000004,C00565,RETRY_ALL,0,0,,,0,0,,
RECLAIM-V2-000005,C00708,RETRY_ALL,0,0,,,0,0,,
RECLAIM-V2-000006,C00969,RETRY_ALL,0,0,,,0,0,,
RECLAIM-V2-000007,C00734,RETRY_ALL,0,0,,,0,0,,
RECLAIM-V2-000008,C00094,RETRY_ALL,0,0,,,0,0,,
RECLAIM-V2-000009,C00360,RETRY_ALL,0,0,,,0,0,,
RECLAIM-V2-000010,C00819,TARGET,1,0,,,0,0,,
RECLAIM-V2-000011,C00691,RETRY_ALL,0,0,,,0,0,,
RECLAIM-V2-000012,C00586,RETRY_ALL,0,0,,,0,0,,
RECLAIM-V2-000013,C00451,RETRY_ALL,0,0,,,0,0,,
RECLAIM-V2-000014,C00598,RETRY_ALL,0,0,,,0,0,,
RECLAIM-V2-000015,C00625,RETRY_ALL,0,0,,,0,0,,
RECLAIM-V2-000016,C00512,RETRY_ALL,0,0,,,0,0,,
RECLAIM-V2-000017,C00469,RETRY_ALL,0,0,,,0,0,,
RECLAIM-V2-000018,C00478,RETRY_ALL,0,0,,,0,0,,
RECLAIM-V2-000019,C00343,RETRY_ALL,0,0,,,0,0,,
RECLAIM-V2-000020,C00823,RETRY_ALL,0,0,,,0,0,,
RECLAIM-V2-000021,C00937,RETRY_ALL,0,0,,,0,0,,
RECLAIM-V2-000022,C00851,RETRY_ALL,0,0,,,0,0,,
RECLAIM-V2-000023,C00712,RETRY_ALL,0,0,,,0,0,,
RECLAIM-V2-000024,C00764,RETRY_ALL,0,0,,,0,0,,
RECLAIM-V2-000025,C00643,RETRY_ALL,0,0,,,0,0,,
RECLAIM-V2-000026,C00373,RETRY_ALL,0,0,,,0,0,,
RECLAIM-V2-000027,C00384,RETRY_ALL,0,0,,,0,0,,
RECLAIM-V2-000028,C00193,RETRY_ALL,0,0,,,0,0,,
RECLAIM-V2-000029,C00238,RETRY_ALL,0,0,,,0,0,,
RECLAIM-V2-000030,C00414,RETRY_ALL,0,0,,,0,0,,
RECLAIM-V2-000031,C00518,RETRY_ALL,0,0,,,0,0,,
RECLAIM-V2-000032,C00304,RETRY_ALL,0,0,,,0,0,,
RECLAIM-V2-000033,C00886,RETRY_ALL,0,0,,,0,0,,
RECLAIM-V2-000034,C00525,RETRY_ALL,0,0,,,0,0,,
RECLAIM-V2-000035,C00347,RETRY_ALL,0,0,,,0,0,,
RECLAIM-V2-000036,C00584,RETRY_ALL,0,0,,,0,0,,
RECLAIM-V2-000037,C00942,RETRY_ALL,0,0,,,0,0,,
RECLAIM-V2-000038,C00226,RETRY_ALL,0,0,,,0,0,,
RECLAIM-V2-000039,C00080,TARGET,1,0,,,0,0,,
RECLAIM-V2-000040,C00791,RETRY_ALL,0,0,,,0,0,,
RECLAIM-V2-000041,C00749,RETRY_ALL,0,0,,,0,0,,
RECLAIM-V2-000042,C00485,RETRY_ALL,0,0,,,0,0,,
RECLAIM-V2-000043,C00482,RETRY_ALL,0,0,,,0,0,,
RECLAIM-V2-000044,C00671,RETRY_ALL,0,0,,,0,0,,
RECLAIM-V2-000045,C00955,RETRY_ALL,0,0,,,0,0,,
RECLAIM-V2-000046,C00107,RETRY_ALL,0,0,,,0,0,,
RECLAIM-V2-000047,C00691,RETRY_ALL,0,0,,,0,0,,
RECLAIM-V2-000048,C00319,RETRY_ALL,0,0,,,0,0,,
RECLAIM-V2-000049,C00041,RETRY_ALL,0,0,,,0,0,,
RECLAIM-V2-000050,C00525,RETRY_ALL,0,0,,,0,0,,
RECLAIM-V2-000051,C00886,RETRY_ALL,0,0,,,0,0,,
RECLAIM-V2-000052,C00708,RETRY_ALL,0,0,,,0,0,,
RECLAIM-V2-000053,C00131,RETRY_ALL,0,0,,,0,0,,
RECLAIM-V2-000054,C00570,RETRY_ALL,0,0,,,0,0,,
RECLAIM-V2-000055,C00521,RETRY_ALL,0,0,,,0,0,,
RECLAIM-V2-000056,C00347,RETRY_ALL,0,0,,,0,0,,
RECLAIM-V2-000057,C00229,RETRY_ALL,0,0,,,0,0,,
RECLAIM-V2-000058,C00122,RETRY_ALL,0,0,,,0,0,,
RECLAIM-V2-000059,C00107,RETRY_ALL,0,0,,,0,0,,
RECLAIM-V2-000060,C00291,RETRY_ALL,0,0,,,0,0,,
RECLAIM-V2-000061,C00395,RETRY_ALL,0,0,,,0,0,,
RECLAIM-V2-000062,C00138,RETRY_ALL,0,0,,,0,0,,
RECLAIM-V2-000063,C00315,RETRY_ALL,0,0,,,0,0,,
RECLAIM-V2-000064,C00279,RETRY_ALL,0,0,,,0,0,,
RECLAIM-V2-000065,C00124,RETRY_ALL,0,0,,,0,0,,
RECLAIM-V2-000066,C00664,RETRY_ALL,0,0,,,0,0,,
RECLAIM-V2-000067,C00179,RETRY_ALL,0,0,,,0,0,,
RECLAIM-V2-000068,C00173,RETRY_ALL,0,0,,,0,0,,
RECLAIM-V2-000069,C00906,RETRY_ALL,0,0,,,0,0,,
RECLAIM-V2-000070,C00418,RETRY_ALL,0,0,,,0,0,,
RECLAIM-V2-000071,C00449,RETRY_ALL,0,0,,,0,0,,
RECLAIM-V2-000072,C00062,RETRY_ALL,0,0,,,0,0,,
RECLAIM-V2-000073,C00147,RETRY_ALL,0,0,,,0,0,,
RECLAIM-V2-000074,C00999,RETRY_ALL,0,0,,,0,0,,
RECLAIM-V2-000075,C00347,RETRY_ALL,0,0,,,0,0,,
RECLAIM-V2-000076,C00816,RETRY_ALL,0,0,,,0,0,,
RECLAIM-V2-000077,C00012,RETRY_ALL,0,0,,,0,0,,
RECLAIM-V2-000078,C00590,RETRY_ALL,0,0,,,0,0,,
RECLAIM-V2-000079,C00018,RETRY_ALL,0,0,,,0,0,,
RECLAIM-V2-000080,C00307,RETRY_ALL,0,0,,,0,0,,
RECLAIM-V2-000081,C00022,RETRY_ALL,0,0,,,0,0,,
RECLAIM-V2-000082,C00289,RETRY_ALL,0,0,,,0,0,,
RECLAIM-V2-000083,C00500,RETRY_ALL,0,0,,,0,0,,
RECLAIM-V2-000084,C00899,RETRY_ALL,0,0,,,0,0,,
RECLAIM-V2-000085,C00746,RETRY_ALL,0,0,,,0,0,,
RECLAIM-V2-000086,C00894,RETRY_ALL,0,0,,,0,0,,
RECLAIM-V2-000087,C00485,RETRY_ALL,0,0,,,0,0,,
RECLAIM-V2-000088,C00516,RETRY_ALL,0,0,,,0,0,,
RECLAIM-V2-000089,C00446,RETRY_ALL,0,0,,,0,0,,
RECLAIM-V2-000090,C00339,RETRY_ALL,0,0,,,0,0,,
RECLAIM-V2-000091,C00136,RETRY_ALL,0,0,,,0,0,,
RECLAIM-V2-000092,C00294,RETRY_ALL,0,0,,,0,0,,
RECLAIM-V2-000093,C00542,RETRY_ALL,0,0,,,0,0,,
RECLAIM-V2-000094,C00189,RETRY_ALL,0,0,,,0,0,,
RECLAIM-V2-000095,C00695,RETRY_ALL,0,0,,,0,0,,
RECLAIM-V2-000096,C00943,RETRY_ALL,0,0,,,0,0,,
RECLAIM-V2-000097,C00345,RETRY_ALL,0,0,,,0,0,,
RECLAIM-V2-000098,C00317,RETRY_ALL,0,0,,,0,0,,
RECLAIM-V2-000099,C00098,RETRY_ALL,0,0,,,0,0,,
RECLAIM-V2-000100,C00431,RETRY_ALL,0,0,,,0,0,,
RECLAIM-V2-000101,C00493,RETRY_ALL,0,0,,,0,0,,
RECLAIM-V2-000102,C00228,RETRY_ALL,0,0,,,0,0,,
RECLAIM-V2-000103,C00488,RETRY_ALL,0,0,,,0,0,,
RECLAIM-V2-000104,C00185,RETRY_ALL,0,0,,,0,0,,
RECLAIM-V2-000105,C00435,RETRY_ALL,0,0,,,0,0,,
RECLAIM-V2-000106,C00981,RETRY_ALL,0,0,,,0,0,,
RECLAIM-V2-000107,C00270,RETRY_ALL,0,0,,,0,0,,
RECLAIM-V2-000108,C00347,RETRY_ALL,0,0,,,0,0,,
RECLAIM-V2-000109,C00440,RETRY_ALL,0,0,,,0,0,,
RECLAIM-V2-000110,C00480,RETRY_ALL,0,0,,,0,0,,
RECLAIM-V2-000111,C00397,TARGET,1,0,,,0,0,,
RECLAIM-V2-000112,C00145,RETRY_ALL,0,0,,,0,0,,
RECLAIM-V2-000113,C00664,RETRY_ALL,0,0,,,0,0,,
RECLAIM-V2-000114,C00619,RETRY_ALL,0,0,,,0,0,,
RECLAIM-V2-000115,C00043,RETRY_ALL,0,0,,,0,0,,
RECLAIM-V2-000116,C00214,RETRY_ALL,0,0,,,0,0,,
RECLAIM-V2-000117,C00664,RETRY_ALL,0,0,,,0,0,,
RECLAIM-V2-000118,C00590,RETRY_ALL,0,0,,,0,0,,
RECLAIM-V2-000119,C00752,RETRY_ALL,0,0,,,0,0,,
RECLAIM-V2-000120,C00147,RETRY_ALL,0,0,,,0,0,,
RECLAIM-V2-000121,C00270,RETRY_ALL,0,0,,,0,0,,
RECLAIM-V2-000122,C00159,RETRY_ALL,0,0,,,0,0,,
RECLAIM-V2-000123,C00193,RETRY_ALL,0,0,,,0,0,,
RECLAIM-V2-000124,C00229,RETRY_ALL,0,0,,,0,0,,
RECLAIM-V2-000125,C00712,RETRY_ALL,0,0,,,0,0,,
RECLAIM-V2-000126,C00537,RETRY_ALL,0,0,,,0,0,,
RECLAIM-V2-000127,C00218,RETRY_ALL,0,0,,,0,0,,
RECLAIM-V2-000128,C00459,TARGET,1,0,,,0,0,,
RECLAIM-V2-000129,C00551,RETRY_ALL,0,0,,,0,0,,
RECLAIM-V2-000130,C00598,RETRY_ALL,0,0,,,0,0,,
RECLAIM-V2-000131,C00413,RETRY_ALL,0,0,,,0,0,,
RECLAIM-V2-000132,C00886,RETRY_ALL,0,0,,,0,0,,
RECLAIM-V2-000133,C00497,RETRY_ALL,0,0,,,0,0,,
RECLAIM-V2-000134,C00265,RETRY_ALL,0,0,,,0,0,,
RECLAIM-V2-000135,C00803,RETRY_ALL,0,0,,,0,0,,
RECLAIM-V2-000136,C00435,RETRY_ALL,0,0,,,0,0,,
RECLAIM-V2-000137,C00516,RETRY_ALL,0,0,,,0,0,,
RECLAIM-V2-000138,C00317,RETRY_ALL,0,0,,,0,0,,
RECLAIM-V2-000139,C00921,RETRY_ALL,0,0,,,0,0,,
RECLAIM-V2-000140,C00899,RETRY_ALL,0,0,,,0,0,,
RECLAIM-V2-000141,C00961,RETRY_ALL,0,0,,,0,0,,
RECLAIM-V2-000142,C00241,RETRY_ALL,0,0,,,0,0,,
RECLAIM-V2-000143,C00173,RETRY_ALL,0,0,,,0,0,,
RECLAIM-V2-000144,C00073,RETRY_ALL,0,0,,,0,0,,
RECLAIM-V2-000145,C00978,RETRY_ALL,0,0,,,0,0,,
RECLAIM-V2-000146,C00421,RETRY_ALL,0,0,,,0,0,,
RECLAIM-V2-000147,C00999,RETRY_ALL,0,0,,,0,0,,
RECLAIM-V2-000148,C00124,RETRY_ALL,0,0,,,0,0,,
RECLAIM-V2-000149,C00961,RETRY_ALL,0,0,,,0,0,,
RECLAIM-V2-000150,C00624,RETRY_ALL,0,0,,,0,0,,
RECLAIM-V2-000151,C00352,RETRY_ALL,0,0,,,0,0,,
RECLAIM-V2-000152,C00206,RETRY_ALL,0,0,,,0,0,,
RECLAIM-V2-000153,C00823,RETRY_ALL,0,0,,,0,0,,
RECLAIM-V2-000154,C00643,RETRY_ALL,0,0,,,0,0,,
RECLAIM-V2-000155,C00485,RETRY_ALL,0,0,,,0,0,,
RECLAIM-V2-000156,C00062,RETRY_ALL,0,0,,,0,0,,
RECLAIM-V2-000157,C00955,RETRY_ALL,0,0,,,0,0,,
RECLAIM-V2-000158,C00261,RETRY_ALL,0,0,,,0,0,,
RECLAIM-V2-000159,C00842,RETRY_ALL,0,0,,,0,0,,
RECLAIM-V2-000160,C00816,RETRY_ALL,0,0,,,0,0,,
RECLAIM-V2-000161,C00361,RETRY_ALL,0,0,,,0,0,,
RECLAIM-V2-000162,C00846,RETRY_ALL,0,0,,,0,0,,
RECLAIM-V2-000163,C00783,RETRY_ALL,0,0,,,0,0,,
RECLAIM-V2-000164,C00964,RETRY_ALL,0,0,,,0,0,,
RECLAIM-V2-000165,C00265,RETRY_ALL,0,0,,,0,0,,
RECLAIM-V2-000166,C00492,RETRY_ALL,0,0,,,0,0,,
RECLAIM-V2-000167,C00222,RETRY_ALL,0,0,,,0,0,,
RECLAIM-V2-000168,C00482,RETRY_ALL,0,0,,,0,0,,
RECLAIM-V2-000169,C00032,RETRY_ALL,0,0,,,0,0,,
RECLAIM-V2-000170,C00319,RETRY_ALL,0,0,,,0,0,,
RECLAIM-V2-000171,C00233,RETRY_ALL,0,0,,,0,0,,
RECLAIM-V2-000172,C00384,RETRY_ALL,0,0,,,0,0,,
RECLAIM-V2-000173,C00401,RETRY_ALL,0,0,,,0,0,,
RECLAIM-V2-000174,C00770,RETRY_ALL,0,0,,,0,0,,
RECLAIM-V2-000175,C00295,RETRY_ALL,0,0,,,0,0,,
RECLAIM-V2-000176,C00538,RETRY_ALL,0,0,,,0,0,,
RECLAIM-V2-000177,C00041,RETRY_ALL,0,0,,,0,0,,
RECLAIM-V2-000178,C00999,RETRY_ALL,0,0,,,0,0,,
RECLAIM-V2-000179,C00779,RETRY_ALL,0,0,,,0,0,,
RECLAIM-V2-000180,C00604,RETRY_ALL,0,0,,,0,0,,
RECLAIM-V2-000181,C00218,RETRY_ALL,0,0,,,0,0,,
RECLAIM-V2-000182,C00404,TARGET,1,0,,,0,0,,
RECLAIM-V2-000183,C00404,TARGET,1,0,,,0,0,,
RECLAIM-V2-000184,C00943,RETRY_ALL,0,0,,,0,0,,
RECLAIM-V2-000185,C00803,RETRY_ALL,0,0,,,0,0,,
RECLAIM-V2-000186,C00904,RETRY_ALL,0,0,,,0,0,,
RECLAIM-V2-000187,C00931,RETRY_ALL,0,0,,,0,0,,
RECLAIM-V2-000188,C00585,RETRY_ALL,0,0,,,0,0,,
RECLAIM-V2-000189,C00266,RETRY_ALL,0,0,,,0,0,,
RECLAIM-V2-000190,C00565,RETRY_ALL,0,0,,,0,0,,
RECLAIM-V2-000191,C00746,RETRY_ALL,0,0,,,0,0,,
RECLAIM-V2-000192,C00563,RETRY_ALL,0,0,,,0,0,,
RECLAIM-V2-000193,C00352,RETRY_ALL,0,0,,,0,0,,
RECLAIM-V2-000194,C00842,RETRY_ALL,0,0,,,0,0,,
RECLAIM-V2-000195,C00585,RETRY_ALL,0,0,,,0,0,,
RECLAIM-V2-000196,C00187,TARGET,1,0,,,0,0,,
RECLAIM-V2-000197,C00886,RETRY_ALL,0,0,,,0,0,,
RECLAIM-V2-000198,C00870,RETRY_ALL,0,0,,,0,0,,
RECLAIM-V2-000199,C00780,RETRY_ALL,0,0,,,0,0,,
RECLAIM-V2-000200,C00221,RETRY_ALL,0,0,,,0,0,,
RECLAIM-V2-000201,C00220,RETRY_ALL,0,0,,,0,0,,
RECLAIM-V2-000202,C00109,RETRY_ALL,0,0,,,0,0,,
RECLAIM-V2-000203,C00551,RETRY_ALL,0,0,,,0,0,,
RECLAIM-V2-000204,C00054,RETRY_ALL,0,0,,,0,0,,
RECLAIM-V2-000205,C00551,RETRY_ALL,0,0,,,0,0,,
RECLAIM-V2-000206,C00840,RETRY_ALL,0,0,,,0,0,,
RECLAIM-V2-000207,C00136,RETRY_ALL,0,0,,,0,0,,
RECLAIM-V2-000208,C00434,RETRY_ALL,0,0,,,0,0,,
RECLAIM-V2-000209,C00080,TARGET,1,0,,,0,0,,
RECLAIM-V2-000210,C00780,RETRY_ALL,0,0,,,0,0,,
RECLAIM-V2-000211,C00417,RETRY_ALL,0,0,,,0,0,,
RECLAIM-V2-000212,C00643,RETRY_ALL,0,0,,,0,0,,
RECLAIM-V2-000213,C00089,RETRY_ALL,0,0,,,0,0,,
RECLAIM-V2-000214,C00173,RETRY_ALL,0,0,,,0,0,,
RECLAIM-V2-000215,C00512,RETRY_ALL,0,0,,,0,0,,
RECLAIM-V2-000216,C00440,RETRY_ALL,0,0,,,0,0,,
RECLAIM-V2-000217,C00032,RETRY_ALL,0,0,,,0,0,,
RECLAIM-V2-000218,C00653,RETRY_ALL,0,0,,,0,0,,
RECLAIM-V2-000219,C00053,RETRY_ALL,0,0,,,0,0,,
RECLAIM-V2-000220,C00669,RETRY_ALL,0,0,,,0,0,,
RECLAIM-V2-000221,C00727,RETRY_ALL,0,0,,,0,0,,
RECLAIM-V2-000222,C00886,RETRY_ALL,0,0,,,0,0,,
RECLAIM-V2-000223,C00221,RETRY_ALL,0,0,,,0,0,,
RECLAIM-V2-000224,C00584,RETRY_ALL,0,0,,,0,0,,
RECLAIM-V2-000225,C00935,TARGET,1,0,,,0,0,,
RECLAIM-V2-000226,C00348,RETRY_ALL,0,0,,,0,0,,
RECLAIM-V2-000227,C00817,RETRY_ALL,0,0,,,0,0,,
RECLAIM-V2-000228,C00448,RETRY_ALL,0,0,,,0,0,,
RECLAIM-V2-000229,C00480,RETRY_ALL,0,0,,,0,0,,
RECLAIM-V2-000230,C00945,RETRY_ALL,0,0,,,0,0,,
RECLAIM-V2-000231,C00417,RETRY_ALL,0,0,,,0,0,,
RECLAIM-V2-000232,C00397,TARGET,1,0,,,0,0,,
RECLAIM-V2-000233,C00550,TARGET,1,0,,,0,0,,
RECLAIM-V2-000234,C00378,RETRY_ALL,0,0,,,0,0,,
RECLAIM-V2-000235,C00936,RETRY_ALL,0,0,,,0,0,,
RECLAIM-V2-000236,C00110,RETRY_ALL,0,0,,,0,0,,
RECLAIM-V2-000237,C00981,RETRY_ALL,0,0,,,0,0,,
RECLAIM-V2-000238,C00102,RETRY_ALL,0,0,,,0,0,,
RECLAIM-V2-000239,C00097,RETRY_ALL,0,0,,,0,0,,
RECLAIM-V2-000240,C00414,RETRY_ALL,0,0,,,0,0,,
RECLAIM-V2-000241,C00816,RETRY_ALL,0,0,,,0,0,,
RECLAIM-V2-000242,C00563,RETRY_ALL,0,0,,,0,0,,
RECLAIM-V2-000243,C00174,RETRY_ALL,0,0,,,0,0,,
RECLAIM-V2-000244,C00709,RETRY_ALL,0,0,,,0,0,,
RECLAIM-V2-000245,C00809,RETRY_ALL,0,0,,,0,0,,
RECLAIM-V2-000246,C00819,TARGET,1,0,,,0,0,,
RECLAIM-V2-000247,C00005,RETRY_ALL,0,0,,,0,0,,
RECLAIM-V2-000248,C00307,RETRY_ALL,0,0,,,0,0,,
RECLAIM-V2-000249,C00930,RETRY_ALL,0,0,,,0,0,,
RECLAIM-V2-000250,C00899,RETRY_ALL,0,0,,,0,0,,
RECLAIM-V2-000251,C00746,RETRY_ALL,0,0,,,0,0,,
RECLAIM-V2-000252,C00238,RETRY_ALL,0,0,,,0,0,,
RECLAIM-V2-000253,C00614,RETRY_ALL,0,0,,,0,0,,
RECLAIM-V2-000254,C00107,RETRY_ALL,0,0,,,0,0,,
RECLAIM-V2-000255,C00140,RETRY_ALL,0,0,,,0,0,,
RECLAIM-V2-000256,C00663,TARGET,1,0,,,0,0,,
RECLAIM-V2-000257,C00803,RETRY_ALL,0,0,,,0,0,,
RECLAIM-V2-000258,C00542,RETRY_ALL,0,0,,,0,0,,
RECLAIM-V2-000259,C00445,RETRY_ALL,0,0,,,0,0,,
RECLAIM-V2-000260,C00132,RETRY_ALL,0,0,,,0,0,,
RECLAIM-V2-000261,C00943,RETRY_ALL,0,0,,,0,0,,
RECLAIM-V2-000262,C00124,RETRY_ALL,0,0,,,0,0,,
RECLAIM-V2-000263,C00516,RETRY_ALL,0,0,,,0,0,,
RECLAIM-V2-000264,C00146,RETRY_ALL,0,0,,,0,0,,
RECLAIM-V2-000265,C00199,RETRY_ALL,0,0,,,0,0,,
RECLAIM-V2-000266,C00270,RETRY_ALL,0,0,,,0,0,,
RECLAIM-V2-000267,C00629,RETRY_ALL,0,0,,,0,0,,
RECLAIM-V2-000268,C00624,RETRY_ALL,0,0,,,0,0,,
RECLAIM-V2-000269,C00205,RETRY_ALL,0,0,,,0,0,,
RECLAIM-V2-000270,C00502,TARGET,1,0,,,0,0,,
RECLAIM-V2-000271,C00919,RETRY_ALL,0,0,,,0,0,,
RECLAIM-V2-000272,C00122,RETRY_ALL,0,0,,,0,0,,
RECLAIM-V2-000273,C00986,RETRY_ALL,0,0,,,0,0,,
RECLAIM-V2-000274,C00015,RETRY_ALL,0,0,,,0,0,,
RECLAIM-V2-000275,C00214,RETRY_ALL,0,0,,,0,0,,
RECLAIM-V2-000276,C00450,RETRY_ALL,0,0,,,0,0,,
RECLAIM-V2-000277,C00803,RETRY_ALL,0,0,,,0,0,,
RECLAIM-V2-000278,C00158,RETRY_ALL,0,0,,,0,0,,
RECLAIM-V2-000279,C00289,RETRY_ALL,0,0,,,0,0,,
RECLAIM-V2-000280,C00649,RETRY_ALL,0,0,,,0,0,,
RECLAIM-V2-000281,C00384,RETRY_ALL,0,0,,,0,0,,
RECLAIM-V2-000282,C00384,RETRY_ALL,0,0,,,0,0,,
RECLAIM-V2-000283,C00485,RETRY_ALL,0,0,,,0,0,,
RECLAIM-V2-000284,C00022,RETRY_ALL,0,0,,,0,0,,
RECLAIM-V2-000285,C00096,RETRY_ALL,0,0,,,0,0,,
RECLAIM-V2-000286,C00783,RETRY_ALL,0,0,,,0,0,,
RECLAIM-V2-000287,C00590,RETRY_ALL,0,0,,,0,0,,
RECLAIM-V2-000288,C00497,RETRY_ALL,0,0,,,0,0,,
RECLAIM-V2-000289,C00185,RETRY_ALL,0,0,,,0,0,,
RECLAIM-V2-000290,C00907,RETRY_ALL,0,0,,,0,0,,
RECLAIM-V2-000291,C00519,RETRY_ALL,0,0,,,0,0,,
RECLAIM-V2-000292,C00502,TARGET,1,0,,,0,0,,
RECLAIM-V2-000293,C00517,RETRY_ALL,0,0,,,0,0,,
RECLAIM-V2-000294,C00070,RETRY_ALL,0,0,,,0,0,,
RECLAIM-V2-000295,C00182,RETRY_ALL,0,0,,,0,0,,
RECLAIM-V2-000296,C00378,TARGET,1,0,,,0,0,,
RECLAIM-V2-000297,C00142,RETRY_ALL,0,0,,,0,0,,
RECLAIM-V2-000298,C00354,RETRY_ALL,0,0,,,0,0,,
RECLAIM-V2-000299,C00888,RETRY_ALL,0,0,,,0,0,,
RECLAIM-V2-000300,C00429,RETRY_ALL,0,0,,,0,0,,
RECLAIM-V2-000301,C00265,RETRY_ALL,0,0,,,0,0,,
RECLAIM-V2-000302,C00803,RETRY_ALL,0,0,,,0,0,,
RECLAIM-V2-000303,C00435,RETRY_ALL,0,0,,,0,0,,
RECLAIM-V2-000304,C00307,RETRY_ALL,0,0,,,0,0,,
RECLAIM-V2-000305,C00433,RETRY_ALL,0,0,,,0,0,,
RECLAIM-V2-000306,C00687,RETRY_ALL,0,0,,,0,0,,
RECLAIM-V2-000307,C00945,RETRY_ALL,0,0,,,0,0,,
RECLAIM-V2-000308,C00542,RETRY_ALL,0,0,,,0,0,,
RECLAIM-V2-000309,C00145,RETRY_ALL,0,0,,,0,0,,
RECLAIM-V2-000310,C00348,RETRY_ALL,0,0,,,0,0,,
RECLAIM-V2-000311,C00080,TARGET,1,0,,,0,0,,
RECLAIM-V2-000312,C00448,RETRY_ALL,0,0,,,0,0,,
RECLAIM-V2-000313,C00519,RETRY_ALL,0,0,,,0,0,,
RECLAIM-V2-000314,C00551,RETRY_ALL,0,0,,,0,0,,
RECLAIM-V2-000315,C00595,RETRY_ALL,0,0,,,0,0,,
RECLAIM-V2-000316,C00550,TARGET,1,0,,,0,0,,
RECLAIM-V2-000317,C00448,RETRY_ALL,0,0,,,0,0,,
RECLAIM-V2-000318,C00495,RETRY_ALL,0,0,,,0,0,,
RECLAIM-V2-000319,C00764,RETRY_ALL,0,0,,,0,0,,
RECLAIM-V2-000320,C00653,RETRY_ALL,0,0,,,0,0,,
RECLAIM-V2-000321,C00622,RETRY_ALL,0,0,,,0,0,,
RECLAIM-V2-000322,C00110,RETRY_ALL,0,0,,,0,0,,
RECLAIM-V2-000323,C00980,RETRY_ALL,0,0,,,0,0,,
RECLAIM-V2-000324,C00727,RETRY_ALL,0,0,,,0,0,,
RECLAIM-V2-000325,C00345,RETRY_ALL,0,0,,,0,0,,
RECLAIM-V2-000326,C00243,RETRY_ALL,0,0,,,0,0,,
RECLAIM-V2-000327,C00911,RETRY_ALL,0,0,,,0,0,,
RECLAIM-V2-000328,C00795,RETRY_ALL,0,0,,,0,0,,
RECLAIM-V2-000329,C00353,RETRY_ALL,0,0,,,0,0,,
RECLAIM-V2-000330,C00708,RETRY_ALL,0,0,,,0,0,,
RECLAIM-V2-000331,C00842,RETRY_ALL,0,0,,,0,0,,
RECLAIM-V2-000332,C00517,RETRY_ALL,0,0,,,0,0,,
RECLAIM-V2-000333,C00842,RETRY_ALL,0,0,,,0,0,,
RECLAIM-V2-000334,C00395,RETRY_ALL,0,0,,,0,0,,
RECLAIM-V2-000335,C00325,RETRY_ALL,0,0,,,0,0,,
RECLAIM-V2-000336,C00727,RETRY_ALL,0,0,,,0,0,,
RECLAIM-V2-000337,C00174,RETRY_ALL,0,0,,,0,0,,
RECLAIM-V2-000338,C00897,RETRY_ALL,0,0,,,0,0,,
RECLAIM-V2-000339,C00081,RETRY_ALL,0,0,,,0,0,,
RECLAIM-V2-000340,C00041,RETRY_ALL,0,0,,,0,0,,
RECLAIM-V2-000341,C00196,RETRY_ALL,0,0,,,0,0,,
RECLAIM-V2-000342,C00906,RETRY_ALL,0,0,,,0,0,,
RECLAIM-V2-000343,C00810,RETRY_ALL,0,0,,,0,0,,
RECLAIM-V2-000344,C00417,RETRY_ALL,0,0,,,0,0,,
RECLAIM-V2-000345,C00493,RETRY_ALL,0,0,,,0,0,,
RECLAIM-V2-000346,C00241,RETRY_ALL,0,0,,,0,0,,
RECLAIM-V2-000347,C00649,RETRY_ALL,0,0,,,0,0,,
RECLAIM-V2-000348,C00124,RETRY_ALL,0,0,,,0,0,,
RECLAIM-V2-000349,C00739,RETRY_ALL,0,0,,,0,0,,
RECLAIM-V2-000350,C00315,RETRY_ALL,0,0,,,0,0,,
RECLAIM-V2-000351,C00935,TARGET,1,0,,,0,0,,
RECLAIM-V2-000352,C00037,RETRY_ALL,0,0,,,0,0,,
RECLAIM-V2-000353,C00622,RETRY_ALL,0,0,,,0,0,,
RECLAIM-V2-000354,C00325,RETRY_ALL,0,0,,,0,0,,
RECLAIM-V2-000355,C00196,RETRY_ALL,0,0,,,0,0,,
RECLAIM-V2-000356,C00875,RETRY_ALL,0,0,,,0,0,,
RECLAIM-V2-000357,C00291,RETRY_ALL,0,0,,,0,0,,
RECLAIM-V2-000358,C00391,RETRY_ALL,0,0,,,0,0,,
RECLAIM-V2-000359,C00404,TARGET,1,0,,,0,0,,
RECLAIM-V2-000360,C00816,RETRY_ALL,0,0,,,0,0,,
RECLAIM-V2-000361,C00275,RETRY_ALL,0,0,,,0,0,,
RECLAIM-V2-000362,C00463,RETRY_ALL,0,0,,,0,0,,
RECLAIM-V2-000363,C00834,RETRY_ALL,0,0,,,0,0,,
RECLAIM-V2-000364,C00463,RETRY_ALL,0,0,,,0,0,,
RECLAIM-V2-000365,C00567,TARGET,1,0,,,0,0,,
RECLAIM-V2-000366,C00233,RETRY_ALL,0,0,,,0,0,,
RECLAIM-V2-000367,C00136,RETRY_ALL,0,0,,,0,0,,
RECLAIM-V2-000368,C00361,RETRY_ALL,0,0,,,0,0,,
RECLAIM-V2-000369,C00698,RETRY_ALL,0,0,,,0,0,,
RECLAIM-V2-000370,C00980,RETRY_ALL,0,0,,,0,0,,
RECLAIM-V2-000371,C00872,RETRY_ALL,0,0,,,0,0,,
RECLAIM-V2-000372,C00653,RETRY_ALL,0,0,,,0,0,,
RECLAIM-V2-000373,C00275,RETRY_ALL,0,0,,,0,0,,
RECLAIM-V2-000374,C00479,RETRY_ALL,0,0,,,0,0,,
RECLAIM-V2-000375,C00649,RETRY_ALL,0,0,,,0,0,,
RECLAIM-V2-000376,C00734,RETRY_ALL,0,0,,,0,0,,
RECLAIM-V2-000377,C00642,RETRY_ALL,0,0,,,0,0,,
RECLAIM-V2-000378,C00107,RETRY_ALL,0,0,,,0,0,,
RECLAIM-V2-000379,C00574,RETRY_ALL,0,0,,,0,0,,
RECLAIM-V2-000380,C00669,RETRY_ALL,0,0,,,0,0,,
RECLAIM-V2-000381,C00739,TARGET,1,0,,,0,0,,
RECLAIM-V2-000382,C00643,RETRY_ALL,0,0,,,0,0,,
RECLAIM-V2-000383,C00024,RETRY_ALL,0,0,,,0,0,,
RECLAIM-V2-000384,C00687,RETRY_ALL,0,0,,,0,0,,
RECLAIM-V2-000385,C00713,RETRY_ALL,0,0,,,0,0,,
RECLAIM-V2-000386,C00241,RETRY_ALL,0,0,,,0,0,,
RECLAIM-V2-000387,C00270,RETRY_ALL,0,0,,,0,0,,
RECLAIM-V2-000388,C00619,RETRY_ALL,0,0,,,0,0,,
RECLAIM-V2-000389,C00985,RETRY_ALL,0,0,,,0,0,,
RECLAIM-V2-000390,C00268,RETRY_ALL,0,0,,,0,0,,
RECLAIM-V2-000391,C00746,RETRY_ALL,0,0,,,0,0,,
RECLAIM-V2-000392,C00064,RETRY_ALL,0,0,,,0,0,,
RECLAIM-V2-000393,C00320,RETRY_ALL,0,0,,,0,0,,
RECLAIM-V2-000394,C00598,RETRY_ALL,0,0,,,0,0,,
RECLAIM-V2-000395,C00266,RETRY_ALL,0,0,,,0,0,,
RECLAIM-V2-000396,C00512,RETRY_ALL,0,0,,,0,0,,
RECLAIM-V2-000397,C00325,RETRY_ALL,0,0,,,0,0,,
RECLAIM-V2-000398,C00196,RETRY_ALL,0,0,,,0,0,,
RECLAIM-V2-000399,C00101,RETRY_ALL,0,0,,,0,0,,
RECLAIM-V2-000400,C00819,TARGET,1,0,,,0,0,,
RECLAIM-V2-000401,C00140,RETRY_ALL,0,0,,,0,0,,
RECLAIM-V2-000402,C00421,RETRY_ALL,0,0,,,0,0,,
RECLAIM-V2-000403,C00625,RETRY_ALL,0,0,,,0,0,,
RECLAIM-V2-000404,C00450,RETRY_ALL,0,0,,,0,0,,
RECLAIM-V2-000405,C00261,RETRY_ALL,0,0,,,0,0,,
RECLAIM-V2-000406,C00595,RETRY_ALL,0,0,,,0,0,,
RECLAIM-V2-000407,C00270,RETRY_ALL,0,0,,,0,0,,
RECLAIM-V2-000408,C00270,RETRY_ALL,0,0,,,0,0,,
RECLAIM-V2-000409,C00241,RETRY_ALL,0,0,,,0,0,,
RECLAIM-V2-000410,C00673,RETRY_ALL,0,0,,,0,0,,
RECLAIM-V2-000411,C00886,RETRY_ALL,0,0,,,0,0,,
RECLAIM-V2-000412,C00426,RETRY_ALL,0,0,,,0,0,,
RECLAIM-V2-000413,C00168,RETRY_ALL,0,0,,,0,0,,
RECLAIM-V2-000414,C00746,RETRY_ALL,0,0,,,0,0,,
RECLAIM-V2-000415,C00022,RETRY_ALL,0,0,,,0,0,,
RECLAIM-V2-000416,C00492,RETRY_ALL,0,0,,,0,0,,
RECLAIM-V2-000417,C00234,RETRY_ALL,0,0,,,0,0,,
RECLAIM-V2-000418,C00751,RETRY_ALL,0,0,,,0,0,,
RECLAIM-V2-000419,C00573,RETRY_ALL,0,0,,,0,0,,
RECLAIM-V2-000420,C00463,RETRY_ALL,0,0,,,0,0,,
RECLAIM-V2-000421,C00659,RETRY_ALL,0,0,,,0,0,,
RECLAIM-V2-000422,C00595,RETRY_ALL,0,0,,,0,0,,
RECLAIM-V2-000423,C00659,RETRY_ALL,0,0,,,0,0,,
RECLAIM-V2-000424,C00397,RETRY_ALL,0,0,,,0,0,,
RECLAIM-V2-000425,C00243,RETRY_ALL,0,0,,,0,0,,
RECLAIM-V2-000426,C00999,RETRY_ALL,0,0,,,0,0,,
RECLAIM-V2-000427,C00146,RETRY_ALL,0,0,,,0,0,,
RECLAIM-V2-000428,C00214,RETRY_ALL,0,0,,,0,0,,
RECLAIM-V2-000429,C00882,RETRY_ALL,0,0,,,0,0,,
RECLAIM-V2-000430,C00680,RETRY_ALL,0,0,,,0,0,,
RECLAIM-V2-000431,C00145,RETRY_ALL,0,0,,,0,0,,
RECLAIM-V2-000432,C00846,RETRY_ALL,0,0,,,0,0,,
RECLAIM-V2-000433,C00517,RETRY_ALL,0,0,,,0,0,,
RECLAIM-V2-000434,C00955,RETRY_ALL,0,0,,,0,0,,
RECLAIM-V2-000435,C00395,RETRY_ALL,0,0,,,0,0,,
RECLAIM-V2-000436,C00764,RETRY_ALL,0,0,,,0,0,,
RECLAIM-V2-000437,C00347,RETRY_ALL,0,0,,,0,0,,
RECLAIM-V2-000438,C00425,RETRY_ALL,0,0,,,0,0,,
RECLAIM-V2-000439,C00551,RETRY_ALL,0,0,,,0,0,,
RECLAIM-V2-000440,C00512,RETRY_ALL,0,0,,,0,0,,
RECLAIM-V2-000441,C00228,RETRY_ALL,0,0,,,0,0,,
RECLAIM-V2-000442,C00446,RETRY_ALL,0,0,,,0,0,,
RECLAIM-V2-000443,C00228,RETRY_ALL,0,0,,,0,0,,
RECLAIM-V2-000444,C00294,RETRY_ALL,0,0,,,0,0,,
RECLAIM-V2-000445,C00897,RETRY_ALL,0,0,,,0,0,,
RECLAIM-V2-000446,C00718,RETRY_ALL,0,0,,,0,0,,
RECLAIM-V2-000447,C00927,RETRY_ALL,0,0,,,0,0,,
RECLAIM-V2-000448,C00168,RETRY_ALL,0,0,,,0,0,,
RECLAIM-V2-000449,C00415,RETRY_ALL,0,0,,,0,0,,
RECLAIM-V2-000450,C00981,RETRY_ALL,0,0,,,0,0,,
RECLAIM-V2-000451,C00086,RETRY_ALL,0,0,,,0,0,,
RECLAIM-V2-000452,C00897,RETRY_ALL,0,0,,,0,0,,
RECLAIM-V2-000453,C00999,RETRY_ALL,0,0,,,0,0,,
RECLAIM-V2-000454,C00325,TARGET,1,0,,,0,0,,
RECLAIM-V2-000455,C00485,RETRY_ALL,0,0,,,0,0,,
RECLAIM-V2-000456,C00630,RETRY_ALL,0,0,,,0,0,,
RECLAIM-V2-000457,C00700,RETRY_ALL,0,0,,,0,0,,
RECLAIM-V2-000458,C00847,RETRY_ALL,0,0,,,0,0,,
RECLAIM-V2-000459,C00897,RETRY_ALL,0,0,,,0,0,,
RECLAIM-V2-000460,C00321,RETRY_ALL,0,0,,,0,0,,
RECLAIM-V2-000461,C00518,RETRY_ALL,0,0,,,0,0,,
RECLAIM-V2-000462,C00908,RETRY_ALL,0,0,,,0,0,,
RECLAIM-V2-000463,C00329,RETRY_ALL,0,0,,,0,0,,
RECLAIM-V2-000464,C00573,RETRY_ALL,0,0,,,0,0,,
RECLAIM-V2-000465,C00663,TARGET,1,0,,,0,0,,
RECLAIM-V2-000466,C00616,RETRY_ALL,0,0,,,0,0,,
RECLAIM-V2-000467,C00397,RETRY_ALL,0,0,,,0,0,,
RECLAIM-V2-000468,C00523,RETRY_ALL,0,0,,,0,0,,
RECLAIM-V2-000469,C00680,RETRY_ALL,0,0,,,0,0,,
RECLAIM-V2-000470,C00492,RETRY_ALL,0,0,,,0,0,,
RECLAIM-V2-000471,C00985,RETRY_ALL,0,0,,,0,0,,
RECLAIM-V2-000472,C00608,RETRY_ALL,0,0,,,0,0,,
RECLAIM-V2-000473,C00931,RETRY_ALL,0,0,,,0,0,,
RECLAIM-V2-000474,C00451,RETRY_ALL,0,0,,,0,0,,
RECLAIM-V2-000475,C00664,RETRY_ALL,0,0,,,0,0,,
RECLAIM-V2-000476,C00681,RETRY_ALL,0,0,,,0,0,,
RECLAIM-V2-000477,C00015,RETRY_ALL,0,0,,,0,0,,
RECLAIM-V2-000478,C00708,RETRY_ALL,0,0,,,0,0,,
RECLAIM-V2-000479,C00395,RETRY_ALL,0,0,,,0,0,,
RECLAIM-V2-000480,C00122,RETRY_ALL,0,0,,,0,0,,
RECLAIM-V2-000481,C00677,RETRY_ALL,0,0,,,0,0,,
RECLAIM-V2-000482,C00005,RETRY_ALL,0,0,,,0,0,,
RECLAIM-V2-000483,C00157,RETRY_ALL,0,0,,,0,0,,
RECLAIM-V2-000484,C00961,RETRY_ALL,0,0,,,0,0,,
RECLAIM-V2-000485,C00635,RETRY_ALL,0,0,,,0,0,,
RECLAIM-V2-000486,C00174,RETRY_ALL,0,0,,,0,0,,
RECLAIM-V2-000487,C00226,RETRY_ALL,0,0,,,0,0,,
RECLAIM-V2-000488,C00696,RETRY_ALL,0,0,,,0,0,,
RECLAIM-V2-000489,C00842,RETRY_ALL,0,0,,,0,0,,
RECLAIM-V2-000490,C00534,RETRY_ALL,0,0,,,0,0,,
RECLAIM-V2-000491,C00614,RETRY_ALL,0,0,,,0,0,,
RECLAIM-V2-000492,C00746,RETRY_ALL,0,0,,,0,0,,
RECLAIM-V2-000493,C00897,RETRY_ALL,0,0,,,0,0,,
RECLAIM-V2-000494,C00347,RETRY_ALL,0,0,,,0,0,,
RECLAIM-V2-000495,C00190,RETRY_ALL,0,0,,,0,0,,
RECLAIM-V2-000496,C00493,RETRY_ALL,0,0,,,0,0,,
RECLAIM-V2-000497,C00244,RETRY_ALL,0,0,,,0,0,,
RECLAIM-V2-000498,C00238,RETRY_ALL,0,0,,,0,0,,
RECLAIM-V2-000499,C00102,RETRY_ALL,0,0,,,0,0,,
RECLAIM-V2-000500,C00413,RETRY_ALL,0,0,,,0,0,,
RECLAIM-V2-000501,C00123,RETRY_ALL,0,0,,,0,0,,
RECLAIM-V2-000502,C00889,RETRY_ALL,0,0,,,0,0,,
RECLAIM-V2-000503,C00318,RETRY_ALL,0,0,,,0,0,,
RECLAIM-V2-000504,C00874,RETRY_ALL,0,0,,,0,0,,
RECLAIM-V2-000505,C00315,RETRY_ALL,0,0,,,0,0,,
RECLAIM-V2-000506,C00901,RETRY_ALL,0,0,,,0,0,,
RECLAIM-V2-000507,C00713,RETRY_ALL,0,0,,,0,0,,
RECLAIM-V2-000508,C00187,TARGET,1,0,,,0,0,,
RECLAIM-V2-000509,C00702,RETRY_ALL,0,0,,,0,0,,
RECLAIM-V2-000510,C00228,RETRY_ALL,0,0,,,0,0,,
RECLAIM-V2-000511,C00497,RETRY_ALL,0,0,,,0,0,,
RECLAIM-V2-000512,C00479,RETRY_ALL,0,0,,,0,0,,
RECLAIM-V2-000513,C00173,RETRY_ALL,0,0,,,0,0,,
RECLAIM-V2-000514,C00819,TARGET,1,0,,,0,0,,
RECLAIM-V2-000515,C00117,RETRY_ALL,0,0,,,0,0,,
RECLAIM-V2-000516,C00401,RETRY_ALL,0,0,,,0,0,,
RECLAIM-V2-000517,C00449,RETRY_ALL,0,0,,,0,0,,
RECLAIM-V2-000518,C00638,RETRY_ALL,0,0,,,0,0,,
RECLAIM-V2-000519,C00086,RETRY_ALL,0,0,,,0,0,,
RECLAIM-V2-000520,C00132,RETRY_ALL,0,0,,,0,0,,
RECLAIM-V2-000521,C00825,RETRY_ALL,0,0,,,0,0,,
RECLAIM-V2-000522,C00192,RETRY_ALL,0,0,,,0,0,,
RECLAIM-V2-000523,C00469,RETRY_ALL,0,0,,,0,0,,
RECLAIM-V2-000524,C00610,RETRY_ALL,0,0,,,0,0,,
RECLAIM-V2-000525,C00102,RETRY_ALL,0,0,,,0,0,,
RECLAIM-V2-000526,C00863,RETRY_ALL,0,0,,,0,0,,
RECLAIM-V2-000527,C00997,RETRY_ALL,0,0,,,0,0,,
RECLAIM-V2-000528,C00441,RETRY_ALL,0,0,,,0,0,,
RECLAIM-V2-000529,C00823,RETRY_ALL,0,0,,,0,0,,
RECLAIM-V2-000530,C00518,RETRY_ALL,0,0,,,0,0,,
RECLAIM-V2-000531,C00931,RETRY_ALL,0,0,,,0,0,,
RECLAIM-V2-000532,C00834,RETRY_ALL,0,0,,,0,0,,
RECLAIM-V2-000533,C00005,RETRY_ALL,0,0,,,0,0,,
RECLAIM-V2-000534,C00414,RETRY_ALL,0,0,,,0,0,,
RECLAIM-V2-000535,C00918,RETRY_ALL,0,0,,,0,0,,
RECLAIM-V2-000536,C00842,RETRY_ALL,0,0,,,0,0,,
RECLAIM-V2-000537,C00497,RETRY_ALL,0,0,,,0,0,,
RECLAIM-V2-000538,C00279,RETRY_ALL,0,0,,,0,0,,
RECLAIM-V2-000539,C00825,RETRY_ALL,0,0,,,0,0,,
RECLAIM-V2-000540,C00884,TARGET,1,0,,,0,0,,
RECLAIM-V2-000541,C00459,TARGET,1,0,,,0,0,,
RECLAIM-V2-000542,C00577,RETRY_ALL,0,0,,,0,0,,
RECLAIM-V2-000543,C00695,RETRY_ALL,0,0,,,0,0,,
RECLAIM-V2-000544,C00043,RETRY_ALL,0,0,,,0,0,,
RECLAIM-V2-000545,C00655,RETRY_ALL,0,0,,,0,0,,
RECLAIM-V2-000546,C00054,RETRY_ALL,0,0,,,0,0,,
RECLAIM-V2-000547,C00673,RETRY_ALL,0,0,,,0,0,,
RECLAIM-V2-000548,C00921,RETRY_ALL,0,0,,,0,0,,
RECLAIM-V2-000549,C00458,RETRY_ALL,0,0,,,0,0,,
RECLAIM-V2-000550,C00671,RETRY_ALL,0,0,,,0,0,,
RECLAIM-V2-000551,C00999,RETRY_ALL,0,0,,,0,0,,
RECLAIM-V2-000552,C00512,RETRY_ALL,0,0,,,0,0,,
RECLAIM-V2-000553,C00534,RETRY_ALL,0,0,,,0,0,,
RECLAIM-V2-000554,C00157,RETRY_ALL,0,0,,,0,0,,
RECLAIM-V2-000555,C00461,RETRY_ALL,0,0,,,0,0,,
RECLAIM-V2-000556,C00901,RETRY_ALL,0,0,,,0,0,,
RECLAIM-V2-000557,C00043,RETRY_ALL,0,0,,,0,0,,
RECLAIM-V2-000558,C00223,RETRY_ALL,0,0,,,0,0,,
RECLAIM-V2-000559,C00936,RETRY_ALL,0,0,,,0,0,,
RECLAIM-V2-000560,C00372,RETRY_ALL,0,0,,,0,0,,
RECLAIM-V2-000561,C00550,TARGET,1,0,,,0,0,,
RECLAIM-V2-000562,C00461,RETRY_ALL,0,0,,,0,0,,
RECLAIM-V2-000563,C00415,RETRY_ALL,0,0,,,0,0,,
RECLAIM-V2-000564,C00524,RETRY_ALL,0,0,,,0,0,,
RECLAIM-V2-000565,C00413,RETRY_ALL,0,0,,,0,0,,
RECLAIM-V2-000566,C00646,RETRY_ALL,0,0,,,0,0,,
RECLAIM-V2-000567,C00146,RETRY_ALL,0,0,,,0,0,,
RECLAIM-V2-000568,C00882,RETRY_ALL,0,0,,,0,0,,
RECLAIM-V2-000569,C00427,RETRY_ALL,0,0,,,0,0,,
RECLAIM-V2-000570,C00321,RETRY_ALL,0,0,,,0,0,,
RECLAIM-V2-000571,C00361,RETRY_ALL,0,0,,,0,0,,
RECLAIM-V2-000572,C00709,RETRY_ALL,0,0,,,0,0,,
RECLAIM-V2-000573,C00789,RETRY_ALL,0,0,,,0,0,,
RECLAIM-V2-000574,C00809,RETRY_ALL,0,0,,,0,0,,
RECLAIM-V2-000575,C00226,RETRY_ALL,0,0,,,0,0,,
RECLAIM-V2-000576,C00089,RETRY_ALL,0,0,,,0,0,,
RECLAIM-V2-000577,C00747,RETRY_ALL,0,0,,,0,0,,
RECLAIM-V2-000578,C00611,RETRY_ALL,0,0,,,0,0,,
RECLAIM-V2-000579,C00043,RETRY_ALL,0,0,,,0,0,,
RECLAIM-V2-000580,C00421,RETRY_ALL,0,0,,,0,0,,
RECLAIM-V2-000581,C00229,RETRY_ALL,0,0,,,0,0,,
RECLAIM-V2-000582,C00073,RETRY_ALL,0,0,,,0,0,,
RECLAIM-V2-000583,C00275,RETRY_ALL,0,0,,,0,0,,
RECLAIM-V2-000584,C00497,RETRY_ALL,0,0,,,0,0,,
RECLAIM-V2-000585,C00622,RETRY_ALL,0,0,,,0,0,,
RECLAIM-V2-000586,C00449,RETRY_ALL,0,0,,,0,0,,
RECLAIM-V2-000587,C00519,RETRY_ALL,0,0,,,0,0,,
RECLAIM-V2-000588,C00671,RETRY_ALL,0,0,,,0,0,,
RECLAIM-V2-000589,C00550,TARGET,1,0,,,0,0,,
RECLAIM-V2-000590,C00585,RETRY_ALL,0,0,,,0,0,,
RECLAIM-V2-000591,C00872,RETRY_ALL,0,0,,,0,0,,
RECLAIM-V2-000592,C00599,RETRY_ALL,0,0,,,0,0,,
RECLAIM-V2-000593,C00929,RETRY_ALL,0,0,,,0,0,,
RECLAIM-V2-000594,C00797,RETRY_ALL,0,0,,,0,0,,
RECLAIM-V2-000595,C00973,RETRY_ALL,0,0,,,0,0,,
RECLAIM-V2-000596,C00014,RETRY_ALL,0,0,,,0,0,,
RECLAIM-V2-000597,C00567,TARGET,1,0,,,0,0,,
RECLAIM-V2-000598,C00985,RETRY_ALL,0,0,,,0,0,,
RECLAIM-V2-000599,C00347,RETRY_ALL,0,0,,,0,0,,
RECLAIM-V2-000600,C00088,RETRY_ALL,0,0,,,0,0,,
RECLAIM-V2-000601,C00401,RETRY_ALL,0,0,,,0,0,,
RECLAIM-V2-000602,C00809,RETRY_ALL,0,0,,,0,0,,
RECLAIM-V2-000603,C00551,RETRY_ALL,0,0,,,0,0,,
RECLAIM-V2-000604,C00445,RETRY_ALL,0,0,,,0,0,,
RECLAIM-V2-000605,C00350,RETRY_ALL,0,0,,,0,0,,
RECLAIM-V2-000606,C00157,RETRY_ALL,0,0,,,0,0,,
RECLAIM-V2-000607,C00317,RETRY_ALL,0,0,,,0,0,,
RECLAIM-V2-000608,C00168,RETRY_ALL,0,0,,,0,0,,
RECLAIM-V2-000609,C00770,RETRY_ALL,0,0,,,0,0,,
RECLAIM-V2-000610,C00978,RETRY_ALL,0,0,,,0,0,,
RECLAIM-V2-000611,C00089,RETRY_ALL,0,0,,,0,0,,
RECLAIM-V2-000612,C00307,RETRY_ALL,0,0,,,0,0,,
RECLAIM-V2-000613,C00173,RETRY_ALL,0,0,,,0,0,,
RECLAIM-V2-000614,C00241,RETRY_ALL,0,0,,,0,0,,
RECLAIM-V2-000615,C00523,RETRY_ALL,0,0,,,0,0,,
RECLAIM-V2-000616,C00418,RETRY_ALL,0,0,,,0,0,,
RECLAIM-V2-000617,C00590,RETRY_ALL,0,0,,,0,0,,
RECLAIM-V2-000618,C00795,RETRY_ALL,0,0,,,0,0,,
RECLAIM-V2-000619,C00037,RETRY_ALL,0,0,,,0,0,,
RECLAIM-V2-000620,C00117,RETRY_ALL,0,0,,,0,0,,
RECLAIM-V2-000621,C00378,TARGET,1,0,,,0,0,,
RECLAIM-V2-000622,C00495,RETRY_ALL,0,0,,,0,0,,
RECLAIM-V2-000623,C00635,RETRY_ALL,0,0,,,0,0,,
RECLAIM-V2-000624,C00450,RETRY_ALL,0,0,,,0,0,,
RECLAIM-V2-000625,C00907,RETRY_ALL,0,0,,,0,0,,
RECLAIM-V2-000626,C00240,RETRY_ALL,0,0,,,0,0,,
RECLAIM-V2-000627,C00492,RETRY_ALL,0,0,,,0,0,,
RECLAIM-V2-000628,C00103,RETRY_ALL,0,0,,,0,0,,
RECLAIM-V2-000629,C00373,RETRY_ALL,0,0,,,0,0,,
RECLAIM-V2-000630,C00469,RETRY_ALL,0,0,,,0,0,,
RECLAIM-V2-000631,C00570,RETRY_ALL,0,0,,,0,0,,
RECLAIM-V2-000632,C00524,RETRY_ALL,0,0,,,0,0,,
RECLAIM-V2-000633,C00170,RETRY_ALL,0,0,,,0,0,,
RECLAIM-V2-000634,C00086,RETRY_ALL,0,0,,,0,0,,
RECLAIM-V2-000635,C00585,RETRY_ALL,0,0,,,0,0,,
RECLAIM-V2-000636,C00485,RETRY_ALL,0,0,,,0,0,,
RECLAIM-V2-000637,C00431,RETRY_ALL,0,0,,,0,0,,
RECLAIM-V2-000638,C00145,RETRY_ALL,0,0,,,0,0,,
RECLAIM-V2-000639,C00014,RETRY_ALL,0,0,,,0,0,,
RECLAIM-V2-000640,C00179,RETRY_ALL,0,0,,,0,0,,
RECLAIM-V2-000641,C00378,TARGET,1,0,,,0,0,,
RECLAIM-V2-000642,C00053,RETRY_ALL,0,0,,,0,0,,
RECLAIM-V2-000643,C00479,RETRY_ALL,0,0,,,0,0,,
RECLAIM-V2-000644,C00427,RETRY_ALL,0,0,,,0,0,,
RECLAIM-V2-000645,C00816,RETRY_ALL,0,0,,,0,0,,
RECLAIM-V2-000646,C00826,RETRY_ALL,0,0,,,0,0,,
RECLAIM-V2-000647,C00035,RETRY_ALL,0,0,,,0,0,,
RECLAIM-V2-000648,C00986,RETRY_ALL,0,0,,,0,0,,
RECLAIM-V2-000649,C00649,RETRY_ALL,0,0,,,0,0,,
RECLAIM-V2-000650,C00123,RETRY_ALL,0,0,,,0,0,,
RECLAIM-V2-000651,C00485,RETRY_ALL,0,0,,,0,0,,
RECLAIM-V2-000652,C00664,RETRY_ALL,0,0,,,0,0,,
RECLAIM-V2-000653,C00608,RETRY_ALL,0,0,,,0,0,,
RECLAIM-V2-000654,C00190,RETRY_ALL,0,0,,,0,0,,
RECLAIM-V2-000655,C00401,RETRY_ALL,0,0,,,0,0,,
RECLAIM-V2-000656,C00551,RETRY_ALL,0,0,,,0,0,,
RECLAIM-V2-000657,C00034,RETRY_ALL,0,0,,,0,0,,
RECLAIM-V2-000658,C00821,RETRY_ALL,0,0,,,0,0,,
RECLAIM-V2-000659,C00395,RETRY_ALL,0,0,,,0,0,,
RECLAIM-V2-000660,C00394,RETRY_ALL,0,0,,,0,0,,
RECLAIM-V2-000661,C00574,RETRY_ALL,0,0,,,0,0,,
RECLAIM-V2-000662,C00897,RETRY_ALL,0,0,,,0,0,,
RECLAIM-V2-000663,C00789,RETRY_ALL,0,0,,,0,0,,
RECLAIM-V2-000664,C00674,RETRY_ALL,0,0,,,0,0,,
RECLAIM-V2-000665,C00899,RETRY_ALL,0,0,,,0,0,,
RECLAIM-V2-000666,C00096,RETRY_ALL,0,0,,,0,0,,
RECLAIM-V2-000667,C00847,RETRY_ALL,0,0,,,0,0,,
RECLAIM-V2-000668,C00318,RETRY_ALL,0,0,,,0,0,,
RECLAIM-V2-000669,C00222,RETRY_ALL,0,0,,,0,0,,
RECLAIM-V2-000670,C00020,RETRY_ALL,0,0,,,0,0,,
RECLAIM-V2-000671,C00427,RETRY_ALL,0,0,,,0,0,,
RECLAIM-V2-000672,C00320,RETRY_ALL,0,0,,,0,0,,
RECLAIM-V2-000673,C00365,RETRY_ALL,0,0,,,0,0,,
RECLAIM-V2-000674,C00427,RETRY_ALL,0,0,,,0,0,,
RECLAIM-V2-000675,C00378,TARGET,1,0,,,0,0,,
RECLAIM-V2-000676,C00041,RETRY_ALL,0,0,,,0,0,,
RECLAIM-V2-000677,C00365,RETRY_ALL,0,0,,,0,0,,
RECLAIM-V2-000678,C00352,RETRY_ALL,0,0,,,0,0,,
RECLAIM-V2-000679,C00214,RETRY_ALL,0,0,,,0,0,,
RECLAIM-V2-000680,C00043,RETRY_ALL,0,0,,,0,0,,
RECLAIM-V2-000681,C00418,RETRY_ALL,0,0,,,0,0,,
RECLAIM-V2-000682,C00590,RETRY_ALL,0,0,,,0,0,,
RECLAIM-V2-000683,C00997,RETRY_ALL,0,0,,,0,0,,
RECLAIM-V2-000684,C00987,RETRY_ALL,0,0,,,0,0,,
RECLAIM-V2-000685,C00931,RETRY_ALL,0,0,,,0,0,,
RECLAIM-V2-000686,C00287,RETRY_ALL,0,0,,,0,0,,
RECLAIM-V2-000687,C00448,RETRY_ALL,0,0,,,0,0,,
RECLAIM-V2-000688,C00361,RETRY_ALL,0,0,,,0,0,,
RECLAIM-V2-000689,C00931,RETRY_ALL,0,0,,,0,0,,
RECLAIM-V2-000690,C00124,RETRY_ALL,0,0,,,0,0,,
RECLAIM-V2-000691,C00795,RETRY_ALL,0,0,,,0,0,,
RECLAIM-V2-000692,C00179,RETRY_ALL,0,0,,,0,0,,
RECLAIM-V2-000693,C00438,RETRY_ALL,0,0,,,0,0,,
RECLAIM-V2-000694,C00179,RETRY_ALL,0,0,,,0,0,,
RECLAIM-V2-000695,C00126,RETRY_ALL,0,0,,,0,0,,
RECLAIM-V2-000696,C00573,RETRY_ALL,0,0,,,0,0,,
RECLAIM-V2-000697,C00687,RETRY_ALL,0,0,,,0,0,,
RECLAIM-V2-000698,C00643,RETRY_ALL,0,0,,,0,0,,
RECLAIM-V2-000699,C00206,RETRY_ALL,0,0,,,0,0,,
RECLAIM-V2-000700,C00980,RETRY_ALL,0,0,,,0,0,,
RECLAIM-V2-000701,C00780,RETRY_ALL,0,0,,,0,0,,
RECLAIM-V2-000702,C00550,TARGET,1,0,,,0,0,,
RECLAIM-V2-000703,C00551,RETRY_ALL,0,0,,,0,0,,
RECLAIM-V2-000704,C00611,RETRY_ALL,0,0,,,0,0,,
RECLAIM-V2-000705,C00550,TARGET,1,0,,,0,0,,
RECLAIM-V2-000706,C00493,RETRY_ALL,0,0,,,0,0,,
RECLAIM-V2-000707,C00450,RETRY_ALL,0,0,,,0,0,,
RECLAIM-V2-000708,C00500,RETRY_ALL,0,0,,,0,0,,
RECLAIM-V2-000709,C00064,RETRY_ALL,0,0,,,0,0,,
RECLAIM-V2-000710,C00261,RETRY_ALL,0,0,,,0,0,,
RECLAIM-V2-000711,C00542,RETRY_ALL,0,0,,,0,0,,
RECLAIM-V2-000712,C00563,RETRY_ALL,0,0,,,0,0,,
RECLAIM-V2-000713,C00296,RETRY_ALL,0,0,,,0,0,,
RECLAIM-V2-000714,C00351,RETRY_ALL,0,0,,,0,0,,
RECLAIM-V2-000715,C00863,RETRY_ALL,0,0,,,0,0,,
RECLAIM-V2-000716,C00969,RETRY_ALL,0,0,,,0,0,,
RECLAIM-V2-000717,C00841,RETRY_ALL,0,0,,,0,0,,
RECLAIM-V2-000718,C00138,RETRY_ALL,0,0,,,0,0,,
RECLAIM-V2-000719,C00166,RETRY_ALL,0,0,,,0,0,,
RECLAIM-V2-000720,C00414,RETRY_ALL,0,0,,,0,0,,
RECLAIM-V2-000721,C00110,RETRY_ALL,0,0,,,0,0,,
RECLAIM-V2-000722,C00182,RETRY_ALL,0,0,,,0,0,,
RECLAIM-V2-000723,C00945,RETRY_ALL,0,0,,,0,0,,
RECLAIM-V2-000724,C00937,RETRY_ALL,0,0,,,0,0,,
RECLAIM-V2-000725,C00899,RETRY_ALL,0,0,,,0,0,,
RECLAIM-V2-000726,C00005,RETRY_ALL,0,0,,,0,0,,
RECLAIM-V2-000727,C00244,RETRY_ALL,0,0,,,0,0,,
RECLAIM-V2-000728,C00997,RETRY_ALL,0,0,,,0,0,,
RECLAIM-V2-000729,C00418,RETRY_ALL,0,0,,,0,0,,
RECLAIM-V2-000730,C00904,RETRY_ALL,0,0,,,0,0,,
RECLAIM-V2-000731,C00126,RETRY_ALL,0,0,,,0,0,,
RECLAIM-V2-000732,C00388,RETRY_ALL,0,0,,,0,0,,
RECLAIM-V2-000733,C00347,RETRY_ALL,0,0,,,0,0,,
RECLAIM-V2-000734,C00270,RETRY_ALL,0,0,,,0,0,,
RECLAIM-V2-000735,C00122,RETRY_ALL,0,0,,,0,0,,
RECLAIM-V2-000736,C00459,TARGET,1,0,,,0,0,,
RECLAIM-V2-000737,C00747,RETRY_ALL,0,0,,,0,0,,
RECLAIM-V2-000738,C00174,RETRY_ALL,0,0,,,0,0,,
RECLAIM-V2-000739,C00449,RETRY_ALL,0,0,,,0,0,,
RECLAIM-V2-000740,C00492,RETRY_ALL,0,0,,,0,0,,
RECLAIM-V2-000741,C00674,RETRY_ALL,0,0,,,0,0,,
RECLAIM-V2-000742,C00201,RETRY_ALL,0,0,,,0,0,,
RECLAIM-V2-000743,C00307,RETRY_ALL,0,0,,,0,0,,
RECLAIM-V2-000744,C00459,TARGET,1,0,,,0,0,,
RECLAIM-V2-000745,C00961,RETRY_ALL,0,0,,,0,0,,
RECLAIM-V2-000746,C00244,RETRY_ALL,0,0,,,0,0,,
RECLAIM-V2-000747,C00718,RETRY_ALL,0,0,,,0,0,,
RECLAIM-V2-000748,C00906,RETRY_ALL,0,0,,,0,0,,
RECLAIM-V2-000749,C00973,RETRY_ALL,0,0,,,0,0,,
RECLAIM-V2-000750,C00907,RETRY_ALL,0,0,,,0,0,,
RECLAIM-V2-000751,C00404,TARGET,1,0,,,0,0,,
RECLAIM-V2-000752,C00080,TARGET,1,0,,,0,0,,
RECLAIM-V2-000753,C00441,RETRY_ALL,0,0,,,0,0,,
RECLAIM-V2-000754,C00821,RETRY_ALL,0,0,,,0,0,,
RECLAIM-V2-000755,C00627,RETRY_ALL,0,0,,,0,0,,
RECLAIM-V2-000756,C00435,RETRY_ALL,0,0,,,0,0,,
RECLAIM-V2-000757,C00487,RETRY_ALL,0,0,,,0,0,,
RECLAIM-V2-000758,C00418,RETRY_ALL,0,0,,,0,0,,
RECLAIM-V2-000759,C00365,RETRY_ALL,0,0,,,0,0,,
RECLAIM-V2-000760,C00886,RETRY_ALL,0,0,,,0,0,,
RECLAIM-V2-000761,C00517,RETRY_ALL,0,0,,,0,0,,
RECLAIM-V2-000762,C00727,RETRY_ALL,0,0,,,0,0,,
RECLAIM-V2-000763,C00524,RETRY_ALL,0,0,,,0,0,,
RECLAIM-V2-000764,C00485,RETRY_ALL,0,0,,,0,0,,
RECLAIM-V2-000765,C00035,RETRY_ALL,0,0,,,0,0,,
RECLAIM-V2-000766,C00551,RETRY_ALL,0,0,,,0,0,,
RECLAIM-V2-000767,C00448,RETRY_ALL,0,0,,,0,0,,
RECLAIM-V2-000768,C00260,RETRY_ALL,0,0,,,0,0,,
RECLAIM-V2-000769,C00547,RETRY_ALL,0,0,,,0,0,,
RECLAIM-V2-000770,C00122,RETRY_ALL,0,0,,,0,0,,
RECLAIM-V2-000771,C00254,TARGET,1,0,,,0,0,,
RECLAIM-V2-000772,C00673,RETRY_ALL,0,0,,,0,0,,
RECLAIM-V2-000773,C00228,RETRY_ALL,0,0,,,0,0,,
RECLAIM-V2-000774,C00945,RETRY_ALL,0,0,,,0,0,,
RECLAIM-V2-000775,C00803,RETRY_ALL,0,0,,,0,0,,
RECLAIM-V2-000776,C00669,RETRY_ALL,0,0,,,0,0,,
RECLAIM-V2-000777,C00555,RETRY_ALL,0,0,,,0,0,,
RECLAIM-V2-000778,C00056,RETRY_ALL,0,0,,,0,0,,
RECLAIM-V2-000779,C00779,RETRY_ALL,0,0,,,0,0,,
RECLAIM-V2-000780,C00461,TARGET,1,0,,,0,0,,
RECLAIM-V2-000781,C00266,RETRY_ALL,0,0,,,0,0,,
RECLAIM-V2-000782,C00461,RETRY_ALL,0,0,,,0,0,,
RECLAIM-V2-000783,C00173,RETRY_ALL,0,0,,,0,0,,
RECLAIM-V2-000784,C00608,RETRY_ALL,0,0,,,0,0,,
RECLAIM-V2-000785,C00945,RETRY_ALL,0,0,,,0,0,,
RECLAIM-V2-000786,C00056,RETRY_ALL,0,0,,,0,0,,
RECLAIM-V2-000787,C00429,RETRY_ALL,0,0,,,0,0,,
RECLAIM-V2-000788,C00961,RETRY_ALL,0,0,,,0,0,,
RECLAIM-V2-000789,C00739,RETRY_ALL,0,0,,,0,0,,
RECLAIM-V2-000790,C00718,RETRY_ALL,0,0,,,0,0,,
RECLAIM-V2-000791,C00979,RETRY_ALL,0,0,,,0,0,,
RECLAIM-V2-000792,C00318,RETRY_ALL,0,0,,,0,0,,
RECLAIM-V2-000793,C00482,RETRY_ALL,0,0,,,0,0,,
RECLAIM-V2-000794,C00643,RETRY_ALL,0,0,,,0,0,,
RECLAIM-V2-000795,C00749,RETRY_ALL,0,0,,,0,0,,
RECLAIM-V2-000796,C00691,RETRY_ALL,0,0,,,0,0,,
RECLAIM-V2-000797,C00687,RETRY_ALL,0,0,,,0,0,,
RECLAIM-V2-000798,C00142,RETRY_ALL,0,0,,,0,0,,
RECLAIM-V2-000799,C00451,RETRY_ALL,0,0,,,0,0,,
RECLAIM-V2-000800,C00384,RETRY_ALL,0,0,,,0,0,,
RECLAIM-V2-000801,C00674,RETRY_ALL,0,0,,,0,0,,
RECLAIM-V2-000802,C00627,RETRY_ALL,0,0,,,0,0,,
RECLAIM-V2-000803,C00718,RETRY_ALL,0,0,,,0,0,,
RECLAIM-V2-000804,C00973,RETRY_ALL,0,0,,,0,0,,
RECLAIM-V2-000805,C00295,RETRY_ALL,0,0,,,0,0,,
RECLAIM-V2-000806,C00395,RETRY_ALL,0,0,,,0,0,,
RECLAIM-V2-000807,C00404,TARGET,1,0,,,0,0,,
RECLAIM-V2-000808,C00397,TARGET,1,0,,,0,0,,
RECLAIM-V2-000809,C00687,RETRY_ALL,0,0,,,0,0,,
RECLAIM-V2-000810,C00988,RETRY_ALL,0,0,,,0,0,,
RECLAIM-V2-000811,C00196,RETRY_ALL,0,0,,,0,0,,
RECLAIM-V2-000812,C00107,RETRY_ALL,0,0,,,0,0,,
RECLAIM-V2-000813,C00542,RETRY_ALL,0,0,,,0,0,,
RECLAIM-V2-000814,C00190,RETRY_ALL,0,0,,,0,0,,
RECLAIM-V2-000815,C00145,RETRY_ALL,0,0,,,0,0,,
RECLAIM-V2-000816,C00698,RETRY_ALL,0,0,,,0,0,,
RECLAIM-V2-000817,C00680,RETRY_ALL,0,0,,,0,0,,
RECLAIM-V2-000818,C00112,RETRY_ALL,0,0,,,0,0,,
RECLAIM-V2-000819,C00584,RETRY_ALL,0,0,,,0,0,,
RECLAIM-V2-000820,C00124,RETRY_ALL,0,0,,,0,0,,
RECLAIM-V2-000821,C00234,RETRY_ALL,0,0,,,0,0,,
RECLAIM-V2-000822,C00571,RETRY_ALL,0,0,,,0,0,,
RECLAIM-V2-000823,C00395,RETRY_ALL,0,0,,,0,0,,
RECLAIM-V2-000824,C00350,RETRY_ALL,0,0,,,0,0,,
RECLAIM-V2-000825,C00762,RETRY_ALL,0,0,,,0,0,,
RECLAIM-V2-000826,C00429,RETRY_ALL,0,0,,,0,0,,
RECLAIM-V2-000827,C00249,RETRY_ALL,0,0,,,0,0,,
RECLAIM-V2-000828,C00649,RETRY_ALL,0,0,,,0,0,,
RECLAIM-V2-000829,C00863,RETRY_ALL,0,0,,,0,0,,
RECLAIM-V2-000830,C00395,RETRY_ALL,0,0,,,0,0,,
RECLAIM-V2-000831,C00249,RETRY_ALL,0,0,,,0,0,,
RECLAIM-V2-000832,C00746,RETRY_ALL,0,0,,,0,0,,
RECLAIM-V2-000833,C00232,RETRY_ALL,0,0,,,0,0,,
RECLAIM-V2-000834,C00108,RETRY_ALL,0,0,,,0,0,,
RECLAIM-V2-000835,C00927,RETRY_ALL,0,0,,,0,0,,
RECLAIM-V2-000836,C00935,TARGET,1,0,,,0,0,,
RECLAIM-V2-000837,C00352,RETRY_ALL,0,0,,,0,0,,
RECLAIM-V2-000838,C00107,RETRY_ALL,0,0,,,0,0,,
RECLAIM-V2-000839,C00614,RETRY_ALL,0,0,,,0,0,,
RECLAIM-V2-000840,C00126,RETRY_ALL,0,0,,,0,0,,
RECLAIM-V2-000841,C00163,RETRY_ALL,0,0,,,0,0,,
RECLAIM-V2-000842,C00832,RETRY_ALL,0,0,,,0,0,,
RECLAIM-V2-000843,C00783,RETRY_ALL,0,0,,,0,0,,
RECLAIM-V2-000844,C00542,RETRY_ALL,0,0,,,0,0,,
RECLAIM-V2-000845,C00427,RETRY_ALL,0,0,,,0,0,,
RECLAIM-V2-000846,C00461,RETRY_ALL,0,0,,,0,0,,
RECLAIM-V2-000847,C00138,RETRY_ALL,0,0,,,0,0,,
RECLAIM-V2-000848,C00789,RETRY_ALL,0,0,,,0,0,,
RECLAIM-V2-000849,C00624,RETRY_ALL,0,0,,,0,0,,
RECLAIM-V2-000850,C00140,RETRY_ALL,0,0,,,0,0,,
RECLAIM-V2-000851,C00404,TARGET,1,0,,,0,0,,
RECLAIM-V2-000852,C00102,RETRY_ALL,0,0,,,0,0,,
RECLAIM-V2-000853,C00325,TARGET,1,0,,,0,0,,
RECLAIM-V2-000854,C00223,RETRY_ALL,0,0,,,0,0,,
RECLAIM-V2-000855,C00463,RETRY_ALL,0,0,,,0,0,,
RECLAIM-V2-000856,C00265,RETRY_ALL,0,0,,,0,0,,
RECLAIM-V2-000857,C00988,RETRY_ALL,0,0,,,0,0,,
RECLAIM-V2-000858,C00670,RETRY_ALL,0,0,,,0,0,,
RECLAIM-V2-000859,C00810,RETRY_ALL,0,0,,,0,0,,
RECLAIM-V2-000860,C00709,RETRY_ALL,0,0,,,0,0,,
RECLAIM-V2-000861,C00764,RETRY_ALL,0,0,,,0,0,,
RECLAIM-V2-000862,C00538,RETRY_ALL,0,0,,,0,0,,
RECLAIM-V2-000863,C00517,RETRY_ALL,0,0,,,0,0,,
RECLAIM-V2-000864,C00112,RETRY_ALL,0,0,,,0,0,,
RECLAIM-V2-000865,C00117,RETRY_ALL,0,0,,,0,0,,
RECLAIM-V2-000866,C00378,RETRY_ALL,0,0,,,0,0,,
RECLAIM-V2-000867,C00855,RETRY_ALL,0,0,,,0,0,,
RECLAIM-V2-000868,C00670,RETRY_ALL,0,0,,,0,0,,
RECLAIM-V2-000869,C00790,RETRY_ALL,0,0,,,0,0,,
RECLAIM-V2-000870,C00762,RETRY_ALL,0,0,,,0,0,,
RECLAIM-V2-000871,C00190,RETRY_ALL,0,0,,,0,0,,
RECLAIM-V2-000872,C00080,TARGET,1,0,,,0,0,,
RECLAIM-V2-000873,C00598,RETRY_ALL,0,0,,,0,0,,
RECLAIM-V2-000874,C00441,RETRY_ALL,0,0,,,0,0,,
RECLAIM-V2-000875,C00713,RETRY_ALL,0,0,,,0,0,,
RECLAIM-V2-000876,C00129,RETRY_ALL,0,0,,,0,0,,
RECLAIM-V2-000877,C00886,RETRY_ALL,0,0,,,0,0,,
RECLAIM-V2-000878,C00500,RETRY_ALL,0,0,,,0,0,,
RECLAIM-V2-000879,C00702,RETRY_ALL,0,0,,,0,0,,
RECLAIM-V2-000880,C00372,RETRY_ALL,0,0,,,0,0,,
RECLAIM-V2-000881,C00145,RETRY_ALL,0,0,,,0,0,,
RECLAIM-V2-000882,C00146,RETRY_ALL,0,0,,,0,0,,
RECLAIM-V2-000883,C00847,RETRY_ALL,0,0,,,0,0,,
RECLAIM-V2-000884,C00542,RETRY_ALL,0,0,,,0,0,,
RECLAIM-V2-000885,C00461,RETRY_ALL,0,0,,,0,0,,
RECLAIM-V2-000886,C00391,RETRY_ALL,0,0,,,0,0,,
RECLAIM-V2-000887,C00482,RETRY_ALL,0,0,,,0,0,,
RECLAIM-V2-000888,C00599,RETRY_ALL,0,0,,,0,0,,
RECLAIM-V2-000889,C00461,RETRY_ALL,0,0,,,0,0,,
RECLAIM-V2-000890,C00140,RETRY_ALL,0,0,,,0,0,,
RECLAIM-V2-000891,C00622,RETRY_ALL,0,0,,,0,0,,
RECLAIM-V2-000892,C00570,RETRY_ALL,0,0,,,0,0,,
RECLAIM-V2-000893,C00488,RETRY_ALL,0,0,,,0,0,,
RECLAIM-V2-000894,C00971,RETRY_ALL,0,0,,,0,0,,
RECLAIM-V2-000895,C00888,RETRY_ALL,0,0,,,0,0,,
RECLAIM-V2-000896,C00004,RETRY_ALL,0,0,,,0,0,,
RECLAIM-V2-000897,C00174,RETRY_ALL,0,0,,,0,0,,
RECLAIM-V2-000898,C00828,RETRY_ALL,0,0,,,0,0,,
RECLAIM-V2-000899,C00842,RETRY_ALL,0,0,,,0,0,,
RECLAIM-V2-000900,C00538,RETRY_ALL,0,0,,,0,0,,
RECLAIM-V2-000901,C00156,RETRY_ALL,0,0,,,0,0,,
RECLAIM-V2-000902,C00907,RETRY_ALL,0,0,,,0,0,,
RECLAIM-V2-000903,C00789,RETRY_ALL,0,0,,,0,0,,
RECLAIM-V2-000904,C00445,RETRY_ALL,0,0,,,0,0,,
RECLAIM-V2-000905,C00392,RETRY_ALL,0,0,,,0,0,,
RECLAIM-V2-000906,C00906,RETRY_ALL,0,0,,,0,0,,
RECLAIM-V2-000907,C00622,RETRY_ALL,0,0,,,0,0,,
RECLAIM-V2-000908,C00010,RETRY_ALL,0,0,,,0,0,,
RECLAIM-V2-000909,C00622,RETRY_ALL,0,0,,,0,0,,
RECLAIM-V2-000910,C00223,RETRY_ALL,0,0,,,0,0,,
RECLAIM-V2-000911,C00347,RETRY_ALL,0,0,,,0,0,,
RECLAIM-V2-000912,C00448,RETRY_ALL,0,0,,,0,0,,
RECLAIM-V2-000913,C00884,TARGET,1,0,,,0,0,,
RECLAIM-V2-000914,C00751,RETRY_ALL,0,0,,,0,0,,
RECLAIM-V2-000915,C00174,RETRY_ALL,0,0,,,0,0,,
RECLAIM-V2-000916,C00317,RETRY_ALL,0,0,,,0,0,,
RECLAIM-V2-000917,C00347,RETRY_ALL,0,0,,,0,0,,
RECLAIM-V2-000918,C00702,RETRY_ALL,0,0,,,0,0,,
RECLAIM-V2-000919,C00270,RETRY_ALL,0,0,,,0,0,,
RECLAIM-V2-000920,C00899,RETRY_ALL,0,0,,,0,0,,
RECLAIM-V2-000921,C00246,RETRY_ALL,0,0,,,0,0,,
RECLAIM-V2-000922,C00450,RETRY_ALL,0,0,,,0,0,,
RECLAIM-V2-000923,C00449,RETRY_ALL,0,0,,,0,0,,
RECLAIM-V2-000924,C00126,RETRY_ALL,0,0,,,0,0,,
RECLAIM-V2-000925,C00391,RETRY_ALL,0,0,,,0,0,,
RECLAIM-V2-000926,C00669,RETRY_ALL,0,0,,,0,0,,
RECLAIM-V2-000927,C00397,TARGET,1,0,,,0,0,,
RECLAIM-V2-000928,C00123,RETRY_ALL,0,0,,,0,0,,
RECLAIM-V2-000929,C00372,RETRY_ALL,0,0,,,0,0,,
RECLAIM-V2-000930,C00102,RETRY_ALL,0,0,,,0,0,,
RECLAIM-V2-000931,C00616,RETRY_ALL,0,0,,,0,0,,
RECLAIM-V2-000932,C00136,RETRY_ALL,0,0,,,0,0,,
RECLAIM-V2-000933,C00445,RETRY_ALL,0,0,,,0,0,,
RECLAIM-V2-000934,C00073,RETRY_ALL,0,0,,,0,0,,
RECLAIM-V2-000935,C00791,RETRY_ALL,0,0,,,0,0,,
RECLAIM-V2-000936,C00003,RETRY_ALL,0,0,,,0,0,,
RECLAIM-V2-000937,C00565,RETRY_ALL,0,0,,,0,0,,
RECLAIM-V2-000938,C00018,RETRY_ALL,0,0,,,0,0,,
RECLAIM-V2-000939,C00345,RETRY_ALL,0,0,,,0,0,,
RECLAIM-V2-000940,C00395,RETRY_ALL,0,0,,,0,0,,
RECLAIM-V2-000941,C00709,RETRY_ALL,0,0,,,0,0,,
RECLAIM-V2-000942,C00434,RETRY_ALL,0,0,,,0,0,,
RECLAIM-V2-000943,C00145,RETRY_ALL,0,0,,,0,0,,
RECLAIM-V2-000944,C00416,RETRY_ALL,0,0,,,0,0,,
RECLAIM-V2-000945,C00585,RETRY_ALL,0,0,,,0,0,,
RECLAIM-V2-000946,C00570,RETRY_ALL,0,0,,,0,0,,
RECLAIM-V2-000947,C00416,RETRY_ALL,0,0,,,0,0,,
RECLAIM-V2-000948,C00279,RETRY_ALL,0,0,,,0,0,,
RECLAIM-V2-000949,C00624,RETRY_ALL,0,0,,,0,0,,
RECLAIM-V2-000950,C00155,TARGET,1,0,,,0,0,,
RECLAIM-V2-000951,C00365,RETRY_ALL,0,0,,,0,0,,
RECLAIM-V2-000952,C00427,RETRY_ALL,0,0,,,0,0,,
RECLAIM-V2-000953,C00700,RETRY_ALL,0,0,,,0,0,,
RECLAIM-V2-000954,C00427,RETRY_ALL,0,0,,,0,0,,
RECLAIM-V2-000955,C00936,RETRY_ALL,0,0,,,0,0,,
RECLAIM-V2-000956,C00103,RETRY_ALL,0,0,,,0,0,,
RECLAIM-V2-000957,C00135,RETRY_ALL,0,0,,,0,0,,
RECLAIM-V2-000958,C00353,RETRY_ALL,0,0,,,0,0,,
RECLAIM-V2-000959,C00064,RETRY_ALL,0,0,,,0,0,,
RECLAIM-V2-000960,C00221,RETRY_ALL,0,0,,,0,0,,
RECLAIM-V2-000961,C00049,RETRY_ALL,0,0,,,0,0,,
RECLAIM-V2-000962,C00642,RETRY_ALL,0,0,,,0,0,,
RECLAIM-V2-000963,C00906,RETRY_ALL,0,0,,,0,0,,
RECLAIM-V2-000964,C00086,RETRY_ALL,0,0,,,0,0,,
RECLAIM-V2-000965,C00070,RETRY_ALL,0,0,,,0,0,,
RECLAIM-V2-000966,C00512,RETRY_ALL,0,0,,,0,0,,
RECLAIM-V2-000967,C00816,RETRY_ALL,0,0,,,0,0,,
RECLAIM-V2-000968,C00696,RETRY_ALL,0,0,,,0,0,,
RECLAIM-V2-000969,C00109,RETRY_ALL,0,0,,,0,0,,
RECLAIM-V2-000970,C00112,RETRY_ALL,0,0,,,0,0,,
RECLAIM-V2-000971,C00117,RETRY_ALL,0,0,,,0,0,,
RECLAIM-V2-000972,C00418,RETRY_ALL,0,0,,,0,0,,
RECLAIM-V2-000973,C00352,RETRY_ALL,0,0,,,0,0,,
RECLAIM-V2-000974,C00319,RETRY_ALL,0,0,,,0,0,,
RECLAIM-V2-000975,C00441,RETRY_ALL,0,0,,,0,0,,
RECLAIM-V2-000976,C00599,RETRY_ALL,0,0,,,0,0,,
RECLAIM-V2-000977,C00360,RETRY_ALL,0,0,,,0,0,,
RECLAIM-V2-000978,C00131,RETRY_ALL,0,0,,,0,0,,
RECLAIM-V2-000979,C00157,RETRY_ALL,0,0,,,0,0,,
RECLAIM-V2-000980,C00938,RETRY_ALL,0,0,,,0,0,,
RECLAIM-V2-000981,C00680,RETRY_ALL,0,0,,,0,0,,
RECLAIM-V2-000982,C00577,RETRY_ALL,0,0,,,0,0,,
RECLAIM-V2-000983,C00136,RETRY_ALL,0,0,,,0,0,,
RECLAIM-V2-000984,C00199,RETRY_ALL,0,0,,,0,0,,
RECLAIM-V2-000985,C00834,RETRY_ALL,0,0,,,0,0,,
RECLAIM-V2-000986,C00653,RETRY_ALL,0,0,,,0,0,,
RECLAIM-V2-000987,C00652,RETRY_ALL,0,0,,,0,0,,
RECLAIM-V2-000988,C00882,RETRY_ALL,0,0,,,0,0,,
RECLAIM-V2-000989,C00089,RETRY_ALL,0,0,,,0,0,,
RECLAIM-V2-000990,C00304,RETRY_ALL,0,0,,,0,0,,
RECLAIM-V2-000991,C00378,RETRY_ALL,0,0,,,0,0,,
RECLAIM-V2-000992,C00809,RETRY_ALL,0,0,,,0,0,,
RECLAIM-V2-000993,C00142,RETRY_ALL,0,0,,,0,0,,
RECLAIM-V2-000994,C00266,RETRY_ALL,0,0,,,0,0,,
RECLAIM-V2-000995,C00834,RETRY_ALL,0,0,,,0,0,,
RECLAIM-V2-000996,C00676,RETRY_ALL,0,0,,,0,0,,
RECLAIM-V2-000997,C00614,RETRY_ALL,0,0,,,0,0,,
RECLAIM-V2-000998,C00458,RETRY_ALL,0,0,,,0,0,,
RECLAIM-V2-000999,C00315,RETRY_ALL,0,0,,,0,0,,
RECLAIM-V2-001000,C00131,RETRY_ALL,0,0,,,0,0,,
RECLAIM-V2-001001,C00058,RETRY_ALL,0,0,,,0,0,,
RECLAIM-V2-001002,C00135,RETRY_ALL,0,0,,,0,0,,
RECLAIM-V2-001003,C00809,RETRY_ALL,0,0,,,0,0,,
RECLAIM-V2-001004,C00595,RETRY_ALL,0,0,,,0,0,,
RECLAIM-V2-001005,C00266,RETRY_ALL,0,0,,,0,0,,
RECLAIM-V2-001006,C00683,RETRY_ALL,0,0,,,0,0,,
RECLAIM-V2-001007,C00005,TARGET,1,0,,,0,0,,
RECLAIM-V2-001008,C00673,RETRY_ALL,0,0,,,0,0,,
RECLAIM-V2-001009,C00747,RETRY_ALL,0,0,,,0,0,,
RECLAIM-V2-001010,C00695,RETRY_ALL,0,0,,,0,0,,
RECLAIM-V2-001011,C00780,RETRY_ALL,0,0,,,0,0,,
RECLAIM-V2-001012,C00140,RETRY_ALL,0,0,,,0,0,,
RECLAIM-V2-001013,C00614,RETRY_ALL,0,0,,,0,0,,
RECLAIM-V2-001014,C00991,TARGET,1,0,,,0,0,,
RECLAIM-V2-001015,C00343,RETRY_ALL,0,0,,,0,0,,
RECLAIM-V2-001016,C00378,RETRY_ALL,0,0,,,0,0,,
RECLAIM-V2-001017,C00266,RETRY_ALL,0,0,,,0,0,,
RECLAIM-V2-001018,C00113,RETRY_ALL,0,0,,,0,0,,
RECLAIM-V2-001019,C00659,RETRY_ALL,0,0,,,0,0,,
RECLAIM-V2-001020,C00664,RETRY_ALL,0,0,,,0,0,,
RECLAIM-V2-001021,C00502,TARGET,1,0,,,0,0,,
RECLAIM-V2-001022,C00625,RETRY_ALL,0,0,,,0,0,,
RECLAIM-V2-001023,C00190,RETRY_ALL,0,0,,,0,0,,
RECLAIM-V2-001024,C00294,RETRY_ALL,0,0,,,0,0,,
RECLAIM-V2-001025,C00938,RETRY_ALL,0,0,,,0,0,,
RECLAIM-V2-001026,C00054,RETRY_ALL,0,0,,,0,0,,
RECLAIM-V2-001027,C00351,RETRY_ALL,0,0,,,0,0,,
RECLAIM-V2-001028,C00502,RETRY_ALL,0,0,,,0,0,,
RECLAIM-V2-001029,C00146,RETRY_ALL,0,0,,,0,0,,
RECLAIM-V2-001030,C00739,TARGET,1,0,,,0,0,,
RECLAIM-V2-001031,C00270,RETRY_ALL,0,0,,,0,0,,
RECLAIM-V2-001032,C00192,RETRY_ALL,0,0,,,0,0,,
RECLAIM-V2-001033,C00289,RETRY_ALL,0,0,,,0,0,,
RECLAIM-V2-001034,C00599,RETRY_ALL,0,0,,,0,0,,
RECLAIM-V2-001035,C00298,RETRY_ALL,0,0,,,0,0,,
RECLAIM-V2-001036,C00512,RETRY_ALL,0,0,,,0,0,,
RECLAIM-V2-001037,C00449,RETRY_ALL,0,0,,,0,0,,
RECLAIM-V2-001038,C00842,RETRY_ALL,0,0,,,0,0,,
RECLAIM-V2-001039,C00397,RETRY_ALL,0,0,,,0,0,,
RECLAIM-V2-001040,C00070,RETRY_ALL,0,0,,,0,0,,
RECLAIM-V2-001041,C00863,RETRY_ALL,0,0,,,0,0,,
RECLAIM-V2-001042,C00015,RETRY_ALL,0,0,,,0,0,,
RECLAIM-V2-001043,C00807,RETRY_ALL,0,0,,,0,0,,
RECLAIM-V2-001044,C00449,RETRY_ALL,0,0,,,0,0,,
RECLAIM-V2-001045,C00122,RETRY_ALL,0,0,,,0,0,,
RECLAIM-V2-001046,C00936,RETRY_ALL,0,0,,,0,0,,
RECLAIM-V2-001047,C00825,RETRY_ALL,0,0,,,0,0,,
RECLAIM-V2-001048,C00687,RETRY_ALL,0,0,,,0,0,,
RECLAIM-V2-001049,C00230,TARGET,1,0,,,0,0,,
RECLAIM-V2-001050,C00278,RETRY_ALL,0,0,,,0,0,,
RECLAIM-V2-001051,C00961,RETRY_ALL,0,0,,,0,0,,
RECLAIM-V2-001052,C00145,RETRY_ALL,0,0,,,0,0,,
RECLAIM-V2-001053,C00413,RETRY_ALL,0,0,,,0,0,,
RECLAIM-V2-001054,C00053,RETRY_ALL,0,0,,,0,0,,
RECLAIM-V2-001055,C00594,RETRY_ALL,0,0,,,0,0,,
RECLAIM-V2-001056,C00378,TARGET,1,0,,,0,0,,
RECLAIM-V2-001057,C00351,RETRY_ALL,0,0,,,0,0,,
RECLAIM-V2-001058,C00643,RETRY_ALL,0,0,,,0,0,,
RECLAIM-V2-001059,C00360,RETRY_ALL,0,0,,,0,0,,
RECLAIM-V2-001060,C00315,RETRY_ALL,0,0,,,0,0,,
RECLAIM-V2-001061,C00746,RETRY_ALL,0,0,,,0,0,,
RECLAIM-V2-001062,C00317,RETRY_ALL,0,0,,,0,0,,
RECLAIM-V2-001063,C00625,TARGET,1,0,,,0,0,,
RECLAIM-V2-001064,C00135,RETRY_ALL,0,0,,,0,0,,
RECLAIM-V2-001065,C00438,RETRY_ALL,0,0,,,0,0,,
RECLAIM-V2-001066,C00875,RETRY_ALL,0,0,,,0,0,,
RECLAIM-V2-001067,C00416,RETRY_ALL,0,0,,,0,0,,
RECLAIM-V2-001068,C00638,RETRY_ALL,0,0,,,0,0,,
RECLAIM-V2-001069,C00550,TARGET,1,0,,,0,0,,
RECLAIM-V2-001070,C00193,RETRY_ALL,0,0,,,0,0,,
RECLAIM-V2-001071,C00901,RETRY_ALL,0,0,,,0,0,,
RECLAIM-V2-001072,C00937,RETRY_ALL,0,0,,,0,0,,
RECLAIM-V2-001073,C00894,RETRY_ALL,0,0,,,0,0,,
RECLAIM-V2-001074,C00136,RETRY_ALL,0,0,,,0,0,,
RECLAIM-V2-001075,C00980,RETRY_ALL,0,0,,,0,0,,
RECLAIM-V2-001076,C00027,RETRY_ALL,0,0,,,0,0,,
RECLAIM-V2-001077,C00752,RETRY_ALL,0,0,,,0,0,,
RECLAIM-V2-001078,C00401,RETRY_ALL,0,0,,,0,0,,
RECLAIM-V2-001079,C00155,TARGET,1,0,,,0,0,,
RECLAIM-V2-001080,C00347,RETRY_ALL,0,0,,,0,0,,
RECLAIM-V2-001081,C00941,TARGET,1,0,,,0,0,,
RECLAIM-V2-001082,C00619,RETRY_ALL,0,0,,,0,0,,
RECLAIM-V2-001083,C00223,RETRY_ALL,0,0,,,0,0,,
RECLAIM-V2-001084,C00140,TARGET,1,0,,,0,0,,
RECLAIM-V2-001085,C00646,RETRY_ALL,0,0,,,0,0,,
RECLAIM-V2-001086,C00426,RETRY_ALL,0,0,,,0,0,,
RECLAIM-V2-001087,C00446,RETRY_ALL,0,0,,,0,0,,
RECLAIM-V2-001088,C00482,RETRY_ALL,0,0,,,0,0,,
RECLAIM-V2-001089,C00590,RETRY_ALL,0,0,,,0,0,,
RECLAIM-V2-001090,C00108,RETRY_ALL,0,0,,,0,0,,
RECLAIM-V2-001091,C00461,TARGET,1,0,,,0,0,,
RECLAIM-V2-001092,C00072,RETRY_ALL,0,0,,,0,0,,
RECLAIM-V2-001093,C00345,RETRY_ALL,0,0,,,0,0,,
RECLAIM-V2-001094,C00943,RETRY_ALL,0,0,,,0,0,,
RECLAIM-V2-001095,C00816,RETRY_ALL,0,0,,,0,0,,
RECLAIM-V2-001096,C00174,RETRY_ALL,0,0,,,0,0,,
RECLAIM-V2-001097,C00816,RETRY_ALL,0,0,,,0,0,,
RECLAIM-V2-001098,C00185,RETRY_ALL,0,0,,,0,0,,
RECLAIM-V2-001099,C00012,RETRY_ALL,0,0,,,0,0,,
RECLAIM-V2-001100,C00469,RETRY_ALL,0,0,,,0,0,,
RECLAIM-V2-001101,C00842,RETRY_ALL,0,0,,,0,0,,
RECLAIM-V2-001102,C00674,RETRY_ALL,0,0,,,0,0,,
RECLAIM-V2-001103,C00842,RETRY_ALL,0,0,,,0,0,,
RECLAIM-V2-001104,C00783,RETRY_ALL,0,0,,,0,0,,
RECLAIM-V2-001105,C00397,TARGET,1,0,,,0,0,,
RECLAIM-V2-001106,C00254,TARGET,1,0,,,0,0,,
RECLAIM-V2-001107,C00378,TARGET,1,0,,,0,0,,
RECLAIM-V2-001108,C00687,RETRY_ALL,0,0,,,0,0,,
RECLAIM-V2-001109,C00186,RETRY_ALL,0,0,,,0,0,,
RECLAIM-V2-001110,C00538,RETRY_ALL,0,0,,,0,0,,
RECLAIM-V2-001111,C00043,RETRY_ALL,0,0,,,0,0,,
RECLAIM-V2-001112,C00749,RETRY_ALL,0,0,,,0,0,,
RECLAIM-V2-001113,C00846,RETRY_ALL,0,0,,,0,0,,
RECLAIM-V2-001114,C00056,RETRY_ALL,0,0,,,0,0,,
RECLAIM-V2-001115,C00278,RETRY_ALL,0,0,,,0,0,,
RECLAIM-V2-001116,C00702,RETRY_ALL,0,0,,,0,0,,
RECLAIM-V2-001117,C00674,RETRY_ALL,0,0,,,0,0,,
RECLAIM-V2-001118,C00393,RETRY_ALL,0,0,,,0,0,,
RECLAIM-V2-001119,C00275,RETRY_ALL,0,0,,,0,0,,
RECLAIM-V2-001120,C00414,RETRY_ALL,0,0,,,0,0,,
RECLAIM-V2-001121,C00368,RETRY_ALL,0,0,,,0,0,,
RECLAIM-V2-001122,C00683,RETRY_ALL,0,0,,,0,0,,
RECLAIM-V2-001123,C00056,RETRY_ALL,0,0,,,0,0,,
RECLAIM-V2-001124,C00819,TARGET,1,0,,,0,0,,
RECLAIM-V2-001125,C00056,RETRY_ALL,0,0,,,0,0,,
RECLAIM-V2-001126,C00413,RETRY_ALL,0,0,,,0,0,,
RECLAIM-V2-001127,C00906,RETRY_ALL,0,0,,,0,0,,
RECLAIM-V2-001128,C00601,RETRY_ALL,0,0,,,0,0,,
RECLAIM-V2-001129,C00841,RETRY_ALL,0,0,,,0,0,,
RECLAIM-V2-001130,C00012,RETRY_ALL,0,0,,,0,0,,
RECLAIM-V2-001131,C00025,RETRY_ALL,0,0,,,0,0,,
RECLAIM-V2-001132,C00696,RETRY_ALL,0,0,,,0,0,,
RECLAIM-V2-001133,C00746,RETRY_ALL,0,0,,,0,0,,
RECLAIM-V2-001134,C00638,RETRY_ALL,0,0,,,0,0,,
RECLAIM-V2-001135,C00350,RETRY_ALL,0,0,,,0,0,,
RECLAIM-V2-001136,C00324,RETRY_ALL,0,0,,,0,0,,
RECLAIM-V2-001137,C00117,RETRY_ALL,0,0,,,0,0,,
RECLAIM-V2-001138,C00964,RETRY_ALL,0,0,,,0,0,,
RECLAIM-V2-001139,C00542,RETRY_ALL,0,0,,,0,0,,
RECLAIM-V2-001140,C00401,RETRY_ALL,0,0,,,0,0,,
RECLAIM-V2-001141,C00049,RETRY_ALL,0,0,,,0,0,,
RECLAIM-V2-001142,C00015,RETRY_ALL,0,0,,,0,0,,
RECLAIM-V2-001143,C00418,RETRY_ALL,0,0,,,0,0,,
RECLAIM-V2-001144,C00569,RETRY_ALL,0,0,,,0,0,,
RECLAIM-V2-001145,C00997,RETRY_ALL,0,0,,,0,0,,
RECLAIM-V2-001146,C00296,RETRY_ALL,0,0,,,0,0,,
RECLAIM-V2-001147,C00999,RETRY_ALL,0,0,,,0,0,,
RECLAIM-V2-001148,C00425,RETRY_ALL,0,0,,,0,0,,
RECLAIM-V2-001149,C00664,RETRY_ALL,0,0,,,0,0,,
RECLAIM-V2-001150,C00089,RETRY_ALL,0,0,,,0,0,,
RECLAIM-V2-001151,C00118,RETRY_ALL,0,0,,,0,0,,
RECLAIM-V2-001152,C00102,RETRY_ALL,0,0,,,0,0,,
RECLAIM-V2-001153,C00789,RETRY_ALL,0,0,,,0,0,,
RECLAIM-V2-001154,C00199,RETRY_ALL,0,0,,,0,0,,
RECLAIM-V2-001155,C00783,RETRY_ALL,0,0,,,0,0,,
RECLAIM-V2-001156,C00265,RETRY_ALL,0,0,,,0,0,,
RECLAIM-V2-001157,C00024,RETRY_ALL,0,0,,,0,0,,
RECLAIM-V2-001158,C00875,RETRY_ALL,0,0,,,0,0,,
RECLAIM-V2-001159,C00397,RETRY_ALL,0,0,,,0,0,,
RECLAIM-V2-001160,C00088,RETRY_ALL,0,0,,,0,0,,
RECLAIM-V2-001161,C00452,RETRY_ALL,0,0,,,0,0,,
RECLAIM-V2-001162,C00681,RETRY_ALL,0,0,,,0,0,,
RECLAIM-V2-001163,C00655,RETRY_ALL,0,0,,,0,0,,
RECLAIM-V2-001164,C00318,RETRY_ALL,0,0,,,0,0,,
RECLAIM-V2-001165,C00350,RETRY_ALL,0,0,,,0,0,,
RECLAIM-V2-001166,C00874,RETRY_ALL,0,0,,,0,0,,
RECLAIM-V2-001167,C00764,TARGET,1,0,,,0,0,,
RECLAIM-V2-001168,C00180,RETRY_ALL,0,0,,,0,0,,
RECLAIM-V2-001169,C00978,RETRY_ALL,0,0,,,0,0,,
RECLAIM-V2-001170,C00069,RETRY_ALL,0,0,,,0,0,,
RECLAIM-V2-001171,C00488,RETRY_ALL,0,0,,,0,0,,
RECLAIM-V2-001172,C00380,RETRY_ALL,0,0,,,0,0,,
RECLAIM-V2-001173,C00279,RETRY_ALL,0,0,,,0,0,,
RECLAIM-V2-001174,C00448,RETRY_ALL,0,0,,,0,0,,
RECLAIM-V2-001175,C00174,RETRY_ALL,0,0,,,0,0,,
RECLAIM-V2-001176,C00234,RETRY_ALL,0,0,,,0,0,,
RECLAIM-V2-001177,C00571,RETRY_ALL,0,0,,,0,0,,
RECLAIM-V2-001178,C00353,RETRY_ALL,0,0,,,0,0,,
RECLAIM-V2-001179,C00795,RETRY_ALL,0,0,,,0,0,,
RECLAIM-V2-001180,C00201,RETRY_ALL,0,0,,,0,0,,
RECLAIM-V2-001181,C00179,RETRY_ALL,0,0,,,0,0,,
RECLAIM-V2-001182,C00493,RETRY_ALL,0,0,,,0,0,,
RECLAIM-V2-001183,C00187,TARGET,1,0,,,0,0,,
RECLAIM-V2-001184,C00613,RETRY_ALL,0,0,,,0,0,,
RECLAIM-V2-001185,C00587,RETRY_ALL,0,0,,,0,0,,
RECLAIM-V2-001186,C00361,RETRY_ALL,0,0,,,0,0,,
RECLAIM-V2-001187,C00049,RETRY_ALL,0,0,,,0,0,,
RECLAIM-V2-001188,C00138,RETRY_ALL,0,0,,,0,0,,
RECLAIM-V2-001189,C00192,RETRY_ALL,0,0,,,0,0,,
RECLAIM-V2-001190,C00874,RETRY_ALL,0,0,,,0,0,,
RECLAIM-V2-001191,C00275,RETRY_ALL,0,0,,,0,0,,
RECLAIM-V2-001192,C00080,TARGET,1,0,,,0,0,,
RECLAIM-V2-001193,C00702,RETRY_ALL,0,0,,,0,0,,
RECLAIM-V2-001194,C00015,TARGET,1,0,,,0,0,,
RECLAIM-V2-001195,C00478,RETRY_ALL,0,0,,,0,0,,
RECLAIM-V2-001196,C00826,RETRY_ALL,0,0,,,0,0,,
RECLAIM-V2-001197,C00429,RETRY_ALL,0,0,,,0,0,,
RECLAIM-V2-001198,C00936,RETRY_ALL,0,0,,,0,0,,
RECLAIM-V2-001199,C00449,RETRY_ALL,0,0,,,0,0,,
RECLAIM-V2-001200,C00205,RETRY_ALL,0,0,,,0,0,,
RECLAIM-V2-001201,C00551,RETRY_ALL,0,0,,,0,0,,
RECLAIM-V2-001202,C00199,RETRY_ALL,0,0,,,0,0,,
RECLAIM-V2-001203,C00875,RETRY_ALL,0,0,,,0,0,,
RECLAIM-V2-001204,C00461,RETRY_ALL,0,0,,,0,0,,
RECLAIM-V2-001205,C00414,RETRY_ALL,0,0,,,0,0,,
RECLAIM-V2-001206,C00655,RETRY_ALL,0,0,,,0,0,,
RECLAIM-V2-001207,C00140,TARGET,1,0,,,0,0,,
RECLAIM-V2-001208,C00069,RETRY_ALL,0,0,,,0,0,,
RECLAIM-V2-001209,C00173,RETRY_ALL,0,0,,,0,0,,
RECLAIM-V2-001210,C00391,RETRY_ALL,0,0,,,0,0,,
RECLAIM-V2-001211,C00595,RETRY_ALL,0,0,,,0,0,,
RECLAIM-V2-001212,C00185,RETRY_ALL,0,0,,,0,0,,
RECLAIM-V2-001213,C00671,RETRY_ALL,0,0,,,0,0,,
RECLAIM-V2-001214,C00429,RETRY_ALL,0,0,,,0,0,,
RECLAIM-V2-001215,C00680,RETRY_ALL,0,0,,,0,0,,
RECLAIM-V2-001216,C00542,RETRY_ALL,0,0,,,0,0,,
RECLAIM-V2-001217,C00961,RETRY_ALL,0,0,,,0,0,,
RECLAIM-V2-001218,C00056,RETRY_ALL,0,0,,,0,0,,
RECLAIM-V2-001219,C00627,RETRY_ALL,0,0,,,0,0,,
RECLAIM-V2-001220,C00783,RETRY_ALL,0,0,,,0,0,,
RECLAIM-V2-001221,C00810,RETRY_ALL,0,0,,,0,0,,
RECLAIM-V2-001222,C00987,RETRY_ALL,0,0,,,0,0,,
RECLAIM-V2-001223,C00315,RETRY_ALL,0,0,,,0,0,,
RECLAIM-V2-001224,C00459,TARGET,1,0,,,0,0,,
RECLAIM-V2-001225,C00981,RETRY_ALL,0,0,,,0,0,,
RECLAIM-V2-001226,C00872,RETRY_ALL,0,0,,,0,0,,
RECLAIM-V2-001227,C00278,RETRY_ALL,0,0,,,0,0,,
RECLAIM-V2-001228,C00003,RETRY_ALL,0,0,,,0,0,,
RECLAIM-V2-001229,C00410,TARGET,1,0,,,0,0,,
RECLAIM-V2-001230,C00635,RETRY_ALL,0,0,,,0,0,,
RECLAIM-V2-001231,C00266,RETRY_ALL,0,0,,,0,0,,
RECLAIM-V2-001232,C00828,RETRY_ALL,0,0,,,0,0,,
RECLAIM-V2-001233,C00427,RETRY_ALL,0,0,,,0,0,,
RECLAIM-V2-001234,C00614,RETRY_ALL,0,0,,,0,0,,
RECLAIM-V2-001235,C00401,RETRY_ALL,0,0,,,0,0,,
RECLAIM-V2-001236,C00758,RETRY_ALL,0,0,,,0,0,,
RECLAIM-V2-001237,C00174,RETRY_ALL,0,0,,,0,0,,
RECLAIM-V2-001238,C00089,RETRY_ALL,0,0,,,0,0,,
RECLAIM-V2-001239,C00525,RETRY_ALL,0,0,,,0,0,,
RECLAIM-V2-001240,C00170,RETRY_ALL,0,0,,,0,0,,
RECLAIM-V2-001241,C00492,RETRY_ALL,0,0,,,0,0,,
RECLAIM-V2-001242,C00601,RETRY_ALL,0,0,,,0,0,,
RECLAIM-V2-001243,C00145,RETRY_ALL,0,0,,,0,0,,
RECLAIM-V2-001244,C00391,RETRY_ALL,0,0,,,0,0,,
RECLAIM-V2-001245,C00015,TARGET,1,0,,,0,0,,
RECLAIM-V2-001246,C00841,RETRY_ALL,0,0,,,0,0,,
RECLAIM-V2-001247,C00298,RETRY_ALL,0,0,,,0,0,,
RECLAIM-V2-001248,C00525,RETRY_ALL,0,0,,,0,0,,
RECLAIM-V2-001249,C00173,RETRY_ALL,0,0,,,0,0,,
RECLAIM-V2-001250,C00551,RETRY_ALL,0,0,,,0,0,,
RECLAIM-V2-001251,C00249,RETRY_ALL,0,0,,,0,0,,
RECLAIM-V2-001252,C00525,RETRY_ALL,0,0,,,0,0,,
RECLAIM-V2-001253,C00834,RETRY_ALL,0,0,,,0,0,,
RECLAIM-V2-001254,C00196,RETRY_ALL,0,0,,,0,0,,
RECLAIM-V2-001255,C00416,RETRY_ALL,0,0,,,0,0,,
RECLAIM-V2-001256,C00909,RETRY_ALL,0,0,,,0,0,,
RECLAIM-V2-001257,C00493,RETRY_ALL,0,0,,,0,0,,
RECLAIM-V2-001258,C00395,RETRY_ALL,0,0,,,0,0,,
RECLAIM-V2-001259,C00551,RETRY_ALL,0,0,,,0,0,,
RECLAIM-V2-001260,C00278,RETRY_ALL,0,0,,,0,0,,
RECLAIM-V2-001261,C00450,RETRY_ALL,0,0,,,0,0,,
RECLAIM-V2-001262,C00659,RETRY_ALL,0,0,,,0,0,,
RECLAIM-V2-001263,C00797,RETRY_ALL,0,0,,,0,0,,
RECLAIM-V2-001264,C00347,RETRY_ALL,0,0,,,0,0,,
RECLAIM-V2-001265,C00751,RETRY_ALL,0,0,,,0,0,,
RECLAIM-V2-001266,C00463,RETRY_ALL,0,0,,,0,0,,
RECLAIM-V2-001267,C00734,RETRY_ALL,0,0,,,0,0,,
RECLAIM-V2-001268,C00828,RETRY_ALL,0,0,,,0,0,,
RECLAIM-V2-001269,C00037,RETRY_ALL,0,0,,,0,0,,
RECLAIM-V2-001270,C00323,RETRY_ALL,0,0,,,0,0,,
RECLAIM-V2-001271,C00500,RETRY_ALL,0,0,,,0,0,,
RECLAIM-V2-001272,C00927,RETRY_ALL,0,0,,,0,0,,
RECLAIM-V2-001273,C00985,RETRY_ALL,0,0,,,0,0,,
RECLAIM-V2-001274,C00246,RETRY_ALL,0,0,,,0,0,,
RECLAIM-V2-001275,C00842,RETRY_ALL,0,0,,,0,0,,
RECLAIM-V2-001276,C00986,RETRY_ALL,0,0,,,0,0,,
RECLAIM-V2-001277,C00056,RETRY_ALL,0,0,,,0,0,,
RECLAIM-V2-001278,C00512,RETRY_ALL,0,0,,,0,0,,
RECLAIM-V2-001279,C00525,RETRY_ALL,0,0,,,0,0,,
RECLAIM-V2-001280,C00863,RETRY_ALL,0,0,,,0,0,,
RECLAIM-V2-001281,C00727,RETRY_ALL,0,0,,,0,0,,
RECLAIM-V2-001282,C00931,RETRY_ALL,0,0,,,0,0,,
RECLAIM-V2-001283,C00145,RETRY_ALL,0,0,,,0,0,,
RECLAIM-V2-001284,C00086,RETRY_ALL,0,0,,,0,0,,
RECLAIM-V2-001285,C00673,RETRY_ALL,0,0,,,0,0,,
RECLAIM-V2-001286,C00339,RETRY_ALL,0,0,,,0,0,,
RECLAIM-V2-001287,C00108,RETRY_ALL,0,0,,,0,0,,
RECLAIM-V2-001288,C00825,RETRY_ALL,0,0,,,0,0,,
RECLAIM-V2-001289,C00110,RETRY_ALL,0,0,,,0,0,,
RECLAIM-V2-001290,C00702,RETRY_ALL,0,0,,,0,0,,
RECLAIM-V2-001291,C00493,RETRY_ALL,0,0,,,0,0,,
RECLAIM-V2-001292,C00619,RETRY_ALL,0,0,,,0,0,,
RECLAIM-V2-001293,C00945,RETRY_ALL,0,0,,,0,0,,
RECLAIM-V2-001294,C00927,RETRY_ALL,0,0,,,0,0,,
RECLAIM-V2-001295,C00246,RETRY_ALL,0,0,,,0,0,,
RECLAIM-V2-001296,C00418,RETRY_ALL,0,0,,,0,0,,
RECLAIM-V2-001297,C00816,RETRY_ALL,0,0,,,0,0,,
RECLAIM-V2-001298,C00551,RETRY_ALL,0,0,,,0,0,,
RECLAIM-V2-001299,C00064,RETRY_ALL,0,0,,,0,0,,
RECLAIM-V2-001300,C00448,RETRY_ALL,0,0,,,0,0,,
RECLAIM-V2-001301,C00493,RETRY_ALL,0,0,,,0,0,,
RECLAIM-V2-001302,C00495,RETRY_ALL,0,0,,,0,0,,
RECLAIM-V2-001303,C00480,RETRY_ALL,0,0,,,0,0,,
RECLAIM-V2-001304,C00936,RETRY_ALL,0,0,,,0,0,,
RECLAIM-V2-001305,C00911,RETRY_ALL,0,0,,,0,0,,
RECLAIM-V2-001306,C00222,RETRY_ALL,0,0,,,0,0,,
RECLAIM-V2-001307,C00304,RETRY_ALL,0,0,,,0,0,,
RECLAIM-V2-001308,C00058,RETRY_ALL,0,0,,,0,0,,
RECLAIM-V2-001309,C00159,RETRY_ALL,0,0,,,0,0,,
RECLAIM-V2-001310,C00987,RETRY_ALL,0,0,,,0,0,,
RECLAIM-V2-001311,C00542,RETRY_ALL,0,0,,,0,0,,
RECLAIM-V2-001312,C00339,RETRY_ALL,0,0,,,0,0,,
RECLAIM-V2-001313,C00669,RETRY_ALL,0,0,,,0,0,,
RECLAIM-V2-001314,C00764,RETRY_ALL,0,0,,,0,0,,
RECLAIM-V2-001315,C00024,RETRY_ALL,0,0,,,0,0,,
RECLAIM-V2-001316,C00404,TARGET,1,0,,,0,0,,
RECLAIM-V2-001317,C00855,RETRY_ALL,0,0,,,0,0,,
RECLAIM-V2-001318,C00124,RETRY_ALL,0,0,,,0,0,,
RECLAIM-V2-001319,C00345,RETRY_ALL,0,0,,,0,0,,
RECLAIM-V2-001320,C00604,RETRY_ALL,0,0,,,0,0,,
RECLAIM-V2-001321,C00649,RETRY_ALL,0,0,,,0,0,,
RECLAIM-V2-001322,C00485,RETRY_ALL,0,0,,,0,0,,
RECLAIM-V2-001323,C00614,RETRY_ALL,0,0,,,0,0,,
RECLAIM-V2-001324,C00318,RETRY_ALL,0,0,,,0,0,,
RECLAIM-V2-001325,C00478,RETRY_ALL,0,0,,,0,0,,
RECLAIM-V2-001326,C00168,RETRY_ALL,0,0,,,0,0,,
RECLAIM-V2-001327,C00107,RETRY_ALL,0,0,,,0,0,,
RECLAIM-V2-001328,C00129,RETRY_ALL,0,0,,,0,0,,
RECLAIM-V2-001329,C00512,RETRY_ALL,0,0,,,0,0,,
RECLAIM-V2-001330,C00886,RETRY_ALL,0,0,,,0,0,,
RECLAIM-V2-001331,C00053,RETRY_ALL,0,0,,,0,0,,
RECLAIM-V2-001332,C00746,RETRY_ALL,0,0,,,0,0,,
RECLAIM-V2-001333,C00469,RETRY_ALL,0,0,,,0,0,,
RECLAIM-V2-001334,C00476,RETRY_ALL,0,0,,,0,0,,
RECLAIM-V2-001335,C00655,RETRY_ALL,0,0,,,0,0,,
RECLAIM-V2-001336,C00779,RETRY_ALL,0,0,,,0,0,,
RECLAIM-V2-001337,C00380,RETRY_ALL,0,0,,,0,0,,
RECLAIM-V2-001338,C00426,RETRY_ALL,0,0,,,0,0,,
RECLAIM-V2-001339,C00155,TARGET,1,0,,,0,0,,
RECLAIM-V2-001340,C00226,RETRY_ALL,0,0,,,0,0,,
RECLAIM-V2-001341,C00053,RETRY_ALL,0,0,,,0,0,,
RECLAIM-V2-001342,C00054,RETRY_ALL,0,0,,,0,0,,
RECLAIM-V2-001343,C00153,RETRY_ALL,0,0,,,0,0,,
RECLAIM-V2-001344,C00275,RETRY_ALL,0,0,,,0,0,,
RECLAIM-V2-001345,C00086,RETRY_ALL,0,0,,,0,0,,
RECLAIM-V2-001346,C00005,RETRY_ALL,0,0,,,0,0,,
RECLAIM-V2-001347,C00512,RETRY_ALL,0,0,,,0,0,,
RECLAIM-V2-001348,C00779,RETRY_ALL,0,0,,,0,0,,
RECLAIM-V2-001349,C00270,RETRY_ALL,0,0,,,0,0,,
RECLAIM-V2-001350,C00395,RETRY_ALL,0,0,,,0,0,,
RECLAIM-V2-001351,C00980,RETRY_ALL,0,0,,,0,0,,
RECLAIM-V2-001352,C00157,RETRY_ALL,0,0,,,0,0,,
RECLAIM-V2-001353,C00347,RETRY_ALL,0,0,,,0,0,,
RECLAIM-V2-001354,C00708,RETRY_ALL,0,0,,,0,0,,
RECLAIM-V2-001355,C00563,RETRY_ALL,0,0,,,0,0,,
RECLAIM-V2-001356,C00201,RETRY_ALL,0,0,,,0,0,,
RECLAIM-V2-001357,C00525,RETRY_ALL,0,0,,,0,0,,
RECLAIM-V2-001358,C00107,RETRY_ALL,0,0,,,0,0,,
RECLAIM-V2-001359,C00886,RETRY_ALL,0,0,,,0,0,,
RECLAIM-V2-001360,C00179,RETRY_ALL,0,0,,,0,0,,
RECLAIM-V2-001361,C00819,TARGET,1,0,,,0,0,,
RECLAIM-V2-001362,C00139,RETRY_ALL,0,0,,,0,0,,
RECLAIM-V2-001363,C00664,RETRY_ALL,0,0,,,0,0,,
RECLAIM-V2-001364,C00347,RETRY_ALL,0,0,,,0,0,,
RECLAIM-V2-001365,C00601,RETRY_ALL,0,0,,,0,0,,
RECLAIM-V2-001366,C00421,RETRY_ALL,0,0,,,0,0,,
RECLAIM-V2-001367,C00361,RETRY_ALL,0,0,,,0,0,,
RECLAIM-V2-001368,C00380,RETRY_ALL,0,0,,,0,0,,
RECLAIM-V2-001369,C00985,RETRY_ALL,0,0,,,0,0,,
RECLAIM-V2-001370,C00072,RETRY_ALL,0,0,,,0,0,,
RECLAIM-V2-001371,C00015,TARGET,1,0,,,0,0,,
RECLAIM-V2-001372,C00758,RETRY_ALL,0,0,,,0,0,,
RECLAIM-V2-001373,C00058,RETRY_ALL,0,0,,,0,0,,
RECLAIM-V2-001374,C00140,TARGET,1,0,,,0,0,,
RECLAIM-V2-001375,C00855,RETRY_ALL,0,0,,,0,0,,
RECLAIM-V2-001376,C00863,RETRY_ALL,0,0,,,0,0,,
RECLAIM-V2-001377,C00460,RETRY_ALL,0,0,,,0,0,,
RECLAIM-V2-001378,C00173,RETRY_ALL,0,0,,,0,0,,
RECLAIM-V2-001379,C00069,RETRY_ALL,0,0,,,0,0,,
RECLAIM-V2-001380,C00485,RETRY_ALL,0,0,,,0,0,,
RECLAIM-V2-001381,C00205,RETRY_ALL,0,0,,,0,0,,
RECLAIM-V2-001382,C00734,RETRY_ALL,0,0,,,0,0,,
RECLAIM-V2-001383,C00969,RETRY_ALL,0,0,,,0,0,,
RECLAIM-V2-001384,C00828,RETRY_ALL,0,0,,,0,0,,
RECLAIM-V2-001385,C00372,RETRY_ALL,0,0,,,0,0,,
RECLAIM-V2-001386,C00005,RETRY_ALL,0,0,,,0,0,,
RECLAIM-V2-001387,C00518,RETRY_ALL,0,0,,,0,0,,
RECLAIM-V2-001388,C00446,RETRY_ALL,0,0,,,0,0,,
RECLAIM-V2-001389,C00138,RETRY_ALL,0,0,,,0,0,,
RECLAIM-V2-001390,C00601,RETRY_ALL,0,0,,,0,0,,
RECLAIM-V2-001391,C00770,RETRY_ALL,0,0,,,0,0,,
RECLAIM-V2-001392,C00053,RETRY_ALL,0,0,,,0,0,,
RECLAIM-V2-001393,C00918,RETRY_ALL,0,0,,,0,0,,
RECLAIM-V2-001394,C00909,RETRY_ALL,0,0,,,0,0,,
RECLAIM-V2-001395,C00451,RETRY_ALL,0,0,,,0,0,,
RECLAIM-V2-001396,C00118,RETRY_ALL,0,0,,,0,0,,
RECLAIM-V2-001397,C00977,RETRY_ALL,0,0,,,0,0,,
RECLAIM-V2-001398,C00401,RETRY_ALL,0,0,,,0,0,,
RECLAIM-V2-001399,C00936,RETRY_ALL,0,0,,,0,0,,
RECLAIM-V2-001400,C00246,RETRY_ALL,0,0,,,0,0,,
RECLAIM-V2-001401,C00140,RETRY_ALL,0,0,,,0,0,,
RECLAIM-V2-001402,C00826,RETRY_ALL,0,0,,,0,0,,
RECLAIM-V2-001403,C00103,RETRY_ALL,0,0,,,0,0,,
RECLAIM-V2-001404,C00680,RETRY_ALL,0,0,,,0,0,,
RECLAIM-V2-001405,C00803,RETRY_ALL,0,0,,,0,0,,
RECLAIM-V2-001406,C00005,TARGET,1,0,,,0,0,,
RECLAIM-V2-001407,C00221,RETRY_ALL,0,0,,,0,0,,
RECLAIM-V2-001408,C00969,RETRY_ALL,0,0,,,0,0,,
RECLAIM-V2-001409,C00460,RETRY_ALL,0,0,,,0,0,,
RECLAIM-V2-001410,C00823,RETRY_ALL,0,0,,,0,0,,
RECLAIM-V2-001411,C00834,RETRY_ALL,0,0,,,0,0,,
RECLAIM-V2-001412,C00457,RETRY_ALL,0,0,,,0,0,,
RECLAIM-V2-001413,C00683,RETRY_ALL,0,0,,,0,0,,
RECLAIM-V2-001414,C00086,RETRY_ALL,0,0,,,0,0,,
RECLAIM-V2-001415,C00015,RETRY_ALL,0,0,,,0,0,,
RECLAIM-V2-001416,C00619,RETRY_ALL,0,0,,,0,0,,
RECLAIM-V2-001417,C00758,RETRY_ALL,0,0,,,0,0,,
RECLAIM-V2-001418,C00123,RETRY_ALL,0,0,,,0,0,,
RECLAIM-V2-001419,C00413,RETRY_ALL,0,0,,,0,0,,
RECLAIM-V2-001420,C00826,RETRY_ALL,0,0,,,0,0,,
RECLAIM-V2-001421,C00324,RETRY_ALL,0,0,,,0,0,,
RECLAIM-V2-001422,C00746,RETRY_ALL,0,0,,,0,0,,
RECLAIM-V2-001423,C00395,RETRY_ALL,0,0,,,0,0,,
RECLAIM-V2-001424,C00361,RETRY_ALL,0,0,,,0,0,,
RECLAIM-V2-001425,C00354,RETRY_ALL,0,0,,,0,0,,
RECLAIM-V2-001426,C00842,RETRY_ALL,0,0,,,0,0,,
RECLAIM-V2-001427,C00709,RETRY_ALL,0,0,,,0,0,,
RECLAIM-V2-001428,C00764,RETRY_ALL,0,0,,,0,0,,
RECLAIM-V2-001429,C00347,RETRY_ALL,0,0,,,0,0,,
RECLAIM-V2-001430,C00739,RETRY_ALL,0,0,,,0,0,,
RECLAIM-V2-001431,C00783,RETRY_ALL,0,0,,,0,0,,
RECLAIM-V2-001432,C00610,RETRY_ALL,0,0,,,0,0,,
RECLAIM-V2-001433,C00961,RETRY_ALL,0,0,,,0,0,,
RECLAIM-V2-001434,C00441,RETRY_ALL,0,0,,,0,0,,
RECLAIM-V2-001435,C00727,RETRY_ALL,0,0,,,0,0,,
RECLAIM-V2-001436,C00107,RETRY_ALL,0,0,,,0,0,,
RECLAIM-V2-001437,C00931,RETRY_ALL,0,0,,,0,0,,
RECLAIM-V2-001438,C00986,RETRY_ALL,0,0,,,0,0,,
RECLAIM-V2-001439,C00997,RETRY_ALL,0,0,,,0,0,,
RECLAIM-V2-001440,C00145,RETRY_ALL,0,0,,,0,0,,
RECLAIM-V2-001441,C00551,RETRY_ALL,0,0,,,0,0,,
RECLAIM-V2-001442,C00616,RETRY_ALL,0,0,,,0,0,,
RECLAIM-V2-001443,C00842,RETRY_ALL,0,0,,,0,0,,
RECLAIM-V2-001444,C00122,RETRY_ALL,0,0,,,0,0,,
RECLAIM-V2-001445,C00354,RETRY_ALL,0,0,,,0,0,,
RECLAIM-V2-001446,C00904,RETRY_ALL,0,0,,,0,0,,
RECLAIM-V2-001447,C00614,RETRY_ALL,0,0,,,0,0,,
RECLAIM-V2-001448,C00101,RETRY_ALL,0,0,,,0,0,,
RECLAIM-V2-001449,C00461,TARGET,1,0,,,0,0,,
RECLAIM-V2-001450,C00971,RETRY_ALL,0,0,,,0,0,,
RECLAIM-V2-001451,C00534,RETRY_ALL,0,0,,,0,0,,
RECLAIM-V2-001452,C00908,RETRY_ALL,0,0,,,0,0,,
RECLAIM-V2-001453,C00452,RETRY_ALL,0,0,,,0,0,,
RECLAIM-V2-001454,C00352,RETRY_ALL,0,0,,,0,0,,
RECLAIM-V2-001455,C00372,RETRY_ALL,0,0,,,0,0,,
RECLAIM-V2-001456,C00463,RETRY_ALL,0,0,,,0,0,,
RECLAIM-V2-001457,C00107,RETRY_ALL,0,0,,,0,0,,
RECLAIM-V2-001458,C00664,RETRY_ALL,0,0,,,0,0,,
RECLAIM-V2-001459,C00803,RETRY_ALL,0,0,,,0,0,,
RECLAIM-V2-001460,C00966,RETRY_ALL,0,0,,,0,0,,
RECLAIM-V2-001461,C00921,RETRY_ALL,0,0,,,0,0,,
RECLAIM-V2-001462,C00611,RETRY_ALL,0,0,,,0,0,,
RECLAIM-V2-001463,C00352,RETRY_ALL,0,0,,,0,0,,
RECLAIM-V2-001464,C00565,RETRY_ALL,0,0,,,0,0,,
RECLAIM-V2-001465,C00032,RETRY_ALL,0,0,,,0,0,,
RECLAIM-V2-001466,C00469,RETRY_ALL,0,0,,,0,0,,
RECLAIM-V2-001467,C00158,RETRY_ALL,0,0,,,0,0,,
RECLAIM-V2-001468,C00491,RETRY_ALL,0,0,,,0,0,,
RECLAIM-V2-001469,C00226,RETRY_ALL,0,0,,,0,0,,
RECLAIM-V2-001470,C00550,TARGET,1,0,,,0,0,,
RECLAIM-V2-001471,C00227,RETRY_ALL,0,0,,,0,0,,
RECLAIM-V2-001472,C00073,RETRY_ALL,0,0,,,0,0,,
RECLAIM-V2-001473,C00343,RETRY_ALL,0,0,,,0,0,,
RECLAIM-V2-001474,C00196,RETRY_ALL,0,0,,,0,0,,
RECLAIM-V2-001475,C00418,RETRY_ALL,0,0,,,0,0,,
RECLAIM-V2-001476,C00324,RETRY_ALL,0,0,,,0,0,,
RECLAIM-V2-001477,C00395,RETRY_ALL,0,0,,,0,0,,
RECLAIM-V2-001478,C00886,RETRY_ALL,0,0,,,0,0,,
RECLAIM-V2-001479,C00324,RETRY_ALL,0,0,,,0,0,,
RECLAIM-V2-001480,C00595,RETRY_ALL,0,0,,,0,0,,
RECLAIM-V2-001481,C00045,RETRY_ALL,0,0,,,0,0,,
RECLAIM-V2-001482,C00391,RETRY_ALL,0,0,,,0,0,,
RECLAIM-V2-001483,C00979,RETRY_ALL,0,0,,,0,0,,
RECLAIM-V2-001484,C00094,RETRY_ALL,0,0,,,0,0,,
RECLAIM-V2-001485,C00476,RETRY_ALL,0,0,,,0,0,,
RECLAIM-V2-001486,C00401,RETRY_ALL,0,0,,,0,0,,
RECLAIM-V2-001487,C00080,TARGET,1,0,,,0,0,,
RECLAIM-V2-001488,C00049,RETRY_ALL,0,0,,,0,0,,
RECLAIM-V2-001489,C00347,RETRY_ALL,0,0,,,0,0,,
RECLAIM-V2-001490,C00469,RETRY_ALL,0,0,,,0,0,,
RECLAIM-V2-001491,C00718,RETRY_ALL,0,0,,,0,0,,
RECLAIM-V2-001492,C00999,RETRY_ALL,0,0,,,0,0,,
RECLAIM-V2-001493,C00945,RETRY_ALL,0,0,,,0,0,,
RECLAIM-V2-001494,C00841,RETRY_ALL,0,0,,,0,0,,
RECLAIM-V2-001495,C00361,RETRY_ALL,0,0,,,0,0,,
RECLAIM-V2-001496,C00238,RETRY_ALL,0,0,,,0,0,,
RECLAIM-V2-001497,C00747,RETRY_ALL,0,0,,,0,0,,
RECLAIM-V2-001498,C00611,RETRY_ALL,0,0,,,0,0,,
RECLAIM-V2-001499,C00073,RETRY_ALL,0,0,,,0,0,,
RECLAIM-V2-001500,C00234,RETRY_ALL,0,0,,,0,0,,
RECLAIM-V2-001501,C00395,RETRY_ALL,0,0,,,0,0,,
RECLAIM-V2-001502,C00736,RETRY_ALL,0,0,,,0,0,,
RECLAIM-V2-001503,C00096,RETRY_ALL,0,0,,,0,0,,
RECLAIM-V2-001504,C00643,RETRY_ALL,0,0,,,0,0,,
RECLAIM-V2-001505,C00585,RETRY_ALL,0,0,,,0,0,,
RECLAIM-V2-001506,C00325,RETRY_ALL,0,0,,,0,0,,
RECLAIM-V2-001507,C00907,RETRY_ALL,0,0,,,0,0,,
RECLAIM-V2-001508,C00102,RETRY_ALL,0,0,,,0,0,,
RECLAIM-V2-001509,C00228,RETRY_ALL,0,0,,,0,0,,
RECLAIM-V2-001510,C00037,RETRY_ALL,0,0,,,0,0,,
RECLAIM-V2-001511,C00426,RETRY_ALL,0,0,,,0,0,,
RECLAIM-V2-001512,C00179,RETRY_ALL,0,0,,,0,0,,
RECLAIM-V2-001513,C00586,RETRY_ALL,0,0,,,0,0,,
RECLAIM-V2-001514,C00980,RETRY_ALL,0,0,,,0,0,,
RECLAIM-V2-001515,C00347,RETRY_ALL,0,0,,,0,0,,
RECLAIM-V2-001516,C00053,RETRY_ALL,0,0,,,0,0,,
RECLAIM-V2-001517,C00929,RETRY_ALL,0,0,,,0,0,,
RECLAIM-V2-001518,C00709,RETRY_ALL,0,0,,,0,0,,
RECLAIM-V2-001519,C00435,RETRY_ALL,0,0,,,0,0,,
RECLAIM-V2-001520,C00971,RETRY_ALL,0,0,,,0,0,,
RECLAIM-V2-001521,C00762,RETRY_ALL,0,0,,,0,0,,
RECLAIM-V2-001522,C00683,RETRY_ALL,0,0,,,0,0,,
RECLAIM-V2-001523,C00461,TARGET,1,0,,,0,0,,
RECLAIM-V2-001524,C00936,RETRY_ALL,0,0,,,0,0,,
RECLAIM-V2-001525,C00816,RETRY_ALL,0,0,,,0,0,,
RECLAIM-V2-001526,C00466,RETRY_ALL,0,0,,,0,0,,
RECLAIM-V2-001527,C00460,RETRY_ALL,0,0,,,0,0,,
RECLAIM-V2-001528,C00296,RETRY_ALL,0,0,,,0,0,,
RECLAIM-V2-001529,C00295,RETRY_ALL,0,0,,,0,0,,
RECLAIM-V2-001530,C00426,RETRY_ALL,0,0,,,0,0,,
RECLAIM-V2-001531,C00677,RETRY_ALL,0,0,,,0,0,,
RECLAIM-V2-001532,C00110,RETRY_ALL,0,0,,,0,0,,
RECLAIM-V2-001533,C00037,RETRY_ALL,0,0,,,0,0,,
RECLAIM-V2-001534,C00243,RETRY_ALL,0,0,,,0,0,,
RECLAIM-V2-001535,C00795,RETRY_ALL,0,0,,,0,0,,
RECLAIM-V2-001536,C00097,RETRY_ALL,0,0,,,0,0,,
RECLAIM-V2-001537,C00611,RETRY_ALL,0,0,,,0,0,,
RECLAIM-V2-001538,C00117,RETRY_ALL,0,0,,,0,0,,
RECLAIM-V2-001539,C00906,RETRY_ALL,0,0,,,0,0,,
RECLAIM-V2-001540,C00266,RETRY_ALL,0,0,,,0,0,,
RECLAIM-V2-001541,C00427,RETRY_ALL,0,0,,,0,0,,
RECLAIM-V2-001542,C00669,RETRY_ALL,0,0,,,0,0,,
RECLAIM-V2-001543,C00918,RETRY_ALL,0,0,,,0,0,,
RECLAIM-V2-001544,C00270,RETRY_ALL,0,0,,,0,0,,
RECLAIM-V2-001545,C00193,RETRY_ALL,0,0,,,0,0,,
RECLAIM-V2-001546,C00384,RETRY_ALL,0,0,,,0,0,,
RECLAIM-V2-001547,C00189,RETRY_ALL,0,0,,,0,0,,
RECLAIM-V2-001548,C00906,RETRY_ALL,0,0,,,0,0,,
RECLAIM-V2-001549,C00210,RETRY_ALL,0,0,,,0,0,,
RECLAIM-V2-001550,C00659,RETRY_ALL,0,0,,,0,0,,
RECLAIM-V2-001551,C00542,RETRY_ALL,0,0,,,0,0,,
RECLAIM-V2-001552,C00999,RETRY_ALL,0,0,,,0,0,,
RECLAIM-V2-001553,C00234,RETRY_ALL,0,0,,,0,0,,
RECLAIM-V2-001554,C00479,RETRY_ALL,0,0,,,0,0,,
RECLAIM-V2-001555,C00089,RETRY_ALL,0,0,,,0,0,,
RECLAIM-V2-001556,C00935,TARGET,1,0,,,0,0,,
RECLAIM-V2-001557,C00525,RETRY_ALL,0,0,,,0,0,,
RECLAIM-V2-001558,C00780,RETRY_ALL,0,0,,,0,0,,
RECLAIM-V2-001559,C00696,RETRY_ALL,0,0,,,0,0,,
RECLAIM-V2-001560,C00851,RETRY_ALL,0,0,,,0,0,,
RECLAIM-V2-001561,C00884,TARGET,1,0,,,0,0,,
RECLAIM-V2-001562,C00565,RETRY_ALL,0,0,,,0,0,,
RECLAIM-V2-001563,C00315,RETRY_ALL,0,0,,,0,0,,
RECLAIM-V2-001564,C00088,RETRY_ALL,0,0,,,0,0,,
RECLAIM-V2-001565,C00094,RETRY_ALL,0,0,,,0,0,,
RECLAIM-V2-001566,C00216,TARGET,1,0,,,0,0,,
RECLAIM-V2-001567,C00779,RETRY_ALL,0,0,,,0,0,,
RECLAIM-V2-001568,C00847,RETRY_ALL,0,0,,,0,0,,
RECLAIM-V2-001569,C00450,RETRY_ALL,0,0,,,0,0,,
RECLAIM-V2-001570,C00196,RETRY_ALL,0,0,,,0,0,,
RECLAIM-V2-001571,C00906,RETRY_ALL,0,0,,,0,0,,
RECLAIM-V2-001572,C00147,RETRY_ALL,0,0,,,0,0,,
RECLAIM-V2-001573,C00978,RETRY_ALL,0,0,,,0,0,,
RECLAIM-V2-001574,C00304,RETRY_ALL,0,0,,,0,0,,
RECLAIM-V2-001575,C00404,TARGET,1,0,,,0,0,,
RECLAIM-V2-001576,C00361,RETRY_ALL,0,0,,,0,0,,
RECLAIM-V2-001577,C00954,RETRY_ALL,0,0,,,0,0,,
RECLAIM-V2-001578,C00680,RETRY_ALL,0,0,,,0,0,,
RECLAIM-V2-001579,C00517,RETRY_ALL,0,0,,,0,0,,
RECLAIM-V2-001580,C00655,RETRY_ALL,0,0,,,0,0,,
RECLAIM-V2-001581,C00159,RETRY_ALL,0,0,,,0,0,,
RECLAIM-V2-001582,C00929,RETRY_ALL,0,0,,,0,0,,
RECLAIM-V2-001583,C00107,RETRY_ALL,0,0,,,0,0,,
RECLAIM-V2-001584,C00599,RETRY_ALL,0,0,,,0,0,,
RECLAIM-V2-001585,C00418,RETRY_ALL,0,0,,,0,0,,
RECLAIM-V2-001586,C00521,RETRY_ALL,0,0,,,0,0,,
RECLAIM-V2-001587,C00999,RETRY_ALL,0,0,,,0,0,,
RECLAIM-V2-001588,C00004,RETRY_ALL,0,0,,,0,0,,
RECLAIM-V2-001589,C00971,RETRY_ALL,0,0,,,0,0,,
RECLAIM-V2-001590,C00054,TARGET,1,0,,,0,0,,
RECLAIM-V2-001591,C00819,TARGET,1,0,,,0,0,,
RECLAIM-V2-001592,C00809,RETRY_ALL,0,0,,,0,0,,
RECLAIM-V2-001593,C00929,RETRY_ALL,0,0,,,0,0,,
RECLAIM-V2-001594,C00994,RETRY_ALL,0,0,,,0,0,,
RECLAIM-V2-001595,C00295,RETRY_ALL,0,0,,,0,0,,
RECLAIM-V2-001596,C00147,RETRY_ALL,0,0,,,0,0,,
RECLAIM-V2-001597,C00897,RETRY_ALL,0,0,,,0,0,,
RECLAIM-V2-001598,C00707,RETRY_ALL,0,0,,,0,0,,
RECLAIM-V2-001599,C00622,RETRY_ALL,0,0,,,0,0,,
RECLAIM-V2-001600,C00089,RETRY_ALL,0,0,,,0,0,,
RECLAIM-V2-001601,C00138,RETRY_ALL,0,0,,,0,0,,
RECLAIM-V2-001602,C00005,RETRY_ALL,0,0,,,0,0,,
RECLAIM-V2-001603,C00049,RETRY_ALL,0,0,,,0,0,,
RECLAIM-V2-001604,C00736,RETRY_ALL,0,0,,,0,0,,
RECLAIM-V2-001605,C00969,RETRY_ALL,0,0,,,0,0,,
RECLAIM-V2-001606,C00980,RETRY_ALL,0,0,,,0,0,,
RECLAIM-V2-001607,C00749,RETRY_ALL,0,0,,,0,0,,
RECLAIM-V2-001608,C00718,RETRY_ALL,0,0,,,0,0,,
RECLAIM-V2-001609,C00945,RETRY_ALL,0,0,,,0,0,,
RECLAIM-V2-001610,C00517,RETRY_ALL,0,0,,,0,0,,
RECLAIM-V2-001611,C00698,RETRY_ALL,0,0,,,0,0,,
RECLAIM-V2-001612,C00122,RETRY_ALL,0,0,,,0,0,,
RECLAIM-V2-001613,C00789,RETRY_ALL,0,0,,,0,0,,
RECLAIM-V2-001614,C00124,RETRY_ALL,0,0,,,0,0,,
RECLAIM-V2-001615,C00991,RETRY_ALL,0,0,,,0,0,,
RECLAIM-V2-001616,C00365,RETRY_ALL,0,0,,,0,0,,
RECLAIM-V2-001617,C00187,TARGET,1,0,,,0,0,,
RECLAIM-V2-001618,C00612,RETRY_ALL,0,0,,,0,0,,
RECLAIM-V2-001619,C00232,RETRY_ALL,0,0,,,0,0,,
RECLAIM-V2-001620,C00889,RETRY_ALL,0,0,,,0,0,,
RECLAIM-V2-001621,C00360,RETRY_ALL,0,0,,,0,0,,
RECLAIM-V2-001622,C00166,RETRY_ALL,0,0,,,0,0,,
RECLAIM-V2-001623,C00577,RETRY_ALL,0,0,,,0,0,,
RECLAIM-V2-001624,C00131,RETRY_ALL,0,0,,,0,0,,
RECLAIM-V2-001625,C00547,RETRY_ALL,0,0,,,0,0,,
RECLAIM-V2-001626,C00054,TARGET,1,0,,,0,0,,
RECLAIM-V2-001627,C00129,RETRY_ALL,0,0,,,0,0,,
RECLAIM-V2-001628,C00945,RETRY_ALL,0,0,,,0,0,,
RECLAIM-V2-001629,C00594,RETRY_ALL,0,0,,,0,0,,
RECLAIM-V2-001630,C00018,RETRY_ALL,0,0,,,0,0,,
RECLAIM-V2-001631,C00594,RETRY_ALL,0,0,,,0,0,,
RECLAIM-V2-001632,C00427,RETRY_ALL,0,0,,,0,0,,
RECLAIM-V2-001633,C00410,TARGET,1,0,,,0,0,,
RECLAIM-V2-001634,C00005,RETRY_ALL,0,0,,,0,0,,
RECLAIM-V2-001635,C00296,RETRY_ALL,0,0,,,0,0,,
RECLAIM-V2-001636,C00908,RETRY_ALL,0,0,,,0,0,,
RECLAIM-V2-001637,C00131,RETRY_ALL,0,0,,,0,0,,
RECLAIM-V2-001638,C00353,RETRY_ALL,0,0,,,0,0,,
RECLAIM-V2-001639,C00674,RETRY_ALL,0,0,,,0,0,,
RECLAIM-V2-001640,C00214,RETRY_ALL,0,0,,,0,0,,
RECLAIM-V2-001641,C00452,RETRY_ALL,0,0,,,0,0,,
RECLAIM-V2-001642,C00418,RETRY_ALL,0,0,,,0,0,,
RECLAIM-V2-001643,C00646,RETRY_ALL,0,0,,,0,0,,
RECLAIM-V2-001644,C00611,RETRY_ALL,0,0,,,0,0,,
RECLAIM-V2-001645,C00563,RETRY_ALL,0,0,,,0,0,,
RECLAIM-V2-001646,C00517,RETRY_ALL,0,0,,,0,0,,
RECLAIM-V2-001647,C00840,RETRY_ALL,0,0,,,0,0,,
RECLAIM-V2-001648,C00461,RETRY_ALL,0,0,,,0,0,,
RECLAIM-V2-001649,C00816,RETRY_ALL,0,0,,,0,0,,
RECLAIM-V2-001650,C00117,RETRY_ALL,0,0,,,0,0,,
RECLAIM-V2-001651,C00138,TARGET,1,0,,,0,0,,
RECLAIM-V2-001652,C00380,RETRY_ALL,0,0,,,0,0,,
RECLAIM-V2-001653,C00123,RETRY_ALL,0,0,,,0,0,,
RECLAIM-V2-001654,C00156,RETRY_ALL,0,0,,,0,0,,
RECLAIM-V2-001655,C00110,RETRY_ALL,0,0,,,0,0,,
RECLAIM-V2-001656,C00182,RETRY_ALL,0,0,,,0,0,,
RECLAIM-V2-001657,C00977,RETRY_ALL,0,0,,,0,0,,
RECLAIM-V2-001658,C00321,RETRY_ALL,0,0,,,0,0,,
RECLAIM-V2-001659,C00318,RETRY_ALL,0,0,,,0,0,,
RECLAIM-V2-001660,C00298,RETRY_ALL,0,0,,,0,0,,
RECLAIM-V2-001661,C00096,RETRY_ALL,0,0,,,0,0,,
RECLAIM-V2-001662,C00977,RETRY_ALL,0,0,,,0,0,,
RECLAIM-V2-001663,C00659,RETRY_ALL,0,0,,,0,0,,
RECLAIM-V2-001664,C00542,RETRY_ALL,0,0,,,0,0,,
RECLAIM-V2-001665,C00886,RETRY_ALL,0,0,,,0,0,,
RECLAIM-V2-001666,C00086,RETRY_ALL,0,0,,,0,0,,
RECLAIM-V2-001667,C00585,RETRY_ALL,0,0,,,0,0,,
RECLAIM-V2-001668,C00918,RETRY_ALL,0,0,,,0,0,,
RECLAIM-V2-001669,C00096,RETRY_ALL,0,0,,,0,0,,
RECLAIM-V2-001670,C00170,RETRY_ALL,0,0,,,0,0,,
RECLAIM-V2-001671,C00450,RETRY_ALL,0,0,,,0,0,,
RECLAIM-V2-001672,C00929,RETRY_ALL,0,0,,,0,0,,
RECLAIM-V2-001673,C00495,RETRY_ALL,0,0,,,0,0,,
RECLAIM-V2-001674,C00216,TARGET,1,0,,,0,0,,
RECLAIM-V2-001675,C00874,RETRY_ALL,0,0,,,0,0,,
RECLAIM-V2-001676,C00713,RETRY_ALL,0,0,,,0,0,,
RECLAIM-V2-001677,C00352,RETRY_ALL,0,0,,,0,0,,
RECLAIM-V2-001678,C00361,RETRY_ALL,0,0,,,0,0,,
RECLAIM-V2-001679,C00266,RETRY_ALL,0,0,,,0,0,,
RECLAIM-V2-001680,C00981,RETRY_ALL,0,0,,,0,0,,
RECLAIM-V2-001681,C00971,RETRY_ALL,0,0,,,0,0,,
RECLAIM-V2-001682,C00425,RETRY_ALL,0,0,,,0,0,,
RECLAIM-V2-001683,C00973,RETRY_ALL,0,0,,,0,0,,
RECLAIM-V2-001684,C00347,RETRY_ALL,0,0,,,0,0,,
RECLAIM-V2-001685,C00261,RETRY_ALL,0,0,,,0,0,,
RECLAIM-V2-001686,C00739,RETRY_ALL,0,0,,,0,0,,
RECLAIM-V2-001687,C00971,RETRY_ALL,0,0,,,0,0,,
RECLAIM-V2-001688,C00597,RETRY_ALL,0,0,,,0,0,,
RECLAIM-V2-001689,C00783,RETRY_ALL,0,0,,,0,0,,
RECLAIM-V2-001690,C00736,RETRY_ALL,0,0,,,0,0,,
RECLAIM-V2-001691,C00045,RETRY_ALL,0,0,,,0,0,,
RECLAIM-V2-001692,C00604,RETRY_ALL,0,0,,,0,0,,
RECLAIM-V2-001693,C00166,RETRY_ALL,0,0,,,0,0,,
RECLAIM-V2-001694,C00820,RETRY_ALL,0,0,,,0,0,,
RECLAIM-V2-001695,C00816,RETRY_ALL,0,0,,,0,0,,
RECLAIM-V2-001696,C00718,RETRY_ALL,0,0,,,0,0,,
RECLAIM-V2-001697,C00180,RETRY_ALL,0,0,,,0,0,,
RECLAIM-V2-001698,C00502,TARGET,1,0,,,0,0,,
RECLAIM-V2-001699,C00441,RETRY_ALL,0,0,,,0,0,,
RECLAIM-V2-001700,C00384,RETRY_ALL,0,0,,,0,0,,
RECLAIM-V2-001701,C00712,RETRY_ALL,0,0,,,0,0,,
RECLAIM-V2-001702,C00056,RETRY_ALL,0,0,,,0,0,,
RECLAIM-V2-001703,C00525,RETRY_ALL,0,0,,,0,0,,
RECLAIM-V2-001704,C00779,RETRY_ALL,0,0,,,0,0,,
RECLAIM-V2-001705,C00445,RETRY_ALL,0,0,,,0,0,,
RECLAIM-V2-001706,C00113,RETRY_ALL,0,0,,,0,0,,
RECLAIM-V2-001707,C00930,RETRY_ALL,0,0,,,0,0,,
RECLAIM-V2-001708,C00129,RETRY_ALL,0,0,,,0,0,,
RECLAIM-V2-001709,C00889,RETRY_ALL,0,0,,,0,0,,
RECLAIM-V2-001710,C00185,RETRY_ALL,0,0,,,0,0,,
RECLAIM-V2-001711,C00220,RETRY_ALL,0,0,,,0,0,,
RECLAIM-V2-001712,C00174,RETRY_ALL,0,0,,,0,0,,
RECLAIM-V2-001713,C00005,RETRY_ALL,0,0,,,0,0,,
RECLAIM-V2-001714,C00674,RETRY_ALL,0,0,,,0,0,,
RECLAIM-V2-001715,C00345,RETRY_ALL,0,0,,,0,0,,
RECLAIM-V2-001716,C00611,RETRY_ALL,0,0,,,0,0,,
RECLAIM-V2-001717,C00012,RETRY_ALL,0,0,,,0,0,,
RECLAIM-V2-001718,C00863,RETRY_ALL,0,0,,,0,0,,
RECLAIM-V2-001719,C00909,RETRY_ALL,0,0,,,0,0,,
RECLAIM-V2-001720,C00826,RETRY_ALL,0,0,,,0,0,,
RECLAIM-V2-001721,C00131,RETRY_ALL,0,0,,,0,0,,
RECLAIM-V2-001722,C00783,RETRY_ALL,0,0,,,0,0,,
RECLAIM-V2-001723,C00062,RETRY_ALL,0,0,,,0,0,,
RECLAIM-V2-001724,C00695,RETRY_ALL,0,0,,,0,0,,
RECLAIM-V2-001725,C00899,RETRY_ALL,0,0,,,0,0,,
RECLAIM-V2-001726,C00070,RETRY_ALL,0,0,,,0,0,,
RECLAIM-V2-001727,C00999,RETRY_ALL,0,0,,,0,0,,
RECLAIM-V2-001728,C00619,RETRY_ALL,0,0,,,0,0,,
RECLAIM-V2-001729,C00452,RETRY_ALL,0,0,,,0,0,,
RECLAIM-V2-001730,C00664,RETRY_ALL,0,0,,,0,0,,
RECLAIM-V2-001731,C00185,RETRY_ALL,0,0,,,0,0,,
RECLAIM-V2-001732,C00014,RETRY_ALL,0,0,,,0,0,,
RECLAIM-V2-001733,C00361,RETRY_ALL,0,0,,,0,0,,
RECLAIM-V2-001734,C00015,RETRY_ALL,0,0,,,0,0,,
RECLAIM-V2-001735,C00624,RETRY_ALL,0,0,,,0,0,,
RECLAIM-V2-001736,C00550,TARGET,1,0,,,0,0,,
RECLAIM-V2-001737,C00487,RETRY_ALL,0,0,,,0,0,,
RECLAIM-V2-001738,C00222,RETRY_ALL,0,0,,,0,0,,
RECLAIM-V2-001739,C00670,RETRY_ALL,0,0,,,0,0,,
RECLAIM-V2-001740,C00295,RETRY_ALL,0,0,,,0,0,,
RECLAIM-V2-001741,C00874,RETRY_ALL,0,0,,,0,0,,
RECLAIM-V2-001742,C00795,RETRY_ALL,0,0,,,0,0,,
RECLAIM-V2-001743,C00931,RETRY_ALL,0,0,,,0,0,,
RECLAIM-V2-001744,C00180,RETRY_ALL,0,0,,,0,0,,
RECLAIM-V2-001745,C00525,RETRY_ALL,0,0,,,0,0,,
RECLAIM-V2-001746,C00173,RETRY_ALL,0,0,,,0,0,,
RECLAIM-V2-001747,C00108,RETRY_ALL,0,0,,,0,0,,
RECLAIM-V2-001748,C00482,RETRY_ALL,0,0,,,0,0,,
RECLAIM-V2-001749,C00437,RETRY_ALL,0,0,,,0,0,,
RECLAIM-V2-001750,C00189,RETRY_ALL,0,0,,,0,0,,
RECLAIM-V2-001751,C00244,RETRY_ALL,0,0,,,0,0,,
RECLAIM-V2-001752,C00414,RETRY_ALL,0,0,,,0,0,,
RECLAIM-V2-001753,C00855,RETRY_ALL,0,0,,,0,0,,
RECLAIM-V2-001754,C00908,RETRY_ALL,0,0,,,0,0,,
RECLAIM-V2-001755,C00384,RETRY_ALL,0,0,,,0,0,,
RECLAIM-V2-001756,C00780,RETRY_ALL,0,0,,,0,0,,
RECLAIM-V2-001757,C00555,RETRY_ALL,0,0,,,0,0,,
RECLAIM-V2-001758,C00004,RETRY_ALL,0,0,,,0,0,,
RECLAIM-V2-001759,C00999,RETRY_ALL,0,0,,,0,0,,
RECLAIM-V2-001760,C00449,RETRY_ALL,0,0,,,0,0,,
RECLAIM-V2-001761,C00534,RETRY_ALL,0,0,,,0,0,,
RECLAIM-V2-001762,C00919,RETRY_ALL,0,0,,,0,0,,
RECLAIM-V2-001763,C00942,RETRY_ALL,0,0,,,0,0,,
RECLAIM-V2-001764,C00005,RETRY_ALL,0,0,,,0,0,,
RECLAIM-V2-001765,C00317,RETRY_ALL,0,0,,,0,0,,
RECLAIM-V2-001766,C00635,RETRY_ALL,0,0,,,0,0,,
RECLAIM-V2-001767,C00918,RETRY_ALL,0,0,,,0,0,,
RECLAIM-V2-001768,C00795,RETRY_ALL,0,0,,,0,0,,
RECLAIM-V2-001769,C00495,RETRY_ALL,0,0,,,0,0,,
RECLAIM-V2-001770,C00492,RETRY_ALL,0,0,,,0,0,,
RECLAIM-V2-001771,C00321,RETRY_ALL,0,0,,,0,0,,
RECLAIM-V2-001772,C00339,RETRY_ALL,0,0,,,0,0,,
RECLAIM-V2-001773,C00089,RETRY_ALL,0,0,,,0,0,,
RECLAIM-V2-001774,C00446,RETRY_ALL,0,0,,,0,0,,
RECLAIM-V2-001775,C00109,RETRY_ALL,0,0,,,0,0,,
RECLAIM-V2-001776,C00708,RETRY_ALL,0,0,,,0,0,,
RECLAIM-V2-001777,C00872,RETRY_ALL,0,0,,,0,0,,
RECLAIM-V2-001778,C00463,RETRY_ALL,0,0,,,0,0,,
RECLAIM-V2-001779,C00266,RETRY_ALL,0,0,,,0,0,,
RECLAIM-V2-001780,C00431,RETRY_ALL,0,0,,,0,0,,
RECLAIM-V2-001781,C00347,RETRY_ALL,0,0,,,0,0,,
RECLAIM-V2-001782,C00493,RETRY_ALL,0,0,,,0,0,,
RECLAIM-V2-001783,C00673,RETRY_ALL,0,0,,,0,0,,
RECLAIM-V2-001784,C00384,RETRY_ALL,0,0,,,0,0,,
RECLAIM-V2-001785,C00170,RETRY_ALL,0,0,,,0,0,,
RECLAIM-V2-001786,C00388,RETRY_ALL,0,0,,,0,0,,
RECLAIM-V2-001787,C00790,RETRY_ALL,0,0,,,0,0,,
RECLAIM-V2-001788,C00469,RETRY_ALL,0,0,,,0,0,,
RECLAIM-V2-001789,C00604,RETRY_ALL,0,0,,,0,0,,
RECLAIM-V2-001790,C00664,RETRY_ALL,0,0,,,0,0,,
RECLAIM-V2-001791,C00512,RETRY_ALL,0,0,,,0,0,,
RECLAIM-V2-001792,C00758,RETRY_ALL,0,0,,,0,0,,
RECLAIM-V2-001793,C00551,RETRY_ALL,0,0,,,0,0,,
RECLAIM-V2-001794,C00886,RETRY_ALL,0,0,,,0,0,,
RECLAIM-V2-001795,C00173,RETRY_ALL,0,0,,,0,0,,
RECLAIM-V2-001796,C00460,RETRY_ALL,0,0,,,0,0,,
RECLAIM-V2-001797,C00190,RETRY_ALL,0,0,,,0,0,,
RECLAIM-V2-001798,C00450,RETRY_ALL,0,0,,,0,0,,
RECLAIM-V2-001799,C00537,RETRY_ALL,0,0,,,0,0,,
RECLAIM-V2-001800,C00780,RETRY_ALL,0,0,,,0,0,,
RECLAIM-V2-001801,C00265,RETRY_ALL,0,0,,,0,0,,
RECLAIM-V2-001802,C00296,RETRY_ALL,0,0,,,0,0,,
RECLAIM-V2-001803,C00380,RETRY_ALL,0,0,,,0,0,,
RECLAIM-V2-001804,C00569,RETRY_ALL,0,0,,,0,0,,
RECLAIM-V2-001805,C00886,RETRY_ALL,0,0,,,0,0,,
RECLAIM-V2-001806,C00069,RETRY_ALL,0,0,,,0,0,,
RECLAIM-V2-001807,C00485,RETRY_ALL,0,0,,,0,0,,
RECLAIM-V2-001808,C00608,RETRY_ALL,0,0,,,0,0,,
RECLAIM-V2-001809,C00260,RETRY_ALL,0,0,,,0,0,,
RECLAIM-V2-001810,C00179,RETRY_ALL,0,0,,,0,0,,
RECLAIM-V2-001811,C00459,TARGET,1,0,,,0,0,,
RECLAIM-V2-001812,C00904,RETRY_ALL,0,0,,,0,0,,
RECLAIM-V2-001813,C00625,RETRY_ALL,0,0,,,0,0,,
RECLAIM-V2-001814,C00107,RETRY_ALL,0,0,,,0,0,,
RECLAIM-V2-001815,C00789,RETRY_ALL,0,0,,,0,0,,
RECLAIM-V2-001816,C00232,RETRY_ALL,0,0,,,0,0,,
RECLAIM-V2-001817,C00585,RETRY_ALL,0,0,,,0,0,,
RECLAIM-V2-001818,C00819,TARGET,1,0,,,0,0,,
RECLAIM-V2-001819,C00156,RETRY_ALL,0,0,,,0,0,,
RECLAIM-V2-001820,C00886,RETRY_ALL,0,0,,,0,0,,
RECLAIM-V2-001821,C00012,RETRY_ALL,0,0,,,0,0,,
RECLAIM-V2-001822,C00938,RETRY_ALL,0,0,,,0,0,,
RECLAIM-V2-001823,C00964,RETRY_ALL,0,0,,,0,0,,
RECLAIM-V2-001824,C00519,RETRY_ALL,0,0,,,0,0,,
RECLAIM-V2-001825,C00373,RETRY_ALL,0,0,,,0,0,,
RECLAIM-V2-001826,C00586,RETRY_ALL,0,0,,,0,0,,
RECLAIM-V2-001827,C00241,RETRY_ALL,0,0,,,0,0,,
RECLAIM-V2-001828,C00718,RETRY_ALL,0,0,,,0,0,,
RECLAIM-V2-001829,C00981,RETRY_ALL,0,0,,,0,0,,
RECLAIM-V2-001830,C00254,TARGET,1,0,,,0,0,,
RECLAIM-V2-001831,C00384,RETRY_ALL,0,0,,,0,0,,
RECLAIM-V2-001832,C00834,RETRY_ALL,0,0,,,0,0,,
RECLAIM-V2-001833,C00108,RETRY_ALL,0,0,,,0,0,,
RECLAIM-V2-001834,C00345,RETRY_ALL,0,0,,,0,0,,
RECLAIM-V2-001835,C00138,RETRY_ALL,0,0,,,0,0,,
RECLAIM-V2-001836,C00469,RETRY_ALL,0,0,,,0,0,,
RECLAIM-V2-001837,C00179,RETRY_ALL,0,0,,,0,0,,
RECLAIM-V2-001838,C00512,RETRY_ALL,0,0,,,0,0,,
RECLAIM-V2-001839,C00649,RETRY_ALL,0,0,,,0,0,,
RECLAIM-V2-001840,C00441,RETRY_ALL,0,0,,,0,0,,
RECLAIM-V2-001841,C00107,RETRY_ALL,0,0,,,0,0,,
RECLAIM-V2-001842,C00708,RETRY_ALL,0,0,,,0,0,,
RECLAIM-V2-001843,C00528,RETRY_ALL,0,0,,,0,0,,
RECLAIM-V2-001844,C00906,RETRY_ALL,0,0,,,0,0,,
RECLAIM-V2-001845,C00795,RETRY_ALL,0,0,,,0,0,,
RECLAIM-V2-001846,C00187,TARGET,1,0,,,0,0,,
RECLAIM-V2-001847,C00851,RETRY_ALL,0,0,,,0,0,,
RECLAIM-V2-001848,C00598,RETRY_ALL,0,0,,,0,0,,
RECLAIM-V2-001849,C00126,RETRY_ALL,0,0,,,0,0,,
RECLAIM-V2-001850,C00577,RETRY_ALL,0,0,,,0,0,,
RECLAIM-V2-001851,C00136,RETRY_ALL,0,0,,,0,0,,
RECLAIM-V2-001852,C00005,RETRY_ALL,0,0,,,0,0,,
RECLAIM-V2-001853,C00945,RETRY_ALL,0,0,,,0,0,,
RECLAIM-V2-001854,C00112,RETRY_ALL,0,0,,,0,0,,
RECLAIM-V2-001855,C00122,RETRY_ALL,0,0,,,0,0,,
RECLAIM-V2-001856,C00158,RETRY_ALL,0,0,,,0,0,,
RECLAIM-V2-001857,C00779,RETRY_ALL,0,0,,,0,0,,
RECLAIM-V2-001858,C00241,RETRY_ALL,0,0,,,0,0,,
RECLAIM-V2-001859,C00354,RETRY_ALL,0,0,,,0,0,,
RECLAIM-V2-001860,C00254,TARGET,1,0,,,0,0,,
RECLAIM-V2-001861,C00244,RETRY_ALL,0,0,,,0,0,,
RECLAIM-V2-001862,C00747,RETRY_ALL,0,0,,,0,0,,
RECLAIM-V2-001863,C00348,RETRY_ALL,0,0,,,0,0,,
RECLAIM-V2-001864,C00043,RETRY_ALL,0,0,,,0,0,,
RECLAIM-V2-001865,C00351,RETRY_ALL,0,0,,,0,0,,
RECLAIM-V2-001866,C00413,RETRY_ALL,0,0,,,0,0,,
RECLAIM-V2-001867,C00809,RETRY_ALL,0,0,,,0,0,,
RECLAIM-V2-001868,C00232,RETRY_ALL,0,0,,,0,0,,
RECLAIM-V2-001869,C00320,RETRY_ALL,0,0,,,0,0,,
RECLAIM-V2-001870,C00906,RETRY_ALL,0,0,,,0,0,,
RECLAIM-V2-001871,C00999,RETRY_ALL,0,0,,,0,0,,
RECLAIM-V2-001872,C00463,RETRY_ALL,0,0,,,0,0,,
RECLAIM-V2-001873,C00347,RETRY_ALL,0,0,,,0,0,,
RECLAIM-V2-001874,C00347,RETRY_ALL,0,0,,,0,0,,
RECLAIM-V2-001875,C00432,RETRY_ALL,0,0,,,0,0,,
RECLAIM-V2-001876,C00551,RETRY_ALL,0,0,,,0,0,,
RECLAIM-V2-001877,C00935,TARGET,1,0,,,0,0,,
RECLAIM-V2-001878,C00574,RETRY_ALL,0,0,,,0,0,,
RECLAIM-V2-001879,C00010,RETRY_ALL,0,0,,,0,0,,
RECLAIM-V2-001880,C00497,RETRY_ALL,0,0,,,0,0,,
RECLAIM-V2-001881,C00034,RETRY_ALL,0,0,,,0,0,,
RECLAIM-V2-001882,C00518,RETRY_ALL,0,0,,,0,0,,
RECLAIM-V2-001883,C00955,RETRY_ALL,0,0,,,0,0,,
RECLAIM-V2-001884,C00907,RETRY_ALL,0,0,,,0,0,,
RECLAIM-V2-001885,C00155,TARGET,1,0,,,0,0,,
RECLAIM-V2-001886,C00649,RETRY_ALL,0,0,,,0,0,,
RECLAIM-V2-001887,C00570,RETRY_ALL,0,0,,,0,0,,
RECLAIM-V2-001888,C00842,RETRY_ALL,0,0,,,0,0,,
RECLAIM-V2-001889,C00816,RETRY_ALL,0,0,,,0,0,,
RECLAIM-V2-001890,C00727,RETRY_ALL,0,0,,,0,0,,
RECLAIM-V2-001891,C00832,RETRY_ALL,0,0,,,0,0,,
RECLAIM-V2-001892,C00492,RETRY_ALL,0,0,,,0,0,,
RECLAIM-V2-001893,C00746,RETRY_ALL,0,0,,,0,0,,
RECLAIM-V2-001894,C00497,RETRY_ALL,0,0,,,0,0,,
RECLAIM-V2-001895,C00653,RETRY_ALL,0,0,,,0,0,,
RECLAIM-V2-001896,C00045,RETRY_ALL,0,0,,,0,0,,
RECLAIM-V2-001897,C00991,RETRY_ALL,0,0,,,0,0,,
RECLAIM-V2-001898,C00426,RETRY_ALL,0,0,,,0,0,,
RECLAIM-V2-001899,C00395,RETRY_ALL,0,0,,,0,0,,
RECLAIM-V2-001900,C00595,RETRY_ALL,0,0,,,0,0,,
RECLAIM-V2-001901,C00354,RETRY_ALL,0,0,,,0,0,,
RECLAIM-V2-001902,C00795,RETRY_ALL,0,0,,,0,0,,
RECLAIM-V2-001903,C00999,RETRY_ALL,0,0,,,0,0,,
RECLAIM-V2-001904,C00482,RETRY_ALL,0,0,,,0,0,,
RECLAIM-V2-001905,C00344,RETRY_ALL,0,0,,,0,0,,
RECLAIM-V2-001906,C00673,RETRY_ALL,0,0,,,0,0,,
RECLAIM-V2-001907,C00677,RETRY_ALL,0,0,,,0,0,,
RECLAIM-V2-001908,C00842,RETRY_ALL,0,0,,,0,0,,
RECLAIM-V2-001909,C00649,RETRY_ALL,0,0,,,0,0,,
RECLAIM-V2-001910,C00012,RETRY_ALL,0,0,,,0,0,,
RECLAIM-V2-001911,C00469,RETRY_ALL,0,0,,,0,0,,
RECLAIM-V2-001912,C00049,RETRY_ALL,0,0,,,0,0,,
RECLAIM-V2-001913,C00361,RETRY_ALL,0,0,,,0,0,,
RECLAIM-V2-001914,C00664,RETRY_ALL,0,0,,,0,0,,
RECLAIM-V2-001915,C00438,RETRY_ALL,0,0,,,0,0,,
RECLAIM-V2-001916,C00323,RETRY_ALL,0,0,,,0,0,,
RECLAIM-V2-001917,C00404,TARGET,1,0,,,0,0,,
RECLAIM-V2-001918,C00413,RETRY_ALL,0,0,,,0,0,,
RECLAIM-V2-001919,C00201,RETRY_ALL,0,0,,,0,0,,
RECLAIM-V2-001920,C00138,TARGET,1,0,,,0,0,,
RECLAIM-V2-001921,C00378,RETRY_ALL,0,0,,,0,0,,
RECLAIM-V2-001922,C00971,RETRY_ALL,0,0,,,0,0,,
RECLAIM-V2-001923,C00485,RETRY_ALL,0,0,,,0,0,,
RECLAIM-V2-001924,C00614,RETRY_ALL,0,0,,,0,0,,
RECLAIM-V2-001925,C00590,RETRY_ALL,0,0,,,0,0,,
RECLAIM-V2-001926,C00384,RETRY_ALL,0,0,,,0,0,,
RECLAIM-V2-001927,C00973,RETRY_ALL,0,0,,,0,0,,
RECLAIM-V2-001928,C00433,RETRY_ALL,0,0,,,0,0,,
RECLAIM-V2-001929,C00373,RETRY_ALL,0,0,,,0,0,,
RECLAIM-V2-001930,C00024,RETRY_ALL,0,0,,,0,0,,
RECLAIM-V2-001931,C00395,RETRY_ALL,0,0,,,0,0,,
RECLAIM-V2-001932,C00401,RETRY_ALL,0,0,,,0,0,,
RECLAIM-V2-001933,C00795,RETRY_ALL,0,0,,,0,0,,
RECLAIM-V2-001934,C00414,RETRY_ALL,0,0,,,0,0,,
RECLAIM-V2-001935,C00012,RETRY_ALL,0,0,,,0,0,,
RECLAIM-V2-001936,C00942,RETRY_ALL,0,0,,,0,0,,
RECLAIM-V2-001937,C00043,RETRY_ALL,0,0,,,0,0,,
RECLAIM-V2-001938,C00232,RETRY_ALL,0,0,,,0,0,,
RECLAIM-V2-001939,C00249,RETRY_ALL,0,0,,,0,0,,
RECLAIM-V2-001940,C00201,RETRY_ALL,0,0,,,0,0,,
RECLAIM-V2-001941,C00512,RETRY_ALL,0,0,,,0,0,,
RECLAIM-V2-001942,C00622,RETRY_ALL,0,0,,,0,0,,
RECLAIM-V2-001943,C00293,RETRY_ALL,0,0,,,0,0,,
RECLAIM-V2-001944,C00586,RETRY_ALL,0,0,,,0,0,,
RECLAIM-V2-001945,C00315,RETRY_ALL,0,0,,,0,0,,
RECLAIM-V2-001946,C00817,RETRY_ALL,0,0,,,0,0,,
RECLAIM-V2-001947,C00655,RETRY_ALL,0,0,,,0,0,,
RECLAIM-V2-001948,C00855,RETRY_ALL,0,0,,,0,0,,
RECLAIM-V2-001949,C00597,RETRY_ALL,0,0,,,0,0,,
RECLAIM-V2-001950,C00687,RETRY_ALL,0,0,,,0,0,,
RECLAIM-V2-001951,C00695,RETRY_ALL,0,0,,,0,0,,
RECLAIM-V2-001952,C00676,RETRY_ALL,0,0,,,0,0,,
RECLAIM-V2-001953,C00347,RETRY_ALL,0,0,,,0,0,,
RECLAIM-V2-001954,C00323,RETRY_ALL,0,0,,,0,0,,
RECLAIM-V2-001955,C00809,RETRY_ALL,0,0,,,0,0,,
RECLAIM-V2-001956,C00899,RETRY_ALL,0,0,,,0,0,,
RECLAIM-V2-001957,C00024,RETRY_ALL,0,0,,,0,0,,
RECLAIM-V2-001958,C00291,RETRY_ALL,0,0,,,0,0,,
RECLAIM-V2-001959,C00427,RETRY_ALL,0,0,,,0,0,,
RECLAIM-V2-001960,C00182,RETRY_ALL,0,0,,,0,0,,
RECLAIM-V2-001961,C00551,RETRY_ALL,0,0,,,0,0,,
RECLAIM-V2-001962,C00598,RETRY_ALL,0,0,,,0,0,,
RECLAIM-V2-001963,C00445,RETRY_ALL,0,0,,,0,0,,
RECLAIM-V2-001964,C00360,RETRY_ALL,0,0,,,0,0,,
RECLAIM-V2-001965,C00395,RETRY_ALL,0,0,,,0,0,,
RECLAIM-V2-001966,C00214,RETRY_ALL,0,0,,,0,0,,
RECLAIM-V2-001967,C00234,RETRY_ALL,0,0,,,0,0,,
RECLAIM-V2-001968,C00764,TARGET,1,0,,,0,0,,
RECLAIM-V2-001969,C00319,RETRY_ALL,0,0,,,0,0,,
RECLAIM-V2-001970,C00230,RETRY_ALL,0,0,,,0,0,,
RECLAIM-V2-001971,C00449,RETRY_ALL,0,0,,,0,0,,
RECLAIM-V2-001972,C00840,RETRY_ALL,0,0,,,0,0,,
RECLAIM-V2-001973,C00220,RETRY_ALL,0,0,,,0,0,,
RECLAIM-V2-001974,C00096,RETRY_ALL,0,0,,,0,0,,
RECLAIM-V2-001975,C00097,RETRY_ALL,0,0,,,0,0,,
RECLAIM-V2-001976,C00214,RETRY_ALL,0,0,,,0,0,,
RECLAIM-V2-001977,C00249,RETRY_ALL,0,0,,,0,0,,
RECLAIM-V2-001978,C00062,RETRY_ALL,0,0,,,0,0,,
RECLAIM-V2-001979,C00945,RETRY_ALL,0,0,,,0,0,,
RECLAIM-V2-001980,C00565,RETRY_ALL,0,0,,,0,0,,
RECLAIM-V2-001981,C00655,RETRY_ALL,0,0,,,0,0,,
RECLAIM-V2-001982,C00129,RETRY_ALL,0,0,,,0,0,,
RECLAIM-V2-001983,C00918,RETRY_ALL,0,0,,,0,0,,
RECLAIM-V2-001984,C00927,RETRY_ALL,0,0,,,0,0,,
RECLAIM-V2-001985,C00365,RETRY_ALL,0,0,,,0,0,,
RECLAIM-V2-001986,C00664,RETRY_ALL,0,0,,,0,0,,
RECLAIM-V2-001987,C00497,RETRY_ALL,0,0,,,0,0,,
RECLAIM-V2-001988,C00921,RETRY_ALL,0,0,,,0,0,,
RECLAIM-V2-001989,C00426,RETRY_ALL,0,0,,,0,0,,
RECLAIM-V2-001990,C00427,RETRY_ALL,0,0,,,0,0,,
RECLAIM-V2-001991,C00005,RETRY_ALL,0,0,,,0,0,,
RECLAIM-V2-001992,C00981,RETRY_ALL,0,0,,,0,0,,
RECLAIM-V2-001993,C00163,RETRY_ALL,0,0,,,0,0,,
RECLAIM-V2-001994,C00394,RETRY_ALL,0,0,,,0,0,,
RECLAIM-V2-001995,C00538,RETRY_ALL,0,0,,,0,0,,
RECLAIM-V2-001996,C00102,RETRY_ALL,0,0,,,0,0,,
RECLAIM-V2-001997,C00232,RETRY_ALL,0,0,,,0,0,,
RECLAIM-V2-001998,C00353,RETRY_ALL,0,0,,,0,0,,
RECLAIM-V2-001999,C00708,RETRY_ALL,0,0,,,0,0,,
RECLAIM-V2-002000,C00525,RETRY_ALL,0,0,,,0,0,,
RECLAIM-V2-002001,C00655,RETRY_ALL,0,0,,,0,0,,
RECLAIM-V2-002002,C00789,RETRY_ALL,0,0,,,0,0,,
RECLAIM-V2-002003,C00457,RETRY_ALL,0,0,,,0,0,,
RECLAIM-V2-002004,C00145,RETRY_ALL,0,0,,,0,0,,
RECLAIM-V2-002005,C00681,RETRY_ALL,0,0,,,0,0,,
RECLAIM-V2-002006,C00043,RETRY_ALL,0,0,,,0,0,,
RECLAIM-V2-002007,C00482,RETRY_ALL,0,0,,,0,0,,
RECLAIM-V2-002008,C00619,RETRY_ALL,0,0,,,0,0,,
RECLAIM-V2-002009,C00820,RETRY_ALL,0,0,,,0,0,,
RECLAIM-V2-002010,C00246,RETRY_ALL,0,0,,,0,0,,
RECLAIM-V2-002011,C00734,RETRY_ALL,0,0,,,0,0,,
RECLAIM-V2-002012,C00461,TARGET,1,0,,,0,0,,
RECLAIM-V2-002013,C00783,RETRY_ALL,0,0,,,0,0,,
RECLAIM-V2-002014,C00395,RETRY_ALL,0,0,,,0,0,,
RECLAIM-V2-002015,C00003,RETRY_ALL,0,0,,,0,0,,
RECLAIM-V2-002016,C00345,RETRY_ALL,0,0,,,0,0,,
RECLAIM-V2-002017,C00018,RETRY_ALL,0,0,,,0,0,,
RECLAIM-V2-002018,C00495,RETRY_ALL,0,0,,,0,0,,
RECLAIM-V2-002019,C00911,RETRY_ALL,0,0,,,0,0,,
RECLAIM-V2-002020,C00157,RETRY_ALL,0,0,,,0,0,,
RECLAIM-V2-002021,C00563,RETRY_ALL,0,0,,,0,0,,
RECLAIM-V2-002022,C00698,RETRY_ALL,0,0,,,0,0,,
RECLAIM-V2-002023,C00022,RETRY_ALL,0,0,,,0,0,,
RECLAIM-V2-002024,C00673,RETRY_ALL,0,0,,,0,0,,
RECLAIM-V2-002025,C00461,TARGET,1,0,,,0,0,,
RECLAIM-V2-002026,C00360,RETRY_ALL,0,0,,,0,0,,
RECLAIM-V2-002027,C00780,RETRY_ALL,0,0,,,0,0,,
RECLAIM-V2-002028,C00709,RETRY_ALL,0,0,,,0,0,,
RECLAIM-V2-002029,C00368,RETRY_ALL,0,0,,,0,0,,
RECLAIM-V2-002030,C00733,RETRY_ALL,0,0,,,0,0,,
RECLAIM-V2-002031,C00919,RETRY_ALL,0,0,,,0,0,,
RECLAIM-V2-002032,C00555,RETRY_ALL,0,0,,,0,0,,
RECLAIM-V2-002033,C00395,RETRY_ALL,0,0,,,0,0,,
RECLAIM-V2-002034,C00180,RETRY_ALL,0,0,,,0,0,,
RECLAIM-V2-002035,C00450,RETRY_ALL,0,0,,,0,0,,
RECLAIM-V2-002036,C00437,RETRY_ALL,0,0,,,0,0,,
RECLAIM-V2-002037,C00908,RETRY_ALL,0,0,,,0,0,,
RECLAIM-V2-002038,C00227,RETRY_ALL,0,0,,,0,0,,
RECLAIM-V2-002039,C00872,RETRY_ALL,0,0,,,0,0,,
RECLAIM-V2-002040,C00005,TARGET,1,0,,,0,0,,
RECLAIM-V2-002041,C00199,RETRY_ALL,0,0,,,0,0,,
RECLAIM-V2-002042,C00320,RETRY_ALL,0,0,,,0,0,,
RECLAIM-V2-002043,C00943,RETRY_ALL,0,0,,,0,0,,
RECLAIM-V2-002044,C00450,RETRY_ALL,0,0,,,0,0,,
RECLAIM-V2-002045,C00238,RETRY_ALL,0,0,,,0,0,,
RECLAIM-V2-002046,C00642,RETRY_ALL,0,0,,,0,0,,
RECLAIM-V2-002047,C00275,RETRY_ALL,0,0,,,0,0,,
RECLAIM-V2-002048,C00842,RETRY_ALL,0,0,,,0,0,,
RECLAIM-V2-002049,C00241,RETRY_ALL,0,0,,,0,0,,
RECLAIM-V2-002050,C00931,RETRY_ALL,0,0,,,0,0,,
RECLAIM-V2-002051,C00931,RETRY_ALL,0,0,,,0,0,,
RECLAIM-V2-002052,C00906,RETRY_ALL,0,0,,,0,0,,
RECLAIM-V2-002053,C00747,RETRY_ALL,0,0,,,0,0,,
RECLAIM-V2-002054,C00373,RETRY_ALL,0,0,,,0,0,,
RECLAIM-V2-002055,C00502,RETRY_ALL,0,0,,,0,0,,
RECLAIM-V2-002056,C00318,RETRY_ALL,0,0,,,0,0,,
RECLAIM-V2-002057,C00122,RETRY_ALL,0,0,,,0,0,,
RECLAIM-V2-002058,C00886,RETRY_ALL,0,0,,,0,0,,
RECLAIM-V2-002059,C00270,RETRY_ALL,0,0,,,0,0,,
RECLAIM-V2-002060,C00516,RETRY_ALL,0,0,,,0,0,,
RECLAIM-V2-002061,C00096,RETRY_ALL,0,0,,,0,0,,
RECLAIM-V2-002062,C00452,RETRY_ALL,0,0,,,0,0,,
RECLAIM-V2-002063,C00153,RETRY_ALL,0,0,,,0,0,,
RECLAIM-V2-002064,C00384,RETRY_ALL,0,0,,,0,0,,
RECLAIM-V2-002065,C00971,RETRY_ALL,0,0,,,0,0,,
RECLAIM-V2-002066,C00988,RETRY_ALL,0,0,,,0,0,,
RECLAIM-V2-002067,C00542,RETRY_ALL,0,0,,,0,0,,
RECLAIM-V2-002068,C00527,RETRY_ALL,0,0,,,0,0,,
RECLAIM-V2-002069,C00449,RETRY_ALL,0,0,,,0,0,,
RECLAIM-V2-002070,C00450,RETRY_ALL,0,0,,,0,0,,
RECLAIM-V2-002071,C00585,RETRY_ALL,0,0,,,0,0,,
RECLAIM-V2-002072,C00487,RETRY_ALL,0,0,,,0,0,,
RECLAIM-V2-002073,C00315,RETRY_ALL,0,0,,,0,0,,
RECLAIM-V2-002074,C00448,RETRY_ALL,0,0,,,0,0,,
RECLAIM-V2-002075,C00980,RETRY_ALL,0,0,,,0,0,,
RECLAIM-V2-002076,C00287,RETRY_ALL,0,0,,,0,0,,
RECLAIM-V2-002077,C00790,RETRY_ALL,0,0,,,0,0,,
RECLAIM-V2-002078,C00182,RETRY_ALL,0,0,,,0,0,,
RECLAIM-V2-002079,C00158,RETRY_ALL,0,0,,,0,0,,
RECLAIM-V2-002080,C00089,RETRY_ALL,0,0,,,0,0,,
RECLAIM-V2-002081,C00413,RETRY_ALL,0,0,,,0,0,,
RECLAIM-V2-002082,C00669,RETRY_ALL,0,0,,,0,0,,
RECLAIM-V2-002083,C00727,RETRY_ALL,0,0,,,0,0,,
RECLAIM-V2-002084,C00126,RETRY_ALL,0,0,,,0,0,,
RECLAIM-V2-002085,C00897,RETRY_ALL,0,0,,,0,0,,
RECLAIM-V2-002086,C00999,RETRY_ALL,0,0,,,0,0,,
RECLAIM-V2-002087,C00921,RETRY_ALL,0,0,,,0,0,,
RECLAIM-V2-002088,C00973,RETRY_ALL,0,0,,,0,0,,
RECLAIM-V2-002089,C00524,RETRY_ALL,0,0,,,0,0,,
RECLAIM-V2-002090,C00674,RETRY_ALL,0,0,,,0,0,,
RECLAIM-V2-002091,C00659,RETRY_ALL,0,0,,,0,0,,
RECLAIM-V2-002092,C00241,RETRY_ALL,0,0,,,0,0,,
RECLAIM-V2-002093,C00987,RETRY_ALL,0,0,,,0,0,,
RECLAIM-V2-002094,C00935,TARGET,1,0,,,0,0,,
RECLAIM-V2-002095,C00687,RETRY_ALL,0,0,,,0,0,,
RECLAIM-V2-002096,C00746,RETRY_ALL,0,0,,,0,0,,
RECLAIM-V2-002097,C00450,RETRY_ALL,0,0,,,0,0,,
RECLAIM-V2-002098,C00516,RETRY_ALL,0,0,,,0,0,,
RECLAIM-V2-002099,C00096,RETRY_ALL,0,0,,,0,0,,
RECLAIM-V2-002100,C00683,RETRY_ALL,0,0,,,0,0,,
RECLAIM-V2-002101,C00110,RETRY_ALL,0,0,,,0,0,,
RECLAIM-V2-002102,C00988,RETRY_ALL,0,0,,,0,0,,
RECLAIM-V2-002103,C00517,RETRY_ALL,0,0,,,0,0,,
RECLAIM-V2-002104,C00278,RETRY_ALL,0,0,,,0,0,,
RECLAIM-V2-002105,C00542,RETRY_ALL,0,0,,,0,0,,
RECLAIM-V2-002106,C00821,RETRY_ALL,0,0,,,0,0,,
RECLAIM-V2-002107,C00138,RETRY_ALL,0,0,,,0,0,,
RECLAIM-V2-002108,C00687,RETRY_ALL,0,0,,,0,0,,
RECLAIM-V2-002109,C00673,RETRY_ALL,0,0,,,0,0,,
RECLAIM-V2-002110,C00307,RETRY_ALL,0,0,,,0,0,,
RECLAIM-V2-002111,C00132,RETRY_ALL,0,0,,,0,0,,
RECLAIM-V2-002112,C00497,RETRY_ALL,0,0,,,0,0,,
RECLAIM-V2-002113,C00110,RETRY_ALL,0,0,,,0,0,,
RECLAIM-V2-002114,C00527,RETRY_ALL,0,0,,,0,0,,
RECLAIM-V2-002115,C00611,RETRY_ALL,0,0,,,0,0,,
RECLAIM-V2-002116,C00649,RETRY_ALL,0,0,,,0,0,,
RECLAIM-V2-002117,C00817,RETRY_ALL,0,0,,,0,0,,
RECLAIM-V2-002118,C00287,RETRY_ALL,0,0,,,0,0,,
RECLAIM-V2-002119,C00646,RETRY_ALL,0,0,,,0,0,,
RECLAIM-V2-002120,C00790,RETRY_ALL,0,0,,,0,0,,
RECLAIM-V2-002121,C00020,RETRY_ALL,0,0,,,0,0,,
RECLAIM-V2-002122,C00502,TARGET,1,0,,,0,0,,
RECLAIM-V2-002123,C00542,RETRY_ALL,0,0,,,0,0,,
RECLAIM-V2-002124,C00502,TARGET,1,0,,,0,0,,
RECLAIM-V2-002125,C00943,RETRY_ALL,0,0,,,0,0,,
RECLAIM-V2-002126,C00146,RETRY_ALL,0,0,,,0,0,,
RECLAIM-V2-002127,C00318,RETRY_ALL,0,0,,,0,0,,
RECLAIM-V2-002128,C00487,RETRY_ALL,0,0,,,0,0,,
RECLAIM-V2-002129,C00713,RETRY_ALL,0,0,,,0,0,,
RECLAIM-V2-002130,C00158,RETRY_ALL,0,0,,,0,0,,
RECLAIM-V2-002131,C00179,RETRY_ALL,0,0,,,0,0,,
RECLAIM-V2-002132,C00244,RETRY_ALL,0,0,,,0,0,,
RECLAIM-V2-002133,C00244,RETRY_ALL,0,0,,,0,0,,
RECLAIM-V2-002134,C00819,TARGET,1,0,,,0,0,,
RECLAIM-V2-002135,C00999,RETRY_ALL,0,0,,,0,0,,
RECLAIM-V2-002136,C00186,RETRY_ALL,0,0,,,0,0,,
RECLAIM-V2-002137,C00378,RETRY_ALL,0,0,,,0,0,,
RECLAIM-V2-002138,C00899,RETRY_ALL,0,0,,,0,0,,
RECLAIM-V2-002139,C00718,RETRY_ALL,0,0,,,0,0,,
RECLAIM-V2-002140,C00613,RETRY_ALL,0,0,,,0,0,,
RECLAIM-V2-002141,C00404,TARGET,1,0,,,0,0,,
RECLAIM-V2-002142,C00319,RETRY_ALL,0,0,,,0,0,,
RECLAIM-V2-002143,C00053,RETRY_ALL,0,0,,,0,0,,
RECLAIM-V2-002144,C00053,RETRY_ALL,0,0,,,0,0,,
RECLAIM-V2-002145,C00461,TARGET,1,0,,,0,0,,
RECLAIM-V2-002146,C00978,RETRY_ALL,0,0,,,0,0,,
RECLAIM-V2-002147,C00807,RETRY_ALL,0,0,,,0,0,,
RECLAIM-V2-002148,C00394,RETRY_ALL,0,0,,,0,0,,
RECLAIM-V2-002149,C00663,TARGET,1,0,,,0,0,,
RECLAIM-V2-002150,C00819,TARGET,1,0,,,0,0,,
RECLAIM-V2-002151,C00487,RETRY_ALL,0,0,,,0,0,,
RECLAIM-V2-002152,C00485,RETRY_ALL,0,0,,,0,0,,
RECLAIM-V2-002153,C00054,TARGET,1,0,,,0,0,,
RECLAIM-V2-002154,C00608,RETRY_ALL,0,0,,,0,0,,
RECLAIM-V2-002155,C00404,TARGET,1,0,,,0,0,,
RECLAIM-V2-002156,C00157,RETRY_ALL,0,0,,,0,0,,
RECLAIM-V2-002157,C00601,RETRY_ALL,0,0,,,0,0,,
RECLAIM-V2-002158,C00834,RETRY_ALL,0,0,,,0,0,,
RECLAIM-V2-002159,C00713,RETRY_ALL,0,0,,,0,0,,
RECLAIM-V2-002160,C00287,RETRY_ALL,0,0,,,0,0,,
RECLAIM-V2-002161,C00727,RETRY_ALL,0,0,,,0,0,,
RECLAIM-V2-002162,C00630,RETRY_ALL,0,0,,,0,0,,
RECLAIM-V2-002163,C00425,RETRY_ALL,0,0,,,0,0,,
RECLAIM-V2-002164,C00816,RETRY_ALL,0,0,,,0,0,,
RECLAIM-V2-002165,C00884,TARGET,1,0,,,0,0,,
RECLAIM-V2-002166,C00431,RETRY_ALL,0,0,,,0,0,,
RECLAIM-V2-002167,C00131,RETRY_ALL,0,0,,,0,0,,
RECLAIM-V2-002168,C00170,RETRY_ALL,0,0,,,0,0,,
RECLAIM-V2-002169,C00942,RETRY_ALL,0,0,,,0,0,,
RECLAIM-V2-002170,C00265,RETRY_ALL,0,0,,,0,0,,
RECLAIM-V2-002171,C00317,RETRY_ALL,0,0,,,0,0,,
RECLAIM-V2-002172,C00538,RETRY_ALL,0,0,,,0,0,,
RECLAIM-V2-002173,C00921,RETRY_ALL,0,0,,,0,0,,
RECLAIM-V2-002174,C00584,RETRY_ALL,0,0,,,0,0,,
RECLAIM-V2-002175,C00185,RETRY_ALL,0,0,,,0,0,,
RECLAIM-V2-002176,C00816,RETRY_ALL,0,0,,,0,0,,
RECLAIM-V2-002177,C00469,RETRY_ALL,0,0,,,0,0,,
RECLAIM-V2-002178,C00874,RETRY_ALL,0,0,,,0,0,,
RECLAIM-V2-002179,C00643,RETRY_ALL,0,0,,,0,0,,
RECLAIM-V2-002180,C00653,RETRY_ALL,0,0,,,0,0,,
RECLAIM-V2-002181,C00138,RETRY_ALL,0,0,,,0,0,,
RECLAIM-V2-002182,C00904,RETRY_ALL,0,0,,,0,0,,
RECLAIM-V2-002183,C00089,RETRY_ALL,0,0,,,0,0,,
RECLAIM-V2-002184,C00608,RETRY_ALL,0,0,,,0,0,,
RECLAIM-V2-002185,C00780,RETRY_ALL,0,0,,,0,0,,
RECLAIM-V2-002186,C00249,RETRY_ALL,0,0,,,0,0,,
RECLAIM-V2-002187,C00595,RETRY_ALL,0,0,,,0,0,,
RECLAIM-V2-002188,C00008,RETRY_ALL,0,0,,,0,0,,
RECLAIM-V2-002189,C00005,RETRY_ALL,0,0,,,0,0,,
RECLAIM-V2-002190,C00551,RETRY_ALL,0,0,,,0,0,,
RECLAIM-V2-002191,C00795,RETRY_ALL,0,0,,,0,0,,
RECLAIM-V2-002192,C00899,RETRY_ALL,0,0,,,0,0,,
RECLAIM-V2-002193,C00096,RETRY_ALL,0,0,,,0,0,,
RECLAIM-V2-002194,C00807,RETRY_ALL,0,0,,,0,0,,
RECLAIM-V2-002195,C00373,RETRY_ALL,0,0,,,0,0,,
RECLAIM-V2-002196,C00378,RETRY_ALL,0,0,,,0,0,,
RECLAIM-V2-002197,C00289,RETRY_ALL,0,0,,,0,0,,
RECLAIM-V2-002198,C00663,TARGET,1,0,,,0,0,,
RECLAIM-V2-002199,C00122,RETRY_ALL,0,0,,,0,0,,
RECLAIM-V2-002200,C00988,RETRY_ALL,0,0,,,0,0,,
RECLAIM-V2-002201,C00985,RETRY_ALL,0,0,,,0,0,,
RECLAIM-V2-002202,C00466,RETRY_ALL,0,0,,,0,0,,
RECLAIM-V2-002203,C00727,RETRY_ALL,0,0,,,0,0,,
RECLAIM-V2-002204,C00780,RETRY_ALL,0,0,,,0,0,,
RECLAIM-V2-002205,C00287,RETRY_ALL,0,0,,,0,0,,
RECLAIM-V2-002206,C00841,RETRY_ALL,0,0,,,0,0,,
RECLAIM-V2-002207,C00307,RETRY_ALL,0,0,,,0,0,,
RECLAIM-V2-002208,C00392,RETRY_ALL,0,0,,,0,0,,
RECLAIM-V2-002209,C00053,RETRY_ALL,0,0,,,0,0,,
RECLAIM-V2-002210,C00108,RETRY_ALL,0,0,,,0,0,,
RECLAIM-V2-002211,C00819,TARGET,1,0,,,0,0,,
RECLAIM-V2-002212,C00268,RETRY_ALL,0,0,,,0,0,,
RECLAIM-V2-002213,C00122,RETRY_ALL,0,0,,,0,0,,
RECLAIM-V2-002214,C00435,RETRY_ALL,0,0,,,0,0,,
RECLAIM-V2-002215,C00803,RETRY_ALL,0,0,,,0,0,,
RECLAIM-V2-002216,C00096,RETRY_ALL,0,0,,,0,0,,
RECLAIM-V2-002217,C00919,RETRY_ALL,0,0,,,0,0,,
RECLAIM-V2-002218,C00347,RETRY_ALL,0,0,,,0,0,,
RECLAIM-V2-002219,C00625,RETRY_ALL,0,0,,,0,0,,
RECLAIM-V2-002220,C00918,RETRY_ALL,0,0,,,0,0,,
RECLAIM-V2-002221,C00268,RETRY_ALL,0,0,,,0,0,,
RECLAIM-V2-002222,C00463,RETRY_ALL,0,0,,,0,0,,
RECLAIM-V2-002223,C00426,RETRY_ALL,0,0,,,0,0,,
RECLAIM-V2-002224,C00463,RETRY_ALL,0,0,,,0,0,,
RECLAIM-V2-002225,C00758,RETRY_ALL,0,0,,,0,0,,
RECLAIM-V2-002226,C00347,RETRY_ALL,0,0,,,0,0,,
RECLAIM-V2-002227,C00174,RETRY_ALL,0,0,,,0,0,,
RECLAIM-V2-002228,C00649,RETRY_ALL,0,0,,,0,0,,
RECLAIM-V2-002229,C00347,RETRY_ALL,0,0,,,0,0,,
RECLAIM-V2-002230,C00712,RETRY_ALL,0,0,,,0,0,,
RECLAIM-V2-002231,C00214,RETRY_ALL,0,0,,,0,0,,
RECLAIM-V2-002232,C00158,RETRY_ALL,0,0,,,0,0,,
RECLAIM-V2-002233,C00319,RETRY_ALL,0,0,,,0,0,,
RECLAIM-V2-002234,C00461,TARGET,1,0,,,0,0,,
RECLAIM-V2-002235,C00317,RETRY_ALL,0,0,,,0,0,,
RECLAIM-V2-002236,C00113,RETRY_ALL,0,0,,,0,0,,
RECLAIM-V2-002237,C00739,RETRY_ALL,0,0,,,0,0,,
RECLAIM-V2-002238,C00393,RETRY_ALL,0,0,,,0,0,,
RECLAIM-V2-002239,C00598,RETRY_ALL,0,0,,,0,0,,
RECLAIM-V2-002240,C00081,RETRY_ALL,0,0,,,0,0,,
RECLAIM-V2-002241,C00097,RETRY_ALL,0,0,,,0,0,,
RECLAIM-V2-002242,C00003,RETRY_ALL,0,0,,,0,0,,
RECLAIM-V2-002243,C00739,RETRY_ALL,0,0,,,0,0,,
RECLAIM-V2-002244,C00170,RETRY_ALL,0,0,,,0,0,,
RECLAIM-V2-002245,C00809,RETRY_ALL,0,0,,,0,0,,
RECLAIM-V2-002246,C00485,RETRY_ALL,0,0,,,0,0,,
RECLAIM-V2-002247,C00118,RETRY_ALL,0,0,,,0,0,,
RECLAIM-V2-002248,C00595,RETRY_ALL,0,0,,,0,0,,
RECLAIM-V2-002249,C00365,RETRY_ALL,0,0,,,0,0,,
RECLAIM-V2-002250,C00870,RETRY_ALL,0,0,,,0,0,,
RECLAIM-V2-002251,C00980,RETRY_ALL,0,0,,,0,0,,
RECLAIM-V2-002252,C00049,RETRY_ALL,0,0,,,0,0,,
RECLAIM-V2-002253,C00413,RETRY_ALL,0,0,,,0,0,,
RECLAIM-V2-002254,C00599,RETRY_ALL,0,0,,,0,0,,
RECLAIM-V2-002255,C00241,RETRY_ALL,0,0,,,0,0,,
RECLAIM-V2-002256,C00516,RETRY_ALL,0,0,,,0,0,,
RECLAIM-V2-002257,C00653,RETRY_ALL,0,0,,,0,0,,
RECLAIM-V2-002258,C00107,RETRY_ALL,0,0,,,0,0,,
RECLAIM-V2-002259,C00304,RETRY_ALL,0,0,,,0,0,,
RECLAIM-V2-002260,C00770,RETRY_ALL,0,0,,,0,0,,
RECLAIM-V2-002261,C00698,RETRY_ALL,0,0,,,0,0,,
RECLAIM-V2-002262,C00930,RETRY_ALL,0,0,,,0,0,,
RECLAIM-V2-002263,C00746,RETRY_ALL,0,0,,,0,0,,
RECLAIM-V2-002264,C00005,TARGET,1,0,,,0,0,,
RECLAIM-V2-002265,C00616,RETRY_ALL,0,0,,,0,0,,
RECLAIM-V2-002266,C00935,TARGET,1,0,,,0,0,,
RECLAIM-V2-002267,C00360,RETRY_ALL,0,0,,,0,0,,
RECLAIM-V2-002268,C00809,RETRY_ALL,0,0,,,0,0,,
RECLAIM-V2-002269,C00142,RETRY_ALL,0,0,,,0,0,,
RECLAIM-V2-002270,C00024,RETRY_ALL,0,0,,,0,0,,
RECLAIM-V2-002271,C00122,RETRY_ALL,0,0,,,0,0,,
RECLAIM-V2-002272,C00727,RETRY_ALL,0,0,,,0,0,,
RECLAIM-V2-002273,C00138,RETRY_ALL,0,0,,,0,0,,
RECLAIM-V2-002274,C00347,RETRY_ALL,0,0,,,0,0,,
RECLAIM-V2-002275,C00373,RETRY_ALL,0,0,,,0,0,,
RECLAIM-V2-002276,C00649,RETRY_ALL,0,0,,,0,0,,
RECLAIM-V2-002277,C00528,RETRY_ALL,0,0,,,0,0,,
RECLAIM-V2-002278,C00739,TARGET,1,0,,,0,0,,
RECLAIM-V2-002279,C00354,RETRY_ALL,0,0,,,0,0,,
RECLAIM-V2-002280,C00218,RETRY_ALL,0,0,,,0,0,,
RECLAIM-V2-002281,C00842,RETRY_ALL,0,0,,,0,0,,
RECLAIM-V2-002282,C00429,RETRY_ALL,0,0,,,0,0,,
RECLAIM-V2-002283,C00163,RETRY_ALL,0,0,,,0,0,,
RECLAIM-V2-002284,C00103,RETRY_ALL,0,0,,,0,0,,
RECLAIM-V2-002285,C00139,RETRY_ALL,0,0,,,0,0,,
RECLAIM-V2-002286,C00709,RETRY_ALL,0,0,,,0,0,,
RECLAIM-V2-002287,C00638,RETRY_ALL,0,0,,,0,0,,
RECLAIM-V2-002288,C00096,RETRY_ALL,0,0,,,0,0,,
RECLAIM-V2-002289,C00987,RETRY_ALL,0,0,,,0,0,,
RECLAIM-V2-002290,C00270,RETRY_ALL,0,0,,,0,0,,
RECLAIM-V2-002291,C00418,RETRY_ALL,0,0,,,0,0,,
RECLAIM-V2-002292,C00146,RETRY_ALL,0,0,,,0,0,,
RECLAIM-V2-002293,C00897,RETRY_ALL,0,0,,,0,0,,
RECLAIM-V2-002294,C00241,RETRY_ALL,0,0,,,0,0,,
RECLAIM-V2-002295,C00185,RETRY_ALL,0,0,,,0,0,,
RECLAIM-V2-002296,C00594,RETRY_ALL,0,0,,,0,0,,
RECLAIM-V2-002297,C00817,RETRY_ALL,0,0,,,0,0,,
RECLAIM-V2-002298,C00155,TARGET,1,0,,,0,0,,
RECLAIM-V2-002299,C00619,RETRY_ALL,0,0,,,0,0,,
RECLAIM-V2-002300,C00015,RETRY_ALL,0,0,,,0,0,,
RECLAIM-V2-002301,C00551,RETRY_ALL,0,0,,,0,0,,
RECLAIM-V2-002302,C00542,RETRY_ALL,0,0,,,0,0,,
RECLAIM-V2-002303,C00997,RETRY_ALL,0,0,,,0,0,,
RECLAIM-V2-002304,C00232,RETRY_ALL,0,0,,,0,0,,
RECLAIM-V2-002305,C00810,RETRY_ALL,0,0,,,0,0,,
RECLAIM-V2-002306,C00146,RETRY_ALL,0,0,,,0,0,,
RECLAIM-V2-002307,C00517,RETRY_ALL,0,0,,,0,0,,
RECLAIM-V2-002308,C00024,RETRY_ALL,0,0,,,0,0,,
RECLAIM-V2-002309,C00872,RETRY_ALL,0,0,,,0,0,,
RECLAIM-V2-002310,C00003,RETRY_ALL,0,0,,,0,0,,
RECLAIM-V2-002311,C00289,RETRY_ALL,0,0,,,0,0,,
RECLAIM-V2-002312,C00746,RETRY_ALL,0,0,,,0,0,,
RECLAIM-V2-002313,C00663,TARGET,1,0,,,0,0,,
RECLAIM-V2-002314,C00138,RETRY_ALL,0,0,,,0,0,,
RECLAIM-V2-002315,C00971,RETRY_ALL,0,0,,,0,0,,
RECLAIM-V2-002316,C00380,RETRY_ALL,0,0,,,0,0,,
RECLAIM-V2-002317,C00816,RETRY_ALL,0,0,,,0,0,,
RECLAIM-V2-002318,C00746,RETRY_ALL,0,0,,,0,0,,
RECLAIM-V2-002319,C00563,RETRY_ALL,0,0,,,0,0,,
RECLAIM-V2-002320,C00614,RETRY_ALL,0,0,,,0,0,,
RECLAIM-V2-002321,C00506,RETRY_ALL,0,0,,,0,0,,
RECLAIM-V2-002322,C00673,RETRY_ALL,0,0,,,0,0,,
RECLAIM-V2-002323,C00005,RETRY_ALL,0,0,,,0,0,,
RECLAIM-V2-002324,C00512,RETRY_ALL,0,0,,,0,0,,
RECLAIM-V2-002325,C00427,RETRY_ALL,0,0,,,0,0,,
RECLAIM-V2-002326,C00577,RETRY_ALL,0,0,,,0,0,,
RECLAIM-V2-002327,C00459,TARGET,1,0,,,0,0,,
RECLAIM-V2-002328,C00842,RETRY_ALL,0,0,,,0,0,,
RECLAIM-V2-002329,C00174,RETRY_ALL,0,0,,,0,0,,
RECLAIM-V2-002330,C00034,RETRY_ALL,0,0,,,0,0,,
RECLAIM-V2-002331,C00005,RETRY_ALL,0,0,,,0,0,,
RECLAIM-V2-002332,C00097,RETRY_ALL,0,0,,,0,0,,
RECLAIM-V2-002333,C00089,RETRY_ALL,0,0,,,0,0,,
RECLAIM-V2-002334,C00622,RETRY_ALL,0,0,,,0,0,,
RECLAIM-V2-002335,C00674,RETRY_ALL,0,0,,,0,0,,
RECLAIM-V2-002336,C00043,RETRY_ALL,0,0,,,0,0,,
RECLAIM-V2-002337,C00512,RETRY_ALL,0,0,,,0,0,,
RECLAIM-V2-002338,C00343,RETRY_ALL,0,0,,,0,0,,
RECLAIM-V2-002339,C00695,RETRY_ALL,0,0,,,0,0,,
RECLAIM-V2-002340,C00677,RETRY_ALL,0,0,,,0,0,,
RECLAIM-V2-002341,C00981,RETRY_ALL,0,0,,,0,0,,
RECLAIM-V2-002342,C00179,RETRY_ALL,0,0,,,0,0,,
RECLAIM-V2-002343,C00347,RETRY_ALL,0,0,,,0,0,,
RECLAIM-V2-002344,C00783,RETRY_ALL,0,0,,,0,0,,
RECLAIM-V2-002345,C00708,RETRY_ALL,0,0,,,0,0,,
RECLAIM-V2-002346,C00140,RETRY_ALL,0,0,,,0,0,,
RECLAIM-V2-002347,C00712,RETRY_ALL,0,0,,,0,0,,
RECLAIM-V2-002348,C00718,RETRY_ALL,0,0,,,0,0,,
RECLAIM-V2-002349,C00401,RETRY_ALL,0,0,,,0,0,,
RECLAIM-V2-002350,C00527,RETRY_ALL,0,0,,,0,0,,
RECLAIM-V2-002351,C00451,RETRY_ALL,0,0,,,0,0,,
RECLAIM-V2-002352,C00368,RETRY_ALL,0,0,,,0,0,,
RECLAIM-V2-002353,C00451,RETRY_ALL,0,0,,,0,0,,
RECLAIM-V2-002354,C00441,RETRY_ALL,0,0,,,0,0,,
RECLAIM-V2-002355,C00700,RETRY_ALL,0,0,,,0,0,,
RECLAIM-V2-002356,C00555,RETRY_ALL,0,0,,,0,0,,
RECLAIM-V2-002357,C00035,RETRY_ALL,0,0,,,0,0,,
RECLAIM-V2-002358,C00734,RETRY_ALL,0,0,,,0,0,,
RECLAIM-V2-002359,C00842,RETRY_ALL,0,0,,,0,0,,
RECLAIM-V2-002360,C00351,RETRY_ALL,0,0,,,0,0,,
RECLAIM-V2-002361,C00244,RETRY_ALL,0,0,,,0,0,,
RECLAIM-V2-002362,C00054,RETRY_ALL,0,0,,,0,0,,
RECLAIM-V2-002363,C00056,RETRY_ALL,0,0,,,0,0,,
RECLAIM-V2-002364,C00270,RETRY_ALL,0,0,,,0,0,,
RECLAIM-V2-002365,C00492,RETRY_ALL,0,0,,,0,0,,
RECLAIM-V2-002366,C00434,RETRY_ALL,0,0,,,0,0,,
RECLAIM-V2-002367,C00228,RETRY_ALL,0,0,,,0,0,,
RECLAIM-V2-002368,C00305,RETRY_ALL,0,0,,,0,0,,
RECLAIM-V2-002369,C00590,RETRY_ALL,0,0,,,0,0,,
RECLAIM-V2-002370,C00981,RETRY_ALL,0,0,,,0,0,,
RECLAIM-V2-002371,C00823,RETRY_ALL,0,0,,,0,0,,
RECLAIM-V2-002372,C00185,RETRY_ALL,0,0,,,0,0,,
RECLAIM-V2-002373,C00551,RETRY_ALL,0,0,,,0,0,,
RECLAIM-V2-002374,C00816,RETRY_ALL,0,0,,,0,0,,
RECLAIM-V2-002375,C00931,RETRY_ALL,0,0,,,0,0,,
RECLAIM-V2-002376,C00193,RETRY_ALL,0,0,,,0,0,,
RECLAIM-V2-002377,C00749,RETRY_ALL,0,0,,,0,0,,
RECLAIM-V2-002378,C00361,RETRY_ALL,0,0,,,0,0,,
RECLAIM-V2-002379,C00718,RETRY_ALL,0,0,,,0,0,,
RECLAIM-V2-002380,C00700,RETRY_ALL,0,0,,,0,0,,
RECLAIM-V2-002381,C00326,RETRY_ALL,0,0,,,0,0,,
RECLAIM-V2-002382,C00094,RETRY_ALL,0,0,,,0,0,,
RECLAIM-V2-002383,C00435,RETRY_ALL,0,0,,,0,0,,
RECLAIM-V2-002384,C00961,RETRY_ALL,0,0,,,0,0,,
RECLAIM-V2-002385,C00931,RETRY_ALL,0,0,,,0,0,,
RECLAIM-V2-002386,C00043,RETRY_ALL,0,0,,,0,0,,
RECLAIM-V2-002387,C00551,RETRY_ALL,0,0,,,0,0,,
RECLAIM-V2-002388,C00107,RETRY_ALL,0,0,,,0,0,,
RECLAIM-V2-002389,C00228,RETRY_ALL,0,0,,,0,0,,
RECLAIM-V2-002390,C00482,RETRY_ALL,0,0,,,0,0,,
RECLAIM-V2-002391,C00874,RETRY_ALL,0,0,,,0,0,,
RECLAIM-V2-002392,C00147,RETRY_ALL,0,0,,,0,0,,
RECLAIM-V2-002393,C00517,RETRY_ALL,0,0,,,0,0,,
RECLAIM-V2-002394,C00826,RETRY_ALL,0,0,,,0,0,,
RECLAIM-V2-002395,C00611,RETRY_ALL,0,0,,,0,0,,
RECLAIM-V2-002396,C00823,RETRY_ALL,0,0,,,0,0,,
RECLAIM-V2-002397,C00969,RETRY_ALL,0,0,,,0,0,,
RECLAIM-V2-002398,C00485,RETRY_ALL,0,0,,,0,0,,
RECLAIM-V2-002399,C00807,RETRY_ALL,0,0,,,0,0,,
RECLAIM-V2-002400,C00179,RETRY_ALL,0,0,,,0,0,,
RECLAIM-V2-002401,C00214,RETRY_ALL,0,0,,,0,0,,
RECLAIM-V2-002402,C00012,RETRY_ALL,0,0,,,0,0,,
RECLAIM-V2-002403,C00816,RETRY_ALL,0,0,,,0,0,,
RECLAIM-V2-002404,C00347,RETRY_ALL,0,0,,,0,0,,
RECLAIM-V2-002405,C00469,RETRY_ALL,0,0,,,0,0,,
RECLAIM-V2-002406,C00323,RETRY_ALL,0,0,,,0,0,,
RECLAIM-V2-002407,C00977,RETRY_ALL,0,0,,,0,0,,
RECLAIM-V2-002408,C00527,RETRY_ALL,0,0,,,0,0,,
RECLAIM-V2-002409,C00638,RETRY_ALL,0,0,,,0,0,,
RECLAIM-V2-002410,C00702,RETRY_ALL,0,0,,,0,0,,
RECLAIM-V2-002411,C00855,RETRY_ALL,0,0,,,0,0,,
RECLAIM-V2-002412,C00318,RETRY_ALL,0,0,,,0,0,,
RECLAIM-V2-002413,C00961,RETRY_ALL,0,0,,,0,0,,
RECLAIM-V2-002414,C00319,RETRY_ALL,0,0,,,0,0,,
RECLAIM-V2-002415,C00103,RETRY_ALL,0,0,,,0,0,,
RECLAIM-V2-002416,C00270,RETRY_ALL,0,0,,,0,0,,
RECLAIM-V2-002417,C00664,RETRY_ALL,0,0,,,0,0,,
RECLAIM-V2-002418,C00166,RETRY_ALL,0,0,,,0,0,,
RECLAIM-V2-002419,C00495,RETRY_ALL,0,0,,,0,0,,
RECLAIM-V2-002420,C00681,RETRY_ALL,0,0,,,0,0,,
RECLAIM-V2-002421,C00663,TARGET,1,0,,,0,0,,
RECLAIM-V2-002422,C00418,RETRY_ALL,0,0,,,0,0,,
RECLAIM-V2-002423,C00999,RETRY_ALL,0,0,,,0,0,,
RECLAIM-V2-002424,C00758,RETRY_ALL,0,0,,,0,0,,
RECLAIM-V2-002425,C00417,RETRY_ALL,0,0,,,0,0,,
RECLAIM-V2-002426,C00110,RETRY_ALL,0,0,,,0,0,,
RECLAIM-V2-002427,C00404,TARGET,1,0,,,0,0,,
RECLAIM-V2-002428,C00352,RETRY_ALL,0,0,,,0,0,,
RECLAIM-V2-002429,C00353,RETRY_ALL,0,0,,,0,0,,
RECLAIM-V2-002430,C00929,RETRY_ALL,0,0,,,0,0,,
RECLAIM-V2-002431,C00986,RETRY_ALL,0,0,,,0,0,,
RECLAIM-V2-002432,C00955,RETRY_ALL,0,0,,,0,0,,
RECLAIM-V2-002433,C00643,RETRY_ALL,0,0,,,0,0,,
RECLAIM-V2-002434,C00459,TARGET,1,0,,,0,0,,
RECLAIM-V2-002435,C00479,RETRY_ALL,0,0,,,0,0,,
RECLAIM-V2-002436,C00196,RETRY_ALL,0,0,,,0,0,,
RECLAIM-V2-002437,C00214,RETRY_ALL,0,0,,,0,0,,
RECLAIM-V2-002438,C00103,RETRY_ALL,0,0,,,0,0,,
RECLAIM-V2-002439,C00841,RETRY_ALL,0,0,,,0,0,,
RECLAIM-V2-002440,C00747,RETRY_ALL,0,0,,,0,0,,
RECLAIM-V2-002441,C00497,RETRY_ALL,0,0,,,0,0,,
RECLAIM-V2-002442,C00659,RETRY_ALL,0,0,,,0,0,,
RECLAIM-V2-002443,C00497,RETRY_ALL,0,0,,,0,0,,
RECLAIM-V2-002444,C00691,RETRY_ALL,0,0,,,0,0,,
RECLAIM-V2-002445,C00469,RETRY_ALL,0,0,,,0,0,,
RECLAIM-V2-002446,C00108,RETRY_ALL,0,0,,,0,0,,
RECLAIM-V2-002447,C00981,RETRY_ALL,0,0,,,0,0,,
RECLAIM-V2-002448,C00298,RETRY_ALL,0,0,,,0,0,,
RECLAIM-V2-002449,C00519,RETRY_ALL,0,0,,,0,0,,
RECLAIM-V2-002450,C00222,RETRY_ALL,0,0,,,0,0,,
RECLAIM-V2-002451,C00886,RETRY_ALL,0,0,,,0,0,,
RECLAIM-V2-002452,C00214,RETRY_ALL,0,0,,,0,0,,
RECLAIM-V2-002453,C00096,RETRY_ALL,0,0,,,0,0,,
RECLAIM-V2-002454,C00625,RETRY_ALL,0,0,,,0,0,,
RECLAIM-V2-002455,C00954,RETRY_ALL,0,0,,,0,0,,
RECLAIM-V2-002456,C00136,RETRY_ALL,0,0,,,0,0,,
RECLAIM-V2-002457,C00378,TARGET,1,0,,,0,0,,
RECLAIM-V2-002458,C00193,RETRY_ALL,0,0,,,0,0,,
RECLAIM-V2-002459,C00365,RETRY_ALL,0,0,,,0,0,,
RECLAIM-V2-002460,C00145,RETRY_ALL,0,0,,,0,0,,
RECLAIM-V2-002461,C00482,RETRY_ALL,0,0,,,0,0,,
RECLAIM-V2-002462,C00425,RETRY_ALL,0,0,,,0,0,,
RECLAIM-V2-002463,C00479,RETRY_ALL,0,0,,,0,0,,
RECLAIM-V2-002464,C00961,RETRY_ALL,0,0,,,0,0,,
RECLAIM-V2-002465,C00625,RETRY_ALL,0,0,,,0,0,,
RECLAIM-V2-002466,C00524,RETRY_ALL,0,0,,,0,0,,
RECLAIM-V2-002467,C00973,RETRY_ALL,0,0,,,0,0,,
RECLAIM-V2-002468,C00015,RETRY_ALL,0,0,,,0,0,,
RECLAIM-V2-002469,C00886,RETRY_ALL,0,0,,,0,0,,
RECLAIM-V2-002470,C00418,RETRY_ALL,0,0,,,0,0,,
RECLAIM-V2-002471,C00214,RETRY_ALL,0,0,,,0,0,,
RECLAIM-V2-002472,C00870,RETRY_ALL,0,0,,,0,0,,
RECLAIM-V2-002473,C00999,RETRY_ALL,0,0,,,0,0,,
RECLAIM-V2-002474,C00110,RETRY_ALL,0,0,,,0,0,,
RECLAIM-V2-002475,C00874,RETRY_ALL,0,0,,,0,0,,
RECLAIM-V2-002476,C00978,RETRY_ALL,0,0,,,0,0,,
RECLAIM-V2-002477,C00908,RETRY_ALL,0,0,,,0,0,,
RECLAIM-V2-002478,C00554,RETRY_ALL,0,0,,,0,0,,
RECLAIM-V2-002479,C00054,RETRY_ALL,0,0,,,0,0,,
RECLAIM-V2-002480,C00687,RETRY_ALL,0,0,,,0,0,,
RECLAIM-V2-002481,C00064,RETRY_ALL,0,0,,,0,0,,
RECLAIM-V2-002482,C00426,RETRY_ALL,0,0,,,0,0,,
RECLAIM-V2-002483,C00954,RETRY_ALL,0,0,,,0,0,,
RECLAIM-V2-002484,C00275,RETRY_ALL,0,0,,,0,0,,
RECLAIM-V2-002485,C00232,RETRY_ALL,0,0,,,0,0,,
RECLAIM-V2-002486,C00624,RETRY_ALL,0,0,,,0,0,,
RECLAIM-V2-002487,C00461,TARGET,1,0,,,0,0,,
RECLAIM-V2-002488,C00906,RETRY_ALL,0,0,,,0,0,,
RECLAIM-V2-002489,C00676,RETRY_ALL,0,0,,,0,0,,
RECLAIM-V2-002490,C00803,RETRY_ALL,0,0,,,0,0,,
RECLAIM-V2-002491,C00751,RETRY_ALL,0,0,,,0,0,,
RECLAIM-V2-002492,C00751,RETRY_ALL,0,0,,,0,0,,
RECLAIM-V2-002493,C00616,RETRY_ALL,0,0,,,0,0,,
RECLAIM-V2-002494,C00492,RETRY_ALL,0,0,,,0,0,,
RECLAIM-V2-002495,C00855,RETRY_ALL,0,0,,,0,0,,
RECLAIM-V2-002496,C00901,RETRY_ALL,0,0,,,0,0,,
RECLAIM-V2-002497,C00702,RETRY_ALL,0,0,,,0,0,,
RECLAIM-V2-002498,C00196,RETRY_ALL,0,0,,,0,0,,
RECLAIM-V2-002499,C00159,RETRY_ALL,0,0,,,0,0,,
RECLAIM-V2-002500,C00585,RETRY_ALL,0,0,,,0,0,,
RECLAIM-V2-002501,C00870,RETRY_ALL,0,0,,,0,0,,
RECLAIM-V2-002502,C00214,RETRY_ALL,0,0,,,0,0,,
RECLAIM-V2-002503,C00911,RETRY_ALL,0,0,,,0,0,,
RECLAIM-V2-002504,C00547,RETRY_ALL,0,0,,,0,0,,
RECLAIM-V2-002505,C00931,RETRY_ALL,0,0,,,0,0,,
RECLAIM-V2-002506,C00635,RETRY_ALL,0,0,,,0,0,,
RECLAIM-V2-002507,C00911,RETRY_ALL,0,0,,,0,0,,
RECLAIM-V2-002508,C00680,RETRY_ALL,0,0,,,0,0,,
RECLAIM-V2-002509,C00676,RETRY_ALL,0,0,,,0,0,,
RECLAIM-V2-002510,C00448,RETRY_ALL,0,0,,,0,0,,
RECLAIM-V2-002511,C00980,RETRY_ALL,0,0,,,0,0,,
RECLAIM-V2-002512,C00663,TARGET,1,0,,,0,0,,
RECLAIM-V2-002513,C00463,RETRY_ALL,0,0,,,0,0,,
RECLAIM-V2-002514,C00414,RETRY_ALL,0,0,,,0,0,,
RECLAIM-V2-002515,C00680,RETRY_ALL,0,0,,,0,0,,
RECLAIM-V2-002516,C00614,RETRY_ALL,0,0,,,0,0,,
RECLAIM-V2-002517,C00735,RETRY_ALL,0,0,,,0,0,,
RECLAIM-V2-002518,C00305,RETRY_ALL,0,0,,,0,0,,
RECLAIM-V2-002519,C00518,RETRY_ALL,0,0,,,0,0,,
RECLAIM-V2-002520,C00136,RETRY_ALL,0,0,,,0,0,,
RECLAIM-V2-002521,C00431,RETRY_ALL,0,0,,,0,0,,
RECLAIM-V2-002522,C00378,TARGET,1,0,,,0,0,,
RECLAIM-V2-002523,C00305,RETRY_ALL,0,0,,,0,0,,
RECLAIM-V2-002524,C00003,RETRY_ALL,0,0,,,0,0,,
RECLAIM-V2-002525,C00981,RETRY_ALL,0,0,,,0,0,,
RECLAIM-V2-002526,C00789,RETRY_ALL,0,0,,,0,0,,
RECLAIM-V2-002527,C00287,RETRY_ALL,0,0,,,0,0,,
RECLAIM-V2-002528,C00073,RETRY_ALL,0,0,,,0,0,,
RECLAIM-V2-002529,C00619,RETRY_ALL,0,0,,,0,0,,
RECLAIM-V2-002530,C00797,RETRY_ALL,0,0,,,0,0,,
RECLAIM-V2-002531,C00977,RETRY_ALL,0,0,,,0,0,,
RECLAIM-V2-002532,C00819,TARGET,1,0,,,0,0,,
RECLAIM-V2-002533,C00062,RETRY_ALL,0,0,,,0,0,,
RECLAIM-V2-002534,C00487,RETRY_ALL,0,0,,,0,0,,
RECLAIM-V2-002535,C00027,RETRY_ALL,0,0,,,0,0,,
RECLAIM-V2-002536,C00434,RETRY_ALL,0,0,,,0,0,,
RECLAIM-V2-002537,C00136,RETRY_ALL,0,0,,,0,0,,
RECLAIM-V2-002538,C00931,RETRY_ALL,0,0,,,0,0,,
RECLAIM-V2-002539,C00445,RETRY_ALL,0,0,,,0,0,,
RECLAIM-V2-002540,C00899,RETRY_ALL,0,0,,,0,0,,
RECLAIM-V2-002541,C00997,RETRY_ALL,0,0,,,0,0,,
RECLAIM-V2-002542,C00228,RETRY_ALL,0,0,,,0,0,,
RECLAIM-V2-002543,C00437,RETRY_ALL,0,0,,,0,0,,
RECLAIM-V2-002544,C00037,RETRY_ALL,0,0,,,0,0,,
RECLAIM-V2-002545,C00329,RETRY_ALL,0,0,,,0,0,,
RECLAIM-V2-002546,C00136,RETRY_ALL,0,0,,,0,0,,
RECLAIM-V2-002547,C00671,RETRY_ALL,0,0,,,0,0,,
RECLAIM-V2-002548,C00022,RETRY_ALL,0,0,,,0,0,,
RECLAIM-V2-002549,C00497,RETRY_ALL,0,0,,,0,0,,
RECLAIM-V2-002550,C00187,TARGET,1,0,,,0,0,,
RECLAIM-V2-002551,C00999,RETRY_ALL,0,0,,,0,0,,
RECLAIM-V2-002552,C00020,RETRY_ALL,0,0,,,0,0,,
RECLAIM-V2-002553,C00551,RETRY_ALL,0,0,,,0,0,,
RECLAIM-V2-002554,C00138,RETRY_ALL,0,0,,,0,0,,
RECLAIM-V2-002555,C00476,RETRY_ALL,0,0,,,0,0,,
RECLAIM-V2-002556,C00816,RETRY_ALL,0,0,,,0,0,,
RECLAIM-V2-002557,C00517,RETRY_ALL,0,0,,,0,0,,
RECLAIM-V2-002558,C00577,RETRY_ALL,0,0,,,0,0,,
RECLAIM-V2-002559,C00037,RETRY_ALL,0,0,,,0,0,,
RECLAIM-V2-002560,C00268,RETRY_ALL,0,0,,,0,0,,
RECLAIM-V2-002561,C00096,RETRY_ALL,0,0,,,0,0,,
RECLAIM-V2-002562,C00062,RETRY_ALL,0,0,,,0,0,,
RECLAIM-V2-002563,C00329,RETRY_ALL,0,0,,,0,0,,
RECLAIM-V2-002564,C00360,RETRY_ALL,0,0,,,0,0,,
RECLAIM-V2-002565,C00096,RETRY_ALL,0,0,,,0,0,,
RECLAIM-V2-002566,C00971,RETRY_ALL,0,0,,,0,0,,
RECLAIM-V2-002567,C00429,RETRY_ALL,0,0,,,0,0,,
RECLAIM-V2-002568,C00961,RETRY_ALL,0,0,,,0,0,,
RECLAIM-V2-002569,C00840,RETRY_ALL,0,0,,,0,0,,
RECLAIM-V2-002570,C00795,RETRY_ALL,0,0,,,0,0,,
RECLAIM-V2-002571,C00969,RETRY_ALL,0,0,,,0,0,,
RECLAIM-V2-002572,C00931,RETRY_ALL,0,0,,,0,0,,
RECLAIM-V2-002573,C00360,RETRY_ALL,0,0,,,0,0,,
RECLAIM-V2-002574,C00246,RETRY_ALL,0,0,,,0,0,,
RECLAIM-V2-002575,C00851,RETRY_ALL,0,0,,,0,0,,
RECLAIM-V2-002576,C00353,RETRY_ALL,0,0,,,0,0,,
RECLAIM-V2-002577,C00226,RETRY_ALL,0,0,,,0,0,,
RECLAIM-V2-002578,C00451,RETRY_ALL,0,0,,,0,0,,
RECLAIM-V2-002579,C00185,RETRY_ALL,0,0,,,0,0,,
RECLAIM-V2-002580,C00870,RETRY_ALL,0,0,,,0,0,,
RECLAIM-V2-002581,C00739,RETRY_ALL,0,0,,,0,0,,
RECLAIM-V2-002582,C00445,RETRY_ALL,0,0,,,0,0,,
RECLAIM-V2-002583,C00393,RETRY_ALL,0,0,,,0,0,,
RECLAIM-V2-002584,C00089,RETRY_ALL,0,0,,,0,0,,
RECLAIM-V2-002585,C00025,RETRY_ALL,0,0,,,0,0,,
RECLAIM-V2-002586,C00727,RETRY_ALL,0,0,,,0,0,,
RECLAIM-V2-002587,C00622,RETRY_ALL,0,0,,,0,0,,
RECLAIM-V2-002588,C00502,RETRY_ALL,0,0,,,0,0,,
RECLAIM-V2-002589,C00434,RETRY_ALL,0,0,,,0,0,,
RECLAIM-V2-002590,C00384,RETRY_ALL,0,0,,,0,0,,
RECLAIM-V2-002591,C00056,RETRY_ALL,0,0,,,0,0,,
RECLAIM-V2-002592,C00680,RETRY_ALL,0,0,,,0,0,,
RECLAIM-V2-002593,C00961,RETRY_ALL,0,0,,,0,0,,
RECLAIM-V2-002594,C00339,RETRY_ALL,0,0,,,0,0,,
RECLAIM-V2-002595,C00889,RETRY_ALL,0,0,,,0,0,,
RECLAIM-V2-002596,C00673,RETRY_ALL,0,0,,,0,0,,
RECLAIM-V2-002597,C00415,RETRY_ALL,0,0,,,0,0,,
RECLAIM-V2-002598,C00107,RETRY_ALL,0,0,,,0,0,,
RECLAIM-V2-002599,C00931,RETRY_ALL,0,0,,,0,0,,
RECLAIM-V2-002600,C00124,RETRY_ALL,0,0,,,0,0,,
RECLAIM-V2-002601,C00166,RETRY_ALL,0,0,,,0,0,,
RECLAIM-V2-002602,C00616,RETRY_ALL,0,0,,,0,0,,
RECLAIM-V2-002603,C00189,RETRY_ALL,0,0,,,0,0,,
RECLAIM-V2-002604,C00062,RETRY_ALL,0,0,,,0,0,,
RECLAIM-V2-002605,C00053,RETRY_ALL,0,0,,,0,0,,
RECLAIM-V2-002606,C00485,RETRY_ALL,0,0,,,0,0,,
RECLAIM-V2-002607,C00927,RETRY_ALL,0,0,,,0,0,,
RECLAIM-V2-002608,C00429,RETRY_ALL,0,0,,,0,0,,
RECLAIM-V2-002609,C00348,RETRY_ALL,0,0,,,0,0,,
RECLAIM-V2-002610,C00089,RETRY_ALL,0,0,,,0,0,,
RECLAIM-V2-002611,C00187,TARGET,1,0,,,0,0,,
RECLAIM-V2-002612,C00418,RETRY_ALL,0,0,,,0,0,,
RECLAIM-V2-002613,C00414,RETRY_ALL,0,0,,,0,0,,
RECLAIM-V2-002614,C00614,RETRY_ALL,0,0,,,0,0,,
RECLAIM-V2-002615,C00034,RETRY_ALL,0,0,,,0,0,,
RECLAIM-V2-002616,C00938,RETRY_ALL,0,0,,,0,0,,
RECLAIM-V2-002617,C00964,RETRY_ALL,0,0,,,0,0,,
RECLAIM-V2-002618,C00669,RETRY_ALL,0,0,,,0,0,,
RECLAIM-V2-002619,C00886,RETRY_ALL,0,0,,,0,0,,
RECLAIM-V2-002620,C00166,RETRY_ALL,0,0,,,0,0,,
RECLAIM-V2-002621,C00547,RETRY_ALL,0,0,,,0,0,,
RECLAIM-V2-002622,C00616,RETRY_ALL,0,0,,,0,0,,
RECLAIM-V2-002623,C00384,RETRY_ALL,0,0,,,0,0,,
RECLAIM-V2-002624,C00101,RETRY_ALL,0,0,,,0,0,,
RECLAIM-V2-002625,C00810,RETRY_ALL,0,0,,,0,0,,
RECLAIM-V2-002626,C00206,RETRY_ALL,0,0,,,0,0,,
RECLAIM-V2-002627,C00053,RETRY_ALL,0,0,,,0,0,,
RECLAIM-V2-002628,C00138,RETRY_ALL,0,0,,,0,0,,
RECLAIM-V2-002629,C00205,RETRY_ALL,0,0,,,0,0,,
RECLAIM-V2-002630,C00107,RETRY_ALL,0,0,,,0,0,,
RECLAIM-V2-002631,C00415,RETRY_ALL,0,0,,,0,0,,
RECLAIM-V2-002632,C00687,RETRY_ALL,0,0,,,0,0,,
RECLAIM-V2-002633,C00941,TARGET,1,0,,,0,0,,
RECLAIM-V2-002634,C00034,RETRY_ALL,0,0,,,0,0,,
RECLAIM-V2-002635,C00597,RETRY_ALL,0,0,,,0,0,,
RECLAIM-V2-002636,C00392,RETRY_ALL,0,0,,,0,0,,
RECLAIM-V2-002637,C00199,RETRY_ALL,0,0,,,0,0,,
RECLAIM-V2-002638,C00463,RETRY_ALL,0,0,,,0,0,,
RECLAIM-V2-002639,C00872,RETRY_ALL,0,0,,,0,0,,
RECLAIM-V2-002640,C00927,RETRY_ALL,0,0,,,0,0,,
RECLAIM-V2-002641,C00089,RETRY_ALL,0,0,,,0,0,,
RECLAIM-V2-002642,C00418,RETRY_ALL,0,0,,,0,0,,
RECLAIM-V2-002643,C00221,RETRY_ALL,0,0,,,0,0,,
RECLAIM-V2-002644,C00232,RETRY_ALL,0,0,,,0,0,,
RECLAIM-V2-002645,C00131,RETRY_ALL,0,0,,,0,0,,
RECLAIM-V2-002646,C00517,RETRY_ALL,0,0,,,0,0,,
RECLAIM-V2-002647,C00497,RETRY_ALL,0,0,,,0,0,,
RECLAIM-V2-002648,C00517,RETRY_ALL,0,0,,,0,0,,
RECLAIM-V2-002649,C00427,RETRY_ALL,0,0,,,0,0,,
RECLAIM-V2-002650,C00669,RETRY_ALL,0,0,,,0,0,,
RECLAIM-V2-002651,C00988,RETRY_ALL,0,0,,,0,0,,
RECLAIM-V2-002652,C00397,RETRY_ALL,0,0,,,0,0,,
RECLAIM-V2-002653,C00739,RETRY_ALL,0,0,,,0,0,,
RECLAIM-V2-002654,C00954,RETRY_ALL,0,0,,,0,0,,
RECLAIM-V2-002655,C00315,RETRY_ALL,0,0,,,0,0,,
RECLAIM-V2-002656,C00352,RETRY_ALL,0,0,,,0,0,,
RECLAIM-V2-002657,C00450,RETRY_ALL,0,0,,,0,0,,
RECLAIM-V2-002658,C00425,RETRY_ALL,0,0,,,0,0,,
RECLAIM-V2-002659,C00179,RETRY_ALL,0,0,,,0,0,,
RECLAIM-V2-002660,C00789,RETRY_ALL,0,0,,,0,0,,
RECLAIM-V2-002661,C00908,RETRY_ALL,0,0,,,0,0,,
RECLAIM-V2-002662,C00764,RETRY_ALL,0,0,,,0,0,,
RECLAIM-V2-002663,C00574,RETRY_ALL,0,0,,,0,0,,
RECLAIM-V2-002664,C00427,RETRY_ALL,0,0,,,0,0,,
RECLAIM-V2-002665,C00260,RETRY_ALL,0,0,,,0,0,,
RECLAIM-V2-002666,C00097,RETRY_ALL,0,0,,,0,0,,
RECLAIM-V2-002667,C00136,RETRY_ALL,0,0,,,0,0,,
RECLAIM-V2-002668,C00680,RETRY_ALL,0,0,,,0,0,,
RECLAIM-V2-002669,C00517,RETRY_ALL,0,0,,,0,0,,
RECLAIM-V2-002670,C00004,RETRY_ALL,0,0,,,0,0,,
RECLAIM-V2-002671,C00521,RETRY_ALL,0,0,,,0,0,,
RECLAIM-V2-002672,C00056,RETRY_ALL,0,0,,,0,0,,
RECLAIM-V2-002673,C00809,RETRY_ALL,0,0,,,0,0,,
RECLAIM-V2-002674,C00185,RETRY_ALL,0,0,,,0,0,,
RECLAIM-V2-002675,C00687,RETRY_ALL,0,0,,,0,0,,
RECLAIM-V2-002676,C00655,RETRY_ALL,0,0,,,0,0,,
RECLAIM-V2-002677,C00307,RETRY_ALL,0,0,,,0,0,,
RECLAIM-V2-002678,C00908,RETRY_ALL,0,0,,,0,0,,
RECLAIM-V2-002679,C00789,RETRY_ALL,0,0,,,0,0,,
RECLAIM-V2-002680,C00230,RETRY_ALL,0,0,,,0,0,,
RECLAIM-V2-002681,C00418,RETRY_ALL,0,0,,,0,0,,
RECLAIM-V2-002682,C00452,RETRY_ALL,0,0,,,0,0,,
RECLAIM-V2-002683,C00289,RETRY_ALL,0,0,,,0,0,,
RECLAIM-V2-002684,C00049,RETRY_ALL,0,0,,,0,0,,
RECLAIM-V2-002685,C00795,RETRY_ALL,0,0,,,0,0,,
RECLAIM-V2-002686,C00961,RETRY_ALL,0,0,,,0,0,,
RECLAIM-V2-002687,C00221,RETRY_ALL,0,0,,,0,0,,
RECLAIM-V2-002688,C00525,RETRY_ALL,0,0,,,0,0,,
RECLAIM-V2-002689,C00571,RETRY_ALL,0,0,,,0,0,,
RECLAIM-V2-002690,C00158,RETRY_ALL,0,0,,,0,0,,
RECLAIM-V2-002691,C00551,RETRY_ALL,0,0,,,0,0,,
RECLAIM-V2-002692,C00159,RETRY_ALL,0,0,,,0,0,,
RECLAIM-V2-002693,C00020,RETRY_ALL,0,0,,,0,0,,
RECLAIM-V2-002694,C00614,RETRY_ALL,0,0,,,0,0,,
RECLAIM-V2-002695,C00431,RETRY_ALL,0,0,,,0,0,,
RECLAIM-V2-002696,C00080,TARGET,1,0,,,0,0,,
RECLAIM-V2-002697,C00512,RETRY_ALL,0,0,,,0,0,,
RECLAIM-V2-002698,C00418,RETRY_ALL,0,0,,,0,0,,
RECLAIM-V2-002699,C00326,RETRY_ALL,0,0,,,0,0,,
RECLAIM-V2-002700,C00669,RETRY_ALL,0,0,,,0,0,,
RECLAIM-V2-002701,C00512,RETRY_ALL,0,0,,,0,0,,
RECLAIM-V2-002702,C00550,TARGET,1,0,,,0,0,,
RECLAIM-V2-002703,C00908,RETRY_ALL,0,0,,,0,0,,
RECLAIM-V2-002704,C00230,RETRY_ALL,0,0,,,0,0,,
RECLAIM-V2-002705,C00519,RETRY_ALL,0,0,,,0,0,,
RECLAIM-V2-002706,C00434,RETRY_ALL,0,0,,,0,0,,
RECLAIM-V2-002707,C00680,RETRY_ALL,0,0,,,0,0,,
RECLAIM-V2-002708,C00642,RETRY_ALL,0,0,,,0,0,,
RECLAIM-V2-002709,C00279,RETRY_ALL,0,0,,,0,0,,
RECLAIM-V2-002710,C00803,RETRY_ALL,0,0,,,0,0,,
RECLAIM-V2-002711,C00612,RETRY_ALL,0,0,,,0,0,,
RECLAIM-V2-002712,C00980,RETRY_ALL,0,0,,,0,0,,
RECLAIM-V2-002713,C00734,RETRY_ALL,0,0,,,0,0,,
RECLAIM-V2-002714,C00517,RETRY_ALL,0,0,,,0,0,,
RECLAIM-V2-002715,C00739,RETRY_ALL,0,0,,,0,0,,
RECLAIM-V2-002716,C00826,RETRY_ALL,0,0,,,0,0,,
RECLAIM-V2-002717,C00434,RETRY_ALL,0,0,,,0,0,,
RECLAIM-V2-002718,C00997,RETRY_ALL,0,0,,,0,0,,
RECLAIM-V2-002719,C00278,RETRY_ALL,0,0,,,0,0,,
RECLAIM-V2-002720,C00365,RETRY_ALL,0,0,,,0,0,,
RECLAIM-V2-002721,C00414,RETRY_ALL,0,0,,,0,0,,
RECLAIM-V2-002722,C00015,RETRY_ALL,0,0,,,0,0,,
RECLAIM-V2-002723,C00659,RETRY_ALL,0,0,,,0,0,,
RECLAIM-V2-002724,C00497,RETRY_ALL,0,0,,,0,0,,
RECLAIM-V2-002725,C00727,RETRY_ALL,0,0,,,0,0,,
RECLAIM-V2-002726,C00825,RETRY_ALL,0,0,,,0,0,,
RECLAIM-V2-002727,C00921,RETRY_ALL,0,0,,,0,0,,
RECLAIM-V2-002728,C00930,RETRY_ALL,0,0,,,0,0,,
RECLAIM-V2-002729,C00746,RETRY_ALL,0,0,,,0,0,,
RECLAIM-V2-002730,C00695,RETRY_ALL,0,0,,,0,0,,
RECLAIM-V2-002731,C00070,RETRY_ALL,0,0,,,0,0,,
RECLAIM-V2-002732,C00214,RETRY_ALL,0,0,,,0,0,,
RECLAIM-V2-002733,C00205,RETRY_ALL,0,0,,,0,0,,
RECLAIM-V2-002734,C00547,RETRY_ALL,0,0,,,0,0,,
RECLAIM-V2-002735,C00495,RETRY_ALL,0,0,,,0,0,,
RECLAIM-V2-002736,C00646,RETRY_ALL,0,0,,,0,0,,
RECLAIM-V2-002737,C00937,RETRY_ALL,0,0,,,0,0,,
RECLAIM-V2-002738,C00612,RETRY_ALL,0,0,,,0,0,,
RECLAIM-V2-002739,C00734,RETRY_ALL,0,0,,,0,0,,
RECLAIM-V2-002740,C00190,RETRY_ALL,0,0,,,0,0,,
RECLAIM-V2-002741,C00270,RETRY_ALL,0,0,,,0,0,,
RECLAIM-V2-002742,C00035,RETRY_ALL,0,0,,,0,0,,
RECLAIM-V2-002743,C00448,RETRY_ALL,0,0,,,0,0,,
RECLAIM-V2-002744,C00461,RETRY_ALL,0,0,,,0,0,,
RECLAIM-V2-002745,C00214,RETRY_ALL,0,0,,,0,0,,
RECLAIM-V2-002746,C00567,TARGET,1,0,,,0,0,,
RECLAIM-V2-002747,C00159,RETRY_ALL,0,0,,,0,0,,
RECLAIM-V2-002748,C00695,RETRY_ALL,0,0,,,0,0,,
RECLAIM-V2-002749,C00676,RETRY_ALL,0,0,,,0,0,,
RECLAIM-V2-002750,C00863,RETRY_ALL,0,0,,,0,0,,
RECLAIM-V2-002751,C00378,TARGET,1,0,,,0,0,,
RECLAIM-V2-002752,C00663,TARGET,1,0,,,0,0,,
RECLAIM-V2-002753,C00746,RETRY_ALL,0,0,,,0,0,,
RECLAIM-V2-002754,C00360,RETRY_ALL,0,0,,,0,0,,
RECLAIM-V2-002755,C00485,RETRY_ALL,0,0,,,0,0,,
RECLAIM-V2-002756,C00611,RETRY_ALL,0,0,,,0,0,,
RECLAIM-V2-002757,C00611,RETRY_ALL,0,0,,,0,0,,
RECLAIM-V2-002758,C00138,RETRY_ALL,0,0,,,0,0,,
RECLAIM-V2-002759,C00542,RETRY_ALL,0,0,,,0,0,,
RECLAIM-V2-002760,C00680,RETRY_ALL,0,0,,,0,0,,
RECLAIM-V2-002761,C00275,RETRY_ALL,0,0,,,0,0,,
RECLAIM-V2-002762,C00625,RETRY_ALL,0,0,,,0,0,,
RECLAIM-V2-002763,C00391,RETRY_ALL,0,0,,,0,0,,
RECLAIM-V2-002764,C00015,RETRY_ALL,0,0,,,0,0,,
RECLAIM-V2-002765,C00201,RETRY_ALL,0,0,,,0,0,,
RECLAIM-V2-002766,C00652,RETRY_ALL,0,0,,,0,0,,
RECLAIM-V2-002767,C00222,RETRY_ALL,0,0,,,0,0,,
RECLAIM-V2-002768,C00747,RETRY_ALL,0,0,,,0,0,,
RECLAIM-V2-002769,C00565,RETRY_ALL,0,0,,,0,0,,
RECLAIM-V2-002770,C00795,RETRY_ALL,0,0,,,0,0,,
RECLAIM-V2-002771,C00352,RETRY_ALL,0,0,,,0,0,,
RECLAIM-V2-002772,C00674,RETRY_ALL,0,0,,,0,0,,
RECLAIM-V2-002773,C00157,RETRY_ALL,0,0,,,0,0,,
RECLAIM-V2-002774,C00457,RETRY_ALL,0,0,,,0,0,,
RECLAIM-V2-002775,C00574,RETRY_ALL,0,0,,,0,0,,
RECLAIM-V2-002776,C00005,RETRY_ALL,0,0,,,0,0,,
RECLAIM-V2-002777,C00664,RETRY_ALL,0,0,,,0,0,,
RECLAIM-V2-002778,C00497,RETRY_ALL,0,0,,,0,0,,
RECLAIM-V2-002779,C00942,RETRY_ALL,0,0,,,0,0,,
RECLAIM-V2-002780,C00619,RETRY_ALL,0,0,,,0,0,,
RECLAIM-V2-002781,C00449,RETRY_ALL,0,0,,,0,0,,
RECLAIM-V2-002782,C00646,RETRY_ALL,0,0,,,0,0,,
RECLAIM-V2-002783,C00324,RETRY_ALL,0,0,,,0,0,,
RECLAIM-V2-002784,C00450,RETRY_ALL,0,0,,,0,0,,
RECLAIM-V2-002785,C00384,RETRY_ALL,0,0,,,0,0,,
RECLAIM-V2-002786,C00173,RETRY_ALL,0,0,,,0,0,,
RECLAIM-V2-002787,C00988,RETRY_ALL,0,0,,,0,0,,
RECLAIM-V2-002788,C00846,RETRY_ALL,0,0,,,0,0,,
RECLAIM-V2-002789,C00460,RETRY_ALL,0,0,,,0,0,,
RECLAIM-V2-002790,C00497,RETRY_ALL,0,0,,,0,0,,
RECLAIM-V2-002791,C00003,RETRY_ALL,0,0,,,0,0,,
RECLAIM-V2-002792,C00525,RETRY_ALL,0,0,,,0,0,,
RECLAIM-V2-002793,C00096,RETRY_ALL,0,0,,,0,0,,
RECLAIM-V2-002794,C00571,RETRY_ALL,0,0,,,0,0,,
RECLAIM-V2-002795,C00295,TARGET,1,0,,,0,0,,
RECLAIM-V2-002796,C00227,RETRY_ALL,0,0,,,0,0,,
RECLAIM-V2-002797,C00234,RETRY_ALL,0,0,,,0,0,,
RECLAIM-V2-002798,C00174,RETRY_ALL,0,0,,,0,0,,
RECLAIM-V2-002799,C00098,RETRY_ALL,0,0,,,0,0,,
RECLAIM-V2-002800,C00931,RETRY_ALL,0,0,,,0,0,,
RECLAIM-V2-002801,C00961,RETRY_ALL,0,0,,,0,0,,
RECLAIM-V2-002802,C00964,RETRY_ALL,0,0,,,0,0,,
RECLAIM-V2-002803,C00418,RETRY_ALL,0,0,,,0,0,,
RECLAIM-V2-002804,C00304,RETRY_ALL,0,0,,,0,0,,
RECLAIM-V2-002805,C00296,RETRY_ALL,0,0,,,0,0,,
RECLAIM-V2-002806,C00611,RETRY_ALL,0,0,,,0,0,,
RECLAIM-V2-002807,C00643,RETRY_ALL,0,0,,,0,0,,
RECLAIM-V2-002808,C00378,RETRY_ALL,0,0,,,0,0,,
RECLAIM-V2-002809,C00323,RETRY_ALL,0,0,,,0,0,,
RECLAIM-V2-002810,C00551,RETRY_ALL,0,0,,,0,0,,
RECLAIM-V2-002811,C00577,RETRY_ALL,0,0,,,0,0,,
RECLAIM-V2-002812,C00929,RETRY_ALL,0,0,,,0,0,,
RECLAIM-V2-002813,C00326,RETRY_ALL,0,0,,,0,0,,
RECLAIM-V2-002814,C00138,RETRY_ALL,0,0,,,0,0,,
RECLAIM-V2-002815,C00437,RETRY_ALL,0,0,,,0,0,,
RECLAIM-V2-002816,C00846,RETRY_ALL,0,0,,,0,0,,
RECLAIM-V2-002817,C00461,TARGET,1,0,,,0,0,,
RECLAIM-V2-002818,C00629,RETRY_ALL,0,0,,,0,0,,
RECLAIM-V2-002819,C00563,RETRY_ALL,0,0,,,0,0,,
RECLAIM-V2-002820,C00659,RETRY_ALL,0,0,,,0,0,,
RECLAIM-V2-002821,C00810,RETRY_ALL,0,0,,,0,0,,
RECLAIM-V2-002822,C00102,RETRY_ALL,0,0,,,0,0,,
RECLAIM-V2-002823,C00345,RETRY_ALL,0,0,,,0,0,,
RECLAIM-V2-002824,C00930,RETRY_ALL,0,0,,,0,0,,
RECLAIM-V2-002825,C00110,RETRY_ALL,0,0,,,0,0,,
RECLAIM-V2-002826,C00988,RETRY_ALL,0,0,,,0,0,,
RECLAIM-V2-002827,C00012,RETRY_ALL,0,0,,,0,0,,
RECLAIM-V2-002828,C00241,RETRY_ALL,0,0,,,0,0,,
RECLAIM-V2-002829,C00525,RETRY_ALL,0,0,,,0,0,,
RECLAIM-V2-002830,C00518,RETRY_ALL,0,0,,,0,0,,
RECLAIM-V2-002831,C00625,RETRY_ALL,0,0,,,0,0,,
RECLAIM-V2-002832,C00978,RETRY_ALL,0,0,,,0,0,,
RECLAIM-V2-002833,C00842,RETRY_ALL,0,0,,,0,0,,
RECLAIM-V2-002834,C00919,RETRY_ALL,0,0,,,0,0,,
RECLAIM-V2-002835,C00155,TARGET,1,0,,,0,0,,
RECLAIM-V2-002836,C00863,RETRY_ALL,0,0,,,0,0,,
RECLAIM-V2-002837,C00612,RETRY_ALL,0,0,,,0,0,,
RECLAIM-V2-002838,C00234,RETRY_ALL,0,0,,,0,0,,
RECLAIM-V2-002839,C00795,RETRY_ALL,0,0,,,0,0,,
RECLAIM-V2-002840,C00117,RETRY_ALL,0,0,,,0,0,,
RECLAIM-V2-002841,C00595,RETRY_ALL,0,0,,,0,0,,
RECLAIM-V2-002842,C00929,RETRY_ALL,0,0,,,0,0,,
RECLAIM-V2-002843,C00659,RETRY_ALL,0,0,,,0,0,,
RECLAIM-V2-002844,C00480,RETRY_ALL,0,0,,,0,0,,
RECLAIM-V2-002845,C00451,RETRY_ALL,0,0,,,0,0,,
RECLAIM-V2-002846,C00088,RETRY_ALL,0,0,,,0,0,,
RECLAIM-V2-002847,C00049,RETRY_ALL,0,0,,,0,0,,
RECLAIM-V2-002848,C00270,RETRY_ALL,0,0,,,0,0,,
RECLAIM-V2-002849,C00762,RETRY_ALL,0,0,,,0,0,,
RECLAIM-V2-002850,C00655,RETRY_ALL,0,0,,,0,0,,
RECLAIM-V2-002851,C00056,RETRY_ALL,0,0,,,0,0,,
RECLAIM-V2-002852,C00395,RETRY_ALL,0,0,,,0,0,,
RECLAIM-V2-002853,C00271,RETRY_ALL,0,0,,,0,0,,
RECLAIM-V2-002854,C00416,RETRY_ALL,0,0,,,0,0,,
RECLAIM-V2-002855,C00930,RETRY_ALL,0,0,,,0,0,,
RECLAIM-V2-002856,C00426,RETRY_ALL,0,0,,,0,0,,
RECLAIM-V2-002857,C00980,RETRY_ALL,0,0,,,0,0,,
RECLAIM-V2-002858,C00749,RETRY_ALL,0,0,,,0,0,,
RECLAIM-V2-002859,C00319,RETRY_ALL,0,0,,,0,0,,
RECLAIM-V2-002860,C00751,RETRY_ALL,0,0,,,0,0,,
RECLAIM-V2-002861,C00229,RETRY_ALL,0,0,,,0,0,,
RECLAIM-V2-002862,C00727,RETRY_ALL,0,0,,,0,0,,
RECLAIM-V2-002863,C00590,RETRY_ALL,0,0,,,0,0,,
RECLAIM-V2-002864,C00709,RETRY_ALL,0,0,,,0,0,,
RECLAIM-V2-002865,C00749,RETRY_ALL,0,0,,,0,0,,
RECLAIM-V2-002866,C00182,RETRY_ALL,0,0,,,0,0,,
RECLAIM-V2-002867,C00466,RETRY_ALL,0,0,,,0,0,,
RECLAIM-V2-002868,C00427,RETRY_ALL,0,0,,,0,0,,
RECLAIM-V2-002869,C00764,RETRY_ALL,0,0,,,0,0,,
RECLAIM-V2-002870,C00378,RETRY_ALL,0,0,,,0,0,,
RECLAIM-V2-002871,C00577,RETRY_ALL,0,0,,,0,0,,
RECLAIM-V2-002872,C00238,RETRY_ALL,0,0,,,0,0,,
RECLAIM-V2-002873,C00863,RETRY_ALL,0,0,,,0,0,,
RECLAIM-V2-002874,C00931,RETRY_ALL,0,0,,,0,0,,
RECLAIM-V2-002875,C00421,RETRY_ALL,0,0,,,0,0,,
RECLAIM-V2-002876,C00643,RETRY_ALL,0,0,,,0,0,,
RECLAIM-V2-002877,C00816,RETRY_ALL,0,0,,,0,0,,
RECLAIM-V2-002878,C00073,RETRY_ALL,0,0,,,0,0,,
RECLAIM-V2-002879,C00821,RETRY_ALL,0,0,,,0,0,,
RECLAIM-V2-002880,C00874,RETRY_ALL,0,0,,,0,0,,
RECLAIM-V2-002881,C00378,RETRY_ALL,0,0,,,0,0,,
RECLAIM-V2-002882,C00517,RETRY_ALL,0,0,,,0,0,,
RECLAIM-V2-002883,C00347,RETRY_ALL,0,0,,,0,0,,
RECLAIM-V2-002884,C00901,RETRY_ALL,0,0,,,0,0,,
RECLAIM-V2-002885,C00727,RETRY_ALL,0,0,,,0,0,,
RECLAIM-V2-002886,C00049,RETRY_ALL,0,0,,,0,0,,
RECLAIM-V2-002887,C00554,RETRY_ALL,0,0,,,0,0,,
RECLAIM-V2-002888,C00590,RETRY_ALL,0,0,,,0,0,,
RECLAIM-V2-002889,C00680,RETRY_ALL,0,0,,,0,0,,
RECLAIM-V2-002890,C00182,RETRY_ALL,0,0,,,0,0,,
RECLAIM-V2-002891,C00431,RETRY_ALL,0,0,,,0,0,,
RECLAIM-V2-002892,C00565,RETRY_ALL,0,0,,,0,0,,
RECLAIM-V2-002893,C00492,RETRY_ALL,0,0,,,0,0,,
RECLAIM-V2-002894,C00361,RETRY_ALL,0,0,,,0,0,,
RECLAIM-V2-002895,C00698,RETRY_ALL,0,0,,,0,0,,
RECLAIM-V2-002896,C00132,RETRY_ALL,0,0,,,0,0,,
RECLAIM-V2-002897,C00643,RETRY_ALL,0,0,,,0,0,,
RECLAIM-V2-002898,C00401,RETRY_ALL,0,0,,,0,0,,
RECLAIM-V2-002899,C00567,TARGET,1,0,,,0,0,,
RECLAIM-V2-002900,C00478,RETRY_ALL,0,0,,,0,0,,
RECLAIM-V2-002901,C00943,RETRY_ALL,0,0,,,0,0,,
RECLAIM-V2-002902,C00790,RETRY_ALL,0,0,,,0,0,,
RECLAIM-V2-002903,C00746,RETRY_ALL,0,0,,,0,0,,
RECLAIM-V2-002904,C00146,RETRY_ALL,0,0,,,0,0,,
RECLAIM-V2-002905,C00244,RETRY_ALL,0,0,,,0,0,,
RECLAIM-V2-002906,C00671,RETRY_ALL,0,0,,,0,0,,
RECLAIM-V2-002907,C00394,RETRY_ALL,0,0,,,0,0,,
RECLAIM-V2-002908,C00597,RETRY_ALL,0,0,,,0,0,,
RECLAIM-V2-002909,C00260,RETRY_ALL,0,0,,,0,0,,
RECLAIM-V2-002910,C00170,RETRY_ALL,0,0,,,0,0,,
RECLAIM-V2-002911,C00488,RETRY_ALL,0,0,,,0,0,,
RECLAIM-V2-002912,C00927,RETRY_ALL,0,0,,,0,0,,
RECLAIM-V2-002913,C00739,TARGET,1,0,,,0,0,,
RECLAIM-V2-002914,C00378,RETRY_ALL,0,0,,,0,0,,
RECLAIM-V2-002915,C00707,RETRY_ALL,0,0,,,0,0,,
RECLAIM-V2-002916,C00131,RETRY_ALL,0,0,,,0,0,,
RECLAIM-V2-002917,C00919,RETRY_ALL,0,0,,,0,0,,
RECLAIM-V2-002918,C00122,RETRY_ALL,0,0,,,0,0,,
RECLAIM-V2-002919,C00452,RETRY_ALL,0,0,,,0,0,,
RECLAIM-V2-002920,C00205,RETRY_ALL,0,0,,,0,0,,
RECLAIM-V2-002921,C00497,RETRY_ALL,0,0,,,0,0,,
RECLAIM-V2-002922,C00295,TARGET,1,0,,,0,0,,
RECLAIM-V2-002923,C00817,RETRY_ALL,0,0,,,0,0,,
RECLAIM-V2-002924,C00049,RETRY_ALL,0,0,,,0,0,,
RECLAIM-V2-002925,C00463,RETRY_ALL,0,0,,,0,0,,
RECLAIM-V2-002926,C00517,RETRY_ALL,0,0,,,0,0,,
RECLAIM-V2-002927,C00517,RETRY_ALL,0,0,,,0,0,,
RECLAIM-V2-002928,C00418,RETRY_ALL,0,0,,,0,0,,
RECLAIM-V2-002929,C00041,RETRY_ALL,0,0,,,0,0,,
RECLAIM-V2-002930,C00840,RETRY_ALL,0,0,,,0,0,,
RECLAIM-V2-002931,C00201,RETRY_ALL,0,0,,,0,0,,
RECLAIM-V2-002932,C00378,RETRY_ALL,0,0,,,0,0,,
RECLAIM-V2-002933,C00315,RETRY_ALL,0,0,,,0,0,,
RECLAIM-V2-002934,C00329,RETRY_ALL,0,0,,,0,0,,
RECLAIM-V2-002935,C00874,RETRY_ALL,0,0,,,0,0,,
RECLAIM-V2-002936,C00818,RETRY_ALL,0,0,,,0,0,,
RECLAIM-V2-002937,C00973,RETRY_ALL,0,0,,,0,0,,
RECLAIM-V2-002938,C00904,RETRY_ALL,0,0,,,0,0,,
RECLAIM-V2-002939,C00156,RETRY_ALL,0,0,,,0,0,,
RECLAIM-V2-002940,C00789,RETRY_ALL,0,0,,,0,0,,
RECLAIM-V2-002941,C00005,RETRY_ALL,0,0,,,0,0,,
RECLAIM-V2-002942,C00380,RETRY_ALL,0,0,,,0,0,,
RECLAIM-V2-002943,C00032,RETRY_ALL,0,0,,,0,0,,
RECLAIM-V2-002944,C00718,RETRY_ALL,0,0,,,0,0,,
RECLAIM-V2-002945,C00344,RETRY_ALL,0,0,,,0,0,,
RECLAIM-V2-002946,C00502,RETRY_ALL,0,0,,,0,0,,
RECLAIM-V2-002947,C00347,RETRY_ALL,0,0,,,0,0,,
RECLAIM-V2-002948,C00045,RETRY_ALL,0,0,,,0,0,,
RECLAIM-V2-002949,C00182,RETRY_ALL,0,0,,,0,0,,
RECLAIM-V2-002950,C00347,RETRY_ALL,0,0,,,0,0,,
RECLAIM-V2-002951,C00418,RETRY_ALL,0,0,,,0,0,,
RECLAIM-V2-002952,C00449,RETRY_ALL,0,0,,,0,0,,
RECLAIM-V2-002953,C00222,RETRY_ALL,0,0,,,0,0,,
RECLAIM-V2-002954,C00035,RETRY_ALL,0,0,,,0,0,,
RECLAIM-V2-002955,C00450,RETRY_ALL,0,0,,,0,0,,
RECLAIM-V2-002956,C00841,RETRY_ALL,0,0,,,0,0,,
RECLAIM-V2-002957,C00307,RETRY_ALL,0,0,,,0,0,,
RECLAIM-V2-002958,C00663,TARGET,1,0,,,0,0,,
RECLAIM-V2-002959,C00980,RETRY_ALL,0,0,,,0,0,,
RECLAIM-V2-002960,C00205,RETRY_ALL,0,0,,,0,0,,
RECLAIM-V2-002961,C00875,RETRY_ALL,0,0,,,0,0,,
RECLAIM-V2-002962,C00542,RETRY_ALL,0,0,,,0,0,,
RECLAIM-V2-002963,C00123,RETRY_ALL,0,0,,,0,0,,
RECLAIM-V2-002964,C00590,RETRY_ALL,0,0,,,0,0,,
RECLAIM-V2-002965,C00449,RETRY_ALL,0,0,,,0,0,,
RECLAIM-V2-002966,C00216,TARGET,1,0,,,0,0,,
RECLAIM-V2-002967,C00500,RETRY_ALL,0,0,,,0,0,,
RECLAIM-V2-002968,C00803,RETRY_ALL,0,0,,,0,0,,
RECLAIM-V2-002969,C00664,RETRY_ALL,0,0,,,0,0,,
RECLAIM-V2-002970,C00113,RETRY_ALL,0,0,,,0,0,,
RECLAIM-V2-002971,C00268,RETRY_ALL,0,0,,,0,0,,
RECLAIM-V2-002972,C00418,RETRY_ALL,0,0,,,0,0,,
RECLAIM-V2-002973,C00595,RETRY_ALL,0,0,,,0,0,,
RECLAIM-V2-002974,C00049,RETRY_ALL,0,0,,,0,0,,
RECLAIM-V2-002975,C00981,RETRY_ALL,0,0,,,0,0,,
RECLAIM-V2-002976,C00124,RETRY_ALL,0,0,,,0,0,,
RECLAIM-V2-002977,C00735,RETRY_ALL,0,0,,,0,0,,
RECLAIM-V2-002978,C00241,RETRY_ALL,0,0,,,0,0,,
RECLAIM-V2-002979,C00054,RETRY_ALL,0,0,,,0,0,,
RECLAIM-V2-002980,C00795,RETRY_ALL,0,0,,,0,0,,
RECLAIM-V2-002981,C00816,RETRY_ALL,0,0,,,0,0,,
RECLAIM-V2-002982,C00015,RETRY_ALL,0,0,,,0,0,,
RECLAIM-V2-002983,C00226,RETRY_ALL,0,0,,,0,0,,
RECLAIM-V2-002984,C00931,RETRY_ALL,0,0,,,0,0,,
RECLAIM-V2-002985,C00347,RETRY_ALL,0,0,,,0,0,,
RECLAIM-V2-002986,C00140,RETRY_ALL,0,0,,,0,0,,
RECLAIM-V2-002987,C00961,RETRY_ALL,0,0,,,0,0,,
RECLAIM-V2-002988,C00931,RETRY_ALL,0,0,,,0,0,,
RECLAIM-V2-002989,C00747,RETRY_ALL,0,0,,,0,0,,
RECLAIM-V2-002990,C00261,RETRY_ALL,0,0,,,0,0,,
RECLAIM-V2-002991,C00828,RETRY_ALL,0,0,,,0,0,,
RECLAIM-V2-002992,C00931,RETRY_ALL,0,0,,,0,0,,
RECLAIM-V2-002993,C00315,RETRY_ALL,0,0,,,0,0,,
RECLAIM-V2-002994,C00842,RETRY_ALL,0,0,,,0,0,,
RECLAIM-V2-002995,C00718,RETRY_ALL,0,0,,,0,0,,
RECLAIM-V2-002996,C00994,RETRY_ALL,0,0,,,0,0,,
RECLAIM-V2-002997,C00414,RETRY_ALL,0,0,,,0,0,,
RECLAIM-V2-002998,C00608,RETRY_ALL,0,0,,,0,0,,
RECLAIM-V2-002999,C00746,RETRY_ALL,0,0,,,0,0,,
RECLAIM-V2-003000,C00840,RETRY_ALL,0,0,,,0,0,,
RECLAIM-V2-003001,C00437,RETRY_ALL,0,0,,,0,0,,
RECLAIM-V2-003002,C00642,RETRY_ALL,0,0,,,0,0,,
RECLAIM-V2-003003,C00451,RETRY_ALL,0,0,,,0,0,,
RECLAIM-V2-003004,C00425,RETRY_ALL,0,0,,,0,0,,
RECLAIM-V2-003005,C00241,RETRY_ALL,0,0,,,0,0,,
RECLAIM-V2-003006,C00041,RETRY_ALL,0,0,,,0,0,,
RECLAIM-V2-003007,C00733,RETRY_ALL,0,0,,,0,0,,
RECLAIM-V2-003008,C00427,RETRY_ALL,0,0,,,0,0,,
RECLAIM-V2-003009,C00577,RETRY_ALL,0,0,,,0,0,,
RECLAIM-V2-003010,C00391,RETRY_ALL,0,0,,,0,0,,
RECLAIM-V2-003011,C00041,RETRY_ALL,0,0,,,0,0,,
RECLAIM-V2-003012,C00205,RETRY_ALL,0,0,,,0,0,,
RECLAIM-V2-003013,C00266,RETRY_ALL,0,0,,,0,0,,
RECLAIM-V2-003014,C00664,RETRY_ALL,0,0,,,0,0,,
RECLAIM-V2-003015,C00964,RETRY_ALL,0,0,,,0,0,,
RECLAIM-V2-003016,C00550,TARGET,1,0,,,0,0,,
RECLAIM-V2-003017,C00003,RETRY_ALL,0,0,,,0,0,,
RECLAIM-V2-003018,C00563,RETRY_ALL,0,0,,,0,0,,
RECLAIM-V2-003019,C00265,RETRY_ALL,0,0,,,0,0,,
RECLAIM-V2-003020,C00205,RETRY_ALL,0,0,,,0,0,,
RECLAIM-V2-003021,C00361,RETRY_ALL,0,0,,,0,0,,
RECLAIM-V2-003022,C00734,RETRY_ALL,0,0,,,0,0,,
RECLAIM-V2-003023,C00062,RETRY_ALL,0,0,,,0,0,,
RECLAIM-V2-003024,C00043,RETRY_ALL,0,0,,,0,0,,
RECLAIM-V2-003025,C00138,RETRY_ALL,0,0,,,0,0,,
RECLAIM-V2-003026,C00930,RETRY_ALL,0,0,,,0,0,,
RECLAIM-V2-003027,C00906,RETRY_ALL,0,0,,,0,0,,
RECLAIM-V2-003028,C00919,RETRY_ALL,0,0,,,0,0,,
RECLAIM-V2-003029,C00458,RETRY_ALL,0,0,,,0,0,,
RECLAIM-V2-003030,C00138,RETRY_ALL,0,0,,,0,0,,
RECLAIM-V2-003031,C00463,RETRY_ALL,0,0,,,0,0,,
RECLAIM-V2-003032,C00567,TARGET,1,0,,,0,0,,
RECLAIM-V2-003033,C00138,RETRY_ALL,0,0,,,0,0,,
RECLAIM-V2-003034,C00140,RETRY_ALL,0,0,,,0,0,,
RECLAIM-V2-003035,C00791,RETRY_ALL,0,0,,,0,0,,
RECLAIM-V2-003036,C00278,RETRY_ALL,0,0,,,0,0,,
RECLAIM-V2-003037,C00997,RETRY_ALL,0,0,,,0,0,,
RECLAIM-V2-003038,C00643,RETRY_ALL,0,0,,,0,0,,
RECLAIM-V2-003039,C00187,TARGET,1,0,,,0,0,,
RECLAIM-V2-003040,C00229,RETRY_ALL,0,0,,,0,0,,
RECLAIM-V2-003041,C00816,RETRY_ALL,0,0,,,0,0,,
RECLAIM-V2-003042,C00260,RETRY_ALL,0,0,,,0,0,,
RECLAIM-V2-003043,C00629,RETRY_ALL,0,0,,,0,0,,
RECLAIM-V2-003044,C00988,RETRY_ALL,0,0,,,0,0,,
RECLAIM-V2-003045,C00816,RETRY_ALL,0,0,,,0,0,,
RECLAIM-V2-003046,C00326,RETRY_ALL,0,0,,,0,0,,
RECLAIM-V2-003047,C00818,RETRY_ALL,0,0,,,0,0,,
RECLAIM-V2-003048,C00681,RETRY_ALL,0,0,,,0,0,,
RECLAIM-V2-003049,C00971,RETRY_ALL,0,0,,,0,0,,
RECLAIM-V2-003050,C00108,RETRY_ALL,0,0,,,0,0,,
RECLAIM-V2-003051,C00459,TARGET,1,0,,,0,0,,
RECLAIM-V2-003052,C00005,RETRY_ALL,0,0,,,0,0,,
RECLAIM-V2-003053,C00098,RETRY_ALL,0,0,,,0,0,,
RECLAIM-V2-003054,C00190,RETRY_ALL,0,0,,,0,0,,
RECLAIM-V2-003055,C00275,RETRY_ALL,0,0,,,0,0,,
RECLAIM-V2-003056,C00527,RETRY_ALL,0,0,,,0,0,,
RECLAIM-V2-003057,C00392,RETRY_ALL,0,0,,,0,0,,
RECLAIM-V2-003058,C00709,RETRY_ALL,0,0,,,0,0,,
RECLAIM-V2-003059,C00004,RETRY_ALL,0,0,,,0,0,,
RECLAIM-V2-003060,C00936,RETRY_ALL,0,0,,,0,0,,
RECLAIM-V2-003061,C00163,RETRY_ALL,0,0,,,0,0,,
RECLAIM-V2-003062,C00372,RETRY_ALL,0,0,,,0,0,,
RECLAIM-V2-003063,C00319,RETRY_ALL,0,0,,,0,0,,
RECLAIM-V2-003064,C00674,RETRY_ALL,0,0,,,0,0,,
RECLAIM-V2-003065,C00173,RETRY_ALL,0,0,,,0,0,,
RECLAIM-V2-003066,C00270,RETRY_ALL,0,0,,,0,0,,
RECLAIM-V2-003067,C00977,RETRY_ALL,0,0,,,0,0,,
RECLAIM-V2-003068,C00571,RETRY_ALL,0,0,,,0,0,,
RECLAIM-V2-003069,C00680,RETRY_ALL,0,0,,,0,0,,
RECLAIM-V2-003070,C00999,RETRY_ALL,0,0,,,0,0,,
RECLAIM-V2-003071,C00624,RETRY_ALL,0,0,,,0,0,,
RECLAIM-V2-003072,C00846,RETRY_ALL,0,0,,,0,0,,
RECLAIM-V2-003073,C00158,RETRY_ALL,0,0,,,0,0,,
RECLAIM-V2-003074,C00138,RETRY_ALL,0,0,,,0,0,,
RECLAIM-V2-003075,C00841,RETRY_ALL,0,0,,,0,0,,
RECLAIM-V2-003076,C00064,RETRY_ALL,0,0,,,0,0,,
RECLAIM-V2-003077,C00906,RETRY_ALL,0,0,,,0,0,,
RECLAIM-V2-003078,C00695,RETRY_ALL,0,0,,,0,0,,
RECLAIM-V2-003079,C00378,RETRY_ALL,0,0,,,0,0,,
RECLAIM-V2-003080,C00746,RETRY_ALL,0,0,,,0,0,,
RECLAIM-V2-003081,C00945,RETRY_ALL,0,0,,,0,0,,
RECLAIM-V2-003082,C00897,RETRY_ALL,0,0,,,0,0,,
RECLAIM-V2-003083,C00124,RETRY_ALL,0,0,,,0,0,,
RECLAIM-V2-003084,C00994,RETRY_ALL,0,0,,,0,0,,
RECLAIM-V2-003085,C00438,RETRY_ALL,0,0,,,0,0,,
RECLAIM-V2-003086,C00339,RETRY_ALL,0,0,,,0,0,,
RECLAIM-V2-003087,C00157,RETRY_ALL,0,0,,,0,0,,
RECLAIM-V2-003088,C00015,RETRY_ALL,0,0,,,0,0,,
RECLAIM-V2-003089,C00599,RETRY_ALL,0,0,,,0,0,,
RECLAIM-V2-003090,C00567,TARGET,1,0,,,0,0,,
RECLAIM-V2-003091,C00680,RETRY_ALL,0,0,,,0,0,,
RECLAIM-V2-003092,C00380,RETRY_ALL,0,0,,,0,0,,
RECLAIM-V2-003093,C00434,RETRY_ALL,0,0,,,0,0,,
RECLAIM-V2-003094,C00841,RETRY_ALL,0,0,,,0,0,,
RECLAIM-V2-003095,C00683,RETRY_ALL,0,0,,,0,0,,
RECLAIM-V2-003096,C00936,RETRY_ALL,0,0,,,0,0,,
RECLAIM-V2-003097,C00223,RETRY_ALL,0,0,,,0,0,,
RECLAIM-V2-003098,C00810,RETRY_ALL,0,0,,,0,0,,
RECLAIM-V2-003099,C00320,RETRY_ALL,0,0,,,0,0,,
RECLAIM-V2-003100,C00339,RETRY_ALL,0,0,,,0,0,,
RECLAIM-V2-003101,C00275,RETRY_ALL,0,0,,,0,0,,
RECLAIM-V2-003102,C00659,RETRY_ALL,0,0,,,0,0,,
RECLAIM-V2-003103,C00315,RETRY_ALL,0,0,,,0,0,,
RECLAIM-V2-003104,C00863,RETRY_ALL,0,0,,,0,0,,
RECLAIM-V2-003105,C00393,RETRY_ALL,0,0,,,0,0,,
RECLAIM-V2-003106,C00846,RETRY_ALL,0,0,,,0,0,,
RECLAIM-V2-003107,C00642,RETRY_ALL,0,0,,,0,0,,
RECLAIM-V2-003108,C00043,RETRY_ALL,0,0,,,0,0,,
RECLAIM-V2-003109,C00196,RETRY_ALL,0,0,,,0,0,,
RECLAIM-V2-003110,C00542,RETRY_ALL,0,0,,,0,0,,
RECLAIM-V2-003111,C00326,RETRY_ALL,0,0,,,0,0,,
RECLAIM-V2-003112,C00117,RETRY_ALL,0,0,,,0,0,,
RECLAIM-V2-003113,C00131,RETRY_ALL,0,0,,,0,0,,
RECLAIM-V2-003114,C00573,RETRY_ALL,0,0,,,0,0,,
RECLAIM-V2-003115,C00551,RETRY_ALL,0,0,,,0,0,,
RECLAIM-V2-003116,C00945,RETRY_ALL,0,0,,,0,0,,
RECLAIM-V2-003117,C00739,RETRY_ALL,0,0,,,0,0,,
RECLAIM-V2-003118,C00673,RETRY_ALL,0,0,,,0,0,,
RECLAIM-V2-003119,C00122,RETRY_ALL,0,0,,,0,0,,
RECLAIM-V2-003120,C00938,RETRY_ALL,0,0,,,0,0,,
RECLAIM-V2-003121,C00147,RETRY_ALL,0,0,,,0,0,,
RECLAIM-V2-003122,C00459,TARGET,1,0,,,0,0,,
RECLAIM-V2-003123,C00524,RETRY_ALL,0,0,,,0,0,,
RECLAIM-V2-003124,C00783,RETRY_ALL,0,0,,,0,0,,
RECLAIM-V2-003125,C00410,TARGET,1,0,,,0,0,,
RECLAIM-V2-003126,C00179,RETRY_ALL,0,0,,,0,0,,
RECLAIM-V2-003127,C00590,RETRY_ALL,0,0,,,0,0,,
RECLAIM-V2-003128,C00043,RETRY_ALL,0,0,,,0,0,,
RECLAIM-V2-003129,C00244,RETRY_ALL,0,0,,,0,0,,
RECLAIM-V2-003130,C00512,RETRY_ALL,0,0,,,0,0,,
RECLAIM-V2-003131,C00010,RETRY_ALL,0,0,,,0,0,,
RECLAIM-V2-003132,C00296,RETRY_ALL,0,0,,,0,0,,
RECLAIM-V2-003133,C00517,RETRY_ALL,0,0,,,0,0,,
RECLAIM-V2-003134,C00156,RETRY_ALL,0,0,,,0,0,,
RECLAIM-V2-003135,C00018,RETRY_ALL,0,0,,,0,0,,
RECLAIM-V2-003136,C00493,RETRY_ALL,0,0,,,0,0,,
RECLAIM-V2-003137,C00441,RETRY_ALL,0,0,,,0,0,,
RECLAIM-V2-003138,C00882,RETRY_ALL,0,0,,,0,0,,
RECLAIM-V2-003139,C00577,RETRY_ALL,0,0,,,0,0,,
RECLAIM-V2-003140,C00590,RETRY_ALL,0,0,,,0,0,,
RECLAIM-V2-003141,C00816,RETRY_ALL,0,0,,,0,0,,
RECLAIM-V2-003142,C00193,RETRY_ALL,0,0,,,0,0,,
RECLAIM-V2-003143,C00437,RETRY_ALL,0,0,,,0,0,,
RECLAIM-V2-003144,C00612,RETRY_ALL,0,0,,,0,0,,
RECLAIM-V2-003145,C00089,RETRY_ALL,0,0,,,0,0,,
RECLAIM-V2-003146,C00138,RETRY_ALL,0,0,,,0,0,,
RECLAIM-V2-003147,C00113,RETRY_ALL,0,0,,,0,0,,
RECLAIM-V2-003148,C00820,RETRY_ALL,0,0,,,0,0,,
RECLAIM-V2-003149,C00565,RETRY_ALL,0,0,,,0,0,,
RECLAIM-V2-003150,C00463,RETRY_ALL,0,0,,,0,0,,
RECLAIM-V2-003151,C00246,RETRY_ALL,0,0,,,0,0,,
RECLAIM-V2-003152,C00291,TARGET,1,0,,,0,0,,
RECLAIM-V2-003153,C00897,RETRY_ALL,0,0,,,0,0,,
RECLAIM-V2-003154,C00056,RETRY_ALL,0,0,,,0,0,,
RECLAIM-V2-003155,C00870,RETRY_ALL,0,0,,,0,0,,
RECLAIM-V2-003156,C00727,RETRY_ALL,0,0,,,0,0,,
RECLAIM-V2-003157,C00997,RETRY_ALL,0,0,,,0,0,,
RECLAIM-V2-003158,C00669,RETRY_ALL,0,0,,,0,0,,
RECLAIM-V2-003159,C00973,RETRY_ALL,0,0,,,0,0,,
RECLAIM-V2-003160,C00351,RETRY_ALL,0,0,,,0,0,,
RECLAIM-V2-003161,C00101,RETRY_ALL,0,0,,,0,0,,
RECLAIM-V2-003162,C00416,RETRY_ALL,0,0,,,0,0,,
RECLAIM-V2-003163,C00461,RETRY_ALL,0,0,,,0,0,,
RECLAIM-V2-003164,C00293,RETRY_ALL,0,0,,,0,0,,
RECLAIM-V2-003165,C00779,RETRY_ALL,0,0,,,0,0,,
RECLAIM-V2-003166,C00318,RETRY_ALL,0,0,,,0,0,,
RECLAIM-V2-003167,C00485,RETRY_ALL,0,0,,,0,0,,
RECLAIM-V2-003168,C00463,RETRY_ALL,0,0,,,0,0,,
RECLAIM-V2-003169,C00317,RETRY_ALL,0,0,,,0,0,,
RECLAIM-V2-003170,C00315,RETRY_ALL,0,0,,,0,0,,
RECLAIM-V2-003171,C00318,RETRY_ALL,0,0,,,0,0,,
RECLAIM-V2-003172,C00378,RETRY_ALL,0,0,,,0,0,,
RECLAIM-V2-003173,C00525,RETRY_ALL,0,0,,,0,0,,
RECLAIM-V2-003174,C00718,RETRY_ALL,0,0,,,0,0,,
RECLAIM-V2-003175,C00145,RETRY_ALL,0,0,,,0,0,,
RECLAIM-V2-003176,C00841,RETRY_ALL,0,0,,,0,0,,
RECLAIM-V2-003177,C00518,RETRY_ALL,0,0,,,0,0,,
RECLAIM-V2-003178,C00587,RETRY_ALL,0,0,,,0,0,,
RECLAIM-V2-003179,C00735,RETRY_ALL,0,0,,,0,0,,
RECLAIM-V2-003180,C00427,RETRY_ALL,0,0,,,0,0,,
RECLAIM-V2-003181,C00519,RETRY_ALL,0,0,,,0,0,,
RECLAIM-V2-003182,C00179,RETRY_ALL,0,0,,,0,0,,
RECLAIM-V2-003183,C00629,RETRY_ALL,0,0,,,0,0,,
RECLAIM-V2-003184,C00413,RETRY_ALL,0,0,,,0,0,,
RECLAIM-V2-003185,C00107,RETRY_ALL,0,0,,,0,0,,
RECLAIM-V2-003186,C00597,RETRY_ALL,0,0,,,0,0,,
RECLAIM-V2-003187,C00372,RETRY_ALL,0,0,,,0,0,,
RECLAIM-V2-003188,C00124,RETRY_ALL,0,0,,,0,0,,
RECLAIM-V2-003189,C00595,RETRY_ALL,0,0,,,0,0,,
RECLAIM-V2-003190,C00326,RETRY_ALL,0,0,,,0,0,,
RECLAIM-V2-003191,C00433,RETRY_ALL,0,0,,,0,0,,
RECLAIM-V2-003192,C00764,RETRY_ALL,0,0,,,0,0,,
RECLAIM-V2-003193,C00416,RETRY_ALL,0,0,,,0,0,,
RECLAIM-V2-003194,C00698,RETRY_ALL,0,0,,,0,0,,
RECLAIM-V2-003195,C00296,RETRY_ALL,0,0,,,0,0,,
RECLAIM-V2-003196,C00901,RETRY_ALL,0,0,,,0,0,,
RECLAIM-V2-003197,C00190,RETRY_ALL,0,0,,,0,0,,
RECLAIM-V2-003198,C00190,RETRY_ALL,0,0,,,0,0,,
RECLAIM-V2-003199,C00894,RETRY_ALL,0,0,,,0,0,,
RECLAIM-V2-003200,C00629,RETRY_ALL,0,0,,,0,0,,
RECLAIM-V2-003201,C00249,RETRY_ALL,0,0,,,0,0,,
RECLAIM-V2-003202,C00795,RETRY_ALL,0,0,,,0,0,,
RECLAIM-V2-003203,C00834,RETRY_ALL,0,0,,,0,0,,
RECLAIM-V2-003204,C00343,RETRY_ALL,0,0,,,0,0,,
RECLAIM-V2-003205,C00069,RETRY_ALL,0,0,,,0,0,,
RECLAIM-V2-003206,C00906,RETRY_ALL,0,0,,,0,0,,
RECLAIM-V2-003207,C00991,RETRY_ALL,0,0,,,0,0,,
RECLAIM-V2-003208,C00977,RETRY_ALL,0,0,,,0,0,,
RECLAIM-V2-003209,C00241,RETRY_ALL,0,0,,,0,0,,
RECLAIM-V2-003210,C00228,RETRY_ALL,0,0,,,0,0,,
RECLAIM-V2-003211,C00663,TARGET,1,0,,,0,0,,
RECLAIM-V2-003212,C00551,RETRY_ALL,0,0,,,0,0,,
RECLAIM-V2-003213,C00206,RETRY_ALL,0,0,,,0,0,,
RECLAIM-V2-003214,C00372,RETRY_ALL,0,0,,,0,0,,
RECLAIM-V2-003215,C00882,RETRY_ALL,0,0,,,0,0,,
RECLAIM-V2-003216,C00392,RETRY_ALL,0,0,,,0,0,,
RECLAIM-V2-003217,C00432,RETRY_ALL,0,0,,,0,0,,
RECLAIM-V2-003218,C00643,RETRY_ALL,0,0,,,0,0,,
RECLAIM-V2-003219,C00733,RETRY_ALL,0,0,,,0,0,,
RECLAIM-V2-003220,C00528,RETRY_ALL,0,0,,,0,0,,
RECLAIM-V2-003221,C00542,RETRY_ALL,0,0,,,0,0,,
RECLAIM-V2-003222,C00005,TARGET,1,0,,,0,0,,
RECLAIM-V2-003223,C00214,RETRY_ALL,0,0,,,0,0,,
RECLAIM-V2-003224,C00516,RETRY_ALL,0,0,,,0,0,,
RECLAIM-V2-003225,C00318,RETRY_ALL,0,0,,,0,0,,
RECLAIM-V2-003226,C00196,RETRY_ALL,0,0,,,0,0,,
RECLAIM-V2-003227,C00517,RETRY_ALL,0,0,,,0,0,,
RECLAIM-V2-003228,C00851,RETRY_ALL,0,0,,,0,0,,
RECLAIM-V2-003229,C00841,RETRY_ALL,0,0,,,0,0,,
RECLAIM-V2-003230,C00789,RETRY_ALL,0,0,,,0,0,,
RECLAIM-V2-003231,C00221,RETRY_ALL,0,0,,,0,0,,
RECLAIM-V2-003232,C00681,RETRY_ALL,0,0,,,0,0,,
RECLAIM-V2-003233,C00736,RETRY_ALL,0,0,,,0,0,,
RECLAIM-V2-003234,C00429,RETRY_ALL,0,0,,,0,0,,
RECLAIM-V2-003235,C00683,RETRY_ALL,0,0,,,0,0,,
RECLAIM-V2-003236,C00193,RETRY_ALL,0,0,,,0,0,,
RECLAIM-V2-003237,C00542,RETRY_ALL,0,0,,,0,0,,
RECLAIM-V2-003238,C00429,RETRY_ALL,0,0,,,0,0,,
RECLAIM-V2-003239,C00126,RETRY_ALL,0,0,,,0,0,,
RECLAIM-V2-003240,C00565,RETRY_ALL,0,0,,,0,0,,
RECLAIM-V2-003241,C00291,TARGET,1,0,,,0,0,,
RECLAIM-V2-003242,C00826,RETRY_ALL,0,0,,,0,0,,
RECLAIM-V2-003243,C00187,TARGET,1,0,,,0,0,,
RECLAIM-V2-003244,C00361,RETRY_ALL,0,0,,,0,0,,
RECLAIM-V2-003245,C00069,RETRY_ALL,0,0,,,0,0,,
RECLAIM-V2-003246,C00265,RETRY_ALL,0,0,,,0,0,,
RECLAIM-V2-003247,C00457,RETRY_ALL,0,0,,,0,0,,
RECLAIM-V2-003248,C00669,RETRY_ALL,0,0,,,0,0,,
RECLAIM-V2-003249,C00450,RETRY_ALL,0,0,,,0,0,,
RECLAIM-V2-003250,C00907,RETRY_ALL,0,0,,,0,0,,
RECLAIM-V2-003251,C00080,TARGET,1,0,,,0,0,,
RECLAIM-V2-003252,C00142,RETRY_ALL,0,0,,,0,0,,
RECLAIM-V2-003253,C00168,RETRY_ALL,0,0,,,0,0,,
RECLAIM-V2-003254,C00145,RETRY_ALL,0,0,,,0,0,,
RECLAIM-V2-003255,C00270,RETRY_ALL,0,0,,,0,0,,
RECLAIM-V2-003256,C00935,TARGET,1,0,,,0,0,,
RECLAIM-V2-003257,C00457,RETRY_ALL,0,0,,,0,0,,
RECLAIM-V2-003258,C00991,RETRY_ALL,0,0,,,0,0,,
RECLAIM-V2-003259,C00437,RETRY_ALL,0,0,,,0,0,,
RECLAIM-V2-003260,C00779,RETRY_ALL,0,0,,,0,0,,
RECLAIM-V2-003261,C00874,RETRY_ALL,0,0,,,0,0,,
RECLAIM-V2-003262,C00979,RETRY_ALL,0,0,,,0,0,,
RECLAIM-V2-003263,C00919,RETRY_ALL,0,0,,,0,0,,
RECLAIM-V2-003264,C00945,RETRY_ALL,0,0,,,0,0,,
RECLAIM-V2-003265,C00979,RETRY_ALL,0,0,,,0,0,,
RECLAIM-V2-003266,C00452,RETRY_ALL,0,0,,,0,0,,
RECLAIM-V2-003267,C00550,TARGET,1,0,,,0,0,,
RECLAIM-V2-003268,C00627,RETRY_ALL,0,0,,,0,0,,
RECLAIM-V2-003269,C00764,TARGET,1,0,,,0,0,,
RECLAIM-V2-003270,C00524,RETRY_ALL,0,0,,,0,0,,
RECLAIM-V2-003271,C00816,RETRY_ALL,0,0,,,0,0,,
RECLAIM-V2-003272,C00218,RETRY_ALL,0,0,,,0,0,,
RECLAIM-V2-003273,C00323,RETRY_ALL,0,0,,,0,0,,
RECLAIM-V2-003274,C00441,RETRY_ALL,0,0,,,0,0,,
RECLAIM-V2-003275,C00005,RETRY_ALL,0,0,,,0,0,,
RECLAIM-V2-003276,C00966,RETRY_ALL,0,0,,,0,0,,
RECLAIM-V2-003277,C00384,RETRY_ALL,0,0,,,0,0,,
RECLAIM-V2-003278,C00567,TARGET,1,0,,,0,0,,
RECLAIM-V2-003279,C00025,RETRY_ALL,0,0,,,0,0,,
RECLAIM-V2-003280,C00244,RETRY_ALL,0,0,,,0,0,,
RECLAIM-V2-003281,C00999,RETRY_ALL,0,0,,,0,0,,
RECLAIM-V2-003282,C00997,RETRY_ALL,0,0,,,0,0,,
RECLAIM-V2-003283,C00401,RETRY_ALL,0,0,,,0,0,,
RECLAIM-V2-003284,C00461,TARGET,1,0,,,0,0,,
RECLAIM-V2-003285,C00619,RETRY_ALL,0,0,,,0,0,,
RECLAIM-V2-003286,C00695,RETRY_ALL,0,0,,,0,0,,
RECLAIM-V2-003287,C00551,RETRY_ALL,0,0,,,0,0,,
RECLAIM-V2-003288,C00988,RETRY_ALL,0,0,,,0,0,,
RECLAIM-V2-003289,C00458,RETRY_ALL,0,0,,,0,0,,
RECLAIM-V2-003290,C00680,RETRY_ALL,0,0,,,0,0,,
RECLAIM-V2-003291,C00599,RETRY_ALL,0,0,,,0,0,,
RECLAIM-V2-003292,C00795,RETRY_ALL,0,0,,,0,0,,
RECLAIM-V2-003293,C00347,RETRY_ALL,0,0,,,0,0,,
RECLAIM-V2-003294,C00747,RETRY_ALL,0,0,,,0,0,,
RECLAIM-V2-003295,C00182,RETRY_ALL,0,0,,,0,0,,
RECLAIM-V2-003296,C00206,RETRY_ALL,0,0,,,0,0,,
RECLAIM-V2-003297,C00240,RETRY_ALL,0,0,,,0,0,,
RECLAIM-V2-003298,C00554,RETRY_ALL,0,0,,,0,0,,
RECLAIM-V2-003299,C00416,RETRY_ALL,0,0,,,0,0,,
RECLAIM-V2-003300,C00174,RETRY_ALL,0,0,,,0,0,,
RECLAIM-V2-003301,C00669,RETRY_ALL,0,0,,,0,0,,
RECLAIM-V2-003302,C00049,RETRY_ALL,0,0,,,0,0,,
RECLAIM-V2-003303,C00735,RETRY_ALL,0,0,,,0,0,,
RECLAIM-V2-003304,C00816,RETRY_ALL,0,0,,,0,0,,
RECLAIM-V2-003305,C00449,RETRY_ALL,0,0,,,0,0,,
RECLAIM-V2-003306,C00736,RETRY_ALL,0,0,,,0,0,,
RECLAIM-V2-003307,C00072,RETRY_ALL,0,0,,,0,0,,
RECLAIM-V2-003308,C00991,RETRY_ALL,0,0,,,0,0,,
RECLAIM-V2-003309,C00999,RETRY_ALL,0,0,,,0,0,,
RECLAIM-V2-003310,C00517,RETRY_ALL,0,0,,,0,0,,
RECLAIM-V2-003311,C00275,RETRY_ALL,0,0,,,0,0,,
RECLAIM-V2-003312,C00451,RETRY_ALL,0,0,,,0,0,,
RECLAIM-V2-003313,C00354,RETRY_ALL,0,0,,,0,0,,
RECLAIM-V2-003314,C00238,RETRY_ALL,0,0,,,0,0,,
RECLAIM-V2-003315,C00458,RETRY_ALL,0,0,,,0,0,,
RECLAIM-V2-003316,C00886,RETRY_ALL,0,0,,,0,0,,
RECLAIM-V2-003317,C00749,RETRY_ALL,0,0,,,0,0,,
RECLAIM-V2-003318,C00008,RETRY_ALL,0,0,,,0,0,,
RECLAIM-V2-003319,C00803,RETRY_ALL,0,0,,,0,0,,
RECLAIM-V2-003320,C00945,RETRY_ALL,0,0,,,0,0,,
RECLAIM-V2-003321,C00429,RETRY_ALL,0,0,,,0,0,,
RECLAIM-V2-003322,C00884,TARGET,1,0,,,0,0,,
RECLAIM-V2-003323,C00677,RETRY_ALL,0,0,,,0,0,,
RECLAIM-V2-003324,C00497,RETRY_ALL,0,0,,,0,0,,
RECLAIM-V2-003325,C00440,RETRY_ALL,0,0,,,0,0,,
RECLAIM-V2-003326,C00739,TARGET,1,0,,,0,0,,
RECLAIM-V2-003327,C00931,RETRY_ALL,0,0,,,0,0,,
RECLAIM-V2-003328,C00908,RETRY_ALL,0,0,,,0,0,,
RECLAIM-V2-003329,C00642,RETRY_ALL,0,0,,,0,0,,
RECLAIM-V2-003330,C00155,TARGET,1,0,,,0,0,,
RECLAIM-V2-003331,C00931,RETRY_ALL,0,0,,,0,0,,
RECLAIM-V2-003332,C00619,RETRY_ALL,0,0,,,0,0,,
RECLAIM-V2-003333,C00828,RETRY_ALL,0,0,,,0,0,,
RECLAIM-V2-003334,C00521,RETRY_ALL,0,0,,,0,0,,
RECLAIM-V2-003335,C00347,RETRY_ALL,0,0,,,0,0,,
RECLAIM-V2-003336,C00571,RETRY_ALL,0,0,,,0,0,,
RECLAIM-V2-003337,C00008,RETRY_ALL,0,0,,,0,0,,
RECLAIM-V2-003338,C00676,RETRY_ALL,0,0,,,0,0,,
RECLAIM-V2-003339,C00069,RETRY_ALL,0,0,,,0,0,,
RECLAIM-V2-003340,C00446,RETRY_ALL,0,0,,,0,0,,
RECLAIM-V2-003341,C00378,TARGET,1,0,,,0,0,,
RECLAIM-V2-003342,C00437,RETRY_ALL,0,0,,,0,0,,
RECLAIM-V2-003343,C00919,RETRY_ALL,0,0,,,0,0,,
RECLAIM-V2-003344,C00469,RETRY_ALL,0,0,,,0,0,,
RECLAIM-V2-003345,C00319,RETRY_ALL,0,0,,,0,0,,
RECLAIM-V2-003346,C00233,RETRY_ALL,0,0,,,0,0,,
RECLAIM-V2-003347,C00550,TARGET,1,0,,,0,0,,
RECLAIM-V2-003348,C00875,RETRY_ALL,0,0,,,0,0,,
RECLAIM-V2-003349,C00590,RETRY_ALL,0,0,,,0,0,,
RECLAIM-V2-003350,C00809,RETRY_ALL,0,0,,,0,0,,
RECLAIM-V2-003351,C00445,RETRY_ALL,0,0,,,0,0,,
RECLAIM-V2-003352,C00594,RETRY_ALL,0,0,,,0,0,,
RECLAIM-V2-003353,C00170,RETRY_ALL,0,0,,,0,0,,
RECLAIM-V2-003354,C00139,RETRY_ALL,0,0,,,0,0,,
RECLAIM-V2-003355,C00318,RETRY_ALL,0,0,,,0,0,,
RECLAIM-V2-003356,C00174,RETRY_ALL,0,0,,,0,0,,
RECLAIM-V2-003357,C00894,RETRY_ALL,0,0,,,0,0,,
RECLAIM-V2-003358,C00512,RETRY_ALL,0,0,,,0,0,,
RECLAIM-V2-003359,C00278,RETRY_ALL,0,0,,,0,0,,
RECLAIM-V2-003360,C00673,RETRY_ALL,0,0,,,0,0,,
RECLAIM-V2-003361,C00749,RETRY_ALL,0,0,,,0,0,,
RECLAIM-V2-003362,C00275,RETRY_ALL,0,0,,,0,0,,
RECLAIM-V2-003363,C00980,RETRY_ALL,0,0,,,0,0,,
RECLAIM-V2-003364,C00997,RETRY_ALL,0,0,,,0,0,,
RECLAIM-V2-003365,C00003,RETRY_ALL,0,0,,,0,0,,
RECLAIM-V2-003366,C00907,RETRY_ALL,0,0,,,0,0,,
RECLAIM-V2-003367,C00608,RETRY_ALL,0,0,,,0,0,,
RECLAIM-V2-003368,C00659,RETRY_ALL,0,0,,,0,0,,
RECLAIM-V2-003369,C00918,RETRY_ALL,0,0,,,0,0,,
RECLAIM-V2-003370,C00542,RETRY_ALL,0,0,,,0,0,,
RECLAIM-V2-003371,C00458,RETRY_ALL,0,0,,,0,0,,
RECLAIM-V2-003372,C00118,RETRY_ALL,0,0,,,0,0,,
RECLAIM-V2-003373,C00999,RETRY_ALL,0,0,,,0,0,,
RECLAIM-V2-003374,C00931,RETRY_ALL,0,0,,,0,0,,
RECLAIM-V2-003375,C00649,RETRY_ALL,0,0,,,0,0,,
RECLAIM-V2-003376,C00758,RETRY_ALL,0,0,,,0,0,,
RECLAIM-V2-003377,C00669,RETRY_ALL,0,0,,,0,0,,
RECLAIM-V2-003378,C00418,RETRY_ALL,0,0,,,0,0,,
RECLAIM-V2-003379,C00981,RETRY_ALL,0,0,,,0,0,,
RECLAIM-V2-003380,C00570,RETRY_ALL,0,0,,,0,0,,
RECLAIM-V2-003381,C00818,RETRY_ALL,0,0,,,0,0,,
RECLAIM-V2-003382,C00315,RETRY_ALL,0,0,,,0,0,,
RECLAIM-V2-003383,C00214,RETRY_ALL,0,0,,,0,0,,
RECLAIM-V2-003384,C00320,RETRY_ALL,0,0,,,0,0,,
RECLAIM-V2-003385,C00054,TARGET,1,0,,,0,0,,
RECLAIM-V2-003386,C00943,RETRY_ALL,0,0,,,0,0,,
RECLAIM-V2-003387,C00816,RETRY_ALL,0,0,,,0,0,,
RECLAIM-V2-003388,C00810,RETRY_ALL,0,0,,,0,0,,
RECLAIM-V2-003389,C00234,RETRY_ALL,0,0,,,0,0,,
RECLAIM-V2-003390,C00124,RETRY_ALL,0,0,,,0,0,,
RECLAIM-V2-003391,C00463,RETRY_ALL,0,0,,,0,0,,
RECLAIM-V2-003392,C00747,RETRY_ALL,0,0,,,0,0,,
RECLAIM-V2-003393,C00469,RETRY_ALL,0,0,,,0,0,,
RECLAIM-V2-003394,C00779,RETRY_ALL,0,0,,,0,0,,
RECLAIM-V2-003395,C00991,TARGET,1,0,,,0,0,,
RECLAIM-V2-003396,C00555,RETRY_ALL,0,0,,,0,0,,
RECLAIM-V2-003397,C00270,RETRY_ALL,0,0,,,0,0,,
RECLAIM-V2-003398,C00397,TARGET,1,0,,,0,0,,
RECLAIM-V2-003399,C00461,RETRY_ALL,0,0,,,0,0,,
RECLAIM-V2-003400,C00463,RETRY_ALL,0,0,,,0,0,,
RECLAIM-V2-003401,C00842,RETRY_ALL,0,0,,,0,0,,
RECLAIM-V2-003402,C00547,RETRY_ALL,0,0,,,0,0,,
RECLAIM-V2-003403,C00449,RETRY_ALL,0,0,,,0,0,,
RECLAIM-V2-003404,C00625,RETRY_ALL,0,0,,,0,0,,
RECLAIM-V2-003405,C00906,RETRY_ALL,0,0,,,0,0,,
RECLAIM-V2-003406,C00997,RETRY_ALL,0,0,,,0,0,,
RECLAIM-V2-003407,C00595,RETRY_ALL,0,0,,,0,0,,
RECLAIM-V2-003408,C00517,RETRY_ALL,0,0,,,0,0,,
RECLAIM-V2-003409,C00174,RETRY_ALL,0,0,,,0,0,,
RECLAIM-V2-003410,C00429,RETRY_ALL,0,0,,,0,0,,
RECLAIM-V2-003411,C00780,RETRY_ALL,0,0,,,0,0,,
RECLAIM-V2-003412,C00846,RETRY_ALL,0,0,,,0,0,,
RECLAIM-V2-003413,C00222,RETRY_ALL,0,0,,,0,0,,
RECLAIM-V2-003414,C00384,RETRY_ALL,0,0,,,0,0,,
RECLAIM-V2-003415,C00318,RETRY_ALL,0,0,,,0,0,,
RECLAIM-V2-003416,C00803,RETRY_ALL,0,0,,,0,0,,
RECLAIM-V2-003417,C00935,TARGET,1,0,,,0,0,,
RECLAIM-V2-003418,C00425,RETRY_ALL,0,0,,,0,0,,
RECLAIM-V2-003419,C00158,RETRY_ALL,0,0,,,0,0,,
RECLAIM-V2-003420,C00325,RETRY_ALL,0,0,,,0,0,,
RECLAIM-V2-003421,C00304,RETRY_ALL,0,0,,,0,0,,
RECLAIM-V2-003422,C00834,RETRY_ALL,0,0,,,0,0,,
RECLAIM-V2-003423,C00818,RETRY_ALL,0,0,,,0,0,,
RECLAIM-V2-003424,C00981,RETRY_ALL,0,0,,,0,0,,
RECLAIM-V2-003425,C00466,RETRY_ALL,0,0,,,0,0,,
RECLAIM-V2-003426,C00485,RETRY_ALL,0,0,,,0,0,,
RECLAIM-V2-003427,C00671,RETRY_ALL,0,0,,,0,0,,
RECLAIM-V2-003428,C00378,RETRY_ALL,0,0,,,0,0,,
RECLAIM-V2-003429,C00919,RETRY_ALL,0,0,,,0,0,,
RECLAIM-V2-003430,C00577,RETRY_ALL,0,0,,,0,0,,
RECLAIM-V2-003431,C00440,RETRY_ALL,0,0,,,0,0,,
RECLAIM-V2-003432,C00054,TARGET,1,0,,,0,0,,
RECLAIM-V2-003433,C00307,RETRY_ALL,0,0,,,0,0,,
RECLAIM-V2-003434,C00872,RETRY_ALL,0,0,,,0,0,,
RECLAIM-V2-003435,C00260,RETRY_ALL,0,0,,,0,0,,
RECLAIM-V2-003436,C00159,RETRY_ALL,0,0,,,0,0,,
RECLAIM-V2-003437,C00395,RETRY_ALL,0,0,,,0,0,,
RECLAIM-V2-003438,C00573,RETRY_ALL,0,0,,,0,0,,
RECLAIM-V2-003439,C00278,RETRY_ALL,0,0,,,0,0,,
RECLAIM-V2-003440,C00458,RETRY_ALL,0,0,,,0,0,,
RECLAIM-V2-003441,C00981,RETRY_ALL,0,0,,,0,0,,
RECLAIM-V2-003442,C00392,RETRY_ALL,0,0,,,0,0,,
RECLAIM-V2-003443,C00437,RETRY_ALL,0,0,,,0,0,,
RECLAIM-V2-003444,C00921,RETRY_ALL,0,0,,,0,0,,
RECLAIM-V2-003445,C00294,RETRY_ALL,0,0,,,0,0,,
RECLAIM-V2-003446,C00365,RETRY_ALL,0,0,,,0,0,,
RECLAIM-V2-003447,C00655,RETRY_ALL,0,0,,,0,0,,
RECLAIM-V2-003448,C00969,RETRY_ALL,0,0,,,0,0,,
RECLAIM-V2-003449,C00659,RETRY_ALL,0,0,,,0,0,,
RECLAIM-V2-003450,C00433,RETRY_ALL,0,0,,,0,0,,
RECLAIM-V2-003451,C00677,RETRY_ALL,0,0,,,0,0,,
RECLAIM-V2-003452,C00779,RETRY_ALL,0,0,,,0,0,,
RECLAIM-V2-003453,C00911,RETRY_ALL,0,0,,,0,0,,
RECLAIM-V2-003454,C00655,RETRY_ALL,0,0,,,0,0,,
RECLAIM-V2-003455,C00643,RETRY_ALL,0,0,,,0,0,,
RECLAIM-V2-003456,C00517,RETRY_ALL,0,0,,,0,0,,
RECLAIM-V2-003457,C00244,RETRY_ALL,0,0,,,0,0,,
RECLAIM-V2-003458,C00994,RETRY_ALL,0,0,,,0,0,,
RECLAIM-V2-003459,C00594,RETRY_ALL,0,0,,,0,0,,
RECLAIM-V2-003460,C00361,RETRY_ALL,0,0,,,0,0,,
RECLAIM-V2-003461,C00293,RETRY_ALL,0,0,,,0,0,,
RECLAIM-V2-003462,C00136,RETRY_ALL,0,0,,,0,0,,
RECLAIM-V2-003463,C00185,RETRY_ALL,0,0,,,0,0,,
RECLAIM-V2-003464,C00955,RETRY_ALL,0,0,,,0,0,,
RECLAIM-V2-003465,C00770,RETRY_ALL,0,0,,,0,0,,
RECLAIM-V2-003466,C00567,TARGET,1,0,,,0,0,,
RECLAIM-V2-003467,C00964,RETRY_ALL,0,0,,,0,0,,
RECLAIM-V2-003468,C00479,RETRY_ALL,0,0,,,0,0,,
RECLAIM-V2-003469,C00094,RETRY_ALL,0,0,,,0,0,,
RECLAIM-V2-003470,C00994,RETRY_ALL,0,0,,,0,0,,
RECLAIM-V2-003471,C00214,RETRY_ALL,0,0,,,0,0,,
RECLAIM-V2-003472,C00268,RETRY_ALL,0,0,,,0,0,,
RECLAIM-V2-003473,C00870,RETRY_ALL,0,0,,,0,0,,
RECLAIM-V2-003474,C00086,RETRY_ALL,0,0,,,0,0,,
RECLAIM-V2-003475,C00348,RETRY_ALL,0,0,,,0,0,,
RECLAIM-V2-003476,C00446,RETRY_ALL,0,0,,,0,0,,
RECLAIM-V2-003477,C00842,RETRY_ALL,0,0,,,0,0,,
RECLAIM-V2-003478,C00818,RETRY_ALL,0,0,,,0,0,,
RECLAIM-V2-003479,C00438,RETRY_ALL,0,0,,,0,0,,
RECLAIM-V2-003480,C00113,RETRY_ALL,0,0,,,0,0,,
RECLAIM-V2-003481,C00179,RETRY_ALL,0,0,,,0,0,,
RECLAIM-V2-003482,C00054,TARGET,1,0,,,0,0,,
RECLAIM-V2-003483,C00614,RETRY_ALL,0,0,,,0,0,,
RECLAIM-V2-003484,C00534,RETRY_ALL,0,0,,,0,0,,
RECLAIM-V2-003485,C00347,RETRY_ALL,0,0,,,0,0,,
RECLAIM-V2-003486,C00081,RETRY_ALL,0,0,,,0,0,,
RECLAIM-V2-003487,C00249,RETRY_ALL,0,0,,,0,0,,
RECLAIM-V2-003488,C00487,RETRY_ALL,0,0,,,0,0,,
RECLAIM-V2-003489,C00124,RETRY_ALL,0,0,,,0,0,,
RECLAIM-V2-003490,C00825,RETRY_ALL,0,0,,,0,0,,
RECLAIM-V2-003491,C00904,RETRY_ALL,0,0,,,0,0,,
RECLAIM-V2-003492,C00840,RETRY_ALL,0,0,,,0,0,,
RECLAIM-V2-003493,C00238,RETRY_ALL,0,0,,,0,0,,
RECLAIM-V2-003494,C00147,RETRY_ALL,0,0,,,0,0,,
RECLAIM-V2-003495,C00378,RETRY_ALL,0,0,,,0,0,,
RECLAIM-V2-003496,C00563,RETRY_ALL,0,0,,,0,0,,
RECLAIM-V2-003497,C00834,RETRY_ALL,0,0,,,0,0,,
RECLAIM-V2-003498,C00803,RETRY_ALL,0,0,,,0,0,,
RECLAIM-V2-003499,C00718,RETRY_ALL,0,0,,,0,0,,
RECLAIM-V2-003500,C00825,RETRY_ALL,0,0,,,0,0,,
RECLAIM-V2-003501,C00043,RETRY_ALL,0,0,,,0,0,,
RECLAIM-V2-003502,C00445,RETRY_ALL,0,0,,,0,0,,
RECLAIM-V2-003503,C00315,RETRY_ALL,0,0,,,0,0,,
RECLAIM-V2-003504,C00485,RETRY_ALL,0,0,,,0,0,,
RECLAIM-V2-003505,C00070,RETRY_ALL,0,0,,,0,0,,
RECLAIM-V2-003506,C00372,RETRY_ALL,0,0,,,0,0,,
RECLAIM-V2-003507,C00942,RETRY_ALL,0,0,,,0,0,,
RECLAIM-V2-003508,C00961,RETRY_ALL,0,0,,,0,0,,
RECLAIM-V2-003509,C00834,RETRY_ALL,0,0,,,0,0,,
RECLAIM-V2-003510,C00275,RETRY_ALL,0,0,,,0,0,,
RECLAIM-V2-003511,C00392,RETRY_ALL,0,0,,,0,0,,
RECLAIM-V2-003512,C00122,RETRY_ALL,0,0,,,0,0,,
RECLAIM-V2-003513,C00450,RETRY_ALL,0,0,,,0,0,,
RECLAIM-V2-003514,C00872,RETRY_ALL,0,0,,,0,0,,
RECLAIM-V2-003515,C00012,RETRY_ALL,0,0,,,0,0,,
RECLAIM-V2-003516,C00041,RETRY_ALL,0,0,,,0,0,,
RECLAIM-V2-003517,C00749,RETRY_ALL,0,0,,,0,0,,
RECLAIM-V2-003518,C00512,RETRY_ALL,0,0,,,0,0,,
RECLAIM-V2-003519,C00360,RETRY_ALL,0,0,,,0,0,,
RECLAIM-V2-003520,C00113,RETRY_ALL,0,0,,,0,0,,
RECLAIM-V2-003521,C00551,RETRY_ALL,0,0,,,0,0,,
RECLAIM-V2-003522,C00906,RETRY_ALL,0,0,,,0,0,,
RECLAIM-V2-003523,C00500,RETRY_ALL,0,0,,,0,0,,
RECLAIM-V2-003524,C00598,RETRY_ALL,0,0,,,0,0,,
RECLAIM-V2-003525,C00352,RETRY_ALL,0,0,,,0,0,,
RECLAIM-V2-003526,C00325,RETRY_ALL,0,0,,,0,0,,
RECLAIM-V2-003527,C00783,RETRY_ALL,0,0,,,0,0,,
RECLAIM-V2-003528,C00762,RETRY_ALL,0,0,,,0,0,,
RECLAIM-V2-003529,C00393,RETRY_ALL,0,0,,,0,0,,
RECLAIM-V2-003530,C00418,RETRY_ALL,0,0,,,0,0,,
RECLAIM-V2-003531,C00573,RETRY_ALL,0,0,,,0,0,,
RECLAIM-V2-003532,C00391,RETRY_ALL,0,0,,,0,0,,
RECLAIM-V2-003533,C00072,RETRY_ALL,0,0,,,0,0,,
RECLAIM-V2-003534,C00261,RETRY_ALL,0,0,,,0,0,,
RECLAIM-V2-003535,C00695,RETRY_ALL,0,0,,,0,0,,
RECLAIM-V2-003536,C00590,RETRY_ALL,0,0,,,0,0,,
RECLAIM-V2-003537,C00577,RETRY_ALL,0,0,,,0,0,,
RECLAIM-V2-003538,C00517,RETRY_ALL,0,0,,,0,0,,
RECLAIM-V2-003539,C00307,RETRY_ALL,0,0,,,0,0,,
RECLAIM-V2-003540,C00669,RETRY_ALL,0,0,,,0,0,,
RECLAIM-V2-003541,C00627,RETRY_ALL,0,0,,,0,0,,
RECLAIM-V2-003542,C00911,RETRY_ALL,0,0,,,0,0,,
RECLAIM-V2-003543,C00315,RETRY_ALL,0,0,,,0,0,,
RECLAIM-V2-003544,C00551,RETRY_ALL,0,0,,,0,0,,
RECLAIM-V2-003545,C00534,RETRY_ALL,0,0,,,0,0,,
RECLAIM-V2-003546,C00492,RETRY_ALL,0,0,,,0,0,,
RECLAIM-V2-003547,C00601,RETRY_ALL,0,0,,,0,0,,
RECLAIM-V2-003548,C00096,RETRY_ALL,0,0,,,0,0,,
RECLAIM-V2-003549,C00565,RETRY_ALL,0,0,,,0,0,,
RECLAIM-V2-003550,C00174,RETRY_ALL,0,0,,,0,0,,
RECLAIM-V2-003551,C00438,RETRY_ALL,0,0,,,0,0,,
RECLAIM-V2-003552,C00573,RETRY_ALL,0,0,,,0,0,,
RECLAIM-V2-003553,C00649,RETRY_ALL,0,0,,,0,0,,
RECLAIM-V2-003554,C00206,RETRY_ALL,0,0,,,0,0,,
RECLAIM-V2-003555,C00441,RETRY_ALL,0,0,,,0,0,,
RECLAIM-V2-003556,C00638,RETRY_ALL,0,0,,,0,0,,
RECLAIM-V2-003557,C00344,RETRY_ALL,0,0,,,0,0,,
RECLAIM-V2-003558,C00142,RETRY_ALL,0,0,,,0,0,,
RECLAIM-V2-003559,C00527,RETRY_ALL,0,0,,,0,0,,
RECLAIM-V2-003560,C00413,RETRY_ALL,0,0,,,0,0,,
RECLAIM-V2-003561,C00261,RETRY_ALL,0,0,,,0,0,,
RECLAIM-V2-003562,C00131,RETRY_ALL,0,0,,,0,0,,
RECLAIM-V2-003563,C00495,RETRY_ALL,0,0,,,0,0,,
RECLAIM-V2-003564,C00846,RETRY_ALL,0,0,,,0,0,,
RECLAIM-V2-003565,C00157,RETRY_ALL,0,0,,,0,0,,
RECLAIM-V2-003566,C00911,RETRY_ALL,0,0,,,0,0,,
RECLAIM-V2-003567,C00397,TARGET,1,0,,,0,0,,
RECLAIM-V2-003568,C00492,RETRY_ALL,0,0,,,0,0,,
RECLAIM-V2-003569,C00457,RETRY_ALL,0,0,,,0,0,,
RECLAIM-V2-003570,C00713,RETRY_ALL,0,0,,,0,0,,
RECLAIM-V2-003571,C00265,RETRY_ALL,0,0,,,0,0,,
RECLAIM-V2-003572,C00586,RETRY_ALL,0,0,,,0,0,,
RECLAIM-V2-003573,C00828,RETRY_ALL,0,0,,,0,0,,
RECLAIM-V2-003574,C00214,RETRY_ALL,0,0,,,0,0,,
RECLAIM-V2-003575,C00416,RETRY_ALL,0,0,,,0,0,,
RECLAIM-V2-003576,C00712,RETRY_ALL,0,0,,,0,0,,
RECLAIM-V2-003577,C00378,TARGET,1,0,,,0,0,,
RECLAIM-V2-003578,C00594,RETRY_ALL,0,0,,,0,0,,
RECLAIM-V2-003579,C00624,RETRY_ALL,0,0,,,0,0,,
RECLAIM-V2-003580,C00791,RETRY_ALL,0,0,,,0,0,,
RECLAIM-V2-003581,C00294,RETRY_ALL,0,0,,,0,0,,
RECLAIM-V2-003582,C00828,RETRY_ALL,0,0,,,0,0,,
RECLAIM-V2-003583,C00828,RETRY_ALL,0,0,,,0,0,,
RECLAIM-V2-003584,C00073,RETRY_ALL,0,0,,,0,0,,
RECLAIM-V2-003585,C00393,RETRY_ALL,0,0,,,0,0,,
RECLAIM-V2-003586,C00846,RETRY_ALL,0,0,,,0,0,,
RECLAIM-V2-003587,C00441,RETRY_ALL,0,0,,,0,0,,
RECLAIM-V2-003588,C00233,RETRY_ALL,0,0,,,0,0,,
RECLAIM-V2-003589,C00779,RETRY_ALL,0,0,,,0,0,,
RECLAIM-V2-003590,C00779,RETRY_ALL,0,0,,,0,0,,
RECLAIM-V2-003591,C00185,RETRY_ALL,0,0,,,0,0,,
RECLAIM-V2-003592,C00980,RETRY_ALL,0,0,,,0,0,,
RECLAIM-V2-003593,C00413,RETRY_ALL,0,0,,,0,0,,
RECLAIM-V2-003594,C00735,RETRY_ALL,0,0,,,0,0,,
RECLAIM-V2-003595,C00758,RETRY_ALL,0,0,,,0,0,,
RECLAIM-V2-003596,C00613,RETRY_ALL,0,0,,,0,0,,
RECLAIM-V2-003597,C00604,RETRY_ALL,0,0,,,0,0,,
RECLAIM-V2-003598,C00457,RETRY_ALL,0,0,,,0,0,,
RECLAIM-V2-003599,C00201,RETRY_ALL,0,0,,,0,0,,
RECLAIM-V2-003600,C00365,RETRY_ALL,0,0,,,0,0,,
RECLAIM-V2-003601,C00764,RETRY_ALL,0,0,,,0,0,,
RECLAIM-V2-003602,C00611,RETRY_ALL,0,0,,,0,0,,
RECLAIM-V2-003603,C00020,RETRY_ALL,0,0,,,0,0,,
RECLAIM-V2-003604,C00228,RETRY_ALL,0,0,,,0,0,,
RECLAIM-V2-003605,C00339,RETRY_ALL,0,0,,,0,0,,
RECLAIM-V2-003606,C00089,RETRY_ALL,0,0,,,0,0,,
RECLAIM-V2-003607,C00168,RETRY_ALL,0,0,,,0,0,,
RECLAIM-V2-003608,C00214,RETRY_ALL,0,0,,,0,0,,
RECLAIM-V2-003609,C00488,RETRY_ALL,0,0,,,0,0,,
RECLAIM-V2-003610,C00185,RETRY_ALL,0,0,,,0,0,,
RECLAIM-V2-003611,C00182,RETRY_ALL,0,0,,,0,0,,
RECLAIM-V2-003612,C00525,RETRY_ALL,0,0,,,0,0,,
RECLAIM-V2-003613,C00365,RETRY_ALL,0,0,,,0,0,,
RECLAIM-V2-003614,C00372,RETRY_ALL,0,0,,,0,0,,
RECLAIM-V2-003615,C00015,RETRY_ALL,0,0,,,0,0,,
RECLAIM-V2-003616,C00393,RETRY_ALL,0,0,,,0,0,,
RECLAIM-V2-003617,C00616,RETRY_ALL,0,0,,,0,0,,
RECLAIM-V2-003618,C00452,RETRY_ALL,0,0,,,0,0,,
RECLAIM-V2-003619,C00921,RETRY_ALL,0,0,,,0,0,,
RECLAIM-V2-003620,C00643,RETRY_ALL,0,0,,,0,0,,
RECLAIM-V2-003621,C00378,RETRY_ALL,0,0,,,0,0,,
RECLAIM-V2-003622,C00097,RETRY_ALL,0,0,,,0,0,,
RECLAIM-V2-003623,C00354,RETRY_ALL,0,0,,,0,0,,
RECLAIM-V2-003624,C00416,RETRY_ALL,0,0,,,0,0,,
RECLAIM-V2-003625,C00368,RETRY_ALL,0,0,,,0,0,,
RECLAIM-V2-003626,C00816,RETRY_ALL,0,0,,,0,0,,
RECLAIM-V2-003627,C00086,RETRY_ALL,0,0,,,0,0,,
RECLAIM-V2-003628,C00882,RETRY_ALL,0,0,,,0,0,,
RECLAIM-V2-003629,C00803,RETRY_ALL,0,0,,,0,0,,
RECLAIM-V2-003630,C00155,TARGET,1,0,,,0,0,,
RECLAIM-V2-003631,C00296,RETRY_ALL,0,0,,,0,0,,
RECLAIM-V2-003632,C00410,TARGET,1,0,,,0,0,,
RECLAIM-V2-003633,C00232,RETRY_ALL,0,0,,,0,0,,
RECLAIM-V2-003634,C00441,RETRY_ALL,0,0,,,0,0,,
RECLAIM-V2-003635,C00919,RETRY_ALL,0,0,,,0,0,,
RECLAIM-V2-003636,C00054,TARGET,1,0,,,0,0,,
RECLAIM-V2-003637,C00352,RETRY_ALL,0,0,,,0,0,,
RECLAIM-V2-003638,C00991,TARGET,1,0,,,0,0,,
RECLAIM-V2-003639,C00291,TARGET,1,0,,,0,0,,
RECLAIM-V2-003640,C00214,RETRY_ALL,0,0,,,0,0,,
RECLAIM-V2-003641,C00070,RETRY_ALL,0,0,,,0,0,,
RECLAIM-V2-003642,C00227,RETRY_ALL,0,0,,,0,0,,
RECLAIM-V2-003643,C00378,RETRY_ALL,0,0,,,0,0,,
RECLAIM-V2-003644,C00673,RETRY_ALL,0,0,,,0,0,,
RECLAIM-V2-003645,C00294,RETRY_ALL,0,0,,,0,0,,
RECLAIM-V2-003646,C00554,RETRY_ALL,0,0,,,0,0,,
RECLAIM-V2-003647,C00643,RETRY_ALL,0,0,,,0,0,,
RECLAIM-V2-003648,C00156,RETRY_ALL,0,0,,,0,0,,
RECLAIM-V2-003649,C00232,RETRY_ALL,0,0,,,0,0,,
RECLAIM-V2-003650,C00261,RETRY_ALL,0,0,,,0,0,,
RECLAIM-V2-003651,C00233,RETRY_ALL,0,0,,,0,0,,
RECLAIM-V2-003652,C00425,RETRY_ALL,0,0,,,0,0,,
RECLAIM-V2-003653,C00888,RETRY_ALL,0,0,,,0,0,,
RECLAIM-V2-003654,C00325,TARGET,1,0,,,0,0,,
RECLAIM-V2-003655,C00192,RETRY_ALL,0,0,,,0,0,,
RECLAIM-V2-003656,C00156,RETRY_ALL,0,0,,,0,0,,
RECLAIM-V2-003657,C00680,RETRY_ALL,0,0,,,0,0,,
RECLAIM-V2-003658,C00094,RETRY_ALL,0,0,,,0,0,,
RECLAIM-V2-003659,C00673,RETRY_ALL,0,0,,,0,0,,
RECLAIM-V2-003660,C00752,RETRY_ALL,0,0,,,0,0,,
RECLAIM-V2-003661,C00325,RETRY_ALL,0,0,,,0,0,,
RECLAIM-V2-003662,C00979,RETRY_ALL,0,0,,,0,0,,
RECLAIM-V2-003663,C00664,RETRY_ALL,0,0,,,0,0,,
RECLAIM-V2-003664,C00921,RETRY_ALL,0,0,,,0,0,,
RECLAIM-V2-003665,C00764,TARGET,1,0,,,0,0,,
RECLAIM-V2-003666,C00770,RETRY_ALL,0,0,,,0,0,,
RECLAIM-V2-003667,C00064,RETRY_ALL,0,0,,,0,0,,
RECLAIM-V2-003668,C00517,RETRY_ALL,0,0,,,0,0,,
RECLAIM-V2-003669,C00173,RETRY_ALL,0,0,,,0,0,,
RECLAIM-V2-003670,C00938,RETRY_ALL,0,0,,,0,0,,
RECLAIM-V2-003671,C00573,RETRY_ALL,0,0,,,0,0,,
RECLAIM-V2-003672,C00820,RETRY_ALL,0,0,,,0,0,,
RECLAIM-V2-003673,C00413,RETRY_ALL,0,0,,,0,0,,
RECLAIM-V2-003674,C00542,RETRY_ALL,0,0,,,0,0,,
RECLAIM-V2-003675,C00103,RETRY_ALL,0,0,,,0,0,,
RECLAIM-V2-003676,C00347,RETRY_ALL,0,0,,,0,0,,
RECLAIM-V2-003677,C00547,RETRY_ALL,0,0,,,0,0,,
RECLAIM-V2-003678,C00380,RETRY_ALL,0,0,,,0,0,,
RECLAIM-V2-003679,C00630,RETRY_ALL,0,0,,,0,0,,
RECLAIM-V2-003680,C00156,RETRY_ALL,0,0,,,0,0,,
RECLAIM-V2-003681,C00825,RETRY_ALL,0,0,,,0,0,,
RECLAIM-V2-003682,C00395,RETRY_ALL,0,0,,,0,0,,
RECLAIM-V2-003683,C00783,RETRY_ALL,0,0,,,0,0,,
RECLAIM-V2-003684,C00659,RETRY_ALL,0,0,,,0,0,,
RECLAIM-V2-003685,C00966,RETRY_ALL,0,0,,,0,0,,
RECLAIM-V2-003686,C00228,RETRY_ALL,0,0,,,0,0,,
RECLAIM-V2-003687,C00126,RETRY_ALL,0,0,,,0,0,,
RECLAIM-V2-003688,C00397,TARGET,1,0,,,0,0,,
RECLAIM-V2-003689,C00158,RETRY_ALL,0,0,,,0,0,,
RECLAIM-V2-003690,C00043,RETRY_ALL,0,0,,,0,0,,
RECLAIM-V2-003691,C00218,RETRY_ALL,0,0,,,0,0,,
RECLAIM-V2-003692,C00789,RETRY_ALL,0,0,,,0,0,,
RECLAIM-V2-003693,C00043,RETRY_ALL,0,0,,,0,0,,
RECLAIM-V2-003694,C00708,RETRY_ALL,0,0,,,0,0,,
RECLAIM-V2-003695,C00096,RETRY_ALL,0,0,,,0,0,,
RECLAIM-V2-003696,C00727,RETRY_ALL,0,0,,,0,0,,
RECLAIM-V2-003697,C00803,RETRY_ALL,0,0,,,0,0,,
RECLAIM-V2-003698,C00043,RETRY_ALL,0,0,,,0,0,,
RECLAIM-V2-003699,C00373,RETRY_ALL,0,0,,,0,0,,
RECLAIM-V2-003700,C00783,RETRY_ALL,0,0,,,0,0,,
RECLAIM-V2-003701,C00899,RETRY_ALL,0,0,,,0,0,,
RECLAIM-V2-003702,C00193,RETRY_ALL,0,0,,,0,0,,
RECLAIM-V2-003703,C00179,RETRY_ALL,0,0,,,0,0,,
RECLAIM-V2-003704,C00482,RETRY_ALL,0,0,,,0,0,,
RECLAIM-V2-003705,C00931,RETRY_ALL,0,0,,,0,0,,
RECLAIM-V2-003706,C00779,RETRY_ALL,0,0,,,0,0,,
RECLAIM-V2-003707,C00416,RETRY_ALL,0,0,,,0,0,,
RECLAIM-V2-003708,C00991,RETRY_ALL,0,0,,,0,0,,
RECLAIM-V2-003709,C00938,RETRY_ALL,0,0,,,0,0,,
RECLAIM-V2-003710,C00825,RETRY_ALL,0,0,,,0,0,,
RECLAIM-V2-003711,C00674,RETRY_ALL,0,0,,,0,0,,
RECLAIM-V2-003712,C00783,RETRY_ALL,0,0,,,0,0,,
RECLAIM-V2-003713,C00243,RETRY_ALL,0,0,,,0,0,,
RECLAIM-V2-003714,C00610,RETRY_ALL,0,0,,,0,0,,
RECLAIM-V2-003715,C00062,RETRY_ALL,0,0,,,0,0,,
RECLAIM-V2-003716,C00908,RETRY_ALL,0,0,,,0,0,,
RECLAIM-V2-003717,C00206,RETRY_ALL,0,0,,,0,0,,
RECLAIM-V2-003718,C00278,RETRY_ALL,0,0,,,0,0,,
RECLAIM-V2-003719,C00461,TARGET,1,0,,,0,0,,
RECLAIM-V2-003720,C00022,RETRY_ALL,0,0,,,0,0,,
RECLAIM-V2-003721,C00226,RETRY_ALL,0,0,,,0,0,,
RECLAIM-V2-003722,C00353,RETRY_ALL,0,0,,,0,0,,
RECLAIM-V2-003723,C00518,RETRY_ALL,0,0,,,0,0,,
RECLAIM-V2-003724,C00492,RETRY_ALL,0,0,,,0,0,,
RECLAIM-V2-003725,C00610,RETRY_ALL,0,0,,,0,0,,
RECLAIM-V2-003726,C00275,RETRY_ALL,0,0,,,0,0,,
RECLAIM-V2-003727,C00680,RETRY_ALL,0,0,,,0,0,,
RECLAIM-V2-003728,C00186,RETRY_ALL,0,0,,,0,0,,
RECLAIM-V2-003729,C00417,RETRY_ALL,0,0,,,0,0,,
RECLAIM-V2-003730,C00035,RETRY_ALL,0,0,,,0,0,,
RECLAIM-V2-003731,C00325,RETRY_ALL,0,0,,,0,0,,
RECLAIM-V2-003732,C00495,RETRY_ALL,0,0,,,0,0,,
RECLAIM-V2-003733,C00569,RETRY_ALL,0,0,,,0,0,,
RECLAIM-V2-003734,C00216,TARGET,1,0,,,0,0,,
RECLAIM-V2-003735,C00502,TARGET,1,0,,,0,0,,
RECLAIM-V2-003736,C00931,RETRY_ALL,0,0,,,0,0,,
RECLAIM-V2-003737,C00874,RETRY_ALL,0,0,,,0,0,,
RECLAIM-V2-003738,C00360,RETRY_ALL,0,0,,,0,0,,
RECLAIM-V2-003739,C00429,RETRY_ALL,0,0,,,0,0,,
RECLAIM-V2-003740,C00401,RETRY_ALL,0,0,,,0,0,,
RECLAIM-V2-003741,C00999,RETRY_ALL,0,0,,,0,0,,
RECLAIM-V2-003742,C00192,RETRY_ALL,0,0,,,0,0,,
RECLAIM-V2-003743,C00955,RETRY_ALL,0,0,,,0,0,,
RECLAIM-V2-003744,C00971,RETRY_ALL,0,0,,,0,0,,
RECLAIM-V2-003745,C00512,RETRY_ALL,0,0,,,0,0,,
RECLAIM-V2-003746,C00482,RETRY_ALL,0,0,,,0,0,,
RECLAIM-V2-003747,C00145,RETRY_ALL,0,0,,,0,0,,
RECLAIM-V2-003748,C00410,TARGET,1,0,,,0,0,,
RECLAIM-V2-003749,C00807,RETRY_ALL,0,0,,,0,0,,
RECLAIM-V2-003750,C00058,RETRY_ALL,0,0,,,0,0,,
RECLAIM-V2-003751,C00911,RETRY_ALL,0,0,,,0,0,,
RECLAIM-V2-003752,C00319,RETRY_ALL,0,0,,,0,0,,
RECLAIM-V2-003753,C00145,RETRY_ALL,0,0,,,0,0,,
RECLAIM-V2-003754,C00973,RETRY_ALL,0,0,,,0,0,,
RECLAIM-V2-003755,C00395,RETRY_ALL,0,0,,,0,0,,
RECLAIM-V2-003756,C00429,RETRY_ALL,0,0,,,0,0,,
RECLAIM-V2-003757,C00516,RETRY_ALL,0,0,,,0,0,,
RECLAIM-V2-003758,C00492,RETRY_ALL,0,0,,,0,0,,
RECLAIM-V2-003759,C00935,TARGET,1,0,,,0,0,,
RECLAIM-V2-003760,C00585,RETRY_ALL,0,0,,,0,0,,
RECLAIM-V2-003761,C00538,RETRY_ALL,0,0,,,0,0,,
RECLAIM-V2-003762,C00254,TARGET,1,0,,,0,0,,
RECLAIM-V2-003763,C00096,RETRY_ALL,0,0,,,0,0,,
RECLAIM-V2-003764,C00713,RETRY_ALL,0,0,,,0,0,,
RECLAIM-V2-003765,C00999,RETRY_ALL,0,0,,,0,0,,
RECLAIM-V2-003766,C00384,RETRY_ALL,0,0,,,0,0,,
RECLAIM-V2-003767,C00937,RETRY_ALL,0,0,,,0,0,,
RECLAIM-V2-003768,C00643,RETRY_ALL,0,0,,,0,0,,
RECLAIM-V2-003769,C00147,RETRY_ALL,0,0,,,0,0,,
RECLAIM-V2-003770,C00534,RETRY_ALL,0,0,,,0,0,,
RECLAIM-V2-003771,C00122,RETRY_ALL,0,0,,,0,0,,
RECLAIM-V2-003772,C00158,RETRY_ALL,0,0,,,0,0,,
RECLAIM-V2-003773,C00158,RETRY_ALL,0,0,,,0,0,,
RECLAIM-V2-003774,C00664,RETRY_ALL,0,0,,,0,0,,
RECLAIM-V2-003775,C00326,RETRY_ALL,0,0,,,0,0,,
RECLAIM-V2-003776,C00707,RETRY_ALL,0,0,,,0,0,,
RECLAIM-V2-003777,C00132,RETRY_ALL,0,0,,,0,0,,
RECLAIM-V2-003778,C00433,RETRY_ALL,0,0,,,0,0,,
RECLAIM-V2-003779,C00584,RETRY_ALL,0,0,,,0,0,,
RECLAIM-V2-003780,C00109,RETRY_ALL,0,0,,,0,0,,
RECLAIM-V2-003781,C00392,RETRY_ALL,0,0,,,0,0,,
RECLAIM-V2-003782,C00882,RETRY_ALL,0,0,,,0,0,,
RECLAIM-V2-003783,C00344,RETRY_ALL,0,0,,,0,0,,
RECLAIM-V2-003784,C00448,RETRY_ALL,0,0,,,0,0,,
RECLAIM-V2-003785,C00495,RETRY_ALL,0,0,,,0,0,,
RECLAIM-V2-003786,C00997,RETRY_ALL,0,0,,,0,0,,
RECLAIM-V2-003787,C00145,RETRY_ALL,0,0,,,0,0,,
RECLAIM-V2-003788,C00994,RETRY_ALL,0,0,,,0,0,,
RECLAIM-V2-003789,C00727,RETRY_ALL,0,0,,,0,0,,
RECLAIM-V2-003790,C00441,RETRY_ALL,0,0,,,0,0,,
RECLAIM-V2-003791,C00909,RETRY_ALL,0,0,,,0,0,,
RECLAIM-V2-003792,C00469,RETRY_ALL,0,0,,,0,0,,
RECLAIM-V2-003793,C00205,RETRY_ALL,0,0,,,0,0,,
RECLAIM-V2-003794,C00942,RETRY_ALL,0,0,,,0,0,,
RECLAIM-V2-003795,C00445,RETRY_ALL,0,0,,,0,0,,
RECLAIM-V2-003796,C00911,RETRY_ALL,0,0,,,0,0,,
RECLAIM-V2-003797,C00448,RETRY_ALL,0,0,,,0,0,,
RECLAIM-V2-003798,C00365,RETRY_ALL,0,0,,,0,0,,
RECLAIM-V2-003799,C00554,RETRY_ALL,0,0,,,0,0,,
RECLAIM-V2-003800,C00418,RETRY_ALL,0,0,,,0,0,,
RECLAIM-V2-003801,C00779,RETRY_ALL,0,0,,,0,0,,
RECLAIM-V2-003802,C00107,RETRY_ALL,0,0,,,0,0,,
RECLAIM-V2-003803,C00687,RETRY_ALL,0,0,,,0,0,,
RECLAIM-V2-003804,C00153,RETRY_ALL,0,0,,,0,0,,
RECLAIM-V2-003805,C00783,RETRY_ALL,0,0,,,0,0,,
RECLAIM-V2-003806,C00418,RETRY_ALL,0,0,,,0,0,,
RECLAIM-V2-003807,C00324,RETRY_ALL,0,0,,,0,0,,
RECLAIM-V2-003808,C00014,RETRY_ALL,0,0,,,0,0,,
RECLAIM-V2-003809,C00619,RETRY_ALL,0,0,,,0,0,,
RECLAIM-V2-003810,C00840,RETRY_ALL,0,0,,,0,0,,
RECLAIM-V2-003811,C00718,RETRY_ALL,0,0,,,0,0,,
RECLAIM-V2-003812,C00246,RETRY_ALL,0,0,,,0,0,,
RECLAIM-V2-003813,C00275,RETRY_ALL,0,0,,,0,0,,
RECLAIM-V2-003814,C00991,RETRY_ALL,0,0,,,0,0,,
RECLAIM-V2-003815,C00492,RETRY_ALL,0,0,,,0,0,,
RECLAIM-V2-003816,C00687,RETRY_ALL,0,0,,,0,0,,
RECLAIM-V2-003817,C00469,RETRY_ALL,0,0,,,0,0,,
RECLAIM-V2-003818,C00493,RETRY_ALL,0,0,,,0,0,,
RECLAIM-V2-003819,C00431,RETRY_ALL,0,0,,,0,0,,
RECLAIM-V2-003820,C00352,RETRY_ALL,0,0,,,0,0,,
RECLAIM-V2-003821,C00145,RETRY_ALL,0,0,,,0,0,,
RECLAIM-V2-003822,C00991,RETRY_ALL,0,0,,,0,0,,
RECLAIM-V2-003823,C00452,RETRY_ALL,0,0,,,0,0,,
RECLAIM-V2-003824,C00590,RETRY_ALL,0,0,,,0,0,,
RECLAIM-V2-003825,C00426,RETRY_ALL,0,0,,,0,0,,
RECLAIM-V2-003826,C00015,RETRY_ALL,0,0,,,0,0,,
RECLAIM-V2-003827,C00888,RETRY_ALL,0,0,,,0,0,,
RECLAIM-V2-003828,C00821,RETRY_ALL,0,0,,,0,0,,
RECLAIM-V2-003829,C00232,RETRY_ALL,0,0,,,0,0,,
RECLAIM-V2-003830,C00512,RETRY_ALL,0,0,,,0,0,,
RECLAIM-V2-003831,C00625,RETRY_ALL,0,0,,,0,0,,
RECLAIM-V2-003832,C00624,RETRY_ALL,0,0,,,0,0,,
RECLAIM-V2-003833,C00613,RETRY_ALL,0,0,,,0,0,,
RECLAIM-V2-003834,C00707,RETRY_ALL,0,0,,,0,0,,
RECLAIM-V2-003835,C00961,RETRY_ALL,0,0,,,0,0,,
RECLAIM-V2-003836,C00329,RETRY_ALL,0,0,,,0,0,,
RECLAIM-V2-003837,C00427,RETRY_ALL,0,0,,,0,0,,
RECLAIM-V2-003838,C00307,RETRY_ALL,0,0,,,0,0,,
RECLAIM-V2-003839,C00205,RETRY_ALL,0,0,,,0,0,,
RECLAIM-V2-003840,C00254,TARGET,1,0,,,0,0,,
RECLAIM-V2-003841,C00373,RETRY_ALL,0,0,,,0,0,,
RECLAIM-V2-003842,C00221,RETRY_ALL,0,0,,,0,0,,
RECLAIM-V2-003843,C00080,TARGET,1,0,,,0,0,,
RECLAIM-V2-003844,C00325,TARGET,1,0,,,0,0,,
RECLAIM-V2-003845,C00525,RETRY_ALL,0,0,,,0,0,,
RECLAIM-V2-003846,C00378,RETRY_ALL,0,0,,,0,0,,
RECLAIM-V2-003847,C00736,RETRY_ALL,0,0,,,0,0,,
RECLAIM-V2-003848,C00368,RETRY_ALL,0,0,,,0,0,,
RECLAIM-V2-003849,C00789,RETRY_ALL,0,0,,,0,0,,
RECLAIM-V2-003850,C00517,RETRY_ALL,0,0,,,0,0,,
RECLAIM-V2-003851,C00516,RETRY_ALL,0,0,,,0,0,,
RECLAIM-V2-003852,C00770,RETRY_ALL,0,0,,,0,0,,
RECLAIM-V2-003853,C00173,RETRY_ALL,0,0,,,0,0,,
RECLAIM-V2-003854,C00173,RETRY_ALL,0,0,,,0,0,,
RECLAIM-V2-003855,C00612,RETRY_ALL,0,0,,,0,0,,
RECLAIM-V2-003856,C00228,RETRY_ALL,0,0,,,0,0,,
RECLAIM-V2-003857,C00680,RETRY_ALL,0,0,,,0,0,,
RECLAIM-V2-003858,C00189,RETRY_ALL,0,0,,,0,0,,
RECLAIM-V2-003859,C00155,TARGET,1,0,,,0,0,,
RECLAIM-V2-003860,C00307,RETRY_ALL,0,0,,,0,0,,
RECLAIM-V2-003861,C00736,RETRY_ALL,0,0,,,0,0,,
RECLAIM-V2-003862,C00433,RETRY_ALL,0,0,,,0,0,,
RECLAIM-V2-003863,C00294,RETRY_ALL,0,0,,,0,0,,
RECLAIM-V2-003864,C00185,RETRY_ALL,0,0,,,0,0,,
RECLAIM-V2-003865,C00244,RETRY_ALL,0,0,,,0,0,,
RECLAIM-V2-003866,C00512,RETRY_ALL,0,0,,,0,0,,
RECLAIM-V2-003867,C00214,RETRY_ALL,0,0,,,0,0,,
RECLAIM-V2-003868,C00189,RETRY_ALL,0,0,,,0,0,,
RECLAIM-V2-003869,C00908,RETRY_ALL,0,0,,,0,0,,
RECLAIM-V2-003870,C00747,RETRY_ALL,0,0,,,0,0,,
RECLAIM-V2-003871,C00294,RETRY_ALL,0,0,,,0,0,,
RECLAIM-V2-003872,C00058,RETRY_ALL,0,0,,,0,0,,
RECLAIM-V2-003873,C00988,RETRY_ALL,0,0,,,0,0,,
RECLAIM-V2-003874,C00622,RETRY_ALL,0,0,,,0,0,,
RECLAIM-V2-003875,C00918,RETRY_ALL,0,0,,,0,0,,
RECLAIM-V2-003876,C00480,RETRY_ALL,0,0,,,0,0,,
RECLAIM-V2-003877,C00517,RETRY_ALL,0,0,,,0,0,,
RECLAIM-V2-003878,C00585,RETRY_ALL,0,0,,,0,0,,
RECLAIM-V2-003879,C00619,RETRY_ALL,0,0,,,0,0,,
RECLAIM-V2-003880,C00373,RETRY_ALL,0,0,,,0,0,,
RECLAIM-V2-003881,C00081,RETRY_ALL,0,0,,,0,0,,
RECLAIM-V2-003882,C00554,RETRY_ALL,0,0,,,0,0,,
RECLAIM-V2-003883,C00417,RETRY_ALL,0,0,,,0,0,,
RECLAIM-V2-003884,C00834,RETRY_ALL,0,0,,,0,0,,
RECLAIM-V2-003885,C00094,RETRY_ALL,0,0,,,0,0,,
RECLAIM-V2-003886,C00339,RETRY_ALL,0,0,,,0,0,,
RECLAIM-V2-003887,C00012,RETRY_ALL,0,0,,,0,0,,
RECLAIM-V2-003888,C00461,RETRY_ALL,0,0,,,0,0,,
RECLAIM-V2-003889,C00187,TARGET,1,0,,,0,0,,
RECLAIM-V2-003890,C00196,RETRY_ALL,0,0,,,0,0,,
RECLAIM-V2-003891,C00156,RETRY_ALL,0,0,,,0,0,,
RECLAIM-V2-003892,C00882,RETRY_ALL,0,0,,,0,0,,
RECLAIM-V2-003893,C00590,RETRY_ALL,0,0,,,0,0,,
RECLAIM-V2-003894,C00287,RETRY_ALL,0,0,,,0,0,,
RECLAIM-V2-003895,C00275,RETRY_ALL,0,0,,,0,0,,
RECLAIM-V2-003896,C00427,RETRY_ALL,0,0,,,0,0,,
RECLAIM-V2-003897,C00155,TARGET,1,0,,,0,0,,
RECLAIM-V2-003898,C00687,RETRY_ALL,0,0,,,0,0,,
RECLAIM-V2-003899,C00625,RETRY_ALL,0,0,,,0,0,,
RECLAIM-V2-003900,C00153,RETRY_ALL,0,0,,,0,0,,
RECLAIM-V2-003901,C00911,RETRY_ALL,0,0,,,0,0,,
RECLAIM-V2-003902,C00080,TARGET,1,0,,,0,0,,
RECLAIM-V2-003903,C00966,RETRY_ALL,0,0,,,0,0,,
RECLAIM-V2-003904,C00987,RETRY_ALL,0,0,,,0,0,,
RECLAIM-V2-003905,C00687,RETRY_ALL,0,0,,,0,0,,
RECLAIM-V2-003906,C00233,RETRY_ALL,0,0,,,0,0,,
RECLAIM-V2-003907,C00517,RETRY_ALL,0,0,,,0,0,,
RECLAIM-V2-003908,C00847,RETRY_ALL,0,0,,,0,0,,
RECLAIM-V2-003909,C00590,RETRY_ALL,0,0,,,0,0,,
RECLAIM-V2-003910,C00608,RETRY_ALL,0,0,,,0,0,,
RECLAIM-V2-003911,C00325,RETRY_ALL,0,0,,,0,0,,
RECLAIM-V2-003912,C00702,RETRY_ALL,0,0,,,0,0,,
RECLAIM-V2-003913,C00886,RETRY_ALL,0,0,,,0,0,,
RECLAIM-V2-003914,C00584,RETRY_ALL,0,0,,,0,0,,
RECLAIM-V2-003915,C00695,RETRY_ALL,0,0,,,0,0,,
RECLAIM-V2-003916,C00289,RETRY_ALL,0,0,,,0,0,,
RECLAIM-V2-003917,C00218,RETRY_ALL,0,0,,,0,0,,
RECLAIM-V2-003918,C00918,RETRY_ALL,0,0,,,0,0,,
RECLAIM-V2-003919,C00908,RETRY_ALL,0,0,,,0,0,,
RECLAIM-V2-003920,C00193,RETRY_ALL,0,0,,,0,0,,
RECLAIM-V2-003921,C00627,RETRY_ALL,0,0,,,0,0,,
RECLAIM-V2-003922,C00098,RETRY_ALL,0,0,,,0,0,,
RECLAIM-V2-003923,C00696,RETRY_ALL,0,0,,,0,0,,
RECLAIM-V2-003924,C00611,RETRY_ALL,0,0,,,0,0,,
RECLAIM-V2-003925,C00937,RETRY_ALL,0,0,,,0,0,,
RECLAIM-V2-003926,C00746,RETRY_ALL,0,0,,,0,0,,
RECLAIM-V2-003927,C00851,RETRY_ALL,0,0,,,0,0,,
RECLAIM-V2-003928,C00973,RETRY_ALL,0,0,,,0,0,,
RECLAIM-V2-003929,C00842,RETRY_ALL,0,0,,,0,0,,
RECLAIM-V2-003930,C00238,RETRY_ALL,0,0,,,0,0,,
RECLAIM-V2-003931,C00497,RETRY_ALL,0,0,,,0,0,,
RECLAIM-V2-003932,C00687,RETRY_ALL,0,0,,,0,0,,
RECLAIM-V2-003933,C00293,RETRY_ALL,0,0,,,0,0,,
RECLAIM-V2-003934,C00457,RETRY_ALL,0,0,,,0,0,,
RECLAIM-V2-003935,C00140,RETRY_ALL,0,0,,,0,0,,
RECLAIM-V2-003936,C00129,RETRY_ALL,0,0,,,0,0,,
RECLAIM-V2-003937,C00517,RETRY_ALL,0,0,,,0,0,,
RECLAIM-V2-003938,C00318,RETRY_ALL,0,0,,,0,0,,
RECLAIM-V2-003939,C00980,RETRY_ALL,0,0,,,0,0,,
RECLAIM-V2-003940,C00268,RETRY_ALL,0,0,,,0,0,,
RECLAIM-V2-003941,C00978,RETRY_ALL,0,0,,,0,0,,
RECLAIM-V2-003942,C00460,RETRY_ALL,0,0,,,0,0,,
RECLAIM-V2-003943,C00971,RETRY_ALL,0,0,,,0,0,,
RECLAIM-V2-003944,C00214,RETRY_ALL,0,0,,,0,0,,
RECLAIM-V2-003945,C00373,RETRY_ALL,0,0,,,0,0,,
RECLAIM-V2-003946,C00458,RETRY_ALL,0,0,,,0,0,,
RECLAIM-V2-003947,C00275,RETRY_ALL,0,0,,,0,0,,
RECLAIM-V2-003948,C00516,RETRY_ALL,0,0,,,0,0,,
RECLAIM-V2-003949,C00014,RETRY_ALL,0,0,,,0,0,,
RECLAIM-V2-003950,C00779,RETRY_ALL,0,0,,,0,0,,
RECLAIM-V2-003951,C00630,RETRY_ALL,0,0,,,0,0,,
RECLAIM-V2-003952,C00598,RETRY_ALL,0,0,,,0,0,,
RECLAIM-V2-003953,C00994,RETRY_ALL,0,0,,,0,0,,
RECLAIM-V2-003954,C00344,RETRY_ALL,0,0,,,0,0,,
RECLAIM-V2-003955,C00687,RETRY_ALL,0,0,,,0,0,,
RECLAIM-V2-003956,C00270,RETRY_ALL,0,0,,,0,0,,
RECLAIM-V2-003957,C00930,RETRY_ALL,0,0,,,0,0,,
RECLAIM-V2-003958,C00088,RETRY_ALL,0,0,,,0,0,,
RECLAIM-V2-003959,C00126,RETRY_ALL,0,0,,,0,0,,
RECLAIM-V2-003960,C00810,RETRY_ALL,0,0,,,0,0,,
RECLAIM-V2-003961,C00463,RETRY_ALL,0,0,,,0,0,,
RECLAIM-V2-003962,C00991,RETRY_ALL,0,0,,,0,0,,
RECLAIM-V2-003963,C00901,RETRY_ALL,0,0,,,0,0,,
RECLAIM-V2-003964,C00004,RETRY_ALL,0,0,,,0,0,,
RECLAIM-V2-003965,C00938,RETRY_ALL,0,0,,,0,0,,
RECLAIM-V2-003966,C00991,RETRY_ALL,0,0,,,0,0,,
RECLAIM-V2-003967,C00882,RETRY_ALL,0,0,,,0,0,,
RECLAIM-V2-003968,C00214,RETRY_ALL,0,0,,,0,0,,
RECLAIM-V2-003969,C00452,RETRY_ALL,0,0,,,0,0,,
RECLAIM-V2-003970,C00174,RETRY_ALL,0,0,,,0,0,,
RECLAIM-V2-003971,C00790,RETRY_ALL,0,0,,,0,0,,
RECLAIM-V2-003972,C00897,RETRY_ALL,0,0,,,0,0,,
RECLAIM-V2-003973,C00441,RETRY_ALL,0,0,,,0,0,,
RECLAIM-V2-003974,C00097,RETRY_ALL,0,0,,,0,0,,
RECLAIM-V2-003975,C00140,RETRY_ALL,0,0,,,0,0,,
RECLAIM-V2-003976,C00874,RETRY_ALL,0,0,,,0,0,,
RECLAIM-V2-003977,C00994,RETRY_ALL,0,0,,,0,0,,
RECLAIM-V2-003978,C00413,RETRY_ALL,0,0,,,0,0,,
RECLAIM-V2-003979,C00492,RETRY_ALL,0,0,,,0,0,,
RECLAIM-V2-003980,C00929,RETRY_ALL,0,0,,,0,0,,
RECLAIM-V2-003981,C00980,RETRY_ALL,0,0,,,0,0,,
RECLAIM-V2-003982,C00649,RETRY_ALL,0,0,,,0,0,,
RECLAIM-V2-003983,C00109,RETRY_ALL,0,0,,,0,0,,
RECLAIM-V2-003984,C00037,RETRY_ALL,0,0,,,0,0,,
RECLAIM-V2-003985,C00482,RETRY_ALL,0,0,,,0,0,,
RECLAIM-V2-003986,C00847,RETRY_ALL,0,0,,,0,0,,
RECLAIM-V2-003987,C00441,RETRY_ALL,0,0,,,0,0,,
RECLAIM-V2-003988,C00727,RETRY_ALL,0,0,,,0,0,,
RECLAIM-V2-003989,C00451,RETRY_ALL,0,0,,,0,0,,
RECLAIM-V2-003990,C00747,RETRY_ALL,0,0,,,0,0,,
RECLAIM-V2-003991,C00797,RETRY_ALL,0,0,,,0,0,,
RECLAIM-V2-003992,C00611,RETRY_ALL,0,0,,,0,0,,
RECLAIM-V2-003993,C00233,RETRY_ALL,0,0,,,0,0,,
RECLAIM-V2-003994,C00268,RETRY_ALL,0,0,,,0,0,,
RECLAIM-V2-003995,C00053,RETRY_ALL,0,0,,,0,0,,
RECLAIM-V2-003996,C00819,TARGET,1,0,,,0,0,,
RECLAIM-V2-003997,C00228,RETRY_ALL,0,0,,,0,0,,
RECLAIM-V2-003998,C00492,RETRY_ALL,0,0,,,0,0,,
RECLAIM-V2-003999,C00550,TARGET,1,0,,,0,0,,
RECLAIM-V2-004000,C00502,TARGET,1,0,,,0,0,,
RECLAIM-V2-004001,C00574,RETRY_ALL,0,0,,,0,0,,
RECLAIM-V2-004002,C00361,RETRY_ALL,0,0,,,0,0,,
RECLAIM-V2-004003,C00670,RETRY_ALL,0,0,,,0,0,,
RECLAIM-V2-004004,C00024,RETRY_ALL,0,0,,,0,0,,
RECLAIM-V2-004005,C00999,RETRY_ALL,0,0,,,0,0,,
RECLAIM-V2-004006,C00524,RETRY_ALL,0,0,,,0,0,,
RECLAIM-V2-004007,C00834,RETRY_ALL,0,0,,,0,0,,
RECLAIM-V2-004008,C00395,RETRY_ALL,0,0,,,0,0,,
RECLAIM-V2-004009,C00449,RETRY_ALL,0,0,,,0,0,,
RECLAIM-V2-004010,C00005,TARGET,1,0,,,0,0,,
RECLAIM-V2-004011,C00937,RETRY_ALL,0,0,,,0,0,,
RECLAIM-V2-004012,C00404,TARGET,1,0,,,0,0,,
RECLAIM-V2-004013,C00221,RETRY_ALL,0,0,,,0,0,,
RECLAIM-V2-004014,C00941,TARGET,1,0,,,0,0,,
RECLAIM-V2-004015,C00935,TARGET,1,0,,,0,0,,
RECLAIM-V2-004016,C00980,RETRY_ALL,0,0,,,0,0,,
RECLAIM-V2-004017,C00005,RETRY_ALL,0,0,,,0,0,,
RECLAIM-V2-004018,C00906,RETRY_ALL,0,0,,,0,0,,
RECLAIM-V2-004019,C00345,RETRY_ALL,0,0,,,0,0,,
RECLAIM-V2-004020,C00663,TARGET,1,0,,,0,0,,
RECLAIM-V2-004021,C00166,RETRY_ALL,0,0,,,0,0,,
RECLAIM-V2-004022,C00139,RETRY_ALL,0,0,,,0,0,,
RECLAIM-V2-004023,C00534,RETRY_ALL,0,0,,,0,0,,
RECLAIM-V2-004024,C00108,RETRY_ALL,0,0,,,0,0,,
RECLAIM-V2-004025,C00122,RETRY_ALL,0,0,,,0,0,,
RECLAIM-V2-004026,C00643,RETRY_ALL,0,0,,,0,0,,
RECLAIM-V2-004027,C00973,RETRY_ALL,0,0,,,0,0,,
RECLAIM-V2-004028,C00351,RETRY_ALL,0,0,,,0,0,,
RECLAIM-V2-004029,C00649,RETRY_ALL,0,0,,,0,0,,
RECLAIM-V2-004030,C00446,RETRY_ALL,0,0,,,0,0,,
RECLAIM-V2-004031,C00497,RETRY_ALL,0,0,,,0,0,,
RECLAIM-V2-004032,C00954,RETRY_ALL,0,0,,,0,0,,
RECLAIM-V2-004033,C00573,RETRY_ALL,0,0,,,0,0,,
RECLAIM-V2-004034,C00980,RETRY_ALL,0,0,,,0,0,,
RECLAIM-V2-004035,C00241,RETRY_ALL,0,0,,,0,0,,
RECLAIM-V2-004036,C00025,RETRY_ALL,0,0,,,0,0,,
RECLAIM-V2-004037,C00480,RETRY_ALL,0,0,,,0,0,,
RECLAIM-V2-004038,C00020,RETRY_ALL,0,0,,,0,0,,
RECLAIM-V2-004039,C00599,RETRY_ALL,0,0,,,0,0,,
RECLAIM-V2-004040,C00131,RETRY_ALL,0,0,,,0,0,,
RECLAIM-V2-004041,C00590,RETRY_ALL,0,0,,,0,0,,
RECLAIM-V2-004042,C00987,RETRY_ALL,0,0,,,0,0,,
RECLAIM-V2-004043,C00942,RETRY_ALL,0,0,,,0,0,,
RECLAIM-V2-004044,C00230,RETRY_ALL,0,0,,,0,0,,
RECLAIM-V2-004045,C00909,RETRY_ALL,0,0,,,0,0,,
RECLAIM-V2-004046,C00270,RETRY_ALL,0,0,,,0,0,,
RECLAIM-V2-004047,C00718,RETRY_ALL,0,0,,,0,0,,
RECLAIM-V2-004048,C00345,RETRY_ALL,0,0,,,0,0,,
RECLAIM-V2-004049,C00700,RETRY_ALL,0,0,,,0,0,,
RECLAIM-V2-004050,C00232,RETRY_ALL,0,0,,,0,0,,
RECLAIM-V2-004051,C00964,RETRY_ALL,0,0,,,0,0,,
RECLAIM-V2-004052,C00271,RETRY_ALL,0,0,,,0,0,,
RECLAIM-V2-004053,C00676,RETRY_ALL,0,0,,,0,0,,
RECLAIM-V2-004054,C00842,RETRY_ALL,0,0,,,0,0,,
RECLAIM-V2-004055,C00244,RETRY_ALL,0,0,,,0,0,,
RECLAIM-V2-004056,C00244,RETRY_ALL,0,0,,,0,0,,
RECLAIM-V2-004057,C00764,TARGET,1,0,,,0,0,,
RECLAIM-V2-004058,C00625,RETRY_ALL,0,0,,,0,0,,
RECLAIM-V2-004059,C00112,RETRY_ALL,0,0,,,0,0,,
RECLAIM-V2-004060,C00823,RETRY_ALL,0,0,,,0,0,,
RECLAIM-V2-004061,C00534,RETRY_ALL,0,0,,,0,0,,
RECLAIM-V2-004062,C00601,RETRY_ALL,0,0,,,0,0,,
RECLAIM-V2-004063,C00735,RETRY_ALL,0,0,,,0,0,,
RECLAIM-V2-004064,C00166,RETRY_ALL,0,0,,,0,0,,
RECLAIM-V2-004065,C00136,RETRY_ALL,0,0,,,0,0,,
RECLAIM-V2-004066,C00132,RETRY_ALL,0,0,,,0,0,,
RECLAIM-V2-004067,C00584,RETRY_ALL,0,0,,,0,0,,
RECLAIM-V2-004068,C00421,RETRY_ALL,0,0,,,0,0,,
RECLAIM-V2-004069,C00294,RETRY_ALL,0,0,,,0,0,,
RECLAIM-V2-004070,C00597,RETRY_ALL,0,0,,,0,0,,
RECLAIM-V2-004071,C00625,TARGET,1,0,,,0,0,,
RECLAIM-V2-004072,C00196,RETRY_ALL,0,0,,,0,0,,
RECLAIM-V2-004073,C00321,RETRY_ALL,0,0,,,0,0,,
RECLAIM-V2-004074,C00497,RETRY_ALL,0,0,,,0,0,,
RECLAIM-V2-004075,C00803,RETRY_ALL,0,0,,,0,0,,
RECLAIM-V2-004076,C00964,RETRY_ALL,0,0,,,0,0,,
RECLAIM-V2-004077,C00058,RETRY_ALL,0,0,,,0,0,,
RECLAIM-V2-004078,C00502,RETRY_ALL,0,0,,,0,0,,
RECLAIM-V2-004079,C00904,RETRY_ALL,0,0,,,0,0,,
RECLAIM-V2-004080,C00142,RETRY_ALL,0,0,,,0,0,,
RECLAIM-V2-004081,C00135,RETRY_ALL,0,0,,,0,0,,
RECLAIM-V2-004082,C00971,RETRY_ALL,0,0,,,0,0,,
RECLAIM-V2-004083,C00493,RETRY_ALL,0,0,,,0,0,,
RECLAIM-V2-004084,C00102,RETRY_ALL,0,0,,,0,0,,
RECLAIM-V2-004085,C00275,RETRY_ALL,0,0,,,0,0,,
RECLAIM-V2-004086,C00196,RETRY_ALL,0,0,,,0,0,,
RECLAIM-V2-004087,C00378,RETRY_ALL,0,0,,,0,0,,
RECLAIM-V2-004088,C00517,RETRY_ALL,0,0,,,0,0,,
RECLAIM-V2-004089,C00847,RETRY_ALL,0,0,,,0,0,,
RECLAIM-V2-004090,C00466,RETRY_ALL,0,0,,,0,0,,
RECLAIM-V2-004091,C00433,RETRY_ALL,0,0,,,0,0,,
RECLAIM-V2-004092,C00610,RETRY_ALL,0,0,,,0,0,,
RECLAIM-V2-004093,C00372,RETRY_ALL,0,0,,,0,0,,
RECLAIM-V2-004094,C00158,RETRY_ALL,0,0,,,0,0,,
RECLAIM-V2-004095,C00927,RETRY_ALL,0,0,,,0,0,,
RECLAIM-V2-004096,C00072,RETRY_ALL,0,0,,,0,0,,
RECLAIM-V2-004097,C00735,RETRY_ALL,0,0,,,0,0,,
RECLAIM-V2-004098,C00234,RETRY_ALL,0,0,,,0,0,,
RECLAIM-V2-004099,C00874,RETRY_ALL,0,0,,,0,0,,
RECLAIM-V2-004100,C00365,RETRY_ALL,0,0,,,0,0,,
RECLAIM-V2-004101,C00810,RETRY_ALL,0,0,,,0,0,,
RECLAIM-V2-004102,C00646,RETRY_ALL,0,0,,,0,0,,
RECLAIM-V2-004103,C00517,RETRY_ALL,0,0,,,0,0,,
RECLAIM-V2-004104,C00380,RETRY_ALL,0,0,,,0,0,,
RECLAIM-V2-004105,C00433,RETRY_ALL,0,0,,,0,0,,
RECLAIM-V2-004106,C00003,RETRY_ALL,0,0,,,0,0,,
RECLAIM-V2-004107,C00783,RETRY_ALL,0,0,,,0,0,,
RECLAIM-V2-004108,C00449,RETRY_ALL,0,0,,,0,0,,
RECLAIM-V2-004109,C00318,RETRY_ALL,0,0,,,0,0,,
RECLAIM-V2-004110,C00789,RETRY_ALL,0,0,,,0,0,,
RECLAIM-V2-004111,C00241,RETRY_ALL,0,0,,,0,0,,
RECLAIM-V2-004112,C00954,RETRY_ALL,0,0,,,0,0,,
RECLAIM-V2-004113,C00173,RETRY_ALL,0,0,,,0,0,,
RECLAIM-V2-004114,C00193,RETRY_ALL,0,0,,,0,0,,
RECLAIM-V2-004115,C00421,RETRY_ALL,0,0,,,0,0,,
RECLAIM-V2-004116,C00842,RETRY_ALL,0,0,,,0,0,,
RECLAIM-V2-004117,C00163,RETRY_ALL,0,0,,,0,0,,
RECLAIM-V2-004118,C00485,RETRY_ALL,0,0,,,0,0,,
RECLAIM-V2-004119,C00190,RETRY_ALL,0,0,,,0,0,,
RECLAIM-V2-004120,C00174,RETRY_ALL,0,0,,,0,0,,
RECLAIM-V2-004121,C00032,RETRY_ALL,0,0,,,0,0,,
RECLAIM-V2-004122,C00698,RETRY_ALL,0,0,,,0,0,,
RECLAIM-V2-004123,C00010,RETRY_ALL,0,0,,,0,0,,
RECLAIM-V2-004124,C00937,RETRY_ALL,0,0,,,0,0,,
RECLAIM-V2-004125,C00825,RETRY_ALL,0,0,,,0,0,,
RECLAIM-V2-004126,C00216,TARGET,1,0,,,0,0,,
RECLAIM-V2-004127,C00476,RETRY_ALL,0,0,,,0,0,,
RECLAIM-V2-004128,C00886,RETRY_ALL,0,0,,,0,0,,
RECLAIM-V2-004129,C00816,RETRY_ALL,0,0,,,0,0,,
RECLAIM-V2-004130,C00997,RETRY_ALL,0,0,,,0,0,,
RECLAIM-V2-004131,C00240,RETRY_ALL,0,0,,,0,0,,
RECLAIM-V2-004132,C00429,RETRY_ALL,0,0,,,0,0,,
RECLAIM-V2-004133,C00432,RETRY_ALL,0,0,,,0,0,,
RECLAIM-V2-004134,C00904,RETRY_ALL,0,0,,,0,0,,
RECLAIM-V2-004135,C00232,RETRY_ALL,0,0,,,0,0,,
RECLAIM-V2-004136,C00681,RETRY_ALL,0,0,,,0,0,,
RECLAIM-V2-004137,C00174,RETRY_ALL,0,0,,,0,0,,
RECLAIM-V2-004138,C00413,RETRY_ALL,0,0,,,0,0,,
RECLAIM-V2-004139,C00707,RETRY_ALL,0,0,,,0,0,,
RECLAIM-V2-004140,C00174,RETRY_ALL,0,0,,,0,0,,
RECLAIM-V2-004141,C00401,RETRY_ALL,0,0,,,0,0,,
RECLAIM-V2-004142,C00810,RETRY_ALL,0,0,,,0,0,,
RECLAIM-V2-004143,C00241,RETRY_ALL,0,0,,,0,0,,
RECLAIM-V2-004144,C00157,RETRY_ALL,0,0,,,0,0,,
RECLAIM-V2-004145,C00764,TARGET,1,0,,,0,0,,
RECLAIM-V2-004146,C00112,RETRY_ALL,0,0,,,0,0,,
RECLAIM-V2-004147,C00534,RETRY_ALL,0,0,,,0,0,,
RECLAIM-V2-004148,C00700,RETRY_ALL,0,0,,,0,0,,
RECLAIM-V2-004149,C00432,RETRY_ALL,0,0,,,0,0,,
RECLAIM-V2-004150,C00350,RETRY_ALL,0,0,,,0,0,,
RECLAIM-V2-004151,C00625,RETRY_ALL,0,0,,,0,0,,
RECLAIM-V2-004152,C00828,RETRY_ALL,0,0,,,0,0,,
RECLAIM-V2-004153,C00590,RETRY_ALL,0,0,,,0,0,,
RECLAIM-V2-004154,C00554,RETRY_ALL,0,0,,,0,0,,
RECLAIM-V2-004155,C00214,RETRY_ALL,0,0,,,0,0,,
RECLAIM-V2-004156,C00159,RETRY_ALL,0,0,,,0,0,,
RECLAIM-V2-004157,C00350,RETRY_ALL,0,0,,,0,0,,
RECLAIM-V2-004158,C00904,RETRY_ALL,0,0,,,0,0,,
RECLAIM-V2-004159,C00008,RETRY_ALL,0,0,,,0,0,,
RECLAIM-V2-004160,C00418,RETRY_ALL,0,0,,,0,0,,
RECLAIM-V2-004161,C00268,RETRY_ALL,0,0,,,0,0,,
RECLAIM-V2-004162,C00320,RETRY_ALL,0,0,,,0,0,,
RECLAIM-V2-004163,C00524,RETRY_ALL,0,0,,,0,0,,
RECLAIM-V2-004164,C00810,RETRY_ALL,0,0,,,0,0,,
RECLAIM-V2-004165,C00049,RETRY_ALL,0,0,,,0,0,,
RECLAIM-V2-004166,C00287,RETRY_ALL,0,0,,,0,0,,
RECLAIM-V2-004167,C00551,RETRY_ALL,0,0,,,0,0,,
RECLAIM-V2-004168,C00261,RETRY_ALL,0,0,,,0,0,,
RECLAIM-V2-004169,C00088,RETRY_ALL,0,0,,,0,0,,
RECLAIM-V2-004170,C00847,RETRY_ALL,0,0,,,0,0,,
RECLAIM-V2-004171,C00401,RETRY_ALL,0,0,,,0,0,,
RECLAIM-V2-004172,C00523,RETRY_ALL,0,0,,,0,0,,
RECLAIM-V2-004173,C00187,TARGET,1,0,,,0,0,,
RECLAIM-V2-004174,C00966,RETRY_ALL,0,0,,,0,0,,
RECLAIM-V2-004175,C00135,RETRY_ALL,0,0,,,0,0,,
RECLAIM-V2-004176,C00479,RETRY_ALL,0,0,,,0,0,,
RECLAIM-V2-004177,C00206,RETRY_ALL,0,0,,,0,0,,
RECLAIM-V2-004178,C00287,RETRY_ALL,0,0,,,0,0,,
RECLAIM-V2-004179,C00132,RETRY_ALL,0,0,,,0,0,,
RECLAIM-V2-004180,C00619,RETRY_ALL,0,0,,,0,0,,
RECLAIM-V2-004181,C00945,RETRY_ALL,0,0,,,0,0,,
RECLAIM-V2-004182,C00053,RETRY_ALL,0,0,,,0,0,,
RECLAIM-V2-004183,C00495,RETRY_ALL,0,0,,,0,0,,
RECLAIM-V2-004184,C00173,RETRY_ALL,0,0,,,0,0,,
RECLAIM-V2-004185,C00493,RETRY_ALL,0,0,,,0,0,,
RECLAIM-V2-004186,C00005,RETRY_ALL,0,0,,,0,0,,
RECLAIM-V2-004187,C00384,RETRY_ALL,0,0,,,0,0,,
RECLAIM-V2-004188,C00655,RETRY_ALL,0,0,,,0,0,,
RECLAIM-V2-004189,C00069,RETRY_ALL,0,0,,,0,0,,
RECLAIM-V2-004190,C00901,RETRY_ALL,0,0,,,0,0,,
RECLAIM-V2-004191,C00630,RETRY_ALL,0,0,,,0,0,,
RECLAIM-V2-004192,C00816,RETRY_ALL,0,0,,,0,0,,
RECLAIM-V2-004193,C00691,RETRY_ALL,0,0,,,0,0,,
RECLAIM-V2-004194,C00156,RETRY_ALL,0,0,,,0,0,,
RECLAIM-V2-004195,C00228,RETRY_ALL,0,0,,,0,0,,
RECLAIM-V2-004196,C00404,TARGET,1,0,,,0,0,,
RECLAIM-V2-004197,C00069,RETRY_ALL,0,0,,,0,0,,
RECLAIM-V2-004198,C00779,RETRY_ALL,0,0,,,0,0,,
RECLAIM-V2-004199,C00695,RETRY_ALL,0,0,,,0,0,,
RECLAIM-V2-004200,C00897,RETRY_ALL,0,0,,,0,0,,
RECLAIM-V2-004201,C00415,RETRY_ALL,0,0,,,0,0,,
RECLAIM-V2-004202,C00185,RETRY_ALL,0,0,,,0,0,,
RECLAIM-V2-004203,C00426,RETRY_ALL,0,0,,,0,0,,
RECLAIM-V2-004204,C00842,RETRY_ALL,0,0,,,0,0,,
RECLAIM-V2-004205,C00584,RETRY_ALL,0,0,,,0,0,,
RECLAIM-V2-004206,C00713,RETRY_ALL,0,0,,,0,0,,
RECLAIM-V2-004207,C00874,RETRY_ALL,0,0,,,0,0,,
RECLAIM-V2-004208,C00321,RETRY_ALL,0,0,,,0,0,,
RECLAIM-V2-004209,C00365,RETRY_ALL,0,0,,,0,0,,
RECLAIM-V2-004210,C00519,RETRY_ALL,0,0,,,0,0,,
RECLAIM-V2-004211,C00305,RETRY_ALL,0,0,,,0,0,,
RECLAIM-V2-004212,C00174,RETRY_ALL,0,0,,,0,0,,
RECLAIM-V2-004213,C00460,RETRY_ALL,0,0,,,0,0,,
RECLAIM-V2-004214,C00324,RETRY_ALL,0,0,,,0,0,,
RECLAIM-V2-004215,C00718,RETRY_ALL,0,0,,,0,0,,
RECLAIM-V2-004216,C00069,RETRY_ALL,0,0,,,0,0,,
RECLAIM-V2-004217,C00518,RETRY_ALL,0,0,,,0,0,,
RECLAIM-V2-004218,C00232,RETRY_ALL,0,0,,,0,0,,
RECLAIM-V2-004219,C00014,RETRY_ALL,0,0,,,0,0,,
RECLAIM-V2-004220,C00438,RETRY_ALL,0,0,,,0,0,,
RECLAIM-V2-004221,C00981,RETRY_ALL,0,0,,,0,0,,
RECLAIM-V2-004222,C00010,RETRY_ALL,0,0,,,0,0,,
RECLAIM-V2-004223,C00163,RETRY_ALL,0,0,,,0,0,,
RECLAIM-V2-004224,C00380,RETRY_ALL,0,0,,,0,0,,
RECLAIM-V2-004225,C00122,RETRY_ALL,0,0,,,0,0,,
RECLAIM-V2-004226,C00840,RETRY_ALL,0,0,,,0,0,,
RECLAIM-V2-004227,C00241,RETRY_ALL,0,0,,,0,0,,
RECLAIM-V2-004228,C00482,RETRY_ALL,0,0,,,0,0,,
RECLAIM-V2-004229,C00260,RETRY_ALL,0,0,,,0,0,,
RECLAIM-V2-004230,C00463,RETRY_ALL,0,0,,,0,0,,
RECLAIM-V2-004231,C00392,RETRY_ALL,0,0,,,0,0,,
RECLAIM-V2-004232,C00229,RETRY_ALL,0,0,,,0,0,,
RECLAIM-V2-004233,C00779,RETRY_ALL,0,0,,,0,0,,
RECLAIM-V2-004234,C00260,RETRY_ALL,0,0,,,0,0,,
RECLAIM-V2-004235,C00053,RETRY_ALL,0,0,,,0,0,,
RECLAIM-V2-004236,C00708,RETRY_ALL,0,0,,,0,0,,
RECLAIM-V2-004237,C00999,RETRY_ALL,0,0,,,0,0,,
RECLAIM-V2-004238,C00584,RETRY_ALL,0,0,,,0,0,,
RECLAIM-V2-004239,C00586,RETRY_ALL,0,0,,,0,0,,
RECLAIM-V2-004240,C00054,TARGET,1,0,,,0,0,,
RECLAIM-V2-004241,C00978,RETRY_ALL,0,0,,,0,0,,
RECLAIM-V2-004242,C00196,RETRY_ALL,0,0,,,0,0,,
RECLAIM-V2-004243,C00102,RETRY_ALL,0,0,,,0,0,,
RECLAIM-V2-004244,C00158,RETRY_ALL,0,0,,,0,0,,
RECLAIM-V2-004245,C00452,RETRY_ALL,0,0,,,0,0,,
RECLAIM-V2-004246,C00357,RETRY_ALL,0,0,,,0,0,,
RECLAIM-V2-004247,C00350,RETRY_ALL,0,0,,,0,0,,
RECLAIM-V2-004248,C00931,RETRY_ALL,0,0,,,0,0,,
RECLAIM-V2-004249,C00652,RETRY_ALL,0,0,,,0,0,,
RECLAIM-V2-004250,C00347,RETRY_ALL,0,0,,,0,0,,
RECLAIM-V2-004251,C00664,RETRY_ALL,0,0,,,0,0,,
RECLAIM-V2-004252,C00135,RETRY_ALL,0,0,,,0,0,,
RECLAIM-V2-004253,C00525,RETRY_ALL,0,0,,,0,0,,
RECLAIM-V2-004254,C00908,RETRY_ALL,0,0,,,0,0,,
RECLAIM-V2-004255,C00357,RETRY_ALL,0,0,,,0,0,,
RECLAIM-V2-004256,C00401,RETRY_ALL,0,0,,,0,0,,
RECLAIM-V2-004257,C00674,RETRY_ALL,0,0,,,0,0,,
RECLAIM-V2-004258,C00734,RETRY_ALL,0,0,,,0,0,,
RECLAIM-V2-004259,C00638,RETRY_ALL,0,0,,,0,0,,
RECLAIM-V2-004260,C00524,RETRY_ALL,0,0,,,0,0,,
RECLAIM-V2-004261,C00003,RETRY_ALL,0,0,,,0,0,,
RECLAIM-V2-004262,C00352,RETRY_ALL,0,0,,,0,0,,
RECLAIM-V2-004263,C00404,TARGET,1,0,,,0,0,,
RECLAIM-V2-004264,C00192,RETRY_ALL,0,0,,,0,0,,
RECLAIM-V2-004265,C00097,RETRY_ALL,0,0,,,0,0,,
RECLAIM-V2-004266,C00373,RETRY_ALL,0,0,,,0,0,,
RECLAIM-V2-004267,C00324,RETRY_ALL,0,0,,,0,0,,
RECLAIM-V2-004268,C00525,RETRY_ALL,0,0,,,0,0,,
RECLAIM-V2-004269,C00981,RETRY_ALL,0,0,,,0,0,,
RECLAIM-V2-004270,C00270,RETRY_ALL,0,0,,,0,0,,
RECLAIM-V2-004271,C00069,RETRY_ALL,0,0,,,0,0,,
RECLAIM-V2-004272,C00625,RETRY_ALL,0,0,,,0,0,,
RECLAIM-V2-004273,C00413,RETRY_ALL,0,0,,,0,0,,
RECLAIM-V2-004274,C00687,RETRY_ALL,0,0,,,0,0,,
RECLAIM-V2-004275,C00315,RETRY_ALL,0,0,,,0,0,,
RECLAIM-V2-004276,C00901,RETRY_ALL,0,0,,,0,0,,
RECLAIM-V2-004277,C00565,RETRY_ALL,0,0,,,0,0,,
RECLAIM-V2-004278,C00123,RETRY_ALL,0,0,,,0,0,,
RECLAIM-V2-004279,C00015,RETRY_ALL,0,0,,,0,0,,
RECLAIM-V2-004280,C00054,RETRY_ALL,0,0,,,0,0,,
RECLAIM-V2-004281,C00107,RETRY_ALL,0,0,,,0,0,,
RECLAIM-V2-004282,C00307,RETRY_ALL,0,0,,,0,0,,
RECLAIM-V2-004283,C00555,RETRY_ALL,0,0,,,0,0,,
RECLAIM-V2-004284,C00707,RETRY_ALL,0,0,,,0,0,,
RECLAIM-V2-004285,C00619,RETRY_ALL,0,0,,,0,0,,
RECLAIM-V2-004286,C00551,RETRY_ALL,0,0,,,0,0,,
RECLAIM-V2-004287,C00908,RETRY_ALL,0,0,,,0,0,,
RECLAIM-V2-004288,C00122,RETRY_ALL,0,0,,,0,0,,
RECLAIM-V2-004289,C00614,RETRY_ALL,0,0,,,0,0,,
RECLAIM-V2-004290,C00244,RETRY_ALL,0,0,,,0,0,,
RECLAIM-V2-004291,C00097,RETRY_ALL,0,0,,,0,0,,
RECLAIM-V2-004292,C00624,RETRY_ALL,0,0,,,0,0,,
RECLAIM-V2-004293,C00643,RETRY_ALL,0,0,,,0,0,,
RECLAIM-V2-004294,C00901,RETRY_ALL,0,0,,,0,0,,
RECLAIM-V2-004295,C00789,RETRY_ALL,0,0,,,0,0,,
RECLAIM-V2-004296,C00886,RETRY_ALL,0,0,,,0,0,,
RECLAIM-V2-004297,C00894,RETRY_ALL,0,0,,,0,0,,
RECLAIM-V2-004298,C00233,RETRY_ALL,0,0,,,0,0,,
RECLAIM-V2-004299,C00497,RETRY_ALL,0,0,,,0,0,,
RECLAIM-V2-004300,C00278,RETRY_ALL,0,0,,,0,0,,
RECLAIM-V2-004301,C00929,RETRY_ALL,0,0,,,0,0,,
RECLAIM-V2-004302,C00126,RETRY_ALL,0,0,,,0,0,,
RECLAIM-V2-004303,C00228,RETRY_ALL,0,0,,,0,0,,
RECLAIM-V2-004304,C00037,RETRY_ALL,0,0,,,0,0,,
RECLAIM-V2-004305,C00249,RETRY_ALL,0,0,,,0,0,,
RECLAIM-V2-004306,C00492,RETRY_ALL,0,0,,,0,0,,
RECLAIM-V2-004307,C00901,RETRY_ALL,0,0,,,0,0,,
RECLAIM-V2-004308,C00190,RETRY_ALL,0,0,,,0,0,,
RECLAIM-V2-004309,C00145,RETRY_ALL,0,0,,,0,0,,
RECLAIM-V2-004310,C00985,RETRY_ALL,0,0,,,0,0,,
RECLAIM-V2-004311,C00275,RETRY_ALL,0,0,,,0,0,,
RECLAIM-V2-004312,C00445,RETRY_ALL,0,0,,,0,0,,
RECLAIM-V2-004313,C00534,RETRY_ALL,0,0,,,0,0,,
RECLAIM-V2-004314,C00886,RETRY_ALL,0,0,,,0,0,,
RECLAIM-V2-004315,C00943,RETRY_ALL,0,0,,,0,0,,
RECLAIM-V2-004316,C00598,RETRY_ALL,0,0,,,0,0,,
RECLAIM-V2-004317,C00779,RETRY_ALL,0,0,,,0,0,,
RECLAIM-V2-004318,C00749,RETRY_ALL,0,0,,,0,0,,
RECLAIM-V2-004319,C00205,RETRY_ALL,0,0,,,0,0,,
RECLAIM-V2-004320,C00807,RETRY_ALL,0,0,,,0,0,,
RECLAIM-V2-004321,C00577,RETRY_ALL,0,0,,,0,0,,
RECLAIM-V2-004322,C00610,RETRY_ALL,0,0,,,0,0,,
RECLAIM-V2-004323,C00229,RETRY_ALL,0,0,,,0,0,,
RECLAIM-V2-004324,C00441,RETRY_ALL,0,0,,,0,0,,
RECLAIM-V2-004325,C00241,RETRY_ALL,0,0,,,0,0,,
RECLAIM-V2-004326,C00431,RETRY_ALL,0,0,,,0,0,,
RECLAIM-V2-004327,C00534,RETRY_ALL,0,0,,,0,0,,
RECLAIM-V2-004328,C00054,RETRY_ALL,0,0,,,0,0,,
RECLAIM-V2-004329,C00124,RETRY_ALL,0,0,,,0,0,,
RECLAIM-V2-004330,C00373,RETRY_ALL,0,0,,,0,0,,
RECLAIM-V2-004331,C00525,RETRY_ALL,0,0,,,0,0,,
RECLAIM-V2-004332,C00450,RETRY_ALL,0,0,,,0,0,,
RECLAIM-V2-004333,C00495,RETRY_ALL,0,0,,,0,0,,
RECLAIM-V2-004334,C00173,RETRY_ALL,0,0,,,0,0,,
RECLAIM-V2-004335,C00500,RETRY_ALL,0,0,,,0,0,,
RECLAIM-V2-004336,C00378,RETRY_ALL,0,0,,,0,0,,
RECLAIM-V2-004337,C00492,RETRY_ALL,0,0,,,0,0,,
RECLAIM-V2-004338,C00803,RETRY_ALL,0,0,,,0,0,,
RECLAIM-V2-004339,C00427,RETRY_ALL,0,0,,,0,0,,
RECLAIM-V2-004340,C00874,RETRY_ALL,0,0,,,0,0,,
RECLAIM-V2-004341,C00214,RETRY_ALL,0,0,,,0,0,,
RECLAIM-V2-004342,C00482,RETRY_ALL,0,0,,,0,0,,
RECLAIM-V2-004343,C00353,RETRY_ALL,0,0,,,0,0,,
RECLAIM-V2-004344,C00193,RETRY_ALL,0,0,,,0,0,,
RECLAIM-V2-004345,C00138,RETRY_ALL,0,0,,,0,0,,
RECLAIM-V2-004346,C00519,RETRY_ALL,0,0,,,0,0,,
RECLAIM-V2-004347,C00190,RETRY_ALL,0,0,,,0,0,,
RECLAIM-V2-004348,C00601,RETRY_ALL,0,0,,,0,0,,
RECLAIM-V2-004349,C00321,RETRY_ALL,0,0,,,0,0,,
RECLAIM-V2-004350,C00008,RETRY_ALL,0,0,,,0,0,,
RECLAIM-V2-004351,C00495,RETRY_ALL,0,0,,,0,0,,
RECLAIM-V2-004352,C00554,RETRY_ALL,0,0,,,0,0,,
RECLAIM-V2-004353,C00401,RETRY_ALL,0,0,,,0,0,,
RECLAIM-V2-004354,C00921,RETRY_ALL,0,0,,,0,0,,
RECLAIM-V2-004355,C00629,RETRY_ALL,0,0,,,0,0,,
RECLAIM-V2-004356,C00652,RETRY_ALL,0,0,,,0,0,,
RECLAIM-V2-004357,C00437,RETRY_ALL,0,0,,,0,0,,
RECLAIM-V2-004358,C00347,RETRY_ALL,0,0,,,0,0,,
RECLAIM-V2-004359,C00226,RETRY_ALL,0,0,,,0,0,,
RECLAIM-V2-004360,C00156,RETRY_ALL,0,0,,,0,0,,
RECLAIM-V2-004361,C00158,RETRY_ALL,0,0,,,0,0,,
RECLAIM-V2-004362,C00182,RETRY_ALL,0,0,,,0,0,,
RECLAIM-V2-004363,C00108,RETRY_ALL,0,0,,,0,0,,
RECLAIM-V2-004364,C00707,RETRY_ALL,0,0,,,0,0,,
RECLAIM-V2-004365,C00291,TARGET,1,0,,,0,0,,
RECLAIM-V2-004366,C00418,RETRY_ALL,0,0,,,0,0,,
RECLAIM-V2-004367,C00735,RETRY_ALL,0,0,,,0,0,,
RECLAIM-V2-004368,C00550,TARGET,1,0,,,0,0,,
RECLAIM-V2-004369,C00590,RETRY_ALL,0,0,,,0,0,,
RECLAIM-V2-004370,C00089,RETRY_ALL,0,0,,,0,0,,
RECLAIM-V2-004371,C00997,RETRY_ALL,0,0,,,0,0,,
RECLAIM-V2-004372,C00214,RETRY_ALL,0,0,,,0,0,,
RECLAIM-V2-004373,C00855,RETRY_ALL,0,0,,,0,0,,
RECLAIM-V2-004374,C00296,RETRY_ALL,0,0,,,0,0,,
RECLAIM-V2-004375,C00820,RETRY_ALL,0,0,,,0,0,,
RECLAIM-V2-004376,C00670,RETRY_ALL,0,0,,,0,0,,
RECLAIM-V2-004377,C00841,RETRY_ALL,0,0,,,0,0,,
RECLAIM-V2-004378,C00196,RETRY_ALL,0,0,,,0,0,,
RECLAIM-V2-004379,C00622,RETRY_ALL,0,0,,,0,0,,
RECLAIM-V2-004380,C00664,RETRY_ALL,0,0,,,0,0,,
RECLAIM-V2-004381,C00352,RETRY_ALL,0,0,,,0,0,,
RECLAIM-V2-004382,C00653,RETRY_ALL,0,0,,,0,0,,
RECLAIM-V2-004383,C00733,RETRY_ALL,0,0,,,0,0,,
RECLAIM-V2-004384,C00062,RETRY_ALL,0,0,,,0,0,,
RECLAIM-V2-004385,C00521,RETRY_ALL,0,0,,,0,0,,
RECLAIM-V2-004386,C00395,RETRY_ALL,0,0,,,0,0,,
RECLAIM-V2-004387,C00418,RETRY_ALL,0,0,,,0,0,,
RECLAIM-V2-004388,C00480,RETRY_ALL,0,0,,,0,0,,
RECLAIM-V2-004389,C00702,RETRY_ALL,0,0,,,0,0,,
RECLAIM-V2-004390,C00574,RETRY_ALL,0,0,,,0,0,,
RECLAIM-V2-004391,C00226,RETRY_ALL,0,0,,,0,0,,
RECLAIM-V2-004392,C00221,RETRY_ALL,0,0,,,0,0,,
RECLAIM-V2-004393,C00816,RETRY_ALL,0,0,,,0,0,,
RECLAIM-V2-004394,C00680,RETRY_ALL,0,0,,,0,0,,
RECLAIM-V2-004395,C00614,RETRY_ALL,0,0,,,0,0,,
RECLAIM-V2-004396,C00528,RETRY_ALL,0,0,,,0,0,,
RECLAIM-V2-004397,C00674,RETRY_ALL,0,0,,,0,0,,
RECLAIM-V2-004398,C00053,RETRY_ALL,0,0,,,0,0,,
RECLAIM-V2-004399,C00542,RETRY_ALL,0,0,,,0,0,,
RECLAIM-V2-004400,C00624,RETRY_ALL,0,0,,,0,0,,
RECLAIM-V2-004401,C00986,RETRY_ALL,0,0,,,0,0,,
RECLAIM-V2-004402,C00855,RETRY_ALL,0,0,,,0,0,,
RECLAIM-V2-004403,C00325,RETRY_ALL,0,0,,,0,0,,
RECLAIM-V2-004404,C00664,RETRY_ALL,0,0,,,0,0,,
RECLAIM-V2-004405,C00344,RETRY_ALL,0,0,,,0,0,,
RECLAIM-V2-004406,C00574,RETRY_ALL,0,0,,,0,0,,
RECLAIM-V2-004407,C00945,RETRY_ALL,0,0,,,0,0,,
RECLAIM-V2-004408,C00352,RETRY_ALL,0,0,,,0,0,,
RECLAIM-V2-004409,C00897,RETRY_ALL,0,0,,,0,0,,
RECLAIM-V2-004410,C00758,RETRY_ALL,0,0,,,0,0,,
RECLAIM-V2-004411,C00886,RETRY_ALL,0,0,,,0,0,,
RECLAIM-V2-004412,C00372,RETRY_ALL,0,0,,,0,0,,
RECLAIM-V2-004413,C00718,RETRY_ALL,0,0,,,0,0,,
RECLAIM-V2-004414,C00325,TARGET,1,0,,,0,0,,
RECLAIM-V2-004415,C00673,RETRY_ALL,0,0,,,0,0,,
RECLAIM-V2-004416,C00708,RETRY_ALL,0,0,,,0,0,,
RECLAIM-V2-004417,C00492,RETRY_ALL,0,0,,,0,0,,
RECLAIM-V2-004418,C00823,RETRY_ALL,0,0,,,0,0,,
RECLAIM-V2-004419,C00401,RETRY_ALL,0,0,,,0,0,,
RECLAIM-V2-004420,C00789,RETRY_ALL,0,0,,,0,0,,
RECLAIM-V2-004421,C00671,RETRY_ALL,0,0,,,0,0,,
RECLAIM-V2-004422,C00427,RETRY_ALL,0,0,,,0,0,,
RECLAIM-V2-004423,C00008,RETRY_ALL,0,0,,,0,0,,
RECLAIM-V2-004424,C00287,RETRY_ALL,0,0,,,0,0,,
RECLAIM-V2-004425,C00875,RETRY_ALL,0,0,,,0,0,,
RECLAIM-V2-004426,C00655,RETRY_ALL,0,0,,,0,0,,
RECLAIM-V2-004427,C00517,RETRY_ALL,0,0,,,0,0,,
RECLAIM-V2-004428,C00482,RETRY_ALL,0,0,,,0,0,,
RECLAIM-V2-004429,C00361,RETRY_ALL,0,0,,,0,0,,
RECLAIM-V2-004430,C00238,RETRY_ALL,0,0,,,0,0,,
RECLAIM-V2-004431,C00210,RETRY_ALL,0,0,,,0,0,,
RECLAIM-V2-004432,C00014,RETRY_ALL,0,0,,,0,0,,
RECLAIM-V2-004433,C00324,RETRY_ALL,0,0,,,0,0,,
RECLAIM-V2-004434,C00585,RETRY_ALL,0,0,,,0,0,,
RECLAIM-V2-004435,C00945,RETRY_ALL,0,0,,,0,0,,
RECLAIM-V2-004436,C00980,RETRY_ALL,0,0,,,0,0,,
RECLAIM-V2-004437,C00700,RETRY_ALL,0,0,,,0,0,,
RECLAIM-V2-004438,C00790,RETRY_ALL,0,0,,,0,0,,
RECLAIM-V2-004439,C00819,TARGET,1,0,,,0,0,,
RECLAIM-V2-004440,C00834,RETRY_ALL,0,0,,,0,0,,
RECLAIM-V2-004441,C00124,RETRY_ALL,0,0,,,0,0,,
RECLAIM-V2-004442,C00746,RETRY_ALL,0,0,,,0,0,,
RECLAIM-V2-004443,C00517,RETRY_ALL,0,0,,,0,0,,
RECLAIM-V2-004444,C00746,RETRY_ALL,0,0,,,0,0,,
RECLAIM-V2-004445,C00739,RETRY_ALL,0,0,,,0,0,,
RECLAIM-V2-004446,C00187,TARGET,1,0,,,0,0,,
RECLAIM-V2-004447,C00368,RETRY_ALL,0,0,,,0,0,,
RECLAIM-V2-004448,C00622,RETRY_ALL,0,0,,,0,0,,
RECLAIM-V2-004449,C00289,RETRY_ALL,0,0,,,0,0,,
RECLAIM-V2-004450,C00897,RETRY_ALL,0,0,,,0,0,,
RECLAIM-V2-004451,C00918,RETRY_ALL,0,0,,,0,0,,
RECLAIM-V2-004452,C00936,RETRY_ALL,0,0,,,0,0,,
RECLAIM-V2-004453,C00097,RETRY_ALL,0,0,,,0,0,,
RECLAIM-V2-004454,C00516,RETRY_ALL,0,0,,,0,0,,
RECLAIM-V2-004455,C00702,RETRY_ALL,0,0,,,0,0,,
RECLAIM-V2-004456,C00122,RETRY_ALL,0,0,,,0,0,,
RECLAIM-V2-004457,C00497,RETRY_ALL,0,0,,,0,0,,
RECLAIM-V2-004458,C00223,RETRY_ALL,0,0,,,0,0,,
RECLAIM-V2-004459,C00643,RETRY_ALL,0,0,,,0,0,,
RECLAIM-V2-004460,C00642,RETRY_ALL,0,0,,,0,0,,
RECLAIM-V2-004461,C00746,RETRY_ALL,0,0,,,0,0,,
RECLAIM-V2-004462,C00189,RETRY_ALL,0,0,,,0,0,,
RECLAIM-V2-004463,C00889,RETRY_ALL,0,0,,,0,0,,
RECLAIM-V2-004464,C00870,RETRY_ALL,0,0,,,0,0,,
RECLAIM-V2-004465,C00929,RETRY_ALL,0,0,,,0,0,,
RECLAIM-V2-004466,C00441,RETRY_ALL,0,0,,,0,0,,
RECLAIM-V2-004467,C00384,RETRY_ALL,0,0,,,0,0,,
RECLAIM-V2-004468,C00779,RETRY_ALL,0,0,,,0,0,,
RECLAIM-V2-004469,C00851,RETRY_ALL,0,0,,,0,0,,
RECLAIM-V2-004470,C00265,RETRY_ALL,0,0,,,0,0,,
RECLAIM-V2-004471,C00783,RETRY_ALL,0,0,,,0,0,,
RECLAIM-V2-004472,C00943,RETRY_ALL,0,0,,,0,0,,
RECLAIM-V2-004473,C00307,RETRY_ALL,0,0,,,0,0,,
RECLAIM-V2-004474,C00746,RETRY_ALL,0,0,,,0,0,,
RECLAIM-V2-004475,C00614,RETRY_ALL,0,0,,,0,0,,
RECLAIM-V2-004476,C00842,RETRY_ALL,0,0,,,0,0,,
RECLAIM-V2-004477,C00174,RETRY_ALL,0,0,,,0,0,,
RECLAIM-V2-004478,C00343,RETRY_ALL,0,0,,,0,0,,
RECLAIM-V2-004479,C00577,RETRY_ALL,0,0,,,0,0,,
RECLAIM-V2-004480,C00764,RETRY_ALL,0,0,,,0,0,,
RECLAIM-V2-004481,C00118,RETRY_ALL,0,0,,,0,0,,
RECLAIM-V2-004482,C00062,RETRY_ALL,0,0,,,0,0,,
RECLAIM-V2-004483,C00841,RETRY_ALL,0,0,,,0,0,,
RECLAIM-V2-004484,C00361,RETRY_ALL,0,0,,,0,0,,
RECLAIM-V2-004485,C00145,RETRY_ALL,0,0,,,0,0,,
RECLAIM-V2-004486,C00158,RETRY_ALL,0,0,,,0,0,,
RECLAIM-V2-004487,C00384,RETRY_ALL,0,0,,,0,0,,
RECLAIM-V2-004488,C00630,RETRY_ALL,0,0,,,0,0,,
RECLAIM-V2-004489,C00497,RETRY_ALL,0,0,,,0,0,,
RECLAIM-V2-004490,C00485,RETRY_ALL,0,0,,,0,0,,
RECLAIM-V2-004491,C00214,RETRY_ALL,0,0,,,0,0,,
RECLAIM-V2-004492,C00155,RETRY_ALL,0,0,,,0,0,,
RECLAIM-V2-004493,C00279,RETRY_ALL,0,0,,,0,0,,
RECLAIM-V2-004494,C00687,RETRY_ALL,0,0,,,0,0,,
RECLAIM-V2-004495,C00577,RETRY_ALL,0,0,,,0,0,,
RECLAIM-V2-004496,C00783,RETRY_ALL,0,0,,,0,0,,
RECLAIM-V2-004497,C00206,RETRY_ALL,0,0,,,0,0,,
RECLAIM-V2-004498,C00810,RETRY_ALL,0,0,,,0,0,,
RECLAIM-V2-004499,C00132,RETRY_ALL,0,0,,,0,0,,
RECLAIM-V2-004500,C00426,RETRY_ALL,0,0,,,0,0,,
RECLAIM-V2-004501,C00228,RETRY_ALL,0,0,,,0,0,,
RECLAIM-V2-004502,C00461,RETRY_ALL,0,0,,,0,0,,
RECLAIM-V2-004503,C00643,RETRY_ALL,0,0,,,0,0,,
RECLAIM-V2-004504,C00669,RETRY_ALL,0,0,,,0,0,,
RECLAIM-V2-004505,C00538,RETRY_ALL,0,0,,,0,0,,
RECLAIM-V2-004506,C00479,RETRY_ALL,0,0,,,0,0,,
RECLAIM-V2-004507,C00461,RETRY_ALL,0,0,,,0,0,,
RECLAIM-V2-004508,C00542,RETRY_ALL,0,0,,,0,0,,
RECLAIM-V2-004509,C00663,TARGET,1,0,,,0,0,,
RECLAIM-V2-004510,C00492,RETRY_ALL,0,0,,,0,0,,
RECLAIM-V2-004511,C00218,RETRY_ALL,0,0,,,0,0,,
RECLAIM-V2-004512,C00981,RETRY_ALL,0,0,,,0,0,,
RECLAIM-V2-004513,C00101,RETRY_ALL,0,0,,,0,0,,
RECLAIM-V2-004514,C00238,RETRY_ALL,0,0,,,0,0,,
RECLAIM-V2-004515,C00266,RETRY_ALL,0,0,,,0,0,,
RECLAIM-V2-004516,C00372,RETRY_ALL,0,0,,,0,0,,
RECLAIM-V2-004517,C00138,RETRY_ALL,0,0,,,0,0,,
RECLAIM-V2-004518,C00476,RETRY_ALL,0,0,,,0,0,,
RECLAIM-V2-004519,C00629,RETRY_ALL,0,0,,,0,0,,
RECLAIM-V2-004520,C00186,RETRY_ALL,0,0,,,0,0,,
RECLAIM-V2-004521,C00497,RETRY_ALL,0,0,,,0,0,,
RECLAIM-V2-004522,C00228,RETRY_ALL,0,0,,,0,0,,
RECLAIM-V2-004523,C00193,RETRY_ALL,0,0,,,0,0,,
RECLAIM-V2-004524,C00783,RETRY_ALL,0,0,,,0,0,,
RECLAIM-V2-004525,C00512,RETRY_ALL,0,0,,,0,0,,
RECLAIM-V2-004526,C00585,RETRY_ALL,0,0,,,0,0,,
RECLAIM-V2-004527,C00020,RETRY_ALL,0,0,,,0,0,,
RECLAIM-V2-004528,C00135,RETRY_ALL,0,0,,,0,0,,
RECLAIM-V2-004529,C00413,RETRY_ALL,0,0,,,0,0,,
RECLAIM-V2-004530,C00230,RETRY_ALL,0,0,,,0,0,,
RECLAIM-V2-004531,C00008,RETRY_ALL,0,0,,,0,0,,
RECLAIM-V2-004532,C00625,TARGET,1,0,,,0,0,,
RECLAIM-V2-004533,C00851,RETRY_ALL,0,0,,,0,0,,
RECLAIM-V2-004534,C00415,RETRY_ALL,0,0,,,0,0,,
RECLAIM-V2-004535,C00630,RETRY_ALL,0,0,,,0,0,,
RECLAIM-V2-004536,C00584,RETRY_ALL,0,0,,,0,0,,
RECLAIM-V2-004537,C00779,RETRY_ALL,0,0,,,0,0,,
RECLAIM-V2-004538,C00469,RETRY_ALL,0,0,,,0,0,,
RECLAIM-V2-004539,C00624,RETRY_ALL,0,0,,,0,0,,
RECLAIM-V2-004540,C00698,RETRY_ALL,0,0,,,0,0,,
RECLAIM-V2-004541,C00758,RETRY_ALL,0,0,,,0,0,,
RECLAIM-V2-004542,C00056,RETRY_ALL,0,0,,,0,0,,
RECLAIM-V2-004543,C00214,RETRY_ALL,0,0,,,0,0,,
RECLAIM-V2-004544,C00758,RETRY_ALL,0,0,,,0,0,,
RECLAIM-V2-004545,C00384,RETRY_ALL,0,0,,,0,0,,
RECLAIM-V2-004546,C00825,RETRY_ALL,0,0,,,0,0,,
RECLAIM-V2-004547,C00863,RETRY_ALL,0,0,,,0,0,,
RECLAIM-V2-004548,C00458,RETRY_ALL,0,0,,,0,0,,
RECLAIM-V2-004549,C00851,RETRY_ALL,0,0,,,0,0,,
RECLAIM-V2-004550,C00192,RETRY_ALL,0,0,,,0,0,,
RECLAIM-V2-004551,C00797,RETRY_ALL,0,0,,,0,0,,
RECLAIM-V2-004552,C00506,RETRY_ALL,0,0,,,0,0,,
RECLAIM-V2-004553,C00056,RETRY_ALL,0,0,,,0,0,,
RECLAIM-V2-004554,C00185,RETRY_ALL,0,0,,,0,0,,
RECLAIM-V2-004555,C00241,RETRY_ALL,0,0,,,0,0,,
RECLAIM-V2-004556,C00904,RETRY_ALL,0,0,,,0,0,,
RECLAIM-V2-004557,C00512,RETRY_ALL,0,0,,,0,0,,
RECLAIM-V2-004558,C00232,RETRY_ALL,0,0,,,0,0,,
RECLAIM-V2-004559,C00790,RETRY_ALL,0,0,,,0,0,,
RECLAIM-V2-004560,C00674,RETRY_ALL,0,0,,,0,0,,
RECLAIM-V2-004561,C00485,RETRY_ALL,0,0,,,0,0,,
RECLAIM-V2-004562,C00318,RETRY_ALL,0,0,,,0,0,,
RECLAIM-V2-004563,C00994,RETRY_ALL,0,0,,,0,0,,
RECLAIM-V2-004564,C00069,RETRY_ALL,0,0,,,0,0,,
RECLAIM-V2-004565,C00138,RETRY_ALL,0,0,,,0,0,,
RECLAIM-V2-004566,C00357,RETRY_ALL,0,0,,,0,0,,
RECLAIM-V2-004567,C00791,RETRY_ALL,0,0,,,0,0,,
RECLAIM-V2-004568,C00550,TARGET,1,0,,,0,0,,
RECLAIM-V2-004569,C00043,RETRY_ALL,0,0,,,0,0,,
RECLAIM-V2-004570,C00227,RETRY_ALL,0,0,,,0,0,,
RECLAIM-V2-004571,C00126,RETRY_ALL,0,0,,,0,0,,
RECLAIM-V2-004572,C00807,RETRY_ALL,0,0,,,0,0,,
RECLAIM-V2-004573,C00638,RETRY_ALL,0,0,,,0,0,,
RECLAIM-V2-004574,C00145,RETRY_ALL,0,0,,,0,0,,
RECLAIM-V2-004575,C00214,RETRY_ALL,0,0,,,0,0,,
RECLAIM-V2-004576,C00846,RETRY_ALL,0,0,,,0,0,,
RECLAIM-V2-004577,C00260,RETRY_ALL,0,0,,,0,0,,
RECLAIM-V2-004578,C00463,RETRY_ALL,0,0,,,0,0,,
RECLAIM-V2-004579,C00519,RETRY_ALL,0,0,,,0,0,,
RECLAIM-V2-004580,C00904,RETRY_ALL,0,0,,,0,0,,
RECLAIM-V2-004581,C00599,RETRY_ALL,0,0,,,0,0,,
RECLAIM-V2-004582,C00446,RETRY_ALL,0,0,,,0,0,,
RECLAIM-V2-004583,C00595,RETRY_ALL,0,0,,,0,0,,
RECLAIM-V2-004584,C00979,RETRY_ALL,0,0,,,0,0,,
RECLAIM-V2-004585,C00630,RETRY_ALL,0,0,,,0,0,,
RECLAIM-V2-004586,C00268,RETRY_ALL,0,0,,,0,0,,
RECLAIM-V2-004587,C00168,RETRY_ALL,0,0,,,0,0,,
RECLAIM-V2-004588,C00441,RETRY_ALL,0,0,,,0,0,,
RECLAIM-V2-004589,C00961,RETRY_ALL,0,0,,,0,0,,
RECLAIM-V2-004590,C00417,RETRY_ALL,0,0,,,0,0,,
RECLAIM-V2-004591,C00664,RETRY_ALL,0,0,,,0,0,,
RECLAIM-V2-004592,C00185,RETRY_ALL,0,0,,,0,0,,
RECLAIM-V2-004593,C00521,RETRY_ALL,0,0,,,0,0,,
RECLAIM-V2-004594,C00131,RETRY_ALL,0,0,,,0,0,,
RECLAIM-V2-004595,C00945,RETRY_ALL,0,0,,,0,0,,
RECLAIM-V2-004596,C00270,RETRY_ALL,0,0,,,0,0,,
RECLAIM-V2-004597,C00413,RETRY_ALL,0,0,,,0,0,,
RECLAIM-V2-004598,C00440,RETRY_ALL,0,0,,,0,0,,
RECLAIM-V2-004599,C00841,RETRY_ALL,0,0,,,0,0,,
RECLAIM-V2-004600,C00590,RETRY_ALL,0,0,,,0,0,,
RECLAIM-V2-004601,C00493,RETRY_ALL,0,0,,,0,0,,
RECLAIM-V2-004602,C00547,RETRY_ALL,0,0,,,0,0,,
RECLAIM-V2-004603,C00041,RETRY_ALL,0,0,,,0,0,,
RECLAIM-V2-004604,C00652,RETRY_ALL,0,0,,,0,0,,
RECLAIM-V2-004605,C00733,RETRY_ALL,0,0,,,0,0,,
RECLAIM-V2-004606,C00056,RETRY_ALL,0,0,,,0,0,,
RECLAIM-V2-004607,C00991,RETRY_ALL,0,0,,,0,0,,
RECLAIM-V2-004608,C00961,RETRY_ALL,0,0,,,0,0,,
RECLAIM-V2-004609,C00629,RETRY_ALL,0,0,,,0,0,,
RECLAIM-V2-004610,C00749,RETRY_ALL,0,0,,,0,0,,
RECLAIM-V2-004611,C00139,RETRY_ALL,0,0,,,0,0,,
RECLAIM-V2-004612,C00573,RETRY_ALL,0,0,,,0,0,,
RECLAIM-V2-004613,C00163,RETRY_ALL,0,0,,,0,0,,
RECLAIM-V2-004614,C00518,RETRY_ALL,0,0,,,0,0,,
RECLAIM-V2-004615,C00233,RETRY_ALL,0,0,,,0,0,,
RECLAIM-V2-004616,C00906,RETRY_ALL,0,0,,,0,0,,
RECLAIM-V2-004617,C00571,RETRY_ALL,0,0,,,0,0,,
RECLAIM-V2-004618,C00846,RETRY_ALL,0,0,,,0,0,,
RECLAIM-V2-004619,C00347,RETRY_ALL,0,0,,,0,0,,
RECLAIM-V2-004620,C00372,RETRY_ALL,0,0,,,0,0,,
RECLAIM-V2-004621,C00700,RETRY_ALL,0,0,,,0,0,,
RECLAIM-V2-004622,C00461,RETRY_ALL,0,0,,,0,0,,
RECLAIM-V2-004623,C00241,RETRY_ALL,0,0,,,0,0,,
RECLAIM-V2-004624,C00884,TARGET,1,0,,,0,0,,
RECLAIM-V2-004625,C00126,RETRY_ALL,0,0,,,0,0,,
RECLAIM-V2-004626,C00506,RETRY_ALL,0,0,,,0,0,,
RECLAIM-V2-004627,C00425,RETRY_ALL,0,0,,,0,0,,
RECLAIM-V2-004628,C00906,RETRY_ALL,0,0,,,0,0,,
RECLAIM-V2-004629,C00226,RETRY_ALL,0,0,,,0,0,,
RECLAIM-V2-004630,C00005,TARGET,1,0,,,0,0,,
RECLAIM-V2-004631,C00764,RETRY_ALL,0,0,,,0,0,,
RECLAIM-V2-004632,C00991,RETRY_ALL,0,0,,,0,0,,
RECLAIM-V2-004633,C00324,RETRY_ALL,0,0,,,0,0,,
RECLAIM-V2-004634,C00222,RETRY_ALL,0,0,,,0,0,,
RECLAIM-V2-004635,C00368,RETRY_ALL,0,0,,,0,0,,
RECLAIM-V2-004636,C00136,RETRY_ALL,0,0,,,0,0,,
RECLAIM-V2-004637,C00347,RETRY_ALL,0,0,,,0,0,,
RECLAIM-V2-004638,C00713,RETRY_ALL,0,0,,,0,0,,
RECLAIM-V2-004639,C00820,RETRY_ALL,0,0,,,0,0,,
RECLAIM-V2-004640,C00888,RETRY_ALL,0,0,,,0,0,,
RECLAIM-V2-004641,C00432,RETRY_ALL,0,0,,,0,0,,
RECLAIM-V2-004642,C00146,RETRY_ALL,0,0,,,0,0,,
RECLAIM-V2-004643,C00043,RETRY_ALL,0,0,,,0,0,,
RECLAIM-V2-004644,C00493,RETRY_ALL,0,0,,,0,0,,
RECLAIM-V2-004645,C00612,RETRY_ALL,0,0,,,0,0,,
RECLAIM-V2-004646,C00492,RETRY_ALL,0,0,,,0,0,,
RECLAIM-V2-004647,C00826,RETRY_ALL,0,0,,,0,0,,
RECLAIM-V2-004648,C00695,RETRY_ALL,0,0,,,0,0,,
RECLAIM-V2-004649,C00807,RETRY_ALL,0,0,,,0,0,,
RECLAIM-V2-004650,C00113,RETRY_ALL,0,0,,,0,0,,
RECLAIM-V2-004651,C00347,RETRY_ALL,0,0,,,0,0,,
RECLAIM-V2-004652,C00241,RETRY_ALL,0,0,,,0,0,,
RECLAIM-V2-004653,C00126,RETRY_ALL,0,0,,,0,0,,
RECLAIM-V2-004654,C00746,RETRY_ALL,0,0,,,0,0,,
RECLAIM-V2-004655,C00427,RETRY_ALL,0,0,,,0,0,,
RECLAIM-V2-004656,C00977,RETRY_ALL,0,0,,,0,0,,
RECLAIM-V2-004657,C00619,RETRY_ALL,0,0,,,0,0,,
RECLAIM-V2-004658,C00126,RETRY_ALL,0,0,,,0,0,,
RECLAIM-V2-004659,C00937,RETRY_ALL,0,0,,,0,0,,
RECLAIM-V2-004660,C00345,RETRY_ALL,0,0,,,0,0,,
RECLAIM-V2-004661,C00573,RETRY_ALL,0,0,,,0,0,,
RECLAIM-V2-004662,C00551,RETRY_ALL,0,0,,,0,0,,
RECLAIM-V2-004663,C00550,TARGET,1,0,,,0,0,,
RECLAIM-V2-004664,C00153,RETRY_ALL,0,0,,,0,0,,
RECLAIM-V2-004665,C00003,RETRY_ALL,0,0,,,0,0,,
RECLAIM-V2-004666,C00216,TARGET,1,0,,,0,0,,
RECLAIM-V2-004667,C00158,RETRY_ALL,0,0,,,0,0,,
RECLAIM-V2-004668,C00987,RETRY_ALL,0,0,,,0,0,,
RECLAIM-V2-004669,C00512,RETRY_ALL,0,0,,,0,0,,
RECLAIM-V2-004670,C00089,RETRY_ALL,0,0,,,0,0,,
RECLAIM-V2-004671,C00790,RETRY_ALL,0,0,,,0,0,,
RECLAIM-V2-004672,C00828,RETRY_ALL,0,0,,,0,0,,
RECLAIM-V2-004673,C00994,RETRY_ALL,0,0,,,0,0,,
RECLAIM-V2-004674,C00174,RETRY_ALL,0,0,,,0,0,,
RECLAIM-V2-004675,C00380,RETRY_ALL,0,0,,,0,0,,
RECLAIM-V2-004676,C00908,RETRY_ALL,0,0,,,0,0,,
RECLAIM-V2-004677,C00942,RETRY_ALL,0,0,,,0,0,,
RECLAIM-V2-004678,C00551,RETRY_ALL,0,0,,,0,0,,
RECLAIM-V2-004679,C00429,RETRY_ALL,0,0,,,0,0,,
RECLAIM-V2-004680,C00846,RETRY_ALL,0,0,,,0,0,,
RECLAIM-V2-004681,C00228,RETRY_ALL,0,0,,,0,0,,
RECLAIM-V2-004682,C00929,RETRY_ALL,0,0,,,0,0,,
RECLAIM-V2-004683,C00098,RETRY_ALL,0,0,,,0,0,,
RECLAIM-V2-004684,C00206,RETRY_ALL,0,0,,,0,0,,
RECLAIM-V2-004685,C00525,RETRY_ALL,0,0,,,0,0,,
RECLAIM-V2-004686,C00577,RETRY_ALL,0,0,,,0,0,,
RECLAIM-V2-004687,C00629,RETRY_ALL,0,0,,,0,0,,
RECLAIM-V2-004688,C00619,RETRY_ALL,0,0,,,0,0,,
RECLAIM-V2-004689,C00098,RETRY_ALL,0,0,,,0,0,,
RECLAIM-V2-004690,C00907,RETRY_ALL,0,0,,,0,0,,
RECLAIM-V2-004691,C00927,RETRY_ALL,0,0,,,0,0,,
RECLAIM-V2-004692,C00073,RETRY_ALL,0,0,,,0,0,,
RECLAIM-V2-004693,C00671,RETRY_ALL,0,0,,,0,0,,
RECLAIM-V2-004694,C00153,RETRY_ALL,0,0,,,0,0,,
RECLAIM-V2-004695,C00101,RETRY_ALL,0,0,,,0,0,,
RECLAIM-V2-004696,C00157,RETRY_ALL,0,0,,,0,0,,
RECLAIM-V2-004697,C00434,RETRY_ALL,0,0,,,0,0,,
RECLAIM-V2-004698,C00819,TARGET,1,0,,,0,0,,
RECLAIM-V2-004699,C00404,TARGET,1,0,,,0,0,,
RECLAIM-V2-004700,C00027,RETRY_ALL,0,0,,,0,0,,
RECLAIM-V2-004701,C00339,RETRY_ALL,0,0,,,0,0,,
RECLAIM-V2-004702,C00973,RETRY_ALL,0,0,,,0,0,,
RECLAIM-V2-004703,C00646,RETRY_ALL,0,0,,,0,0,,
RECLAIM-V2-004704,C00746,RETRY_ALL,0,0,,,0,0,,
RECLAIM-V2-004705,C00969,RETRY_ALL,0,0,,,0,0,,
RECLAIM-V2-004706,C00770,RETRY_ALL,0,0,,,0,0,,
RECLAIM-V2-004707,C00271,RETRY_ALL,0,0,,,0,0,,
RECLAIM-V2-004708,C00005,RETRY_ALL,0,0,,,0,0,,
RECLAIM-V2-004709,C00129,RETRY_ALL,0,0,,,0,0,,
RECLAIM-V2-004710,C00551,RETRY_ALL,0,0,,,0,0,,
RECLAIM-V2-004711,C00415,RETRY_ALL,0,0,,,0,0,,
RECLAIM-V2-004712,C00089,RETRY_ALL,0,0,,,0,0,,
RECLAIM-V2-004713,C00043,RETRY_ALL,0,0,,,0,0,,
RECLAIM-V2-004714,C00590,RETRY_ALL,0,0,,,0,0,,
RECLAIM-V2-004715,C00542,RETRY_ALL,0,0,,,0,0,,
RECLAIM-V2-004716,C00986,RETRY_ALL,0,0,,,0,0,,
RECLAIM-V2-004717,C00908,RETRY_ALL,0,0,,,0,0,,
RECLAIM-V2-004718,C00973,RETRY_ALL,0,0,,,0,0,,
RECLAIM-V2-004719,C00466,RETRY_ALL,0,0,,,0,0,,
RECLAIM-V2-004720,C00266,RETRY_ALL,0,0,,,0,0,,
RECLAIM-V2-004721,C00534,RETRY_ALL,0,0,,,0,0,,
RECLAIM-V2-004722,C00271,RETRY_ALL,0,0,,,0,0,,
RECLAIM-V2-004723,C00054,TARGET,1,0,,,0,0,,
RECLAIM-V2-004724,C00909,RETRY_ALL,0,0,,,0,0,,
RECLAIM-V2-004725,C00904,RETRY_ALL,0,0,,,0,0,,
RECLAIM-V2-004726,C00461,RETRY_ALL,0,0,,,0,0,,
RECLAIM-V2-004727,C00206,RETRY_ALL,0,0,,,0,0,,
RECLAIM-V2-004728,C00401,RETRY_ALL,0,0,,,0,0,,
RECLAIM-V2-004729,C00727,RETRY_ALL,0,0,,,0,0,,
RECLAIM-V2-004730,C00547,RETRY_ALL,0,0,,,0,0,,
RECLAIM-V2-004731,C00919,RETRY_ALL,0,0,,,0,0,,
RECLAIM-V2-004732,C00670,RETRY_ALL,0,0,,,0,0,,
RECLAIM-V2-004733,C00441,RETRY_ALL,0,0,,,0,0,,
RECLAIM-V2-004734,C00874,RETRY_ALL,0,0,,,0,0,,
RECLAIM-V2-004735,C00523,RETRY_ALL,0,0,,,0,0,,
RECLAIM-V2-004736,C00739,RETRY_ALL,0,0,,,0,0,,
RECLAIM-V2-004737,C00142,RETRY_ALL,0,0,,,0,0,,
RECLAIM-V2-004738,C00296,RETRY_ALL,0,0,,,0,0,,
RECLAIM-V2-004739,C00614,RETRY_ALL,0,0,,,0,0,,
RECLAIM-V2-004740,C00155,RETRY_ALL,0,0,,,0,0,,
RECLAIM-V2-004741,C00432,RETRY_ALL,0,0,,,0,0,,
RECLAIM-V2-004742,C00168,RETRY_ALL,0,0,,,0,0,,
RECLAIM-V2-004743,C00842,RETRY_ALL,0,0,,,0,0,,
RECLAIM-V2-004744,C00360,RETRY_ALL,0,0,,,0,0,,
RECLAIM-V2-004745,C00145,RETRY_ALL,0,0,,,0,0,,
RECLAIM-V2-004746,C00834,RETRY_ALL,0,0,,,0,0,,
RECLAIM-V2-004747,C00931,RETRY_ALL,0,0,,,0,0,,
RECLAIM-V2-004748,C00440,RETRY_ALL,0,0,,,0,0,,
RECLAIM-V2-004749,C00254,TARGET,1,0,,,0,0,,
RECLAIM-V2-004750,C00789,RETRY_ALL,0,0,,,0,0,,
RECLAIM-V2-004751,C00221,RETRY_ALL,0,0,,,0,0,,
RECLAIM-V2-004752,C00138,RETRY_ALL,0,0,,,0,0,,
RECLAIM-V2-004753,C00228,RETRY_ALL,0,0,,,0,0,,
RECLAIM-V2-004754,C00417,RETRY_ALL,0,0,,,0,0,,
RECLAIM-V2-004755,C00182,RETRY_ALL,0,0,,,0,0,,
RECLAIM-V2-004756,C00909,RETRY_ALL,0,0,,,0,0,,
RECLAIM-V2-004757,C00789,RETRY_ALL,0,0,,,0,0,,
RECLAIM-V2-004758,C00058,RETRY_ALL,0,0,,,0,0,,
RECLAIM-V2-004759,C00073,RETRY_ALL,0,0,,,0,0,,
RECLAIM-V2-004760,C00146,RETRY_ALL,0,0,,,0,0,,
RECLAIM-V2-004761,C00525,RETRY_ALL,0,0,,,0,0,,
RECLAIM-V2-004762,C00187,TARGET,1,0,,,0,0,,
RECLAIM-V2-004763,C00517,RETRY_ALL,0,0,,,0,0,,
RECLAIM-V2-004764,C00131,RETRY_ALL,0,0,,,0,0,,
RECLAIM-V2-004765,C00906,RETRY_ALL,0,0,,,0,0,,
RECLAIM-V2-004766,C00056,RETRY_ALL,0,0,,,0,0,,
RECLAIM-V2-004767,C00567,TARGET,1,0,,,0,0,,
RECLAIM-V2-004768,C00585,RETRY_ALL,0,0,,,0,0,,
RECLAIM-V2-004769,C00886,RETRY_ALL,0,0,,,0,0,,
RECLAIM-V2-004770,C00517,RETRY_ALL,0,0,,,0,0,,
RECLAIM-V2-004771,C00145,RETRY_ALL,0,0,,,0,0,,
RECLAIM-V2-004772,C00450,RETRY_ALL,0,0,,,0,0,,
RECLAIM-V2-004773,C00516,RETRY_ALL,0,0,,,0,0,,
RECLAIM-V2-004774,C00945,RETRY_ALL,0,0,,,0,0,,
RECLAIM-V2-004775,C00691,RETRY_ALL,0,0,,,0,0,,
RECLAIM-V2-004776,C00550,TARGET,1,0,,,0,0,,
RECLAIM-V2-004777,C00680,RETRY_ALL,0,0,,,0,0,,
RECLAIM-V2-004778,C00828,RETRY_ALL,0,0,,,0,0,,
RECLAIM-V2-004779,C00512,RETRY_ALL,0,0,,,0,0,,
RECLAIM-V2-004780,C00155,RETRY_ALL,0,0,,,0,0,,
RECLAIM-V2-004781,C00449,RETRY_ALL,0,0,,,0,0,,
RECLAIM-V2-004782,C00427,RETRY_ALL,0,0,,,0,0,,
RECLAIM-V2-004783,C00343,RETRY_ALL,0,0,,,0,0,,
RECLAIM-V2-004784,C00347,RETRY_ALL,0,0,,,0,0,,
RECLAIM-V2-004785,C00971,RETRY_ALL,0,0,,,0,0,,
RECLAIM-V2-004786,C00005,TARGET,1,0,,,0,0,,
RECLAIM-V2-004787,C00485,RETRY_ALL,0,0,,,0,0,,
RECLAIM-V2-004788,C00945,RETRY_ALL,0,0,,,0,0,,
RECLAIM-V2-004789,C00687,RETRY_ALL,0,0,,,0,0,,
RECLAIM-V2-004790,C00146,RETRY_ALL,0,0,,,0,0,,
RECLAIM-V2-004791,C00516,RETRY_ALL,0,0,,,0,0,,
RECLAIM-V2-004792,C00461,TARGET,1,0,,,0,0,,
RECLAIM-V2-004793,C00614,RETRY_ALL,0,0,,,0,0,,
RECLAIM-V2-004794,C00524,RETRY_ALL,0,0,,,0,0,,
RECLAIM-V2-004795,C00205,RETRY_ALL,0,0,,,0,0,,
RECLAIM-V2-004796,C00414,RETRY_ALL,0,0,,,0,0,,
RECLAIM-V2-004797,C00460,RETRY_ALL,0,0,,,0,0,,
RECLAIM-V2-004798,C00590,RETRY_ALL,0,0,,,0,0,,
RECLAIM-V2-004799,C00041,RETRY_ALL,0,0,,,0,0,,
RECLAIM-V2-004800,C00542,RETRY_ALL,0,0,,,0,0,,
RECLAIM-V2-004801,C00687,RETRY_ALL,0,0,,,0,0,,
RECLAIM-V2-004802,C00132,RETRY_ALL,0,0,,,0,0,,
RECLAIM-V2-004803,C00897,RETRY_ALL,0,0,,,0,0,,
RECLAIM-V2-004804,C00977,RETRY_ALL,0,0,,,0,0,,
RECLAIM-V2-004805,C00304,RETRY_ALL,0,0,,,0,0,,
RECLAIM-V2-004806,C00918,RETRY_ALL,0,0,,,0,0,,
RECLAIM-V2-004807,C00395,RETRY_ALL,0,0,,,0,0,,
RECLAIM-V2-004808,C00053,RETRY_ALL,0,0,,,0,0,,
RECLAIM-V2-004809,C00680,RETRY_ALL,0,0,,,0,0,,
RECLAIM-V2-004810,C00909,RETRY_ALL,0,0,,,0,0,,
RECLAIM-V2-004811,C00020,RETRY_ALL,0,0,,,0,0,,
RECLAIM-V2-004812,C00764,RETRY_ALL,0,0,,,0,0,,
RECLAIM-V2-004813,C00842,RETRY_ALL,0,0,,,0,0,,
RECLAIM-V2-004814,C00961,RETRY_ALL,0,0,,,0,0,,
RECLAIM-V2-004815,C00493,RETRY_ALL,0,0,,,0,0,,
RECLAIM-V2-004816,C00622,RETRY_ALL,0,0,,,0,0,,
RECLAIM-V2-004817,C00069,RETRY_ALL,0,0,,,0,0,,
RECLAIM-V2-004818,C00323,RETRY_ALL,0,0,,,0,0,,
RECLAIM-V2-004819,C00401,RETRY_ALL,0,0,,,0,0,,
RECLAIM-V2-004820,C00991,RETRY_ALL,0,0,,,0,0,,
RECLAIM-V2-004821,C00872,RETRY_ALL,0,0,,,0,0,,
RECLAIM-V2-004822,C00073,RETRY_ALL,0,0,,,0,0,,
RECLAIM-V2-004823,C00551,RETRY_ALL,0,0,,,0,0,,
RECLAIM-V2-004824,C00528,RETRY_ALL,0,0,,,0,0,,
RECLAIM-V2-004825,C00669,RETRY_ALL,0,0,,,0,0,,
RECLAIM-V2-004826,C00305,RETRY_ALL,0,0,,,0,0,,
RECLAIM-V2-004827,C00216,TARGET,1,0,,,0,0,,
RECLAIM-V2-004828,C00906,RETRY_ALL,0,0,,,0,0,,
RECLAIM-V2-004829,C00158,RETRY_ALL,0,0,,,0,0,,
RECLAIM-V2-004830,C00604,RETRY_ALL,0,0,,,0,0,,
RECLAIM-V2-004831,C00961,RETRY_ALL,0,0,,,0,0,,
RECLAIM-V2-004832,C00145,RETRY_ALL,0,0,,,0,0,,
RECLAIM-V2-004833,C00973,RETRY_ALL,0,0,,,0,0,,
RECLAIM-V2-004834,C00254,TARGET,1,0,,,0,0,,
RECLAIM-V2-004835,C00168,RETRY_ALL,0,0,,,0,0,,
RECLAIM-V2-004836,C00500,RETRY_ALL,0,0,,,0,0,,
RECLAIM-V2-004837,C00847,RETRY_ALL,0,0,,,0,0,,
RECLAIM-V2-004838,C00619,RETRY_ALL,0,0,,,0,0,,
RECLAIM-V2-004839,C00034,RETRY_ALL,0,0,,,0,0,,
RECLAIM-V2-004840,C00979,RETRY_ALL,0,0,,,0,0,,
RECLAIM-V2-004841,C00108,RETRY_ALL,0,0,,,0,0,,
RECLAIM-V2-004842,C00142,RETRY_ALL,0,0,,,0,0,,
RECLAIM-V2-004843,C00378,RETRY_ALL,0,0,,,0,0,,
RECLAIM-V2-004844,C00646,RETRY_ALL,0,0,,,0,0,,
RECLAIM-V2-004845,C00199,RETRY_ALL,0,0,,,0,0,,
RECLAIM-V2-004846,C00418,RETRY_ALL,0,0,,,0,0,,
RECLAIM-V2-004847,C00315,RETRY_ALL,0,0,,,0,0,,
RECLAIM-V2-004848,C00487,RETRY_ALL,0,0,,,0,0,,
RECLAIM-V2-004849,C00318,RETRY_ALL,0,0,,,0,0,,
RECLAIM-V2-004850,C00534,RETRY_ALL,0,0,,,0,0,,
RECLAIM-V2-004851,C00318,RETRY_ALL,0,0,,,0,0,,
RECLAIM-V2-004852,C00516,RETRY_ALL,0,0,,,0,0,,
RECLAIM-V2-004853,C00908,RETRY_ALL,0,0,,,0,0,,
RECLAIM-V2-004854,C00525,RETRY_ALL,0,0,,,0,0,,
RECLAIM-V2-004855,C00479,RETRY_ALL,0,0,,,0,0,,
RECLAIM-V2-004856,C00124,RETRY_ALL,0,0,,,0,0,,
RECLAIM-V2-004857,C00537,RETRY_ALL,0,0,,,0,0,,
RECLAIM-V2-004858,C00739,RETRY_ALL,0,0,,,0,0,,
RECLAIM-V2-004859,C00158,RETRY_ALL,0,0,,,0,0,,
RECLAIM-V2-004860,C00427,RETRY_ALL,0,0,,,0,0,,
RECLAIM-V2-004861,C00614,RETRY_ALL,0,0,,,0,0,,
RECLAIM-V2-004862,C00894,RETRY_ALL,0,0,,,0,0,,
RECLAIM-V2-004863,C00518,RETRY_ALL,0,0,,,0,0,,
RECLAIM-V2-004864,C00404,TARGET,1,0,,,0,0,,
RECLAIM-V2-004865,C00954,RETRY_ALL,0,0,,,0,0,,
RECLAIM-V2-004866,C00378,RETRY_ALL,0,0,,,0,0,,
RECLAIM-V2-004867,C00270,RETRY_ALL,0,0,,,0,0,,
RECLAIM-V2-004868,C00577,RETRY_ALL,0,0,,,0,0,,
RECLAIM-V2-004869,C00791,RETRY_ALL,0,0,,,0,0,,
RECLAIM-V2-004870,C00463,RETRY_ALL,0,0,,,0,0,,
RECLAIM-V2-004871,C00112,RETRY_ALL,0,0,,,0,0,,
RECLAIM-V2-004872,C00718,RETRY_ALL,0,0,,,0,0,,
RECLAIM-V2-004873,C00911,RETRY_ALL,0,0,,,0,0,,
RECLAIM-V2-004874,C00927,RETRY_ALL,0,0,,,0,0,,
RECLAIM-V2-004875,C00168,RETRY_ALL,0,0,,,0,0,,
RECLAIM-V2-004876,C00994,RETRY_ALL,0,0,,,0,0,,
RECLAIM-V2-004877,C00664,RETRY_ALL,0,0,,,0,0,,
RECLAIM-V2-004878,C00378,RETRY_ALL,0,0,,,0,0,,
RECLAIM-V2-004879,C00485,RETRY_ALL,0,0,,,0,0,,
RECLAIM-V2-004880,C00008,RETRY_ALL,0,0,,,0,0,,
RECLAIM-V2-004881,C00803,RETRY_ALL,0,0,,,0,0,,
RECLAIM-V2-004882,C00432,RETRY_ALL,0,0,,,0,0,,
RECLAIM-V2-004883,C00241,RETRY_ALL,0,0,,,0,0,,
RECLAIM-V2-004884,C00698,RETRY_ALL,0,0,,,0,0,,
RECLAIM-V2-004885,C00210,RETRY_ALL,0,0,,,0,0,,
RECLAIM-V2-004886,C00421,RETRY_ALL,0,0,,,0,0,,
RECLAIM-V2-004887,C00384,RETRY_ALL,0,0,,,0,0,,
RECLAIM-V2-004888,C00163,RETRY_ALL,0,0,,,0,0,,
RECLAIM-V2-004889,C00103,RETRY_ALL,0,0,,,0,0,,
RECLAIM-V2-004890,C00999,RETRY_ALL,0,0,,,0,0,,
RECLAIM-V2-004891,C00352,RETRY_ALL,0,0,,,0,0,,
RECLAIM-V2-004892,C00058,RETRY_ALL,0,0,,,0,0,,
RECLAIM-V2-004893,C00037,RETRY_ALL,0,0,,,0,0,,
RECLAIM-V2-004894,C00348,RETRY_ALL,0,0,,,0,0,,
RECLAIM-V2-004895,C00345,RETRY_ALL,0,0,,,0,0,,
RECLAIM-V2-004896,C00034,RETRY_ALL,0,0,,,0,0,,
RECLAIM-V2-004897,C00779,RETRY_ALL,0,0,,,0,0,,
RECLAIM-V2-004898,C00305,RETRY_ALL,0,0,,,0,0,,
RECLAIM-V2-004899,C00687,RETRY_ALL,0,0,,,0,0,,
RECLAIM-V2-004900,C00418,RETRY_ALL,0,0,,,0,0,,
RECLAIM-V2-004901,C00687,RETRY_ALL,0,0,,,0,0,,
RECLAIM-V2-004902,C00780,RETRY_ALL,0,0,,,0,0,,
RECLAIM-V2-004903,C00174,RETRY_ALL,0,0,,,0,0,,
RECLAIM-V2-004904,C00485,RETRY_ALL,0,0,,,0,0,,
RECLAIM-V2-004905,C00155,RETRY_ALL,0,0,,,0,0,,
RECLAIM-V2-004906,C00906,RETRY_ALL,0,0,,,0,0,,
RECLAIM-V2-004907,C00131,RETRY_ALL,0,0,,,0,0,,
RECLAIM-V2-004908,C00414,RETRY_ALL,0,0,,,0,0,,
RECLAIM-V2-004909,C00708,RETRY_ALL,0,0,,,0,0,,
RECLAIM-V2-004910,C00158,RETRY_ALL,0,0,,,0,0,,
RECLAIM-V2-004911,C00718,RETRY_ALL,0,0,,,0,0,,
RECLAIM-V2-004912,C00749,RETRY_ALL,0,0,,,0,0,,
RECLAIM-V2-004913,C00817,RETRY_ALL,0,0,,,0,0,,
RECLAIM-V2-004914,C00680,RETRY_ALL,0,0,,,0,0,,
RECLAIM-V2-004915,C00180,RETRY_ALL,0,0,,,0,0,,
RECLAIM-V2-004916,C00429,RETRY_ALL,0,0,,,0,0,,
RECLAIM-V2-004917,C00457,RETRY_ALL,0,0,,,0,0,,
RECLAIM-V2-004918,C00166,RETRY_ALL,0,0,,,0,0,,
RECLAIM-V2-004919,C00032,RETRY_ALL,0,0,,,0,0,,
RECLAIM-V2-004920,C00547,RETRY_ALL,0,0,,,0,0,,
RECLAIM-V2-004921,C00324,RETRY_ALL,0,0,,,0,0,,
RECLAIM-V2-004922,C00460,RETRY_ALL,0,0,,,0,0,,
RECLAIM-V2-004923,C00404,TARGET,1,0,,,0,0,,
RECLAIM-V2-004924,C00746,RETRY_ALL,0,0,,,0,0,,
RECLAIM-V2-004925,C00899,RETRY_ALL,0,0,,,0,0,,
RECLAIM-V2-004926,C00981,RETRY_ALL,0,0,,,0,0,,
RECLAIM-V2-004927,C00614,RETRY_ALL,0,0,,,0,0,,
RECLAIM-V2-004928,C00124,RETRY_ALL,0,0,,,0,0,,
RECLAIM-V2-004929,C00222,RETRY_ALL,0,0,,,0,0,,
RECLAIM-V2-004930,C00980,RETRY_ALL,0,0,,,0,0,,
RECLAIM-V2-004931,C00126,RETRY_ALL,0,0,,,0,0,,
RECLAIM-V2-004932,C00789,RETRY_ALL,0,0,,,0,0,,
RECLAIM-V2-004933,C00271,RETRY_ALL,0,0,,,0,0,,
RECLAIM-V2-004934,C00058,RETRY_ALL,0,0,,,0,0,,
RECLAIM-V2-004935,C00166,RETRY_ALL,0,0,,,0,0,,
RECLAIM-V2-004936,C00584,RETRY_ALL,0,0,,,0,0,,
RECLAIM-V2-004937,C00691,RETRY_ALL,0,0,,,0,0,,
RECLAIM-V2-004938,C00452,RETRY_ALL,0,0,,,0,0,,
RECLAIM-V2-004939,C00463,RETRY_ALL,0,0,,,0,0,,
RECLAIM-V2-004940,C00680,RETRY_ALL,0,0,,,0,0,,
RECLAIM-V2-004941,C00478,RETRY_ALL,0,0,,,0,0,,
RECLAIM-V2-004942,C00789,RETRY_ALL,0,0,,,0,0,,
RECLAIM-V2-004943,C00103,RETRY_ALL,0,0,,,0,0,,
RECLAIM-V2-004944,C00736,RETRY_ALL,0,0,,,0,0,,
RECLAIM-V2-004945,C00980,RETRY_ALL,0,0,,,0,0,,
RECLAIM-V2-004946,C00378,RETRY_ALL,0,0,,,0,0,,
RECLAIM-V2-004947,C00014,RETRY_ALL,0,0,,,0,0,,
RECLAIM-V2-004948,C00450,RETRY_ALL,0,0,,,0,0,,
RECLAIM-V2-004949,C00014,RETRY_ALL,0,0,,,0,0,,
RECLAIM-V2-004950,C00062,RETRY_ALL,0,0,,,0,0,,
RECLAIM-V2-004951,C00841,RETRY_ALL,0,0,,,0,0,,
RECLAIM-V2-004952,C00921,RETRY_ALL,0,0,,,0,0,,
RECLAIM-V2-004953,C00790,RETRY_ALL,0,0,,,0,0,,
RECLAIM-V2-004954,C00676,RETRY_ALL,0,0,,,0,0,,
RECLAIM-V2-004955,C00179,RETRY_ALL,0,0,,,0,0,,
RECLAIM-V2-004956,C00538,RETRY_ALL,0,0,,,0,0,,
RECLAIM-V2-004957,C00567,TARGET,1,0,,,0,0,,
RECLAIM-V2-004958,C00005,RETRY_ALL,0,0,,,0,0,,
RECLAIM-V2-004959,C00461,RETRY_ALL,0,0,,,0,0,,
RECLAIM-V2-004960,C00517,RETRY_ALL,0,0,,,0,0,,
RECLAIM-V2-004961,C00244,RETRY_ALL,0,0,,,0,0,,
RECLAIM-V2-004962,C00739,TARGET,1,0,,,0,0,,
RECLAIM-V2-004963,C00102,RETRY_ALL,0,0,,,0,0,,
RECLAIM-V2-004964,C00762,RETRY_ALL,0,0,,,0,0,,
RECLAIM-V2-004965,C00525,RETRY_ALL,0,0,,,0,0,,
RECLAIM-V2-004966,C00906,RETRY_ALL,0,0,,,0,0,,
RECLAIM-V2-004967,C00394,RETRY_ALL,0,0,,,0,0,,
RECLAIM-V2-004968,C00500,RETRY_ALL,0,0,,,0,0,,
RECLAIM-V2-004969,C00305,RETRY_ALL,0,0,,,0,0,,
RECLAIM-V2-004970,C00980,RETRY_ALL,0,0,,,0,0,,
RECLAIM-V2-004971,C00622,RETRY_ALL,0,0,,,0,0,,
RECLAIM-V2-004972,C00339,RETRY_ALL,0,0,,,0,0,,
RECLAIM-V2-004973,C00449,RETRY_ALL,0,0,,,0,0,,
RECLAIM-V2-004974,C00897,RETRY_ALL,0,0,,,0,0,,
RECLAIM-V2-004975,C00973,RETRY_ALL,0,0,,,0,0,,
RECLAIM-V2-004976,C00049,RETRY_ALL,0,0,,,0,0,,
RECLAIM-V2-004977,C00945,RETRY_ALL,0,0,,,0,0,,
RECLAIM-V2-004978,C00680,RETRY_ALL,0,0,,,0,0,,
RECLAIM-V2-004979,C00138,RETRY_ALL,0,0,,,0,0,,
RECLAIM-V2-004980,C00797,RETRY_ALL,0,0,,,0,0,,
RECLAIM-V2-004981,C00999,RETRY_ALL,0,0,,,0,0,,
RECLAIM-V2-004982,C00098,RETRY_ALL,0,0,,,0,0,,
RECLAIM-V2-004983,C00126,RETRY_ALL,0,0,,,0,0,,
RECLAIM-V2-004984,C00551,RETRY_ALL,0,0,,,0,0,,
RECLAIM-V2-004985,C00418,RETRY_ALL,0,0,,,0,0,,
RECLAIM-V2-004986,C00749,RETRY_ALL,0,0,,,0,0,,
RECLAIM-V2-004987,C00434,RETRY_ALL,0,0,,,0,0,,
RECLAIM-V2-004988,C00886,RETRY_ALL,0,0,,,0,0,,
RECLAIM-V2-004989,C00594,RETRY_ALL,0,0,,,0,0,,
RECLAIM-V2-004990,C00320,RETRY_ALL,0,0,,,0,0,,
RECLAIM-V2-004991,C00145,RETRY_ALL,0,0,,,0,0,,
RECLAIM-V2-004992,C00622,RETRY_ALL,0,0,,,0,0,,
RECLAIM-V2-004993,C00929,RETRY_ALL,0,0,,,0,0,,
RECLAIM-V2-004994,C00139,RETRY_ALL,0,0,,,0,0,,
RECLAIM-V2-004995,C00534,RETRY_ALL,0,0,,,0,0,,
RECLAIM-V2-004996,C00124,RETRY_ALL,0,0,,,0,0,,
RECLAIM-V2-004997,C00138,RETRY_ALL,0,0,,,0,0,,
RECLAIM-V2-004998,C00413,RETRY_ALL,0,0,,,0,0,,
RECLAIM-V2-004999,C00353,RETRY_ALL,0,0,,,0,0,,
RECLAIM-V2-005000,C00107,RETRY_ALL,0,0,,,0,0,,
RECLAIM-V2-005001,C00391,RETRY_ALL,0,0,,,0,0,,
RECLAIM-V2-005002,C00669,RETRY_ALL,0,0,,,0,0,,
RECLAIM-V2-005003,C00378,RETRY_ALL,0,0,,,0,0,,
RECLAIM-V2-005004,C00906,RETRY_ALL,0,0,,,0,0,,
RECLAIM-V2-005005,C00551,RETRY_ALL,0,0,,,0,0,,
RECLAIM-V2-005006,C00432,RETRY_ALL,0,0,,,0,0,,
RECLAIM-V2-005007,C00109,RETRY_ALL,0,0,,,0,0,,
RECLAIM-V2-005008,C00418,RETRY_ALL,0,0,,,0,0,,
RECLAIM-V2-005009,C00622,RETRY_ALL,0,0,,,0,0,,
RECLAIM-V2-005010,C00431,RETRY_ALL,0,0,,,0,0,,
RECLAIM-V2-005011,C00997,RETRY_ALL,0,0,,,0,0,,
RECLAIM-V2-005012,C00999,RETRY_ALL,0,0,,,0,0,,
RECLAIM-V2-005013,C00497,RETRY_ALL,0,0,,,0,0,,
RECLAIM-V2-005014,C00882,RETRY_ALL,0,0,,,0,0,,
RECLAIM-V2-005015,C00193,RETRY_ALL,0,0,,,0,0,,
RECLAIM-V2-005016,C00086,RETRY_ALL,0,0,,,0,0,,
RECLAIM-V2-005017,C00551,RETRY_ALL,0,0,,,0,0,,
RECLAIM-V2-005018,C00054,RETRY_ALL,0,0,,,0,0,,
RECLAIM-V2-005019,C00126,RETRY_ALL,0,0,,,0,0,,
RECLAIM-V2-005020,C00206,RETRY_ALL,0,0,,,0,0,,
RECLAIM-V2-005021,C00354,RETRY_ALL,0,0,,,0,0,,
RECLAIM-V2-005022,C00027,RETRY_ALL,0,0,,,0,0,,
RECLAIM-V2-005023,C00339,RETRY_ALL,0,0,,,0,0,,
RECLAIM-V2-005024,C00053,RETRY_ALL,0,0,,,0,0,,
RECLAIM-V2-005025,C00469,RETRY_ALL,0,0,,,0,0,,
RECLAIM-V2-005026,C00973,RETRY_ALL,0,0,,,0,0,,
RECLAIM-V2-005027,C00638,RETRY_ALL,0,0,,,0,0,,
RECLAIM-V2-005028,C00779,RETRY_ALL,0,0,,,0,0,,
RECLAIM-V2-005029,C00080,TARGET,1,0,,,0,0,,
RECLAIM-V2-005030,C00027,RETRY_ALL,0,0,,,0,0,,
RECLAIM-V2-005031,C00919,RETRY_ALL,0,0,,,0,0,,
RECLAIM-V2-005032,C00480,RETRY_ALL,0,0,,,0,0,,
RECLAIM-V2-005033,C00058,RETRY_ALL,0,0,,,0,0,,
RECLAIM-V2-005034,C00461,TARGET,1,0,,,0,0,,
RECLAIM-V2-005035,C00931,RETRY_ALL,0,0,,,0,0,,
RECLAIM-V2-005036,C00361,RETRY_ALL,0,0,,,0,0,,
RECLAIM-V2-005037,C00676,RETRY_ALL,0,0,,,0,0,,
RECLAIM-V2-005038,C00073,RETRY_ALL,0,0,,,0,0,,
RECLAIM-V2-005039,C00986,RETRY_ALL,0,0,,,0,0,,
RECLAIM-V2-005040,C00886,RETRY_ALL,0,0,,,0,0,,
RECLAIM-V2-005041,C00764,RETRY_ALL,0,0,,,0,0,,
RECLAIM-V2-005042,C00646,RETRY_ALL,0,0,,,0,0,,
RECLAIM-V2-005043,C00614,RETRY_ALL,0,0,,,0,0,,
RECLAIM-V2-005044,C00446,RETRY_ALL,0,0,,,0,0,,
RECLAIM-V2-005045,C00614,RETRY_ALL,0,0,,,0,0,,
RECLAIM-V2-005046,C00131,RETRY_ALL,0,0,,,0,0,,
RECLAIM-V2-005047,C00343,RETRY_ALL,0,0,,,0,0,,
RECLAIM-V2-005048,C00325,RETRY_ALL,0,0,,,0,0,,
RECLAIM-V2-005049,C00495,RETRY_ALL,0,0,,,0,0,,
RECLAIM-V2-005050,C00024,RETRY_ALL,0,0,,,0,0,,
RECLAIM-V2-005051,C00384,RETRY_ALL,0,0,,,0,0,,
RECLAIM-V2-005052,C00997,RETRY_ALL,0,0,,,0,0,,
RECLAIM-V2-005053,C00232,RETRY_ALL,0,0,,,0,0,,
RECLAIM-V2-005054,C00088,RETRY_ALL,0,0,,,0,0,,
RECLAIM-V2-005055,C00791,RETRY_ALL,0,0,,,0,0,,
RECLAIM-V2-005056,C00049,RETRY_ALL,0,0,,,0,0,,
RECLAIM-V2-005057,C00567,TARGET,1,0,,,0,0,,
RECLAIM-V2-005058,C00457,RETRY_ALL,0,0,,,0,0,,
RECLAIM-V2-005059,C00005,TARGET,1,0,,,0,0,,
RECLAIM-V2-005060,C00762,RETRY_ALL,0,0,,,0,0,,
RECLAIM-V2-005061,C00955,RETRY_ALL,0,0,,,0,0,,
RECLAIM-V2-005062,C00834,RETRY_ALL,0,0,,,0,0,,
RECLAIM-V2-005063,C00664,RETRY_ALL,0,0,,,0,0,,
RECLAIM-V2-005064,C00874,RETRY_ALL,0,0,,,0,0,,
RECLAIM-V2-005065,C00524,RETRY_ALL,0,0,,,0,0,,
RECLAIM-V2-005066,C00518,RETRY_ALL,0,0,,,0,0,,
RECLAIM-V2-005067,C00073,RETRY_ALL,0,0,,,0,0,,
RECLAIM-V2-005068,C00449,RETRY_ALL,0,0,,,0,0,,
RECLAIM-V2-005069,C00698,RETRY_ALL,0,0,,,0,0,,
RECLAIM-V2-005070,C00619,RETRY_ALL,0,0,,,0,0,,
RECLAIM-V2-005071,C00751,RETRY_ALL,0,0,,,0,0,,
RECLAIM-V2-005072,C00664,RETRY_ALL,0,0,,,0,0,,
RECLAIM-V2-005073,C00762,RETRY_ALL,0,0,,,0,0,,
RECLAIM-V2-005074,C00417,RETRY_ALL,0,0,,,0,0,,
RECLAIM-V2-005075,C00004,RETRY_ALL,0,0,,,0,0,,
RECLAIM-V2-005076,C00325,RETRY_ALL,0,0,,,0,0,,
RECLAIM-V2-005077,C00113,RETRY_ALL,0,0,,,0,0,,
RECLAIM-V2-005078,C00999,RETRY_ALL,0,0,,,0,0,,
RECLAIM-V2-005079,C00664,RETRY_ALL,0,0,,,0,0,,
RECLAIM-V2-005080,C00279,RETRY_ALL,0,0,,,0,0,,
RECLAIM-V2-005081,C00613,RETRY_ALL,0,0,,,0,0,,
RECLAIM-V2-005082,C00586,RETRY_ALL,0,0,,,0,0,,
RECLAIM-V2-005083,C00205,RETRY_ALL,0,0,,,0,0,,
RECLAIM-V2-005084,C00043,RETRY_ALL,0,0,,,0,0,,
RECLAIM-V2-005085,C00294,RETRY_ALL,0,0,,,0,0,,
RECLAIM-V2-005086,C00655,RETRY_ALL,0,0,,,0,0,,
RECLAIM-V2-005087,C00485,RETRY_ALL,0,0,,,0,0,,
RECLAIM-V2-005088,C00502,TARGET,1,0,,,0,0,,
RECLAIM-V2-005089,C00512,RETRY_ALL,0,0,,,0,0,,
RECLAIM-V2-005090,C00318,RETRY_ALL,0,0,,,0,0,,
RECLAIM-V2-005091,C00574,RETRY_ALL,0,0,,,0,0,,
RECLAIM-V2-005092,C00585,RETRY_ALL,0,0,,,0,0,,
RECLAIM-V2-005093,C00080,TARGET,1,0,,,0,0,,
RECLAIM-V2-005094,C00825,RETRY_ALL,0,0,,,0,0,,
RECLAIM-V2-005095,C00659,RETRY_ALL,0,0,,,0,0,,
RECLAIM-V2-005096,C00594,RETRY_ALL,0,0,,,0,0,,
RECLAIM-V2-005097,C00401,RETRY_ALL,0,0,,,0,0,,
RECLAIM-V2-005098,C00886,RETRY_ALL,0,0,,,0,0,,
RECLAIM-V2-005099,C00851,RETRY_ALL,0,0,,,0,0,,
RECLAIM-V2-005100,C00186,RETRY_ALL,0,0,,,0,0,,
RECLAIM-V2-005101,C00492,RETRY_ALL,0,0,,,0,0,,
RECLAIM-V2-005102,C00655,RETRY_ALL,0,0,,,0,0,,
RECLAIM-V2-005103,C00820,RETRY_ALL,0,0,,,0,0,,
RECLAIM-V2-005104,C00136,RETRY_ALL,0,0,,,0,0,,
RECLAIM-V2-005105,C00449,RETRY_ALL,0,0,,,0,0,,
RECLAIM-V2-005106,C00353,RETRY_ALL,0,0,,,0,0,,
RECLAIM-V2-005107,C00577,RETRY_ALL,0,0,,,0,0,,
RECLAIM-V2-005108,C00008,RETRY_ALL,0,0,,,0,0,,
RECLAIM-V2-005109,C00488,RETRY_ALL,0,0,,,0,0,,
RECLAIM-V2-005110,C00611,RETRY_ALL,0,0,,,0,0,,
RECLAIM-V2-005111,C00254,TARGET,1,0,,,0,0,,
RECLAIM-V2-005112,C00107,RETRY_ALL,0,0,,,0,0,,
RECLAIM-V2-005113,C00664,RETRY_ALL,0,0,,,0,0,,
RECLAIM-V2-005114,C00437,RETRY_ALL,0,0,,,0,0,,
RECLAIM-V2-005115,C00201,RETRY_ALL,0,0,,,0,0,,
RECLAIM-V2-005116,C00670,RETRY_ALL,0,0,,,0,0,,
RECLAIM-V2-005117,C00614,RETRY_ALL,0,0,,,0,0,,
RECLAIM-V2-005118,C00020,RETRY_ALL,0,0,,,0,0,,
RECLAIM-V2-005119,C00736,RETRY_ALL,0,0,,,0,0,,
RECLAIM-V2-005120,C00295,TARGET,1,0,,,0,0,,
RECLAIM-V2-005121,C00779,RETRY_ALL,0,0,,,0,0,,
RECLAIM-V2-005122,C00673,RETRY_ALL,0,0,,,0,0,,
RECLAIM-V2-005123,C00747,RETRY_ALL,0,0,,,0,0,,
RECLAIM-V2-005124,C00595,RETRY_ALL,0,0,,,0,0,,
RECLAIM-V2-005125,C00954,RETRY_ALL,0,0,,,0,0,,
RECLAIM-V2-005126,C00003,RETRY_ALL,0,0,,,0,0,,
RECLAIM-V2-005127,C00918,RETRY_ALL,0,0,,,0,0,,
RECLAIM-V2-005128,C00577,RETRY_ALL,0,0,,,0,0,,
RECLAIM-V2-005129,C00652,RETRY_ALL,0,0,,,0,0,,
RECLAIM-V2-005130,C00823,RETRY_ALL,0,0,,,0,0,,
RECLAIM-V2-005131,C00929,RETRY_ALL,0,0,,,0,0,,
RECLAIM-V2-005132,C00008,RETRY_ALL,0,0,,,0,0,,
RECLAIM-V2-005133,C00625,RETRY_ALL,0,0,,,0,0,,
RECLAIM-V2-005134,C00906,RETRY_ALL,0,0,,,0,0,,
RECLAIM-V2-005135,C00452,RETRY_ALL,0,0,,,0,0,,
RECLAIM-V2-005136,C00049,RETRY_ALL,0,0,,,0,0,,
RECLAIM-V2-005137,C00875,RETRY_ALL,0,0,,,0,0,,
RECLAIM-V2-005138,C00015,RETRY_ALL,0,0,,,0,0,,
RECLAIM-V2-005139,C00941,TARGET,1,0,,,0,0,,
RECLAIM-V2-005140,C00803,RETRY_ALL,0,0,,,0,0,,
RECLAIM-V2-005141,C00265,RETRY_ALL,0,0,,,0,0,,
RECLAIM-V2-005142,C00429,RETRY_ALL,0,0,,,0,0,,
RECLAIM-V2-005143,C00404,TARGET,1,0,,,0,0,,
RECLAIM-V2-005144,C00380,RETRY_ALL,0,0,,,0,0,,
RECLAIM-V2-005145,C00663,TARGET,1,0,,,0,0,,
RECLAIM-V2-005146,C00492,RETRY_ALL,0,0,,,0,0,,
RECLAIM-V2-005147,C00435,RETRY_ALL,0,0,,,0,0,,
RECLAIM-V2-005148,C00713,RETRY_ALL,0,0,,,0,0,,
RECLAIM-V2-005149,C00221,RETRY_ALL,0,0,,,0,0,,
RECLAIM-V2-005150,C00739,TARGET,1,0,,,0,0,,
RECLAIM-V2-005151,C00360,RETRY_ALL,0,0,,,0,0,,
RECLAIM-V2-005152,C00707,RETRY_ALL,0,0,,,0,0,,
RECLAIM-V2-005153,C00170,RETRY_ALL,0,0,,,0,0,,
RECLAIM-V2-005154,C00196,RETRY_ALL,0,0,,,0,0,,
RECLAIM-V2-005155,C00126,RETRY_ALL,0,0,,,0,0,,
RECLAIM-V2-005156,C00527,RETRY_ALL,0,0,,,0,0,,
RECLAIM-V2-005157,C00221,RETRY_ALL,0,0,,,0,0,,
RECLAIM-V2-005158,C00818,RETRY_ALL,0,0,,,0,0,,
RECLAIM-V2-005159,C00353,RETRY_ALL,0,0,,,0,0,,
RECLAIM-V2-005160,C00538,RETRY_ALL,0,0,,,0,0,,
RECLAIM-V2-005161,C00244,RETRY_ALL,0,0,,,0,0,,
RECLAIM-V2-005162,C00585,RETRY_ALL,0,0,,,0,0,,
RECLAIM-V2-005163,C00043,RETRY_ALL,0,0,,,0,0,,
RECLAIM-V2-005164,C00488,RETRY_ALL,0,0,,,0,0,,
RECLAIM-V2-005165,C00999,RETRY_ALL,0,0,,,0,0,,
RECLAIM-V2-005166,C00214,RETRY_ALL,0,0,,,0,0,,
RECLAIM-V2-005167,C00643,RETRY_ALL,0,0,,,0,0,,
RECLAIM-V2-005168,C00625,RETRY_ALL,0,0,,,0,0,,
RECLAIM-V2-005169,C00229,RETRY_ALL,0,0,,,0,0,,
RECLAIM-V2-005170,C00816,RETRY_ALL,0,0,,,0,0,,
RECLAIM-V2-005171,C00482,RETRY_ALL,0,0,,,0,0,,
RECLAIM-V2-005172,C00129,RETRY_ALL,0,0,,,0,0,,
RECLAIM-V2-005173,C00842,RETRY_ALL,0,0,,,0,0,,
RECLAIM-V2-005174,C00345,RETRY_ALL,0,0,,,0,0,,
RECLAIM-V2-005175,C00980,RETRY_ALL,0,0,,,0,0,,
RECLAIM-V2-005176,C00418,RETRY_ALL,0,0,,,0,0,,
RECLAIM-V2-005177,C00762,RETRY_ALL,0,0,,,0,0,,
RECLAIM-V2-005178,C00069,RETRY_ALL,0,0,,,0,0,,
RECLAIM-V2-005179,C00664,RETRY_ALL,0,0,,,0,0,,
RECLAIM-V2-005180,C00570,RETRY_ALL,0,0,,,0,0,,
RECLAIM-V2-005181,C00279,RETRY_ALL,0,0,,,0,0,,
RECLAIM-V2-005182,C00117,RETRY_ALL,0,0,,,0,0,,
RECLAIM-V2-005183,C00519,RETRY_ALL,0,0,,,0,0,,
RECLAIM-V2-005184,C00413,RETRY_ALL,0,0,,,0,0,,
RECLAIM-V2-005185,C00664,RETRY_ALL,0,0,,,0,0,,
RECLAIM-V2-005186,C00841,RETRY_ALL,0,0,,,0,0,,
RECLAIM-V2-005187,C00935,TARGET,1,0,,,0,0,,
RECLAIM-V2-005188,C00517,RETRY_ALL,0,0,,,0,0,,
RECLAIM-V2-005189,C00186,RETRY_ALL,0,0,,,0,0,,
RECLAIM-V2-005190,C00416,RETRY_ALL,0,0,,,0,0,,
RECLAIM-V2-005191,C00192,RETRY_ALL,0,0,,,0,0,,
RECLAIM-V2-005192,C00187,TARGET,1,0,,,0,0,,
RECLAIM-V2-005193,C00803,RETRY_ALL,0,0,,,0,0,,
RECLAIM-V2-005194,C00991,RETRY_ALL,0,0,,,0,0,,
RECLAIM-V2-005195,C00851,RETRY_ALL,0,0,,,0,0,,
RECLAIM-V2-005196,C00199,RETRY_ALL,0,0,,,0,0,,
RECLAIM-V2-005197,C00401,RETRY_ALL,0,0,,,0,0,,
RECLAIM-V2-005198,C00345,RETRY_ALL,0,0,,,0,0,,
RECLAIM-V2-005199,C00140,RETRY_ALL,0,0,,,0,0,,
RECLAIM-V2-005200,C00339,RETRY_ALL,0,0,,,0,0,,
RECLAIM-V2-005201,C00110,RETRY_ALL,0,0,,,0,0,,
RECLAIM-V2-005202,C00994,RETRY_ALL,0,0,,,0,0,,
RECLAIM-V2-005203,C00185,RETRY_ALL,0,0,,,0,0,,
RECLAIM-V2-005204,C00318,RETRY_ALL,0,0,,,0,0,,
RECLAIM-V2-005205,C00991,RETRY_ALL,0,0,,,0,0,,
RECLAIM-V2-005206,C00696,RETRY_ALL,0,0,,,0,0,,
RECLAIM-V2-005207,C00980,RETRY_ALL,0,0,,,0,0,,
RECLAIM-V2-005208,C00216,TARGET,1,0,,,0,0,,
RECLAIM-V2-005209,C00828,RETRY_ALL,0,0,,,0,0,,
RECLAIM-V2-005210,C00664,RETRY_ALL,0,0,,,0,0,,
RECLAIM-V2-005211,C00497,RETRY_ALL,0,0,,,0,0,,
RECLAIM-V2-005212,C00241,RETRY_ALL,0,0,,,0,0,,
RECLAIM-V2-005213,C00157,RETRY_ALL,0,0,,,0,0,,
RECLAIM-V2-005214,C00122,RETRY_ALL,0,0,,,0,0,,
RECLAIM-V2-005215,C00907,RETRY_ALL,0,0,,,0,0,,
RECLAIM-V2-005216,C00132,RETRY_ALL,0,0,,,0,0,,
RECLAIM-V2-005217,C00987,RETRY_ALL,0,0,,,0,0,,
RECLAIM-V2-005218,C00122,RETRY_ALL,0,0,,,0,0,,
RECLAIM-V2-005219,C00528,RETRY_ALL,0,0,,,0,0,,
RECLAIM-V2-005220,C00969,RETRY_ALL,0,0,,,0,0,,
RECLAIM-V2-005221,C00874,RETRY_ALL,0,0,,,0,0,,
RECLAIM-V2-005222,C00218,RETRY_ALL,0,0,,,0,0,,
RECLAIM-V2-005223,C00519,RETRY_ALL,0,0,,,0,0,,
RECLAIM-V2-005224,C00524,RETRY_ALL,0,0,,,0,0,,
RECLAIM-V2-005225,C00080,TARGET,1,0,,,0,0,,
RECLAIM-V2-005226,C00395,RETRY_ALL,0,0,,,0,0,,
RECLAIM-V2-005227,C00361,RETRY_ALL,0,0,,,0,0,,
RECLAIM-V2-005228,C00433,RETRY_ALL,0,0,,,0,0,,
RECLAIM-V2-005229,C00752,RETRY_ALL,0,0,,,0,0,,
RECLAIM-V2-005230,C00117,RETRY_ALL,0,0,,,0,0,,
RECLAIM-V2-005231,C00138,RETRY_ALL,0,0,,,0,0,,
RECLAIM-V2-005232,C00901,RETRY_ALL,0,0,,,0,0,,
RECLAIM-V2-005233,C00663,TARGET,1,0,,,0,0,,
RECLAIM-V2-005234,C00086,RETRY_ALL,0,0,,,0,0,,
RECLAIM-V2-005235,C00221,RETRY_ALL,0,0,,,0,0,,
RECLAIM-V2-005236,C00985,RETRY_ALL,0,0,,,0,0,,
RECLAIM-V2-005237,C00222,RETRY_ALL,0,0,,,0,0,,
RECLAIM-V2-005238,C00673,RETRY_ALL,0,0,,,0,0,,
RECLAIM-V2-005239,C00295,RETRY_ALL,0,0,,,0,0,,
RECLAIM-V2-005240,C00270,RETRY_ALL,0,0,,,0,0,,
RECLAIM-V2-005241,C00534,RETRY_ALL,0,0,,,0,0,,
RECLAIM-V2-005242,C00032,RETRY_ALL,0,0,,,0,0,,
RECLAIM-V2-005243,C00005,RETRY_ALL,0,0,,,0,0,,
RECLAIM-V2-005244,C00818,RETRY_ALL,0,0,,,0,0,,
RECLAIM-V2-005245,C00157,RETRY_ALL,0,0,,,0,0,,
RECLAIM-V2-005246,C00446,RETRY_ALL,0,0,,,0,0,,
RECLAIM-V2-005247,C00818,RETRY_ALL,0,0,,,0,0,,
RECLAIM-V2-005248,C00554,RETRY_ALL,0,0,,,0,0,,
RECLAIM-V2-005249,C00973,RETRY_ALL,0,0,,,0,0,,
RECLAIM-V2-005250,C00185,RETRY_ALL,0,0,,,0,0,,
RECLAIM-V2-005251,C00457,RETRY_ALL,0,0,,,0,0,,
RECLAIM-V2-005252,C00823,RETRY_ALL,0,0,,,0,0,,
RECLAIM-V2-005253,C00005,TARGET,1,0,,,0,0,,
RECLAIM-V2-005254,C00500,RETRY_ALL,0,0,,,0,0,,
RECLAIM-V2-005255,C00388,RETRY_ALL,0,0,,,0,0,,
RECLAIM-V2-005256,C00156,RETRY_ALL,0,0,,,0,0,,
RECLAIM-V2-005257,C00103,RETRY_ALL,0,0,,,0,0,,
RECLAIM-V2-005258,C00547,RETRY_ALL,0,0,,,0,0,,
RECLAIM-V2-005259,C00131,RETRY_ALL,0,0,,,0,0,,
RECLAIM-V2-005260,C00614,RETRY_ALL,0,0,,,0,0,,
RECLAIM-V2-005261,C00123,RETRY_ALL,0,0,,,0,0,,
RECLAIM-V2-005262,C00518,RETRY_ALL,0,0,,,0,0,,
RECLAIM-V2-005263,C00466,RETRY_ALL,0,0,,,0,0,,
RECLAIM-V2-005264,C00638,RETRY_ALL,0,0,,,0,0,,
RECLAIM-V2-005265,C00997,RETRY_ALL,0,0,,,0,0,,
RECLAIM-V2-005266,C00294,RETRY_ALL,0,0,,,0,0,,
RECLAIM-V2-005267,C00999,RETRY_ALL,0,0,,,0,0,,
RECLAIM-V2-005268,C00492,RETRY_ALL,0,0,,,0,0,,
RECLAIM-V2-005269,C00727,RETRY_ALL,0,0,,,0,0,,
RECLAIM-V2-005270,C00226,RETRY_ALL,0,0,,,0,0,,
RECLAIM-V2-005271,C00102,RETRY_ALL,0,0,,,0,0,,
RECLAIM-V2-005272,C00086,RETRY_ALL,0,0,,,0,0,,
RECLAIM-V2-005273,C00182,RETRY_ALL,0,0,,,0,0,,
RECLAIM-V2-005274,C00735,RETRY_ALL,0,0,,,0,0,,
RECLAIM-V2-005275,C00981,RETRY_ALL,0,0,,,0,0,,
RECLAIM-V2-005276,C00210,RETRY_ALL,0,0,,,0,0,,
RECLAIM-V2-005277,C00441,RETRY_ALL,0,0,,,0,0,,
RECLAIM-V2-005278,C00041,RETRY_ALL,0,0,,,0,0,,
RECLAIM-V2-005279,C00054,TARGET,1,0,,,0,0,,
RECLAIM-V2-005280,C00053,RETRY_ALL,0,0,,,0,0,,
RECLAIM-V2-005281,C00325,RETRY_ALL,0,0,,,0,0,,
RECLAIM-V2-005282,C00451,RETRY_ALL,0,0,,,0,0,,
RECLAIM-V2-005283,C00595,RETRY_ALL,0,0,,,0,0,,
RECLAIM-V2-005284,C00981,RETRY_ALL,0,0,,,0,0,,
RECLAIM-V2-005285,C00352,RETRY_ALL,0,0,,,0,0,,
RECLAIM-V2-005286,C00739,TARGET,1,0,,,0,0,,
RECLAIM-V2-005287,C00404,TARGET,1,0,,,0,0,,
RECLAIM-V2-005288,C00842,RETRY_ALL,0,0,,,0,0,,
RECLAIM-V2-005289,C00136,RETRY_ALL,0,0,,,0,0,,
RECLAIM-V2-005290,C00132,RETRY_ALL,0,0,,,0,0,,
RECLAIM-V2-005291,C00317,RETRY_ALL,0,0,,,0,0,,
RECLAIM-V2-005292,C00278,RETRY_ALL,0,0,,,0,0,,
RECLAIM-V2-005293,C00201,RETRY_ALL,0,0,,,0,0,,
RECLAIM-V2-005294,C00954,RETRY_ALL,0,0,,,0,0,,
RECLAIM-V2-005295,C00226,RETRY_ALL,0,0,,,0,0,,
RECLAIM-V2-005296,C00069,RETRY_ALL,0,0,,,0,0,,
RECLAIM-V2-005297,C00727,RETRY_ALL,0,0,,,0,0,,
RECLAIM-V2-005298,C00906,RETRY_ALL,0,0,,,0,0,,
RECLAIM-V2-005299,C00427,RETRY_ALL,0,0,,,0,0,,
RECLAIM-V2-005300,C00463,RETRY_ALL,0,0,,,0,0,,
RECLAIM-V2-005301,C00803,RETRY_ALL,0,0,,,0,0,,
RECLAIM-V2-005302,C00538,RETRY_ALL,0,0,,,0,0,,
RECLAIM-V2-005303,C00043,RETRY_ALL,0,0,,,0,0,,
RECLAIM-V2-005304,C00441,RETRY_ALL,0,0,,,0,0,,
RECLAIM-V2-005305,C00156,RETRY_ALL,0,0,,,0,0,,
RECLAIM-V2-005306,C00221,RETRY_ALL,0,0,,,0,0,,
RECLAIM-V2-005307,C00353,RETRY_ALL,0,0,,,0,0,,
RECLAIM-V2-005308,C00931,RETRY_ALL,0,0,,,0,0,,
RECLAIM-V2-005309,C00955,RETRY_ALL,0,0,,,0,0,,
RECLAIM-V2-005310,C00500,RETRY_ALL,0,0,,,0,0,,
RECLAIM-V2-005311,C00339,RETRY_ALL,0,0,,,0,0,,
RECLAIM-V2-005312,C00180,RETRY_ALL,0,0,,,0,0,,
RECLAIM-V2-005313,C00525,RETRY_ALL,0,0,,,0,0,,
RECLAIM-V2-005314,C00525,RETRY_ALL,0,0,,,0,0,,
RECLAIM-V2-005315,C00935,TARGET,1,0,,,0,0,,
RECLAIM-V2-005316,C00182,RETRY_ALL,0,0,,,0,0,,
RECLAIM-V2-005317,C00223,RETRY_ALL,0,0,,,0,0,,
RECLAIM-V2-005318,C00936,RETRY_ALL,0,0,,,0,0,,
RECLAIM-V2-005319,C00246,RETRY_ALL,0,0,,,0,0,,
RECLAIM-V2-005320,C00110,RETRY_ALL,0,0,,,0,0,,
RECLAIM-V2-005321,C00123,RETRY_ALL,0,0,,,0,0,,
RECLAIM-V2-005322,C00373,RETRY_ALL,0,0,,,0,0,,
RECLAIM-V2-005323,C00319,RETRY_ALL,0,0,,,0,0,,
RECLAIM-V2-005324,C00945,RETRY_ALL,0,0,,,0,0,,
RECLAIM-V2-005325,C00014,RETRY_ALL,0,0,,,0,0,,
RECLAIM-V2-005326,C00315,RETRY_ALL,0,0,,,0,0,,
RECLAIM-V2-005327,C00096,RETRY_ALL,0,0,,,0,0,,
RECLAIM-V2-005328,C00764,TARGET,1,0,,,0,0,,
RECLAIM-V2-005329,C00707,RETRY_ALL,0,0,,,0,0,,
RECLAIM-V2-005330,C00664,RETRY_ALL,0,0,,,0,0,,
RECLAIM-V2-005331,C00495,RETRY_ALL,0,0,,,0,0,,
RECLAIM-V2-005332,C00816,RETRY_ALL,0,0,,,0,0,,
RECLAIM-V2-005333,C00278,RETRY_ALL,0,0,,,0,0,,
RECLAIM-V2-005334,C00702,RETRY_ALL,0,0,,,0,0,,
RECLAIM-V2-005335,C00199,RETRY_ALL,0,0,,,0,0,,
RECLAIM-V2-005336,C00005,TARGET,1,0,,,0,0,,
RECLAIM-V2-005337,C00320,RETRY_ALL,0,0,,,0,0,,
RECLAIM-V2-005338,C00174,RETRY_ALL,0,0,,,0,0,,
RECLAIM-V2-005339,C00429,RETRY_ALL,0,0,,,0,0,,
RECLAIM-V2-005340,C00803,RETRY_ALL,0,0,,,0,0,,
RECLAIM-V2-005341,C00193,RETRY_ALL,0,0,,,0,0,,
RECLAIM-V2-005342,C00226,RETRY_ALL,0,0,,,0,0,,
RECLAIM-V2-005343,C00179,RETRY_ALL,0,0,,,0,0,,
RECLAIM-V2-005344,C00565,RETRY_ALL,0,0,,,0,0,,
RECLAIM-V2-005345,C00764,RETRY_ALL,0,0,,,0,0,,
RECLAIM-V2-005346,C00240,RETRY_ALL,0,0,,,0,0,,
RECLAIM-V2-005347,C00096,RETRY_ALL,0,0,,,0,0,,
RECLAIM-V2-005348,C00126,RETRY_ALL,0,0,,,0,0,,
RECLAIM-V2-005349,C00622,RETRY_ALL,0,0,,,0,0,,
RECLAIM-V2-005350,C00307,RETRY_ALL,0,0,,,0,0,,
RECLAIM-V2-005351,C00043,RETRY_ALL,0,0,,,0,0,,
RECLAIM-V2-005352,C00977,RETRY_ALL,0,0,,,0,0,,
RECLAIM-V2-005353,C00344,RETRY_ALL,0,0,,,0,0,,
RECLAIM-V2-005354,C00155,RETRY_ALL,0,0,,,0,0,,
RECLAIM-V2-005355,C00113,RETRY_ALL,0,0,,,0,0,,
RECLAIM-V2-005356,C00493,RETRY_ALL,0,0,,,0,0,,
RECLAIM-V2-005357,C00482,RETRY_ALL,0,0,,,0,0,,
RECLAIM-V2-005358,C00221,RETRY_ALL,0,0,,,0,0,,
RECLAIM-V2-005359,C00365,RETRY_ALL,0,0,,,0,0,,
RECLAIM-V2-005360,C00764,RETRY_ALL,0,0,,,0,0,,
RECLAIM-V2-005361,C00463,RETRY_ALL,0,0,,,0,0,,
RECLAIM-V2-005362,C00943,RETRY_ALL,0,0,,,0,0,,
RECLAIM-V2-005363,C00652,RETRY_ALL,0,0,,,0,0,,
RECLAIM-V2-005364,C00345,RETRY_ALL,0,0,,,0,0,,
RECLAIM-V2-005365,C00673,RETRY_ALL,0,0,,,0,0,,
RECLAIM-V2-005366,C00271,RETRY_ALL,0,0,,,0,0,,
RECLAIM-V2-005367,C00495,RETRY_ALL,0,0,,,0,0,,
RECLAIM-V2-005368,C00821,RETRY_ALL,0,0,,,0,0,,
RECLAIM-V2-005369,C00659,RETRY_ALL,0,0,,,0,0,,
RECLAIM-V2-005370,C00555,RETRY_ALL,0,0,,,0,0,,
RECLAIM-V2-005371,C00429,RETRY_ALL,0,0,,,0,0,,
RECLAIM-V2-005372,C00461,RETRY_ALL,0,0,,,0,0,,
RECLAIM-V2-005373,C00296,RETRY_ALL,0,0,,,0,0,,
RECLAIM-V2-005374,C00889,RETRY_ALL,0,0,,,0,0,,
RECLAIM-V2-005375,C00062,RETRY_ALL,0,0,,,0,0,,
RECLAIM-V2-005376,C00551,RETRY_ALL,0,0,,,0,0,,
RECLAIM-V2-005377,C00229,RETRY_ALL,0,0,,,0,0,,
RECLAIM-V2-005378,C00373,RETRY_ALL,0,0,,,0,0,,
RECLAIM-V2-005379,C00735,RETRY_ALL,0,0,,,0,0,,
RECLAIM-V2-005380,C00089,RETRY_ALL,0,0,,,0,0,,
RECLAIM-V2-005381,C00461,RETRY_ALL,0,0,,,0,0,,
RECLAIM-V2-005382,C00734,RETRY_ALL,0,0,,,0,0,,
RECLAIM-V2-005383,C00056,RETRY_ALL,0,0,,,0,0,,
RECLAIM-V2-005384,C00899,RETRY_ALL,0,0,,,0,0,,
RECLAIM-V2-005385,C00585,RETRY_ALL,0,0,,,0,0,,
RECLAIM-V2-005386,C00488,RETRY_ALL,0,0,,,0,0,,
RECLAIM-V2-005387,C00847,RETRY_ALL,0,0,,,0,0,,
RECLAIM-V2-005388,C00140,RETRY_ALL,0,0,,,0,0,,
RECLAIM-V2-005389,C00053,RETRY_ALL,0,0,,,0,0,,
RECLAIM-V2-005390,C00193,RETRY_ALL,0,0,,,0,0,,
RECLAIM-V2-005391,C00392,RETRY_ALL,0,0,,,0,0,,
RECLAIM-V2-005392,C00145,RETRY_ALL,0,0,,,0,0,,
RECLAIM-V2-005393,C00404,TARGET,1,0,,,0,0,,
RECLAIM-V2-005394,C00126,RETRY_ALL,0,0,,,0,0,,
RECLAIM-V2-005395,C00271,RETRY_ALL,0,0,,,0,0,,
RECLAIM-V2-005396,C00228,RETRY_ALL,0,0,,,0,0,,
RECLAIM-V2-005397,C00894,RETRY_ALL,0,0,,,0,0,,
RECLAIM-V2-005398,C00696,RETRY_ALL,0,0,,,0,0,,
RECLAIM-V2-005399,C00527,RETRY_ALL,0,0,,,0,0,,
RECLAIM-V2-005400,C00352,RETRY_ALL,0,0,,,0,0,,
RECLAIM-V2-005401,C00350,RETRY_ALL,0,0,,,0,0,,
RECLAIM-V2-005402,C00192,RETRY_ALL,0,0,,,0,0,,
RECLAIM-V2-005403,C00427,RETRY_ALL,0,0,,,0,0,,
RECLAIM-V2-005404,C00943,RETRY_ALL,0,0,,,0,0,,
RECLAIM-V2-005405,C00966,RETRY_ALL,0,0,,,0,0,,
RECLAIM-V2-005406,C00517,RETRY_ALL,0,0,,,0,0,,
RECLAIM-V2-005407,C00418,RETRY_ALL,0,0,,,0,0,,
RECLAIM-V2-005408,C00414,RETRY_ALL,0,0,,,0,0,,
RECLAIM-V2-005409,C00062,RETRY_ALL,0,0,,,0,0,,
RECLAIM-V2-005410,C00238,RETRY_ALL,0,0,,,0,0,,
RECLAIM-V2-005411,C00437,RETRY_ALL,0,0,,,0,0,,
RECLAIM-V2-005412,C00360,RETRY_ALL,0,0,,,0,0,,
RECLAIM-V2-005413,C00897,RETRY_ALL,0,0,,,0,0,,
RECLAIM-V2-005414,C00357,RETRY_ALL,0,0,,,0,0,,
RECLAIM-V2-005415,C00659,RETRY_ALL,0,0,,,0,0,,
RECLAIM-V2-005416,C00012,RETRY_ALL,0,0,,,0,0,,
RECLAIM-V2-005417,C00035,RETRY_ALL,0,0,,,0,0,,
RECLAIM-V2-005418,C00945,RETRY_ALL,0,0,,,0,0,,
RECLAIM-V2-005419,C00478,RETRY_ALL,0,0,,,0,0,,
RECLAIM-V2-005420,C00305,RETRY_ALL,0,0,,,0,0,,
RECLAIM-V2-005421,C00587,RETRY_ALL,0,0,,,0,0,,
RECLAIM-V2-005422,C00517,RETRY_ALL,0,0,,,0,0,,
RECLAIM-V2-005423,C00295,RETRY_ALL,0,0,,,0,0,,
RECLAIM-V2-005424,C00418,RETRY_ALL,0,0,,,0,0,,
RECLAIM-V2-005425,C00884,TARGET,1,0,,,0,0,,
RECLAIM-V2-005426,C00124,RETRY_ALL,0,0,,,0,0,,
RECLAIM-V2-005427,C00459,TARGET,1,0,,,0,0,,
RECLAIM-V2-005428,C00567,TARGET,1,0,,,0,0,,
RECLAIM-V2-005429,C00795,RETRY_ALL,0,0,,,0,0,,
RECLAIM-V2-005430,C00275,RETRY_ALL,0,0,,,0,0,,
RECLAIM-V2-005431,C00659,RETRY_ALL,0,0,,,0,0,,
RECLAIM-V2-005432,C00485,RETRY_ALL,0,0,,,0,0,,
RECLAIM-V2-005433,C00437,RETRY_ALL,0,0,,,0,0,,
RECLAIM-V2-005434,C00174,RETRY_ALL,0,0,,,0,0,,
RECLAIM-V2-005435,C00512,RETRY_ALL,0,0,,,0,0,,
RECLAIM-V2-005436,C00491,RETRY_ALL,0,0,,,0,0,,
RECLAIM-V2-005437,C00325,RETRY_ALL,0,0,,,0,0,,
RECLAIM-V2-005438,C00018,RETRY_ALL,0,0,,,0,0,,
RECLAIM-V2-005439,C00347,RETRY_ALL,0,0,,,0,0,,
RECLAIM-V2-005440,C00096,RETRY_ALL,0,0,,,0,0,,
RECLAIM-V2-005441,C00712,RETRY_ALL,0,0,,,0,0,,
RECLAIM-V2-005442,C00221,RETRY_ALL,0,0,,,0,0,,
RECLAIM-V2-005443,C00373,RETRY_ALL,0,0,,,0,0,,
RECLAIM-V2-005444,C00179,RETRY_ALL,0,0,,,0,0,,
RECLAIM-V2-005445,C00886,RETRY_ALL,0,0,,,0,0,,
RECLAIM-V2-005446,C00450,RETRY_ALL,0,0,,,0,0,,
RECLAIM-V2-005447,C00391,RETRY_ALL,0,0,,,0,0,,
RECLAIM-V2-005448,C00739,RETRY_ALL,0,0,,,0,0,,
RECLAIM-V2-005449,C00365,RETRY_ALL,0,0,,,0,0,,
RECLAIM-V2-005450,C00058,RETRY_ALL,0,0,,,0,0,,
RECLAIM-V2-005451,C00218,RETRY_ALL,0,0,,,0,0,,
RECLAIM-V2-005452,C00551,RETRY_ALL,0,0,,,0,0,,
RECLAIM-V2-005453,C00466,RETRY_ALL,0,0,,,0,0,,
RECLAIM-V2-005454,C00518,RETRY_ALL,0,0,,,0,0,,
RECLAIM-V2-005455,C00325,RETRY_ALL,0,0,,,0,0,,
RECLAIM-V2-005456,C00863,RETRY_ALL,0,0,,,0,0,,
RECLAIM-V2-005457,C00708,RETRY_ALL,0,0,,,0,0,,
RECLAIM-V2-005458,C00834,RETRY_ALL,0,0,,,0,0,,
RECLAIM-V2-005459,C00109,RETRY_ALL,0,0,,,0,0,,
RECLAIM-V2-005460,C00500,RETRY_ALL,0,0,,,0,0,,
RECLAIM-V2-005461,C00897,RETRY_ALL,0,0,,,0,0,,
RECLAIM-V2-005462,C00345,RETRY_ALL,0,0,,,0,0,,
RECLAIM-V2-005463,C00450,RETRY_ALL,0,0,,,0,0,,
RECLAIM-V2-005464,C00131,RETRY_ALL,0,0,,,0,0,,
RECLAIM-V2-005465,C00819,TARGET,1,0,,,0,0,,
RECLAIM-V2-005466,C00663,TARGET,1,0,,,0,0,,
RECLAIM-V2-005467,C00201,RETRY_ALL,0,0,,,0,0,,
RECLAIM-V2-005468,C00695,RETRY_ALL,0,0,,,0,0,,
RECLAIM-V2-005469,C00295,RETRY_ALL,0,0,,,0,0,,
RECLAIM-V2-005470,C00687,RETRY_ALL,0,0,,,0,0,,
RECLAIM-V2-005471,C00289,RETRY_ALL,0,0,,,0,0,,
RECLAIM-V2-005472,C00534,RETRY_ALL,0,0,,,0,0,,
RECLAIM-V2-005473,C00585,RETRY_ALL,0,0,,,0,0,,
RECLAIM-V2-005474,C00875,RETRY_ALL,0,0,,,0,0,,
RECLAIM-V2-005475,C00035,RETRY_ALL,0,0,,,0,0,,
RECLAIM-V2-005476,C00459,TARGET,1,0,,,0,0,,
RECLAIM-V2-005477,C00874,RETRY_ALL,0,0,,,0,0,,
RECLAIM-V2-005478,C00229,RETRY_ALL,0,0,,,0,0,,
RECLAIM-V2-005479,C00404,TARGET,1,0,,,0,0,,
RECLAIM-V2-005480,C00687,RETRY_ALL,0,0,,,0,0,,
RECLAIM-V2-005481,C00186,RETRY_ALL,0,0,,,0,0,,
RECLAIM-V2-005482,C00863,RETRY_ALL,0,0,,,0,0,,
RECLAIM-V2-005483,C00445,RETRY_ALL,0,0,,,0,0,,
RECLAIM-V2-005484,C00709,RETRY_ALL,0,0,,,0,0,,
RECLAIM-V2-005485,C00809,RETRY_ALL,0,0,,,0,0,,
RECLAIM-V2-005486,C00718,RETRY_ALL,0,0,,,0,0,,
RECLAIM-V2-005487,C00987,RETRY_ALL,0,0,,,0,0,,
RECLAIM-V2-005488,C00497,RETRY_ALL,0,0,,,0,0,,
RECLAIM-V2-005489,C00118,RETRY_ALL,0,0,,,0,0,,
RECLAIM-V2-005490,C00413,RETRY_ALL,0,0,,,0,0,,
RECLAIM-V2-005491,C00942,RETRY_ALL,0,0,,,0,0,,
RECLAIM-V2-005492,C00004,RETRY_ALL,0,0,,,0,0,,
RECLAIM-V2-005493,C00081,RETRY_ALL,0,0,,,0,0,,
RECLAIM-V2-005494,C00146,RETRY_ALL,0,0,,,0,0,,
RECLAIM-V2-005495,C00037,RETRY_ALL,0,0,,,0,0,,
RECLAIM-V2-005496,C00966,RETRY_ALL,0,0,,,0,0,,
RECLAIM-V2-005497,C00469,RETRY_ALL,0,0,,,0,0,,
RECLAIM-V2-005498,C00653,RETRY_ALL,0,0,,,0,0,,
RECLAIM-V2-005499,C00945,RETRY_ALL,0,0,,,0,0,,
RECLAIM-V2-005500,C00739,RETRY_ALL,0,0,,,0,0,,
RECLAIM-V2-005501,C00570,RETRY_ALL,0,0,,,0,0,,
RECLAIM-V2-005502,C00279,RETRY_ALL,0,0,,,0,0,,
RECLAIM-V2-005503,C00919,RETRY_ALL,0,0,,,0,0,,
RECLAIM-V2-005504,C00821,RETRY_ALL,0,0,,,0,0,,
RECLAIM-V2-005505,C00818,RETRY_ALL,0,0,,,0,0,,
RECLAIM-V2-005506,C00401,RETRY_ALL,0,0,,,0,0,,
RECLAIM-V2-005507,C00414,RETRY_ALL,0,0,,,0,0,,
RECLAIM-V2-005508,C00378,RETRY_ALL,0,0,,,0,0,,
RECLAIM-V2-005509,C00347,RETRY_ALL,0,0,,,0,0,,
RECLAIM-V2-005510,C00174,RETRY_ALL,0,0,,,0,0,,
RECLAIM-V2-005511,C00795,RETRY_ALL,0,0,,,0,0,,
RECLAIM-V2-005512,C00789,RETRY_ALL,0,0,,,0,0,,
RECLAIM-V2-005513,C00762,RETRY_ALL,0,0,,,0,0,,
RECLAIM-V2-005514,C00550,TARGET,1,0,,,0,0,,
RECLAIM-V2-005515,C00987,RETRY_ALL,0,0,,,0,0,,
RECLAIM-V2-005516,C00783,RETRY_ALL,0,0,,,0,0,,
RECLAIM-V2-005517,C00795,RETRY_ALL,0,0,,,0,0,,
RECLAIM-V2-005518,C00339,RETRY_ALL,0,0,,,0,0,,
RECLAIM-V2-005519,C00587,RETRY_ALL,0,0,,,0,0,,
RECLAIM-V2-005520,C00790,RETRY_ALL,0,0,,,0,0,,
RECLAIM-V2-005521,C00205,RETRY_ALL,0,0,,,0,0,,
RECLAIM-V2-005522,C00622,RETRY_ALL,0,0,,,0,0,,
RECLAIM-V2-005523,C00671,RETRY_ALL,0,0,,,0,0,,
RECLAIM-V2-005524,C00131,RETRY_ALL,0,0,,,0,0,,
RECLAIM-V2-005525,C00643,RETRY_ALL,0,0,,,0,0,,
RECLAIM-V2-005526,C00450,RETRY_ALL,0,0,,,0,0,,
RECLAIM-V2-005527,C00764,TARGET,1,0,,,0,0,,
RECLAIM-V2-005528,C00680,RETRY_ALL,0,0,,,0,0,,
RECLAIM-V2-005529,C00102,RETRY_ALL,0,0,,,0,0,,
RECLAIM-V2-005530,C00064,RETRY_ALL,0,0,,,0,0,,
RECLAIM-V2-005531,C00614,RETRY_ALL,0,0,,,0,0,,
RECLAIM-V2-005532,C00669,RETRY_ALL,0,0,,,0,0,,
RECLAIM-V2-005533,C00190,RETRY_ALL,0,0,,,0,0,,
RECLAIM-V2-005534,C00931,RETRY_ALL,0,0,,,0,0,,
RECLAIM-V2-005535,C00025,RETRY_ALL,0,0,,,0,0,,
RECLAIM-V2-005536,C00488,RETRY_ALL,0,0,,,0,0,,
RECLAIM-V2-005537,C00635,RETRY_ALL,0,0,,,0,0,,
RECLAIM-V2-005538,C00659,RETRY_ALL,0,0,,,0,0,,
RECLAIM-V2-005539,C00166,RETRY_ALL,0,0,,,0,0,,
RECLAIM-V2-005540,C00413,RETRY_ALL,0,0,,,0,0,,
RECLAIM-V2-005541,C00567,TARGET,1,0,,,0,0,,
RECLAIM-V2-005542,C00124,RETRY_ALL,0,0,,,0,0,,
RECLAIM-V2-005543,C00700,RETRY_ALL,0,0,,,0,0,,
RECLAIM-V2-005544,C00192,RETRY_ALL,0,0,,,0,0,,
RECLAIM-V2-005545,C00492,RETRY_ALL,0,0,,,0,0,,
RECLAIM-V2-005546,C00378,RETRY_ALL,0,0,,,0,0,,
RECLAIM-V2-005547,C00138,RETRY_ALL,0,0,,,0,0,,
RECLAIM-V2-005548,C00469,RETRY_ALL,0,0,,,0,0,,
RECLAIM-V2-005549,C00987,RETRY_ALL,0,0,,,0,0,,
RECLAIM-V2-005550,C00096,RETRY_ALL,0,0,,,0,0,,
RECLAIM-V2-005551,C00008,RETRY_ALL,0,0,,,0,0,,
RECLAIM-V2-005552,C00043,RETRY_ALL,0,0,,,0,0,,
RECLAIM-V2-005553,C00863,RETRY_ALL,0,0,,,0,0,,
RECLAIM-V2-005554,C00415,RETRY_ALL,0,0,,,0,0,,
RECLAIM-V2-005555,C00929,RETRY_ALL,0,0,,,0,0,,
RECLAIM-V2-005556,C00193,RETRY_ALL,0,0,,,0,0,,
RECLAIM-V2-005557,C00199,RETRY_ALL,0,0,,,0,0,,
RECLAIM-V2-005558,C00614,RETRY_ALL,0,0,,,0,0,,
RECLAIM-V2-005559,C00138,RETRY_ALL,0,0,,,0,0,,
RECLAIM-V2-005560,C00842,RETRY_ALL,0,0,,,0,0,,
RECLAIM-V2-005561,C00664,RETRY_ALL,0,0,,,0,0,,
RECLAIM-V2-005562,C00516,RETRY_ALL,0,0,,,0,0,,
RECLAIM-V2-005563,C00523,RETRY_ALL,0,0,,,0,0,,
RECLAIM-V2-005564,C00315,RETRY_ALL,0,0,,,0,0,,
RECLAIM-V2-005565,C00418,RETRY_ALL,0,0,,,0,0,,
RECLAIM-V2-005566,C00268,RETRY_ALL,0,0,,,0,0,,
RECLAIM-V2-005567,C00680,RETRY_ALL,0,0,,,0,0,,
RECLAIM-V2-005568,C00103,RETRY_ALL,0,0,,,0,0,,
RECLAIM-V2-005569,C00158,RETRY_ALL,0,0,,,0,0,,
RECLAIM-V2-005570,C00659,RETRY_ALL,0,0,,,0,0,,
RECLAIM-V2-005571,C00524,RETRY_ALL,0,0,,,0,0,,
RECLAIM-V2-005572,C00156,RETRY_ALL,0,0,,,0,0,,
RECLAIM-V2-005573,C00022,RETRY_ALL,0,0,,,0,0,,
RECLAIM-V2-005574,C00851,RETRY_ALL,0,0,,,0,0,,
RECLAIM-V2-005575,C00268,RETRY_ALL,0,0,,,0,0,,
RECLAIM-V2-005576,C00445,RETRY_ALL,0,0,,,0,0,,
RECLAIM-V2-005577,C00155,RETRY_ALL,0,0,,,0,0,,
RECLAIM-V2-005578,C00614,RETRY_ALL,0,0,,,0,0,,
RECLAIM-V2-005579,C00304,RETRY_ALL,0,0,,,0,0,,
RECLAIM-V2-005580,C00155,RETRY_ALL,0,0,,,0,0,,
RECLAIM-V2-005581,C00518,RETRY_ALL,0,0,,,0,0,,
RECLAIM-V2-005582,C00502,RETRY_ALL,0,0,,,0,0,,
RECLAIM-V2-005583,C00842,RETRY_ALL,0,0,,,0,0,,
RECLAIM-V2-005584,C00997,RETRY_ALL,0,0,,,0,0,,
RECLAIM-V2-005585,C00937,RETRY_ALL,0,0,,,0,0,,
RECLAIM-V2-005586,C00193,RETRY_ALL,0,0,,,0,0,,
RECLAIM-V2-005587,C00228,RETRY_ALL,0,0,,,0,0,,
RECLAIM-V2-005588,C00921,RETRY_ALL,0,0,,,0,0,,
RECLAIM-V2-005589,C00523,RETRY_ALL,0,0,,,0,0,,
RECLAIM-V2-005590,C00433,RETRY_ALL,0,0,,,0,0,,
RECLAIM-V2-005591,C00234,RETRY_ALL,0,0,,,0,0,,
RECLAIM-V2-005592,C00622,RETRY_ALL,0,0,,,0,0,,
RECLAIM-V2-005593,C00551,RETRY_ALL,0,0,,,0,0,,
RECLAIM-V2-005594,C00872,RETRY_ALL,0,0,,,0,0,,
RECLAIM-V2-005595,C00551,RETRY_ALL,0,0,,,0,0,,
RECLAIM-V2-005596,C00357,RETRY_ALL,0,0,,,0,0,,
RECLAIM-V2-005597,C00278,RETRY_ALL,0,0,,,0,0,,
RECLAIM-V2-005598,C00229,RETRY_ALL,0,0,,,0,0,,
RECLAIM-V2-005599,C00943,RETRY_ALL,0,0,,,0,0,,
RECLAIM-V2-005600,C00840,RETRY_ALL,0,0,,,0,0,,
RECLAIM-V2-005601,C00584,RETRY_ALL,0,0,,,0,0,,
RECLAIM-V2-005602,C00625,RETRY_ALL,0,0,,,0,0,,
RECLAIM-V2-005603,C00435,RETRY_ALL,0,0,,,0,0,,
RECLAIM-V2-005604,C00156,RETRY_ALL,0,0,,,0,0,,
RECLAIM-V2-005605,C00875,RETRY_ALL,0,0,,,0,0,,
RECLAIM-V2-005606,C00168,RETRY_ALL,0,0,,,0,0,,
RECLAIM-V2-005607,C00790,RETRY_ALL,0,0,,,0,0,,
RECLAIM-V2-005608,C00404,TARGET,1,0,,,0,0,,
RECLAIM-V2-005609,C00361,RETRY_ALL,0,0,,,0,0,,
RECLAIM-V2-005610,C00727,RETRY_ALL,0,0,,,0,0,,
RECLAIM-V2-005611,C00493,RETRY_ALL,0,0,,,0,0,,
RECLAIM-V2-005612,C00138,RETRY_ALL,0,0,,,0,0,,
RECLAIM-V2-005613,C00797,RETRY_ALL,0,0,,,0,0,,
RECLAIM-V2-005614,C00325,RETRY_ALL,0,0,,,0,0,,
RECLAIM-V2-005615,C00832,RETRY_ALL,0,0,,,0,0,,
RECLAIM-V2-005616,C00005,RETRY_ALL,0,0,,,0,0,,
RECLAIM-V2-005617,C00008,RETRY_ALL,0,0,,,0,0,,
RECLAIM-V2-005618,C00652,RETRY_ALL,0,0,,,0,0,,
RECLAIM-V2-005619,C00054,RETRY_ALL,0,0,,,0,0,,
RECLAIM-V2-005620,C00604,RETRY_ALL,0,0,,,0,0,,
RECLAIM-V2-005621,C00517,RETRY_ALL,0,0,,,0,0,,
RECLAIM-V2-005622,C00433,RETRY_ALL,0,0,,,0,0,,
RECLAIM-V2-005623,C00587,RETRY_ALL,0,0,,,0,0,,
RECLAIM-V2-005624,C00930,RETRY_ALL,0,0,,,0,0,,
RECLAIM-V2-005625,C00519,RETRY_ALL,0,0,,,0,0,,
RECLAIM-V2-005626,C00378,RETRY_ALL,0,0,,,0,0,,
RECLAIM-V2-005627,C00451,RETRY_ALL,0,0,,,0,0,,
RECLAIM-V2-005628,C00378,RETRY_ALL,0,0,,,0,0,,
RECLAIM-V2-005629,C00999,RETRY_ALL,0,0,,,0,0,,
RECLAIM-V2-005630,C00166,RETRY_ALL,0,0,,,0,0,,
RECLAIM-V2-005631,C00841,RETRY_ALL,0,0,,,0,0,,
RECLAIM-V2-005632,C00008,RETRY_ALL,0,0,,,0,0,,
RECLAIM-V2-005633,C00004,RETRY_ALL,0,0,,,0,0,,
RECLAIM-V2-005634,C00687,RETRY_ALL,0,0,,,0,0,,
RECLAIM-V2-005635,C00943,RETRY_ALL,0,0,,,0,0,,
RECLAIM-V2-005636,C00826,RETRY_ALL,0,0,,,0,0,,
RECLAIM-V2-005637,C00329,RETRY_ALL,0,0,,,0,0,,
RECLAIM-V2-005638,C00008,RETRY_ALL,0,0,,,0,0,,
RECLAIM-V2-005639,C00610,RETRY_ALL,0,0,,,0,0,,
RECLAIM-V2-005640,C00466,RETRY_ALL,0,0,,,0,0,,
RECLAIM-V2-005641,C00502,TARGET,1,0,,,0,0,,
RECLAIM-V2-005642,C00904,RETRY_ALL,0,0,,,0,0,,
RECLAIM-V2-005643,C00142,RETRY_ALL,0,0,,,0,0,,
RECLAIM-V2-005644,C00846,RETRY_ALL,0,0,,,0,0,,
RECLAIM-V2-005645,C00378,RETRY_ALL,0,0,,,0,0,,
RECLAIM-V2-005646,C00427,RETRY_ALL,0,0,,,0,0,,
RECLAIM-V2-005647,C00687,RETRY_ALL,0,0,,,0,0,,
RECLAIM-V2-005648,C00611,RETRY_ALL,0,0,,,0,0,,
RECLAIM-V2-005649,C00214,RETRY_ALL,0,0,,,0,0,,
RECLAIM-V2-005650,C00629,RETRY_ALL,0,0,,,0,0,,
RECLAIM-V2-005651,C00625,RETRY_ALL,0,0,,,0,0,,
RECLAIM-V2-005652,C00270,RETRY_ALL,0,0,,,0,0,,
RECLAIM-V2-005653,C00427,RETRY_ALL,0,0,,,0,0,,
RECLAIM-V2-005654,C00599,RETRY_ALL,0,0,,,0,0,,
RECLAIM-V2-005655,C00110,RETRY_ALL,0,0,,,0,0,,
RECLAIM-V2-005656,C00516,RETRY_ALL,0,0,,,0,0,,
RECLAIM-V2-005657,C00542,RETRY_ALL,0,0,,,0,0,,
RECLAIM-V2-005658,C00497,RETRY_ALL,0,0,,,0,0,,
RECLAIM-V2-005659,C00243,RETRY_ALL,0,0,,,0,0,,
RECLAIM-V2-005660,C00275,RETRY_ALL,0,0,,,0,0,,
RECLAIM-V2-005661,C00110,RETRY_ALL,0,0,,,0,0,,
RECLAIM-V2-005662,C00368,RETRY_ALL,0,0,,,0,0,,
RECLAIM-V2-005663,C00434,RETRY_ALL,0,0,,,0,0,,
RECLAIM-V2-005664,C00190,RETRY_ALL,0,0,,,0,0,,
RECLAIM-V2-005665,C00625,RETRY_ALL,0,0,,,0,0,,
RECLAIM-V2-005666,C00889,RETRY_ALL,0,0,,,0,0,,
RECLAIM-V2-005667,C00014,RETRY_ALL,0,0,,,0,0,,
RECLAIM-V2-005668,C00577,RETRY_ALL,0,0,,,0,0,,
RECLAIM-V2-005669,C00547,RETRY_ALL,0,0,,,0,0,,
RECLAIM-V2-005670,C00695,RETRY_ALL,0,0,,,0,0,,
RECLAIM-V2-005671,C00643,RETRY_ALL,0,0,,,0,0,,
RECLAIM-V2-005672,C00229,RETRY_ALL,0,0,,,0,0,,
RECLAIM-V2-005673,C00323,RETRY_ALL,0,0,,,0,0,,
RECLAIM-V2-005674,C00461,RETRY_ALL,0,0,,,0,0,,
RECLAIM-V2-005675,C00008,RETRY_ALL,0,0,,,0,0,,
RECLAIM-V2-005676,C00230,RETRY_ALL,0,0,,,0,0,,
RECLAIM-V2-005677,C00919,RETRY_ALL,0,0,,,0,0,,
RECLAIM-V2-005678,C00201,RETRY_ALL,0,0,,,0,0,,
RECLAIM-V2-005679,C00043,RETRY_ALL,0,0,,,0,0,,
RECLAIM-V2-005680,C00378,TARGET,1,0,,,0,0,,
RECLAIM-V2-005681,C00978,RETRY_ALL,0,0,,,0,0,,
RECLAIM-V2-005682,C00909,RETRY_ALL,0,0,,,0,0,,
RECLAIM-V2-005683,C00487,RETRY_ALL,0,0,,,0,0,,
RECLAIM-V2-005684,C00671,RETRY_ALL,0,0,,,0,0,,
RECLAIM-V2-005685,C00980,RETRY_ALL,0,0,,,0,0,,
RECLAIM-V2-005686,C00214,RETRY_ALL,0,0,,,0,0,,
RECLAIM-V2-005687,C00260,RETRY_ALL,0,0,,,0,0,,
RECLAIM-V2-005688,C00897,RETRY_ALL,0,0,,,0,0,,
RECLAIM-V2-005689,C00122,RETRY_ALL,0,0,,,0,0,,
RECLAIM-V2-005690,C00043,RETRY_ALL,0,0,,,0,0,,
RECLAIM-V2-005691,C00590,RETRY_ALL,0,0,,,0,0,,
RECLAIM-V2-005692,C00008,RETRY_ALL,0,0,,,0,0,,
RECLAIM-V2-005693,C00145,RETRY_ALL,0,0,,,0,0,,
RECLAIM-V2-005694,C00450,RETRY_ALL,0,0,,,0,0,,
RECLAIM-V2-005695,C00012,RETRY_ALL,0,0,,,0,0,,
RECLAIM-V2-005696,C00961,RETRY_ALL,0,0,,,0,0,,
RECLAIM-V2-005697,C00163,RETRY_ALL,0,0,,,0,0,,
RECLAIM-V2-005698,C00416,RETRY_ALL,0,0,,,0,0,,
RECLAIM-V2-005699,C00174,RETRY_ALL,0,0,,,0,0,,
RECLAIM-V2-005700,C00834,RETRY_ALL,0,0,,,0,0,,
RECLAIM-V2-005701,C00192,RETRY_ALL,0,0,,,0,0,,
RECLAIM-V2-005702,C00727,RETRY_ALL,0,0,,,0,0,,
RECLAIM-V2-005703,C00646,RETRY_ALL,0,0,,,0,0,,
RECLAIM-V2-005704,C00196,RETRY_ALL,0,0,,,0,0,,
RECLAIM-V2-005705,C00695,RETRY_ALL,0,0,,,0,0,,
RECLAIM-V2-005706,C00378,RETRY_ALL,0,0,,,0,0,,
RECLAIM-V2-005707,C00138,RETRY_ALL,0,0,,,0,0,,
RECLAIM-V2-005708,C00874,RETRY_ALL,0,0,,,0,0,,
RECLAIM-V2-005709,C00241,RETRY_ALL,0,0,,,0,0,,
RECLAIM-V2-005710,C00384,RETRY_ALL,0,0,,,0,0,,
RECLAIM-V2-005711,C00569,RETRY_ALL,0,0,,,0,0,,
RECLAIM-V2-005712,C00155,RETRY_ALL,0,0,,,0,0,,
RECLAIM-V2-005713,C00874,RETRY_ALL,0,0,,,0,0,,
RECLAIM-V2-005714,C00937,RETRY_ALL,0,0,,,0,0,,
RECLAIM-V2-005715,C00894,RETRY_ALL,0,0,,,0,0,,
RECLAIM-V2-005716,C00097,RETRY_ALL,0,0,,,0,0,,
RECLAIM-V2-005717,C00999,RETRY_ALL,0,0,,,0,0,,
RECLAIM-V2-005718,C00727,RETRY_ALL,0,0,,,0,0,,
RECLAIM-V2-005719,C00086,RETRY_ALL,0,0,,,0,0,,
RECLAIM-V2-005720,C00054,TARGET,1,0,,,0,0,,
RECLAIM-V2-005721,C00790,RETRY_ALL,0,0,,,0,0,,
RECLAIM-V2-005722,C00378,RETRY_ALL,0,0,,,0,0,,
RECLAIM-V2-005723,C00136,RETRY_ALL,0,0,,,0,0,,
RECLAIM-V2-005724,C00413,RETRY_ALL,0,0,,,0,0,,
RECLAIM-V2-005725,C00229,RETRY_ALL,0,0,,,0,0,,
RECLAIM-V2-005726,C00906,RETRY_ALL,0,0,,,0,0,,
RECLAIM-V2-005727,C00373,RETRY_ALL,0,0,,,0,0,,
RECLAIM-V2-005728,C00124,RETRY_ALL,0,0,,,0,0,,
RECLAIM-V2-005729,C00680,RETRY_ALL,0,0,,,0,0,,
RECLAIM-V2-005730,C00803,RETRY_ALL,0,0,,,0,0,,
RECLAIM-V2-005731,C00418,RETRY_ALL,0,0,,,0,0,,
RECLAIM-V2-005732,C00994,RETRY_ALL,0,0,,,0,0,,
RECLAIM-V2-005733,C00034,RETRY_ALL,0,0,,,0,0,,
RECLAIM-V2-005734,C00986,RETRY_ALL,0,0,,,0,0,,
RECLAIM-V2-005735,C00542,RETRY_ALL,0,0,,,0,0,,
RECLAIM-V2-005736,C00746,RETRY_ALL,0,0,,,0,0,,
RECLAIM-V2-005737,C00394,RETRY_ALL,0,0,,,0,0,,
RECLAIM-V2-005738,C00746,RETRY_ALL,0,0,,,0,0,,
RECLAIM-V2-005739,C00418,RETRY_ALL,0,0,,,0,0,,
RECLAIM-V2-005740,C00445,RETRY_ALL,0,0,,,0,0,,
RECLAIM-V2-005741,C00906,RETRY_ALL,0,0,,,0,0,,
RECLAIM-V2-005742,C00991,RETRY_ALL,0,0,,,0,0,,
RECLAIM-V2-005743,C00855,RETRY_ALL,0,0,,,0,0,,
RECLAIM-V2-005744,C00991,RETRY_ALL,0,0,,,0,0,,
RECLAIM-V2-005745,C00392,RETRY_ALL,0,0,,,0,0,,
RECLAIM-V2-005746,C00012,RETRY_ALL,0,0,,,0,0,,
RECLAIM-V2-005747,C00218,RETRY_ALL,0,0,,,0,0,,
RECLAIM-V2-005748,C00206,RETRY_ALL,0,0,,,0,0,,
RECLAIM-V2-005749,C00664,RETRY_ALL,0,0,,,0,0,,
RECLAIM-V2-005750,C00627,RETRY_ALL,0,0,,,0,0,,
RECLAIM-V2-005751,C00463,RETRY_ALL,0,0,,,0,0,,
RECLAIM-V2-005752,C00961,RETRY_ALL,0,0,,,0,0,,
RECLAIM-V2-005753,C00287,RETRY_ALL,0,0,,,0,0,,
RECLAIM-V2-005754,C00223,RETRY_ALL,0,0,,,0,0,,
RECLAIM-V2-005755,C00240,RETRY_ALL,0,0,,,0,0,,
RECLAIM-V2-005756,C00889,RETRY_ALL,0,0,,,0,0,,
RECLAIM-V2-005757,C00244,RETRY_ALL,0,0,,,0,0,,
RECLAIM-V2-005758,C00034,RETRY_ALL,0,0,,,0,0,,
RECLAIM-V2-005759,C00919,RETRY_ALL,0,0,,,0,0,,
RECLAIM-V2-005760,C00126,RETRY_ALL,0,0,,,0,0,,
RECLAIM-V2-005761,C00931,RETRY_ALL,0,0,,,0,0,,
RECLAIM-V2-005762,C00547,RETRY_ALL,0,0,,,0,0,,
RECLAIM-V2-005763,C00378,RETRY_ALL,0,0,,,0,0,,
RECLAIM-V2-005764,C00401,RETRY_ALL,0,0,,,0,0,,
RECLAIM-V2-005765,C00779,RETRY_ALL,0,0,,,0,0,,
RECLAIM-V2-005766,C00034,RETRY_ALL,0,0,,,0,0,,
RECLAIM-V2-005767,C00244,RETRY_ALL,0,0,,,0,0,,
RECLAIM-V2-005768,C00380,RETRY_ALL,0,0,,,0,0,,
RECLAIM-V2-005769,C00542,RETRY_ALL,0,0,,,0,0,,
RECLAIM-V2-005770,C00681,RETRY_ALL,0,0,,,0,0,,
RECLAIM-V2-005771,C00413,RETRY_ALL,0,0,,,0,0,,
RECLAIM-V2-005772,C00980,RETRY_ALL,0,0,,,0,0,,
RECLAIM-V2-005773,C00649,RETRY_ALL,0,0,,,0,0,,
RECLAIM-V2-005774,C00304,RETRY_ALL,0,0,,,0,0,,
RECLAIM-V2-005775,C00906,RETRY_ALL,0,0,,,0,0,,
RECLAIM-V2-005776,C00005,TARGET,1,0,,,0,0,,
RECLAIM-V2-005777,C00795,RETRY_ALL,0,0,,,0,0,,
RECLAIM-V2-005778,C00803,RETRY_ALL,0,0,,,0,0,,
RECLAIM-V2-005779,C00882,RETRY_ALL,0,0,,,0,0,,
RECLAIM-V2-005780,C00158,RETRY_ALL,0,0,,,0,0,,
RECLAIM-V2-005781,C00395,RETRY_ALL,0,0,,,0,0,,
RECLAIM-V2-005782,C00842,RETRY_ALL,0,0,,,0,0,,
RECLAIM-V2-005783,C00734,RETRY_ALL,0,0,,,0,0,,
RECLAIM-V2-005784,C00417,RETRY_ALL,0,0,,,0,0,,
RECLAIM-V2-005785,C00752,RETRY_ALL,0,0,,,0,0,,
RECLAIM-V2-005786,C00279,RETRY_ALL,0,0,,,0,0,,
RECLAIM-V2-005787,C00157,RETRY_ALL,0,0,,,0,0,,
RECLAIM-V2-005788,C00758,RETRY_ALL,0,0,,,0,0,,
RECLAIM-V2-005789,C00495,RETRY_ALL,0,0,,,0,0,,
RECLAIM-V2-005790,C00542,RETRY_ALL,0,0,,,0,0,,
RECLAIM-V2-005791,C00122,RETRY_ALL,0,0,,,0,0,,
RECLAIM-V2-005792,C00649,RETRY_ALL,0,0,,,0,0,,
RECLAIM-V2-005793,C00500,RETRY_ALL,0,0,,,0,0,,
RECLAIM-V2-005794,C00988,RETRY_ALL,0,0,,,0,0,,
RECLAIM-V2-005795,C00307,RETRY_ALL,0,0,,,0,0,,
RECLAIM-V2-005796,C00460,RETRY_ALL,0,0,,,0,0,,
RECLAIM-V2-005797,C00426,RETRY_ALL,0,0,,,0,0,,
RECLAIM-V2-005798,C00495,RETRY_ALL,0,0,,,0,0,,
RECLAIM-V2-005799,C00904,RETRY_ALL,0,0,,,0,0,,
RECLAIM-V2-005800,C00500,RETRY_ALL,0,0,,,0,0,,
RECLAIM-V2-005801,C00117,RETRY_ALL,0,0,,,0,0,,
RECLAIM-V2-005802,C00054,TARGET,1,0,,,0,0,,
RECLAIM-V2-005803,C00221,RETRY_ALL,0,0,,,0,0,,
RECLAIM-V2-005804,C00570,RETRY_ALL,0,0,,,0,0,,
RECLAIM-V2-005805,C00810,RETRY_ALL,0,0,,,0,0,,
RECLAIM-V2-005806,C00109,RETRY_ALL,0,0,,,0,0,,
RECLAIM-V2-005807,C00739,TARGET,1,0,,,0,0,,
RECLAIM-V2-005808,C00205,RETRY_ALL,0,0,,,0,0,,
RECLAIM-V2-005809,C00244,RETRY_ALL,0,0,,,0,0,,
RECLAIM-V2-005810,C00053,RETRY_ALL,0,0,,,0,0,,
RECLAIM-V2-005811,C00574,RETRY_ALL,0,0,,,0,0,,
RECLAIM-V2-005812,C00482,RETRY_ALL,0,0,,,0,0,,
RECLAIM-V2-005813,C00307,RETRY_ALL,0,0,,,0,0,,
RECLAIM-V2-005814,C00437,RETRY_ALL,0,0,,,0,0,,
RECLAIM-V2-005815,C00488,RETRY_ALL,0,0,,,0,0,,
RECLAIM-V2-005816,C00459,TARGET,1,0,,,0,0,,
RECLAIM-V2-005817,C00186,RETRY_ALL,0,0,,,0,0,,
RECLAIM-V2-005818,C00463,RETRY_ALL,0,0,,,0,0,,
RECLAIM-V2-005819,C00695,RETRY_ALL,0,0,,,0,0,,
RECLAIM-V2-005820,C00497,RETRY_ALL,0,0,,,0,0,,
RECLAIM-V2-005821,C00517,RETRY_ALL,0,0,,,0,0,,
RECLAIM-V2-005822,C00345,RETRY_ALL,0,0,,,0,0,,
RECLAIM-V2-005823,C00427,RETRY_ALL,0,0,,,0,0,,
RECLAIM-V2-005824,C00601,RETRY_ALL,0,0,,,0,0,,
RECLAIM-V2-005825,C00361,RETRY_ALL,0,0,,,0,0,,
RECLAIM-V2-005826,C00182,RETRY_ALL,0,0,,,0,0,,
RECLAIM-V2-005827,C00886,RETRY_ALL,0,0,,,0,0,,
RECLAIM-V2-005828,C00482,RETRY_ALL,0,0,,,0,0,,
RECLAIM-V2-005829,C00673,RETRY_ALL,0,0,,,0,0,,
RECLAIM-V2-005830,C00619,RETRY_ALL,0,0,,,0,0,,
RECLAIM-V2-005831,C00294,RETRY_ALL,0,0,,,0,0,,
RECLAIM-V2-005832,C00629,RETRY_ALL,0,0,,,0,0,,
RECLAIM-V2-005833,C00325,RETRY_ALL,0,0,,,0,0,,
RECLAIM-V2-005834,C00674,RETRY_ALL,0,0,,,0,0,,
RECLAIM-V2-005835,C00138,RETRY_ALL,0,0,,,0,0,,
RECLAIM-V2-005836,C00135,RETRY_ALL,0,0,,,0,0,,
RECLAIM-V2-005837,C00749,RETRY_ALL,0,0,,,0,0,,
RECLAIM-V2-005838,C00145,RETRY_ALL,0,0,,,0,0,,
RECLAIM-V2-005839,C00139,RETRY_ALL,0,0,,,0,0,,
RECLAIM-V2-005840,C00110,RETRY_ALL,0,0,,,0,0,,
RECLAIM-V2-005841,C00325,RETRY_ALL,0,0,,,0,0,,
RECLAIM-V2-005842,C00086,RETRY_ALL,0,0,,,0,0,,
RECLAIM-V2-005843,C00426,RETRY_ALL,0,0,,,0,0,,
RECLAIM-V2-005844,C00492,RETRY_ALL,0,0,,,0,0,,
RECLAIM-V2-005845,C00103,RETRY_ALL,0,0,,,0,0,,
RECLAIM-V2-005846,C00025,RETRY_ALL,0,0,,,0,0,,
RECLAIM-V2-005847,C00614,RETRY_ALL,0,0,,,0,0,,
RECLAIM-V2-005848,C00681,RETRY_ALL,0,0,,,0,0,,
RECLAIM-V2-005849,C00418,RETRY_ALL,0,0,,,0,0,,
RECLAIM-V2-005850,C00049,RETRY_ALL,0,0,,,0,0,,
RECLAIM-V2-005851,C00590,RETRY_ALL,0,0,,,0,0,,
RECLAIM-V2-005852,C00275,RETRY_ALL,0,0,,,0,0,,
RECLAIM-V2-005853,C00986,RETRY_ALL,0,0,,,0,0,,
RECLAIM-V2-005854,C00652,RETRY_ALL,0,0,,,0,0,,
RECLAIM-V2-005855,C00378,TARGET,1,0,,,0,0,,
RECLAIM-V2-005856,C00372,RETRY_ALL,0,0,,,0,0,,
RECLAIM-V2-005857,C00597,RETRY_ALL,0,0,,,0,0,,
RECLAIM-V2-005858,C00587,RETRY_ALL,0,0,,,0,0,,
RECLAIM-V2-005859,C00492,RETRY_ALL,0,0,,,0,0,,
RECLAIM-V2-005860,C00571,RETRY_ALL,0,0,,,0,0,,
RECLAIM-V2-005861,C00816,RETRY_ALL,0,0,,,0,0,,
RECLAIM-V2-005862,C00585,RETRY_ALL,0,0,,,0,0,,
RECLAIM-V2-005863,C00994,RETRY_ALL,0,0,,,0,0,,
RECLAIM-V2-005864,C00570,RETRY_ALL,0,0,,,0,0,,
RECLAIM-V2-005865,C00980,RETRY_ALL,0,0,,,0,0,,
RECLAIM-V2-005866,C00749,RETRY_ALL,0,0,,,0,0,,
RECLAIM-V2-005867,C00469,RETRY_ALL,0,0,,,0,0,,
RECLAIM-V2-005868,C00445,RETRY_ALL,0,0,,,0,0,,
RECLAIM-V2-005869,C00196,RETRY_ALL,0,0,,,0,0,,
RECLAIM-V2-005870,C00210,RETRY_ALL,0,0,,,0,0,,
RECLAIM-V2-005871,C00441,RETRY_ALL,0,0,,,0,0,,
RECLAIM-V2-005872,C00991,RETRY_ALL,0,0,,,0,0,,
RECLAIM-V2-005873,C00291,TARGET,1,0,,,0,0,,
RECLAIM-V2-005874,C00469,RETRY_ALL,0,0,,,0,0,,
RECLAIM-V2-005875,C00138,RETRY_ALL,0,0,,,0,0,,
RECLAIM-V2-005876,C00278,RETRY_ALL,0,0,,,0,0,,
RECLAIM-V2-005877,C00022,RETRY_ALL,0,0,,,0,0,,
RECLAIM-V2-005878,C00339,RETRY_ALL,0,0,,,0,0,,
RECLAIM-V2-005879,C00525,RETRY_ALL,0,0,,,0,0,,
RECLAIM-V2-005880,C00005,RETRY_ALL,0,0,,,0,0,,
RECLAIM-V2-005881,C00241,RETRY_ALL,0,0,,,0,0,,
RECLAIM-V2-005882,C00173,RETRY_ALL,0,0,,,0,0,,
RECLAIM-V2-005883,C00088,RETRY_ALL,0,0,,,0,0,,
RECLAIM-V2-005884,C00841,RETRY_ALL,0,0,,,0,0,,
RECLAIM-V2-005885,C00907,RETRY_ALL,0,0,,,0,0,,
RECLAIM-V2-005886,C00664,RETRY_ALL,0,0,,,0,0,,
RECLAIM-V2-005887,C00318,RETRY_ALL,0,0,,,0,0,,
RECLAIM-V2-005888,C00069,RETRY_ALL,0,0,,,0,0,,
RECLAIM-V2-005889,C00445,RETRY_ALL,0,0,,,0,0,,
RECLAIM-V2-005890,C00941,TARGET,1,0,,,0,0,,
RECLAIM-V2-005891,C00846,RETRY_ALL,0,0,,,0,0,,
RECLAIM-V2-005892,C00673,RETRY_ALL,0,0,,,0,0,,
RECLAIM-V2-005893,C00324,RETRY_ALL,0,0,,,0,0,,
RECLAIM-V2-005894,C00004,RETRY_ALL,0,0,,,0,0,,
RECLAIM-V2-005895,C00523,RETRY_ALL,0,0,,,0,0,,
RECLAIM-V2-005896,C00156,RETRY_ALL,0,0,,,0,0,,
RECLAIM-V2-005897,C00401,RETRY_ALL,0,0,,,0,0,,
RECLAIM-V2-005898,C00460,RETRY_ALL,0,0,,,0,0,,
RECLAIM-V2-005899,C00361,RETRY_ALL,0,0,,,0,0,,
RECLAIM-V2-005900,C00101,RETRY_ALL,0,0,,,0,0,,
RECLAIM-V2-005901,C00709,RETRY_ALL,0,0,,,0,0,,
RECLAIM-V2-005902,C00279,TARGET,1,0,,,0,0,,
RECLAIM-V2-005903,C00155,RETRY_ALL,0,0,,,0,0,,
RECLAIM-V2-005904,C00595,RETRY_ALL,0,0,,,0,0,,
RECLAIM-V2-005905,C00695,RETRY_ALL,0,0,,,0,0,,
RECLAIM-V2-005906,C00585,RETRY_ALL,0,0,,,0,0,,
RECLAIM-V2-005907,C00991,RETRY_ALL,0,0,,,0,0,,
RECLAIM-V2-005908,C00448,RETRY_ALL,0,0,,,0,0,,
RECLAIM-V2-005909,C00271,RETRY_ALL,0,0,,,0,0,,
RECLAIM-V2-005910,C00674,RETRY_ALL,0,0,,,0,0,,
RECLAIM-V2-005911,C00054,TARGET,1,0,,,0,0,,
RECLAIM-V2-005912,C00452,RETRY_ALL,0,0,,,0,0,,
RECLAIM-V2-005913,C00695,RETRY_ALL,0,0,,,0,0,,
RECLAIM-V2-005914,C00696,RETRY_ALL,0,0,,,0,0,,
RECLAIM-V2-005915,C00969,RETRY_ALL,0,0,,,0,0,,
RECLAIM-V2-005916,C00550,TARGET,1,0,,,0,0,,
RECLAIM-V2-005917,C00142,RETRY_ALL,0,0,,,0,0,,
RECLAIM-V2-005918,C00222,RETRY_ALL,0,0,,,0,0,,
RECLAIM-V2-005919,C00816,RETRY_ALL,0,0,,,0,0,,
RECLAIM-V2-005920,C00035,RETRY_ALL,0,0,,,0,0,,
RECLAIM-V2-005921,C00551,RETRY_ALL,0,0,,,0,0,,
RECLAIM-V2-005922,C00622,RETRY_ALL,0,0,,,0,0,,
RECLAIM-V2-005923,C00521,RETRY_ALL,0,0,,,0,0,,
RECLAIM-V2-005924,C00749,RETRY_ALL,0,0,,,0,0,,
RECLAIM-V2-005925,C00298,RETRY_ALL,0,0,,,0,0,,
RECLAIM-V2-005926,C00899,RETRY_ALL,0,0,,,0,0,,
RECLAIM-V2-005927,C00604,RETRY_ALL,0,0,,,0,0,,
RECLAIM-V2-005928,C00664,RETRY_ALL,0,0,,,0,0,,
RECLAIM-V2-005929,C00542,RETRY_ALL,0,0,,,0,0,,
RECLAIM-V2-005930,C00517,RETRY_ALL,0,0,,,0,0,,
RECLAIM-V2-005931,C00368,RETRY_ALL,0,0,,,0,0,,
RECLAIM-V2-005932,C00429,RETRY_ALL,0,0,,,0,0,,
RECLAIM-V2-005933,C00590,RETRY_ALL,0,0,,,0,0,,
RECLAIM-V2-005934,C00461,RETRY_ALL,0,0,,,0,0,,
RECLAIM-V2-005935,C00287,RETRY_ALL,0,0,,,0,0,,
RECLAIM-V2-005936,C00604,RETRY_ALL,0,0,,,0,0,,
RECLAIM-V2-005937,C00747,RETRY_ALL,0,0,,,0,0,,
RECLAIM-V2-005938,C00124,RETRY_ALL,0,0,,,0,0,,
RECLAIM-V2-005939,C00819,TARGET,1,0,,,0,0,,
RECLAIM-V2-005940,C00608,RETRY_ALL,0,0,,,0,0,,
RECLAIM-V2-005941,C00136,RETRY_ALL,0,0,,,0,0,,
RECLAIM-V2-005942,C00630,RETRY_ALL,0,0,,,0,0,,
RECLAIM-V2-005943,C00770,RETRY_ALL,0,0,,,0,0,,
RECLAIM-V2-005944,C00945,RETRY_ALL,0,0,,,0,0,,
RECLAIM-V2-005945,C00378,TARGET,1,0,,,0,0,,
RECLAIM-V2-005946,C00969,RETRY_ALL,0,0,,,0,0,,
RECLAIM-V2-005947,C00206,RETRY_ALL,0,0,,,0,0,,
RECLAIM-V2-005948,C00469,RETRY_ALL,0,0,,,0,0,,
RECLAIM-V2-005949,C00841,RETRY_ALL,0,0,,,0,0,,
RECLAIM-V2-005950,C00384,RETRY_ALL,0,0,,,0,0,,
RECLAIM-V2-005951,C00797,RETRY_ALL,0,0,,,0,0,,
RECLAIM-V2-005952,C00003,RETRY_ALL,0,0,,,0,0,,
RECLAIM-V2-005953,C00608,RETRY_ALL,0,0,,,0,0,,
RECLAIM-V2-005954,C00174,RETRY_ALL,0,0,,,0,0,,
RECLAIM-V2-005955,C00978,RETRY_ALL,0,0,,,0,0,,
RECLAIM-V2-005956,C00448,RETRY_ALL,0,0,,,0,0,,
RECLAIM-V2-005957,C00625,TARGET,1,0,,,0,0,,
RECLAIM-V2-005958,C00391,RETRY_ALL,0,0,,,0,0,,
RECLAIM-V2-005959,C00683,RETRY_ALL,0,0,,,0,0,,
RECLAIM-V2-005960,C00516,RETRY_ALL,0,0,,,0,0,,
RECLAIM-V2-005961,C00791,RETRY_ALL,0,0,,,0,0,,
RECLAIM-V2-005962,C00228,RETRY_ALL,0,0,,,0,0,,
RECLAIM-V2-005963,C00004,RETRY_ALL,0,0,,,0,0,,
RECLAIM-V2-005964,C00153,RETRY_ALL,0,0,,,0,0,,
RECLAIM-V2-005965,C00193,RETRY_ALL,0,0,,,0,0,,
RECLAIM-V2-005966,C00642,RETRY_ALL,0,0,,,0,0,,
RECLAIM-V2-005967,C00014,RETRY_ALL,0,0,,,0,0,,
RECLAIM-V2-005968,C00414,RETRY_ALL,0,0,,,0,0,,
RECLAIM-V2-005969,C00173,RETRY_ALL,0,0,,,0,0,,
RECLAIM-V2-005970,C00795,RETRY_ALL,0,0,,,0,0,,
RECLAIM-V2-005971,C00221,RETRY_ALL,0,0,,,0,0,,
RECLAIM-V2-005972,C00547,RETRY_ALL,0,0,,,0,0,,
RECLAIM-V2-005973,C00795,RETRY_ALL,0,0,,,0,0,,
RECLAIM-V2-005974,C00574,RETRY_ALL,0,0,,,0,0,,
RECLAIM-V2-005975,C00158,RETRY_ALL,0,0,,,0,0,,
RECLAIM-V2-005976,C00823,RETRY_ALL,0,0,,,0,0,,
RECLAIM-V2-005977,C00671,RETRY_ALL,0,0,,,0,0,,
RECLAIM-V2-005978,C00124,RETRY_ALL,0,0,,,0,0,,
RECLAIM-V2-005979,C00187,TARGET,1,0,,,0,0,,
RECLAIM-V2-005980,C00126,RETRY_ALL,0,0,,,0,0,,
RECLAIM-V2-005981,C00764,RETRY_ALL,0,0,,,0,0,,
RECLAIM-V2-005982,C00587,RETRY_ALL,0,0,,,0,0,,
RECLAIM-V2-005983,C00485,RETRY_ALL,0,0,,,0,0,,
RECLAIM-V2-005984,C00318,RETRY_ALL,0,0,,,0,0,,
RECLAIM-V2-005985,C00783,RETRY_ALL,0,0,,,0,0,,
RECLAIM-V2-005986,C00373,RETRY_ALL,0,0,,,0,0,,
RECLAIM-V2-005987,C00049,RETRY_ALL,0,0,,,0,0,,
RECLAIM-V2-005988,C00404,TARGET,1,0,,,0,0,,
RECLAIM-V2-005989,C00348,RETRY_ALL,0,0,,,0,0,,
RECLAIM-V2-005990,C00118,RETRY_ALL,0,0,,,0,0,,
RECLAIM-V2-005991,C00103,RETRY_ALL,0,0,,,0,0,,
RECLAIM-V2-005992,C00936,RETRY_ALL,0,0,,,0,0,,
RECLAIM-V2-005993,C00227,RETRY_ALL,0,0,,,0,0,,
RECLAIM-V2-005994,C00384,RETRY_ALL,0,0,,,0,0,,
RECLAIM-V2-005995,C00899,RETRY_ALL,0,0,,,0,0,,
RECLAIM-V2-005996,C00304,RETRY_ALL,0,0,,,0,0,,
RECLAIM-V2-005997,C00485,RETRY_ALL,0,0,,,0,0,,
RECLAIM-V2-005998,C00610,RETRY_ALL,0,0,,,0,0,,
RECLAIM-V2-005999,C00840,RETRY_ALL,0,0,,,0,0,,
RECLAIM-V2-006000,C00234,RETRY_ALL,0,0,,,0,0,,
RECLAIM-V2-006001,C00446,RETRY_ALL,0,0,,,0,0,,
RECLAIM-V2-006002,C00343,RETRY_ALL,0,0,,,0,0,,
RECLAIM-V2-006003,C00096,RETRY_ALL,0,0,,,0,0,,
RECLAIM-V2-006004,C00696,RETRY_ALL,0,0,,,0,0,,
RECLAIM-V2-006005,C00222,RETRY_ALL,0,0,,,0,0,,
RECLAIM-V2-006006,C00196,RETRY_ALL,0,0,,,0,0,,
RECLAIM-V2-006007,C00493,RETRY_ALL,0,0,,,0,0,,
RECLAIM-V2-006008,C00894,RETRY_ALL,0,0,,,0,0,,
RECLAIM-V2-006009,C00451,RETRY_ALL,0,0,,,0,0,,
RECLAIM-V2-006010,C00619,RETRY_ALL,0,0,,,0,0,,
RECLAIM-V2-006011,C00978,RETRY_ALL,0,0,,,0,0,,
RECLAIM-V2-006012,C00238,RETRY_ALL,0,0,,,0,0,,
RECLAIM-V2-006013,C00053,RETRY_ALL,0,0,,,0,0,,
RECLAIM-V2-006014,C00232,RETRY_ALL,0,0,,,0,0,,
RECLAIM-V2-006015,C00431,RETRY_ALL,0,0,,,0,0,,
RECLAIM-V2-006016,C00155,RETRY_ALL,0,0,,,0,0,,
RECLAIM-V2-006017,C00232,RETRY_ALL,0,0,,,0,0,,
RECLAIM-V2-006018,C00037,RETRY_ALL,0,0,,,0,0,,
RECLAIM-V2-006019,C00673,RETRY_ALL,0,0,,,0,0,,
RECLAIM-V2-006020,C00870,RETRY_ALL,0,0,,,0,0,,
RECLAIM-V2-006021,C00614,RETRY_ALL,0,0,,,0,0,,
RECLAIM-V2-006022,C00517,RETRY_ALL,0,0,,,0,0,,
RECLAIM-V2-006023,C00991,RETRY_ALL,0,0,,,0,0,,
RECLAIM-V2-006024,C00434,RETRY_ALL,0,0,,,0,0,,
RECLAIM-V2-006025,C00325,RETRY_ALL,0,0,,,0,0,,
RECLAIM-V2-006026,C00319,RETRY_ALL,0,0,,,0,0,,
RECLAIM-V2-006027,C00260,RETRY_ALL,0,0,,,0,0,,
RECLAIM-V2-006028,C00943,RETRY_ALL,0,0,,,0,0,,
RECLAIM-V2-006029,C00069,RETRY_ALL,0,0,,,0,0,,
RECLAIM-V2-006030,C00555,RETRY_ALL,0,0,,,0,0,,
RECLAIM-V2-006031,C00415,RETRY_ALL,0,0,,,0,0,,
RECLAIM-V2-006032,C00429,RETRY_ALL,0,0,,,0,0,,
RECLAIM-V2-006033,C00142,RETRY_ALL,0,0,,,0,0,,
RECLAIM-V2-006034,C00819,TARGET,1,0,,,0,0,,
RECLAIM-V2-006035,C00537,RETRY_ALL,0,0,,,0,0,,
RECLAIM-V2-006036,C00145,RETRY_ALL,0,0,,,0,0,,
RECLAIM-V2-006037,C00622,RETRY_ALL,0,0,,,0,0,,
RECLAIM-V2-006038,C00585,RETRY_ALL,0,0,,,0,0,,
RECLAIM-V2-006039,C00243,RETRY_ALL,0,0,,,0,0,,
RECLAIM-V2-006040,C00466,RETRY_ALL,0,0,,,0,0,,
RECLAIM-V2-006041,C00614,RETRY_ALL,0,0,,,0,0,,
RECLAIM-V2-006042,C00012,RETRY_ALL,0,0,,,0,0,,
RECLAIM-V2-006043,C00795,RETRY_ALL,0,0,,,0,0,,
RECLAIM-V2-006044,C00145,RETRY_ALL,0,0,,,0,0,,
RECLAIM-V2-006045,C00542,RETRY_ALL,0,0,,,0,0,,
RECLAIM-V2-006046,C00816,RETRY_ALL,0,0,,,0,0,,
RECLAIM-V2-006047,C00214,RETRY_ALL,0,0,,,0,0,,
RECLAIM-V2-006048,C00886,RETRY_ALL,0,0,,,0,0,,
RECLAIM-V2-006049,C00174,RETRY_ALL,0,0,,,0,0,,
RECLAIM-V2-006050,C00448,RETRY_ALL,0,0,,,0,0,,
RECLAIM-V2-006051,C00590,RETRY_ALL,0,0,,,0,0,,
RECLAIM-V2-006052,C00840,RETRY_ALL,0,0,,,0,0,,
RECLAIM-V2-006053,C00938,RETRY_ALL,0,0,,,0,0,,
RECLAIM-V2-006054,C00823,RETRY_ALL,0,0,,,0,0,,
RECLAIM-V2-006055,C00352,RETRY_ALL,0,0,,,0,0,,
RECLAIM-V2-006056,C00635,RETRY_ALL,0,0,,,0,0,,
RECLAIM-V2-006057,C00378,RETRY_ALL,0,0,,,0,0,,
RECLAIM-V2-006058,C00315,RETRY_ALL,0,0,,,0,0,,
RECLAIM-V2-006059,C00619,RETRY_ALL,0,0,,,0,0,,
RECLAIM-V2-006060,C00469,RETRY_ALL,0,0,,,0,0,,
RECLAIM-V2-006061,C00434,RETRY_ALL,0,0,,,0,0,,
RECLAIM-V2-006062,C00244,RETRY_ALL,0,0,,,0,0,,
RECLAIM-V2-006063,C00080,TARGET,1,0,,,0,0,,
RECLAIM-V2-006064,C00635,RETRY_ALL,0,0,,,0,0,,
RECLAIM-V2-006065,C00758,RETRY_ALL,0,0,,,0,0,,
RECLAIM-V2-006066,C00298,RETRY_ALL,0,0,,,0,0,,
RECLAIM-V2-006067,C00296,RETRY_ALL,0,0,,,0,0,,
RECLAIM-V2-006068,C00482,RETRY_ALL,0,0,,,0,0,,
RECLAIM-V2-006069,C00547,RETRY_ALL,0,0,,,0,0,,
RECLAIM-V2-006070,C00352,RETRY_ALL,0,0,,,0,0,,
RECLAIM-V2-006071,C00159,RETRY_ALL,0,0,,,0,0,,
RECLAIM-V2-006072,C00921,RETRY_ALL,0,0,,,0,0,,
RECLAIM-V2-006073,C00136,RETRY_ALL,0,0,,,0,0,,
RECLAIM-V2-006074,C00270,RETRY_ALL,0,0,,,0,0,,
RECLAIM-V2-006075,C00673,RETRY_ALL,0,0,,,0,0,,
RECLAIM-V2-006076,C00713,RETRY_ALL,0,0,,,0,0,,
RECLAIM-V2-006077,C00246,RETRY_ALL,0,0,,,0,0,,
RECLAIM-V2-006078,C00015,RETRY_ALL,0,0,,,0,0,,
RECLAIM-V2-006079,C00304,RETRY_ALL,0,0,,,0,0,,
RECLAIM-V2-006080,C00015,RETRY_ALL,0,0,,,0,0,,
RECLAIM-V2-006081,C00205,RETRY_ALL,0,0,,,0,0,,
RECLAIM-V2-006082,C00809,RETRY_ALL,0,0,,,0,0,,
RECLAIM-V2-006083,C00324,RETRY_ALL,0,0,,,0,0,,
RECLAIM-V2-006084,C00101,RETRY_ALL,0,0,,,0,0,,
RECLAIM-V2-006085,C00826,RETRY_ALL,0,0,,,0,0,,
RECLAIM-V2-006086,C00936,RETRY_ALL,0,0,,,0,0,,
RECLAIM-V2-006087,C00185,RETRY_ALL,0,0,,,0,0,,
RECLAIM-V2-006088,C00624,RETRY_ALL,0,0,,,0,0,,
RECLAIM-V2-006089,C00241,RETRY_ALL,0,0,,,0,0,,
RECLAIM-V2-006090,C00196,RETRY_ALL,0,0,,,0,0,,
RECLAIM-V2-006091,C00517,RETRY_ALL,0,0,,,0,0,,
RECLAIM-V2-006092,C00551,RETRY_ALL,0,0,,,0,0,,
RECLAIM-V2-006093,C00214,RETRY_ALL,0,0,,,0,0,,
RECLAIM-V2-006094,C00790,RETRY_ALL,0,0,,,0,0,,
RECLAIM-V2-006095,C00601,RETRY_ALL,0,0,,,0,0,,
RECLAIM-V2-006096,C00908,RETRY_ALL,0,0,,,0,0,,
RECLAIM-V2-006097,C00053,RETRY_ALL,0,0,,,0,0,,
RECLAIM-V2-006098,C00981,RETRY_ALL,0,0,,,0,0,,
RECLAIM-V2-006099,C00611,RETRY_ALL,0,0,,,0,0,,
RECLAIM-V2-006100,C00659,RETRY_ALL,0,0,,,0,0,,
RECLAIM-V2-006101,C00339,RETRY_ALL,0,0,,,0,0,,
RECLAIM-V2-006102,C00832,RETRY_ALL,0,0,,,0,0,,
RECLAIM-V2-006103,C00516,RETRY_ALL,0,0,,,0,0,,
RECLAIM-V2-006104,C00904,RETRY_ALL,0,0,,,0,0,,
RECLAIM-V2-006105,C00354,RETRY_ALL,0,0,,,0,0,,
RECLAIM-V2-006106,C00981,RETRY_ALL,0,0,,,0,0,,
RECLAIM-V2-006107,C00429,RETRY_ALL,0,0,,,0,0,,
RECLAIM-V2-006108,C00635,RETRY_ALL,0,0,,,0,0,,
RECLAIM-V2-006109,C00295,RETRY_ALL,0,0,,,0,0,,
RECLAIM-V2-006110,C00687,RETRY_ALL,0,0,,,0,0,,
RECLAIM-V2-006111,C00482,RETRY_ALL,0,0,,,0,0,,
RECLAIM-V2-006112,C00388,RETRY_ALL,0,0,,,0,0,,
RECLAIM-V2-006113,C00524,RETRY_ALL,0,0,,,0,0,,
RECLAIM-V2-006114,C00502,RETRY_ALL,0,0,,,0,0,,
RECLAIM-V2-006115,C00138,RETRY_ALL,0,0,,,0,0,,
RECLAIM-V2-006116,C00463,RETRY_ALL,0,0,,,0,0,,
RECLAIM-V2-006117,C00874,RETRY_ALL,0,0,,,0,0,,
RECLAIM-V2-006118,C00432,RETRY_ALL,0,0,,,0,0,,
RECLAIM-V2-006119,C00980,RETRY_ALL,0,0,,,0,0,,
RECLAIM-V2-006120,C00315,RETRY_ALL,0,0,,,0,0,,
RECLAIM-V2-006121,C00599,RETRY_ALL,0,0,,,0,0,,
RECLAIM-V2-006122,C00502,TARGET,1,0,,,0,0,,
RECLAIM-V2-006123,C00214,RETRY_ALL,0,0,,,0,0,,
RECLAIM-V2-006124,C00431,RETRY_ALL,0,0,,,0,0,,
RECLAIM-V2-006125,C00870,RETRY_ALL,0,0,,,0,0,,
RECLAIM-V2-006126,C00611,RETRY_ALL,0,0,,,0,0,,
RECLAIM-V2-006127,C00062,RETRY_ALL,0,0,,,0,0,,
RECLAIM-V2-006128,C00102,RETRY_ALL,0,0,,,0,0,,
RECLAIM-V2-006129,C00646,RETRY_ALL,0,0,,,0,0,,
RECLAIM-V2-006130,C00294,RETRY_ALL,0,0,,,0,0,,
RECLAIM-V2-006131,C00516,RETRY_ALL,0,0,,,0,0,,
RECLAIM-V2-006132,C00270,RETRY_ALL,0,0,,,0,0,,
RECLAIM-V2-006133,C00053,RETRY_ALL,0,0,,,0,0,,
RECLAIM-V2-006134,C00139,RETRY_ALL,0,0,,,0,0,,
RECLAIM-V2-006135,C00999,RETRY_ALL,0,0,,,0,0,,
RECLAIM-V2-006136,C00395,RETRY_ALL,0,0,,,0,0,,
RECLAIM-V2-006137,C00010,RETRY_ALL,0,0,,,0,0,,
RECLAIM-V2-006138,C00961,RETRY_ALL,0,0,,,0,0,,
RECLAIM-V2-006139,C00971,RETRY_ALL,0,0,,,0,0,,
RECLAIM-V2-006140,C00727,RETRY_ALL,0,0,,,0,0,,
RECLAIM-V2-006141,C00646,RETRY_ALL,0,0,,,0,0,,
RECLAIM-V2-006142,C00897,RETRY_ALL,0,0,,,0,0,,
RECLAIM-V2-006143,C00574,RETRY_ALL,0,0,,,0,0,,
RECLAIM-V2-006144,C00841,RETRY_ALL,0,0,,,0,0,,
RECLAIM-V2-006145,C00683,RETRY_ALL,0,0,,,0,0,,
RECLAIM-V2-006146,C00627,RETRY_ALL,0,0,,,0,0,,
RECLAIM-V2-006147,C00107,RETRY_ALL,0,0,,,0,0,,
RECLAIM-V2-006148,C00491,RETRY_ALL,0,0,,,0,0,,
RECLAIM-V2-006149,C00270,RETRY_ALL,0,0,,,0,0,,
RECLAIM-V2-006150,C00352,RETRY_ALL,0,0,,,0,0,,
RECLAIM-V2-006151,C00791,RETRY_ALL,0,0,,,0,0,,
RECLAIM-V2-006152,C00500,RETRY_ALL,0,0,,,0,0,,
RECLAIM-V2-006153,C00659,RETRY_ALL,0,0,,,0,0,,
RECLAIM-V2-006154,C00614,RETRY_ALL,0,0,,,0,0,,
RECLAIM-V2-006155,C00746,RETRY_ALL,0,0,,,0,0,,
RECLAIM-V2-006156,C00842,RETRY_ALL,0,0,,,0,0,,
RECLAIM-V2-006157,C00608,RETRY_ALL,0,0,,,0,0,,
RECLAIM-V2-006158,C00517,RETRY_ALL,0,0,,,0,0,,
RECLAIM-V2-006159,C00855,RETRY_ALL,0,0,,,0,0,,
RECLAIM-V2-006160,C00482,RETRY_ALL,0,0,,,0,0,,
RECLAIM-V2-006161,C00673,RETRY_ALL,0,0,,,0,0,,
RECLAIM-V2-006162,C00929,RETRY_ALL,0,0,,,0,0,,
RECLAIM-V2-006163,C00014,RETRY_ALL,0,0,,,0,0,,
RECLAIM-V2-006164,C00132,RETRY_ALL,0,0,,,0,0,,
RECLAIM-V2-006165,C00394,RETRY_ALL,0,0,,,0,0,,
RECLAIM-V2-006166,C00590,RETRY_ALL,0,0,,,0,0,,
RECLAIM-V2-006167,C00446,RETRY_ALL,0,0,,,0,0,,
RECLAIM-V2-006168,C00476,RETRY_ALL,0,0,,,0,0,,
RECLAIM-V2-006169,C00712,RETRY_ALL,0,0,,,0,0,,
RECLAIM-V2-006170,C00199,RETRY_ALL,0,0,,,0,0,,
RECLAIM-V2-006171,C00875,RETRY_ALL,0,0,,,0,0,,
RECLAIM-V2-006172,C00941,TARGET,1,0,,,0,0,,
RECLAIM-V2-006173,C00931,RETRY_ALL,0,0,,,0,0,,
RECLAIM-V2-006174,C00619,RETRY_ALL,0,0,,,0,0,,
RECLAIM-V2-006175,C00955,RETRY_ALL,0,0,,,0,0,,
RECLAIM-V2-006176,C00764,RETRY_ALL,0,0,,,0,0,,
RECLAIM-V2-006177,C00673,RETRY_ALL,0,0,,,0,0,,
RECLAIM-V2-006178,C00461,TARGET,1,0,,,0,0,,
RECLAIM-V2-006179,C00452,RETRY_ALL,0,0,,,0,0,,
RECLAIM-V2-006180,C00538,RETRY_ALL,0,0,,,0,0,,
RECLAIM-V2-006181,C00109,RETRY_ALL,0,0,,,0,0,,
RECLAIM-V2-006182,C00279,TARGET,1,0,,,0,0,,
RECLAIM-V2-006183,C00687,RETRY_ALL,0,0,,,0,0,,
RECLAIM-V2-006184,C00613,RETRY_ALL,0,0,,,0,0,,
RECLAIM-V2-006185,C00307,RETRY_ALL,0,0,,,0,0,,
RECLAIM-V2-006186,C00622,RETRY_ALL,0,0,,,0,0,,
RECLAIM-V2-006187,C00089,RETRY_ALL,0,0,,,0,0,,
RECLAIM-V2-006188,C00205,RETRY_ALL,0,0,,,0,0,,
RECLAIM-V2-006189,C00695,RETRY_ALL,0,0,,,0,0,,
RECLAIM-V2-006190,C00136,RETRY_ALL,0,0,,,0,0,,
RECLAIM-V2-006191,C00395,RETRY_ALL,0,0,,,0,0,,
RECLAIM-V2-006192,C00123,RETRY_ALL,0,0,,,0,0,,
RECLAIM-V2-006193,C00613,RETRY_ALL,0,0,,,0,0,,
RECLAIM-V2-006194,C00418,RETRY_ALL,0,0,,,0,0,,
RECLAIM-V2-006195,C00064,RETRY_ALL,0,0,,,0,0,,
RECLAIM-V2-006196,C00863,RETRY_ALL,0,0,,,0,0,,
RECLAIM-V2-006197,C00062,RETRY_ALL,0,0,,,0,0,,
RECLAIM-V2-006198,C00734,RETRY_ALL,0,0,,,0,0,,
RECLAIM-V2-006199,C00139,RETRY_ALL,0,0,,,0,0,,
RECLAIM-V2-006200,C00676,RETRY_ALL,0,0,,,0,0,,
RECLAIM-V2-006201,C00365,RETRY_ALL,0,0,,,0,0,,
RECLAIM-V2-006202,C00214,RETRY_ALL,0,0,,,0,0,,
RECLAIM-V2-006203,C00739,RETRY_ALL,0,0,,,0,0,,
RECLAIM-V2-006204,C00418,RETRY_ALL,0,0,,,0,0,,
RECLAIM-V2-006205,C00418,RETRY_ALL,0,0,,,0,0,,
RECLAIM-V2-006206,C00221,RETRY_ALL,0,0,,,0,0,,
RECLAIM-V2-006207,C00999,RETRY_ALL,0,0,,,0,0,,
RECLAIM-V2-006208,C00417,RETRY_ALL,0,0,,,0,0,,
RECLAIM-V2-006209,C00270,RETRY_ALL,0,0,,,0,0,,
RECLAIM-V2-006210,C00233,RETRY_ALL,0,0,,,0,0,,
RECLAIM-V2-006211,C00855,RETRY_ALL,0,0,,,0,0,,
RECLAIM-V2-006212,C00113,RETRY_ALL,0,0,,,0,0,,
RECLAIM-V2-006213,C00446,RETRY_ALL,0,0,,,0,0,,
RECLAIM-V2-006214,C00979,RETRY_ALL,0,0,,,0,0,,
RECLAIM-V2-006215,C00884,TARGET,1,0,,,0,0,,
RECLAIM-V2-006216,C00551,RETRY_ALL,0,0,,,0,0,,
RECLAIM-V2-006217,C00064,RETRY_ALL,0,0,,,0,0,,
RECLAIM-V2-006218,C00841,RETRY_ALL,0,0,,,0,0,,
RECLAIM-V2-006219,C00223,RETRY_ALL,0,0,,,0,0,,
RECLAIM-V2-006220,C00218,RETRY_ALL,0,0,,,0,0,,
RECLAIM-V2-006221,C00687,RETRY_ALL,0,0,,,0,0,,
RECLAIM-V2-006222,C00275,RETRY_ALL,0,0,,,0,0,,
RECLAIM-V2-006223,C00086,RETRY_ALL,0,0,,,0,0,,
RECLAIM-V2-006224,C00174,RETRY_ALL,0,0,,,0,0,,
RECLAIM-V2-006225,C00687,RETRY_ALL,0,0,,,0,0,,
RECLAIM-V2-006226,C00098,RETRY_ALL,0,0,,,0,0,,
RECLAIM-V2-006227,C00832,RETRY_ALL,0,0,,,0,0,,
RECLAIM-V2-006228,C00886,RETRY_ALL,0,0,,,0,0,,
RECLAIM-V2-006229,C00110,RETRY_ALL,0,0,,,0,0,,
RECLAIM-V2-006230,C00779,RETRY_ALL,0,0,,,0,0,,
RECLAIM-V2-006231,C00145,RETRY_ALL,0,0,,,0,0,,
RECLAIM-V2-006232,C00966,RETRY_ALL,0,0,,,0,0,,
RECLAIM-V2-006233,C00140,RETRY_ALL,0,0,,,0,0,,
RECLAIM-V2-006234,C00126,RETRY_ALL,0,0,,,0,0,,
RECLAIM-V2-006235,C00463,RETRY_ALL,0,0,,,0,0,,
RECLAIM-V2-006236,C00886,RETRY_ALL,0,0,,,0,0,,
RECLAIM-V2-006237,C00034,RETRY_ALL,0,0,,,0,0,,
RECLAIM-V2-006238,C00326,RETRY_ALL,0,0,,,0,0,,
RECLAIM-V2-006239,C00117,RETRY_ALL,0,0,,,0,0,,
RECLAIM-V2-006240,C00823,RETRY_ALL,0,0,,,0,0,,
RECLAIM-V2-006241,C00516,RETRY_ALL,0,0,,,0,0,,
RECLAIM-V2-006242,C00961,RETRY_ALL,0,0,,,0,0,,
RECLAIM-V2-006243,C00097,RETRY_ALL,0,0,,,0,0,,
RECLAIM-V2-006244,C00780,RETRY_ALL,0,0,,,0,0,,
RECLAIM-V2-006245,C00254,TARGET,1,0,,,0,0,,
RECLAIM-V2-006246,C00168,RETRY_ALL,0,0,,,0,0,,
RECLAIM-V2-006247,C00986,RETRY_ALL,0,0,,,0,0,,
RECLAIM-V2-006248,C00384,RETRY_ALL,0,0,,,0,0,,
RECLAIM-V2-006249,C00875,RETRY_ALL,0,0,,,0,0,,
RECLAIM-V2-006250,C00024,RETRY_ALL,0,0,,,0,0,,
RECLAIM-V2-006251,C00961,RETRY_ALL,0,0,,,0,0,,
RECLAIM-V2-006252,C00110,RETRY_ALL,0,0,,,0,0,,
RECLAIM-V2-006253,C00241,RETRY_ALL,0,0,,,0,0,,
RECLAIM-V2-006254,C00138,RETRY_ALL,0,0,,,0,0,,
RECLAIM-V2-006255,C00718,RETRY_ALL,0,0,,,0,0,,
RECLAIM-V2-006256,C00081,RETRY_ALL,0,0,,,0,0,,
RECLAIM-V2-006257,C00260,RETRY_ALL,0,0,,,0,0,,
RECLAIM-V2-006258,C00391,RETRY_ALL,0,0,,,0,0,,
RECLAIM-V2-006259,C00081,RETRY_ALL,0,0,,,0,0,,
RECLAIM-V2-006260,C00174,RETRY_ALL,0,0,,,0,0,,
RECLAIM-V2-006261,C00739,RETRY_ALL,0,0,,,0,0,,
RECLAIM-V2-006262,C00246,RETRY_ALL,0,0,,,0,0,,
RECLAIM-V2-006263,C00872,RETRY_ALL,0,0,,,0,0,,
RECLAIM-V2-006264,C00595,RETRY_ALL,0,0,,,0,0,,
RECLAIM-V2-006265,C00020,RETRY_ALL,0,0,,,0,0,,
RECLAIM-V2-006266,C00840,RETRY_ALL,0,0,,,0,0,,
RECLAIM-V2-006267,C00681,RETRY_ALL,0,0,,,0,0,,
RECLAIM-V2-006268,C00480,RETRY_ALL,0,0,,,0,0,,
RECLAIM-V2-006269,C00307,RETRY_ALL,0,0,,,0,0,,
RECLAIM-V2-006270,C00218,RETRY_ALL,0,0,,,0,0,,
RECLAIM-V2-006271,C00395,RETRY_ALL,0,0,,,0,0,,
RECLAIM-V2-006272,C00319,RETRY_ALL,0,0,,,0,0,,
RECLAIM-V2-006273,C00991,RETRY_ALL,0,0,,,0,0,,
RECLAIM-V2-006274,C00841,RETRY_ALL,0,0,,,0,0,,
RECLAIM-V2-006275,C00173,RETRY_ALL,0,0,,,0,0,,
RECLAIM-V2-006276,C00746,RETRY_ALL,0,0,,,0,0,,
RECLAIM-V2-006277,C00205,RETRY_ALL,0,0,,,0,0,,
RECLAIM-V2-006278,C00388,RETRY_ALL,0,0,,,0,0,,
RECLAIM-V2-006279,C00360,RETRY_ALL,0,0,,,0,0,,
RECLAIM-V2-006280,C00779,RETRY_ALL,0,0,,,0,0,,
RECLAIM-V2-006281,C00228,RETRY_ALL,0,0,,,0,0,,
RECLAIM-V2-006282,C00516,RETRY_ALL,0,0,,,0,0,,
RECLAIM-V2-006283,C00199,RETRY_ALL,0,0,,,0,0,,
RECLAIM-V2-006284,C00718,RETRY_ALL,0,0,,,0,0,,
RECLAIM-V2-006285,C00293,RETRY_ALL,0,0,,,0,0,,
RECLAIM-V2-006286,C00221,RETRY_ALL,0,0,,,0,0,,
RECLAIM-V2-006287,C00469,RETRY_ALL,0,0,,,0,0,,
RECLAIM-V2-006288,C00770,RETRY_ALL,0,0,,,0,0,,
RECLAIM-V2-006289,C00201,RETRY_ALL,0,0,,,0,0,,
RECLAIM-V2-006290,C00780,RETRY_ALL,0,0,,,0,0,,
RECLAIM-V2-006291,C00429,RETRY_ALL,0,0,,,0,0,,
RECLAIM-V2-006292,C00425,RETRY_ALL,0,0,,,0,0,,
RECLAIM-V2-006293,C00523,RETRY_ALL,0,0,,,0,0,,
RECLAIM-V2-006294,C00727,RETRY_ALL,0,0,,,0,0,,
RECLAIM-V2-006295,C00163,RETRY_ALL,0,0,,,0,0,,
RECLAIM-V2-006296,C00718,RETRY_ALL,0,0,,,0,0,,
RECLAIM-V2-006297,C00551,RETRY_ALL,0,0,,,0,0,,
RECLAIM-V2-006298,C00008,RETRY_ALL,0,0,,,0,0,,
RECLAIM-V2-006299,C00834,RETRY_ALL,0,0,,,0,0,,
RECLAIM-V2-006300,C00232,RETRY_ALL,0,0,,,0,0,,
RECLAIM-V2-006301,C00279,TARGET,1,0,,,0,0,,
RECLAIM-V2-006302,C00612,RETRY_ALL,0,0,,,0,0,,
RECLAIM-V2-006303,C00070,RETRY_ALL,0,0,,,0,0,,
RECLAIM-V2-006304,C00870,RETRY_ALL,0,0,,,0,0,,
RECLAIM-V2-006305,C00441,RETRY_ALL,0,0,,,0,0,,
RECLAIM-V2-006306,C00986,RETRY_ALL,0,0,,,0,0,,
RECLAIM-V2-006307,C00616,RETRY_ALL,0,0,,,0,0,,
RECLAIM-V2-006308,C00492,RETRY_ALL,0,0,,,0,0,,
RECLAIM-V2-006309,C00003,RETRY_ALL,0,0,,,0,0,,
RECLAIM-V2-006310,C00373,RETRY_ALL,0,0,,,0,0,,
RECLAIM-V2-006311,C00072,RETRY_ALL,0,0,,,0,0,,
RECLAIM-V2-006312,C00991,RETRY_ALL,0,0,,,0,0,,
RECLAIM-V2-006313,C00943,RETRY_ALL,0,0,,,0,0,,
RECLAIM-V2-006314,C00764,RETRY_ALL,0,0,,,0,0,,
RECLAIM-V2-006315,C00131,RETRY_ALL,0,0,,,0,0,,
RECLAIM-V2-006316,C00485,RETRY_ALL,0,0,,,0,0,,
RECLAIM-V2-006317,C00941,TARGET,1,0,,,0,0,,
RECLAIM-V2-006318,C00418,RETRY_ALL,0,0,,,0,0,,
RECLAIM-V2-006319,C00653,RETRY_ALL,0,0,,,0,0,,
RECLAIM-V2-006320,C00886,RETRY_ALL,0,0,,,0,0,,
RECLAIM-V2-006321,C00764,RETRY_ALL,0,0,,,0,0,,
RECLAIM-V2-006322,C00360,RETRY_ALL,0,0,,,0,0,,
RECLAIM-V2-006323,C00590,RETRY_ALL,0,0,,,0,0,,
RECLAIM-V2-006324,C00826,RETRY_ALL,0,0,,,0,0,,
RECLAIM-V2-006325,C00268,RETRY_ALL,0,0,,,0,0,,
RECLAIM-V2-006326,C00064,RETRY_ALL,0,0,,,0,0,,
RECLAIM-V2-006327,C00834,RETRY_ALL,0,0,,,0,0,,
RECLAIM-V2-006328,C00973,RETRY_ALL,0,0,,,0,0,,
RECLAIM-V2-006329,C00395,RETRY_ALL,0,0,,,0,0,,
RECLAIM-V2-006330,C00458,RETRY_ALL,0,0,,,0,0,,
RECLAIM-V2-006331,C00192,RETRY_ALL,0,0,,,0,0,,
RECLAIM-V2-006332,C00452,RETRY_ALL,0,0,,,0,0,,
RECLAIM-V2-006333,C00168,RETRY_ALL,0,0,,,0,0,,
RECLAIM-V2-006334,C00619,RETRY_ALL,0,0,,,0,0,,
RECLAIM-V2-006335,C00298,RETRY_ALL,0,0,,,0,0,,
RECLAIM-V2-006336,C00943,RETRY_ALL,0,0,,,0,0,,
RECLAIM-V2-006337,C00663,TARGET,1,0,,,0,0,,
RECLAIM-V2-006338,C00966,RETRY_ALL,0,0,,,0,0,,
RECLAIM-V2-006339,C00384,RETRY_ALL,0,0,,,0,0,,
RECLAIM-V2-006340,C00680,TARGET,1,0,,,0,0,,
RECLAIM-V2-006341,C00696,RETRY_ALL,0,0,,,0,0,,
RECLAIM-V2-006342,C00542,RETRY_ALL,0,0,,,0,0,,
RECLAIM-V2-006343,C00779,RETRY_ALL,0,0,,,0,0,,
RECLAIM-V2-006344,C00789,RETRY_ALL,0,0,,,0,0,,
RECLAIM-V2-006345,C00485,RETRY_ALL,0,0,,,0,0,,
RECLAIM-V2-006346,C00122,RETRY_ALL,0,0,,,0,0,,
RECLAIM-V2-006347,C00500,RETRY_ALL,0,0,,,0,0,,
RECLAIM-V2-006348,C00671,RETRY_ALL,0,0,,,0,0,,
RECLAIM-V2-006349,C00713,RETRY_ALL,0,0,,,0,0,,
RECLAIM-V2-006350,C00201,RETRY_ALL,0,0,,,0,0,,
RECLAIM-V2-006351,C00624,RETRY_ALL,0,0,,,0,0,,
RECLAIM-V2-006352,C00779,RETRY_ALL,0,0,,,0,0,,
RECLAIM-V2-006353,C00886,RETRY_ALL,0,0,,,0,0,,
RECLAIM-V2-006354,C00469,RETRY_ALL,0,0,,,0,0,,
RECLAIM-V2-006355,C00638,RETRY_ALL,0,0,,,0,0,,
RECLAIM-V2-006356,C00138,RETRY_ALL,0,0,,,0,0,,
RECLAIM-V2-006357,C00373,RETRY_ALL,0,0,,,0,0,,
RECLAIM-V2-006358,C00004,RETRY_ALL,0,0,,,0,0,,
RECLAIM-V2-006359,C00985,RETRY_ALL,0,0,,,0,0,,
RECLAIM-V2-006360,C00613,RETRY_ALL,0,0,,,0,0,,
RECLAIM-V2-006361,C00437,RETRY_ALL,0,0,,,0,0,,
RECLAIM-V2-006362,C00779,RETRY_ALL,0,0,,,0,0,,
RECLAIM-V2-006363,C00664,RETRY_ALL,0,0,,,0,0,,
RECLAIM-V2-006364,C00551,RETRY_ALL,0,0,,,0,0,,
RECLAIM-V2-006365,C00463,RETRY_ALL,0,0,,,0,0,,
RECLAIM-V2-006366,C00783,RETRY_ALL,0,0,,,0,0,,
RECLAIM-V2-006367,C00764,RETRY_ALL,0,0,,,0,0,,
RECLAIM-V2-006368,C00008,RETRY_ALL,0,0,,,0,0,,
RECLAIM-V2-006369,C00166,RETRY_ALL,0,0,,,0,0,,
RECLAIM-V2-006370,C00232,RETRY_ALL,0,0,,,0,0,,
RECLAIM-V2-006371,C00190,RETRY_ALL,0,0,,,0,0,,
RECLAIM-V2-006372,C00586,RETRY_ALL,0,0,,,0,0,,
RECLAIM-V2-006373,C00687,RETRY_ALL,0,0,,,0,0,,
RECLAIM-V2-006374,C00415,RETRY_ALL,0,0,,,0,0,,
RECLAIM-V2-006375,C00542,RETRY_ALL,0,0,,,0,0,,
RECLAIM-V2-006376,C00107,RETRY_ALL,0,0,,,0,0,,
RECLAIM-V2-006377,C00643,RETRY_ALL,0,0,,,0,0,,
RECLAIM-V2-006378,C00931,RETRY_ALL,0,0,,,0,0,,
RECLAIM-V2-006379,C00041,RETRY_ALL,0,0,,,0,0,,
RECLAIM-V2-006380,C00638,RETRY_ALL,0,0,,,0,0,,
RECLAIM-V2-006381,C00275,RETRY_ALL,0,0,,,0,0,,
RECLAIM-V2-006382,C00586,RETRY_ALL,0,0,,,0,0,,
RECLAIM-V2-006383,C00642,RETRY_ALL,0,0,,,0,0,,
RECLAIM-V2-006384,C00230,RETRY_ALL,0,0,,,0,0,,
RECLAIM-V2-006385,C00752,RETRY_ALL,0,0,,,0,0,,
RECLAIM-V2-006386,C00695,RETRY_ALL,0,0,,,0,0,,
RECLAIM-V2-006387,C00384,RETRY_ALL,0,0,,,0,0,,
RECLAIM-V2-006388,C00586,RETRY_ALL,0,0,,,0,0,,
RECLAIM-V2-006389,C00421,RETRY_ALL,0,0,,,0,0,,
RECLAIM-V2-006390,C00062,RETRY_ALL,0,0,,,0,0,,
RECLAIM-V2-006391,C00727,RETRY_ALL,0,0,,,0,0,,
RECLAIM-V2-006392,C00307,RETRY_ALL,0,0,,,0,0,,
RECLAIM-V2-006393,C00053,RETRY_ALL,0,0,,,0,0,,
RECLAIM-V2-006394,C00565,RETRY_ALL,0,0,,,0,0,,
RECLAIM-V2-006395,C00842,RETRY_ALL,0,0,,,0,0,,
RECLAIM-V2-006396,C00138,RETRY_ALL,0,0,,,0,0,,
RECLAIM-V2-006397,C00360,RETRY_ALL,0,0,,,0,0,,
RECLAIM-V2-006398,C00373,RETRY_ALL,0,0,,,0,0,,
RECLAIM-V2-006399,C00586,RETRY_ALL,0,0,,,0,0,,
RECLAIM-V2-006400,C00186,RETRY_ALL,0,0,,,0,0,,
RECLAIM-V2-006401,C00287,RETRY_ALL,0,0,,,0,0,,
RECLAIM-V2-006402,C00492,RETRY_ALL,0,0,,,0,0,,
RECLAIM-V2-006403,C00218,RETRY_ALL,0,0,,,0,0,,
RECLAIM-V2-006404,C00841,RETRY_ALL,0,0,,,0,0,,
RECLAIM-V2-006405,C00735,RETRY_ALL,0,0,,,0,0,,
RECLAIM-V2-006406,C00840,RETRY_ALL,0,0,,,0,0,,
RECLAIM-V2-006407,C00410,TARGET,1,0,,,0,0,,
RECLAIM-V2-006408,C00463,RETRY_ALL,0,0,,,0,0,,
RECLAIM-V2-006409,C00173,RETRY_ALL,0,0,,,0,0,,
RECLAIM-V2-006410,C00094,RETRY_ALL,0,0,,,0,0,,
RECLAIM-V2-006411,C00783,RETRY_ALL,0,0,,,0,0,,
RECLAIM-V2-006412,C00622,RETRY_ALL,0,0,,,0,0,,
RECLAIM-V2-006413,C00232,RETRY_ALL,0,0,,,0,0,,
RECLAIM-V2-006414,C00816,RETRY_ALL,0,0,,,0,0,,
RECLAIM-V2-006415,C00329,RETRY_ALL,0,0,,,0,0,,
RECLAIM-V2-006416,C00096,RETRY_ALL,0,0,,,0,0,,
RECLAIM-V2-006417,C00733,RETRY_ALL,0,0,,,0,0,,
RECLAIM-V2-006418,C00131,RETRY_ALL,0,0,,,0,0,,
RECLAIM-V2-006419,C00517,RETRY_ALL,0,0,,,0,0,,
RECLAIM-V2-006420,C00482,RETRY_ALL,0,0,,,0,0,,
RECLAIM-V2-006421,C00908,RETRY_ALL,0,0,,,0,0,,
RECLAIM-V2-006422,C00882,RETRY_ALL,0,0,,,0,0,,
RECLAIM-V2-006423,C00166,RETRY_ALL,0,0,,,0,0,,
RECLAIM-V2-006424,C00174,RETRY_ALL,0,0,,,0,0,,
RECLAIM-V2-006425,C00653,RETRY_ALL,0,0,,,0,0,,
RECLAIM-V2-006426,C00966,RETRY_ALL,0,0,,,0,0,,
RECLAIM-V2-006427,C00432,RETRY_ALL,0,0,,,0,0,,
RECLAIM-V2-006428,C00429,RETRY_ALL,0,0,,,0,0,,
RECLAIM-V2-006429,C00449,RETRY_ALL,0,0,,,0,0,,
RECLAIM-V2-006430,C00261,RETRY_ALL,0,0,,,0,0,,
RECLAIM-V2-006431,C00433,RETRY_ALL,0,0,,,0,0,,
RECLAIM-V2-006432,C00980,RETRY_ALL,0,0,,,0,0,,
RECLAIM-V2-006433,C00664,RETRY_ALL,0,0,,,0,0,,
RECLAIM-V2-006434,C00834,RETRY_ALL,0,0,,,0,0,,
RECLAIM-V2-006435,C00304,RETRY_ALL,0,0,,,0,0,,
RECLAIM-V2-006436,C00146,RETRY_ALL,0,0,,,0,0,,
RECLAIM-V2-006437,C00466,RETRY_ALL,0,0,,,0,0,,
RECLAIM-V2-006438,C00659,RETRY_ALL,0,0,,,0,0,,
RECLAIM-V2-006439,C00542,RETRY_ALL,0,0,,,0,0,,
RECLAIM-V2-006440,C00015,RETRY_ALL,0,0,,,0,0,,
RECLAIM-V2-006441,C00275,RETRY_ALL,0,0,,,0,0,,
RECLAIM-V2-006442,C00293,RETRY_ALL,0,0,,,0,0,,
RECLAIM-V2-006443,C00295,RETRY_ALL,0,0,,,0,0,,
RECLAIM-V2-006444,C00863,RETRY_ALL,0,0,,,0,0,,
RECLAIM-V2-006445,C00401,RETRY_ALL,0,0,,,0,0,,
RECLAIM-V2-006446,C00139,RETRY_ALL,0,0,,,0,0,,
RECLAIM-V2-006447,C00445,RETRY_ALL,0,0,,,0,0,,
RECLAIM-V2-006448,C00380,RETRY_ALL,0,0,,,0,0,,
RECLAIM-V2-006449,C00401,RETRY_ALL,0,0,,,0,0,,
RECLAIM-V2-006450,C00736,RETRY_ALL,0,0,,,0,0,,
RECLAIM-V2-006451,C00049,RETRY_ALL,0,0,,,0,0,,
RECLAIM-V2-006452,C00488,RETRY_ALL,0,0,,,0,0,,
RECLAIM-V2-006453,C00450,RETRY_ALL,0,0,,,0,0,,
RECLAIM-V2-006454,C00673,RETRY_ALL,0,0,,,0,0,,
RECLAIM-V2-006455,C00173,RETRY_ALL,0,0,,,0,0,,
RECLAIM-V2-006456,C00461,RETRY_ALL,0,0,,,0,0,,
RECLAIM-V2-006457,C00863,RETRY_ALL,0,0,,,0,0,,
RECLAIM-V2-006458,C00429,RETRY_ALL,0,0,,,0,0,,
RECLAIM-V2-006459,C00179,RETRY_ALL,0,0,,,0,0,,
RECLAIM-V2-006460,C00712,RETRY_ALL,0,0,,,0,0,,
RECLAIM-V2-006461,C00818,RETRY_ALL,0,0,,,0,0,,
RECLAIM-V2-006462,C00069,RETRY_ALL,0,0,,,0,0,,
RECLAIM-V2-006463,C00971,RETRY_ALL,0,0,,,0,0,,
RECLAIM-V2-006464,C00003,RETRY_ALL,0,0,,,0,0,,
RECLAIM-V2-006465,C00070,RETRY_ALL,0,0,,,0,0,,
RECLAIM-V2-006466,C00927,RETRY_ALL,0,0,,,0,0,,
RECLAIM-V2-006467,C00547,RETRY_ALL,0,0,,,0,0,,
RECLAIM-V2-006468,C00875,RETRY_ALL,0,0,,,0,0,,
RECLAIM-V2-006469,C00577,RETRY_ALL,0,0,,,0,0,,
RECLAIM-V2-006470,C00927,RETRY_ALL,0,0,,,0,0,,
RECLAIM-V2-006471,C00595,RETRY_ALL,0,0,,,0,0,,
RECLAIM-V2-006472,C00604,RETRY_ALL,0,0,,,0,0,,
RECLAIM-V2-006473,C00577,RETRY_ALL,0,0,,,0,0,,
RECLAIM-V2-006474,C00985,RETRY_ALL,0,0,,,0,0,,
RECLAIM-V2-006475,C00449,RETRY_ALL,0,0,,,0,0,,
RECLAIM-V2-006476,C00577,RETRY_ALL,0,0,,,0,0,,
RECLAIM-V2-006477,C00325,RETRY_ALL,0,0,,,0,0,,
RECLAIM-V2-006478,C00487,RETRY_ALL,0,0,,,0,0,,
RECLAIM-V2-006479,C00315,RETRY_ALL,0,0,,,0,0,,
RECLAIM-V2-006480,C00512,RETRY_ALL,0,0,,,0,0,,
RECLAIM-V2-006481,C00192,RETRY_ALL,0,0,,,0,0,,
RECLAIM-V2-006482,C00899,RETRY_ALL,0,0,,,0,0,,
RECLAIM-V2-006483,C00491,RETRY_ALL,0,0,,,0,0,,
RECLAIM-V2-006484,C00173,RETRY_ALL,0,0,,,0,0,,
RECLAIM-V2-006485,C00487,RETRY_ALL,0,0,,,0,0,,
RECLAIM-V2-006486,C00994,RETRY_ALL,0,0,,,0,0,,
RECLAIM-V2-006487,C00695,RETRY_ALL,0,0,,,0,0,,
RECLAIM-V2-006488,C00037,RETRY_ALL,0,0,,,0,0,,
RECLAIM-V2-006489,C00586,RETRY_ALL,0,0,,,0,0,,
RECLAIM-V2-006490,C00525,RETRY_ALL,0,0,,,0,0,,
RECLAIM-V2-006491,C00353,RETRY_ALL,0,0,,,0,0,,
RECLAIM-V2-006492,C00739,RETRY_ALL,0,0,,,0,0,,
RECLAIM-V2-006493,C00977,RETRY_ALL,0,0,,,0,0,,
RECLAIM-V2-006494,C00107,RETRY_ALL,0,0,,,0,0,,
RECLAIM-V2-006495,C00441,RETRY_ALL,0,0,,,0,0,,
RECLAIM-V2-006496,C00469,RETRY_ALL,0,0,,,0,0,,
RECLAIM-V2-006497,C00015,RETRY_ALL,0,0,,,0,0,,
RECLAIM-V2-006498,C00102,RETRY_ALL,0,0,,,0,0,,
RECLAIM-V2-006499,C00249,RETRY_ALL,0,0,,,0,0,,
RECLAIM-V2-006500,C00619,RETRY_ALL,0,0,,,0,0,,
RECLAIM-V2-006501,C00577,RETRY_ALL,0,0,,,0,0,,
RECLAIM-V2-006502,C00551,RETRY_ALL,0,0,,,0,0,,
RECLAIM-V2-006503,C00461,TARGET,1,0,,,0,0,,
RECLAIM-V2-006504,C00448,RETRY_ALL,0,0,,,0,0,,
RECLAIM-V2-006505,C00233,RETRY_ALL,0,0,,,0,0,,
RECLAIM-V2-006506,C00435,RETRY_ALL,0,0,,,0,0,,
RECLAIM-V2-006507,C00872,RETRY_ALL,0,0,,,0,0,,
RECLAIM-V2-006508,C00547,RETRY_ALL,0,0,,,0,0,,
RECLAIM-V2-006509,C00642,RETRY_ALL,0,0,,,0,0,,
RECLAIM-V2-006510,C00041,RETRY_ALL,0,0,,,0,0,,
RECLAIM-V2-006511,C00803,RETRY_ALL,0,0,,,0,0,,
RECLAIM-V2-006512,C00241,RETRY_ALL,0,0,,,0,0,,
RECLAIM-V2-006513,C00145,RETRY_ALL,0,0,,,0,0,,
RECLAIM-V2-006514,C00449,RETRY_ALL,0,0,,,0,0,,
RECLAIM-V2-006515,C00054,RETRY_ALL,0,0,,,0,0,,
RECLAIM-V2-006516,C00136,RETRY_ALL,0,0,,,0,0,,
RECLAIM-V2-006517,C00664,RETRY_ALL,0,0,,,0,0,,
RECLAIM-V2-006518,C00140,RETRY_ALL,0,0,,,0,0,,
RECLAIM-V2-006519,C00622,RETRY_ALL,0,0,,,0,0,,
RECLAIM-V2-006520,C00758,RETRY_ALL,0,0,,,0,0,,
RECLAIM-V2-006521,C00265,RETRY_ALL,0,0,,,0,0,,
RECLAIM-V2-006522,C00037,RETRY_ALL,0,0,,,0,0,,
RECLAIM-V2-006523,C00433,RETRY_ALL,0,0,,,0,0,,
RECLAIM-V2-006524,C00664,RETRY_ALL,0,0,,,0,0,,
RECLAIM-V2-006525,C00752,RETRY_ALL,0,0,,,0,0,,
RECLAIM-V2-006526,C00680,RETRY_ALL,0,0,,,0,0,,
RECLAIM-V2-006527,C00108,RETRY_ALL,0,0,,,0,0,,
RECLAIM-V2-006528,C00999,RETRY_ALL,0,0,,,0,0,,
RECLAIM-V2-006529,C00317,RETRY_ALL,0,0,,,0,0,,
RECLAIM-V2-006530,C00320,RETRY_ALL,0,0,,,0,0,,
RECLAIM-V2-006531,C00244,RETRY_ALL,0,0,,,0,0,,
RECLAIM-V2-006532,C00713,RETRY_ALL,0,0,,,0,0,,
RECLAIM-V2-006533,C00123,RETRY_ALL,0,0,,,0,0,,
RECLAIM-V2-006534,C00401,RETRY_ALL,0,0,,,0,0,,
RECLAIM-V2-006535,C00519,RETRY_ALL,0,0,,,0,0,,
RECLAIM-V2-006536,C00418,RETRY_ALL,0,0,,,0,0,,
RECLAIM-V2-006537,C00329,RETRY_ALL,0,0,,,0,0,,
RECLAIM-V2-006538,C00185,RETRY_ALL,0,0,,,0,0,,
RECLAIM-V2-006539,C00450,RETRY_ALL,0,0,,,0,0,,
RECLAIM-V2-006540,C00888,RETRY_ALL,0,0,,,0,0,,
RECLAIM-V2-006541,C00941,TARGET,1,0,,,0,0,,
RECLAIM-V2-006542,C00380,RETRY_ALL,0,0,,,0,0,,
RECLAIM-V2-006543,C00555,RETRY_ALL,0,0,,,0,0,,
RECLAIM-V2-006544,C00635,RETRY_ALL,0,0,,,0,0,,
RECLAIM-V2-006545,C00107,RETRY_ALL,0,0,,,0,0,,
RECLAIM-V2-006546,C00739,RETRY_ALL,0,0,,,0,0,,
RECLAIM-V2-006547,C00927,RETRY_ALL,0,0,,,0,0,,
RECLAIM-V2-006548,C00318,RETRY_ALL,0,0,,,0,0,,
RECLAIM-V2-006549,C00179,RETRY_ALL,0,0,,,0,0,,
RECLAIM-V2-006550,C00495,RETRY_ALL,0,0,,,0,0,,
RECLAIM-V2-006551,C00816,RETRY_ALL,0,0,,,0,0,,
RECLAIM-V2-006552,C00695,RETRY_ALL,0,0,,,0,0,,
RECLAIM-V2-006553,C00378,RETRY_ALL,0,0,,,0,0,,
RECLAIM-V2-006554,C00206,RETRY_ALL,0,0,,,0,0,,
RECLAIM-V2-006555,C00942,RETRY_ALL,0,0,,,0,0,,
RECLAIM-V2-006556,C00495,RETRY_ALL,0,0,,,0,0,,
RECLAIM-V2-006557,C00681,RETRY_ALL,0,0,,,0,0,,
RECLAIM-V2-006558,C00170,RETRY_ALL,0,0,,,0,0,,
RECLAIM-V2-006559,C00101,RETRY_ALL,0,0,,,0,0,,
RECLAIM-V2-006560,C00118,RETRY_ALL,0,0,,,0,0,,
RECLAIM-V2-006561,C00450,RETRY_ALL,0,0,,,0,0,,
RECLAIM-V2-006562,C00612,RETRY_ALL,0,0,,,0,0,,
RECLAIM-V2-006563,C00069,RETRY_ALL,0,0,,,0,0,,
RECLAIM-V2-006564,C00517,RETRY_ALL,0,0,,,0,0,,
RECLAIM-V2-006565,C00268,RETRY_ALL,0,0,,,0,0,,
RECLAIM-V2-006566,C00446,RETRY_ALL,0,0,,,0,0,,
RECLAIM-V2-006567,C00673,RETRY_ALL,0,0,,,0,0,,
RECLAIM-V2-006568,C00244,RETRY_ALL,0,0,,,0,0,,
RECLAIM-V2-006569,C00555,RETRY_ALL,0,0,,,0,0,,
RECLAIM-V2-006570,C00109,RETRY_ALL,0,0,,,0,0,,
RECLAIM-V2-006571,C00570,RETRY_ALL,0,0,,,0,0,,
RECLAIM-V2-006572,C00180,RETRY_ALL,0,0,,,0,0,,
RECLAIM-V2-006573,C00418,RETRY_ALL,0,0,,,0,0,,
RECLAIM-V2-006574,C00585,RETRY_ALL,0,0,,,0,0,,
RECLAIM-V2-006575,C00642,RETRY_ALL,0,0,,,0,0,,
RECLAIM-V2-006576,C00816,RETRY_ALL,0,0,,,0,0,,
RECLAIM-V2-006577,C00834,RETRY_ALL,0,0,,,0,0,,
RECLAIM-V2-006578,C00601,RETRY_ALL,0,0,,,0,0,,
RECLAIM-V2-006579,C00643,RETRY_ALL,0,0,,,0,0,,
RECLAIM-V2-006580,C00492,RETRY_ALL,0,0,,,0,0,,
RECLAIM-V2-006581,C00295,RETRY_ALL,0,0,,,0,0,,
RECLAIM-V2-006582,C00070,RETRY_ALL,0,0,,,0,0,,
RECLAIM-V2-006583,C00378,TARGET,1,0,,,0,0,,
RECLAIM-V2-006584,C00110,RETRY_ALL,0,0,,,0,0,,
RECLAIM-V2-006585,C00458,RETRY_ALL,0,0,,,0,0,,
RECLAIM-V2-006586,C00931,RETRY_ALL,0,0,,,0,0,,
RECLAIM-V2-006587,C00834,RETRY_ALL,0,0,,,0,0,,
RECLAIM-V2-006588,C00232,RETRY_ALL,0,0,,,0,0,,
RECLAIM-V2-006589,C00921,RETRY_ALL,0,0,,,0,0,,
RECLAIM-V2-006590,C00347,RETRY_ALL,0,0,,,0,0,,
RECLAIM-V2-006591,C00674,RETRY_ALL,0,0,,,0,0,,
RECLAIM-V2-006592,C00739,TARGET,1,0,,,0,0,,
RECLAIM-V2-006593,C00482,RETRY_ALL,0,0,,,0,0,,
RECLAIM-V2-006594,C00886,RETRY_ALL,0,0,,,0,0,,
RECLAIM-V2-006595,C00241,RETRY_ALL,0,0,,,0,0,,
RECLAIM-V2-006596,C00612,RETRY_ALL,0,0,,,0,0,,
RECLAIM-V2-006597,C00653,RETRY_ALL,0,0,,,0,0,,
RECLAIM-V2-006598,C00064,RETRY_ALL,0,0,,,0,0,,
RECLAIM-V2-006599,C00929,RETRY_ALL,0,0,,,0,0,,
RECLAIM-V2-006600,C00166,RETRY_ALL,0,0,,,0,0,,
RECLAIM-V2-006601,C00138,RETRY_ALL,0,0,,,0,0,,
RECLAIM-V2-006602,C00139,RETRY_ALL,0,0,,,0,0,,
RECLAIM-V2-006603,C00586,RETRY_ALL,0,0,,,0,0,,
RECLAIM-V2-006604,C00418,RETRY_ALL,0,0,,,0,0,,
RECLAIM-V2-006605,C00003,RETRY_ALL,0,0,,,0,0,,
RECLAIM-V2-006606,C00988,RETRY_ALL,0,0,,,0,0,,
RECLAIM-V2-006607,C00089,RETRY_ALL,0,0,,,0,0,,
RECLAIM-V2-006608,C00482,RETRY_ALL,0,0,,,0,0,,
RECLAIM-V2-006609,C00625,TARGET,1,0,,,0,0,,
RECLAIM-V2-006610,C00610,RETRY_ALL,0,0,,,0,0,,
RECLAIM-V2-006611,C00727,RETRY_ALL,0,0,,,0,0,,
RECLAIM-V2-006612,C00997,RETRY_ALL,0,0,,,0,0,,
RECLAIM-V2-006613,C00594,RETRY_ALL,0,0,,,0,0,,
RECLAIM-V2-006614,C00451,RETRY_ALL,0,0,,,0,0,,
RECLAIM-V2-006615,C00669,RETRY_ALL,0,0,,,0,0,,
RECLAIM-V2-006616,C00696,RETRY_ALL,0,0,,,0,0,,
RECLAIM-V2-006617,C00271,RETRY_ALL,0,0,,,0,0,,
RECLAIM-V2-006618,C00899,RETRY_ALL,0,0,,,0,0,,
RECLAIM-V2-006619,C00131,RETRY_ALL,0,0,,,0,0,,
RECLAIM-V2-006620,C00098,RETRY_ALL,0,0,,,0,0,,
RECLAIM-V2-006621,C00170,RETRY_ALL,0,0,,,0,0,,
RECLAIM-V2-006622,C00901,RETRY_ALL,0,0,,,0,0,,
RECLAIM-V2-006623,C00344,RETRY_ALL,0,0,,,0,0,,
RECLAIM-V2-006624,C00226,RETRY_ALL,0,0,,,0,0,,
RECLAIM-V2-006625,C00418,RETRY_ALL,0,0,,,0,0,,
RECLAIM-V2-006626,C00687,RETRY_ALL,0,0,,,0,0,,
RECLAIM-V2-006627,C00147,RETRY_ALL,0,0,,,0,0,,
RECLAIM-V2-006628,C00500,RETRY_ALL,0,0,,,0,0,,
RECLAIM-V2-006629,C00834,RETRY_ALL,0,0,,,0,0,,
RECLAIM-V2-006630,C00931,RETRY_ALL,0,0,,,0,0,,
RECLAIM-V2-006631,C00897,RETRY_ALL,0,0,,,0,0,,
RECLAIM-V2-006632,C00427,RETRY_ALL,0,0,,,0,0,,
RECLAIM-V2-006633,C00624,RETRY_ALL,0,0,,,0,0,,
RECLAIM-V2-006634,C00604,RETRY_ALL,0,0,,,0,0,,
RECLAIM-V2-006635,C00241,RETRY_ALL,0,0,,,0,0,,
RECLAIM-V2-006636,C00238,RETRY_ALL,0,0,,,0,0,,
RECLAIM-V2-006637,C00863,RETRY_ALL,0,0,,,0,0,,
RECLAIM-V2-006638,C00669,RETRY_ALL,0,0,,,0,0,,
RECLAIM-V2-006639,C00315,RETRY_ALL,0,0,,,0,0,,
RECLAIM-V2-006640,C00961,RETRY_ALL,0,0,,,0,0,,
RECLAIM-V2-006641,C00117,RETRY_ALL,0,0,,,0,0,,
RECLAIM-V2-006642,C00663,TARGET,1,0,,,0,0,,
RECLAIM-V2-006643,C00500,RETRY_ALL,0,0,,,0,0,,
RECLAIM-V2-006644,C00244,RETRY_ALL,0,0,,,0,0,,
RECLAIM-V2-006645,C00113,RETRY_ALL,0,0,,,0,0,,
RECLAIM-V2-006646,C00673,RETRY_ALL,0,0,,,0,0,,
RECLAIM-V2-006647,C00851,RETRY_ALL,0,0,,,0,0,,
RECLAIM-V2-006648,C00347,RETRY_ALL,0,0,,,0,0,,
RECLAIM-V2-006649,C00339,RETRY_ALL,0,0,,,0,0,,
RECLAIM-V2-006650,C00156,RETRY_ALL,0,0,,,0,0,,
RECLAIM-V2-006651,C00625,TARGET,1,0,,,0,0,,
RECLAIM-V2-006652,C00931,RETRY_ALL,0,0,,,0,0,,
RECLAIM-V2-006653,C00586,RETRY_ALL,0,0,,,0,0,,
RECLAIM-V2-006654,C00894,RETRY_ALL,0,0,,,0,0,,
RECLAIM-V2-006655,C00291,TARGET,1,0,,,0,0,,
RECLAIM-V2-006656,C00451,RETRY_ALL,0,0,,,0,0,,
RECLAIM-V2-006657,C00563,RETRY_ALL,0,0,,,0,0,,
RECLAIM-V2-006658,C00929,RETRY_ALL,0,0,,,0,0,,
RECLAIM-V2-006659,C00894,RETRY_ALL,0,0,,,0,0,,
RECLAIM-V2-006660,C00238,RETRY_ALL,0,0,,,0,0,,
RECLAIM-V2-006661,C00611,RETRY_ALL,0,0,,,0,0,,
RECLAIM-V2-006662,C00789,RETRY_ALL,0,0,,,0,0,,
RECLAIM-V2-006663,C00676,RETRY_ALL,0,0,,,0,0,,
RECLAIM-V2-006664,C00790,RETRY_ALL,0,0,,,0,0,,
RECLAIM-V2-006665,C00906,RETRY_ALL,0,0,,,0,0,,
RECLAIM-V2-006666,C00955,RETRY_ALL,0,0,,,0,0,,
RECLAIM-V2-006667,C00140,RETRY_ALL,0,0,,,0,0,,
RECLAIM-V2-006668,C00734,RETRY_ALL,0,0,,,0,0,,
RECLAIM-V2-006669,C00438,RETRY_ALL,0,0,,,0,0,,
RECLAIM-V2-006670,C00687,RETRY_ALL,0,0,,,0,0,,
RECLAIM-V2-006671,C00571,RETRY_ALL,0,0,,,0,0,,
RECLAIM-V2-006672,C00649,RETRY_ALL,0,0,,,0,0,,
RECLAIM-V2-006673,C00480,RETRY_ALL,0,0,,,0,0,,
RECLAIM-V2-006674,C00945,RETRY_ALL,0,0,,,0,0,,
RECLAIM-V2-006675,C00378,TARGET,1,0,,,0,0,,
RECLAIM-V2-006676,C00708,RETRY_ALL,0,0,,,0,0,,
RECLAIM-V2-006677,C00372,RETRY_ALL,0,0,,,0,0,,
RECLAIM-V2-006678,C00577,RETRY_ALL,0,0,,,0,0,,
RECLAIM-V2-006679,C00542,RETRY_ALL,0,0,,,0,0,,
RECLAIM-V2-006680,C00360,RETRY_ALL,0,0,,,0,0,,
RECLAIM-V2-006681,C00270,RETRY_ALL,0,0,,,0,0,,
RECLAIM-V2-006682,C00228,RETRY_ALL,0,0,,,0,0,,
RECLAIM-V2-006683,C00487,RETRY_ALL,0,0,,,0,0,,
RECLAIM-V2-006684,C00795,RETRY_ALL,0,0,,,0,0,,
RECLAIM-V2-006685,C00315,RETRY_ALL,0,0,,,0,0,,
RECLAIM-V2-006686,C00305,RETRY_ALL,0,0,,,0,0,,
RECLAIM-V2-006687,C00110,RETRY_ALL,0,0,,,0,0,,
RECLAIM-V2-006688,C00574,RETRY_ALL,0,0,,,0,0,,
RECLAIM-V2-006689,C00601,RETRY_ALL,0,0,,,0,0,,
RECLAIM-V2-006690,C00401,RETRY_ALL,0,0,,,0,0,,
RECLAIM-V2-006691,C00210,RETRY_ALL,0,0,,,0,0,,
RECLAIM-V2-006692,C00142,RETRY_ALL,0,0,,,0,0,,
RECLAIM-V2-006693,C00206,RETRY_ALL,0,0,,,0,0,,
RECLAIM-V2-006694,C00118,RETRY_ALL,0,0,,,0,0,,
RECLAIM-V2-006695,C00696,RETRY_ALL,0,0,,,0,0,,
RECLAIM-V2-006696,C00935,TARGET,1,0,,,0,0,,
RECLAIM-V2-006697,C00397,TARGET,1,0,,,0,0,,
RECLAIM-V2-006698,C00598,RETRY_ALL,0,0,,,0,0,,
RECLAIM-V2-006699,C00979,RETRY_ALL,0,0,,,0,0,,
RECLAIM-V2-006700,C00707,RETRY_ALL,0,0,,,0,0,,
RECLAIM-V2-006701,C00138,RETRY_ALL,0,0,,,0,0,,
RECLAIM-V2-006702,C00841,RETRY_ALL,0,0,,,0,0,,
RECLAIM-V2-006703,C00610,RETRY_ALL,0,0,,,0,0,,
RECLAIM-V2-006704,C00058,RETRY_ALL,0,0,,,0,0,,
RECLAIM-V2-006705,C00610,RETRY_ALL,0,0,,,0,0,,
RECLAIM-V2-006706,C00659,RETRY_ALL,0,0,,,0,0,,
RECLAIM-V2-006707,C00994,RETRY_ALL,0,0,,,0,0,,
RECLAIM-V2-006708,C00270,RETRY_ALL,0,0,,,0,0,,
RECLAIM-V2-006709,C00516,RETRY_ALL,0,0,,,0,0,,
RECLAIM-V2-006710,C00233,RETRY_ALL,0,0,,,0,0,,
RECLAIM-V2-006711,C00352,RETRY_ALL,0,0,,,0,0,,
RECLAIM-V2-006712,C00577,RETRY_ALL,0,0,,,0,0,,
RECLAIM-V2-006713,C00418,RETRY_ALL,0,0,,,0,0,,
RECLAIM-V2-006714,C00779,RETRY_ALL,0,0,,,0,0,,
RECLAIM-V2-006715,C00770,RETRY_ALL,0,0,,,0,0,,
RECLAIM-V2-006716,C00945,RETRY_ALL,0,0,,,0,0,,
RECLAIM-V2-006717,C00081,RETRY_ALL,0,0,,,0,0,,
RECLAIM-V2-006718,C00205,RETRY_ALL,0,0,,,0,0,,
RECLAIM-V2-006719,C00088,RETRY_ALL,0,0,,,0,0,,
RECLAIM-V2-006720,C00497,RETRY_ALL,0,0,,,0,0,,
RECLAIM-V2-006721,C00401,RETRY_ALL,0,0,,,0,0,,
RECLAIM-V2-006722,C00795,RETRY_ALL,0,0,,,0,0,,
RECLAIM-V2-006723,C00449,RETRY_ALL,0,0,,,0,0,,
RECLAIM-V2-006724,C00186,RETRY_ALL,0,0,,,0,0,,
RECLAIM-V2-006725,C00629,RETRY_ALL,0,0,,,0,0,,
RECLAIM-V2-006726,C00221,RETRY_ALL,0,0,,,0,0,,
RECLAIM-V2-006727,C00841,RETRY_ALL,0,0,,,0,0,,
RECLAIM-V2-006728,C00279,TARGET,1,0,,,0,0,,
RECLAIM-V2-006729,C00702,RETRY_ALL,0,0,,,0,0,,
RECLAIM-V2-006730,C00931,RETRY_ALL,0,0,,,0,0,,
RECLAIM-V2-006731,C00929,RETRY_ALL,0,0,,,0,0,,
RECLAIM-V2-006732,C00307,RETRY_ALL,0,0,,,0,0,,
RECLAIM-V2-006733,C00460,RETRY_ALL,0,0,,,0,0,,
RECLAIM-V2-006734,C00352,RETRY_ALL,0,0,,,0,0,,
RECLAIM-V2-006735,C00227,RETRY_ALL,0,0,,,0,0,,
RECLAIM-V2-006736,C00616,RETRY_ALL,0,0,,,0,0,,
RECLAIM-V2-006737,C00487,RETRY_ALL,0,0,,,0,0,,
RECLAIM-V2-006738,C00005,TARGET,1,0,,,0,0,,
RECLAIM-V2-006739,C00348,RETRY_ALL,0,0,,,0,0,,
RECLAIM-V2-006740,C00005,RETRY_ALL,0,0,,,0,0,,
RECLAIM-V2-006741,C00352,RETRY_ALL,0,0,,,0,0,,
RECLAIM-V2-006742,C00086,RETRY_ALL,0,0,,,0,0,,
RECLAIM-V2-006743,C00233,RETRY_ALL,0,0,,,0,0,,
RECLAIM-V2-006744,C00517,RETRY_ALL,0,0,,,0,0,,
RECLAIM-V2-006745,C00931,RETRY_ALL,0,0,,,0,0,,
RECLAIM-V2-006746,C00096,RETRY_ALL,0,0,,,0,0,,
RECLAIM-V2-006747,C00438,RETRY_ALL,0,0,,,0,0,,
RECLAIM-V2-006748,C00287,RETRY_ALL,0,0,,,0,0,,
RECLAIM-V2-006749,C00758,RETRY_ALL,0,0,,,0,0,,
RECLAIM-V2-006750,C00401,RETRY_ALL,0,0,,,0,0,,
RECLAIM-V2-006751,C00573,RETRY_ALL,0,0,,,0,0,,
RECLAIM-V2-006752,C00643,RETRY_ALL,0,0,,,0,0,,
RECLAIM-V2-006753,C00942,RETRY_ALL,0,0,,,0,0,,
RECLAIM-V2-006754,C00727,RETRY_ALL,0,0,,,0,0,,
RECLAIM-V2-006755,C00736,RETRY_ALL,0,0,,,0,0,,
RECLAIM-V2-006756,C00680,RETRY_ALL,0,0,,,0,0,,
RECLAIM-V2-006757,C00554,RETRY_ALL,0,0,,,0,0,,
RECLAIM-V2-006758,C00506,RETRY_ALL,0,0,,,0,0,,
RECLAIM-V2-006759,C00174,RETRY_ALL,0,0,,,0,0,,
RECLAIM-V2-006760,C00820,RETRY_ALL,0,0,,,0,0,,
RECLAIM-V2-006761,C00368,RETRY_ALL,0,0,,,0,0,,
RECLAIM-V2-006762,C00435,RETRY_ALL,0,0,,,0,0,,
RECLAIM-V2-006763,C00193,RETRY_ALL,0,0,,,0,0,,
RECLAIM-V2-006764,C00899,RETRY_ALL,0,0,,,0,0,,
RECLAIM-V2-006765,C00315,RETRY_ALL,0,0,,,0,0,,
RECLAIM-V2-006766,C00571,RETRY_ALL,0,0,,,0,0,,
RECLAIM-V2-006767,C00608,RETRY_ALL,0,0,,,0,0,,
RECLAIM-V2-006768,C00537,RETRY_ALL,0,0,,,0,0,,
RECLAIM-V2-006769,C00492,RETRY_ALL,0,0,,,0,0,,
RECLAIM-V2-006770,C00126,RETRY_ALL,0,0,,,0,0,,
RECLAIM-V2-006771,C00573,RETRY_ALL,0,0,,,0,0,,
RECLAIM-V2-006772,C00936,RETRY_ALL,0,0,,,0,0,,
RECLAIM-V2-006773,C00441,RETRY_ALL,0,0,,,0,0,,
RECLAIM-V2-006774,C00604,RETRY_ALL,0,0,,,0,0,,
RECLAIM-V2-006775,C00112,RETRY_ALL,0,0,,,0,0,,
RECLAIM-V2-006776,C00196,RETRY_ALL,0,0,,,0,0,,
RECLAIM-V2-006777,C00413,RETRY_ALL,0,0,,,0,0,,
RECLAIM-V2-006778,C00601,RETRY_ALL,0,0,,,0,0,,
RECLAIM-V2-006779,C00418,RETRY_ALL,0,0,,,0,0,,
RECLAIM-V2-006780,C00747,RETRY_ALL,0,0,,,0,0,,
RECLAIM-V2-006781,C00315,RETRY_ALL,0,0,,,0,0,,
RECLAIM-V2-006782,C00551,RETRY_ALL,0,0,,,0,0,,
RECLAIM-V2-006783,C00372,RETRY_ALL,0,0,,,0,0,,
RECLAIM-V2-006784,C00445,RETRY_ALL,0,0,,,0,0,,
RECLAIM-V2-006785,C00132,RETRY_ALL,0,0,,,0,0,,
RECLAIM-V2-006786,C00305,RETRY_ALL,0,0,,,0,0,,
RECLAIM-V2-006787,C00347,RETRY_ALL,0,0,,,0,0,,
RECLAIM-V2-006788,C00037,RETRY_ALL,0,0,,,0,0,,
RECLAIM-V2-006789,C00451,RETRY_ALL,0,0,,,0,0,,
RECLAIM-V2-006790,C00691,RETRY_ALL,0,0,,,0,0,,
RECLAIM-V2-006791,C00022,RETRY_ALL,0,0,,,0,0,,
RECLAIM-V2-006792,C00980,RETRY_ALL,0,0,,,0,0,,
RECLAIM-V2-006793,C00435,RETRY_ALL,0,0,,,0,0,,
RECLAIM-V2-006794,C00977,RETRY_ALL,0,0,,,0,0,,
RECLAIM-V2-006795,C00043,RETRY_ALL,0,0,,,0,0,,
RECLAIM-V2-006796,C00053,RETRY_ALL,0,0,,,0,0,,
RECLAIM-V2-006797,C00189,RETRY_ALL,0,0,,,0,0,,
RECLAIM-V2-006798,C00500,RETRY_ALL,0,0,,,0,0,,
RECLAIM-V2-006799,C00889,RETRY_ALL,0,0,,,0,0,,
RECLAIM-V2-006800,C00487,RETRY_ALL,0,0,,,0,0,,
RECLAIM-V2-006801,C00973,RETRY_ALL,0,0,,,0,0,,
RECLAIM-V2-006802,C00268,RETRY_ALL,0,0,,,0,0,,
RECLAIM-V2-006803,C00438,RETRY_ALL,0,0,,,0,0,,
RECLAIM-V2-006804,C00573,RETRY_ALL,0,0,,,0,0,,
RECLAIM-V2-006805,C00205,RETRY_ALL,0,0,,,0,0,,
RECLAIM-V2-006806,C00999,RETRY_ALL,0,0,,,0,0,,
RECLAIM-V2-006807,C00270,RETRY_ALL,0,0,,,0,0,,
RECLAIM-V2-006808,C00894,RETRY_ALL,0,0,,,0,0,,
RECLAIM-V2-006809,C00296,RETRY_ALL,0,0,,,0,0,,
RECLAIM-V2-006810,C00427,RETRY_ALL,0,0,,,0,0,,
RECLAIM-V2-006811,C00500,RETRY_ALL,0,0,,,0,0,,
RECLAIM-V2-006812,C00973,RETRY_ALL,0,0,,,0,0,,
RECLAIM-V2-006813,C00352,RETRY_ALL,0,0,,,0,0,,
RECLAIM-V2-006814,C00619,TARGET,1,0,,,0,0,,
RECLAIM-V2-006815,C00500,RETRY_ALL,0,0,,,0,0,,
RECLAIM-V2-006816,C00174,RETRY_ALL,0,0,,,0,0,,
RECLAIM-V2-006817,C00931,RETRY_ALL,0,0,,,0,0,,
RECLAIM-V2-006818,C00981,RETRY_ALL,0,0,,,0,0,,
RECLAIM-V2-006819,C00517,RETRY_ALL,0,0,,,0,0,,
RECLAIM-V2-006820,C00627,RETRY_ALL,0,0,,,0,0,,
RECLAIM-V2-006821,C00020,RETRY_ALL,0,0,,,0,0,,
RECLAIM-V2-006822,C00168,RETRY_ALL,0,0,,,0,0,,
RECLAIM-V2-006823,C00997,RETRY_ALL,0,0,,,0,0,,
RECLAIM-V2-006824,C00174,RETRY_ALL,0,0,,,0,0,,
RECLAIM-V2-006825,C00392,RETRY_ALL,0,0,,,0,0,,
RECLAIM-V2-006826,C00445,RETRY_ALL,0,0,,,0,0,,
RECLAIM-V2-006827,C00702,RETRY_ALL,0,0,,,0,0,,
RECLAIM-V2-006828,C00140,RETRY_ALL,0,0,,,0,0,,
RECLAIM-V2-006829,C00352,RETRY_ALL,0,0,,,0,0,,
RECLAIM-V2-006830,C00214,RETRY_ALL,0,0,,,0,0,,
RECLAIM-V2-006831,C00635,RETRY_ALL,0,0,,,0,0,,
RECLAIM-V2-006832,C00201,RETRY_ALL,0,0,,,0,0,,
RECLAIM-V2-006833,C00736,RETRY_ALL,0,0,,,0,0,,
RECLAIM-V2-006834,C00945,RETRY_ALL,0,0,,,0,0,,
RECLAIM-V2-006835,C00751,RETRY_ALL,0,0,,,0,0,,
RECLAIM-V2-006836,C00049,RETRY_ALL,0,0,,,0,0,,
RECLAIM-V2-006837,C00937,RETRY_ALL,0,0,,,0,0,,
RECLAIM-V2-006838,C00931,RETRY_ALL,0,0,,,0,0,,
RECLAIM-V2-006839,C00622,RETRY_ALL,0,0,,,0,0,,
RECLAIM-V2-006840,C00601,RETRY_ALL,0,0,,,0,0,,
RECLAIM-V2-006841,C00179,RETRY_ALL,0,0,,,0,0,,
RECLAIM-V2-006842,C00999,RETRY_ALL,0,0,,,0,0,,
RECLAIM-V2-006843,C00294,RETRY_ALL,0,0,,,0,0,,
RECLAIM-V2-006844,C00779,RETRY_ALL,0,0,,,0,0,,
RECLAIM-V2-006845,C00855,RETRY_ALL,0,0,,,0,0,,
RECLAIM-V2-006846,C00695,RETRY_ALL,0,0,,,0,0,,
RECLAIM-V2-006847,C00073,RETRY_ALL,0,0,,,0,0,,
RECLAIM-V2-006848,C00669,RETRY_ALL,0,0,,,0,0,,
RECLAIM-V2-006849,C00550,TARGET,1,0,,,0,0,,
RECLAIM-V2-006850,C00485,RETRY_ALL,0,0,,,0,0,,
RECLAIM-V2-006851,C00124,RETRY_ALL,0,0,,,0,0,,
RECLAIM-V2-006852,C00563,RETRY_ALL,0,0,,,0,0,,
RECLAIM-V2-006853,C00073,RETRY_ALL,0,0,,,0,0,,
RECLAIM-V2-006854,C00642,RETRY_ALL,0,0,,,0,0,,
RECLAIM-V2-006855,C00919,RETRY_ALL,0,0,,,0,0,,
RECLAIM-V2-006856,C00518,RETRY_ALL,0,0,,,0,0,,
RECLAIM-V2-006857,C00736,RETRY_ALL,0,0,,,0,0,,
RECLAIM-V2-006858,C00584,RETRY_ALL,0,0,,,0,0,,
RECLAIM-V2-006859,C00502,RETRY_ALL,0,0,,,0,0,,
RECLAIM-V2-006860,C00610,RETRY_ALL,0,0,,,0,0,,
RECLAIM-V2-006861,C00365,RETRY_ALL,0,0,,,0,0,,
RECLAIM-V2-006862,C00418,RETRY_ALL,0,0,,,0,0,,
RECLAIM-V2-006863,C00590,RETRY_ALL,0,0,,,0,0,,
RECLAIM-V2-006864,C00842,RETRY_ALL,0,0,,,0,0,,
RECLAIM-V2-006865,C00942,RETRY_ALL,0,0,,,0,0,,
RECLAIM-V2-006866,C00395,RETRY_ALL,0,0,,,0,0,,
RECLAIM-V2-006867,C00126,RETRY_ALL,0,0,,,0,0,,
RECLAIM-V2-006868,C00352,RETRY_ALL,0,0,,,0,0,,
RECLAIM-V2-006869,C00979,RETRY_ALL,0,0,,,0,0,,
RECLAIM-V2-006870,C00779,RETRY_ALL,0,0,,,0,0,,
RECLAIM-V2-006871,C00012,RETRY_ALL,0,0,,,0,0,,
RECLAIM-V2-006872,C00955,RETRY_ALL,0,0,,,0,0,,
RECLAIM-V2-006873,C00979,RETRY_ALL,0,0,,,0,0,,
RECLAIM-V2-006874,C00318,RETRY_ALL,0,0,,,0,0,,
RECLAIM-V2-006875,C00417,RETRY_ALL,0,0,,,0,0,,
RECLAIM-V2-006876,C00012,RETRY_ALL,0,0,,,0,0,,
RECLAIM-V2-006877,C00173,RETRY_ALL,0,0,,,0,0,,
RECLAIM-V2-006878,C00401,RETRY_ALL,0,0,,,0,0,,
RECLAIM-V2-006879,C00271,RETRY_ALL,0,0,,,0,0,,
RECLAIM-V2-006880,C00426,RETRY_ALL,0,0,,,0,0,,
RECLAIM-V2-006881,C00733,RETRY_ALL,0,0,,,0,0,,
RECLAIM-V2-006882,C00069,RETRY_ALL,0,0,,,0,0,,
RECLAIM-V2-006883,C00102,RETRY_ALL,0,0,,,0,0,,
RECLAIM-V2-006884,C00708,RETRY_ALL,0,0,,,0,0,,
RECLAIM-V2-006885,C00627,RETRY_ALL,0,0,,,0,0,,
RECLAIM-V2-006886,C00378,RETRY_ALL,0,0,,,0,0,,
RECLAIM-V2-006887,C00107,RETRY_ALL,0,0,,,0,0,,
RECLAIM-V2-006888,C00889,RETRY_ALL,0,0,,,0,0,,
RECLAIM-V2-006889,C00899,RETRY_ALL,0,0,,,0,0,,
RECLAIM-V2-006890,C00384,RETRY_ALL,0,0,,,0,0,,
RECLAIM-V2-006891,C00986,RETRY_ALL,0,0,,,0,0,,
RECLAIM-V2-006892,C00842,RETRY_ALL,0,0,,,0,0,,
RECLAIM-V2-006893,C00015,RETRY_ALL,0,0,,,0,0,,
RECLAIM-V2-006894,C00908,RETRY_ALL,0,0,,,0,0,,
RECLAIM-V2-006895,C00909,RETRY_ALL,0,0,,,0,0,,
RECLAIM-V2-006896,C00003,RETRY_ALL,0,0,,,0,0,,
RECLAIM-V2-006897,C00497,RETRY_ALL,0,0,,,0,0,,
RECLAIM-V2-006898,C00429,RETRY_ALL,0,0,,,0,0,,
RECLAIM-V2-006899,C00391,RETRY_ALL,0,0,,,0,0,,
RECLAIM-V2-006900,C00216,TARGET,1,0,,,0,0,,
RECLAIM-V2-006901,C00441,RETRY_ALL,0,0,,,0,0,,
RECLAIM-V2-006902,C00193,RETRY_ALL,0,0,,,0,0,,
RECLAIM-V2-006903,C00585,RETRY_ALL,0,0,,,0,0,,
RECLAIM-V2-006904,C00758,RETRY_ALL,0,0,,,0,0,,
RECLAIM-V2-006905,C00174,RETRY_ALL,0,0,,,0,0,,
RECLAIM-V2-006906,C00131,RETRY_ALL,0,0,,,0,0,,
RECLAIM-V2-006907,C00223,RETRY_ALL,0,0,,,0,0,,
RECLAIM-V2-006908,C00318,RETRY_ALL,0,0,,,0,0,,
RECLAIM-V2-006909,C00196,RETRY_ALL,0,0,,,0,0,,
RECLAIM-V2-006910,C00344,RETRY_ALL,0,0,,,0,0,,
RECLAIM-V2-006911,C00795,RETRY_ALL,0,0,,,0,0,,
RECLAIM-V2-006912,C00221,RETRY_ALL,0,0,,,0,0,,
RECLAIM-V2-006913,C00372,RETRY_ALL,0,0,,,0,0,,
RECLAIM-V2-006914,C00918,RETRY_ALL,0,0,,,0,0,,
RECLAIM-V2-006915,C00378,TARGET,1,0,,,0,0,,
RECLAIM-V2-006916,C00695,RETRY_ALL,0,0,,,0,0,,
RECLAIM-V2-006917,C00663,TARGET,1,0,,,0,0,,
RECLAIM-V2-006918,C00537,RETRY_ALL,0,0,,,0,0,,
RECLAIM-V2-006919,C00182,RETRY_ALL,0,0,,,0,0,,
RECLAIM-V2-006920,C00571,RETRY_ALL,0,0,,,0,0,,
RECLAIM-V2-006921,C00832,RETRY_ALL,0,0,,,0,0,,
RECLAIM-V2-006922,C00271,RETRY_ALL,0,0,,,0,0,,
RECLAIM-V2-006923,C00449,RETRY_ALL,0,0,,,0,0,,
RECLAIM-V2-006924,C00524,RETRY_ALL,0,0,,,0,0,,
RECLAIM-V2-006925,C00680,TARGET,1,0,,,0,0,,
RECLAIM-V2-006926,C00249,RETRY_ALL,0,0,,,0,0,,
RECLAIM-V2-006927,C00037,RETRY_ALL,0,0,,,0,0,,
RECLAIM-V2-006928,C00348,RETRY_ALL,0,0,,,0,0,,
RECLAIM-V2-006929,C00344,RETRY_ALL,0,0,,,0,0,,
RECLAIM-V2-006930,C00131,RETRY_ALL,0,0,,,0,0,,
RECLAIM-V2-006931,C00712,RETRY_ALL,0,0,,,0,0,,
RECLAIM-V2-006932,C00627,RETRY_ALL,0,0,,,0,0,,
RECLAIM-V2-006933,C00977,RETRY_ALL,0,0,,,0,0,,
RECLAIM-V2-006934,C00547,RETRY_ALL,0,0,,,0,0,,
RECLAIM-V2-006935,C00459,TARGET,1,0,,,0,0,,
RECLAIM-V2-006936,C00758,RETRY_ALL,0,0,,,0,0,,
RECLAIM-V2-006937,C00727,RETRY_ALL,0,0,,,0,0,,
RECLAIM-V2-006938,C00906,RETRY_ALL,0,0,,,0,0,,
RECLAIM-V2-006939,C00945,RETRY_ALL,0,0,,,0,0,,
RECLAIM-V2-006940,C00646,RETRY_ALL,0,0,,,0,0,,
RECLAIM-V2-006941,C00218,RETRY_ALL,0,0,,,0,0,,
RECLAIM-V2-006942,C00687,RETRY_ALL,0,0,,,0,0,,
RECLAIM-V2-006943,C00616,RETRY_ALL,0,0,,,0,0,,
RECLAIM-V2-006944,C00451,RETRY_ALL,0,0,,,0,0,,
RECLAIM-V2-006945,C00393,RETRY_ALL,0,0,,,0,0,,
RECLAIM-V2-006946,C00534,RETRY_ALL,0,0,,,0,0,,
RECLAIM-V2-006947,C00493,RETRY_ALL,0,0,,,0,0,,
RECLAIM-V2-006948,C00451,RETRY_ALL,0,0,,,0,0,,
RECLAIM-V2-006949,C00132,RETRY_ALL,0,0,,,0,0,,
RECLAIM-V2-006950,C00053,RETRY_ALL,0,0,,,0,0,,
RECLAIM-V2-006951,C00329,RETRY_ALL,0,0,,,0,0,,
RECLAIM-V2-006952,C00834,RETRY_ALL,0,0,,,0,0,,
RECLAIM-V2-006953,C00764,RETRY_ALL,0,0,,,0,0,,
RECLAIM-V2-006954,C00872,RETRY_ALL,0,0,,,0,0,,
RECLAIM-V2-006955,C00908,RETRY_ALL,0,0,,,0,0,,
RECLAIM-V2-006956,C00294,RETRY_ALL,0,0,,,0,0,,
RECLAIM-V2-006957,C00187,TARGET,1,0,,,0,0,,
RECLAIM-V2-006958,C00438,RETRY_ALL,0,0,,,0,0,,
RECLAIM-V2-006959,C00192,RETRY_ALL,0,0,,,0,0,,
RECLAIM-V2-006960,C00899,RETRY_ALL,0,0,,,0,0,,
RECLAIM-V2-006961,C00622,RETRY_ALL,0,0,,,0,0,,
RECLAIM-V2-006962,C00096,RETRY_ALL,0,0,,,0,0,,
RECLAIM-V2-006963,C00646,RETRY_ALL,0,0,,,0,0,,
RECLAIM-V2-006964,C00762,RETRY_ALL,0,0,,,0,0,,
RECLAIM-V2-006965,C00289,RETRY_ALL,0,0,,,0,0,,
RECLAIM-V2-006966,C00649,RETRY_ALL,0,0,,,0,0,,
RECLAIM-V2-006967,C00122,RETRY_ALL,0,0,,,0,0,,
RECLAIM-V2-006968,C00035,RETRY_ALL,0,0,,,0,0,,
RECLAIM-V2-006969,C00643,RETRY_ALL,0,0,,,0,0,,
RECLAIM-V2-006970,C00435,RETRY_ALL,0,0,,,0,0,,
RECLAIM-V2-006971,C00547,RETRY_ALL,0,0,,,0,0,,
RECLAIM-V2-006972,C00388,RETRY_ALL,0,0,,,0,0,,
RECLAIM-V2-006973,C00751,RETRY_ALL,0,0,,,0,0,,
RECLAIM-V2-006974,C00809,RETRY_ALL,0,0,,,0,0,,
RECLAIM-V2-006975,C00445,RETRY_ALL,0,0,,,0,0,,
RECLAIM-V2-006976,C00416,RETRY_ALL,0,0,,,0,0,,
RECLAIM-V2-006977,C00585,RETRY_ALL,0,0,,,0,0,,
RECLAIM-V2-006978,C00426,RETRY_ALL,0,0,,,0,0,,
RECLAIM-V2-006979,C00485,RETRY_ALL,0,0,,,0,0,,
RECLAIM-V2-006980,C00942,RETRY_ALL,0,0,,,0,0,,
RECLAIM-V2-006981,C00199,RETRY_ALL,0,0,,,0,0,,
RECLAIM-V2-006982,C00691,RETRY_ALL,0,0,,,0,0,,
RECLAIM-V2-006983,C00847,RETRY_ALL,0,0,,,0,0,,
RECLAIM-V2-006984,C00652,RETRY_ALL,0,0,,,0,0,,
RECLAIM-V2-006985,C00140,RETRY_ALL,0,0,,,0,0,,
RECLAIM-V2-006986,C00681,RETRY_ALL,0,0,,,0,0,,
RECLAIM-V2-006987,C00024,RETRY_ALL,0,0,,,0,0,,
RECLAIM-V2-006988,C00488,RETRY_ALL,0,0,,,0,0,,
RECLAIM-V2-006989,C00497,RETRY_ALL,0,0,,,0,0,,
RECLAIM-V2-006990,C00126,RETRY_ALL,0,0,,,0,0,,
RECLAIM-V2-006991,C00687,RETRY_ALL,0,0,,,0,0,,
RECLAIM-V2-006992,C00041,RETRY_ALL,0,0,,,0,0,,
RECLAIM-V2-006993,C00157,RETRY_ALL,0,0,,,0,0,,
RECLAIM-V2-006994,C00097,RETRY_ALL,0,0,,,0,0,,
RECLAIM-V2-006995,C00527,RETRY_ALL,0,0,,,0,0,,
RECLAIM-V2-006996,C00687,RETRY_ALL,0,0,,,0,0,,
RECLAIM-V2-006997,C00254,TARGET,1,0,,,0,0,,
RECLAIM-V2-006998,C00041,RETRY_ALL,0,0,,,0,0,,
RECLAIM-V2-006999,C00138,RETRY_ALL,0,0,,,0,0,,
RECLAIM-V2-007000,C00542,RETRY_ALL,0,0,,,0,0,,
RECLAIM-V2-007001,C00326,RETRY_ALL,0,0,,,0,0,,
RECLAIM-V2-007002,C00659,RETRY_ALL,0,0,,,0,0,,
RECLAIM-V2-007003,C00571,RETRY_ALL,0,0,,,0,0,,
RECLAIM-V2-007004,C00907,RETRY_ALL,0,0,,,0,0,,
RECLAIM-V2-007005,C00326,RETRY_ALL,0,0,,,0,0,,
RECLAIM-V2-007006,C00563,RETRY_ALL,0,0,,,0,0,,
RECLAIM-V2-007007,C00221,RETRY_ALL,0,0,,,0,0,,
RECLAIM-V2-007008,C00986,RETRY_ALL,0,0,,,0,0,,
RECLAIM-V2-007009,C00230,RETRY_ALL,0,0,,,0,0,,
RECLAIM-V2-007010,C00293,RETRY_ALL,0,0,,,0,0,,
RECLAIM-V2-007011,C00446,RETRY_ALL,0,0,,,0,0,,
RECLAIM-V2-007012,C00034,RETRY_ALL,0,0,,,0,0,,
RECLAIM-V2-007013,C00762,RETRY_ALL,0,0,,,0,0,,
RECLAIM-V2-007014,C00460,RETRY_ALL,0,0,,,0,0,,
RECLAIM-V2-007015,C00966,RETRY_ALL,0,0,,,0,0,,
RECLAIM-V2-007016,C00918,RETRY_ALL,0,0,,,0,0,,
RECLAIM-V2-007017,C00459,TARGET,1,0,,,0,0,,
RECLAIM-V2-007018,C00096,RETRY_ALL,0,0,,,0,0,,
RECLAIM-V2-007019,C00847,RETRY_ALL,0,0,,,0,0,,
RECLAIM-V2-007020,C00413,RETRY_ALL,0,0,,,0,0,,
RECLAIM-V2-007021,C00904,RETRY_ALL,0,0,,,0,0,,
RECLAIM-V2-007022,C00240,RETRY_ALL,0,0,,,0,0,,
RECLAIM-V2-007023,C00977,RETRY_ALL,0,0,,,0,0,,
RECLAIM-V2-007024,C00884,TARGET,1,0,,,0,0,,
RECLAIM-V2-007025,C00999,RETRY_ALL,0,0,,,0,0,,
RECLAIM-V2-007026,C00043,RETRY_ALL,0,0,,,0,0,,
RECLAIM-V2-007027,C00117,RETRY_ALL,0,0,,,0,0,,
RECLAIM-V2-007028,C00156,RETRY_ALL,0,0,,,0,0,,
RECLAIM-V2-007029,C00875,RETRY_ALL,0,0,,,0,0,,
RECLAIM-V2-007030,C00401,RETRY_ALL,0,0,,,0,0,,
RECLAIM-V2-007031,C00174,RETRY_ALL,0,0,,,0,0,,
RECLAIM-V2-007032,C00899,RETRY_ALL,0,0,,,0,0,,
RECLAIM-V2-007033,C00550,TARGET,1,0,,,0,0,,
RECLAIM-V2-007034,C00441,RETRY_ALL,0,0,,,0,0,,
RECLAIM-V2-007035,C00417,RETRY_ALL,0,0,,,0,0,,
RECLAIM-V2-007036,C00565,RETRY_ALL,0,0,,,0,0,,
RECLAIM-V2-007037,C00460,RETRY_ALL,0,0,,,0,0,,
RECLAIM-V2-007038,C00727,RETRY_ALL,0,0,,,0,0,,
RECLAIM-V2-007039,C00921,RETRY_ALL,0,0,,,0,0,,
RECLAIM-V2-007040,C00022,RETRY_ALL,0,0,,,0,0,,
RECLAIM-V2-007041,C00146,RETRY_ALL,0,0,,,0,0,,
RECLAIM-V2-007042,C00614,RETRY_ALL,0,0,,,0,0,,
RECLAIM-V2-007043,C00446,RETRY_ALL,0,0,,,0,0,,
RECLAIM-V2-007044,C00999,RETRY_ALL,0,0,,,0,0,,
RECLAIM-V2-007045,C00595,RETRY_ALL,0,0,,,0,0,,
RECLAIM-V2-007046,C00841,RETRY_ALL,0,0,,,0,0,,
RECLAIM-V2-007047,C00683,RETRY_ALL,0,0,,,0,0,,
RECLAIM-V2-007048,C00702,RETRY_ALL,0,0,,,0,0,,
RECLAIM-V2-007049,C00008,RETRY_ALL,0,0,,,0,0,,
RECLAIM-V2-007050,C00897,RETRY_ALL,0,0,,,0,0,,
RECLAIM-V2-007051,C00140,RETRY_ALL,0,0,,,0,0,,
RECLAIM-V2-007052,C00551,RETRY_ALL,0,0,,,0,0,,
RECLAIM-V2-007053,C00999,RETRY_ALL,0,0,,,0,0,,
RECLAIM-V2-007054,C00733,RETRY_ALL,0,0,,,0,0,,
RECLAIM-V2-007055,C00109,RETRY_ALL,0,0,,,0,0,,
RECLAIM-V2-007056,C00565,RETRY_ALL,0,0,,,0,0,,
RECLAIM-V2-007057,C00318,RETRY_ALL,0,0,,,0,0,,
RECLAIM-V2-007058,C00089,RETRY_ALL,0,0,,,0,0,,
RECLAIM-V2-007059,C00534,RETRY_ALL,0,0,,,0,0,,
RECLAIM-V2-007060,C00123,RETRY_ALL,0,0,,,0,0,,
RECLAIM-V2-007061,C00015,RETRY_ALL,0,0,,,0,0,,
RECLAIM-V2-007062,C00749,RETRY_ALL,0,0,,,0,0,,
RECLAIM-V2-007063,C00238,RETRY_ALL,0,0,,,0,0,,
RECLAIM-V2-007064,C00680,RETRY_ALL,0,0,,,0,0,,
RECLAIM-V2-007065,C00502,TARGET,1,0,,,0,0,,
RECLAIM-V2-007066,C00450,RETRY_ALL,0,0,,,0,0,,
RECLAIM-V2-007067,C00482,RETRY_ALL,0,0,,,0,0,,
RECLAIM-V2-007068,C00450,RETRY_ALL,0,0,,,0,0,,
RECLAIM-V2-007069,C00391,RETRY_ALL,0,0,,,0,0,,
RECLAIM-V2-007070,C00118,RETRY_ALL,0,0,,,0,0,,
RECLAIM-V2-007071,C00969,RETRY_ALL,0,0,,,0,0,,
RECLAIM-V2-007072,C00107,RETRY_ALL,0,0,,,0,0,,
RECLAIM-V2-007073,C00158,RETRY_ALL,0,0,,,0,0,,
RECLAIM-V2-007074,C00945,RETRY_ALL,0,0,,,0,0,,
RECLAIM-V2-007075,C00226,RETRY_ALL,0,0,,,0,0,,
RECLAIM-V2-007076,C00577,RETRY_ALL,0,0,,,0,0,,
RECLAIM-V2-007077,C00482,RETRY_ALL,0,0,,,0,0,,
RECLAIM-V2-007078,C00488,RETRY_ALL,0,0,,,0,0,,
RECLAIM-V2-007079,C00244,RETRY_ALL,0,0,,,0,0,,
RECLAIM-V2-007080,C00110,RETRY_ALL,0,0,,,0,0,,
RECLAIM-V2-007081,C00317,RETRY_ALL,0,0,,,0,0,,
RECLAIM-V2-007082,C00110,RETRY_ALL,0,0,,,0,0,,
RECLAIM-V2-007083,C00747,RETRY_ALL,0,0,,,0,0,,
RECLAIM-V2-007084,C00758,RETRY_ALL,0,0,,,0,0,,
RECLAIM-V2-007085,C00551,RETRY_ALL,0,0,,,0,0,,
RECLAIM-V2-007086,C00779,RETRY_ALL,0,0,,,0,0,,
RECLAIM-V2-007087,C00073,RETRY_ALL,0,0,,,0,0,,
RECLAIM-V2-007088,C00266,RETRY_ALL,0,0,,,0,0,,
RECLAIM-V2-007089,C00680,RETRY_ALL,0,0,,,0,0,,
RECLAIM-V2-007090,C00232,RETRY_ALL,0,0,,,0,0,,
RECLAIM-V2-007091,C00032,RETRY_ALL,0,0,,,0,0,,
RECLAIM-V2-007092,C00840,RETRY_ALL,0,0,,,0,0,,
RECLAIM-V2-007093,C00908,RETRY_ALL,0,0,,,0,0,,
RECLAIM-V2-007094,C00523,RETRY_ALL,0,0,,,0,0,,
RECLAIM-V2-007095,C00293,RETRY_ALL,0,0,,,0,0,,
RECLAIM-V2-007096,C00749,RETRY_ALL,0,0,,,0,0,,
RECLAIM-V2-007097,C00614,RETRY_ALL,0,0,,,0,0,,
RECLAIM-V2-007098,C00421,RETRY_ALL,0,0,,,0,0,,
RECLAIM-V2-007099,C00598,RETRY_ALL,0,0,,,0,0,,
RECLAIM-V2-007100,C00643,RETRY_ALL,0,0,,,0,0,,
RECLAIM-V2-007101,C00670,RETRY_ALL,0,0,,,0,0,,
RECLAIM-V2-007102,C00517,RETRY_ALL,0,0,,,0,0,,
RECLAIM-V2-007103,C00999,RETRY_ALL,0,0,,,0,0,,
RECLAIM-V2-007104,C00450,RETRY_ALL,0,0,,,0,0,,
RECLAIM-V2-007105,C00469,RETRY_ALL,0,0,,,0,0,,
RECLAIM-V2-007106,C00270,RETRY_ALL,0,0,,,0,0,,
RECLAIM-V2-007107,C00779,RETRY_ALL,0,0,,,0,0,,
RECLAIM-V2-007108,C00179,RETRY_ALL,0,0,,,0,0,,
RECLAIM-V2-007109,C00687,RETRY_ALL,0,0,,,0,0,,
RECLAIM-V2-007110,C00889,RETRY_ALL,0,0,,,0,0,,
RECLAIM-V2-007111,C00488,RETRY_ALL,0,0,,,0,0,,
RECLAIM-V2-007112,C00809,RETRY_ALL,0,0,,,0,0,,
RECLAIM-V2-007113,C00590,RETRY_ALL,0,0,,,0,0,,
RECLAIM-V2-007114,C00627,RETRY_ALL,0,0,,,0,0,,
RECLAIM-V2-007115,C00517,RETRY_ALL,0,0,,,0,0,,
RECLAIM-V2-007116,C00888,RETRY_ALL,0,0,,,0,0,,
RECLAIM-V2-007117,C00380,RETRY_ALL,0,0,,,0,0,,
RECLAIM-V2-007118,C00942,RETRY_ALL,0,0,,,0,0,,
RECLAIM-V2-007119,C00537,RETRY_ALL,0,0,,,0,0,,
RECLAIM-V2-007120,C00997,RETRY_ALL,0,0,,,0,0,,
RECLAIM-V2-007121,C00243,RETRY_ALL,0,0,,,0,0,,
RECLAIM-V2-007122,C00351,RETRY_ALL,0,0,,,0,0,,
RECLAIM-V2-007123,C00326,RETRY_ALL,0,0,,,0,0,,
RECLAIM-V2-007124,C00210,RETRY_ALL,0,0,,,0,0,,
RECLAIM-V2-007125,C00669,RETRY_ALL,0,0,,,0,0,,
RECLAIM-V2-007126,C00185,RETRY_ALL,0,0,,,0,0,,
RECLAIM-V2-007127,C00228,RETRY_ALL,0,0,,,0,0,,
RECLAIM-V2-007128,C00266,RETRY_ALL,0,0,,,0,0,,
RECLAIM-V2-007129,C00064,RETRY_ALL,0,0,,,0,0,,
RECLAIM-V2-007130,C00425,RETRY_ALL,0,0,,,0,0,,
RECLAIM-V2-007131,C00525,RETRY_ALL,0,0,,,0,0,,
RECLAIM-V2-007132,C00278,RETRY_ALL,0,0,,,0,0,,
RECLAIM-V2-007133,C00395,RETRY_ALL,0,0,,,0,0,,
RECLAIM-V2-007134,C00124,RETRY_ALL,0,0,,,0,0,,
RECLAIM-V2-007135,C00676,RETRY_ALL,0,0,,,0,0,,
RECLAIM-V2-007136,C00521,RETRY_ALL,0,0,,,0,0,,
RECLAIM-V2-007137,C00054,RETRY_ALL,0,0,,,0,0,,
RECLAIM-V2-007138,C00863,RETRY_ALL,0,0,,,0,0,,
RECLAIM-V2-007139,C00279,TARGET,1,0,,,0,0,,
RECLAIM-V2-007140,C00005,RETRY_ALL,0,0,,,0,0,,
RECLAIM-V2-007141,C00598,RETRY_ALL,0,0,,,0,0,,
RECLAIM-V2-007142,C00525,RETRY_ALL,0,0,,,0,0,,
RECLAIM-V2-007143,C00523,RETRY_ALL,0,0,,,0,0,,
RECLAIM-V2-007144,C00630,RETRY_ALL,0,0,,,0,0,,
RECLAIM-V2-007145,C00516,RETRY_ALL,0,0,,,0,0,,
RECLAIM-V2-007146,C00739,RETRY_ALL,0,0,,,0,0,,
RECLAIM-V2-007147,C00550,TARGET,1,0,,,0,0,,
RECLAIM-V2-007148,C00907,RETRY_ALL,0,0,,,0,0,,
RECLAIM-V2-007149,C00174,RETRY_ALL,0,0,,,0,0,,
RECLAIM-V2-007150,C00502,RETRY_ALL,0,0,,,0,0,,
RECLAIM-V2-007151,C00140,RETRY_ALL,0,0,,,0,0,,
RECLAIM-V2-007152,C00764,TARGET,1,0,,,0,0,,
RECLAIM-V2-007153,C00174,RETRY_ALL,0,0,,,0,0,,
RECLAIM-V2-007154,C00527,RETRY_ALL,0,0,,,0,0,,
RECLAIM-V2-007155,C00261,RETRY_ALL,0,0,,,0,0,,
RECLAIM-V2-007156,C00519,RETRY_ALL,0,0,,,0,0,,
RECLAIM-V2-007157,C00585,RETRY_ALL,0,0,,,0,0,,
RECLAIM-V2-007158,C00122,RETRY_ALL,0,0,,,0,0,,
RECLAIM-V2-007159,C00988,RETRY_ALL,0,0,,,0,0,,
RECLAIM-V2-007160,C00493,RETRY_ALL,0,0,,,0,0,,
RECLAIM-V2-007161,C00214,RETRY_ALL,0,0,,,0,0,,
RECLAIM-V2-007162,C00098,RETRY_ALL,0,0,,,0,0,,
RECLAIM-V2-007163,C00840,RETRY_ALL,0,0,,,0,0,,
RECLAIM-V2-007164,C00426,RETRY_ALL,0,0,,,0,0,,
RECLAIM-V2-007165,C00243,RETRY_ALL,0,0,,,0,0,,
RECLAIM-V2-007166,C00542,RETRY_ALL,0,0,,,0,0,,
RECLAIM-V2-007167,C00124,RETRY_ALL,0,0,,,0,0,,
RECLAIM-V2-007168,C00964,RETRY_ALL,0,0,,,0,0,,
RECLAIM-V2-007169,C00978,RETRY_ALL,0,0,,,0,0,,
RECLAIM-V2-007170,C00577,RETRY_ALL,0,0,,,0,0,,
RECLAIM-V2-007171,C00437,RETRY_ALL,0,0,,,0,0,,
RECLAIM-V2-007172,C00611,RETRY_ALL,0,0,,,0,0,,
RECLAIM-V2-007173,C00493,RETRY_ALL,0,0,,,0,0,,
RECLAIM-V2-007174,C00817,RETRY_ALL,0,0,,,0,0,,
RECLAIM-V2-007175,C00981,RETRY_ALL,0,0,,,0,0,,
RECLAIM-V2-007176,C00610,RETRY_ALL,0,0,,,0,0,,
RECLAIM-V2-007177,C00008,RETRY_ALL,0,0,,,0,0,,
RECLAIM-V2-007178,C00981,RETRY_ALL,0,0,,,0,0,,
RECLAIM-V2-007179,C00395,RETRY_ALL,0,0,,,0,0,,
RECLAIM-V2-007180,C00230,RETRY_ALL,0,0,,,0,0,,
RECLAIM-V2-007181,C00098,RETRY_ALL,0,0,,,0,0,,
RECLAIM-V2-007182,C00347,RETRY_ALL,0,0,,,0,0,,
RECLAIM-V2-007183,C00003,RETRY_ALL,0,0,,,0,0,,
RECLAIM-V2-007184,C00795,RETRY_ALL,0,0,,,0,0,,
RECLAIM-V2-007185,C00158,RETRY_ALL,0,0,,,0,0,,
RECLAIM-V2-007186,C00525,RETRY_ALL,0,0,,,0,0,,
RECLAIM-V2-007187,C00906,RETRY_ALL,0,0,,,0,0,,
RECLAIM-V2-007188,C00136,RETRY_ALL,0,0,,,0,0,,
RECLAIM-V2-007189,C00937,RETRY_ALL,0,0,,,0,0,,
RECLAIM-V2-007190,C00622,RETRY_ALL,0,0,,,0,0,,
RECLAIM-V2-007191,C00241,RETRY_ALL,0,0,,,0,0,,
RECLAIM-V2-007192,C00594,RETRY_ALL,0,0,,,0,0,,
RECLAIM-V2-007193,C00054,TARGET,1,0,,,0,0,,
RECLAIM-V2-007194,C00069,RETRY_ALL,0,0,,,0,0,,
RECLAIM-V2-007195,C00270,RETRY_ALL,0,0,,,0,0,,
RECLAIM-V2-007196,C00907,RETRY_ALL,0,0,,,0,0,,
RECLAIM-V2-007197,C00268,RETRY_ALL,0,0,,,0,0,,
RECLAIM-V2-007198,C00931,RETRY_ALL,0,0,,,0,0,,
RECLAIM-V2-007199,C00758,RETRY_ALL,0,0,,,0,0,,
RECLAIM-V2-007200,C00894,RETRY_ALL,0,0,,,0,0,,
RECLAIM-V2-007201,C00979,RETRY_ALL,0,0,,,0,0,,
RECLAIM-V2-007202,C00268,RETRY_ALL,0,0,,,0,0,,
RECLAIM-V2-007203,C00384,RETRY_ALL,0,0,,,0,0,,
RECLAIM-V2-007204,C00542,RETRY_ALL,0,0,,,0,0,,
RECLAIM-V2-007205,C00179,RETRY_ALL,0,0,,,0,0,,
RECLAIM-V2-007206,C00413,RETRY_ALL,0,0,,,0,0,,
RECLAIM-V2-007207,C00081,RETRY_ALL,0,0,,,0,0,,
RECLAIM-V2-007208,C00512,RETRY_ALL,0,0,,,0,0,,
RECLAIM-V2-007209,C00921,RETRY_ALL,0,0,,,0,0,,
RECLAIM-V2-007210,C00500,RETRY_ALL,0,0,,,0,0,,
RECLAIM-V2-007211,C00179,RETRY_ALL,0,0,,,0,0,,
RECLAIM-V2-007212,C00294,RETRY_ALL,0,0,,,0,0,,
RECLAIM-V2-007213,C00674,RETRY_ALL,0,0,,,0,0,,
RECLAIM-V2-007214,C00999,RETRY_ALL,0,0,,,0,0,,
RECLAIM-V2-007215,C00479,RETRY_ALL,0,0,,,0,0,,
RECLAIM-V2-007216,C00492,RETRY_ALL,0,0,,,0,0,,
RECLAIM-V2-007217,C00999,RETRY_ALL,0,0,,,0,0,,
RECLAIM-V2-007218,C00139,RETRY_ALL,0,0,,,0,0,,
RECLAIM-V2-007219,C00413,RETRY_ALL,0,0,,,0,0,,
RECLAIM-V2-007220,C00174,RETRY_ALL,0,0,,,0,0,,
RECLAIM-V2-007221,C00404,TARGET,1,0,,,0,0,,
RECLAIM-V2-007222,C00221,RETRY_ALL,0,0,,,0,0,,
RECLAIM-V2-007223,C00577,RETRY_ALL,0,0,,,0,0,,
RECLAIM-V2-007224,C00315,RETRY_ALL,0,0,,,0,0,,
RECLAIM-V2-007225,C00027,RETRY_ALL,0,0,,,0,0,,
RECLAIM-V2-007226,C00488,RETRY_ALL,0,0,,,0,0,,
RECLAIM-V2-007227,C00037,RETRY_ALL,0,0,,,0,0,,
RECLAIM-V2-007228,C00485,RETRY_ALL,0,0,,,0,0,,
RECLAIM-V2-007229,C00563,RETRY_ALL,0,0,,,0,0,,
RECLAIM-V2-007230,C00482,RETRY_ALL,0,0,,,0,0,,
RECLAIM-V2-007231,C00321,RETRY_ALL,0,0,,,0,0,,
RECLAIM-V2-007232,C00551,RETRY_ALL,0,0,,,0,0,,
RECLAIM-V2-007233,C00987,RETRY_ALL,0,0,,,0,0,,
RECLAIM-V2-007234,C00816,RETRY_ALL,0,0,,,0,0,,
RECLAIM-V2-007235,C00012,RETRY_ALL,0,0,,,0,0,,
RECLAIM-V2-007236,C00174,RETRY_ALL,0,0,,,0,0,,
RECLAIM-V2-007237,C00427,RETRY_ALL,0,0,,,0,0,,
RECLAIM-V2-007238,C00573,RETRY_ALL,0,0,,,0,0,,
RECLAIM-V2-007239,C00961,RETRY_ALL,0,0,,,0,0,,
RECLAIM-V2-007240,C00117,RETRY_ALL,0,0,,,0,0,,
RECLAIM-V2-007241,C00695,RETRY_ALL,0,0,,,0,0,,
RECLAIM-V2-007242,C00935,TARGET,1,0,,,0,0,,
RECLAIM-V2-007243,C00542,RETRY_ALL,0,0,,,0,0,,
RECLAIM-V2-007244,C00601,RETRY_ALL,0,0,,,0,0,,
RECLAIM-V2-007245,C00414,RETRY_ALL,0,0,,,0,0,,
RECLAIM-V2-007246,C00663,TARGET,1,0,,,0,0,,
RECLAIM-V2-007247,C00323,TARGET,1,0,,,0,0,,
RECLAIM-V2-007248,C00232,RETRY_ALL,0,0,,,0,0,,
RECLAIM-V2-007249,C00779,RETRY_ALL,0,0,,,0,0,,
RECLAIM-V2-007250,C00043,RETRY_ALL,0,0,,,0,0,,
RECLAIM-V2-007251,C00718,RETRY_ALL,0,0,,,0,0,,
RECLAIM-V2-007252,C00174,RETRY_ALL,0,0,,,0,0,,
RECLAIM-V2-007253,C00894,RETRY_ALL,0,0,,,0,0,,
RECLAIM-V2-007254,C00752,RETRY_ALL,0,0,,,0,0,,
RECLAIM-V2-007255,C00418,RETRY_ALL,0,0,,,0,0,,
RECLAIM-V2-007256,C00819,TARGET,1,0,,,0,0,,
RECLAIM-V2-007257,C00999,RETRY_ALL,0,0,,,0,0,,
RECLAIM-V2-007258,C00458,RETRY_ALL,0,0,,,0,0,,
RECLAIM-V2-007259,C00749,RETRY_ALL,0,0,,,0,0,,
RECLAIM-V2-007260,C00015,RETRY_ALL,0,0,,,0,0,,
RECLAIM-V2-007261,C00043,RETRY_ALL,0,0,,,0,0,,
RECLAIM-V2-007262,C00275,RETRY_ALL,0,0,,,0,0,,
RECLAIM-V2-007263,C00418,RETRY_ALL,0,0,,,0,0,,
RECLAIM-V2-007264,C00118,RETRY_ALL,0,0,,,0,0,,
RECLAIM-V2-007265,C00908,RETRY_ALL,0,0,,,0,0,,
RECLAIM-V2-007266,C00196,RETRY_ALL,0,0,,,0,0,,
RECLAIM-V2-007267,C00791,RETRY_ALL,0,0,,,0,0,,
RECLAIM-V2-007268,C00709,RETRY_ALL,0,0,,,0,0,,
RECLAIM-V2-007269,C00567,TARGET,1,0,,,0,0,,
RECLAIM-V2-007270,C00542,RETRY_ALL,0,0,,,0,0,,
RECLAIM-V2-007271,C00789,RETRY_ALL,0,0,,,0,0,,
RECLAIM-V2-007272,C00713,RETRY_ALL,0,0,,,0,0,,
RECLAIM-V2-007273,C00524,RETRY_ALL,0,0,,,0,0,,
RECLAIM-V2-007274,C00512,RETRY_ALL,0,0,,,0,0,,
RECLAIM-V2-007275,C00319,RETRY_ALL,0,0,,,0,0,,
RECLAIM-V2-007276,C00677,RETRY_ALL,0,0,,,0,0,,
RECLAIM-V2-007277,C00226,RETRY_ALL,0,0,,,0,0,,
RECLAIM-V2-007278,C00565,RETRY_ALL,0,0,,,0,0,,
RECLAIM-V2-007279,C00108,RETRY_ALL,0,0,,,0,0,,
RECLAIM-V2-007280,C00421,RETRY_ALL,0,0,,,0,0,,
RECLAIM-V2-007281,C00417,RETRY_ALL,0,0,,,0,0,,
RECLAIM-V2-007282,C00368,RETRY_ALL,0,0,,,0,0,,
RECLAIM-V2-007283,C00098,RETRY_ALL,0,0,,,0,0,,
RECLAIM-V2-007284,C00070,RETRY_ALL,0,0,,,0,0,,
RECLAIM-V2-007285,C00043,RETRY_ALL,0,0,,,0,0,,
RECLAIM-V2-007286,C00254,TARGET,1,0,,,0,0,,
RECLAIM-V2-007287,C00124,RETRY_ALL,0,0,,,0,0,,
RECLAIM-V2-007288,C00746,RETRY_ALL,0,0,,,0,0,,
RECLAIM-V2-007289,C00446,RETRY_ALL,0,0,,,0,0,,
RECLAIM-V2-007290,C00361,RETRY_ALL,0,0,,,0,0,,
RECLAIM-V2-007291,C00435,RETRY_ALL,0,0,,,0,0,,
RECLAIM-V2-007292,C00450,RETRY_ALL,0,0,,,0,0,,
RECLAIM-V2-007293,C00987,RETRY_ALL,0,0,,,0,0,,
RECLAIM-V2-007294,C00941,TARGET,1,0,,,0,0,,
RECLAIM-V2-007295,C00594,RETRY_ALL,0,0,,,0,0,,
RECLAIM-V2-007296,C00126,RETRY_ALL,0,0,,,0,0,,
RECLAIM-V2-007297,C00528,RETRY_ALL,0,0,,,0,0,,
RECLAIM-V2-007298,C00669,RETRY_ALL,0,0,,,0,0,,
RECLAIM-V2-007299,C00495,RETRY_ALL,0,0,,,0,0,,
RECLAIM-V2-007300,C00904,RETRY_ALL,0,0,,,0,0,,
RECLAIM-V2-007301,C00417,RETRY_ALL,0,0,,,0,0,,
RECLAIM-V2-007302,C00158,RETRY_ALL,0,0,,,0,0,,
RECLAIM-V2-007303,C00034,RETRY_ALL,0,0,,,0,0,,
RECLAIM-V2-007304,C00270,RETRY_ALL,0,0,,,0,0,,
RECLAIM-V2-007305,C00234,RETRY_ALL,0,0,,,0,0,,
RECLAIM-V2-007306,C00210,RETRY_ALL,0,0,,,0,0,,
RECLAIM-V2-007307,C00899,RETRY_ALL,0,0,,,0,0,,
RECLAIM-V2-007308,C00441,RETRY_ALL,0,0,,,0,0,,
RECLAIM-V2-007309,C00945,RETRY_ALL,0,0,,,0,0,,
RECLAIM-V2-007310,C00899,RETRY_ALL,0,0,,,0,0,,
RECLAIM-V2-007311,C00758,RETRY_ALL,0,0,,,0,0,,
RECLAIM-V2-007312,C00246,RETRY_ALL,0,0,,,0,0,,
RECLAIM-V2-007313,C00035,RETRY_ALL,0,0,,,0,0,,
RECLAIM-V2-007314,C00955,RETRY_ALL,0,0,,,0,0,,
RECLAIM-V2-007315,C00999,RETRY_ALL,0,0,,,0,0,,
RECLAIM-V2-007316,C00610,RETRY_ALL,0,0,,,0,0,,
RECLAIM-V2-007317,C00214,RETRY_ALL,0,0,,,0,0,,
RECLAIM-V2-007318,C00296,RETRY_ALL,0,0,,,0,0,,
RECLAIM-V2-007319,C00185,RETRY_ALL,0,0,,,0,0,,
RECLAIM-V2-007320,C00450,RETRY_ALL,0,0,,,0,0,,
RECLAIM-V2-007321,C00616,RETRY_ALL,0,0,,,0,0,,
RECLAIM-V2-007322,C00041,RETRY_ALL,0,0,,,0,0,,
RECLAIM-V2-007323,C00586,RETRY_ALL,0,0,,,0,0,,
RECLAIM-V2-007324,C00393,RETRY_ALL,0,0,,,0,0,,
RECLAIM-V2-007325,C00937,RETRY_ALL,0,0,,,0,0,,
RECLAIM-V2-007326,C00495,RETRY_ALL,0,0,,,0,0,,
RECLAIM-V2-007327,C00889,RETRY_ALL,0,0,,,0,0,,
RECLAIM-V2-007328,C00032,RETRY_ALL,0,0,,,0,0,,
RECLAIM-V2-007329,C00461,RETRY_ALL,0,0,,,0,0,,
RECLAIM-V2-007330,C00599,RETRY_ALL,0,0,,,0,0,,
RECLAIM-V2-007331,C00691,RETRY_ALL,0,0,,,0,0,,
RECLAIM-V2-007332,C00145,RETRY_ALL,0,0,,,0,0,,
RECLAIM-V2-007333,C00003,RETRY_ALL,0,0,,,0,0,,
RECLAIM-V2-007334,C00132,RETRY_ALL,0,0,,,0,0,,
RECLAIM-V2-007335,C00758,RETRY_ALL,0,0,,,0,0,,
RECLAIM-V2-007336,C00816,RETRY_ALL,0,0,,,0,0,,
RECLAIM-V2-007337,C00941,TARGET,1,0,,,0,0,,
RECLAIM-V2-007338,C00354,RETRY_ALL,0,0,,,0,0,,
RECLAIM-V2-007339,C00790,RETRY_ALL,0,0,,,0,0,,
RECLAIM-V2-007340,C00551,RETRY_ALL,0,0,,,0,0,,
RECLAIM-V2-007341,C00601,RETRY_ALL,0,0,,,0,0,,
RECLAIM-V2-007342,C00018,RETRY_ALL,0,0,,,0,0,,
RECLAIM-V2-007343,C00708,RETRY_ALL,0,0,,,0,0,,
RECLAIM-V2-007344,C00897,RETRY_ALL,0,0,,,0,0,,
RECLAIM-V2-007345,C00122,RETRY_ALL,0,0,,,0,0,,
RECLAIM-V2-007346,C00139,RETRY_ALL,0,0,,,0,0,,
RECLAIM-V2-007347,C00445,RETRY_ALL,0,0,,,0,0,,
RECLAIM-V2-007348,C00053,RETRY_ALL,0,0,,,0,0,,
RECLAIM-V2-007349,C00929,RETRY_ALL,0,0,,,0,0,,
RECLAIM-V2-007350,C00440,RETRY_ALL,0,0,,,0,0,,
RECLAIM-V2-007351,C00931,RETRY_ALL,0,0,,,0,0,,
RECLAIM-V2-007352,C00491,RETRY_ALL,0,0,,,0,0,,
RECLAIM-V2-007353,C00348,RETRY_ALL,0,0,,,0,0,,
RECLAIM-V2-007354,C00625,RETRY_ALL,0,0,,,0,0,,
RECLAIM-V2-007355,C00135,RETRY_ALL,0,0,,,0,0,,
RECLAIM-V2-007356,C00783,RETRY_ALL,0,0,,,0,0,,
RECLAIM-V2-007357,C00170,RETRY_ALL,0,0,,,0,0,,
RECLAIM-V2-007358,C00199,RETRY_ALL,0,0,,,0,0,,
RECLAIM-V2-007359,C00897,RETRY_ALL,0,0,,,0,0,,
RECLAIM-V2-007360,C00249,RETRY_ALL,0,0,,,0,0,,
RECLAIM-V2-007361,C00746,RETRY_ALL,0,0,,,0,0,,
RECLAIM-V2-007362,C00817,RETRY_ALL,0,0,,,0,0,,
RECLAIM-V2-007363,C00315,RETRY_ALL,0,0,,,0,0,,
RECLAIM-V2-007364,C00222,RETRY_ALL,0,0,,,0,0,,
RECLAIM-V2-007365,C00243,RETRY_ALL,0,0,,,0,0,,
RECLAIM-V2-007366,C00585,RETRY_ALL,0,0,,,0,0,,
RECLAIM-V2-007367,C00521,RETRY_ALL,0,0,,,0,0,,
RECLAIM-V2-007368,C00625,RETRY_ALL,0,0,,,0,0,,
RECLAIM-V2-007369,C00930,RETRY_ALL,0,0,,,0,0,,
RECLAIM-V2-007370,C00429,RETRY_ALL,0,0,,,0,0,,
RECLAIM-V2-007371,C00585,RETRY_ALL,0,0,,,0,0,,
RECLAIM-V2-007372,C00145,RETRY_ALL,0,0,,,0,0,,
RECLAIM-V2-007373,C00943,RETRY_ALL,0,0,,,0,0,,
RECLAIM-V2-007374,C00478,RETRY_ALL,0,0,,,0,0,,
RECLAIM-V2-007375,C00696,RETRY_ALL,0,0,,,0,0,,
RECLAIM-V2-007376,C00378,RETRY_ALL,0,0,,,0,0,,
RECLAIM-V2-007377,C00790,RETRY_ALL,0,0,,,0,0,,
RECLAIM-V2-007378,C00611,RETRY_ALL,0,0,,,0,0,,
RECLAIM-V2-007379,C00126,RETRY_ALL,0,0,,,0,0,,
RECLAIM-V2-007380,C00492,RETRY_ALL,0,0,,,0,0,,
RECLAIM-V2-007381,C00643,RETRY_ALL,0,0,,,0,0,,
RECLAIM-V2-007382,C00441,RETRY_ALL,0,0,,,0,0,,
RECLAIM-V2-007383,C00625,RETRY_ALL,0,0,,,0,0,,
RECLAIM-V2-007384,C00384,RETRY_ALL,0,0,,,0,0,,
RECLAIM-V2-007385,C00270,RETRY_ALL,0,0,,,0,0,,
RECLAIM-V2-007386,C00818,RETRY_ALL,0,0,,,0,0,,
RECLAIM-V2-007387,C00495,RETRY_ALL,0,0,,,0,0,,
RECLAIM-V2-007388,C00550,TARGET,1,0,,,0,0,,
RECLAIM-V2-007389,C00551,RETRY_ALL,0,0,,,0,0,,
RECLAIM-V2-007390,C00997,RETRY_ALL,0,0,,,0,0,,
RECLAIM-V2-007391,C00809,RETRY_ALL,0,0,,,0,0,,
RECLAIM-V2-007392,C00378,TARGET,1,0,,,0,0,,
RECLAIM-V2-007393,C00746,RETRY_ALL,0,0,,,0,0,,
RECLAIM-V2-007394,C00122,RETRY_ALL,0,0,,,0,0,,
RECLAIM-V2-007395,C00321,RETRY_ALL,0,0,,,0,0,,
RECLAIM-V2-007396,C00254,TARGET,1,0,,,0,0,,
RECLAIM-V2-007397,C00906,RETRY_ALL,0,0,,,0,0,,
RECLAIM-V2-007398,C00426,RETRY_ALL,0,0,,,0,0,,
RECLAIM-V2-007399,C00937,RETRY_ALL,0,0,,,0,0,,
RECLAIM-V2-007400,C00035,RETRY_ALL,0,0,,,0,0,,
RECLAIM-V2-007401,C00642,RETRY_ALL,0,0,,,0,0,,
RECLAIM-V2-007402,C00523,RETRY_ALL,0,0,,,0,0,,
RECLAIM-V2-007403,C00413,RETRY_ALL,0,0,,,0,0,,
RECLAIM-V2-007404,C00138,RETRY_ALL,0,0,,,0,0,,
RECLAIM-V2-007405,C00842,RETRY_ALL,0,0,,,0,0,,
RECLAIM-V2-007406,C00214,RETRY_ALL,0,0,,,0,0,,
RECLAIM-V2-007407,C00906,RETRY_ALL,0,0,,,0,0,,
RECLAIM-V2-007408,C00927,RETRY_ALL,0,0,,,0,0,,
RECLAIM-V2-007409,C00598,RETRY_ALL,0,0,,,0,0,,
RECLAIM-V2-007410,C00182,RETRY_ALL,0,0,,,0,0,,
RECLAIM-V2-007411,C00586,RETRY_ALL,0,0,,,0,0,,
RECLAIM-V2-007412,C00945,RETRY_ALL,0,0,,,0,0,,
RECLAIM-V2-007413,C00461,RETRY_ALL,0,0,,,0,0,,
RECLAIM-V2-007414,C00064,RETRY_ALL,0,0,,,0,0,,
RECLAIM-V2-007415,C00901,RETRY_ALL,0,0,,,0,0,,
RECLAIM-V2-007416,C00146,RETRY_ALL,0,0,,,0,0,,
RECLAIM-V2-007417,C00089,RETRY_ALL,0,0,,,0,0,,
RECLAIM-V2-007418,C00073,RETRY_ALL,0,0,,,0,0,,
RECLAIM-V2-007419,C00265,RETRY_ALL,0,0,,,0,0,,
RECLAIM-V2-007420,C00613,RETRY_ALL,0,0,,,0,0,,
RECLAIM-V2-007421,C00102,RETRY_ALL,0,0,,,0,0,,
RECLAIM-V2-007422,C00991,RETRY_ALL,0,0,,,0,0,,
RECLAIM-V2-007423,C00070,RETRY_ALL,0,0,,,0,0,,
RECLAIM-V2-007424,C00054,RETRY_ALL,0,0,,,0,0,,
RECLAIM-V2-007425,C00373,RETRY_ALL,0,0,,,0,0,,
RECLAIM-V2-007426,C00681,RETRY_ALL,0,0,,,0,0,,
RECLAIM-V2-007427,C00525,RETRY_ALL,0,0,,,0,0,,
RECLAIM-V2-007428,C00135,RETRY_ALL,0,0,,,0,0,,
RECLAIM-V2-007429,C00448,RETRY_ALL,0,0,,,0,0,,
RECLAIM-V2-007430,C00118,RETRY_ALL,0,0,,,0,0,,
RECLAIM-V2-007431,C00614,RETRY_ALL,0,0,,,0,0,,
RECLAIM-V2-007432,C00294,RETRY_ALL,0,0,,,0,0,,
RECLAIM-V2-007433,C00318,RETRY_ALL,0,0,,,0,0,,
RECLAIM-V2-007434,C00155,RETRY_ALL,0,0,,,0,0,,
RECLAIM-V2-007435,C00365,RETRY_ALL,0,0,,,0,0,,
RECLAIM-V2-007436,C00485,RETRY_ALL,0,0,,,0,0,,
RECLAIM-V2-007437,C00629,TARGET,1,0,,,0,0,,
RECLAIM-V2-007438,C00193,RETRY_ALL,0,0,,,0,0,,
RECLAIM-V2-007439,C00054,TARGET,1,0,,,0,0,,
RECLAIM-V2-007440,C00780,RETRY_ALL,0,0,,,0,0,,
RECLAIM-V2-007441,C00347,RETRY_ALL,0,0,,,0,0,,
RECLAIM-V2-007442,C00373,RETRY_ALL,0,0,,,0,0,,
RECLAIM-V2-007443,C00674,RETRY_ALL,0,0,,,0,0,,
RECLAIM-V2-007444,C00695,RETRY_ALL,0,0,,,0,0,,
RECLAIM-V2-007445,C00317,RETRY_ALL,0,0,,,0,0,,
RECLAIM-V2-007446,C00908,RETRY_ALL,0,0,,,0,0,,
RECLAIM-V2-007447,C00980,RETRY_ALL,0,0,,,0,0,,
RECLAIM-V2-007448,C00049,RETRY_ALL,0,0,,,0,0,,
RECLAIM-V2-007449,C00739,RETRY_ALL,0,0,,,0,0,,
RECLAIM-V2-007450,C00397,RETRY_ALL,0,0,,,0,0,,
RECLAIM-V2-007451,C00448,RETRY_ALL,0,0,,,0,0,,
RECLAIM-V2-007452,C00024,RETRY_ALL,0,0,,,0,0,,
RECLAIM-V2-007453,C00397,RETRY_ALL,0,0,,,0,0,,
RECLAIM-V2-007454,C00584,RETRY_ALL,0,0,,,0,0,,
RECLAIM-V2-007455,C00393,RETRY_ALL,0,0,,,0,0,,
RECLAIM-V2-007456,C00438,RETRY_ALL,0,0,,,0,0,,
RECLAIM-V2-007457,C00166,RETRY_ALL,0,0,,,0,0,,
RECLAIM-V2-007458,C00863,RETRY_ALL,0,0,,,0,0,,
RECLAIM-V2-007459,C00449,RETRY_ALL,0,0,,,0,0,,
RECLAIM-V2-007460,C00351,RETRY_ALL,0,0,,,0,0,,
RECLAIM-V2-007461,C00174,RETRY_ALL,0,0,,,0,0,,
RECLAIM-V2-007462,C00994,RETRY_ALL,0,0,,,0,0,,
RECLAIM-V2-007463,C00764,TARGET,1,0,,,0,0,,
RECLAIM-V2-007464,C00663,TARGET,1,0,,,0,0,,
RECLAIM-V2-007465,C00223,RETRY_ALL,0,0,,,0,0,,
RECLAIM-V2-007466,C00206,RETRY_ALL,0,0,,,0,0,,
RECLAIM-V2-007467,C00937,RETRY_ALL,0,0,,,0,0,,
RECLAIM-V2-007468,C00601,RETRY_ALL,0,0,,,0,0,,
RECLAIM-V2-007469,C00326,RETRY_ALL,0,0,,,0,0,,
RECLAIM-V2-007470,C00819,TARGET,1,0,,,0,0,,
RECLAIM-V2-007471,C00842,RETRY_ALL,0,0,,,0,0,,
RECLAIM-V2-007472,C00129,RETRY_ALL,0,0,,,0,0,,
RECLAIM-V2-007473,C00392,RETRY_ALL,0,0,,,0,0,,
RECLAIM-V2-007474,C00547,RETRY_ALL,0,0,,,0,0,,
RECLAIM-V2-007475,C00547,RETRY_ALL,0,0,,,0,0,,
RECLAIM-V2-007476,C00638,RETRY_ALL,0,0,,,0,0,,
RECLAIM-V2-007477,C00791,RETRY_ALL,0,0,,,0,0,,
RECLAIM-V2-007478,C00608,RETRY_ALL,0,0,,,0,0,,
RECLAIM-V2-007479,C00158,RETRY_ALL,0,0,,,0,0,,
RECLAIM-V2-007480,C00758,RETRY_ALL,0,0,,,0,0,,
RECLAIM-V2-007481,C00397,RETRY_ALL,0,0,,,0,0,,
RECLAIM-V2-007482,C00718,RETRY_ALL,0,0,,,0,0,,
RECLAIM-V2-007483,C00326,RETRY_ALL,0,0,,,0,0,,
RECLAIM-V2-007484,C00431,RETRY_ALL,0,0,,,0,0,,
RECLAIM-V2-007485,C00317,RETRY_ALL,0,0,,,0,0,,
RECLAIM-V2-007486,C00616,RETRY_ALL,0,0,,,0,0,,
RECLAIM-V2-007487,C00981,RETRY_ALL,0,0,,,0,0,,
RECLAIM-V2-007488,C00906,RETRY_ALL,0,0,,,0,0,,
RECLAIM-V2-007489,C00416,RETRY_ALL,0,0,,,0,0,,
RECLAIM-V2-007490,C00739,TARGET,1,0,,,0,0,,
RECLAIM-V2-007491,C00643,RETRY_ALL,0,0,,,0,0,,
RECLAIM-V2-007492,C00441,RETRY_ALL,0,0,,,0,0,,
RECLAIM-V2-007493,C00244,RETRY_ALL,0,0,,,0,0,,
RECLAIM-V2-007494,C00089,RETRY_ALL,0,0,,,0,0,,
RECLAIM-V2-007495,C00758,RETRY_ALL,0,0,,,0,0,,
RECLAIM-V2-007496,C00764,RETRY_ALL,0,0,,,0,0,,
RECLAIM-V2-007497,C00417,RETRY_ALL,0,0,,,0,0,,
RECLAIM-V2-007498,C00241,RETRY_ALL,0,0,,,0,0,,
RECLAIM-V2-007499,C00155,RETRY_ALL,0,0,,,0,0,,
RECLAIM-V2-007500,C00789,RETRY_ALL,0,0,,,0,0,,
RECLAIM-V2-007501,C00437,RETRY_ALL,0,0,,,0,0,,
RECLAIM-V2-007502,C00461,RETRY_ALL,0,0,,,0,0,,
RECLAIM-V2-007503,C00577,RETRY_ALL,0,0,,,0,0,,
RECLAIM-V2-007504,C00616,RETRY_ALL,0,0,,,0,0,,
RECLAIM-V2-007505,C00565,RETRY_ALL,0,0,,,0,0,,
RECLAIM-V2-007506,C00680,TARGET,1,0,,,0,0,,
RECLAIM-V2-007507,C00820,RETRY_ALL,0,0,,,0,0,,
RECLAIM-V2-007508,C00221,RETRY_ALL,0,0,,,0,0,,
RECLAIM-V2-007509,C00190,RETRY_ALL,0,0,,,0,0,,
RECLAIM-V2-007510,C00244,RETRY_ALL,0,0,,,0,0,,
RECLAIM-V2-007511,C00056,RETRY_ALL,0,0,,,0,0,,
RECLAIM-V2-007512,C00345,RETRY_ALL,0,0,,,0,0,,
RECLAIM-V2-007513,C00795,RETRY_ALL,0,0,,,0,0,,
RECLAIM-V2-007514,C00911,RETRY_ALL,0,0,,,0,0,,
RECLAIM-V2-007515,C00943,RETRY_ALL,0,0,,,0,0,,
RECLAIM-V2-007516,C00945,RETRY_ALL,0,0,,,0,0,,
RECLAIM-V2-007517,C00884,TARGET,1,0,,,0,0,,
RECLAIM-V2-007518,C00170,RETRY_ALL,0,0,,,0,0,,
RECLAIM-V2-007519,C00613,RETRY_ALL,0,0,,,0,0,,
RECLAIM-V2-007520,C00145,RETRY_ALL,0,0,,,0,0,,
RECLAIM-V2-007521,C00517,RETRY_ALL,0,0,,,0,0,,
RECLAIM-V2-007522,C00851,RETRY_ALL,0,0,,,0,0,,
RECLAIM-V2-007523,C00780,RETRY_ALL,0,0,,,0,0,,
RECLAIM-V2-007524,C00216,TARGET,1,0,,,0,0,,
RECLAIM-V2-007525,C00015,RETRY_ALL,0,0,,,0,0,,
RECLAIM-V2-007526,C00590,RETRY_ALL,0,0,,,0,0,,
RECLAIM-V2-007527,C00512,RETRY_ALL,0,0,,,0,0,,
RECLAIM-V2-007528,C00874,RETRY_ALL,0,0,,,0,0,,
RECLAIM-V2-007529,C00542,RETRY_ALL,0,0,,,0,0,,
RECLAIM-V2-007530,C00429,RETRY_ALL,0,0,,,0,0,,
RECLAIM-V2-007531,C00908,RETRY_ALL,0,0,,,0,0,,
RECLAIM-V2-007532,C00429,RETRY_ALL,0,0,,,0,0,,
RECLAIM-V2-007533,C00246,RETRY_ALL,0,0,,,0,0,,
RECLAIM-V2-007534,C00816,RETRY_ALL,0,0,,,0,0,,
RECLAIM-V2-007535,C00418,RETRY_ALL,0,0,,,0,0,,
RECLAIM-V2-007536,C00357,RETRY_ALL,0,0,,,0,0,,
RECLAIM-V2-007537,C00145,RETRY_ALL,0,0,,,0,0,,
RECLAIM-V2-007538,C00687,RETRY_ALL,0,0,,,0,0,,
RECLAIM-V2-007539,C00918,RETRY_ALL,0,0,,,0,0,,
RECLAIM-V2-007540,C00380,RETRY_ALL,0,0,,,0,0,,
RECLAIM-V2-007541,C00012,RETRY_ALL,0,0,,,0,0,,
RECLAIM-V2-007542,C00216,TARGET,1,0,,,0,0,,
RECLAIM-V2-007543,C00921,RETRY_ALL,0,0,,,0,0,,
RECLAIM-V2-007544,C00388,RETRY_ALL,0,0,,,0,0,,
RECLAIM-V2-007545,C00851,RETRY_ALL,0,0,,,0,0,,
RECLAIM-V2-007546,C00135,RETRY_ALL,0,0,,,0,0,,
RECLAIM-V2-007547,C00404,TARGET,1,0,,,0,0,,
RECLAIM-V2-007548,C00886,RETRY_ALL,0,0,,,0,0,,
RECLAIM-V2-007549,C00918,RETRY_ALL,0,0,,,0,0,,
RECLAIM-V2-007550,C00770,RETRY_ALL,0,0,,,0,0,,
RECLAIM-V2-007551,C00361,RETRY_ALL,0,0,,,0,0,,
RECLAIM-V2-007552,C00886,RETRY_ALL,0,0,,,0,0,,
RECLAIM-V2-007553,C00214,RETRY_ALL,0,0,,,0,0,,
RECLAIM-V2-007554,C00147,RETRY_ALL,0,0,,,0,0,,
RECLAIM-V2-007555,C00570,RETRY_ALL,0,0,,,0,0,,
RECLAIM-V2-007556,C00918,RETRY_ALL,0,0,,,0,0,,
RECLAIM-V2-007557,C00870,RETRY_ALL,0,0,,,0,0,,
RECLAIM-V2-007558,C00378,RETRY_ALL,0,0,,,0,0,,
RECLAIM-V2-007559,C00049,RETRY_ALL,0,0,,,0,0,,
RECLAIM-V2-007560,C00260,RETRY_ALL,0,0,,,0,0,,
RECLAIM-V2-007561,C00563,RETRY_ALL,0,0,,,0,0,,
RECLAIM-V2-007562,C00977,RETRY_ALL,0,0,,,0,0,,
RECLAIM-V2-007563,C00361,RETRY_ALL,0,0,,,0,0,,
RECLAIM-V2-007564,C00347,RETRY_ALL,0,0,,,0,0,,
RECLAIM-V2-007565,C00368,RETRY_ALL,0,0,,,0,0,,
RECLAIM-V2-007566,C00906,RETRY_ALL,0,0,,,0,0,,
RECLAIM-V2-007567,C00270,RETRY_ALL,0,0,,,0,0,,
RECLAIM-V2-007568,C00037,RETRY_ALL,0,0,,,0,0,,
RECLAIM-V2-007569,C00352,RETRY_ALL,0,0,,,0,0,,
RECLAIM-V2-007570,C00497,RETRY_ALL,0,0,,,0,0,,
RECLAIM-V2-007571,C00789,RETRY_ALL,0,0,,,0,0,,
RECLAIM-V2-007572,C00517,RETRY_ALL,0,0,,,0,0,,
RECLAIM-V2-007573,C00234,RETRY_ALL,0,0,,,0,0,,
RECLAIM-V2-007574,C00138,RETRY_ALL,0,0,,,0,0,,
RECLAIM-V2-007575,C00291,RETRY_ALL,0,0,,,0,0,,
RECLAIM-V2-007576,C00981,RETRY_ALL,0,0,,,0,0,,
RECLAIM-V2-007577,C00131,RETRY_ALL,0,0,,,0,0,,
RECLAIM-V2-007578,C00113,RETRY_ALL,0,0,,,0,0,,
RECLAIM-V2-007579,C00492,RETRY_ALL,0,0,,,0,0,,
RECLAIM-V2-007580,C00840,RETRY_ALL,0,0,,,0,0,,
RECLAIM-V2-007581,C00488,RETRY_ALL,0,0,,,0,0,,
RECLAIM-V2-007582,C00599,RETRY_ALL,0,0,,,0,0,,
RECLAIM-V2-007583,C00323,TARGET,1,0,,,0,0,,
RECLAIM-V2-007584,C00945,RETRY_ALL,0,0,,,0,0,,
RECLAIM-V2-007585,C00157,RETRY_ALL,0,0,,,0,0,,
RECLAIM-V2-007586,C00448,RETRY_ALL,0,0,,,0,0,,
RECLAIM-V2-007587,C00089,RETRY_ALL,0,0,,,0,0,,
RECLAIM-V2-007588,C00096,RETRY_ALL,0,0,,,0,0,,
RECLAIM-V2-007589,C00643,RETRY_ALL,0,0,,,0,0,,
RECLAIM-V2-007590,C00577,RETRY_ALL,0,0,,,0,0,,
RECLAIM-V2-007591,C00025,RETRY_ALL,0,0,,,0,0,,
RECLAIM-V2-007592,C00517,RETRY_ALL,0,0,,,0,0,,
RECLAIM-V2-007593,C00525,RETRY_ALL,0,0,,,0,0,,
RECLAIM-V2-007594,C00901,RETRY_ALL,0,0,,,0,0,,
RECLAIM-V2-007595,C00326,RETRY_ALL,0,0,,,0,0,,
RECLAIM-V2-007596,C00935,TARGET,1,0,,,0,0,,
RECLAIM-V2-007597,C00296,RETRY_ALL,0,0,,,0,0,,
RECLAIM-V2-007598,C00421,RETRY_ALL,0,0,,,0,0,,
RECLAIM-V2-007599,C00437,RETRY_ALL,0,0,,,0,0,,
RECLAIM-V2-007600,C00517,RETRY_ALL,0,0,,,0,0,,
RECLAIM-V2-007601,C00550,TARGET,1,0,,,0,0,,
RECLAIM-V2-007602,C00147,RETRY_ALL,0,0,,,0,0,,
RECLAIM-V2-007603,C00497,RETRY_ALL,0,0,,,0,0,,
RECLAIM-V2-007604,C00834,RETRY_ALL,0,0,,,0,0,,
RECLAIM-V2-007605,C00942,RETRY_ALL,0,0,,,0,0,,
RECLAIM-V2-007606,C00758,RETRY_ALL,0,0,,,0,0,,
RECLAIM-V2-007607,C00749,RETRY_ALL,0,0,,,0,0,,
RECLAIM-V2-007608,C00173,RETRY_ALL,0,0,,,0,0,,
RECLAIM-V2-007609,C00404,TARGET,1,0,,,0,0,,
RECLAIM-V2-007610,C00619,TARGET,1,0,,,0,0,,
RECLAIM-V2-007611,C00241,RETRY_ALL,0,0,,,0,0,,
RECLAIM-V2-007612,C00070,RETRY_ALL,0,0,,,0,0,,
RECLAIM-V2-007613,C00086,RETRY_ALL,0,0,,,0,0,,
RECLAIM-V2-007614,C00135,RETRY_ALL,0,0,,,0,0,,
RECLAIM-V2-007615,C00426,RETRY_ALL,0,0,,,0,0,,
RECLAIM-V2-007616,C00594,RETRY_ALL,0,0,,,0,0,,
RECLAIM-V2-007617,C00401,RETRY_ALL,0,0,,,0,0,,
RECLAIM-V2-007618,C00991,RETRY_ALL,0,0,,,0,0,,
RECLAIM-V2-007619,C00173,RETRY_ALL,0,0,,,0,0,,
RECLAIM-V2-007620,C00469,RETRY_ALL,0,0,,,0,0,,
RECLAIM-V2-007621,C00233,RETRY_ALL,0,0,,,0,0,,
RECLAIM-V2-007622,C00789,RETRY_ALL,0,0,,,0,0,,
RECLAIM-V2-007623,C00168,RETRY_ALL,0,0,,,0,0,,
RECLAIM-V2-007624,C00440,RETRY_ALL,0,0,,,0,0,,
RECLAIM-V2-007625,C00897,RETRY_ALL,0,0,,,0,0,,
RECLAIM-V2-007626,C00627,RETRY_ALL,0,0,,,0,0,,
RECLAIM-V2-007627,C00739,RETRY_ALL,0,0,,,0,0,,
RECLAIM-V2-007628,C00936,RETRY_ALL,0,0,,,0,0,,
RECLAIM-V2-007629,C00762,RETRY_ALL,0,0,,,0,0,,
RECLAIM-V2-007630,C00218,RETRY_ALL,0,0,,,0,0,,
RECLAIM-V2-007631,C00687,RETRY_ALL,0,0,,,0,0,,
RECLAIM-V2-007632,C00635,RETRY_ALL,0,0,,,0,0,,
RECLAIM-V2-007633,C00384,RETRY_ALL,0,0,,,0,0,,
RECLAIM-V2-007634,C00739,RETRY_ALL,0,0,,,0,0,,
RECLAIM-V2-007635,C00053,RETRY_ALL,0,0,,,0,0,,
RECLAIM-V2-007636,C00610,RETRY_ALL,0,0,,,0,0,,
RECLAIM-V2-007637,C00271,RETRY_ALL,0,0,,,0,0,,
RECLAIM-V2-007638,C00888,RETRY_ALL,0,0,,,0,0,,
RECLAIM-V2-007639,C00145,RETRY_ALL,0,0,,,0,0,,
RECLAIM-V2-007640,C00291,RETRY_ALL,0,0,,,0,0,,
RECLAIM-V2-007641,C00488,RETRY_ALL,0,0,,,0,0,,
RECLAIM-V2-007642,C00643,RETRY_ALL,0,0,,,0,0,,
RECLAIM-V2-007643,C00097,RETRY_ALL,0,0,,,0,0,,
RECLAIM-V2-007644,C00961,RETRY_ALL,0,0,,,0,0,,
RECLAIM-V2-007645,C00073,RETRY_ALL,0,0,,,0,0,,
RECLAIM-V2-007646,C00842,RETRY_ALL,0,0,,,0,0,,
RECLAIM-V2-007647,C00113,RETRY_ALL,0,0,,,0,0,,
RECLAIM-V2-007648,C00260,RETRY_ALL,0,0,,,0,0,,
RECLAIM-V2-007649,C00809,RETRY_ALL,0,0,,,0,0,,
RECLAIM-V2-007650,C00512,RETRY_ALL,0,0,,,0,0,,
RECLAIM-V2-007651,C00380,RETRY_ALL,0,0,,,0,0,,
RECLAIM-V2-007652,C00687,RETRY_ALL,0,0,,,0,0,,
RECLAIM-V2-007653,C00874,RETRY_ALL,0,0,,,0,0,,
RECLAIM-V2-007654,C00347,RETRY_ALL,0,0,,,0,0,,
RECLAIM-V2-007655,C00524,RETRY_ALL,0,0,,,0,0,,
RECLAIM-V2-007656,C00525,RETRY_ALL,0,0,,,0,0,,
RECLAIM-V2-007657,C00517,RETRY_ALL,0,0,,,0,0,,
RECLAIM-V2-007658,C00129,RETRY_ALL,0,0,,,0,0,,
RECLAIM-V2-007659,C00232,RETRY_ALL,0,0,,,0,0,,
RECLAIM-V2-007660,C00739,TARGET,1,0,,,0,0,,
RECLAIM-V2-007661,C00138,RETRY_ALL,0,0,,,0,0,,
RECLAIM-V2-007662,C00020,RETRY_ALL,0,0,,,0,0,,
RECLAIM-V2-007663,C00929,RETRY_ALL,0,0,,,0,0,,
RECLAIM-V2-007664,C00296,RETRY_ALL,0,0,,,0,0,,
RECLAIM-V2-007665,C00673,RETRY_ALL,0,0,,,0,0,,
RECLAIM-V2-007666,C00124,RETRY_ALL,0,0,,,0,0,,
RECLAIM-V2-007667,C00595,RETRY_ALL,0,0,,,0,0,,
RECLAIM-V2-007668,C00352,RETRY_ALL,0,0,,,0,0,,
RECLAIM-V2-007669,C00758,RETRY_ALL,0,0,,,0,0,,
RECLAIM-V2-007670,C00361,RETRY_ALL,0,0,,,0,0,,
RECLAIM-V2-007671,C00318,RETRY_ALL,0,0,,,0,0,,
RECLAIM-V2-007672,C00943,RETRY_ALL,0,0,,,0,0,,
RECLAIM-V2-007673,C00655,RETRY_ALL,0,0,,,0,0,,
RECLAIM-V2-007674,C00395,RETRY_ALL,0,0,,,0,0,,
RECLAIM-V2-007675,C00834,RETRY_ALL,0,0,,,0,0,,
RECLAIM-V2-007676,C00449,RETRY_ALL,0,0,,,0,0,,
RECLAIM-V2-007677,C00981,RETRY_ALL,0,0,,,0,0,,
RECLAIM-V2-007678,C00762,RETRY_ALL,0,0,,,0,0,,
RECLAIM-V2-007679,C00687,RETRY_ALL,0,0,,,0,0,,
RECLAIM-V2-007680,C00080,TARGET,1,0,,,0,0,,
RECLAIM-V2-007681,C00884,TARGET,1,0,,,0,0,,
RECLAIM-V2-007682,C00145,RETRY_ALL,0,0,,,0,0,,
RECLAIM-V2-007683,C00098,RETRY_ALL,0,0,,,0,0,,
RECLAIM-V2-007684,C00894,RETRY_ALL,0,0,,,0,0,,
RECLAIM-V2-007685,C00450,RETRY_ALL,0,0,,,0,0,,
RECLAIM-V2-007686,C00463,RETRY_ALL,0,0,,,0,0,,
RECLAIM-V2-007687,C00762,RETRY_ALL,0,0,,,0,0,,
RECLAIM-V2-007688,C00979,RETRY_ALL,0,0,,,0,0,,
RECLAIM-V2-007689,C00365,RETRY_ALL,0,0,,,0,0,,
RECLAIM-V2-007690,C00739,TARGET,1,0,,,0,0,,
RECLAIM-V2-007691,C00249,RETRY_ALL,0,0,,,0,0,,
RECLAIM-V2-007692,C00683,RETRY_ALL,0,0,,,0,0,,
RECLAIM-V2-007693,C00886,RETRY_ALL,0,0,,,0,0,,
RECLAIM-V2-007694,C00597,RETRY_ALL,0,0,,,0,0,,
RECLAIM-V2-007695,C00086,RETRY_ALL,0,0,,,0,0,,
RECLAIM-V2-007696,C00897,RETRY_ALL,0,0,,,0,0,,
RECLAIM-V2-007697,C00604,RETRY_ALL,0,0,,,0,0,,
RECLAIM-V2-007698,C00347,RETRY_ALL,0,0,,,0,0,,
RECLAIM-V2-007699,C00652,RETRY_ALL,0,0,,,0,0,,
RECLAIM-V2-007700,C00319,RETRY_ALL,0,0,,,0,0,,
RECLAIM-V2-007701,C00495,RETRY_ALL,0,0,,,0,0,,
RECLAIM-V2-007702,C00619,TARGET,1,0,,,0,0,,
RECLAIM-V2-007703,C00384,RETRY_ALL,0,0,,,0,0,,
RECLAIM-V2-007704,C00096,RETRY_ALL,0,0,,,0,0,,
RECLAIM-V2-007705,C00027,RETRY_ALL,0,0,,,0,0,,
RECLAIM-V2-007706,C00062,RETRY_ALL,0,0,,,0,0,,
RECLAIM-V2-007707,C00388,RETRY_ALL,0,0,,,0,0,,
RECLAIM-V2-007708,C00214,RETRY_ALL,0,0,,,0,0,,
RECLAIM-V2-007709,C00625,RETRY_ALL,0,0,,,0,0,,
RECLAIM-V2-007710,C00378,RETRY_ALL,0,0,,,0,0,,
RECLAIM-V2-007711,C00492,RETRY_ALL,0,0,,,0,0,,
RECLAIM-V2-007712,C00997,RETRY_ALL,0,0,,,0,0,,
RECLAIM-V2-007713,C00350,RETRY_ALL,0,0,,,0,0,,
RECLAIM-V2-007714,C00107,RETRY_ALL,0,0,,,0,0,,
RECLAIM-V2-007715,C00758,RETRY_ALL,0,0,,,0,0,,
RECLAIM-V2-007716,C00397,RETRY_ALL,0,0,,,0,0,,
RECLAIM-V2-007717,C00015,RETRY_ALL,0,0,,,0,0,,
RECLAIM-V2-007718,C00035,RETRY_ALL,0,0,,,0,0,,
RECLAIM-V2-007719,C00241,RETRY_ALL,0,0,,,0,0,,
RECLAIM-V2-007720,C00497,RETRY_ALL,0,0,,,0,0,,
RECLAIM-V2-007721,C00911,RETRY_ALL,0,0,,,0,0,,
RECLAIM-V2-007722,C00749,RETRY_ALL,0,0,,,0,0,,
RECLAIM-V2-007723,C00816,RETRY_ALL,0,0,,,0,0,,
RECLAIM-V2-007724,C00521,RETRY_ALL,0,0,,,0,0,,
RECLAIM-V2-007725,C00882,RETRY_ALL,0,0,,,0,0,,
RECLAIM-V2-007726,C00555,RETRY_ALL,0,0,,,0,0,,
RECLAIM-V2-007727,C00590,RETRY_ALL,0,0,,,0,0,,
RECLAIM-V2-007728,C00524,RETRY_ALL,0,0,,,0,0,,
RECLAIM-V2-007729,C00534,RETRY_ALL,0,0,,,0,0,,
RECLAIM-V2-007730,C00450,RETRY_ALL,0,0,,,0,0,,
RECLAIM-V2-007731,C00315,RETRY_ALL,0,0,,,0,0,,
RECLAIM-V2-007732,C00012,RETRY_ALL,0,0,,,0,0,,
RECLAIM-V2-007733,C00097,RETRY_ALL,0,0,,,0,0,,
RECLAIM-V2-007734,C00525,RETRY_ALL,0,0,,,0,0,,
RECLAIM-V2-007735,C00986,RETRY_ALL,0,0,,,0,0,,
RECLAIM-V2-007736,C00138,RETRY_ALL,0,0,,,0,0,,
RECLAIM-V2-007737,C00482,RETRY_ALL,0,0,,,0,0,,
RECLAIM-V2-007738,C00234,RETRY_ALL,0,0,,,0,0,,
RECLAIM-V2-007739,C00027,RETRY_ALL,0,0,,,0,0,,
RECLAIM-V2-007740,C00884,TARGET,1,0,,,0,0,,
RECLAIM-V2-007741,C00005,TARGET,1,0,,,0,0,,
RECLAIM-V2-007742,C00414,RETRY_ALL,0,0,,,0,0,,
RECLAIM-V2-007743,C00228,RETRY_ALL,0,0,,,0,0,,
RECLAIM-V2-007744,C00599,RETRY_ALL,0,0,,,0,0,,
RECLAIM-V2-007745,C00138,RETRY_ALL,0,0,,,0,0,,
RECLAIM-V2-007746,C00855,RETRY_ALL,0,0,,,0,0,,
RECLAIM-V2-007747,C00594,RETRY_ALL,0,0,,,0,0,,
RECLAIM-V2-007748,C00718,RETRY_ALL,0,0,,,0,0,,
RECLAIM-V2-007749,C00736,RETRY_ALL,0,0,,,0,0,,
RECLAIM-V2-007750,C00032,RETRY_ALL,0,0,,,0,0,,
RECLAIM-V2-007751,C00708,RETRY_ALL,0,0,,,0,0,,
RECLAIM-V2-007752,C00347,RETRY_ALL,0,0,,,0,0,,
RECLAIM-V2-007753,C00840,RETRY_ALL,0,0,,,0,0,,
RECLAIM-V2-007754,C00780,RETRY_ALL,0,0,,,0,0,,
RECLAIM-V2-007755,C00241,RETRY_ALL,0,0,,,0,0,,
RECLAIM-V2-007756,C00360,RETRY_ALL,0,0,,,0,0,,
RECLAIM-V2-007757,C00966,RETRY_ALL,0,0,,,0,0,,
RECLAIM-V2-007758,C00646,RETRY_ALL,0,0,,,0,0,,
RECLAIM-V2-007759,C00410,TARGET,1,0,,,0,0,,
RECLAIM-V2-007760,C00110,RETRY_ALL,0,0,,,0,0,,
RECLAIM-V2-007761,C00739,RETRY_ALL,0,0,,,0,0,,
RECLAIM-V2-007762,C00493,RETRY_ALL,0,0,,,0,0,,
RECLAIM-V2-007763,C00492,RETRY_ALL,0,0,,,0,0,,
RECLAIM-V2-007764,C00413,RETRY_ALL,0,0,,,0,0,,
RECLAIM-V2-007765,C00888,RETRY_ALL,0,0,,,0,0,,
RECLAIM-V2-007766,C00081,RETRY_ALL,0,0,,,0,0,,
RECLAIM-V2-007767,C00112,RETRY_ALL,0,0,,,0,0,,
RECLAIM-V2-007768,C00270,RETRY_ALL,0,0,,,0,0,,
RECLAIM-V2-007769,C00931,RETRY_ALL,0,0,,,0,0,,
RECLAIM-V2-007770,C00270,RETRY_ALL,0,0,,,0,0,,
RECLAIM-V2-007771,C00463,RETRY_ALL,0,0,,,0,0,,
RECLAIM-V2-007772,C00809,RETRY_ALL,0,0,,,0,0,,
RECLAIM-V2-007773,C00089,RETRY_ALL,0,0,,,0,0,,
RECLAIM-V2-007774,C00136,RETRY_ALL,0,0,,,0,0,,
RECLAIM-V2-007775,C00625,TARGET,1,0,,,0,0,,
RECLAIM-V2-007776,C00221,RETRY_ALL,0,0,,,0,0,,
RECLAIM-V2-007777,C00357,RETRY_ALL,0,0,,,0,0,,
RECLAIM-V2-007778,C00977,RETRY_ALL,0,0,,,0,0,,
RECLAIM-V2-007779,C00523,RETRY_ALL,0,0,,,0,0,,
RECLAIM-V2-007780,C00222,RETRY_ALL,0,0,,,0,0,,
RECLAIM-V2-007781,C00936,RETRY_ALL,0,0,,,0,0,,
RECLAIM-V2-007782,C00681,RETRY_ALL,0,0,,,0,0,,
RECLAIM-V2-007783,C00739,TARGET,1,0,,,0,0,,
RECLAIM-V2-007784,C00938,RETRY_ALL,0,0,,,0,0,,
RECLAIM-V2-007785,C00460,RETRY_ALL,0,0,,,0,0,,
RECLAIM-V2-007786,C00563,RETRY_ALL,0,0,,,0,0,,
RECLAIM-V2-007787,C00230,RETRY_ALL,0,0,,,0,0,,
RECLAIM-V2-007788,C00698,RETRY_ALL,0,0,,,0,0,,
RECLAIM-V2-007789,C00886,RETRY_ALL,0,0,,,0,0,,
RECLAIM-V2-007790,C00551,RETRY_ALL,0,0,,,0,0,,
RECLAIM-V2-007791,C00598,RETRY_ALL,0,0,,,0,0,,
RECLAIM-V2-007792,C00054,TARGET,1,0,,,0,0,,
RECLAIM-V2-007793,C00102,RETRY_ALL,0,0,,,0,0,,
RECLAIM-V2-007794,C00598,RETRY_ALL,0,0,,,0,0,,
RECLAIM-V2-007795,C00323,TARGET,1,0,,,0,0,,
RECLAIM-V2-007796,C00448,RETRY_ALL,0,0,,,0,0,,
RECLAIM-V2-007797,C00123,RETRY_ALL,0,0,,,0,0,,
RECLAIM-V2-007798,C00414,RETRY_ALL,0,0,,,0,0,,
RECLAIM-V2-007799,C00278,RETRY_ALL,0,0,,,0,0,,
RECLAIM-V2-007800,C00056,RETRY_ALL,0,0,,,0,0,,
RECLAIM-V2-007801,C00739,RETRY_ALL,0,0,,,0,0,,
RECLAIM-V2-007802,C00695,RETRY_ALL,0,0,,,0,0,,
RECLAIM-V2-007803,C00981,RETRY_ALL,0,0,,,0,0,,
RECLAIM-V2-007804,C00103,RETRY_ALL,0,0,,,0,0,,
RECLAIM-V2-007805,C00820,RETRY_ALL,0,0,,,0,0,,
RECLAIM-V2-007806,C00758,RETRY_ALL,0,0,,,0,0,,
RECLAIM-V2-007807,C00425,RETRY_ALL,0,0,,,0,0,,
RECLAIM-V2-007808,C00089,RETRY_ALL,0,0,,,0,0,,
RECLAIM-V2-007809,C00673,RETRY_ALL,0,0,,,0,0,,
RECLAIM-V2-007810,C00643,RETRY_ALL,0,0,,,0,0,,
RECLAIM-V2-007811,C00516,RETRY_ALL,0,0,,,0,0,,
RECLAIM-V2-007812,C00062,RETRY_ALL,0,0,,,0,0,,
RECLAIM-V2-007813,C00518,RETRY_ALL,0,0,,,0,0,,
RECLAIM-V2-007814,C00073,RETRY_ALL,0,0,,,0,0,,
RECLAIM-V2-007815,C00969,RETRY_ALL,0,0,,,0,0,,
RECLAIM-V2-007816,C00816,RETRY_ALL,0,0,,,0,0,,
RECLAIM-V2-007817,C00622,RETRY_ALL,0,0,,,0,0,,
RECLAIM-V2-007818,C00797,RETRY_ALL,0,0,,,0,0,,
RECLAIM-V2-007819,C00145,RETRY_ALL,0,0,,,0,0,,
RECLAIM-V2-007820,C00598,RETRY_ALL,0,0,,,0,0,,
RECLAIM-V2-007821,C00894,RETRY_ALL,0,0,,,0,0,,
RECLAIM-V2-007822,C00783,RETRY_ALL,0,0,,,0,0,,
RECLAIM-V2-007823,C00988,RETRY_ALL,0,0,,,0,0,,
RECLAIM-V2-007824,C00527,RETRY_ALL,0,0,,,0,0,,
RECLAIM-V2-007825,C00384,RETRY_ALL,0,0,,,0,0,,
RECLAIM-V2-007826,C00547,RETRY_ALL,0,0,,,0,0,,
RECLAIM-V2-007827,C00674,RETRY_ALL,0,0,,,0,0,,
RECLAIM-V2-007828,C00140,RETRY_ALL,0,0,,,0,0,,
RECLAIM-V2-007829,C00214,RETRY_ALL,0,0,,,0,0,,
RECLAIM-V2-007830,C00220,RETRY_ALL,0,0,,,0,0,,
RECLAIM-V2-007831,C00129,RETRY_ALL,0,0,,,0,0,,
RECLAIM-V2-007832,C00758,RETRY_ALL,0,0,,,0,0,,
RECLAIM-V2-007833,C00136,RETRY_ALL,0,0,,,0,0,,
RECLAIM-V2-007834,C00894,RETRY_ALL,0,0,,,0,0,,
RECLAIM-V2-007835,C00426,RETRY_ALL,0,0,,,0,0,,
RECLAIM-V2-007836,C00476,RETRY_ALL,0,0,,,0,0,,
RECLAIM-V2-007837,C00325,RETRY_ALL,0,0,,,0,0,,
RECLAIM-V2-007838,C00823,RETRY_ALL,0,0,,,0,0,,
RECLAIM-V2-007839,C00380,RETRY_ALL,0,0,,,0,0,,
RECLAIM-V2-007840,C00179,RETRY_ALL,0,0,,,0,0,,
RECLAIM-V2-007841,C00627,RETRY_ALL,0,0,,,0,0,,
RECLAIM-V2-007842,C00779,RETRY_ALL,0,0,,,0,0,,
RECLAIM-V2-007843,C00840,RETRY_ALL,0,0,,,0,0,,
RECLAIM-V2-007844,C00712,RETRY_ALL,0,0,,,0,0,,
RECLAIM-V2-007845,C00977,RETRY_ALL,0,0,,,0,0,,
RECLAIM-V2-007846,C00378,RETRY_ALL,0,0,,,0,0,,
RECLAIM-V2-007847,C00551,RETRY_ALL,0,0,,,0,0,,
RECLAIM-V2-007848,C00695,RETRY_ALL,0,0,,,0,0,,
RECLAIM-V2-007849,C00512,RETRY_ALL,0,0,,,0,0,,
RECLAIM-V2-007850,C00210,RETRY_ALL,0,0,,,0,0,,
RECLAIM-V2-007851,C00551,RETRY_ALL,0,0,,,0,0,,
RECLAIM-V2-007852,C00441,RETRY_ALL,0,0,,,0,0,,
RECLAIM-V2-007853,C00024,RETRY_ALL,0,0,,,0,0,,
RECLAIM-V2-007854,C00318,RETRY_ALL,0,0,,,0,0,,
RECLAIM-V2-007855,C00733,RETRY_ALL,0,0,,,0,0,,
RECLAIM-V2-007856,C00488,RETRY_ALL,0,0,,,0,0,,
RECLAIM-V2-007857,C00413,RETRY_ALL,0,0,,,0,0,,
RECLAIM-V2-007858,C00625,TARGET,1,0,,,0,0,,
RECLAIM-V2-007859,C00445,RETRY_ALL,0,0,,,0,0,,
RECLAIM-V2-007860,C00022,RETRY_ALL,0,0,,,0,0,,
RECLAIM-V2-007861,C00126,RETRY_ALL,0,0,,,0,0,,
RECLAIM-V2-007862,C00138,RETRY_ALL,0,0,,,0,0,,
RECLAIM-V2-007863,C00517,RETRY_ALL,0,0,,,0,0,,
RECLAIM-V2-007864,C00024,RETRY_ALL,0,0,,,0,0,,
RECLAIM-V2-007865,C00779,RETRY_ALL,0,0,,,0,0,,
RECLAIM-V2-007866,C00429,RETRY_ALL,0,0,,,0,0,,
RECLAIM-V2-007867,C00563,RETRY_ALL,0,0,,,0,0,,
RECLAIM-V2-007868,C00153,RETRY_ALL,0,0,,,0,0,,
RECLAIM-V2-007869,C00749,RETRY_ALL,0,0,,,0,0,,
RECLAIM-V2-007870,C00978,RETRY_ALL,0,0,,,0,0,,
RECLAIM-V2-007871,C00643,RETRY_ALL,0,0,,,0,0,,
RECLAIM-V2-007872,C00378,RETRY_ALL,0,0,,,0,0,,
RECLAIM-V2-007873,C00495,RETRY_ALL,0,0,,,0,0,,
RECLAIM-V2-007874,C00347,RETRY_ALL,0,0,,,0,0,,
RECLAIM-V2-007875,C00397,RETRY_ALL,0,0,,,0,0,,
RECLAIM-V2-007876,C00739,RETRY_ALL,0,0,,,0,0,,
RECLAIM-V2-007877,C00132,RETRY_ALL,0,0,,,0,0,,
RECLAIM-V2-007878,C00138,RETRY_ALL,0,0,,,0,0,,
RECLAIM-V2-007879,C00054,RETRY_ALL,0,0,,,0,0,,
RECLAIM-V2-007880,C00418,RETRY_ALL,0,0,,,0,0,,
RECLAIM-V2-007881,C00595,RETRY_ALL,0,0,,,0,0,,
RECLAIM-V2-007882,C00577,RETRY_ALL,0,0,,,0,0,,
RECLAIM-V2-007883,C00372,RETRY_ALL,0,0,,,0,0,,
RECLAIM-V2-007884,C00493,RETRY_ALL,0,0,,,0,0,,
RECLAIM-V2-007885,C00803,RETRY_ALL,0,0,,,0,0,,
RECLAIM-V2-007886,C00463,RETRY_ALL,0,0,,,0,0,,
RECLAIM-V2-007887,C00622,RETRY_ALL,0,0,,,0,0,,
RECLAIM-V2-007888,C00994,RETRY_ALL,0,0,,,0,0,,
RECLAIM-V2-007889,C00937,RETRY_ALL,0,0,,,0,0,,
RECLAIM-V2-007890,C00585,RETRY_ALL,0,0,,,0,0,,
RECLAIM-V2-007891,C00305,RETRY_ALL,0,0,,,0,0,,
RECLAIM-V2-007892,C00736,RETRY_ALL,0,0,,,0,0,,
RECLAIM-V2-007893,C00695,RETRY_ALL,0,0,,,0,0,,
RECLAIM-V2-007894,C00506,RETRY_ALL,0,0,,,0,0,,
RECLAIM-V2-007895,C00230,RETRY_ALL,0,0,,,0,0,,
RECLAIM-V2-007896,C00446,RETRY_ALL,0,0,,,0,0,,
RECLAIM-V2-007897,C00921,RETRY_ALL,0,0,,,0,0,,
RECLAIM-V2-007898,C00166,RETRY_ALL,0,0,,,0,0,,
RECLAIM-V2-007899,C00107,RETRY_ALL,0,0,,,0,0,,
RECLAIM-V2-007900,C00147,RETRY_ALL,0,0,,,0,0,,
RECLAIM-V2-007901,C00884,TARGET,1,0,,,0,0,,
RECLAIM-V2-007902,C00138,RETRY_ALL,0,0,,,0,0,,
RECLAIM-V2-007903,C00357,RETRY_ALL,0,0,,,0,0,,
RECLAIM-V2-007904,C00739,RETRY_ALL,0,0,,,0,0,,
RECLAIM-V2-007905,C00870,RETRY_ALL,0,0,,,0,0,,
RECLAIM-V2-007906,C00469,RETRY_ALL,0,0,,,0,0,,
RECLAIM-V2-007907,C00326,RETRY_ALL,0,0,,,0,0,,
RECLAIM-V2-007908,C00889,RETRY_ALL,0,0,,,0,0,,
RECLAIM-V2-007909,C00590,RETRY_ALL,0,0,,,0,0,,
RECLAIM-V2-007910,C00517,RETRY_ALL,0,0,,,0,0,,
RECLAIM-V2-007911,C00847,RETRY_ALL,0,0,,,0,0,,
RECLAIM-V2-007912,C00493,RETRY_ALL,0,0,,,0,0,,
RECLAIM-V2-007913,C00347,RETRY_ALL,0,0,,,0,0,,
RECLAIM-V2-007914,C00930,RETRY_ALL,0,0,,,0,0,,
RECLAIM-V2-007915,C00832,RETRY_ALL,0,0,,,0,0,,
RECLAIM-V2-007916,C00234,RETRY_ALL,0,0,,,0,0,,
RECLAIM-V2-007917,C00619,RETRY_ALL,0,0,,,0,0,,
RECLAIM-V2-007918,C00655,RETRY_ALL,0,0,,,0,0,,
RECLAIM-V2-007919,C00142,RETRY_ALL,0,0,,,0,0,,
RECLAIM-V2-007920,C00196,RETRY_ALL,0,0,,,0,0,,
RECLAIM-V2-007921,C00437,RETRY_ALL,0,0,,,0,0,,
RECLAIM-V2-007922,C00570,RETRY_ALL,0,0,,,0,0,,
RECLAIM-V2-007923,C00622,RETRY_ALL,0,0,,,0,0,,
RECLAIM-V2-007924,C00611,RETRY_ALL,0,0,,,0,0,,
RECLAIM-V2-007925,C00319,TARGET,1,0,,,0,0,,
RECLAIM-V2-007926,C00874,RETRY_ALL,0,0,,,0,0,,
RECLAIM-V2-007927,C00365,RETRY_ALL,0,0,,,0,0,,
RECLAIM-V2-007928,C00353,RETRY_ALL,0,0,,,0,0,,
RECLAIM-V2-007929,C00635,RETRY_ALL,0,0,,,0,0,,
RECLAIM-V2-007930,C00180,RETRY_ALL,0,0,,,0,0,,
RECLAIM-V2-007931,C00146,RETRY_ALL,0,0,,,0,0,,
RECLAIM-V2-007932,C00206,RETRY_ALL,0,0,,,0,0,,
RECLAIM-V2-007933,C00542,RETRY_ALL,0,0,,,0,0,,
RECLAIM-V2-007934,C00889,RETRY_ALL,0,0,,,0,0,,
RECLAIM-V2-007935,C00089,RETRY_ALL,0,0,,,0,0,,
RECLAIM-V2-007936,C00343,RETRY_ALL,0,0,,,0,0,,
RECLAIM-V2-007937,C00446,RETRY_ALL,0,0,,,0,0,,
RECLAIM-V2-007938,C00619,TARGET,1,0,,,0,0,,
RECLAIM-V2-007939,C00228,RETRY_ALL,0,0,,,0,0,,
RECLAIM-V2-007940,C00783,RETRY_ALL,0,0,,,0,0,,
RECLAIM-V2-007941,C00713,RETRY_ALL,0,0,,,0,0,,
RECLAIM-V2-007942,C00770,RETRY_ALL,0,0,,,0,0,,
RECLAIM-V2-007943,C00749,RETRY_ALL,0,0,,,0,0,,
RECLAIM-V2-007944,C00613,RETRY_ALL,0,0,,,0,0,,
RECLAIM-V2-007945,C00451,RETRY_ALL,0,0,,,0,0,,
RECLAIM-V2-007946,C00010,RETRY_ALL,0,0,,,0,0,,
RECLAIM-V2-007947,C00935,TARGET,1,0,,,0,0,,
RECLAIM-V2-007948,C00569,RETRY_ALL,0,0,,,0,0,,
RECLAIM-V2-007949,C00971,RETRY_ALL,0,0,,,0,0,,
RECLAIM-V2-007950,C00434,RETRY_ALL,0,0,,,0,0,,
RECLAIM-V2-007951,C00180,RETRY_ALL,0,0,,,0,0,,
RECLAIM-V2-007952,C00587,RETRY_ALL,0,0,,,0,0,,
RECLAIM-V2-007953,C00770,RETRY_ALL,0,0,,,0,0,,
RECLAIM-V2-007954,C00973,RETRY_ALL,0,0,,,0,0,,
RECLAIM-V2-007955,C00469,RETRY_ALL,0,0,,,0,0,,
RECLAIM-V2-007956,C00186,RETRY_ALL,0,0,,,0,0,,
RECLAIM-V2-007957,C00687,RETRY_ALL,0,0,,,0,0,,
RECLAIM-V2-007958,C00980,RETRY_ALL,0,0,,,0,0,,
RECLAIM-V2-007959,C00614,RETRY_ALL,0,0,,,0,0,,
RECLAIM-V2-007960,C00229,RETRY_ALL,0,0,,,0,0,,
RECLAIM-V2-007961,C00295,RETRY_ALL,0,0,,,0,0,,
RECLAIM-V2-007962,C00466,RETRY_ALL,0,0,,,0,0,,
RECLAIM-V2-007963,C00493,RETRY_ALL,0,0,,,0,0,,
RECLAIM-V2-007964,C00107,RETRY_ALL,0,0,,,0,0,,
RECLAIM-V2-007965,C00140,RETRY_ALL,0,0,,,0,0,,
RECLAIM-V2-007966,C00659,RETRY_ALL,0,0,,,0,0,,
RECLAIM-V2-007967,C00088,RETRY_ALL,0,0,,,0,0,,
RECLAIM-V2-007968,C00126,RETRY_ALL,0,0,,,0,0,,
RECLAIM-V2-007969,C00664,RETRY_ALL,0,0,,,0,0,,
RECLAIM-V2-007970,C00542,RETRY_ALL,0,0,,,0,0,,
RECLAIM-V2-007971,C00590,RETRY_ALL,0,0,,,0,0,,
RECLAIM-V2-007972,C00502,RETRY_ALL,0,0,,,0,0,,
RECLAIM-V2-007973,C00487,RETRY_ALL,0,0,,,0,0,,
RECLAIM-V2-007974,C00945,RETRY_ALL,0,0,,,0,0,,
RECLAIM-V2-007975,C00109,RETRY_ALL,0,0,,,0,0,,
RECLAIM-V2-007976,C00244,RETRY_ALL,0,0,,,0,0,,
RECLAIM-V2-007977,C00157,RETRY_ALL,0,0,,,0,0,,
RECLAIM-V2-007978,C00687,RETRY_ALL,0,0,,,0,0,,
RECLAIM-V2-007979,C00537,RETRY_ALL,0,0,,,0,0,,
RECLAIM-V2-007980,C00434,RETRY_ALL,0,0,,,0,0,,
RECLAIM-V2-007981,C00339,RETRY_ALL,0,0,,,0,0,,
RECLAIM-V2-007982,C00343,RETRY_ALL,0,0,,,0,0,,
RECLAIM-V2-007983,C00791,RETRY_ALL,0,0,,,0,0,,
RECLAIM-V2-007984,C00485,RETRY_ALL,0,0,,,0,0,,
RECLAIM-V2-007985,C00053,RETRY_ALL,0,0,,,0,0,,
RECLAIM-V2-007986,C00819,TARGET,1,0,,,0,0,,
RECLAIM-V2-007987,C00041,RETRY_ALL,0,0,,,0,0,,
RECLAIM-V2-007988,C00268,RETRY_ALL,0,0,,,0,0,,
RECLAIM-V2-007989,C00828,RETRY_ALL,0,0,,,0,0,,
RECLAIM-V2-007990,C00818,RETRY_ALL,0,0,,,0,0,,
RECLAIM-V2-007991,C00630,RETRY_ALL,0,0,,,0,0,,
RECLAIM-V2-007992,C00681,RETRY_ALL,0,0,,,0,0,,
RECLAIM-V2-007993,C00293,RETRY_ALL,0,0,,,0,0,,
RECLAIM-V2-007994,C00842,RETRY_ALL,0,0,,,0,0,,
RECLAIM-V2-007995,C00357,RETRY_ALL,0,0,,,0,0,,
RECLAIM-V2-007996,C00512,RETRY_ALL,0,0,,,0,0,,
RECLAIM-V2-007997,C00373,RETRY_ALL,0,0,,,0,0,,
RECLAIM-V2-007998,C00614,RETRY_ALL,0,0,,,0,0,,
RECLAIM-V2-007999,C00783,RETRY_ALL,0,0,,,0,0,,
RECLAIM-V2-008000,C00384,RETRY_ALL,0,0,,,0,0,,
RECLAIM-V2-008001,C00138,RETRY_ALL,0,0,,,0,0,,
RECLAIM-V2-008002,C00749,RETRY_ALL,0,0,,,0,0,,
RECLAIM-V2-008003,C00132,RETRY_ALL,0,0,,,0,0,,
RECLAIM-V2-008004,C00622,RETRY_ALL,0,0,,,0,0,,
RECLAIM-V2-008005,C00108,RETRY_ALL,0,0,,,0,0,,
RECLAIM-V2-008006,C00418,RETRY_ALL,0,0,,,0,0,,
RECLAIM-V2-008007,C00142,RETRY_ALL,0,0,,,0,0,,
RECLAIM-V2-008008,C00680,RETRY_ALL,0,0,,,0,0,,
RECLAIM-V2-008009,C00246,RETRY_ALL,0,0,,,0,0,,
RECLAIM-V2-008010,C00015,RETRY_ALL,0,0,,,0,0,,
RECLAIM-V2-008011,C00347,RETRY_ALL,0,0,,,0,0,,
RECLAIM-V2-008012,C00192,RETRY_ALL,0,0,,,0,0,,
RECLAIM-V2-008013,C00840,RETRY_ALL,0,0,,,0,0,,
RECLAIM-V2-008014,C00449,RETRY_ALL,0,0,,,0,0,,
RECLAIM-V2-008015,C00201,RETRY_ALL,0,0,,,0,0,,
RECLAIM-V2-008016,C00189,RETRY_ALL,0,0,,,0,0,,
RECLAIM-V2-008017,C00049,RETRY_ALL,0,0,,,0,0,,
RECLAIM-V2-008018,C00840,RETRY_ALL,0,0,,,0,0,,
RECLAIM-V2-008019,C00687,RETRY_ALL,0,0,,,0,0,,
RECLAIM-V2-008020,C00571,RETRY_ALL,0,0,,,0,0,,
RECLAIM-V2-008021,C00614,RETRY_ALL,0,0,,,0,0,,
RECLAIM-V2-008022,C00664,RETRY_ALL,0,0,,,0,0,,
RECLAIM-V2-008023,C00056,RETRY_ALL,0,0,,,0,0,,
RECLAIM-V2-008024,C00394,RETRY_ALL,0,0,,,0,0,,
RECLAIM-V2-008025,C00616,RETRY_ALL,0,0,,,0,0,,
RECLAIM-V2-008026,C00751,RETRY_ALL,0,0,,,0,0,,
RECLAIM-V2-008027,C00145,RETRY_ALL,0,0,,,0,0,,
RECLAIM-V2-008028,C00649,RETRY_ALL,0,0,,,0,0,,
RECLAIM-V2-008029,C00360,RETRY_ALL,0,0,,,0,0,,
RECLAIM-V2-008030,C00427,RETRY_ALL,0,0,,,0,0,,
RECLAIM-V2-008031,C00921,RETRY_ALL,0,0,,,0,0,,
RECLAIM-V2-008032,C00485,RETRY_ALL,0,0,,,0,0,,
RECLAIM-V2-008033,C00820,RETRY_ALL,0,0,,,0,0,,
RECLAIM-V2-008034,C00388,RETRY_ALL,0,0,,,0,0,,
RECLAIM-V2-008035,C00461,RETRY_ALL,0,0,,,0,0,,
RECLAIM-V2-008036,C00886,RETRY_ALL,0,0,,,0,0,,
RECLAIM-V2-008037,C00378,TARGET,1,0,,,0,0,,
RECLAIM-V2-008038,C00870,RETRY_ALL,0,0,,,0,0,,
RECLAIM-V2-008039,C00345,RETRY_ALL,0,0,,,0,0,,
RECLAIM-V2-008040,C00681,RETRY_ALL,0,0,,,0,0,,
RECLAIM-V2-008041,C00791,RETRY_ALL,0,0,,,0,0,,
RECLAIM-V2-008042,C00072,RETRY_ALL,0,0,,,0,0,,
RECLAIM-V2-008043,C00516,RETRY_ALL,0,0,,,0,0,,
RECLAIM-V2-008044,C00189,RETRY_ALL,0,0,,,0,0,,
RECLAIM-V2-008045,C00622,RETRY_ALL,0,0,,,0,0,,
RECLAIM-V2-008046,C00981,RETRY_ALL,0,0,,,0,0,,
RECLAIM-V2-008047,C00942,RETRY_ALL,0,0,,,0,0,,
RECLAIM-V2-008048,C00325,RETRY_ALL,0,0,,,0,0,,
RECLAIM-V2-008049,C00671,RETRY_ALL,0,0,,,0,0,,
RECLAIM-V2-008050,C00054,TARGET,1,0,,,0,0,,
RECLAIM-V2-008051,C00485,RETRY_ALL,0,0,,,0,0,,
RECLAIM-V2-008052,C00107,RETRY_ALL,0,0,,,0,0,,
RECLAIM-V2-008053,C00941,TARGET,1,0,,,0,0,,
RECLAIM-V2-008054,C00463,RETRY_ALL,0,0,,,0,0,,
RECLAIM-V2-008055,C00563,RETRY_ALL,0,0,,,0,0,,
RECLAIM-V2-008056,C00378,TARGET,1,0,,,0,0,,
RECLAIM-V2-008057,C00739,RETRY_ALL,0,0,,,0,0,,
RECLAIM-V2-008058,C00353,RETRY_ALL,0,0,,,0,0,,
RECLAIM-V2-008059,C00446,RETRY_ALL,0,0,,,0,0,,
RECLAIM-V2-008060,C00112,RETRY_ALL,0,0,,,0,0,,
RECLAIM-V2-008061,C00157,RETRY_ALL,0,0,,,0,0,,
RECLAIM-V2-008062,C00918,RETRY_ALL,0,0,,,0,0,,
RECLAIM-V2-008063,C00317,RETRY_ALL,0,0,,,0,0,,
RECLAIM-V2-008064,C00185,RETRY_ALL,0,0,,,0,0,,
RECLAIM-V2-008065,C00517,RETRY_ALL,0,0,,,0,0,,
RECLAIM-V2-008066,C00695,RETRY_ALL,0,0,,,0,0,,
RECLAIM-V2-008067,C00718,RETRY_ALL,0,0,,,0,0,,
RECLAIM-V2-008068,C00199,RETRY_ALL,0,0,,,0,0,,
RECLAIM-V2-008069,C00041,RETRY_ALL,0,0,,,0,0,,
RECLAIM-V2-008070,C00595,RETRY_ALL,0,0,,,0,0,,
RECLAIM-V2-008071,C00401,RETRY_ALL,0,0,,,0,0,,
RECLAIM-V2-008072,C00734,RETRY_ALL,0,0,,,0,0,,
RECLAIM-V2-008073,C00994,RETRY_ALL,0,0,,,0,0,,
RECLAIM-V2-008074,C00746,RETRY_ALL,0,0,,,0,0,,
RECLAIM-V2-008075,C00126,RETRY_ALL,0,0,,,0,0,,
RECLAIM-V2-008076,C00986,RETRY_ALL,0,0,,,0,0,,
RECLAIM-V2-008077,C00899,RETRY_ALL,0,0,,,0,0,,
RECLAIM-V2-008078,C00222,RETRY_ALL,0,0,,,0,0,,
RECLAIM-V2-008079,C00478,RETRY_ALL,0,0,,,0,0,,
RECLAIM-V2-008080,C00643,RETRY_ALL,0,0,,,0,0,,
RECLAIM-V2-008081,C00458,RETRY_ALL,0,0,,,0,0,,
RECLAIM-V2-008082,C00655,RETRY_ALL,0,0,,,0,0,,
RECLAIM-V2-008083,C00817,RETRY_ALL,0,0,,,0,0,,
RECLAIM-V2-008084,C00524,RETRY_ALL,0,0,,,0,0,,
RECLAIM-V2-008085,C00652,RETRY_ALL,0,0,,,0,0,,
RECLAIM-V2-008086,C00145,RETRY_ALL,0,0,,,0,0,,
RECLAIM-V2-008087,C00524,RETRY_ALL,0,0,,,0,0,,
RECLAIM-V2-008088,C00196,RETRY_ALL,0,0,,,0,0,,
RECLAIM-V2-008089,C00747,RETRY_ALL,0,0,,,0,0,,
RECLAIM-V2-008090,C00072,RETRY_ALL,0,0,,,0,0,,
RECLAIM-V2-008091,C00429,RETRY_ALL,0,0,,,0,0,,
RECLAIM-V2-008092,C00298,RETRY_ALL,0,0,,,0,0,,
RECLAIM-V2-008093,C00351,RETRY_ALL,0,0,,,0,0,,
RECLAIM-V2-008094,C00193,RETRY_ALL,0,0,,,0,0,,
RECLAIM-V2-008095,C00492,RETRY_ALL,0,0,,,0,0,,
RECLAIM-V2-008096,C00449,RETRY_ALL,0,0,,,0,0,,
RECLAIM-V2-008097,C00909,RETRY_ALL,0,0,,,0,0,,
RECLAIM-V2-008098,C00625,TARGET,1,0,,,0,0,,
RECLAIM-V2-008099,C00049,RETRY_ALL,0,0,,,0,0,,
RECLAIM-V2-008100,C00611,RETRY_ALL,0,0,,,0,0,,
RECLAIM-V2-008101,C00397,TARGET,1,0,,,0,0,,
RECLAIM-V2-008102,C00315,RETRY_ALL,0,0,,,0,0,,
RECLAIM-V2-008103,C00189,RETRY_ALL,0,0,,,0,0,,
RECLAIM-V2-008104,C00492,RETRY_ALL,0,0,,,0,0,,
RECLAIM-V2-008105,C00832,RETRY_ALL,0,0,,,0,0,,
RECLAIM-V2-008106,C00646,RETRY_ALL,0,0,,,0,0,,
RECLAIM-V2-008107,C00937,RETRY_ALL,0,0,,,0,0,,
RECLAIM-V2-008108,C00416,RETRY_ALL,0,0,,,0,0,,
RECLAIM-V2-008109,C00999,RETRY_ALL,0,0,,,0,0,,
RECLAIM-V2-008110,C00683,RETRY_ALL,0,0,,,0,0,,
RECLAIM-V2-008111,C00899,RETRY_ALL,0,0,,,0,0,,
RECLAIM-V2-008112,C00166,RETRY_ALL,0,0,,,0,0,,
RECLAIM-V2-008113,C00795,RETRY_ALL,0,0,,,0,0,,
RECLAIM-V2-008114,C00790,RETRY_ALL,0,0,,,0,0,,
RECLAIM-V2-008115,C00426,RETRY_ALL,0,0,,,0,0,,
RECLAIM-V2-008116,C00906,RETRY_ALL,0,0,,,0,0,,
RECLAIM-V2-008117,C00279,TARGET,1,0,,,0,0,,
RECLAIM-V2-008118,C00542,RETRY_ALL,0,0,,,0,0,,
RECLAIM-V2-008119,C00425,RETRY_ALL,0,0,,,0,0,,
RECLAIM-V2-008120,C00270,RETRY_ALL,0,0,,,0,0,,
RECLAIM-V2-008121,C00907,RETRY_ALL,0,0,,,0,0,,
RECLAIM-V2-008122,C00142,RETRY_ALL,0,0,,,0,0,,
RECLAIM-V2-008123,C00034,RETRY_ALL,0,0,,,0,0,,
RECLAIM-V2-008124,C00888,RETRY_ALL,0,0,,,0,0,,
RECLAIM-V2-008125,C00918,RETRY_ALL,0,0,,,0,0,,
RECLAIM-V2-008126,C00779,RETRY_ALL,0,0,,,0,0,,
RECLAIM-V2-008127,C00512,RETRY_ALL,0,0,,,0,0,,
RECLAIM-V2-008128,C00512,RETRY_ALL,0,0,,,0,0,,
RECLAIM-V2-008129,C00525,RETRY_ALL,0,0,,,0,0,,
RECLAIM-V2-008130,C00451,RETRY_ALL,0,0,,,0,0,,
RECLAIM-V2-008131,C00373,RETRY_ALL,0,0,,,0,0,,
RECLAIM-V2-008132,C00907,RETRY_ALL,0,0,,,0,0,,
RECLAIM-V2-008133,C00214,RETRY_ALL,0,0,,,0,0,,
RECLAIM-V2-008134,C00410,TARGET,1,0,,,0,0,,
RECLAIM-V2-008135,C00425,RETRY_ALL,0,0,,,0,0,,
RECLAIM-V2-008136,C00348,RETRY_ALL,0,0,,,0,0,,
RECLAIM-V2-008137,C00427,RETRY_ALL,0,0,,,0,0,,
RECLAIM-V2-008138,C00586,RETRY_ALL,0,0,,,0,0,,
RECLAIM-V2-008139,C00973,RETRY_ALL,0,0,,,0,0,,
RECLAIM-V2-008140,C00058,RETRY_ALL,0,0,,,0,0,,
RECLAIM-V2-008141,C00886,RETRY_ALL,0,0,,,0,0,,
RECLAIM-V2-008142,C00927,RETRY_ALL,0,0,,,0,0,,
RECLAIM-V2-008143,C00492,RETRY_ALL,0,0,,,0,0,,
RECLAIM-V2-008144,C00595,RETRY_ALL,0,0,,,0,0,,
RECLAIM-V2-008145,C00638,RETRY_ALL,0,0,,,0,0,,
RECLAIM-V2-008146,C00241,RETRY_ALL,0,0,,,0,0,,
RECLAIM-V2-008147,C00907,RETRY_ALL,0,0,,,0,0,,
RECLAIM-V2-008148,C00652,RETRY_ALL,0,0,,,0,0,,
RECLAIM-V2-008149,C00227,RETRY_ALL,0,0,,,0,0,,
RECLAIM-V2-008150,C00901,RETRY_ALL,0,0,,,0,0,,
RECLAIM-V2-008151,C00427,RETRY_ALL,0,0,,,0,0,,
RECLAIM-V2-008152,C00368,RETRY_ALL,0,0,,,0,0,,
RECLAIM-V2-008153,C00886,RETRY_ALL,0,0,,,0,0,,
RECLAIM-V2-008154,C00525,RETRY_ALL,0,0,,,0,0,,
RECLAIM-V2-008155,C00081,RETRY_ALL,0,0,,,0,0,,
RECLAIM-V2-008156,C00987,RETRY_ALL,0,0,,,0,0,,
RECLAIM-V2-008157,C00734,RETRY_ALL,0,0,,,0,0,,
RECLAIM-V2-008158,C00826,RETRY_ALL,0,0,,,0,0,,
RECLAIM-V2-008159,C00988,RETRY_ALL,0,0,,,0,0,,
RECLAIM-V2-008160,C00554,RETRY_ALL,0,0,,,0,0,,
RECLAIM-V2-008161,C00230,RETRY_ALL,0,0,,,0,0,,
RECLAIM-V2-008162,C00354,RETRY_ALL,0,0,,,0,0,,
RECLAIM-V2-008163,C00138,RETRY_ALL,0,0,,,0,0,,
RECLAIM-V2-008164,C00630,RETRY_ALL,0,0,,,0,0,,
RECLAIM-V2-008165,C00978,RETRY_ALL,0,0,,,0,0,,
RECLAIM-V2-008166,C00673,RETRY_ALL,0,0,,,0,0,,
RECLAIM-V2-008167,C00351,RETRY_ALL,0,0,,,0,0,,
RECLAIM-V2-008168,C00142,RETRY_ALL,0,0,,,0,0,,
RECLAIM-V2-008169,C00803,RETRY_ALL,0,0,,,0,0,,
RECLAIM-V2-008170,C00010,RETRY_ALL,0,0,,,0,0,,
RECLAIM-V2-008171,C00937,RETRY_ALL,0,0,,,0,0,,
RECLAIM-V2-008172,C00718,RETRY_ALL,0,0,,,0,0,,
RECLAIM-V2-008173,C00669,RETRY_ALL,0,0,,,0,0,,
RECLAIM-V2-008174,C00495,RETRY_ALL,0,0,,,0,0,,
RECLAIM-V2-008175,C00516,RETRY_ALL,0,0,,,0,0,,
RECLAIM-V2-008176,C00790,RETRY_ALL,0,0,,,0,0,,
RECLAIM-V2-008177,C00433,RETRY_ALL,0,0,,,0,0,,
RECLAIM-V2-008178,C00485,RETRY_ALL,0,0,,,0,0,,
RECLAIM-V2-008179,C00238,RETRY_ALL,0,0,,,0,0,,
RECLAIM-V2-008180,C00707,RETRY_ALL,0,0,,,0,0,,
RECLAIM-V2-008181,C00702,RETRY_ALL,0,0,,,0,0,,
RECLAIM-V2-008182,C00918,RETRY_ALL,0,0,,,0,0,,
RECLAIM-V2-008183,C00433,RETRY_ALL,0,0,,,0,0,,
RECLAIM-V2-008184,C00216,TARGET,1,0,,,0,0,,
RECLAIM-V2-008185,C00565,RETRY_ALL,0,0,,,0,0,,
RECLAIM-V2-008186,C00608,RETRY_ALL,0,0,,,0,0,,
RECLAIM-V2-008187,C00569,RETRY_ALL,0,0,,,0,0,,
RECLAIM-V2-008188,C00823,RETRY_ALL,0,0,,,0,0,,
RECLAIM-V2-008189,C00081,RETRY_ALL,0,0,,,0,0,,
RECLAIM-V2-008190,C00534,RETRY_ALL,0,0,,,0,0,,
RECLAIM-V2-008191,C00673,RETRY_ALL,0,0,,,0,0,,
RECLAIM-V2-008192,C00427,RETRY_ALL,0,0,,,0,0,,
RECLAIM-V2-008193,C00110,RETRY_ALL,0,0,,,0,0,,
RECLAIM-V2-008194,C00687,RETRY_ALL,0,0,,,0,0,,
RECLAIM-V2-008195,C00053,RETRY_ALL,0,0,,,0,0,,
RECLAIM-V2-008196,C00005,RETRY_ALL,0,0,,,0,0,,
RECLAIM-V2-008197,C00466,RETRY_ALL,0,0,,,0,0,,
RECLAIM-V2-008198,C00109,RETRY_ALL,0,0,,,0,0,,
RECLAIM-V2-008199,C00492,RETRY_ALL,0,0,,,0,0,,
RECLAIM-V2-008200,C00440,RETRY_ALL,0,0,,,0,0,,
RECLAIM-V2-008201,C00244,RETRY_ALL,0,0,,,0,0,,
RECLAIM-V2-008202,C00752,RETRY_ALL,0,0,,,0,0,,
RECLAIM-V2-008203,C00022,RETRY_ALL,0,0,,,0,0,,
RECLAIM-V2-008204,C00847,RETRY_ALL,0,0,,,0,0,,
RECLAIM-V2-008205,C00834,RETRY_ALL,0,0,,,0,0,,
RECLAIM-V2-008206,C00147,RETRY_ALL,0,0,,,0,0,,
RECLAIM-V2-008207,C00461,TARGET,1,0,,,0,0,,
RECLAIM-V2-008208,C00749,RETRY_ALL,0,0,,,0,0,,
RECLAIM-V2-008209,C00764,RETRY_ALL,0,0,,,0,0,,
RECLAIM-V2-008210,C00886,RETRY_ALL,0,0,,,0,0,,
RECLAIM-V2-008211,C00182,RETRY_ALL,0,0,,,0,0,,
RECLAIM-V2-008212,C00718,RETRY_ALL,0,0,,,0,0,,
RECLAIM-V2-008213,C00945,RETRY_ALL,0,0,,,0,0,,
RECLAIM-V2-008214,C00698,RETRY_ALL,0,0,,,0,0,,
RECLAIM-V2-008215,C00179,RETRY_ALL,0,0,,,0,0,,
RECLAIM-V2-008216,C00246,RETRY_ALL,0,0,,,0,0,,
RECLAIM-V2-008217,C00907,RETRY_ALL,0,0,,,0,0,,
RECLAIM-V2-008218,C00404,TARGET,1,0,,,0,0,,
RECLAIM-V2-008219,C00234,RETRY_ALL,0,0,,,0,0,,
RECLAIM-V2-008220,C00476,RETRY_ALL,0,0,,,0,0,,
RECLAIM-V2-008221,C00918,RETRY_ALL,0,0,,,0,0,,
RECLAIM-V2-008222,C00542,RETRY_ALL,0,0,,,0,0,,
RECLAIM-V2-008223,C00158,RETRY_ALL,0,0,,,0,0,,
RECLAIM-V2-008224,C00735,RETRY_ALL,0,0,,,0,0,,
RECLAIM-V2-008225,C00432,RETRY_ALL,0,0,,,0,0,,
RECLAIM-V2-008226,C00676,RETRY_ALL,0,0,,,0,0,,
RECLAIM-V2-008227,C00590,RETRY_ALL,0,0,,,0,0,,
RECLAIM-V2-008228,C00058,RETRY_ALL,0,0,,,0,0,,
RECLAIM-V2-008229,C00551,RETRY_ALL,0,0,,,0,0,,
RECLAIM-V2-008230,C00373,RETRY_ALL,0,0,,,0,0,,
RECLAIM-V2-008231,C00012,RETRY_ALL,0,0,,,0,0,,
RECLAIM-V2-008232,C00460,RETRY_ALL,0,0,,,0,0,,
RECLAIM-V2-008233,C00365,RETRY_ALL,0,0,,,0,0,,
RECLAIM-V2-008234,C00196,RETRY_ALL,0,0,,,0,0,,
RECLAIM-V2-008235,C00210,RETRY_ALL,0,0,,,0,0,,
RECLAIM-V2-008236,C00037,RETRY_ALL,0,0,,,0,0,,
RECLAIM-V2-008237,C00718,RETRY_ALL,0,0,,,0,0,,
RECLAIM-V2-008238,C00350,RETRY_ALL,0,0,,,0,0,,
RECLAIM-V2-008239,C00574,RETRY_ALL,0,0,,,0,0,,
RECLAIM-V2-008240,C00929,RETRY_ALL,0,0,,,0,0,,
RECLAIM-V2-008241,C00329,RETRY_ALL,0,0,,,0,0,,
RECLAIM-V2-008242,C00005,TARGET,1,0,,,0,0,,
RECLAIM-V2-008243,C00270,RETRY_ALL,0,0,,,0,0,,
RECLAIM-V2-008244,C00979,RETRY_ALL,0,0,,,0,0,,
RECLAIM-V2-008245,C00779,RETRY_ALL,0,0,,,0,0,,
RECLAIM-V2-008246,C00451,RETRY_ALL,0,0,,,0,0,,
RECLAIM-V2-008247,C00825,RETRY_ALL,0,0,,,0,0,,
RECLAIM-V2-008248,C00819,TARGET,1,0,,,0,0,,
RECLAIM-V2-008249,C00461,TARGET,1,0,,,0,0,,
RECLAIM-V2-008250,C00825,RETRY_ALL,0,0,,,0,0,,
RECLAIM-V2-008251,C00573,RETRY_ALL,0,0,,,0,0,,
RECLAIM-V2-008252,C00517,RETRY_ALL,0,0,,,0,0,,
RECLAIM-V2-008253,C00551,RETRY_ALL,0,0,,,0,0,,
RECLAIM-V2-008254,C00153,RETRY_ALL,0,0,,,0,0,,
RECLAIM-V2-008255,C00086,RETRY_ALL,0,0,,,0,0,,
RECLAIM-V2-008256,C00874,RETRY_ALL,0,0,,,0,0,,
RECLAIM-V2-008257,C00005,RETRY_ALL,0,0,,,0,0,,
RECLAIM-V2-008258,C00461,TARGET,1,0,,,0,0,,
RECLAIM-V2-008259,C00659,RETRY_ALL,0,0,,,0,0,,
RECLAIM-V2-008260,C00649,RETRY_ALL,0,0,,,0,0,,
RECLAIM-V2-008261,C00497,RETRY_ALL,0,0,,,0,0,,
RECLAIM-V2-008262,C00670,RETRY_ALL,0,0,,,0,0,,
RECLAIM-V2-008263,C00451,RETRY_ALL,0,0,,,0,0,,
RECLAIM-V2-008264,C00584,RETRY_ALL,0,0,,,0,0,,
RECLAIM-V2-008265,C00687,RETRY_ALL,0,0,,,0,0,,
RECLAIM-V2-008266,C00664,RETRY_ALL,0,0,,,0,0,,
RECLAIM-V2-008267,C00365,RETRY_ALL,0,0,,,0,0,,
RECLAIM-V2-008268,C00199,RETRY_ALL,0,0,,,0,0,,
RECLAIM-V2-008269,C00249,RETRY_ALL,0,0,,,0,0,,
RECLAIM-V2-008270,C00222,RETRY_ALL,0,0,,,0,0,,
RECLAIM-V2-008271,C00395,RETRY_ALL,0,0,,,0,0,,
RECLAIM-V2-008272,C00855,RETRY_ALL,0,0,,,0,0,,
RECLAIM-V2-008273,C00673,RETRY_ALL,0,0,,,0,0,,
RECLAIM-V2-008274,C00005,RETRY_ALL,0,0,,,0,0,,
RECLAIM-V2-008275,C00350,RETRY_ALL,0,0,,,0,0,,
RECLAIM-V2-008276,C00053,RETRY_ALL,0,0,,,0,0,,
RECLAIM-V2-008277,C00123,RETRY_ALL,0,0,,,0,0,,
RECLAIM-V2-008278,C00485,RETRY_ALL,0,0,,,0,0,,
RECLAIM-V2-008279,C00646,RETRY_ALL,0,0,,,0,0,,
RECLAIM-V2-008280,C00174,RETRY_ALL,0,0,,,0,0,,
RECLAIM-V2-008281,C00872,RETRY_ALL,0,0,,,0,0,,
RECLAIM-V2-008282,C00551,RETRY_ALL,0,0,,,0,0,,
RECLAIM-V2-008283,C00270,RETRY_ALL,0,0,,,0,0,,
RECLAIM-V2-008284,C00571,RETRY_ALL,0,0,,,0,0,,
RECLAIM-V2-008285,C00228,RETRY_ALL,0,0,,,0,0,,
RECLAIM-V2-008286,C00373,RETRY_ALL,0,0,,,0,0,,
RECLAIM-V2-008287,C00182,RETRY_ALL,0,0,,,0,0,,
RECLAIM-V2-008288,C00961,RETRY_ALL,0,0,,,0,0,,
RECLAIM-V2-008289,C00173,RETRY_ALL,0,0,,,0,0,,
RECLAIM-V2-008290,C00810,RETRY_ALL,0,0,,,0,0,,
RECLAIM-V2-008291,C00393,RETRY_ALL,0,0,,,0,0,,
RECLAIM-V2-008292,C00360,RETRY_ALL,0,0,,,0,0,,
RECLAIM-V2-008293,C00655,RETRY_ALL,0,0,,,0,0,,
RECLAIM-V2-008294,C00538,RETRY_ALL,0,0,,,0,0,,
RECLAIM-V2-008295,C00222,RETRY_ALL,0,0,,,0,0,,
RECLAIM-V2-008296,C00739,RETRY_ALL,0,0,,,0,0,,
RECLAIM-V2-008297,C00502,RETRY_ALL,0,0,,,0,0,,
RECLAIM-V2-008298,C00352,RETRY_ALL,0,0,,,0,0,,
RECLAIM-V2-008299,C00977,RETRY_ALL,0,0,,,0,0,,
RECLAIM-V2-008300,C00145,RETRY_ALL,0,0,,,0,0,,
RECLAIM-V2-008301,C00988,RETRY_ALL,0,0,,,0,0,,
RECLAIM-V2-008302,C00492,RETRY_ALL,0,0,,,0,0,,
RECLAIM-V2-008303,C00450,RETRY_ALL,0,0,,,0,0,,
RECLAIM-V2-008304,C00492,RETRY_ALL,0,0,,,0,0,,
RECLAIM-V2-008305,C00232,RETRY_ALL,0,0,,,0,0,,
RECLAIM-V2-008306,C00627,RETRY_ALL,0,0,,,0,0,,
RECLAIM-V2-008307,C00842,RETRY_ALL,0,0,,,0,0,,
RECLAIM-V2-008308,C00911,RETRY_ALL,0,0,,,0,0,,
RECLAIM-V2-008309,C00108,RETRY_ALL,0,0,,,0,0,,
RECLAIM-V2-008310,C00994,RETRY_ALL,0,0,,,0,0,,
RECLAIM-V2-008311,C00201,RETRY_ALL,0,0,,,0,0,,
RECLAIM-V2-008312,C00229,RETRY_ALL,0,0,,,0,0,,
RECLAIM-V2-008313,C00997,RETRY_ALL,0,0,,,0,0,,
RECLAIM-V2-008314,C00469,RETRY_ALL,0,0,,,0,0,,
RECLAIM-V2-008315,C00846,RETRY_ALL,0,0,,,0,0,,
RECLAIM-V2-008316,C00619,TARGET,1,0,,,0,0,,
RECLAIM-V2-008317,C00991,RETRY_ALL,0,0,,,0,0,,
RECLAIM-V2-008318,C00969,RETRY_ALL,0,0,,,0,0,,
RECLAIM-V2-008319,C00352,RETRY_ALL,0,0,,,0,0,,
RECLAIM-V2-008320,C00930,RETRY_ALL,0,0,,,0,0,,
RECLAIM-V2-008321,C00991,RETRY_ALL,0,0,,,0,0,,
RECLAIM-V2-008322,C00966,RETRY_ALL,0,0,,,0,0,,
RECLAIM-V2-008323,C00571,RETRY_ALL,0,0,,,0,0,,
RECLAIM-V2-008324,C00664,RETRY_ALL,0,0,,,0,0,,
RECLAIM-V2-008325,C00512,RETRY_ALL,0,0,,,0,0,,
RECLAIM-V2-008326,C00199,RETRY_ALL,0,0,,,0,0,,
RECLAIM-V2-008327,C00746,RETRY_ALL,0,0,,,0,0,,
RECLAIM-V2-008328,C00542,RETRY_ALL,0,0,,,0,0,,
RECLAIM-V2-008329,C00265,RETRY_ALL,0,0,,,0,0,,
RECLAIM-V2-008330,C00585,RETRY_ALL,0,0,,,0,0,,
RECLAIM-V2-008331,C00627,RETRY_ALL,0,0,,,0,0,,
RECLAIM-V2-008332,C00739,TARGET,1,0,,,0,0,,
RECLAIM-V2-008333,C00590,RETRY_ALL,0,0,,,0,0,,
RECLAIM-V2-008334,C00401,RETRY_ALL,0,0,,,0,0,,
RECLAIM-V2-008335,C00103,RETRY_ALL,0,0,,,0,0,,
RECLAIM-V2-008336,C00611,RETRY_ALL,0,0,,,0,0,,
RECLAIM-V2-008337,C00295,RETRY_ALL,0,0,,,0,0,,
RECLAIM-V2-008338,C00270,RETRY_ALL,0,0,,,0,0,,
RECLAIM-V2-008339,C00368,RETRY_ALL,0,0,,,0,0,,
RECLAIM-V2-008340,C00232,RETRY_ALL,0,0,,,0,0,,
RECLAIM-V2-008341,C00307,RETRY_ALL,0,0,,,0,0,,
RECLAIM-V2-008342,C00145,RETRY_ALL,0,0,,,0,0,,
RECLAIM-V2-008343,C00015,RETRY_ALL,0,0,,,0,0,,
RECLAIM-V2-008344,C00718,RETRY_ALL,0,0,,,0,0,,
RECLAIM-V2-008345,C00973,RETRY_ALL,0,0,,,0,0,,
RECLAIM-V2-008346,C00931,RETRY_ALL,0,0,,,0,0,,
RECLAIM-V2-008347,C00249,RETRY_ALL,0,0,,,0,0,,
RECLAIM-V2-008348,C00683,RETRY_ALL,0,0,,,0,0,,
RECLAIM-V2-008349,C00279,TARGET,1,0,,,0,0,,
RECLAIM-V2-008350,C00622,RETRY_ALL,0,0,,,0,0,,
RECLAIM-V2-008351,C00440,RETRY_ALL,0,0,,,0,0,,
RECLAIM-V2-008352,C00070,RETRY_ALL,0,0,,,0,0,,
RECLAIM-V2-008353,C00604,RETRY_ALL,0,0,,,0,0,,
RECLAIM-V2-008354,C00680,RETRY_ALL,0,0,,,0,0,,
RECLAIM-V2-008355,C00517,RETRY_ALL,0,0,,,0,0,,
RECLAIM-V2-008356,C00131,RETRY_ALL,0,0,,,0,0,,
RECLAIM-V2-008357,C00315,RETRY_ALL,0,0,,,0,0,,
RECLAIM-V2-008358,C00517,RETRY_ALL,0,0,,,0,0,,
RECLAIM-V2-008359,C00954,RETRY_ALL,0,0,,,0,0,,
RECLAIM-V2-008360,C00534,RETRY_ALL,0,0,,,0,0,,
RECLAIM-V2-008361,C00573,RETRY_ALL,0,0,,,0,0,,
RECLAIM-V2-008362,C00196,RETRY_ALL,0,0,,,0,0,,
RECLAIM-V2-008363,C00035,RETRY_ALL,0,0,,,0,0,,
RECLAIM-V2-008364,C00293,RETRY_ALL,0,0,,,0,0,,
RECLAIM-V2-008365,C00517,RETRY_ALL,0,0,,,0,0,,
RECLAIM-V2-008366,C00764,TARGET,1,0,,,0,0,,
RECLAIM-V2-008367,C00649,RETRY_ALL,0,0,,,0,0,,
RECLAIM-V2-008368,C00966,RETRY_ALL,0,0,,,0,0,,
RECLAIM-V2-008369,C00534,RETRY_ALL,0,0,,,0,0,,
RECLAIM-V2-008370,C00135,RETRY_ALL,0,0,,,0,0,,
RECLAIM-V2-008371,C00649,RETRY_ALL,0,0,,,0,0,,
RECLAIM-V2-008372,C00131,RETRY_ALL,0,0,,,0,0,,
RECLAIM-V2-008373,C00223,RETRY_ALL,0,0,,,0,0,,
RECLAIM-V2-008374,C00437,RETRY_ALL,0,0,,,0,0,,
RECLAIM-V2-008375,C00817,RETRY_ALL,0,0,,,0,0,,
RECLAIM-V2-008376,C00232,RETRY_ALL,0,0,,,0,0,,
RECLAIM-V2-008377,C00182,RETRY_ALL,0,0,,,0,0,,
RECLAIM-V2-008378,C00488,RETRY_ALL,0,0,,,0,0,,
RECLAIM-V2-008379,C00783,RETRY_ALL,0,0,,,0,0,,
RECLAIM-V2-008380,C00451,RETRY_ALL,0,0,,,0,0,,
RECLAIM-V2-008381,C00669,RETRY_ALL,0,0,,,0,0,,
RECLAIM-V2-008382,C00619,TARGET,1,0,,,0,0,,
RECLAIM-V2-008383,C00587,RETRY_ALL,0,0,,,0,0,,
RECLAIM-V2-008384,C00929,RETRY_ALL,0,0,,,0,0,,
RECLAIM-V2-008385,C00221,RETRY_ALL,0,0,,,0,0,,
RECLAIM-V2-008386,C00451,RETRY_ALL,0,0,,,0,0,,
RECLAIM-V2-008387,C00870,RETRY_ALL,0,0,,,0,0,,
RECLAIM-V2-008388,C00611,RETRY_ALL,0,0,,,0,0,,
RECLAIM-V2-008389,C00196,RETRY_ALL,0,0,,,0,0,,
RECLAIM-V2-008390,C00123,RETRY_ALL,0,0,,,0,0,,
RECLAIM-V2-008391,C00973,RETRY_ALL,0,0,,,0,0,,
RECLAIM-V2-008392,C00991,RETRY_ALL,0,0,,,0,0,,
RECLAIM-V2-008393,C00461,RETRY_ALL,0,0,,,0,0,,
RECLAIM-V2-008394,C00597,RETRY_ALL,0,0,,,0,0,,
RECLAIM-V2-008395,C00680,TARGET,1,0,,,0,0,,
RECLAIM-V2-008396,C00109,RETRY_ALL,0,0,,,0,0,,
RECLAIM-V2-008397,C00525,RETRY_ALL,0,0,,,0,0,,
RECLAIM-V2-008398,C00450,RETRY_ALL,0,0,,,0,0,,
RECLAIM-V2-008399,C00825,RETRY_ALL,0,0,,,0,0,,
RECLAIM-V2-008400,C00695,RETRY_ALL,0,0,,,0,0,,
RECLAIM-V2-008401,C00978,RETRY_ALL,0,0,,,0,0,,
RECLAIM-V2-008402,C00872,RETRY_ALL,0,0,,,0,0,,
RECLAIM-V2-008403,C00687,RETRY_ALL,0,0,,,0,0,,
RECLAIM-V2-008404,C00214,RETRY_ALL,0,0,,,0,0,,
RECLAIM-V2-008405,C00807,RETRY_ALL,0,0,,,0,0,,
RECLAIM-V2-008406,C00476,RETRY_ALL,0,0,,,0,0,,
RECLAIM-V2-008407,C00818,RETRY_ALL,0,0,,,0,0,,
RECLAIM-V2-008408,C00043,RETRY_ALL,0,0,,,0,0,,
RECLAIM-V2-008409,C00695,RETRY_ALL,0,0,,,0,0,,
RECLAIM-V2-008410,C00565,RETRY_ALL,0,0,,,0,0,,
RECLAIM-V2-008411,C00186,RETRY_ALL,0,0,,,0,0,,
RECLAIM-V2-008412,C00320,RETRY_ALL,0,0,,,0,0,,
RECLAIM-V2-008413,C00062,RETRY_ALL,0,0,,,0,0,,
RECLAIM-V2-008414,C00809,RETRY_ALL,0,0,,,0,0,,
RECLAIM-V2-008415,C00659,RETRY_ALL,0,0,,,0,0,,
RECLAIM-V2-008416,C00687,RETRY_ALL,0,0,,,0,0,,
RECLAIM-V2-008417,C00158,RETRY_ALL,0,0,,,0,0,,
RECLAIM-V2-008418,C00882,RETRY_ALL,0,0,,,0,0,,
RECLAIM-V2-008419,C00413,RETRY_ALL,0,0,,,0,0,,
RECLAIM-V2-008420,C00590,RETRY_ALL,0,0,,,0,0,,
RECLAIM-V2-008421,C00329,RETRY_ALL,0,0,,,0,0,,
RECLAIM-V2-008422,C00669,RETRY_ALL,0,0,,,0,0,,
RECLAIM-V2-008423,C00919,RETRY_ALL,0,0,,,0,0,,
RECLAIM-V2-008424,C00534,RETRY_ALL,0,0,,,0,0,,
RECLAIM-V2-008425,C00816,RETRY_ALL,0,0,,,0,0,,
RECLAIM-V2-008426,C00687,RETRY_ALL,0,0,,,0,0,,
RECLAIM-V2-008427,C00393,RETRY_ALL,0,0,,,0,0,,
RECLAIM-V2-008428,C00994,RETRY_ALL,0,0,,,0,0,,
RECLAIM-V2-008429,C00840,RETRY_ALL,0,0,,,0,0,,
RECLAIM-V2-008430,C00241,RETRY_ALL,0,0,,,0,0,,
RECLAIM-V2-008431,C00223,RETRY_ALL,0,0,,,0,0,,
RECLAIM-V2-008432,C00517,RETRY_ALL,0,0,,,0,0,,
RECLAIM-V2-008433,C00180,RETRY_ALL,0,0,,,0,0,,
RECLAIM-V2-008434,C00938,RETRY_ALL,0,0,,,0,0,,
RECLAIM-V2-008435,C00988,RETRY_ALL,0,0,,,0,0,,
RECLAIM-V2-008436,C00841,RETRY_ALL,0,0,,,0,0,,
RECLAIM-V2-008437,C00954,RETRY_ALL,0,0,,,0,0,,
RECLAIM-V2-008438,C00438,RETRY_ALL,0,0,,,0,0,,
RECLAIM-V2-008439,C00779,RETRY_ALL,0,0,,,0,0,,
RECLAIM-V2-008440,C00874,RETRY_ALL,0,0,,,0,0,,
RECLAIM-V2-008441,C00365,RETRY_ALL,0,0,,,0,0,,
RECLAIM-V2-008442,C00088,RETRY_ALL,0,0,,,0,0,,
RECLAIM-V2-008443,C00347,RETRY_ALL,0,0,,,0,0,,
RECLAIM-V2-008444,C00537,RETRY_ALL,0,0,,,0,0,,
RECLAIM-V2-008445,C00413,RETRY_ALL,0,0,,,0,0,,
RECLAIM-V2-008446,C00735,RETRY_ALL,0,0,,,0,0,,
RECLAIM-V2-008447,C00718,RETRY_ALL,0,0,,,0,0,,
RECLAIM-V2-008448,C00418,RETRY_ALL,0,0,,,0,0,,
RECLAIM-V2-008449,C00997,RETRY_ALL,0,0,,,0,0,,
RECLAIM-V2-008450,C00747,RETRY_ALL,0,0,,,0,0,,
RECLAIM-V2-008451,C00550,TARGET,1,0,,,0,0,,
RECLAIM-V2-008452,C00329,RETRY_ALL,0,0,,,0,0,,
RECLAIM-V2-008453,C00452,RETRY_ALL,0,0,,,0,0,,
RECLAIM-V2-008454,C00707,RETRY_ALL,0,0,,,0,0,,
RECLAIM-V2-008455,C00595,RETRY_ALL,0,0,,,0,0,,
RECLAIM-V2-008456,C00713,RETRY_ALL,0,0,,,0,0,,
RECLAIM-V2-008457,C00190,RETRY_ALL,0,0,,,0,0,,
RECLAIM-V2-008458,C00275,RETRY_ALL,0,0,,,0,0,,
RECLAIM-V2-008459,C00519,RETRY_ALL,0,0,,,0,0,,
RECLAIM-V2-008460,C00823,RETRY_ALL,0,0,,,0,0,,
RECLAIM-V2-008461,C00216,TARGET,1,0,,,0,0,,
RECLAIM-V2-008462,C00214,RETRY_ALL,0,0,,,0,0,,
RECLAIM-V2-008463,C00241,RETRY_ALL,0,0,,,0,0,,
RECLAIM-V2-008464,C00404,TARGET,1,0,,,0,0,,
RECLAIM-V2-008465,C00551,RETRY_ALL,0,0,,,0,0,,
RECLAIM-V2-008466,C00179,RETRY_ALL,0,0,,,0,0,,
RECLAIM-V2-008467,C00058,RETRY_ALL,0,0,,,0,0,,
RECLAIM-V2-008468,C00680,TARGET,1,0,,,0,0,,
RECLAIM-V2-008469,C00232,RETRY_ALL,0,0,,,0,0,,
RECLAIM-V2-008470,C00497,RETRY_ALL,0,0,,,0,0,,
RECLAIM-V2-008471,C00534,RETRY_ALL,0,0,,,0,0,,
RECLAIM-V2-008472,C00803,RETRY_ALL,0,0,,,0,0,,
RECLAIM-V2-008473,C00708,RETRY_ALL,0,0,,,0,0,,
RECLAIM-V2-008474,C00289,RETRY_ALL,0,0,,,0,0,,
RECLAIM-V2-008475,C00158,RETRY_ALL,0,0,,,0,0,,
RECLAIM-V2-008476,C00931,RETRY_ALL,0,0,,,0,0,,
RECLAIM-V2-008477,C00534,RETRY_ALL,0,0,,,0,0,,
RECLAIM-V2-008478,C00991,RETRY_ALL,0,0,,,0,0,,
RECLAIM-V2-008479,C00842,RETRY_ALL,0,0,,,0,0,,
RECLAIM-V2-008480,C00088,RETRY_ALL,0,0,,,0,0,,
RECLAIM-V2-008481,C00492,RETRY_ALL,0,0,,,0,0,,
RECLAIM-V2-008482,C00426,RETRY_ALL,0,0,,,0,0,,
RECLAIM-V2-008483,C00220,RETRY_ALL,0,0,,,0,0,,
RECLAIM-V2-008484,C00478,RETRY_ALL,0,0,,,0,0,,
RECLAIM-V2-008485,C00584,RETRY_ALL,0,0,,,0,0,,
RECLAIM-V2-008486,C00427,RETRY_ALL,0,0,,,0,0,,
RECLAIM-V2-008487,C00551,RETRY_ALL,0,0,,,0,0,,
RECLAIM-V2-008488,C00192,RETRY_ALL,0,0,,,0,0,,
RECLAIM-V2-008489,C00064,RETRY_ALL,0,0,,,0,0,,
RECLAIM-V2-008490,C00064,RETRY_ALL,0,0,,,0,0,,
RECLAIM-V2-008491,C00749,RETRY_ALL,0,0,,,0,0,,
RECLAIM-V2-008492,C00630,RETRY_ALL,0,0,,,0,0,,
RECLAIM-V2-008493,C00173,RETRY_ALL,0,0,,,0,0,,
RECLAIM-V2-008494,C00643,RETRY_ALL,0,0,,,0,0,,
RECLAIM-V2-008495,C00221,RETRY_ALL,0,0,,,0,0,,
RECLAIM-V2-008496,C00132,RETRY_ALL,0,0,,,0,0,,
RECLAIM-V2-008497,C00361,RETRY_ALL,0,0,,,0,0,,
RECLAIM-V2-008498,C00521,RETRY_ALL,0,0,,,0,0,,
RECLAIM-V2-008499,C00041,RETRY_ALL,0,0,,,0,0,,
RECLAIM-V2-008500,C00347,RETRY_ALL,0,0,,,0,0,,
RECLAIM-V2-008501,C00708,RETRY_ALL,0,0,,,0,0,,
RECLAIM-V2-008502,C00329,RETRY_ALL,0,0,,,0,0,,
RECLAIM-V2-008503,C00918,RETRY_ALL,0,0,,,0,0,,
RECLAIM-V2-008504,C00024,RETRY_ALL,0,0,,,0,0,,
RECLAIM-V2-008505,C00015,RETRY_ALL,0,0,,,0,0,,
RECLAIM-V2-008506,C00448,RETRY_ALL,0,0,,,0,0,,
RECLAIM-V2-008507,C00345,RETRY_ALL,0,0,,,0,0,,
RECLAIM-V2-008508,C00027,RETRY_ALL,0,0,,,0,0,,
RECLAIM-V2-008509,C00351,RETRY_ALL,0,0,,,0,0,,
RECLAIM-V2-008510,C00758,RETRY_ALL,0,0,,,0,0,,
RECLAIM-V2-008511,C00789,RETRY_ALL,0,0,,,0,0,,
RECLAIM-V2-008512,C00221,RETRY_ALL,0,0,,,0,0,,
RECLAIM-V2-008513,C00418,RETRY_ALL,0,0,,,0,0,,
RECLAIM-V2-008514,C00395,RETRY_ALL,0,0,,,0,0,,
RECLAIM-V2-008515,C00718,RETRY_ALL,0,0,,,0,0,,
RECLAIM-V2-008516,C00380,RETRY_ALL,0,0,,,0,0,,
RECLAIM-V2-008517,C00495,RETRY_ALL,0,0,,,0,0,,
RECLAIM-V2-008518,C00664,RETRY_ALL,0,0,,,0,0,,
RECLAIM-V2-008519,C00708,RETRY_ALL,0,0,,,0,0,,
RECLAIM-V2-008520,C00669,RETRY_ALL,0,0,,,0,0,,
RECLAIM-V2-008521,C00733,RETRY_ALL,0,0,,,0,0,,
RECLAIM-V2-008522,C00550,TARGET,1,0,,,0,0,,
RECLAIM-V2-008523,C00653,RETRY_ALL,0,0,,,0,0,,
RECLAIM-V2-008524,C00025,RETRY_ALL,0,0,,,0,0,,
RECLAIM-V2-008525,C00577,RETRY_ALL,0,0,,,0,0,,
RECLAIM-V2-008526,C00294,RETRY_ALL,0,0,,,0,0,,
RECLAIM-V2-008527,C00797,RETRY_ALL,0,0,,,0,0,,
RECLAIM-V2-008528,C00516,RETRY_ALL,0,0,,,0,0,,
RECLAIM-V2-008529,C00525,RETRY_ALL,0,0,,,0,0,,
RECLAIM-V2-008530,C00179,RETRY_ALL,0,0,,,0,0,,
RECLAIM-V2-008531,C00516,RETRY_ALL,0,0,,,0,0,,
RECLAIM-V2-008532,C00643,RETRY_ALL,0,0,,,0,0,,
RECLAIM-V2-008533,C00348,RETRY_ALL,0,0,,,0,0,,
RECLAIM-V2-008534,C00323,TARGET,1,0,,,0,0,,
RECLAIM-V2-008535,C00727,RETRY_ALL,0,0,,,0,0,,
RECLAIM-V2-008536,C00053,RETRY_ALL,0,0,,,0,0,,
RECLAIM-V2-008537,C00713,RETRY_ALL,0,0,,,0,0,,
RECLAIM-V2-008538,C00343,RETRY_ALL,0,0,,,0,0,,
RECLAIM-V2-008539,C00372,RETRY_ALL,0,0,,,0,0,,
RECLAIM-V2-008540,C00943,RETRY_ALL,0,0,,,0,0,,
RECLAIM-V2-008541,C00249,RETRY_ALL,0,0,,,0,0,,
RECLAIM-V2-008542,C00482,RETRY_ALL,0,0,,,0,0,,
RECLAIM-V2-008543,C00461,RETRY_ALL,0,0,,,0,0,,
RECLAIM-V2-008544,C00492,RETRY_ALL,0,0,,,0,0,,
RECLAIM-V2-008545,C00325,RETRY_ALL,0,0,,,0,0,,
RECLAIM-V2-008546,C00818,RETRY_ALL,0,0,,,0,0,,
RECLAIM-V2-008547,C00997,RETRY_ALL,0,0,,,0,0,,
RECLAIM-V2-008548,C00325,RETRY_ALL,0,0,,,0,0,,
RECLAIM-V2-008549,C00449,RETRY_ALL,0,0,,,0,0,,
RECLAIM-V2-008550,C00196,RETRY_ALL,0,0,,,0,0,,
RECLAIM-V2-008551,C00517,RETRY_ALL,0,0,,,0,0,,
RECLAIM-V2-008552,C00182,RETRY_ALL,0,0,,,0,0,,
RECLAIM-V2-008553,C00097,RETRY_ALL,0,0,,,0,0,,
RECLAIM-V2-008554,C00779,RETRY_ALL,0,0,,,0,0,,
RECLAIM-V2-008555,C00619,RETRY_ALL,0,0,,,0,0,,
RECLAIM-V2-008556,C00961,RETRY_ALL,0,0,,,0,0,,
RECLAIM-V2-008557,C00807,RETRY_ALL,0,0,,,0,0,,
RECLAIM-V2-008558,C00140,RETRY_ALL,0,0,,,0,0,,
RECLAIM-V2-008559,C00451,RETRY_ALL,0,0,,,0,0,,
RECLAIM-V2-008560,C00795,RETRY_ALL,0,0,,,0,0,,
RECLAIM-V2-008561,C00911,RETRY_ALL,0,0,,,0,0,,
RECLAIM-V2-008562,C00908,RETRY_ALL,0,0,,,0,0,,
RECLAIM-V2-008563,C00874,RETRY_ALL,0,0,,,0,0,,
RECLAIM-V2-008564,C00625,TARGET,1,0,,,0,0,,
RECLAIM-V2-008565,C00315,RETRY_ALL,0,0,,,0,0,,
RECLAIM-V2-008566,C00010,RETRY_ALL,0,0,,,0,0,,
RECLAIM-V2-008567,C00392,RETRY_ALL,0,0,,,0,0,,
RECLAIM-V2-008568,C00727,RETRY_ALL,0,0,,,0,0,,
RECLAIM-V2-008569,C00012,RETRY_ALL,0,0,,,0,0,,
RECLAIM-V2-008570,C00485,RETRY_ALL,0,0,,,0,0,,
RECLAIM-V2-008571,C00663,TARGET,1,0,,,0,0,,
RECLAIM-V2-008572,C00432,RETRY_ALL,0,0,,,0,0,,
RECLAIM-V2-008573,C00058,RETRY_ALL,0,0,,,0,0,,
RECLAIM-V2-008574,C00478,RETRY_ALL,0,0,,,0,0,,
RECLAIM-V2-008575,C00816,RETRY_ALL,0,0,,,0,0,,
RECLAIM-V2-008576,C00855,RETRY_ALL,0,0,,,0,0,,
RECLAIM-V2-008577,C00418,RETRY_ALL,0,0,,,0,0,,
RECLAIM-V2-008578,C00123,RETRY_ALL,0,0,,,0,0,,
RECLAIM-V2-008579,C00138,RETRY_ALL,0,0,,,0,0,,
RECLAIM-V2-008580,C00395,RETRY_ALL,0,0,,,0,0,,
RECLAIM-V2-008581,C00102,RETRY_ALL,0,0,,,0,0,,
RECLAIM-V2-008582,C00485,RETRY_ALL,0,0,,,0,0,,
RECLAIM-V2-008583,C00166,RETRY_ALL,0,0,,,0,0,,
RECLAIM-V2-008584,C00585,RETRY_ALL,0,0,,,0,0,,
RECLAIM-V2-008585,C00425,RETRY_ALL,0,0,,,0,0,,
RECLAIM-V2-008586,C00450,RETRY_ALL,0,0,,,0,0,,
RECLAIM-V2-008587,C00179,RETRY_ALL,0,0,,,0,0,,
RECLAIM-V2-008588,C00449,RETRY_ALL,0,0,,,0,0,,
RECLAIM-V2-008589,C00673,RETRY_ALL,0,0,,,0,0,,
RECLAIM-V2-008590,C00525,RETRY_ALL,0,0,,,0,0,,
RECLAIM-V2-008591,C00140,RETRY_ALL,0,0,,,0,0,,
RECLAIM-V2-008592,C00216,TARGET,1,0,,,0,0,,
RECLAIM-V2-008593,C00622,RETRY_ALL,0,0,,,0,0,,
RECLAIM-V2-008594,C00971,RETRY_ALL,0,0,,,0,0,,
RECLAIM-V2-008595,C00064,RETRY_ALL,0,0,,,0,0,,
RECLAIM-V2-008596,C00129,RETRY_ALL,0,0,,,0,0,,
RECLAIM-V2-008597,C00323,TARGET,1,0,,,0,0,,
RECLAIM-V2-008598,C00206,RETRY_ALL,0,0,,,0,0,,
RECLAIM-V2-008599,C00318,RETRY_ALL,0,0,,,0,0,,
RECLAIM-V2-008600,C00888,RETRY_ALL,0,0,,,0,0,,
RECLAIM-V2-008601,C00687,RETRY_ALL,0,0,,,0,0,,
RECLAIM-V2-008602,C00416,RETRY_ALL,0,0,,,0,0,,
RECLAIM-V2-008603,C00278,RETRY_ALL,0,0,,,0,0,,
RECLAIM-V2-008604,C00492,RETRY_ALL,0,0,,,0,0,,
RECLAIM-V2-008605,C00045,RETRY_ALL,0,0,,,0,0,,
RECLAIM-V2-008606,C00625,RETRY_ALL,0,0,,,0,0,,
RECLAIM-V2-008607,C00205,RETRY_ALL,0,0,,,0,0,,
RECLAIM-V2-008608,C00089,RETRY_ALL,0,0,,,0,0,,
RECLAIM-V2-008609,C00945,RETRY_ALL,0,0,,,0,0,,
RECLAIM-V2-008610,C00521,RETRY_ALL,0,0,,,0,0,,
RECLAIM-V2-008611,C00243,RETRY_ALL,0,0,,,0,0,,
RECLAIM-V2-008612,C00882,RETRY_ALL,0,0,,,0,0,,
RECLAIM-V2-008613,C00214,RETRY_ALL,0,0,,,0,0,,
RECLAIM-V2-008614,C00978,RETRY_ALL,0,0,,,0,0,,
RECLAIM-V2-008615,C00461,RETRY_ALL,0,0,,,0,0,,
RECLAIM-V2-008616,C00226,RETRY_ALL,0,0,,,0,0,,
RECLAIM-V2-008617,C00534,RETRY_ALL,0,0,,,0,0,,
RECLAIM-V2-008618,C00495,RETRY_ALL,0,0,,,0,0,,
RECLAIM-V2-008619,C00663,TARGET,1,0,,,0,0,,
RECLAIM-V2-008620,C00138,RETRY_ALL,0,0,,,0,0,,
RECLAIM-V2-008621,C00249,RETRY_ALL,0,0,,,0,0,,
RECLAIM-V2-008622,C00795,RETRY_ALL,0,0,,,0,0,,
RECLAIM-V2-008623,C00449,RETRY_ALL,0,0,,,0,0,,
RECLAIM-V2-008624,C00492,RETRY_ALL,0,0,,,0,0,,
RECLAIM-V2-008625,C00037,RETRY_ALL,0,0,,,0,0,,
RECLAIM-V2-008626,C00266,RETRY_ALL,0,0,,,0,0,,
RECLAIM-V2-008627,C00157,RETRY_ALL,0,0,,,0,0,,
RECLAIM-V2-008628,C00966,RETRY_ALL,0,0,,,0,0,,
RECLAIM-V2-008629,C00096,RETRY_ALL,0,0,,,0,0,,
RECLAIM-V2-008630,C00228,RETRY_ALL,0,0,,,0,0,,
RECLAIM-V2-008631,C00279,TARGET,1,0,,,0,0,,
RECLAIM-V2-008632,C00307,RETRY_ALL,0,0,,,0,0,,
RECLAIM-V2-008633,C00135,RETRY_ALL,0,0,,,0,0,,
RECLAIM-V2-008634,C00931,RETRY_ALL,0,0,,,0,0,,
RECLAIM-V2-008635,C00569,RETRY_ALL,0,0,,,0,0,,
RECLAIM-V2-008636,C00797,RETRY_ALL,0,0,,,0,0,,
RECLAIM-V2-008637,C00266,RETRY_ALL,0,0,,,0,0,,
RECLAIM-V2-008638,C00270,RETRY_ALL,0,0,,,0,0,,
RECLAIM-V2-008639,C00527,RETRY_ALL,0,0,,,0,0,,
RECLAIM-V2-008640,C00413,RETRY_ALL,0,0,,,0,0,,
RECLAIM-V2-008641,C00466,RETRY_ALL,0,0,,,0,0,,
RECLAIM-V2-008642,C00534,RETRY_ALL,0,0,,,0,0,,
RECLAIM-V2-008643,C00537,RETRY_ALL,0,0,,,0,0,,
RECLAIM-V2-008644,C00840,RETRY_ALL,0,0,,,0,0,,
RECLAIM-V2-008645,C00124,RETRY_ALL,0,0,,,0,0,,
RECLAIM-V2-008646,C00421,RETRY_ALL,0,0,,,0,0,,
RECLAIM-V2-008647,C00365,RETRY_ALL,0,0,,,0,0,,
RECLAIM-V2-008648,C00485,RETRY_ALL,0,0,,,0,0,,
RECLAIM-V2-008649,C00270,RETRY_ALL,0,0,,,0,0,,
RECLAIM-V2-008650,C00840,RETRY_ALL,0,0,,,0,0,,
RECLAIM-V2-008651,C00268,RETRY_ALL,0,0,,,0,0,,
RECLAIM-V2-008652,C00238,RETRY_ALL,0,0,,,0,0,,
RECLAIM-V2-008653,C00427,RETRY_ALL,0,0,,,0,0,,
RECLAIM-V2-008654,C00904,RETRY_ALL,0,0,,,0,0,,
RECLAIM-V2-008655,C00614,RETRY_ALL,0,0,,,0,0,,
RECLAIM-V2-008656,C00938,RETRY_ALL,0,0,,,0,0,,
RECLAIM-V2-008657,C00110,RETRY_ALL,0,0,,,0,0,,
RECLAIM-V2-008658,C00911,RETRY_ALL,0,0,,,0,0,,
RECLAIM-V2-008659,C00936,RETRY_ALL,0,0,,,0,0,,
RECLAIM-V2-008660,C00525,RETRY_ALL,0,0,,,0,0,,
RECLAIM-V2-008661,C00378,RETRY_ALL,0,0,,,0,0,,
RECLAIM-V2-008662,C00935,TARGET,1,0,,,0,0,,
RECLAIM-V2-008663,C00025,RETRY_ALL,0,0,,,0,0,,
RECLAIM-V2-008664,C00086,RETRY_ALL,0,0,,,0,0,,
RECLAIM-V2-008665,C00174,RETRY_ALL,0,0,,,0,0,,
RECLAIM-V2-008666,C00604,RETRY_ALL,0,0,,,0,0,,
RECLAIM-V2-008667,C00266,RETRY_ALL,0,0,,,0,0,,
RECLAIM-V2-008668,C00448,RETRY_ALL,0,0,,,0,0,,
RECLAIM-V2-008669,C00571,RETRY_ALL,0,0,,,0,0,,
RECLAIM-V2-008670,C00601,RETRY_ALL,0,0,,,0,0,,
RECLAIM-V2-008671,C00886,RETRY_ALL,0,0,,,0,0,,
RECLAIM-V2-008672,C00551,RETRY_ALL,0,0,,,0,0,,
RECLAIM-V2-008673,C00630,RETRY_ALL,0,0,,,0,0,,
RECLAIM-V2-008674,C00485,RETRY_ALL,0,0,,,0,0,,
RECLAIM-V2-008675,C00361,RETRY_ALL,0,0,,,0,0,,
RECLAIM-V2-008676,C00937,RETRY_ALL,0,0,,,0,0,,
RECLAIM-V2-008677,C00218,RETRY_ALL,0,0,,,0,0,,
RECLAIM-V2-008678,C00649,RETRY_ALL,0,0,,,0,0,,
RECLAIM-V2-008679,C00347,RETRY_ALL,0,0,,,0,0,,
RECLAIM-V2-008680,C00433,RETRY_ALL,0,0,,,0,0,,
RECLAIM-V2-008681,C00611,RETRY_ALL,0,0,,,0,0,,
RECLAIM-V2-008682,C00687,RETRY_ALL,0,0,,,0,0,,
RECLAIM-V2-008683,C00361,RETRY_ALL,0,0,,,0,0,,
RECLAIM-V2-008684,C00182,RETRY_ALL,0,0,,,0,0,,
RECLAIM-V2-008685,C00779,RETRY_ALL,0,0,,,0,0,,
RECLAIM-V2-008686,C00497,RETRY_ALL,0,0,,,0,0,,
RECLAIM-V2-008687,C00173,RETRY_ALL,0,0,,,0,0,,
RECLAIM-V2-008688,C00451,RETRY_ALL,0,0,,,0,0,,
RECLAIM-V2-008689,C00425,RETRY_ALL,0,0,,,0,0,,
RECLAIM-V2-008690,C00524,RETRY_ALL,0,0,,,0,0,,
RECLAIM-V2-008691,C00037,RETRY_ALL,0,0,,,0,0,,
RECLAIM-V2-008692,C00418,RETRY_ALL,0,0,,,0,0,,
RECLAIM-V2-008693,C00054,RETRY_ALL,0,0,,,0,0,,
RECLAIM-V2-008694,C00361,RETRY_ALL,0,0,,,0,0,,
RECLAIM-V2-008695,C00427,RETRY_ALL,0,0,,,0,0,,
RECLAIM-V2-008696,C00353,RETRY_ALL,0,0,,,0,0,,
RECLAIM-V2-008697,C00186,RETRY_ALL,0,0,,,0,0,,
RECLAIM-V2-008698,C00828,RETRY_ALL,0,0,,,0,0,,
RECLAIM-V2-008699,C00551,RETRY_ALL,0,0,,,0,0,,
RECLAIM-V2-008700,C00942,RETRY_ALL,0,0,,,0,0,,
RECLAIM-V2-008701,C00751,RETRY_ALL,0,0,,,0,0,,
RECLAIM-V2-008702,C00783,RETRY_ALL,0,0,,,0,0,,
RECLAIM-V2-008703,C00401,RETRY_ALL,0,0,,,0,0,,
RECLAIM-V2-008704,C00449,RETRY_ALL,0,0,,,0,0,,
RECLAIM-V2-008705,C00834,RETRY_ALL,0,0,,,0,0,,
RECLAIM-V2-008706,C00840,RETRY_ALL,0,0,,,0,0,,
RECLAIM-V2-008707,C00906,RETRY_ALL,0,0,,,0,0,,
RECLAIM-V2-008708,C00089,RETRY_ALL,0,0,,,0,0,,
RECLAIM-V2-008709,C00318,RETRY_ALL,0,0,,,0,0,,
RECLAIM-V2-008710,C00764,RETRY_ALL,0,0,,,0,0,,
RECLAIM-V2-008711,C00361,RETRY_ALL,0,0,,,0,0,,
RECLAIM-V2-008712,C00764,RETRY_ALL,0,0,,,0,0,,
RECLAIM-V2-008713,C00136,RETRY_ALL,0,0,,,0,0,,
RECLAIM-V2-008714,C00049,RETRY_ALL,0,0,,,0,0,,
RECLAIM-V2-008715,C00287,RETRY_ALL,0,0,,,0,0,,
RECLAIM-V2-008716,C00275,RETRY_ALL,0,0,,,0,0,,
RECLAIM-V2-008717,C00604,RETRY_ALL,0,0,,,0,0,,
RECLAIM-V2-008718,C00954,RETRY_ALL,0,0,,,0,0,,
RECLAIM-V2-008719,C00664,RETRY_ALL,0,0,,,0,0,,
RECLAIM-V2-008720,C00185,RETRY_ALL,0,0,,,0,0,,
RECLAIM-V2-008721,C00323,TARGET,1,0,,,0,0,,
RECLAIM-V2-008722,C00712,RETRY_ALL,0,0,,,0,0,,
RECLAIM-V2-008723,C00751,RETRY_ALL,0,0,,,0,0,,
RECLAIM-V2-008724,C00594,RETRY_ALL,0,0,,,0,0,,
RECLAIM-V2-008725,C00015,RETRY_ALL,0,0,,,0,0,,
RECLAIM-V2-008726,C00809,RETRY_ALL,0,0,,,0,0,,
RECLAIM-V2-008727,C00795,RETRY_ALL,0,0,,,0,0,,
RECLAIM-V2-008728,C00221,RETRY_ALL,0,0,,,0,0,,
RECLAIM-V2-008729,C00230,RETRY_ALL,0,0,,,0,0,,
RECLAIM-V2-008730,C00103,RETRY_ALL,0,0,,,0,0,,
RECLAIM-V2-008731,C00395,RETRY_ALL,0,0,,,0,0,,
RECLAIM-V2-008732,C00797,RETRY_ALL,0,0,,,0,0,,
RECLAIM-V2-008733,C00244,RETRY_ALL,0,0,,,0,0,,
RECLAIM-V2-008734,C00485,RETRY_ALL,0,0,,,0,0,,
RECLAIM-V2-008735,C00318,RETRY_ALL,0,0,,,0,0,,
RECLAIM-V2-008736,C00495,RETRY_ALL,0,0,,,0,0,,
RECLAIM-V2-008737,C00979,RETRY_ALL,0,0,,,0,0,,
RECLAIM-V2-008738,C00232,RETRY_ALL,0,0,,,0,0,,
RECLAIM-V2-008739,C00735,RETRY_ALL,0,0,,,0,0,,
RECLAIM-V2-008740,C00653,RETRY_ALL,0,0,,,0,0,,
RECLAIM-V2-008741,C00318,RETRY_ALL,0,0,,,0,0,,
RECLAIM-V2-008742,C00518,RETRY_ALL,0,0,,,0,0,,
RECLAIM-V2-008743,C00110,RETRY_ALL,0,0,,,0,0,,
RECLAIM-V2-008744,C00832,RETRY_ALL,0,0,,,0,0,,
RECLAIM-V2-008745,C00764,TARGET,1,0,,,0,0,,
RECLAIM-V2-008746,C00524,RETRY_ALL,0,0,,,0,0,,
RECLAIM-V2-008747,C00736,RETRY_ALL,0,0,,,0,0,,
RECLAIM-V2-008748,C00696,RETRY_ALL,0,0,,,0,0,,
RECLAIM-V2-008749,C00294,RETRY_ALL,0,0,,,0,0,,
RECLAIM-V2-008750,C00571,RETRY_ALL,0,0,,,0,0,,
RECLAIM-V2-008751,C00739,RETRY_ALL,0,0,,,0,0,,
RECLAIM-V2-008752,C00584,RETRY_ALL,0,0,,,0,0,,
RECLAIM-V2-008753,C00043,RETRY_ALL,0,0,,,0,0,,
RECLAIM-V2-008754,C00027,RETRY_ALL,0,0,,,0,0,,
RECLAIM-V2-008755,C00394,RETRY_ALL,0,0,,,0,0,,
RECLAIM-V2-008756,C00842,RETRY_ALL,0,0,,,0,0,,
RECLAIM-V2-008757,C00497,RETRY_ALL,0,0,,,0,0,,
RECLAIM-V2-008758,C00941,TARGET,1,0,,,0,0,,
RECLAIM-V2-008759,C00817,RETRY_ALL,0,0,,,0,0,,
RECLAIM-V2-008760,C00463,RETRY_ALL,0,0,,,0,0,,
RECLAIM-V2-008761,C00739,RETRY_ALL,0,0,,,0,0,,
RECLAIM-V2-008762,C00551,RETRY_ALL,0,0,,,0,0,,
RECLAIM-V2-008763,C00431,RETRY_ALL,0,0,,,0,0,,
RECLAIM-V2-008764,C00345,RETRY_ALL,0,0,,,0,0,,
RECLAIM-V2-008765,C00107,RETRY_ALL,0,0,,,0,0,,
RECLAIM-V2-008766,C00646,RETRY_ALL,0,0,,,0,0,,
RECLAIM-V2-008767,C00180,RETRY_ALL,0,0,,,0,0,,
RECLAIM-V2-008768,C00415,RETRY_ALL,0,0,,,0,0,,
RECLAIM-V2-008769,C00937,RETRY_ALL,0,0,,,0,0,,
RECLAIM-V2-008770,C00043,RETRY_ALL,0,0,,,0,0,,
RECLAIM-V2-008771,C00324,RETRY_ALL,0,0,,,0,0,,
RECLAIM-V2-008772,C00392,RETRY_ALL,0,0,,,0,0,,
RECLAIM-V2-008773,C00904,RETRY_ALL,0,0,,,0,0,,
RECLAIM-V2-008774,C00551,RETRY_ALL,0,0,,,0,0,,
RECLAIM-V2-008775,C00179,RETRY_ALL,0,0,,,0,0,,
RECLAIM-V2-008776,C00451,RETRY_ALL,0,0,,,0,0,,
RECLAIM-V2-008777,C00577,RETRY_ALL,0,0,,,0,0,,
RECLAIM-V2-008778,C00585,RETRY_ALL,0,0,,,0,0,,
RECLAIM-V2-008779,C00695,RETRY_ALL,0,0,,,0,0,,
RECLAIM-V2-008780,C00945,RETRY_ALL,0,0,,,0,0,,
RECLAIM-V2-008781,C00413,RETRY_ALL,0,0,,,0,0,,
RECLAIM-V2-008782,C00584,RETRY_ALL,0,0,,,0,0,,
RECLAIM-V2-008783,C00518,RETRY_ALL,0,0,,,0,0,,
RECLAIM-V2-008784,C00625,TARGET,1,0,,,0,0,,
RECLAIM-V2-008785,C00113,RETRY_ALL,0,0,,,0,0,,
RECLAIM-V2-008786,C00275,RETRY_ALL,0,0,,,0,0,,
RECLAIM-V2-008787,C00680,TARGET,1,0,,,0,0,,
RECLAIM-V2-008788,C00482,RETRY_ALL,0,0,,,0,0,,
RECLAIM-V2-008789,C00747,RETRY_ALL,0,0,,,0,0,,
RECLAIM-V2-008790,C00214,RETRY_ALL,0,0,,,0,0,,
RECLAIM-V2-008791,C00485,RETRY_ALL,0,0,,,0,0,,
RECLAIM-V2-008792,C00173,RETRY_ALL,0,0,,,0,0,,
RECLAIM-V2-008793,C00073,RETRY_ALL,0,0,,,0,0,,
RECLAIM-V2-008794,C00415,RETRY_ALL,0,0,,,0,0,,
RECLAIM-V2-008795,C00232,RETRY_ALL,0,0,,,0,0,,
RECLAIM-V2-008796,C00677,RETRY_ALL,0,0,,,0,0,,
RECLAIM-V2-008797,C00179,RETRY_ALL,0,0,,,0,0,,
RECLAIM-V2-008798,C00427,RETRY_ALL,0,0,,,0,0,,
RECLAIM-V2-008799,C00448,RETRY_ALL,0,0,,,0,0,,
RECLAIM-V2-008800,C00361,RETRY_ALL,0,0,,,0,0,,
RECLAIM-V2-008801,C00712,RETRY_ALL,0,0,,,0,0,,
RECLAIM-V2-008802,C00664,RETRY_ALL,0,0,,,0,0,,
RECLAIM-V2-008803,C00938,RETRY_ALL,0,0,,,0,0,,
RECLAIM-V2-008804,C00749,RETRY_ALL,0,0,,,0,0,,
RECLAIM-V2-008805,C00595,RETRY_ALL,0,0,,,0,0,,
RECLAIM-V2-008806,C00005,RETRY_ALL,0,0,,,0,0,,
RECLAIM-V2-008807,C00461,RETRY_ALL,0,0,,,0,0,,
RECLAIM-V2-008808,C00680,RETRY_ALL,0,0,,,0,0,,
RECLAIM-V2-008809,C00594,RETRY_ALL,0,0,,,0,0,,
RECLAIM-V2-008810,C00418,RETRY_ALL,0,0,,,0,0,,
RECLAIM-V2-008811,C00360,RETRY_ALL,0,0,,,0,0,,
RECLAIM-V2-008812,C00170,RETRY_ALL,0,0,,,0,0,,
RECLAIM-V2-008813,C00734,RETRY_ALL,0,0,,,0,0,,
RECLAIM-V2-008814,C00695,RETRY_ALL,0,0,,,0,0,,
RECLAIM-V2-008815,C00630,RETRY_ALL,0,0,,,0,0,,
RECLAIM-V2-008816,C00032,RETRY_ALL,0,0,,,0,0,,
RECLAIM-V2-008817,C00158,RETRY_ALL,0,0,,,0,0,,
RECLAIM-V2-008818,C00863,RETRY_ALL,0,0,,,0,0,,
RECLAIM-V2-008819,C00243,RETRY_ALL,0,0,,,0,0,,
RECLAIM-V2-008820,C00179,RETRY_ALL,0,0,,,0,0,,
RECLAIM-V2-008821,C00816,RETRY_ALL,0,0,,,0,0,,
RECLAIM-V2-008822,C00664,RETRY_ALL,0,0,,,0,0,,
RECLAIM-V2-008823,C00325,RETRY_ALL,0,0,,,0,0,,
RECLAIM-V2-008824,C00495,RETRY_ALL,0,0,,,0,0,,
RECLAIM-V2-008825,C00964,RETRY_ALL,0,0,,,0,0,,
RECLAIM-V2-008826,C00089,RETRY_ALL,0,0,,,0,0,,
RECLAIM-V2-008827,C00909,RETRY_ALL,0,0,,,0,0,,
RECLAIM-V2-008828,C00441,RETRY_ALL,0,0,,,0,0,,
RECLAIM-V2-008829,C00348,RETRY_ALL,0,0,,,0,0,,
RECLAIM-V2-008830,C00404,TARGET,1,0,,,0,0,,
RECLAIM-V2-008831,C00491,RETRY_ALL,0,0,,,0,0,,
RECLAIM-V2-008832,C00426,RETRY_ALL,0,0,,,0,0,,
RECLAIM-V2-008833,C00780,RETRY_ALL,0,0,,,0,0,,
RECLAIM-V2-008834,C00619,TARGET,1,0,,,0,0,,
RECLAIM-V2-008835,C00261,RETRY_ALL,0,0,,,0,0,,
RECLAIM-V2-008836,C00008,RETRY_ALL,0,0,,,0,0,,
RECLAIM-V2-008837,C00205,RETRY_ALL,0,0,,,0,0,,
RECLAIM-V2-008838,C00643,RETRY_ALL,0,0,,,0,0,,
RECLAIM-V2-008839,C00527,RETRY_ALL,0,0,,,0,0,,
RECLAIM-V2-008840,C00493,RETRY_ALL,0,0,,,0,0,,
RECLAIM-V2-008841,C00352,RETRY_ALL,0,0,,,0,0,,
RECLAIM-V2-008842,C00122,RETRY_ALL,0,0,,,0,0,,
RECLAIM-V2-008843,C00035,RETRY_ALL,0,0,,,0,0,,
RECLAIM-V2-008844,C00927,RETRY_ALL,0,0,,,0,0,,
RECLAIM-V2-008845,C00073,RETRY_ALL,0,0,,,0,0,,
RECLAIM-V2-008846,C00986,RETRY_ALL,0,0,,,0,0,,
RECLAIM-V2-008847,C00045,RETRY_ALL,0,0,,,0,0,,
RECLAIM-V2-008848,C00189,RETRY_ALL,0,0,,,0,0,,
RECLAIM-V2-008849,C00764,RETRY_ALL,0,0,,,0,0,,
RECLAIM-V2-008850,C00683,RETRY_ALL,0,0,,,0,0,,
RECLAIM-V2-008851,C00550,TARGET,1,0,,,0,0,,
RECLAIM-V2-008852,C00416,RETRY_ALL,0,0,,,0,0,,
RECLAIM-V2-008853,C00246,RETRY_ALL,0,0,,,0,0,,
RECLAIM-V2-008854,C00163,RETRY_ALL,0,0,,,0,0,,
RECLAIM-V2-008855,C00326,RETRY_ALL,0,0,,,0,0,,
RECLAIM-V2-008856,C00304,RETRY_ALL,0,0,,,0,0,,
RECLAIM-V2-008857,C00241,RETRY_ALL,0,0,,,0,0,,
RECLAIM-V2-008858,C00421,RETRY_ALL,0,0,,,0,0,,
RECLAIM-V2-008859,C00418,RETRY_ALL,0,0,,,0,0,,
RECLAIM-V2-008860,C00779,RETRY_ALL,0,0,,,0,0,,
RECLAIM-V2-008861,C00999,RETRY_ALL,0,0,,,0,0,,
RECLAIM-V2-008862,C00487,RETRY_ALL,0,0,,,0,0,,
RECLAIM-V2-008863,C00451,RETRY_ALL,0,0,,,0,0,,
RECLAIM-V2-008864,C00155,RETRY_ALL,0,0,,,0,0,,
RECLAIM-V2-008865,C00954,RETRY_ALL,0,0,,,0,0,,
RECLAIM-V2-008866,C00053,RETRY_ALL,0,0,,,0,0,,
RECLAIM-V2-008867,C00318,RETRY_ALL,0,0,,,0,0,,
RECLAIM-V2-008868,C00537,RETRY_ALL,0,0,,,0,0,,
RECLAIM-V2-008869,C00173,RETRY_ALL,0,0,,,0,0,,
RECLAIM-V2-008870,C00727,RETRY_ALL,0,0,,,0,0,,
RECLAIM-V2-008871,C00222,RETRY_ALL,0,0,,,0,0,,
RECLAIM-V2-008872,C00246,RETRY_ALL,0,0,,,0,0,,
RECLAIM-V2-008873,C00045,RETRY_ALL,0,0,,,0,0,,
RECLAIM-V2-008874,C00525,RETRY_ALL,0,0,,,0,0,,
RECLAIM-V2-008875,C00630,RETRY_ALL,0,0,,,0,0,,
RECLAIM-V2-008876,C00064,RETRY_ALL,0,0,,,0,0,,
RECLAIM-V2-008877,C00524,RETRY_ALL,0,0,,,0,0,,
RECLAIM-V2-008878,C00585,RETRY_ALL,0,0,,,0,0,,
RECLAIM-V2-008879,C00739,TARGET,1,0,,,0,0,,
RECLAIM-V2-008880,C00174,RETRY_ALL,0,0,,,0,0,,
RECLAIM-V2-008881,C00538,RETRY_ALL,0,0,,,0,0,,
RECLAIM-V2-008882,C00094,RETRY_ALL,0,0,,,0,0,,
RECLAIM-V2-008883,C00987,RETRY_ALL,0,0,,,0,0,,
RECLAIM-V2-008884,C00547,RETRY_ALL,0,0,,,0,0,,
RECLAIM-V2-008885,C00841,RETRY_ALL,0,0,,,0,0,,
RECLAIM-V2-008886,C00373,RETRY_ALL,0,0,,,0,0,,
RECLAIM-V2-008887,C00089,RETRY_ALL,0,0,,,0,0,,
RECLAIM-V2-008888,C00221,RETRY_ALL,0,0,,,0,0,,
RECLAIM-V2-008889,C00907,RETRY_ALL,0,0,,,0,0,,
RECLAIM-V2-008890,C00855,RETRY_ALL,0,0,,,0,0,,
RECLAIM-V2-008891,C00326,RETRY_ALL,0,0,,,0,0,,
RECLAIM-V2-008892,C00584,RETRY_ALL,0,0,,,0,0,,
RECLAIM-V2-008893,C00985,RETRY_ALL,0,0,,,0,0,,
RECLAIM-V2-008894,C00980,RETRY_ALL,0,0,,,0,0,,
RECLAIM-V2-008895,C00234,RETRY_ALL,0,0,,,0,0,,
RECLAIM-V2-008896,C00232,RETRY_ALL,0,0,,,0,0,,
RECLAIM-V2-008897,C00388,RETRY_ALL,0,0,,,0,0,,
RECLAIM-V2-008898,C00005,RETRY_ALL,0,0,,,0,0,,
RECLAIM-V2-008899,C00819,TARGET,1,0,,,0,0,,
RECLAIM-V2-008900,C00441,RETRY_ALL,0,0,,,0,0,,
RECLAIM-V2-008901,C00534,RETRY_ALL,0,0,,,0,0,,
RECLAIM-V2-008902,C00614,RETRY_ALL,0,0,,,0,0,,
RECLAIM-V2-008903,C00232,RETRY_ALL,0,0,,,0,0,,
RECLAIM-V2-008904,C00339,RETRY_ALL,0,0,,,0,0,,
RECLAIM-V2-008905,C00904,RETRY_ALL,0,0,,,0,0,,
RECLAIM-V2-008906,C00395,RETRY_ALL,0,0,,,0,0,,
RECLAIM-V2-008907,C00577,RETRY_ALL,0,0,,,0,0,,
RECLAIM-V2-008908,C00676,RETRY_ALL,0,0,,,0,0,,
RECLAIM-V2-008909,C00918,RETRY_ALL,0,0,,,0,0,,
RECLAIM-V2-008910,C00463,RETRY_ALL,0,0,,,0,0,,
RECLAIM-V2-008911,C00179,RETRY_ALL,0,0,,,0,0,,
RECLAIM-V2-008912,C00222,RETRY_ALL,0,0,,,0,0,,
RECLAIM-V2-008913,C00145,RETRY_ALL,0,0,,,0,0,,
RECLAIM-V2-008914,C00158,RETRY_ALL,0,0,,,0,0,,
RECLAIM-V2-008915,C00803,RETRY_ALL,0,0,,,0,0,,
RECLAIM-V2-008916,C00909,RETRY_ALL,0,0,,,0,0,,
RECLAIM-V2-008917,C00418,RETRY_ALL,0,0,,,0,0,,
RECLAIM-V2-008918,C00145,RETRY_ALL,0,0,,,0,0,,
RECLAIM-V2-008919,C00955,RETRY_ALL,0,0,,,0,0,,
RECLAIM-V2-008920,C00027,RETRY_ALL,0,0,,,0,0,,
RECLAIM-V2-008921,C00466,RETRY_ALL,0,0,,,0,0,,
RECLAIM-V2-008922,C00244,RETRY_ALL,0,0,,,0,0,,
RECLAIM-V2-008923,C00687,RETRY_ALL,0,0,,,0,0,,
RECLAIM-V2-008924,C00616,RETRY_ALL,0,0,,,0,0,,
RECLAIM-V2-008925,C00319,RETRY_ALL,0,0,,,0,0,,
RECLAIM-V2-008926,C00816,RETRY_ALL,0,0,,,0,0,,
RECLAIM-V2-008927,C00492,RETRY_ALL,0,0,,,0,0,,
RECLAIM-V2-008928,C00214,RETRY_ALL,0,0,,,0,0,,
RECLAIM-V2-008929,C00246,RETRY_ALL,0,0,,,0,0,,
RECLAIM-V2-008930,C00687,RETRY_ALL,0,0,,,0,0,,
RECLAIM-V2-008931,C00361,RETRY_ALL,0,0,,,0,0,,
RECLAIM-V2-008932,C00695,RETRY_ALL,0,0,,,0,0,,
RECLAIM-V2-008933,C00145,RETRY_ALL,0,0,,,0,0,,
RECLAIM-V2-008934,C00669,RETRY_ALL,0,0,,,0,0,,
RECLAIM-V2-008935,C00243,RETRY_ALL,0,0,,,0,0,,
RECLAIM-V2-008936,C00635,RETRY_ALL,0,0,,,0,0,,
RECLAIM-V2-008937,C00097,RETRY_ALL,0,0,,,0,0,,
RECLAIM-V2-008938,C00863,RETRY_ALL,0,0,,,0,0,,
RECLAIM-V2-008939,C00997,RETRY_ALL,0,0,,,0,0,,
RECLAIM-V2-008940,C00625,RETRY_ALL,0,0,,,0,0,,
RECLAIM-V2-008941,C00142,RETRY_ALL,0,0,,,0,0,,
RECLAIM-V2-008942,C00702,RETRY_ALL,0,0,,,0,0,,
RECLAIM-V2-008943,C00222,RETRY_ALL,0,0,,,0,0,,
RECLAIM-V2-008944,C00889,RETRY_ALL,0,0,,,0,0,,
RECLAIM-V2-008945,C00622,RETRY_ALL,0,0,,,0,0,,
RECLAIM-V2-008946,C00233,RETRY_ALL,0,0,,,0,0,,
RECLAIM-V2-008947,C00485,RETRY_ALL,0,0,,,0,0,,
RECLAIM-V2-008948,C00221,RETRY_ALL,0,0,,,0,0,,
RECLAIM-V2-008949,C00698,RETRY_ALL,0,0,,,0,0,,
RECLAIM-V2-008950,C00936,RETRY_ALL,0,0,,,0,0,,
RECLAIM-V2-008951,C00457,RETRY_ALL,0,0,,,0,0,,
RECLAIM-V2-008952,C00485,RETRY_ALL,0,0,,,0,0,,
RECLAIM-V2-008953,C00542,RETRY_ALL,0,0,,,0,0,,
RECLAIM-V2-008954,C00718,RETRY_ALL,0,0,,,0,0,,
RECLAIM-V2-008955,C00124,RETRY_ALL,0,0,,,0,0,,
RECLAIM-V2-008956,C00005,RETRY_ALL,0,0,,,0,0,,
RECLAIM-V2-008957,C00110,RETRY_ALL,0,0,,,0,0,,
RECLAIM-V2-008958,C00270,RETRY_ALL,0,0,,,0,0,,
RECLAIM-V2-008959,C00488,RETRY_ALL,0,0,,,0,0,,
RECLAIM-V2-008960,C00551,RETRY_ALL,0,0,,,0,0,,
RECLAIM-V2-008961,C00146,RETRY_ALL,0,0,,,0,0,,
RECLAIM-V2-008962,C00193,RETRY_ALL,0,0,,,0,0,,
RECLAIM-V2-008963,C00321,RETRY_ALL,0,0,,,0,0,,
RECLAIM-V2-008964,C00414,RETRY_ALL,0,0,,,0,0,,
RECLAIM-V2-008965,C00573,RETRY_ALL,0,0,,,0,0,,
RECLAIM-V2-008966,C00293,RETRY_ALL,0,0,,,0,0,,
RECLAIM-V2-008967,C00547,RETRY_ALL,0,0,,,0,0,,
RECLAIM-V2-008968,C00795,RETRY_ALL,0,0,,,0,0,,
RECLAIM-V2-008969,C00136,RETRY_ALL,0,0,,,0,0,,
RECLAIM-V2-008970,C00022,RETRY_ALL,0,0,,,0,0,,
RECLAIM-V2-008971,C00842,RETRY_ALL,0,0,,,0,0,,
RECLAIM-V2-008972,C00275,RETRY_ALL,0,0,,,0,0,,
RECLAIM-V2-008973,C00145,RETRY_ALL,0,0,,,0,0,,
RECLAIM-V2-008974,C00102,RETRY_ALL,0,0,,,0,0,,
RECLAIM-V2-008975,C00131,RETRY_ALL,0,0,,,0,0,,
RECLAIM-V2-008976,C00397,TARGET,1,0,,,0,0,,
RECLAIM-V2-008977,C00907,RETRY_ALL,0,0,,,0,0,,
RECLAIM-V2-008978,C00136,RETRY_ALL,0,0,,,0,0,,
RECLAIM-V2-008979,C00124,RETRY_ALL,0,0,,,0,0,,
RECLAIM-V2-008980,C00677,RETRY_ALL,0,0,,,0,0,,
RECLAIM-V2-008981,C00517,RETRY_ALL,0,0,,,0,0,,
RECLAIM-V2-008982,C00872,RETRY_ALL,0,0,,,0,0,,
RECLAIM-V2-008983,C00945,RETRY_ALL,0,0,,,0,0,,
RECLAIM-V2-008984,C00317,RETRY_ALL,0,0,,,0,0,,
RECLAIM-V2-008985,C00158,RETRY_ALL,0,0,,,0,0,,
RECLAIM-V2-008986,C00841,RETRY_ALL,0,0,,,0,0,,
RECLAIM-V2-008987,C00005,RETRY_ALL,0,0,,,0,0,,
RECLAIM-V2-008988,C00380,RETRY_ALL,0,0,,,0,0,,
RECLAIM-V2-008989,C00547,RETRY_ALL,0,0,,,0,0,,
RECLAIM-V2-008990,C00138,RETRY_ALL,0,0,,,0,0,,
RECLAIM-V2-008991,C00894,RETRY_ALL,0,0,,,0,0,,
RECLAIM-V2-008992,C00432,RETRY_ALL,0,0,,,0,0,,
RECLAIM-V2-008993,C00024,RETRY_ALL,0,0,,,0,0,,
RECLAIM-V2-008994,C00064,RETRY_ALL,0,0,,,0,0,,
RECLAIM-V2-008995,C00616,RETRY_ALL,0,0,,,0,0,,
RECLAIM-V2-008996,C00326,RETRY_ALL,0,0,,,0,0,,
RECLAIM-V2-008997,C00392,RETRY_ALL,0,0,,,0,0,,
RECLAIM-V2-008998,C00072,RETRY_ALL,0,0,,,0,0,,
RECLAIM-V2-008999,C00919,RETRY_ALL,0,0,,,0,0,,
RECLAIM-V2-009000,C00727,RETRY_ALL,0,0,,,0,0,,
RECLAIM-V2-009001,C00022,RETRY_ALL,0,0,,,0,0,,
RECLAIM-V2-009002,C00624,RETRY_ALL,0,0,,,0,0,,
RECLAIM-V2-009003,C00361,RETRY_ALL,0,0,,,0,0,,
RECLAIM-V2-009004,C00819,TARGET,1,0,,,0,0,,
RECLAIM-V2-009005,C00746,RETRY_ALL,0,0,,,0,0,,
RECLAIM-V2-009006,C00823,RETRY_ALL,0,0,,,0,0,,
RECLAIM-V2-009007,C00764,RETRY_ALL,0,0,,,0,0,,
RECLAIM-V2-009008,C00147,RETRY_ALL,0,0,,,0,0,,
RECLAIM-V2-009009,C00687,RETRY_ALL,0,0,,,0,0,,
RECLAIM-V2-009010,C00585,RETRY_ALL,0,0,,,0,0,,
RECLAIM-V2-009011,C00653,RETRY_ALL,0,0,,,0,0,,
RECLAIM-V2-009012,C00485,RETRY_ALL,0,0,,,0,0,,
RECLAIM-V2-009013,C00004,RETRY_ALL,0,0,,,0,0,,
RECLAIM-V2-009014,C00677,RETRY_ALL,0,0,,,0,0,,
RECLAIM-V2-009015,C00643,RETRY_ALL,0,0,,,0,0,,
RECLAIM-V2-009016,C00232,RETRY_ALL,0,0,,,0,0,,
RECLAIM-V2-009017,C00131,RETRY_ALL,0,0,,,0,0,,
RECLAIM-V2-009018,C00652,RETRY_ALL,0,0,,,0,0,,
RECLAIM-V2-009019,C00516,RETRY_ALL,0,0,,,0,0,,
RECLAIM-V2-009020,C00110,RETRY_ALL,0,0,,,0,0,,
RECLAIM-V2-009021,C00131,RETRY_ALL,0,0,,,0,0,,
RECLAIM-V2-009022,C00223,RETRY_ALL,0,0,,,0,0,,
RECLAIM-V2-009023,C00695,RETRY_ALL,0,0,,,0,0,,
RECLAIM-V2-009024,C00517,RETRY_ALL,0,0,,,0,0,,
RECLAIM-V2-009025,C00669,RETRY_ALL,0,0,,,0,0,,
RECLAIM-V2-009026,C00587,RETRY_ALL,0,0,,,0,0,,
RECLAIM-V2-009027,C00627,RETRY_ALL,0,0,,,0,0,,
RECLAIM-V2-009028,C00222,RETRY_ALL,0,0,,,0,0,,
RECLAIM-V2-009029,C00275,RETRY_ALL,0,0,,,0,0,,
RECLAIM-V2-009030,C00451,RETRY_ALL,0,0,,,0,0,,
RECLAIM-V2-009031,C00122,RETRY_ALL,0,0,,,0,0,,
RECLAIM-V2-009032,C00803,RETRY_ALL,0,0,,,0,0,,
RECLAIM-V2-009033,C00981,RETRY_ALL,0,0,,,0,0,,
RECLAIM-V2-009034,C00664,RETRY_ALL,0,0,,,0,0,,
RECLAIM-V2-009035,C00497,RETRY_ALL,0,0,,,0,0,,
RECLAIM-V2-009036,C00234,RETRY_ALL,0,0,,,0,0,,
RECLAIM-V2-009037,C00973,RETRY_ALL,0,0,,,0,0,,
RECLAIM-V2-009038,C00735,RETRY_ALL,0,0,,,0,0,,
RECLAIM-V2-009039,C00966,RETRY_ALL,0,0,,,0,0,,
RECLAIM-V2-009040,C00298,RETRY_ALL,0,0,,,0,0,,
RECLAIM-V2-009041,C00136,RETRY_ALL,0,0,,,0,0,,
RECLAIM-V2-009042,C00863,RETRY_ALL,0,0,,,0,0,,
RECLAIM-V2-009043,C00118,RETRY_ALL,0,0,,,0,0,,
RECLAIM-V2-009044,C00524,RETRY_ALL,0,0,,,0,0,,
RECLAIM-V2-009045,C00378,RETRY_ALL,0,0,,,0,0,,
RECLAIM-V2-009046,C00991,RETRY_ALL,0,0,,,0,0,,
RECLAIM-V2-009047,C00653,RETRY_ALL,0,0,,,0,0,,
RECLAIM-V2-009048,C00158,RETRY_ALL,0,0,,,0,0,,
RECLAIM-V2-009049,C00450,RETRY_ALL,0,0,,,0,0,,
RECLAIM-V2-009050,C00140,RETRY_ALL,0,0,,,0,0,,
RECLAIM-V2-009051,C00196,RETRY_ALL,0,0,,,0,0,,
RECLAIM-V2-009052,C00936,RETRY_ALL,0,0,,,0,0,,
RECLAIM-V2-009053,C00751,RETRY_ALL,0,0,,,0,0,,
RECLAIM-V2-009054,C00449,RETRY_ALL,0,0,,,0,0,,
RECLAIM-V2-009055,C00126,RETRY_ALL,0,0,,,0,0,,
RECLAIM-V2-009056,C00118,RETRY_ALL,0,0,,,0,0,,
RECLAIM-V2-009057,C00574,RETRY_ALL,0,0,,,0,0,,
RECLAIM-V2-009058,C00446,RETRY_ALL,0,0,,,0,0,,
RECLAIM-V2-009059,C00680,TARGET,1,0,,,0,0,,
RECLAIM-V2-009060,C00401,RETRY_ALL,0,0,,,0,0,,
RECLAIM-V2-009061,C00687,RETRY_ALL,0,0,,,0,0,,
RECLAIM-V2-009062,C00460,RETRY_ALL,0,0,,,0,0,,
RECLAIM-V2-009063,C00270,RETRY_ALL,0,0,,,0,0,,
RECLAIM-V2-009064,C00054,RETRY_ALL,0,0,,,0,0,,
RECLAIM-V2-009065,C00973,RETRY_ALL,0,0,,,0,0,,
RECLAIM-V2-009066,C00142,RETRY_ALL,0,0,,,0,0,,
RECLAIM-V2-009067,C00123,RETRY_ALL,0,0,,,0,0,,
RECLAIM-V2-009068,C00343,RETRY_ALL,0,0,,,0,0,,
RECLAIM-V2-009069,C00037,RETRY_ALL,0,0,,,0,0,,
RECLAIM-V2-009070,C00894,RETRY_ALL,0,0,,,0,0,,
RECLAIM-V2-009071,C00816,RETRY_ALL,0,0,,,0,0,,
RECLAIM-V2-009072,C00440,RETRY_ALL,0,0,,,0,0,,
RECLAIM-V2-009073,C00619,RETRY_ALL,0,0,,,0,0,,
RECLAIM-V2-009074,C00563,RETRY_ALL,0,0,,,0,0,,
RECLAIM-V2-009075,C00624,RETRY_ALL,0,0,,,0,0,,
RECLAIM-V2-009076,C00497,RETRY_ALL,0,0,,,0,0,,
RECLAIM-V2-009077,C00140,RETRY_ALL,0,0,,,0,0,,
RECLAIM-V2-009078,C00027,RETRY_ALL,0,0,,,0,0,,
RECLAIM-V2-009079,C00991,RETRY_ALL,0,0,,,0,0,,
RECLAIM-V2-009080,C00670,RETRY_ALL,0,0,,,0,0,,
RECLAIM-V2-009081,C00736,RETRY_ALL,0,0,,,0,0,,
RECLAIM-V2-009082,C00446,RETRY_ALL,0,0,,,0,0,,
RECLAIM-V2-009083,C00232,RETRY_ALL,0,0,,,0,0,,
RECLAIM-V2-009084,C00673,RETRY_ALL,0,0,,,0,0,,
RECLAIM-V2-009085,C00749,RETRY_ALL,0,0,,,0,0,,
RECLAIM-V2-009086,C00192,RETRY_ALL,0,0,,,0,0,,
RECLAIM-V2-009087,C00041,RETRY_ALL,0,0,,,0,0,,
RECLAIM-V2-009088,C00783,RETRY_ALL,0,0,,,0,0,,
RECLAIM-V2-009089,C00440,RETRY_ALL,0,0,,,0,0,,
RECLAIM-V2-009090,C00842,RETRY_ALL,0,0,,,0,0,,
RECLAIM-V2-009091,C00791,RETRY_ALL,0,0,,,0,0,,
RECLAIM-V2-009092,C00791,RETRY_ALL,0,0,,,0,0,,
RECLAIM-V2-009093,C00459,TARGET,1,0,,,0,0,,
RECLAIM-V2-009094,C00817,RETRY_ALL,0,0,,,0,0,,
RECLAIM-V2-009095,C00680,TARGET,1,0,,,0,0,,
RECLAIM-V2-009096,C00268,RETRY_ALL,0,0,,,0,0,,
RECLAIM-V2-009097,C00168,RETRY_ALL,0,0,,,0,0,,
RECLAIM-V2-009098,C00350,RETRY_ALL,0,0,,,0,0,,
RECLAIM-V2-009099,C00138,RETRY_ALL,0,0,,,0,0,,
RECLAIM-V2-009100,C00020,RETRY_ALL,0,0,,,0,0,,
RECLAIM-V2-009101,C00619,RETRY_ALL,0,0,,,0,0,,
RECLAIM-V2-009102,C00851,RETRY_ALL,0,0,,,0,0,,
RECLAIM-V2-009103,C00003,RETRY_ALL,0,0,,,0,0,,
RECLAIM-V2-009104,C00683,RETRY_ALL,0,0,,,0,0,,
RECLAIM-V2-009105,C00008,RETRY_ALL,0,0,,,0,0,,
RECLAIM-V2-009106,C00123,RETRY_ALL,0,0,,,0,0,,
RECLAIM-V2-009107,C00485,RETRY_ALL,0,0,,,0,0,,
RECLAIM-V2-009108,C00789,RETRY_ALL,0,0,,,0,0,,
RECLAIM-V2-009109,C00497,RETRY_ALL,0,0,,,0,0,,
RECLAIM-V2-009110,C00394,RETRY_ALL,0,0,,,0,0,,
RECLAIM-V2-009111,C00734,RETRY_ALL,0,0,,,0,0,,
RECLAIM-V2-009112,C00014,RETRY_ALL,0,0,,,0,0,,
RECLAIM-V2-009113,C00185,RETRY_ALL,0,0,,,0,0,,
RECLAIM-V2-009114,C00451,RETRY_ALL,0,0,,,0,0,,
RECLAIM-V2-009115,C00136,RETRY_ALL,0,0,,,0,0,,
RECLAIM-V2-009116,C00551,RETRY_ALL,0,0,,,0,0,,
RECLAIM-V2-009117,C00534,RETRY_ALL,0,0,,,0,0,,
RECLAIM-V2-009118,C00027,RETRY_ALL,0,0,,,0,0,,
RECLAIM-V2-009119,C00391,RETRY_ALL,0,0,,,0,0,,
RECLAIM-V2-009120,C00671,RETRY_ALL,0,0,,,0,0,,
RECLAIM-V2-009121,C00081,RETRY_ALL,0,0,,,0,0,,
RECLAIM-V2-009122,C00271,RETRY_ALL,0,0,,,0,0,,
RECLAIM-V2-009123,C00594,RETRY_ALL,0,0,,,0,0,,
RECLAIM-V2-009124,C00041,RETRY_ALL,0,0,,,0,0,,
RECLAIM-V2-009125,C00323,TARGET,1,0,,,0,0,,
RECLAIM-V2-009126,C00713,RETRY_ALL,0,0,,,0,0,,
RECLAIM-V2-009127,C00275,RETRY_ALL,0,0,,,0,0,,
RECLAIM-V2-009128,C00931,RETRY_ALL,0,0,,,0,0,,
RECLAIM-V2-009129,C00459,TARGET,1,0,,,0,0,,
RECLAIM-V2-009130,C00210,RETRY_ALL,0,0,,,0,0,,
RECLAIM-V2-009131,C00451,RETRY_ALL,0,0,,,0,0,,
RECLAIM-V2-009132,C00519,RETRY_ALL,0,0,,,0,0,,
RECLAIM-V2-009133,C00159,RETRY_ALL,0,0,,,0,0,,
RECLAIM-V2-009134,C00321,RETRY_ALL,0,0,,,0,0,,
RECLAIM-V2-009135,C00062,RETRY_ALL,0,0,,,0,0,,
RECLAIM-V2-009136,C00122,RETRY_ALL,0,0,,,0,0,,
RECLAIM-V2-009137,C00770,RETRY_ALL,0,0,,,0,0,,
RECLAIM-V2-009138,C00673,RETRY_ALL,0,0,,,0,0,,
RECLAIM-V2-009139,C00696,RETRY_ALL,0,0,,,0,0,,
RECLAIM-V2-009140,C00205,RETRY_ALL,0,0,,,0,0,,
RECLAIM-V2-009141,C00463,RETRY_ALL,0,0,,,0,0,,
RECLAIM-V2-009142,C00173,RETRY_ALL,0,0,,,0,0,,
RECLAIM-V2-009143,C00064,RETRY_ALL,0,0,,,0,0,,
RECLAIM-V2-009144,C00673,RETRY_ALL,0,0,,,0,0,,
RECLAIM-V2-009145,C00492,RETRY_ALL,0,0,,,0,0,,
RECLAIM-V2-009146,C00727,RETRY_ALL,0,0,,,0,0,,
RECLAIM-V2-009147,C00758,RETRY_ALL,0,0,,,0,0,,
RECLAIM-V2-009148,C00735,RETRY_ALL,0,0,,,0,0,,
RECLAIM-V2-009149,C00388,RETRY_ALL,0,0,,,0,0,,
RECLAIM-V2-009150,C00834,RETRY_ALL,0,0,,,0,0,,
RECLAIM-V2-009151,C00907,RETRY_ALL,0,0,,,0,0,,
RECLAIM-V2-009152,C00611,RETRY_ALL,0,0,,,0,0,,
RECLAIM-V2-009153,C00855,RETRY_ALL,0,0,,,0,0,,
RECLAIM-V2-009154,C00739,RETRY_ALL,0,0,,,0,0,,
RECLAIM-V2-009155,C00199,RETRY_ALL,0,0,,,0,0,,
RECLAIM-V2-009156,C00585,RETRY_ALL,0,0,,,0,0,,
RECLAIM-V2-009157,C00452,RETRY_ALL,0,0,,,0,0,,
RECLAIM-V2-009158,C00635,RETRY_ALL,0,0,,,0,0,,
RECLAIM-V2-009159,C00357,RETRY_ALL,0,0,,,0,0,,
RECLAIM-V2-009160,C00702,RETRY_ALL,0,0,,,0,0,,
RECLAIM-V2-009161,C00437,RETRY_ALL,0,0,,,0,0,,
RECLAIM-V2-009162,C00005,RETRY_ALL,0,0,,,0,0,,
RECLAIM-V2-009163,C00826,RETRY_ALL,0,0,,,0,0,,
RECLAIM-V2-009164,C00478,RETRY_ALL,0,0,,,0,0,,
RECLAIM-V2-009165,C00497,RETRY_ALL,0,0,,,0,0,,
RECLAIM-V2-009166,C00961,RETRY_ALL,0,0,,,0,0,,
RECLAIM-V2-009167,C00625,RETRY_ALL,0,0,,,0,0,,
RECLAIM-V2-009168,C00347,RETRY_ALL,0,0,,,0,0,,
RECLAIM-V2-009169,C00186,RETRY_ALL,0,0,,,0,0,,
RECLAIM-V2-009170,C00480,RETRY_ALL,0,0,,,0,0,,
RECLAIM-V2-009171,C00653,RETRY_ALL,0,0,,,0,0,,
RECLAIM-V2-009172,C00512,RETRY_ALL,0,0,,,0,0,,
RECLAIM-V2-009173,C00410,TARGET,1,0,,,0,0,,
RECLAIM-V2-009174,C00524,RETRY_ALL,0,0,,,0,0,,
RECLAIM-V2-009175,C00431,RETRY_ALL,0,0,,,0,0,,
RECLAIM-V2-009176,C00131,RETRY_ALL,0,0,,,0,0,,
RECLAIM-V2-009177,C00842,RETRY_ALL,0,0,,,0,0,,
RECLAIM-V2-009178,C00680,RETRY_ALL,0,0,,,0,0,,
RECLAIM-V2-009179,C00441,RETRY_ALL,0,0,,,0,0,,
RECLAIM-V2-009180,C00506,RETRY_ALL,0,0,,,0,0,,
RECLAIM-V2-009181,C00432,RETRY_ALL,0,0,,,0,0,,
RECLAIM-V2-009182,C00469,RETRY_ALL,0,0,,,0,0,,
RECLAIM-V2-009183,C00140,RETRY_ALL,0,0,,,0,0,,
RECLAIM-V2-009184,C00244,RETRY_ALL,0,0,,,0,0,,
RECLAIM-V2-009185,C00695,RETRY_ALL,0,0,,,0,0,,
RECLAIM-V2-009186,C00429,RETRY_ALL,0,0,,,0,0,,
RECLAIM-V2-009187,C00378,RETRY_ALL,0,0,,,0,0,,
RECLAIM-V2-009188,C00163,RETRY_ALL,0,0,,,0,0,,
RECLAIM-V2-009189,C00555,RETRY_ALL,0,0,,,0,0,,
RECLAIM-V2-009190,C00622,RETRY_ALL,0,0,,,0,0,,
RECLAIM-V2-009191,C00764,RETRY_ALL,0,0,,,0,0,,
RECLAIM-V2-009192,C00131,RETRY_ALL,0,0,,,0,0,,
RECLAIM-V2-009193,C00598,RETRY_ALL,0,0,,,0,0,,
RECLAIM-V2-009194,C00919,RETRY_ALL,0,0,,,0,0,,
RECLAIM-V2-009195,C00201,RETRY_ALL,0,0,,,0,0,,
RECLAIM-V2-009196,C00500,RETRY_ALL,0,0,,,0,0,,
RECLAIM-V2-009197,C00035,RETRY_ALL,0,0,,,0,0,,
RECLAIM-V2-009198,C00315,RETRY_ALL,0,0,,,0,0,,
RECLAIM-V2-009199,C00199,RETRY_ALL,0,0,,,0,0,,
RECLAIM-V2-009200,C00518,RETRY_ALL,0,0,,,0,0,,
RECLAIM-V2-009201,C00159,RETRY_ALL,0,0,,,0,0,,
RECLAIM-V2-009202,C00534,RETRY_ALL,0,0,,,0,0,,
RECLAIM-V2-009203,C00199,RETRY_ALL,0,0,,,0,0,,
RECLAIM-V2-009204,C00429,RETRY_ALL,0,0,,,0,0,,
RECLAIM-V2-009205,C00762,RETRY_ALL,0,0,,,0,0,,
RECLAIM-V2-009206,C00846,RETRY_ALL,0,0,,,0,0,,
RECLAIM-V2-009207,C00392,RETRY_ALL,0,0,,,0,0,,
RECLAIM-V2-009208,C00378,RETRY_ALL,0,0,,,0,0,,
RECLAIM-V2-009209,C00973,RETRY_ALL,0,0,,,0,0,,
RECLAIM-V2-009210,C00622,RETRY_ALL,0,0,,,0,0,,
RECLAIM-V2-009211,C00404,TARGET,1,0,,,0,0,,
RECLAIM-V2-009212,C00981,RETRY_ALL,0,0,,,0,0,,
RECLAIM-V2-009213,C00015,RETRY_ALL,0,0,,,0,0,,
RECLAIM-V2-009214,C00122,RETRY_ALL,0,0,,,0,0,,
RECLAIM-V2-009215,C00908,RETRY_ALL,0,0,,,0,0,,
RECLAIM-V2-009216,C00435,RETRY_ALL,0,0,,,0,0,,
RECLAIM-V2-009217,C00938,RETRY_ALL,0,0,,,0,0,,
RECLAIM-V2-009218,C00244,RETRY_ALL,0,0,,,0,0,,
RECLAIM-V2-009219,C00353,RETRY_ALL,0,0,,,0,0,,
RECLAIM-V2-009220,C00930,RETRY_ALL,0,0,,,0,0,,
RECLAIM-V2-009221,C00460,RETRY_ALL,0,0,,,0,0,,
RECLAIM-V2-009222,C00681,RETRY_ALL,0,0,,,0,0,,
RECLAIM-V2-009223,C00622,RETRY_ALL,0,0,,,0,0,,
RECLAIM-V2-009224,C00574,RETRY_ALL,0,0,,,0,0,,
RECLAIM-V2-009225,C00179,RETRY_ALL,0,0,,,0,0,,
RECLAIM-V2-009226,C00791,RETRY_ALL,0,0,,,0,0,,
RECLAIM-V2-009227,C00551,RETRY_ALL,0,0,,,0,0,,
RECLAIM-V2-009228,C00450,RETRY_ALL,0,0,,,0,0,,
RECLAIM-V2-009229,C00954,RETRY_ALL,0,0,,,0,0,,
RECLAIM-V2-009230,C00049,RETRY_ALL,0,0,,,0,0,,
RECLAIM-V2-009231,C00089,RETRY_ALL,0,0,,,0,0,,
RECLAIM-V2-009232,C00110,RETRY_ALL,0,0,,,0,0,,
RECLAIM-V2-009233,C00296,RETRY_ALL,0,0,,,0,0,,
RECLAIM-V2-009234,C00919,RETRY_ALL,0,0,,,0,0,,
RECLAIM-V2-009235,C00702,RETRY_ALL,0,0,,,0,0,,
RECLAIM-V2-009236,C00318,RETRY_ALL,0,0,,,0,0,,
RECLAIM-V2-009237,C00961,RETRY_ALL,0,0,,,0,0,,
RECLAIM-V2-009238,C00551,RETRY_ALL,0,0,,,0,0,,
RECLAIM-V2-009239,C00525,RETRY_ALL,0,0,,,0,0,,
RECLAIM-V2-009240,C00680,TARGET,1,0,,,0,0,,
RECLAIM-V2-009241,C00795,RETRY_ALL,0,0,,,0,0,,
RECLAIM-V2-009242,C00653,RETRY_ALL,0,0,,,0,0,,
RECLAIM-V2-009243,C00174,RETRY_ALL,0,0,,,0,0,,
RECLAIM-V2-009244,C00512,RETRY_ALL,0,0,,,0,0,,
RECLAIM-V2-009245,C00613,RETRY_ALL,0,0,,,0,0,,
RECLAIM-V2-009246,C00809,RETRY_ALL,0,0,,,0,0,,
RECLAIM-V2-009247,C00841,RETRY_ALL,0,0,,,0,0,,
RECLAIM-V2-009248,C00810,RETRY_ALL,0,0,,,0,0,,
RECLAIM-V2-009249,C00393,RETRY_ALL,0,0,,,0,0,,
RECLAIM-V2-009250,C00832,RETRY_ALL,0,0,,,0,0,,
RECLAIM-V2-009251,C00425,RETRY_ALL,0,0,,,0,0,,
RECLAIM-V2-009252,C00834,RETRY_ALL,0,0,,,0,0,,
RECLAIM-V2-009253,C00344,RETRY_ALL,0,0,,,0,0,,
RECLAIM-V2-009254,C00797,RETRY_ALL,0,0,,,0,0,,
RECLAIM-V2-009255,C00502,TARGET,1,0,,,0,0,,
RECLAIM-V2-009256,C00434,RETRY_ALL,0,0,,,0,0,,
RECLAIM-V2-009257,C00080,TARGET,1,0,,,0,0,,
RECLAIM-V2-009258,C00138,RETRY_ALL,0,0,,,0,0,,
RECLAIM-V2-009259,C00478,RETRY_ALL,0,0,,,0,0,,
RECLAIM-V2-009260,C00098,RETRY_ALL,0,0,,,0,0,,
RECLAIM-V2-009261,C00159,RETRY_ALL,0,0,,,0,0,,
RECLAIM-V2-009262,C00482,RETRY_ALL,0,0,,,0,0,,
RECLAIM-V2-009263,C00233,RETRY_ALL,0,0,,,0,0,,
RECLAIM-V2-009264,C00680,RETRY_ALL,0,0,,,0,0,,
RECLAIM-V2-009265,C00669,RETRY_ALL,0,0,,,0,0,,
RECLAIM-V2-009266,C00234,RETRY_ALL,0,0,,,0,0,,
RECLAIM-V2-009267,C00595,RETRY_ALL,0,0,,,0,0,,
RECLAIM-V2-009268,C00524,RETRY_ALL,0,0,,,0,0,,
RECLAIM-V2-009269,C00350,RETRY_ALL,0,0,,,0,0,,
RECLAIM-V2-009270,C00797,RETRY_ALL,0,0,,,0,0,,
RECLAIM-V2-009271,C00921,RETRY_ALL,0,0,,,0,0,,
RECLAIM-V2-009272,C00908,RETRY_ALL,0,0,,,0,0,,
RECLAIM-V2-009273,C00318,RETRY_ALL,0,0,,,0,0,,
RECLAIM-V2-009274,C00841,RETRY_ALL,0,0,,,0,0,,
RECLAIM-V2-009275,C00669,RETRY_ALL,0,0,,,0,0,,
RECLAIM-V2-009276,C00659,RETRY_ALL,0,0,,,0,0,,
RECLAIM-V2-009277,C00241,RETRY_ALL,0,0,,,0,0,,
RECLAIM-V2-009278,C00458,RETRY_ALL,0,0,,,0,0,,
RECLAIM-V2-009279,C00988,RETRY_ALL,0,0,,,0,0,,
RECLAIM-V2-009280,C00043,RETRY_ALL,0,0,,,0,0,,
RECLAIM-V2-009281,C00961,RETRY_ALL,0,0,,,0,0,,
RECLAIM-V2-009282,C00182,RETRY_ALL,0,0,,,0,0,,
RECLAIM-V2-009283,C00096,RETRY_ALL,0,0,,,0,0,,
RECLAIM-V2-009284,C00594,RETRY_ALL,0,0,,,0,0,,
RECLAIM-V2-009285,C00764,TARGET,1,0,,,0,0,,
RECLAIM-V2-009286,C00107,RETRY_ALL,0,0,,,0,0,,
RECLAIM-V2-009287,C00275,RETRY_ALL,0,0,,,0,0,,
RECLAIM-V2-009288,C00899,RETRY_ALL,0,0,,,0,0,,
RECLAIM-V2-009289,C00816,RETRY_ALL,0,0,,,0,0,,
RECLAIM-V2-009290,C00146,RETRY_ALL,0,0,,,0,0,,
RECLAIM-V2-009291,C00469,RETRY_ALL,0,0,,,0,0,,
RECLAIM-V2-009292,C00227,RETRY_ALL,0,0,,,0,0,,
RECLAIM-V2-009293,C00567,TARGET,1,0,,,0,0,,
RECLAIM-V2-009294,C00565,RETRY_ALL,0,0,,,0,0,,
RECLAIM-V2-009295,C00937,RETRY_ALL,0,0,,,0,0,,
RECLAIM-V2-009296,C00243,RETRY_ALL,0,0,,,0,0,,
RECLAIM-V2-009297,C00872,RETRY_ALL,0,0,,,0,0,,
RECLAIM-V2-009298,C00418,RETRY_ALL,0,0,,,0,0,,
RECLAIM-V2-009299,C00550,TARGET,1,0,,,0,0,,
RECLAIM-V2-009300,C00088,RETRY_ALL,0,0,,,0,0,,
RECLAIM-V2-009301,C00205,RETRY_ALL,0,0,,,0,0,,
RECLAIM-V2-009302,C00109,RETRY_ALL,0,0,,,0,0,,
RECLAIM-V2-009303,C00611,RETRY_ALL,0,0,,,0,0,,
RECLAIM-V2-009304,C00131,RETRY_ALL,0,0,,,0,0,,
RECLAIM-V2-009305,C00080,TARGET,1,0,,,0,0,,
RECLAIM-V2-009306,C00614,RETRY_ALL,0,0,,,0,0,,
RECLAIM-V2-009307,C00988,RETRY_ALL,0,0,,,0,0,,
RECLAIM-V2-009308,C00279,TARGET,1,0,,,0,0,,
RECLAIM-V2-009309,C00441,RETRY_ALL,0,0,,,0,0,,
RECLAIM-V2-009310,C00221,RETRY_ALL,0,0,,,0,0,,
RECLAIM-V2-009311,C00687,RETRY_ALL,0,0,,,0,0,,
RECLAIM-V2-009312,C00779,RETRY_ALL,0,0,,,0,0,,
RECLAIM-V2-009313,C00874,RETRY_ALL,0,0,,,0,0,,
RECLAIM-V2-009314,C00734,RETRY_ALL,0,0,,,0,0,,
RECLAIM-V2-009315,C00081,RETRY_ALL,0,0,,,0,0,,
RECLAIM-V2-009316,C00307,RETRY_ALL,0,0,,,0,0,,
RECLAIM-V2-009317,C00045,RETRY_ALL,0,0,,,0,0,,
RECLAIM-V2-009318,C00680,TARGET,1,0,,,0,0,,
RECLAIM-V2-009319,C00708,RETRY_ALL,0,0,,,0,0,,
RECLAIM-V2-009320,C00527,RETRY_ALL,0,0,,,0,0,,
RECLAIM-V2-009321,C00325,RETRY_ALL,0,0,,,0,0,,
RECLAIM-V2-009322,C00795,RETRY_ALL,0,0,,,0,0,,
RECLAIM-V2-009323,C00687,RETRY_ALL,0,0,,,0,0,,
RECLAIM-V2-009324,C00485,RETRY_ALL,0,0,,,0,0,,
RECLAIM-V2-009325,C00179,RETRY_ALL,0,0,,,0,0,,
RECLAIM-V2-009326,C00616,RETRY_ALL,0,0,,,0,0,,
RECLAIM-V2-009327,C00140,RETRY_ALL,0,0,,,0,0,,
RECLAIM-V2-009328,C00096,RETRY_ALL,0,0,,,0,0,,
RECLAIM-V2-009329,C00516,RETRY_ALL,0,0,,,0,0,,
RECLAIM-V2-009330,C00551,RETRY_ALL,0,0,,,0,0,,
RECLAIM-V2-009331,C00397,RETRY_ALL,0,0,,,0,0,,
RECLAIM-V2-009332,C00145,RETRY_ALL,0,0,,,0,0,,
RECLAIM-V2-009333,C00072,RETRY_ALL,0,0,,,0,0,,
RECLAIM-V2-009334,C00206,RETRY_ALL,0,0,,,0,0,,
RECLAIM-V2-009335,C00809,RETRY_ALL,0,0,,,0,0,,
RECLAIM-V2-009336,C00643,RETRY_ALL,0,0,,,0,0,,
RECLAIM-V2-009337,C00595,RETRY_ALL,0,0,,,0,0,,
RECLAIM-V2-009338,C00712,RETRY_ALL,0,0,,,0,0,,
RECLAIM-V2-009339,C00571,RETRY_ALL,0,0,,,0,0,,
RECLAIM-V2-009340,C00131,RETRY_ALL,0,0,,,0,0,,
RECLAIM-V2-009341,C00613,RETRY_ALL,0,0,,,0,0,,
RECLAIM-V2-009342,C00457,RETRY_ALL,0,0,,,0,0,,
RECLAIM-V2-009343,C00318,RETRY_ALL,0,0,,,0,0,,
RECLAIM-V2-009344,C00594,RETRY_ALL,0,0,,,0,0,,
RECLAIM-V2-009345,C00899,RETRY_ALL,0,0,,,0,0,,
RECLAIM-V2-009346,C00994,RETRY_ALL,0,0,,,0,0,,
RECLAIM-V2-009347,C00516,RETRY_ALL,0,0,,,0,0,,
RECLAIM-V2-009348,C00434,RETRY_ALL,0,0,,,0,0,,
RECLAIM-V2-009349,C00347,RETRY_ALL,0,0,,,0,0,,
RECLAIM-V2-009350,C00240,RETRY_ALL,0,0,,,0,0,,
RECLAIM-V2-009351,C00551,RETRY_ALL,0,0,,,0,0,,
RECLAIM-V2-009352,C00764,RETRY_ALL,0,0,,,0,0,,
RECLAIM-V2-009353,C00058,RETRY_ALL,0,0,,,0,0,,
RECLAIM-V2-009354,C00642,RETRY_ALL,0,0,,,0,0,,
RECLAIM-V2-009355,C00043,RETRY_ALL,0,0,,,0,0,,
RECLAIM-V2-009356,C00429,RETRY_ALL,0,0,,,0,0,,
RECLAIM-V2-009357,C00718,RETRY_ALL,0,0,,,0,0,,
RECLAIM-V2-009358,C00054,TARGET,1,0,,,0,0,,
RECLAIM-V2-009359,C00518,RETRY_ALL,0,0,,,0,0,,
RECLAIM-V2-009360,C00360,RETRY_ALL,0,0,,,0,0,,
RECLAIM-V2-009361,C00397,TARGET,1,0,,,0,0,,
RECLAIM-V2-009362,C00345,RETRY_ALL,0,0,,,0,0,,
RECLAIM-V2-009363,C00427,RETRY_ALL,0,0,,,0,0,,
RECLAIM-V2-009364,C00305,RETRY_ALL,0,0,,,0,0,,
RECLAIM-V2-009365,C00985,RETRY_ALL,0,0,,,0,0,,
RECLAIM-V2-009366,C00229,RETRY_ALL,0,0,,,0,0,,
RECLAIM-V2-009367,C00466,RETRY_ALL,0,0,,,0,0,,
RECLAIM-V2-009368,C00147,RETRY_ALL,0,0,,,0,0,,
RECLAIM-V2-009369,C00943,RETRY_ALL,0,0,,,0,0,,
RECLAIM-V2-009370,C00746,RETRY_ALL,0,0,,,0,0,,
RECLAIM-V2-009371,C00955,RETRY_ALL,0,0,,,0,0,,
RECLAIM-V2-009372,C00502,TARGET,1,0,,,0,0,,
RECLAIM-V2-009373,C00680,RETRY_ALL,0,0,,,0,0,,
RECLAIM-V2-009374,C00707,RETRY_ALL,0,0,,,0,0,,
RECLAIM-V2-009375,C00243,RETRY_ALL,0,0,,,0,0,,
RECLAIM-V2-009376,C00980,RETRY_ALL,0,0,,,0,0,,
RECLAIM-V2-009377,C00790,RETRY_ALL,0,0,,,0,0,,
RECLAIM-V2-009378,C00790,RETRY_ALL,0,0,,,0,0,,
RECLAIM-V2-009379,C00649,RETRY_ALL,0,0,,,0,0,,
RECLAIM-V2-009380,C00921,RETRY_ALL,0,0,,,0,0,,
RECLAIM-V2-009381,C00241,RETRY_ALL,0,0,,,0,0,,
RECLAIM-V2-009382,C00485,RETRY_ALL,0,0,,,0,0,,
RECLAIM-V2-009383,C00329,RETRY_ALL,0,0,,,0,0,,
RECLAIM-V2-009384,C00733,RETRY_ALL,0,0,,,0,0,,
RECLAIM-V2-009385,C00676,RETRY_ALL,0,0,,,0,0,,
RECLAIM-V2-009386,C00586,RETRY_ALL,0,0,,,0,0,,
RECLAIM-V2-009387,C00997,RETRY_ALL,0,0,,,0,0,,
RECLAIM-V2-009388,C00025,RETRY_ALL,0,0,,,0,0,,
RECLAIM-V2-009389,C00350,RETRY_ALL,0,0,,,0,0,,
RECLAIM-V2-009390,C00492,RETRY_ALL,0,0,,,0,0,,
RECLAIM-V2-009391,C00415,RETRY_ALL,0,0,,,0,0,,
RECLAIM-V2-009392,C00664,RETRY_ALL,0,0,,,0,0,,
RECLAIM-V2-009393,C00874,RETRY_ALL,0,0,,,0,0,,
RECLAIM-V2-009394,C00673,RETRY_ALL,0,0,,,0,0,,
RECLAIM-V2-009395,C00241,RETRY_ALL,0,0,,,0,0,,
RECLAIM-V2-009396,C00153,RETRY_ALL,0,0,,,0,0,,
RECLAIM-V2-009397,C00196,RETRY_ALL,0,0,,,0,0,,
RECLAIM-V2-009398,C00089,RETRY_ALL,0,0,,,0,0,,
RECLAIM-V2-009399,C00482,RETRY_ALL,0,0,,,0,0,,
RECLAIM-V2-009400,C00670,RETRY_ALL,0,0,,,0,0,,
RECLAIM-V2-009401,C00113,RETRY_ALL,0,0,,,0,0,,
RECLAIM-V2-009402,C00020,RETRY_ALL,0,0,,,0,0,,
RECLAIM-V2-009403,C00538,RETRY_ALL,0,0,,,0,0,,
RECLAIM-V2-009404,C00908,RETRY_ALL,0,0,,,0,0,,
RECLAIM-V2-009405,C00228,RETRY_ALL,0,0,,,0,0,,
RECLAIM-V2-009406,C00003,RETRY_ALL,0,0,,,0,0,,
RECLAIM-V2-009407,C00053,RETRY_ALL,0,0,,,0,0,,
RECLAIM-V2-009408,C00005,RETRY_ALL,0,0,,,0,0,,
RECLAIM-V2-009409,C00826,RETRY_ALL,0,0,,,0,0,,
RECLAIM-V2-009410,C00758,RETRY_ALL,0,0,,,0,0,,
RECLAIM-V2-009411,C00080,TARGET,1,0,,,0,0,,
RECLAIM-V2-009412,C00432,RETRY_ALL,0,0,,,0,0,,
RECLAIM-V2-009413,C00512,RETRY_ALL,0,0,,,0,0,,
RECLAIM-V2-009414,C00512,RETRY_ALL,0,0,,,0,0,,
RECLAIM-V2-009415,C00101,RETRY_ALL,0,0,,,0,0,,
RECLAIM-V2-009416,C00736,RETRY_ALL,0,0,,,0,0,,
RECLAIM-V2-009417,C00080,TARGET,1,0,,,0,0,,
RECLAIM-V2-009418,C00863,RETRY_ALL,0,0,,,0,0,,
RECLAIM-V2-009419,C00391,RETRY_ALL,0,0,,,0,0,,
RECLAIM-V2-009420,C00118,RETRY_ALL,0,0,,,0,0,,
RECLAIM-V2-009421,C00542,RETRY_ALL,0,0,,,0,0,,
RECLAIM-V2-009422,C00089,RETRY_ALL,0,0,,,0,0,,
RECLAIM-V2-009423,C00577,RETRY_ALL,0,0,,,0,0,,
RECLAIM-V2-009424,C00816,RETRY_ALL,0,0,,,0,0,,
RECLAIM-V2-009425,C00427,RETRY_ALL,0,0,,,0,0,,
RECLAIM-V2-009426,C00096,RETRY_ALL,0,0,,,0,0,,
RECLAIM-V2-009427,C00816,RETRY_ALL,0,0,,,0,0,,
RECLAIM-V2-009428,C00571,RETRY_ALL,0,0,,,0,0,,
RECLAIM-V2-009429,C00380,RETRY_ALL,0,0,,,0,0,,
RECLAIM-V2-009430,C00816,RETRY_ALL,0,0,,,0,0,,
RECLAIM-V2-009431,C00054,RETRY_ALL,0,0,,,0,0,,
RECLAIM-V2-009432,C00318,RETRY_ALL,0,0,,,0,0,,
RECLAIM-V2-009433,C00832,RETRY_ALL,0,0,,,0,0,,
RECLAIM-V2-009434,C00279,TARGET,1,0,,,0,0,,
RECLAIM-V2-009435,C00015,RETRY_ALL,0,0,,,0,0,,
RECLAIM-V2-009436,C00196,RETRY_ALL,0,0,,,0,0,,
RECLAIM-V2-009437,C00353,RETRY_ALL,0,0,,,0,0,,
RECLAIM-V2-009438,C00795,RETRY_ALL,0,0,,,0,0,,
RECLAIM-V2-009439,C00354,RETRY_ALL,0,0,,,0,0,,
RECLAIM-V2-009440,C00906,RETRY_ALL,0,0,,,0,0,,
RECLAIM-V2-009441,C00427,RETRY_ALL,0,0,,,0,0,,
RECLAIM-V2-009442,C00118,RETRY_ALL,0,0,,,0,0,,
RECLAIM-V2-009443,C00142,RETRY_ALL,0,0,,,0,0,,
RECLAIM-V2-009444,C00517,RETRY_ALL,0,0,,,0,0,,
RECLAIM-V2-009445,C00034,RETRY_ALL,0,0,,,0,0,,
RECLAIM-V2-009446,C00461,RETRY_ALL,0,0,,,0,0,,
RECLAIM-V2-009447,C00961,RETRY_ALL,0,0,,,0,0,,
RECLAIM-V2-009448,C00451,RETRY_ALL,0,0,,,0,0,,
RECLAIM-V2-009449,C00825,RETRY_ALL,0,0,,,0,0,,
RECLAIM-V2-009450,C00669,RETRY_ALL,0,0,,,0,0,,
RECLAIM-V2-009451,C00014,RETRY_ALL,0,0,,,0,0,,
RECLAIM-V2-009452,C00595,RETRY_ALL,0,0,,,0,0,,
RECLAIM-V2-009453,C00440,RETRY_ALL,0,0,,,0,0,,
RECLAIM-V2-009454,C00146,RETRY_ALL,0,0,,,0,0,,
RECLAIM-V2-009455,C00899,RETRY_ALL,0,0,,,0,0,,
RECLAIM-V2-009456,C00339,RETRY_ALL,0,0,,,0,0,,
RECLAIM-V2-009457,C00542,RETRY_ALL,0,0,,,0,0,,
RECLAIM-V2-009458,C00158,RETRY_ALL,0,0,,,0,0,,
RECLAIM-V2-009459,C00789,RETRY_ALL,0,0,,,0,0,,
RECLAIM-V2-009460,C00542,RETRY_ALL,0,0,,,0,0,,
RECLAIM-V2-009461,C00695,RETRY_ALL,0,0,,,0,0,,
RECLAIM-V2-009462,C00240,RETRY_ALL,0,0,,,0,0,,
RECLAIM-V2-009463,C00010,RETRY_ALL,0,0,,,0,0,,
RECLAIM-V2-009464,C00397,TARGET,1,0,,,0,0,,
RECLAIM-V2-009465,C00931,RETRY_ALL,0,0,,,0,0,,
RECLAIM-V2-009466,C00022,RETRY_ALL,0,0,,,0,0,,
RECLAIM-V2-009467,C00964,RETRY_ALL,0,0,,,0,0,,
RECLAIM-V2-009468,C00339,RETRY_ALL,0,0,,,0,0,,
RECLAIM-V2-009469,C00241,RETRY_ALL,0,0,,,0,0,,
RECLAIM-V2-009470,C00319,RETRY_ALL,0,0,,,0,0,,
RECLAIM-V2-009471,C00655,RETRY_ALL,0,0,,,0,0,,
RECLAIM-V2-009472,C00610,RETRY_ALL,0,0,,,0,0,,
RECLAIM-V2-009473,C00378,RETRY_ALL,0,0,,,0,0,,
RECLAIM-V2-009474,C00329,RETRY_ALL,0,0,,,0,0,,
RECLAIM-V2-009475,C00192,RETRY_ALL,0,0,,,0,0,,
RECLAIM-V2-009476,C00291,TARGET,1,0,,,0,0,,
RECLAIM-V2-009477,C00629,TARGET,1,0,,,0,0,,
RECLAIM-V2-009478,C00354,RETRY_ALL,0,0,,,0,0,,
RECLAIM-V2-009479,C00372,RETRY_ALL,0,0,,,0,0,,
RECLAIM-V2-009480,C00964,RETRY_ALL,0,0,,,0,0,,
RECLAIM-V2-009481,C00418,RETRY_ALL,0,0,,,0,0,,
RECLAIM-V2-009482,C00378,RETRY_ALL,0,0,,,0,0,,
RECLAIM-V2-009483,C00234,RETRY_ALL,0,0,,,0,0,,
RECLAIM-V2-009484,C00663,TARGET,1,0,,,0,0,,
RECLAIM-V2-009485,C00147,RETRY_ALL,0,0,,,0,0,,
RECLAIM-V2-009486,C00525,RETRY_ALL,0,0,,,0,0,,
RECLAIM-V2-009487,C00611,RETRY_ALL,0,0,,,0,0,,
RECLAIM-V2-009488,C00041,RETRY_ALL,0,0,,,0,0,,
RECLAIM-V2-009489,C00816,RETRY_ALL,0,0,,,0,0,,
RECLAIM-V2-009490,C00758,RETRY_ALL,0,0,,,0,0,,
RECLAIM-V2-009491,C00228,RETRY_ALL,0,0,,,0,0,,
RECLAIM-V2-009492,C00037,RETRY_ALL,0,0,,,0,0,,
RECLAIM-V2-009493,C00571,RETRY_ALL,0,0,,,0,0,,
RECLAIM-V2-009494,C00961,RETRY_ALL,0,0,,,0,0,,
RECLAIM-V2-009495,C00525,RETRY_ALL,0,0,,,0,0,,
RECLAIM-V2-009496,C00945,RETRY_ALL,0,0,,,0,0,,
RECLAIM-V2-009497,C00986,RETRY_ALL,0,0,,,0,0,,
RECLAIM-V2-009498,C00820,RETRY_ALL,0,0,,,0,0,,
RECLAIM-V2-009499,C00126,RETRY_ALL,0,0,,,0,0,,
RECLAIM-V2-009500,C00691,RETRY_ALL,0,0,,,0,0,,
RECLAIM-V2-009501,C00479,RETRY_ALL,0,0,,,0,0,,
RECLAIM-V2-009502,C00789,RETRY_ALL,0,0,,,0,0,,
RECLAIM-V2-009503,C00214,RETRY_ALL,0,0,,,0,0,,
RECLAIM-V2-009504,C00931,RETRY_ALL,0,0,,,0,0,,
RECLAIM-V2-009505,C00189,RETRY_ALL,0,0,,,0,0,,
RECLAIM-V2-009506,C00199,RETRY_ALL,0,0,,,0,0,,
RECLAIM-V2-009507,C00789,RETRY_ALL,0,0,,,0,0,,
RECLAIM-V2-009508,C00015,RETRY_ALL,0,0,,,0,0,,
RECLAIM-V2-009509,C00461,RETRY_ALL,0,0,,,0,0,,
RECLAIM-V2-009510,C00199,RETRY_ALL,0,0,,,0,0,,
RECLAIM-V2-009511,C00502,TARGET,1,0,,,0,0,,
RECLAIM-V2-009512,C00043,RETRY_ALL,0,0,,,0,0,,
RECLAIM-V2-009513,C00260,RETRY_ALL,0,0,,,0,0,,
RECLAIM-V2-009514,C00937,RETRY_ALL,0,0,,,0,0,,
RECLAIM-V2-009515,C00611,RETRY_ALL,0,0,,,0,0,,
RECLAIM-V2-009516,C00142,RETRY_ALL,0,0,,,0,0,,
RECLAIM-V2-009517,C00936,RETRY_ALL,0,0,,,0,0,,
RECLAIM-V2-009518,C00597,RETRY_ALL,0,0,,,0,0,,
RECLAIM-V2-009519,C00487,RETRY_ALL,0,0,,,0,0,,
RECLAIM-V2-009520,C00574,RETRY_ALL,0,0,,,0,0,,
RECLAIM-V2-009521,C00368,RETRY_ALL,0,0,,,0,0,,
RECLAIM-V2-009522,C00816,RETRY_ALL,0,0,,,0,0,,
RECLAIM-V2-009523,C00101,RETRY_ALL,0,0,,,0,0,,
RECLAIM-V2-009524,C00315,RETRY_ALL,0,0,,,0,0,,
RECLAIM-V2-009525,C00294,RETRY_ALL,0,0,,,0,0,,
RECLAIM-V2-009526,C00142,RETRY_ALL,0,0,,,0,0,,
RECLAIM-V2-009527,C00823,RETRY_ALL,0,0,,,0,0,,
RECLAIM-V2-009528,C00569,RETRY_ALL,0,0,,,0,0,,
RECLAIM-V2-009529,C00103,RETRY_ALL,0,0,,,0,0,,
RECLAIM-V2-009530,C00516,RETRY_ALL,0,0,,,0,0,,
RECLAIM-V2-009531,C00882,RETRY_ALL,0,0,,,0,0,,
RECLAIM-V2-009532,C00360,RETRY_ALL,0,0,,,0,0,,
RECLAIM-V2-009533,C00325,RETRY_ALL,0,0,,,0,0,,
RECLAIM-V2-009534,C00138,RETRY_ALL,0,0,,,0,0,,
RECLAIM-V2-009535,C00018,RETRY_ALL,0,0,,,0,0,,
RECLAIM-V2-009536,C00228,RETRY_ALL,0,0,,,0,0,,
RECLAIM-V2-009537,C00677,RETRY_ALL,0,0,,,0,0,,
RECLAIM-V2-009538,C00220,RETRY_ALL,0,0,,,0,0,,
RECLAIM-V2-009539,C00734,RETRY_ALL,0,0,,,0,0,,
RECLAIM-V2-009540,C00764,RETRY_ALL,0,0,,,0,0,,
RECLAIM-V2-009541,C00770,RETRY_ALL,0,0,,,0,0,,
RECLAIM-V2-009542,C00493,RETRY_ALL,0,0,,,0,0,,
RECLAIM-V2-009543,C00226,RETRY_ALL,0,0,,,0,0,,
RECLAIM-V2-009544,C00380,RETRY_ALL,0,0,,,0,0,,
RECLAIM-V2-009545,C00179,RETRY_ALL,0,0,,,0,0,,
RECLAIM-V2-009546,C00816,RETRY_ALL,0,0,,,0,0,,
RECLAIM-V2-009547,C00451,RETRY_ALL,0,0,,,0,0,,
RECLAIM-V2-009548,C00112,RETRY_ALL,0,0,,,0,0,,
RECLAIM-V2-009549,C00433,RETRY_ALL,0,0,,,0,0,,
RECLAIM-V2-009550,C00663,TARGET,1,0,,,0,0,,
RECLAIM-V2-009551,C00809,RETRY_ALL,0,0,,,0,0,,
RECLAIM-V2-009552,C00230,RETRY_ALL,0,0,,,0,0,,
RECLAIM-V2-009553,C00573,RETRY_ALL,0,0,,,0,0,,
RECLAIM-V2-009554,C00180,RETRY_ALL,0,0,,,0,0,,
RECLAIM-V2-009555,C00673,RETRY_ALL,0,0,,,0,0,,
RECLAIM-V2-009556,C00764,RETRY_ALL,0,0,,,0,0,,
RECLAIM-V2-009557,C00629,TARGET,1,0,,,0,0,,
RECLAIM-V2-009558,C00463,RETRY_ALL,0,0,,,0,0,,
RECLAIM-V2-009559,C00086,RETRY_ALL,0,0,,,0,0,,
RECLAIM-V2-009560,C00577,RETRY_ALL,0,0,,,0,0,,
RECLAIM-V2-009561,C00393,RETRY_ALL,0,0,,,0,0,,
RECLAIM-V2-009562,C00803,RETRY_ALL,0,0,,,0,0,,
RECLAIM-V2-009563,C00696,RETRY_ALL,0,0,,,0,0,,
RECLAIM-V2-009564,C00820,RETRY_ALL,0,0,,,0,0,,
RECLAIM-V2-009565,C00254,TARGET,1,0,,,0,0,,
RECLAIM-V2-009566,C00577,RETRY_ALL,0,0,,,0,0,,
RECLAIM-V2-009567,C00551,RETRY_ALL,0,0,,,0,0,,
RECLAIM-V2-009568,C00834,RETRY_ALL,0,0,,,0,0,,
RECLAIM-V2-009569,C00142,RETRY_ALL,0,0,,,0,0,,
RECLAIM-V2-009570,C00999,RETRY_ALL,0,0,,,0,0,,
RECLAIM-V2-009571,C00190,RETRY_ALL,0,0,,,0,0,,
RECLAIM-V2-009572,C00534,RETRY_ALL,0,0,,,0,0,,
RECLAIM-V2-009573,C00145,RETRY_ALL,0,0,,,0,0,,
RECLAIM-V2-009574,C00404,TARGET,1,0,,,0,0,,
RECLAIM-V2-009575,C00863,RETRY_ALL,0,0,,,0,0,,
RECLAIM-V2-009576,C00234,RETRY_ALL,0,0,,,0,0,,
RECLAIM-V2-009577,C00978,RETRY_ALL,0,0,,,0,0,,
RECLAIM-V2-009578,C00550,TARGET,1,0,,,0,0,,
RECLAIM-V2-009579,C00826,RETRY_ALL,0,0,,,0,0,,
RECLAIM-V2-009580,C00131,RETRY_ALL,0,0,,,0,0,,
RECLAIM-V2-009581,C00426,RETRY_ALL,0,0,,,0,0,,
RECLAIM-V2-009582,C00485,RETRY_ALL,0,0,,,0,0,,
RECLAIM-V2-009583,C00655,RETRY_ALL,0,0,,,0,0,,
RECLAIM-V2-009584,C00942,RETRY_ALL,0,0,,,0,0,,
RECLAIM-V2-009585,C00816,RETRY_ALL,0,0,,,0,0,,
RECLAIM-V2-009586,C00131,RETRY_ALL,0,0,,,0,0,,
RECLAIM-V2-009587,C00214,RETRY_ALL,0,0,,,0,0,,
RECLAIM-V2-009588,C00570,RETRY_ALL,0,0,,,0,0,,
RECLAIM-V2-009589,C00941,TARGET,1,0,,,0,0,,
RECLAIM-V2-009590,C00746,RETRY_ALL,0,0,,,0,0,,
RECLAIM-V2-009591,C00243,RETRY_ALL,0,0,,,0,0,,
RECLAIM-V2-009592,C00395,RETRY_ALL,0,0,,,0,0,,
RECLAIM-V2-009593,C00547,RETRY_ALL,0,0,,,0,0,,
RECLAIM-V2-009594,C00941,TARGET,1,0,,,0,0,,
RECLAIM-V2-009595,C00846,RETRY_ALL,0,0,,,0,0,,
RECLAIM-V2-009596,C00015,RETRY_ALL,0,0,,,0,0,,
RECLAIM-V2-009597,C00840,RETRY_ALL,0,0,,,0,0,,
RECLAIM-V2-009598,C00153,RETRY_ALL,0,0,,,0,0,,
RECLAIM-V2-009599,C00102,RETRY_ALL,0,0,,,0,0,,
RECLAIM-V2-009600,C00401,RETRY_ALL,0,0,,,0,0,,
RECLAIM-V2-009601,C00397,RETRY_ALL,0,0,,,0,0,,
RECLAIM-V2-009602,C00174,RETRY_ALL,0,0,,,0,0,,
RECLAIM-V2-009603,C00053,RETRY_ALL,0,0,,,0,0,,
RECLAIM-V2-009604,C00627,RETRY_ALL,0,0,,,0,0,,
RECLAIM-V2-009605,C00655,RETRY_ALL,0,0,,,0,0,,
RECLAIM-V2-009606,C00931,RETRY_ALL,0,0,,,0,0,,
RECLAIM-V2-009607,C00142,RETRY_ALL,0,0,,,0,0,,
RECLAIM-V2-009608,C00425,RETRY_ALL,0,0,,,0,0,,
RECLAIM-V2-009609,C00614,RETRY_ALL,0,0,,,0,0,,
RECLAIM-V2-009610,C00534,RETRY_ALL,0,0,,,0,0,,
RECLAIM-V2-009611,C00677,RETRY_ALL,0,0,,,0,0,,
RECLAIM-V2-009612,C00565,RETRY_ALL,0,0,,,0,0,,
RECLAIM-V2-009613,C00228,RETRY_ALL,0,0,,,0,0,,
RECLAIM-V2-009614,C00655,RETRY_ALL,0,0,,,0,0,,
RECLAIM-V2-009615,C00783,RETRY_ALL,0,0,,,0,0,,
RECLAIM-V2-009616,C00124,RETRY_ALL,0,0,,,0,0,,
RECLAIM-V2-009617,C00429,RETRY_ALL,0,0,,,0,0,,
RECLAIM-V2-009618,C00418,RETRY_ALL,0,0,,,0,0,,
RECLAIM-V2-009619,C00577,RETRY_ALL,0,0,,,0,0,,
RECLAIM-V2-009620,C00899,RETRY_ALL,0,0,,,0,0,,
RECLAIM-V2-009621,C00361,RETRY_ALL,0,0,,,0,0,,
RECLAIM-V2-009622,C00089,RETRY_ALL,0,0,,,0,0,,
RECLAIM-V2-009623,C00004,RETRY_ALL,0,0,,,0,0,,
RECLAIM-V2-009624,C00003,RETRY_ALL,0,0,,,0,0,,
RECLAIM-V2-009625,C00547,RETRY_ALL,0,0,,,0,0,,
RECLAIM-V2-009626,C00268,RETRY_ALL,0,0,,,0,0,,
RECLAIM-V2-009627,C00045,RETRY_ALL,0,0,,,0,0,,
RECLAIM-V2-009628,C00458,RETRY_ALL,0,0,,,0,0,,
RECLAIM-V2-009629,C00642,RETRY_ALL,0,0,,,0,0,,
RECLAIM-V2-009630,C00980,RETRY_ALL,0,0,,,0,0,,
RECLAIM-V2-009631,C00101,RETRY_ALL,0,0,,,0,0,,
RECLAIM-V2-009632,C00425,RETRY_ALL,0,0,,,0,0,,
RECLAIM-V2-009633,C00320,RETRY_ALL,0,0,,,0,0,,
RECLAIM-V2-009634,C00739,TARGET,1,0,,,0,0,,
RECLAIM-V2-009635,C00234,RETRY_ALL,0,0,,,0,0,,
RECLAIM-V2-009636,C00214,RETRY_ALL,0,0,,,0,0,,
RECLAIM-V2-009637,C00550,TARGET,1,0,,,0,0,,
RECLAIM-V2-009638,C00008,RETRY_ALL,0,0,,,0,0,,
RECLAIM-V2-009639,C00563,RETRY_ALL,0,0,,,0,0,,
RECLAIM-V2-009640,C00587,RETRY_ALL,0,0,,,0,0,,
RECLAIM-V2-009641,C00614,RETRY_ALL,0,0,,,0,0,,
RECLAIM-V2-009642,C00779,RETRY_ALL,0,0,,,0,0,,
RECLAIM-V2-009643,C00534,RETRY_ALL,0,0,,,0,0,,
RECLAIM-V2-009644,C00196,RETRY_ALL,0,0,,,0,0,,
RECLAIM-V2-009645,C00809,RETRY_ALL,0,0,,,0,0,,
RECLAIM-V2-009646,C00357,RETRY_ALL,0,0,,,0,0,,
RECLAIM-V2-009647,C00291,TARGET,1,0,,,0,0,,
RECLAIM-V2-009648,C00888,RETRY_ALL,0,0,,,0,0,,
RECLAIM-V2-009649,C00973,RETRY_ALL,0,0,,,0,0,,
RECLAIM-V2-009650,C00908,RETRY_ALL,0,0,,,0,0,,
RECLAIM-V2-009651,C00676,RETRY_ALL,0,0,,,0,0,,
RECLAIM-V2-009652,C00512,RETRY_ALL,0,0,,,0,0,,
RECLAIM-V2-009653,C00999,RETRY_ALL,0,0,,,0,0,,
RECLAIM-V2-009654,C00005,TARGET,1,0,,,0,0,,
RECLAIM-V2-009655,C00012,RETRY_ALL,0,0,,,0,0,,
RECLAIM-V2-009656,C00384,RETRY_ALL,0,0,,,0,0,,
RECLAIM-V2-009657,C00088,RETRY_ALL,0,0,,,0,0,,
RECLAIM-V2-009658,C00817,RETRY_ALL,0,0,,,0,0,,
RECLAIM-V2-009659,C00727,RETRY_ALL,0,0,,,0,0,,
RECLAIM-V2-009660,C00056,RETRY_ALL,0,0,,,0,0,,
RECLAIM-V2-009661,C00270,RETRY_ALL,0,0,,,0,0,,
RECLAIM-V2-009662,C00803,RETRY_ALL,0,0,,,0,0,,
RECLAIM-V2-009663,C00528,RETRY_ALL,0,0,,,0,0,,
RECLAIM-V2-009664,C00911,RETRY_ALL,0,0,,,0,0,,
RECLAIM-V2-009665,C00635,RETRY_ALL,0,0,,,0,0,,
RECLAIM-V2-009666,C00485,RETRY_ALL,0,0,,,0,0,,
RECLAIM-V2-009667,C00840,RETRY_ALL,0,0,,,0,0,,
RECLAIM-V2-009668,C00521,RETRY_ALL,0,0,,,0,0,,
RECLAIM-V2-009669,C00339,RETRY_ALL,0,0,,,0,0,,
RECLAIM-V2-009670,C00971,RETRY_ALL,0,0,,,0,0,,
RECLAIM-V2-009671,C00506,RETRY_ALL,0,0,,,0,0,,
RECLAIM-V2-009672,C00131,RETRY_ALL,0,0,,,0,0,,
RECLAIM-V2-009673,C00260,RETRY_ALL,0,0,,,0,0,,
RECLAIM-V2-009674,C00823,RETRY_ALL,0,0,,,0,0,,
RECLAIM-V2-009675,C00497,RETRY_ALL,0,0,,,0,0,,
RECLAIM-V2-009676,C00129,RETRY_ALL,0,0,,,0,0,,
RECLAIM-V2-009677,C00378,TARGET,1,0,,,0,0,,
RECLAIM-V2-009678,C00683,RETRY_ALL,0,0,,,0,0,,
RECLAIM-V2-009679,C00649,RETRY_ALL,0,0,,,0,0,,
RECLAIM-V2-009680,C00298,RETRY_ALL,0,0,,,0,0,,
RECLAIM-V2-009681,C00506,RETRY_ALL,0,0,,,0,0,,
RECLAIM-V2-009682,C00746,RETRY_ALL,0,0,,,0,0,,
RECLAIM-V2-009683,C00863,RETRY_ALL,0,0,,,0,0,,
RECLAIM-V2-009684,C00321,RETRY_ALL,0,0,,,0,0,,
RECLAIM-V2-009685,C00590,RETRY_ALL,0,0,,,0,0,,
RECLAIM-V2-009686,C00323,TARGET,1,0,,,0,0,,
RECLAIM-V2-009687,C00361,RETRY_ALL,0,0,,,0,0,,
RECLAIM-V2-009688,C00528,RETRY_ALL,0,0,,,0,0,,
RECLAIM-V2-009689,C00354,RETRY_ALL,0,0,,,0,0,,
RECLAIM-V2-009690,C00762,RETRY_ALL,0,0,,,0,0,,
RECLAIM-V2-009691,C00551,RETRY_ALL,0,0,,,0,0,,
RECLAIM-V2-009692,C00056,RETRY_ALL,0,0,,,0,0,,
RECLAIM-V2-009693,C00550,TARGET,1,0,,,0,0,,
RECLAIM-V2-009694,C00751,RETRY_ALL,0,0,,,0,0,,
RECLAIM-V2-009695,C00594,RETRY_ALL,0,0,,,0,0,,
RECLAIM-V2-009696,C00438,RETRY_ALL,0,0,,,0,0,,
RECLAIM-V2-009697,C00451,RETRY_ALL,0,0,,,0,0,,
RECLAIM-V2-009698,C00616,RETRY_ALL,0,0,,,0,0,,
RECLAIM-V2-009699,C00834,RETRY_ALL,0,0,,,0,0,,
RECLAIM-V2-009700,C00961,RETRY_ALL,0,0,,,0,0,,
RECLAIM-V2-009701,C00357,RETRY_ALL,0,0,,,0,0,,
RECLAIM-V2-009702,C00889,RETRY_ALL,0,0,,,0,0,,
RECLAIM-V2-009703,C00347,RETRY_ALL,0,0,,,0,0,,
RECLAIM-V2-009704,C00027,RETRY_ALL,0,0,,,0,0,,
RECLAIM-V2-009705,C00497,RETRY_ALL,0,0,,,0,0,,
RECLAIM-V2-009706,C00240,RETRY_ALL,0,0,,,0,0,,
RECLAIM-V2-009707,C00275,RETRY_ALL,0,0,,,0,0,,
RECLAIM-V2-009708,C00803,RETRY_ALL,0,0,,,0,0,,
RECLAIM-V2-009709,C00241,RETRY_ALL,0,0,,,0,0,,
RECLAIM-V2-009710,C00807,RETRY_ALL,0,0,,,0,0,,
RECLAIM-V2-009711,C00779,RETRY_ALL,0,0,,,0,0,,
RECLAIM-V2-009712,C00537,RETRY_ALL,0,0,,,0,0,,
RECLAIM-V2-009713,C00901,RETRY_ALL,0,0,,,0,0,,
RECLAIM-V2-009714,C00168,RETRY_ALL,0,0,,,0,0,,
RECLAIM-V2-009715,C00764,TARGET,1,0,,,0,0,,
RECLAIM-V2-009716,C00999,RETRY_ALL,0,0,,,0,0,,
RECLAIM-V2-009717,C00646,RETRY_ALL,0,0,,,0,0,,
RECLAIM-V2-009718,C00677,RETRY_ALL,0,0,,,0,0,,
RECLAIM-V2-009719,C00986,RETRY_ALL,0,0,,,0,0,,
RECLAIM-V2-009720,C00493,RETRY_ALL,0,0,,,0,0,,
RECLAIM-V2-009721,C00961,RETRY_ALL,0,0,,,0,0,,
RECLAIM-V2-009722,C00380,RETRY_ALL,0,0,,,0,0,,
RECLAIM-V2-009723,C00139,RETRY_ALL,0,0,,,0,0,,
RECLAIM-V2-009724,C00145,RETRY_ALL,0,0,,,0,0,,
RECLAIM-V2-009725,C00718,RETRY_ALL,0,0,,,0,0,,
RECLAIM-V2-009726,C00479,RETRY_ALL,0,0,,,0,0,,
RECLAIM-V2-009727,C00295,RETRY_ALL,0,0,,,0,0,,
RECLAIM-V2-009728,C00834,RETRY_ALL,0,0,,,0,0,,
RECLAIM-V2-009729,C00506,RETRY_ALL,0,0,,,0,0,,
RECLAIM-V2-009730,C00525,RETRY_ALL,0,0,,,0,0,,
RECLAIM-V2-009731,C00700,RETRY_ALL,0,0,,,0,0,,
RECLAIM-V2-009732,C00770,RETRY_ALL,0,0,,,0,0,,
RECLAIM-V2-009733,C00751,RETRY_ALL,0,0,,,0,0,,
RECLAIM-V2-009734,C00088,RETRY_ALL,0,0,,,0,0,,
RECLAIM-V2-009735,C00353,RETRY_ALL,0,0,,,0,0,,
RECLAIM-V2-009736,C00156,RETRY_ALL,0,0,,,0,0,,
RECLAIM-V2-009737,C00611,RETRY_ALL,0,0,,,0,0,,
RECLAIM-V2-009738,C00674,RETRY_ALL,0,0,,,0,0,,
RECLAIM-V2-009739,C00005,RETRY_ALL,0,0,,,0,0,,
RECLAIM-V2-009740,C00466,RETRY_ALL,0,0,,,0,0,,
RECLAIM-V2-009741,C00214,RETRY_ALL,0,0,,,0,0,,
RECLAIM-V2-009742,C00199,RETRY_ALL,0,0,,,0,0,,
RECLAIM-V2-009743,C00779,RETRY_ALL,0,0,,,0,0,,
RECLAIM-V2-009744,C00727,RETRY_ALL,0,0,,,0,0,,
RECLAIM-V2-009745,C00446,RETRY_ALL,0,0,,,0,0,,
RECLAIM-V2-009746,C00817,RETRY_ALL,0,0,,,0,0,,
RECLAIM-V2-009747,C00577,RETRY_ALL,0,0,,,0,0,,
RECLAIM-V2-009748,C00941,TARGET,1,0,,,0,0,,
RECLAIM-V2-009749,C00770,RETRY_ALL,0,0,,,0,0,,
RECLAIM-V2-009750,C00345,RETRY_ALL,0,0,,,0,0,,
RECLAIM-V2-009751,C00521,RETRY_ALL,0,0,,,0,0,,
RECLAIM-V2-009752,C00210,RETRY_ALL,0,0,,,0,0,,
RECLAIM-V2-009753,C00058,RETRY_ALL,0,0,,,0,0,,
RECLAIM-V2-009754,C00043,RETRY_ALL,0,0,,,0,0,,
RECLAIM-V2-009755,C00918,RETRY_ALL,0,0,,,0,0,,
RECLAIM-V2-009756,C00110,RETRY_ALL,0,0,,,0,0,,
RECLAIM-V2-009757,C00421,RETRY_ALL,0,0,,,0,0,,
RECLAIM-V2-009758,C00669,RETRY_ALL,0,0,,,0,0,,
RECLAIM-V2-009759,C00187,TARGET,1,0,,,0,0,,
RECLAIM-V2-009760,C00702,RETRY_ALL,0,0,,,0,0,,
RECLAIM-V2-009761,C00986,RETRY_ALL,0,0,,,0,0,,
RECLAIM-V2-009762,C00604,RETRY_ALL,0,0,,,0,0,,
RECLAIM-V2-009763,C00846,RETRY_ALL,0,0,,,0,0,,
RECLAIM-V2-009764,C00218,RETRY_ALL,0,0,,,0,0,,
RECLAIM-V2-009765,C00136,RETRY_ALL,0,0,,,0,0,,
RECLAIM-V2-009766,C00410,TARGET,1,0,,,0,0,,
RECLAIM-V2-009767,C00392,RETRY_ALL,0,0,,,0,0,,
RECLAIM-V2-009768,C00445,RETRY_ALL,0,0,,,0,0,,
RECLAIM-V2-009769,C00820,RETRY_ALL,0,0,,,0,0,,
RECLAIM-V2-009770,C00964,RETRY_ALL,0,0,,,0,0,,
RECLAIM-V2-009771,C00392,RETRY_ALL,0,0,,,0,0,,
RECLAIM-V2-009772,C00136,RETRY_ALL,0,0,,,0,0,,
RECLAIM-V2-009773,C00516,RETRY_ALL,0,0,,,0,0,,
RECLAIM-V2-009774,C00979,RETRY_ALL,0,0,,,0,0,,
RECLAIM-V2-009775,C00664,RETRY_ALL,0,0,,,0,0,,
RECLAIM-V2-009776,C00624,RETRY_ALL,0,0,,,0,0,,
RECLAIM-V2-009777,C00010,RETRY_ALL,0,0,,,0,0,,
RECLAIM-V2-009778,C00727,RETRY_ALL,0,0,,,0,0,,
RECLAIM-V2-009779,C00659,RETRY_ALL,0,0,,,0,0,,
RECLAIM-V2-009780,C00418,RETRY_ALL,0,0,,,0,0,,
RECLAIM-V2-009781,C00395,RETRY_ALL,0,0,,,0,0,,
RECLAIM-V2-009782,C00980,RETRY_ALL,0,0,,,0,0,,
RECLAIM-V2-009783,C00401,RETRY_ALL,0,0,,,0,0,,
RECLAIM-V2-009784,C00384,RETRY_ALL,0,0,,,0,0,,
RECLAIM-V2-009785,C00608,RETRY_ALL,0,0,,,0,0,,
RECLAIM-V2-009786,C00517,RETRY_ALL,0,0,,,0,0,,
RECLAIM-V2-009787,C00080,TARGET,1,0,,,0,0,,
RECLAIM-V2-009788,C00190,RETRY_ALL,0,0,,,0,0,,
RECLAIM-V2-009789,C00107,RETRY_ALL,0,0,,,0,0,,
RECLAIM-V2-009790,C00123,RETRY_ALL,0,0,,,0,0,,
RECLAIM-V2-009791,C00899,RETRY_ALL,0,0,,,0,0,,
RECLAIM-V2-009792,C00978,RETRY_ALL,0,0,,,0,0,,
RECLAIM-V2-009793,C00819,TARGET,1,0,,,0,0,,
RECLAIM-V2-009794,C00980,RETRY_ALL,0,0,,,0,0,,
RECLAIM-V2-009795,C00448,RETRY_ALL,0,0,,,0,0,,
RECLAIM-V2-009796,C00795,RETRY_ALL,0,0,,,0,0,,
RECLAIM-V2-009797,C00708,RETRY_ALL,0,0,,,0,0,,
RECLAIM-V2-009798,C00222,RETRY_ALL,0,0,,,0,0,,
RECLAIM-V2-009799,C00307,RETRY_ALL,0,0,,,0,0,,
RECLAIM-V2-009800,C00908,RETRY_ALL,0,0,,,0,0,,
RECLAIM-V2-009801,C00156,RETRY_ALL,0,0,,,0,0,,
RECLAIM-V2-009802,C00779,RETRY_ALL,0,0,,,0,0,,
RECLAIM-V2-009803,C00062,RETRY_ALL,0,0,,,0,0,,
RECLAIM-V2-009804,C00459,TARGET,1,0,,,0,0,,
RECLAIM-V2-009805,C00097,RETRY_ALL,0,0,,,0,0,,
RECLAIM-V2-009806,C00870,RETRY_ALL,0,0,,,0,0,,
RECLAIM-V2-009807,C00727,RETRY_ALL,0,0,,,0,0,,
RECLAIM-V2-009808,C00279,TARGET,1,0,,,0,0,,
RECLAIM-V2-009809,C00201,RETRY_ALL,0,0,,,0,0,,
RECLAIM-V2-009810,C00512,RETRY_ALL,0,0,,,0,0,,
RECLAIM-V2-009811,C00012,RETRY_ALL,0,0,,,0,0,,
RECLAIM-V2-009812,C00227,RETRY_ALL,0,0,,,0,0,,
RECLAIM-V2-009813,C00673,RETRY_ALL,0,0,,,0,0,,
RECLAIM-V2-009814,C00884,TARGET,1,0,,,0,0,,
RECLAIM-V2-009815,C00783,RETRY_ALL,0,0,,,0,0,,
RECLAIM-V2-009816,C00897,RETRY_ALL,0,0,,,0,0,,
RECLAIM-V2-009817,C00770,RETRY_ALL,0,0,,,0,0,,
RECLAIM-V2-009818,C00712,RETRY_ALL,0,0,,,0,0,,
RECLAIM-V2-009819,C00700,RETRY_ALL,0,0,,,0,0,,
RECLAIM-V2-009820,C00227,RETRY_ALL,0,0,,,0,0,,
RECLAIM-V2-009821,C00432,RETRY_ALL,0,0,,,0,0,,
RECLAIM-V2-009822,C00764,RETRY_ALL,0,0,,,0,0,,
RECLAIM-V2-009823,C00435,RETRY_ALL,0,0,,,0,0,,
RECLAIM-V2-009824,C00997,RETRY_ALL,0,0,,,0,0,,
RECLAIM-V2-009825,C00357,RETRY_ALL,0,0,,,0,0,,
RECLAIM-V2-009826,C00979,RETRY_ALL,0,0,,,0,0,,
RECLAIM-V2-009827,C00233,RETRY_ALL,0,0,,,0,0,,
RECLAIM-V2-009828,C00373,RETRY_ALL,0,0,,,0,0,,
RECLAIM-V2-009829,C00287,RETRY_ALL,0,0,,,0,0,,
RECLAIM-V2-009830,C00145,RETRY_ALL,0,0,,,0,0,,
RECLAIM-V2-009831,C00585,RETRY_ALL,0,0,,,0,0,,
RECLAIM-V2-009832,C00415,RETRY_ALL,0,0,,,0,0,,
RECLAIM-V2-009833,C00712,RETRY_ALL,0,0,,,0,0,,
RECLAIM-V2-009834,C00943,RETRY_ALL,0,0,,,0,0,,
RECLAIM-V2-009835,C00321,RETRY_ALL,0,0,,,0,0,,
RECLAIM-V2-009836,C00712,RETRY_ALL,0,0,,,0,0,,
RECLAIM-V2-009837,C00803,RETRY_ALL,0,0,,,0,0,,
RECLAIM-V2-009838,C00659,RETRY_ALL,0,0,,,0,0,,
RECLAIM-V2-009839,C00196,RETRY_ALL,0,0,,,0,0,,
RECLAIM-V2-009840,C00525,RETRY_ALL,0,0,,,0,0,,
RECLAIM-V2-009841,C00329,RETRY_ALL,0,0,,,0,0,,
RECLAIM-V2-009842,C00445,RETRY_ALL,0,0,,,0,0,,
RECLAIM-V2-009843,C00032,RETRY_ALL,0,0,,,0,0,,
RECLAIM-V2-009844,C00097,RETRY_ALL,0,0,,,0,0,,
RECLAIM-V2-009845,C00295,RETRY_ALL,0,0,,,0,0,,
RECLAIM-V2-009846,C00218,RETRY_ALL,0,0,,,0,0,,
RECLAIM-V2-009847,C00102,RETRY_ALL,0,0,,,0,0,,
RECLAIM-V2-009848,C00659,RETRY_ALL,0,0,,,0,0,,
RECLAIM-V2-009849,C00163,RETRY_ALL,0,0,,,0,0,,
RECLAIM-V2-009850,C00961,RETRY_ALL,0,0,,,0,0,,
RECLAIM-V2-009851,C00938,RETRY_ALL,0,0,,,0,0,,
RECLAIM-V2-009852,C00846,RETRY_ALL,0,0,,,0,0,,
RECLAIM-V2-009853,C00089,RETRY_ALL,0,0,,,0,0,,
RECLAIM-V2-009854,C00518,RETRY_ALL,0,0,,,0,0,,
RECLAIM-V2-009855,C00223,RETRY_ALL,0,0,,,0,0,,
RECLAIM-V2-009856,C00803,RETRY_ALL,0,0,,,0,0,,
RECLAIM-V2-009857,C00931,RETRY_ALL,0,0,,,0,0,,
RECLAIM-V2-009858,C00193,RETRY_ALL,0,0,,,0,0,,
RECLAIM-V2-009859,C00619,RETRY_ALL,0,0,,,0,0,,
RECLAIM-V2-009860,C00463,RETRY_ALL,0,0,,,0,0,,
RECLAIM-V2-009861,C00625,TARGET,1,0,,,0,0,,
RECLAIM-V2-009862,C00954,RETRY_ALL,0,0,,,0,0,,
RECLAIM-V2-009863,C00145,RETRY_ALL,0,0,,,0,0,,
RECLAIM-V2-009864,C00086,RETRY_ALL,0,0,,,0,0,,
RECLAIM-V2-009865,C00622,RETRY_ALL,0,0,,,0,0,,
RECLAIM-V2-009866,C00702,RETRY_ALL,0,0,,,0,0,,
RECLAIM-V2-009867,C00098,RETRY_ALL,0,0,,,0,0,,
RECLAIM-V2-009868,C00147,RETRY_ALL,0,0,,,0,0,,
RECLAIM-V2-009869,C00783,RETRY_ALL,0,0,,,0,0,,
RECLAIM-V2-009870,C00351,RETRY_ALL,0,0,,,0,0,,
RECLAIM-V2-009871,C00190,RETRY_ALL,0,0,,,0,0,,
RECLAIM-V2-009872,C00138,RETRY_ALL,0,0,,,0,0,,
RECLAIM-V2-009873,C00495,RETRY_ALL,0,0,,,0,0,,
RECLAIM-V2-009874,C00696,RETRY_ALL,0,0,,,0,0,,
RECLAIM-V2-009875,C00325,RETRY_ALL,0,0,,,0,0,,
RECLAIM-V2-009876,C00872,RETRY_ALL,0,0,,,0,0,,
RECLAIM-V2-009877,C00460,RETRY_ALL,0,0,,,0,0,,
RECLAIM-V2-009878,C00037,RETRY_ALL,0,0,,,0,0,,
RECLAIM-V2-009879,C00758,RETRY_ALL,0,0,,,0,0,,
RECLAIM-V2-009880,C00622,RETRY_ALL,0,0,,,0,0,,
RECLAIM-V2-009881,C00339,RETRY_ALL,0,0,,,0,0,,
RECLAIM-V2-009882,C00863,RETRY_ALL,0,0,,,0,0,,
RECLAIM-V2-009883,C00695,RETRY_ALL,0,0,,,0,0,,
RECLAIM-V2-009884,C00874,RETRY_ALL,0,0,,,0,0,,
RECLAIM-V2-009885,C00136,RETRY_ALL,0,0,,,0,0,,
RECLAIM-V2-009886,C00955,RETRY_ALL,0,0,,,0,0,,
RECLAIM-V2-009887,C00601,RETRY_ALL,0,0,,,0,0,,
RECLAIM-V2-009888,C00360,RETRY_ALL,0,0,,,0,0,,
RECLAIM-V2-009889,C00025,RETRY_ALL,0,0,,,0,0,,
RECLAIM-V2-009890,C00053,RETRY_ALL,0,0,,,0,0,,
RECLAIM-V2-009891,C00977,RETRY_ALL,0,0,,,0,0,,
RECLAIM-V2-009892,C00275,RETRY_ALL,0,0,,,0,0,,
RECLAIM-V2-009893,C00601,RETRY_ALL,0,0,,,0,0,,
RECLAIM-V2-009894,C00241,RETRY_ALL,0,0,,,0,0,,
RECLAIM-V2-009895,C00577,RETRY_ALL,0,0,,,0,0,,
RECLAIM-V2-009896,C00598,RETRY_ALL,0,0,,,0,0,,
RECLAIM-V2-009897,C00733,RETRY_ALL,0,0,,,0,0,,
RECLAIM-V2-009898,C00466,RETRY_ALL,0,0,,,0,0,,
RECLAIM-V2-009899,C00254,TARGET,1,0,,,0,0,,
RECLAIM-V2-009900,C00347,RETRY_ALL,0,0,,,0,0,,
RECLAIM-V2-009901,C00244,RETRY_ALL,0,0,,,0,0,,
RECLAIM-V2-009902,C00749,RETRY_ALL,0,0,,,0,0,,
RECLAIM-V2-009903,C00228,RETRY_ALL,0,0,,,0,0,,
RECLAIM-V2-009904,C00612,RETRY_ALL,0,0,,,0,0,,
RECLAIM-V2-009905,C00601,RETRY_ALL,0,0,,,0,0,,
RECLAIM-V2-009906,C00110,RETRY_ALL,0,0,,,0,0,,
RECLAIM-V2-009907,C00070,RETRY_ALL,0,0,,,0,0,,
RECLAIM-V2-009908,C00547,RETRY_ALL,0,0,,,0,0,,
RECLAIM-V2-009909,C00350,RETRY_ALL,0,0,,,0,0,,
RECLAIM-V2-009910,C00779,RETRY_ALL,0,0,,,0,0,,
RECLAIM-V2-009911,C00129,RETRY_ALL,0,0,,,0,0,,
RECLAIM-V2-009912,C00205,RETRY_ALL,0,0,,,0,0,,
RECLAIM-V2-009913,C00842,RETRY_ALL,0,0,,,0,0,,
RECLAIM-V2-009914,C00101,RETRY_ALL,0,0,,,0,0,,
RECLAIM-V2-009915,C00904,RETRY_ALL,0,0,,,0,0,,
RECLAIM-V2-009916,C00069,RETRY_ALL,0,0,,,0,0,,
RECLAIM-V2-009917,C00228,RETRY_ALL,0,0,,,0,0,,
RECLAIM-V2-009918,C00361,RETRY_ALL,0,0,,,0,0,,
RECLAIM-V2-009919,C00260,RETRY_ALL,0,0,,,0,0,,
RECLAIM-V2-009920,C00945,RETRY_ALL,0,0,,,0,0,,
RECLAIM-V2-009921,C00058,RETRY_ALL,0,0,,,0,0,,
RECLAIM-V2-009922,C00599,RETRY_ALL,0,0,,,0,0,,
RECLAIM-V2-009923,C00492,RETRY_ALL,0,0,,,0,0,,
RECLAIM-V2-009924,C00062,RETRY_ALL,0,0,,,0,0,,
RECLAIM-V2-009925,C00418,RETRY_ALL,0,0,,,0,0,,
RECLAIM-V2-009926,C00749,RETRY_ALL,0,0,,,0,0,,
RECLAIM-V2-009927,C00551,RETRY_ALL,0,0,,,0,0,,
RECLAIM-V2-009928,C00206,RETRY_ALL,0,0,,,0,0,,
RECLAIM-V2-009929,C00397,TARGET,1,0,,,0,0,,
RECLAIM-V2-009930,C00323,TARGET,1,0,,,0,0,,
RECLAIM-V2-009931,C00457,RETRY_ALL,0,0,,,0,0,,
RECLAIM-V2-009932,C00629,TARGET,1,0,,,0,0,,
RECLAIM-V2-009933,C00254,TARGET,1,0,,,0,0,,
RECLAIM-V2-009934,C00145,RETRY_ALL,0,0,,,0,0,,
RECLAIM-V2-009935,C00098,RETRY_ALL,0,0,,,0,0,,
RECLAIM-V2-009936,C00110,RETRY_ALL,0,0,,,0,0,,
RECLAIM-V2-009937,C00899,RETRY_ALL,0,0,,,0,0,,
RECLAIM-V2-009938,C00110,RETRY_ALL,0,0,,,0,0,,
RECLAIM-V2-009939,C00601,RETRY_ALL,0,0,,,0,0,,
RECLAIM-V2-009940,C00894,RETRY_ALL,0,0,,,0,0,,
RECLAIM-V2-009941,C00056,RETRY_ALL,0,0,,,0,0,,
RECLAIM-V2-009942,C00842,RETRY_ALL,0,0,,,0,0,,
RECLAIM-V2-009943,C00779,RETRY_ALL,0,0,,,0,0,,
RECLAIM-V2-009944,C00138,RETRY_ALL,0,0,,,0,0,,
RECLAIM-V2-009945,C00709,RETRY_ALL,0,0,,,0,0,,
RECLAIM-V2-009946,C00073,RETRY_ALL,0,0,,,0,0,,
RECLAIM-V2-009947,C00846,RETRY_ALL,0,0,,,0,0,,
RECLAIM-V2-009948,C00345,RETRY_ALL,0,0,,,0,0,,
RECLAIM-V2-009949,C00140,RETRY_ALL,0,0,,,0,0,,
RECLAIM-V2-009950,C00980,RETRY_ALL,0,0,,,0,0,,
RECLAIM-V2-009951,C00886,RETRY_ALL,0,0,,,0,0,,
RECLAIM-V2-009952,C00751,RETRY_ALL,0,0,,,0,0,,
RECLAIM-V2-009953,C00502,TARGET,1,0,,,0,0,,
RECLAIM-V2-009954,C00625,RETRY_ALL,0,0,,,0,0,,
RECLAIM-V2-009955,C00476,RETRY_ALL,0,0,,,0,0,,
RECLAIM-V2-009956,C00980,RETRY_ALL,0,0,,,0,0,,
RECLAIM-V2-009957,C00646,RETRY_ALL,0,0,,,0,0,,
RECLAIM-V2-009958,C00131,RETRY_ALL,0,0,,,0,0,,
RECLAIM-V2-009959,C00421,RETRY_ALL,0,0,,,0,0,,
RECLAIM-V2-009960,C00110,RETRY_ALL,0,0,,,0,0,,
RECLAIM-V2-009961,C00485,RETRY_ALL,0,0,,,0,0,,
RECLAIM-V2-009962,C00927,RETRY_ALL,0,0,,,0,0,,
RECLAIM-V2-009963,C00874,RETRY_ALL,0,0,,,0,0,,
RECLAIM-V2-009964,C00321,RETRY_ALL,0,0,,,0,0,,
RECLAIM-V2-009965,C00969,RETRY_ALL,0,0,,,0,0,,
RECLAIM-V2-009966,C00482,RETRY_ALL,0,0,,,0,0,,
RECLAIM-V2-009967,C00232,RETRY_ALL,0,0,,,0,0,,
RECLAIM-V2-009968,C00523,RETRY_ALL,0,0,,,0,0,,
RECLAIM-V2-009969,C00594,RETRY_ALL,0,0,,,0,0,,
RECLAIM-V2-009970,C00669,RETRY_ALL,0,0,,,0,0,,
RECLAIM-V2-009971,C00751,RETRY_ALL,0,0,,,0,0,,
RECLAIM-V2-009972,C00270,RETRY_ALL,0,0,,,0,0,,
RECLAIM-V2-009973,C00138,RETRY_ALL,0,0,,,0,0,,
RECLAIM-V2-009974,C00834,RETRY_ALL,0,0,,,0,0,,
RECLAIM-V2-009975,C00872,RETRY_ALL,0,0,,,0,0,,
RECLAIM-V2-009976,C00718,RETRY_ALL,0,0,,,0,0,,
RECLAIM-V2-009977,C00790,RETRY_ALL,0,0,,,0,0,,
RECLAIM-V2-009978,C00594,RETRY_ALL,0,0,,,0,0,,
RECLAIM-V2-009979,C00791,RETRY_ALL,0,0,,,0,0,,
RECLAIM-V2-009980,C00139,RETRY_ALL,0,0,,,0,0,,
RECLAIM-V2-009981,C00971,RETRY_ALL,0,0,,,0,0,,
RECLAIM-V2-009982,C00193,RETRY_ALL,0,0,,,0,0,,
RECLAIM-V2-009983,C00318,RETRY_ALL,0,0,,,0,0,,
RECLAIM-V2-009984,C00131,RETRY_ALL,0,0,,,0,0,,
RECLAIM-V2-009985,C00005,TARGET,1,0,,,0,0,,
RECLAIM-V2-009986,C00463,RETRY_ALL,0,0,,,0,0,,
RECLAIM-V2-009987,C00619,RETRY_ALL,0,0,,,0,0,,
RECLAIM-V2-009988,C00550,TARGET,1,0,,,0,0,,
RECLAIM-V2-009989,C00758,RETRY_ALL,0,0,,,0,0,,
RECLAIM-V2-009990,C00294,RETRY_ALL,0,0,,,0,0,,
RECLAIM-V2-009991,C00707,RETRY_ALL,0,0,,,0,0,,
RECLAIM-V2-009992,C00339,RETRY_ALL,0,0,,,0,0,,
RECLAIM-V2-009993,C00186,RETRY_ALL,0,0,,,0,0,,
RECLAIM-V2-009994,C00671,RETRY_ALL,0,0,,,0,0,,
RECLAIM-V2-009995,C00186,RETRY_ALL,0,0,,,0,0,,
RECLAIM-V2-009996,C00886,RETRY_ALL,0,0,,,0,0,,
RECLAIM-V2-009997,C00664,RETRY_ALL,0,0,,,0,0,,
RECLAIM-V2-009998,C00450,RETRY_ALL,0,0,,,0,0,,
RECLAIM-V2-009999,C00649,RETRY_ALL,0,0,,,0,0,,
RECLAIM-V2-010000,C00103,RETRY_ALL,0,0,,,0,0,,
