transaction_id,amount,failure_reason,treatment,control,treatment_group,recovery_probability,confidence,control_recovery_probability,treatment_recovery_probability,incremental_recovery_probability,observed_recovery_probability,recovered,recovery_flag,recovered_amount,intervention_cost,customer_friction_cost,net_recovered_value,expected_control_recovery,expected_treatment_recovery,expected_incremental_recovery,expected_incremental_net_value,treatment_effect,calibrated_probability,recommended_policy,policy_threshold,expected_recovery,expected_intervention_cost,expected_friction_cost,expected_net_recovery,recovery_status
T0022306,26703.03,LIMIT_EXCEEDED,0,1,CONTROL,0.5616687243091443,0.3134906286773715,0.5616687243091443,0.601117397248806,0.0394486729396617,0.5616687243091443,1,1,25286.119035235184,0.0,0.0,25286.119035235184,12748.518275995488,13643.907508418266,895.3892324227782,893.6392324227782,0.039448672939661665,0.5616687243091443,INTERVENE,0.475,14998.256795288808,1.5,0.25,14996.506795288808,RECOVERED
T0026878,12853.93,PAYMENT_TIMEOUT,1,0,RECLAIM,0.7628484131990617,0.3198559877560609,0.7628484131990617,0.7955422381861172,0.03269382498705553,0.7955422381861172,1,1,9645.592344268167,1.5,0.25,9643.842344268167,8334.760088291043,8691.967605434527,357.20751714348444,355.45751714348444,0.03269382498705558,0.7628484131990617,INTERVENE,0.475,9805.600103871817,1.5,0.25,9803.850103871817,RECOVERED
T0000835,9567.33,PAYMENT_TIMEOUT,0,1,CONTROL,0.779541107046033,0.3849742988934128,0.779541107046033,0.8145810117496254,0.03503990470359242,0.779541107046033,1,1,7118.659144820659,0.0,0.0,7118.659144820659,6339.407966723514,6624.360548471162,284.95258174764786,283.20258174764786,0.03503990470359242,0.779541107046033,INTERVENE,0.475,7458.127019674723,1.5,0.25,7456.377019674723,RECOVERED
T0038230,11837.46,NETWORK_ERROR,0,1,CONTROL,0.6902532745440629,0.0672831089128134,0.6902532745440629,0.7141221498360973,0.02386887529203441,0.6902532745440629,0,0,0.0,0.0,0.0,0.0,6945.2186981917075,7185.383526228987,240.16482803727922,238.41482803727922,0.023868875292034398,0.6902532745440629,INTERVENE,0.475,8170.845527284363,1.5,0.25,8169.095527284363,NOT_RECOVERED
T0032751,13412.25,INSUFFICIENT_FUNDS,1,0,RECLAIM,0.641923788835134,0.0824345359093956,0.641923788835134,0.6681660103418271,0.026242221506693086,0.6681660103418271,1,1,12700.560914940947,1.5,0.25,12698.810914940947,7318.195986283423,7617.368136376095,299.1721500926724,297.4221500926724,0.026242221506693107,0.641923788835134,INTERVENE,0.475,8609.642336804027,1.5,0.25,8607.892336804027,RECOVERED
T0007170,10058.29,PAYMENT_TIMEOUT,0,1,CONTROL,0.7270749160834712,0.1901293437699847,0.7270749160834712,0.755183114490199,0.028108198406727847,0.7270749160834712,1,1,8667.052773459223,0.0,0.0,8667.052773459223,6216.160804039235,6456.473153348781,240.31234930954633,238.56234930954633,0.028108198406727816,0.7270749160834712,INTERVENE,0.475,7313.130357693218,1.5,0.25,7311.380357693218,RECOVERED
T0019894,11801.87,BANK_DECLINE,0,1,CONTROL,0.6252122991668976,0.1319726762430135,0.6252122991668976,0.6542686391269917,0.029056339960094157,0.6252122991668976,1,1,11161.736143832974,0.0,0.0,11161.736143832974,6271.873135593509,6563.35441044562,291.4812748521108,289.7312748521108,0.0290563399600942,0.6252122991668976,INTERVENE,0.475,7378.674277168834,1.5,0.25,7376.924277168834,RECOVERED
T0014488,9490.22,NETWORK_ERROR,0,1,CONTROL,0.6927196381506652,0.0752383828954821,0.6927196381506652,0.7168601780456886,0.024140539895023405,0.6927196381506652,1,1,6907.236674328646,0.0,0.0,6907.236674328646,5587.952499714674,5782.686679058841,194.7341793441674,192.9841793441674,0.024140539895023412,0.6927196381506652,INTERVENE,0.475,6574.061764370205,1.5,0.25,6572.311764370205,RECOVERED
T0041621,8270.53,PAYMENT_TIMEOUT,1,0,RECLAIM,0.7381597561723476,0.2290715899895408,0.7381597561723476,0.7676323862558448,0.02947263008349721,0.7676323862558448,1,1,6768.142368567402,1.5,0.25,6766.392368567402,5189.226546983673,5396.4176775754695,207.19113059179654,205.44113059179654,0.029472630083497174,0.7381597561723476,INTERVENE,0.475,6104.972408216087,1.5,0.25,6103.222408216087,RECOVERED
T0038663,20646.44,BANK_DECLINE,1,0,RECLAIM,0.491254568944686,0.5081708225236727,0.491254568944686,0.5419283460451872,0.05067377710050125,0.5419283460451872,0,0,0.0,1.5,0.25,-1.75,8621.259285075974,9510.557418783015,889.2981337070414,887.5481337070414,0.05067377710050126,0.491254568944686,INTERVENE,0.475,10142.657982442322,1.5,0.25,10140.907982442322,NOT_RECOVERED
T0012356,10751.67,BANK_DECLINE,1,0,RECLAIM,0.6302343473349639,0.1171847939135019,0.6302343473349639,0.6584494609043477,0.028215113569383887,0.6584494609043477,1,1,8356.580552251402,1.5,0.25,8354.830552251402,5759.660966429275,6017.516618023231,257.8556515939563,256.1056515939563,0.028215113569383853,0.6302343473349639,INTERVENE,0.475,6776.071725210911,1.5,0.25,6774.321725210911,RECOVERED
T0039243,10270.54,BANK_DECLINE,0,1,CONTROL,0.6389831780173019,0.0912217439158943,0.6389831780173019,0.6657237452629116,0.026740567245609692,0.6389831780173019,1,1,9507.425262653915,0.0,0.0,9507.425262653915,5578.296945780747,5811.7410014716625,233.44405569091577,231.69405569091577,0.026740567245609675,0.6389831780173019,INTERVENE,0.475,6562.70228915382,1.5,0.25,6560.95228915382,RECOVERED
T0031286,9521.22,BANK_DECLINE,0,1,CONTROL,0.6287335764479859,0.1216124856249022,0.6287335764479859,0.657200463125427,0.028466886677441128,0.6287335764479859,1,1,8104.972623509371,0.0,0.0,8104.972623509371,5088.364097335878,5318.747664491216,230.38356715533791,228.63356715533791,0.028466886677441093,0.6287335764479859,INTERVENE,0.475,5986.310702748092,1.5,0.25,5984.560702748092,RECOVERED
T0011868,10458.95,BANK_DECLINE,0,1,CONTROL,0.5981609765876297,0.2103637059745792,0.5981609765876297,0.6316917091759187,0.03353073258828898,0.5981609765876297,1,1,9675.363336395352,0.0,0.0,9675.363336395352,5317.7153841690115,5615.8072014326535,298.09181726364204,296.34181726364204,0.03353073258828902,0.5981609765876297,INTERVENE,0.475,6256.13574608119,1.5,0.25,6254.38574608119,RECOVERED
T0034332,5766.06,PAYMENT_TIMEOUT,1,0,RECLAIM,0.7727617301670119,0.3581227359121448,0.7727617301670119,0.806830592727213,0.03406886256020114,0.806830592727213,1,1,4840.05320179909,1.5,0.25,4838.30320179909,3787.42192656978,3954.3985663755725,166.97663980579227,165.22663980579227,0.034068862560201106,0.7727617301670119,INTERVENE,0.475,4455.790501846801,1.5,0.25,4454.040501846801,RECOVERED
T0014941,5939.97,PAYMENT_TIMEOUT,1,0,RECLAIM,0.7576086517576865,0.3000754720746486,0.7576086517576865,0.7895957451895267,0.03198709343184014,0.7895957451895267,1,1,4813.581223136217,1.5,0.25,4811.831223136217,3825.1467637039395,3986.648782770418,161.50201906647862,159.75201906647862,0.03198709343184016,0.7576086517576865,INTERVENE,0.475,4500.172663181105,1.5,0.25,4498.422663181105,RECOVERED
T0014445,9629.4,LIMIT_EXCEEDED,0,1,CONTROL,0.5981611344427697,0.210363254074124,0.5981611344427697,0.6316918411706084,0.033530706727838644,0.5981611344427697,0,0,0.0,0.0,0.0,0.0,4895.942903802726,5170.391403063018,274.448499260292,272.698499260292,0.033530706727838644,0.5981611344427697,INTERVENE,0.475,5759.932828003207,1.5,0.25,5758.182828003207,NOT_RECOVERED
T0033473,6449.65,INSUFFICIENT_FUNDS,1,0,RECLAIM,0.7024991940002688,0.1071406321405179,0.7024991940002688,0.7277330506565828,0.025233856656313947,0.7277330506565828,0,0,0.0,1.5,0.25,-1.75,3851.2428375962586,3989.579949642144,138.33711204588553,136.58711204588553,0.025233856656313898,0.7024991940002688,INTERVENE,0.475,4530.873926583834,1.5,0.25,4529.123926583834,NOT_RECOVERED
T0034060,10016.59,INSUFFICIENT_FUNDS,0,1,CONTROL,0.5623191342948527,0.3116724786304076,0.5623191342948527,0.6016632261329012,0.039344091838048545,0.5623191342948527,0,0,0.0,0.0,0.0,0.0,4787.642184778507,5122.621776112974,334.97959133446693,333.22959133446693,0.0393440918380485,0.5623191342948527,INTERVENE,0.475,5632.520217386479,1.5,0.25,5630.770217386479,NOT_RECOVERED
T0018044,5641.17,NETWORK_ERROR,0,1,CONTROL,0.715079724355379,0.1490856151957607,0.715079724355379,0.7417607866867499,0.02668106233137091,0.715079724355379,1,1,4150.057046405621,0.0,0.0,4150.057046405621,3428.8033453455582,3556.738892478639,127.93554713308095,126.18554713308095,0.026681062331370964,0.715079724355379,INTERVENE,0.475,4033.8862886418337,1.5,0.25,4032.1362886418337,RECOVERED
T0022168,6466.34,INSUFFICIENT_FUNDS,0,1,CONTROL,0.6696797473342562,0.0022113768431868,0.6696797473342562,0.6913404681355007,0.021660720801244482,0.6696797473342562,0,0,0.0,0.0,0.0,0.0,3680.820396770785,3799.8761443148164,119.05574754403142,117.30574754403142,0.02166072080124444,0.6696797473342562,INTERVENE,0.475,4330.376937377394,1.5,0.25,4328.626937377394,NOT_RECOVERED
T0038652,8636.8,LIMIT_EXCEEDED,1,0,RECLAIM,0.5840131194331069,0.2506443732122766,0.5840131194331069,0.6198516570475006,0.035838537614393706,0.6198516570475006,0,0,0.0,1.5,0.25,-1.75,4287.403833431878,4550.504572849674,263.1007394177959,261.3507394177959,0.035838537614393706,0.5840131194331069,INTERVENE,0.475,5044.004509919857,1.5,0.25,5042.254509919857,NOT_RECOVERED
T0034611,5469.4,NETWORK_ERROR,0,1,CONTROL,0.7246051905854395,0.1815892978749034,0.7246051905854395,0.7524155273193197,0.027810336733880225,0.7246051905854395,1,1,4116.292062923824,0.0,0.0,4116.292062923824,3368.6822849798023,3497.972262352244,129.28997737244163,127.53997737244163,0.027810336733880264,0.7246051905854395,INTERVENE,0.475,3963.1556293880026,1.5,0.25,3961.4056293880026,RECOVERED
T0017466,5768.13,NETWORK_ERROR,0,1,CONTROL,0.6965212398693966,0.0875704967862402,0.6965212398693966,0.7210836688293486,0.024562428959951976,0.6965212398693966,0,0,0.0,0.0,0.0,0.0,3414.9813004286834,3535.4086912819357,120.42739085325229,118.67739085325229,0.024562428959951928,0.6965212398693966,INTERVENE,0.475,4017.625059327863,1.5,0.25,4015.875059327863,NOT_RECOVERED
T0007949,4973.81,PAYMENT_TIMEOUT,0,1,CONTROL,0.7429099582028869,0.2460834238288343,0.7429099582028869,0.7729818637380833,0.030071905535196453,0.7429099582028869,0,0,0.0,0.0,0.0,0.0,3140.829032327736,3267.9651851272492,127.13615279951318,125.38615279951318,0.030071905535196505,0.7429099582028869,INTERVENE,0.475,3695.092979209101,1.5,0.25,3693.342979209101,NOT_RECOVERED
T0023546,9465.34,LIMIT_EXCEEDED,1,0,RECLAIM,0.5474726700846043,0.3530379533400074,0.5474726700846043,0.5891978345319435,0.0417251644473392,0.5891978345319435,0,0,0.0,1.5,0.25,-1.75,4404.712718599817,4740.414156442298,335.701437842481,333.951437842481,0.041725164447339175,0.5474726700846043,INTERVENE,0.475,5182.014963058608,1.5,0.25,5180.264963058608,NOT_RECOVERED
T0026292,4568.22,NETWORK_ERROR,1,0,RECLAIM,0.7679964612802801,0.3395857963402751,0.7679964612802801,0.8013979459707826,0.033401484690502525,0.8013979459707826,1,1,3385.797363619269,1.5,0.25,3384.047363619269,2982.120275197331,3111.817806031251,129.69753083392015,127.94753083392015,0.033401484690502574,0.7679964612802801,INTERVENE,0.475,3508.376794349801,1.5,0.25,3506.626794349801,RECOVERED
T0019706,4802.65,NETWORK_ERROR,1,0,RECLAIM,0.7482242481943917,0.2653609676380328,0.7482242481943917,0.7789776430512995,0.030753394856907756,0.7789776430512995,1,1,4303.471913160272,1.5,0.25,4301.721913160272,3054.4403077521756,3179.9834307902747,125.54312303809911,123.79312303809911,0.03075339485690777,0.7482242481943917,INTERVENE,0.475,3593.459185590795,1.5,0.25,3591.709185590795,RECOVERED
T0011826,4436.97,PAYMENT_TIMEOUT,1,0,RECLAIM,0.77038425322718,0.3488405736317848,0.77038425322718,0.8041186301776589,0.033734376950478984,0.8041186301776589,1,1,3703.1788084700197,1.5,0.25,3701.4288084700197,2905.4460470351905,3032.6727027584625,127.22665572327196,125.47665572327196,0.03373437695047902,0.77038425322718,INTERVENE,0.475,3418.1718200414007,1.5,0.25,3416.4218200414007,RECOVERED
T0005295,4928.56,NETWORK_ERROR,0,1,CONTROL,0.7251505735562359,0.1834710635250316,0.7251505735562359,0.7530265013403941,0.02787592778415815,0.7251505735562359,1,1,4030.9482426826394,0.0,0.0,4030.9482426826394,3037.8558941853735,3154.6358494292804,116.7799552439069,115.0299552439069,0.027875927784158167,0.7251505735562359,INTERVENE,0.475,3573.9481108063223,1.5,0.25,3572.1981108063223,RECOVERED
T0005715,6531.21,BANK_DECLINE,0,1,CONTROL,0.632694950688678,0.1099091933747394,0.632694950688678,0.6604965411164375,0.027801590427759537,0.632694950688678,0,0,0.0,0.0,0.0,0.0,3512.4240505542903,3666.765372159324,154.34132160503395,152.59132160503395,0.02780159042775954,0.632694950688678,INTERVENE,0.475,4132.2635888874,1.5,0.25,4130.5135888874,NOT_RECOVERED
T0045321,5159.02,NETWORK_ERROR,0,1,CONTROL,0.7075664611678711,0.1239075435598238,0.7075664611678711,0.7333774744871877,0.025811013319316567,0.7075664611678711,0,0,0.0,0.0,0.0,0.0,3102.7970958201304,3215.982699664558,113.18560384442753,111.43560384442753,0.025811013319316584,0.7075664611678711,INTERVENE,0.475,3650.349524494271,1.5,0.25,3648.599524494271,NOT_RECOVERED
T0007824,6529.86,INSUFFICIENT_FUNDS,1,0,RECLAIM,0.6276140974418954,0.1249104854035306,0.6276140974418954,0.656268575874588,0.02865447843269253,0.656268575874588,0,0,0.0,1.5,0.25,-1.75,3483.4973617736446,3642.540634431371,159.04327265772645,157.29327265772645,0.028654478432692535,0.6276140974418954,INTERVENE,0.475,4098.232190321935,1.5,0.25,4096.482190321935,NOT_RECOVERED
T0032003,4222.16,PAYMENT_TIMEOUT,1,0,RECLAIM,0.7713212657248496,0.3524907513381641,0.7713212657248496,0.8051871052346973,0.03386583950984767,0.8051871052346973,1,1,3199.0892704984926,1.5,0.25,3197.3392704984926,2768.145525998906,2889.6844700020697,121.53894400316358,119.78894400316358,0.03386583950984765,0.7713212657248496,INTERVENE,0.475,3256.641795292831,1.5,0.25,3254.891795292831,RECOVERED
T0012051,4494.92,NETWORK_ERROR,1,0,RECLAIM,0.7405869807993992,0.2377388935417459,0.7405869807993992,0.7703646866807988,0.029777705881399608,0.7703646866807988,1,1,3444.1846976001384,1.5,0.25,3442.4346976001384,2829.5473469746103,2943.3184918369675,113.77114486235723,112.02114486235723,0.0297777058813996,0.7405869807993992,INTERVENE,0.475,3328.879231734836,1.5,0.25,3327.129231734836,RECOVERED
T0042526,6160.93,BANK_DECLINE,1,0,RECLAIM,0.6335824506440818,0.107280003514071,0.6335824506440818,0.6612346650296721,0.02765221438559029,0.6612346650296721,0,0,0.0,1.5,0.25,-1.75,3317.9385584996467,3462.747412098069,144.8088535984225,143.0588535984225,0.027652214385590335,0.6335824506440818,INTERVENE,0.475,3903.457127646643,1.5,0.25,3901.707127646643,NOT_RECOVERED
T0037912,5740.47,BANK_DECLINE,1,0,RECLAIM,0.6453859763984557,0.0720476946896502,0.6453859763984557,0.6710396134855441,0.025653637087088343,0.6710396134855441,1,1,4516.171688365977,1.5,0.25,4514.421688365977,3149.096010545637,3274.2703545215572,125.17434397592024,123.42434397592024,0.02565363708708831,0.6453859763984557,INTERVENE,0.475,3704.8188359360433,1.5,0.25,3703.0688359360433,RECOVERED
T0034042,4600.71,NETWORK_ERROR,1,0,RECLAIM,0.7138147920904749,0.1448191764871542,0.7138147920904749,0.7403481373092302,0.026533345218755278,0.7403481373092302,1,1,4234.574176930057,1.5,0.25,4232.824176930057,2791.4466243007832,2895.208016979956,103.76139267917279,102.01139267917279,0.026533345218755316,0.7138147920904749,INTERVENE,0.475,3284.0548521185688,1.5,0.25,3282.3048521185688,RECOVERED
T0009420,6727.76,BANK_DECLINE,1,0,RECLAIM,0.5957122545263369,0.2173668519630652,0.5957122545263369,0.629643833956253,0.03393157942991609,0.629643833956253,1,1,5852.654659307329,1.5,0.25,5850.904659307329,3406.6377158852924,3600.678710286893,194.04099440160053,192.29099440160053,0.03393157942991614,0.5957122545263369,INTERVENE,0.475,4007.8090775121086,1.5,0.25,4006.0590775121086,RECOVERED
T0029592,4308.03,NETWORK_ERROR,0,1,CONTROL,0.7254809887028696,0.1846122414474695,0.7254809887028696,0.7533967049634053,0.027915716260535683,0.7254809887028696,0,0,0.0,0.0,0.0,0.0,2656.5847841973796,2758.8072658509736,102.22248165359406,100.47248165359406,0.027915716260535687,0.7254809887028696,INTERVENE,0.475,3125.393863761623,1.5,0.25,3123.643863761623,NOT_RECOVERED
T0016065,3864.42,PAYMENT_TIMEOUT,1,0,RECLAIM,0.761876865388894,0.3161658503626254,0.761876865388894,0.7944386383666009,0.032561772977706904,0.7944386383666009,1,1,3665.6499921856503,1.5,0.25,3663.8999921856503,2502.580366724227,2609.537878445161,106.95751172093378,105.20751172093378,0.03256177297770685,0.761876865388894,INTERVENE,0.475,2944.21219614615,1.5,0.25,2942.46219614615,RECOVERED
T0008556,4692.25,INSUFFICIENT_FUNDS,0,1,CONTROL,0.6922066748257889,0.0735809086951433,0.6922066748257889,0.7162905820981678,0.024083907272378857,0.6922066748257889,0,0,0.0,0.0,0.0,0.0,2760.805754458612,2856.8623112726086,96.05655681399685,94.30655681399685,0.02408390727237884,0.6922066748257889,INTERVENE,0.475,3248.006769951308,1.5,0.25,3246.256769951308,NOT_RECOVERED
T0001623,4475.23,NETWORK_ERROR,0,1,CONTROL,0.7022727869988492,0.1063953600351892,0.7022727869988492,0.727481030655473,0.025208243656623774,0.7022727869988492,1,1,3168.3434833746483,0.0,0.0,3168.3434833746483,2671.4074078767303,2767.298192897248,95.8907850205178,94.1407850205178,0.02520824365662379,0.7022727869988492,INTERVENE,0.475,3142.83224456086,1.5,0.25,3141.08224456086,RECOVERED
T0005039,5727.91,BANK_DECLINE,1,0,RECLAIM,0.6207711313693436,0.1449840169254386,0.6207711313693436,0.6505684225330614,0.029797291163717765,0.6505684225330614,0,0,0.0,1.5,0.25,-1.75,3022.3629954195103,3167.4377671446455,145.07477172513518,143.32477172513518,0.029797291163717713,0.6207711313693436,INTERVENE,0.475,3555.721171081777,1.5,0.25,3553.971171081777,NOT_RECOVERED
T0022423,4379.85,INSUFFICIENT_FUNDS,0,1,CONTROL,0.7004615109790343,0.100444813557317,0.7004615109790343,0.7254653747048474,0.02500386372581309,0.7004615109790343,1,1,3856.3157363968444,0.0,0.0,3856.3157363968444,2607.728896532295,2700.815093190872,93.08619665857714,91.33619665857714,0.02500386372581306,0.7004615109790343,INTERVENE,0.475,3067.916348861524,1.5,0.25,3066.166348861524,RECOVERED
T0034352,3856.22,NETWORK_ERROR,0,1,CONTROL,0.7412821800266356,0.2402310446994255,0.7412821800266356,0.7711477007371775,0.029865520710541937,0.7412821800266356,0,0,0.0,0.0,0.0,0.0,2429.7650930229656,2527.6579085562107,97.89281553324508,96.14281553324508,0.029865520710541903,0.7412821800266356,INTERVENE,0.475,2858.5471682623124,1.5,0.25,2856.7971682623124,NOT_RECOVERED
T0033814,3776.6,PAYMENT_TIMEOUT,1,0,RECLAIM,0.744264868187976,0.2509732572541798,0.744264868187976,0.774509394377835,0.030244526189858956,0.774509394377835,1,1,2938.404010810502,1.5,0.25,2936.654010810502,2389.172096018903,2486.2603519862314,97.08825596732822,95.33825596732822,0.030244526189858935,0.744264868187976,INTERVENE,0.475,2810.79070119871,1.5,0.25,2809.04070119871,RECOVERED
T0004825,4300.34,NETWORK_ERROR,1,0,RECLAIM,0.6988426686964625,0.0951438747352868,0.6988426686964625,0.7236646496551742,0.024821980958711687,0.7236646496551742,1,1,3550.347055557,1.5,0.25,3548.597055557,2554.471919616824,2645.203433573412,90.73151395658806,88.98151395658806,0.02482198095871172,0.6988426686964625,INTERVENE,0.475,3005.2610819021456,1.5,0.25,3003.5110819021456,RECOVERED
T0017254,3815.13,PAYMENT_TIMEOUT,0,1,CONTROL,0.7338673547780701,0.2138698092476356,0.7338673547780701,0.7628061387769812,0.028938783998911144,0.7338673547780701,0,0,0.0,0.0,0.0,0.0,2379.82945704929,2473.673896597391,93.84443954810104,92.09443954810104,0.02893878399891115,0.7338673547780701,INTERVENE,0.475,2799.7993612344585,1.5,0.25,2798.0493612344585,NOT_RECOVERED
T0008276,3695.33,PAYMENT_TIMEOUT,1,0,RECLAIM,0.7440599576418109,0.2502326525652893,0.7440599576418109,0.7742783284897855,0.03021837084797463,0.7742783284897855,0,0,0.0,1.5,0.25,-1.75,2337.115020781636,2432.031845275435,94.91682449379914,93.16682449379914,0.030218370847974636,0.7440599576418109,INTERVENE,0.475,2749.5470832725127,1.5,0.25,2747.7970832725127,NOT_RECOVERED
T0010198,4987.96,BANK_DECLINE,1,0,RECLAIM,0.6446243642253734,0.0743364690921551,0.6446243642253734,0.6704076525866323,0.02578328836125887,0.6704076525866323,0,0,0.0,1.5,0.25,-1.75,2733.0564622143543,2842.371571576615,109.31510936226096,107.56510936226096,0.025783288361258906,0.6446243642253734,INTERVENE,0.475,3215.3605437815936,1.5,0.25,3213.6105437815936,NOT_RECOVERED
T0002140,5450.57,BANK_DECLINE,1,0,RECLAIM,0.614677277339555,0.1627415186007144,0.614677277339555,0.6454869409697027,0.0308096636301477,0.6454869409697027,1,1,4445.543999382589,1.5,0.25,4443.793999382589,2847.7902984163593,2990.5309924650473,142.74069404868806,140.99069404868806,0.03080966363014772,0.614677277339555,INTERVENE,0.475,3350.341527548658,1.5,0.25,3348.591527548658,RECOVERED
T0020222,4322.65,INSUFFICIENT_FUNDS,0,1,CONTROL,0.6860048295880956,0.0536609970343313,0.6860048295880956,0.7094094054190572,0.02340457583096156,0.6860048295880956,1,1,3376.8932068230465,0.0,0.0,3376.8932068230465,2520.554960126134,2606.549281384484,85.99432125834983,84.24432125834983,0.023404575830961564,0.6860048295880956,INTERVENE,0.475,2965.358776618981,1.5,0.25,2963.608776618981,RECOVERED
T0021895,3974.88,NETWORK_ERROR,0,1,CONTROL,0.7129902959051522,0.142044348267027,0.7129902959051522,0.739427631220488,0.026437335315335875,0.7129902959051522,1,1,3404.784987327387,0.0,0.0,3404.784987327387,2408.943237279351,2498.2656873678397,89.32245008848895,87.57245008848895,0.02643733531533589,0.7129902959051522,INTERVENE,0.475,2834.0508673874715,1.5,0.25,2832.3008673874715,RECOVERED
T0020862,5537.97,BANK_DECLINE,0,1,CONTROL,0.6078046641987616,0.1826432955287166,0.6078046641987616,0.6397504492505971,0.03194578505183554,0.6078046641987616,1,1,4399.501183536296,0.0,0.0,4399.501183536296,2861.1033967638937,3011.4809761208803,150.37757935698664,148.62757935698664,0.03194578505183558,0.6078046641987616,INTERVENE,0.475,3366.0039961928155,1.5,0.25,3364.2539961928155,RECOVERED
T0041250,3761.39,NETWORK_ERROR,0,1,CONTROL,0.7300930462173552,0.2006315491098158,0.7300930462173552,0.7585682093096895,0.028475163092334332,0.7300930462173552,1,1,3269.5075422614163,0.0,0.0,3269.5075422614163,2334.2399806447725,2425.280245293067,91.0402646482944,89.2902646482944,0.028475163092334277,0.7300930462173552,INTERVENE,0.475,2746.164683111497,1.5,0.25,2744.414683111497,RECOVERED
T0006659,5457.57,BANK_DECLINE,1,0,RECLAIM,0.6088992135275687,0.179482190769499,0.6088992135275687,0.6406644396387313,0.031765226111162614,0.6406644396387313,0,0,0.0,1.5,0.25,-1.75,2824.643568655905,2972.0003719632778,147.35680330737296,145.60680330737296,0.03176522611116256,0.6088992135275687,INTERVENE,0.475,3323.110080771653,1.5,0.25,3321.360080771653,NOT_RECOVERED
T0015518,4975.57,LIMIT_EXCEEDED,0,1,CONTROL,0.6360198299096729,0.1000454550767133,0.6360198299096729,0.6632611813412864,0.027241351431613547,0.6360198299096729,0,0,0.0,0.0,0.0,0.0,2689.87700733812,2805.0870706393243,115.21006330120417,113.46006330120417,0.027241351431613547,0.6360198299096729,INTERVENE,0.475,3164.561185103671,1.5,0.25,3162.811185103671,NOT_RECOVERED
T0016179,4098.16,INSUFFICIENT_FUNDS,1,0,RECLAIM,0.6979577131334883,0.0922529252955828,0.6979577131334883,0.7226805748121174,0.024722861678629138,0.7226805748121174,0,0,0.0,1.5,0.25,-1.75,2431.2910244068657,2517.411530801223,86.12050639435711,84.37050639435711,0.02472286167862913,0.6979577131334883,INTERVENE,0.475,2860.3423816551363,1.5,0.25,2858.5923816551363,NOT_RECOVERED
T0036036,4342.18,INSUFFICIENT_FUNDS,1,0,RECLAIM,0.677835094726784,0.027742471731244,0.677835094726784,0.7003592776392525,0.022524182912468493,0.7003592776392525,0,0,0.0,1.5,0.25,-1.75,2501.789692877635,2584.9231409526683,83.13344807503336,81.38344807503336,0.02252418291246854,0.677835094726784,INTERVENE,0.475,2943.2819916207472,1.5,0.25,2941.5319916207472,NOT_RECOVERED
T0017271,5035.89,BANK_DECLINE,0,1,CONTROL,0.6307362675234298,0.1157023364449112,0.6307362675234298,0.6588671033001308,0.028130835776700946,0.6307362675234298,0,0,0.0,0.0,0.0,0.0,2699.8706929197806,2820.2849183123813,120.41422539260066,118.66422539260066,0.028130835776700964,0.6307362675234298,INTERVENE,0.475,3176.318462258565,1.5,0.25,3174.568462258565,NOT_RECOVERED
T0022056,3873.91,NETWORK_ERROR,1,0,RECLAIM,0.7139064817233797,0.1451280519468205,0.7139064817233797,0.7404505172006683,0.026544035477288674,0.7404505172006683,1,1,3462.8386751736243,1.5,0.25,3461.0886751736243,2350.768039821065,2438.1728636255148,87.40482380444973,85.65482380444973,0.026544035477288633,0.7139064817233797,INTERVENE,0.475,2765.609458613017,1.5,0.25,2763.859458613017,RECOVERED
T0020800,3505.26,PAYMENT_TIMEOUT,0,1,CONTROL,0.7452798019043162,0.2546472733053699,0.7452798019043162,0.7756541361364068,0.030374334232090572,0.7452798019043162,1,1,2634.5117229692305,0.0,0.0,2634.5117229692305,2220.539556659655,2311.039004648476,90.49944798882098,88.74944798882098,0.030374334232090586,0.7452798019043162,INTERVENE,0.475,2612.399478423124,1.5,0.25,2610.649478423124,RECOVERED
T0041351,3396.35,PAYMENT_TIMEOUT,0,1,CONTROL,0.7555436442034891,0.2923600069233298,0.7555436442034891,0.7872558169679168,0.031712172764427726,0.7555436442034891,1,1,3284.539402021894,0.0,0.0,3284.539402021894,2181.1770575919422,2272.7268498651365,91.54979227319427,89.79979227319427,0.031712172764427726,0.7555436442034891,INTERVENE,0.475,2566.09065599052,1.5,0.25,2564.34065599052,RECOVERED
T0001218,3722.97,INSUFFICIENT_FUNDS,0,1,CONTROL,0.7143906026202835,0.1467598978739928,0.7143906026202835,0.7409911269329033,0.026600524312619722,0.7143906026202835,0,0,0.0,0.0,0.0,0.0,2260.7065645616512,2344.884575461782,84.17801090013063,82.42801090013063,0.026600524312619746,0.7143906026202835,INTERVENE,0.475,2659.654781837237,1.5,0.25,2657.904781837237,NOT_RECOVERED
T0036675,3451.27,NETWORK_ERROR,0,1,CONTROL,0.7383701844818074,0.2298209392451786,0.7383701844818074,0.7678691702909771,0.029498985809169764,0.7383701844818074,1,1,2908.8253591217085,0.0,0.0,2908.8253591217085,2166.067636607048,2252.605256647619,86.53762004057126,84.78762004057126,0.029498985809169775,0.7383701844818074,INTERVENE,0.475,2548.3148665965277,1.5,0.25,2546.5648665965277,RECOVERED
T0002965,4775.68,BANK_DECLINE,0,1,CONTROL,0.631289916995534,0.114066123463222,0.631289916995534,0.6593277454565354,0.028037828461001335,0.631289916995534,1,1,4683.330685111147,0.0,0.0,4683.330685111147,2562.6128361776473,2676.427578308587,113.81474213093952,112.06474213093952,0.028037828461001297,0.631289916995534,INTERVENE,0.475,3014.8386307972323,1.5,0.25,3013.0886307972323,RECOVERED
T0029724,5312.11,LIMIT_EXCEEDED,1,0,RECLAIM,0.6005266157390097,0.2035848594046362,0.6005266157390097,0.6336695028613529,0.033142887122343256,0.6336695028613529,0,0,0.0,1.5,0.25,-1.75,2711.553924623348,2861.2037874180983,149.64986279475033,147.89986279475033,0.033142887122343284,0.6005266157390097,INTERVENE,0.475,3190.0634407333505,1.5,0.25,3188.3134407333505,NOT_RECOVERED
T0010979,3526.31,NETWORK_ERROR,1,0,RECLAIM,0.7280661144757945,0.1935703540103022,0.7280661144757945,0.7562944663996053,0.02822835192381079,0.7562944663996053,1,1,2696.0525904817987,1.5,0.25,2694.3025904817987,2182.278797116568,2266.8894288381534,84.61063172158538,82.86063172158538,0.02822835192381079,0.7280661144757945,INTERVENE,0.475,2567.386820137139,1.5,0.25,2565.636820137139,RECOVERED
T0041150,3964.47,INSUFFICIENT_FUNDS,1,0,RECLAIM,0.6841901995914624,0.0478731810106107,0.6841901995914624,0.7073978357512387,0.02320763615977628,0.7073978357512387,1,1,3471.8108536308423,1.5,0.25,3470.0608536308423,2305.58379248821,2383.788873215606,78.20508072739631,76.45508072739631,0.023207636159776297,0.6841901995914624,INTERVENE,0.475,2712.451520574365,1.5,0.25,2710.701520574365,RECOVERED
T0035132,3389.91,NETWORK_ERROR,1,0,RECLAIM,0.7368818685123765,0.2245292630160154,0.7368818685123765,0.766194819950164,0.02931295143778756,0.766194819950164,0,0,0.0,1.5,0.25,-1.75,2123.2687326554715,2207.7317597826714,84.4630271271999,82.7130271271999,0.029312951437787522,0.7368818685123765,INTERVENE,0.475,2497.96321488879,1.5,0.25,2496.21321488879,NOT_RECOVERED
T0037656,3488.31,NETWORK_ERROR,1,0,RECLAIM,0.7249279112370265,0.1827025195421758,0.7249279112370265,0.7527770477231285,0.02784913648610199,0.7527770477231285,1,1,3152.93725844811,1.5,0.25,3151.18725844811,2149.4572897401467,2232.0317478416064,82.57445810145964,80.82445810145964,0.02784913648610199,0.7249279112370265,INTERVENE,0.475,2528.773282047232,1.5,0.25,2527.023282047232,RECOVERED
T0035080,3682.97,INSUFFICIENT_FUNDS,0,1,CONTROL,0.705511897312759,0.1170890439722553,0.705511897312759,0.731087987885564,0.025576090572804966,0.705511897312759,1,1,2814.627643657538,0.0,0.0,2814.627643657538,2208.622279579076,2288.6888577314608,80.06657815238486,78.31657815238486,0.02557609057280492,0.705511897312759,INTERVENE,0.475,2598.379152445972,1.5,0.25,2596.629152445972,RECOVERED
T0000615,4415.97,LIMIT_EXCEEDED,1,0,RECLAIM,0.6464446713200686,0.0688624517448013,0.6464446713200686,0.6719179181523822,0.025473246832313667,0.6719179181523822,0,0,0.0,1.5,0.25,-1.75,2426.478233927891,2522.093963669869,95.61572974197816,93.86572974197816,0.02547324683231366,0.6464446713200686,INTERVENE,0.475,2854.680275209283,1.5,0.25,2852.930275209283,NOT_RECOVERED
T0020328,4929.51,BANK_DECLINE,1,0,RECLAIM,0.6111877911015126,0.1728624064590609,0.6111877911015126,0.6425750267036173,0.03138723560210477,0.6425750267036173,1,1,3756.7576242903347,1.5,0.25,3755.0076242903347,2560.9278788958945,2692.443016902886,131.5151380069915,129.7651380069915,0.0313872356021048,0.6111877911015126,INTERVENE,0.475,3012.856328112817,1.5,0.25,3011.106328112817,RECOVERED
T0022376,4040.65,LIMIT_EXCEEDED,1,0,RECLAIM,0.6707063417939275,0.005407280374553,0.6707063417939275,0.692474947447995,0.021768605654067463,0.692474947447995,0,0,0.0,1.5,0.25,-1.75,2303.5761429741883,2378.3415619448797,74.76541897069137,73.01541897069137,0.02176860565406742,0.6707063417939275,INTERVENE,0.475,2710.089579969633,1.5,0.25,2708.339579969633,NOT_RECOVERED
T0042949,3438.61,NETWORK_ERROR,1,0,RECLAIM,0.7216718980216892,0.1715077159322329,0.7216718980216892,0.7491312288078805,0.02745933078619134,0.7491312288078805,1,1,2588.728275075863,1.5,0.25,2586.978275075863,2109.3159744679065,2189.574614487406,80.25864001949958,78.50864001949958,0.02745933078619136,0.7216718980216892,INTERVENE,0.475,2481.5482052563607,1.5,0.25,2479.7982052563607,RECOVERED
T0006189,3562.58,INSUFFICIENT_FUNDS,0,1,CONTROL,0.7068043861232842,0.121375179493504,0.7068043861232842,0.7325281156861769,0.025723729562892705,0.7068043861232842,1,1,2637.7613342454256,0.0,0.0,2637.7613342454256,2140.3400944278264,2218.236512224071,77.89641779624435,76.14641779624435,0.025723729562892733,0.7068043861232842,INTERVENE,0.475,2518.04716991509,1.5,0.25,2516.29716991509,RECOVERED
T0002330,3089.91,PAYMENT_TIMEOUT,0,1,CONTROL,0.7553571817901372,0.291665506315961,0.7553571817901372,0.7870446282117006,0.0316874464215634,0.7553571817901372,1,1,2960.39508091403,0.0,0.0,2960.39508091403,1983.8878531473883,2067.1125070839735,83.22465393658513,81.47465393658513,0.03168744642156344,0.7553571817901372,INTERVENE,0.475,2333.9857095851626,1.5,0.25,2332.2357095851626,RECOVERED
T0004390,3570.26,INSUFFICIENT_FUNDS,0,1,CONTROL,0.7024839045120024,0.1070902928895993,0.7024839045120024,0.7277160310341143,0.02523212652211193,0.7024839045120024,1,1,2842.3523960345974,0.0,0.0,2842.3523960345974,2131.8426571845685,2208.4151214158783,76.57246423130982,74.82246423130982,0.025232126522111886,0.7024839045120024,INTERVENE,0.475,2508.050184923022,1.5,0.25,2506.300184923022,RECOVERED
T0024285,4329.66,LIMIT_EXCEEDED,0,1,CONTROL,0.639678736785035,0.0891460967111097,0.639678736785035,0.6663015553495587,0.026622818564523754,0.639678736785035,0,0,0.0,0.0,0.0,0.0,2354.15272358239,2452.1303133145548,97.97758973216469,96.22758973216469,0.026622818564523712,0.639678736785035,INTERVENE,0.475,2769.5914395086943,1.5,0.25,2767.8414395086943,NOT_RECOVERED
T0021886,5256.59,INSUFFICIENT_FUNDS,1,0,RECLAIM,0.5842005341147083,0.2501135086308266,0.5842005341147083,0.6200086233090807,0.035808089194372394,0.6200086233090807,1,1,3766.7731645640174,1.5,0.25,3765.0231645640174,2610.267282778729,2770.261459820238,159.99417704150892,158.24417704150892,0.03580808919437241,0.5842005341147083,INTERVENE,0.475,3070.9026856220344,1.5,0.25,3069.1526856220344,RECOVERED
T0019405,3359.61,NETWORK_ERROR,0,1,CONTROL,0.7221677053795876,0.1732071653613542,0.7221677053795876,0.749686158132563,0.027518452752975375,0.7221677053795876,1,1,2711.913768244121,0.0,0.0,2711.913768244121,2062.271567969769,2140.8551466651793,78.58357869541032,76.83357869541032,0.027518452752975365,0.7221677053795876,INTERVENE,0.475,2426.2018446703164,1.5,0.25,2424.4518446703164,RECOVERED
T0010502,3043.84,PAYMENT_TIMEOUT,1,0,RECLAIM,0.7527736700708622,0.282079468337052,0.7527736700708622,0.7841201676935493,0.03134649762268715,0.7841201676935493,1,1,2372.4972035855553,1.5,0.25,2370.7472035855553,1947.6242167222192,2028.7258815474831,81.10166482526392,79.35166482526392,0.03134649762268717,0.7527736700708622,INTERVENE,0.475,2291.322607908493,1.5,0.25,2289.572607908493,RECOVERED
T0003525,3465.69,INSUFFICIENT_FUNDS,1,0,RECLAIM,0.7063893933711638,0.1199977850044438,0.7063893933711638,0.732065664928373,0.025676271557209196,0.732065664928373,1,1,3060.708597910729,1.5,0.25,3058.958597910729,2080.9076582056323,2156.545756142771,75.63809793713881,73.88809793713881,0.02567627155720924,0.7063893933711638,INTERVENE,0.475,2448.1266567125085,1.5,0.25,2446.3766567125085,RECOVERED
T0013097,3516.47,INSUFFICIENT_FUNDS,1,0,RECLAIM,0.6959514804765027,0.0857167376236733,0.6959514804765027,0.7204504318528904,0.02449895137638769,0.7204504318528904,0,0,0.0,1.5,0.25,-1.75,2080.1986271685264,2153.4259805830734,73.227353414547,71.477353414547,0.024498951376387707,0.6959514804765027,INTERVENE,0.475,2447.2925025512072,1.5,0.25,2445.5425025512072,NOT_RECOVERED
T0025032,3335.14,INSUFFICIENT_FUNDS,0,1,CONTROL,0.7126332449455366,0.1408441777398277,0.7126332449455366,0.7390290693707351,0.0263958244251985,0.7126332449455366,0,0,0.0,0.0,0.0,0.0,2020.221894465508,2095.050598857946,74.82870439243811,73.07870439243811,0.026395824425198458,0.7126332449455366,INTERVENE,0.475,2376.7316405476568,1.5,0.25,2374.9816405476568,NOT_RECOVERED
T0043760,3251.86,NETWORK_ERROR,1,0,RECLAIM,0.7199835689063796,0.1657346227333267,0.7199835689063796,0.747242202017656,0.02725863311127641,0.747242202017656,1,1,3183.2457093710395,1.5,0.25,3181.4957093710395,1990.0929031263147,2065.4379729951647,75.34506986885003,73.59506986885003,0.027258633111276413,0.7199835689063796,INTERVENE,0.475,2341.2857683839,1.5,0.25,2339.5357683839,RECOVERED
T0032221,4176.0,BANK_DECLINE,1,0,RECLAIM,0.6384469109752381,0.0928208539678001,0.6384469109752381,0.6652782075196557,0.026831296544417627,0.6652782075196557,1,1,3048.2683484310824,1.5,0.25,3046.5183484310824,2266.231155197705,2361.47152541177,95.24037021406502,93.49037021406502,0.026831296544417668,0.6384469109752381,INTERVENE,0.475,2666.1543002325943,1.5,0.25,2664.4043002325943,RECOVERED
T0020912,2910.04,PAYMENT_TIMEOUT,0,1,CONTROL,0.7579619186771833,0.3013998457798883,0.7579619186771833,0.7899962445835769,0.032034325906393546,0.7579619186771833,1,1,2130.792069675403,0.0,0.0,2130.792069675403,1874.844576553248,1954.0825708497932,79.23799429654514,77.48799429654514,0.03203432590639356,0.7579619186771833,INTERVENE,0.475,2205.6995018273506,1.5,0.25,2203.9495018273506,RECOVERED
T0015660,3006.49,NETWORK_ERROR,1,0,RECLAIM,0.7460419190513738,0.2574124421105068,0.7460419190513738,0.7765140117795486,0.03047209272817475,0.7765140117795486,1,1,2208.5613348748907,1.5,0.25,2206.8113348748907,1906.52243382745,1984.3943695838307,77.87193575638071,76.12193575638071,0.03047209272817472,0.7460419190513738,INTERVENE,0.475,2242.967569208765,1.5,0.25,2241.217569208765,RECOVERED
T0043137,3584.46,INSUFFICIENT_FUNDS,0,1,CONTROL,0.6811899451206942,0.0383428609922738,0.6811899451206942,0.7040737257861223,0.022883780665428066,0.6811899451206942,0,0,0.0,0.0,0.0,0.0,2075.443394084225,2145.1654910616253,69.72209697740027,67.97209697740027,0.022883780665428025,0.6811899451206942,INTERVENE,0.475,2441.698110687324,1.5,0.25,2439.948110687324,NOT_RECOVERED
T0001969,3555.17,INSUFFICIENT_FUNDS,1,0,RECLAIM,0.6829490408460993,0.0439247820071921,0.6829490408460993,0.7060224396068094,0.02307339876071013,0.7060224396068094,1,1,2618.7051207467375,1.5,0.25,2616.9551207467375,2063.7999503131027,2133.5253271243996,69.72537681129688,67.97537681129688,0.023073398760710167,0.6829490408460993,INTERVENE,0.475,2427.999941544827,1.5,0.25,2426.249941544827,RECOVERED
T0029525,5643.7,BANK_DECLINE,1,0,RECLAIM,0.5509998736428224,0.3432345143518595,0.5509998736428224,0.5921604312111574,0.04116055756833492,0.5921604312111574,0,0,0.0,1.5,0.25,-1.75,2643.2262888462974,2840.6794517824474,197.45316293614997,195.70316293614997,0.04116055756833489,0.5509998736428224,INTERVENE,0.475,3109.677986877997,1.5,0.25,3107.927986877997,NOT_RECOVERED
T0040160,3285.42,INSUFFICIENT_FUNDS,1,0,RECLAIM,0.7074233223690162,0.1234316006944868,0.7074233223690162,0.7332179281173525,0.025794605748336363,0.7332179281173525,1,1,3043.223616182175,1.5,0.25,3041.473616182175,1975.5553220109712,2047.5895185860154,72.03419657504423,70.28419657504423,0.025794605748336336,0.7074233223690162,INTERVENE,0.475,2324.1827317776133,1.5,0.25,2322.4327317776133,RECOVERED
T0005932,3070.19,NETWORK_ERROR,0,1,CONTROL,0.7300994537914953,0.200653923891825,0.7300994537914953,0.7585753994839252,0.028475945692429838,0.7300994537914953,0,0,0.0,0.0,0.0,0.0,1905.3124357306945,1979.6250148803194,74.31257914962498,72.56257914962498,0.02847594569242979,0.7300994537914953,INTERVENE,0.475,2241.544042036111,1.5,0.25,2239.794042036111,NOT_RECOVERED
T0042864,3733.84,INSUFFICIENT_FUNDS,1,0,RECLAIM,0.6643021850152863,0.014448461104395,0.6643021850152863,0.686701789289449,0.022399604274162765,0.686701789289449,1,1,3202.95575131243,1.5,0.25,3201.20575131243,2108.338359922855,2179.429417582439,71.09105765958384,69.34105765958384,0.02239960427416275,0.6643021850152863,INTERVENE,0.475,2480.3980704974765,1.5,0.25,2478.6480704974765,RECOVERED
T0040193,3584.35,INSUFFICIENT_FUNDS,1,0,RECLAIM,0.6740725516278713,0.0159225276089085,0.6740725516278713,0.6961965260632966,0.022123974435425353,0.6961965260632966,1,1,3580.776988932603,1.5,0.25,3579.026988932603,2053.695157863256,2121.1002154657303,67.40505760247424,65.65505760247424,0.022123974435425388,0.6740725516278713,INTERVENE,0.475,2416.11195042736,1.5,0.25,2414.36195042736,RECOVERED
T0001485,4606.37,BANK_DECLINE,1,0,RECLAIM,0.5974877523775696,0.2122904527733358,0.5974877523775696,0.6311287514191548,0.03364099904158524,0.6311287514191548,1,1,3285.5050606846685,1.5,0.25,3283.7550606846685,2339.412209231545,2471.1306646734542,131.7184554419091,129.9684554419091,0.033640999041585185,0.5974877523775696,INTERVENE,0.475,2752.249657919465,1.5,0.25,2750.499657919465,RECOVERED
T0023810,3359.75,INSUFFICIENT_FUNDS,0,1,CONTROL,0.6903095680440678,0.0674642925690089,0.6903095680440678,0.7141846263281308,0.023875058284063,0.6903095680440678,1,1,2756.2699890272884,0.0,0.0,2756.2699890272884,1971.3774355506484,2039.5595285600468,68.18209300939839,66.43209300939839,0.023875058284063024,0.6903095680440678,INTERVENE,0.475,2319.267571236057,1.5,0.25,2317.517571236057,RECOVERED
T0018357,3583.63,LIMIT_EXCEEDED,0,1,CONTROL,0.6685786795015828,0.001210782046912,0.6685786795015828,0.6902329109111385,0.02165423140955569,0.6685786795015828,1,1,2856.8017494714945,0.0,0.0,2856.8017494714945,2036.5478212389187,2102.508461549211,65.96064031029232,64.21064031029232,0.021654231409555642,0.6685786795015828,INTERVENE,0.475,2395.938613222257,1.5,0.25,2394.188613222257,RECOVERED
T0025105,3444.56,LIMIT_EXCEEDED,0,1,CONTROL,0.6806000258703517,0.0364746191017346,0.6806000258703517,0.7034203828244675,0.022820356954115772,0.6806000258703517,1,1,3391.4919017136845,0.0,0.0,3391.4919017136845,1992.7124813451817,2059.5276567825704,66.81517543738869,65.06517543738869,0.022820356954115745,0.6806000258703517,INTERVENE,0.475,2344.3676251119787,1.5,0.25,2342.6176251119787,RECOVERED
T0037318,2936.81,NETWORK_ERROR,1,0,RECLAIM,0.7322356207235344,0.2081320457743247,0.7322356207235344,0.7609733160580553,0.028737695334520863,0.7609733160580553,1,1,2564.0063094575944,1.5,0.25,2562.2563094575944,1827.8713593025207,1899.608937682589,71.73757838006827,69.98757838006827,0.028737695334520908,0.7322356207235344,INTERVENE,0.475,2150.4368932970838,1.5,0.25,2148.6868932970838,RECOVERED
T0023316,4270.86,LIMIT_EXCEEDED,0,1,CONTROL,0.6081328755587306,0.1816957373138211,0.6081328755587306,0.640024533093297,0.03189165753456635,0.6081328755587306,0,0,0.0,0.0,0.0,0.0,2207.6628169724463,2323.4369007958126,115.77408382336625,114.02408382336625,0.03189165753456638,0.6081328755587306,INTERVENE,0.475,2597.2503729087603,1.5,0.25,2595.5003729087603,NOT_RECOVERED
T0038314,4328.96,BANK_DECLINE,0,1,CONTROL,0.6034683425160832,0.1951363988326989,0.6034683425160832,0.6361280884754917,0.03265974595940857,0.6034683425160832,1,1,3251.4920641099948,0.0,0.0,3251.4920641099948,2220.53176861566,2340.707092403835,120.17532378817486,118.42532378817486,0.03265974595940854,0.6034683425160832,INTERVENE,0.475,2612.390316018424,1.5,0.25,2610.640316018424,RECOVERED
T0024850,2900.37,NETWORK_ERROR,0,1,CONTROL,0.7259994649301428,0.1864046617224726,0.7259994649301428,0.753977693435099,0.027978228504956237,0.7259994649301428,1,1,2881.779333583355,0.0,0.0,2881.779333583355,1789.8170078845224,1858.7921403021044,68.97513241758202,67.22513241758202,0.02797822850495627,0.7259994649301428,INTERVENE,0.475,2105.667068099438,1.5,0.25,2103.917068099438,RECOVERED
T0022506,2950.24,NETWORK_ERROR,1,0,RECLAIM,0.7200857715296365,0.166083488692301,0.7200857715296365,0.7473565265172527,0.02727075498761622,0.7473565265172527,0,0,0.0,1.5,0.25,-1.75,1805.7619696079553,1874.1489509734204,68.38698136546509,66.63698136546509,0.027270754987616264,0.7200857715296365,INTERVENE,0.475,2124.4258465975945,1.5,0.25,2122.6758465975945,NOT_RECOVERED
T0023521,5498.96,INSUFFICIENT_FUNDS,1,0,RECLAIM,0.5386809193209974,0.3774181232025522,0.5386809193209974,0.5818109026888774,0.04312998336787999,0.5818109026888774,0,0,0.0,1.5,0.25,-1.75,2517.857103892983,2719.4516492325247,201.59454533954158,199.84454533954158,0.04312998336787994,0.5386809193209974,INTERVENE,0.475,2962.184828109392,1.5,0.25,2960.434828109392,NOT_RECOVERED
T0024886,3119.61,INSUFFICIENT_FUNDS,1,0,RECLAIM,0.6984215496640872,0.0937675731451541,0.6984215496640872,0.7231963362173761,0.024774786553288908,0.7231963362173761,1,1,3092.361512405571,1.5,0.25,3090.611512405571,1851.9824229654457,1917.6769440630255,65.69452109757981,63.94452109757981,0.024774786553288883,0.6984215496640872,INTERVENE,0.475,2178.802850547583,1.5,0.25,2177.052850547583,RECOVERED
T0043180,3827.32,BANK_DECLINE,0,1,CONTROL,0.6322863129298595,0.111118872608436,0.6322863129298595,0.660156641244694,0.02787032831483449,0.6322863129298595,1,1,3116.279374220081,0.0,0.0,3116.279374220081,2056.9677435223034,2147.636108743346,90.66836522104268,88.91836522104268,0.027870328314834533,0.6322863129298595,INTERVENE,0.475,2419.96205120271,1.5,0.25,2418.21205120271,RECOVERED
T0044823,3437.17,LIMIT_EXCEEDED,1,0,RECLAIM,0.6639791355790942,0.0154450263152582,0.6639791355790942,0.6864348920180124,0.022455756438918284,0.6864348920180124,0,0,0.0,1.5,0.25,-1.75,1939.877790622636,2005.4844051279192,65.60661450528323,63.85661450528323,0.022455756438918326,0.6639791355790942,INTERVENE,0.475,2282.2091654383958,1.5,0.25,2280.4591654383958,NOT_RECOVERED
T0027274,3091.65,NETWORK_ERROR,1,0,RECLAIM,0.696852502034572,0.0886491882506346,0.696852502034572,0.7214518779346406,0.024599375900068554,0.7214518779346406,1,1,2706.5102080880647,1.5,0.25,2704.7602080880647,1831.2604322279071,1895.905193654137,64.64476142622993,62.894761426229934,0.024599375900068537,0.696852502034572,INTERVENE,0.475,2154.4240379151847,1.5,0.25,2152.6740379151847,RECOVERED
T0023828,2744.33,PAYMENT_TIMEOUT,1,0,RECLAIM,0.7355877499964013,0.2199436742666722,0.7355877499964013,0.7647396440885275,0.02915189409212615,0.7647396440885275,1,1,2026.4565862113825,1.5,0.25,2024.7065862113825,1715.8912004554804,1783.8932553422483,68.00205488676784,66.25205488676784,0.029151894092126207,0.7355877499964013,INTERVENE,0.475,2018.695529947624,1.5,0.25,2016.945529947624,RECOVERED
T0025889,2600.33,PAYMENT_TIMEOUT,0,1,CONTROL,0.7521196765359448,0.2796635437826913,0.7521196765359448,0.7833803473274078,0.031260670791463,0.7521196765359448,0,0,0.0,0.0,0.0,0.0,1662.3954547137062,1731.4903057809966,69.09485106729039,67.34485106729039,0.031260670791463045,0.7521196765359448,INTERVENE,0.475,1955.7593584867132,1.5,0.25,1954.0093584867132,NOT_RECOVERED
T0019632,3487.77,INSUFFICIENT_FUNDS,1,0,RECLAIM,0.6538616831800128,0.0464235403478132,0.6538616831800128,0.678065583584364,0.024203900404351164,0.678065583584364,1,1,2643.598857232336,1.5,0.25,2641.848857232336,1938.4412883330401,2010.1962803893316,71.75499205629148,70.00499205629148,0.02420390040435114,0.6538616831800128,INTERVENE,0.475,2280.519162744753,1.5,0.25,2278.769162744753,RECOVERED
T0009618,3165.66,INSUFFICIENT_FUNDS,0,1,CONTROL,0.6808830165545243,0.0373706060613723,0.6808830165545243,0.7037337882478777,0.022850771693353367,0.6808830165545243,0,0,0.0,0.0,0.0,0.0,1832.1275106580958,1893.6146184890597,61.48710783096385,59.73710783096385,0.0228507716933534,0.6808830165545243,INTERVENE,0.475,2155.444130185995,1.5,0.25,2153.694130185995,NOT_RECOVERED
T0038307,3654.98,LIMIT_EXCEEDED,0,1,CONTROL,0.6347100141735135,0.1039357550131667,0.6347100141735135,0.662172272653033,0.027462258479519552,0.6347100141735135,1,1,3508.2083639743255,0.0,0.0,3508.2083639743255,1971.8745464633218,2057.192451136175,85.31790467285305,83.56790467285305,0.027462258479519535,0.6347100141735135,INTERVENE,0.475,2319.8524076039084,1.5,0.25,2318.1024076039084,RECOVERED
T0026059,3723.21,BANK_DECLINE,0,1,CONTROL,0.6278753776441796,0.1241411126543433,0.6278753776441796,0.6564860894960787,0.028610711851899118,0.6278753776441796,0,0,0.0,0.0,0.0,0.0,1987.055102078798,2077.600237281791,90.54513520299315,88.79513520299315,0.028610711851899166,0.6278753776441796,INTERVENE,0.475,2337.7118847985857,1.5,0.25,2335.9618847985857,NOT_RECOVERED
T0042048,2616.95,PAYMENT_TIMEOUT,1,0,RECLAIM,0.7395456553079541,0.234014050646117,0.7395456553079541,0.769192189651251,0.029646534343296893,0.769192189651251,1,1,2113.45362853669,1.5,0.25,2111.70362853669,1645.0509022594279,1710.996875601665,65.94597334223704,64.19597334223704,0.029646534343296876,0.7395456553079541,INTERVENE,0.475,1935.3540026581504,1.5,0.25,1933.6040026581504,RECOVERED
T0027186,2678.26,NETWORK_ERROR,0,1,CONTROL,0.7306504317680684,0.2025791531332503,0.7306504317680684,0.7591937285471823,0.028543296779113825,0.7306504317680684,1,1,2203.1388539878517,0.0,0.0,2203.1388539878517,1663.3410515790752,1728.3204661059601,64.97941452688497,63.229414526884966,0.028543296779113873,0.7306504317680684,INTERVENE,0.475,1956.871825387147,1.5,0.25,1955.121825387147,RECOVERED
T0041511,2597.54,PAYMENT_TIMEOUT,0,1,CONTROL,0.7405975135759277,0.237776619038432,0.7405975135759277,0.7703765484574997,0.029779034881571964,0.7405975135759277,1,1,2154.544361851415,0.0,0.0,2154.544361851415,1635.171915601913,1700.9213147282499,65.74939912633681,63.99939912633681,0.029779034881571964,0.7405975135759277,INTERVENE,0.475,1923.7316654140152,1.5,0.25,1921.9816654140152,RECOVERED
T0006338,2920.97,INSUFFICIENT_FUNDS,0,1,CONTROL,0.6944765131725259,0.0809268677474179,0.6944765131725259,0.7188115442601213,0.024335031087595382,0.6944765131725259,1,1,2599.501929970769,0.0,0.0,2599.501929970769,1724.26330157932,1784.6829129718633,60.4196113925434,58.6696113925434,0.024335031087595403,0.6944765131725259,INTERVENE,0.475,2028.5450606815527,1.5,0.25,2026.7950606815527,RECOVERED
T0016752,3345.45,BANK_DECLINE,1,0,RECLAIM,0.6488994586970647,0.0614601434728566,0.6488994586970647,0.673953684098946,0.02505422540188129,0.673953684098946,0,0,0.0,1.5,0.25,-1.75,1845.2315899833804,1916.4765995984958,71.24500961511535,69.49500961511535,0.02505422540188128,0.6488994586970647,INTERVENE,0.475,2170.860694098095,1.5,0.25,2169.110694098095,NOT_RECOVERED
T0022375,2608.61,INSUFFICIENT_FUNDS,1,0,RECLAIM,0.7301248849276643,0.2007427308680371,0.7301248849276643,0.7586039368442576,0.02847905191659339,0.7586039368442576,1,1,2556.0044730900204,1.5,0.25,2554.2544730900204,1618.919414660481,1682.066543337604,63.147128677122964,61.397128677122964,0.028479051916593418,0.7301248849276643,INTERVENE,0.475,1904.6110760711545,1.5,0.25,1902.8610760711545,RECOVERED
T0025936,2503.51,INSUFFICIENT_FUNDS,1,0,RECLAIM,0.743717037073586,0.2489941101999029,0.743717037073586,0.7738916757350062,0.030174638661420117,0.7738916757350062,1,1,2046.4882257024433,1.5,0.25,2044.7382257024433,1582.6175835614797,1646.8287167514436,64.2111331899639,62.4611331899639,0.030174638661420124,0.743717037073586,INTERVENE,0.475,1861.9030394840936,1.5,0.25,1860.1530394840936,RECOVERED
T0022824,2879.41,NETWORK_ERROR,1,0,RECLAIM,0.6949871513126583,0.0825836629053711,0.6949871513126583,0.7193788658474569,0.024391714534798603,0.7193788658474569,0,0,0.0,1.5,0.25,-1.75,1700.980010357004,1760.6786950933517,59.698684736347786,57.948684736347786,0.024391714534798655,0.6949871513126583,INTERVENE,0.475,2001.1529533611813,1.5,0.25,1999.4029533611813,NOT_RECOVERED
T0028677,2525.76,PAYMENT_TIMEOUT,1,0,RECLAIM,0.7385454057434572,0.2304452108263324,0.7385454057434572,0.7680663510296212,0.029520945286164002,0.7680663510296212,0,0,0.0,1.5,0.25,-1.75,1585.5801774090053,1648.9585767600897,63.378399351084454,61.628399351084454,0.029520945286163953,0.7385454057434572,INTERVENE,0.475,1865.3884440105944,1.5,0.25,1863.6384440105944,NOT_RECOVERED
T0000153,3532.84,LIMIT_EXCEEDED,1,0,RECLAIM,0.6287342514862939,0.1216104957285209,0.6287342514862939,0.657201024992057,0.0284667735057631,0.657201024992057,1,1,3074.9142299880987,1.5,0.25,3073.1642299880987,1888.034886067713,1973.518158762998,85.483272695285,83.733272695285,0.028466773505763154,0.6287342514862939,INTERVENE,0.475,2221.217513020839,1.5,0.25,2219.467513020839,RECOVERED
T0006332,2823.82,INSUFFICIENT_FUNDS,1,0,RECLAIM,0.6998677246852617,0.0984985509261484,0.6998677246852617,0.7248047891129542,0.0249370644276925,0.7248047891129542,1,1,2367.901196413008,1.5,0.25,2366.151196413008,1679.8554065726255,1739.7105206540011,59.85511408137563,58.10511408137563,0.02493706442769252,0.6998677246852617,INTERVENE,0.475,1976.300478320736,1.5,0.25,1974.550478320736,RECOVERED
T0032309,3379.59,BANK_DECLINE,0,1,CONTROL,0.638990376433944,0.0912002717324517,0.638990376433944,0.6657297254867163,0.02673934905277231,0.638990376433944,0,0,0.0,0.0,0.0,0.0,1835.5966633485336,1912.4094945140037,76.81283116547002,75.06283116547002,0.026739349052772293,0.638990376433944,INTERVENE,0.475,2159.525486292393,1.5,0.25,2157.775486292393,NOT_RECOVERED
T0025752,3027.33,INSUFFICIENT_FUNDS,1,0,RECLAIM,0.6728312341506902,0.0120384873477468,0.6728312341506902,0.6948238728860647,0.021992638735374492,0.6948238728860647,1,1,2622.635638634478,1.5,0.25,2620.885638634478,1731.3498530691975,1787.9419818385445,56.59212876934703,54.84212876934703,0.021992638735374447,0.6728312341506902,INTERVENE,0.475,2036.882180081409,1.5,0.25,2035.132180081409,RECOVERED
T0036346,2934.57,NETWORK_ERROR,0,1,CONTROL,0.6817915110841443,0.0402498822373518,0.6817915110841443,0.70474005289688,0.022948541812735757,0.6817915110841443,0,0,0.0,0.0,0.0,0.0,1700.6501774798678,1757.8926644751577,57.24248699528994,55.49248699528994,0.022948541812735784,0.6817915110841443,INTERVENE,0.475,2000.7649146821973,1.5,0.25,1999.0149146821973,NOT_RECOVERED
T0015341,3284.72,BANK_DECLINE,0,1,CONTROL,0.6441903435838698,0.0756397900398725,0.6441903435838698,0.6700474721102286,0.025857128526358797,0.6441903435838698,0,0,0.0,0.0,0.0,0.0,1798.5871695702874,1870.7805827014236,72.19341313113614,70.44341313113614,0.025857128526358818,0.6441903435838698,INTERVENE,0.475,2115.984905376809,1.5,0.25,2114.234905376809,NOT_RECOVERED
T0029503,4813.1,BANK_DECLINE,1,0,RECLAIM,0.5416220618530418,0.3692703072206573,0.5416220618530418,0.5842824535131149,0.04266039166007307,0.5842824535131149,0,0,0.0,1.5,0.25,-1.75,2215.8489740191444,2390.3783954533774,174.52942143423297,172.77942143423297,0.04266039166007312,0.5416220618530418,INTERVENE,0.475,2606.881145904876,1.5,0.25,2605.131145904876,NOT_RECOVERED
T0004616,3696.79,LIMIT_EXCEEDED,0,1,CONTROL,0.607545598002709,0.183391030457114,0.607545598002709,0.6395340984431843,0.0319885004404753,0.607545598002709,1,1,2692.712004659997,0.0,0.0,2692.712004659997,1909.0732175543694,2009.5897708162124,100.516553261843,98.766553261843,0.03198850044047531,0.607545598002709,INTERVENE,0.475,2245.9684912404346,1.5,0.25,2244.2184912404346,RECOVERED
T0039921,2792.35,INSUFFICIENT_FUNDS,1,0,RECLAIM,0.6936549741894585,0.0782645869286211,0.6936549741894585,0.7178989565046154,0.024243982315156898,0.7178989565046154,1,1,2093.756497486347,1.5,0.25,2092.006497486347,1646.3883471012443,1703.9313785163135,57.54303141506921,55.79303141506921,0.024243982315156905,0.6936549741894585,INTERVENE,0.475,1936.9274671779344,1.5,0.25,1935.1774671779344,RECOVERED
T0018720,3034.85,BANK_DECLINE,0,1,CONTROL,0.6663984067437478,0.0079703007653566,0.6663984067437478,0.6884331260421577,0.022034719298409833,0.6663984067437478,1,1,2782.7575767322774,0.0,0.0,2782.7575767322774,1719.0563240003237,1775.8975816836858,56.84125768336207,55.09125768336207,0.02203471929840987,0.6663984067437478,INTERVENE,0.475,2022.4192047062631,1.5,0.25,2020.6692047062631,RECOVERED
T0019010,2455.74,NETWORK_ERROR,1,0,RECLAIM,0.7369930019963179,0.2249237289240315,0.7369930019963179,0.7663198147280282,0.02932681273171034,0.7663198147280282,1,1,2005.6741075059695,1.5,0.25,2003.9241075059695,1538.383715514072,1599.5998885471768,61.216173033104724,59.466173033104724,0.029326812731710294,0.7369930019963179,INTERVENE,0.475,1809.8631947224376,1.5,0.25,1808.1131947224376,RECOVERED
T0024595,2549.18,INSUFFICIENT_FUNDS,0,1,CONTROL,0.7189939440724954,0.1623605778729129,0.7189939440724954,0.7461353820342391,0.02714143796174373,0.7189939440724954,0,0,0.0,0.0,0.0,0.0,1557.9182349981152,1616.7283841979354,58.810149199820216,57.060149199820216,0.027141437961743745,0.7189939440724954,INTERVENE,0.475,1832.844982350724,1.5,0.25,1831.094982350724,NOT_RECOVERED
T0011198,2470.25,INSUFFICIENT_FUNDS,1,0,RECLAIM,0.7288944159304951,0.1964518876864669,0.7288944159304951,0.7572234463188188,0.028329030388323684,0.7572234463188188,1,1,2146.1574566667623,1.5,0.25,2144.4074566667623,1530.4687163094598,1589.9515355287028,59.48281921924308,57.73281921924308,0.028329030388323677,0.7288944159304951,INTERVENE,0.475,1800.5514309523055,1.5,0.25,1798.8014309523055,RECOVERED
T0023604,2765.46,INSUFFICIENT_FUNDS,1,0,RECLAIM,0.6887496091736772,0.0624501702940534,0.6887496091736772,0.7124536305158309,0.02370402134215366,0.7124536305158309,1,1,2562.6463149385695,1.5,0.25,2560.8963149385695,1619.003070057622,1674.7227144893632,55.719644431741244,53.969644431741244,0.023704021342153703,0.6887496091736772,INTERVENE,0.475,1904.7094941854373,1.5,0.25,1902.9594941854373,RECOVERED
T0020058,2542.15,NETWORK_ERROR,1,0,RECLAIM,0.7165052122179911,0.1539072655981805,0.7165052122179911,0.7433533567422795,0.02684814452428841,0.7433533567422795,1,1,1975.826877530886,1.5,0.25,1974.076877530886,1548.244166453971,1606.258375466028,58.01420901205688,56.26420901205688,0.02684814452428843,0.7165052122179911,INTERVENE,0.475,1821.4637252399664,1.5,0.25,1819.7137252399664,RECOVERED
T0042583,3936.84,LIMIT_EXCEEDED,0,1,CONTROL,0.5812786131212323,0.2583823066280832,0.5812786131212323,0.6175610654602529,0.03628245233902061,0.5812786131212323,0,0,0.0,0.0,0.0,0.0,1945.1407609881633,2066.5532392045607,121.4124782163974,119.6624782163974,0.03628245233902062,0.5812786131212323,INTERVENE,0.475,2288.4008952801923,1.5,0.25,2286.6508952801923,NOT_RECOVERED
T0032496,2420.0,NETWORK_ERROR,0,1,CONTROL,0.731265380865455,0.2047308491740551,0.731265380865455,0.7598839807479966,0.028618599882541562,0.731265380865455,1,1,2367.368528087786,0.0,0.0,2367.368528087786,1504.212888440241,1563.081348398629,58.86845995838803,57.11845995838803,0.028618599882541562,0.731265380865455,INTERVENE,0.475,1769.662221694401,1.5,0.25,1767.912221694401,RECOVERED
T0043325,2691.95,INSUFFICIENT_FUNDS,1,0,RECLAIM,0.6945236751614376,0.0810798224845654,0.6945236751614376,0.7188639385425928,0.024340263381155136,0.7188639385425928,1,1,2366.8118607620977,1.5,0.25,2365.0618607620977,1589.179556248207,1644.8739124557726,55.694356207565534,53.944356207565534,0.02434026338115513,0.6945236751614376,INTERVENE,0.475,1869.623007350832,1.5,0.25,1867.873007350832,RECOVERED
T0020767,2221.85,PAYMENT_TIMEOUT,1,0,RECLAIM,0.758451067794361,0.3032358068404179,0.758451067794361,0.7905508917293772,0.0320998239350162,0.7905508917293772,1,1,2001.1854068391322,1.5,0.25,1999.4354068391322,1432.3898292320657,1493.012673970579,60.62284473851332,58.87284473851332,0.032099823935016175,0.758451067794361,INTERVENE,0.475,1685.1645049789008,1.5,0.25,1683.4145049789008,RECOVERED
T0021620,2242.72,PAYMENT_TIMEOUT,1,0,RECLAIM,0.7538302473239571,0.2859916695682662,0.7538302473239571,0.7853158137981906,0.031485566474233506,0.7853158137981906,1,1,1605.2779675051966,1.5,0.25,1603.5279675051966,1437.035646436627,1497.0569596332562,60.02131319662908,58.27131319662908,0.03148556647423348,0.7538302473239571,INTERVENE,0.475,1690.6301722783849,1.5,0.25,1688.8801722783849,RECOVERED
T0044611,3200.52,BANK_DECLINE,0,1,CONTROL,0.6353772989416883,0.1019545883424042,0.6353772989416883,0.6627270499541373,0.027349751012449075,0.6353772989416883,1,1,3148.2105964840293,0.0,0.0,3148.2105964840293,1728.5070898875242,1802.9105012313332,74.40341134380901,72.65341134380901,0.027349751012449096,0.6353772989416883,INTERVENE,0.475,2033.537752808852,1.5,0.25,2031.787752808852,RECOVERED
T0036983,3213.93,BANK_DECLINE,1,0,RECLAIM,0.6337092170659829,0.1069042433591929,0.6337092170659829,0.6613400854198372,0.02763086835385431,0.6613400854198372,1,1,2628.176538598839,1.5,0.25,2626.426538598839,1731.1925044041432,1806.6756296233707,75.48312521922753,73.73312521922753,0.027630868353854275,0.6337092170659829,INTERVENE,0.475,2036.6970640048744,1.5,0.25,2034.9470640048744,RECOVERED
T0010564,2648.1,INSUFFICIENT_FUNDS,1,0,RECLAIM,0.6952772935911719,0.08352573969915,0.6952772935911719,0.7197012466019426,0.024423953010770716,0.7197012466019426,1,1,2587.6441952053056,1.5,0.25,2585.8941952053056,1564.9892309849647,1619.9647404576133,54.97550947264858,53.22550947264858,0.024423953010770737,0.6952772935911719,INTERVENE,0.475,1841.163801158782,1.5,0.25,1839.413801158782,RECOVERED
T0016149,3282.18,BANK_DECLINE,0,1,CONTROL,0.6265747847533485,0.1279687062446071,0.6265747847533485,0.6554032590679886,0.028828474314640085,0.6265747847533485,1,1,2867.618535655425,0.0,0.0,2867.618535655425,1748.0515429684833,1828.4787485206048,80.42720555212145,78.67720555212145,0.02882847431464012,0.6265747847533485,INTERVENE,0.475,2056.531227021745,1.5,0.25,2054.781227021745,RECOVERED
T0041024,3138.11,LIMIT_EXCEEDED,0,1,CONTROL,0.6364197961196835,0.0988563196618552,0.6364197961196835,0.663593637640278,0.027173841520594544,0.6364197961196835,1,1,2201.0252896514703,0.0,0.0,2201.0252896514703,1697.582027440969,1770.065355683033,72.48332824206409,70.73332824206409,0.02717384152059456,0.6364197961196835,INTERVENE,0.475,1997.15532640114,1.5,0.25,1995.40532640114,RECOVERED
T0045776,4416.1,BANK_DECLINE,1,0,RECLAIM,0.54485072079253,0.3603167091471855,0.54485072079253,0.5869951974764148,0.04214447668388477,0.5869951974764148,1,1,3142.3315969636674,1.5,0.25,3140.5815969636674,2045.1979778781083,2203.3950678392566,158.19708996114832,156.44708996114832,0.04214447668388479,0.54485072079253,INTERVENE,0.475,2406.115268091892,1.5,0.25,2404.365268091892,RECOVERED
T0006383,3318.78,BANK_DECLINE,0,1,CONTROL,0.6190669684577538,0.1499608696382053,0.6190669684577538,0.6491478636954516,0.030080895237697858,0.6190669684577538,1,1,3000.594097164367,0.0,0.0,3000.594097164367,1746.3650125414906,1831.2221050139124,84.85709247242175,83.10709247242175,0.03008089523769786,0.6190669684577538,INTERVENE,0.475,2054.547073578224,1.5,0.25,2052.797073578224,RECOVERED
T0027169,2252.63,NETWORK_ERROR,1,0,RECLAIM,0.7419091522767429,0.2424823568581764,0.7419091522767429,0.7718540380056749,0.029944885728931947,0.7718540380056749,1,1,1957.0858543994684,1.5,0.25,1955.3358543994684,1420.5597916391855,1477.8963273878148,57.33653574862933,55.58653574862933,0.02994488572893193,0.7419091522767429,INTERVENE,0.475,1671.2468136931595,1.5,0.25,1669.4968136931595,RECOVERED
T0019493,3634.57,BANK_DECLINE,0,1,CONTROL,0.5907555160758753,0.2315014581031267,0.5907555160758753,0.6254966386278603,0.034741122551985026,0.5907555160758753,1,1,2573.1292000888247,0.0,0.0,2573.1292000888247,1825.07093465431,1932.399620179013,107.32868552470313,105.57868552470313,0.03474112255198507,0.5907555160758753,INTERVENE,0.475,2147.1422760638943,1.5,0.25,2145.3922760638943,RECOVERED
T0020525,2794.57,INSUFFICIENT_FUNDS,1,0,RECLAIM,0.6663609944385342,0.0080860970036839,0.6663609944385342,0.6884022339983513,0.022041239559817072,0.6884022339983513,1,1,2579.4942711499725,1.5,0.25,2577.7442711499725,1582.8635775938806,1635.219996405057,52.356418811176354,50.606418811176354,0.02204123955981708,0.6663609944385342,INTERVENE,0.475,1862.1924442280947,1.5,0.25,1860.4424442280947,RECOVERED
T0043797,2373.09,NETWORK_ERROR,0,1,CONTROL,0.7200622173153624,0.1660030801003189,0.7200622173153624,0.7473301783138391,0.027267960998476726,0.7200622173153624,1,1,2267.8282733836513,0.0,0.0,2267.8282733836513,1452.4565801955764,1507.4595069265702,55.00292673099375,53.25292673099375,0.02726796099847667,0.7200622173153624,INTERVENE,0.475,1708.772447288913,1.5,0.25,1707.022447288913,RECOVERED
T0030260,2282.33,INSUFFICIENT_FUNDS,0,1,CONTROL,0.7280563715592439,0.1935364926679159,0.7280563715592439,0.7562835407247266,0.028227169165482735,0.7280563715592439,1,1,1937.5275538087117,0.0,0.0,1937.5275538087117,1412.4151637256875,1467.1753214769253,54.760157751237784,53.010157751237784,0.028227169165482683,0.7280563715592439,INTERVENE,0.475,1661.664898500809,1.5,0.25,1659.914898500809,RECOVERED
T0036246,2871.05,BANK_DECLINE,0,1,CONTROL,0.6515381974782337,0.0534765909403369,0.6515381974782337,0.6761408071588106,0.024602609680576926,0.6515381974782337,1,1,2410.898869741309,0.0,0.0,2410.898869741309,1590.0089305894005,1650.0489547343077,60.04002414490719,58.29002414490719,0.024602609680576978,0.6515381974782337,INTERVENE,0.475,1870.598741869883,1.5,0.25,1868.848741869883,RECOVERED
T0044921,2588.01,NETWORK_ERROR,1,0,RECLAIM,0.6803277656662292,0.0356130038628155,0.6803277656662292,0.7031188790417379,0.022791113375508654,0.7031188790417379,1,1,1815.8563381185313,1.5,0.25,1814.1063381185313,1496.5908016985793,1546.726886626487,50.13608492790763,48.38608492790763,0.022791113375508674,0.6803277656662292,INTERVENE,0.475,1760.695060821858,1.5,0.25,1758.945060821858,RECOVERED
T0010403,3334.56,BANK_DECLINE,0,1,CONTROL,0.601477713818573,0.2008556736359248,0.601477713818573,0.6344644991485395,0.03298678532996657,0.601477713818573,0,0,0.0,0.0,0.0,0.0,1704.8139965822313,1798.3109492386407,93.49695265640935,91.74695265640935,0.032986785329966566,0.601477713818573,INTERVENE,0.475,2005.6635253908605,1.5,0.25,2003.9135253908605,NOT_RECOVERED
T0043353,2012.5,PAYMENT_TIMEOUT,1,0,RECLAIM,0.7618804860976224,0.3161795833079441,0.7618804860976224,0.7944427503330631,0.03256226423544073,0.7944427503330631,1,1,1608.419825297961,1.5,0.25,1606.669825297961,1303.2918065307454,1358.993629788496,55.701823257750675,53.951823257750675,0.0325622642354407,0.7618804860976224,INTERVENE,0.475,1533.284478271465,1.5,0.25,1531.534478271465,RECOVERED
T0038880,3097.95,LIMIT_EXCEEDED,1,0,RECLAIM,0.6202403105615831,0.1465351575726207,0.6202403105615831,0.6501259817826956,0.02988567122111252,0.6501259817826956,1,1,2985.2747267715954,1.5,0.25,2983.5247267715954,1633.2524495886178,1711.9491174741465,78.69666788552877,76.94666788552877,0.029885671221112523,0.6202403105615831,INTERVENE,0.475,1921.4734701042564,1.5,0.25,1919.7234701042564,RECOVERED
T0029558,2736.12,BANK_DECLINE,0,1,CONTROL,0.6567823352745428,0.0375260468275422,0.6567823352745428,0.6804836256471731,0.023701290372630357,0.6567823352745428,1,1,2221.505560448802,0.0,0.0,2221.505560448802,1527.4799907126746,1582.6021291348816,55.122138422206945,53.372138422206945,0.0237012903726304,0.6567823352745428,INTERVENE,0.475,1797.035283191382,1.5,0.25,1795.285283191382,RECOVERED
T0004062,2161.46,NETWORK_ERROR,1,0,RECLAIM,0.7350826516501265,0.218157808889575,0.7350826516501265,0.764171860242403,0.029089208592276483,0.764171860242403,1,1,1879.4399902135535,1.5,0.25,1877.6899902135535,1350.52398600033,1403.9678726836128,53.4438866832827,51.6938866832827,0.029089208592276445,0.7350826516501265,INTERVENE,0.475,1588.8517482356826,1.5,0.25,1587.1017482356826,RECOVERED
T0006303,2431.37,INSUFFICIENT_FUNDS,0,1,CONTROL,0.6939241382757524,0.0791364004215715,0.6939241382757524,0.7181979314550717,0.024273793179319325,0.6939241382757524,1,1,1899.1492740722595,0.0,0.0,1899.1492740722595,1434.1083822675885,1484.2741689116299,50.16578664404142,48.41578664404142,0.02427379317931938,0.6939241382757524,INTERVENE,0.475,1687.186332079516,1.5,0.25,1685.436332079516,RECOVERED
T0009029,2316.16,PAYMENT_TIMEOUT,0,1,CONTROL,0.7096181215285943,0.1307445120297574,0.7096181215285943,0.7356649903164325,0.02604686878783824,0.7096181215285943,0,0,0.0,0.0,0.0,0.0,1397.0507421057184,1448.330150375612,51.279408269893565,49.529408269893565,0.026046868787838278,0.7096181215285943,INTERVENE,0.475,1643.589108359669,1.5,0.25,1641.839108359669,NOT_RECOVERED
T0006447,2923.79,BANK_DECLINE,1,0,RECLAIM,0.6330180673910611,0.1089522801558311,0.6330180673910611,0.6607652876393864,0.02774722024832521,0.6607652876393864,0,0,0.0,1.5,0.25,-1.75,1573.1901109687142,1642.1480992950874,68.9579883263732,67.2079883263732,0.027747220248325256,0.6330180673910611,INTERVENE,0.475,1850.8118952573109,1.5,0.25,1849.0618952573109,NOT_RECOVERED
T0000307,2585.76,BANK_DECLINE,0,1,CONTROL,0.6690242247002246,0.0001732954090689,0.6690242247002246,0.6906161751291249,0.021591950428900275,0.6690242247002246,1,1,2195.2511389744686,0.0,0.0,2195.2511389744686,1470.445667371725,1517.9025288516032,47.45686147987817,45.70686147987817,0.02159195042890024,0.6690242247002246,INTERVENE,0.475,1729.936079260853,1.5,0.25,1728.186079260853,RECOVERED
T0016021,2132.52,PAYMENT_TIMEOUT,1,0,RECLAIM,0.7329481674214019,0.2106348741004227,0.7329481674214019,0.7617735508961718,0.028825383474769928,0.7617735508961718,1,1,1835.985368148045,1.5,0.25,1834.235368148045,1328.5726320910646,1380.8227328435385,52.25010075247383,50.50010075247383,0.02882538347476996,0.7329481674214019,INTERVENE,0.475,1563.026625989488,1.5,0.25,1561.276625989488,RECOVERED
T0020509,2852.75,BANK_DECLINE,0,1,CONTROL,0.6372556543294722,0.0963694246213766,0.6372556543294722,0.6642883305359026,0.02703267620643046,0.6372556543294722,1,1,2823.1521083885063,0.0,0.0,2823.1521083885063,1545.2414077051415,1610.7912546958519,65.54984699071042,63.79984699071042,0.02703267620643042,0.6372556543294722,INTERVENE,0.475,1817.9310678884017,1.5,0.25,1816.1810678884017,RECOVERED
T0037561,2283.32,INSUFFICIENT_FUNDS,1,0,RECLAIM,0.7089778912391269,0.1286079583444104,0.7089778912391269,0.7349510231712559,0.025973131932129023,0.7349510231712559,1,1,2258.3723855525263,1.5,0.25,2256.6223855525263,1375.999888830505,1426.4091146932833,50.409225862778385,48.659225862778385,0.025973131932129027,0.7089778912391269,INTERVENE,0.475,1618.8233986241237,1.5,0.25,1617.0733986241237,RECOVERED
T0037832,3137.03,LIMIT_EXCEEDED,0,1,CONTROL,0.6091572442338383,0.1787365274363603,0.6091572442338383,0.6408798844202902,0.03172264018645188,0.6091572442338383,0,0,0.0,0.0,0.0,0.0,1624.3028673970462,1708.8905102495355,84.58764285248935,82.83764285248935,0.03172264018645187,0.6091572442338383,INTERVENE,0.475,1910.944549878878,1.5,0.25,1909.194549878878,NOT_RECOVERED
T0013303,1956.09,PAYMENT_TIMEOUT,1,0,RECLAIM,0.7608331111105073,0.3122129718889435,0.7608331111105073,0.793253535956642,0.03242042484613472,0.793253535956642,1,1,1479.3571984454263,1.5,0.25,1477.6071984454263,1265.0193342653292,1318.9240127770136,53.904678511684324,52.154678511684324,0.03242042484613471,0.7608331111105073,INTERVENE,0.475,1488.2580403121522,1.5,0.25,1486.5080403121522,RECOVERED
T0005856,2777.65,BANK_DECLINE,1,0,RECLAIM,0.6411873965596181,0.0846380074451109,0.6411873965596181,0.6675545480150614,0.026367151455443327,0.6675545480150614,1,1,2439.559464798035,1.5,0.25,2437.809464798035,1513.8450462457497,1576.09795674993,62.25291050418036,60.50291050418036,0.02636715145544336,0.6411873965596181,INTERVENE,0.475,1780.9941720538231,1.5,0.25,1779.2441720538231,RECOVERED
T0010020,2236.15,INSUFFICIENT_FUNDS,1,0,RECLAIM,0.7111225067243886,0.1357758804935436,0.7111225067243886,0.7373431336112445,0.02622062688685589,0.7373431336112445,0,0,0.0,1.5,0.25,-1.75,1351.6501043999804,1401.4883709910666,49.83826659108627,48.08826659108627,0.02622062688685586,0.7111225067243886,INTERVENE,0.475,1590.1765934117416,1.5,0.25,1588.4265934117416,NOT_RECOVERED
T0030948,2821.82,LIMIT_EXCEEDED,0,1,CONTROL,0.6357328741046281,0.1008982560393169,0.6357328741046281,0.6630226450327353,0.02728977092810725,0.6357328741046281,1,1,2292.2749475451023,0.0,0.0,2292.2749475451023,1524.8351779850334,1590.2909761753322,65.45579819029876,63.705798190298765,0.027289770928107283,0.6357328741046281,INTERVENE,0.475,1793.9237388059216,1.5,0.25,1792.1737388059216,RECOVERED
T0034422,2357.39,NETWORK_ERROR,0,1,CONTROL,0.692421006797717,0.074273265886247,0.692421006797717,0.7165285685246781,0.024107561726961046,0.692421006797717,1,1,1721.6769993544665,0.0,0.0,1721.6769993544665,1387.4604036326396,1435.766689831232,48.30628619859249,46.55628619859249,0.024107561726961015,0.692421006797717,INTERVENE,0.475,1632.30635721487,1.5,0.25,1630.55635721487,RECOVERED
T0044879,2116.81,NETWORK_ERROR,0,1,CONTROL,0.7285882918454532,0.1953862863912958,0.7285882918454532,0.7568800845184707,0.028291792673017513,0.7285882918454532,1,1,1996.7633143271466,0.0,0.0,1996.7633143271466,1310.9405347521677,1361.8456319531122,50.90509720094451,49.15509720094451,0.028291792673017457,0.7285882918454532,INTERVENE,0.475,1542.2829820613736,1.5,0.25,1540.5329820613736,RECOVERED
T0041136,3184.36,BANK_DECLINE,0,1,CONTROL,0.5987087011726013,0.208795353763677,0.5987087011726013,0.6321496875509257,0.03344098637832438,0.5987087011726013,1,1,2689.2845747246934,0.0,0.0,2689.2845747246934,1620.5284337160872,1711.043352192216,90.51491847612874,88.76491847612874,0.03344098637832442,0.5987087011726013,INTERVENE,0.475,1906.504039665985,1.5,0.25,1904.754039665985,RECOVERED
T0007597,2249.89,INSUFFICIENT_FUNDS,0,1,CONTROL,0.7001747940276338,0.0995047617613005,0.7001747940276338,0.7251463905159252,0.024971596488291392,0.7001747940276338,1,1,1955.8694342839938,0.0,0.0,1955.8694342839938,1339.018827234608,1386.7746706741937,47.75584343958576,46.00584343958576,0.02497159648829134,0.7001747940276338,INTERVENE,0.475,1575.316267334833,1.5,0.25,1573.566267334833,RECOVERED
T0041259,2486.33,INSUFFICIENT_FUNDS,0,1,CONTROL,0.6671092903752072,0.0057687831062483,0.6671092903752072,0.689020060451856,0.021910770076648878,0.6671092903752072,1,1,2473.011448479184,0.0,0.0,2473.011448479184,1409.8557656478004,1456.1615598677736,46.30579421997322,44.55579421997322,0.02191077007664892,0.6671092903752072,INTERVENE,0.475,1658.6538419385888,1.5,0.25,1656.9038419385888,RECOVERED
T0008774,2931.32,BANK_DECLINE,1,0,RECLAIM,0.608718680835799,0.1800037938327572,0.608718680835799,0.6405136977290202,0.03179501689322117,0.6405136977290202,0,0,0.0,1.5,0.25,-1.75,1516.6968569814555,1595.918020562977,79.22116358152152,77.47116358152152,0.03179501689322112,0.608718680835799,INTERVENE,0.475,1784.3492435075946,1.5,0.25,1782.5992435075946,NOT_RECOVERED
T0026707,2053.36,INSUFFICIENT_FUNDS,0,1,CONTROL,0.7208506597150758,0.1686968914540354,0.7208506597150758,0.7482122467404797,0.027361587025403922,0.7208506597150758,1,1,1699.1427014054038,0.0,0.0,1699.1427014054038,1258.1410240376658,1305.8967341219766,47.75571008431075,46.00571008431075,0.027361587025403943,0.7208506597150758,INTERVENE,0.475,1480.165910632548,1.5,0.25,1478.415910632548,RECOVERED
T0014041,3019.33,BANK_DECLINE,0,1,CONTROL,0.5980494599163607,0.21068293623339,0.5980494599163607,0.6315984609497907,0.03354900103342995,0.5980494599163607,1,1,2448.662470411624,0.0,0.0,2448.662470411624,1534.8523744378756,1620.9535539346016,86.10117949672599,84.35117949672599,0.033549001033429934,0.5980494599163607,INTERVENE,0.475,1805.7086758092653,1.5,0.25,1803.9586758092653,RECOVERED
T0030765,2435.2,BANK_DECLINE,1,0,RECLAIM,0.6607661281063967,0.0253312032791614,0.6607661281063967,0.6837792177702351,0.023013089663838415,0.6837792177702351,1,1,2009.7359504413394,1.5,0.25,2007.9859504413394,1367.7330238899924,1415.3682784469647,47.63525455697231,45.88525455697231,0.023013089663838377,0.6607661281063967,INTERVENE,0.475,1609.097675164697,1.5,0.25,1607.347675164697,RECOVERED
T0013620,1978.42,INSUFFICIENT_FUNDS,1,0,RECLAIM,0.729424053076421,0.1982973124283205,0.729424053076421,0.7578175902780206,0.02839353720159965,0.7578175902780206,1,1,1455.1669342427026,1.5,0.25,1453.4169342427026,1226.6410648243348,1274.3892554141653,47.74819058983053,45.99819058983053,0.02839353720159969,0.729424053076421,INTERVENE,0.475,1443.107135087453,1.5,0.25,1441.357135087453,RECOVERED
T0007071,2026.14,INSUFFICIENT_FUNDS,0,1,CONTROL,0.714609906500628,0.1474996605716458,0.714609906500628,0.7412360444988301,0.026626137998202126,0.714609906500628,1,1,1901.3807689296536,0.0,0.0,1901.3807689296536,1230.714758563605,1276.5707993207307,45.856040757125584,44.106040757125584,0.02662613799820208,0.714609906500628,INTERVENE,0.475,1447.8997159571825,1.5,0.25,1446.1497159571825,RECOVERED
T0010540,3025.42,BANK_DECLINE,1,0,RECLAIM,0.5906670220679071,0.2317533203262072,0.5906670220679071,0.6254225757102096,0.03475555364230254,0.6254225757102096,1,1,2878.1276011288714,1.5,0.25,2876.3776011288714,1518.9634486189843,1608.3410736544051,89.3776250354208,87.6276250354208,0.03475555364230257,0.5906670220679071,INTERVENE,0.475,1787.0158219046875,1.5,0.25,1785.2658219046875,RECOVERED
T0028430,3107.28,BANK_DECLINE,0,1,CONTROL,0.5823740971686654,0.2552840997256921,0.5823740971686654,0.6184787882554182,0.03610469108675285,0.5823740971686654,1,1,2440.2064584951786,0.0,0.0,2440.2064584951786,1538.159476952713,1633.5187537947518,95.35927684203875,93.60927684203875,0.03610469108675286,0.5823740971686654,INTERVENE,0.475,1809.5993846502504,1.5,0.25,1807.8493846502504,RECOVERED
T0030295,2618.72,BANK_DECLINE,1,0,RECLAIM,0.628988763656511,0.1208601321178989,0.628988763656511,0.6574128628738386,0.02842409921732758,0.6574128628738386,1,1,2071.7714841687466,1.5,0.25,2070.0214841687466,1400.0736368881917,1463.3431804252316,63.26954353703991,61.51954353703991,0.028424099217327563,0.628988763656511,INTERVENE,0.475,1647.1454551625784,1.5,0.25,1645.3954551625784,RECOVERED
T0010295,1697.93,PAYMENT_TIMEOUT,1,0,RECLAIM,0.7711519234874536,0.3518302931372581,0.7711519234874536,0.8049939693565694,0.03384204586911577,0.8049939693565694,0,0,0.0,1.5,0.25,-1.75,1112.9576876299943,1161.79989883116,48.84221120116558,47.09221120116558,0.03384204586911574,0.7711519234874536,INTERVENE,0.475,1309.361985447052,1.5,0.25,1307.611985447052,NOT_RECOVERED
T0014296,2042.47,INSUFFICIENT_FUNDS,0,1,CONTROL,0.7073249175879331,0.1231044796287841,0.7073249175879331,0.7331082470556508,0.025783329467717664,0.7073249175879331,1,1,1444.416619616555,0.0,0.0,1444.416619616555,1227.986435761952,1272.7488611591918,44.762425397239895,43.012425397239895,0.025783329467717626,0.7073249175879331,INTERVENE,0.475,1444.689924425826,1.5,0.25,1442.939924425826,RECOVERED
T0018963,2822.68,BANK_DECLINE,1,0,RECLAIM,0.6047790917493642,0.1913651189970444,0.6047790917493642,0.6372232538930034,0.03244416214363921,0.6372232538930034,0,0,0.0,1.5,0.25,-1.75,1451.0331696942308,1528.8757341538972,77.84256445966639,76.09256445966639,0.03244416214363925,0.6047790917493642,INTERVENE,0.475,1707.0978466990953,1.5,0.25,1705.3478466990953,NOT_RECOVERED
T0020202,2268.19,INSUFFICIENT_FUNDS,1,0,RECLAIM,0.6694949799019608,0.0016367105244339,0.6694949799019608,0.6911363075789917,0.021641327677030864,0.6911363075789917,1,1,1903.24438578503,1.5,0.25,1901.49438578503,1290.7605456942542,1332.4841922644541,41.72364657019989,39.97364657019989,0.021641327677030895,0.6694949799019608,INTERVENE,0.475,1518.5418184638286,1.5,0.25,1516.7918184638286,RECOVERED
T0026495,1857.06,NETWORK_ERROR,0,1,CONTROL,0.7360603428521347,0.2216165904806599,0.7360603428521347,0.7652709774239397,0.02921063457180495,0.7360603428521347,1,1,1684.4240456140124,0.0,0.0,1684.4240456140124,1161.8719872524375,1207.9810031346663,46.10901588222873,44.35901588222873,0.029210634571804988,0.7360603428521347,INTERVENE,0.475,1366.9082202969853,1.5,0.25,1365.1582202969853,RECOVERED
T0038623,2860.12,BANK_DECLINE,0,1,CONTROL,0.5966360096676214,0.2147266085825074,0.5966360096676214,0.6304164467154675,0.03378043704784606,0.5966360096676214,0,0,0.0,0.0,0.0,0.0,1450.4829963749737,1532.6066844428663,82.12368806789254,80.37368806789254,0.033780437047846085,0.5966360096676214,INTERVENE,0.475,1706.450583970557,1.5,0.25,1704.700583970557,NOT_RECOVERED
T0039647,2625.56,BANK_DECLINE,1,0,RECLAIM,0.6200012366692768,0.1472334937597031,0.6200012366692768,0.6499267006050387,0.029925463935761898,0.6499267006050387,0,0,0.0,1.5,0.25,-1.75,1383.6728799069783,1450.4583158344806,66.78543592750225,65.03543592750225,0.029925463935761953,0.6200012366692768,INTERVENE,0.475,1627.8504469493862,1.5,0.25,1626.1004469493862,NOT_RECOVERED
T0007247,2223.9,LIMIT_EXCEEDED,1,0,RECLAIM,0.6690230246608636,0.0001695662470628,0.6690230246608636,0.6906148492788512,0.021591824617987587,0.6906148492788512,1,1,1808.0756280338812,1.5,0.25,1806.3256280338812,1264.6642588618004,1305.4796088145517,40.815349952751376,39.065349952751376,0.021591824617987605,0.6690230246608636,INTERVENE,0.475,1487.840304543295,1.5,0.25,1486.090304543295,RECOVERED
T0019003,2211.47,BANK_DECLINE,0,1,CONTROL,0.6706028475069075,0.0050848617836847,0.6706028475069075,0.6923605666244315,0.021757719117524,0.6706028475069075,0,0,0.0,0.0,0.0,0.0,1260.5653672996852,1301.4644289319915,40.89906163230626,39.14906163230626,0.02175771911752405,0.6706028475069075,INTERVENE,0.475,1483.0180791761004,1.5,0.25,1481.2680791761004,NOT_RECOVERED
T0008028,2138.02,PAYMENT_TIMEOUT,0,1,CONTROL,0.6778873780587601,0.027907224863491,0.6778873780587601,0.7004171449455606,0.02252976688680053,0.6778873780587601,1,1,1522.3311799024575,0.0,0.0,1522.3311799024575,1231.9362562316117,1272.8799846010313,40.94372836941966,39.19372836941966,0.022529766886800494,0.6778873780587601,INTERVENE,0.475,1449.3367720371905,1.5,0.25,1447.5867720371905,RECOVERED
T0007152,2501.85,BANK_DECLINE,0,1,CONTROL,0.6233165701028556,0.1375340269055046,0.6233165701028556,0.6526895213600034,0.029372951257147784,0.6233165701028556,1,1,2097.846656482819,0.0,0.0,2097.846656482819,1325.5278767750547,1387.9915871623455,62.4637103872908,60.7137103872908,0.02937295125714776,0.6233165701028556,INTERVENE,0.475,1559.444560911829,1.5,0.25,1557.694560911829,RECOVERED
T0031087,2035.08,INSUFFICIENT_FUNDS,1,0,RECLAIM,0.6840432586543304,0.0474052948674479,0.6840432586543304,0.7072349828704639,0.02319172421613358,0.7072349828704639,0,0,0.0,1.5,0.25,-1.75,1183.2703415989165,1223.3878035990201,40.117462000103615,38.367462000103615,0.02319172421613359,0.6840432586543304,INTERVENE,0.475,1392.0827548222546,1.5,0.25,1390.3327548222546,NOT_RECOVERED
T0012678,2000.63,NETWORK_ERROR,1,0,RECLAIM,0.6834703415822281,0.0455821414830026,0.6834703415822281,0.7066000759935852,0.023129734411357128,0.7066000759935852,1,1,1529.0773494031316,1.5,0.25,1527.3273494031316,1162.265579057705,1201.5985135297894,39.33293447208439,37.58293447208439,0.02312973441135713,0.6834703415822281,INTERVENE,0.475,1367.371269479653,1.5,0.25,1365.621269479653,RECOVERED
T0022600,2531.67,BANK_DECLINE,1,0,RECLAIM,0.6104168113064596,0.1750940580189153,0.6104168113064596,0.6419314555215847,0.031514644215125065,0.6419314555215847,0,0,0.0,1.5,0.25,-1.75,1313.567839378191,1381.3848168002808,67.81697742208985,66.06697742208985,0.03151464421512509,0.6104168113064596,INTERVENE,0.475,1545.3739286802247,1.5,0.25,1543.6239286802247,NOT_RECOVERED
T0037693,1874.26,INSUFFICIENT_FUNDS,1,0,RECLAIM,0.7043215162108611,0.1131512022776977,0.7043215162108611,0.7297620672459774,0.02544055103511622,0.7297620672459774,1,1,1417.9569541491508,1.5,0.25,1416.2069541491508,1122.0693982273633,1162.5992743329787,40.52987610561536,38.77987610561536,0.025440551035116263,0.7043215162108611,INTERVENE,0.475,1320.0816449733686,1.5,0.25,1318.3316449733686,RECOVERED
T0028023,2019.19,PAYMENT_TIMEOUT,0,1,CONTROL,0.6782526150805467,0.0290585369256504,0.6782526150805467,0.7008214077143818,0.022568792633835155,0.6782526150805467,0,0,0.0,0.0,0.0,0.0,1164.0927631678157,1202.8278415063824,38.73507833856661,36.98507833856661,0.022568792633835138,0.6782526150805467,INTERVENE,0.475,1369.5208978444891,1.5,0.25,1367.7708978444891,NOT_RECOVERED
T0019795,2261.81,BANK_DECLINE,1,0,RECLAIM,0.6418819240864417,0.0825598594145431,0.6418819240864417,0.6681312504170707,0.02624932633062893,0.6681312504170707,1,1,1648.9568491398431,1.5,0.25,1647.2068491398431,1234.0427115102616,1284.5080519799594,50.46534046969782,48.71534046969782,0.02624932633062898,0.6418819240864417,INTERVENE,0.475,1451.8149547179548,1.5,0.25,1450.0649547179548,RECOVERED
T0001406,1775.79,NETWORK_ERROR,0,1,CONTROL,0.7194447803945909,0.1638967668754691,0.7194447803945909,0.7466395675901764,0.027194787195585435,0.7194447803945909,1,1,1747.7253060176022,0.0,0.0,1747.7253060176022,1085.945419590374,1126.9938160713152,41.048396480941165,39.298396480941165,0.027194787195585424,0.7194447803945909,INTERVENE,0.475,1277.5828465769107,1.5,0.25,1275.8328465769107,RECOVERED
T0023526,1889.73,PAYMENT_TIMEOUT,0,1,CONTROL,0.6979674642852743,0.0922847538739988,0.6979674642852743,0.7226914169596197,0.02472395267434535,0.6979674642852743,1,1,1552.4098283491471,0.0,0.0,1552.4098283491471,1121.1245478412397,1160.837903665437,39.71335582419715,37.96335582419715,0.024723952674345344,0.6979674642852743,INTERVENE,0.475,1318.9700562838116,1.5,0.25,1317.2200562838116,RECOVERED
T0009042,2534.22,BANK_DECLINE,0,1,CONTROL,0.6064683280791286,0.1864984538113269,0.6064683280791286,0.6386343670178689,0.03216603893874026,0.6064683280791286,1,1,2388.986083819396,0.0,0.0,2388.986083819396,1306.385541426986,1375.6739877464202,69.28844631943412,67.53844631943412,0.032166038938740205,0.6064683280791286,INTERVENE,0.475,1536.9241663846892,1.5,0.25,1535.1741663846892,RECOVERED
T0032545,2317.59,BANK_DECLINE,1,0,RECLAIM,0.6323809053548269,0.1108389033334422,0.6323809053548269,0.6602353243174129,0.027854418962586003,0.6602353243174129,1,1,2299.80281410375,1.5,0.25,2298.05281410375,1245.7597130750994,1300.6315674920743,54.871854416974884,53.121854416974884,0.027854418962585958,0.6323809053548269,INTERVENE,0.475,1465.5996624412935,1.5,0.25,1463.8496624412935,RECOVERED
T0017280,1892.78,INSUFFICIENT_FUNDS,0,1,CONTROL,0.6953297362767159,0.083696072098591,0.6953297362767159,0.7197595187514675,0.024429782474751582,0.6953297362767159,1,1,1370.7902369850751,0.0,0.0,1370.7902369850751,1118.690285495366,1157.994458617042,39.30417312167606,37.55417312167606,0.024429782474751537,0.6953297362767159,INTERVENE,0.475,1316.1062182298424,1.5,0.25,1314.3562182298424,RECOVERED
T0027780,1916.91,NETWORK_ERROR,0,1,CONTROL,0.690254735750907,0.0672878116561008,0.690254735750907,0.7141237715241497,0.02386903577324273,0.690254735750907,1,1,1716.5945159337807,0.0,0.0,1716.5945159337807,1124.6827746820304,1163.574349041504,38.89157435947368,37.14157435947368,0.023869035773242786,0.690254735750907,INTERVENE,0.475,1323.1562055082711,1.5,0.25,1321.4062055082711,RECOVERED
T0004263,2094.96,BANK_DECLINE,0,1,CONTROL,0.6609234429221841,0.0248482269182188,0.6609234429221841,0.6839092926312275,0.022985849709043382,0.6609234429221841,1,1,2014.1421541078123,0.0,0.0,2014.1421541078123,1176.91694958662,1217.8482199371088,40.93127035048883,39.18127035048883,0.022985849709043406,0.6609234429221841,INTERVENE,0.475,1384.6081759842589,1.5,0.25,1382.8581759842589,RECOVERED
T0008505,1958.08,INSUFFICIENT_FUNDS,1,0,RECLAIM,0.6816906933174691,0.0399301464476868,0.6816906933174691,0.7046283756415036,0.02293768232403448,0.7046283756415036,1,1,1743.2205281384713,1.5,0.25,1741.4705281384713,1134.5841758554095,1172.7609203096981,38.17674445428861,36.42674445428861,0.022937682324034488,0.6816906933174691,INTERVENE,0.475,1334.80491277107,1.5,0.25,1333.05491277107,RECOVERED
T0009240,1893.97,INSUFFICIENT_FUNDS,1,0,RECLAIM,0.6914295326807288,0.0710727454545574,0.6914295326807288,0.7154277725823583,0.023998239901629526,0.7154277725823583,0,0,0.0,1.5,0.25,-1.75,1113.114773209622,1151.7489276721378,38.63415446251588,36.88415446251588,0.023998239901629574,0.6914295326807288,INTERVENE,0.475,1309.54679201132,1.5,0.25,1307.79679201132,NOT_RECOVERED
T0011407,2414.38,LIMIT_EXCEEDED,0,1,CONTROL,0.6155906349848508,0.1600868156240329,0.6155906349848508,0.6462488694634625,0.030658234478611712,0.6155906349848508,0,0,0.0,0.0,0.0,0.0,1263.3292597005154,1326.2467936369153,62.91753393639988,61.16753393639988,0.0306582344786117,0.6155906349848508,INTERVENE,0.475,1486.2697172947242,1.5,0.25,1484.5197172947242,NOT_RECOVERED
T0016479,1580.83,PAYMENT_TIMEOUT,1,0,RECLAIM,0.7505689090097374,0.2739518544210093,0.7505689090097374,0.781626830643342,0.031057921633604657,0.781626830643342,1,1,1123.606010790104,1.5,0.25,1121.856010790104,1008.5435711653836,1050.276271283027,41.73270011764339,39.98270011764339,0.031057921633604605,0.7505689090097374,INTERVENE,0.475,1186.521848429863,1.5,0.25,1184.771848429863,RECOVERED
T0044094,2674.62,LIMIT_EXCEEDED,1,0,RECLAIM,0.5845976475209932,0.248988430290925,0.5845976475209932,0.62034120922085,0.03574356169985682,0.62034120922085,1,1,2301.1901584239963,1.5,0.25,2299.4401584239963,1329.0400760107088,1410.3004542553292,81.26037824462037,79.51037824462037,0.03574356169985686,0.5845976475209932,INTERVENE,0.475,1563.5765600125987,1.5,0.25,1561.8265600125987,RECOVERED
T0017693,1697.98,PAYMENT_TIMEOUT,1,0,RECLAIM,0.7227269231080132,0.1751262036388994,0.7227269231080132,0.7503121599629833,0.027585236854970052,0.7503121599629833,0,0,0.0,1.5,0.25,-1.75,1043.0994817641026,1082.9127851678543,39.81330340375166,38.06330340375166,0.027585236854970007,0.7227269231080132,INTERVENE,0.475,1227.1758608989444,1.5,0.25,1225.4258608989444,NOT_RECOVERED
T0037966,2641.52,LIMIT_EXCEEDED,0,1,CONTROL,0.5852697475554093,0.2470835658067444,0.5852697475554093,0.6209040668522734,0.035634319296864114,0.5852697475554093,0,0,0.0,0.0,0.0,0.0,1314.10148202818,1394.1109340708747,80.00945204269465,78.25945204269465,0.03563431929686417,0.5852697475554093,INTERVENE,0.475,1546.0017435625648,1.5,0.25,1544.2517435625648,NOT_RECOVERED
T0045458,1863.01,INSUFFICIENT_FUNDS,0,1,CONTROL,0.6899156441479839,0.0661968079158028,0.6899156441479839,0.7137474529590155,0.02383180881103164,0.6899156441479839,1,1,1326.6862501975716,0.0,0.0,1326.6862501975716,1092.521782573515,1130.2608459865992,37.73906341308407,35.98906341308407,0.023831808811031693,0.6899156441479839,INTERVENE,0.475,1285.3197442041355,1.5,0.25,1283.5697442041355,RECOVERED
T0045601,2366.89,BANK_DECLINE,1,0,RECLAIM,0.6142818004317898,0.1638902553350887,0.6142818004317898,0.6451569989067562,0.030875198474966337,0.6451569989067562,1,1,2157.9861609761797,1.5,0.25,2156.2361609761797,1235.846833030399,1297.9633017710503,62.11646874065127,60.36646874065127,0.030875198474966347,0.6142818004317898,INTERVENE,0.475,1453.937450623999,1.5,0.25,1452.187450623999,RECOVERED
T0034486,1712.88,INSUFFICIENT_FUNDS,0,1,CONTROL,0.7149289439480172,0.1485764576324189,0.7149289439480172,0.7415923715032955,0.026663427555278285,0.7149289439480172,1,1,1354.0821014603516,0.0,0.0,1354.0821014603516,1040.8993660832277,1079.7199301054802,38.82056402225248,37.07056402225248,0.026663427555278247,0.7149289439480172,INTERVENE,0.475,1224.5874895096797,1.5,0.25,1222.8374895096797,RECOVERED
T0033004,2007.06,LIMIT_EXCEEDED,1,0,RECLAIM,0.6620124123173272,0.0215019525018435,0.6620124123173272,0.6848095657488037,0.02279715343147648,0.6848095657488037,1,1,1948.648023070596,1.5,0.25,1946.898023070596,1129.3938374257725,1168.285803977025,38.89196655125238,37.14196655125238,0.022797153431476504,0.6620124123173272,INTERVENE,0.475,1328.6986322656148,1.5,0.25,1326.9486322656148,RECOVERED
T0019048,1620.69,NETWORK_ERROR,0,1,CONTROL,0.7292673750107038,0.1977511597398609,0.7292673750107038,0.7576418190736229,0.028374444062919113,0.7292673750107038,1,1,1156.4181051670712,0.0,0.0,1156.4181051670712,1004.628890705183,1043.7171417912655,39.08825108608244,37.33825108608244,0.028374444062919103,0.7292673750107038,INTERVENE,0.475,1181.9163420060977,1.5,0.25,1180.1663420060977,RECOVERED
T0033768,1844.95,INSUFFICIENT_FUNDS,0,1,CONTROL,0.6848394625971157,0.0499419555962872,0.6848394625971157,0.7081174694080495,0.023278006810933838,0.6848394625971157,0,0,0.0,0.0,0.0,0.0,1073.9703815407663,1110.4751264067238,36.50474486595749,34.75474486595749,0.023278006810933873,0.6848394625971157,INTERVENE,0.475,1263.4945665185487,1.5,0.25,1261.7445665185487,NOT_RECOVERED
T0017990,2350.94,BANK_DECLINE,1,0,RECLAIM,0.6097370697793614,0.177060289146678,0.6097370697793614,0.6413639853486842,0.031626915569322844,0.6413639853486842,1,1,2236.3145675301307,1.5,0.25,2234.5645675301307,1218.436976803028,1281.6370105582903,63.20003375526221,61.45003375526221,0.03162691556932286,0.6097370697793614,INTERVENE,0.475,1433.455266827092,1.5,0.25,1431.705266827092,RECOVERED
T0027139,3160.42,INSUFFICIENT_FUNDS,1,0,RECLAIM,0.5345788597192679,0.3887696898278135,0.5345788597192679,0.5783632356713451,0.04378437595207718,0.5783632356713451,1,1,2323.70295992763,1.5,0.25,2321.95295992763,1436.0696618588734,1553.6901266883674,117.62046482949404,115.87046482949404,0.04378437595207724,0.5345788597192679,INTERVENE,0.475,1689.4937198339687,1.5,0.25,1687.7437198339687,RECOVERED
T0004376,2866.24,BANK_DECLINE,1,0,RECLAIM,0.5562088252092512,0.3287304659951263,0.5562088252092512,0.596534387296708,0.04032556208745686,0.596534387296708,0,0,0.0,1.5,0.25,-1.75,1355.0937856925993,1453.3391139085188,98.24532821591947,96.49532821591947,0.04032556208745689,0.5562088252092512,INTERVENE,0.475,1594.227983167764,1.5,0.25,1592.477983167764,NOT_RECOVERED
T0003869,1444.36,PAYMENT_TIMEOUT,0,1,CONTROL,0.7620679674515348,0.3168908755000683,0.7620679674515348,0.7946556779882342,0.0325877105366994,0.7620679674515348,1,1,1372.7375086141758,0.0,0.0,1372.7375086141758,935.595416048054,975.603543800223,40.008127752169,38.258127752169,0.03258771053669936,0.7620679674515348,INTERVENE,0.475,1100.7004894682989,1.5,0.25,1098.9504894682989,RECOVERED
T0014501,1483.74,PAYMENT_TIMEOUT,0,1,CONTROL,0.7525413751789446,0.2812208547018695,0.7525413751789446,0.7838573655092657,0.031315990330321064,0.7525413751789446,1,1,1107.9491660195467,0.0,0.0,1107.9491660195467,949.0893790068062,988.5844483756102,39.495069368804025,37.745069368804025,0.03131599033032107,0.7525413751789446,INTERVENE,0.475,1116.5757400080072,1.5,0.25,1114.8257400080072,RECOVERED
T0019722,2024.57,INSUFFICIENT_FUNDS,0,1,CONTROL,0.6489870941502552,0.0611954458656622,0.6489870941502552,0.6740263409189511,0.025039246768695844,0.6489870941502552,0,0,0.0,0.0,0.0,0.0,1116.8318310232148,1159.9214826791385,43.08965165592372,41.33965165592372,0.025039246768695865,0.6489870941502552,INTERVENE,0.475,1313.9198012037823,1.5,0.25,1312.1698012037823,NOT_RECOVERED
T0026121,2162.16,BANK_DECLINE,0,1,CONTROL,0.6280809531873294,0.1235356146861909,0.6280809531873294,0.6566572224866515,0.02857626929932211,0.6280809531873294,0,0,0.0,0.0,0.0,0.0,1154.3097866819885,1206.8282831459774,52.51849646398887,50.76849646398887,0.028576269299322065,0.6280809531873294,INTERVENE,0.475,1358.011513743516,1.5,0.25,1356.261513743516,NOT_RECOVERED
T0002943,1617.79,NETWORK_ERROR,1,0,RECLAIM,0.7211791198784874,0.1698204913583618,0.7211791198784874,0.7485797727938666,0.027400652915379187,0.7485797727938666,1,1,1407.8565650856879,1.5,0.25,1406.1065650856879,991.7089130959854,1029.388140033961,37.67922693797561,35.92922693797561,0.02740065291537922,0.7211791198784874,INTERVENE,0.475,1166.716368348218,1.5,0.25,1164.966368348218,RECOVERED
T0001000,2656.77,LIMIT_EXCEEDED,0,1,CONTROL,0.5704133393967882,0.2889937702501545,0.5704133393967882,0.6084535921791575,0.03804025278236933,0.5704133393967882,0,0,0.0,0.0,0.0,0.0,1288.1384905528241,1374.0430625797474,85.90457202692323,84.15457202692323,0.03804025278236936,0.5704133393967882,INTERVENE,0.475,1515.457047709205,1.5,0.25,1513.707047709205,NOT_RECOVERED
T0016958,1831.75,INSUFFICIENT_FUNDS,1,0,RECLAIM,0.6785352594087963,0.0299499691307147,0.6785352594087963,0.7011342739403706,0.022599014531574313,0.7011342739403706,1,1,1526.77244754364,1.5,0.25,1525.02244754364,1056.4709172087532,1091.6573003467329,35.18638313797965,33.43638313797965,0.022599014531574285,0.6785352594087963,INTERVENE,0.475,1242.9069614220627,1.5,0.25,1241.1569614220627,RECOVERED
T0022723,1914.79,BANK_DECLINE,1,0,RECLAIM,0.6633005071975615,0.0175369668069156,0.6633005071975615,0.6858741529519581,0.022573645754396576,0.6858741529519581,1,1,1376.6098381876195,1.5,0.25,1374.8598381876195,1079.569001450296,1116.3092239312477,36.74022248095184,34.99022248095184,0.022573645754396555,0.6633005071975615,INTERVENE,0.475,1270.0811781768189,1.5,0.25,1268.3311781768189,RECOVERED
T0028584,1563.76,NETWORK_ERROR,0,1,CONTROL,0.7299239482695378,0.2000411923429272,0.7299239482695378,0.7583784637355356,0.028454515465997865,0.7299239482695378,1,1,1549.1008390157242,0.0,0.0,1549.1008390157242,970.2119923440764,1008.033620483419,37.82162813934258,36.07162813934258,0.0284545154659979,0.7299239482695378,INTERVENE,0.475,1141.4258733459724,1.5,0.25,1139.6758733459724,RECOVERED
T0009806,2059.37,NETWORK_ERROR,0,1,CONTROL,0.6394932219092646,0.0896998704339134,0.6394932219092646,0.6661474533119665,0.026654231402701845,0.6394932219092646,1,1,1633.4845727391287,0.0,0.0,1633.4845727391287,1119.4101829427898,1166.0674687880046,46.6572858452148,44.9072858452148,0.026654231402701838,0.6394932219092646,INTERVENE,0.475,1316.9531564032825,1.5,0.25,1315.2031564032825,RECOVERED
T0003177,2150.05,BANK_DECLINE,1,0,RECLAIM,0.624410694355076,0.1343256447592035,0.624410694355076,0.6536009740668125,0.02919027971173649,0.6536009740668125,0,0,0.0,1.5,0.25,-1.75,1141.1370813884116,1194.4835581484977,53.346476760086034,51.596476760086034,0.029190279711736503,0.624410694355076,INTERVENE,0.475,1342.5142133981312,1.5,0.25,1340.7642133981312,NOT_RECOVERED
T0000486,1604.18,NETWORK_ERROR,0,1,CONTROL,0.7180472206926818,0.1591395701478979,0.7180472206926818,0.7450768486250934,0.027029627932411593,0.7180472206926818,0,0,0.0,0.0,0.0,0.0,979.0954419171684,1015.951772173292,36.85633025612367,35.10633025612367,0.027029627932411537,0.7180472206926818,INTERVENE,0.475,1151.8769904907865,1.5,0.25,1150.1269904907865,NOT_RECOVERED
T0044966,2134.77,BANK_DECLINE,0,1,CONTROL,0.6258995482564903,0.1299537736325254,0.6258995482564903,0.6548409838809768,0.028941435624486478,0.6258995482564903,1,1,2111.9534895775446,0.0,0.0,2111.9534895775446,1135.7288418367816,1188.2446540856538,52.51581224887218,50.76581224887218,0.028941435624486485,0.6258995482564903,INTERVENE,0.475,1336.1515786315078,1.5,0.25,1334.4015786315078,RECOVERED
T0025016,1991.77,BANK_DECLINE,0,1,CONTROL,0.6445628015391466,0.074521379147632,0.6445628015391466,0.6703565655469199,0.025793764007773334,0.6445628015391466,1,1,1450.5778398267423,0.0,0.0,1450.5778398267423,1091.2477235383822,1134.9166820754804,43.668958537098206,41.918958537098206,0.025793764007773307,0.6445628015391466,INTERVENE,0.475,1283.820851221626,1.5,0.25,1282.070851221626,RECOVERED
T0043089,1648.54,INSUFFICIENT_FUNDS,0,1,CONTROL,0.7048352301052624,0.1148494616119908,0.7048352301052624,0.7303342228241178,0.025498992718855362,0.7048352301052624,1,1,1582.9131263163454,0.0,0.0,1582.9131263163454,987.6567097020699,1023.3874027403004,35.730693038230584,33.980693038230584,0.0254989927188554,0.7048352301052624,INTERVENE,0.475,1161.9490702377293,1.5,0.25,1160.1990702377293,RECOVERED
T0006656,1789.21,INSUFFICIENT_FUNDS,1,0,RECLAIM,0.6773242643251475,0.026133500662647,0.6773242643251475,0.6997939226035864,0.022469658278438942,0.6997939226035864,0,0,0.0,1.5,0.25,-1.75,1030.0940449272175,1064.2665416223285,34.17249669511102,32.42249669511102,0.022469658278438952,0.6773242643251475,INTERVENE,0.475,1211.875346973197,1.5,0.25,1210.125346973197,NOT_RECOVERED
T0020248,1373.02,PAYMENT_TIMEOUT,1,0,RECLAIM,0.7638242465155725,0.3235729042723934,0.7638242465155725,0.7966511785797852,0.03282693206421272,0.7966511785797852,1,1,1303.0038800106786,1.5,0.25,1301.2538800106786,891.4340719081896,929.7453010315742,38.31122912338458,36.56122912338458,0.032826932064212666,0.7638242465155725,INTERVENE,0.475,1048.7459669508112,1.5,0.25,1046.9959669508112,RECOVERED
T0005074,1988.54,BANK_DECLINE,1,0,RECLAIM,0.6396505425624733,0.0892302662808162,0.6396505425624733,0.6662781355554235,0.026627592992950144,0.6662781355554235,1,1,1974.161388476953,1.5,0.25,1972.411388476953,1081.1750864211035,1126.1826151257746,45.00752870467113,43.25752870467113,0.02662759299295016,0.6396505425624733,INTERVENE,0.475,1271.9706899071807,1.5,0.25,1270.2206899071807,RECOVERED
T0030852,1695.1,INSUFFICIENT_FUNDS,0,1,CONTROL,0.6905005753115278,0.0680791951282264,0.6905005753115278,0.7143966189563945,0.02389604364486675,0.6905005753115278,1,1,1614.8309069699949,0.0,0.0,1614.8309069699949,994.897396428985,1029.3276524740365,34.43025604505158,32.68025604505158,0.023896043644866714,0.6905005753115278,INTERVENE,0.475,1170.4675252105706,1.5,0.25,1168.7175252105706,RECOVERED
T0037557,1526.22,INSUFFICIENT_FUNDS,0,1,CONTROL,0.7250164934196999,0.1830082246135567,0.7250164934196999,0.7528762862576204,0.027859792837920505,0.7250164934196999,1,1,1500.2967036501852,0.0,0.0,1500.2967036501852,940.5544716989622,976.6966187702895,36.14214707132737,34.39214707132737,0.027859792837920554,0.7250164934196999,INTERVENE,0.475,1106.5346725870145,1.5,0.25,1104.7846725870145,RECOVERED
T0005549,2446.22,BANK_DECLINE,1,0,RECLAIM,0.5797124911037018,0.2628076272485018,0.5797124911037018,0.6162488971412549,0.03653640603755304,0.6162488971412549,0,0,0.0,1.5,0.25,-1.75,1205.3886464895427,1281.3583205901482,75.96967410060552,74.21967410060552,0.036536406037553024,0.5797124911037018,INTERVENE,0.475,1418.1042899876973,1.5,0.25,1416.3542899876973,NOT_RECOVERED
T0045689,2374.4,NETWORK_ERROR,1,0,RECLAIM,0.5873439190231337,0.2411992458042495,0.5873439190231337,0.6226408479185152,0.035296928895381496,0.6226408479185152,0,0,0.0,1.5,0.25,-1.75,1185.4009911292492,1256.638664903064,71.23767377381478,69.48767377381478,0.035296928895381545,0.5873439190231337,INTERVENE,0.475,1394.5894013285283,1.5,0.25,1392.8394013285283,NOT_RECOVERED
T0033444,2238.62,BANK_DECLINE,1,0,RECLAIM,0.6033371594824293,0.1955136016249223,0.6033371594824293,0.6360184709736657,0.03268131149123643,0.6360184709736657,1,1,1933.5021566851144,1.5,0.25,1931.7521566851144,1148.0462371664723,1210.2331190674072,62.18688190093485,60.43688190093485,0.03268131149123647,0.6033371594824293,INTERVENE,0.475,1350.6426319605555,1.5,0.25,1348.8926319605555,RECOVERED
T0039628,1642.36,NETWORK_ERROR,0,1,CONTROL,0.6992600927996869,0.0965091817815408,0.6992600927996869,0.7241289027318673,0.024868809932180325,0.6992600927996869,0,0,0.0,0.0,0.0,0.0,976.1712851089196,1010.888292987103,34.71700787818338,32.96700787818338,0.024868809932180293,0.6992600927996869,INTERVENE,0.475,1148.4368060104937,1.5,0.25,1146.6868060104937,NOT_RECOVERED
T0011585,1638.4,INSUFFICIENT_FUNDS,0,1,CONTROL,0.6994508809589246,0.097133569524878,0.6994508809589246,0.7243411107539818,0.024890229795057173,0.6994508809589246,0,0,0.0,0.0,0.0,0.0,974.0832748586369,1008.7464044804252,34.66312962178836,32.91312962178836,0.02489022979505715,0.6994508809589246,INTERVENE,0.475,1145.980323363102,1.5,0.25,1144.230323363102,NOT_RECOVERED
T0018726,1699.38,LIMIT_EXCEEDED,1,0,RECLAIM,0.6833716818832977,0.0452683626930812,0.6833716818832977,0.7064907493385709,0.023119067455273257,0.7064907493385709,1,1,1685.0051919995547,1.5,0.25,1683.2551919995547,987.1119434450126,1020.5068121693336,33.394868724320986,31.644868724320986,0.023119067455273236,0.6833716818832977,INTERVENE,0.475,1161.3081687588383,1.5,0.25,1159.5581687588383,RECOVERED
T0025241,2056.96,BANK_DECLINE,1,0,RECLAIM,0.6236554826663275,0.1365406042122664,0.6236554826663275,0.652971867962558,0.029316385296230485,0.652971867962558,1,1,1874.8192710900703,1.5,0.25,1873.0692710900703,1090.4092243815296,1141.6664614956237,51.257237114094096,49.507237114094096,0.029316385296230523,0.6236554826663275,INTERVENE,0.475,1282.8343816253291,1.5,0.25,1281.0843816253291,RECOVERED
T0036337,1637.58,NETWORK_ERROR,0,1,CONTROL,0.6955434068807435,0.0843902387121582,0.6955434068807435,0.7199969483819646,0.024453541501221143,0.6955434068807435,1,1,1383.561074349361,0.0,0.0,1383.561074349361,968.1567764038027,1002.194712321637,34.03793591783426,32.28793591783426,0.024453541501221098,0.6955434068807435,INTERVENE,0.475,1139.007972239768,1.5,0.25,1137.257972239768,RECOVERED
T0023888,1481.81,INSUFFICIENT_FUNDS,1,0,RECLAIM,0.7278461046660776,0.1928058987023952,0.7278461046660776,0.7560477564443726,0.028201651778295034,0.7560477564443726,0,0,0.0,1.5,0.25,-1.75,916.7501909019543,952.2712570803103,35.52106617835602,33.77106617835602,0.028201651778295075,0.7278461046660776,INTERVENE,0.475,1078.5296363552404,1.5,0.25,1076.7796363552404,NOT_RECOVERED
T0022413,1599.45,INSUFFICIENT_FUNDS,0,1,CONTROL,0.6997303515253321,0.0980485942680946,0.6997303515253321,0.7246519759640098,0.024921624438677625,0.6997303515253321,1,1,1304.9951531266854,0.0,0.0,1304.9951531266854,951.3061541351136,985.1879125122902,33.88175837717654,32.13175837717654,0.024921624438677625,0.6997303515253321,INTERVENE,0.475,1119.1837107471924,1.5,0.25,1117.4337107471924,RECOVERED
T0024654,1878.39,BANK_DECLINE,1,0,RECLAIM,0.6476990102149573,0.0650829841104204,0.6476990102149573,0.6729582791424028,0.025259268927445455,0.6729582791424028,1,1,1518.640200347698,1.5,0.25,1516.890200347698,1034.1366422280225,1074.4663866645533,40.329744436530746,38.579744436530746,0.025259268927445414,0.6476990102149573,INTERVENE,0.475,1216.6313437976737,1.5,0.25,1214.8813437976737,RECOVERED
T0028036,2116.02,INSUFFICIENT_FUNDS,1,0,RECLAIM,0.6109979313226229,0.1734121169953175,0.6109979313226229,0.6424165489911204,0.03141861766849752,0.6424165489911204,1,1,1729.744892142327,1.5,0.25,1727.994892142327,1098.9512662417021,1155.4613260967621,56.510059855060035,54.760059855060035,0.03141861766849749,0.6109979313226229,INTERVENE,0.475,1292.8838426372963,1.5,0.25,1291.1338426372963,RECOVERED
T0002531,1617.0,NETWORK_ERROR,0,1,CONTROL,0.689496842919585,0.0648502500809617,0.689496842919585,0.7132827146710428,0.023785871751457743,0.689496842919585,0,0,0.0,0.0,0.0,0.0,947.6789357508237,980.3714271796148,32.69249142879107,30.942491428791072,0.0237858717514578,0.689496842919585,INTERVENE,0.475,1114.916395000969,1.5,0.25,1113.166395000969,NOT_RECOVERED
T0042084,1459.62,NETWORK_ERROR,1,0,RECLAIM,0.7237613635744781,0.1786823395531376,0.7237613635744781,0.7514704211292625,0.027709057554784478,0.7514704211292625,1,1,1055.642177630352,1.5,0.25,1053.892177630352,897.9540772754926,932.33206767539,34.377990399897385,32.627990399897385,0.027709057554784453,0.7237613635744781,INTERVENE,0.475,1056.4165615005795,1.5,0.25,1054.6665615005795,RECOVERED
T0036541,1539.43,INSUFFICIENT_FUNDS,1,0,RECLAIM,0.7009713060301297,0.10211753917994,0.7009713060301297,0.7260325995821725,0.025061293552042785,0.7260325995821725,1,1,1437.767510125706,1.5,0.25,1436.017510125706,917.2318189956682,950.0249100585662,32.79309106289804,31.043091062898043,0.02506129355204276,0.7009713060301297,INTERVENE,0.475,1079.096257641963,1.5,0.25,1077.346257641963,RECOVERED
T0015813,2413.19,BANK_DECLINE,1,0,RECLAIM,0.567342913929691,0.2976083674268285,0.567342913929691,0.6058782884763592,0.03853537454666811,0.6058782884763592,1,1,2012.1705933398482,1.5,0.25,2010.4205933398482,1163.7403094960923,1242.7845129230254,79.04420342693311,77.29420342693311,0.0385353745466681,0.567342913929691,INTERVENE,0.475,1369.1062464659913,1.5,0.25,1367.3562464659913,RECOVERED
T0011112,2129.3,INSUFFICIENT_FUNDS,1,0,RECLAIM,0.6000930848346632,0.2048281578457125,0.6000930848346632,0.633307093968507,0.03321400913384387,0.633307093968507,0,0,0.0,1.5,0.25,-1.75,1086.111474707681,1146.2256759090708,60.11420120138973,58.36420120138973,0.03321400913384385,0.6000930848346632,INTERVENE,0.475,1277.7782055384484,1.5,0.25,1276.0282055384484,NOT_RECOVERED
T0020380,1378.31,PAYMENT_TIMEOUT,1,0,RECLAIM,0.7368274201827734,0.2243360389411761,0.7368274201827734,0.7661335822287292,0.02930616204595582,0.7661335822287292,1,1,1217.966101506539,1.5,0.25,1216.216101506539,863.2401112853006,897.5741410634278,34.33402977812716,32.58402977812716,0.029306162045955857,0.7368274201827734,INTERVENE,0.475,1015.5766015121184,1.5,0.25,1013.8266015121184,RECOVERED
T0001779,1350.33,PAYMENT_TIMEOUT,1,0,RECLAIM,0.741219748997611,0.2400070639501992,0.741219748997611,0.7710773756604535,0.02985762666284253,0.7710773756604535,1,1,959.4807552069261,1.5,0.25,957.7307552069261,850.7575741143523,885.027575774243,34.27000165989068,32.52000165989068,0.029857626662842578,0.741219748997611,INTERVENE,0.475,1000.891263663944,1.5,0.25,999.141263663944,RECOVERED
T0044447,2152.95,BANK_DECLINE,1,0,RECLAIM,0.5923776861440536,0.2268816264856822,0.5923776861440536,0.6268541403208674,0.034476454176813776,0.6268541403208674,0,0,0.0,1.5,0.25,-1.75,1084.055608476264,1147.1477781932394,63.09216971697538,61.34216971697538,0.03447645417681382,0.5923776861440536,INTERVENE,0.475,1275.3595393838402,1.5,0.25,1273.6095393838402,NOT_RECOVERED
T0028736,1620.58,INSUFFICIENT_FUNDS,1,0,RECLAIM,0.6751673438568775,0.019354439420848,0.6751673438568775,0.6974074365958249,0.022240092738947448,0.6974074365958249,0,0,0.0,1.5,0.25,-1.75,930.0382899914417,960.6738620586926,30.635572067250905,28.885572067250905,0.022240092738947444,0.6751673438568775,INTERVENE,0.475,1094.1626941075783,1.5,0.25,1092.4126941075783,NOT_RECOVERED
T0021796,1638.01,INSUFFICIENT_FUNDS,0,1,CONTROL,0.6705614550939534,0.0049559252954594,0.6705614550939534,0.6923148208039607,0.0217533657100073,0.6705614550939534,1,1,1626.0866095931524,0.0,0.0,1626.0866095931524,933.6284136996795,963.9158096813312,30.287395981651684,28.537395981651684,0.0217533657100073,0.6705614550939534,INTERVENE,0.475,1098.3863690584465,1.5,0.25,1096.6363690584465,RECOVERED
T0024586,1414.13,INSUFFICIENT_FUNDS,0,1,CONTROL,0.7194261075903198,0.1638331109086279,0.7194261075903198,0.7466186838155469,0.027192576225227083,0.7194261075903198,1,1,1082.6738621983434,0.0,0.0,1082.6738621983434,864.7577352976941,897.4434974424674,32.68576214477332,30.93576214477332,0.02719257622522706,0.7194261075903198,INTERVENE,0.475,1017.3620415266988,1.5,0.25,1015.6120415266988,RECOVERED
T0025056,1518.16,INSUFFICIENT_FUNDS,1,0,RECLAIM,0.6942915705425042,0.0803271933749814,0.6942915705425042,0.7186060892753907,0.02431451873288648,0.7186060892753907,0,0,0.0,1.5,0.25,-1.75,895.938837124587,927.3151674201782,31.376330295591174,29.626330295591174,0.02431451873288652,0.6942915705425042,INTERVENE,0.475,1054.0456907348082,1.5,0.25,1052.2956907348082,NOT_RECOVERED
T0012549,1303.25,PAYMENT_TIMEOUT,1,0,RECLAIM,0.7457508488893555,0.2563557156396607,0.7457508488893555,0.7761855763820128,0.0304347274926573,0.7761855763820128,0,0,0.0,1.5,0.25,-1.75,826.1148247427947,859.8292745568795,33.71444981408479,31.964449814084787,0.03043472749265729,0.7457508488893555,INTERVENE,0.475,971.8997938150526,1.5,0.25,970.1497938150526,NOT_RECOVERED
T0023681,1900.6,BANK_DECLINE,0,1,CONTROL,0.6227414492176568,0.1392190164600033,0.6227414492176568,0.652210354235739,0.029468905018082192,0.6227414492176568,1,1,1887.5957507425683,0.0,0.0,1887.5957507425683,1006.0450386256168,1053.6523493713787,47.60731074576188,45.85731074576188,0.02946890501808216,0.6227414492176568,INTERVENE,0.475,1183.5823983830785,1.5,0.25,1181.8323983830785,RECOVERED
T0007500,1453.5,NETWORK_ERROR,0,1,CONTROL,0.7079811228384871,0.1252870842594444,0.7079811228384871,0.7338397023308151,0.02585857949232795,0.7079811228384871,1,1,1120.5149678489945,0.0,0.0,1120.5149678489945,874.6929777388798,906.6406062371636,31.947628498283848,30.197628498283848,0.02585857949232795,0.7079811228384871,INTERVENE,0.475,1029.0505620457411,1.5,0.25,1027.3005620457411,RECOVERED
T0041788,2130.1,BANK_DECLINE,0,1,CONTROL,0.5887816197892121,0.2371154094404907,0.5887816197892121,0.6238444565214117,0.035062836732199676,0.5887816197892121,0,0,0.0,0.0,0.0,0.0,1066.0391690660504,1129.5234153108202,63.48424624476979,61.73424624476979,0.03506283673219966,0.5887816197892121,INTERVENE,0.475,1254.1637283130003,1.5,0.25,1252.4137283130003,NOT_RECOVERED
T0037764,1501.11,NETWORK_ERROR,1,0,RECLAIM,0.6937398461265285,0.0785394380946216,0.6937398461265285,0.717993226226358,0.02425338009982947,0.717993226226358,0,0,0.0,1.5,0.25,-1.75,885.1728473561441,916.1187900475509,30.9459426914068,29.1959426914068,0.024253380099829476,0.6937398461265285,INTERVENE,0.475,1041.3798204189932,1.5,0.25,1039.6298204189932,NOT_RECOVERED
T0032053,1662.26,BANK_DECLINE,1,0,RECLAIM,0.6563231971765964,0.038927142947052,0.6563231971765964,0.6801036067080328,0.023780409531436453,0.6801036067080328,0,0,0.0,1.5,0.25,-1.75,927.3328280779538,960.9326680935205,33.59984001556677,31.84984001556677,0.023780409531436467,0.6563231971765964,INTERVENE,0.475,1090.979797738769,1.5,0.25,1089.229797738769,NOT_RECOVERED
T0041502,1949.37,NETWORK_ERROR,1,0,RECLAIM,0.6083346016237278,0.1811132067793421,0.6083346016237278,0.6401929848719676,0.03185838324823986,0.6401929848719676,1,1,1478.66980255745,1.5,0.25,1476.91980255745,1007.9888390121591,1060.7770490818873,52.788210069728166,51.038210069728166,0.03185838324823992,0.6083346016237278,INTERVENE,0.475,1185.869222367246,1.5,0.25,1184.119222367246,RECOVERED
T0022341,1736.04,LIMIT_EXCEEDED,1,0,RECLAIM,0.6420415359180561,0.0820820213889927,0.6420415359180561,0.6682637731234289,0.026222237205372756,0.6682637731234289,1,1,1511.345930254282,1.5,0.25,1509.595930254282,947.4183198129049,986.1127445892179,38.694424776312985,36.944424776312985,0.026222237205372704,0.6420415359180561,INTERVENE,0.475,1114.6097880151822,1.5,0.25,1112.8597880151822,RECOVERED
T0042581,1724.42,INSUFFICIENT_FUNDS,0,1,CONTROL,0.6430906225155439,0.0789389646420357,0.6430906225155439,0.6691347041363915,0.026044081620847592,0.6430906225155439,0,0,0.0,0.0,0.0,0.0,942.6145815865162,980.7888765308448,38.17429494432861,36.42429494432861,0.026044081620847565,0.6430906225155439,INTERVENE,0.475,1108.9583312782545,1.5,0.25,1107.2083312782545,NOT_RECOVERED
T0035407,1593.55,INSUFFICIENT_FUNDS,1,0,RECLAIM,0.6665830677489697,0.0073986544684683,0.6665830677489697,0.6885855998288368,0.022002532079867132,0.6885855998288368,0,0,0.0,1.5,0.25,-1.75,902.898430469665,932.7012452161564,29.802814746491435,28.052814746491435,0.022002532079867135,0.6665830677489697,INTERVENE,0.475,1062.2334476113706,1.5,0.25,1060.4834476113706,NOT_RECOVERED
T0013432,1806.14,LIMIT_EXCEEDED,1,0,RECLAIM,0.6274858265471794,0.1252881149838828,0.6274858265471794,0.6561617877923028,0.028675961245123394,0.6561617877923028,0,0,0.0,1.5,0.25,-1.75,963.3281631459344,1007.3520436927114,44.023880546777036,42.273880546777036,0.028675961245123446,0.6274858265471794,INTERVENE,0.475,1133.327250759923,1.5,0.25,1131.577250759923,NOT_RECOVERED
T0015759,2677.85,BANK_DECLINE,1,0,RECLAIM,0.5255948155578827,0.4135880655253382,0.5255948155578827,0.570810459961997,0.0452156444041143,0.570810459961997,1,1,2036.6660659167826,1.5,0.25,2034.9160659167826,1196.3444653154245,1299.2630716778483,102.91860636242382,101.16860636242382,0.04521564440411434,0.5255948155578827,INTERVENE,0.475,1407.4640768416762,1.5,0.25,1405.7140768416762,RECOVERED
T0027356,1340.14,NETWORK_ERROR,0,1,CONTROL,0.7215345029698975,0.1710371043417005,0.7215345029698975,0.7489774650613277,0.027442962091430156,0.7215345029698975,1,1,1259.966240022956,0.0,0.0,1259.966240022956,821.9136614885668,853.1744610231947,31.260799534627836,29.510799534627836,0.027442962091430108,0.7215345029698975,INTERVENE,0.475,966.9572488100786,1.5,0.25,965.2072488100786,RECOVERED
T0002729,2156.79,BANK_DECLINE,1,0,RECLAIM,0.5761354839875666,0.27289817423448,0.5761354839875666,0.6132511598885534,0.037115675900986744,0.6132511598885534,0,0,0.0,1.5,0.25,-1.75,1056.2127629331121,1124.255873765628,68.04311083251582,66.29311083251582,0.037115675900986765,0.5761354839875666,INTERVENE,0.475,1242.6032505095438,1.5,0.25,1240.8532505095438,NOT_RECOVERED
T0024417,2294.54,BANK_DECLINE,0,1,CONTROL,0.5594575733500748,0.3196672694772858,0.5594575733500748,0.5992615854093001,0.039804012059225236,0.5594575733500748,1,1,2201.0169560167624,0.0,0.0,2201.0169560167624,1091.1431133014785,1168.775226457297,77.63211315581862,75.88211315581862,0.03980401205922524,0.5594575733500748,INTERVENE,0.475,1283.6977803546806,1.5,0.25,1281.9477803546806,RECOVERED
T0010221,1680.46,BANK_DECLINE,1,0,RECLAIM,0.6450488236126232,0.0730611686705575,0.6450488236126232,0.6707598673763564,0.025711043763733232,0.6707598673763564,0,0,0.0,1.5,0.25,-1.75,921.3819342088585,958.1073577215811,36.725423512722614,34.975423512722614,0.02571104376373328,0.6450488236126232,INTERVENE,0.475,1083.978746128069,1.5,0.25,1082.228746128069,NOT_RECOVERED
T0017889,1445.13,NETWORK_ERROR,0,1,CONTROL,0.6902754106438608,0.0673543529741678,0.6902754106438608,0.7141467171551632,0.023871306511302426,0.6902754106438608,1,1,1162.4195544207373,0.0,0.0,1162.4195544207373,847.9070485561981,877.2296185580749,29.322570001876784,27.572570001876784,0.023871306511302422,0.6902754106438608,INTERVENE,0.475,997.5377041837626,1.5,0.25,995.7877041837626,RECOVERED
T0027843,1270.66,PAYMENT_TIMEOUT,1,0,RECLAIM,0.7318122848495447,0.2066470743978796,0.7318122848495447,0.7604979732277153,0.028685688378170537,0.7604979732277153,1,1,923.9905559555924,1.5,0.25,922.2405559555924,790.4019081868843,821.3842014622995,30.98229327541526,29.23229327541526,0.02868568837817052,0.7318122848495447,INTERVENE,0.475,929.8845978669226,1.5,0.25,928.1345978669226,RECOVERED
T0030090,1519.27,INSUFFICIENT_FUNDS,0,1,CONTROL,0.6699540509584279,0.0030648204538989,0.6699540509584279,0.6916435760953084,0.021689525136880494,0.6699540509584279,0,0,0.0,0.0,0.0,0.0,865.1649273496691,893.1743354761712,28.00940812650208,26.25940812650208,0.021689525136880473,0.6699540509584279,INTERVENE,0.475,1017.8410909996106,1.5,0.25,1016.0910909996106,NOT_RECOVERED
T0008515,1970.38,BANK_DECLINE,0,1,CONTROL,0.5923579580126939,0.2269378451135757,0.5923579580126939,0.6268376325123605,0.0344796744996666,0.5923579580126939,1,1,1638.0802792529068,0.0,0.0,1638.0802792529068,992.0947323126941,1049.842084197249,57.74735188455497,55.99735188455497,0.03447967449966663,0.5923579580126939,INTERVENE,0.475,1167.1702733090517,1.5,0.25,1165.4202733090517,RECOVERED
T0045197,1154.57,PAYMENT_TIMEOUT,0,1,CONTROL,0.7622910733603079,0.3177378274667091,0.7622910733603079,0.794909088028699,0.03261801466839109,0.7622910733603079,1,1,1135.7598558760947,0.0,0.0,1135.7598558760947,748.100643884169,780.1114579005007,32.010814016331665,30.260814016331665,0.03261801466839113,0.7622910733603079,INTERVENE,0.475,880.1184045696107,1.5,0.25,878.3684045696107,RECOVERED
T0011091,1931.07,LIMIT_EXCEEDED,0,1,CONTROL,0.5969717795578775,0.2137664388744516,0.5969717795578775,0.6306972570227021,0.03372547746482457,0.5969717795578775,0,0,0.0,0.0,0.0,0.0,979.8751501982059,1035.2324693010048,55.3573191027989,53.6073191027989,0.03372547746482461,0.5969717795578775,INTERVENE,0.475,1152.7942943508306,1.5,0.25,1151.0442943508306,NOT_RECOVERED
T0004938,1409.4,INSUFFICIENT_FUNDS,0,1,CONTROL,0.6927494143474795,0.075334642226529,0.6927494143474795,0.7168932437455116,0.024143829398032057,0.6927494143474795,1,1,1312.4783302019919,0.0,0.0,1312.4783302019919,829.906870894137,858.8309370746854,28.92406618054838,27.17406618054838,0.024143829398032023,0.6927494143474795,INTERVENE,0.475,976.3610245813376,1.5,0.25,974.6110245813376,RECOVERED
T0018803,1769.54,BANK_DECLINE,0,1,CONTROL,0.6207227817328252,0.1451253369647583,0.6207227817328252,0.6505281245355905,0.029805342802765256,0.6207227817328252,1,1,1525.5965377591513,0.0,0.0,1525.5965377591513,933.634722509378,978.4652068671024,44.83048435772446,43.08048435772446,0.029805342802765245,0.6207227817328252,INTERVENE,0.475,1098.3937911875037,1.5,0.25,1096.6437911875037,RECOVERED
T0005609,1364.02,NETWORK_ERROR,0,1,CONTROL,0.7029441608411493,0.1086062991967198,0.7029441608411493,0.7282283986755614,0.025284237834412138,0.7029441608411493,1,1,1029.6204457129782,0.0,0.0,1029.6204457129782,815.0054101299628,844.3203853072233,29.31497517726052,27.56497517726052,0.025284237834412162,0.7029441608411493,INTERVENE,0.475,958.8298942705444,1.5,0.25,957.0798942705444,RECOVERED
T0007277,1643.87,BANK_DECLINE,1,0,RECLAIM,0.6411241486040815,0.0848271682619318,0.6411241486040815,0.6675020259747256,0.02637787737064412,0.6675020259747256,0,0,0.0,1.5,0.25,-1.75,895.8360410409226,932.6935721232113,36.85753108228869,35.10753108228869,0.026377877370644075,0.6411241486040815,INTERVENE,0.475,1053.9247541657917,1.5,0.25,1052.1747541657917,NOT_RECOVERED
T0045773,1550.87,LIMIT_EXCEEDED,0,1,CONTROL,0.6589473799320515,0.0309071169055765,0.6589473799320515,0.6822750418951807,0.023327661963129187,0.6589473799320515,1,1,1389.5137096176015,0.0,0.0,1389.5137096176015,868.6504646479376,899.401910090382,30.75144544244438,29.00144544244438,0.023327661963129142,0.6589473799320515,INTERVENE,0.475,1021.9417231152208,1.5,0.25,1020.1917231152208,RECOVERED
T0027893,1701.9,BANK_DECLINE,0,1,CONTROL,0.629344346121741,0.1198114350669866,0.629344346121741,0.6577088085854944,0.02836446246375346,0.629344346121741,1,1,1534.868757724266,0.0,0.0,1534.868757724266,910.4189712649023,951.451428131905,41.03245686700268,39.28245686700268,0.028364462463753463,0.629344346121741,INTERVENE,0.475,1071.081142664591,1.5,0.25,1069.331142664591,RECOVERED
T0013964,1216.47,NETWORK_ERROR,0,1,CONTROL,0.7386995559559517,0.2309946347844571,0.7386995559559517,0.768239830062794,0.029540274106842235,0.7386995559559517,1,1,1010.1906567602401,0.0,0.0,1010.1906567602401,763.814971508676,794.3596001650138,30.544628656337864,28.794628656337864,0.02954027410684226,0.7386995559559517,INTERVENE,0.475,898.6058488337366,1.5,0.25,896.8558488337366,RECOVERED
T0022061,1842.33,PAYMENT_TIMEOUT,1,0,RECLAIM,0.6051329989050224,0.1903461186446231,0.6051329989050224,0.6375189192823546,0.032385920377332233,0.6375189192823546,1,1,1416.0031959457478,1.5,0.25,1414.2531959457478,947.6264761917863,998.3421959772412,50.715719785454894,48.965719785454894,0.03238592037733226,0.6051329989050224,INTERVENE,0.475,1114.8546778726898,1.5,0.25,1113.1046778726898,RECOVERED
T0044352,1272.63,INSUFFICIENT_FUNDS,1,0,RECLAIM,0.7179620920625561,0.1588502620042435,0.7179620920625561,0.7449816806305576,0.027019588568001462,0.7449816806305576,1,1,1166.4570674433653,1.5,0.25,1164.7070674433653,776.6450826383352,805.8731307877365,29.228048149401275,27.478048149401275,0.02701958856800149,0.7179620920625561,INTERVENE,0.475,913.7000972215708,1.5,0.25,911.9500972215708,RECOVERED
T0008251,1354.17,INSUFFICIENT_FUNDS,0,1,CONTROL,0.6957571230564731,0.0850848274447357,0.6957571230564731,0.7202344409845096,0.024477317928036535,0.6957571230564731,1,1,1016.523842028207,0.0,0.0,1016.523842028207,800.8474098299765,829.0218920057944,28.174482175817843,26.424482175817843,0.024477317928036542,0.6957571230564731,INTERVENE,0.475,942.173423329384,1.5,0.25,940.423423329384,RECOVERED
T0009157,1427.3,NETWORK_ERROR,1,0,RECLAIM,0.6783493350581835,0.0293635357836052,0.6783493350581835,0.7009284674414094,0.02257913238322584,0.7009284674414094,1,1,1400.1825953597286,1.5,0.25,1398.4325953597286,822.9768050392635,850.369921342255,27.39311630299153,25.64311630299153,0.02257913238322581,0.6783493350581835,INTERVENE,0.475,968.2080059285452,1.5,0.25,966.4580059285452,RECOVERED
T0007755,1417.61,PAYMENT_TIMEOUT,1,0,RECLAIM,0.680098574957292,0.0348879911511603,0.680098574957292,0.7028650844355889,0.022766509478296948,0.7028650844355889,1,1,1072.23919780337,1.5,0.25,1070.48919780337,819.4973597184256,846.9302864947249,27.43292677629927,25.68292677629927,0.022766509478296993,0.680098574957292,INTERVENE,0.475,964.1145408452066,1.5,0.25,962.3645408452066,RECOVERED
T0025270,1411.02,INSUFFICIENT_FUNDS,1,0,RECLAIM,0.6788375419332167,0.0309037948299457,0.6788375419332167,0.7014688987329016,0.022631356799684976,0.7014688987329016,0,0,0.0,1.5,0.25,-1.75,814.1753461558162,841.318648666584,27.14330251076774,25.39330251076774,0.02263135679968497,0.6788375419332167,INTERVENE,0.475,957.8533484186072,1.5,0.25,956.1033484186072,NOT_RECOVERED
T0005343,1729.87,BANK_DECLINE,1,0,RECLAIM,0.6128453004277777,0.1680591660027426,0.6128453004277777,0.6439583773829289,0.031113076955151198,0.6439583773829289,1,1,1469.1687492672393,1.5,0.25,1467.4187492672393,901.1212948733497,946.8696365408961,45.748341667546356,43.998341667546356,0.0311130769551512,0.6128453004277777,INTERVENE,0.475,1060.142699851,1.5,0.25,1058.392699851,RECOVERED
T0021145,1308.32,INSUFFICIENT_FUNDS,1,0,RECLAIM,0.6993592989898358,0.0968338232616283,0.6993592989898358,0.7242392455719648,0.024879946582128998,0.7242392455719648,1,1,1119.7451390596625,1.5,0.25,1117.9951390596625,777.7378943462246,805.406186301706,27.668291955481436,25.918291955481436,0.024879946582129022,0.6993592989898358,INTERVENE,0.475,914.985758054382,1.5,0.25,913.235758054382,RECOVERED
T0006204,1155.21,NETWORK_ERROR,1,0,RECLAIM,0.7402748592374364,0.2366214115915383,0.7402748592374364,0.7700132026857454,0.029738343448308946,0.7700132026857454,1,1,984.7678611242928,1.5,0.25,983.0178611242928,726.8969821187271,756.09790909341,29.20092697468283,27.45092697468283,0.029738343448308953,0.7402748592374364,INTERVENE,0.475,855.1729201396789,1.5,0.25,853.4229201396789,RECOVERED
T0003123,1156.41,PAYMENT_TIMEOUT,1,0,RECLAIM,0.7396125679672741,0.2342531079674183,0.7396125679672741,0.7692675179469534,0.029654949979679213,0.7692675179469534,0,0,0.0,1.5,0.25,-1.75,727.0010642645802,756.1503528646809,29.149288600100704,27.399288600100704,0.029654949979679227,0.7396125679672741,INTERVENE,0.475,855.2953697230356,1.5,0.25,853.5453697230356,NOT_RECOVERED
T0040524,1266.75,INSUFFICIENT_FUNDS,1,0,RECLAIM,0.7083905773526812,0.1266504310335445,0.7083905773526812,0.7342961765418469,0.025905599189165684,0.7342961765418469,1,1,1264.779529647572,1.5,0.25,1263.029529647572,762.7506992822825,790.6442293892268,27.89353010694424,26.14353010694424,0.02590559918916566,0.7083905773526812,INTERVENE,0.475,897.3537638615089,1.5,0.25,895.6037638615089,RECOVERED
T0034040,1492.29,LIMIT_EXCEEDED,1,0,RECLAIM,0.6546985245219147,0.0438778275385409,0.6546985245219147,0.678758578402882,0.024060053880967325,0.678758578402882,1,1,1262.3045086446548,1.5,0.25,1260.5545086446548,830.4500519849869,860.9689431201112,30.518891135124363,28.768891135124363,0.024060053880967325,0.6546985245219147,INTERVENE,0.475,977.000061158808,1.5,0.25,975.250061158808,RECOVERED
T0038703,1318.42,NETWORK_ERROR,0,1,CONTROL,0.694864448981582,0.0821854061874194,0.694864448981582,0.7192425365456605,0.024378087564078554,0.694864448981582,1,1,1111.9342992937025,0.0,0.0,1111.9342992937025,778.7047088023527,806.0241832776502,27.31947447529751,25.56947447529751,0.02437808756407851,0.694864448981582,INTERVENE,0.475,916.1231868262972,1.5,0.25,914.3731868262972,RECOVERED
T0019587,1216.68,NETWORK_ERROR,1,0,RECLAIM,0.7215372030005034,0.1710463512317517,0.7215372030005034,0.7489804867009145,0.02744328370041116,0.7489804867009145,1,1,1005.6222999550657,1.5,0.25,1003.8722999550657,746.1979015246546,774.5791417753785,28.381240250723863,26.631240250723863,0.027443283700411204,0.7215372030005034,INTERVENE,0.475,877.8798841466526,1.5,0.25,876.1298841466526,RECOVERED
T0031676,1096.94,PAYMENT_TIMEOUT,0,1,CONTROL,0.7555445278278963,0.2923632989364217,0.7555445278278963,0.7872568178060588,0.031712289978162556,0.7555445278278963,1,1,789.8491530086668,0.0,0.0,789.8491530086668,704.4689622022026,734.0374696655515,29.56850746334885,27.81850746334885,0.031712289978162604,0.7555445278278963,INTERVENE,0.475,828.7870143555326,1.5,0.25,827.0370143555326,RECOVERED
T0018040,1275.45,INSUFFICIENT_FUNDS,0,1,CONTROL,0.7031309776594507,0.109222028961573,0.7031309776594507,0.7284363847446407,0.025305407085190024,0.7031309776594507,1,1,1119.7009605599335,0.0,0.0,1119.7009605599335,762.2871446373844,789.7215588841691,27.43441424678474,25.68441424678474,0.025305407085190013,0.7031309776594507,INTERVENE,0.475,896.8084054557463,1.5,0.25,895.0584054557463,RECOVERED
T0038915,1699.39,LIMIT_EXCEEDED,1,0,RECLAIM,0.6094756152112455,0.1778162481185655,0.6094756152112455,0.6411456998441873,0.03167008463294185,0.6411456998441873,1,1,1305.7948457315063,1.5,0.25,1304.0448457315063,880.3762508737627,926.1231022294816,45.74685135571883,43.99685135571883,0.03167008463294185,0.6094756152112455,INTERVENE,0.475,1035.7367657338386,1.5,0.25,1033.9867657338386,RECOVERED
T0004943,1381.58,INSUFFICIENT_FUNDS,1,0,RECLAIM,0.6717505723738126,0.0086632947235791,0.6717505723738126,0.6936291506032902,0.021878578229477585,0.6936291506032902,1,1,1231.3783444714552,1.5,0.25,1229.6283444714552,788.8655824131802,814.5585376069196,25.692955193739408,23.942955193739408,0.021878578229477617,0.6717505723738126,INTERVENE,0.475,928.077155780212,1.5,0.25,926.327155780212,RECOVERED
T0013482,1069.44,PAYMENT_TIMEOUT,0,1,CONTROL,0.7573450852293984,0.2990882338637,0.7573450852293984,0.7892969777702359,0.03195189254083752,0.7573450852293984,0,0,0.0,0.0,0.0,0.0,688.4448587555686,717.4898959206109,29.045037165042345,27.295037165042345,0.03195189254083756,0.7573450852293984,INTERVENE,0.475,809.9351279477278,1.5,0.25,808.1851279477278,NOT_RECOVERED
T0006027,1558.3,BANK_DECLINE,0,1,CONTROL,0.6326690932083349,0.109985755280214,0.6326690932083349,0.6604750339336528,0.027805940725317946,0.6326690932083349,0,0,0.0,0.0,0.0,0.0,838.0050107545659,874.8355085719894,36.83049781742352,35.08049781742352,0.02780594072531791,0.6326690932083349,INTERVENE,0.475,985.8882479465482,1.5,0.25,984.1382479465482,NOT_RECOVERED
T0009778,1261.28,INSUFFICIENT_FUNDS,0,1,CONTROL,0.7000319814708467,0.0990367175580686,0.7000319814708467,0.7249875144094802,0.024955532938633507,0.7000319814708467,1,1,1060.360017817131,0.0,0.0,1060.360017817131,750.4958869511171,777.2504143482307,26.754527397113634,25.004527397113634,0.024955532938633455,0.7000319814708467,INTERVENE,0.475,882.9363375895495,1.5,0.25,881.1863375895495,RECOVERED
T0042807,1080.42,NETWORK_ERROR,0,1,CONTROL,0.7518129935499804,0.2785320949808576,0.7518129935499804,0.7830334830498697,0.031220489499889315,0.7518129935499804,1,1,1046.9557315722068,0.0,0.0,1046.9557315722068,690.4327253175794,719.1042803932293,28.67155507564985,26.92155507564985,0.031220489499889273,0.7518129935499804,INTERVENE,0.475,812.2737944912699,1.5,0.25,810.5237944912699,RECOVERED
T0045755,1041.16,PAYMENT_TIMEOUT,0,1,CONTROL,0.7637562200470006,0.3233134503824393,0.7637562200470006,0.7965738576125654,0.03281763756556477,0.7637562200470006,1,1,877.3525813369608,0.0,0.0,877.3525813369608,675.9135621545149,704.9567119531138,29.043149798598847,27.293149798598847,0.032817637565564745,0.7637562200470006,INTERVENE,0.475,795.1924260641352,1.5,0.25,793.4424260641352,RECOVERED
T0023062,1156.07,NETWORK_ERROR,0,1,CONTROL,0.7274484281822462,0.191425096288021,0.7274484281822462,0.7556018625288285,0.02815343434658235,0.7274484281822462,1,1,830.17299482873,0.0,0.0,830.17299482873,714.8341087133518,742.4993484316473,27.665239718295425,25.915239718295425,0.028153434346582327,0.7274484281822462,INTERVENE,0.475,840.9813043686493,1.5,0.25,839.2313043686493,RECOVERED
T0011105,1332.24,INSUFFICIENT_FUNDS,1,0,RECLAIM,0.6783096727854784,0.0292384580883933,0.6783096727854784,0.7008845648519644,0.022574892066485996,0.7008845648519644,0,0,0.0,1.5,0.25,-1.75,768.1205867009669,793.6844847766239,25.563898075656994,23.813898075656994,0.022574892066485955,0.6783096727854784,INTERVENE,0.475,903.6712784717256,1.5,0.25,901.9212784717256,NOT_RECOVERED
T0023790,999.41,PAYMENT_TIMEOUT,0,1,CONTROL,0.7736403374344734,0.3615703284684839,0.7736403374344734,0.8078335904053485,0.034193252970875165,0.7736403374344734,0,0,0.0,0.0,0.0,0.0,657.2063061900789,686.253423298958,29.047117108879092,27.297117108879092,0.034193252970875214,0.7736403374344734,INTERVENE,0.475,773.183889635387,1.5,0.25,771.433889635387,NOT_RECOVERED
T0005712,1056.42,PAYMENT_TIMEOUT,1,0,RECLAIM,0.7524343652765603,0.2808255042936969,0.7524343652765603,0.783736310185097,0.03130194490853677,0.783736310185097,0,0,0.0,1.5,0.25,-1.75,675.6537053406443,703.7615058848792,28.10780054423492,26.35780054423492,0.031301944908536744,0.7524343652765603,INTERVENE,0.475,794.8867121654639,1.5,0.25,793.1367121654639,NOT_RECOVERED
T0035884,1130.98,PAYMENT_TIMEOUT,0,1,CONTROL,0.7287156120735515,0.1958293894917431,0.7287156120735515,0.7570228881781057,0.02830727610455419,0.7287156120735515,0,0,0.0,0.0,0.0,0.0,700.5383655015034,727.7510841609229,27.212718659419465,25.462718659419465,0.028307276104554142,0.7287156120735515,INTERVENE,0.475,824.1627829429453,1.5,0.25,822.4127829429453,NOT_RECOVERED
T0008039,1126.75,INSUFFICIENT_FUNDS,0,1,CONTROL,0.7274724489877038,0.1915084649521468,0.7274724489877038,0.7556287941959807,0.028156345208276923,0.7274724489877038,0,0,0.0,0.0,0.0,0.0,696.7276446123609,723.694032281273,26.966387668912148,25.216387668912148,0.028156345208276975,0.7274724489877038,INTERVENE,0.475,819.6795818968952,1.5,0.25,817.9295818968952,NOT_RECOVERED
T0014749,1494.04,BANK_DECLINE,1,0,RECLAIM,0.6328221754992012,0.1095324580741318,0.6328221754992012,0.660602359970065,0.027780184470863833,0.660602359970065,0,0,0.0,1.5,0.25,-1.75,803.6423966204026,838.9213974062245,35.27900078582195,33.52900078582195,0.02778018447086389,0.6328221754992012,INTERVENE,0.475,945.4616430828264,1.5,0.25,943.7116430828264,NOT_RECOVERED
T0028245,1069.29,NETWORK_ERROR,0,1,CONTROL,0.7415478334793647,0.2411845102669558,0.7415478334793647,0.7714469622696,0.029899128790235263,0.7415478334793647,1,1,950.9405902225441,0.0,0.0,950.9405902225441,673.9902304319774,701.1654439424714,27.175213510494018,25.425213510494018,0.029899128790235253,0.7415478334793647,INTERVENE,0.475,792.9296828611499,1.5,0.25,791.1796828611499,RECOVERED
T0008724,1121.91,NETWORK_ERROR,1,0,RECLAIM,0.7243226473722473,0.1806153316871388,0.7243226473722473,0.7520990446401399,0.027776397267892605,0.7520990446401399,1,1,902.3545582976245,1.5,0.25,900.6045582976245,690.7310981163882,717.2193232963865,26.488225179998267,24.738225179998267,0.02777639726789259,0.7243226473722473,INTERVENE,0.475,812.624821313398,1.5,0.25,810.874821313398,RECOVERED
T0022596,1042.99,PAYMENT_TIMEOUT,0,1,CONTROL,0.748859850488999,0.2676845510724788,0.748859850488999,0.7796955605201455,0.0308357100311466,0.748859850488999,1,1,937.3965224884008,0.0,0.0,937.3965224884008,663.8953351422928,691.2324717668705,27.337136624577738,25.587136624577738,0.03083571003114658,0.748859850488999,INTERVENE,0.475,781.053335461521,1.5,0.25,779.303335461521,RECOVERED
T0012101,1542.26,BANK_DECLINE,1,0,RECLAIM,0.6213320625751488,0.1433439706320595,0.6213320625751488,0.6510359190634614,0.02970385648831253,0.6510359190634614,1,1,1390.4341522795794,1.5,0.25,1388.6841522795794,814.5172488030768,853.4566580545919,38.939409251515144,37.189409251515144,0.029703856488312474,0.6213320625751488,INTERVENE,0.475,958.255586827149,1.5,0.25,956.505586827149,RECOVERED
T0015765,1432.74,NETWORK_ERROR,0,1,CONTROL,0.6433965259445968,0.0780217070525501,0.6433965259445968,0.6693886243539007,0.025992098409303832,0.6433965259445968,1,1,1415.7994093985226,0.0,0.0,1415.7994093985226,783.5469477945824,815.2008790082865,31.65393121370414,29.90393121370414,0.025992098409303863,0.6433965259445968,INTERVENE,0.475,921.8199385818616,1.5,0.25,920.0699385818616,RECOVERED
T0031689,1222.29,INSUFFICIENT_FUNDS,1,0,RECLAIM,0.6935748784415706,0.0780052420729247,0.6935748784415706,0.7178099935893972,0.024235115147826614,0.7178099935893972,0,0,0.0,1.5,0.25,-1.75,720.5871924447953,745.7661805047267,25.178988059931385,23.428988059931385,0.02423511514782664,0.6935748784415706,INTERVENE,0.475,847.7496381703473,1.5,0.25,845.9996381703473,NOT_RECOVERED
T0019297,1224.52,INSUFFICIENT_FUNDS,0,1,CONTROL,0.69121079895956,0.0703674314932749,0.69121079895956,0.7151849554131727,0.023974156453612783,0.69121079895956,1,1,1013.3203377869212,0.0,0.0,1013.3203377869212,719.4412304106662,744.3945393621574,24.95330895149118,23.20330895149118,0.02397415645361277,0.69121079895956,INTERVENE,0.475,846.4014475419604,1.5,0.25,844.6514475419604,RECOVERED
T0017328,1149.3,NETWORK_ERROR,0,1,CONTROL,0.7122579449309991,0.1395836247502972,0.7122579449309991,0.7386101799721776,0.02635223504117845,0.7122579449309991,1,1,1084.521875787686,0.0,0.0,1084.521875787686,695.8083476928177,721.5519778657201,25.743630172902385,23.993630172902385,0.02635223504117841,0.7122579449309991,INTERVENE,0.475,818.5980561091973,1.5,0.25,816.8480561091973,RECOVERED
T0023298,1053.26,PAYMENT_TIMEOUT,0,1,CONTROL,0.7416988258120816,0.2417267263969968,0.7416988258120816,0.7716170695965235,0.029918243784441967,0.7416988258120816,1,1,897.091764687782,0.0,0.0,897.091764687782,664.0214494836081,690.8063855147492,26.784936031141115,25.034936031141115,0.029918243784442005,0.7416988258120816,INTERVENE,0.475,781.201705274833,1.5,0.25,779.451705274833,RECOVERED
T0027976,1094.02,PAYMENT_TIMEOUT,0,1,CONTROL,0.726167969390602,0.1869876516805366,0.726167969390602,0.7541665347875551,0.027998565396953112,0.726167969390602,1,1,1007.5617085991423,0.0,0.0,1007.5617085991423,675.2759395918004,701.3122815300388,26.03634193823848,24.28634193823848,0.02799856539695307,0.726167969390602,INTERVENE,0.475,794.4422818727064,1.5,0.25,792.6922818727064,RECOVERED
T0015778,1788.51,LIMIT_EXCEEDED,0,1,CONTROL,0.5755215287165556,0.2746278167953185,0.5755215287165556,0.6127365269672654,0.03721499825070984,0.5755215287165556,1,1,1498.6154922809683,0.0,0.0,1498.6154922809683,874.9271079261199,931.5025949692904,56.57548704317048,54.82548704317048,0.03721499825070988,0.5755215287165556,INTERVENE,0.475,1029.3260093248468,1.5,0.25,1027.5760093248468,RECOVERED
T0026255,1162.47,INSUFFICIENT_FUNDS,0,1,CONTROL,0.702598485553503,0.1074675768608781,0.702598485553503,0.7278435795178699,0.025245093964366916,0.702598485553503,0,0,0.0,0.0,0.0,0.0,694.2372122761735,719.1818769998175,24.944664723643996,23.194664723643996,0.02524509396436691,0.702598485553503,INTERVENE,0.475,816.7496615013806,1.5,0.25,814.9996615013806,NOT_RECOVERED
T0002418,1210.33,INSUFFICIENT_FUNDS,1,0,RECLAIM,0.6877359130037921,0.059199266600322,0.6877359130037921,0.7113291230456739,0.02359321004188175,0.7113291230456739,1,1,1117.8137701099422,1.5,0.25,1116.0637701099422,707.5292964479977,731.8015308714897,24.272234423492023,22.522234423492023,0.023593210041881762,0.6877359130037921,INTERVENE,0.475,832.3874075858796,1.5,0.25,830.6374075858796,RECOVERED
T0010150,1710.16,BANK_DECLINE,0,1,CONTROL,0.5828443809302071,0.2539533572170596,0.5828443809302071,0.6188727286724175,0.03602834774221042,0.5828443809302071,0,0,0.0,0.0,0.0,0.0,847.2435745178625,899.6156778164583,52.37210329859579,50.62210329859579,0.036028347742210434,0.5828443809302071,INTERVENE,0.475,996.757146491603,1.5,0.25,995.007146491603,NOT_RECOVERED
T0024454,1283.41,INSUFFICIENT_FUNDS,1,0,RECLAIM,0.6663819392127421,0.008021270841224,0.6663819392127421,0.6884195285281512,0.022037589315409112,0.6884195285281512,1,1,974.8462778838148,1.5,0.25,973.0962778838148,726.9550579142716,750.9958310420674,24.040773127795774,22.290773127795774,0.02203758931540911,0.6663819392127421,INTERVENE,0.475,855.2412446050255,1.5,0.25,853.4912446050255,RECOVERED
T0031150,1307.58,BANK_DECLINE,0,1,CONTROL,0.6599239639222501,0.0279149043570948,0.6599239639222501,0.6830827958810406,0.023158831958790538,0.6599239639222501,1,1,1161.1931432966926,0.0,0.0,1161.1931432966926,733.4678702336373,759.2075919024114,25.73972166877411,23.98972166877411,0.023158831958790517,0.6599239639222501,INTERVENE,0.475,862.9033767454557,1.5,0.25,861.1533767454557,RECOVERED
T0017469,1455.3,BANK_DECLINE,1,0,RECLAIM,0.6250699982969575,0.1323905219185546,0.6250699982969575,0.654150121842899,0.029080123545941472,0.654150121842899,1,1,1344.9605220658557,1.5,0.25,1343.2105220658557,773.2147132433279,809.1869714702752,35.97225822694736,34.22225822694736,0.029080123545941448,0.6250699982969575,INTERVENE,0.475,909.6643685215622,1.5,0.25,907.9143685215622,RECOVERED
T0007945,1623.52,BANK_DECLINE,0,1,CONTROL,0.5932873513422581,0.2242884574488804,0.5932873513422581,0.6276152746304786,0.03432792328822054,0.5932873513422581,0,0,0.0,0.0,0.0,0.0,818.7317985535054,866.1040580678634,47.37225951435801,45.62225951435801,0.03432792328822059,0.5932873513422581,INTERVENE,0.475,963.2138806511828,1.5,0.25,961.4638806511828,NOT_RECOVERED
T0038114,1357.13,LIMIT_EXCEEDED,0,1,CONTROL,0.6434259368200693,0.0779334994813653,0.6434259368200693,0.6694130365080283,0.02598709968795898,0.6434259368200693,0,0,0.0,0.0,0.0,0.0,742.2307453911276,772.2084371007194,29.977691709591795,28.227691709591795,0.02598709968795901,0.6434259368200693,INTERVENE,0.475,873.2126416366208,1.5,0.25,871.4626416366208,NOT_RECOVERED
T0044954,988.27,PAYMENT_TIMEOUT,1,0,RECLAIM,0.7466056963299265,0.259461503219986,0.7466056963299265,0.7771502646032784,0.030544568273351946,0.7771502646032784,1,1,724.6166389141509,1.5,0.25,722.8666389141509,627.1708097851799,652.8291481995597,25.658338414379728,23.908338414379728,0.030544568273351943,0.7466056963299265,INTERVENE,0.475,737.8480115119764,1.5,0.25,736.0980115119764,RECOVERED
T0030471,1148.73,INSUFFICIENT_FUNDS,0,1,CONTROL,0.6932515142246036,0.0769585940939228,0.6932515142246036,0.717450847960969,0.024199333736365403,0.6932515142246036,0,0,0.0,0.0,0.0,0.0,676.9049901449446,700.5337156914733,23.6287255465287,21.8787255465287,0.024199333736365403,0.6932515142246036,INTERVENE,0.475,796.3588119352289,1.5,0.25,794.6088119352289,NOT_RECOVERED
T0020946,1153.86,INSUFFICIENT_FUNDS,0,1,CONTROL,0.6886766902603916,0.0622161275140167,0.6886766902603916,0.7123727318394086,0.023696041579017058,0.6886766902603916,1,1,861.1567873035686,0.0,0.0,861.1567873035686,675.441012950277,698.681640306187,23.240627355909965,21.490627355909965,0.023696041579017044,0.6886766902603916,INTERVENE,0.475,794.6364858238553,1.5,0.25,792.8864858238553,RECOVERED
T0038580,1312.56,BANK_DECLINE,0,1,CONTROL,0.6402326324300499,0.087491941091273,0.6402326324300499,0.6667616276441054,0.026528995214055495,0.6402326324300499,0,0,0.0,0.0,0.0,0.0,714.2921824190283,743.8899456834649,29.597763264436594,27.847763264436594,0.02652899521405554,0.6402326324300499,INTERVENE,0.475,840.3437440223863,1.5,0.25,838.5937440223863,NOT_RECOVERED
T0008294,974.15,NETWORK_ERROR,1,0,RECLAIM,0.7352886138521797,0.2188857616505126,0.7352886138521797,0.7644033716416264,0.02911475778944672,0.7644033716416264,1,1,767.0445761551938,1.5,0.25,765.2945761551938,608.8391927064856,632.9470128119867,24.107820105501105,22.357820105501105,0.02911475778944677,0.7352886138521797,INTERVENE,0.475,716.2814031841008,1.5,0.25,714.5314031841008,RECOVERED
T0006532,1387.59,LIMIT_EXCEEDED,0,1,CONTROL,0.6205019544547797,0.145770698894876,0.6205019544547797,0.6503440674991319,0.029842113044352137,0.6205019544547797,1,1,1191.6864446800007,0.0,0.0,1191.6864446800007,731.8519609346216,767.0492859279523,35.19732499333065,33.44732499333065,0.029842113044352137,0.6205019544547797,INTERVENE,0.475,861.0023069819077,1.5,0.25,859.2523069819077,RECOVERED
T0009472,1318.74,BANK_DECLINE,0,1,CONTROL,0.633984812491319,0.106087135852166,0.633984812491319,0.6615692651674703,0.027584452676151283,0.633984812491319,0,0,0.0,0.0,0.0,0.0,710.6519618810818,741.5721748349074,30.920212953825626,29.170212953825626,0.0275844526761513,0.633984812491319,INTERVENE,0.475,836.061131624802,1.5,0.25,834.311131624802,NOT_RECOVERED
T0010518,1385.67,LIMIT_EXCEEDED,1,0,RECLAIM,0.6185228532475764,0.1515480990725196,0.6185228532475764,0.6486942178421746,0.030171364594598238,0.6486942178421746,1,1,1286.1287421948284,1.5,0.25,1284.3787421948284,728.5082777506339,764.0446993117613,35.53642156112744,33.78642156112744,0.03017136459459821,0.6185228532475764,INTERVENE,0.475,857.0685620595692,1.5,0.25,855.3185620595692,RECOVERED
T0021304,1486.23,BANK_DECLINE,1,0,RECLAIM,0.5964833173185254,0.2151631628995852,0.5964833173185254,0.6302887435428584,0.03380542622433291,0.6302887435428584,1,1,1356.1065003742617,1.5,0.25,1354.3565003742617,753.5346905935652,796.240933418347,42.70624282478184,40.95624282478184,0.03380542622433294,0.5964833173185254,INTERVENE,0.475,886.5114006983121,1.5,0.25,884.7614006983121,RECOVERED
T0013361,982.62,NETWORK_ERROR,1,0,RECLAIM,0.7249184443193587,0.1826698519725622,0.7249184443193587,0.7527664421069464,0.02784799778758773,0.7527664421069464,1,1,739.4747788759998,1.5,0.25,737.7247788759998,605.471457493525,628.7308571416585,23.259399648133467,21.509399648133467,0.027847997787587748,0.7249184443193587,INTERVENE,0.475,712.3193617570882,1.5,0.25,710.5693617570882,RECOVERED
T0031997,1487.07,BANK_DECLINE,0,1,CONTROL,0.5952525831889002,0.2186799444748427,0.5952525831889002,0.6292593402786566,0.03400675708975642,0.5952525831889002,1,1,1200.5187332589992,0.0,0.0,1200.5187332589992,752.40492005031,795.3897840759545,42.98486402564447,41.23486402564447,0.034006757089756416,0.5952525831889002,INTERVENE,0.475,885.1822588827177,1.5,0.25,883.4322588827177,RECOVERED
T0030009,1281.48,LIMIT_EXCEEDED,1,0,RECLAIM,0.6380200116992902,0.09409310174609,0.6380200116992902,0.6649235008683891,0.026903489169098904,0.6649235008683891,0,0,0.0,1.5,0.25,-1.75,694.9684019035456,724.2732427088998,29.304840805354274,27.554840805354274,0.026903489169098887,0.6380200116992902,INTERVENE,0.475,817.6098845924065,1.5,0.25,815.8598845924065,NOT_RECOVERED
T0028280,1390.62,BANK_DECLINE,0,1,CONTROL,0.6138023958201995,0.1652821884771921,0.6138023958201995,0.6447570104479661,0.030954614627766608,0.6138023958201995,0,0,0.0,0.0,0.0,0.0,725.5310045241628,762.1201947887779,36.58919026461513,34.83919026461513,0.03095461462776666,0.6138023958201995,INTERVENE,0.475,853.5658876754857,1.5,0.25,851.8158876754857,NOT_RECOVERED
T0013528,1175.18,LIMIT_EXCEEDED,0,1,CONTROL,0.664999658407461,0.0122952270355858,0.664999658407461,0.6872779555798012,0.0222782971723402,0.664999658407461,0,0,0.0,0.0,0.0,0.0,664.270153782188,686.5240116625301,22.25385788034214,20.50385788034214,0.022278297172340224,0.664999658407461,INTERVENE,0.475,781.4942985672801,1.5,0.25,779.7442985672801,NOT_RECOVERED
T0036030,1101.5,NETWORK_ERROR,1,0,RECLAIM,0.6848122408633966,0.0498551716775872,0.6848122408633966,0.7080872951586692,0.023275054295272546,0.7080872951586692,1,1,872.9387072462173,1.5,0.25,871.1887072462173,641.1725808143767,662.964432274683,21.791851460306248,20.041851460306248,0.023275054295272535,0.6848122408633966,INTERVENE,0.475,754.3206833110314,1.5,0.25,752.5706833110314,RECOVERED
T0016981,1267.85,BANK_DECLINE,0,1,CONTROL,0.6368217117124554,0.0976608235004368,0.6368217117124554,0.6639276888600391,0.02710597714758367,0.6368217117124554,1,1,935.9051384154417,0.0,0.0,935.9051384154417,686.285246115441,715.4966122730203,29.211366157579278,27.461366157579278,0.027105977147583716,0.6368217117124554,INTERVENE,0.475,807.3944071946365,1.5,0.25,805.6444071946365,RECOVERED
T0033036,1216.4,BANK_DECLINE,0,1,CONTROL,0.6466716497508609,0.0681789915070493,0.6466716497508609,0.672106196627398,0.025434546876537123,0.6466716497508609,1,1,1052.2734683711615,0.0,0.0,1052.2734683711615,668.6196855434051,694.9174809409319,26.297795397526784,24.547795397526784,0.02543454687653709,0.6466716497508609,INTERVENE,0.475,786.6113947569472,1.5,0.25,784.8613947569472,RECOVERED
T0025688,1133.12,INSUFFICIENT_FUNDS,1,0,RECLAIM,0.6682083739588253,0.0023604150444664,0.6682083739588253,0.6899272995472674,0.02171892558844213,0.6899272995472674,1,1,1032.848465013648,1.5,0.25,1031.098465013648,643.5862317951904,664.5048584135496,20.918626618359212,19.168626618359212,0.0217189255884421,0.6682083739588253,INTERVENE,0.475,757.160272700224,1.5,0.25,755.410272700224,RECOVERED
T0012181,1167.93,NETWORK_ERROR,1,0,RECLAIM,0.6577912856262178,0.0344440051713464,0.6577912856262178,0.6813185708620108,0.02352728523579295,0.6813185708620108,1,1,842.0535751052312,1.5,0.25,840.3035751052312,653.0160497882142,676.372538696838,23.35648890862376,21.60648890862376,0.023527285235792967,0.6577912856262178,INTERVENE,0.475,768.2541762214286,1.5,0.25,766.5041762214286,RECOVERED
T0016455,854.81,PAYMENT_TIMEOUT,1,0,RECLAIM,0.7625025193529179,0.3185410212450081,0.7625025193529179,0.7951492771315911,0.03264675777867321,0.7951492771315911,0,0,0.0,1.5,0.25,-1.75,554.0255617828576,577.7463205471271,23.720758764269476,21.970758764269476,0.032646757778673235,0.7625025193529179,INTERVENE,0.475,651.7947785680677,1.5,0.25,650.0447785680677,NOT_RECOVERED
T0023557,909.83,PAYMENT_TIMEOUT,1,0,RECLAIM,0.7402420467187373,0.2365039843173695,0.7402420467187373,0.7699762543778631,0.029734207659125822,0.7699762543778631,0,0,0.0,1.5,0.25,-1.75,572.4702581611924,595.4653711925195,22.995113031327037,21.245113031327037,0.02973420765912582,0.7402420467187373,INTERVENE,0.475,673.4944213661088,1.5,0.25,671.7444213661088,NOT_RECOVERED
T0031278,965.67,INSUFFICIENT_FUNDS,1,0,RECLAIM,0.7185264008323408,0.1607690463664333,0.7185264008323408,0.7456125838896983,0.02708618305735755,0.7456125838896983,0,0,0.0,1.5,0.25,-1.75,589.7804810680014,612.0133483020502,22.23286723404874,20.48286723404874,0.02708618305735757,0.7185264008323408,INTERVENE,0.475,693.8593894917665,1.5,0.25,692.1093894917665,NOT_RECOVERED
T0016500,2967.37,INSUFFICIENT_FUNDS,0,1,CONTROL,0.448549821934511,0.6262126502016665,0.448549821934511,0.5060301474258782,0.05748032549136717,0.448549821934511,0,0,0.0,0.0,0.0,0.0,1131.3612923467383,1276.3418767820588,144.98058443532045,143.23058443532045,0.05748032549136711,0.448549821934511,ABSTAIN,0.475,1331.0132851138098,0.0,0.0,0.0,NOT_RECOVERED
T0005571,1026.69,NETWORK_ERROR,1,0,RECLAIM,0.6902222738388502,0.0671833392272152,0.6902222738388502,0.7140877445197151,0.023865470680864975,0.7140877445197151,1,1,856.7442527009792,1.5,0.25,854.9942527009792,602.3476603784677,623.1747344578044,20.82707407933674,19.07707407933674,0.023865470680864927,0.6902222738388502,INTERVENE,0.475,708.6443063276091,1.5,0.25,706.8943063276091,RECOVERED
T0020450,1138.94,LIMIT_EXCEEDED,1,0,RECLAIM,0.6539819448426317,0.0460578770553685,0.6539819448426317,0.6781651812406312,0.024183236397999464,0.6781651812406312,1,1,1077.627585110553,1.5,0.25,1075.877585110553,633.1192668202069,656.5310337938738,23.411766973666886,21.661766973666886,0.02418323639799947,0.6539819448426317,INTERVENE,0.475,744.846196259067,1.5,0.25,743.096196259067,RECOVERED
T0021693,1025.58,NETWORK_ERROR,0,1,CONTROL,0.6870907254527079,0.0571331639604892,0.6870907254527079,0.7106135424400851,0.023522816987377237,0.6870907254527079,1,1,791.9794604327791,0.0,0.0,791.9794604327791,598.9665302783199,619.4723813273471,20.50585104902723,18.75585104902723,0.023522816987377237,0.6870907254527079,INTERVENE,0.475,704.666506209788,1.5,0.25,702.916506209788,RECOVERED
T0006984,1318.64,BANK_DECLINE,0,1,CONTROL,0.6085109949627383,0.1806037427590555,0.6085109949627383,0.6403402785632,0.031829283600461666,0.6085109949627383,1,1,1065.7817716122777,0.0,0.0,1065.7817716122777,682.0458976380155,717.7215591858914,35.67566154787585,33.92566154787585,0.03182928360046166,0.6085109949627383,INTERVENE,0.475,802.4069383976653,1.5,0.25,800.6569383976653,RECOVERED
T0040618,982.08,INSUFFICIENT_FUNDS,0,1,CONTROL,0.6992135308433453,0.0963568338839371,0.6992135308433453,0.7240771147886054,0.024863583945260115,0.6992135308433453,1,1,739.4145853465184,0.0,0.0,739.4145853465184,583.6810807150376,604.4364049578545,20.75532424281687,19.00532424281687,0.024863583945260084,0.6992135308433453,INTERVENE,0.475,686.6836243706325,1.5,0.25,684.9336243706325,RECOVERED
T0008368,913.32,NETWORK_ERROR,0,1,CONTROL,0.7232963295687311,0.1770826587828937,0.7232963295687311,0.7509496776790557,0.027653348110324605,0.7232963295687311,1,1,767.4128938652709,0.0,0.0,767.4128938652709,561.5108531634565,582.97875567516,21.467902511703414,19.717902511703414,0.027653348110324622,0.7232963295687311,INTERVENE,0.475,660.6010037217136,1.5,0.25,658.8510037217136,RECOVERED
T0025637,1258.32,BANK_DECLINE,1,0,RECLAIM,0.617564031970491,0.1543429527327153,0.617564031970491,0.6478947237244961,0.030330691754005046,0.6478947237244961,0,0,0.0,1.5,0.25,-1.75,660.5291968027419,692.9700554434567,32.44085864071474,30.690858640714737,0.030330691754005008,0.617564031970491,INTERVENE,0.475,777.0931727091082,1.5,0.25,775.3431727091082,NOT_RECOVERED
T0000433,1230.15,BANK_DECLINE,1,0,RECLAIM,0.6220952110083257,0.1411111581095654,0.6220952110083257,0.6516718807379647,0.029576669729639016,0.6516718807379647,1,1,950.0179476771199,1.5,0.25,948.2679476771199,650.479860248608,681.4060394763362,30.9261792277282,29.1761792277282,0.029576669729639047,0.6220952110083257,INTERVENE,0.475,765.2704238218919,1.5,0.25,763.5204238218919,RECOVERED
T0004784,1095.66,LIMIT_EXCEEDED,0,1,CONTROL,0.6566440210299309,0.0379482176937612,0.6566440210299309,0.6803691500901026,0.023725129060171657,0.6566440210299309,0,0,0.0,0.0,0.0,0.0,611.539799869406,633.6352735395635,22.095473670157503,20.345473670157503,0.023725129060171667,0.6566440210299309,INTERVENE,0.475,719.4585880816542,1.5,0.25,717.7085880816542,NOT_RECOVERED
T0024020,1246.89,BANK_DECLINE,0,1,CONTROL,0.6164037455009572,0.1577214908641335,0.6164037455009572,0.6469270814973097,0.030523335996352485,0.6164037455009572,1,1,990.2227205034874,0.0,0.0,990.2227205034874,653.2995162935354,685.6498723509535,32.35035605741814,30.60035605741814,0.0305233359963525,0.6164037455009572,INTERVENE,0.475,768.5876662276886,1.5,0.25,766.8376662276886,RECOVERED
T0035164,1192.7,INSUFFICIENT_FUNDS,0,1,CONTROL,0.6290195904883933,0.1207692328147285,0.6290195904883933,0.6574385202979623,0.02841892980956906,0.6290195904883933,1,1,932.5021173694814,0.0,0.0,932.5021173694814,637.6969157391807,666.5078846854727,28.810968946292064,27.060968946292064,0.028418929809569015,0.6290195904883933,INTERVENE,0.475,750.2316655755067,1.5,0.25,748.4816655755067,RECOVERED
T0015852,1400.01,BANK_DECLINE,1,0,RECLAIM,0.5825399344922125,0.2548148852281933,0.5825399344922125,0.6186177066202538,0.03607777212804131,0.6186177066202538,1,1,1034.9813316282005,1.5,0.25,1033.2313316282005,693.227473635176,736.1603291286083,42.93285549343227,41.18285549343227,0.03607777212804126,0.5825399344922125,INTERVENE,0.475,815.5617336884425,1.5,0.25,813.8117336884425,RECOVERED
T0018897,1013.71,INSUFFICIENT_FUNDS,0,1,CONTROL,0.6777999702170168,0.0276317966678181,0.6777999702170168,0.700320402109473,0.022520431892456227,0.6777999702170168,1,1,843.048384200096,0.0,0.0,843.048384200096,584.0287166373882,603.4335255990349,19.40480896164661,17.65480896164661,0.022520431892456227,0.6777999702170168,INTERVENE,0.475,687.092607808692,1.5,0.25,685.342607808692,RECOVERED
T0044225,1025.85,INSUFFICIENT_FUNDS,0,1,CONTROL,0.6732087457056106,0.0132189040009955,0.6732087457056106,0.695241290285959,0.022032544580348423,0.6732087457056106,1,1,811.3338793478238,0.0,0.0,811.3338793478238,587.0195130147855,606.2312859938734,19.21177297908787,17.46177297908787,0.02203254458034843,0.6732087457056106,INTERVENE,0.475,690.6111917821006,1.5,0.25,688.8611917821006,RECOVERED
T0014702,898.63,INSUFFICIENT_FUNDS,1,0,RECLAIM,0.717225362911011,0.1563487114789452,0.717225362911011,0.7441581672256782,0.026932804314667158,0.7441581672256782,1,1,728.5928960242703,1.5,0.25,726.8428960242703,547.8421936918136,568.4144257419096,20.572232050095977,18.822232050095977,0.026932804314667144,0.717225362911011,INTERVENE,0.475,644.5202278727219,1.5,0.25,642.7702278727219,RECOVERED
T0006681,964.34,INSUFFICIENT_FUNDS,0,1,CONTROL,0.6913356108811073,0.0707698576819033,0.6913356108811073,0.7153235080959541,0.023987897214846843,0.6913356108811073,0,0,0.0,0.0,0.0,0.0,566.6801955475239,586.3428110276645,19.66261548014063,17.91261548014063,0.023987897214846895,0.6913356108811073,INTERVENE,0.475,666.682582997087,1.5,0.25,664.932582997087,NOT_RECOVERED
T0010667,1125.87,BANK_DECLINE,0,1,CONTROL,0.6417301484849869,0.0830141503971617,0.6417301484849869,0.6680052300558846,0.02627508157089775,0.6417301484849869,1,1,1045.8731613970594,0.0,0.0,1045.8731613970594,614.1290139335733,639.273991108566,25.14497717499262,23.39497717499262,0.026275081570897734,0.6417301484849869,INTERVENE,0.475,722.5047222747921,1.5,0.25,720.7547222747921,RECOVERED
T0031352,1069.78,BANK_DECLINE,1,0,RECLAIM,0.6559709851030209,0.0400013415084115,0.6559709851030209,0.6798120609922936,0.023841075889272756,0.6798120609922936,1,1,1047.315694279939,1.5,0.25,1045.565694279939,596.4829443769833,618.1619446170855,21.679000240102255,19.929000240102255,0.02384107588927279,0.6559709851030209,INTERVENE,0.475,701.7446404435096,1.5,0.25,699.9946404435096,RECOVERED
T0000183,806.92,PAYMENT_TIMEOUT,1,0,RECLAIM,0.7500725543115596,0.2721287269792893,0.7500725543115596,0.781065807624723,0.030993253313163383,0.781065807624723,1,1,685.3813511957227,1.5,0.25,683.6313511957227,514.4612636963211,535.7189782652603,21.25771456893915,19.50771456893915,0.030993253313163428,0.7500725543115596,INTERVENE,0.475,605.2485455250836,1.5,0.25,603.4985455250836,RECOVERED
T0014416,1151.44,BANK_DECLINE,0,1,CONTROL,0.6315052081632186,0.1134295928020929,0.6315052081632186,0.6595068575536002,0.028001649390381522,0.6315052081632186,1,1,1028.1202313714705,0.0,0.0,1028.1202313714705,618.069303354338,645.4751896522898,27.405886297951838,25.655886297951838,0.02800164939038153,0.6315052081632186,INTERVENE,0.475,727.1403568874565,1.5,0.25,725.3903568874565,RECOVERED
T0000114,1205.58,BANK_DECLINE,1,0,RECLAIM,0.614001645849118,0.1647037515396044,0.614001645849118,0.644923257063681,0.03092161121456305,0.644923257063681,1,1,1157.5396659694538,1.5,0.25,1155.7896659694538,629.1938885723627,660.8805932132077,31.68670464084505,29.93670464084505,0.030921611214563074,0.614001645849118,INTERVENE,0.475,740.2281042027796,1.5,0.25,738.4781042027796,RECOVERED
T0007204,2259.71,LIMIT_EXCEEDED,1,0,RECLAIM,0.4744328533927698,0.5545301701112753,0.4744328533927698,0.5277815611790302,0.053348707786260385,0.5277815611790302,1,1,2258.9165959337724,1.5,0.25,2257.1665959337724,911.2685636691494,1013.7382808700863,102.46971720093688,100.71971720093688,0.05334870778626044,0.4744328533927698,ABSTAIN,0.475,1072.0806631401758,0.0,0.0,0.0,RECOVERED
T0020901,1003.41,INSUFFICIENT_FUNDS,1,0,RECLAIM,0.667329484958516,0.0050863907105564,0.667329484958516,0.6892018405669429,0.02187235560842693,0.6892018405669429,0,0,0.0,1.5,0.25,-1.75,569.1643167268908,587.8192160167847,18.654899289893933,16.904899289893933,0.02187235560842698,0.667329484958516,INTERVENE,0.475,669.6050785022245,1.5,0.25,667.8550785022245,NOT_RECOVERED
T0029832,1075.92,BANK_DECLINE,1,0,RECLAIM,0.6437504091536214,0.0769601434096618,0.6437504091536214,0.6696823512866794,0.02593194213305805,0.6696823512866794,0,0,0.0,1.5,0.25,-1.75,588.7303491840797,612.4459400869096,23.71559090282983,21.96559090282983,0.025931942133058036,0.6437504091536214,INTERVENE,0.475,692.6239402165644,1.5,0.25,690.8739402165644,NOT_RECOVERED
T0010429,807.29,PAYMENT_TIMEOUT,0,1,CONTROL,0.7367450016973586,0.2240436043687383,0.7367450016973586,0.7660408888345442,0.029295887137185672,0.7367450016973586,0,0,0.0,0.0,0.0,0.0,505.55184155722145,525.6545767751533,20.10273521793181,18.35273521793181,0.029295887137185672,0.7367450016973586,INTERVENE,0.475,594.7668724202606,1.5,0.25,593.0168724202606,NOT_RECOVERED
T0003583,779.11,PAYMENT_TIMEOUT,0,1,CONTROL,0.7473317642933234,0.2621048558233196,0.7473317642933234,0.7779698710551064,0.030638106761783024,0.7473317642933234,1,1,730.365330599739,0.0,0.0,730.365330599739,494.9156032467855,515.2054903020824,20.289887055296845,18.539887055296845,0.030638106761783062,0.7473317642933234,INTERVENE,0.475,582.2536508785712,1.5,0.25,580.5036508785712,RECOVERED
T0033915,1193.48,BANK_DECLINE,1,0,RECLAIM,0.6097365523361887,0.1770617854404429,0.6097365523361887,0.6413635533492421,0.03162700101305338,0.6413635533492421,1,1,1000.4697189853806,1.5,0.25,998.7197189853806,618.5521234098653,650.6363876035655,32.084264193700164,30.334264193700164,0.031627001013053324,0.6097365523361887,INTERVENE,0.475,727.7083804821946,1.5,0.25,725.9583804821946,RECOVERED
T0013176,1110.34,BANK_DECLINE,0,1,CONTROL,0.6296192089341404,0.119000516067668,0.6296192089341404,0.6579375598444905,0.028318350910350176,0.6296192089341404,0,0,0.0,0.0,0.0,0.0,594.2276835807434,620.9542316680718,26.72654808732841,24.97654808732841,0.028318350910350145,0.6296192089341404,INTERVENE,0.475,699.0913924479333,1.5,0.25,697.3413924479333,NOT_RECOVERED
T0040449,1031.94,LIMIT_EXCEEDED,0,1,CONTROL,0.6461347002701021,0.069795492073115,0.6461347002701021,0.6716607829039387,0.0255260826338366,0.6461347002701021,1,1,727.2511154642675,0.0,0.0,727.2511154642675,566.7564062072198,589.146584063407,22.390177856187165,20.640177856187165,0.0255260826338366,0.6461347002701021,INTERVENE,0.475,666.7722425967293,1.5,0.25,665.0222425967293,RECOVERED
T0006704,836.96,PAYMENT_TIMEOUT,1,0,RECLAIM,0.7140617892711649,0.1456513728652575,0.7140617892711649,0.7406239384256107,0.02656214915444577,0.7406239384256107,1,1,705.6913526097429,1.5,0.25,703.9413526097429,507.9949818761351,526.8917197789943,18.89673790285923,17.14673790285923,0.026562149154445814,0.7140617892711649,INTERVENE,0.475,597.6411551483942,1.5,0.25,595.8911551483942,RECOVERED
T0023506,1115.69,LIMIT_EXCEEDED,0,1,CONTROL,0.6205867369311293,0.1455229415965687,0.6205867369311293,0.6504147335103854,0.029827996579256055,0.6205867369311293,1,1,946.4335345757713,0.0,0.0,946.4335345757713,588.525054047688,616.8120319256716,28.286977877983645,26.536977877983645,0.029827996579256062,0.6205867369311293,INTERVENE,0.475,692.3824165266917,1.5,0.25,690.6324165266917,RECOVERED
T0001894,1063.04,BANK_DECLINE,1,0,RECLAIM,0.6344050649576887,0.104840636565315,0.6344050649576887,0.6619187163296087,0.027513651371920078,0.6619187163296087,0,0,0.0,1.5,0.25,-1.75,573.2382662147281,598.0991613759732,24.860895161245026,23.110895161245026,0.027513651371920075,0.6344050649576887,INTERVENE,0.475,674.3979602526214,1.5,0.25,672.6479602526214,NOT_RECOVERED
T0020490,1040.28,BANK_DECLINE,0,1,CONTROL,0.63745619114808,0.0957724089606305,0.63745619114808,0.6644549828611256,0.026998791713045533,0.63745619114808,1,1,905.5119396604142,0.0,0.0,905.5119396604142,563.662987548396,587.5363451351559,23.87335758675988,22.12335758675988,0.02699879171304557,0.63745619114808,INTERVENE,0.475,663.1329265275247,1.5,0.25,661.3829265275247,RECOVERED
T0045230,714.87,PAYMENT_TIMEOUT,0,1,CONTROL,0.7583628143189655,0.302904371146409,0.7583628143189655,0.7904508125193901,0.03208799820042463,0.7583628143189655,1,1,618.8263655133707,0.0,0.0,618.8263655133707,460.811201311369,480.30913649387594,19.49793518250692,17.74793518250692,0.032087998200424614,0.7583628143189655,INTERVENE,0.475,542.1308250721988,1.5,0.25,540.3808250721988,RECOVERED
T0004005,1133.97,BANK_DECLINE,0,1,CONTROL,0.6073094494815007,0.1840724665543891,0.6073094494815007,0.6393368797445956,0.03202743026309496,0.6073094494815007,0,0,0.0,0.0,0.0,0.0,585.3700919642567,616.2405152953822,30.870423331125494,29.120423331125494,0.032027430263094986,0.6073094494815007,INTERVENE,0.475,688.6706964285373,1.5,0.25,686.9206964285373,NOT_RECOVERED
T0011274,1015.34,BANK_DECLINE,1,0,RECLAIM,0.6388413098466417,0.0916448850140186,0.6388413098466417,0.6656058838276401,0.026764573980998407,0.6656058838276401,1,1,743.8351709678917,1.5,0.25,742.0851709678917,551.3449652087357,574.4438363727227,23.098871163986928,21.348871163986928,0.02676457398099838,0.6388413098466417,INTERVENE,0.475,648.6411355396891,1.5,0.25,646.8911355396891,RECOVERED
T0000901,1160.94,BANK_DECLINE,0,1,CONTROL,0.5997850097983374,0.2057113952247289,0.5997850097983374,0.6330495472405083,0.03326453744217095,0.5997850097983374,0,0,0.0,0.0,0.0,0.0,591.8672478839895,624.6926601673864,32.82541228339687,31.075412283396872,0.03326453744217099,0.5997850097983374,INTERVENE,0.475,696.3144092752818,1.5,0.25,694.5644092752818,NOT_RECOVERED
T0023879,1256.01,BANK_DECLINE,1,0,RECLAIM,0.5762834149072742,0.2724813225842487,0.5762834149072742,0.6133751549018108,0.03709173999453663,0.6133751549018108,1,1,1178.0136550869256,1.5,0.25,1176.2636550869256,615.2450721640326,654.84452906199,39.59945689795734,37.84945689795734,0.0370917399945366,0.5762834149072742,INTERVENE,0.475,723.8177319576855,1.5,0.25,722.0677319576855,RECOVERED
T0001142,897.12,INSUFFICIENT_FUNDS,1,0,RECLAIM,0.6725776497783494,0.011245963563458,0.6725776497783494,0.6945435003964628,0.021965850618113403,0.6945435003964628,1,1,856.1674230971055,1.5,0.25,854.4174230971055,512.8754319937799,529.6255353143235,16.750103320543644,15.000103320543644,0.02196585061811338,0.6725776497783494,INTERVENE,0.475,603.3828611691529,1.5,0.25,601.6328611691529,RECOVERED
T0000671,1107.12,BANK_DECLINE,1,0,RECLAIM,0.6083962820965997,0.1809350688658682,0.6083962820965997,0.6402444903221828,0.0318482082255831,0.6402444903221828,1,1,1105.4009350151803,1.5,0.25,1103.6509350151803,572.5325380595692,602.5033581066707,29.970820047101483,28.220820047101483,0.031848208225583076,0.6083962820965997,INTERVENE,0.475,673.5676918347874,1.5,0.25,671.8176918347874,RECOVERED
T0020991,1115.13,BANK_DECLINE,0,1,CONTROL,0.6049061454541408,0.1909993313275563,0.6049061454541408,0.6373294002729859,0.032423254818845115,0.6049061454541408,0,0,0.0,0.0,0.0,0.0,573.3666414832347,604.0993640074527,30.732722524217934,28.982722524217934,0.03242325481884511,0.6049061454541408,INTERVENE,0.475,674.5489899802761,1.5,0.25,672.7989899802761,NOT_RECOVERED
T0032153,946.46,BANK_DECLINE,1,0,RECLAIM,0.653468850023085,0.0476175584857007,0.653468850023085,0.6777402304041336,0.02427138038104859,0.6777402304041336,1,1,915.1981442701035,1.5,0.25,913.4481442701035,525.7098086239216,545.2359156980518,19.52610707413021,17.77610707413021,0.024271380381048552,0.653468850023085,INTERVENE,0.475,618.482127792849,1.5,0.25,616.732127792849,RECOVERED
T0028547,1301.5,LIMIT_EXCEEDED,0,1,CONTROL,0.5631081426636424,0.3094660872986002,0.5631081426636424,0.6023253315988519,0.039217188935209535,0.5631081426636424,1,1,1033.7871541998463,0.0,0.0,1033.7871541998463,622.9524605252209,666.3374562145199,43.38499568929899,41.63499568929899,0.03921718893520953,0.5631081426636424,INTERVENE,0.475,732.8852476767306,1.5,0.25,731.1352476767306,RECOVERED
T0018191,674.42,PAYMENT_TIMEOUT,0,1,CONTROL,0.7607786805501517,0.3120071589492423,0.7607786805501517,0.7931917488836123,0.03241306833346058,0.7607786805501517,1,1,553.360591762581,0.0,0.0,553.360591762581,436.1217040761383,454.70272238977293,18.581018313634615,16.831018313634615,0.03241306833346059,0.7607786805501517,INTERVENE,0.475,513.0843577366333,1.5,0.25,511.3343577366333,RECOVERED
T0023520,1370.52,BANK_DECLINE,1,0,RECLAIM,0.5447206689739098,0.3606775610875045,0.5447206689739098,0.5868859358087607,0.04216526683485089,0.5868859358087607,1,1,1069.5887993575984,1.5,0.25,1067.8387993575984,634.5679855558044,683.6880758329293,49.12009027712486,47.37009027712486,0.04216526683485086,0.5447206689739098,INTERVENE,0.475,746.5505712421228,1.5,0.25,744.8005712421228,RECOVERED
T0032708,1138.68,BANK_DECLINE,1,0,RECLAIM,0.5894548657452172,0.2352015558623275,0.5894548657452172,0.6244080154579393,0.03495314971272212,0.6244080154579393,1,1,1004.1902996202244,1.5,0.25,1002.4402996202244,570.5203965477493,604.3507811853995,33.83038463765013,32.08038463765013,0.034953149712722134,0.5894548657452172,INTERVENE,0.475,671.200466526764,1.5,0.25,669.450466526764,RECOVERED
T0027860,856.0,INSUFFICIENT_FUNDS,1,0,RECLAIM,0.6739604062211935,0.0155713154509677,0.6739604062211935,0.6960725011987452,0.022112094977551733,0.6960725011987452,1,1,840.2852149603674,1.5,0.25,838.5352149603674,490.37359156654037,506.462351872207,16.088760305666653,14.338760305666653,0.022112094977551778,0.6739604062211935,INTERVENE,0.475,576.9101077253416,1.5,0.25,575.1601077253416,RECOVERED
T0014407,848.44,INSUFFICIENT_FUNDS,0,1,CONTROL,0.675096706212234,0.0191328266369115,0.675096706212234,0.6973292986934668,0.02223259248123277,0.675096706212234,1,1,681.6301341255752,0.0,0.0,681.6301341255752,486.86219200590165,502.89575965596225,16.033567650060604,14.283567650060604,0.02223259248123282,0.675096706212234,INTERVENE,0.475,572.7790494187079,1.5,0.25,571.0290494187079,RECOVERED
T0025062,892.61,NETWORK_ERROR,0,1,CONTROL,0.6572440552353987,0.0361161692477097,0.6572440552353987,0.6808657409183068,0.02362168568290801,0.6572440552353987,0,0,0.0,0.0,0.0,0.0,498.66322372211886,516.5854336509263,17.92220992880749,16.17220992880749,0.02362168568290798,0.6572440552353987,INTERVENE,0.475,586.6626161436693,1.5,0.25,584.9126161436693,NOT_RECOVERED
T0010074,694.6,NETWORK_ERROR,1,0,RECLAIM,0.738613447387139,0.2306876998240348,0.738613447387139,0.7681429232206707,0.029529475833531715,0.7681429232206707,1,1,547.9629169938972,1.5,0.25,546.2129169938972,436.0847654718407,453.51926329871617,17.434497826875486,15.684497826875486,0.029529475833531705,0.738613447387139,INTERVENE,0.475,513.0409005551068,1.5,0.25,511.2909005551068,RECOVERED
T0024029,1022.9,LIMIT_EXCEEDED,0,1,CONTROL,0.6124772349784531,0.1691264203535414,0.6124772349784531,0.6436512206701166,0.03117398569166352,0.6124772349784531,0,0,0.0,0.0,0.0,0.0,532.5275191105407,559.6322085799429,27.104689469402274,25.354689469402274,0.031173985691663506,0.6124772349784531,INTERVENE,0.475,626.5029636594596,1.5,0.25,624.7529636594596,NOT_RECOVERED
T0042165,682.19,NETWORK_ERROR,1,0,RECLAIM,0.7405303824992471,0.237536191100854,0.7405303824992471,0.7703009477113119,0.02977056521206478,0.7703009477113119,1,1,517.4790849760966,1.5,0.25,515.7290849760966,429.40505839158715,446.66786299130285,17.262804599715707,15.512804599715707,0.029770565212064788,0.7405303824992471,INTERVENE,0.475,505.1824216371614,1.5,0.25,503.4324216371614,RECOVERED
T0021765,704.2,NETWORK_ERROR,0,1,CONTROL,0.7286562996328428,0.1956229525902579,0.7286562996328428,0.7569563620122549,0.028300062379412072,0.7286562996328428,1,1,505.1815334871253,0.0,0.0,505.1815334871253,436.1518012712308,453.09136960967544,16.939568338444644,15.189568338444644,0.0283000623794121,0.7286562996328428,INTERVENE,0.475,513.119766201448,1.5,0.25,511.369766201448,RECOVERED
T0005622,718.44,NETWORK_ERROR,0,1,CONTROL,0.7194563984291281,0.1639363742941377,0.7194563984291281,0.7466525613273448,0.02719616289821669,0.7194563984291281,1,1,707.5111316012312,0.0,0.0,707.5111316012312,439.35331665430937,455.96130623601493,16.607989581705567,14.857989581705567,0.02719616289821671,0.7194563984291281,INTERVENE,0.475,516.8862548874229,1.5,0.25,515.1362548874229,RECOVERED
T0037261,778.06,INSUFFICIENT_FUNDS,0,1,CONTROL,0.6917775883719495,0.0721956333690894,0.6917775883719495,0.7158141762805402,0.024036587908590756,0.6917775883719495,1,1,638.6813524586338,0.0,0.0,638.6813524586338,457.5077998473771,473.4044212973115,15.8966214499344,14.1466214499344,0.02403658790859079,0.6917775883719495,INTERVENE,0.475,538.2444704086789,1.5,0.25,536.4944704086789,RECOVERED
T0012287,1014.55,BANK_DECLINE,0,1,CONTROL,0.6051817296832561,0.1902057839054515,0.6051817296832561,0.6375596294200875,0.03237789973683136,0.6051817296832561,0,0,0.0,0.0,0.0,0.0,521.8890552726253,549.8107037239273,27.921648451301962,26.171648451301962,0.03237789973683136,0.6051817296832561,INTERVENE,0.475,613.9871238501474,1.5,0.25,612.2371238501474,NOT_RECOVERED
T0026587,660.2,NETWORK_ERROR,0,1,CONTROL,0.7386385064945178,0.2307770165523839,0.7386385064945178,0.7681711245120669,0.02953261801754914,0.7386385064945178,1,1,597.0841153609202,0.0,0.0,597.0841153609202,414.5017706895286,431.07458994243666,16.57281925290806,14.822819252908062,0.029532618017549157,0.7386385064945178,INTERVENE,0.475,487.6491419876807,1.5,0.25,485.8991419876807,RECOVERED
T0030481,994.44,INSUFFICIENT_FUNDS,1,0,RECLAIM,0.6076243905142517,0.1831636325262083,0.6076243905142517,0.6395999003099322,0.031975509795680535,0.6395999003099322,1,1,753.3642239260919,1.5,0.25,751.6142239260919,513.6090990675435,540.6371661345776,27.028067067034044,25.278067067034044,0.03197550979568056,0.6076243905142517,INTERVENE,0.475,604.2459989029925,1.5,0.25,602.4959989029925,RECOVERED
T0027448,1063.72,BANK_DECLINE,1,0,RECLAIM,0.5879101263127341,0.2395914245624407,0.5879101263127341,0.6231148859970982,0.035204759684364095,0.6231148859970982,0,0,0.0,1.5,0.25,-1.75,531.5659956271743,563.3968015529083,31.830805925734012,30.080805925734012,0.035204759684364144,0.5879101263127341,INTERVENE,0.475,625.3717595613815,1.5,0.25,623.6217595613815,NOT_RECOVERED
T0024290,712.32,INSUFFICIENT_FUNDS,1,0,RECLAIM,0.706763171692473,0.1212383344883807,0.706763171692473,0.7324821857352136,0.025719014042740573,0.7324821857352136,0,0,0.0,1.5,0.25,-1.75,427.925311090985,443.49745396147125,15.572142870486232,13.822142870486232,0.02571901404274058,0.706763171692473,INTERVENE,0.475,503.4415424599824,1.5,0.25,501.6915424599824,NOT_RECOVERED
T0008920,992.41,INSUFFICIENT_FUNDS,0,1,CONTROL,0.6003527929334588,0.2040834100026803,0.6003527929334588,0.6335241986309084,0.033171405697449585,0.6003527929334588,1,1,773.4977646207805,0.0,0.0,773.4977646207805,506.42669794982976,534.4083874688048,27.98168951897503,26.23168951897503,0.03317140569744955,0.6003527929334588,INTERVENE,0.475,595.7961152350938,1.5,0.25,594.0461152350938,RECOVERED
T0044537,873.23,LIMIT_EXCEEDED,0,1,CONTROL,0.636903037114174,0.0974188523515494,0.636903037114174,0.6639952791709975,0.02709224205682359,0.636903037114174,1,1,850.5134062892229,0.0,0.0,850.5134062892229,472.7384132343286,492.84750798591665,20.10909475158803,18.35909475158803,0.02709224205682364,0.636903037114174,INTERVENE,0.475,556.1628390992101,1.5,0.25,554.4128390992101,RECOVERED
T0020930,896.6,BANK_DECLINE,0,1,CONTROL,0.626941228045304,0.1268908257307505,0.626941228045304,0.6557083722216022,0.02876714417629811,0.626941228045304,0,0,0.0,0.0,0.0,0.0,477.7981793056067,499.72190755380524,21.92372824819853,20.17372824819853,0.028767144176298134,0.626941228045304,INTERVENE,0.475,562.1155050654196,1.5,0.25,560.3655050654196,NOT_RECOVERED
T0029978,903.18,BANK_DECLINE,0,1,CONTROL,0.6240924421487491,0.135259261936115,0.6240924421487491,0.6533358734606681,0.029243431311918977,0.6240924421487491,0,0,0.0,0.0,0.0,0.0,479.11764011492113,501.5679100633753,22.45026994845415,20.70026994845415,0.029243431311918953,0.6240924421487491,INTERVENE,0.475,563.6678118999072,1.5,0.25,561.9178118999072,NOT_RECOVERED
T0044597,744.15,INSUFFICIENT_FUNDS,1,0,RECLAIM,0.6834043155659218,0.0453721455386981,0.6834043155659218,0.706526911070356,0.023122595504434185,0.706526911070356,0,0,0.0,1.5,0.25,-1.75,432.2720232141236,446.89770074205455,14.625677527930975,12.875677527930975,0.023122595504434143,0.6834043155659218,INTERVENE,0.475,508.5553214283808,1.5,0.25,506.8053214283808,NOT_RECOVERED
T0004847,850.16,BANK_DECLINE,0,1,CONTROL,0.6410004968140739,0.0851969413661974,0.6410004968140739,0.6673993417870602,0.02639884497298628,0.6410004968140739,1,1,655.1136713526334,0.0,0.0,655.1136713526334,463.21003501573506,482.286790751634,19.076755735898928,17.326755735898928,0.026398844972986293,0.6410004968140739,INTERVENE,0.475,544.952982371453,1.5,0.25,543.202982371453,RECOVERED
T0040700,624.2,INSUFFICIENT_FUNDS,1,0,RECLAIM,0.7423489138470684,0.2440635673760984,0.7423489138470684,0.7723495623943454,0.03000064854727702,0.7723495623943454,1,1,488.66259088087656,1.5,0.25,486.91259088087656,393.8680632198391,409.78550731956784,15.917444099728755,14.167444099728755,0.030000648547277034,0.7423489138470684,INTERVENE,0.475,463.3741920233401,1.5,0.25,461.6241920233401,RECOVERED
T0041719,846.45,BANK_DECLINE,1,0,RECLAIM,0.6408449573166921,0.0856619931509506,0.6408449573166921,0.6672701735024007,0.02642521618570859,0.6672701735024007,1,1,837.4401033517582,1.5,0.25,835.6901033517582,461.076732002607,480.08921260694103,19.01248060433403,17.26248060433403,0.026425216185708554,0.6408449573166921,INTERVENE,0.475,542.4432141207141,1.5,0.25,540.6932141207141,RECOVERED
T0035909,961.12,BANK_DECLINE,0,1,CONTROL,0.6034132593805658,0.1952947897097644,0.6034132593805658,0.6360820608391854,0.03266880145861961,0.6034132593805658,0,0,0.0,0.0,0.0,0.0,492.959669077472,519.6485117666941,26.688842689222156,24.938842689222156,0.0326688014586196,0.6034132593805658,INTERVENE,0.475,579.9525518558494,1.5,0.25,578.2025518558494,NOT_RECOVERED
T0016648,640.92,PAYMENT_TIMEOUT,0,1,CONTROL,0.7297749405683576,0.1995211678663604,0.7297749405683576,0.7582112702024513,0.028436329634093704,0.7297749405683576,1,1,531.3144217265815,0.0,0.0,531.3144217265815,397.5682516727109,413.0598522034318,15.49160053072086,13.74160053072086,0.028436329634093697,0.7297749405683576,INTERVENE,0.475,467.7273549090717,1.5,0.25,465.9773549090717,RECOVERED
T0019360,959.03,LIMIT_EXCEEDED,0,1,CONTROL,0.6014752450236744,0.200862760704144,0.6014752450236744,0.6344624356795323,0.03298719065585787,0.6014752450236744,0,0,0.0,0.0,0.0,0.0,490.3078835997963,517.1982332362805,26.890349636484245,25.140349636484245,0.03298719065585788,0.6014752450236744,INTERVENE,0.475,576.8328042350545,1.5,0.25,575.0828042350545,NOT_RECOVERED
T0030928,621.54,PAYMENT_TIMEOUT,1,0,RECLAIM,0.7361647486524596,0.2219864321812097,0.7361647486524596,0.765388371897778,0.029223623245318353,0.765388371897778,1,1,482.2593655413886,1.5,0.25,480.5093655413886,388.9224621958323,404.36156536894316,15.43910317311088,13.68910317311088,0.029223623245318353,0.7361647486524596,INTERVENE,0.475,457.5558378774497,1.5,0.25,455.8058378774497,RECOVERED
T0019137,684.65,INSUFFICIENT_FUNDS,0,1,CONTROL,0.7016408567413628,0.10431693723618,0.7016408567413628,0.7267776889310432,0.025136832189680436,0.7016408567413628,1,1,638.5986101987462,0.0,0.0,638.5986101987462,408.32165068277794,422.9500930176429,14.628442334864985,12.878442334864985,0.025136832189680398,0.7016408567413628,INTERVENE,0.475,480.378412567974,1.5,0.25,478.628412567974,RECOVERED
T0000667,695.21,INSUFFICIENT_FUNDS,1,0,RECLAIM,0.6962297425592905,0.0866218413869435,0.6962297425592905,0.7207596844321278,0.024529941872837302,0.7207596844321278,1,1,647.6262145719023,1.5,0.25,645.8762145719023,411.42199742594767,425.9174391819506,14.495441756002947,12.745441756002947,0.02452994187283729,0.6962297425592905,INTERVENE,0.475,484.0258793246444,1.5,0.25,482.2758793246444,RECOVERED
T0000192,615.14,NETWORK_ERROR,0,1,CONTROL,0.7366096418149107,0.2235634525027803,0.7366096418149107,0.765888659714014,0.029279017899103255,0.7366096418149107,1,1,500.4135629808858,0.0,0.0,500.4135629808858,385.1503468061206,400.4594376160068,15.309090809886243,13.559090809886243,0.029279017899103237,0.7366096418149107,INTERVENE,0.475,453.11805506602417,1.5,0.25,451.36805506602417,RECOVERED
T0019913,605.88,PAYMENT_TIMEOUT,0,1,CONTROL,0.7410309264202308,0.239329848373458,0.7410309264202308,0.7708646871723284,0.029833760752097538,0.7410309264202308,0,0,0.0,0.0,0.0,0.0,381.629445044566,396.9937721643747,15.364327119808706,13.614327119808706,0.02983376075209753,0.7410309264202308,INTERVENE,0.475,448.9758176994894,1.5,0.25,447.2258176994894,NOT_RECOVERED
T0036572,852.16,LIMIT_EXCEEDED,1,0,RECLAIM,0.6287100033920341,0.1216819739945797,0.6287100033920341,0.6571808421030689,0.02847083871103484,0.6571808421030689,1,1,650.9841808292362,1.5,0.25,649.2341808292362,455.39728901697237,476.01974244556845,20.62245342859609,18.87245342859609,0.028470838711034892,0.6287100033920341,INTERVENE,0.475,535.7615164905558,1.5,0.25,534.0115164905558,RECOVERED
T0045712,977.5,BANK_DECLINE,1,0,RECLAIM,0.5897091880689973,0.2344783397447325,0.5897091880689973,0.6246208917750954,0.034911703706098085,0.6246208917750954,0,0,0.0,1.5,0.25,-1.75,489.97462163682815,518.9818834536323,29.007261816804203,27.257261816804203,0.03491170370609806,0.5897091880689973,INTERVENE,0.475,576.4407313374448,1.5,0.25,574.6907313374448,NOT_RECOVERED
T0044928,912.46,INSUFFICIENT_FUNDS,1,0,RECLAIM,0.6073086726299326,0.1840747080175973,0.6073086726299326,0.6393362309486769,0.032027558318744265,0.6393362309486769,1,1,795.0722113544144,1.5,0.25,793.3222113544144,471.02314071372206,495.8634266977152,24.84028598399317,23.09028598399317,0.03202755831874424,0.6073086726299326,INTERVENE,0.475,554.1448714279084,1.5,0.25,552.3948714279084,RECOVERED
T0020069,604.98,NETWORK_ERROR,0,1,CONTROL,0.7383264829132663,0.229665283042628,0.7383264829132663,0.7678199937482202,0.029493510834953884,0.7383264829132663,1,1,603.905151233472,0.0,0.0,603.905151233472,379.67184228793764,394.8383788451285,15.166536557190852,13.416536557190852,0.02949351083495394,0.7383264829132663,INTERVENE,0.475,446.6727556328679,1.5,0.25,444.9227556328679,RECOVERED
T0026611,545.61,PAYMENT_TIMEOUT,1,0,RECLAIM,0.7704922331848633,0.3492606807077634,0.7704922331848633,0.8042417356552424,0.03374950247037911,0.8042417356552424,1,1,388.25241656539396,1.5,0.25,386.50241656539396,357.33002724579427,372.9819833822283,15.651956136434023,13.901956136434023,0.033749502470379146,0.7704922331848633,INTERVENE,0.475,420.3882673479933,1.5,0.25,418.6382673479933,RECOVERED
T0025050,732.93,LIMIT_EXCEEDED,0,1,CONTROL,0.6685992622716185,0.0011468627681873,0.6685992622716185,0.6902498969166803,0.021650634645061784,0.6685992622716185,1,1,558.7854084489425,0.0,0.0,558.7854084489425,416.53098870222675,430.0191284050711,13.488139702844364,11.738139702844364,0.021650634645061784,0.6685992622716185,INTERVENE,0.475,490.0364572967373,1.5,0.25,488.2864572967373,RECOVERED
T0026617,662.72,INSUFFICIENT_FUNDS,0,1,CONTROL,0.699461204612956,0.0971673619394273,0.699461204612956,0.7243525937387768,0.024891389125820784,0.699461204612956,1,1,567.0725335607121,0.0,0.0,567.0725335607121,394.0148900929335,408.03650828417784,14.021618191244329,12.271618191244329,0.024891389125820767,0.699461204612956,INTERVENE,0.475,463.5469295210982,1.5,0.25,461.7969295210982,RECOVERED
T0037232,685.21,INSUFFICIENT_FUNDS,0,1,CONTROL,0.6862926427622507,0.054580647408039,0.6862926427622507,0.7097285293989336,0.023435886636682945,0.6862926427622507,1,1,646.1408476058169,0.0,0.0,646.1408476058169,399.7163944850535,413.3661227850268,13.649728299973276,11.899728299973276,0.023435886636682977,0.6862926427622507,INTERVENE,0.475,470.2545817471218,1.5,0.25,468.5045817471218,RECOVERED
T0006739,801.96,BANK_DECLINE,1,0,RECLAIM,0.6313256901925716,0.1139603670140281,0.6313256901925716,0.6593575075514628,0.028031817358891264,0.6593575075514628,1,1,582.7944379169969,1.5,0.25,581.0444379169969,430.35325793080955,449.46159474257547,19.108336811765923,17.358336811765923,0.028031817358891258,0.6313256901925716,INTERVENE,0.475,506.2979505068347,1.5,0.25,504.5479505068347,RECOVERED
T0034899,641.57,INSUFFICIENT_FUNDS,0,1,CONTROL,0.7001643807523944,0.0994706296909839,0.7001643807523944,0.7251348057621548,0.024970425009760433,0.7001643807523944,1,1,525.1702090436281,0.0,0.0,525.1702090436281,381.8237924954167,395.44102673290183,13.61723423748515,11.86723423748515,0.024970425009760468,0.7001643807523944,INTERVENE,0.475,449.2044617593137,1.5,0.25,447.4544617593137,RECOVERED
T0030466,576.66,NETWORK_ERROR,1,0,RECLAIM,0.7345689832771355,0.2163438748312232,0.7345689832771355,0.7635945432298408,0.029025559952705282,0.7635945432298408,1,1,532.904619357369,1.5,0.25,531.154619357369,360.05706741210395,374.28426490408197,14.227197491978018,12.477197491978018,0.0290255599527053,0.7345689832771355,INTERVENE,0.475,423.5965498965929,1.5,0.25,421.8465498965929,RECOVERED
T0038605,796.3,LIMIT_EXCEEDED,0,1,CONTROL,0.6293591061439198,0.1197678953291511,0.6293591061439198,0.6577210927186944,0.028361986574774622,0.6293591061439198,1,1,646.1679570561956,0.0,0.0,646.1679570561956,425.98485778904274,445.1818102121118,19.196952423069092,17.446952423069092,0.02836198657477461,0.6293591061439198,INTERVENE,0.475,501.1586562224033,1.5,0.25,499.4086562224033,RECOVERED
T0018611,611.91,INSUFFICIENT_FUNDS,0,1,CONTROL,0.7138872647293993,0.1450633106224177,0.7138872647293993,0.7404290594418792,0.02654179471247986,0.7138872647293993,1,1,463.0022682159744,0.0,0.0,463.0022682159744,371.30954273648166,385.1145538986182,13.805011162136566,12.055011162136566,0.026541794712479822,0.7138872647293993,INTERVENE,0.475,436.8347561605667,1.5,0.25,435.0847561605667,RECOVERED
T0036279,580.6,NETWORK_ERROR,0,1,CONTROL,0.7311781717928365,0.2044255169195792,0.7311781717928365,0.7597860840414683,0.028607912248631795,0.7311781717928365,0,0,0.0,0.0,0.0,0.0,360.8437395614827,374.96203033530503,14.11829077382231,12.36829077382231,0.02860791224863179,0.7311781717928365,INTERVENE,0.475,424.5220465429209,1.5,0.25,422.7720465429209,NOT_RECOVERED
T0041660,645.37,INSUFFICIENT_FUNDS,0,1,CONTROL,0.6927846382619135,0.0754485194302154,0.6927846382619135,0.7169323592971062,0.024147721035192693,0.6927846382619135,0,0,0.0,0.0,0.0,0.0,380.0370586958274,393.28364121163736,13.246582515809962,11.496582515809962,0.024147721035192717,0.6927846382619135,INTERVENE,0.475,447.1024219950911,1.5,0.25,445.3524219950911,NOT_RECOVERED
T0040033,550.87,PAYMENT_TIMEOUT,1,0,RECLAIM,0.7461754483915786,0.2578974859334992,0.7461754483915786,0.7766646945648807,0.030489246173302176,0.7766646945648807,1,1,464.83794519949635,1.5,0.25,463.08794519949635,349.38881886714853,363.6650882507125,14.276269383563942,12.526269383563942,0.03048924617330222,0.7461754483915786,INTERVENE,0.475,411.0456692554689,1.5,0.25,409.2956692554689,RECOVERED
T0022129,823.55,BANK_DECLINE,0,1,CONTROL,0.6160010062150026,0.1588932884124088,0.6160010062150026,0.646591168976036,0.030590162761033324,0.6160010062150026,0,0,0.0,0.0,0.0,0.0,431.2114843681106,452.6251336286822,21.413649260571617,19.663649260571617,0.030590162761033303,0.6160010062150026,INTERVENE,0.475,507.3076286683654,1.5,0.25,505.5576286683654,NOT_RECOVERED
T0042579,1124.12,BANK_DECLINE,1,0,RECLAIM,0.5344952282191269,0.3890009821232956,0.5344952282191269,0.5782929394270058,0.0437977112078789,0.5782929394270058,1,1,1003.4746366281958,1.5,0.25,1001.7246366281958,510.71125955383206,552.5600602083828,41.8488006545507,40.0988006545507,0.04379771120787887,0.5344952282191269,INTERVENE,0.475,600.8367759456848,1.5,0.25,599.0867759456848,RECOVERED
T0017826,702.01,BANK_DECLINE,1,0,RECLAIM,0.6614161244280968,0.0233349256493389,0.6614161244280968,0.6843166317273337,0.022900507299236872,0.6843166317273337,1,1,636.8077228268281,1.5,0.25,635.0577228268281,394.67262348330297,408.33755084306966,13.664927359766693,11.914927359766693,0.02290050729923686,0.6614161244280968,INTERVENE,0.475,464.3207335097683,1.5,0.25,462.5707335097683,RECOVERED
T0012538,624.01,INSUFFICIENT_FUNDS,1,0,RECLAIM,0.6966347945827357,0.0879401909303878,0.6966347945827357,0.7212098853642074,0.024575090781471687,0.7212098853642074,1,1,620.8251474730364,1.5,0.25,619.0751474730364,369.501016442437,382.5358534812012,13.03483703876418,11.28483703876418,0.024575090781471697,0.6966347945827357,INTERVENE,0.475,434.7070781675729,1.5,0.25,432.9570781675729,RECOVERED
T0004910,584.8,NETWORK_ERROR,1,0,RECLAIM,0.7167450344282854,0.1547198907432245,0.7167450344282854,0.7436213533067405,0.026876318878455097,0.7436213533067405,1,1,481.6138131664028,1.5,0.25,479.8638131664028,356.2796217136121,369.6393023017145,13.359680588102435,11.609680588102435,0.026876318878455114,0.7167450344282854,INTERVENE,0.475,419.15249613366126,1.5,0.25,417.40249613366126,RECOVERED
T0017950,527.85,PAYMENT_TIMEOUT,1,0,RECLAIM,0.7514381350474985,0.2771503967453754,0.7514381350474985,0.7826095681743779,0.031171433126879422,0.7826095681743779,1,1,433.36818652651573,1.5,0.25,431.61818652651573,337.1496266470988,351.13539147671855,13.985764829619768,12.235764829619768,0.03117143312687945,0.7514381350474985,INTERVENE,0.475,396.6466195848221,1.5,0.25,394.8966195848221,RECOVERED
T0037614,1224.74,NETWORK_ERROR,1,0,RECLAIM,0.5105642254663904,0.4550158163550458,0.5105642254663904,0.5581701893110438,0.04760596384465343,0.5581701893110438,0,0,0.0,1.5,0.25,-1.75,531.5121650730509,581.0713540082866,49.559188935235625,47.809188935235625,0.047605963844653404,0.5105642254663904,INTERVENE,0.475,625.3084294977069,1.5,0.25,623.5584294977069,NOT_RECOVERED
T0030460,601.56,NETWORK_ERROR,1,0,RECLAIM,0.6964102216777194,0.0872091361189606,0.6964102216777194,0.7209602750443524,0.024550053366633073,0.7209602750443524,1,1,465.4646754356288,1.5,0.25,463.7146754356288,356.0926530095815,368.64573359732856,12.553080587747047,10.803080587747047,0.02455005336663305,0.6964102216777194,INTERVENE,0.475,418.9325329524488,1.5,0.25,417.1825329524488,RECOVERED
T0037164,742.49,BANK_DECLINE,0,1,CONTROL,0.628066033983884,0.1235795619913526,0.628066033983884,0.656644803084059,0.028578769100174983,0.628066033983884,1,1,682.3071566682246,0.0,0.0,682.3071566682246,396.38283713678993,414.4193698656005,18.036532728810585,16.286532728810585,0.028578769100174928,0.628066033983884,INTERVENE,0.475,466.33274957269407,1.5,0.25,464.58274957269407,RECOVERED
T0022537,721.78,NETWORK_ERROR,0,1,CONTROL,0.634441586994971,0.1047322809094574,0.634441586994971,0.6619490840910726,0.027507497096101563,0.634441586994971,0,0,0.0,0.0,0.0,0.0,389.2381613620456,406.11436842796616,16.87620706592054,15.12620706592054,0.027507497096101594,0.634441586994971,INTERVENE,0.475,457.9272486612301,1.5,0.25,456.1772486612301,NOT_RECOVERED
T0013884,753.19,BANK_DECLINE,1,0,RECLAIM,0.6214712048129295,0.1429370009374022,0.6214712048129295,0.65115187768666,0.02968067287373055,0.65115187768666,0,0,0.0,1.5,0.25,-1.75,397.8730122400928,416.87492034159317,19.001908101500362,17.251908101500362,0.029680672873730572,0.6214712048129295,INTERVENE,0.475,468.0858967530504,1.5,0.25,466.3358967530504,NOT_RECOVERED
T0019419,555.68,NETWORK_ERROR,1,0,RECLAIM,0.7176394040220365,0.1577540934223043,0.7176394040220365,0.7446209590852689,0.02698155506323241,0.7446209590852689,1,1,467.03204825474313,1.5,0.25,465.28204825474313,338.9611844229204,351.70532836282683,12.74414393990645,10.99414393990645,0.026981555063232406,0.7176394040220365,INTERVENE,0.475,398.7778640269652,1.5,0.25,397.0278640269652,RECOVERED
T0038648,799.13,BANK_DECLINE,1,0,RECLAIM,0.6033362187229593,0.1955163065238375,0.6033362187229593,0.6360176848612284,0.032681466138269166,0.6360176848612284,1,1,607.473646312158,1.5,0.25,605.723646312158,409.82246159786666,432.02169062768047,22.199229029813807,20.449229029813807,0.03268146613826912,0.6033362187229593,INTERVENE,0.475,482.1440724680784,1.5,0.25,480.3940724680784,RECOVERED
T0031813,1122.07,BANK_DECLINE,0,1,CONTROL,0.5205514362604082,0.4274992900307778,0.5205514362604082,0.566569604042679,0.04601816778227075,0.5205514362604082,0,0,0.0,0.0,0.0,0.0,496.48087757200875,540.3711422669434,43.890264694934615,42.140264694934615,0.046018167782270705,0.5205514362604082,INTERVENE,0.475,584.0951500847162,1.5,0.25,582.3451500847162,NOT_RECOVERED
T0016314,711.4,BANK_DECLINE,1,0,RECLAIM,0.6353011878139186,0.1021806399798506,0.6353011878139186,0.6626637750395248,0.02736258722560614,0.6626637750395248,1,1,596.970195334987,1.5,0.25,595.220195334987,384.16027525919844,400.7061581286502,16.54588286945176,14.79588286945176,0.027362587225606128,0.6353011878139186,INTERVENE,0.475,451.9532650108217,1.5,0.25,450.2032650108217,RECOVERED
T0022816,450.44,PAYMENT_TIMEOUT,1,0,RECLAIM,0.787354694479668,0.4166677742976925,0.787354694479668,0.8235473300162758,0.03619263553660779,0.8235473300162758,0,0,0.0,1.5,0.25,-1.75,301.4576412942084,315.3148604326515,13.857219138443156,12.107219138443156,0.03619263553660778,0.787354694479668,INTERVENE,0.475,354.65604858142166,1.5,0.25,352.90604858142166,NOT_RECOVERED
T0011220,765.01,BANK_DECLINE,1,0,RECLAIM,0.6127696339364535,0.1682786014502103,0.6127696339364535,0.6438952338139371,0.031125599877483645,0.6438952338139371,1,1,718.2052609114803,1.5,0.25,716.4552609114803,398.4586630090673,418.698348897,20.239685887932694,18.489685887932694,0.031125599877483593,0.6127696339364535,INTERVENE,0.475,468.7748976577262,1.5,0.25,467.0248976577262,RECOVERED
T0005945,759.13,BANK_DECLINE,1,0,RECLAIM,0.6109207164283078,0.1736356532568101,0.6109207164283078,0.6423520957498735,0.0314313793215657,0.6423520957498735,0,0,0.0,1.5,0.25,-1.75,394.2030069428881,414.48443447961125,20.28142753672313,18.53142753672313,0.03143137932156568,0.6109207164283078,INTERVENE,0.475,463.7682434622213,1.5,0.25,462.0182434622213,NOT_RECOVERED
T0010183,889.34,NETWORK_ERROR,1,0,RECLAIM,0.5673461625892077,0.2975992605526403,0.5673461625892077,0.6058810136234543,0.03853485103424659,0.6058810136234543,1,1,836.7054629321466,1.5,0.25,834.9554629321466,428.87909080152303,458.0090875575004,29.129996755977345,27.379996755977345,0.03853485103424655,0.5673461625892077,INTERVENE,0.475,504.563636237086,1.5,0.25,502.813636237086,RECOVERED
T0002285,574.39,INSUFFICIENT_FUNDS,0,1,CONTROL,0.6952380343951204,0.0833982376882427,0.6952380343951204,0.7196576238872622,0.024419589492141736,0.6952380343951204,1,1,447.91464187754747,0.0,0.0,447.91464187754747,339.43710838978126,351.3595211969138,11.92241280713256,10.17241280713256,0.024419589492141708,0.6952380343951204,INTERVENE,0.475,399.3377745762132,1.5,0.25,397.5877745762132,RECOVERED
T0020416,541.39,INSUFFICIENT_FUNDS,0,1,CONTROL,0.7113176029548528,0.1364295106427435,0.7113176029548528,0.7375608148303564,0.026243211875503603,0.7113176029548528,0,0,0.0,0.0,0.0,0.0,327.3352015041686,339.4118421098556,12.076640605687032,10.326640605687032,0.026243211875503603,0.7113176029548528,INTERVENE,0.475,385.1002370637278,1.5,0.25,383.3502370637278,NOT_RECOVERED
T0031682,695.02,BANK_DECLINE,0,1,CONTROL,0.6306237017258606,0.1160348801806365,0.6306237017258606,0.6587734417735841,0.028149740047723526,0.6306237017258606,1,1,539.6263893695926,0.0,0.0,539.6263893695926,372.5516723974814,389.1816098762549,16.629937478773513,14.879937478773513,0.028149740047723523,0.6306237017258606,INTERVENE,0.475,438.2960851735076,1.5,0.25,436.5460851735076,RECOVERED
T0016656,695.04,BANK_DECLINE,0,1,CONTROL,0.6280871915124202,0.1235172383192597,0.6280871915124202,0.6566624155338522,0.028575224021431977,0.6280871915124202,1,1,514.6850634848779,0.0,0.0,514.6850634848779,371.06386335047364,387.9456484987513,16.881785148277686,15.131785148277686,0.02857522402143198,0.6280871915124202,INTERVENE,0.475,436.5457215887925,1.5,0.25,434.7957215887925,RECOVERED
T0006448,560.96,INSUFFICIENT_FUNDS,0,1,CONTROL,0.6944174168728912,0.0807352265780518,0.6944174168728912,0.7187458924783523,0.024328475605461142,0.6944174168728912,0,0,0.0,0.0,0.0,0.0,331.1093350436645,342.70954146795805,11.60020642429356,9.85020642429356,0.024328475605461145,0.6944174168728912,INTERVENE,0.475,389.5403941690171,1.5,0.25,387.7903941690171,NOT_RECOVERED
T0009904,530.34,INSUFFICIENT_FUNDS,1,0,RECLAIM,0.7122484532364499,0.139551756879295,0.7122484532364499,0.7385995864327425,0.026351133196292564,0.7385995864327425,0,0,0.0,1.5,0.25,-1.75,321.07376798600603,332.95256896842955,11.878800982423513,10.128800982423513,0.02635113319629253,0.7122484532364499,INTERVENE,0.475,377.7338446894189,1.5,0.25,375.9838446894189,NOT_RECOVERED
T0010756,716.96,LIMIT_EXCEEDED,0,1,CONTROL,0.6160700465830002,0.1586924436520845,0.6160700465830002,0.6466487549169391,0.03057870833393883,0.6160700465830002,1,1,550.2000097011229,0.0,0.0,550.2000097011229,375.4429435084257,394.0780976264614,18.6351541180357,16.8851541180357,0.030578708333938796,0.6160700465830002,INTERVENE,0.475,441.6975805981479,1.5,0.25,439.9475805981479,RECOVERED
T0014761,695.54,BANK_DECLINE,0,1,CONTROL,0.6242482572137789,0.1348022058619125,0.6242482572137789,0.6534656674750826,0.029217410261303756,0.6242482572137789,1,1,663.5460747411511,0.0,0.0,663.5460747411511,369.06118789910096,386.3347838022761,17.273595903175135,15.523595903175135,0.029217410261303804,0.6242482572137789,INTERVENE,0.475,434.1896328224717,1.5,0.25,432.4396328224717,RECOVERED
T0034482,654.79,BANK_DECLINE,1,0,RECLAIM,0.6421000239205964,0.0819068992958128,0.6421000239205964,0.6683123335516871,0.02621230963109067,0.6683123335516871,1,1,536.7697276681884,1.5,0.25,535.0197276681884,357.37457346352215,371.96359795336275,14.589024489840597,12.839024489840597,0.026212309631090704,0.6421000239205964,INTERVENE,0.475,420.4406746629673,1.5,0.25,418.6906746629673,RECOVERED
T0019997,697.51,BANK_DECLINE,0,1,CONTROL,0.6218094852264323,0.1419473385376017,0.6218094852264323,0.6514337834776992,0.02962429825126689,0.6218094852264323,0,0,0.0,0.0,0.0,0.0,368.6605839342455,386.22434156650047,17.563757632254976,15.813757632254976,0.029624298251266938,0.6218094852264323,INTERVENE,0.475,433.7183340402888,1.5,0.25,431.9683340402888,NOT_RECOVERED
T0021313,564.77,INSUFFICIENT_FUNDS,1,0,RECLAIM,0.687335790680835,0.0579176695718905,0.687335790680835,0.7108853331377408,0.02354954245690588,0.7108853331377408,1,1,422.7769221889652,1.5,0.25,421.0269221889652,329.95863932739286,341.26370315677156,11.305063829378696,9.555063829378696,0.02354954245690585,0.687335790680835,INTERVENE,0.475,388.1866345028152,1.5,0.25,386.4366345028152,RECOVERED
T0042549,475.94,PAYMENT_TIMEOUT,0,1,CONTROL,0.7437486498379717,0.2491082420279746,0.7437486498379717,0.7739273179849016,0.03017866814692982,0.7437486498379717,1,1,424.43144209673466,0.0,0.0,424.43144209673466,300.8827725433016,313.0915225634739,12.208750020172317,10.458750020172317,0.030178668146929842,0.7437486498379717,INTERVENE,0.475,353.97973240388427,1.5,0.25,352.22973240388427,RECOVERED
T0029092,780.83,BANK_DECLINE,0,1,CONTROL,0.5874966964805262,0.2407654786262136,0.5874966964805262,0.6227687586418874,0.03527206216136125,0.5874966964805262,0,0,0.0,0.0,0.0,0.0,389.9247886859559,413.3350503387932,23.410261652837335,21.660261652837335,0.03527206216136121,0.5874966964805262,INTERVENE,0.475,458.73504551288926,1.5,0.25,456.98504551288926,NOT_RECOVERED
T0010789,614.39,LIMIT_EXCEEDED,0,1,CONTROL,0.6569338867395582,0.0370633792688709,0.6569338867395582,0.6806090527707729,0.023675166031214667,0.6569338867395582,0,0,0.0,0.0,0.0,0.0,343.07156907282956,355.4354865420599,12.36391746923033,10.61391746923033,0.023675166031214657,0.6569338867395582,INTERVENE,0.475,403.6136106739172,1.5,0.25,401.8636106739172,NOT_RECOVERED
T0028119,720.76,BANK_DECLINE,0,1,CONTROL,0.6050799795511698,0.1904987967749164,0.6050799795511698,0.6374746261217501,0.03239464657058033,0.6050799795511698,0,0,0.0,0.0,0.0,0.0,370.6998291521059,390.5462797949857,19.8464506428798,18.0964506428798,0.03239464657058029,0.6050799795511698,INTERVENE,0.475,436.1174460613011,1.5,0.25,434.3674460613011,NOT_RECOVERED
T0028429,765.39,BANK_DECLINE,0,1,CONTROL,0.5860430715785105,0.2448906988415902,0.5860430715785105,0.6215516455211343,0.035508573942623745,0.5860430715785105,0,0,0.0,0.0,0.0,0.0,381.26878057215475,404.37000187060784,23.101221298453083,21.351221298453083,0.03550857394262369,0.5860430715785105,INTERVENE,0.475,448.5515065554762,1.5,0.25,446.8015065554762,NOT_RECOVERED
T0014810,518.56,INSUFFICIENT_FUNDS,0,1,CONTROL,0.7020205664467088,0.105565500848334,0.7020205664467088,0.727200294159249,0.02517972771254018,0.7020205664467088,0,0,0.0,0.0,0.0,0.0,309.4338171961145,320.5324368583371,11.098619662222632,9.348619662222632,0.025179727712540224,0.7020205664467088,INTERVENE,0.475,364.0397849366053,1.5,0.25,362.2897849366053,NOT_RECOVERED
T0015931,476.58,NETWORK_ERROR,0,1,CONTROL,0.7283851935212377,0.1946797283034151,0.7283851935212377,0.756652299521648,0.02826710600041038,0.7283851935212377,0,0,0.0,0.0,0.0,0.0,295.06374319909867,306.5145499701229,11.450806771024247,9.700806771024247,0.028267106000410363,0.7283851935212377,INTERVENE,0.475,347.1338155283514,1.5,0.25,345.3838155283514,NOT_RECOVERED
T0006144,503.45,INSUFFICIENT_FUNDS,1,0,RECLAIM,0.7047455465303172,0.1145528578485768,0.7047455465303172,0.7302343310049421,0.02548878447462488,0.7302343310049421,0,0,0.0,1.5,0.25,-1.75,301.58352359058495,312.4910028527724,10.90747926218745,9.15747926218745,0.025488784474624857,0.7047455465303172,INTERVENE,0.475,354.8041454006882,1.5,0.25,353.0541454006882,NOT_RECOVERED
T0012291,477.65,NETWORK_ERROR,0,1,CONTROL,0.7219696941168566,0.1725282304551039,0.7219696941168566,0.7494645251932464,0.027494831076389725,0.7219696941168566,1,1,458.65245609015676,0.0,0.0,458.65245609015676,293.1215007356791,304.284470889771,11.162970154091909,9.412970154091909,0.02749483107638969,0.7219696941168566,INTERVENE,0.475,344.84882439491656,1.5,0.25,343.09882439491656,RECOVERED
T0012720,455.06,NETWORK_ERROR,1,0,RECLAIM,0.7373974810547773,0.226360324646015,0.7373974810547773,0.7667747838269308,0.029377302772153446,0.7667747838269308,1,1,360.2892356269317,1.5,0.25,358.5392356269317,285.2260830694689,296.58925315904065,11.363170089571724,9.613170089571724,0.02937730277215347,0.7373974810547773,INTERVENE,0.475,335.56009772878696,1.5,0.25,333.81009772878696,RECOVERED
T0017842,521.56,NETWORK_ERROR,1,0,RECLAIM,0.6790566874641101,0.0315955848873259,0.6790566874641101,0.7017115047227959,0.02265481725868579,0.7017115047227959,1,1,461.9326083294592,1.5,0.25,460.1826083294592,301.04348502671405,311.08695454273817,10.043469516024118,8.293469516024118,0.02265481725868581,0.6790566874641101,INTERVENE,0.475,354.1688059137812,1.5,0.25,352.4188059137812,RECOVERED
T0021006,600.41,BANK_DECLINE,1,0,RECLAIM,0.6335321650728358,0.107429044470201,0.6335321650728358,0.6611928462964456,0.027660681223609762,0.6611928462964456,1,1,557.1745149928265,1.5,0.25,555.4245149928265,323.32219014667413,337.43877731812154,14.116587171447406,12.366587171447406,0.02766068122360979,0.6335321650728358,INTERVENE,0.475,380.3790472313813,1.5,0.25,378.6290472313813,RECOVERED
T0032633,439.8,NETWORK_ERROR,0,1,CONTROL,0.7335063713183204,0.2125985379839754,0.7335063713183204,0.7624005825314581,0.028894211213137733,0.7335063713183204,1,1,324.7870125279572,0.0,0.0,324.7870125279572,274.2066867899277,285.00820976773497,10.80152297780728,9.05152297780728,0.02889421121313768,0.7335063713183204,INTERVENE,0.475,322.59610210579734,1.5,0.25,320.84610210579734,RECOVERED
T0030981,606.82,BANK_DECLINE,1,0,RECLAIM,0.6287467488723256,0.1215736553246398,0.6287467488723256,0.657211427151403,0.028464678279077393,0.657211427151403,1,1,566.9224990867747,1.5,0.25,565.1724990867747,324.30568682809894,338.9876824904122,14.681995662313284,12.931995662313284,0.028464678279077393,0.6287467488723256,INTERVENE,0.475,381.5361021507047,1.5,0.25,379.7861021507047,RECOVERED
T0022581,642.01,BANK_DECLINE,1,0,RECLAIM,0.611065372424111,0.1732168625659147,0.611065372424111,0.6424728432047333,0.03140747078062234,0.6424728432047333,1,1,630.1671225302781,1.5,0.25,628.4171225302781,333.46356778750294,350.6028915559902,17.13932376848726,15.389323768487259,0.03140747078062228,0.611065372424111,INTERVENE,0.475,392.31007975000347,1.5,0.25,390.56007975000347,RECOVERED
T0004637,564.45,NETWORK_ERROR,1,0,RECLAIM,0.6486598677822114,0.0621836587150617,0.6486598677822114,0.6737550370520118,0.025095169269800377,0.6737550370520118,1,1,518.4543748246682,1.5,0.25,516.7043748246682,311.21565301421884,323.25587606440683,12.04022305018799,10.29022305018799,0.025095169269800374,0.6486598677822114,INTERVENE,0.475,366.1360623696693,1.5,0.25,364.3860623696693,RECOVERED
T0014571,641.17,BANK_DECLINE,1,0,RECLAIM,0.609642720604179,0.1773331074643258,0.609642720604179,0.6412852152189275,0.03164249461474844,0.6412852152189275,1,1,533.6886368929838,1.5,0.25,531.9386368929838,332.2519296943142,349.4969152256317,17.244985531317525,15.494985531317525,0.0316424946147484,0.609642720604179,INTERVENE,0.475,390.88462316978143,1.5,0.25,389.13462316978143,RECOVERED
T0028520,653.51,BANK_DECLINE,1,0,RECLAIM,0.6032238568976241,0.1958393567045583,0.6032238568976241,0.6359237929579125,0.032699936060288315,0.6359237929579125,0,0,0.0,1.5,0.25,-1.75,335.08089931299133,353.24517424553653,18.164274932545197,16.414274932545197,0.03269993606028827,0.6032238568976241,INTERVENE,0.475,394.21282272116633,1.5,0.25,392.46282272116633,NOT_RECOVERED
T0027560,466.83,NETWORK_ERROR,0,1,CONTROL,0.7013206952429919,0.1032648899347068,0.7013206952429919,0.726421390956549,0.02510069571355711,0.7013206952429919,0,0,0.0,0.0,0.0,0.0,278.287909136243,288.2480032492089,9.960094112965919,8.210094112965919,0.02510069571355709,0.7013206952429919,INTERVENE,0.475,327.39754016028587,1.5,0.25,325.64754016028587,NOT_RECOVERED
T0037771,936.07,NETWORK_ERROR,1,0,RECLAIM,0.5118082624072422,0.451589991682268,0.5118082624072422,0.5592165228486908,0.047408260441448635,0.5592165228486908,1,1,864.3963167204288,1.5,0.25,862.6463167204288,407.2251061628151,444.94593896152793,37.72083279871282,35.97083279871282,0.04740826044144859,0.5118082624072422,INTERVENE,0.475,479.0883601915472,1.5,0.25,477.3383601915472,RECOVERED
T0031500,795.89,BANK_DECLINE,0,1,CONTROL,0.5461888934235075,0.3566027156578347,0.5461888934235075,0.5881194043582874,0.04193051093477984,0.5461888934235075,1,1,753.0327426972873,0.0,0.0,753.0327426972873,369.5003366288101,397.8665998245097,28.366263195699617,26.616263195699617,0.0419305109347798,0.5461888934235075,INTERVENE,0.475,434.7062783868354,1.5,0.25,432.9562783868354,RECOVERED
T0034584,436.71,NETWORK_ERROR,0,1,CONTROL,0.7206602273139775,0.1680458293484408,0.7206602273139775,0.7479991816786681,0.027338954364690582,0.7206602273139775,1,1,403.87196646977185,0.0,0.0,403.87196646977185,267.511598689744,277.65991423625746,10.148315546513459,8.398315546513459,0.02733895436469062,0.7206602273139775,INTERVENE,0.475,314.7195278702871,1.5,0.25,312.9695278702871,RECOVERED
T0033862,759.17,NETWORK_ERROR,1,0,RECLAIM,0.5503153827561498,0.3451380583422482,0.5503153827561498,0.5915855569850857,0.041270174228935974,0.5915855569850857,0,0,0.0,1.5,0.25,-1.75,355.1154897579383,381.7469062019124,26.631416443974103,24.881416443974103,0.04127017422893593,0.5503153827561498,INTERVENE,0.475,417.7829291269862,1.5,0.25,416.0329291269862,NOT_RECOVERED
T0018843,553.95,LIMIT_EXCEEDED,1,0,RECLAIM,0.6342411706599268,0.1053268310338697,0.6342411706599268,0.6617824370833535,0.02754126642342669,0.6617824370833535,0,0,0.0,1.5,0.25,-1.75,298.6372120140065,311.60522386897514,12.968011854968665,11.218011854968665,0.0275412664234267,0.6342411706599268,INTERVENE,0.475,351.3378964870665,1.5,0.25,349.5878964870665,NOT_RECOVERED
T0026881,517.86,LIMIT_EXCEEDED,0,1,CONTROL,0.6480280685057485,0.0640904794917767,0.6480280685057485,0.6732311576851772,0.025203089179428706,0.6480280685057485,1,1,399.52979724463097,0.0,0.0,399.52979724463097,285.24964322292885,296.34356422101894,11.093920998090084,9.343920998090084,0.025203089179428758,0.6480280685057485,INTERVENE,0.475,335.5878155563869,1.5,0.25,333.8378155563869,RECOVERED
T0027948,423.79,INSUFFICIENT_FUNDS,1,0,RECLAIM,0.7081785805523099,0.1259444120872241,0.7081785805523099,0.7340598287769041,0.025881248224594255,0.7340598287769041,0,0,0.0,1.5,0.25,-1.75,255.1011505544239,264.42413261175955,9.32298205733565,7.5729820573356506,0.02588124822459424,0.7081785805523099,INTERVENE,0.475,300.1190006522634,1.5,0.25,298.3690006522634,NOT_RECOVERED
T0027304,430.14,NETWORK_ERROR,1,0,RECLAIM,0.6962839199248774,0.0867981185712329,0.6962839199248774,0.7208198980632121,0.024535978138334746,0.7208198980632121,1,1,366.2999446065457,1.5,0.25,364.5499446065457,254.5746305190137,263.54545030997355,8.970819790959837,7.220819790959837,0.024535978138334774,0.6962839199248774,INTERVENE,0.475,299.4995653164867,1.5,0.25,297.7495653164867,RECOVERED
T0019516,607.12,INSUFFICIENT_FUNDS,0,1,CONTROL,0.5890769269056519,0.2362760491016698,0.5890769269056519,0.6240916566735293,0.03501472976787734,0.5890769269056519,1,1,531.1045112067526,0.0,0.0,531.1045112067526,303.99432628351553,322.06374760968816,18.06942132617263,16.31942132617263,0.035014729767877326,0.5890769269056519,INTERVENE,0.475,357.6403838629594,1.5,0.25,355.8903838629594,RECOVERED
T0045263,378.61,NETWORK_ERROR,0,1,CONTROL,0.7278380314849068,0.1927778546507512,0.7278380314849068,0.7560387038422188,0.02820067235731205,0.7278380314849068,0,0,0.0,0.0,0.0,0.0,234.2317435354255,243.30724161244711,9.07549807702162,7.325498077021621,0.028200672357312065,0.7278380314849068,INTERVENE,0.475,275.5667571005006,1.5,0.25,273.8167571005006,NOT_RECOVERED
T0010693,479.53,BANK_DECLINE,0,1,CONTROL,0.6476998327017465,0.0650805038557582,0.6476998327017465,0.6729589612306944,0.02525912852894796,0.6476998327017465,1,1,448.8724072440195,0.0,0.0,448.8724072440195,264.0027756591482,274.2984090771116,10.295633417963415,8.545633417963415,0.025259128528947992,0.6476998327017465,INTERVENE,0.475,310.5915007754685,1.5,0.25,308.8415007754685,RECOVERED
T0020397,601.75,BANK_DECLINE,1,0,RECLAIM,0.5814024520834014,0.2580321841491486,0.5814024520834014,0.617664814547194,0.03626236246379266,0.617664814547194,1,1,586.0720807814297,1.5,0.25,584.3220807814297,297.38008671000875,315.92783183070793,18.547745120699176,16.797745120699176,0.03626236246379264,0.5814024520834014,INTERVENE,0.475,349.85892554118675,1.5,0.25,348.10892554118675,RECOVERED
T0029955,373.36,NETWORK_ERROR,0,1,CONTROL,0.7266571869382785,0.1886815090642948,0.7266571869382785,0.754714853303332,0.02805766636505347,0.7266571869382785,1,1,288.9871797901286,0.0,0.0,288.9871797901286,230.60901821798433,239.51328698493222,8.904268766947894,7.154268766947894,0.028057666365053517,0.7266571869382785,INTERVENE,0.475,271.30472731527567,1.5,0.25,269.55472731527567,RECOVERED
T0036986,375.2,NETWORK_ERROR,0,1,CONTROL,0.7238348681847375,0.1789353419906156,0.7238348681847375,0.7515527381878494,0.027717870003111877,0.7238348681847375,1,1,345.5430533845245,0.0,0.0,345.5430533845245,230.84541616147646,239.6851992628689,8.839783101392442,7.089783101392442,0.027717870003111884,0.7238348681847375,INTERVENE,0.475,271.5828425429135,1.5,0.25,269.8328425429135,RECOVERED
T0008618,406.05,INSUFFICIENT_FUNDS,1,0,RECLAIM,0.6929916900557561,0.0761180547961932,0.6929916900557561,0.7171622933696333,0.024170603313877215,0.7171622933696333,0,0,0.0,1.5,0.25,-1.75,239.1808843850688,247.52318683932867,8.34230245425988,6.59230245425988,0.024170603313877225,0.6929916900557561,INTERVENE,0.475,281.3892757471398,1.5,0.25,279.6392757471398,NOT_RECOVERED
T0018355,365.31,NETWORK_ERROR,0,1,CONTROL,0.7266103901645582,0.1885193991037355,0.7266103901645582,0.7546623994684668,0.02805200930390861,0.7266103901645582,0,0,0.0,0.0,0.0,0.0,225.62233538636255,234.3328629773518,8.710527590989244,6.960527590989244,0.028052009303908557,0.7266103901645582,INTERVENE,0.475,265.4380416310148,1.5,0.25,263.6880416310148,NOT_RECOVERED
T0035129,476.71,INSUFFICIENT_FUNDS,1,0,RECLAIM,0.6291021277617695,0.1205258392996017,0.6291021277617695,0.6575072160585896,0.02840508829682009,0.6575072160585896,1,1,360.65927433704525,1.5,0.25,358.90927433704525,254.91438402651616,266.4242252221967,11.509841195680536,9.759841195680536,0.02840508829682014,0.6291021277617695,INTERVENE,0.475,299.8992753253132,1.5,0.25,298.1492753253132,RECOVERED
T0022042,337.94,PAYMENT_TIMEOUT,1,0,RECLAIM,0.7328650818776161,0.2103428169020553,0.7328650818776161,0.761680230772492,0.028815148894875908,0.761680230772492,1,1,317.1802368396323,1.5,0.25,315.4302368396323,210.51476190426334,218.79188460916754,8.277122704904201,6.527122704904201,0.028815148894875922,0.7328650818776161,INTERVENE,0.475,247.6644257697216,1.5,0.25,245.9144257697216,RECOVERED
T0042375,579.72,LIMIT_EXCEEDED,0,1,CONTROL,0.5666620777339678,0.2995165791308442,0.5666620777339678,0.6053071510741669,0.038645073340199065,0.5666620777339678,0,0,0.0,0.0,0.0,0.0,279.2295387483455,298.2723623776086,19.042823629263125,17.292823629263125,0.03864507334019911,0.5666620777339678,INTERVENE,0.475,328.5053397039358,1.5,0.25,326.7553397039358,NOT_RECOVERED
T0023498,484.89,LIMIT_EXCEEDED,1,0,RECLAIM,0.6098963769368695,0.1765995856368376,0.6098963769368695,0.6414969850977368,0.031600608160867294,0.6414969850977368,1,1,444.426365741027,1.5,0.25,442.676365741027,251.37275608098085,264.39715213843533,13.024396057454481,11.274396057454481,0.03160060816086725,0.6098963769368695,INTERVENE,0.475,295.73265421291865,1.5,0.25,293.98265421291865,RECOVERED
T0042809,446.49,BANK_DECLINE,1,0,RECLAIM,0.6301999469734957,0.1172863673699576,0.6301999469734957,0.6584208353610714,0.02822088838757575,0.6584208353610714,0,0,0.0,1.5,0.25,-1.75,239.17127817556667,249.88157096331008,10.710292787743413,8.960292787743413,0.028220888387575742,0.6301999469734957,INTERVENE,0.475,281.3779743241961,1.5,0.25,279.6279743241961,NOT_RECOVERED
T0035863,362.46,INSUFFICIENT_FUNDS,0,1,CONTROL,0.6949653908555312,0.0825130281214003,0.6949653908555312,0.7193546884410507,0.024389297585519443,0.6949653908555312,1,1,360.7403373399156,0.0,0.0,360.7403373399156,214.11258223407143,221.6267053164917,7.514123082420269,5.764123082420269,0.024389297585519422,0.6949653908555312,INTERVENE,0.475,251.89715556949585,1.5,0.25,250.14715556949585,RECOVERED
T0030704,462.25,LIMIT_EXCEEDED,0,1,CONTROL,0.6132324978509885,0.1669360325761688,0.6132324978509885,0.6442814818921315,0.03104898404114298,0.6132324978509885,1,1,372.3956272501263,0.0,0.0,372.3956272501263,240.94671381187652,253.1462477539421,12.199533942065585,10.449533942065585,0.031048984041142997,0.6132324978509885,INTERVENE,0.475,283.46672213161946,1.5,0.25,281.71672213161946,RECOVERED
T0030786,415.77,BANK_DECLINE,0,1,CONTROL,0.6445789852674253,0.0744727709959869,0.6445789852674253,0.6703699954778848,0.025791010210459486,0.6445789852674253,0,0,0.0,0.0,0.0,0.0,227.7971139989418,236.91177306686413,9.114659067922332,7.364659067922332,0.02579101021045952,0.6445789852674253,INTERVENE,0.475,267.9966047046374,1.5,0.25,266.2466047046374,NOT_RECOVERED
T0018217,476.02,BANK_DECLINE,0,1,CONTROL,0.6037566149747354,0.1943073517551388,0.6037566149747354,0.6363689642796009,0.03261234930486545,0.6037566149747354,1,1,400.8944385311433,0.0,0.0,400.8944385311433,244.2901902812325,257.48570121991924,13.195510938686738,11.445510938686738,0.03261234930486551,0.6037566149747354,INTERVENE,0.475,287.4002238602736,1.5,0.25,285.6502238602736,RECOVERED
T0014339,405.46,LIMIT_EXCEEDED,0,1,CONTROL,0.6468903335443693,0.0675203190493957,0.6468903335443693,0.6722875862275391,0.025397252683169835,0.6468903335443693,1,1,403.8335475109496,0.0,0.0,403.8335475109496,222.94493144306497,231.69786600504528,8.752934561980311,7.002934561980311,0.02539725268316988,0.6468903335443693,INTERVENE,0.475,262.2881546389,1.5,0.25,260.5381546389,RECOVERED
T0001904,291.86,PAYMENT_TIMEOUT,1,0,RECLAIM,0.754046983773912,0.2867955782812259,0.754046983773912,0.7855611403644802,0.03151415659056822,0.7855611403644802,1,1,212.51562545446836,1.5,0.25,210.76562545446836,187.06472978161588,194.88279326276063,7.818063481144748,6.068063481144748,0.03151415659056824,0.754046983773912,INTERVENE,0.475,220.076152684254,1.5,0.25,218.326152684254,RECOVERED
T0004409,321.38,NETWORK_ERROR,1,0,RECLAIM,0.7161358659088103,0.1526565668286699,0.7161358659088103,0.742940656109292,0.026804790200481765,0.742940656109292,1,1,264.7247149870526,1.5,0.25,262.9747149870526,195.62898289790743,202.95132785134365,7.322344953436215,5.572344953436215,0.026804790200481782,0.7161358659088103,INTERVENE,0.475,230.15174458577343,1.5,0.25,228.40174458577343,RECOVERED
T0009771,461.34,BANK_DECLINE,1,0,RECLAIM,0.602756411668257,0.1971829674679311,0.602756411668257,0.6355331707959249,0.032776759127667865,0.6355331707959249,0,0,0.0,1.5,0.25,-1.75,236.3642965151786,249.21734206274314,12.853045547564534,11.103045547564534,0.03277675912766791,0.602756411668257,INTERVENE,0.475,278.07564295903364,1.5,0.25,276.32564295903364,NOT_RECOVERED
T0041443,364.47,INSUFFICIENT_FUNDS,1,0,RECLAIM,0.6721674621049731,0.0099646760184239,0.6721674621049731,0.6940900113521281,0.021922549247154977,0.6940900113521281,1,1,286.18745434427973,1.5,0.25,284.43745434427973,208.23714367638965,215.02873847188363,6.791594795493978,5.041594795493978,0.02192254924715501,0.6721674621049731,INTERVENE,0.475,244.9848749133996,1.5,0.25,243.2348749133996,RECOVERED
T0002288,320.46,NETWORK_ERROR,0,1,CONTROL,0.7145771668084737,0.1473892003492416,0.7145771668084737,0.741199479985893,0.026622313177419255,0.7145771668084737,0,0,0.0,0.0,0.0,0.0,194.64438904412694,201.89606755283734,7.251678508710398,5.501678508710398,0.026622313177419296,0.7145771668084737,INTERVENE,0.475,228.99339887544343,1.5,0.25,227.24339887544343,NOT_RECOVERED
T0044092,426.11,BANK_DECLINE,1,0,RECLAIM,0.6159666041118295,0.1589933622073571,0.6159666041118295,0.6465624742672464,0.030595870155416982,0.6465624742672464,0,0,0.0,1.5,0.25,-1.75,223.0991002263779,234.18072552351396,11.081625297136043,9.331625297136043,0.030595870155417038,0.6159666041118295,INTERVENE,0.475,262.46952967809165,1.5,0.25,260.71952967809165,NOT_RECOVERED
T0002672,327.4,INSUFFICIENT_FUNDS,1,0,RECLAIM,0.6930963973225143,0.0764567383709449,0.6930963973225143,0.7172785766429188,0.024182179320404562,0.7172785766429188,1,1,325.4334921880113,1.5,0.25,323.6834921880113,192.88179641088246,199.61145509395786,6.7296586830753995,4.9796586830753995,0.02418217932040452,0.6930963973225143,INTERVENE,0.475,226.91976048339117,1.5,0.25,225.16976048339117,RECOVERED
T0000191,300.35,NETWORK_ERROR,1,0,RECLAIM,0.7193119745242124,0.1634440851355336,0.7193119745242124,0.7464910392469639,0.027179064722751556,0.7464910392469639,1,1,289.8554559109582,1.5,0.25,288.1054559109582,183.63854881609512,190.57729609215178,6.9387472760566595,5.1887472760566595,0.02717906472275158,0.7193119745242124,INTERVENE,0.475,216.0453515483472,1.5,0.25,214.2953515483472,RECOVERED
T0044793,386.63,BANK_DECLINE,1,0,RECLAIM,0.6296515724464549,0.1189050187339595,0.6296515724464549,0.6579644932538571,0.02831292080740222,0.6579644932538571,0,0,0.0,1.5,0.25,-1.75,206.92585933672692,216.23049022272792,9.304630886001007,7.554630886001007,0.02831292080740225,0.6296515724464549,INTERVENE,0.475,243.44218745497284,1.5,0.25,241.69218745497284,NOT_RECOVERED
T0019367,280.39,INSUFFICIENT_FUNDS,0,1,CONTROL,0.73324815402584,0.2116898496879784,0.73324815402584,0.7621105118708946,0.028862357845054643,0.73324815402584,0,0,0.0,0.0,0.0,0.0,174.75613242120946,181.6349414599581,6.878809038748642,5.128809038748642,0.028862357845054625,0.73324815402584,INTERVENE,0.475,205.59544990730527,1.5,0.25,203.84544990730527,NOT_RECOVERED
T0025822,249.46,PAYMENT_TIMEOUT,1,0,RECLAIM,0.7541355664968006,0.2871242825806788,0.7541355664968006,0.7856614143855432,0.031525847888742575,0.7856614143855432,1,1,199.83167002739415,1.5,0.25,198.08167002739415,159.9076596555481,166.59243196772496,6.684772312176875,4.934772312176875,0.03152584788874253,0.7541355664968006,INTERVENE,0.475,188.12665841829187,1.5,0.25,186.37665841829187,RECOVERED
T0019001,250.75,NETWORK_ERROR,1,0,RECLAIM,0.7511420809734314,0.2760601505960494,0.7511420809734314,0.7822748149161836,0.031132733942752178,0.7822748149161836,1,1,221.13864465521362,1.5,0.25,219.38864465521362,160.0965452834747,166.73209836419807,6.635553080723355,4.885553080723355,0.031132733942752122,0.7511420809734314,INTERVENE,0.475,188.34887680408792,1.5,0.25,186.59887680408792,RECOVERED
T0005658,628.72,BANK_DECLINE,1,0,RECLAIM,0.4926387649621142,0.5043599470745277,0.4926387649621142,0.543092605806794,0.0504538408446798,0.543092605806794,1,1,564.3040086112692,1.5,0.25,562.5540086112692,263.2720676609334,290.2352056544204,26.96313799348701,25.21313799348701,0.05045384084467974,0.4926387649621142,INTERVENE,0.475,309.73184430698046,1.5,0.25,307.98184430698046,RECOVERED
T0001558,374.45,BANK_DECLINE,1,0,RECLAIM,0.6074982726317064,0.1835276053549236,0.6074982726317064,0.6394945753305683,0.03199630269886189,0.6394945753305683,1,1,355.30760027964266,1.5,0.25,353.55760027964266,193.3560689589011,203.5399321726516,10.183863213750499,8.433863213750499,0.031996302698861834,0.6074982726317064,INTERVENE,0.475,227.47772818694247,1.5,0.25,225.72772818694247,RECOVERED
T0016052,338.92,BANK_DECLINE,0,1,CONTROL,0.6320861709968552,0.1117111420111707,0.6320861709968552,0.6599901564024679,0.027903985405612786,0.6320861709968552,0,0,0.0,0.0,0.0,0.0,182.09264831311603,190.13128423673575,8.038635923619722,6.288635923619722,0.027903985405612754,0.6320861709968552,INTERVENE,0.475,214.22664507425412,1.5,0.25,212.47664507425412,NOT_RECOVERED
T0041575,357.06,BANK_DECLINE,1,0,RECLAIM,0.6134911668091936,0.1661854870095354,0.6134911668091936,0.6444973228863009,0.031006156077107327,0.6444973228863009,1,1,273.52487298445203,1.5,0.25,271.77487298445203,186.19518261775704,195.60558199331518,9.410399375558143,7.660399375558143,0.03100615607710731,0.6134911668091936,INTERVENE,0.475,219.05315602089067,1.5,0.25,217.30315602089067,RECOVERED
T0017955,279.47,INSUFFICIENT_FUNDS,1,0,RECLAIM,0.6627909512122709,0.0191063598791388,0.6627909512122709,0.6854530541144027,0.022662102902131775,0.6854530541144027,0,0,0.0,1.5,0.25,-1.75,157.44565906499938,162.82903027834934,5.38337121334996,3.6333712133499603,0.022662102902131765,0.6627909512122709,INTERVENE,0.475,185.2301871352934,1.5,0.25,183.4801871352934,NOT_RECOVERED
T0039103,242.71,NETWORK_ERROR,1,0,RECLAIM,0.7030549123420072,0.1089712981908612,0.7030549123420072,0.7283516988286257,0.025296786486618483,0.7283516988286257,0,0,0.0,1.5,0.25,-1.75,145.0426891083493,150.2615046992914,5.218815590942114,3.468815590942114,0.025296786486618497,0.7030549123420072,INTERVENE,0.475,170.63845777452858,1.5,0.25,168.88845777452858,NOT_RECOVERED
T0015600,230.4,NETWORK_ERROR,0,1,CONTROL,0.7119898576148533,0.1386837763911752,0.7119898576148533,0.7383109825359364,0.026321124921083072,0.7119898576148533,0,0,0.0,0.0,0.0,0.0,139.43609371529288,144.5908228198378,5.154729104544913,3.404729104544913,0.02632112492108302,0.7119898576148533,INTERVENE,0.475,164.0424631944622,1.5,0.25,162.2924631944622,NOT_RECOVERED
T0014645,304.35,BANK_DECLINE,0,1,CONTROL,0.6191128500705947,0.1498269893365009,0.6191128500705947,0.6491861148382664,0.030073264767671692,0.6191128500705947,1,1,218.08594509722215,0.0,0.0,218.08594509722215,160.16294653113766,167.94282494337241,7.779878412234751,6.029878412234751,0.030073264767671734,0.6191128500705947,INTERVENE,0.475,188.4269959189855,1.5,0.25,186.6769959189855,RECOVERED
T0035860,243.65,INSUFFICIENT_FUNDS,0,1,CONTROL,0.6873021742960925,0.057810036593008,0.6873021742960925,0.7108480498424147,0.023545875546322148,0.6873021742960925,1,1,196.01222570161514,0.0,0.0,196.01222570161514,142.3419985521565,147.2184082424887,4.876409690332196,3.1264096903321956,0.02354587554632212,0.6873021742960925,INTERVENE,0.475,167.46117476724294,1.5,0.25,165.71117476724294,RECOVERED
T0004475,429.62,BANK_DECLINE,0,1,CONTROL,0.5252073570148502,0.4146572724580477,0.5252073570148502,0.5704846767799426,0.045277319765092416,0.5252073570148502,0,0,0.0,0.0,0.0,0.0,191.79364701261196,208.3278828124691,16.534235799857157,14.784235799857157,0.04527731976509239,0.5252073570148502,INTERVENE,0.475,225.63958472072,1.5,0.25,223.88958472072,NOT_RECOVERED
T0028832,257.66,BANK_DECLINE,0,1,CONTROL,0.6557131518809832,0.040787365942846,0.6557131518809832,0.6795986230325769,0.023885471151593674,0.6557131518809832,0,0,0.0,0.0,0.0,0.0,143.60839310660603,148.83957402898773,5.2311809223816965,3.4811809223816965,0.023885471151593656,0.6557131518809832,INTERVENE,0.475,168.95105071365415,1.5,0.25,167.20105071365415,NOT_RECOVERED
T0029260,302.98,BANK_DECLINE,1,0,RECLAIM,0.6062854840378373,0.1870255766137859,0.6062854840378373,0.6384816430441334,0.03219615900629602,0.6384816430441334,1,1,248.11967517724923,1.5,0.25,246.36967517724923,156.13851956071636,164.43009297808482,8.291573417368454,6.541573417368454,0.03219615900629606,0.6062854840378373,INTERVENE,0.475,183.692375953784,1.5,0.25,181.942375953784,RECOVERED
T0017251,208.77,INSUFFICIENT_FUNDS,1,0,RECLAIM,0.7042183047976118,0.1128102078447517,0.7042183047976118,0.7296471234827092,0.025428818685097387,0.7296471234827092,0,0,0.0,1.5,0.25,-1.75,124.9667071687078,129.47916547406243,4.512458305354627,2.7624583053546274,0.025428818685097415,0.7042183047976118,INTERVENE,0.475,147.01965549259742,1.5,0.25,145.26965549259742,NOT_RECOVERED
T0016502,492.75,BANK_DECLINE,0,1,CONTROL,0.4837878842409215,0.5287354433684863,0.4837878842409215,0.5356484032440711,0.05186051900314964,0.4837878842409215,1,1,352.44644458411676,0.0,0.0,352.44644458411676,202.62850796575694,224.34963809373863,21.721130127981695,19.971130127981695,0.05186051900314963,0.4837878842409215,INTERVENE,0.475,238.3864799597141,1.5,0.25,236.6364799597141,RECOVERED
T0001103,278.71,INSUFFICIENT_FUNDS,1,0,RECLAIM,0.5986857737289317,0.2088610182333015,0.5986857737289317,0.6321305174689177,0.03344474373998596,0.6321305174689177,0,0,0.0,1.5,0.25,-1.75,141.83075519659195,149.75393204519773,7.923176848605777,6.173176848605777,0.03344474373998596,0.5986857737289317,INTERVENE,0.475,166.85971199599055,1.5,0.25,165.10971199599055,NOT_RECOVERED
T0004058,956.35,INSUFFICIENT_FUNDS,0,1,CONTROL,0.3973107665998682,0.770818573651065,0.3973107665998682,0.4630917255831707,0.0657809589833025,0.3973107665998682,1,1,743.3553476457072,0.0,0.0,743.3553476457072,322.9729288921164,376.4461059972455,53.47317710512914,51.72317710512914,0.06578095898330252,0.3973107665998682,ABSTAIN,0.475,379.96815163778393,0.0,0.0,0.0,RECOVERED
T0037538,220.56,INSUFFICIENT_FUNDS,1,0,RECLAIM,0.6625705266446633,0.0197848893732751,0.6625705266446633,0.6852708782338974,0.022700351589234113,0.6852708782338974,1,1,211.7337732059442,1.5,0.25,209.9837732059442,124.2160720532349,128.47184316777816,4.255771114543265,2.505771114543265,0.022700351589234162,0.6625705266446633,INTERVENE,0.475,146.13655535674695,1.5,0.25,144.38655535674695,RECOVERED
T0008860,205.28,INSUFFICIENT_FUNDS,0,1,CONTROL,0.6799536175244041,0.0344295806423737,0.6799536175244041,0.7027045720399567,0.022750954515552646,0.6799536175244041,1,1,189.64185041623355,0.0,0.0,189.64185041623355,118.64374681459822,122.61351536610798,3.969768551509759,2.219768551509759,0.02275095451555267,0.6799536175244041,INTERVENE,0.475,139.58087860540968,1.5,0.25,137.83087860540968,RECOVERED
T0034892,221.27,BANK_DECLINE,0,1,CONTROL,0.646812627707896,0.0677543891188579,0.646812627707896,0.6722231332484683,0.025410505540572226,0.646812627707896,1,1,213.682994946749,0.0,0.0,213.682994946749,121.65219561298723,126.43139078980529,4.779195176818064,3.029195176818064,0.02541050554057224,0.646812627707896,INTERVENE,0.475,143.12023013292617,1.5,0.25,141.37023013292617,RECOVERED
T0040635,194.97,INSUFFICIENT_FUNDS,0,1,CONTROL,0.6738561961706226,0.0152450107960282,0.6738561961706226,0.6959572547904721,0.022101058619849456,0.6738561961706226,1,1,149.10865691711516,0.0,0.0,149.10865691711516,111.67448118227836,115.33716807152359,3.6626868892452364,1.9126868892452364,0.022101058619849477,0.6738561961706226,INTERVENE,0.475,131.38174256738628,1.5,0.25,129.63174256738628,RECOVERED
T0040793,199.48,LIMIT_EXCEEDED,0,1,CONTROL,0.6170166769911313,0.1559372321533854,0.6170166769911313,0.647438268743344,0.030421591752212707,0.6170166769911313,1,1,171.43068361936457,0.0,0.0,171.43068361936457,104.62011371726223,109.77833797158391,5.158224254321681,3.4082242543216807,0.03042159175221275,0.6170166769911313,INTERVENE,0.475,123.08248672619088,1.5,0.25,121.33248672619088,RECOVERED
T0008036,197.03,INSUFFICIENT_FUNDS,0,1,CONTROL,0.6192127489974125,0.1495354676856595,0.6192127489974125,0.6492693988283578,0.030056649830945248,0.6192127489974125,1,1,183.9828670947629,0.0,0.0,183.9828670947629,103.70296474471616,108.73671720347862,5.033752458762464,3.2837524587624642,0.030056649830945244,0.6192127489974125,INTERVENE,0.475,122.0034879349602,1.5,0.25,120.2534879349602,RECOVERED
T0004593,550.79,NETWORK_ERROR,0,1,CONTROL,0.4083686064645856,0.7391868684910934,0.4083686064645856,0.4723391143204243,0.06397050785583869,0.4083686064645856,0,0,0.0,0.0,0.0,0.0,191.18654304143473,221.13571166006452,29.949168618629784,28.199168618629784,0.06397050785583872,0.4083686064645856,ABSTAIN,0.475,224.92534475462912,0.0,0.0,0.0,NOT_RECOVERED
T0045469,110.46,NETWORK_ERROR,1,0,RECLAIM,0.7149548879187541,0.1486640540879873,0.7149548879187541,0.7416213492755571,0.02666646135680306,0.7416213492755571,1,1,84.96847106394502,1.5,0.25,83.21847106394502,67.12782938157973,69.63157010483133,2.503740723251596,0.753740723251596,0.026666461356803037,0.7149548879187541,INTERVENE,0.475,78.97391691950557,1.5,0.25,77.22391691950557,RECOVERED
T0002337,103.68,NETWORK_ERROR,1,0,RECLAIM,0.7263220487898537,0.1875209295827955,0.7263220487898537,0.7543392189134347,0.02801717012358096,0.7543392189134347,1,1,73.42147308030889,1.5,0.25,71.67147308030889,64.00930951575224,66.47840668440317,2.469097168650933,0.7190971686509329,0.028017170123580917,0.7263220487898537,INTERVENE,0.475,75.30507001853204,1.5,0.25,73.55507001853204,RECOVERED
