transaction_id,production_decision,production_intervention_selected,recovered,recovered_amount,outcome_matched,observed_outcome_available
RECLAIM-V2-000001,RETRY_ALL,0,,,0,0
RECLAIM-V2-000002,RETRY_ALL,0,,,0,0
RECLAIM-V2-000003,RETRY_ALL,0,,,0,0
RECLAIM-V2-000004,RETRY_ALL,0,,,0,0
RECLAIM-V2-000005,RETRY_ALL,0,,,0,0
RECLAIM-V2-000006,RETRY_ALL,0,,,0,0
RECLAIM-V2-000007,RETRY_ALL,0,,,0,0
RECLAIM-V2-000008,RETRY_ALL,0,,,0,0
RECLAIM-V2-000009,RETRY_ALL,0,,,0,0
RECLAIM-V2-000010,TARGET,1,,,0,0
RECLAIM-V2-000011,RETRY_ALL,0,,,0,0
RECLAIM-V2-000012,RETRY_ALL,0,,,0,0
RECLAIM-V2-000013,RETRY_ALL,0,,,0,0
RECLAIM-V2-000014,RETRY_ALL,0,,,0,0
RECLAIM-V2-000015,RETRY_ALL,0,,,0,0
RECLAIM-V2-000016,RETRY_ALL,0,,,0,0
RECLAIM-V2-000017,RETRY_ALL,0,,,0,0
RECLAIM-V2-000018,RETRY_ALL,0,,,0,0
RECLAIM-V2-000019,RETRY_ALL,0,,,0,0
RECLAIM-V2-000020,RETRY_ALL,0,,,0,0
RECLAIM-V2-000021,RETRY_ALL,0,,,0,0
RECLAIM-V2-000022,RETRY_ALL,0,,,0,0
RECLAIM-V2-000023,RETRY_ALL,0,,,0,0
RECLAIM-V2-000024,RETRY_ALL,0,,,0,0
RECLAIM-V2-000025,RETRY_ALL,0,,,0,0
RECLAIM-V2-000026,RETRY_ALL,0,,,0,0
RECLAIM-V2-000027,RETRY_ALL,0,,,0,0
RECLAIM-V2-000028,RETRY_ALL,0,,,0,0
RECLAIM-V2-000029,RETRY_ALL,0,,,0,0
RECLAIM-V2-000030,RETRY_ALL,0,,,0,0
RECLAIM-V2-000031,RETRY_ALL,0,,,0,0
RECLAIM-V2-000032,RETRY_ALL,0,,,0,0
RECLAIM-V2-000033,RETRY_ALL,0,,,0,0
RECLAIM-V2-000034,RETRY_ALL,0,,,0,0
RECLAIM-V2-000035,RETRY_ALL,0,,,0,0
RECLAIM-V2-000036,RETRY_ALL,0,,,0,0
RECLAIM-V2-000037,RETRY_ALL,0,,,0,0
RECLAIM-V2-000038,RETRY_ALL,0,,,0,0
RECLAIM-V2-000039,TARGET,1,,,0,0
RECLAIM-V2-000040,RETRY_ALL,0,,,0,0
RECLAIM-V2-000041,RETRY_ALL,0,,,0,0
RECLAIM-V2-000042,RETRY_ALL,0,,,0,0
RECLAIM-V2-000043,RETRY_ALL,0,,,0,0
RECLAIM-V2-000044,RETRY_ALL,0,,,0,0
RECLAIM-V2-000045,RETRY_ALL,0,,,0,0
RECLAIM-V2-000046,RETRY_ALL,0,,,0,0
RECLAIM-V2-000047,RETRY_ALL,0,,,0,0
RECLAIM-V2-000048,RETRY_ALL,0,,,0,0
RECLAIM-V2-000049,RETRY_ALL,0,,,0,0
RECLAIM-V2-000050,RETRY_ALL,0,,,0,0
RECLAIM-V2-000051,RETRY_ALL,0,,,0,0
RECLAIM-V2-000052,RETRY_ALL,0,,,0,0
RECLAIM-V2-000053,RETRY_ALL,0,,,0,0
RECLAIM-V2-000054,RETRY_ALL,0,,,0,0
RECLAIM-V2-000055,RETRY_ALL,0,,,0,0
RECLAIM-V2-000056,RETRY_ALL,0,,,0,0
RECLAIM-V2-000057,RETRY_ALL,0,,,0,0
RECLAIM-V2-000058,RETRY_ALL,0,,,0,0
RECLAIM-V2-000059,RETRY_ALL,0,,,0,0
RECLAIM-V2-000060,RETRY_ALL,0,,,0,0
RECLAIM-V2-000061,RETRY_ALL,0,,,0,0
RECLAIM-V2-000062,RETRY_ALL,0,,,0,0
RECLAIM-V2-000063,RETRY_ALL,0,,,0,0
RECLAIM-V2-000064,RETRY_ALL,0,,,0,0
RECLAIM-V2-000065,RETRY_ALL,0,,,0,0
RECLAIM-V2-000066,RETRY_ALL,0,,,0,0
RECLAIM-V2-000067,RETRY_ALL,0,,,0,0
RECLAIM-V2-000068,RETRY_ALL,0,,,0,0
RECLAIM-V2-000069,RETRY_ALL,0,,,0,0
RECLAIM-V2-000070,RETRY_ALL,0,,,0,0
RECLAIM-V2-000071,RETRY_ALL,0,,,0,0
RECLAIM-V2-000072,RETRY_ALL,0,,,0,0
RECLAIM-V2-000073,RETRY_ALL,0,,,0,0
RECLAIM-V2-000074,RETRY_ALL,0,,,0,0
RECLAIM-V2-000075,RETRY_ALL,0,,,0,0
RECLAIM-V2-000076,RETRY_ALL,0,,,0,0
RECLAIM-V2-000077,RETRY_ALL,0,,,0,0
RECLAIM-V2-000078,RETRY_ALL,0,,,0,0
RECLAIM-V2-000079,RETRY_ALL,0,,,0,0
RECLAIM-V2-000080,RETRY_ALL,0,,,0,0
RECLAIM-V2-000081,RETRY_ALL,0,,,0,0
RECLAIM-V2-000082,RETRY_ALL,0,,,0,0
RECLAIM-V2-000083,RETRY_ALL,0,,,0,0
RECLAIM-V2-000084,RETRY_ALL,0,,,0,0
RECLAIM-V2-000085,RETRY_ALL,0,,,0,0
RECLAIM-V2-000086,RETRY_ALL,0,,,0,0
RECLAIM-V2-000087,RETRY_ALL,0,,,0,0
RECLAIM-V2-000088,RETRY_ALL,0,,,0,0
RECLAIM-V2-000089,RETRY_ALL,0,,,0,0
RECLAIM-V2-000090,RETRY_ALL,0,,,0,0
RECLAIM-V2-000091,RETRY_ALL,0,,,0,0
RECLAIM-V2-000092,RETRY_ALL,0,,,0,0
RECLAIM-V2-000093,RETRY_ALL,0,,,0,0
RECLAIM-V2-000094,RETRY_ALL,0,,,0,0
RECLAIM-V2-000095,RETRY_ALL,0,,,0,0
RECLAIM-V2-000096,RETRY_ALL,0,,,0,0
RECLAIM-V2-000097,RETRY_ALL,0,,,0,0
RECLAIM-V2-000098,RETRY_ALL,0,,,0,0
RECLAIM-V2-000099,RETRY_ALL,0,,,0,0
RECLAIM-V2-000100,RETRY_ALL,0,,,0,0
RECLAIM-V2-000101,RETRY_ALL,0,,,0,0
RECLAIM-V2-000102,RETRY_ALL,0,,,0,0
RECLAIM-V2-000103,RETRY_ALL,0,,,0,0
RECLAIM-V2-000104,RETRY_ALL,0,,,0,0
RECLAIM-V2-000105,RETRY_ALL,0,,,0,0
RECLAIM-V2-000106,RETRY_ALL,0,,,0,0
RECLAIM-V2-000107,RETRY_ALL,0,,,0,0
RECLAIM-V2-000108,RETRY_ALL,0,,,0,0
RECLAIM-V2-000109,RETRY_ALL,0,,,0,0
RECLAIM-V2-000110,RETRY_ALL,0,,,0,0
RECLAIM-V2-000111,TARGET,1,,,0,0
RECLAIM-V2-000112,RETRY_ALL,0,,,0,0
RECLAIM-V2-000113,RETRY_ALL,0,,,0,0
RECLAIM-V2-000114,RETRY_ALL,0,,,0,0
RECLAIM-V2-000115,RETRY_ALL,0,,,0,0
RECLAIM-V2-000116,RETRY_ALL,0,,,0,0
RECLAIM-V2-000117,RETRY_ALL,0,,,0,0
RECLAIM-V2-000118,RETRY_ALL,0,,,0,0
RECLAIM-V2-000119,RETRY_ALL,0,,,0,0
RECLAIM-V2-000120,RETRY_ALL,0,,,0,0
RECLAIM-V2-000121,RETRY_ALL,0,,,0,0
RECLAIM-V2-000122,RETRY_ALL,0,,,0,0
RECLAIM-V2-000123,RETRY_ALL,0,,,0,0
RECLAIM-V2-000124,RETRY_ALL,0,,,0,0
RECLAIM-V2-000125,RETRY_ALL,0,,,0,0
RECLAIM-V2-000126,RETRY_ALL,0,,,0,0
RECLAIM-V2-000127,RETRY_ALL,0,,,0,0
RECLAIM-V2-000128,TARGET,1,,,0,0
RECLAIM-V2-000129,RETRY_ALL,0,,,0,0
RECLAIM-V2-000130,RETRY_ALL,0,,,0,0
RECLAIM-V2-000131,RETRY_ALL,0,,,0,0
RECLAIM-V2-000132,RETRY_ALL,0,,,0,0
RECLAIM-V2-000133,RETRY_ALL,0,,,0,0
RECLAIM-V2-000134,RETRY_ALL,0,,,0,0
RECLAIM-V2-000135,RETRY_ALL,0,,,0,0
RECLAIM-V2-000136,RETRY_ALL,0,,,0,0
RECLAIM-V2-000137,RETRY_ALL,0,,,0,0
RECLAIM-V2-000138,RETRY_ALL,0,,,0,0
RECLAIM-V2-000139,RETRY_ALL,0,,,0,0
RECLAIM-V2-000140,RETRY_ALL,0,,,0,0
RECLAIM-V2-000141,RETRY_ALL,0,,,0,0
RECLAIM-V2-000142,RETRY_ALL,0,,,0,0
RECLAIM-V2-000143,RETRY_ALL,0,,,0,0
RECLAIM-V2-000144,RETRY_ALL,0,,,0,0
RECLAIM-V2-000145,RETRY_ALL,0,,,0,0
RECLAIM-V2-000146,RETRY_ALL,0,,,0,0
RECLAIM-V2-000147,RETRY_ALL,0,,,0,0
RECLAIM-V2-000148,RETRY_ALL,0,,,0,0
RECLAIM-V2-000149,RETRY_ALL,0,,,0,0
RECLAIM-V2-000150,RETRY_ALL,0,,,0,0
RECLAIM-V2-000151,RETRY_ALL,0,,,0,0
RECLAIM-V2-000152,RETRY_ALL,0,,,0,0
RECLAIM-V2-000153,RETRY_ALL,0,,,0,0
RECLAIM-V2-000154,RETRY_ALL,0,,,0,0
RECLAIM-V2-000155,RETRY_ALL,0,,,0,0
RECLAIM-V2-000156,RETRY_ALL,0,,,0,0
RECLAIM-V2-000157,RETRY_ALL,0,,,0,0
RECLAIM-V2-000158,RETRY_ALL,0,,,0,0
RECLAIM-V2-000159,RETRY_ALL,0,,,0,0
RECLAIM-V2-000160,RETRY_ALL,0,,,0,0
RECLAIM-V2-000161,RETRY_ALL,0,,,0,0
RECLAIM-V2-000162,RETRY_ALL,0,,,0,0
RECLAIM-V2-000163,RETRY_ALL,0,,,0,0
RECLAIM-V2-000164,RETRY_ALL,0,,,0,0
RECLAIM-V2-000165,RETRY_ALL,0,,,0,0
RECLAIM-V2-000166,RETRY_ALL,0,,,0,0
RECLAIM-V2-000167,RETRY_ALL,0,,,0,0
RECLAIM-V2-000168,RETRY_ALL,0,,,0,0
RECLAIM-V2-000169,RETRY_ALL,0,,,0,0
RECLAIM-V2-000170,RETRY_ALL,0,,,0,0
RECLAIM-V2-000171,RETRY_ALL,0,,,0,0
RECLAIM-V2-000172,RETRY_ALL,0,,,0,0
RECLAIM-V2-000173,RETRY_ALL,0,,,0,0
RECLAIM-V2-000174,RETRY_ALL,0,,,0,0
RECLAIM-V2-000175,RETRY_ALL,0,,,0,0
RECLAIM-V2-000176,RETRY_ALL,0,,,0,0
RECLAIM-V2-000177,RETRY_ALL,0,,,0,0
RECLAIM-V2-000178,RETRY_ALL,0,,,0,0
RECLAIM-V2-000179,RETRY_ALL,0,,,0,0
RECLAIM-V2-000180,RETRY_ALL,0,,,0,0
RECLAIM-V2-000181,RETRY_ALL,0,,,0,0
RECLAIM-V2-000182,TARGET,1,,,0,0
RECLAIM-V2-000183,TARGET,1,,,0,0
RECLAIM-V2-000184,RETRY_ALL,0,,,0,0
RECLAIM-V2-000185,RETRY_ALL,0,,,0,0
RECLAIM-V2-000186,RETRY_ALL,0,,,0,0
RECLAIM-V2-000187,RETRY_ALL,0,,,0,0
RECLAIM-V2-000188,RETRY_ALL,0,,,0,0
RECLAIM-V2-000189,RETRY_ALL,0,,,0,0
RECLAIM-V2-000190,RETRY_ALL,0,,,0,0
RECLAIM-V2-000191,RETRY_ALL,0,,,0,0
RECLAIM-V2-000192,RETRY_ALL,0,,,0,0
RECLAIM-V2-000193,RETRY_ALL,0,,,0,0
RECLAIM-V2-000194,RETRY_ALL,0,,,0,0
RECLAIM-V2-000195,RETRY_ALL,0,,,0,0
RECLAIM-V2-000196,TARGET,1,,,0,0
RECLAIM-V2-000197,RETRY_ALL,0,,,0,0
RECLAIM-V2-000198,RETRY_ALL,0,,,0,0
RECLAIM-V2-000199,RETRY_ALL,0,,,0,0
RECLAIM-V2-000200,RETRY_ALL,0,,,0,0
RECLAIM-V2-000201,RETRY_ALL,0,,,0,0
RECLAIM-V2-000202,RETRY_ALL,0,,,0,0
RECLAIM-V2-000203,RETRY_ALL,0,,,0,0
RECLAIM-V2-000204,RETRY_ALL,0,,,0,0
RECLAIM-V2-000205,RETRY_ALL,0,,,0,0
RECLAIM-V2-000206,RETRY_ALL,0,,,0,0
RECLAIM-V2-000207,RETRY_ALL,0,,,0,0
RECLAIM-V2-000208,RETRY_ALL,0,,,0,0
RECLAIM-V2-000209,TARGET,1,,,0,0
RECLAIM-V2-000210,RETRY_ALL,0,,,0,0
RECLAIM-V2-000211,RETRY_ALL,0,,,0,0
RECLAIM-V2-000212,RETRY_ALL,0,,,0,0
RECLAIM-V2-000213,RETRY_ALL,0,,,0,0
RECLAIM-V2-000214,RETRY_ALL,0,,,0,0
RECLAIM-V2-000215,RETRY_ALL,0,,,0,0
RECLAIM-V2-000216,RETRY_ALL,0,,,0,0
RECLAIM-V2-000217,RETRY_ALL,0,,,0,0
RECLAIM-V2-000218,RETRY_ALL,0,,,0,0
RECLAIM-V2-000219,RETRY_ALL,0,,,0,0
RECLAIM-V2-000220,RETRY_ALL,0,,,0,0
RECLAIM-V2-000221,RETRY_ALL,0,,,0,0
RECLAIM-V2-000222,RETRY_ALL,0,,,0,0
RECLAIM-V2-000223,RETRY_ALL,0,,,0,0
RECLAIM-V2-000224,RETRY_ALL,0,,,0,0
RECLAIM-V2-000225,TARGET,1,,,0,0
RECLAIM-V2-000226,RETRY_ALL,0,,,0,0
RECLAIM-V2-000227,RETRY_ALL,0,,,0,0
RECLAIM-V2-000228,RETRY_ALL,0,,,0,0
RECLAIM-V2-000229,RETRY_ALL,0,,,0,0
RECLAIM-V2-000230,RETRY_ALL,0,,,0,0
RECLAIM-V2-000231,RETRY_ALL,0,,,0,0
RECLAIM-V2-000232,TARGET,1,,,0,0
RECLAIM-V2-000233,TARGET,1,,,0,0
RECLAIM-V2-000234,RETRY_ALL,0,,,0,0
RECLAIM-V2-000235,RETRY_ALL,0,,,0,0
RECLAIM-V2-000236,RETRY_ALL,0,,,0,0
RECLAIM-V2-000237,RETRY_ALL,0,,,0,0
RECLAIM-V2-000238,RETRY_ALL,0,,,0,0
RECLAIM-V2-000239,RETRY_ALL,0,,,0,0
RECLAIM-V2-000240,RETRY_ALL,0,,,0,0
RECLAIM-V2-000241,RETRY_ALL,0,,,0,0
RECLAIM-V2-000242,RETRY_ALL,0,,,0,0
RECLAIM-V2-000243,RETRY_ALL,0,,,0,0
RECLAIM-V2-000244,RETRY_ALL,0,,,0,0
RECLAIM-V2-000245,RETRY_ALL,0,,,0,0
RECLAIM-V2-000246,TARGET,1,,,0,0
RECLAIM-V2-000247,RETRY_ALL,0,,,0,0
RECLAIM-V2-000248,RETRY_ALL,0,,,0,0
RECLAIM-V2-000249,RETRY_ALL,0,,,0,0
RECLAIM-V2-000250,RETRY_ALL,0,,,0,0
RECLAIM-V2-000251,RETRY_ALL,0,,,0,0
RECLAIM-V2-000252,RETRY_ALL,0,,,0,0
RECLAIM-V2-000253,RETRY_ALL,0,,,0,0
RECLAIM-V2-000254,RETRY_ALL,0,,,0,0
RECLAIM-V2-000255,RETRY_ALL,0,,,0,0
RECLAIM-V2-000256,TARGET,1,,,0,0
RECLAIM-V2-000257,RETRY_ALL,0,,,0,0
RECLAIM-V2-000258,RETRY_ALL,0,,,0,0
RECLAIM-V2-000259,RETRY_ALL,0,,,0,0
RECLAIM-V2-000260,RETRY_ALL,0,,,0,0
RECLAIM-V2-000261,RETRY_ALL,0,,,0,0
RECLAIM-V2-000262,RETRY_ALL,0,,,0,0
RECLAIM-V2-000263,RETRY_ALL,0,,,0,0
RECLAIM-V2-000264,RETRY_ALL,0,,,0,0
RECLAIM-V2-000265,RETRY_ALL,0,,,0,0
RECLAIM-V2-000266,RETRY_ALL,0,,,0,0
RECLAIM-V2-000267,RETRY_ALL,0,,,0,0
RECLAIM-V2-000268,RETRY_ALL,0,,,0,0
RECLAIM-V2-000269,RETRY_ALL,0,,,0,0
RECLAIM-V2-000270,TARGET,1,,,0,0
RECLAIM-V2-000271,RETRY_ALL,0,,,0,0
RECLAIM-V2-000272,RETRY_ALL,0,,,0,0
RECLAIM-V2-000273,RETRY_ALL,0,,,0,0
RECLAIM-V2-000274,RETRY_ALL,0,,,0,0
RECLAIM-V2-000275,RETRY_ALL,0,,,0,0
RECLAIM-V2-000276,RETRY_ALL,0,,,0,0
RECLAIM-V2-000277,RETRY_ALL,0,,,0,0
RECLAIM-V2-000278,RETRY_ALL,0,,,0,0
RECLAIM-V2-000279,RETRY_ALL,0,,,0,0
RECLAIM-V2-000280,RETRY_ALL,0,,,0,0
RECLAIM-V2-000281,RETRY_ALL,0,,,0,0
RECLAIM-V2-000282,RETRY_ALL,0,,,0,0
RECLAIM-V2-000283,RETRY_ALL,0,,,0,0
RECLAIM-V2-000284,RETRY_ALL,0,,,0,0
RECLAIM-V2-000285,RETRY_ALL,0,,,0,0
RECLAIM-V2-000286,RETRY_ALL,0,,,0,0
RECLAIM-V2-000287,RETRY_ALL,0,,,0,0
RECLAIM-V2-000288,RETRY_ALL,0,,,0,0
RECLAIM-V2-000289,RETRY_ALL,0,,,0,0
RECLAIM-V2-000290,RETRY_ALL,0,,,0,0
RECLAIM-V2-000291,RETRY_ALL,0,,,0,0
RECLAIM-V2-000292,TARGET,1,,,0,0
RECLAIM-V2-000293,RETRY_ALL,0,,,0,0
RECLAIM-V2-000294,RETRY_ALL,0,,,0,0
RECLAIM-V2-000295,RETRY_ALL,0,,,0,0
RECLAIM-V2-000296,TARGET,1,,,0,0
RECLAIM-V2-000297,RETRY_ALL,0,,,0,0
RECLAIM-V2-000298,RETRY_ALL,0,,,0,0
RECLAIM-V2-000299,RETRY_ALL,0,,,0,0
RECLAIM-V2-000300,RETRY_ALL,0,,,0,0
RECLAIM-V2-000301,RETRY_ALL,0,,,0,0
RECLAIM-V2-000302,RETRY_ALL,0,,,0,0
RECLAIM-V2-000303,RETRY_ALL,0,,,0,0
RECLAIM-V2-000304,RETRY_ALL,0,,,0,0
RECLAIM-V2-000305,RETRY_ALL,0,,,0,0
RECLAIM-V2-000306,RETRY_ALL,0,,,0,0
RECLAIM-V2-000307,RETRY_ALL,0,,,0,0
RECLAIM-V2-000308,RETRY_ALL,0,,,0,0
RECLAIM-V2-000309,RETRY_ALL,0,,,0,0
RECLAIM-V2-000310,RETRY_ALL,0,,,0,0
RECLAIM-V2-000311,TARGET,1,,,0,0
RECLAIM-V2-000312,RETRY_ALL,0,,,0,0
RECLAIM-V2-000313,RETRY_ALL,0,,,0,0
RECLAIM-V2-000314,RETRY_ALL,0,,,0,0
RECLAIM-V2-000315,RETRY_ALL,0,,,0,0
RECLAIM-V2-000316,TARGET,1,,,0,0
RECLAIM-V2-000317,RETRY_ALL,0,,,0,0
RECLAIM-V2-000318,RETRY_ALL,0,,,0,0
RECLAIM-V2-000319,RETRY_ALL,0,,,0,0
RECLAIM-V2-000320,RETRY_ALL,0,,,0,0
RECLAIM-V2-000321,RETRY_ALL,0,,,0,0
RECLAIM-V2-000322,RETRY_ALL,0,,,0,0
RECLAIM-V2-000323,RETRY_ALL,0,,,0,0
RECLAIM-V2-000324,RETRY_ALL,0,,,0,0
RECLAIM-V2-000325,RETRY_ALL,0,,,0,0
RECLAIM-V2-000326,RETRY_ALL,0,,,0,0
RECLAIM-V2-000327,RETRY_ALL,0,,,0,0
RECLAIM-V2-000328,RETRY_ALL,0,,,0,0
RECLAIM-V2-000329,RETRY_ALL,0,,,0,0
RECLAIM-V2-000330,RETRY_ALL,0,,,0,0
RECLAIM-V2-000331,RETRY_ALL,0,,,0,0
RECLAIM-V2-000332,RETRY_ALL,0,,,0,0
RECLAIM-V2-000333,RETRY_ALL,0,,,0,0
RECLAIM-V2-000334,RETRY_ALL,0,,,0,0
RECLAIM-V2-000335,RETRY_ALL,0,,,0,0
RECLAIM-V2-000336,RETRY_ALL,0,,,0,0
RECLAIM-V2-000337,RETRY_ALL,0,,,0,0
RECLAIM-V2-000338,RETRY_ALL,0,,,0,0
RECLAIM-V2-000339,RETRY_ALL,0,,,0,0
RECLAIM-V2-000340,RETRY_ALL,0,,,0,0
RECLAIM-V2-000341,RETRY_ALL,0,,,0,0
RECLAIM-V2-000342,RETRY_ALL,0,,,0,0
RECLAIM-V2-000343,RETRY_ALL,0,,,0,0
RECLAIM-V2-000344,RETRY_ALL,0,,,0,0
RECLAIM-V2-000345,RETRY_ALL,0,,,0,0
RECLAIM-V2-000346,RETRY_ALL,0,,,0,0
RECLAIM-V2-000347,RETRY_ALL,0,,,0,0
RECLAIM-V2-000348,RETRY_ALL,0,,,0,0
RECLAIM-V2-000349,RETRY_ALL,0,,,0,0
RECLAIM-V2-000350,RETRY_ALL,0,,,0,0
RECLAIM-V2-000351,TARGET,1,,,0,0
RECLAIM-V2-000352,RETRY_ALL,0,,,0,0
RECLAIM-V2-000353,RETRY_ALL,0,,,0,0
RECLAIM-V2-000354,RETRY_ALL,0,,,0,0
RECLAIM-V2-000355,RETRY_ALL,0,,,0,0
RECLAIM-V2-000356,RETRY_ALL,0,,,0,0
RECLAIM-V2-000357,RETRY_ALL,0,,,0,0
RECLAIM-V2-000358,RETRY_ALL,0,,,0,0
RECLAIM-V2-000359,TARGET,1,,,0,0
RECLAIM-V2-000360,RETRY_ALL,0,,,0,0
RECLAIM-V2-000361,RETRY_ALL,0,,,0,0
RECLAIM-V2-000362,RETRY_ALL,0,,,0,0
RECLAIM-V2-000363,RETRY_ALL,0,,,0,0
RECLAIM-V2-000364,RETRY_ALL,0,,,0,0
RECLAIM-V2-000365,TARGET,1,,,0,0
RECLAIM-V2-000366,RETRY_ALL,0,,,0,0
RECLAIM-V2-000367,RETRY_ALL,0,,,0,0
RECLAIM-V2-000368,RETRY_ALL,0,,,0,0
RECLAIM-V2-000369,RETRY_ALL,0,,,0,0
RECLAIM-V2-000370,RETRY_ALL,0,,,0,0
RECLAIM-V2-000371,RETRY_ALL,0,,,0,0
RECLAIM-V2-000372,RETRY_ALL,0,,,0,0
RECLAIM-V2-000373,RETRY_ALL,0,,,0,0
RECLAIM-V2-000374,RETRY_ALL,0,,,0,0
RECLAIM-V2-000375,RETRY_ALL,0,,,0,0
RECLAIM-V2-000376,RETRY_ALL,0,,,0,0
RECLAIM-V2-000377,RETRY_ALL,0,,,0,0
RECLAIM-V2-000378,RETRY_ALL,0,,,0,0
RECLAIM-V2-000379,RETRY_ALL,0,,,0,0
RECLAIM-V2-000380,RETRY_ALL,0,,,0,0
RECLAIM-V2-000381,TARGET,1,,,0,0
RECLAIM-V2-000382,RETRY_ALL,0,,,0,0
RECLAIM-V2-000383,RETRY_ALL,0,,,0,0
RECLAIM-V2-000384,RETRY_ALL,0,,,0,0
RECLAIM-V2-000385,RETRY_ALL,0,,,0,0
RECLAIM-V2-000386,RETRY_ALL,0,,,0,0
RECLAIM-V2-000387,RETRY_ALL,0,,,0,0
RECLAIM-V2-000388,RETRY_ALL,0,,,0,0
RECLAIM-V2-000389,RETRY_ALL,0,,,0,0
RECLAIM-V2-000390,RETRY_ALL,0,,,0,0
RECLAIM-V2-000391,RETRY_ALL,0,,,0,0
RECLAIM-V2-000392,RETRY_ALL,0,,,0,0
RECLAIM-V2-000393,RETRY_ALL,0,,,0,0
RECLAIM-V2-000394,RETRY_ALL,0,,,0,0
RECLAIM-V2-000395,RETRY_ALL,0,,,0,0
RECLAIM-V2-000396,RETRY_ALL,0,,,0,0
RECLAIM-V2-000397,RETRY_ALL,0,,,0,0
RECLAIM-V2-000398,RETRY_ALL,0,,,0,0
RECLAIM-V2-000399,RETRY_ALL,0,,,0,0
RECLAIM-V2-000400,TARGET,1,,,0,0
RECLAIM-V2-000401,RETRY_ALL,0,,,0,0
RECLAIM-V2-000402,RETRY_ALL,0,,,0,0
RECLAIM-V2-000403,RETRY_ALL,0,,,0,0
RECLAIM-V2-000404,RETRY_ALL,0,,,0,0
RECLAIM-V2-000405,RETRY_ALL,0,,,0,0
RECLAIM-V2-000406,RETRY_ALL,0,,,0,0
RECLAIM-V2-000407,RETRY_ALL,0,,,0,0
RECLAIM-V2-000408,RETRY_ALL,0,,,0,0
RECLAIM-V2-000409,RETRY_ALL,0,,,0,0
RECLAIM-V2-000410,RETRY_ALL,0,,,0,0
RECLAIM-V2-000411,RETRY_ALL,0,,,0,0
RECLAIM-V2-000412,RETRY_ALL,0,,,0,0
RECLAIM-V2-000413,RETRY_ALL,0,,,0,0
RECLAIM-V2-000414,RETRY_ALL,0,,,0,0
RECLAIM-V2-000415,RETRY_ALL,0,,,0,0
RECLAIM-V2-000416,RETRY_ALL,0,,,0,0
RECLAIM-V2-000417,RETRY_ALL,0,,,0,0
RECLAIM-V2-000418,RETRY_ALL,0,,,0,0
RECLAIM-V2-000419,RETRY_ALL,0,,,0,0
RECLAIM-V2-000420,RETRY_ALL,0,,,0,0
RECLAIM-V2-000421,RETRY_ALL,0,,,0,0
RECLAIM-V2-000422,RETRY_ALL,0,,,0,0
RECLAIM-V2-000423,RETRY_ALL,0,,,0,0
RECLAIM-V2-000424,RETRY_ALL,0,,,0,0
RECLAIM-V2-000425,RETRY_ALL,0,,,0,0
RECLAIM-V2-000426,RETRY_ALL,0,,,0,0
RECLAIM-V2-000427,RETRY_ALL,0,,,0,0
RECLAIM-V2-000428,RETRY_ALL,0,,,0,0
RECLAIM-V2-000429,RETRY_ALL,0,,,0,0
RECLAIM-V2-000430,RETRY_ALL,0,,,0,0
RECLAIM-V2-000431,RETRY_ALL,0,,,0,0
RECLAIM-V2-000432,RETRY_ALL,0,,,0,0
RECLAIM-V2-000433,RETRY_ALL,0,,,0,0
RECLAIM-V2-000434,RETRY_ALL,0,,,0,0
RECLAIM-V2-000435,RETRY_ALL,0,,,0,0
RECLAIM-V2-000436,RETRY_ALL,0,,,0,0
RECLAIM-V2-000437,RETRY_ALL,0,,,0,0
RECLAIM-V2-000438,RETRY_ALL,0,,,0,0
RECLAIM-V2-000439,RETRY_ALL,0,,,0,0
RECLAIM-V2-000440,RETRY_ALL,0,,,0,0
RECLAIM-V2-000441,RETRY_ALL,0,,,0,0
RECLAIM-V2-000442,RETRY_ALL,0,,,0,0
RECLAIM-V2-000443,RETRY_ALL,0,,,0,0
RECLAIM-V2-000444,RETRY_ALL,0,,,0,0
RECLAIM-V2-000445,RETRY_ALL,0,,,0,0
RECLAIM-V2-000446,RETRY_ALL,0,,,0,0
RECLAIM-V2-000447,RETRY_ALL,0,,,0,0
RECLAIM-V2-000448,RETRY_ALL,0,,,0,0
RECLAIM-V2-000449,RETRY_ALL,0,,,0,0
RECLAIM-V2-000450,RETRY_ALL,0,,,0,0
RECLAIM-V2-000451,RETRY_ALL,0,,,0,0
RECLAIM-V2-000452,RETRY_ALL,0,,,0,0
RECLAIM-V2-000453,RETRY_ALL,0,,,0,0
RECLAIM-V2-000454,TARGET,1,,,0,0
RECLAIM-V2-000455,RETRY_ALL,0,,,0,0
RECLAIM-V2-000456,RETRY_ALL,0,,,0,0
RECLAIM-V2-000457,RETRY_ALL,0,,,0,0
RECLAIM-V2-000458,RETRY_ALL,0,,,0,0
RECLAIM-V2-000459,RETRY_ALL,0,,,0,0
RECLAIM-V2-000460,RETRY_ALL,0,,,0,0
RECLAIM-V2-000461,RETRY_ALL,0,,,0,0
RECLAIM-V2-000462,RETRY_ALL,0,,,0,0
RECLAIM-V2-000463,RETRY_ALL,0,,,0,0
RECLAIM-V2-000464,RETRY_ALL,0,,,0,0
RECLAIM-V2-000465,TARGET,1,,,0,0
RECLAIM-V2-000466,RETRY_ALL,0,,,0,0
RECLAIM-V2-000467,RETRY_ALL,0,,,0,0
RECLAIM-V2-000468,RETRY_ALL,0,,,0,0
RECLAIM-V2-000469,RETRY_ALL,0,,,0,0
RECLAIM-V2-000470,RETRY_ALL,0,,,0,0
RECLAIM-V2-000471,RETRY_ALL,0,,,0,0
RECLAIM-V2-000472,RETRY_ALL,0,,,0,0
RECLAIM-V2-000473,RETRY_ALL,0,,,0,0
RECLAIM-V2-000474,RETRY_ALL,0,,,0,0
RECLAIM-V2-000475,RETRY_ALL,0,,,0,0
RECLAIM-V2-000476,RETRY_ALL,0,,,0,0
RECLAIM-V2-000477,RETRY_ALL,0,,,0,0
RECLAIM-V2-000478,RETRY_ALL,0,,,0,0
RECLAIM-V2-000479,RETRY_ALL,0,,,0,0
RECLAIM-V2-000480,RETRY_ALL,0,,,0,0
RECLAIM-V2-000481,RETRY_ALL,0,,,0,0
RECLAIM-V2-000482,RETRY_ALL,0,,,0,0
RECLAIM-V2-000483,RETRY_ALL,0,,,0,0
RECLAIM-V2-000484,RETRY_ALL,0,,,0,0
RECLAIM-V2-000485,RETRY_ALL,0,,,0,0
RECLAIM-V2-000486,RETRY_ALL,0,,,0,0
RECLAIM-V2-000487,RETRY_ALL,0,,,0,0
RECLAIM-V2-000488,RETRY_ALL,0,,,0,0
RECLAIM-V2-000489,RETRY_ALL,0,,,0,0
RECLAIM-V2-000490,RETRY_ALL,0,,,0,0
RECLAIM-V2-000491,RETRY_ALL,0,,,0,0
RECLAIM-V2-000492,RETRY_ALL,0,,,0,0
RECLAIM-V2-000493,RETRY_ALL,0,,,0,0
RECLAIM-V2-000494,RETRY_ALL,0,,,0,0
RECLAIM-V2-000495,RETRY_ALL,0,,,0,0
RECLAIM-V2-000496,RETRY_ALL,0,,,0,0
RECLAIM-V2-000497,RETRY_ALL,0,,,0,0
RECLAIM-V2-000498,RETRY_ALL,0,,,0,0
RECLAIM-V2-000499,RETRY_ALL,0,,,0,0
RECLAIM-V2-000500,RETRY_ALL,0,,,0,0
RECLAIM-V2-000501,RETRY_ALL,0,,,0,0
RECLAIM-V2-000502,RETRY_ALL,0,,,0,0
RECLAIM-V2-000503,RETRY_ALL,0,,,0,0
RECLAIM-V2-000504,RETRY_ALL,0,,,0,0
RECLAIM-V2-000505,RETRY_ALL,0,,,0,0
RECLAIM-V2-000506,RETRY_ALL,0,,,0,0
RECLAIM-V2-000507,RETRY_ALL,0,,,0,0
RECLAIM-V2-000508,TARGET,1,,,0,0
RECLAIM-V2-000509,RETRY_ALL,0,,,0,0
RECLAIM-V2-000510,RETRY_ALL,0,,,0,0
RECLAIM-V2-000511,RETRY_ALL,0,,,0,0
RECLAIM-V2-000512,RETRY_ALL,0,,,0,0
RECLAIM-V2-000513,RETRY_ALL,0,,,0,0
RECLAIM-V2-000514,TARGET,1,,,0,0
RECLAIM-V2-000515,RETRY_ALL,0,,,0,0
RECLAIM-V2-000516,RETRY_ALL,0,,,0,0
RECLAIM-V2-000517,RETRY_ALL,0,,,0,0
RECLAIM-V2-000518,RETRY_ALL,0,,,0,0
RECLAIM-V2-000519,RETRY_ALL,0,,,0,0
RECLAIM-V2-000520,RETRY_ALL,0,,,0,0
RECLAIM-V2-000521,RETRY_ALL,0,,,0,0
RECLAIM-V2-000522,RETRY_ALL,0,,,0,0
RECLAIM-V2-000523,RETRY_ALL,0,,,0,0
RECLAIM-V2-000524,RETRY_ALL,0,,,0,0
RECLAIM-V2-000525,RETRY_ALL,0,,,0,0
RECLAIM-V2-000526,RETRY_ALL,0,,,0,0
RECLAIM-V2-000527,RETRY_ALL,0,,,0,0
RECLAIM-V2-000528,RETRY_ALL,0,,,0,0
RECLAIM-V2-000529,RETRY_ALL,0,,,0,0
RECLAIM-V2-000530,RETRY_ALL,0,,,0,0
RECLAIM-V2-000531,RETRY_ALL,0,,,0,0
RECLAIM-V2-000532,RETRY_ALL,0,,,0,0
RECLAIM-V2-000533,RETRY_ALL,0,,,0,0
RECLAIM-V2-000534,RETRY_ALL,0,,,0,0
RECLAIM-V2-000535,RETRY_ALL,0,,,0,0
RECLAIM-V2-000536,RETRY_ALL,0,,,0,0
RECLAIM-V2-000537,RETRY_ALL,0,,,0,0
RECLAIM-V2-000538,RETRY_ALL,0,,,0,0
RECLAIM-V2-000539,RETRY_ALL,0,,,0,0
RECLAIM-V2-000540,TARGET,1,,,0,0
RECLAIM-V2-000541,TARGET,1,,,0,0
RECLAIM-V2-000542,RETRY_ALL,0,,,0,0
RECLAIM-V2-000543,RETRY_ALL,0,,,0,0
RECLAIM-V2-000544,RETRY_ALL,0,,,0,0
RECLAIM-V2-000545,RETRY_ALL,0,,,0,0
RECLAIM-V2-000546,RETRY_ALL,0,,,0,0
RECLAIM-V2-000547,RETRY_ALL,0,,,0,0
RECLAIM-V2-000548,RETRY_ALL,0,,,0,0
RECLAIM-V2-000549,RETRY_ALL,0,,,0,0
RECLAIM-V2-000550,RETRY_ALL,0,,,0,0
RECLAIM-V2-000551,RETRY_ALL,0,,,0,0
RECLAIM-V2-000552,RETRY_ALL,0,,,0,0
RECLAIM-V2-000553,RETRY_ALL,0,,,0,0
RECLAIM-V2-000554,RETRY_ALL,0,,,0,0
RECLAIM-V2-000555,RETRY_ALL,0,,,0,0
RECLAIM-V2-000556,RETRY_ALL,0,,,0,0
RECLAIM-V2-000557,RETRY_ALL,0,,,0,0
RECLAIM-V2-000558,RETRY_ALL,0,,,0,0
RECLAIM-V2-000559,RETRY_ALL,0,,,0,0
RECLAIM-V2-000560,RETRY_ALL,0,,,0,0
RECLAIM-V2-000561,TARGET,1,,,0,0
RECLAIM-V2-000562,RETRY_ALL,0,,,0,0
RECLAIM-V2-000563,RETRY_ALL,0,,,0,0
RECLAIM-V2-000564,RETRY_ALL,0,,,0,0
RECLAIM-V2-000565,RETRY_ALL,0,,,0,0
RECLAIM-V2-000566,RETRY_ALL,0,,,0,0
RECLAIM-V2-000567,RETRY_ALL,0,,,0,0
RECLAIM-V2-000568,RETRY_ALL,0,,,0,0
RECLAIM-V2-000569,RETRY_ALL,0,,,0,0
RECLAIM-V2-000570,RETRY_ALL,0,,,0,0
RECLAIM-V2-000571,RETRY_ALL,0,,,0,0
RECLAIM-V2-000572,RETRY_ALL,0,,,0,0
RECLAIM-V2-000573,RETRY_ALL,0,,,0,0
RECLAIM-V2-000574,RETRY_ALL,0,,,0,0
RECLAIM-V2-000575,RETRY_ALL,0,,,0,0
RECLAIM-V2-000576,RETRY_ALL,0,,,0,0
RECLAIM-V2-000577,RETRY_ALL,0,,,0,0
RECLAIM-V2-000578,RETRY_ALL,0,,,0,0
RECLAIM-V2-000579,RETRY_ALL,0,,,0,0
RECLAIM-V2-000580,RETRY_ALL,0,,,0,0
RECLAIM-V2-000581,RETRY_ALL,0,,,0,0
RECLAIM-V2-000582,RETRY_ALL,0,,,0,0
RECLAIM-V2-000583,RETRY_ALL,0,,,0,0
RECLAIM-V2-000584,RETRY_ALL,0,,,0,0
RECLAIM-V2-000585,RETRY_ALL,0,,,0,0
RECLAIM-V2-000586,RETRY_ALL,0,,,0,0
RECLAIM-V2-000587,RETRY_ALL,0,,,0,0
RECLAIM-V2-000588,RETRY_ALL,0,,,0,0
RECLAIM-V2-000589,TARGET,1,,,0,0
RECLAIM-V2-000590,RETRY_ALL,0,,,0,0
RECLAIM-V2-000591,RETRY_ALL,0,,,0,0
RECLAIM-V2-000592,RETRY_ALL,0,,,0,0
RECLAIM-V2-000593,RETRY_ALL,0,,,0,0
RECLAIM-V2-000594,RETRY_ALL,0,,,0,0
RECLAIM-V2-000595,RETRY_ALL,0,,,0,0
RECLAIM-V2-000596,RETRY_ALL,0,,,0,0
RECLAIM-V2-000597,TARGET,1,,,0,0
RECLAIM-V2-000598,RETRY_ALL,0,,,0,0
RECLAIM-V2-000599,RETRY_ALL,0,,,0,0
RECLAIM-V2-000600,RETRY_ALL,0,,,0,0
RECLAIM-V2-000601,RETRY_ALL,0,,,0,0
RECLAIM-V2-000602,RETRY_ALL,0,,,0,0
RECLAIM-V2-000603,RETRY_ALL,0,,,0,0
RECLAIM-V2-000604,RETRY_ALL,0,,,0,0
RECLAIM-V2-000605,RETRY_ALL,0,,,0,0
RECLAIM-V2-000606,RETRY_ALL,0,,,0,0
RECLAIM-V2-000607,RETRY_ALL,0,,,0,0
RECLAIM-V2-000608,RETRY_ALL,0,,,0,0
RECLAIM-V2-000609,RETRY_ALL,0,,,0,0
RECLAIM-V2-000610,RETRY_ALL,0,,,0,0
RECLAIM-V2-000611,RETRY_ALL,0,,,0,0
RECLAIM-V2-000612,RETRY_ALL,0,,,0,0
RECLAIM-V2-000613,RETRY_ALL,0,,,0,0
RECLAIM-V2-000614,RETRY_ALL,0,,,0,0
RECLAIM-V2-000615,RETRY_ALL,0,,,0,0
RECLAIM-V2-000616,RETRY_ALL,0,,,0,0
RECLAIM-V2-000617,RETRY_ALL,0,,,0,0
RECLAIM-V2-000618,RETRY_ALL,0,,,0,0
RECLAIM-V2-000619,RETRY_ALL,0,,,0,0
RECLAIM-V2-000620,RETRY_ALL,0,,,0,0
RECLAIM-V2-000621,TARGET,1,,,0,0
RECLAIM-V2-000622,RETRY_ALL,0,,,0,0
RECLAIM-V2-000623,RETRY_ALL,0,,,0,0
RECLAIM-V2-000624,RETRY_ALL,0,,,0,0
RECLAIM-V2-000625,RETRY_ALL,0,,,0,0
RECLAIM-V2-000626,RETRY_ALL,0,,,0,0
RECLAIM-V2-000627,RETRY_ALL,0,,,0,0
RECLAIM-V2-000628,RETRY_ALL,0,,,0,0
RECLAIM-V2-000629,RETRY_ALL,0,,,0,0
RECLAIM-V2-000630,RETRY_ALL,0,,,0,0
RECLAIM-V2-000631,RETRY_ALL,0,,,0,0
RECLAIM-V2-000632,RETRY_ALL,0,,,0,0
RECLAIM-V2-000633,RETRY_ALL,0,,,0,0
RECLAIM-V2-000634,RETRY_ALL,0,,,0,0
RECLAIM-V2-000635,RETRY_ALL,0,,,0,0
RECLAIM-V2-000636,RETRY_ALL,0,,,0,0
RECLAIM-V2-000637,RETRY_ALL,0,,,0,0
RECLAIM-V2-000638,RETRY_ALL,0,,,0,0
RECLAIM-V2-000639,RETRY_ALL,0,,,0,0
RECLAIM-V2-000640,RETRY_ALL,0,,,0,0
RECLAIM-V2-000641,TARGET,1,,,0,0
RECLAIM-V2-000642,RETRY_ALL,0,,,0,0
RECLAIM-V2-000643,RETRY_ALL,0,,,0,0
RECLAIM-V2-000644,RETRY_ALL,0,,,0,0
RECLAIM-V2-000645,RETRY_ALL,0,,,0,0
RECLAIM-V2-000646,RETRY_ALL,0,,,0,0
RECLAIM-V2-000647,RETRY_ALL,0,,,0,0
RECLAIM-V2-000648,RETRY_ALL,0,,,0,0
RECLAIM-V2-000649,RETRY_ALL,0,,,0,0
RECLAIM-V2-000650,RETRY_ALL,0,,,0,0
RECLAIM-V2-000651,RETRY_ALL,0,,,0,0
RECLAIM-V2-000652,RETRY_ALL,0,,,0,0
RECLAIM-V2-000653,RETRY_ALL,0,,,0,0
RECLAIM-V2-000654,RETRY_ALL,0,,,0,0
RECLAIM-V2-000655,RETRY_ALL,0,,,0,0
RECLAIM-V2-000656,RETRY_ALL,0,,,0,0
RECLAIM-V2-000657,RETRY_ALL,0,,,0,0
RECLAIM-V2-000658,RETRY_ALL,0,,,0,0
RECLAIM-V2-000659,RETRY_ALL,0,,,0,0
RECLAIM-V2-000660,RETRY_ALL,0,,,0,0
RECLAIM-V2-000661,RETRY_ALL,0,,,0,0
RECLAIM-V2-000662,RETRY_ALL,0,,,0,0
RECLAIM-V2-000663,RETRY_ALL,0,,,0,0
RECLAIM-V2-000664,RETRY_ALL,0,,,0,0
RECLAIM-V2-000665,RETRY_ALL,0,,,0,0
RECLAIM-V2-000666,RETRY_ALL,0,,,0,0
RECLAIM-V2-000667,RETRY_ALL,0,,,0,0
RECLAIM-V2-000668,RETRY_ALL,0,,,0,0
RECLAIM-V2-000669,RETRY_ALL,0,,,0,0
RECLAIM-V2-000670,RETRY_ALL,0,,,0,0
RECLAIM-V2-000671,RETRY_ALL,0,,,0,0
RECLAIM-V2-000672,RETRY_ALL,0,,,0,0
RECLAIM-V2-000673,RETRY_ALL,0,,,0,0
RECLAIM-V2-000674,RETRY_ALL,0,,,0,0
RECLAIM-V2-000675,TARGET,1,,,0,0
RECLAIM-V2-000676,RETRY_ALL,0,,,0,0
RECLAIM-V2-000677,RETRY_ALL,0,,,0,0
RECLAIM-V2-000678,RETRY_ALL,0,,,0,0
RECLAIM-V2-000679,RETRY_ALL,0,,,0,0
RECLAIM-V2-000680,RETRY_ALL,0,,,0,0
RECLAIM-V2-000681,RETRY_ALL,0,,,0,0
RECLAIM-V2-000682,RETRY_ALL,0,,,0,0
RECLAIM-V2-000683,RETRY_ALL,0,,,0,0
RECLAIM-V2-000684,RETRY_ALL,0,,,0,0
RECLAIM-V2-000685,RETRY_ALL,0,,,0,0
RECLAIM-V2-000686,RETRY_ALL,0,,,0,0
RECLAIM-V2-000687,RETRY_ALL,0,,,0,0
RECLAIM-V2-000688,RETRY_ALL,0,,,0,0
RECLAIM-V2-000689,RETRY_ALL,0,,,0,0
RECLAIM-V2-000690,RETRY_ALL,0,,,0,0
RECLAIM-V2-000691,RETRY_ALL,0,,,0,0
RECLAIM-V2-000692,RETRY_ALL,0,,,0,0
RECLAIM-V2-000693,RETRY_ALL,0,,,0,0
RECLAIM-V2-000694,RETRY_ALL,0,,,0,0
RECLAIM-V2-000695,RETRY_ALL,0,,,0,0
RECLAIM-V2-000696,RETRY_ALL,0,,,0,0
RECLAIM-V2-000697,RETRY_ALL,0,,,0,0
RECLAIM-V2-000698,RETRY_ALL,0,,,0,0
RECLAIM-V2-000699,RETRY_ALL,0,,,0,0
RECLAIM-V2-000700,RETRY_ALL,0,,,0,0
RECLAIM-V2-000701,RETRY_ALL,0,,,0,0
RECLAIM-V2-000702,TARGET,1,,,0,0
RECLAIM-V2-000703,RETRY_ALL,0,,,0,0
RECLAIM-V2-000704,RETRY_ALL,0,,,0,0
RECLAIM-V2-000705,TARGET,1,,,0,0
RECLAIM-V2-000706,RETRY_ALL,0,,,0,0
RECLAIM-V2-000707,RETRY_ALL,0,,,0,0
RECLAIM-V2-000708,RETRY_ALL,0,,,0,0
RECLAIM-V2-000709,RETRY_ALL,0,,,0,0
RECLAIM-V2-000710,RETRY_ALL,0,,,0,0
RECLAIM-V2-000711,RETRY_ALL,0,,,0,0
RECLAIM-V2-000712,RETRY_ALL,0,,,0,0
RECLAIM-V2-000713,RETRY_ALL,0,,,0,0
RECLAIM-V2-000714,RETRY_ALL,0,,,0,0
RECLAIM-V2-000715,RETRY_ALL,0,,,0,0
RECLAIM-V2-000716,RETRY_ALL,0,,,0,0
RECLAIM-V2-000717,RETRY_ALL,0,,,0,0
RECLAIM-V2-000718,RETRY_ALL,0,,,0,0
RECLAIM-V2-000719,RETRY_ALL,0,,,0,0
RECLAIM-V2-000720,RETRY_ALL,0,,,0,0
RECLAIM-V2-000721,RETRY_ALL,0,,,0,0
RECLAIM-V2-000722,RETRY_ALL,0,,,0,0
RECLAIM-V2-000723,RETRY_ALL,0,,,0,0
RECLAIM-V2-000724,RETRY_ALL,0,,,0,0
RECLAIM-V2-000725,RETRY_ALL,0,,,0,0
RECLAIM-V2-000726,RETRY_ALL,0,,,0,0
RECLAIM-V2-000727,RETRY_ALL,0,,,0,0
RECLAIM-V2-000728,RETRY_ALL,0,,,0,0
RECLAIM-V2-000729,RETRY_ALL,0,,,0,0
RECLAIM-V2-000730,RETRY_ALL,0,,,0,0
RECLAIM-V2-000731,RETRY_ALL,0,,,0,0
RECLAIM-V2-000732,RETRY_ALL,0,,,0,0
RECLAIM-V2-000733,RETRY_ALL,0,,,0,0
RECLAIM-V2-000734,RETRY_ALL,0,,,0,0
RECLAIM-V2-000735,RETRY_ALL,0,,,0,0
RECLAIM-V2-000736,TARGET,1,,,0,0
RECLAIM-V2-000737,RETRY_ALL,0,,,0,0
RECLAIM-V2-000738,RETRY_ALL,0,,,0,0
RECLAIM-V2-000739,RETRY_ALL,0,,,0,0
RECLAIM-V2-000740,RETRY_ALL,0,,,0,0
RECLAIM-V2-000741,RETRY_ALL,0,,,0,0
RECLAIM-V2-000742,RETRY_ALL,0,,,0,0
RECLAIM-V2-000743,RETRY_ALL,0,,,0,0
RECLAIM-V2-000744,TARGET,1,,,0,0
RECLAIM-V2-000745,RETRY_ALL,0,,,0,0
RECLAIM-V2-000746,RETRY_ALL,0,,,0,0
RECLAIM-V2-000747,RETRY_ALL,0,,,0,0
RECLAIM-V2-000748,RETRY_ALL,0,,,0,0
RECLAIM-V2-000749,RETRY_ALL,0,,,0,0
RECLAIM-V2-000750,RETRY_ALL,0,,,0,0
RECLAIM-V2-000751,TARGET,1,,,0,0
RECLAIM-V2-000752,TARGET,1,,,0,0
RECLAIM-V2-000753,RETRY_ALL,0,,,0,0
RECLAIM-V2-000754,RETRY_ALL,0,,,0,0
RECLAIM-V2-000755,RETRY_ALL,0,,,0,0
RECLAIM-V2-000756,RETRY_ALL,0,,,0,0
RECLAIM-V2-000757,RETRY_ALL,0,,,0,0
RECLAIM-V2-000758,RETRY_ALL,0,,,0,0
RECLAIM-V2-000759,RETRY_ALL,0,,,0,0
RECLAIM-V2-000760,RETRY_ALL,0,,,0,0
RECLAIM-V2-000761,RETRY_ALL,0,,,0,0
RECLAIM-V2-000762,RETRY_ALL,0,,,0,0
RECLAIM-V2-000763,RETRY_ALL,0,,,0,0
RECLAIM-V2-000764,RETRY_ALL,0,,,0,0
RECLAIM-V2-000765,RETRY_ALL,0,,,0,0
RECLAIM-V2-000766,RETRY_ALL,0,,,0,0
RECLAIM-V2-000767,RETRY_ALL,0,,,0,0
RECLAIM-V2-000768,RETRY_ALL,0,,,0,0
RECLAIM-V2-000769,RETRY_ALL,0,,,0,0
RECLAIM-V2-000770,RETRY_ALL,0,,,0,0
RECLAIM-V2-000771,TARGET,1,,,0,0
RECLAIM-V2-000772,RETRY_ALL,0,,,0,0
RECLAIM-V2-000773,RETRY_ALL,0,,,0,0
RECLAIM-V2-000774,RETRY_ALL,0,,,0,0
RECLAIM-V2-000775,RETRY_ALL,0,,,0,0
RECLAIM-V2-000776,RETRY_ALL,0,,,0,0
RECLAIM-V2-000777,RETRY_ALL,0,,,0,0
RECLAIM-V2-000778,RETRY_ALL,0,,,0,0
RECLAIM-V2-000779,RETRY_ALL,0,,,0,0
RECLAIM-V2-000780,TARGET,1,,,0,0
RECLAIM-V2-000781,RETRY_ALL,0,,,0,0
RECLAIM-V2-000782,RETRY_ALL,0,,,0,0
RECLAIM-V2-000783,RETRY_ALL,0,,,0,0
RECLAIM-V2-000784,RETRY_ALL,0,,,0,0
RECLAIM-V2-000785,RETRY_ALL,0,,,0,0
RECLAIM-V2-000786,RETRY_ALL,0,,,0,0
RECLAIM-V2-000787,RETRY_ALL,0,,,0,0
RECLAIM-V2-000788,RETRY_ALL,0,,,0,0
RECLAIM-V2-000789,RETRY_ALL,0,,,0,0
RECLAIM-V2-000790,RETRY_ALL,0,,,0,0
RECLAIM-V2-000791,RETRY_ALL,0,,,0,0
RECLAIM-V2-000792,RETRY_ALL,0,,,0,0
RECLAIM-V2-000793,RETRY_ALL,0,,,0,0
RECLAIM-V2-000794,RETRY_ALL,0,,,0,0
RECLAIM-V2-000795,RETRY_ALL,0,,,0,0
RECLAIM-V2-000796,RETRY_ALL,0,,,0,0
RECLAIM-V2-000797,RETRY_ALL,0,,,0,0
RECLAIM-V2-000798,RETRY_ALL,0,,,0,0
RECLAIM-V2-000799,RETRY_ALL,0,,,0,0
RECLAIM-V2-000800,RETRY_ALL,0,,,0,0
RECLAIM-V2-000801,RETRY_ALL,0,,,0,0
RECLAIM-V2-000802,RETRY_ALL,0,,,0,0
RECLAIM-V2-000803,RETRY_ALL,0,,,0,0
RECLAIM-V2-000804,RETRY_ALL,0,,,0,0
RECLAIM-V2-000805,RETRY_ALL,0,,,0,0
RECLAIM-V2-000806,RETRY_ALL,0,,,0,0
RECLAIM-V2-000807,TARGET,1,,,0,0
RECLAIM-V2-000808,TARGET,1,,,0,0
RECLAIM-V2-000809,RETRY_ALL,0,,,0,0
RECLAIM-V2-000810,RETRY_ALL,0,,,0,0
RECLAIM-V2-000811,RETRY_ALL,0,,,0,0
RECLAIM-V2-000812,RETRY_ALL,0,,,0,0
RECLAIM-V2-000813,RETRY_ALL,0,,,0,0
RECLAIM-V2-000814,RETRY_ALL,0,,,0,0
RECLAIM-V2-000815,RETRY_ALL,0,,,0,0
RECLAIM-V2-000816,RETRY_ALL,0,,,0,0
RECLAIM-V2-000817,RETRY_ALL,0,,,0,0
RECLAIM-V2-000818,RETRY_ALL,0,,,0,0
RECLAIM-V2-000819,RETRY_ALL,0,,,0,0
RECLAIM-V2-000820,RETRY_ALL,0,,,0,0
RECLAIM-V2-000821,RETRY_ALL,0,,,0,0
RECLAIM-V2-000822,RETRY_ALL,0,,,0,0
RECLAIM-V2-000823,RETRY_ALL,0,,,0,0
RECLAIM-V2-000824,RETRY_ALL,0,,,0,0
RECLAIM-V2-000825,RETRY_ALL,0,,,0,0
RECLAIM-V2-000826,RETRY_ALL,0,,,0,0
RECLAIM-V2-000827,RETRY_ALL,0,,,0,0
RECLAIM-V2-000828,RETRY_ALL,0,,,0,0
RECLAIM-V2-000829,RETRY_ALL,0,,,0,0
RECLAIM-V2-000830,RETRY_ALL,0,,,0,0
RECLAIM-V2-000831,RETRY_ALL,0,,,0,0
RECLAIM-V2-000832,RETRY_ALL,0,,,0,0
RECLAIM-V2-000833,RETRY_ALL,0,,,0,0
RECLAIM-V2-000834,RETRY_ALL,0,,,0,0
RECLAIM-V2-000835,RETRY_ALL,0,,,0,0
RECLAIM-V2-000836,TARGET,1,,,0,0
RECLAIM-V2-000837,RETRY_ALL,0,,,0,0
RECLAIM-V2-000838,RETRY_ALL,0,,,0,0
RECLAIM-V2-000839,RETRY_ALL,0,,,0,0
RECLAIM-V2-000840,RETRY_ALL,0,,,0,0
RECLAIM-V2-000841,RETRY_ALL,0,,,0,0
RECLAIM-V2-000842,RETRY_ALL,0,,,0,0
RECLAIM-V2-000843,RETRY_ALL,0,,,0,0
RECLAIM-V2-000844,RETRY_ALL,0,,,0,0
RECLAIM-V2-000845,RETRY_ALL,0,,,0,0
RECLAIM-V2-000846,RETRY_ALL,0,,,0,0
RECLAIM-V2-000847,RETRY_ALL,0,,,0,0
RECLAIM-V2-000848,RETRY_ALL,0,,,0,0
RECLAIM-V2-000849,RETRY_ALL,0,,,0,0
RECLAIM-V2-000850,RETRY_ALL,0,,,0,0
RECLAIM-V2-000851,TARGET,1,,,0,0
RECLAIM-V2-000852,RETRY_ALL,0,,,0,0
RECLAIM-V2-000853,TARGET,1,,,0,0
RECLAIM-V2-000854,RETRY_ALL,0,,,0,0
RECLAIM-V2-000855,RETRY_ALL,0,,,0,0
RECLAIM-V2-000856,RETRY_ALL,0,,,0,0
RECLAIM-V2-000857,RETRY_ALL,0,,,0,0
RECLAIM-V2-000858,RETRY_ALL,0,,,0,0
RECLAIM-V2-000859,RETRY_ALL,0,,,0,0
RECLAIM-V2-000860,RETRY_ALL,0,,,0,0
RECLAIM-V2-000861,RETRY_ALL,0,,,0,0
RECLAIM-V2-000862,RETRY_ALL,0,,,0,0
RECLAIM-V2-000863,RETRY_ALL,0,,,0,0
RECLAIM-V2-000864,RETRY_ALL,0,,,0,0
RECLAIM-V2-000865,RETRY_ALL,0,,,0,0
RECLAIM-V2-000866,RETRY_ALL,0,,,0,0
RECLAIM-V2-000867,RETRY_ALL,0,,,0,0
RECLAIM-V2-000868,RETRY_ALL,0,,,0,0
RECLAIM-V2-000869,RETRY_ALL,0,,,0,0
RECLAIM-V2-000870,RETRY_ALL,0,,,0,0
RECLAIM-V2-000871,RETRY_ALL,0,,,0,0
RECLAIM-V2-000872,TARGET,1,,,0,0
RECLAIM-V2-000873,RETRY_ALL,0,,,0,0
RECLAIM-V2-000874,RETRY_ALL,0,,,0,0
RECLAIM-V2-000875,RETRY_ALL,0,,,0,0
RECLAIM-V2-000876,RETRY_ALL,0,,,0,0
RECLAIM-V2-000877,RETRY_ALL,0,,,0,0
RECLAIM-V2-000878,RETRY_ALL,0,,,0,0
RECLAIM-V2-000879,RETRY_ALL,0,,,0,0
RECLAIM-V2-000880,RETRY_ALL,0,,,0,0
RECLAIM-V2-000881,RETRY_ALL,0,,,0,0
RECLAIM-V2-000882,RETRY_ALL,0,,,0,0
RECLAIM-V2-000883,RETRY_ALL,0,,,0,0
RECLAIM-V2-000884,RETRY_ALL,0,,,0,0
RECLAIM-V2-000885,RETRY_ALL,0,,,0,0
RECLAIM-V2-000886,RETRY_ALL,0,,,0,0
RECLAIM-V2-000887,RETRY_ALL,0,,,0,0
RECLAIM-V2-000888,RETRY_ALL,0,,,0,0
RECLAIM-V2-000889,RETRY_ALL,0,,,0,0
RECLAIM-V2-000890,RETRY_ALL,0,,,0,0
RECLAIM-V2-000891,RETRY_ALL,0,,,0,0
RECLAIM-V2-000892,RETRY_ALL,0,,,0,0
RECLAIM-V2-000893,RETRY_ALL,0,,,0,0
RECLAIM-V2-000894,RETRY_ALL,0,,,0,0
RECLAIM-V2-000895,RETRY_ALL,0,,,0,0
RECLAIM-V2-000896,RETRY_ALL,0,,,0,0
RECLAIM-V2-000897,RETRY_ALL,0,,,0,0
RECLAIM-V2-000898,RETRY_ALL,0,,,0,0
RECLAIM-V2-000899,RETRY_ALL,0,,,0,0
RECLAIM-V2-000900,RETRY_ALL,0,,,0,0
RECLAIM-V2-000901,RETRY_ALL,0,,,0,0
RECLAIM-V2-000902,RETRY_ALL,0,,,0,0
RECLAIM-V2-000903,RETRY_ALL,0,,,0,0
RECLAIM-V2-000904,RETRY_ALL,0,,,0,0
RECLAIM-V2-000905,RETRY_ALL,0,,,0,0
RECLAIM-V2-000906,RETRY_ALL,0,,,0,0
RECLAIM-V2-000907,RETRY_ALL,0,,,0,0
RECLAIM-V2-000908,RETRY_ALL,0,,,0,0
RECLAIM-V2-000909,RETRY_ALL,0,,,0,0
RECLAIM-V2-000910,RETRY_ALL,0,,,0,0
RECLAIM-V2-000911,RETRY_ALL,0,,,0,0
RECLAIM-V2-000912,RETRY_ALL,0,,,0,0
RECLAIM-V2-000913,TARGET,1,,,0,0
RECLAIM-V2-000914,RETRY_ALL,0,,,0,0
RECLAIM-V2-000915,RETRY_ALL,0,,,0,0
RECLAIM-V2-000916,RETRY_ALL,0,,,0,0
RECLAIM-V2-000917,RETRY_ALL,0,,,0,0
RECLAIM-V2-000918,RETRY_ALL,0,,,0,0
RECLAIM-V2-000919,RETRY_ALL,0,,,0,0
RECLAIM-V2-000920,RETRY_ALL,0,,,0,0
RECLAIM-V2-000921,RETRY_ALL,0,,,0,0
RECLAIM-V2-000922,RETRY_ALL,0,,,0,0
RECLAIM-V2-000923,RETRY_ALL,0,,,0,0
RECLAIM-V2-000924,RETRY_ALL,0,,,0,0
RECLAIM-V2-000925,RETRY_ALL,0,,,0,0
RECLAIM-V2-000926,RETRY_ALL,0,,,0,0
RECLAIM-V2-000927,TARGET,1,,,0,0
RECLAIM-V2-000928,RETRY_ALL,0,,,0,0
RECLAIM-V2-000929,RETRY_ALL,0,,,0,0
RECLAIM-V2-000930,RETRY_ALL,0,,,0,0
RECLAIM-V2-000931,RETRY_ALL,0,,,0,0
RECLAIM-V2-000932,RETRY_ALL,0,,,0,0
RECLAIM-V2-000933,RETRY_ALL,0,,,0,0
RECLAIM-V2-000934,RETRY_ALL,0,,,0,0
RECLAIM-V2-000935,RETRY_ALL,0,,,0,0
RECLAIM-V2-000936,RETRY_ALL,0,,,0,0
RECLAIM-V2-000937,RETRY_ALL,0,,,0,0
RECLAIM-V2-000938,RETRY_ALL,0,,,0,0
RECLAIM-V2-000939,RETRY_ALL,0,,,0,0
RECLAIM-V2-000940,RETRY_ALL,0,,,0,0
RECLAIM-V2-000941,RETRY_ALL,0,,,0,0
RECLAIM-V2-000942,RETRY_ALL,0,,,0,0
RECLAIM-V2-000943,RETRY_ALL,0,,,0,0
RECLAIM-V2-000944,RETRY_ALL,0,,,0,0
RECLAIM-V2-000945,RETRY_ALL,0,,,0,0
RECLAIM-V2-000946,RETRY_ALL,0,,,0,0
RECLAIM-V2-000947,RETRY_ALL,0,,,0,0
RECLAIM-V2-000948,RETRY_ALL,0,,,0,0
RECLAIM-V2-000949,RETRY_ALL,0,,,0,0
RECLAIM-V2-000950,TARGET,1,,,0,0
RECLAIM-V2-000951,RETRY_ALL,0,,,0,0
RECLAIM-V2-000952,RETRY_ALL,0,,,0,0
RECLAIM-V2-000953,RETRY_ALL,0,,,0,0
RECLAIM-V2-000954,RETRY_ALL,0,,,0,0
RECLAIM-V2-000955,RETRY_ALL,0,,,0,0
RECLAIM-V2-000956,RETRY_ALL,0,,,0,0
RECLAIM-V2-000957,RETRY_ALL,0,,,0,0
RECLAIM-V2-000958,RETRY_ALL,0,,,0,0
RECLAIM-V2-000959,RETRY_ALL,0,,,0,0
RECLAIM-V2-000960,RETRY_ALL,0,,,0,0
RECLAIM-V2-000961,RETRY_ALL,0,,,0,0
RECLAIM-V2-000962,RETRY_ALL,0,,,0,0
RECLAIM-V2-000963,RETRY_ALL,0,,,0,0
RECLAIM-V2-000964,RETRY_ALL,0,,,0,0
RECLAIM-V2-000965,RETRY_ALL,0,,,0,0
RECLAIM-V2-000966,RETRY_ALL,0,,,0,0
RECLAIM-V2-000967,RETRY_ALL,0,,,0,0
RECLAIM-V2-000968,RETRY_ALL,0,,,0,0
RECLAIM-V2-000969,RETRY_ALL,0,,,0,0
RECLAIM-V2-000970,RETRY_ALL,0,,,0,0
RECLAIM-V2-000971,RETRY_ALL,0,,,0,0
RECLAIM-V2-000972,RETRY_ALL,0,,,0,0
RECLAIM-V2-000973,RETRY_ALL,0,,,0,0
RECLAIM-V2-000974,RETRY_ALL,0,,,0,0
RECLAIM-V2-000975,RETRY_ALL,0,,,0,0
RECLAIM-V2-000976,RETRY_ALL,0,,,0,0
RECLAIM-V2-000977,RETRY_ALL,0,,,0,0
RECLAIM-V2-000978,RETRY_ALL,0,,,0,0
RECLAIM-V2-000979,RETRY_ALL,0,,,0,0
RECLAIM-V2-000980,RETRY_ALL,0,,,0,0
RECLAIM-V2-000981,RETRY_ALL,0,,,0,0
RECLAIM-V2-000982,RETRY_ALL,0,,,0,0
RECLAIM-V2-000983,RETRY_ALL,0,,,0,0
RECLAIM-V2-000984,RETRY_ALL,0,,,0,0
RECLAIM-V2-000985,RETRY_ALL,0,,,0,0
RECLAIM-V2-000986,RETRY_ALL,0,,,0,0
RECLAIM-V2-000987,RETRY_ALL,0,,,0,0
RECLAIM-V2-000988,RETRY_ALL,0,,,0,0
RECLAIM-V2-000989,RETRY_ALL,0,,,0,0
RECLAIM-V2-000990,RETRY_ALL,0,,,0,0
RECLAIM-V2-000991,RETRY_ALL,0,,,0,0
RECLAIM-V2-000992,RETRY_ALL,0,,,0,0
RECLAIM-V2-000993,RETRY_ALL,0,,,0,0
RECLAIM-V2-000994,RETRY_ALL,0,,,0,0
RECLAIM-V2-000995,RETRY_ALL,0,,,0,0
RECLAIM-V2-000996,RETRY_ALL,0,,,0,0
RECLAIM-V2-000997,RETRY_ALL,0,,,0,0
RECLAIM-V2-000998,RETRY_ALL,0,,,0,0
RECLAIM-V2-000999,RETRY_ALL,0,,,0,0
RECLAIM-V2-001000,RETRY_ALL,0,,,0,0
RECLAIM-V2-001001,RETRY_ALL,0,,,0,0
RECLAIM-V2-001002,RETRY_ALL,0,,,0,0
RECLAIM-V2-001003,RETRY_ALL,0,,,0,0
RECLAIM-V2-001004,RETRY_ALL,0,,,0,0
RECLAIM-V2-001005,RETRY_ALL,0,,,0,0
RECLAIM-V2-001006,RETRY_ALL,0,,,0,0
RECLAIM-V2-001007,TARGET,1,,,0,0
RECLAIM-V2-001008,RETRY_ALL,0,,,0,0
RECLAIM-V2-001009,RETRY_ALL,0,,,0,0
RECLAIM-V2-001010,RETRY_ALL,0,,,0,0
RECLAIM-V2-001011,RETRY_ALL,0,,,0,0
RECLAIM-V2-001012,RETRY_ALL,0,,,0,0
RECLAIM-V2-001013,RETRY_ALL,0,,,0,0
RECLAIM-V2-001014,TARGET,1,,,0,0
RECLAIM-V2-001015,RETRY_ALL,0,,,0,0
RECLAIM-V2-001016,RETRY_ALL,0,,,0,0
RECLAIM-V2-001017,RETRY_ALL,0,,,0,0
RECLAIM-V2-001018,RETRY_ALL,0,,,0,0
RECLAIM-V2-001019,RETRY_ALL,0,,,0,0
RECLAIM-V2-001020,RETRY_ALL,0,,,0,0
RECLAIM-V2-001021,TARGET,1,,,0,0
RECLAIM-V2-001022,RETRY_ALL,0,,,0,0
RECLAIM-V2-001023,RETRY_ALL,0,,,0,0
RECLAIM-V2-001024,RETRY_ALL,0,,,0,0
RECLAIM-V2-001025,RETRY_ALL,0,,,0,0
RECLAIM-V2-001026,RETRY_ALL,0,,,0,0
RECLAIM-V2-001027,RETRY_ALL,0,,,0,0
RECLAIM-V2-001028,RETRY_ALL,0,,,0,0
RECLAIM-V2-001029,RETRY_ALL,0,,,0,0
RECLAIM-V2-001030,TARGET,1,,,0,0
RECLAIM-V2-001031,RETRY_ALL,0,,,0,0
RECLAIM-V2-001032,RETRY_ALL,0,,,0,0
RECLAIM-V2-001033,RETRY_ALL,0,,,0,0
RECLAIM-V2-001034,RETRY_ALL,0,,,0,0
RECLAIM-V2-001035,RETRY_ALL,0,,,0,0
RECLAIM-V2-001036,RETRY_ALL,0,,,0,0
RECLAIM-V2-001037,RETRY_ALL,0,,,0,0
RECLAIM-V2-001038,RETRY_ALL,0,,,0,0
RECLAIM-V2-001039,RETRY_ALL,0,,,0,0
RECLAIM-V2-001040,RETRY_ALL,0,,,0,0
RECLAIM-V2-001041,RETRY_ALL,0,,,0,0
RECLAIM-V2-001042,RETRY_ALL,0,,,0,0
RECLAIM-V2-001043,RETRY_ALL,0,,,0,0
RECLAIM-V2-001044,RETRY_ALL,0,,,0,0
RECLAIM-V2-001045,RETRY_ALL,0,,,0,0
RECLAIM-V2-001046,RETRY_ALL,0,,,0,0
RECLAIM-V2-001047,RETRY_ALL,0,,,0,0
RECLAIM-V2-001048,RETRY_ALL,0,,,0,0
RECLAIM-V2-001049,TARGET,1,,,0,0
RECLAIM-V2-001050,RETRY_ALL,0,,,0,0
RECLAIM-V2-001051,RETRY_ALL,0,,,0,0
RECLAIM-V2-001052,RETRY_ALL,0,,,0,0
RECLAIM-V2-001053,RETRY_ALL,0,,,0,0
RECLAIM-V2-001054,RETRY_ALL,0,,,0,0
RECLAIM-V2-001055,RETRY_ALL,0,,,0,0
RECLAIM-V2-001056,TARGET,1,,,0,0
RECLAIM-V2-001057,RETRY_ALL,0,,,0,0
RECLAIM-V2-001058,RETRY_ALL,0,,,0,0
RECLAIM-V2-001059,RETRY_ALL,0,,,0,0
RECLAIM-V2-001060,RETRY_ALL,0,,,0,0
RECLAIM-V2-001061,RETRY_ALL,0,,,0,0
RECLAIM-V2-001062,RETRY_ALL,0,,,0,0
RECLAIM-V2-001063,TARGET,1,,,0,0
RECLAIM-V2-001064,RETRY_ALL,0,,,0,0
RECLAIM-V2-001065,RETRY_ALL,0,,,0,0
RECLAIM-V2-001066,RETRY_ALL,0,,,0,0
RECLAIM-V2-001067,RETRY_ALL,0,,,0,0
RECLAIM-V2-001068,RETRY_ALL,0,,,0,0
RECLAIM-V2-001069,TARGET,1,,,0,0
RECLAIM-V2-001070,RETRY_ALL,0,,,0,0
RECLAIM-V2-001071,RETRY_ALL,0,,,0,0
RECLAIM-V2-001072,RETRY_ALL,0,,,0,0
RECLAIM-V2-001073,RETRY_ALL,0,,,0,0
RECLAIM-V2-001074,RETRY_ALL,0,,,0,0
RECLAIM-V2-001075,RETRY_ALL,0,,,0,0
RECLAIM-V2-001076,RETRY_ALL,0,,,0,0
RECLAIM-V2-001077,RETRY_ALL,0,,,0,0
RECLAIM-V2-001078,RETRY_ALL,0,,,0,0
RECLAIM-V2-001079,TARGET,1,,,0,0
RECLAIM-V2-001080,RETRY_ALL,0,,,0,0
RECLAIM-V2-001081,TARGET,1,,,0,0
RECLAIM-V2-001082,RETRY_ALL,0,,,0,0
RECLAIM-V2-001083,RETRY_ALL,0,,,0,0
RECLAIM-V2-001084,TARGET,1,,,0,0
RECLAIM-V2-001085,RETRY_ALL,0,,,0,0
RECLAIM-V2-001086,RETRY_ALL,0,,,0,0
RECLAIM-V2-001087,RETRY_ALL,0,,,0,0
RECLAIM-V2-001088,RETRY_ALL,0,,,0,0
RECLAIM-V2-001089,RETRY_ALL,0,,,0,0
RECLAIM-V2-001090,RETRY_ALL,0,,,0,0
RECLAIM-V2-001091,TARGET,1,,,0,0
RECLAIM-V2-001092,RETRY_ALL,0,,,0,0
RECLAIM-V2-001093,RETRY_ALL,0,,,0,0
RECLAIM-V2-001094,RETRY_ALL,0,,,0,0
RECLAIM-V2-001095,RETRY_ALL,0,,,0,0
RECLAIM-V2-001096,RETRY_ALL,0,,,0,0
RECLAIM-V2-001097,RETRY_ALL,0,,,0,0
RECLAIM-V2-001098,RETRY_ALL,0,,,0,0
RECLAIM-V2-001099,RETRY_ALL,0,,,0,0
RECLAIM-V2-001100,RETRY_ALL,0,,,0,0
RECLAIM-V2-001101,RETRY_ALL,0,,,0,0
RECLAIM-V2-001102,RETRY_ALL,0,,,0,0
RECLAIM-V2-001103,RETRY_ALL,0,,,0,0
RECLAIM-V2-001104,RETRY_ALL,0,,,0,0
RECLAIM-V2-001105,TARGET,1,,,0,0
RECLAIM-V2-001106,TARGET,1,,,0,0
RECLAIM-V2-001107,TARGET,1,,,0,0
RECLAIM-V2-001108,RETRY_ALL,0,,,0,0
RECLAIM-V2-001109,RETRY_ALL,0,,,0,0
RECLAIM-V2-001110,RETRY_ALL,0,,,0,0
RECLAIM-V2-001111,RETRY_ALL,0,,,0,0
RECLAIM-V2-001112,RETRY_ALL,0,,,0,0
RECLAIM-V2-001113,RETRY_ALL,0,,,0,0
RECLAIM-V2-001114,RETRY_ALL,0,,,0,0
RECLAIM-V2-001115,RETRY_ALL,0,,,0,0
RECLAIM-V2-001116,RETRY_ALL,0,,,0,0
RECLAIM-V2-001117,RETRY_ALL,0,,,0,0
RECLAIM-V2-001118,RETRY_ALL,0,,,0,0
RECLAIM-V2-001119,RETRY_ALL,0,,,0,0
RECLAIM-V2-001120,RETRY_ALL,0,,,0,0
RECLAIM-V2-001121,RETRY_ALL,0,,,0,0
RECLAIM-V2-001122,RETRY_ALL,0,,,0,0
RECLAIM-V2-001123,RETRY_ALL,0,,,0,0
RECLAIM-V2-001124,TARGET,1,,,0,0
RECLAIM-V2-001125,RETRY_ALL,0,,,0,0
RECLAIM-V2-001126,RETRY_ALL,0,,,0,0
RECLAIM-V2-001127,RETRY_ALL,0,,,0,0
RECLAIM-V2-001128,RETRY_ALL,0,,,0,0
RECLAIM-V2-001129,RETRY_ALL,0,,,0,0
RECLAIM-V2-001130,RETRY_ALL,0,,,0,0
RECLAIM-V2-001131,RETRY_ALL,0,,,0,0
RECLAIM-V2-001132,RETRY_ALL,0,,,0,0
RECLAIM-V2-001133,RETRY_ALL,0,,,0,0
RECLAIM-V2-001134,RETRY_ALL,0,,,0,0
RECLAIM-V2-001135,RETRY_ALL,0,,,0,0
RECLAIM-V2-001136,RETRY_ALL,0,,,0,0
RECLAIM-V2-001137,RETRY_ALL,0,,,0,0
RECLAIM-V2-001138,RETRY_ALL,0,,,0,0
RECLAIM-V2-001139,RETRY_ALL,0,,,0,0
RECLAIM-V2-001140,RETRY_ALL,0,,,0,0
RECLAIM-V2-001141,RETRY_ALL,0,,,0,0
RECLAIM-V2-001142,RETRY_ALL,0,,,0,0
RECLAIM-V2-001143,RETRY_ALL,0,,,0,0
RECLAIM-V2-001144,RETRY_ALL,0,,,0,0
RECLAIM-V2-001145,RETRY_ALL,0,,,0,0
RECLAIM-V2-001146,RETRY_ALL,0,,,0,0
RECLAIM-V2-001147,RETRY_ALL,0,,,0,0
RECLAIM-V2-001148,RETRY_ALL,0,,,0,0
RECLAIM-V2-001149,RETRY_ALL,0,,,0,0
RECLAIM-V2-001150,RETRY_ALL,0,,,0,0
RECLAIM-V2-001151,RETRY_ALL,0,,,0,0
RECLAIM-V2-001152,RETRY_ALL,0,,,0,0
RECLAIM-V2-001153,RETRY_ALL,0,,,0,0
RECLAIM-V2-001154,RETRY_ALL,0,,,0,0
RECLAIM-V2-001155,RETRY_ALL,0,,,0,0
RECLAIM-V2-001156,RETRY_ALL,0,,,0,0
RECLAIM-V2-001157,RETRY_ALL,0,,,0,0
RECLAIM-V2-001158,RETRY_ALL,0,,,0,0
RECLAIM-V2-001159,RETRY_ALL,0,,,0,0
RECLAIM-V2-001160,RETRY_ALL,0,,,0,0
RECLAIM-V2-001161,RETRY_ALL,0,,,0,0
RECLAIM-V2-001162,RETRY_ALL,0,,,0,0
RECLAIM-V2-001163,RETRY_ALL,0,,,0,0
RECLAIM-V2-001164,RETRY_ALL,0,,,0,0
RECLAIM-V2-001165,RETRY_ALL,0,,,0,0
RECLAIM-V2-001166,RETRY_ALL,0,,,0,0
RECLAIM-V2-001167,TARGET,1,,,0,0
RECLAIM-V2-001168,RETRY_ALL,0,,,0,0
RECLAIM-V2-001169,RETRY_ALL,0,,,0,0
RECLAIM-V2-001170,RETRY_ALL,0,,,0,0
RECLAIM-V2-001171,RETRY_ALL,0,,,0,0
RECLAIM-V2-001172,RETRY_ALL,0,,,0,0
RECLAIM-V2-001173,RETRY_ALL,0,,,0,0
RECLAIM-V2-001174,RETRY_ALL,0,,,0,0
RECLAIM-V2-001175,RETRY_ALL,0,,,0,0
RECLAIM-V2-001176,RETRY_ALL,0,,,0,0
RECLAIM-V2-001177,RETRY_ALL,0,,,0,0
RECLAIM-V2-001178,RETRY_ALL,0,,,0,0
RECLAIM-V2-001179,RETRY_ALL,0,,,0,0
RECLAIM-V2-001180,RETRY_ALL,0,,,0,0
RECLAIM-V2-001181,RETRY_ALL,0,,,0,0
RECLAIM-V2-001182,RETRY_ALL,0,,,0,0
RECLAIM-V2-001183,TARGET,1,,,0,0
RECLAIM-V2-001184,RETRY_ALL,0,,,0,0
RECLAIM-V2-001185,RETRY_ALL,0,,,0,0
RECLAIM-V2-001186,RETRY_ALL,0,,,0,0
RECLAIM-V2-001187,RETRY_ALL,0,,,0,0
RECLAIM-V2-001188,RETRY_ALL,0,,,0,0
RECLAIM-V2-001189,RETRY_ALL,0,,,0,0
RECLAIM-V2-001190,RETRY_ALL,0,,,0,0
RECLAIM-V2-001191,RETRY_ALL,0,,,0,0
RECLAIM-V2-001192,TARGET,1,,,0,0
RECLAIM-V2-001193,RETRY_ALL,0,,,0,0
RECLAIM-V2-001194,TARGET,1,,,0,0
RECLAIM-V2-001195,RETRY_ALL,0,,,0,0
RECLAIM-V2-001196,RETRY_ALL,0,,,0,0
RECLAIM-V2-001197,RETRY_ALL,0,,,0,0
RECLAIM-V2-001198,RETRY_ALL,0,,,0,0
RECLAIM-V2-001199,RETRY_ALL,0,,,0,0
RECLAIM-V2-001200,RETRY_ALL,0,,,0,0
RECLAIM-V2-001201,RETRY_ALL,0,,,0,0
RECLAIM-V2-001202,RETRY_ALL,0,,,0,0
RECLAIM-V2-001203,RETRY_ALL,0,,,0,0
RECLAIM-V2-001204,RETRY_ALL,0,,,0,0
RECLAIM-V2-001205,RETRY_ALL,0,,,0,0
RECLAIM-V2-001206,RETRY_ALL,0,,,0,0
RECLAIM-V2-001207,TARGET,1,,,0,0
RECLAIM-V2-001208,RETRY_ALL,0,,,0,0
RECLAIM-V2-001209,RETRY_ALL,0,,,0,0
RECLAIM-V2-001210,RETRY_ALL,0,,,0,0
RECLAIM-V2-001211,RETRY_ALL,0,,,0,0
RECLAIM-V2-001212,RETRY_ALL,0,,,0,0
RECLAIM-V2-001213,RETRY_ALL,0,,,0,0
RECLAIM-V2-001214,RETRY_ALL,0,,,0,0
RECLAIM-V2-001215,RETRY_ALL,0,,,0,0
RECLAIM-V2-001216,RETRY_ALL,0,,,0,0
RECLAIM-V2-001217,RETRY_ALL,0,,,0,0
RECLAIM-V2-001218,RETRY_ALL,0,,,0,0
RECLAIM-V2-001219,RETRY_ALL,0,,,0,0
RECLAIM-V2-001220,RETRY_ALL,0,,,0,0
RECLAIM-V2-001221,RETRY_ALL,0,,,0,0
RECLAIM-V2-001222,RETRY_ALL,0,,,0,0
RECLAIM-V2-001223,RETRY_ALL,0,,,0,0
RECLAIM-V2-001224,TARGET,1,,,0,0
RECLAIM-V2-001225,RETRY_ALL,0,,,0,0
RECLAIM-V2-001226,RETRY_ALL,0,,,0,0
RECLAIM-V2-001227,RETRY_ALL,0,,,0,0
RECLAIM-V2-001228,RETRY_ALL,0,,,0,0
RECLAIM-V2-001229,TARGET,1,,,0,0
RECLAIM-V2-001230,RETRY_ALL,0,,,0,0
RECLAIM-V2-001231,RETRY_ALL,0,,,0,0
RECLAIM-V2-001232,RETRY_ALL,0,,,0,0
RECLAIM-V2-001233,RETRY_ALL,0,,,0,0
RECLAIM-V2-001234,RETRY_ALL,0,,,0,0
RECLAIM-V2-001235,RETRY_ALL,0,,,0,0
RECLAIM-V2-001236,RETRY_ALL,0,,,0,0
RECLAIM-V2-001237,RETRY_ALL,0,,,0,0
RECLAIM-V2-001238,RETRY_ALL,0,,,0,0
RECLAIM-V2-001239,RETRY_ALL,0,,,0,0
RECLAIM-V2-001240,RETRY_ALL,0,,,0,0
RECLAIM-V2-001241,RETRY_ALL,0,,,0,0
RECLAIM-V2-001242,RETRY_ALL,0,,,0,0
RECLAIM-V2-001243,RETRY_ALL,0,,,0,0
RECLAIM-V2-001244,RETRY_ALL,0,,,0,0
RECLAIM-V2-001245,TARGET,1,,,0,0
RECLAIM-V2-001246,RETRY_ALL,0,,,0,0
RECLAIM-V2-001247,RETRY_ALL,0,,,0,0
RECLAIM-V2-001248,RETRY_ALL,0,,,0,0
RECLAIM-V2-001249,RETRY_ALL,0,,,0,0
RECLAIM-V2-001250,RETRY_ALL,0,,,0,0
RECLAIM-V2-001251,RETRY_ALL,0,,,0,0
RECLAIM-V2-001252,RETRY_ALL,0,,,0,0
RECLAIM-V2-001253,RETRY_ALL,0,,,0,0
RECLAIM-V2-001254,RETRY_ALL,0,,,0,0
RECLAIM-V2-001255,RETRY_ALL,0,,,0,0
RECLAIM-V2-001256,RETRY_ALL,0,,,0,0
RECLAIM-V2-001257,RETRY_ALL,0,,,0,0
RECLAIM-V2-001258,RETRY_ALL,0,,,0,0
RECLAIM-V2-001259,RETRY_ALL,0,,,0,0
RECLAIM-V2-001260,RETRY_ALL,0,,,0,0
RECLAIM-V2-001261,RETRY_ALL,0,,,0,0
RECLAIM-V2-001262,RETRY_ALL,0,,,0,0
RECLAIM-V2-001263,RETRY_ALL,0,,,0,0
RECLAIM-V2-001264,RETRY_ALL,0,,,0,0
RECLAIM-V2-001265,RETRY_ALL,0,,,0,0
RECLAIM-V2-001266,RETRY_ALL,0,,,0,0
RECLAIM-V2-001267,RETRY_ALL,0,,,0,0
RECLAIM-V2-001268,RETRY_ALL,0,,,0,0
RECLAIM-V2-001269,RETRY_ALL,0,,,0,0
RECLAIM-V2-001270,RETRY_ALL,0,,,0,0
RECLAIM-V2-001271,RETRY_ALL,0,,,0,0
RECLAIM-V2-001272,RETRY_ALL,0,,,0,0
RECLAIM-V2-001273,RETRY_ALL,0,,,0,0
RECLAIM-V2-001274,RETRY_ALL,0,,,0,0
RECLAIM-V2-001275,RETRY_ALL,0,,,0,0
RECLAIM-V2-001276,RETRY_ALL,0,,,0,0
RECLAIM-V2-001277,RETRY_ALL,0,,,0,0
RECLAIM-V2-001278,RETRY_ALL,0,,,0,0
RECLAIM-V2-001279,RETRY_ALL,0,,,0,0
RECLAIM-V2-001280,RETRY_ALL,0,,,0,0
RECLAIM-V2-001281,RETRY_ALL,0,,,0,0
RECLAIM-V2-001282,RETRY_ALL,0,,,0,0
RECLAIM-V2-001283,RETRY_ALL,0,,,0,0
RECLAIM-V2-001284,RETRY_ALL,0,,,0,0
RECLAIM-V2-001285,RETRY_ALL,0,,,0,0
RECLAIM-V2-001286,RETRY_ALL,0,,,0,0
RECLAIM-V2-001287,RETRY_ALL,0,,,0,0
RECLAIM-V2-001288,RETRY_ALL,0,,,0,0
RECLAIM-V2-001289,RETRY_ALL,0,,,0,0
RECLAIM-V2-001290,RETRY_ALL,0,,,0,0
RECLAIM-V2-001291,RETRY_ALL,0,,,0,0
RECLAIM-V2-001292,RETRY_ALL,0,,,0,0
RECLAIM-V2-001293,RETRY_ALL,0,,,0,0
RECLAIM-V2-001294,RETRY_ALL,0,,,0,0
RECLAIM-V2-001295,RETRY_ALL,0,,,0,0
RECLAIM-V2-001296,RETRY_ALL,0,,,0,0
RECLAIM-V2-001297,RETRY_ALL,0,,,0,0
RECLAIM-V2-001298,RETRY_ALL,0,,,0,0
RECLAIM-V2-001299,RETRY_ALL,0,,,0,0
RECLAIM-V2-001300,RETRY_ALL,0,,,0,0
RECLAIM-V2-001301,RETRY_ALL,0,,,0,0
RECLAIM-V2-001302,RETRY_ALL,0,,,0,0
RECLAIM-V2-001303,RETRY_ALL,0,,,0,0
RECLAIM-V2-001304,RETRY_ALL,0,,,0,0
RECLAIM-V2-001305,RETRY_ALL,0,,,0,0
RECLAIM-V2-001306,RETRY_ALL,0,,,0,0
RECLAIM-V2-001307,RETRY_ALL,0,,,0,0
RECLAIM-V2-001308,RETRY_ALL,0,,,0,0
RECLAIM-V2-001309,RETRY_ALL,0,,,0,0
RECLAIM-V2-001310,RETRY_ALL,0,,,0,0
RECLAIM-V2-001311,RETRY_ALL,0,,,0,0
RECLAIM-V2-001312,RETRY_ALL,0,,,0,0
RECLAIM-V2-001313,RETRY_ALL,0,,,0,0
RECLAIM-V2-001314,RETRY_ALL,0,,,0,0
RECLAIM-V2-001315,RETRY_ALL,0,,,0,0
RECLAIM-V2-001316,TARGET,1,,,0,0
RECLAIM-V2-001317,RETRY_ALL,0,,,0,0
RECLAIM-V2-001318,RETRY_ALL,0,,,0,0
RECLAIM-V2-001319,RETRY_ALL,0,,,0,0
RECLAIM-V2-001320,RETRY_ALL,0,,,0,0
RECLAIM-V2-001321,RETRY_ALL,0,,,0,0
RECLAIM-V2-001322,RETRY_ALL,0,,,0,0
RECLAIM-V2-001323,RETRY_ALL,0,,,0,0
RECLAIM-V2-001324,RETRY_ALL,0,,,0,0
RECLAIM-V2-001325,RETRY_ALL,0,,,0,0
RECLAIM-V2-001326,RETRY_ALL,0,,,0,0
RECLAIM-V2-001327,RETRY_ALL,0,,,0,0
RECLAIM-V2-001328,RETRY_ALL,0,,,0,0
RECLAIM-V2-001329,RETRY_ALL,0,,,0,0
RECLAIM-V2-001330,RETRY_ALL,0,,,0,0
RECLAIM-V2-001331,RETRY_ALL,0,,,0,0
RECLAIM-V2-001332,RETRY_ALL,0,,,0,0
RECLAIM-V2-001333,RETRY_ALL,0,,,0,0
RECLAIM-V2-001334,RETRY_ALL,0,,,0,0
RECLAIM-V2-001335,RETRY_ALL,0,,,0,0
RECLAIM-V2-001336,RETRY_ALL,0,,,0,0
RECLAIM-V2-001337,RETRY_ALL,0,,,0,0
RECLAIM-V2-001338,RETRY_ALL,0,,,0,0
RECLAIM-V2-001339,TARGET,1,,,0,0
RECLAIM-V2-001340,RETRY_ALL,0,,,0,0
RECLAIM-V2-001341,RETRY_ALL,0,,,0,0
RECLAIM-V2-001342,RETRY_ALL,0,,,0,0
RECLAIM-V2-001343,RETRY_ALL,0,,,0,0
RECLAIM-V2-001344,RETRY_ALL,0,,,0,0
RECLAIM-V2-001345,RETRY_ALL,0,,,0,0
RECLAIM-V2-001346,RETRY_ALL,0,,,0,0
RECLAIM-V2-001347,RETRY_ALL,0,,,0,0
RECLAIM-V2-001348,RETRY_ALL,0,,,0,0
RECLAIM-V2-001349,RETRY_ALL,0,,,0,0
RECLAIM-V2-001350,RETRY_ALL,0,,,0,0
RECLAIM-V2-001351,RETRY_ALL,0,,,0,0
RECLAIM-V2-001352,RETRY_ALL,0,,,0,0
RECLAIM-V2-001353,RETRY_ALL,0,,,0,0
RECLAIM-V2-001354,RETRY_ALL,0,,,0,0
RECLAIM-V2-001355,RETRY_ALL,0,,,0,0
RECLAIM-V2-001356,RETRY_ALL,0,,,0,0
RECLAIM-V2-001357,RETRY_ALL,0,,,0,0
RECLAIM-V2-001358,RETRY_ALL,0,,,0,0
RECLAIM-V2-001359,RETRY_ALL,0,,,0,0
RECLAIM-V2-001360,RETRY_ALL,0,,,0,0
RECLAIM-V2-001361,TARGET,1,,,0,0
RECLAIM-V2-001362,RETRY_ALL,0,,,0,0
RECLAIM-V2-001363,RETRY_ALL,0,,,0,0
RECLAIM-V2-001364,RETRY_ALL,0,,,0,0
RECLAIM-V2-001365,RETRY_ALL,0,,,0,0
RECLAIM-V2-001366,RETRY_ALL,0,,,0,0
RECLAIM-V2-001367,RETRY_ALL,0,,,0,0
RECLAIM-V2-001368,RETRY_ALL,0,,,0,0
RECLAIM-V2-001369,RETRY_ALL,0,,,0,0
RECLAIM-V2-001370,RETRY_ALL,0,,,0,0
RECLAIM-V2-001371,TARGET,1,,,0,0
RECLAIM-V2-001372,RETRY_ALL,0,,,0,0
RECLAIM-V2-001373,RETRY_ALL,0,,,0,0
RECLAIM-V2-001374,TARGET,1,,,0,0
RECLAIM-V2-001375,RETRY_ALL,0,,,0,0
RECLAIM-V2-001376,RETRY_ALL,0,,,0,0
RECLAIM-V2-001377,RETRY_ALL,0,,,0,0
RECLAIM-V2-001378,RETRY_ALL,0,,,0,0
RECLAIM-V2-001379,RETRY_ALL,0,,,0,0
RECLAIM-V2-001380,RETRY_ALL,0,,,0,0
RECLAIM-V2-001381,RETRY_ALL,0,,,0,0
RECLAIM-V2-001382,RETRY_ALL,0,,,0,0
RECLAIM-V2-001383,RETRY_ALL,0,,,0,0
RECLAIM-V2-001384,RETRY_ALL,0,,,0,0
RECLAIM-V2-001385,RETRY_ALL,0,,,0,0
RECLAIM-V2-001386,RETRY_ALL,0,,,0,0
RECLAIM-V2-001387,RETRY_ALL,0,,,0,0
RECLAIM-V2-001388,RETRY_ALL,0,,,0,0
RECLAIM-V2-001389,RETRY_ALL,0,,,0,0
RECLAIM-V2-001390,RETRY_ALL,0,,,0,0
RECLAIM-V2-001391,RETRY_ALL,0,,,0,0
RECLAIM-V2-001392,RETRY_ALL,0,,,0,0
RECLAIM-V2-001393,RETRY_ALL,0,,,0,0
RECLAIM-V2-001394,RETRY_ALL,0,,,0,0
RECLAIM-V2-001395,RETRY_ALL,0,,,0,0
RECLAIM-V2-001396,RETRY_ALL,0,,,0,0
RECLAIM-V2-001397,RETRY_ALL,0,,,0,0
RECLAIM-V2-001398,RETRY_ALL,0,,,0,0
RECLAIM-V2-001399,RETRY_ALL,0,,,0,0
RECLAIM-V2-001400,RETRY_ALL,0,,,0,0
RECLAIM-V2-001401,RETRY_ALL,0,,,0,0
RECLAIM-V2-001402,RETRY_ALL,0,,,0,0
RECLAIM-V2-001403,RETRY_ALL,0,,,0,0
RECLAIM-V2-001404,RETRY_ALL,0,,,0,0
RECLAIM-V2-001405,RETRY_ALL,0,,,0,0
RECLAIM-V2-001406,TARGET,1,,,0,0
RECLAIM-V2-001407,RETRY_ALL,0,,,0,0
RECLAIM-V2-001408,RETRY_ALL,0,,,0,0
RECLAIM-V2-001409,RETRY_ALL,0,,,0,0
RECLAIM-V2-001410,RETRY_ALL,0,,,0,0
RECLAIM-V2-001411,RETRY_ALL,0,,,0,0
RECLAIM-V2-001412,RETRY_ALL,0,,,0,0
RECLAIM-V2-001413,RETRY_ALL,0,,,0,0
RECLAIM-V2-001414,RETRY_ALL,0,,,0,0
RECLAIM-V2-001415,RETRY_ALL,0,,,0,0
RECLAIM-V2-001416,RETRY_ALL,0,,,0,0
RECLAIM-V2-001417,RETRY_ALL,0,,,0,0
RECLAIM-V2-001418,RETRY_ALL,0,,,0,0
RECLAIM-V2-001419,RETRY_ALL,0,,,0,0
RECLAIM-V2-001420,RETRY_ALL,0,,,0,0
RECLAIM-V2-001421,RETRY_ALL,0,,,0,0
RECLAIM-V2-001422,RETRY_ALL,0,,,0,0
RECLAIM-V2-001423,RETRY_ALL,0,,,0,0
RECLAIM-V2-001424,RETRY_ALL,0,,,0,0
RECLAIM-V2-001425,RETRY_ALL,0,,,0,0
RECLAIM-V2-001426,RETRY_ALL,0,,,0,0
RECLAIM-V2-001427,RETRY_ALL,0,,,0,0
RECLAIM-V2-001428,RETRY_ALL,0,,,0,0
RECLAIM-V2-001429,RETRY_ALL,0,,,0,0
RECLAIM-V2-001430,RETRY_ALL,0,,,0,0
RECLAIM-V2-001431,RETRY_ALL,0,,,0,0
RECLAIM-V2-001432,RETRY_ALL,0,,,0,0
RECLAIM-V2-001433,RETRY_ALL,0,,,0,0
RECLAIM-V2-001434,RETRY_ALL,0,,,0,0
RECLAIM-V2-001435,RETRY_ALL,0,,,0,0
RECLAIM-V2-001436,RETRY_ALL,0,,,0,0
RECLAIM-V2-001437,RETRY_ALL,0,,,0,0
RECLAIM-V2-001438,RETRY_ALL,0,,,0,0
RECLAIM-V2-001439,RETRY_ALL,0,,,0,0
RECLAIM-V2-001440,RETRY_ALL,0,,,0,0
RECLAIM-V2-001441,RETRY_ALL,0,,,0,0
RECLAIM-V2-001442,RETRY_ALL,0,,,0,0
RECLAIM-V2-001443,RETRY_ALL,0,,,0,0
RECLAIM-V2-001444,RETRY_ALL,0,,,0,0
RECLAIM-V2-001445,RETRY_ALL,0,,,0,0
RECLAIM-V2-001446,RETRY_ALL,0,,,0,0
RECLAIM-V2-001447,RETRY_ALL,0,,,0,0
RECLAIM-V2-001448,RETRY_ALL,0,,,0,0
RECLAIM-V2-001449,TARGET,1,,,0,0
RECLAIM-V2-001450,RETRY_ALL,0,,,0,0
RECLAIM-V2-001451,RETRY_ALL,0,,,0,0
RECLAIM-V2-001452,RETRY_ALL,0,,,0,0
RECLAIM-V2-001453,RETRY_ALL,0,,,0,0
RECLAIM-V2-001454,RETRY_ALL,0,,,0,0
RECLAIM-V2-001455,RETRY_ALL,0,,,0,0
RECLAIM-V2-001456,RETRY_ALL,0,,,0,0
RECLAIM-V2-001457,RETRY_ALL,0,,,0,0
RECLAIM-V2-001458,RETRY_ALL,0,,,0,0
RECLAIM-V2-001459,RETRY_ALL,0,,,0,0
RECLAIM-V2-001460,RETRY_ALL,0,,,0,0
RECLAIM-V2-001461,RETRY_ALL,0,,,0,0
RECLAIM-V2-001462,RETRY_ALL,0,,,0,0
RECLAIM-V2-001463,RETRY_ALL,0,,,0,0
RECLAIM-V2-001464,RETRY_ALL,0,,,0,0
RECLAIM-V2-001465,RETRY_ALL,0,,,0,0
RECLAIM-V2-001466,RETRY_ALL,0,,,0,0
RECLAIM-V2-001467,RETRY_ALL,0,,,0,0
RECLAIM-V2-001468,RETRY_ALL,0,,,0,0
RECLAIM-V2-001469,RETRY_ALL,0,,,0,0
RECLAIM-V2-001470,TARGET,1,,,0,0
RECLAIM-V2-001471,RETRY_ALL,0,,,0,0
RECLAIM-V2-001472,RETRY_ALL,0,,,0,0
RECLAIM-V2-001473,RETRY_ALL,0,,,0,0
RECLAIM-V2-001474,RETRY_ALL,0,,,0,0
RECLAIM-V2-001475,RETRY_ALL,0,,,0,0
RECLAIM-V2-001476,RETRY_ALL,0,,,0,0
RECLAIM-V2-001477,RETRY_ALL,0,,,0,0
RECLAIM-V2-001478,RETRY_ALL,0,,,0,0
RECLAIM-V2-001479,RETRY_ALL,0,,,0,0
RECLAIM-V2-001480,RETRY_ALL,0,,,0,0
RECLAIM-V2-001481,RETRY_ALL,0,,,0,0
RECLAIM-V2-001482,RETRY_ALL,0,,,0,0
RECLAIM-V2-001483,RETRY_ALL,0,,,0,0
RECLAIM-V2-001484,RETRY_ALL,0,,,0,0
RECLAIM-V2-001485,RETRY_ALL,0,,,0,0
RECLAIM-V2-001486,RETRY_ALL,0,,,0,0
RECLAIM-V2-001487,TARGET,1,,,0,0
RECLAIM-V2-001488,RETRY_ALL,0,,,0,0
RECLAIM-V2-001489,RETRY_ALL,0,,,0,0
RECLAIM-V2-001490,RETRY_ALL,0,,,0,0
RECLAIM-V2-001491,RETRY_ALL,0,,,0,0
RECLAIM-V2-001492,RETRY_ALL,0,,,0,0
RECLAIM-V2-001493,RETRY_ALL,0,,,0,0
RECLAIM-V2-001494,RETRY_ALL,0,,,0,0
RECLAIM-V2-001495,RETRY_ALL,0,,,0,0
RECLAIM-V2-001496,RETRY_ALL,0,,,0,0
RECLAIM-V2-001497,RETRY_ALL,0,,,0,0
RECLAIM-V2-001498,RETRY_ALL,0,,,0,0
RECLAIM-V2-001499,RETRY_ALL,0,,,0,0
RECLAIM-V2-001500,RETRY_ALL,0,,,0,0
RECLAIM-V2-001501,RETRY_ALL,0,,,0,0
RECLAIM-V2-001502,RETRY_ALL,0,,,0,0
RECLAIM-V2-001503,RETRY_ALL,0,,,0,0
RECLAIM-V2-001504,RETRY_ALL,0,,,0,0
RECLAIM-V2-001505,RETRY_ALL,0,,,0,0
RECLAIM-V2-001506,RETRY_ALL,0,,,0,0
RECLAIM-V2-001507,RETRY_ALL,0,,,0,0
RECLAIM-V2-001508,RETRY_ALL,0,,,0,0
RECLAIM-V2-001509,RETRY_ALL,0,,,0,0
RECLAIM-V2-001510,RETRY_ALL,0,,,0,0
RECLAIM-V2-001511,RETRY_ALL,0,,,0,0
RECLAIM-V2-001512,RETRY_ALL,0,,,0,0
RECLAIM-V2-001513,RETRY_ALL,0,,,0,0
RECLAIM-V2-001514,RETRY_ALL,0,,,0,0
RECLAIM-V2-001515,RETRY_ALL,0,,,0,0
RECLAIM-V2-001516,RETRY_ALL,0,,,0,0
RECLAIM-V2-001517,RETRY_ALL,0,,,0,0
RECLAIM-V2-001518,RETRY_ALL,0,,,0,0
RECLAIM-V2-001519,RETRY_ALL,0,,,0,0
RECLAIM-V2-001520,RETRY_ALL,0,,,0,0
RECLAIM-V2-001521,RETRY_ALL,0,,,0,0
RECLAIM-V2-001522,RETRY_ALL,0,,,0,0
RECLAIM-V2-001523,TARGET,1,,,0,0
RECLAIM-V2-001524,RETRY_ALL,0,,,0,0
RECLAIM-V2-001525,RETRY_ALL,0,,,0,0
RECLAIM-V2-001526,RETRY_ALL,0,,,0,0
RECLAIM-V2-001527,RETRY_ALL,0,,,0,0
RECLAIM-V2-001528,RETRY_ALL,0,,,0,0
RECLAIM-V2-001529,RETRY_ALL,0,,,0,0
RECLAIM-V2-001530,RETRY_ALL,0,,,0,0
RECLAIM-V2-001531,RETRY_ALL,0,,,0,0
RECLAIM-V2-001532,RETRY_ALL,0,,,0,0
RECLAIM-V2-001533,RETRY_ALL,0,,,0,0
RECLAIM-V2-001534,RETRY_ALL,0,,,0,0
RECLAIM-V2-001535,RETRY_ALL,0,,,0,0
RECLAIM-V2-001536,RETRY_ALL,0,,,0,0
RECLAIM-V2-001537,RETRY_ALL,0,,,0,0
RECLAIM-V2-001538,RETRY_ALL,0,,,0,0
RECLAIM-V2-001539,RETRY_ALL,0,,,0,0
RECLAIM-V2-001540,RETRY_ALL,0,,,0,0
RECLAIM-V2-001541,RETRY_ALL,0,,,0,0
RECLAIM-V2-001542,RETRY_ALL,0,,,0,0
RECLAIM-V2-001543,RETRY_ALL,0,,,0,0
RECLAIM-V2-001544,RETRY_ALL,0,,,0,0
RECLAIM-V2-001545,RETRY_ALL,0,,,0,0
RECLAIM-V2-001546,RETRY_ALL,0,,,0,0
RECLAIM-V2-001547,RETRY_ALL,0,,,0,0
RECLAIM-V2-001548,RETRY_ALL,0,,,0,0
RECLAIM-V2-001549,RETRY_ALL,0,,,0,0
RECLAIM-V2-001550,RETRY_ALL,0,,,0,0
RECLAIM-V2-001551,RETRY_ALL,0,,,0,0
RECLAIM-V2-001552,RETRY_ALL,0,,,0,0
RECLAIM-V2-001553,RETRY_ALL,0,,,0,0
RECLAIM-V2-001554,RETRY_ALL,0,,,0,0
RECLAIM-V2-001555,RETRY_ALL,0,,,0,0
RECLAIM-V2-001556,TARGET,1,,,0,0
RECLAIM-V2-001557,RETRY_ALL,0,,,0,0
RECLAIM-V2-001558,RETRY_ALL,0,,,0,0
RECLAIM-V2-001559,RETRY_ALL,0,,,0,0
RECLAIM-V2-001560,RETRY_ALL,0,,,0,0
RECLAIM-V2-001561,TARGET,1,,,0,0
RECLAIM-V2-001562,RETRY_ALL,0,,,0,0
RECLAIM-V2-001563,RETRY_ALL,0,,,0,0
RECLAIM-V2-001564,RETRY_ALL,0,,,0,0
RECLAIM-V2-001565,RETRY_ALL,0,,,0,0
RECLAIM-V2-001566,TARGET,1,,,0,0
RECLAIM-V2-001567,RETRY_ALL,0,,,0,0
RECLAIM-V2-001568,RETRY_ALL,0,,,0,0
RECLAIM-V2-001569,RETRY_ALL,0,,,0,0
RECLAIM-V2-001570,RETRY_ALL,0,,,0,0
RECLAIM-V2-001571,RETRY_ALL,0,,,0,0
RECLAIM-V2-001572,RETRY_ALL,0,,,0,0
RECLAIM-V2-001573,RETRY_ALL,0,,,0,0
RECLAIM-V2-001574,RETRY_ALL,0,,,0,0
RECLAIM-V2-001575,TARGET,1,,,0,0
RECLAIM-V2-001576,RETRY_ALL,0,,,0,0
RECLAIM-V2-001577,RETRY_ALL,0,,,0,0
RECLAIM-V2-001578,RETRY_ALL,0,,,0,0
RECLAIM-V2-001579,RETRY_ALL,0,,,0,0
RECLAIM-V2-001580,RETRY_ALL,0,,,0,0
RECLAIM-V2-001581,RETRY_ALL,0,,,0,0
RECLAIM-V2-001582,RETRY_ALL,0,,,0,0
RECLAIM-V2-001583,RETRY_ALL,0,,,0,0
RECLAIM-V2-001584,RETRY_ALL,0,,,0,0
RECLAIM-V2-001585,RETRY_ALL,0,,,0,0
RECLAIM-V2-001586,RETRY_ALL,0,,,0,0
RECLAIM-V2-001587,RETRY_ALL,0,,,0,0
RECLAIM-V2-001588,RETRY_ALL,0,,,0,0
RECLAIM-V2-001589,RETRY_ALL,0,,,0,0
RECLAIM-V2-001590,TARGET,1,,,0,0
RECLAIM-V2-001591,TARGET,1,,,0,0
RECLAIM-V2-001592,RETRY_ALL,0,,,0,0
RECLAIM-V2-001593,RETRY_ALL,0,,,0,0
RECLAIM-V2-001594,RETRY_ALL,0,,,0,0
RECLAIM-V2-001595,RETRY_ALL,0,,,0,0
RECLAIM-V2-001596,RETRY_ALL,0,,,0,0
RECLAIM-V2-001597,RETRY_ALL,0,,,0,0
RECLAIM-V2-001598,RETRY_ALL,0,,,0,0
RECLAIM-V2-001599,RETRY_ALL,0,,,0,0
RECLAIM-V2-001600,RETRY_ALL,0,,,0,0
RECLAIM-V2-001601,RETRY_ALL,0,,,0,0
RECLAIM-V2-001602,RETRY_ALL,0,,,0,0
RECLAIM-V2-001603,RETRY_ALL,0,,,0,0
RECLAIM-V2-001604,RETRY_ALL,0,,,0,0
RECLAIM-V2-001605,RETRY_ALL,0,,,0,0
RECLAIM-V2-001606,RETRY_ALL,0,,,0,0
RECLAIM-V2-001607,RETRY_ALL,0,,,0,0
RECLAIM-V2-001608,RETRY_ALL,0,,,0,0
RECLAIM-V2-001609,RETRY_ALL,0,,,0,0
RECLAIM-V2-001610,RETRY_ALL,0,,,0,0
RECLAIM-V2-001611,RETRY_ALL,0,,,0,0
RECLAIM-V2-001612,RETRY_ALL,0,,,0,0
RECLAIM-V2-001613,RETRY_ALL,0,,,0,0
RECLAIM-V2-001614,RETRY_ALL,0,,,0,0
RECLAIM-V2-001615,RETRY_ALL,0,,,0,0
RECLAIM-V2-001616,RETRY_ALL,0,,,0,0
RECLAIM-V2-001617,TARGET,1,,,0,0
RECLAIM-V2-001618,RETRY_ALL,0,,,0,0
RECLAIM-V2-001619,RETRY_ALL,0,,,0,0
RECLAIM-V2-001620,RETRY_ALL,0,,,0,0
RECLAIM-V2-001621,RETRY_ALL,0,,,0,0
RECLAIM-V2-001622,RETRY_ALL,0,,,0,0
RECLAIM-V2-001623,RETRY_ALL,0,,,0,0
RECLAIM-V2-001624,RETRY_ALL,0,,,0,0
RECLAIM-V2-001625,RETRY_ALL,0,,,0,0
RECLAIM-V2-001626,TARGET,1,,,0,0
RECLAIM-V2-001627,RETRY_ALL,0,,,0,0
RECLAIM-V2-001628,RETRY_ALL,0,,,0,0
RECLAIM-V2-001629,RETRY_ALL,0,,,0,0
RECLAIM-V2-001630,RETRY_ALL,0,,,0,0
RECLAIM-V2-001631,RETRY_ALL,0,,,0,0
RECLAIM-V2-001632,RETRY_ALL,0,,,0,0
RECLAIM-V2-001633,TARGET,1,,,0,0
RECLAIM-V2-001634,RETRY_ALL,0,,,0,0
RECLAIM-V2-001635,RETRY_ALL,0,,,0,0
RECLAIM-V2-001636,RETRY_ALL,0,,,0,0
RECLAIM-V2-001637,RETRY_ALL,0,,,0,0
RECLAIM-V2-001638,RETRY_ALL,0,,,0,0
RECLAIM-V2-001639,RETRY_ALL,0,,,0,0
RECLAIM-V2-001640,RETRY_ALL,0,,,0,0
RECLAIM-V2-001641,RETRY_ALL,0,,,0,0
RECLAIM-V2-001642,RETRY_ALL,0,,,0,0
RECLAIM-V2-001643,RETRY_ALL,0,,,0,0
RECLAIM-V2-001644,RETRY_ALL,0,,,0,0
RECLAIM-V2-001645,RETRY_ALL,0,,,0,0
RECLAIM-V2-001646,RETRY_ALL,0,,,0,0
RECLAIM-V2-001647,RETRY_ALL,0,,,0,0
RECLAIM-V2-001648,RETRY_ALL,0,,,0,0
RECLAIM-V2-001649,RETRY_ALL,0,,,0,0
RECLAIM-V2-001650,RETRY_ALL,0,,,0,0
RECLAIM-V2-001651,TARGET,1,,,0,0
RECLAIM-V2-001652,RETRY_ALL,0,,,0,0
RECLAIM-V2-001653,RETRY_ALL,0,,,0,0
RECLAIM-V2-001654,RETRY_ALL,0,,,0,0
RECLAIM-V2-001655,RETRY_ALL,0,,,0,0
RECLAIM-V2-001656,RETRY_ALL,0,,,0,0
RECLAIM-V2-001657,RETRY_ALL,0,,,0,0
RECLAIM-V2-001658,RETRY_ALL,0,,,0,0
RECLAIM-V2-001659,RETRY_ALL,0,,,0,0
RECLAIM-V2-001660,RETRY_ALL,0,,,0,0
RECLAIM-V2-001661,RETRY_ALL,0,,,0,0
RECLAIM-V2-001662,RETRY_ALL,0,,,0,0
RECLAIM-V2-001663,RETRY_ALL,0,,,0,0
RECLAIM-V2-001664,RETRY_ALL,0,,,0,0
RECLAIM-V2-001665,RETRY_ALL,0,,,0,0
RECLAIM-V2-001666,RETRY_ALL,0,,,0,0
RECLAIM-V2-001667,RETRY_ALL,0,,,0,0
RECLAIM-V2-001668,RETRY_ALL,0,,,0,0
RECLAIM-V2-001669,RETRY_ALL,0,,,0,0
RECLAIM-V2-001670,RETRY_ALL,0,,,0,0
RECLAIM-V2-001671,RETRY_ALL,0,,,0,0
RECLAIM-V2-001672,RETRY_ALL,0,,,0,0
RECLAIM-V2-001673,RETRY_ALL,0,,,0,0
RECLAIM-V2-001674,TARGET,1,,,0,0
RECLAIM-V2-001675,RETRY_ALL,0,,,0,0
RECLAIM-V2-001676,RETRY_ALL,0,,,0,0
RECLAIM-V2-001677,RETRY_ALL,0,,,0,0
RECLAIM-V2-001678,RETRY_ALL,0,,,0,0
RECLAIM-V2-001679,RETRY_ALL,0,,,0,0
RECLAIM-V2-001680,RETRY_ALL,0,,,0,0
RECLAIM-V2-001681,RETRY_ALL,0,,,0,0
RECLAIM-V2-001682,RETRY_ALL,0,,,0,0
RECLAIM-V2-001683,RETRY_ALL,0,,,0,0
RECLAIM-V2-001684,RETRY_ALL,0,,,0,0
RECLAIM-V2-001685,RETRY_ALL,0,,,0,0
RECLAIM-V2-001686,RETRY_ALL,0,,,0,0
RECLAIM-V2-001687,RETRY_ALL,0,,,0,0
RECLAIM-V2-001688,RETRY_ALL,0,,,0,0
RECLAIM-V2-001689,RETRY_ALL,0,,,0,0
RECLAIM-V2-001690,RETRY_ALL,0,,,0,0
RECLAIM-V2-001691,RETRY_ALL,0,,,0,0
RECLAIM-V2-001692,RETRY_ALL,0,,,0,0
RECLAIM-V2-001693,RETRY_ALL,0,,,0,0
RECLAIM-V2-001694,RETRY_ALL,0,,,0,0
RECLAIM-V2-001695,RETRY_ALL,0,,,0,0
RECLAIM-V2-001696,RETRY_ALL,0,,,0,0
RECLAIM-V2-001697,RETRY_ALL,0,,,0,0
RECLAIM-V2-001698,TARGET,1,,,0,0
RECLAIM-V2-001699,RETRY_ALL,0,,,0,0
RECLAIM-V2-001700,RETRY_ALL,0,,,0,0
RECLAIM-V2-001701,RETRY_ALL,0,,,0,0
RECLAIM-V2-001702,RETRY_ALL,0,,,0,0
RECLAIM-V2-001703,RETRY_ALL,0,,,0,0
RECLAIM-V2-001704,RETRY_ALL,0,,,0,0
RECLAIM-V2-001705,RETRY_ALL,0,,,0,0
RECLAIM-V2-001706,RETRY_ALL,0,,,0,0
RECLAIM-V2-001707,RETRY_ALL,0,,,0,0
RECLAIM-V2-001708,RETRY_ALL,0,,,0,0
RECLAIM-V2-001709,RETRY_ALL,0,,,0,0
RECLAIM-V2-001710,RETRY_ALL,0,,,0,0
RECLAIM-V2-001711,RETRY_ALL,0,,,0,0
RECLAIM-V2-001712,RETRY_ALL,0,,,0,0
RECLAIM-V2-001713,RETRY_ALL,0,,,0,0
RECLAIM-V2-001714,RETRY_ALL,0,,,0,0
RECLAIM-V2-001715,RETRY_ALL,0,,,0,0
RECLAIM-V2-001716,RETRY_ALL,0,,,0,0
RECLAIM-V2-001717,RETRY_ALL,0,,,0,0
RECLAIM-V2-001718,RETRY_ALL,0,,,0,0
RECLAIM-V2-001719,RETRY_ALL,0,,,0,0
RECLAIM-V2-001720,RETRY_ALL,0,,,0,0
RECLAIM-V2-001721,RETRY_ALL,0,,,0,0
RECLAIM-V2-001722,RETRY_ALL,0,,,0,0
RECLAIM-V2-001723,RETRY_ALL,0,,,0,0
RECLAIM-V2-001724,RETRY_ALL,0,,,0,0
RECLAIM-V2-001725,RETRY_ALL,0,,,0,0
RECLAIM-V2-001726,RETRY_ALL,0,,,0,0
RECLAIM-V2-001727,RETRY_ALL,0,,,0,0
RECLAIM-V2-001728,RETRY_ALL,0,,,0,0
RECLAIM-V2-001729,RETRY_ALL,0,,,0,0
RECLAIM-V2-001730,RETRY_ALL,0,,,0,0
RECLAIM-V2-001731,RETRY_ALL,0,,,0,0
RECLAIM-V2-001732,RETRY_ALL,0,,,0,0
RECLAIM-V2-001733,RETRY_ALL,0,,,0,0
RECLAIM-V2-001734,RETRY_ALL,0,,,0,0
RECLAIM-V2-001735,RETRY_ALL,0,,,0,0
RECLAIM-V2-001736,TARGET,1,,,0,0
RECLAIM-V2-001737,RETRY_ALL,0,,,0,0
RECLAIM-V2-001738,RETRY_ALL,0,,,0,0
RECLAIM-V2-001739,RETRY_ALL,0,,,0,0
RECLAIM-V2-001740,RETRY_ALL,0,,,0,0
RECLAIM-V2-001741,RETRY_ALL,0,,,0,0
RECLAIM-V2-001742,RETRY_ALL,0,,,0,0
RECLAIM-V2-001743,RETRY_ALL,0,,,0,0
RECLAIM-V2-001744,RETRY_ALL,0,,,0,0
RECLAIM-V2-001745,RETRY_ALL,0,,,0,0
RECLAIM-V2-001746,RETRY_ALL,0,,,0,0
RECLAIM-V2-001747,RETRY_ALL,0,,,0,0
RECLAIM-V2-001748,RETRY_ALL,0,,,0,0
RECLAIM-V2-001749,RETRY_ALL,0,,,0,0
RECLAIM-V2-001750,RETRY_ALL,0,,,0,0
RECLAIM-V2-001751,RETRY_ALL,0,,,0,0
RECLAIM-V2-001752,RETRY_ALL,0,,,0,0
RECLAIM-V2-001753,RETRY_ALL,0,,,0,0
RECLAIM-V2-001754,RETRY_ALL,0,,,0,0
RECLAIM-V2-001755,RETRY_ALL,0,,,0,0
RECLAIM-V2-001756,RETRY_ALL,0,,,0,0
RECLAIM-V2-001757,RETRY_ALL,0,,,0,0
RECLAIM-V2-001758,RETRY_ALL,0,,,0,0
RECLAIM-V2-001759,RETRY_ALL,0,,,0,0
RECLAIM-V2-001760,RETRY_ALL,0,,,0,0
RECLAIM-V2-001761,RETRY_ALL,0,,,0,0
RECLAIM-V2-001762,RETRY_ALL,0,,,0,0
RECLAIM-V2-001763,RETRY_ALL,0,,,0,0
RECLAIM-V2-001764,RETRY_ALL,0,,,0,0
RECLAIM-V2-001765,RETRY_ALL,0,,,0,0
RECLAIM-V2-001766,RETRY_ALL,0,,,0,0
RECLAIM-V2-001767,RETRY_ALL,0,,,0,0
RECLAIM-V2-001768,RETRY_ALL,0,,,0,0
RECLAIM-V2-001769,RETRY_ALL,0,,,0,0
RECLAIM-V2-001770,RETRY_ALL,0,,,0,0
RECLAIM-V2-001771,RETRY_ALL,0,,,0,0
RECLAIM-V2-001772,RETRY_ALL,0,,,0,0
RECLAIM-V2-001773,RETRY_ALL,0,,,0,0
RECLAIM-V2-001774,RETRY_ALL,0,,,0,0
RECLAIM-V2-001775,RETRY_ALL,0,,,0,0
RECLAIM-V2-001776,RETRY_ALL,0,,,0,0
RECLAIM-V2-001777,RETRY_ALL,0,,,0,0
RECLAIM-V2-001778,RETRY_ALL,0,,,0,0
RECLAIM-V2-001779,RETRY_ALL,0,,,0,0
RECLAIM-V2-001780,RETRY_ALL,0,,,0,0
RECLAIM-V2-001781,RETRY_ALL,0,,,0,0
RECLAIM-V2-001782,RETRY_ALL,0,,,0,0
RECLAIM-V2-001783,RETRY_ALL,0,,,0,0
RECLAIM-V2-001784,RETRY_ALL,0,,,0,0
RECLAIM-V2-001785,RETRY_ALL,0,,,0,0
RECLAIM-V2-001786,RETRY_ALL,0,,,0,0
RECLAIM-V2-001787,RETRY_ALL,0,,,0,0
RECLAIM-V2-001788,RETRY_ALL,0,,,0,0
RECLAIM-V2-001789,RETRY_ALL,0,,,0,0
RECLAIM-V2-001790,RETRY_ALL,0,,,0,0
RECLAIM-V2-001791,RETRY_ALL,0,,,0,0
RECLAIM-V2-001792,RETRY_ALL,0,,,0,0
RECLAIM-V2-001793,RETRY_ALL,0,,,0,0
RECLAIM-V2-001794,RETRY_ALL,0,,,0,0
RECLAIM-V2-001795,RETRY_ALL,0,,,0,0
RECLAIM-V2-001796,RETRY_ALL,0,,,0,0
RECLAIM-V2-001797,RETRY_ALL,0,,,0,0
RECLAIM-V2-001798,RETRY_ALL,0,,,0,0
RECLAIM-V2-001799,RETRY_ALL,0,,,0,0
RECLAIM-V2-001800,RETRY_ALL,0,,,0,0
RECLAIM-V2-001801,RETRY_ALL,0,,,0,0
RECLAIM-V2-001802,RETRY_ALL,0,,,0,0
RECLAIM-V2-001803,RETRY_ALL,0,,,0,0
RECLAIM-V2-001804,RETRY_ALL,0,,,0,0
RECLAIM-V2-001805,RETRY_ALL,0,,,0,0
RECLAIM-V2-001806,RETRY_ALL,0,,,0,0
RECLAIM-V2-001807,RETRY_ALL,0,,,0,0
RECLAIM-V2-001808,RETRY_ALL,0,,,0,0
RECLAIM-V2-001809,RETRY_ALL,0,,,0,0
RECLAIM-V2-001810,RETRY_ALL,0,,,0,0
RECLAIM-V2-001811,TARGET,1,,,0,0
RECLAIM-V2-001812,RETRY_ALL,0,,,0,0
RECLAIM-V2-001813,RETRY_ALL,0,,,0,0
RECLAIM-V2-001814,RETRY_ALL,0,,,0,0
RECLAIM-V2-001815,RETRY_ALL,0,,,0,0
RECLAIM-V2-001816,RETRY_ALL,0,,,0,0
RECLAIM-V2-001817,RETRY_ALL,0,,,0,0
RECLAIM-V2-001818,TARGET,1,,,0,0
RECLAIM-V2-001819,RETRY_ALL,0,,,0,0
RECLAIM-V2-001820,RETRY_ALL,0,,,0,0
RECLAIM-V2-001821,RETRY_ALL,0,,,0,0
RECLAIM-V2-001822,RETRY_ALL,0,,,0,0
RECLAIM-V2-001823,RETRY_ALL,0,,,0,0
RECLAIM-V2-001824,RETRY_ALL,0,,,0,0
RECLAIM-V2-001825,RETRY_ALL,0,,,0,0
RECLAIM-V2-001826,RETRY_ALL,0,,,0,0
RECLAIM-V2-001827,RETRY_ALL,0,,,0,0
RECLAIM-V2-001828,RETRY_ALL,0,,,0,0
RECLAIM-V2-001829,RETRY_ALL,0,,,0,0
RECLAIM-V2-001830,TARGET,1,,,0,0
RECLAIM-V2-001831,RETRY_ALL,0,,,0,0
RECLAIM-V2-001832,RETRY_ALL,0,,,0,0
RECLAIM-V2-001833,RETRY_ALL,0,,,0,0
RECLAIM-V2-001834,RETRY_ALL,0,,,0,0
RECLAIM-V2-001835,RETRY_ALL,0,,,0,0
RECLAIM-V2-001836,RETRY_ALL,0,,,0,0
RECLAIM-V2-001837,RETRY_ALL,0,,,0,0
RECLAIM-V2-001838,RETRY_ALL,0,,,0,0
RECLAIM-V2-001839,RETRY_ALL,0,,,0,0
RECLAIM-V2-001840,RETRY_ALL,0,,,0,0
RECLAIM-V2-001841,RETRY_ALL,0,,,0,0
RECLAIM-V2-001842,RETRY_ALL,0,,,0,0
RECLAIM-V2-001843,RETRY_ALL,0,,,0,0
RECLAIM-V2-001844,RETRY_ALL,0,,,0,0
RECLAIM-V2-001845,RETRY_ALL,0,,,0,0
RECLAIM-V2-001846,TARGET,1,,,0,0
RECLAIM-V2-001847,RETRY_ALL,0,,,0,0
RECLAIM-V2-001848,RETRY_ALL,0,,,0,0
RECLAIM-V2-001849,RETRY_ALL,0,,,0,0
RECLAIM-V2-001850,RETRY_ALL,0,,,0,0
RECLAIM-V2-001851,RETRY_ALL,0,,,0,0
RECLAIM-V2-001852,RETRY_ALL,0,,,0,0
RECLAIM-V2-001853,RETRY_ALL,0,,,0,0
RECLAIM-V2-001854,RETRY_ALL,0,,,0,0
RECLAIM-V2-001855,RETRY_ALL,0,,,0,0
RECLAIM-V2-001856,RETRY_ALL,0,,,0,0
RECLAIM-V2-001857,RETRY_ALL,0,,,0,0
RECLAIM-V2-001858,RETRY_ALL,0,,,0,0
RECLAIM-V2-001859,RETRY_ALL,0,,,0,0
RECLAIM-V2-001860,TARGET,1,,,0,0
RECLAIM-V2-001861,RETRY_ALL,0,,,0,0
RECLAIM-V2-001862,RETRY_ALL,0,,,0,0
RECLAIM-V2-001863,RETRY_ALL,0,,,0,0
RECLAIM-V2-001864,RETRY_ALL,0,,,0,0
RECLAIM-V2-001865,RETRY_ALL,0,,,0,0
RECLAIM-V2-001866,RETRY_ALL,0,,,0,0
RECLAIM-V2-001867,RETRY_ALL,0,,,0,0
RECLAIM-V2-001868,RETRY_ALL,0,,,0,0
RECLAIM-V2-001869,RETRY_ALL,0,,,0,0
RECLAIM-V2-001870,RETRY_ALL,0,,,0,0
RECLAIM-V2-001871,RETRY_ALL,0,,,0,0
RECLAIM-V2-001872,RETRY_ALL,0,,,0,0
RECLAIM-V2-001873,RETRY_ALL,0,,,0,0
RECLAIM-V2-001874,RETRY_ALL,0,,,0,0
RECLAIM-V2-001875,RETRY_ALL,0,,,0,0
RECLAIM-V2-001876,RETRY_ALL,0,,,0,0
RECLAIM-V2-001877,TARGET,1,,,0,0
RECLAIM-V2-001878,RETRY_ALL,0,,,0,0
RECLAIM-V2-001879,RETRY_ALL,0,,,0,0
RECLAIM-V2-001880,RETRY_ALL,0,,,0,0
RECLAIM-V2-001881,RETRY_ALL,0,,,0,0
RECLAIM-V2-001882,RETRY_ALL,0,,,0,0
RECLAIM-V2-001883,RETRY_ALL,0,,,0,0
RECLAIM-V2-001884,RETRY_ALL,0,,,0,0
RECLAIM-V2-001885,TARGET,1,,,0,0
RECLAIM-V2-001886,RETRY_ALL,0,,,0,0
RECLAIM-V2-001887,RETRY_ALL,0,,,0,0
RECLAIM-V2-001888,RETRY_ALL,0,,,0,0
RECLAIM-V2-001889,RETRY_ALL,0,,,0,0
RECLAIM-V2-001890,RETRY_ALL,0,,,0,0
RECLAIM-V2-001891,RETRY_ALL,0,,,0,0
RECLAIM-V2-001892,RETRY_ALL,0,,,0,0
RECLAIM-V2-001893,RETRY_ALL,0,,,0,0
RECLAIM-V2-001894,RETRY_ALL,0,,,0,0
RECLAIM-V2-001895,RETRY_ALL,0,,,0,0
RECLAIM-V2-001896,RETRY_ALL,0,,,0,0
RECLAIM-V2-001897,RETRY_ALL,0,,,0,0
RECLAIM-V2-001898,RETRY_ALL,0,,,0,0
RECLAIM-V2-001899,RETRY_ALL,0,,,0,0
RECLAIM-V2-001900,RETRY_ALL,0,,,0,0
RECLAIM-V2-001901,RETRY_ALL,0,,,0,0
RECLAIM-V2-001902,RETRY_ALL,0,,,0,0
RECLAIM-V2-001903,RETRY_ALL,0,,,0,0
RECLAIM-V2-001904,RETRY_ALL,0,,,0,0
RECLAIM-V2-001905,RETRY_ALL,0,,,0,0
RECLAIM-V2-001906,RETRY_ALL,0,,,0,0
RECLAIM-V2-001907,RETRY_ALL,0,,,0,0
RECLAIM-V2-001908,RETRY_ALL,0,,,0,0
RECLAIM-V2-001909,RETRY_ALL,0,,,0,0
RECLAIM-V2-001910,RETRY_ALL,0,,,0,0
RECLAIM-V2-001911,RETRY_ALL,0,,,0,0
RECLAIM-V2-001912,RETRY_ALL,0,,,0,0
RECLAIM-V2-001913,RETRY_ALL,0,,,0,0
RECLAIM-V2-001914,RETRY_ALL,0,,,0,0
RECLAIM-V2-001915,RETRY_ALL,0,,,0,0
RECLAIM-V2-001916,RETRY_ALL,0,,,0,0
RECLAIM-V2-001917,TARGET,1,,,0,0
RECLAIM-V2-001918,RETRY_ALL,0,,,0,0
RECLAIM-V2-001919,RETRY_ALL,0,,,0,0
RECLAIM-V2-001920,TARGET,1,,,0,0
RECLAIM-V2-001921,RETRY_ALL,0,,,0,0
RECLAIM-V2-001922,RETRY_ALL,0,,,0,0
RECLAIM-V2-001923,RETRY_ALL,0,,,0,0
RECLAIM-V2-001924,RETRY_ALL,0,,,0,0
RECLAIM-V2-001925,RETRY_ALL,0,,,0,0
RECLAIM-V2-001926,RETRY_ALL,0,,,0,0
RECLAIM-V2-001927,RETRY_ALL,0,,,0,0
RECLAIM-V2-001928,RETRY_ALL,0,,,0,0
RECLAIM-V2-001929,RETRY_ALL,0,,,0,0
RECLAIM-V2-001930,RETRY_ALL,0,,,0,0
RECLAIM-V2-001931,RETRY_ALL,0,,,0,0
RECLAIM-V2-001932,RETRY_ALL,0,,,0,0
RECLAIM-V2-001933,RETRY_ALL,0,,,0,0
RECLAIM-V2-001934,RETRY_ALL,0,,,0,0
RECLAIM-V2-001935,RETRY_ALL,0,,,0,0
RECLAIM-V2-001936,RETRY_ALL,0,,,0,0
RECLAIM-V2-001937,RETRY_ALL,0,,,0,0
RECLAIM-V2-001938,RETRY_ALL,0,,,0,0
RECLAIM-V2-001939,RETRY_ALL,0,,,0,0
RECLAIM-V2-001940,RETRY_ALL,0,,,0,0
RECLAIM-V2-001941,RETRY_ALL,0,,,0,0
RECLAIM-V2-001942,RETRY_ALL,0,,,0,0
RECLAIM-V2-001943,RETRY_ALL,0,,,0,0
RECLAIM-V2-001944,RETRY_ALL,0,,,0,0
RECLAIM-V2-001945,RETRY_ALL,0,,,0,0
RECLAIM-V2-001946,RETRY_ALL,0,,,0,0
RECLAIM-V2-001947,RETRY_ALL,0,,,0,0
RECLAIM-V2-001948,RETRY_ALL,0,,,0,0
RECLAIM-V2-001949,RETRY_ALL,0,,,0,0
RECLAIM-V2-001950,RETRY_ALL,0,,,0,0
RECLAIM-V2-001951,RETRY_ALL,0,,,0,0
RECLAIM-V2-001952,RETRY_ALL,0,,,0,0
RECLAIM-V2-001953,RETRY_ALL,0,,,0,0
RECLAIM-V2-001954,RETRY_ALL,0,,,0,0
RECLAIM-V2-001955,RETRY_ALL,0,,,0,0
RECLAIM-V2-001956,RETRY_ALL,0,,,0,0
RECLAIM-V2-001957,RETRY_ALL,0,,,0,0
RECLAIM-V2-001958,RETRY_ALL,0,,,0,0
RECLAIM-V2-001959,RETRY_ALL,0,,,0,0
RECLAIM-V2-001960,RETRY_ALL,0,,,0,0
RECLAIM-V2-001961,RETRY_ALL,0,,,0,0
RECLAIM-V2-001962,RETRY_ALL,0,,,0,0
RECLAIM-V2-001963,RETRY_ALL,0,,,0,0
RECLAIM-V2-001964,RETRY_ALL,0,,,0,0
RECLAIM-V2-001965,RETRY_ALL,0,,,0,0
RECLAIM-V2-001966,RETRY_ALL,0,,,0,0
RECLAIM-V2-001967,RETRY_ALL,0,,,0,0
RECLAIM-V2-001968,TARGET,1,,,0,0
RECLAIM-V2-001969,RETRY_ALL,0,,,0,0
RECLAIM-V2-001970,RETRY_ALL,0,,,0,0
RECLAIM-V2-001971,RETRY_ALL,0,,,0,0
RECLAIM-V2-001972,RETRY_ALL,0,,,0,0
RECLAIM-V2-001973,RETRY_ALL,0,,,0,0
RECLAIM-V2-001974,RETRY_ALL,0,,,0,0
RECLAIM-V2-001975,RETRY_ALL,0,,,0,0
RECLAIM-V2-001976,RETRY_ALL,0,,,0,0
RECLAIM-V2-001977,RETRY_ALL,0,,,0,0
RECLAIM-V2-001978,RETRY_ALL,0,,,0,0
RECLAIM-V2-001979,RETRY_ALL,0,,,0,0
RECLAIM-V2-001980,RETRY_ALL,0,,,0,0
RECLAIM-V2-001981,RETRY_ALL,0,,,0,0
RECLAIM-V2-001982,RETRY_ALL,0,,,0,0
RECLAIM-V2-001983,RETRY_ALL,0,,,0,0
RECLAIM-V2-001984,RETRY_ALL,0,,,0,0
RECLAIM-V2-001985,RETRY_ALL,0,,,0,0
RECLAIM-V2-001986,RETRY_ALL,0,,,0,0
RECLAIM-V2-001987,RETRY_ALL,0,,,0,0
RECLAIM-V2-001988,RETRY_ALL,0,,,0,0
RECLAIM-V2-001989,RETRY_ALL,0,,,0,0
RECLAIM-V2-001990,RETRY_ALL,0,,,0,0
RECLAIM-V2-001991,RETRY_ALL,0,,,0,0
RECLAIM-V2-001992,RETRY_ALL,0,,,0,0
RECLAIM-V2-001993,RETRY_ALL,0,,,0,0
RECLAIM-V2-001994,RETRY_ALL,0,,,0,0
RECLAIM-V2-001995,RETRY_ALL,0,,,0,0
RECLAIM-V2-001996,RETRY_ALL,0,,,0,0
RECLAIM-V2-001997,RETRY_ALL,0,,,0,0
RECLAIM-V2-001998,RETRY_ALL,0,,,0,0
RECLAIM-V2-001999,RETRY_ALL,0,,,0,0
RECLAIM-V2-002000,RETRY_ALL,0,,,0,0
RECLAIM-V2-002001,RETRY_ALL,0,,,0,0
RECLAIM-V2-002002,RETRY_ALL,0,,,0,0
RECLAIM-V2-002003,RETRY_ALL,0,,,0,0
RECLAIM-V2-002004,RETRY_ALL,0,,,0,0
RECLAIM-V2-002005,RETRY_ALL,0,,,0,0
RECLAIM-V2-002006,RETRY_ALL,0,,,0,0
RECLAIM-V2-002007,RETRY_ALL,0,,,0,0
RECLAIM-V2-002008,RETRY_ALL,0,,,0,0
RECLAIM-V2-002009,RETRY_ALL,0,,,0,0
RECLAIM-V2-002010,RETRY_ALL,0,,,0,0
RECLAIM-V2-002011,RETRY_ALL,0,,,0,0
RECLAIM-V2-002012,TARGET,1,,,0,0
RECLAIM-V2-002013,RETRY_ALL,0,,,0,0
RECLAIM-V2-002014,RETRY_ALL,0,,,0,0
RECLAIM-V2-002015,RETRY_ALL,0,,,0,0
RECLAIM-V2-002016,RETRY_ALL,0,,,0,0
RECLAIM-V2-002017,RETRY_ALL,0,,,0,0
RECLAIM-V2-002018,RETRY_ALL,0,,,0,0
RECLAIM-V2-002019,RETRY_ALL,0,,,0,0
RECLAIM-V2-002020,RETRY_ALL,0,,,0,0
RECLAIM-V2-002021,RETRY_ALL,0,,,0,0
RECLAIM-V2-002022,RETRY_ALL,0,,,0,0
RECLAIM-V2-002023,RETRY_ALL,0,,,0,0
RECLAIM-V2-002024,RETRY_ALL,0,,,0,0
RECLAIM-V2-002025,TARGET,1,,,0,0
RECLAIM-V2-002026,RETRY_ALL,0,,,0,0
RECLAIM-V2-002027,RETRY_ALL,0,,,0,0
RECLAIM-V2-002028,RETRY_ALL,0,,,0,0
RECLAIM-V2-002029,RETRY_ALL,0,,,0,0
RECLAIM-V2-002030,RETRY_ALL,0,,,0,0
RECLAIM-V2-002031,RETRY_ALL,0,,,0,0
RECLAIM-V2-002032,RETRY_ALL,0,,,0,0
RECLAIM-V2-002033,RETRY_ALL,0,,,0,0
RECLAIM-V2-002034,RETRY_ALL,0,,,0,0
RECLAIM-V2-002035,RETRY_ALL,0,,,0,0
RECLAIM-V2-002036,RETRY_ALL,0,,,0,0
RECLAIM-V2-002037,RETRY_ALL,0,,,0,0
RECLAIM-V2-002038,RETRY_ALL,0,,,0,0
RECLAIM-V2-002039,RETRY_ALL,0,,,0,0
RECLAIM-V2-002040,TARGET,1,,,0,0
RECLAIM-V2-002041,RETRY_ALL,0,,,0,0
RECLAIM-V2-002042,RETRY_ALL,0,,,0,0
RECLAIM-V2-002043,RETRY_ALL,0,,,0,0
RECLAIM-V2-002044,RETRY_ALL,0,,,0,0
RECLAIM-V2-002045,RETRY_ALL,0,,,0,0
RECLAIM-V2-002046,RETRY_ALL,0,,,0,0
RECLAIM-V2-002047,RETRY_ALL,0,,,0,0
RECLAIM-V2-002048,RETRY_ALL,0,,,0,0
RECLAIM-V2-002049,RETRY_ALL,0,,,0,0
RECLAIM-V2-002050,RETRY_ALL,0,,,0,0
RECLAIM-V2-002051,RETRY_ALL,0,,,0,0
RECLAIM-V2-002052,RETRY_ALL,0,,,0,0
RECLAIM-V2-002053,RETRY_ALL,0,,,0,0
RECLAIM-V2-002054,RETRY_ALL,0,,,0,0
RECLAIM-V2-002055,RETRY_ALL,0,,,0,0
RECLAIM-V2-002056,RETRY_ALL,0,,,0,0
RECLAIM-V2-002057,RETRY_ALL,0,,,0,0
RECLAIM-V2-002058,RETRY_ALL,0,,,0,0
RECLAIM-V2-002059,RETRY_ALL,0,,,0,0
RECLAIM-V2-002060,RETRY_ALL,0,,,0,0
RECLAIM-V2-002061,RETRY_ALL,0,,,0,0
RECLAIM-V2-002062,RETRY_ALL,0,,,0,0
RECLAIM-V2-002063,RETRY_ALL,0,,,0,0
RECLAIM-V2-002064,RETRY_ALL,0,,,0,0
RECLAIM-V2-002065,RETRY_ALL,0,,,0,0
RECLAIM-V2-002066,RETRY_ALL,0,,,0,0
RECLAIM-V2-002067,RETRY_ALL,0,,,0,0
RECLAIM-V2-002068,RETRY_ALL,0,,,0,0
RECLAIM-V2-002069,RETRY_ALL,0,,,0,0
RECLAIM-V2-002070,RETRY_ALL,0,,,0,0
RECLAIM-V2-002071,RETRY_ALL,0,,,0,0
RECLAIM-V2-002072,RETRY_ALL,0,,,0,0
RECLAIM-V2-002073,RETRY_ALL,0,,,0,0
RECLAIM-V2-002074,RETRY_ALL,0,,,0,0
RECLAIM-V2-002075,RETRY_ALL,0,,,0,0
RECLAIM-V2-002076,RETRY_ALL,0,,,0,0
RECLAIM-V2-002077,RETRY_ALL,0,,,0,0
RECLAIM-V2-002078,RETRY_ALL,0,,,0,0
RECLAIM-V2-002079,RETRY_ALL,0,,,0,0
RECLAIM-V2-002080,RETRY_ALL,0,,,0,0
RECLAIM-V2-002081,RETRY_ALL,0,,,0,0
RECLAIM-V2-002082,RETRY_ALL,0,,,0,0
RECLAIM-V2-002083,RETRY_ALL,0,,,0,0
RECLAIM-V2-002084,RETRY_ALL,0,,,0,0
RECLAIM-V2-002085,RETRY_ALL,0,,,0,0
RECLAIM-V2-002086,RETRY_ALL,0,,,0,0
RECLAIM-V2-002087,RETRY_ALL,0,,,0,0
RECLAIM-V2-002088,RETRY_ALL,0,,,0,0
RECLAIM-V2-002089,RETRY_ALL,0,,,0,0
RECLAIM-V2-002090,RETRY_ALL,0,,,0,0
RECLAIM-V2-002091,RETRY_ALL,0,,,0,0
RECLAIM-V2-002092,RETRY_ALL,0,,,0,0
RECLAIM-V2-002093,RETRY_ALL,0,,,0,0
RECLAIM-V2-002094,TARGET,1,,,0,0
RECLAIM-V2-002095,RETRY_ALL,0,,,0,0
RECLAIM-V2-002096,RETRY_ALL,0,,,0,0
RECLAIM-V2-002097,RETRY_ALL,0,,,0,0
RECLAIM-V2-002098,RETRY_ALL,0,,,0,0
RECLAIM-V2-002099,RETRY_ALL,0,,,0,0
RECLAIM-V2-002100,RETRY_ALL,0,,,0,0
RECLAIM-V2-002101,RETRY_ALL,0,,,0,0
RECLAIM-V2-002102,RETRY_ALL,0,,,0,0
RECLAIM-V2-002103,RETRY_ALL,0,,,0,0
RECLAIM-V2-002104,RETRY_ALL,0,,,0,0
RECLAIM-V2-002105,RETRY_ALL,0,,,0,0
RECLAIM-V2-002106,RETRY_ALL,0,,,0,0
RECLAIM-V2-002107,RETRY_ALL,0,,,0,0
RECLAIM-V2-002108,RETRY_ALL,0,,,0,0
RECLAIM-V2-002109,RETRY_ALL,0,,,0,0
RECLAIM-V2-002110,RETRY_ALL,0,,,0,0
RECLAIM-V2-002111,RETRY_ALL,0,,,0,0
RECLAIM-V2-002112,RETRY_ALL,0,,,0,0
RECLAIM-V2-002113,RETRY_ALL,0,,,0,0
RECLAIM-V2-002114,RETRY_ALL,0,,,0,0
RECLAIM-V2-002115,RETRY_ALL,0,,,0,0
RECLAIM-V2-002116,RETRY_ALL,0,,,0,0
RECLAIM-V2-002117,RETRY_ALL,0,,,0,0
RECLAIM-V2-002118,RETRY_ALL,0,,,0,0
RECLAIM-V2-002119,RETRY_ALL,0,,,0,0
RECLAIM-V2-002120,RETRY_ALL,0,,,0,0
RECLAIM-V2-002121,RETRY_ALL,0,,,0,0
RECLAIM-V2-002122,TARGET,1,,,0,0
RECLAIM-V2-002123,RETRY_ALL,0,,,0,0
RECLAIM-V2-002124,TARGET,1,,,0,0
RECLAIM-V2-002125,RETRY_ALL,0,,,0,0
RECLAIM-V2-002126,RETRY_ALL,0,,,0,0
RECLAIM-V2-002127,RETRY_ALL,0,,,0,0
RECLAIM-V2-002128,RETRY_ALL,0,,,0,0
RECLAIM-V2-002129,RETRY_ALL,0,,,0,0
RECLAIM-V2-002130,RETRY_ALL,0,,,0,0
RECLAIM-V2-002131,RETRY_ALL,0,,,0,0
RECLAIM-V2-002132,RETRY_ALL,0,,,0,0
RECLAIM-V2-002133,RETRY_ALL,0,,,0,0
RECLAIM-V2-002134,TARGET,1,,,0,0
RECLAIM-V2-002135,RETRY_ALL,0,,,0,0
RECLAIM-V2-002136,RETRY_ALL,0,,,0,0
RECLAIM-V2-002137,RETRY_ALL,0,,,0,0
RECLAIM-V2-002138,RETRY_ALL,0,,,0,0
RECLAIM-V2-002139,RETRY_ALL,0,,,0,0
RECLAIM-V2-002140,RETRY_ALL,0,,,0,0
RECLAIM-V2-002141,TARGET,1,,,0,0
RECLAIM-V2-002142,RETRY_ALL,0,,,0,0
RECLAIM-V2-002143,RETRY_ALL,0,,,0,0
RECLAIM-V2-002144,RETRY_ALL,0,,,0,0
RECLAIM-V2-002145,TARGET,1,,,0,0
RECLAIM-V2-002146,RETRY_ALL,0,,,0,0
RECLAIM-V2-002147,RETRY_ALL,0,,,0,0
RECLAIM-V2-002148,RETRY_ALL,0,,,0,0
RECLAIM-V2-002149,TARGET,1,,,0,0
RECLAIM-V2-002150,TARGET,1,,,0,0
RECLAIM-V2-002151,RETRY_ALL,0,,,0,0
RECLAIM-V2-002152,RETRY_ALL,0,,,0,0
RECLAIM-V2-002153,TARGET,1,,,0,0
RECLAIM-V2-002154,RETRY_ALL,0,,,0,0
RECLAIM-V2-002155,TARGET,1,,,0,0
RECLAIM-V2-002156,RETRY_ALL,0,,,0,0
RECLAIM-V2-002157,RETRY_ALL,0,,,0,0
RECLAIM-V2-002158,RETRY_ALL,0,,,0,0
RECLAIM-V2-002159,RETRY_ALL,0,,,0,0
RECLAIM-V2-002160,RETRY_ALL,0,,,0,0
RECLAIM-V2-002161,RETRY_ALL,0,,,0,0
RECLAIM-V2-002162,RETRY_ALL,0,,,0,0
RECLAIM-V2-002163,RETRY_ALL,0,,,0,0
RECLAIM-V2-002164,RETRY_ALL,0,,,0,0
RECLAIM-V2-002165,TARGET,1,,,0,0
RECLAIM-V2-002166,RETRY_ALL,0,,,0,0
RECLAIM-V2-002167,RETRY_ALL,0,,,0,0
RECLAIM-V2-002168,RETRY_ALL,0,,,0,0
RECLAIM-V2-002169,RETRY_ALL,0,,,0,0
RECLAIM-V2-002170,RETRY_ALL,0,,,0,0
RECLAIM-V2-002171,RETRY_ALL,0,,,0,0
RECLAIM-V2-002172,RETRY_ALL,0,,,0,0
RECLAIM-V2-002173,RETRY_ALL,0,,,0,0
RECLAIM-V2-002174,RETRY_ALL,0,,,0,0
RECLAIM-V2-002175,RETRY_ALL,0,,,0,0
RECLAIM-V2-002176,RETRY_ALL,0,,,0,0
RECLAIM-V2-002177,RETRY_ALL,0,,,0,0
RECLAIM-V2-002178,RETRY_ALL,0,,,0,0
RECLAIM-V2-002179,RETRY_ALL,0,,,0,0
RECLAIM-V2-002180,RETRY_ALL,0,,,0,0
RECLAIM-V2-002181,RETRY_ALL,0,,,0,0
RECLAIM-V2-002182,RETRY_ALL,0,,,0,0
RECLAIM-V2-002183,RETRY_ALL,0,,,0,0
RECLAIM-V2-002184,RETRY_ALL,0,,,0,0
RECLAIM-V2-002185,RETRY_ALL,0,,,0,0
RECLAIM-V2-002186,RETRY_ALL,0,,,0,0
RECLAIM-V2-002187,RETRY_ALL,0,,,0,0
RECLAIM-V2-002188,RETRY_ALL,0,,,0,0
RECLAIM-V2-002189,RETRY_ALL,0,,,0,0
RECLAIM-V2-002190,RETRY_ALL,0,,,0,0
RECLAIM-V2-002191,RETRY_ALL,0,,,0,0
RECLAIM-V2-002192,RETRY_ALL,0,,,0,0
RECLAIM-V2-002193,RETRY_ALL,0,,,0,0
RECLAIM-V2-002194,RETRY_ALL,0,,,0,0
RECLAIM-V2-002195,RETRY_ALL,0,,,0,0
RECLAIM-V2-002196,RETRY_ALL,0,,,0,0
RECLAIM-V2-002197,RETRY_ALL,0,,,0,0
RECLAIM-V2-002198,TARGET,1,,,0,0
RECLAIM-V2-002199,RETRY_ALL,0,,,0,0
RECLAIM-V2-002200,RETRY_ALL,0,,,0,0
RECLAIM-V2-002201,RETRY_ALL,0,,,0,0
RECLAIM-V2-002202,RETRY_ALL,0,,,0,0
RECLAIM-V2-002203,RETRY_ALL,0,,,0,0
RECLAIM-V2-002204,RETRY_ALL,0,,,0,0
RECLAIM-V2-002205,RETRY_ALL,0,,,0,0
RECLAIM-V2-002206,RETRY_ALL,0,,,0,0
RECLAIM-V2-002207,RETRY_ALL,0,,,0,0
RECLAIM-V2-002208,RETRY_ALL,0,,,0,0
RECLAIM-V2-002209,RETRY_ALL,0,,,0,0
RECLAIM-V2-002210,RETRY_ALL,0,,,0,0
RECLAIM-V2-002211,TARGET,1,,,0,0
RECLAIM-V2-002212,RETRY_ALL,0,,,0,0
RECLAIM-V2-002213,RETRY_ALL,0,,,0,0
RECLAIM-V2-002214,RETRY_ALL,0,,,0,0
RECLAIM-V2-002215,RETRY_ALL,0,,,0,0
RECLAIM-V2-002216,RETRY_ALL,0,,,0,0
RECLAIM-V2-002217,RETRY_ALL,0,,,0,0
RECLAIM-V2-002218,RETRY_ALL,0,,,0,0
RECLAIM-V2-002219,RETRY_ALL,0,,,0,0
RECLAIM-V2-002220,RETRY_ALL,0,,,0,0
RECLAIM-V2-002221,RETRY_ALL,0,,,0,0
RECLAIM-V2-002222,RETRY_ALL,0,,,0,0
RECLAIM-V2-002223,RETRY_ALL,0,,,0,0
RECLAIM-V2-002224,RETRY_ALL,0,,,0,0
RECLAIM-V2-002225,RETRY_ALL,0,,,0,0
RECLAIM-V2-002226,RETRY_ALL,0,,,0,0
RECLAIM-V2-002227,RETRY_ALL,0,,,0,0
RECLAIM-V2-002228,RETRY_ALL,0,,,0,0
RECLAIM-V2-002229,RETRY_ALL,0,,,0,0
RECLAIM-V2-002230,RETRY_ALL,0,,,0,0
RECLAIM-V2-002231,RETRY_ALL,0,,,0,0
RECLAIM-V2-002232,RETRY_ALL,0,,,0,0
RECLAIM-V2-002233,RETRY_ALL,0,,,0,0
RECLAIM-V2-002234,TARGET,1,,,0,0
RECLAIM-V2-002235,RETRY_ALL,0,,,0,0
RECLAIM-V2-002236,RETRY_ALL,0,,,0,0
RECLAIM-V2-002237,RETRY_ALL,0,,,0,0
RECLAIM-V2-002238,RETRY_ALL,0,,,0,0
RECLAIM-V2-002239,RETRY_ALL,0,,,0,0
RECLAIM-V2-002240,RETRY_ALL,0,,,0,0
RECLAIM-V2-002241,RETRY_ALL,0,,,0,0
RECLAIM-V2-002242,RETRY_ALL,0,,,0,0
RECLAIM-V2-002243,RETRY_ALL,0,,,0,0
RECLAIM-V2-002244,RETRY_ALL,0,,,0,0
RECLAIM-V2-002245,RETRY_ALL,0,,,0,0
RECLAIM-V2-002246,RETRY_ALL,0,,,0,0
RECLAIM-V2-002247,RETRY_ALL,0,,,0,0
RECLAIM-V2-002248,RETRY_ALL,0,,,0,0
RECLAIM-V2-002249,RETRY_ALL,0,,,0,0
RECLAIM-V2-002250,RETRY_ALL,0,,,0,0
RECLAIM-V2-002251,RETRY_ALL,0,,,0,0
RECLAIM-V2-002252,RETRY_ALL,0,,,0,0
RECLAIM-V2-002253,RETRY_ALL,0,,,0,0
RECLAIM-V2-002254,RETRY_ALL,0,,,0,0
RECLAIM-V2-002255,RETRY_ALL,0,,,0,0
RECLAIM-V2-002256,RETRY_ALL,0,,,0,0
RECLAIM-V2-002257,RETRY_ALL,0,,,0,0
RECLAIM-V2-002258,RETRY_ALL,0,,,0,0
RECLAIM-V2-002259,RETRY_ALL,0,,,0,0
RECLAIM-V2-002260,RETRY_ALL,0,,,0,0
RECLAIM-V2-002261,RETRY_ALL,0,,,0,0
RECLAIM-V2-002262,RETRY_ALL,0,,,0,0
RECLAIM-V2-002263,RETRY_ALL,0,,,0,0
RECLAIM-V2-002264,TARGET,1,,,0,0
RECLAIM-V2-002265,RETRY_ALL,0,,,0,0
RECLAIM-V2-002266,TARGET,1,,,0,0
RECLAIM-V2-002267,RETRY_ALL,0,,,0,0
RECLAIM-V2-002268,RETRY_ALL,0,,,0,0
RECLAIM-V2-002269,RETRY_ALL,0,,,0,0
RECLAIM-V2-002270,RETRY_ALL,0,,,0,0
RECLAIM-V2-002271,RETRY_ALL,0,,,0,0
RECLAIM-V2-002272,RETRY_ALL,0,,,0,0
RECLAIM-V2-002273,RETRY_ALL,0,,,0,0
RECLAIM-V2-002274,RETRY_ALL,0,,,0,0
RECLAIM-V2-002275,RETRY_ALL,0,,,0,0
RECLAIM-V2-002276,RETRY_ALL,0,,,0,0
RECLAIM-V2-002277,RETRY_ALL,0,,,0,0
RECLAIM-V2-002278,TARGET,1,,,0,0
RECLAIM-V2-002279,RETRY_ALL,0,,,0,0
RECLAIM-V2-002280,RETRY_ALL,0,,,0,0
RECLAIM-V2-002281,RETRY_ALL,0,,,0,0
RECLAIM-V2-002282,RETRY_ALL,0,,,0,0
RECLAIM-V2-002283,RETRY_ALL,0,,,0,0
RECLAIM-V2-002284,RETRY_ALL,0,,,0,0
RECLAIM-V2-002285,RETRY_ALL,0,,,0,0
RECLAIM-V2-002286,RETRY_ALL,0,,,0,0
RECLAIM-V2-002287,RETRY_ALL,0,,,0,0
RECLAIM-V2-002288,RETRY_ALL,0,,,0,0
RECLAIM-V2-002289,RETRY_ALL,0,,,0,0
RECLAIM-V2-002290,RETRY_ALL,0,,,0,0
RECLAIM-V2-002291,RETRY_ALL,0,,,0,0
RECLAIM-V2-002292,RETRY_ALL,0,,,0,0
RECLAIM-V2-002293,RETRY_ALL,0,,,0,0
RECLAIM-V2-002294,RETRY_ALL,0,,,0,0
RECLAIM-V2-002295,RETRY_ALL,0,,,0,0
RECLAIM-V2-002296,RETRY_ALL,0,,,0,0
RECLAIM-V2-002297,RETRY_ALL,0,,,0,0
RECLAIM-V2-002298,TARGET,1,,,0,0
RECLAIM-V2-002299,RETRY_ALL,0,,,0,0
RECLAIM-V2-002300,RETRY_ALL,0,,,0,0
RECLAIM-V2-002301,RETRY_ALL,0,,,0,0
RECLAIM-V2-002302,RETRY_ALL,0,,,0,0
RECLAIM-V2-002303,RETRY_ALL,0,,,0,0
RECLAIM-V2-002304,RETRY_ALL,0,,,0,0
RECLAIM-V2-002305,RETRY_ALL,0,,,0,0
RECLAIM-V2-002306,RETRY_ALL,0,,,0,0
RECLAIM-V2-002307,RETRY_ALL,0,,,0,0
RECLAIM-V2-002308,RETRY_ALL,0,,,0,0
RECLAIM-V2-002309,RETRY_ALL,0,,,0,0
RECLAIM-V2-002310,RETRY_ALL,0,,,0,0
RECLAIM-V2-002311,RETRY_ALL,0,,,0,0
RECLAIM-V2-002312,RETRY_ALL,0,,,0,0
RECLAIM-V2-002313,TARGET,1,,,0,0
RECLAIM-V2-002314,RETRY_ALL,0,,,0,0
RECLAIM-V2-002315,RETRY_ALL,0,,,0,0
RECLAIM-V2-002316,RETRY_ALL,0,,,0,0
RECLAIM-V2-002317,RETRY_ALL,0,,,0,0
RECLAIM-V2-002318,RETRY_ALL,0,,,0,0
RECLAIM-V2-002319,RETRY_ALL,0,,,0,0
RECLAIM-V2-002320,RETRY_ALL,0,,,0,0
RECLAIM-V2-002321,RETRY_ALL,0,,,0,0
RECLAIM-V2-002322,RETRY_ALL,0,,,0,0
RECLAIM-V2-002323,RETRY_ALL,0,,,0,0
RECLAIM-V2-002324,RETRY_ALL,0,,,0,0
RECLAIM-V2-002325,RETRY_ALL,0,,,0,0
RECLAIM-V2-002326,RETRY_ALL,0,,,0,0
RECLAIM-V2-002327,TARGET,1,,,0,0
RECLAIM-V2-002328,RETRY_ALL,0,,,0,0
RECLAIM-V2-002329,RETRY_ALL,0,,,0,0
RECLAIM-V2-002330,RETRY_ALL,0,,,0,0
RECLAIM-V2-002331,RETRY_ALL,0,,,0,0
RECLAIM-V2-002332,RETRY_ALL,0,,,0,0
RECLAIM-V2-002333,RETRY_ALL,0,,,0,0
RECLAIM-V2-002334,RETRY_ALL,0,,,0,0
RECLAIM-V2-002335,RETRY_ALL,0,,,0,0
RECLAIM-V2-002336,RETRY_ALL,0,,,0,0
RECLAIM-V2-002337,RETRY_ALL,0,,,0,0
RECLAIM-V2-002338,RETRY_ALL,0,,,0,0
RECLAIM-V2-002339,RETRY_ALL,0,,,0,0
RECLAIM-V2-002340,RETRY_ALL,0,,,0,0
RECLAIM-V2-002341,RETRY_ALL,0,,,0,0
RECLAIM-V2-002342,RETRY_ALL,0,,,0,0
RECLAIM-V2-002343,RETRY_ALL,0,,,0,0
RECLAIM-V2-002344,RETRY_ALL,0,,,0,0
RECLAIM-V2-002345,RETRY_ALL,0,,,0,0
RECLAIM-V2-002346,RETRY_ALL,0,,,0,0
RECLAIM-V2-002347,RETRY_ALL,0,,,0,0
RECLAIM-V2-002348,RETRY_ALL,0,,,0,0
RECLAIM-V2-002349,RETRY_ALL,0,,,0,0
RECLAIM-V2-002350,RETRY_ALL,0,,,0,0
RECLAIM-V2-002351,RETRY_ALL,0,,,0,0
RECLAIM-V2-002352,RETRY_ALL,0,,,0,0
RECLAIM-V2-002353,RETRY_ALL,0,,,0,0
RECLAIM-V2-002354,RETRY_ALL,0,,,0,0
RECLAIM-V2-002355,RETRY_ALL,0,,,0,0
RECLAIM-V2-002356,RETRY_ALL,0,,,0,0
RECLAIM-V2-002357,RETRY_ALL,0,,,0,0
RECLAIM-V2-002358,RETRY_ALL,0,,,0,0
RECLAIM-V2-002359,RETRY_ALL,0,,,0,0
RECLAIM-V2-002360,RETRY_ALL,0,,,0,0
RECLAIM-V2-002361,RETRY_ALL,0,,,0,0
RECLAIM-V2-002362,RETRY_ALL,0,,,0,0
RECLAIM-V2-002363,RETRY_ALL,0,,,0,0
RECLAIM-V2-002364,RETRY_ALL,0,,,0,0
RECLAIM-V2-002365,RETRY_ALL,0,,,0,0
RECLAIM-V2-002366,RETRY_ALL,0,,,0,0
RECLAIM-V2-002367,RETRY_ALL,0,,,0,0
RECLAIM-V2-002368,RETRY_ALL,0,,,0,0
RECLAIM-V2-002369,RETRY_ALL,0,,,0,0
RECLAIM-V2-002370,RETRY_ALL,0,,,0,0
RECLAIM-V2-002371,RETRY_ALL,0,,,0,0
RECLAIM-V2-002372,RETRY_ALL,0,,,0,0
RECLAIM-V2-002373,RETRY_ALL,0,,,0,0
RECLAIM-V2-002374,RETRY_ALL,0,,,0,0
RECLAIM-V2-002375,RETRY_ALL,0,,,0,0
RECLAIM-V2-002376,RETRY_ALL,0,,,0,0
RECLAIM-V2-002377,RETRY_ALL,0,,,0,0
RECLAIM-V2-002378,RETRY_ALL,0,,,0,0
RECLAIM-V2-002379,RETRY_ALL,0,,,0,0
RECLAIM-V2-002380,RETRY_ALL,0,,,0,0
RECLAIM-V2-002381,RETRY_ALL,0,,,0,0
RECLAIM-V2-002382,RETRY_ALL,0,,,0,0
RECLAIM-V2-002383,RETRY_ALL,0,,,0,0
RECLAIM-V2-002384,RETRY_ALL,0,,,0,0
RECLAIM-V2-002385,RETRY_ALL,0,,,0,0
RECLAIM-V2-002386,RETRY_ALL,0,,,0,0
RECLAIM-V2-002387,RETRY_ALL,0,,,0,0
RECLAIM-V2-002388,RETRY_ALL,0,,,0,0
RECLAIM-V2-002389,RETRY_ALL,0,,,0,0
RECLAIM-V2-002390,RETRY_ALL,0,,,0,0
RECLAIM-V2-002391,RETRY_ALL,0,,,0,0
RECLAIM-V2-002392,RETRY_ALL,0,,,0,0
RECLAIM-V2-002393,RETRY_ALL,0,,,0,0
RECLAIM-V2-002394,RETRY_ALL,0,,,0,0
RECLAIM-V2-002395,RETRY_ALL,0,,,0,0
RECLAIM-V2-002396,RETRY_ALL,0,,,0,0
RECLAIM-V2-002397,RETRY_ALL,0,,,0,0
RECLAIM-V2-002398,RETRY_ALL,0,,,0,0
RECLAIM-V2-002399,RETRY_ALL,0,,,0,0
RECLAIM-V2-002400,RETRY_ALL,0,,,0,0
RECLAIM-V2-002401,RETRY_ALL,0,,,0,0
RECLAIM-V2-002402,RETRY_ALL,0,,,0,0
RECLAIM-V2-002403,RETRY_ALL,0,,,0,0
RECLAIM-V2-002404,RETRY_ALL,0,,,0,0
RECLAIM-V2-002405,RETRY_ALL,0,,,0,0
RECLAIM-V2-002406,RETRY_ALL,0,,,0,0
RECLAIM-V2-002407,RETRY_ALL,0,,,0,0
RECLAIM-V2-002408,RETRY_ALL,0,,,0,0
RECLAIM-V2-002409,RETRY_ALL,0,,,0,0
RECLAIM-V2-002410,RETRY_ALL,0,,,0,0
RECLAIM-V2-002411,RETRY_ALL,0,,,0,0
RECLAIM-V2-002412,RETRY_ALL,0,,,0,0
RECLAIM-V2-002413,RETRY_ALL,0,,,0,0
RECLAIM-V2-002414,RETRY_ALL,0,,,0,0
RECLAIM-V2-002415,RETRY_ALL,0,,,0,0
RECLAIM-V2-002416,RETRY_ALL,0,,,0,0
RECLAIM-V2-002417,RETRY_ALL,0,,,0,0
RECLAIM-V2-002418,RETRY_ALL,0,,,0,0
RECLAIM-V2-002419,RETRY_ALL,0,,,0,0
RECLAIM-V2-002420,RETRY_ALL,0,,,0,0
RECLAIM-V2-002421,TARGET,1,,,0,0
RECLAIM-V2-002422,RETRY_ALL,0,,,0,0
RECLAIM-V2-002423,RETRY_ALL,0,,,0,0
RECLAIM-V2-002424,RETRY_ALL,0,,,0,0
RECLAIM-V2-002425,RETRY_ALL,0,,,0,0
RECLAIM-V2-002426,RETRY_ALL,0,,,0,0
RECLAIM-V2-002427,TARGET,1,,,0,0
RECLAIM-V2-002428,RETRY_ALL,0,,,0,0
RECLAIM-V2-002429,RETRY_ALL,0,,,0,0
RECLAIM-V2-002430,RETRY_ALL,0,,,0,0
RECLAIM-V2-002431,RETRY_ALL,0,,,0,0
RECLAIM-V2-002432,RETRY_ALL,0,,,0,0
RECLAIM-V2-002433,RETRY_ALL,0,,,0,0
RECLAIM-V2-002434,TARGET,1,,,0,0
RECLAIM-V2-002435,RETRY_ALL,0,,,0,0
RECLAIM-V2-002436,RETRY_ALL,0,,,0,0
RECLAIM-V2-002437,RETRY_ALL,0,,,0,0
RECLAIM-V2-002438,RETRY_ALL,0,,,0,0
RECLAIM-V2-002439,RETRY_ALL,0,,,0,0
RECLAIM-V2-002440,RETRY_ALL,0,,,0,0
RECLAIM-V2-002441,RETRY_ALL,0,,,0,0
RECLAIM-V2-002442,RETRY_ALL,0,,,0,0
RECLAIM-V2-002443,RETRY_ALL,0,,,0,0
RECLAIM-V2-002444,RETRY_ALL,0,,,0,0
RECLAIM-V2-002445,RETRY_ALL,0,,,0,0
RECLAIM-V2-002446,RETRY_ALL,0,,,0,0
RECLAIM-V2-002447,RETRY_ALL,0,,,0,0
RECLAIM-V2-002448,RETRY_ALL,0,,,0,0
RECLAIM-V2-002449,RETRY_ALL,0,,,0,0
RECLAIM-V2-002450,RETRY_ALL,0,,,0,0
RECLAIM-V2-002451,RETRY_ALL,0,,,0,0
RECLAIM-V2-002452,RETRY_ALL,0,,,0,0
RECLAIM-V2-002453,RETRY_ALL,0,,,0,0
RECLAIM-V2-002454,RETRY_ALL,0,,,0,0
RECLAIM-V2-002455,RETRY_ALL,0,,,0,0
RECLAIM-V2-002456,RETRY_ALL,0,,,0,0
RECLAIM-V2-002457,TARGET,1,,,0,0
RECLAIM-V2-002458,RETRY_ALL,0,,,0,0
RECLAIM-V2-002459,RETRY_ALL,0,,,0,0
RECLAIM-V2-002460,RETRY_ALL,0,,,0,0
RECLAIM-V2-002461,RETRY_ALL,0,,,0,0
RECLAIM-V2-002462,RETRY_ALL,0,,,0,0
RECLAIM-V2-002463,RETRY_ALL,0,,,0,0
RECLAIM-V2-002464,RETRY_ALL,0,,,0,0
RECLAIM-V2-002465,RETRY_ALL,0,,,0,0
RECLAIM-V2-002466,RETRY_ALL,0,,,0,0
RECLAIM-V2-002467,RETRY_ALL,0,,,0,0
RECLAIM-V2-002468,RETRY_ALL,0,,,0,0
RECLAIM-V2-002469,RETRY_ALL,0,,,0,0
RECLAIM-V2-002470,RETRY_ALL,0,,,0,0
RECLAIM-V2-002471,RETRY_ALL,0,,,0,0
RECLAIM-V2-002472,RETRY_ALL,0,,,0,0
RECLAIM-V2-002473,RETRY_ALL,0,,,0,0
RECLAIM-V2-002474,RETRY_ALL,0,,,0,0
RECLAIM-V2-002475,RETRY_ALL,0,,,0,0
RECLAIM-V2-002476,RETRY_ALL,0,,,0,0
RECLAIM-V2-002477,RETRY_ALL,0,,,0,0
RECLAIM-V2-002478,RETRY_ALL,0,,,0,0
RECLAIM-V2-002479,RETRY_ALL,0,,,0,0
RECLAIM-V2-002480,RETRY_ALL,0,,,0,0
RECLAIM-V2-002481,RETRY_ALL,0,,,0,0
RECLAIM-V2-002482,RETRY_ALL,0,,,0,0
RECLAIM-V2-002483,RETRY_ALL,0,,,0,0
RECLAIM-V2-002484,RETRY_ALL,0,,,0,0
RECLAIM-V2-002485,RETRY_ALL,0,,,0,0
RECLAIM-V2-002486,RETRY_ALL,0,,,0,0
RECLAIM-V2-002487,TARGET,1,,,0,0
RECLAIM-V2-002488,RETRY_ALL,0,,,0,0
RECLAIM-V2-002489,RETRY_ALL,0,,,0,0
RECLAIM-V2-002490,RETRY_ALL,0,,,0,0
RECLAIM-V2-002491,RETRY_ALL,0,,,0,0
RECLAIM-V2-002492,RETRY_ALL,0,,,0,0
RECLAIM-V2-002493,RETRY_ALL,0,,,0,0
RECLAIM-V2-002494,RETRY_ALL,0,,,0,0
RECLAIM-V2-002495,RETRY_ALL,0,,,0,0
RECLAIM-V2-002496,RETRY_ALL,0,,,0,0
RECLAIM-V2-002497,RETRY_ALL,0,,,0,0
RECLAIM-V2-002498,RETRY_ALL,0,,,0,0
RECLAIM-V2-002499,RETRY_ALL,0,,,0,0
RECLAIM-V2-002500,RETRY_ALL,0,,,0,0
RECLAIM-V2-002501,RETRY_ALL,0,,,0,0
RECLAIM-V2-002502,RETRY_ALL,0,,,0,0
RECLAIM-V2-002503,RETRY_ALL,0,,,0,0
RECLAIM-V2-002504,RETRY_ALL,0,,,0,0
RECLAIM-V2-002505,RETRY_ALL,0,,,0,0
RECLAIM-V2-002506,RETRY_ALL,0,,,0,0
RECLAIM-V2-002507,RETRY_ALL,0,,,0,0
RECLAIM-V2-002508,RETRY_ALL,0,,,0,0
RECLAIM-V2-002509,RETRY_ALL,0,,,0,0
RECLAIM-V2-002510,RETRY_ALL,0,,,0,0
RECLAIM-V2-002511,RETRY_ALL,0,,,0,0
RECLAIM-V2-002512,TARGET,1,,,0,0
RECLAIM-V2-002513,RETRY_ALL,0,,,0,0
RECLAIM-V2-002514,RETRY_ALL,0,,,0,0
RECLAIM-V2-002515,RETRY_ALL,0,,,0,0
RECLAIM-V2-002516,RETRY_ALL,0,,,0,0
RECLAIM-V2-002517,RETRY_ALL,0,,,0,0
RECLAIM-V2-002518,RETRY_ALL,0,,,0,0
RECLAIM-V2-002519,RETRY_ALL,0,,,0,0
RECLAIM-V2-002520,RETRY_ALL,0,,,0,0
RECLAIM-V2-002521,RETRY_ALL,0,,,0,0
RECLAIM-V2-002522,TARGET,1,,,0,0
RECLAIM-V2-002523,RETRY_ALL,0,,,0,0
RECLAIM-V2-002524,RETRY_ALL,0,,,0,0
RECLAIM-V2-002525,RETRY_ALL,0,,,0,0
RECLAIM-V2-002526,RETRY_ALL,0,,,0,0
RECLAIM-V2-002527,RETRY_ALL,0,,,0,0
RECLAIM-V2-002528,RETRY_ALL,0,,,0,0
RECLAIM-V2-002529,RETRY_ALL,0,,,0,0
RECLAIM-V2-002530,RETRY_ALL,0,,,0,0
RECLAIM-V2-002531,RETRY_ALL,0,,,0,0
RECLAIM-V2-002532,TARGET,1,,,0,0
RECLAIM-V2-002533,RETRY_ALL,0,,,0,0
RECLAIM-V2-002534,RETRY_ALL,0,,,0,0
RECLAIM-V2-002535,RETRY_ALL,0,,,0,0
RECLAIM-V2-002536,RETRY_ALL,0,,,0,0
RECLAIM-V2-002537,RETRY_ALL,0,,,0,0
RECLAIM-V2-002538,RETRY_ALL,0,,,0,0
RECLAIM-V2-002539,RETRY_ALL,0,,,0,0
RECLAIM-V2-002540,RETRY_ALL,0,,,0,0
RECLAIM-V2-002541,RETRY_ALL,0,,,0,0
RECLAIM-V2-002542,RETRY_ALL,0,,,0,0
RECLAIM-V2-002543,RETRY_ALL,0,,,0,0
RECLAIM-V2-002544,RETRY_ALL,0,,,0,0
RECLAIM-V2-002545,RETRY_ALL,0,,,0,0
RECLAIM-V2-002546,RETRY_ALL,0,,,0,0
RECLAIM-V2-002547,RETRY_ALL,0,,,0,0
RECLAIM-V2-002548,RETRY_ALL,0,,,0,0
RECLAIM-V2-002549,RETRY_ALL,0,,,0,0
RECLAIM-V2-002550,TARGET,1,,,0,0
RECLAIM-V2-002551,RETRY_ALL,0,,,0,0
RECLAIM-V2-002552,RETRY_ALL,0,,,0,0
RECLAIM-V2-002553,RETRY_ALL,0,,,0,0
RECLAIM-V2-002554,RETRY_ALL,0,,,0,0
RECLAIM-V2-002555,RETRY_ALL,0,,,0,0
RECLAIM-V2-002556,RETRY_ALL,0,,,0,0
RECLAIM-V2-002557,RETRY_ALL,0,,,0,0
RECLAIM-V2-002558,RETRY_ALL,0,,,0,0
RECLAIM-V2-002559,RETRY_ALL,0,,,0,0
RECLAIM-V2-002560,RETRY_ALL,0,,,0,0
RECLAIM-V2-002561,RETRY_ALL,0,,,0,0
RECLAIM-V2-002562,RETRY_ALL,0,,,0,0
RECLAIM-V2-002563,RETRY_ALL,0,,,0,0
RECLAIM-V2-002564,RETRY_ALL,0,,,0,0
RECLAIM-V2-002565,RETRY_ALL,0,,,0,0
RECLAIM-V2-002566,RETRY_ALL,0,,,0,0
RECLAIM-V2-002567,RETRY_ALL,0,,,0,0
RECLAIM-V2-002568,RETRY_ALL,0,,,0,0
RECLAIM-V2-002569,RETRY_ALL,0,,,0,0
RECLAIM-V2-002570,RETRY_ALL,0,,,0,0
RECLAIM-V2-002571,RETRY_ALL,0,,,0,0
RECLAIM-V2-002572,RETRY_ALL,0,,,0,0
RECLAIM-V2-002573,RETRY_ALL,0,,,0,0
RECLAIM-V2-002574,RETRY_ALL,0,,,0,0
RECLAIM-V2-002575,RETRY_ALL,0,,,0,0
RECLAIM-V2-002576,RETRY_ALL,0,,,0,0
RECLAIM-V2-002577,RETRY_ALL,0,,,0,0
RECLAIM-V2-002578,RETRY_ALL,0,,,0,0
RECLAIM-V2-002579,RETRY_ALL,0,,,0,0
RECLAIM-V2-002580,RETRY_ALL,0,,,0,0
RECLAIM-V2-002581,RETRY_ALL,0,,,0,0
RECLAIM-V2-002582,RETRY_ALL,0,,,0,0
RECLAIM-V2-002583,RETRY_ALL,0,,,0,0
RECLAIM-V2-002584,RETRY_ALL,0,,,0,0
RECLAIM-V2-002585,RETRY_ALL,0,,,0,0
RECLAIM-V2-002586,RETRY_ALL,0,,,0,0
RECLAIM-V2-002587,RETRY_ALL,0,,,0,0
RECLAIM-V2-002588,RETRY_ALL,0,,,0,0
RECLAIM-V2-002589,RETRY_ALL,0,,,0,0
RECLAIM-V2-002590,RETRY_ALL,0,,,0,0
RECLAIM-V2-002591,RETRY_ALL,0,,,0,0
RECLAIM-V2-002592,RETRY_ALL,0,,,0,0
RECLAIM-V2-002593,RETRY_ALL,0,,,0,0
RECLAIM-V2-002594,RETRY_ALL,0,,,0,0
RECLAIM-V2-002595,RETRY_ALL,0,,,0,0
RECLAIM-V2-002596,RETRY_ALL,0,,,0,0
RECLAIM-V2-002597,RETRY_ALL,0,,,0,0
RECLAIM-V2-002598,RETRY_ALL,0,,,0,0
RECLAIM-V2-002599,RETRY_ALL,0,,,0,0
RECLAIM-V2-002600,RETRY_ALL,0,,,0,0
RECLAIM-V2-002601,RETRY_ALL,0,,,0,0
RECLAIM-V2-002602,RETRY_ALL,0,,,0,0
RECLAIM-V2-002603,RETRY_ALL,0,,,0,0
RECLAIM-V2-002604,RETRY_ALL,0,,,0,0
RECLAIM-V2-002605,RETRY_ALL,0,,,0,0
RECLAIM-V2-002606,RETRY_ALL,0,,,0,0
RECLAIM-V2-002607,RETRY_ALL,0,,,0,0
RECLAIM-V2-002608,RETRY_ALL,0,,,0,0
RECLAIM-V2-002609,RETRY_ALL,0,,,0,0
RECLAIM-V2-002610,RETRY_ALL,0,,,0,0
RECLAIM-V2-002611,TARGET,1,,,0,0
RECLAIM-V2-002612,RETRY_ALL,0,,,0,0
RECLAIM-V2-002613,RETRY_ALL,0,,,0,0
RECLAIM-V2-002614,RETRY_ALL,0,,,0,0
RECLAIM-V2-002615,RETRY_ALL,0,,,0,0
RECLAIM-V2-002616,RETRY_ALL,0,,,0,0
RECLAIM-V2-002617,RETRY_ALL,0,,,0,0
RECLAIM-V2-002618,RETRY_ALL,0,,,0,0
RECLAIM-V2-002619,RETRY_ALL,0,,,0,0
RECLAIM-V2-002620,RETRY_ALL,0,,,0,0
RECLAIM-V2-002621,RETRY_ALL,0,,,0,0
RECLAIM-V2-002622,RETRY_ALL,0,,,0,0
RECLAIM-V2-002623,RETRY_ALL,0,,,0,0
RECLAIM-V2-002624,RETRY_ALL,0,,,0,0
RECLAIM-V2-002625,RETRY_ALL,0,,,0,0
RECLAIM-V2-002626,RETRY_ALL,0,,,0,0
RECLAIM-V2-002627,RETRY_ALL,0,,,0,0
RECLAIM-V2-002628,RETRY_ALL,0,,,0,0
RECLAIM-V2-002629,RETRY_ALL,0,,,0,0
RECLAIM-V2-002630,RETRY_ALL,0,,,0,0
RECLAIM-V2-002631,RETRY_ALL,0,,,0,0
RECLAIM-V2-002632,RETRY_ALL,0,,,0,0
RECLAIM-V2-002633,TARGET,1,,,0,0
RECLAIM-V2-002634,RETRY_ALL,0,,,0,0
RECLAIM-V2-002635,RETRY_ALL,0,,,0,0
RECLAIM-V2-002636,RETRY_ALL,0,,,0,0
RECLAIM-V2-002637,RETRY_ALL,0,,,0,0
RECLAIM-V2-002638,RETRY_ALL,0,,,0,0
RECLAIM-V2-002639,RETRY_ALL,0,,,0,0
RECLAIM-V2-002640,RETRY_ALL,0,,,0,0
RECLAIM-V2-002641,RETRY_ALL,0,,,0,0
RECLAIM-V2-002642,RETRY_ALL,0,,,0,0
RECLAIM-V2-002643,RETRY_ALL,0,,,0,0
RECLAIM-V2-002644,RETRY_ALL,0,,,0,0
RECLAIM-V2-002645,RETRY_ALL,0,,,0,0
RECLAIM-V2-002646,RETRY_ALL,0,,,0,0
RECLAIM-V2-002647,RETRY_ALL,0,,,0,0
RECLAIM-V2-002648,RETRY_ALL,0,,,0,0
RECLAIM-V2-002649,RETRY_ALL,0,,,0,0
RECLAIM-V2-002650,RETRY_ALL,0,,,0,0
RECLAIM-V2-002651,RETRY_ALL,0,,,0,0
RECLAIM-V2-002652,RETRY_ALL,0,,,0,0
RECLAIM-V2-002653,RETRY_ALL,0,,,0,0
RECLAIM-V2-002654,RETRY_ALL,0,,,0,0
RECLAIM-V2-002655,RETRY_ALL,0,,,0,0
RECLAIM-V2-002656,RETRY_ALL,0,,,0,0
RECLAIM-V2-002657,RETRY_ALL,0,,,0,0
RECLAIM-V2-002658,RETRY_ALL,0,,,0,0
RECLAIM-V2-002659,RETRY_ALL,0,,,0,0
RECLAIM-V2-002660,RETRY_ALL,0,,,0,0
RECLAIM-V2-002661,RETRY_ALL,0,,,0,0
RECLAIM-V2-002662,RETRY_ALL,0,,,0,0
RECLAIM-V2-002663,RETRY_ALL,0,,,0,0
RECLAIM-V2-002664,RETRY_ALL,0,,,0,0
RECLAIM-V2-002665,RETRY_ALL,0,,,0,0
RECLAIM-V2-002666,RETRY_ALL,0,,,0,0
RECLAIM-V2-002667,RETRY_ALL,0,,,0,0
RECLAIM-V2-002668,RETRY_ALL,0,,,0,0
RECLAIM-V2-002669,RETRY_ALL,0,,,0,0
RECLAIM-V2-002670,RETRY_ALL,0,,,0,0
RECLAIM-V2-002671,RETRY_ALL,0,,,0,0
RECLAIM-V2-002672,RETRY_ALL,0,,,0,0
RECLAIM-V2-002673,RETRY_ALL,0,,,0,0
RECLAIM-V2-002674,RETRY_ALL,0,,,0,0
RECLAIM-V2-002675,RETRY_ALL,0,,,0,0
RECLAIM-V2-002676,RETRY_ALL,0,,,0,0
RECLAIM-V2-002677,RETRY_ALL,0,,,0,0
RECLAIM-V2-002678,RETRY_ALL,0,,,0,0
RECLAIM-V2-002679,RETRY_ALL,0,,,0,0
RECLAIM-V2-002680,RETRY_ALL,0,,,0,0
RECLAIM-V2-002681,RETRY_ALL,0,,,0,0
RECLAIM-V2-002682,RETRY_ALL,0,,,0,0
RECLAIM-V2-002683,RETRY_ALL,0,,,0,0
RECLAIM-V2-002684,RETRY_ALL,0,,,0,0
RECLAIM-V2-002685,RETRY_ALL,0,,,0,0
RECLAIM-V2-002686,RETRY_ALL,0,,,0,0
RECLAIM-V2-002687,RETRY_ALL,0,,,0,0
RECLAIM-V2-002688,RETRY_ALL,0,,,0,0
RECLAIM-V2-002689,RETRY_ALL,0,,,0,0
RECLAIM-V2-002690,RETRY_ALL,0,,,0,0
RECLAIM-V2-002691,RETRY_ALL,0,,,0,0
RECLAIM-V2-002692,RETRY_ALL,0,,,0,0
RECLAIM-V2-002693,RETRY_ALL,0,,,0,0
RECLAIM-V2-002694,RETRY_ALL,0,,,0,0
RECLAIM-V2-002695,RETRY_ALL,0,,,0,0
RECLAIM-V2-002696,TARGET,1,,,0,0
RECLAIM-V2-002697,RETRY_ALL,0,,,0,0
RECLAIM-V2-002698,RETRY_ALL,0,,,0,0
RECLAIM-V2-002699,RETRY_ALL,0,,,0,0
RECLAIM-V2-002700,RETRY_ALL,0,,,0,0
RECLAIM-V2-002701,RETRY_ALL,0,,,0,0
RECLAIM-V2-002702,TARGET,1,,,0,0
RECLAIM-V2-002703,RETRY_ALL,0,,,0,0
RECLAIM-V2-002704,RETRY_ALL,0,,,0,0
RECLAIM-V2-002705,RETRY_ALL,0,,,0,0
RECLAIM-V2-002706,RETRY_ALL,0,,,0,0
RECLAIM-V2-002707,RETRY_ALL,0,,,0,0
RECLAIM-V2-002708,RETRY_ALL,0,,,0,0
RECLAIM-V2-002709,RETRY_ALL,0,,,0,0
RECLAIM-V2-002710,RETRY_ALL,0,,,0,0
RECLAIM-V2-002711,RETRY_ALL,0,,,0,0
RECLAIM-V2-002712,RETRY_ALL,0,,,0,0
RECLAIM-V2-002713,RETRY_ALL,0,,,0,0
RECLAIM-V2-002714,RETRY_ALL,0,,,0,0
RECLAIM-V2-002715,RETRY_ALL,0,,,0,0
RECLAIM-V2-002716,RETRY_ALL,0,,,0,0
RECLAIM-V2-002717,RETRY_ALL,0,,,0,0
RECLAIM-V2-002718,RETRY_ALL,0,,,0,0
RECLAIM-V2-002719,RETRY_ALL,0,,,0,0
RECLAIM-V2-002720,RETRY_ALL,0,,,0,0
RECLAIM-V2-002721,RETRY_ALL,0,,,0,0
RECLAIM-V2-002722,RETRY_ALL,0,,,0,0
RECLAIM-V2-002723,RETRY_ALL,0,,,0,0
RECLAIM-V2-002724,RETRY_ALL,0,,,0,0
RECLAIM-V2-002725,RETRY_ALL,0,,,0,0
RECLAIM-V2-002726,RETRY_ALL,0,,,0,0
RECLAIM-V2-002727,RETRY_ALL,0,,,0,0
RECLAIM-V2-002728,RETRY_ALL,0,,,0,0
RECLAIM-V2-002729,RETRY_ALL,0,,,0,0
RECLAIM-V2-002730,RETRY_ALL,0,,,0,0
RECLAIM-V2-002731,RETRY_ALL,0,,,0,0
RECLAIM-V2-002732,RETRY_ALL,0,,,0,0
RECLAIM-V2-002733,RETRY_ALL,0,,,0,0
RECLAIM-V2-002734,RETRY_ALL,0,,,0,0
RECLAIM-V2-002735,RETRY_ALL,0,,,0,0
RECLAIM-V2-002736,RETRY_ALL,0,,,0,0
RECLAIM-V2-002737,RETRY_ALL,0,,,0,0
RECLAIM-V2-002738,RETRY_ALL,0,,,0,0
RECLAIM-V2-002739,RETRY_ALL,0,,,0,0
RECLAIM-V2-002740,RETRY_ALL,0,,,0,0
RECLAIM-V2-002741,RETRY_ALL,0,,,0,0
RECLAIM-V2-002742,RETRY_ALL,0,,,0,0
RECLAIM-V2-002743,RETRY_ALL,0,,,0,0
RECLAIM-V2-002744,RETRY_ALL,0,,,0,0
RECLAIM-V2-002745,RETRY_ALL,0,,,0,0
RECLAIM-V2-002746,TARGET,1,,,0,0
RECLAIM-V2-002747,RETRY_ALL,0,,,0,0
RECLAIM-V2-002748,RETRY_ALL,0,,,0,0
RECLAIM-V2-002749,RETRY_ALL,0,,,0,0
RECLAIM-V2-002750,RETRY_ALL,0,,,0,0
RECLAIM-V2-002751,TARGET,1,,,0,0
RECLAIM-V2-002752,TARGET,1,,,0,0
RECLAIM-V2-002753,RETRY_ALL,0,,,0,0
RECLAIM-V2-002754,RETRY_ALL,0,,,0,0
RECLAIM-V2-002755,RETRY_ALL,0,,,0,0
RECLAIM-V2-002756,RETRY_ALL,0,,,0,0
RECLAIM-V2-002757,RETRY_ALL,0,,,0,0
RECLAIM-V2-002758,RETRY_ALL,0,,,0,0
RECLAIM-V2-002759,RETRY_ALL,0,,,0,0
RECLAIM-V2-002760,RETRY_ALL,0,,,0,0
RECLAIM-V2-002761,RETRY_ALL,0,,,0,0
RECLAIM-V2-002762,RETRY_ALL,0,,,0,0
RECLAIM-V2-002763,RETRY_ALL,0,,,0,0
RECLAIM-V2-002764,RETRY_ALL,0,,,0,0
RECLAIM-V2-002765,RETRY_ALL,0,,,0,0
RECLAIM-V2-002766,RETRY_ALL,0,,,0,0
RECLAIM-V2-002767,RETRY_ALL,0,,,0,0
RECLAIM-V2-002768,RETRY_ALL,0,,,0,0
RECLAIM-V2-002769,RETRY_ALL,0,,,0,0
RECLAIM-V2-002770,RETRY_ALL,0,,,0,0
RECLAIM-V2-002771,RETRY_ALL,0,,,0,0
RECLAIM-V2-002772,RETRY_ALL,0,,,0,0
RECLAIM-V2-002773,RETRY_ALL,0,,,0,0
RECLAIM-V2-002774,RETRY_ALL,0,,,0,0
RECLAIM-V2-002775,RETRY_ALL,0,,,0,0
RECLAIM-V2-002776,RETRY_ALL,0,,,0,0
RECLAIM-V2-002777,RETRY_ALL,0,,,0,0
RECLAIM-V2-002778,RETRY_ALL,0,,,0,0
RECLAIM-V2-002779,RETRY_ALL,0,,,0,0
RECLAIM-V2-002780,RETRY_ALL,0,,,0,0
RECLAIM-V2-002781,RETRY_ALL,0,,,0,0
RECLAIM-V2-002782,RETRY_ALL,0,,,0,0
RECLAIM-V2-002783,RETRY_ALL,0,,,0,0
RECLAIM-V2-002784,RETRY_ALL,0,,,0,0
RECLAIM-V2-002785,RETRY_ALL,0,,,0,0
RECLAIM-V2-002786,RETRY_ALL,0,,,0,0
RECLAIM-V2-002787,RETRY_ALL,0,,,0,0
RECLAIM-V2-002788,RETRY_ALL,0,,,0,0
RECLAIM-V2-002789,RETRY_ALL,0,,,0,0
RECLAIM-V2-002790,RETRY_ALL,0,,,0,0
RECLAIM-V2-002791,RETRY_ALL,0,,,0,0
RECLAIM-V2-002792,RETRY_ALL,0,,,0,0
RECLAIM-V2-002793,RETRY_ALL,0,,,0,0
RECLAIM-V2-002794,RETRY_ALL,0,,,0,0
RECLAIM-V2-002795,TARGET,1,,,0,0
RECLAIM-V2-002796,RETRY_ALL,0,,,0,0
RECLAIM-V2-002797,RETRY_ALL,0,,,0,0
RECLAIM-V2-002798,RETRY_ALL,0,,,0,0
RECLAIM-V2-002799,RETRY_ALL,0,,,0,0
RECLAIM-V2-002800,RETRY_ALL,0,,,0,0
RECLAIM-V2-002801,RETRY_ALL,0,,,0,0
RECLAIM-V2-002802,RETRY_ALL,0,,,0,0
RECLAIM-V2-002803,RETRY_ALL,0,,,0,0
RECLAIM-V2-002804,RETRY_ALL,0,,,0,0
RECLAIM-V2-002805,RETRY_ALL,0,,,0,0
RECLAIM-V2-002806,RETRY_ALL,0,,,0,0
RECLAIM-V2-002807,RETRY_ALL,0,,,0,0
RECLAIM-V2-002808,RETRY_ALL,0,,,0,0
RECLAIM-V2-002809,RETRY_ALL,0,,,0,0
RECLAIM-V2-002810,RETRY_ALL,0,,,0,0
RECLAIM-V2-002811,RETRY_ALL,0,,,0,0
RECLAIM-V2-002812,RETRY_ALL,0,,,0,0
RECLAIM-V2-002813,RETRY_ALL,0,,,0,0
RECLAIM-V2-002814,RETRY_ALL,0,,,0,0
RECLAIM-V2-002815,RETRY_ALL,0,,,0,0
RECLAIM-V2-002816,RETRY_ALL,0,,,0,0
RECLAIM-V2-002817,TARGET,1,,,0,0
RECLAIM-V2-002818,RETRY_ALL,0,,,0,0
RECLAIM-V2-002819,RETRY_ALL,0,,,0,0
RECLAIM-V2-002820,RETRY_ALL,0,,,0,0
RECLAIM-V2-002821,RETRY_ALL,0,,,0,0
RECLAIM-V2-002822,RETRY_ALL,0,,,0,0
RECLAIM-V2-002823,RETRY_ALL,0,,,0,0
RECLAIM-V2-002824,RETRY_ALL,0,,,0,0
RECLAIM-V2-002825,RETRY_ALL,0,,,0,0
RECLAIM-V2-002826,RETRY_ALL,0,,,0,0
RECLAIM-V2-002827,RETRY_ALL,0,,,0,0
RECLAIM-V2-002828,RETRY_ALL,0,,,0,0
RECLAIM-V2-002829,RETRY_ALL,0,,,0,0
RECLAIM-V2-002830,RETRY_ALL,0,,,0,0
RECLAIM-V2-002831,RETRY_ALL,0,,,0,0
RECLAIM-V2-002832,RETRY_ALL,0,,,0,0
RECLAIM-V2-002833,RETRY_ALL,0,,,0,0
RECLAIM-V2-002834,RETRY_ALL,0,,,0,0
RECLAIM-V2-002835,TARGET,1,,,0,0
RECLAIM-V2-002836,RETRY_ALL,0,,,0,0
RECLAIM-V2-002837,RETRY_ALL,0,,,0,0
RECLAIM-V2-002838,RETRY_ALL,0,,,0,0
RECLAIM-V2-002839,RETRY_ALL,0,,,0,0
RECLAIM-V2-002840,RETRY_ALL,0,,,0,0
RECLAIM-V2-002841,RETRY_ALL,0,,,0,0
RECLAIM-V2-002842,RETRY_ALL,0,,,0,0
RECLAIM-V2-002843,RETRY_ALL,0,,,0,0
RECLAIM-V2-002844,RETRY_ALL,0,,,0,0
RECLAIM-V2-002845,RETRY_ALL,0,,,0,0
RECLAIM-V2-002846,RETRY_ALL,0,,,0,0
RECLAIM-V2-002847,RETRY_ALL,0,,,0,0
RECLAIM-V2-002848,RETRY_ALL,0,,,0,0
RECLAIM-V2-002849,RETRY_ALL,0,,,0,0
RECLAIM-V2-002850,RETRY_ALL,0,,,0,0
RECLAIM-V2-002851,RETRY_ALL,0,,,0,0
RECLAIM-V2-002852,RETRY_ALL,0,,,0,0
RECLAIM-V2-002853,RETRY_ALL,0,,,0,0
RECLAIM-V2-002854,RETRY_ALL,0,,,0,0
RECLAIM-V2-002855,RETRY_ALL,0,,,0,0
RECLAIM-V2-002856,RETRY_ALL,0,,,0,0
RECLAIM-V2-002857,RETRY_ALL,0,,,0,0
RECLAIM-V2-002858,RETRY_ALL,0,,,0,0
RECLAIM-V2-002859,RETRY_ALL,0,,,0,0
RECLAIM-V2-002860,RETRY_ALL,0,,,0,0
RECLAIM-V2-002861,RETRY_ALL,0,,,0,0
RECLAIM-V2-002862,RETRY_ALL,0,,,0,0
RECLAIM-V2-002863,RETRY_ALL,0,,,0,0
RECLAIM-V2-002864,RETRY_ALL,0,,,0,0
RECLAIM-V2-002865,RETRY_ALL,0,,,0,0
RECLAIM-V2-002866,RETRY_ALL,0,,,0,0
RECLAIM-V2-002867,RETRY_ALL,0,,,0,0
RECLAIM-V2-002868,RETRY_ALL,0,,,0,0
RECLAIM-V2-002869,RETRY_ALL,0,,,0,0
RECLAIM-V2-002870,RETRY_ALL,0,,,0,0
RECLAIM-V2-002871,RETRY_ALL,0,,,0,0
RECLAIM-V2-002872,RETRY_ALL,0,,,0,0
RECLAIM-V2-002873,RETRY_ALL,0,,,0,0
RECLAIM-V2-002874,RETRY_ALL,0,,,0,0
RECLAIM-V2-002875,RETRY_ALL,0,,,0,0
RECLAIM-V2-002876,RETRY_ALL,0,,,0,0
RECLAIM-V2-002877,RETRY_ALL,0,,,0,0
RECLAIM-V2-002878,RETRY_ALL,0,,,0,0
RECLAIM-V2-002879,RETRY_ALL,0,,,0,0
RECLAIM-V2-002880,RETRY_ALL,0,,,0,0
RECLAIM-V2-002881,RETRY_ALL,0,,,0,0
RECLAIM-V2-002882,RETRY_ALL,0,,,0,0
RECLAIM-V2-002883,RETRY_ALL,0,,,0,0
RECLAIM-V2-002884,RETRY_ALL,0,,,0,0
RECLAIM-V2-002885,RETRY_ALL,0,,,0,0
RECLAIM-V2-002886,RETRY_ALL,0,,,0,0
RECLAIM-V2-002887,RETRY_ALL,0,,,0,0
RECLAIM-V2-002888,RETRY_ALL,0,,,0,0
RECLAIM-V2-002889,RETRY_ALL,0,,,0,0
RECLAIM-V2-002890,RETRY_ALL,0,,,0,0
RECLAIM-V2-002891,RETRY_ALL,0,,,0,0
RECLAIM-V2-002892,RETRY_ALL,0,,,0,0
RECLAIM-V2-002893,RETRY_ALL,0,,,0,0
RECLAIM-V2-002894,RETRY_ALL,0,,,0,0
RECLAIM-V2-002895,RETRY_ALL,0,,,0,0
RECLAIM-V2-002896,RETRY_ALL,0,,,0,0
RECLAIM-V2-002897,RETRY_ALL,0,,,0,0
RECLAIM-V2-002898,RETRY_ALL,0,,,0,0
RECLAIM-V2-002899,TARGET,1,,,0,0
RECLAIM-V2-002900,RETRY_ALL,0,,,0,0
RECLAIM-V2-002901,RETRY_ALL,0,,,0,0
RECLAIM-V2-002902,RETRY_ALL,0,,,0,0
RECLAIM-V2-002903,RETRY_ALL,0,,,0,0
RECLAIM-V2-002904,RETRY_ALL,0,,,0,0
RECLAIM-V2-002905,RETRY_ALL,0,,,0,0
RECLAIM-V2-002906,RETRY_ALL,0,,,0,0
RECLAIM-V2-002907,RETRY_ALL,0,,,0,0
RECLAIM-V2-002908,RETRY_ALL,0,,,0,0
RECLAIM-V2-002909,RETRY_ALL,0,,,0,0
RECLAIM-V2-002910,RETRY_ALL,0,,,0,0
RECLAIM-V2-002911,RETRY_ALL,0,,,0,0
RECLAIM-V2-002912,RETRY_ALL,0,,,0,0
RECLAIM-V2-002913,TARGET,1,,,0,0
RECLAIM-V2-002914,RETRY_ALL,0,,,0,0
RECLAIM-V2-002915,RETRY_ALL,0,,,0,0
RECLAIM-V2-002916,RETRY_ALL,0,,,0,0
RECLAIM-V2-002917,RETRY_ALL,0,,,0,0
RECLAIM-V2-002918,RETRY_ALL,0,,,0,0
RECLAIM-V2-002919,RETRY_ALL,0,,,0,0
RECLAIM-V2-002920,RETRY_ALL,0,,,0,0
RECLAIM-V2-002921,RETRY_ALL,0,,,0,0
RECLAIM-V2-002922,TARGET,1,,,0,0
RECLAIM-V2-002923,RETRY_ALL,0,,,0,0
RECLAIM-V2-002924,RETRY_ALL,0,,,0,0
RECLAIM-V2-002925,RETRY_ALL,0,,,0,0
RECLAIM-V2-002926,RETRY_ALL,0,,,0,0
RECLAIM-V2-002927,RETRY_ALL,0,,,0,0
RECLAIM-V2-002928,RETRY_ALL,0,,,0,0
RECLAIM-V2-002929,RETRY_ALL,0,,,0,0
RECLAIM-V2-002930,RETRY_ALL,0,,,0,0
RECLAIM-V2-002931,RETRY_ALL,0,,,0,0
RECLAIM-V2-002932,RETRY_ALL,0,,,0,0
RECLAIM-V2-002933,RETRY_ALL,0,,,0,0
RECLAIM-V2-002934,RETRY_ALL,0,,,0,0
RECLAIM-V2-002935,RETRY_ALL,0,,,0,0
RECLAIM-V2-002936,RETRY_ALL,0,,,0,0
RECLAIM-V2-002937,RETRY_ALL,0,,,0,0
RECLAIM-V2-002938,RETRY_ALL,0,,,0,0
RECLAIM-V2-002939,RETRY_ALL,0,,,0,0
RECLAIM-V2-002940,RETRY_ALL,0,,,0,0
RECLAIM-V2-002941,RETRY_ALL,0,,,0,0
RECLAIM-V2-002942,RETRY_ALL,0,,,0,0
RECLAIM-V2-002943,RETRY_ALL,0,,,0,0
RECLAIM-V2-002944,RETRY_ALL,0,,,0,0
RECLAIM-V2-002945,RETRY_ALL,0,,,0,0
RECLAIM-V2-002946,RETRY_ALL,0,,,0,0
RECLAIM-V2-002947,RETRY_ALL,0,,,0,0
RECLAIM-V2-002948,RETRY_ALL,0,,,0,0
RECLAIM-V2-002949,RETRY_ALL,0,,,0,0
RECLAIM-V2-002950,RETRY_ALL,0,,,0,0
RECLAIM-V2-002951,RETRY_ALL,0,,,0,0
RECLAIM-V2-002952,RETRY_ALL,0,,,0,0
RECLAIM-V2-002953,RETRY_ALL,0,,,0,0
RECLAIM-V2-002954,RETRY_ALL,0,,,0,0
RECLAIM-V2-002955,RETRY_ALL,0,,,0,0
RECLAIM-V2-002956,RETRY_ALL,0,,,0,0
RECLAIM-V2-002957,RETRY_ALL,0,,,0,0
RECLAIM-V2-002958,TARGET,1,,,0,0
RECLAIM-V2-002959,RETRY_ALL,0,,,0,0
RECLAIM-V2-002960,RETRY_ALL,0,,,0,0
RECLAIM-V2-002961,RETRY_ALL,0,,,0,0
RECLAIM-V2-002962,RETRY_ALL,0,,,0,0
RECLAIM-V2-002963,RETRY_ALL,0,,,0,0
RECLAIM-V2-002964,RETRY_ALL,0,,,0,0
RECLAIM-V2-002965,RETRY_ALL,0,,,0,0
RECLAIM-V2-002966,TARGET,1,,,0,0
RECLAIM-V2-002967,RETRY_ALL,0,,,0,0
RECLAIM-V2-002968,RETRY_ALL,0,,,0,0
RECLAIM-V2-002969,RETRY_ALL,0,,,0,0
RECLAIM-V2-002970,RETRY_ALL,0,,,0,0
RECLAIM-V2-002971,RETRY_ALL,0,,,0,0
RECLAIM-V2-002972,RETRY_ALL,0,,,0,0
RECLAIM-V2-002973,RETRY_ALL,0,,,0,0
RECLAIM-V2-002974,RETRY_ALL,0,,,0,0
RECLAIM-V2-002975,RETRY_ALL,0,,,0,0
RECLAIM-V2-002976,RETRY_ALL,0,,,0,0
RECLAIM-V2-002977,RETRY_ALL,0,,,0,0
RECLAIM-V2-002978,RETRY_ALL,0,,,0,0
RECLAIM-V2-002979,RETRY_ALL,0,,,0,0
RECLAIM-V2-002980,RETRY_ALL,0,,,0,0
RECLAIM-V2-002981,RETRY_ALL,0,,,0,0
RECLAIM-V2-002982,RETRY_ALL,0,,,0,0
RECLAIM-V2-002983,RETRY_ALL,0,,,0,0
RECLAIM-V2-002984,RETRY_ALL,0,,,0,0
RECLAIM-V2-002985,RETRY_ALL,0,,,0,0
RECLAIM-V2-002986,RETRY_ALL,0,,,0,0
RECLAIM-V2-002987,RETRY_ALL,0,,,0,0
RECLAIM-V2-002988,RETRY_ALL,0,,,0,0
RECLAIM-V2-002989,RETRY_ALL,0,,,0,0
RECLAIM-V2-002990,RETRY_ALL,0,,,0,0
RECLAIM-V2-002991,RETRY_ALL,0,,,0,0
RECLAIM-V2-002992,RETRY_ALL,0,,,0,0
RECLAIM-V2-002993,RETRY_ALL,0,,,0,0
RECLAIM-V2-002994,RETRY_ALL,0,,,0,0
RECLAIM-V2-002995,RETRY_ALL,0,,,0,0
RECLAIM-V2-002996,RETRY_ALL,0,,,0,0
RECLAIM-V2-002997,RETRY_ALL,0,,,0,0
RECLAIM-V2-002998,RETRY_ALL,0,,,0,0
RECLAIM-V2-002999,RETRY_ALL,0,,,0,0
RECLAIM-V2-003000,RETRY_ALL,0,,,0,0
RECLAIM-V2-003001,RETRY_ALL,0,,,0,0
RECLAIM-V2-003002,RETRY_ALL,0,,,0,0
RECLAIM-V2-003003,RETRY_ALL,0,,,0,0
RECLAIM-V2-003004,RETRY_ALL,0,,,0,0
RECLAIM-V2-003005,RETRY_ALL,0,,,0,0
RECLAIM-V2-003006,RETRY_ALL,0,,,0,0
RECLAIM-V2-003007,RETRY_ALL,0,,,0,0
RECLAIM-V2-003008,RETRY_ALL,0,,,0,0
RECLAIM-V2-003009,RETRY_ALL,0,,,0,0
RECLAIM-V2-003010,RETRY_ALL,0,,,0,0
RECLAIM-V2-003011,RETRY_ALL,0,,,0,0
RECLAIM-V2-003012,RETRY_ALL,0,,,0,0
RECLAIM-V2-003013,RETRY_ALL,0,,,0,0
RECLAIM-V2-003014,RETRY_ALL,0,,,0,0
RECLAIM-V2-003015,RETRY_ALL,0,,,0,0
RECLAIM-V2-003016,TARGET,1,,,0,0
RECLAIM-V2-003017,RETRY_ALL,0,,,0,0
RECLAIM-V2-003018,RETRY_ALL,0,,,0,0
RECLAIM-V2-003019,RETRY_ALL,0,,,0,0
RECLAIM-V2-003020,RETRY_ALL,0,,,0,0
RECLAIM-V2-003021,RETRY_ALL,0,,,0,0
RECLAIM-V2-003022,RETRY_ALL,0,,,0,0
RECLAIM-V2-003023,RETRY_ALL,0,,,0,0
RECLAIM-V2-003024,RETRY_ALL,0,,,0,0
RECLAIM-V2-003025,RETRY_ALL,0,,,0,0
RECLAIM-V2-003026,RETRY_ALL,0,,,0,0
RECLAIM-V2-003027,RETRY_ALL,0,,,0,0
RECLAIM-V2-003028,RETRY_ALL,0,,,0,0
RECLAIM-V2-003029,RETRY_ALL,0,,,0,0
RECLAIM-V2-003030,RETRY_ALL,0,,,0,0
RECLAIM-V2-003031,RETRY_ALL,0,,,0,0
RECLAIM-V2-003032,TARGET,1,,,0,0
RECLAIM-V2-003033,RETRY_ALL,0,,,0,0
RECLAIM-V2-003034,RETRY_ALL,0,,,0,0
RECLAIM-V2-003035,RETRY_ALL,0,,,0,0
RECLAIM-V2-003036,RETRY_ALL,0,,,0,0
RECLAIM-V2-003037,RETRY_ALL,0,,,0,0
RECLAIM-V2-003038,RETRY_ALL,0,,,0,0
RECLAIM-V2-003039,TARGET,1,,,0,0
RECLAIM-V2-003040,RETRY_ALL,0,,,0,0
RECLAIM-V2-003041,RETRY_ALL,0,,,0,0
RECLAIM-V2-003042,RETRY_ALL,0,,,0,0
RECLAIM-V2-003043,RETRY_ALL,0,,,0,0
RECLAIM-V2-003044,RETRY_ALL,0,,,0,0
RECLAIM-V2-003045,RETRY_ALL,0,,,0,0
RECLAIM-V2-003046,RETRY_ALL,0,,,0,0
RECLAIM-V2-003047,RETRY_ALL,0,,,0,0
RECLAIM-V2-003048,RETRY_ALL,0,,,0,0
RECLAIM-V2-003049,RETRY_ALL,0,,,0,0
RECLAIM-V2-003050,RETRY_ALL,0,,,0,0
RECLAIM-V2-003051,TARGET,1,,,0,0
RECLAIM-V2-003052,RETRY_ALL,0,,,0,0
RECLAIM-V2-003053,RETRY_ALL,0,,,0,0
RECLAIM-V2-003054,RETRY_ALL,0,,,0,0
RECLAIM-V2-003055,RETRY_ALL,0,,,0,0
RECLAIM-V2-003056,RETRY_ALL,0,,,0,0
RECLAIM-V2-003057,RETRY_ALL,0,,,0,0
RECLAIM-V2-003058,RETRY_ALL,0,,,0,0
RECLAIM-V2-003059,RETRY_ALL,0,,,0,0
RECLAIM-V2-003060,RETRY_ALL,0,,,0,0
RECLAIM-V2-003061,RETRY_ALL,0,,,0,0
RECLAIM-V2-003062,RETRY_ALL,0,,,0,0
RECLAIM-V2-003063,RETRY_ALL,0,,,0,0
RECLAIM-V2-003064,RETRY_ALL,0,,,0,0
RECLAIM-V2-003065,RETRY_ALL,0,,,0,0
RECLAIM-V2-003066,RETRY_ALL,0,,,0,0
RECLAIM-V2-003067,RETRY_ALL,0,,,0,0
RECLAIM-V2-003068,RETRY_ALL,0,,,0,0
RECLAIM-V2-003069,RETRY_ALL,0,,,0,0
RECLAIM-V2-003070,RETRY_ALL,0,,,0,0
RECLAIM-V2-003071,RETRY_ALL,0,,,0,0
RECLAIM-V2-003072,RETRY_ALL,0,,,0,0
RECLAIM-V2-003073,RETRY_ALL,0,,,0,0
RECLAIM-V2-003074,RETRY_ALL,0,,,0,0
RECLAIM-V2-003075,RETRY_ALL,0,,,0,0
RECLAIM-V2-003076,RETRY_ALL,0,,,0,0
RECLAIM-V2-003077,RETRY_ALL,0,,,0,0
RECLAIM-V2-003078,RETRY_ALL,0,,,0,0
RECLAIM-V2-003079,RETRY_ALL,0,,,0,0
RECLAIM-V2-003080,RETRY_ALL,0,,,0,0
RECLAIM-V2-003081,RETRY_ALL,0,,,0,0
RECLAIM-V2-003082,RETRY_ALL,0,,,0,0
RECLAIM-V2-003083,RETRY_ALL,0,,,0,0
RECLAIM-V2-003084,RETRY_ALL,0,,,0,0
RECLAIM-V2-003085,RETRY_ALL,0,,,0,0
RECLAIM-V2-003086,RETRY_ALL,0,,,0,0
RECLAIM-V2-003087,RETRY_ALL,0,,,0,0
RECLAIM-V2-003088,RETRY_ALL,0,,,0,0
RECLAIM-V2-003089,RETRY_ALL,0,,,0,0
RECLAIM-V2-003090,TARGET,1,,,0,0
RECLAIM-V2-003091,RETRY_ALL,0,,,0,0
RECLAIM-V2-003092,RETRY_ALL,0,,,0,0
RECLAIM-V2-003093,RETRY_ALL,0,,,0,0
RECLAIM-V2-003094,RETRY_ALL,0,,,0,0
RECLAIM-V2-003095,RETRY_ALL,0,,,0,0
RECLAIM-V2-003096,RETRY_ALL,0,,,0,0
RECLAIM-V2-003097,RETRY_ALL,0,,,0,0
RECLAIM-V2-003098,RETRY_ALL,0,,,0,0
RECLAIM-V2-003099,RETRY_ALL,0,,,0,0
RECLAIM-V2-003100,RETRY_ALL,0,,,0,0
RECLAIM-V2-003101,RETRY_ALL,0,,,0,0
RECLAIM-V2-003102,RETRY_ALL,0,,,0,0
RECLAIM-V2-003103,RETRY_ALL,0,,,0,0
RECLAIM-V2-003104,RETRY_ALL,0,,,0,0
RECLAIM-V2-003105,RETRY_ALL,0,,,0,0
RECLAIM-V2-003106,RETRY_ALL,0,,,0,0
RECLAIM-V2-003107,RETRY_ALL,0,,,0,0
RECLAIM-V2-003108,RETRY_ALL,0,,,0,0
RECLAIM-V2-003109,RETRY_ALL,0,,,0,0
RECLAIM-V2-003110,RETRY_ALL,0,,,0,0
RECLAIM-V2-003111,RETRY_ALL,0,,,0,0
RECLAIM-V2-003112,RETRY_ALL,0,,,0,0
RECLAIM-V2-003113,RETRY_ALL,0,,,0,0
RECLAIM-V2-003114,RETRY_ALL,0,,,0,0
RECLAIM-V2-003115,RETRY_ALL,0,,,0,0
RECLAIM-V2-003116,RETRY_ALL,0,,,0,0
RECLAIM-V2-003117,RETRY_ALL,0,,,0,0
RECLAIM-V2-003118,RETRY_ALL,0,,,0,0
RECLAIM-V2-003119,RETRY_ALL,0,,,0,0
RECLAIM-V2-003120,RETRY_ALL,0,,,0,0
RECLAIM-V2-003121,RETRY_ALL,0,,,0,0
RECLAIM-V2-003122,TARGET,1,,,0,0
RECLAIM-V2-003123,RETRY_ALL,0,,,0,0
RECLAIM-V2-003124,RETRY_ALL,0,,,0,0
RECLAIM-V2-003125,TARGET,1,,,0,0
RECLAIM-V2-003126,RETRY_ALL,0,,,0,0
RECLAIM-V2-003127,RETRY_ALL,0,,,0,0
RECLAIM-V2-003128,RETRY_ALL,0,,,0,0
RECLAIM-V2-003129,RETRY_ALL,0,,,0,0
RECLAIM-V2-003130,RETRY_ALL,0,,,0,0
RECLAIM-V2-003131,RETRY_ALL,0,,,0,0
RECLAIM-V2-003132,RETRY_ALL,0,,,0,0
RECLAIM-V2-003133,RETRY_ALL,0,,,0,0
RECLAIM-V2-003134,RETRY_ALL,0,,,0,0
RECLAIM-V2-003135,RETRY_ALL,0,,,0,0
RECLAIM-V2-003136,RETRY_ALL,0,,,0,0
RECLAIM-V2-003137,RETRY_ALL,0,,,0,0
RECLAIM-V2-003138,RETRY_ALL,0,,,0,0
RECLAIM-V2-003139,RETRY_ALL,0,,,0,0
RECLAIM-V2-003140,RETRY_ALL,0,,,0,0
RECLAIM-V2-003141,RETRY_ALL,0,,,0,0
RECLAIM-V2-003142,RETRY_ALL,0,,,0,0
RECLAIM-V2-003143,RETRY_ALL,0,,,0,0
RECLAIM-V2-003144,RETRY_ALL,0,,,0,0
RECLAIM-V2-003145,RETRY_ALL,0,,,0,0
RECLAIM-V2-003146,RETRY_ALL,0,,,0,0
RECLAIM-V2-003147,RETRY_ALL,0,,,0,0
RECLAIM-V2-003148,RETRY_ALL,0,,,0,0
RECLAIM-V2-003149,RETRY_ALL,0,,,0,0
RECLAIM-V2-003150,RETRY_ALL,0,,,0,0
RECLAIM-V2-003151,RETRY_ALL,0,,,0,0
RECLAIM-V2-003152,TARGET,1,,,0,0
RECLAIM-V2-003153,RETRY_ALL,0,,,0,0
RECLAIM-V2-003154,RETRY_ALL,0,,,0,0
RECLAIM-V2-003155,RETRY_ALL,0,,,0,0
RECLAIM-V2-003156,RETRY_ALL,0,,,0,0
RECLAIM-V2-003157,RETRY_ALL,0,,,0,0
RECLAIM-V2-003158,RETRY_ALL,0,,,0,0
RECLAIM-V2-003159,RETRY_ALL,0,,,0,0
RECLAIM-V2-003160,RETRY_ALL,0,,,0,0
RECLAIM-V2-003161,RETRY_ALL,0,,,0,0
RECLAIM-V2-003162,RETRY_ALL,0,,,0,0
RECLAIM-V2-003163,RETRY_ALL,0,,,0,0
RECLAIM-V2-003164,RETRY_ALL,0,,,0,0
RECLAIM-V2-003165,RETRY_ALL,0,,,0,0
RECLAIM-V2-003166,RETRY_ALL,0,,,0,0
RECLAIM-V2-003167,RETRY_ALL,0,,,0,0
RECLAIM-V2-003168,RETRY_ALL,0,,,0,0
RECLAIM-V2-003169,RETRY_ALL,0,,,0,0
RECLAIM-V2-003170,RETRY_ALL,0,,,0,0
RECLAIM-V2-003171,RETRY_ALL,0,,,0,0
RECLAIM-V2-003172,RETRY_ALL,0,,,0,0
RECLAIM-V2-003173,RETRY_ALL,0,,,0,0
RECLAIM-V2-003174,RETRY_ALL,0,,,0,0
RECLAIM-V2-003175,RETRY_ALL,0,,,0,0
RECLAIM-V2-003176,RETRY_ALL,0,,,0,0
RECLAIM-V2-003177,RETRY_ALL,0,,,0,0
RECLAIM-V2-003178,RETRY_ALL,0,,,0,0
RECLAIM-V2-003179,RETRY_ALL,0,,,0,0
RECLAIM-V2-003180,RETRY_ALL,0,,,0,0
RECLAIM-V2-003181,RETRY_ALL,0,,,0,0
RECLAIM-V2-003182,RETRY_ALL,0,,,0,0
RECLAIM-V2-003183,RETRY_ALL,0,,,0,0
RECLAIM-V2-003184,RETRY_ALL,0,,,0,0
RECLAIM-V2-003185,RETRY_ALL,0,,,0,0
RECLAIM-V2-003186,RETRY_ALL,0,,,0,0
RECLAIM-V2-003187,RETRY_ALL,0,,,0,0
RECLAIM-V2-003188,RETRY_ALL,0,,,0,0
RECLAIM-V2-003189,RETRY_ALL,0,,,0,0
RECLAIM-V2-003190,RETRY_ALL,0,,,0,0
RECLAIM-V2-003191,RETRY_ALL,0,,,0,0
RECLAIM-V2-003192,RETRY_ALL,0,,,0,0
RECLAIM-V2-003193,RETRY_ALL,0,,,0,0
RECLAIM-V2-003194,RETRY_ALL,0,,,0,0
RECLAIM-V2-003195,RETRY_ALL,0,,,0,0
RECLAIM-V2-003196,RETRY_ALL,0,,,0,0
RECLAIM-V2-003197,RETRY_ALL,0,,,0,0
RECLAIM-V2-003198,RETRY_ALL,0,,,0,0
RECLAIM-V2-003199,RETRY_ALL,0,,,0,0
RECLAIM-V2-003200,RETRY_ALL,0,,,0,0
RECLAIM-V2-003201,RETRY_ALL,0,,,0,0
RECLAIM-V2-003202,RETRY_ALL,0,,,0,0
RECLAIM-V2-003203,RETRY_ALL,0,,,0,0
RECLAIM-V2-003204,RETRY_ALL,0,,,0,0
RECLAIM-V2-003205,RETRY_ALL,0,,,0,0
RECLAIM-V2-003206,RETRY_ALL,0,,,0,0
RECLAIM-V2-003207,RETRY_ALL,0,,,0,0
RECLAIM-V2-003208,RETRY_ALL,0,,,0,0
RECLAIM-V2-003209,RETRY_ALL,0,,,0,0
RECLAIM-V2-003210,RETRY_ALL,0,,,0,0
RECLAIM-V2-003211,TARGET,1,,,0,0
RECLAIM-V2-003212,RETRY_ALL,0,,,0,0
RECLAIM-V2-003213,RETRY_ALL,0,,,0,0
RECLAIM-V2-003214,RETRY_ALL,0,,,0,0
RECLAIM-V2-003215,RETRY_ALL,0,,,0,0
RECLAIM-V2-003216,RETRY_ALL,0,,,0,0
RECLAIM-V2-003217,RETRY_ALL,0,,,0,0
RECLAIM-V2-003218,RETRY_ALL,0,,,0,0
RECLAIM-V2-003219,RETRY_ALL,0,,,0,0
RECLAIM-V2-003220,RETRY_ALL,0,,,0,0
RECLAIM-V2-003221,RETRY_ALL,0,,,0,0
RECLAIM-V2-003222,TARGET,1,,,0,0
RECLAIM-V2-003223,RETRY_ALL,0,,,0,0
RECLAIM-V2-003224,RETRY_ALL,0,,,0,0
RECLAIM-V2-003225,RETRY_ALL,0,,,0,0
RECLAIM-V2-003226,RETRY_ALL,0,,,0,0
RECLAIM-V2-003227,RETRY_ALL,0,,,0,0
RECLAIM-V2-003228,RETRY_ALL,0,,,0,0
RECLAIM-V2-003229,RETRY_ALL,0,,,0,0
RECLAIM-V2-003230,RETRY_ALL,0,,,0,0
RECLAIM-V2-003231,RETRY_ALL,0,,,0,0
RECLAIM-V2-003232,RETRY_ALL,0,,,0,0
RECLAIM-V2-003233,RETRY_ALL,0,,,0,0
RECLAIM-V2-003234,RETRY_ALL,0,,,0,0
RECLAIM-V2-003235,RETRY_ALL,0,,,0,0
RECLAIM-V2-003236,RETRY_ALL,0,,,0,0
RECLAIM-V2-003237,RETRY_ALL,0,,,0,0
RECLAIM-V2-003238,RETRY_ALL,0,,,0,0
RECLAIM-V2-003239,RETRY_ALL,0,,,0,0
RECLAIM-V2-003240,RETRY_ALL,0,,,0,0
RECLAIM-V2-003241,TARGET,1,,,0,0
RECLAIM-V2-003242,RETRY_ALL,0,,,0,0
RECLAIM-V2-003243,TARGET,1,,,0,0
RECLAIM-V2-003244,RETRY_ALL,0,,,0,0
RECLAIM-V2-003245,RETRY_ALL,0,,,0,0
RECLAIM-V2-003246,RETRY_ALL,0,,,0,0
RECLAIM-V2-003247,RETRY_ALL,0,,,0,0
RECLAIM-V2-003248,RETRY_ALL,0,,,0,0
RECLAIM-V2-003249,RETRY_ALL,0,,,0,0
RECLAIM-V2-003250,RETRY_ALL,0,,,0,0
RECLAIM-V2-003251,TARGET,1,,,0,0
RECLAIM-V2-003252,RETRY_ALL,0,,,0,0
RECLAIM-V2-003253,RETRY_ALL,0,,,0,0
RECLAIM-V2-003254,RETRY_ALL,0,,,0,0
RECLAIM-V2-003255,RETRY_ALL,0,,,0,0
RECLAIM-V2-003256,TARGET,1,,,0,0
RECLAIM-V2-003257,RETRY_ALL,0,,,0,0
RECLAIM-V2-003258,RETRY_ALL,0,,,0,0
RECLAIM-V2-003259,RETRY_ALL,0,,,0,0
RECLAIM-V2-003260,RETRY_ALL,0,,,0,0
RECLAIM-V2-003261,RETRY_ALL,0,,,0,0
RECLAIM-V2-003262,RETRY_ALL,0,,,0,0
RECLAIM-V2-003263,RETRY_ALL,0,,,0,0
RECLAIM-V2-003264,RETRY_ALL,0,,,0,0
RECLAIM-V2-003265,RETRY_ALL,0,,,0,0
RECLAIM-V2-003266,RETRY_ALL,0,,,0,0
RECLAIM-V2-003267,TARGET,1,,,0,0
RECLAIM-V2-003268,RETRY_ALL,0,,,0,0
RECLAIM-V2-003269,TARGET,1,,,0,0
RECLAIM-V2-003270,RETRY_ALL,0,,,0,0
RECLAIM-V2-003271,RETRY_ALL,0,,,0,0
RECLAIM-V2-003272,RETRY_ALL,0,,,0,0
RECLAIM-V2-003273,RETRY_ALL,0,,,0,0
RECLAIM-V2-003274,RETRY_ALL,0,,,0,0
RECLAIM-V2-003275,RETRY_ALL,0,,,0,0
RECLAIM-V2-003276,RETRY_ALL,0,,,0,0
RECLAIM-V2-003277,RETRY_ALL,0,,,0,0
RECLAIM-V2-003278,TARGET,1,,,0,0
RECLAIM-V2-003279,RETRY_ALL,0,,,0,0
RECLAIM-V2-003280,RETRY_ALL,0,,,0,0
RECLAIM-V2-003281,RETRY_ALL,0,,,0,0
RECLAIM-V2-003282,RETRY_ALL,0,,,0,0
RECLAIM-V2-003283,RETRY_ALL,0,,,0,0
RECLAIM-V2-003284,TARGET,1,,,0,0
RECLAIM-V2-003285,RETRY_ALL,0,,,0,0
RECLAIM-V2-003286,RETRY_ALL,0,,,0,0
RECLAIM-V2-003287,RETRY_ALL,0,,,0,0
RECLAIM-V2-003288,RETRY_ALL,0,,,0,0
RECLAIM-V2-003289,RETRY_ALL,0,,,0,0
RECLAIM-V2-003290,RETRY_ALL,0,,,0,0
RECLAIM-V2-003291,RETRY_ALL,0,,,0,0
RECLAIM-V2-003292,RETRY_ALL,0,,,0,0
RECLAIM-V2-003293,RETRY_ALL,0,,,0,0
RECLAIM-V2-003294,RETRY_ALL,0,,,0,0
RECLAIM-V2-003295,RETRY_ALL,0,,,0,0
RECLAIM-V2-003296,RETRY_ALL,0,,,0,0
RECLAIM-V2-003297,RETRY_ALL,0,,,0,0
RECLAIM-V2-003298,RETRY_ALL,0,,,0,0
RECLAIM-V2-003299,RETRY_ALL,0,,,0,0
RECLAIM-V2-003300,RETRY_ALL,0,,,0,0
RECLAIM-V2-003301,RETRY_ALL,0,,,0,0
RECLAIM-V2-003302,RETRY_ALL,0,,,0,0
RECLAIM-V2-003303,RETRY_ALL,0,,,0,0
RECLAIM-V2-003304,RETRY_ALL,0,,,0,0
RECLAIM-V2-003305,RETRY_ALL,0,,,0,0
RECLAIM-V2-003306,RETRY_ALL,0,,,0,0
RECLAIM-V2-003307,RETRY_ALL,0,,,0,0
RECLAIM-V2-003308,RETRY_ALL,0,,,0,0
RECLAIM-V2-003309,RETRY_ALL,0,,,0,0
RECLAIM-V2-003310,RETRY_ALL,0,,,0,0
RECLAIM-V2-003311,RETRY_ALL,0,,,0,0
RECLAIM-V2-003312,RETRY_ALL,0,,,0,0
RECLAIM-V2-003313,RETRY_ALL,0,,,0,0
RECLAIM-V2-003314,RETRY_ALL,0,,,0,0
RECLAIM-V2-003315,RETRY_ALL,0,,,0,0
RECLAIM-V2-003316,RETRY_ALL,0,,,0,0
RECLAIM-V2-003317,RETRY_ALL,0,,,0,0
RECLAIM-V2-003318,RETRY_ALL,0,,,0,0
RECLAIM-V2-003319,RETRY_ALL,0,,,0,0
RECLAIM-V2-003320,RETRY_ALL,0,,,0,0
RECLAIM-V2-003321,RETRY_ALL,0,,,0,0
RECLAIM-V2-003322,TARGET,1,,,0,0
RECLAIM-V2-003323,RETRY_ALL,0,,,0,0
RECLAIM-V2-003324,RETRY_ALL,0,,,0,0
RECLAIM-V2-003325,RETRY_ALL,0,,,0,0
RECLAIM-V2-003326,TARGET,1,,,0,0
RECLAIM-V2-003327,RETRY_ALL,0,,,0,0
RECLAIM-V2-003328,RETRY_ALL,0,,,0,0
RECLAIM-V2-003329,RETRY_ALL,0,,,0,0
RECLAIM-V2-003330,TARGET,1,,,0,0
RECLAIM-V2-003331,RETRY_ALL,0,,,0,0
RECLAIM-V2-003332,RETRY_ALL,0,,,0,0
RECLAIM-V2-003333,RETRY_ALL,0,,,0,0
RECLAIM-V2-003334,RETRY_ALL,0,,,0,0
RECLAIM-V2-003335,RETRY_ALL,0,,,0,0
RECLAIM-V2-003336,RETRY_ALL,0,,,0,0
RECLAIM-V2-003337,RETRY_ALL,0,,,0,0
RECLAIM-V2-003338,RETRY_ALL,0,,,0,0
RECLAIM-V2-003339,RETRY_ALL,0,,,0,0
RECLAIM-V2-003340,RETRY_ALL,0,,,0,0
RECLAIM-V2-003341,TARGET,1,,,0,0
RECLAIM-V2-003342,RETRY_ALL,0,,,0,0
RECLAIM-V2-003343,RETRY_ALL,0,,,0,0
RECLAIM-V2-003344,RETRY_ALL,0,,,0,0
RECLAIM-V2-003345,RETRY_ALL,0,,,0,0
RECLAIM-V2-003346,RETRY_ALL,0,,,0,0
RECLAIM-V2-003347,TARGET,1,,,0,0
RECLAIM-V2-003348,RETRY_ALL,0,,,0,0
RECLAIM-V2-003349,RETRY_ALL,0,,,0,0
RECLAIM-V2-003350,RETRY_ALL,0,,,0,0
RECLAIM-V2-003351,RETRY_ALL,0,,,0,0
RECLAIM-V2-003352,RETRY_ALL,0,,,0,0
RECLAIM-V2-003353,RETRY_ALL,0,,,0,0
RECLAIM-V2-003354,RETRY_ALL,0,,,0,0
RECLAIM-V2-003355,RETRY_ALL,0,,,0,0
RECLAIM-V2-003356,RETRY_ALL,0,,,0,0
RECLAIM-V2-003357,RETRY_ALL,0,,,0,0
RECLAIM-V2-003358,RETRY_ALL,0,,,0,0
RECLAIM-V2-003359,RETRY_ALL,0,,,0,0
RECLAIM-V2-003360,RETRY_ALL,0,,,0,0
RECLAIM-V2-003361,RETRY_ALL,0,,,0,0
RECLAIM-V2-003362,RETRY_ALL,0,,,0,0
RECLAIM-V2-003363,RETRY_ALL,0,,,0,0
RECLAIM-V2-003364,RETRY_ALL,0,,,0,0
RECLAIM-V2-003365,RETRY_ALL,0,,,0,0
RECLAIM-V2-003366,RETRY_ALL,0,,,0,0
RECLAIM-V2-003367,RETRY_ALL,0,,,0,0
RECLAIM-V2-003368,RETRY_ALL,0,,,0,0
RECLAIM-V2-003369,RETRY_ALL,0,,,0,0
RECLAIM-V2-003370,RETRY_ALL,0,,,0,0
RECLAIM-V2-003371,RETRY_ALL,0,,,0,0
RECLAIM-V2-003372,RETRY_ALL,0,,,0,0
RECLAIM-V2-003373,RETRY_ALL,0,,,0,0
RECLAIM-V2-003374,RETRY_ALL,0,,,0,0
RECLAIM-V2-003375,RETRY_ALL,0,,,0,0
RECLAIM-V2-003376,RETRY_ALL,0,,,0,0
RECLAIM-V2-003377,RETRY_ALL,0,,,0,0
RECLAIM-V2-003378,RETRY_ALL,0,,,0,0
RECLAIM-V2-003379,RETRY_ALL,0,,,0,0
RECLAIM-V2-003380,RETRY_ALL,0,,,0,0
RECLAIM-V2-003381,RETRY_ALL,0,,,0,0
RECLAIM-V2-003382,RETRY_ALL,0,,,0,0
RECLAIM-V2-003383,RETRY_ALL,0,,,0,0
RECLAIM-V2-003384,RETRY_ALL,0,,,0,0
RECLAIM-V2-003385,TARGET,1,,,0,0
RECLAIM-V2-003386,RETRY_ALL,0,,,0,0
RECLAIM-V2-003387,RETRY_ALL,0,,,0,0
RECLAIM-V2-003388,RETRY_ALL,0,,,0,0
RECLAIM-V2-003389,RETRY_ALL,0,,,0,0
RECLAIM-V2-003390,RETRY_ALL,0,,,0,0
RECLAIM-V2-003391,RETRY_ALL,0,,,0,0
RECLAIM-V2-003392,RETRY_ALL,0,,,0,0
RECLAIM-V2-003393,RETRY_ALL,0,,,0,0
RECLAIM-V2-003394,RETRY_ALL,0,,,0,0
RECLAIM-V2-003395,TARGET,1,,,0,0
RECLAIM-V2-003396,RETRY_ALL,0,,,0,0
RECLAIM-V2-003397,RETRY_ALL,0,,,0,0
RECLAIM-V2-003398,TARGET,1,,,0,0
RECLAIM-V2-003399,RETRY_ALL,0,,,0,0
RECLAIM-V2-003400,RETRY_ALL,0,,,0,0
RECLAIM-V2-003401,RETRY_ALL,0,,,0,0
RECLAIM-V2-003402,RETRY_ALL,0,,,0,0
RECLAIM-V2-003403,RETRY_ALL,0,,,0,0
RECLAIM-V2-003404,RETRY_ALL,0,,,0,0
RECLAIM-V2-003405,RETRY_ALL,0,,,0,0
RECLAIM-V2-003406,RETRY_ALL,0,,,0,0
RECLAIM-V2-003407,RETRY_ALL,0,,,0,0
RECLAIM-V2-003408,RETRY_ALL,0,,,0,0
RECLAIM-V2-003409,RETRY_ALL,0,,,0,0
RECLAIM-V2-003410,RETRY_ALL,0,,,0,0
RECLAIM-V2-003411,RETRY_ALL,0,,,0,0
RECLAIM-V2-003412,RETRY_ALL,0,,,0,0
RECLAIM-V2-003413,RETRY_ALL,0,,,0,0
RECLAIM-V2-003414,RETRY_ALL,0,,,0,0
RECLAIM-V2-003415,RETRY_ALL,0,,,0,0
RECLAIM-V2-003416,RETRY_ALL,0,,,0,0
RECLAIM-V2-003417,TARGET,1,,,0,0
RECLAIM-V2-003418,RETRY_ALL,0,,,0,0
RECLAIM-V2-003419,RETRY_ALL,0,,,0,0
RECLAIM-V2-003420,RETRY_ALL,0,,,0,0
RECLAIM-V2-003421,RETRY_ALL,0,,,0,0
RECLAIM-V2-003422,RETRY_ALL,0,,,0,0
RECLAIM-V2-003423,RETRY_ALL,0,,,0,0
RECLAIM-V2-003424,RETRY_ALL,0,,,0,0
RECLAIM-V2-003425,RETRY_ALL,0,,,0,0
RECLAIM-V2-003426,RETRY_ALL,0,,,0,0
RECLAIM-V2-003427,RETRY_ALL,0,,,0,0
RECLAIM-V2-003428,RETRY_ALL,0,,,0,0
RECLAIM-V2-003429,RETRY_ALL,0,,,0,0
RECLAIM-V2-003430,RETRY_ALL,0,,,0,0
RECLAIM-V2-003431,RETRY_ALL,0,,,0,0
RECLAIM-V2-003432,TARGET,1,,,0,0
RECLAIM-V2-003433,RETRY_ALL,0,,,0,0
RECLAIM-V2-003434,RETRY_ALL,0,,,0,0
RECLAIM-V2-003435,RETRY_ALL,0,,,0,0
RECLAIM-V2-003436,RETRY_ALL,0,,,0,0
RECLAIM-V2-003437,RETRY_ALL,0,,,0,0
RECLAIM-V2-003438,RETRY_ALL,0,,,0,0
RECLAIM-V2-003439,RETRY_ALL,0,,,0,0
RECLAIM-V2-003440,RETRY_ALL,0,,,0,0
RECLAIM-V2-003441,RETRY_ALL,0,,,0,0
RECLAIM-V2-003442,RETRY_ALL,0,,,0,0
RECLAIM-V2-003443,RETRY_ALL,0,,,0,0
RECLAIM-V2-003444,RETRY_ALL,0,,,0,0
RECLAIM-V2-003445,RETRY_ALL,0,,,0,0
RECLAIM-V2-003446,RETRY_ALL,0,,,0,0
RECLAIM-V2-003447,RETRY_ALL,0,,,0,0
RECLAIM-V2-003448,RETRY_ALL,0,,,0,0
RECLAIM-V2-003449,RETRY_ALL,0,,,0,0
RECLAIM-V2-003450,RETRY_ALL,0,,,0,0
RECLAIM-V2-003451,RETRY_ALL,0,,,0,0
RECLAIM-V2-003452,RETRY_ALL,0,,,0,0
RECLAIM-V2-003453,RETRY_ALL,0,,,0,0
RECLAIM-V2-003454,RETRY_ALL,0,,,0,0
RECLAIM-V2-003455,RETRY_ALL,0,,,0,0
RECLAIM-V2-003456,RETRY_ALL,0,,,0,0
RECLAIM-V2-003457,RETRY_ALL,0,,,0,0
RECLAIM-V2-003458,RETRY_ALL,0,,,0,0
RECLAIM-V2-003459,RETRY_ALL,0,,,0,0
RECLAIM-V2-003460,RETRY_ALL,0,,,0,0
RECLAIM-V2-003461,RETRY_ALL,0,,,0,0
RECLAIM-V2-003462,RETRY_ALL,0,,,0,0
RECLAIM-V2-003463,RETRY_ALL,0,,,0,0
RECLAIM-V2-003464,RETRY_ALL,0,,,0,0
RECLAIM-V2-003465,RETRY_ALL,0,,,0,0
RECLAIM-V2-003466,TARGET,1,,,0,0
RECLAIM-V2-003467,RETRY_ALL,0,,,0,0
RECLAIM-V2-003468,RETRY_ALL,0,,,0,0
RECLAIM-V2-003469,RETRY_ALL,0,,,0,0
RECLAIM-V2-003470,RETRY_ALL,0,,,0,0
RECLAIM-V2-003471,RETRY_ALL,0,,,0,0
RECLAIM-V2-003472,RETRY_ALL,0,,,0,0
RECLAIM-V2-003473,RETRY_ALL,0,,,0,0
RECLAIM-V2-003474,RETRY_ALL,0,,,0,0
RECLAIM-V2-003475,RETRY_ALL,0,,,0,0
RECLAIM-V2-003476,RETRY_ALL,0,,,0,0
RECLAIM-V2-003477,RETRY_ALL,0,,,0,0
RECLAIM-V2-003478,RETRY_ALL,0,,,0,0
RECLAIM-V2-003479,RETRY_ALL,0,,,0,0
RECLAIM-V2-003480,RETRY_ALL,0,,,0,0
RECLAIM-V2-003481,RETRY_ALL,0,,,0,0
RECLAIM-V2-003482,TARGET,1,,,0,0
RECLAIM-V2-003483,RETRY_ALL,0,,,0,0
RECLAIM-V2-003484,RETRY_ALL,0,,,0,0
RECLAIM-V2-003485,RETRY_ALL,0,,,0,0
RECLAIM-V2-003486,RETRY_ALL,0,,,0,0
RECLAIM-V2-003487,RETRY_ALL,0,,,0,0
RECLAIM-V2-003488,RETRY_ALL,0,,,0,0
RECLAIM-V2-003489,RETRY_ALL,0,,,0,0
RECLAIM-V2-003490,RETRY_ALL,0,,,0,0
RECLAIM-V2-003491,RETRY_ALL,0,,,0,0
RECLAIM-V2-003492,RETRY_ALL,0,,,0,0
RECLAIM-V2-003493,RETRY_ALL,0,,,0,0
RECLAIM-V2-003494,RETRY_ALL,0,,,0,0
RECLAIM-V2-003495,RETRY_ALL,0,,,0,0
RECLAIM-V2-003496,RETRY_ALL,0,,,0,0
RECLAIM-V2-003497,RETRY_ALL,0,,,0,0
RECLAIM-V2-003498,RETRY_ALL,0,,,0,0
RECLAIM-V2-003499,RETRY_ALL,0,,,0,0
RECLAIM-V2-003500,RETRY_ALL,0,,,0,0
RECLAIM-V2-003501,RETRY_ALL,0,,,0,0
RECLAIM-V2-003502,RETRY_ALL,0,,,0,0
RECLAIM-V2-003503,RETRY_ALL,0,,,0,0
RECLAIM-V2-003504,RETRY_ALL,0,,,0,0
RECLAIM-V2-003505,RETRY_ALL,0,,,0,0
RECLAIM-V2-003506,RETRY_ALL,0,,,0,0
RECLAIM-V2-003507,RETRY_ALL,0,,,0,0
RECLAIM-V2-003508,RETRY_ALL,0,,,0,0
RECLAIM-V2-003509,RETRY_ALL,0,,,0,0
RECLAIM-V2-003510,RETRY_ALL,0,,,0,0
RECLAIM-V2-003511,RETRY_ALL,0,,,0,0
RECLAIM-V2-003512,RETRY_ALL,0,,,0,0
RECLAIM-V2-003513,RETRY_ALL,0,,,0,0
RECLAIM-V2-003514,RETRY_ALL,0,,,0,0
RECLAIM-V2-003515,RETRY_ALL,0,,,0,0
RECLAIM-V2-003516,RETRY_ALL,0,,,0,0
RECLAIM-V2-003517,RETRY_ALL,0,,,0,0
RECLAIM-V2-003518,RETRY_ALL,0,,,0,0
RECLAIM-V2-003519,RETRY_ALL,0,,,0,0
RECLAIM-V2-003520,RETRY_ALL,0,,,0,0
RECLAIM-V2-003521,RETRY_ALL,0,,,0,0
RECLAIM-V2-003522,RETRY_ALL,0,,,0,0
RECLAIM-V2-003523,RETRY_ALL,0,,,0,0
RECLAIM-V2-003524,RETRY_ALL,0,,,0,0
RECLAIM-V2-003525,RETRY_ALL,0,,,0,0
RECLAIM-V2-003526,RETRY_ALL,0,,,0,0
RECLAIM-V2-003527,RETRY_ALL,0,,,0,0
RECLAIM-V2-003528,RETRY_ALL,0,,,0,0
RECLAIM-V2-003529,RETRY_ALL,0,,,0,0
RECLAIM-V2-003530,RETRY_ALL,0,,,0,0
RECLAIM-V2-003531,RETRY_ALL,0,,,0,0
RECLAIM-V2-003532,RETRY_ALL,0,,,0,0
RECLAIM-V2-003533,RETRY_ALL,0,,,0,0
RECLAIM-V2-003534,RETRY_ALL,0,,,0,0
RECLAIM-V2-003535,RETRY_ALL,0,,,0,0
RECLAIM-V2-003536,RETRY_ALL,0,,,0,0
RECLAIM-V2-003537,RETRY_ALL,0,,,0,0
RECLAIM-V2-003538,RETRY_ALL,0,,,0,0
RECLAIM-V2-003539,RETRY_ALL,0,,,0,0
RECLAIM-V2-003540,RETRY_ALL,0,,,0,0
RECLAIM-V2-003541,RETRY_ALL,0,,,0,0
RECLAIM-V2-003542,RETRY_ALL,0,,,0,0
RECLAIM-V2-003543,RETRY_ALL,0,,,0,0
RECLAIM-V2-003544,RETRY_ALL,0,,,0,0
RECLAIM-V2-003545,RETRY_ALL,0,,,0,0
RECLAIM-V2-003546,RETRY_ALL,0,,,0,0
RECLAIM-V2-003547,RETRY_ALL,0,,,0,0
RECLAIM-V2-003548,RETRY_ALL,0,,,0,0
RECLAIM-V2-003549,RETRY_ALL,0,,,0,0
RECLAIM-V2-003550,RETRY_ALL,0,,,0,0
RECLAIM-V2-003551,RETRY_ALL,0,,,0,0
RECLAIM-V2-003552,RETRY_ALL,0,,,0,0
RECLAIM-V2-003553,RETRY_ALL,0,,,0,0
RECLAIM-V2-003554,RETRY_ALL,0,,,0,0
RECLAIM-V2-003555,RETRY_ALL,0,,,0,0
RECLAIM-V2-003556,RETRY_ALL,0,,,0,0
RECLAIM-V2-003557,RETRY_ALL,0,,,0,0
RECLAIM-V2-003558,RETRY_ALL,0,,,0,0
RECLAIM-V2-003559,RETRY_ALL,0,,,0,0
RECLAIM-V2-003560,RETRY_ALL,0,,,0,0
RECLAIM-V2-003561,RETRY_ALL,0,,,0,0
RECLAIM-V2-003562,RETRY_ALL,0,,,0,0
RECLAIM-V2-003563,RETRY_ALL,0,,,0,0
RECLAIM-V2-003564,RETRY_ALL,0,,,0,0
RECLAIM-V2-003565,RETRY_ALL,0,,,0,0
RECLAIM-V2-003566,RETRY_ALL,0,,,0,0
RECLAIM-V2-003567,TARGET,1,,,0,0
RECLAIM-V2-003568,RETRY_ALL,0,,,0,0
RECLAIM-V2-003569,RETRY_ALL,0,,,0,0
RECLAIM-V2-003570,RETRY_ALL,0,,,0,0
RECLAIM-V2-003571,RETRY_ALL,0,,,0,0
RECLAIM-V2-003572,RETRY_ALL,0,,,0,0
RECLAIM-V2-003573,RETRY_ALL,0,,,0,0
RECLAIM-V2-003574,RETRY_ALL,0,,,0,0
RECLAIM-V2-003575,RETRY_ALL,0,,,0,0
RECLAIM-V2-003576,RETRY_ALL,0,,,0,0
RECLAIM-V2-003577,TARGET,1,,,0,0
RECLAIM-V2-003578,RETRY_ALL,0,,,0,0
RECLAIM-V2-003579,RETRY_ALL,0,,,0,0
RECLAIM-V2-003580,RETRY_ALL,0,,,0,0
RECLAIM-V2-003581,RETRY_ALL,0,,,0,0
RECLAIM-V2-003582,RETRY_ALL,0,,,0,0
RECLAIM-V2-003583,RETRY_ALL,0,,,0,0
RECLAIM-V2-003584,RETRY_ALL,0,,,0,0
RECLAIM-V2-003585,RETRY_ALL,0,,,0,0
RECLAIM-V2-003586,RETRY_ALL,0,,,0,0
RECLAIM-V2-003587,RETRY_ALL,0,,,0,0
RECLAIM-V2-003588,RETRY_ALL,0,,,0,0
RECLAIM-V2-003589,RETRY_ALL,0,,,0,0
RECLAIM-V2-003590,RETRY_ALL,0,,,0,0
RECLAIM-V2-003591,RETRY_ALL,0,,,0,0
RECLAIM-V2-003592,RETRY_ALL,0,,,0,0
RECLAIM-V2-003593,RETRY_ALL,0,,,0,0
RECLAIM-V2-003594,RETRY_ALL,0,,,0,0
RECLAIM-V2-003595,RETRY_ALL,0,,,0,0
RECLAIM-V2-003596,RETRY_ALL,0,,,0,0
RECLAIM-V2-003597,RETRY_ALL,0,,,0,0
RECLAIM-V2-003598,RETRY_ALL,0,,,0,0
RECLAIM-V2-003599,RETRY_ALL,0,,,0,0
RECLAIM-V2-003600,RETRY_ALL,0,,,0,0
RECLAIM-V2-003601,RETRY_ALL,0,,,0,0
RECLAIM-V2-003602,RETRY_ALL,0,,,0,0
RECLAIM-V2-003603,RETRY_ALL,0,,,0,0
RECLAIM-V2-003604,RETRY_ALL,0,,,0,0
RECLAIM-V2-003605,RETRY_ALL,0,,,0,0
RECLAIM-V2-003606,RETRY_ALL,0,,,0,0
RECLAIM-V2-003607,RETRY_ALL,0,,,0,0
RECLAIM-V2-003608,RETRY_ALL,0,,,0,0
RECLAIM-V2-003609,RETRY_ALL,0,,,0,0
RECLAIM-V2-003610,RETRY_ALL,0,,,0,0
RECLAIM-V2-003611,RETRY_ALL,0,,,0,0
RECLAIM-V2-003612,RETRY_ALL,0,,,0,0
RECLAIM-V2-003613,RETRY_ALL,0,,,0,0
RECLAIM-V2-003614,RETRY_ALL,0,,,0,0
RECLAIM-V2-003615,RETRY_ALL,0,,,0,0
RECLAIM-V2-003616,RETRY_ALL,0,,,0,0
RECLAIM-V2-003617,RETRY_ALL,0,,,0,0
RECLAIM-V2-003618,RETRY_ALL,0,,,0,0
RECLAIM-V2-003619,RETRY_ALL,0,,,0,0
RECLAIM-V2-003620,RETRY_ALL,0,,,0,0
RECLAIM-V2-003621,RETRY_ALL,0,,,0,0
RECLAIM-V2-003622,RETRY_ALL,0,,,0,0
RECLAIM-V2-003623,RETRY_ALL,0,,,0,0
RECLAIM-V2-003624,RETRY_ALL,0,,,0,0
RECLAIM-V2-003625,RETRY_ALL,0,,,0,0
RECLAIM-V2-003626,RETRY_ALL,0,,,0,0
RECLAIM-V2-003627,RETRY_ALL,0,,,0,0
RECLAIM-V2-003628,RETRY_ALL,0,,,0,0
RECLAIM-V2-003629,RETRY_ALL,0,,,0,0
RECLAIM-V2-003630,TARGET,1,,,0,0
RECLAIM-V2-003631,RETRY_ALL,0,,,0,0
RECLAIM-V2-003632,TARGET,1,,,0,0
RECLAIM-V2-003633,RETRY_ALL,0,,,0,0
RECLAIM-V2-003634,RETRY_ALL,0,,,0,0
RECLAIM-V2-003635,RETRY_ALL,0,,,0,0
RECLAIM-V2-003636,TARGET,1,,,0,0
RECLAIM-V2-003637,RETRY_ALL,0,,,0,0
RECLAIM-V2-003638,TARGET,1,,,0,0
RECLAIM-V2-003639,TARGET,1,,,0,0
RECLAIM-V2-003640,RETRY_ALL,0,,,0,0
RECLAIM-V2-003641,RETRY_ALL,0,,,0,0
RECLAIM-V2-003642,RETRY_ALL,0,,,0,0
RECLAIM-V2-003643,RETRY_ALL,0,,,0,0
RECLAIM-V2-003644,RETRY_ALL,0,,,0,0
RECLAIM-V2-003645,RETRY_ALL,0,,,0,0
RECLAIM-V2-003646,RETRY_ALL,0,,,0,0
RECLAIM-V2-003647,RETRY_ALL,0,,,0,0
RECLAIM-V2-003648,RETRY_ALL,0,,,0,0
RECLAIM-V2-003649,RETRY_ALL,0,,,0,0
RECLAIM-V2-003650,RETRY_ALL,0,,,0,0
RECLAIM-V2-003651,RETRY_ALL,0,,,0,0
RECLAIM-V2-003652,RETRY_ALL,0,,,0,0
RECLAIM-V2-003653,RETRY_ALL,0,,,0,0
RECLAIM-V2-003654,TARGET,1,,,0,0
RECLAIM-V2-003655,RETRY_ALL,0,,,0,0
RECLAIM-V2-003656,RETRY_ALL,0,,,0,0
RECLAIM-V2-003657,RETRY_ALL,0,,,0,0
RECLAIM-V2-003658,RETRY_ALL,0,,,0,0
RECLAIM-V2-003659,RETRY_ALL,0,,,0,0
RECLAIM-V2-003660,RETRY_ALL,0,,,0,0
RECLAIM-V2-003661,RETRY_ALL,0,,,0,0
RECLAIM-V2-003662,RETRY_ALL,0,,,0,0
RECLAIM-V2-003663,RETRY_ALL,0,,,0,0
RECLAIM-V2-003664,RETRY_ALL,0,,,0,0
RECLAIM-V2-003665,TARGET,1,,,0,0
RECLAIM-V2-003666,RETRY_ALL,0,,,0,0
RECLAIM-V2-003667,RETRY_ALL,0,,,0,0
RECLAIM-V2-003668,RETRY_ALL,0,,,0,0
RECLAIM-V2-003669,RETRY_ALL,0,,,0,0
RECLAIM-V2-003670,RETRY_ALL,0,,,0,0
RECLAIM-V2-003671,RETRY_ALL,0,,,0,0
RECLAIM-V2-003672,RETRY_ALL,0,,,0,0
RECLAIM-V2-003673,RETRY_ALL,0,,,0,0
RECLAIM-V2-003674,RETRY_ALL,0,,,0,0
RECLAIM-V2-003675,RETRY_ALL,0,,,0,0
RECLAIM-V2-003676,RETRY_ALL,0,,,0,0
RECLAIM-V2-003677,RETRY_ALL,0,,,0,0
RECLAIM-V2-003678,RETRY_ALL,0,,,0,0
RECLAIM-V2-003679,RETRY_ALL,0,,,0,0
RECLAIM-V2-003680,RETRY_ALL,0,,,0,0
RECLAIM-V2-003681,RETRY_ALL,0,,,0,0
RECLAIM-V2-003682,RETRY_ALL,0,,,0,0
RECLAIM-V2-003683,RETRY_ALL,0,,,0,0
RECLAIM-V2-003684,RETRY_ALL,0,,,0,0
RECLAIM-V2-003685,RETRY_ALL,0,,,0,0
RECLAIM-V2-003686,RETRY_ALL,0,,,0,0
RECLAIM-V2-003687,RETRY_ALL,0,,,0,0
RECLAIM-V2-003688,TARGET,1,,,0,0
RECLAIM-V2-003689,RETRY_ALL,0,,,0,0
RECLAIM-V2-003690,RETRY_ALL,0,,,0,0
RECLAIM-V2-003691,RETRY_ALL,0,,,0,0
RECLAIM-V2-003692,RETRY_ALL,0,,,0,0
RECLAIM-V2-003693,RETRY_ALL,0,,,0,0
RECLAIM-V2-003694,RETRY_ALL,0,,,0,0
RECLAIM-V2-003695,RETRY_ALL,0,,,0,0
RECLAIM-V2-003696,RETRY_ALL,0,,,0,0
RECLAIM-V2-003697,RETRY_ALL,0,,,0,0
RECLAIM-V2-003698,RETRY_ALL,0,,,0,0
RECLAIM-V2-003699,RETRY_ALL,0,,,0,0
RECLAIM-V2-003700,RETRY_ALL,0,,,0,0
RECLAIM-V2-003701,RETRY_ALL,0,,,0,0
RECLAIM-V2-003702,RETRY_ALL,0,,,0,0
RECLAIM-V2-003703,RETRY_ALL,0,,,0,0
RECLAIM-V2-003704,RETRY_ALL,0,,,0,0
RECLAIM-V2-003705,RETRY_ALL,0,,,0,0
RECLAIM-V2-003706,RETRY_ALL,0,,,0,0
RECLAIM-V2-003707,RETRY_ALL,0,,,0,0
RECLAIM-V2-003708,RETRY_ALL,0,,,0,0
RECLAIM-V2-003709,RETRY_ALL,0,,,0,0
RECLAIM-V2-003710,RETRY_ALL,0,,,0,0
RECLAIM-V2-003711,RETRY_ALL,0,,,0,0
RECLAIM-V2-003712,RETRY_ALL,0,,,0,0
RECLAIM-V2-003713,RETRY_ALL,0,,,0,0
RECLAIM-V2-003714,RETRY_ALL,0,,,0,0
RECLAIM-V2-003715,RETRY_ALL,0,,,0,0
RECLAIM-V2-003716,RETRY_ALL,0,,,0,0
RECLAIM-V2-003717,RETRY_ALL,0,,,0,0
RECLAIM-V2-003718,RETRY_ALL,0,,,0,0
RECLAIM-V2-003719,TARGET,1,,,0,0
RECLAIM-V2-003720,RETRY_ALL,0,,,0,0
RECLAIM-V2-003721,RETRY_ALL,0,,,0,0
RECLAIM-V2-003722,RETRY_ALL,0,,,0,0
RECLAIM-V2-003723,RETRY_ALL,0,,,0,0
RECLAIM-V2-003724,RETRY_ALL,0,,,0,0
RECLAIM-V2-003725,RETRY_ALL,0,,,0,0
RECLAIM-V2-003726,RETRY_ALL,0,,,0,0
RECLAIM-V2-003727,RETRY_ALL,0,,,0,0
RECLAIM-V2-003728,RETRY_ALL,0,,,0,0
RECLAIM-V2-003729,RETRY_ALL,0,,,0,0
RECLAIM-V2-003730,RETRY_ALL,0,,,0,0
RECLAIM-V2-003731,RETRY_ALL,0,,,0,0
RECLAIM-V2-003732,RETRY_ALL,0,,,0,0
RECLAIM-V2-003733,RETRY_ALL,0,,,0,0
RECLAIM-V2-003734,TARGET,1,,,0,0
RECLAIM-V2-003735,TARGET,1,,,0,0
RECLAIM-V2-003736,RETRY_ALL,0,,,0,0
RECLAIM-V2-003737,RETRY_ALL,0,,,0,0
RECLAIM-V2-003738,RETRY_ALL,0,,,0,0
RECLAIM-V2-003739,RETRY_ALL,0,,,0,0
RECLAIM-V2-003740,RETRY_ALL,0,,,0,0
RECLAIM-V2-003741,RETRY_ALL,0,,,0,0
RECLAIM-V2-003742,RETRY_ALL,0,,,0,0
RECLAIM-V2-003743,RETRY_ALL,0,,,0,0
RECLAIM-V2-003744,RETRY_ALL,0,,,0,0
RECLAIM-V2-003745,RETRY_ALL,0,,,0,0
RECLAIM-V2-003746,RETRY_ALL,0,,,0,0
RECLAIM-V2-003747,RETRY_ALL,0,,,0,0
RECLAIM-V2-003748,TARGET,1,,,0,0
RECLAIM-V2-003749,RETRY_ALL,0,,,0,0
RECLAIM-V2-003750,RETRY_ALL,0,,,0,0
RECLAIM-V2-003751,RETRY_ALL,0,,,0,0
RECLAIM-V2-003752,RETRY_ALL,0,,,0,0
RECLAIM-V2-003753,RETRY_ALL,0,,,0,0
RECLAIM-V2-003754,RETRY_ALL,0,,,0,0
RECLAIM-V2-003755,RETRY_ALL,0,,,0,0
RECLAIM-V2-003756,RETRY_ALL,0,,,0,0
RECLAIM-V2-003757,RETRY_ALL,0,,,0,0
RECLAIM-V2-003758,RETRY_ALL,0,,,0,0
RECLAIM-V2-003759,TARGET,1,,,0,0
RECLAIM-V2-003760,RETRY_ALL,0,,,0,0
RECLAIM-V2-003761,RETRY_ALL,0,,,0,0
RECLAIM-V2-003762,TARGET,1,,,0,0
RECLAIM-V2-003763,RETRY_ALL,0,,,0,0
RECLAIM-V2-003764,RETRY_ALL,0,,,0,0
RECLAIM-V2-003765,RETRY_ALL,0,,,0,0
RECLAIM-V2-003766,RETRY_ALL,0,,,0,0
RECLAIM-V2-003767,RETRY_ALL,0,,,0,0
RECLAIM-V2-003768,RETRY_ALL,0,,,0,0
RECLAIM-V2-003769,RETRY_ALL,0,,,0,0
RECLAIM-V2-003770,RETRY_ALL,0,,,0,0
RECLAIM-V2-003771,RETRY_ALL,0,,,0,0
RECLAIM-V2-003772,RETRY_ALL,0,,,0,0
RECLAIM-V2-003773,RETRY_ALL,0,,,0,0
RECLAIM-V2-003774,RETRY_ALL,0,,,0,0
RECLAIM-V2-003775,RETRY_ALL,0,,,0,0
RECLAIM-V2-003776,RETRY_ALL,0,,,0,0
RECLAIM-V2-003777,RETRY_ALL,0,,,0,0
RECLAIM-V2-003778,RETRY_ALL,0,,,0,0
RECLAIM-V2-003779,RETRY_ALL,0,,,0,0
RECLAIM-V2-003780,RETRY_ALL,0,,,0,0
RECLAIM-V2-003781,RETRY_ALL,0,,,0,0
RECLAIM-V2-003782,RETRY_ALL,0,,,0,0
RECLAIM-V2-003783,RETRY_ALL,0,,,0,0
RECLAIM-V2-003784,RETRY_ALL,0,,,0,0
RECLAIM-V2-003785,RETRY_ALL,0,,,0,0
RECLAIM-V2-003786,RETRY_ALL,0,,,0,0
RECLAIM-V2-003787,RETRY_ALL,0,,,0,0
RECLAIM-V2-003788,RETRY_ALL,0,,,0,0
RECLAIM-V2-003789,RETRY_ALL,0,,,0,0
RECLAIM-V2-003790,RETRY_ALL,0,,,0,0
RECLAIM-V2-003791,RETRY_ALL,0,,,0,0
RECLAIM-V2-003792,RETRY_ALL,0,,,0,0
RECLAIM-V2-003793,RETRY_ALL,0,,,0,0
RECLAIM-V2-003794,RETRY_ALL,0,,,0,0
RECLAIM-V2-003795,RETRY_ALL,0,,,0,0
RECLAIM-V2-003796,RETRY_ALL,0,,,0,0
RECLAIM-V2-003797,RETRY_ALL,0,,,0,0
RECLAIM-V2-003798,RETRY_ALL,0,,,0,0
RECLAIM-V2-003799,RETRY_ALL,0,,,0,0
RECLAIM-V2-003800,RETRY_ALL,0,,,0,0
RECLAIM-V2-003801,RETRY_ALL,0,,,0,0
RECLAIM-V2-003802,RETRY_ALL,0,,,0,0
RECLAIM-V2-003803,RETRY_ALL,0,,,0,0
RECLAIM-V2-003804,RETRY_ALL,0,,,0,0
RECLAIM-V2-003805,RETRY_ALL,0,,,0,0
RECLAIM-V2-003806,RETRY_ALL,0,,,0,0
RECLAIM-V2-003807,RETRY_ALL,0,,,0,0
RECLAIM-V2-003808,RETRY_ALL,0,,,0,0
RECLAIM-V2-003809,RETRY_ALL,0,,,0,0
RECLAIM-V2-003810,RETRY_ALL,0,,,0,0
RECLAIM-V2-003811,RETRY_ALL,0,,,0,0
RECLAIM-V2-003812,RETRY_ALL,0,,,0,0
RECLAIM-V2-003813,RETRY_ALL,0,,,0,0
RECLAIM-V2-003814,RETRY_ALL,0,,,0,0
RECLAIM-V2-003815,RETRY_ALL,0,,,0,0
RECLAIM-V2-003816,RETRY_ALL,0,,,0,0
RECLAIM-V2-003817,RETRY_ALL,0,,,0,0
RECLAIM-V2-003818,RETRY_ALL,0,,,0,0
RECLAIM-V2-003819,RETRY_ALL,0,,,0,0
RECLAIM-V2-003820,RETRY_ALL,0,,,0,0
RECLAIM-V2-003821,RETRY_ALL,0,,,0,0
RECLAIM-V2-003822,RETRY_ALL,0,,,0,0
RECLAIM-V2-003823,RETRY_ALL,0,,,0,0
RECLAIM-V2-003824,RETRY_ALL,0,,,0,0
RECLAIM-V2-003825,RETRY_ALL,0,,,0,0
RECLAIM-V2-003826,RETRY_ALL,0,,,0,0
RECLAIM-V2-003827,RETRY_ALL,0,,,0,0
RECLAIM-V2-003828,RETRY_ALL,0,,,0,0
RECLAIM-V2-003829,RETRY_ALL,0,,,0,0
RECLAIM-V2-003830,RETRY_ALL,0,,,0,0
RECLAIM-V2-003831,RETRY_ALL,0,,,0,0
RECLAIM-V2-003832,RETRY_ALL,0,,,0,0
RECLAIM-V2-003833,RETRY_ALL,0,,,0,0
RECLAIM-V2-003834,RETRY_ALL,0,,,0,0
RECLAIM-V2-003835,RETRY_ALL,0,,,0,0
RECLAIM-V2-003836,RETRY_ALL,0,,,0,0
RECLAIM-V2-003837,RETRY_ALL,0,,,0,0
RECLAIM-V2-003838,RETRY_ALL,0,,,0,0
RECLAIM-V2-003839,RETRY_ALL,0,,,0,0
RECLAIM-V2-003840,TARGET,1,,,0,0
RECLAIM-V2-003841,RETRY_ALL,0,,,0,0
RECLAIM-V2-003842,RETRY_ALL,0,,,0,0
RECLAIM-V2-003843,TARGET,1,,,0,0
RECLAIM-V2-003844,TARGET,1,,,0,0
RECLAIM-V2-003845,RETRY_ALL,0,,,0,0
RECLAIM-V2-003846,RETRY_ALL,0,,,0,0
RECLAIM-V2-003847,RETRY_ALL,0,,,0,0
RECLAIM-V2-003848,RETRY_ALL,0,,,0,0
RECLAIM-V2-003849,RETRY_ALL,0,,,0,0
RECLAIM-V2-003850,RETRY_ALL,0,,,0,0
RECLAIM-V2-003851,RETRY_ALL,0,,,0,0
RECLAIM-V2-003852,RETRY_ALL,0,,,0,0
RECLAIM-V2-003853,RETRY_ALL,0,,,0,0
RECLAIM-V2-003854,RETRY_ALL,0,,,0,0
RECLAIM-V2-003855,RETRY_ALL,0,,,0,0
RECLAIM-V2-003856,RETRY_ALL,0,,,0,0
RECLAIM-V2-003857,RETRY_ALL,0,,,0,0
RECLAIM-V2-003858,RETRY_ALL,0,,,0,0
RECLAIM-V2-003859,TARGET,1,,,0,0
RECLAIM-V2-003860,RETRY_ALL,0,,,0,0
RECLAIM-V2-003861,RETRY_ALL,0,,,0,0
RECLAIM-V2-003862,RETRY_ALL,0,,,0,0
RECLAIM-V2-003863,RETRY_ALL,0,,,0,0
RECLAIM-V2-003864,RETRY_ALL,0,,,0,0
RECLAIM-V2-003865,RETRY_ALL,0,,,0,0
RECLAIM-V2-003866,RETRY_ALL,0,,,0,0
RECLAIM-V2-003867,RETRY_ALL,0,,,0,0
RECLAIM-V2-003868,RETRY_ALL,0,,,0,0
RECLAIM-V2-003869,RETRY_ALL,0,,,0,0
RECLAIM-V2-003870,RETRY_ALL,0,,,0,0
RECLAIM-V2-003871,RETRY_ALL,0,,,0,0
RECLAIM-V2-003872,RETRY_ALL,0,,,0,0
RECLAIM-V2-003873,RETRY_ALL,0,,,0,0
RECLAIM-V2-003874,RETRY_ALL,0,,,0,0
RECLAIM-V2-003875,RETRY_ALL,0,,,0,0
RECLAIM-V2-003876,RETRY_ALL,0,,,0,0
RECLAIM-V2-003877,RETRY_ALL,0,,,0,0
RECLAIM-V2-003878,RETRY_ALL,0,,,0,0
RECLAIM-V2-003879,RETRY_ALL,0,,,0,0
RECLAIM-V2-003880,RETRY_ALL,0,,,0,0
RECLAIM-V2-003881,RETRY_ALL,0,,,0,0
RECLAIM-V2-003882,RETRY_ALL,0,,,0,0
RECLAIM-V2-003883,RETRY_ALL,0,,,0,0
RECLAIM-V2-003884,RETRY_ALL,0,,,0,0
RECLAIM-V2-003885,RETRY_ALL,0,,,0,0
RECLAIM-V2-003886,RETRY_ALL,0,,,0,0
RECLAIM-V2-003887,RETRY_ALL,0,,,0,0
RECLAIM-V2-003888,RETRY_ALL,0,,,0,0
RECLAIM-V2-003889,TARGET,1,,,0,0
RECLAIM-V2-003890,RETRY_ALL,0,,,0,0
RECLAIM-V2-003891,RETRY_ALL,0,,,0,0
RECLAIM-V2-003892,RETRY_ALL,0,,,0,0
RECLAIM-V2-003893,RETRY_ALL,0,,,0,0
RECLAIM-V2-003894,RETRY_ALL,0,,,0,0
RECLAIM-V2-003895,RETRY_ALL,0,,,0,0
RECLAIM-V2-003896,RETRY_ALL,0,,,0,0
RECLAIM-V2-003897,TARGET,1,,,0,0
RECLAIM-V2-003898,RETRY_ALL,0,,,0,0
RECLAIM-V2-003899,RETRY_ALL,0,,,0,0
RECLAIM-V2-003900,RETRY_ALL,0,,,0,0
RECLAIM-V2-003901,RETRY_ALL,0,,,0,0
RECLAIM-V2-003902,TARGET,1,,,0,0
RECLAIM-V2-003903,RETRY_ALL,0,,,0,0
RECLAIM-V2-003904,RETRY_ALL,0,,,0,0
RECLAIM-V2-003905,RETRY_ALL,0,,,0,0
RECLAIM-V2-003906,RETRY_ALL,0,,,0,0
RECLAIM-V2-003907,RETRY_ALL,0,,,0,0
RECLAIM-V2-003908,RETRY_ALL,0,,,0,0
RECLAIM-V2-003909,RETRY_ALL,0,,,0,0
RECLAIM-V2-003910,RETRY_ALL,0,,,0,0
RECLAIM-V2-003911,RETRY_ALL,0,,,0,0
RECLAIM-V2-003912,RETRY_ALL,0,,,0,0
RECLAIM-V2-003913,RETRY_ALL,0,,,0,0
RECLAIM-V2-003914,RETRY_ALL,0,,,0,0
RECLAIM-V2-003915,RETRY_ALL,0,,,0,0
RECLAIM-V2-003916,RETRY_ALL,0,,,0,0
RECLAIM-V2-003917,RETRY_ALL,0,,,0,0
RECLAIM-V2-003918,RETRY_ALL,0,,,0,0
RECLAIM-V2-003919,RETRY_ALL,0,,,0,0
RECLAIM-V2-003920,RETRY_ALL,0,,,0,0
RECLAIM-V2-003921,RETRY_ALL,0,,,0,0
RECLAIM-V2-003922,RETRY_ALL,0,,,0,0
RECLAIM-V2-003923,RETRY_ALL,0,,,0,0
RECLAIM-V2-003924,RETRY_ALL,0,,,0,0
RECLAIM-V2-003925,RETRY_ALL,0,,,0,0
RECLAIM-V2-003926,RETRY_ALL,0,,,0,0
RECLAIM-V2-003927,RETRY_ALL,0,,,0,0
RECLAIM-V2-003928,RETRY_ALL,0,,,0,0
RECLAIM-V2-003929,RETRY_ALL,0,,,0,0
RECLAIM-V2-003930,RETRY_ALL,0,,,0,0
RECLAIM-V2-003931,RETRY_ALL,0,,,0,0
RECLAIM-V2-003932,RETRY_ALL,0,,,0,0
RECLAIM-V2-003933,RETRY_ALL,0,,,0,0
RECLAIM-V2-003934,RETRY_ALL,0,,,0,0
RECLAIM-V2-003935,RETRY_ALL,0,,,0,0
RECLAIM-V2-003936,RETRY_ALL,0,,,0,0
RECLAIM-V2-003937,RETRY_ALL,0,,,0,0
RECLAIM-V2-003938,RETRY_ALL,0,,,0,0
RECLAIM-V2-003939,RETRY_ALL,0,,,0,0
RECLAIM-V2-003940,RETRY_ALL,0,,,0,0
RECLAIM-V2-003941,RETRY_ALL,0,,,0,0
RECLAIM-V2-003942,RETRY_ALL,0,,,0,0
RECLAIM-V2-003943,RETRY_ALL,0,,,0,0
RECLAIM-V2-003944,RETRY_ALL,0,,,0,0
RECLAIM-V2-003945,RETRY_ALL,0,,,0,0
RECLAIM-V2-003946,RETRY_ALL,0,,,0,0
RECLAIM-V2-003947,RETRY_ALL,0,,,0,0
RECLAIM-V2-003948,RETRY_ALL,0,,,0,0
RECLAIM-V2-003949,RETRY_ALL,0,,,0,0
RECLAIM-V2-003950,RETRY_ALL,0,,,0,0
RECLAIM-V2-003951,RETRY_ALL,0,,,0,0
RECLAIM-V2-003952,RETRY_ALL,0,,,0,0
RECLAIM-V2-003953,RETRY_ALL,0,,,0,0
RECLAIM-V2-003954,RETRY_ALL,0,,,0,0
RECLAIM-V2-003955,RETRY_ALL,0,,,0,0
RECLAIM-V2-003956,RETRY_ALL,0,,,0,0
RECLAIM-V2-003957,RETRY_ALL,0,,,0,0
RECLAIM-V2-003958,RETRY_ALL,0,,,0,0
RECLAIM-V2-003959,RETRY_ALL,0,,,0,0
RECLAIM-V2-003960,RETRY_ALL,0,,,0,0
RECLAIM-V2-003961,RETRY_ALL,0,,,0,0
RECLAIM-V2-003962,RETRY_ALL,0,,,0,0
RECLAIM-V2-003963,RETRY_ALL,0,,,0,0
RECLAIM-V2-003964,RETRY_ALL,0,,,0,0
RECLAIM-V2-003965,RETRY_ALL,0,,,0,0
RECLAIM-V2-003966,RETRY_ALL,0,,,0,0
RECLAIM-V2-003967,RETRY_ALL,0,,,0,0
RECLAIM-V2-003968,RETRY_ALL,0,,,0,0
RECLAIM-V2-003969,RETRY_ALL,0,,,0,0
RECLAIM-V2-003970,RETRY_ALL,0,,,0,0
RECLAIM-V2-003971,RETRY_ALL,0,,,0,0
RECLAIM-V2-003972,RETRY_ALL,0,,,0,0
RECLAIM-V2-003973,RETRY_ALL,0,,,0,0
RECLAIM-V2-003974,RETRY_ALL,0,,,0,0
RECLAIM-V2-003975,RETRY_ALL,0,,,0,0
RECLAIM-V2-003976,RETRY_ALL,0,,,0,0
RECLAIM-V2-003977,RETRY_ALL,0,,,0,0
RECLAIM-V2-003978,RETRY_ALL,0,,,0,0
RECLAIM-V2-003979,RETRY_ALL,0,,,0,0
RECLAIM-V2-003980,RETRY_ALL,0,,,0,0
RECLAIM-V2-003981,RETRY_ALL,0,,,0,0
RECLAIM-V2-003982,RETRY_ALL,0,,,0,0
RECLAIM-V2-003983,RETRY_ALL,0,,,0,0
RECLAIM-V2-003984,RETRY_ALL,0,,,0,0
RECLAIM-V2-003985,RETRY_ALL,0,,,0,0
RECLAIM-V2-003986,RETRY_ALL,0,,,0,0
RECLAIM-V2-003987,RETRY_ALL,0,,,0,0
RECLAIM-V2-003988,RETRY_ALL,0,,,0,0
RECLAIM-V2-003989,RETRY_ALL,0,,,0,0
RECLAIM-V2-003990,RETRY_ALL,0,,,0,0
RECLAIM-V2-003991,RETRY_ALL,0,,,0,0
RECLAIM-V2-003992,RETRY_ALL,0,,,0,0
RECLAIM-V2-003993,RETRY_ALL,0,,,0,0
RECLAIM-V2-003994,RETRY_ALL,0,,,0,0
RECLAIM-V2-003995,RETRY_ALL,0,,,0,0
RECLAIM-V2-003996,TARGET,1,,,0,0
RECLAIM-V2-003997,RETRY_ALL,0,,,0,0
RECLAIM-V2-003998,RETRY_ALL,0,,,0,0
RECLAIM-V2-003999,TARGET,1,,,0,0
RECLAIM-V2-004000,TARGET,1,,,0,0
RECLAIM-V2-004001,RETRY_ALL,0,,,0,0
RECLAIM-V2-004002,RETRY_ALL,0,,,0,0
RECLAIM-V2-004003,RETRY_ALL,0,,,0,0
RECLAIM-V2-004004,RETRY_ALL,0,,,0,0
RECLAIM-V2-004005,RETRY_ALL,0,,,0,0
RECLAIM-V2-004006,RETRY_ALL,0,,,0,0
RECLAIM-V2-004007,RETRY_ALL,0,,,0,0
RECLAIM-V2-004008,RETRY_ALL,0,,,0,0
RECLAIM-V2-004009,RETRY_ALL,0,,,0,0
RECLAIM-V2-004010,TARGET,1,,,0,0
RECLAIM-V2-004011,RETRY_ALL,0,,,0,0
RECLAIM-V2-004012,TARGET,1,,,0,0
RECLAIM-V2-004013,RETRY_ALL,0,,,0,0
RECLAIM-V2-004014,TARGET,1,,,0,0
RECLAIM-V2-004015,TARGET,1,,,0,0
RECLAIM-V2-004016,RETRY_ALL,0,,,0,0
RECLAIM-V2-004017,RETRY_ALL,0,,,0,0
RECLAIM-V2-004018,RETRY_ALL,0,,,0,0
RECLAIM-V2-004019,RETRY_ALL,0,,,0,0
RECLAIM-V2-004020,TARGET,1,,,0,0
RECLAIM-V2-004021,RETRY_ALL,0,,,0,0
RECLAIM-V2-004022,RETRY_ALL,0,,,0,0
RECLAIM-V2-004023,RETRY_ALL,0,,,0,0
RECLAIM-V2-004024,RETRY_ALL,0,,,0,0
RECLAIM-V2-004025,RETRY_ALL,0,,,0,0
RECLAIM-V2-004026,RETRY_ALL,0,,,0,0
RECLAIM-V2-004027,RETRY_ALL,0,,,0,0
RECLAIM-V2-004028,RETRY_ALL,0,,,0,0
RECLAIM-V2-004029,RETRY_ALL,0,,,0,0
RECLAIM-V2-004030,RETRY_ALL,0,,,0,0
RECLAIM-V2-004031,RETRY_ALL,0,,,0,0
RECLAIM-V2-004032,RETRY_ALL,0,,,0,0
RECLAIM-V2-004033,RETRY_ALL,0,,,0,0
RECLAIM-V2-004034,RETRY_ALL,0,,,0,0
RECLAIM-V2-004035,RETRY_ALL,0,,,0,0
RECLAIM-V2-004036,RETRY_ALL,0,,,0,0
RECLAIM-V2-004037,RETRY_ALL,0,,,0,0
RECLAIM-V2-004038,RETRY_ALL,0,,,0,0
RECLAIM-V2-004039,RETRY_ALL,0,,,0,0
RECLAIM-V2-004040,RETRY_ALL,0,,,0,0
RECLAIM-V2-004041,RETRY_ALL,0,,,0,0
RECLAIM-V2-004042,RETRY_ALL,0,,,0,0
RECLAIM-V2-004043,RETRY_ALL,0,,,0,0
RECLAIM-V2-004044,RETRY_ALL,0,,,0,0
RECLAIM-V2-004045,RETRY_ALL,0,,,0,0
RECLAIM-V2-004046,RETRY_ALL,0,,,0,0
RECLAIM-V2-004047,RETRY_ALL,0,,,0,0
RECLAIM-V2-004048,RETRY_ALL,0,,,0,0
RECLAIM-V2-004049,RETRY_ALL,0,,,0,0
RECLAIM-V2-004050,RETRY_ALL,0,,,0,0
RECLAIM-V2-004051,RETRY_ALL,0,,,0,0
RECLAIM-V2-004052,RETRY_ALL,0,,,0,0
RECLAIM-V2-004053,RETRY_ALL,0,,,0,0
RECLAIM-V2-004054,RETRY_ALL,0,,,0,0
RECLAIM-V2-004055,RETRY_ALL,0,,,0,0
RECLAIM-V2-004056,RETRY_ALL,0,,,0,0
RECLAIM-V2-004057,TARGET,1,,,0,0
RECLAIM-V2-004058,RETRY_ALL,0,,,0,0
RECLAIM-V2-004059,RETRY_ALL,0,,,0,0
RECLAIM-V2-004060,RETRY_ALL,0,,,0,0
RECLAIM-V2-004061,RETRY_ALL,0,,,0,0
RECLAIM-V2-004062,RETRY_ALL,0,,,0,0
RECLAIM-V2-004063,RETRY_ALL,0,,,0,0
RECLAIM-V2-004064,RETRY_ALL,0,,,0,0
RECLAIM-V2-004065,RETRY_ALL,0,,,0,0
RECLAIM-V2-004066,RETRY_ALL,0,,,0,0
RECLAIM-V2-004067,RETRY_ALL,0,,,0,0
RECLAIM-V2-004068,RETRY_ALL,0,,,0,0
RECLAIM-V2-004069,RETRY_ALL,0,,,0,0
RECLAIM-V2-004070,RETRY_ALL,0,,,0,0
RECLAIM-V2-004071,TARGET,1,,,0,0
RECLAIM-V2-004072,RETRY_ALL,0,,,0,0
RECLAIM-V2-004073,RETRY_ALL,0,,,0,0
RECLAIM-V2-004074,RETRY_ALL,0,,,0,0
RECLAIM-V2-004075,RETRY_ALL,0,,,0,0
RECLAIM-V2-004076,RETRY_ALL,0,,,0,0
RECLAIM-V2-004077,RETRY_ALL,0,,,0,0
RECLAIM-V2-004078,RETRY_ALL,0,,,0,0
RECLAIM-V2-004079,RETRY_ALL,0,,,0,0
RECLAIM-V2-004080,RETRY_ALL,0,,,0,0
RECLAIM-V2-004081,RETRY_ALL,0,,,0,0
RECLAIM-V2-004082,RETRY_ALL,0,,,0,0
RECLAIM-V2-004083,RETRY_ALL,0,,,0,0
RECLAIM-V2-004084,RETRY_ALL,0,,,0,0
RECLAIM-V2-004085,RETRY_ALL,0,,,0,0
RECLAIM-V2-004086,RETRY_ALL,0,,,0,0
RECLAIM-V2-004087,RETRY_ALL,0,,,0,0
RECLAIM-V2-004088,RETRY_ALL,0,,,0,0
RECLAIM-V2-004089,RETRY_ALL,0,,,0,0
RECLAIM-V2-004090,RETRY_ALL,0,,,0,0
RECLAIM-V2-004091,RETRY_ALL,0,,,0,0
RECLAIM-V2-004092,RETRY_ALL,0,,,0,0
RECLAIM-V2-004093,RETRY_ALL,0,,,0,0
RECLAIM-V2-004094,RETRY_ALL,0,,,0,0
RECLAIM-V2-004095,RETRY_ALL,0,,,0,0
RECLAIM-V2-004096,RETRY_ALL,0,,,0,0
RECLAIM-V2-004097,RETRY_ALL,0,,,0,0
RECLAIM-V2-004098,RETRY_ALL,0,,,0,0
RECLAIM-V2-004099,RETRY_ALL,0,,,0,0
RECLAIM-V2-004100,RETRY_ALL,0,,,0,0
RECLAIM-V2-004101,RETRY_ALL,0,,,0,0
RECLAIM-V2-004102,RETRY_ALL,0,,,0,0
RECLAIM-V2-004103,RETRY_ALL,0,,,0,0
RECLAIM-V2-004104,RETRY_ALL,0,,,0,0
RECLAIM-V2-004105,RETRY_ALL,0,,,0,0
RECLAIM-V2-004106,RETRY_ALL,0,,,0,0
RECLAIM-V2-004107,RETRY_ALL,0,,,0,0
RECLAIM-V2-004108,RETRY_ALL,0,,,0,0
RECLAIM-V2-004109,RETRY_ALL,0,,,0,0
RECLAIM-V2-004110,RETRY_ALL,0,,,0,0
RECLAIM-V2-004111,RETRY_ALL,0,,,0,0
RECLAIM-V2-004112,RETRY_ALL,0,,,0,0
RECLAIM-V2-004113,RETRY_ALL,0,,,0,0
RECLAIM-V2-004114,RETRY_ALL,0,,,0,0
RECLAIM-V2-004115,RETRY_ALL,0,,,0,0
RECLAIM-V2-004116,RETRY_ALL,0,,,0,0
RECLAIM-V2-004117,RETRY_ALL,0,,,0,0
RECLAIM-V2-004118,RETRY_ALL,0,,,0,0
RECLAIM-V2-004119,RETRY_ALL,0,,,0,0
RECLAIM-V2-004120,RETRY_ALL,0,,,0,0
RECLAIM-V2-004121,RETRY_ALL,0,,,0,0
RECLAIM-V2-004122,RETRY_ALL,0,,,0,0
RECLAIM-V2-004123,RETRY_ALL,0,,,0,0
RECLAIM-V2-004124,RETRY_ALL,0,,,0,0
RECLAIM-V2-004125,RETRY_ALL,0,,,0,0
RECLAIM-V2-004126,TARGET,1,,,0,0
RECLAIM-V2-004127,RETRY_ALL,0,,,0,0
RECLAIM-V2-004128,RETRY_ALL,0,,,0,0
RECLAIM-V2-004129,RETRY_ALL,0,,,0,0
RECLAIM-V2-004130,RETRY_ALL,0,,,0,0
RECLAIM-V2-004131,RETRY_ALL,0,,,0,0
RECLAIM-V2-004132,RETRY_ALL,0,,,0,0
RECLAIM-V2-004133,RETRY_ALL,0,,,0,0
RECLAIM-V2-004134,RETRY_ALL,0,,,0,0
RECLAIM-V2-004135,RETRY_ALL,0,,,0,0
RECLAIM-V2-004136,RETRY_ALL,0,,,0,0
RECLAIM-V2-004137,RETRY_ALL,0,,,0,0
RECLAIM-V2-004138,RETRY_ALL,0,,,0,0
RECLAIM-V2-004139,RETRY_ALL,0,,,0,0
RECLAIM-V2-004140,RETRY_ALL,0,,,0,0
RECLAIM-V2-004141,RETRY_ALL,0,,,0,0
RECLAIM-V2-004142,RETRY_ALL,0,,,0,0
RECLAIM-V2-004143,RETRY_ALL,0,,,0,0
RECLAIM-V2-004144,RETRY_ALL,0,,,0,0
RECLAIM-V2-004145,TARGET,1,,,0,0
RECLAIM-V2-004146,RETRY_ALL,0,,,0,0
RECLAIM-V2-004147,RETRY_ALL,0,,,0,0
RECLAIM-V2-004148,RETRY_ALL,0,,,0,0
RECLAIM-V2-004149,RETRY_ALL,0,,,0,0
RECLAIM-V2-004150,RETRY_ALL,0,,,0,0
RECLAIM-V2-004151,RETRY_ALL,0,,,0,0
RECLAIM-V2-004152,RETRY_ALL,0,,,0,0
RECLAIM-V2-004153,RETRY_ALL,0,,,0,0
RECLAIM-V2-004154,RETRY_ALL,0,,,0,0
RECLAIM-V2-004155,RETRY_ALL,0,,,0,0
RECLAIM-V2-004156,RETRY_ALL,0,,,0,0
RECLAIM-V2-004157,RETRY_ALL,0,,,0,0
RECLAIM-V2-004158,RETRY_ALL,0,,,0,0
RECLAIM-V2-004159,RETRY_ALL,0,,,0,0
RECLAIM-V2-004160,RETRY_ALL,0,,,0,0
RECLAIM-V2-004161,RETRY_ALL,0,,,0,0
RECLAIM-V2-004162,RETRY_ALL,0,,,0,0
RECLAIM-V2-004163,RETRY_ALL,0,,,0,0
RECLAIM-V2-004164,RETRY_ALL,0,,,0,0
RECLAIM-V2-004165,RETRY_ALL,0,,,0,0
RECLAIM-V2-004166,RETRY_ALL,0,,,0,0
RECLAIM-V2-004167,RETRY_ALL,0,,,0,0
RECLAIM-V2-004168,RETRY_ALL,0,,,0,0
RECLAIM-V2-004169,RETRY_ALL,0,,,0,0
RECLAIM-V2-004170,RETRY_ALL,0,,,0,0
RECLAIM-V2-004171,RETRY_ALL,0,,,0,0
RECLAIM-V2-004172,RETRY_ALL,0,,,0,0
RECLAIM-V2-004173,TARGET,1,,,0,0
RECLAIM-V2-004174,RETRY_ALL,0,,,0,0
RECLAIM-V2-004175,RETRY_ALL,0,,,0,0
RECLAIM-V2-004176,RETRY_ALL,0,,,0,0
RECLAIM-V2-004177,RETRY_ALL,0,,,0,0
RECLAIM-V2-004178,RETRY_ALL,0,,,0,0
RECLAIM-V2-004179,RETRY_ALL,0,,,0,0
RECLAIM-V2-004180,RETRY_ALL,0,,,0,0
RECLAIM-V2-004181,RETRY_ALL,0,,,0,0
RECLAIM-V2-004182,RETRY_ALL,0,,,0,0
RECLAIM-V2-004183,RETRY_ALL,0,,,0,0
RECLAIM-V2-004184,RETRY_ALL,0,,,0,0
RECLAIM-V2-004185,RETRY_ALL,0,,,0,0
RECLAIM-V2-004186,RETRY_ALL,0,,,0,0
RECLAIM-V2-004187,RETRY_ALL,0,,,0,0
RECLAIM-V2-004188,RETRY_ALL,0,,,0,0
RECLAIM-V2-004189,RETRY_ALL,0,,,0,0
RECLAIM-V2-004190,RETRY_ALL,0,,,0,0
RECLAIM-V2-004191,RETRY_ALL,0,,,0,0
RECLAIM-V2-004192,RETRY_ALL,0,,,0,0
RECLAIM-V2-004193,RETRY_ALL,0,,,0,0
RECLAIM-V2-004194,RETRY_ALL,0,,,0,0
RECLAIM-V2-004195,RETRY_ALL,0,,,0,0
RECLAIM-V2-004196,TARGET,1,,,0,0
RECLAIM-V2-004197,RETRY_ALL,0,,,0,0
RECLAIM-V2-004198,RETRY_ALL,0,,,0,0
RECLAIM-V2-004199,RETRY_ALL,0,,,0,0
RECLAIM-V2-004200,RETRY_ALL,0,,,0,0
RECLAIM-V2-004201,RETRY_ALL,0,,,0,0
RECLAIM-V2-004202,RETRY_ALL,0,,,0,0
RECLAIM-V2-004203,RETRY_ALL,0,,,0,0
RECLAIM-V2-004204,RETRY_ALL,0,,,0,0
RECLAIM-V2-004205,RETRY_ALL,0,,,0,0
RECLAIM-V2-004206,RETRY_ALL,0,,,0,0
RECLAIM-V2-004207,RETRY_ALL,0,,,0,0
RECLAIM-V2-004208,RETRY_ALL,0,,,0,0
RECLAIM-V2-004209,RETRY_ALL,0,,,0,0
RECLAIM-V2-004210,RETRY_ALL,0,,,0,0
RECLAIM-V2-004211,RETRY_ALL,0,,,0,0
RECLAIM-V2-004212,RETRY_ALL,0,,,0,0
RECLAIM-V2-004213,RETRY_ALL,0,,,0,0
RECLAIM-V2-004214,RETRY_ALL,0,,,0,0
RECLAIM-V2-004215,RETRY_ALL,0,,,0,0
RECLAIM-V2-004216,RETRY_ALL,0,,,0,0
RECLAIM-V2-004217,RETRY_ALL,0,,,0,0
RECLAIM-V2-004218,RETRY_ALL,0,,,0,0
RECLAIM-V2-004219,RETRY_ALL,0,,,0,0
RECLAIM-V2-004220,RETRY_ALL,0,,,0,0
RECLAIM-V2-004221,RETRY_ALL,0,,,0,0
RECLAIM-V2-004222,RETRY_ALL,0,,,0,0
RECLAIM-V2-004223,RETRY_ALL,0,,,0,0
RECLAIM-V2-004224,RETRY_ALL,0,,,0,0
RECLAIM-V2-004225,RETRY_ALL,0,,,0,0
RECLAIM-V2-004226,RETRY_ALL,0,,,0,0
RECLAIM-V2-004227,RETRY_ALL,0,,,0,0
RECLAIM-V2-004228,RETRY_ALL,0,,,0,0
RECLAIM-V2-004229,RETRY_ALL,0,,,0,0
RECLAIM-V2-004230,RETRY_ALL,0,,,0,0
RECLAIM-V2-004231,RETRY_ALL,0,,,0,0
RECLAIM-V2-004232,RETRY_ALL,0,,,0,0
RECLAIM-V2-004233,RETRY_ALL,0,,,0,0
RECLAIM-V2-004234,RETRY_ALL,0,,,0,0
RECLAIM-V2-004235,RETRY_ALL,0,,,0,0
RECLAIM-V2-004236,RETRY_ALL,0,,,0,0
RECLAIM-V2-004237,RETRY_ALL,0,,,0,0
RECLAIM-V2-004238,RETRY_ALL,0,,,0,0
RECLAIM-V2-004239,RETRY_ALL,0,,,0,0
RECLAIM-V2-004240,TARGET,1,,,0,0
RECLAIM-V2-004241,RETRY_ALL,0,,,0,0
RECLAIM-V2-004242,RETRY_ALL,0,,,0,0
RECLAIM-V2-004243,RETRY_ALL,0,,,0,0
RECLAIM-V2-004244,RETRY_ALL,0,,,0,0
RECLAIM-V2-004245,RETRY_ALL,0,,,0,0
RECLAIM-V2-004246,RETRY_ALL,0,,,0,0
RECLAIM-V2-004247,RETRY_ALL,0,,,0,0
RECLAIM-V2-004248,RETRY_ALL,0,,,0,0
RECLAIM-V2-004249,RETRY_ALL,0,,,0,0
RECLAIM-V2-004250,RETRY_ALL,0,,,0,0
RECLAIM-V2-004251,RETRY_ALL,0,,,0,0
RECLAIM-V2-004252,RETRY_ALL,0,,,0,0
RECLAIM-V2-004253,RETRY_ALL,0,,,0,0
RECLAIM-V2-004254,RETRY_ALL,0,,,0,0
RECLAIM-V2-004255,RETRY_ALL,0,,,0,0
RECLAIM-V2-004256,RETRY_ALL,0,,,0,0
RECLAIM-V2-004257,RETRY_ALL,0,,,0,0
RECLAIM-V2-004258,RETRY_ALL,0,,,0,0
RECLAIM-V2-004259,RETRY_ALL,0,,,0,0
RECLAIM-V2-004260,RETRY_ALL,0,,,0,0
RECLAIM-V2-004261,RETRY_ALL,0,,,0,0
RECLAIM-V2-004262,RETRY_ALL,0,,,0,0
RECLAIM-V2-004263,TARGET,1,,,0,0
RECLAIM-V2-004264,RETRY_ALL,0,,,0,0
RECLAIM-V2-004265,RETRY_ALL,0,,,0,0
RECLAIM-V2-004266,RETRY_ALL,0,,,0,0
RECLAIM-V2-004267,RETRY_ALL,0,,,0,0
RECLAIM-V2-004268,RETRY_ALL,0,,,0,0
RECLAIM-V2-004269,RETRY_ALL,0,,,0,0
RECLAIM-V2-004270,RETRY_ALL,0,,,0,0
RECLAIM-V2-004271,RETRY_ALL,0,,,0,0
RECLAIM-V2-004272,RETRY_ALL,0,,,0,0
RECLAIM-V2-004273,RETRY_ALL,0,,,0,0
RECLAIM-V2-004274,RETRY_ALL,0,,,0,0
RECLAIM-V2-004275,RETRY_ALL,0,,,0,0
RECLAIM-V2-004276,RETRY_ALL,0,,,0,0
RECLAIM-V2-004277,RETRY_ALL,0,,,0,0
RECLAIM-V2-004278,RETRY_ALL,0,,,0,0
RECLAIM-V2-004279,RETRY_ALL,0,,,0,0
RECLAIM-V2-004280,RETRY_ALL,0,,,0,0
RECLAIM-V2-004281,RETRY_ALL,0,,,0,0
RECLAIM-V2-004282,RETRY_ALL,0,,,0,0
RECLAIM-V2-004283,RETRY_ALL,0,,,0,0
RECLAIM-V2-004284,RETRY_ALL,0,,,0,0
RECLAIM-V2-004285,RETRY_ALL,0,,,0,0
RECLAIM-V2-004286,RETRY_ALL,0,,,0,0
RECLAIM-V2-004287,RETRY_ALL,0,,,0,0
RECLAIM-V2-004288,RETRY_ALL,0,,,0,0
RECLAIM-V2-004289,RETRY_ALL,0,,,0,0
RECLAIM-V2-004290,RETRY_ALL,0,,,0,0
RECLAIM-V2-004291,RETRY_ALL,0,,,0,0
RECLAIM-V2-004292,RETRY_ALL,0,,,0,0
RECLAIM-V2-004293,RETRY_ALL,0,,,0,0
RECLAIM-V2-004294,RETRY_ALL,0,,,0,0
RECLAIM-V2-004295,RETRY_ALL,0,,,0,0
RECLAIM-V2-004296,RETRY_ALL,0,,,0,0
RECLAIM-V2-004297,RETRY_ALL,0,,,0,0
RECLAIM-V2-004298,RETRY_ALL,0,,,0,0
RECLAIM-V2-004299,RETRY_ALL,0,,,0,0
RECLAIM-V2-004300,RETRY_ALL,0,,,0,0
RECLAIM-V2-004301,RETRY_ALL,0,,,0,0
RECLAIM-V2-004302,RETRY_ALL,0,,,0,0
RECLAIM-V2-004303,RETRY_ALL,0,,,0,0
RECLAIM-V2-004304,RETRY_ALL,0,,,0,0
RECLAIM-V2-004305,RETRY_ALL,0,,,0,0
RECLAIM-V2-004306,RETRY_ALL,0,,,0,0
RECLAIM-V2-004307,RETRY_ALL,0,,,0,0
RECLAIM-V2-004308,RETRY_ALL,0,,,0,0
RECLAIM-V2-004309,RETRY_ALL,0,,,0,0
RECLAIM-V2-004310,RETRY_ALL,0,,,0,0
RECLAIM-V2-004311,RETRY_ALL,0,,,0,0
RECLAIM-V2-004312,RETRY_ALL,0,,,0,0
RECLAIM-V2-004313,RETRY_ALL,0,,,0,0
RECLAIM-V2-004314,RETRY_ALL,0,,,0,0
RECLAIM-V2-004315,RETRY_ALL,0,,,0,0
RECLAIM-V2-004316,RETRY_ALL,0,,,0,0
RECLAIM-V2-004317,RETRY_ALL,0,,,0,0
RECLAIM-V2-004318,RETRY_ALL,0,,,0,0
RECLAIM-V2-004319,RETRY_ALL,0,,,0,0
RECLAIM-V2-004320,RETRY_ALL,0,,,0,0
RECLAIM-V2-004321,RETRY_ALL,0,,,0,0
RECLAIM-V2-004322,RETRY_ALL,0,,,0,0
RECLAIM-V2-004323,RETRY_ALL,0,,,0,0
RECLAIM-V2-004324,RETRY_ALL,0,,,0,0
RECLAIM-V2-004325,RETRY_ALL,0,,,0,0
RECLAIM-V2-004326,RETRY_ALL,0,,,0,0
RECLAIM-V2-004327,RETRY_ALL,0,,,0,0
RECLAIM-V2-004328,RETRY_ALL,0,,,0,0
RECLAIM-V2-004329,RETRY_ALL,0,,,0,0
RECLAIM-V2-004330,RETRY_ALL,0,,,0,0
RECLAIM-V2-004331,RETRY_ALL,0,,,0,0
RECLAIM-V2-004332,RETRY_ALL,0,,,0,0
RECLAIM-V2-004333,RETRY_ALL,0,,,0,0
RECLAIM-V2-004334,RETRY_ALL,0,,,0,0
RECLAIM-V2-004335,RETRY_ALL,0,,,0,0
RECLAIM-V2-004336,RETRY_ALL,0,,,0,0
RECLAIM-V2-004337,RETRY_ALL,0,,,0,0
RECLAIM-V2-004338,RETRY_ALL,0,,,0,0
RECLAIM-V2-004339,RETRY_ALL,0,,,0,0
RECLAIM-V2-004340,RETRY_ALL,0,,,0,0
RECLAIM-V2-004341,RETRY_ALL,0,,,0,0
RECLAIM-V2-004342,RETRY_ALL,0,,,0,0
RECLAIM-V2-004343,RETRY_ALL,0,,,0,0
RECLAIM-V2-004344,RETRY_ALL,0,,,0,0
RECLAIM-V2-004345,RETRY_ALL,0,,,0,0
RECLAIM-V2-004346,RETRY_ALL,0,,,0,0
RECLAIM-V2-004347,RETRY_ALL,0,,,0,0
RECLAIM-V2-004348,RETRY_ALL,0,,,0,0
RECLAIM-V2-004349,RETRY_ALL,0,,,0,0
RECLAIM-V2-004350,RETRY_ALL,0,,,0,0
RECLAIM-V2-004351,RETRY_ALL,0,,,0,0
RECLAIM-V2-004352,RETRY_ALL,0,,,0,0
RECLAIM-V2-004353,RETRY_ALL,0,,,0,0
RECLAIM-V2-004354,RETRY_ALL,0,,,0,0
RECLAIM-V2-004355,RETRY_ALL,0,,,0,0
RECLAIM-V2-004356,RETRY_ALL,0,,,0,0
RECLAIM-V2-004357,RETRY_ALL,0,,,0,0
RECLAIM-V2-004358,RETRY_ALL,0,,,0,0
RECLAIM-V2-004359,RETRY_ALL,0,,,0,0
RECLAIM-V2-004360,RETRY_ALL,0,,,0,0
RECLAIM-V2-004361,RETRY_ALL,0,,,0,0
RECLAIM-V2-004362,RETRY_ALL,0,,,0,0
RECLAIM-V2-004363,RETRY_ALL,0,,,0,0
RECLAIM-V2-004364,RETRY_ALL,0,,,0,0
RECLAIM-V2-004365,TARGET,1,,,0,0
RECLAIM-V2-004366,RETRY_ALL,0,,,0,0
RECLAIM-V2-004367,RETRY_ALL,0,,,0,0
RECLAIM-V2-004368,TARGET,1,,,0,0
RECLAIM-V2-004369,RETRY_ALL,0,,,0,0
RECLAIM-V2-004370,RETRY_ALL,0,,,0,0
RECLAIM-V2-004371,RETRY_ALL,0,,,0,0
RECLAIM-V2-004372,RETRY_ALL,0,,,0,0
RECLAIM-V2-004373,RETRY_ALL,0,,,0,0
RECLAIM-V2-004374,RETRY_ALL,0,,,0,0
RECLAIM-V2-004375,RETRY_ALL,0,,,0,0
RECLAIM-V2-004376,RETRY_ALL,0,,,0,0
RECLAIM-V2-004377,RETRY_ALL,0,,,0,0
RECLAIM-V2-004378,RETRY_ALL,0,,,0,0
RECLAIM-V2-004379,RETRY_ALL,0,,,0,0
RECLAIM-V2-004380,RETRY_ALL,0,,,0,0
RECLAIM-V2-004381,RETRY_ALL,0,,,0,0
RECLAIM-V2-004382,RETRY_ALL,0,,,0,0
RECLAIM-V2-004383,RETRY_ALL,0,,,0,0
RECLAIM-V2-004384,RETRY_ALL,0,,,0,0
RECLAIM-V2-004385,RETRY_ALL,0,,,0,0
RECLAIM-V2-004386,RETRY_ALL,0,,,0,0
RECLAIM-V2-004387,RETRY_ALL,0,,,0,0
RECLAIM-V2-004388,RETRY_ALL,0,,,0,0
RECLAIM-V2-004389,RETRY_ALL,0,,,0,0
RECLAIM-V2-004390,RETRY_ALL,0,,,0,0
RECLAIM-V2-004391,RETRY_ALL,0,,,0,0
RECLAIM-V2-004392,RETRY_ALL,0,,,0,0
RECLAIM-V2-004393,RETRY_ALL,0,,,0,0
RECLAIM-V2-004394,RETRY_ALL,0,,,0,0
RECLAIM-V2-004395,RETRY_ALL,0,,,0,0
RECLAIM-V2-004396,RETRY_ALL,0,,,0,0
RECLAIM-V2-004397,RETRY_ALL,0,,,0,0
RECLAIM-V2-004398,RETRY_ALL,0,,,0,0
RECLAIM-V2-004399,RETRY_ALL,0,,,0,0
RECLAIM-V2-004400,RETRY_ALL,0,,,0,0
RECLAIM-V2-004401,RETRY_ALL,0,,,0,0
RECLAIM-V2-004402,RETRY_ALL,0,,,0,0
RECLAIM-V2-004403,RETRY_ALL,0,,,0,0
RECLAIM-V2-004404,RETRY_ALL,0,,,0,0
RECLAIM-V2-004405,RETRY_ALL,0,,,0,0
RECLAIM-V2-004406,RETRY_ALL,0,,,0,0
RECLAIM-V2-004407,RETRY_ALL,0,,,0,0
RECLAIM-V2-004408,RETRY_ALL,0,,,0,0
RECLAIM-V2-004409,RETRY_ALL,0,,,0,0
RECLAIM-V2-004410,RETRY_ALL,0,,,0,0
RECLAIM-V2-004411,RETRY_ALL,0,,,0,0
RECLAIM-V2-004412,RETRY_ALL,0,,,0,0
RECLAIM-V2-004413,RETRY_ALL,0,,,0,0
RECLAIM-V2-004414,TARGET,1,,,0,0
RECLAIM-V2-004415,RETRY_ALL,0,,,0,0
RECLAIM-V2-004416,RETRY_ALL,0,,,0,0
RECLAIM-V2-004417,RETRY_ALL,0,,,0,0
RECLAIM-V2-004418,RETRY_ALL,0,,,0,0
RECLAIM-V2-004419,RETRY_ALL,0,,,0,0
RECLAIM-V2-004420,RETRY_ALL,0,,,0,0
RECLAIM-V2-004421,RETRY_ALL,0,,,0,0
RECLAIM-V2-004422,RETRY_ALL,0,,,0,0
RECLAIM-V2-004423,RETRY_ALL,0,,,0,0
RECLAIM-V2-004424,RETRY_ALL,0,,,0,0
RECLAIM-V2-004425,RETRY_ALL,0,,,0,0
RECLAIM-V2-004426,RETRY_ALL,0,,,0,0
RECLAIM-V2-004427,RETRY_ALL,0,,,0,0
RECLAIM-V2-004428,RETRY_ALL,0,,,0,0
RECLAIM-V2-004429,RETRY_ALL,0,,,0,0
RECLAIM-V2-004430,RETRY_ALL,0,,,0,0
RECLAIM-V2-004431,RETRY_ALL,0,,,0,0
RECLAIM-V2-004432,RETRY_ALL,0,,,0,0
RECLAIM-V2-004433,RETRY_ALL,0,,,0,0
RECLAIM-V2-004434,RETRY_ALL,0,,,0,0
RECLAIM-V2-004435,RETRY_ALL,0,,,0,0
RECLAIM-V2-004436,RETRY_ALL,0,,,0,0
RECLAIM-V2-004437,RETRY_ALL,0,,,0,0
RECLAIM-V2-004438,RETRY_ALL,0,,,0,0
RECLAIM-V2-004439,TARGET,1,,,0,0
RECLAIM-V2-004440,RETRY_ALL,0,,,0,0
RECLAIM-V2-004441,RETRY_ALL,0,,,0,0
RECLAIM-V2-004442,RETRY_ALL,0,,,0,0
RECLAIM-V2-004443,RETRY_ALL,0,,,0,0
RECLAIM-V2-004444,RETRY_ALL,0,,,0,0
RECLAIM-V2-004445,RETRY_ALL,0,,,0,0
RECLAIM-V2-004446,TARGET,1,,,0,0
RECLAIM-V2-004447,RETRY_ALL,0,,,0,0
RECLAIM-V2-004448,RETRY_ALL,0,,,0,0
RECLAIM-V2-004449,RETRY_ALL,0,,,0,0
RECLAIM-V2-004450,RETRY_ALL,0,,,0,0
RECLAIM-V2-004451,RETRY_ALL,0,,,0,0
RECLAIM-V2-004452,RETRY_ALL,0,,,0,0
RECLAIM-V2-004453,RETRY_ALL,0,,,0,0
RECLAIM-V2-004454,RETRY_ALL,0,,,0,0
RECLAIM-V2-004455,RETRY_ALL,0,,,0,0
RECLAIM-V2-004456,RETRY_ALL,0,,,0,0
RECLAIM-V2-004457,RETRY_ALL,0,,,0,0
RECLAIM-V2-004458,RETRY_ALL,0,,,0,0
RECLAIM-V2-004459,RETRY_ALL,0,,,0,0
RECLAIM-V2-004460,RETRY_ALL,0,,,0,0
RECLAIM-V2-004461,RETRY_ALL,0,,,0,0
RECLAIM-V2-004462,RETRY_ALL,0,,,0,0
RECLAIM-V2-004463,RETRY_ALL,0,,,0,0
RECLAIM-V2-004464,RETRY_ALL,0,,,0,0
RECLAIM-V2-004465,RETRY_ALL,0,,,0,0
RECLAIM-V2-004466,RETRY_ALL,0,,,0,0
RECLAIM-V2-004467,RETRY_ALL,0,,,0,0
RECLAIM-V2-004468,RETRY_ALL,0,,,0,0
RECLAIM-V2-004469,RETRY_ALL,0,,,0,0
RECLAIM-V2-004470,RETRY_ALL,0,,,0,0
RECLAIM-V2-004471,RETRY_ALL,0,,,0,0
RECLAIM-V2-004472,RETRY_ALL,0,,,0,0
RECLAIM-V2-004473,RETRY_ALL,0,,,0,0
RECLAIM-V2-004474,RETRY_ALL,0,,,0,0
RECLAIM-V2-004475,RETRY_ALL,0,,,0,0
RECLAIM-V2-004476,RETRY_ALL,0,,,0,0
RECLAIM-V2-004477,RETRY_ALL,0,,,0,0
RECLAIM-V2-004478,RETRY_ALL,0,,,0,0
RECLAIM-V2-004479,RETRY_ALL,0,,,0,0
RECLAIM-V2-004480,RETRY_ALL,0,,,0,0
RECLAIM-V2-004481,RETRY_ALL,0,,,0,0
RECLAIM-V2-004482,RETRY_ALL,0,,,0,0
RECLAIM-V2-004483,RETRY_ALL,0,,,0,0
RECLAIM-V2-004484,RETRY_ALL,0,,,0,0
RECLAIM-V2-004485,RETRY_ALL,0,,,0,0
RECLAIM-V2-004486,RETRY_ALL,0,,,0,0
RECLAIM-V2-004487,RETRY_ALL,0,,,0,0
RECLAIM-V2-004488,RETRY_ALL,0,,,0,0
RECLAIM-V2-004489,RETRY_ALL,0,,,0,0
RECLAIM-V2-004490,RETRY_ALL,0,,,0,0
RECLAIM-V2-004491,RETRY_ALL,0,,,0,0
RECLAIM-V2-004492,RETRY_ALL,0,,,0,0
RECLAIM-V2-004493,RETRY_ALL,0,,,0,0
RECLAIM-V2-004494,RETRY_ALL,0,,,0,0
RECLAIM-V2-004495,RETRY_ALL,0,,,0,0
RECLAIM-V2-004496,RETRY_ALL,0,,,0,0
RECLAIM-V2-004497,RETRY_ALL,0,,,0,0
RECLAIM-V2-004498,RETRY_ALL,0,,,0,0
RECLAIM-V2-004499,RETRY_ALL,0,,,0,0
RECLAIM-V2-004500,RETRY_ALL,0,,,0,0
RECLAIM-V2-004501,RETRY_ALL,0,,,0,0
RECLAIM-V2-004502,RETRY_ALL,0,,,0,0
RECLAIM-V2-004503,RETRY_ALL,0,,,0,0
RECLAIM-V2-004504,RETRY_ALL,0,,,0,0
RECLAIM-V2-004505,RETRY_ALL,0,,,0,0
RECLAIM-V2-004506,RETRY_ALL,0,,,0,0
RECLAIM-V2-004507,RETRY_ALL,0,,,0,0
RECLAIM-V2-004508,RETRY_ALL,0,,,0,0
RECLAIM-V2-004509,TARGET,1,,,0,0
RECLAIM-V2-004510,RETRY_ALL,0,,,0,0
RECLAIM-V2-004511,RETRY_ALL,0,,,0,0
RECLAIM-V2-004512,RETRY_ALL,0,,,0,0
RECLAIM-V2-004513,RETRY_ALL,0,,,0,0
RECLAIM-V2-004514,RETRY_ALL,0,,,0,0
RECLAIM-V2-004515,RETRY_ALL,0,,,0,0
RECLAIM-V2-004516,RETRY_ALL,0,,,0,0
RECLAIM-V2-004517,RETRY_ALL,0,,,0,0
RECLAIM-V2-004518,RETRY_ALL,0,,,0,0
RECLAIM-V2-004519,RETRY_ALL,0,,,0,0
RECLAIM-V2-004520,RETRY_ALL,0,,,0,0
RECLAIM-V2-004521,RETRY_ALL,0,,,0,0
RECLAIM-V2-004522,RETRY_ALL,0,,,0,0
RECLAIM-V2-004523,RETRY_ALL,0,,,0,0
RECLAIM-V2-004524,RETRY_ALL,0,,,0,0
RECLAIM-V2-004525,RETRY_ALL,0,,,0,0
RECLAIM-V2-004526,RETRY_ALL,0,,,0,0
RECLAIM-V2-004527,RETRY_ALL,0,,,0,0
RECLAIM-V2-004528,RETRY_ALL,0,,,0,0
RECLAIM-V2-004529,RETRY_ALL,0,,,0,0
RECLAIM-V2-004530,RETRY_ALL,0,,,0,0
RECLAIM-V2-004531,RETRY_ALL,0,,,0,0
RECLAIM-V2-004532,TARGET,1,,,0,0
RECLAIM-V2-004533,RETRY_ALL,0,,,0,0
RECLAIM-V2-004534,RETRY_ALL,0,,,0,0
RECLAIM-V2-004535,RETRY_ALL,0,,,0,0
RECLAIM-V2-004536,RETRY_ALL,0,,,0,0
RECLAIM-V2-004537,RETRY_ALL,0,,,0,0
RECLAIM-V2-004538,RETRY_ALL,0,,,0,0
RECLAIM-V2-004539,RETRY_ALL,0,,,0,0
RECLAIM-V2-004540,RETRY_ALL,0,,,0,0
RECLAIM-V2-004541,RETRY_ALL,0,,,0,0
RECLAIM-V2-004542,RETRY_ALL,0,,,0,0
RECLAIM-V2-004543,RETRY_ALL,0,,,0,0
RECLAIM-V2-004544,RETRY_ALL,0,,,0,0
RECLAIM-V2-004545,RETRY_ALL,0,,,0,0
RECLAIM-V2-004546,RETRY_ALL,0,,,0,0
RECLAIM-V2-004547,RETRY_ALL,0,,,0,0
RECLAIM-V2-004548,RETRY_ALL,0,,,0,0
RECLAIM-V2-004549,RETRY_ALL,0,,,0,0
RECLAIM-V2-004550,RETRY_ALL,0,,,0,0
RECLAIM-V2-004551,RETRY_ALL,0,,,0,0
RECLAIM-V2-004552,RETRY_ALL,0,,,0,0
RECLAIM-V2-004553,RETRY_ALL,0,,,0,0
RECLAIM-V2-004554,RETRY_ALL,0,,,0,0
RECLAIM-V2-004555,RETRY_ALL,0,,,0,0
RECLAIM-V2-004556,RETRY_ALL,0,,,0,0
RECLAIM-V2-004557,RETRY_ALL,0,,,0,0
RECLAIM-V2-004558,RETRY_ALL,0,,,0,0
RECLAIM-V2-004559,RETRY_ALL,0,,,0,0
RECLAIM-V2-004560,RETRY_ALL,0,,,0,0
RECLAIM-V2-004561,RETRY_ALL,0,,,0,0
RECLAIM-V2-004562,RETRY_ALL,0,,,0,0
RECLAIM-V2-004563,RETRY_ALL,0,,,0,0
RECLAIM-V2-004564,RETRY_ALL,0,,,0,0
RECLAIM-V2-004565,RETRY_ALL,0,,,0,0
RECLAIM-V2-004566,RETRY_ALL,0,,,0,0
RECLAIM-V2-004567,RETRY_ALL,0,,,0,0
RECLAIM-V2-004568,TARGET,1,,,0,0
RECLAIM-V2-004569,RETRY_ALL,0,,,0,0
RECLAIM-V2-004570,RETRY_ALL,0,,,0,0
RECLAIM-V2-004571,RETRY_ALL,0,,,0,0
RECLAIM-V2-004572,RETRY_ALL,0,,,0,0
RECLAIM-V2-004573,RETRY_ALL,0,,,0,0
RECLAIM-V2-004574,RETRY_ALL,0,,,0,0
RECLAIM-V2-004575,RETRY_ALL,0,,,0,0
RECLAIM-V2-004576,RETRY_ALL,0,,,0,0
RECLAIM-V2-004577,RETRY_ALL,0,,,0,0
RECLAIM-V2-004578,RETRY_ALL,0,,,0,0
RECLAIM-V2-004579,RETRY_ALL,0,,,0,0
RECLAIM-V2-004580,RETRY_ALL,0,,,0,0
RECLAIM-V2-004581,RETRY_ALL,0,,,0,0
RECLAIM-V2-004582,RETRY_ALL,0,,,0,0
RECLAIM-V2-004583,RETRY_ALL,0,,,0,0
RECLAIM-V2-004584,RETRY_ALL,0,,,0,0
RECLAIM-V2-004585,RETRY_ALL,0,,,0,0
RECLAIM-V2-004586,RETRY_ALL,0,,,0,0
RECLAIM-V2-004587,RETRY_ALL,0,,,0,0
RECLAIM-V2-004588,RETRY_ALL,0,,,0,0
RECLAIM-V2-004589,RETRY_ALL,0,,,0,0
RECLAIM-V2-004590,RETRY_ALL,0,,,0,0
RECLAIM-V2-004591,RETRY_ALL,0,,,0,0
RECLAIM-V2-004592,RETRY_ALL,0,,,0,0
RECLAIM-V2-004593,RETRY_ALL,0,,,0,0
RECLAIM-V2-004594,RETRY_ALL,0,,,0,0
RECLAIM-V2-004595,RETRY_ALL,0,,,0,0
RECLAIM-V2-004596,RETRY_ALL,0,,,0,0
RECLAIM-V2-004597,RETRY_ALL,0,,,0,0
RECLAIM-V2-004598,RETRY_ALL,0,,,0,0
RECLAIM-V2-004599,RETRY_ALL,0,,,0,0
RECLAIM-V2-004600,RETRY_ALL,0,,,0,0
RECLAIM-V2-004601,RETRY_ALL,0,,,0,0
RECLAIM-V2-004602,RETRY_ALL,0,,,0,0
RECLAIM-V2-004603,RETRY_ALL,0,,,0,0
RECLAIM-V2-004604,RETRY_ALL,0,,,0,0
RECLAIM-V2-004605,RETRY_ALL,0,,,0,0
RECLAIM-V2-004606,RETRY_ALL,0,,,0,0
RECLAIM-V2-004607,RETRY_ALL,0,,,0,0
RECLAIM-V2-004608,RETRY_ALL,0,,,0,0
RECLAIM-V2-004609,RETRY_ALL,0,,,0,0
RECLAIM-V2-004610,RETRY_ALL,0,,,0,0
RECLAIM-V2-004611,RETRY_ALL,0,,,0,0
RECLAIM-V2-004612,RETRY_ALL,0,,,0,0
RECLAIM-V2-004613,RETRY_ALL,0,,,0,0
RECLAIM-V2-004614,RETRY_ALL,0,,,0,0
RECLAIM-V2-004615,RETRY_ALL,0,,,0,0
RECLAIM-V2-004616,RETRY_ALL,0,,,0,0
RECLAIM-V2-004617,RETRY_ALL,0,,,0,0
RECLAIM-V2-004618,RETRY_ALL,0,,,0,0
RECLAIM-V2-004619,RETRY_ALL,0,,,0,0
RECLAIM-V2-004620,RETRY_ALL,0,,,0,0
RECLAIM-V2-004621,RETRY_ALL,0,,,0,0
RECLAIM-V2-004622,RETRY_ALL,0,,,0,0
RECLAIM-V2-004623,RETRY_ALL,0,,,0,0
RECLAIM-V2-004624,TARGET,1,,,0,0
RECLAIM-V2-004625,RETRY_ALL,0,,,0,0
RECLAIM-V2-004626,RETRY_ALL,0,,,0,0
RECLAIM-V2-004627,RETRY_ALL,0,,,0,0
RECLAIM-V2-004628,RETRY_ALL,0,,,0,0
RECLAIM-V2-004629,RETRY_ALL,0,,,0,0
RECLAIM-V2-004630,TARGET,1,,,0,0
RECLAIM-V2-004631,RETRY_ALL,0,,,0,0
RECLAIM-V2-004632,RETRY_ALL,0,,,0,0
RECLAIM-V2-004633,RETRY_ALL,0,,,0,0
RECLAIM-V2-004634,RETRY_ALL,0,,,0,0
RECLAIM-V2-004635,RETRY_ALL,0,,,0,0
RECLAIM-V2-004636,RETRY_ALL,0,,,0,0
RECLAIM-V2-004637,RETRY_ALL,0,,,0,0
RECLAIM-V2-004638,RETRY_ALL,0,,,0,0
RECLAIM-V2-004639,RETRY_ALL,0,,,0,0
RECLAIM-V2-004640,RETRY_ALL,0,,,0,0
RECLAIM-V2-004641,RETRY_ALL,0,,,0,0
RECLAIM-V2-004642,RETRY_ALL,0,,,0,0
RECLAIM-V2-004643,RETRY_ALL,0,,,0,0
RECLAIM-V2-004644,RETRY_ALL,0,,,0,0
RECLAIM-V2-004645,RETRY_ALL,0,,,0,0
RECLAIM-V2-004646,RETRY_ALL,0,,,0,0
RECLAIM-V2-004647,RETRY_ALL,0,,,0,0
RECLAIM-V2-004648,RETRY_ALL,0,,,0,0
RECLAIM-V2-004649,RETRY_ALL,0,,,0,0
RECLAIM-V2-004650,RETRY_ALL,0,,,0,0
RECLAIM-V2-004651,RETRY_ALL,0,,,0,0
RECLAIM-V2-004652,RETRY_ALL,0,,,0,0
RECLAIM-V2-004653,RETRY_ALL,0,,,0,0
RECLAIM-V2-004654,RETRY_ALL,0,,,0,0
RECLAIM-V2-004655,RETRY_ALL,0,,,0,0
RECLAIM-V2-004656,RETRY_ALL,0,,,0,0
RECLAIM-V2-004657,RETRY_ALL,0,,,0,0
RECLAIM-V2-004658,RETRY_ALL,0,,,0,0
RECLAIM-V2-004659,RETRY_ALL,0,,,0,0
RECLAIM-V2-004660,RETRY_ALL,0,,,0,0
RECLAIM-V2-004661,RETRY_ALL,0,,,0,0
RECLAIM-V2-004662,RETRY_ALL,0,,,0,0
RECLAIM-V2-004663,TARGET,1,,,0,0
RECLAIM-V2-004664,RETRY_ALL,0,,,0,0
RECLAIM-V2-004665,RETRY_ALL,0,,,0,0
RECLAIM-V2-004666,TARGET,1,,,0,0
RECLAIM-V2-004667,RETRY_ALL,0,,,0,0
RECLAIM-V2-004668,RETRY_ALL,0,,,0,0
RECLAIM-V2-004669,RETRY_ALL,0,,,0,0
RECLAIM-V2-004670,RETRY_ALL,0,,,0,0
RECLAIM-V2-004671,RETRY_ALL,0,,,0,0
RECLAIM-V2-004672,RETRY_ALL,0,,,0,0
RECLAIM-V2-004673,RETRY_ALL,0,,,0,0
RECLAIM-V2-004674,RETRY_ALL,0,,,0,0
RECLAIM-V2-004675,RETRY_ALL,0,,,0,0
RECLAIM-V2-004676,RETRY_ALL,0,,,0,0
RECLAIM-V2-004677,RETRY_ALL,0,,,0,0
RECLAIM-V2-004678,RETRY_ALL,0,,,0,0
RECLAIM-V2-004679,RETRY_ALL,0,,,0,0
RECLAIM-V2-004680,RETRY_ALL,0,,,0,0
RECLAIM-V2-004681,RETRY_ALL,0,,,0,0
RECLAIM-V2-004682,RETRY_ALL,0,,,0,0
RECLAIM-V2-004683,RETRY_ALL,0,,,0,0
RECLAIM-V2-004684,RETRY_ALL,0,,,0,0
RECLAIM-V2-004685,RETRY_ALL,0,,,0,0
RECLAIM-V2-004686,RETRY_ALL,0,,,0,0
RECLAIM-V2-004687,RETRY_ALL,0,,,0,0
RECLAIM-V2-004688,RETRY_ALL,0,,,0,0
RECLAIM-V2-004689,RETRY_ALL,0,,,0,0
RECLAIM-V2-004690,RETRY_ALL,0,,,0,0
RECLAIM-V2-004691,RETRY_ALL,0,,,0,0
RECLAIM-V2-004692,RETRY_ALL,0,,,0,0
RECLAIM-V2-004693,RETRY_ALL,0,,,0,0
RECLAIM-V2-004694,RETRY_ALL,0,,,0,0
RECLAIM-V2-004695,RETRY_ALL,0,,,0,0
RECLAIM-V2-004696,RETRY_ALL,0,,,0,0
RECLAIM-V2-004697,RETRY_ALL,0,,,0,0
RECLAIM-V2-004698,TARGET,1,,,0,0
RECLAIM-V2-004699,TARGET,1,,,0,0
RECLAIM-V2-004700,RETRY_ALL,0,,,0,0
RECLAIM-V2-004701,RETRY_ALL,0,,,0,0
RECLAIM-V2-004702,RETRY_ALL,0,,,0,0
RECLAIM-V2-004703,RETRY_ALL,0,,,0,0
RECLAIM-V2-004704,RETRY_ALL,0,,,0,0
RECLAIM-V2-004705,RETRY_ALL,0,,,0,0
RECLAIM-V2-004706,RETRY_ALL,0,,,0,0
RECLAIM-V2-004707,RETRY_ALL,0,,,0,0
RECLAIM-V2-004708,RETRY_ALL,0,,,0,0
RECLAIM-V2-004709,RETRY_ALL,0,,,0,0
RECLAIM-V2-004710,RETRY_ALL,0,,,0,0
RECLAIM-V2-004711,RETRY_ALL,0,,,0,0
RECLAIM-V2-004712,RETRY_ALL,0,,,0,0
RECLAIM-V2-004713,RETRY_ALL,0,,,0,0
RECLAIM-V2-004714,RETRY_ALL,0,,,0,0
RECLAIM-V2-004715,RETRY_ALL,0,,,0,0
RECLAIM-V2-004716,RETRY_ALL,0,,,0,0
RECLAIM-V2-004717,RETRY_ALL,0,,,0,0
RECLAIM-V2-004718,RETRY_ALL,0,,,0,0
RECLAIM-V2-004719,RETRY_ALL,0,,,0,0
RECLAIM-V2-004720,RETRY_ALL,0,,,0,0
RECLAIM-V2-004721,RETRY_ALL,0,,,0,0
RECLAIM-V2-004722,RETRY_ALL,0,,,0,0
RECLAIM-V2-004723,TARGET,1,,,0,0
RECLAIM-V2-004724,RETRY_ALL,0,,,0,0
RECLAIM-V2-004725,RETRY_ALL,0,,,0,0
RECLAIM-V2-004726,RETRY_ALL,0,,,0,0
RECLAIM-V2-004727,RETRY_ALL,0,,,0,0
RECLAIM-V2-004728,RETRY_ALL,0,,,0,0
RECLAIM-V2-004729,RETRY_ALL,0,,,0,0
RECLAIM-V2-004730,RETRY_ALL,0,,,0,0
RECLAIM-V2-004731,RETRY_ALL,0,,,0,0
RECLAIM-V2-004732,RETRY_ALL,0,,,0,0
RECLAIM-V2-004733,RETRY_ALL,0,,,0,0
RECLAIM-V2-004734,RETRY_ALL,0,,,0,0
RECLAIM-V2-004735,RETRY_ALL,0,,,0,0
RECLAIM-V2-004736,RETRY_ALL,0,,,0,0
RECLAIM-V2-004737,RETRY_ALL,0,,,0,0
RECLAIM-V2-004738,RETRY_ALL,0,,,0,0
RECLAIM-V2-004739,RETRY_ALL,0,,,0,0
RECLAIM-V2-004740,RETRY_ALL,0,,,0,0
RECLAIM-V2-004741,RETRY_ALL,0,,,0,0
RECLAIM-V2-004742,RETRY_ALL,0,,,0,0
RECLAIM-V2-004743,RETRY_ALL,0,,,0,0
RECLAIM-V2-004744,RETRY_ALL,0,,,0,0
RECLAIM-V2-004745,RETRY_ALL,0,,,0,0
RECLAIM-V2-004746,RETRY_ALL,0,,,0,0
RECLAIM-V2-004747,RETRY_ALL,0,,,0,0
RECLAIM-V2-004748,RETRY_ALL,0,,,0,0
RECLAIM-V2-004749,TARGET,1,,,0,0
RECLAIM-V2-004750,RETRY_ALL,0,,,0,0
RECLAIM-V2-004751,RETRY_ALL,0,,,0,0
RECLAIM-V2-004752,RETRY_ALL,0,,,0,0
RECLAIM-V2-004753,RETRY_ALL,0,,,0,0
RECLAIM-V2-004754,RETRY_ALL,0,,,0,0
RECLAIM-V2-004755,RETRY_ALL,0,,,0,0
RECLAIM-V2-004756,RETRY_ALL,0,,,0,0
RECLAIM-V2-004757,RETRY_ALL,0,,,0,0
RECLAIM-V2-004758,RETRY_ALL,0,,,0,0
RECLAIM-V2-004759,RETRY_ALL,0,,,0,0
RECLAIM-V2-004760,RETRY_ALL,0,,,0,0
RECLAIM-V2-004761,RETRY_ALL,0,,,0,0
RECLAIM-V2-004762,TARGET,1,,,0,0
RECLAIM-V2-004763,RETRY_ALL,0,,,0,0
RECLAIM-V2-004764,RETRY_ALL,0,,,0,0
RECLAIM-V2-004765,RETRY_ALL,0,,,0,0
RECLAIM-V2-004766,RETRY_ALL,0,,,0,0
RECLAIM-V2-004767,TARGET,1,,,0,0
RECLAIM-V2-004768,RETRY_ALL,0,,,0,0
RECLAIM-V2-004769,RETRY_ALL,0,,,0,0
RECLAIM-V2-004770,RETRY_ALL,0,,,0,0
RECLAIM-V2-004771,RETRY_ALL,0,,,0,0
RECLAIM-V2-004772,RETRY_ALL,0,,,0,0
RECLAIM-V2-004773,RETRY_ALL,0,,,0,0
RECLAIM-V2-004774,RETRY_ALL,0,,,0,0
RECLAIM-V2-004775,RETRY_ALL,0,,,0,0
RECLAIM-V2-004776,TARGET,1,,,0,0
RECLAIM-V2-004777,RETRY_ALL,0,,,0,0
RECLAIM-V2-004778,RETRY_ALL,0,,,0,0
RECLAIM-V2-004779,RETRY_ALL,0,,,0,0
RECLAIM-V2-004780,RETRY_ALL,0,,,0,0
RECLAIM-V2-004781,RETRY_ALL,0,,,0,0
RECLAIM-V2-004782,RETRY_ALL,0,,,0,0
RECLAIM-V2-004783,RETRY_ALL,0,,,0,0
RECLAIM-V2-004784,RETRY_ALL,0,,,0,0
RECLAIM-V2-004785,RETRY_ALL,0,,,0,0
RECLAIM-V2-004786,TARGET,1,,,0,0
RECLAIM-V2-004787,RETRY_ALL,0,,,0,0
RECLAIM-V2-004788,RETRY_ALL,0,,,0,0
RECLAIM-V2-004789,RETRY_ALL,0,,,0,0
RECLAIM-V2-004790,RETRY_ALL,0,,,0,0
RECLAIM-V2-004791,RETRY_ALL,0,,,0,0
RECLAIM-V2-004792,TARGET,1,,,0,0
RECLAIM-V2-004793,RETRY_ALL,0,,,0,0
RECLAIM-V2-004794,RETRY_ALL,0,,,0,0
RECLAIM-V2-004795,RETRY_ALL,0,,,0,0
RECLAIM-V2-004796,RETRY_ALL,0,,,0,0
RECLAIM-V2-004797,RETRY_ALL,0,,,0,0
RECLAIM-V2-004798,RETRY_ALL,0,,,0,0
RECLAIM-V2-004799,RETRY_ALL,0,,,0,0
RECLAIM-V2-004800,RETRY_ALL,0,,,0,0
RECLAIM-V2-004801,RETRY_ALL,0,,,0,0
RECLAIM-V2-004802,RETRY_ALL,0,,,0,0
RECLAIM-V2-004803,RETRY_ALL,0,,,0,0
RECLAIM-V2-004804,RETRY_ALL,0,,,0,0
RECLAIM-V2-004805,RETRY_ALL,0,,,0,0
RECLAIM-V2-004806,RETRY_ALL,0,,,0,0
RECLAIM-V2-004807,RETRY_ALL,0,,,0,0
RECLAIM-V2-004808,RETRY_ALL,0,,,0,0
RECLAIM-V2-004809,RETRY_ALL,0,,,0,0
RECLAIM-V2-004810,RETRY_ALL,0,,,0,0
RECLAIM-V2-004811,RETRY_ALL,0,,,0,0
RECLAIM-V2-004812,RETRY_ALL,0,,,0,0
RECLAIM-V2-004813,RETRY_ALL,0,,,0,0
RECLAIM-V2-004814,RETRY_ALL,0,,,0,0
RECLAIM-V2-004815,RETRY_ALL,0,,,0,0
RECLAIM-V2-004816,RETRY_ALL,0,,,0,0
RECLAIM-V2-004817,RETRY_ALL,0,,,0,0
RECLAIM-V2-004818,RETRY_ALL,0,,,0,0
RECLAIM-V2-004819,RETRY_ALL,0,,,0,0
RECLAIM-V2-004820,RETRY_ALL,0,,,0,0
RECLAIM-V2-004821,RETRY_ALL,0,,,0,0
RECLAIM-V2-004822,RETRY_ALL,0,,,0,0
RECLAIM-V2-004823,RETRY_ALL,0,,,0,0
RECLAIM-V2-004824,RETRY_ALL,0,,,0,0
RECLAIM-V2-004825,RETRY_ALL,0,,,0,0
RECLAIM-V2-004826,RETRY_ALL,0,,,0,0
RECLAIM-V2-004827,TARGET,1,,,0,0
RECLAIM-V2-004828,RETRY_ALL,0,,,0,0
RECLAIM-V2-004829,RETRY_ALL,0,,,0,0
RECLAIM-V2-004830,RETRY_ALL,0,,,0,0
RECLAIM-V2-004831,RETRY_ALL,0,,,0,0
RECLAIM-V2-004832,RETRY_ALL,0,,,0,0
RECLAIM-V2-004833,RETRY_ALL,0,,,0,0
RECLAIM-V2-004834,TARGET,1,,,0,0
RECLAIM-V2-004835,RETRY_ALL,0,,,0,0
RECLAIM-V2-004836,RETRY_ALL,0,,,0,0
RECLAIM-V2-004837,RETRY_ALL,0,,,0,0
RECLAIM-V2-004838,RETRY_ALL,0,,,0,0
RECLAIM-V2-004839,RETRY_ALL,0,,,0,0
RECLAIM-V2-004840,RETRY_ALL,0,,,0,0
RECLAIM-V2-004841,RETRY_ALL,0,,,0,0
RECLAIM-V2-004842,RETRY_ALL,0,,,0,0
RECLAIM-V2-004843,RETRY_ALL,0,,,0,0
RECLAIM-V2-004844,RETRY_ALL,0,,,0,0
RECLAIM-V2-004845,RETRY_ALL,0,,,0,0
RECLAIM-V2-004846,RETRY_ALL,0,,,0,0
RECLAIM-V2-004847,RETRY_ALL,0,,,0,0
RECLAIM-V2-004848,RETRY_ALL,0,,,0,0
RECLAIM-V2-004849,RETRY_ALL,0,,,0,0
RECLAIM-V2-004850,RETRY_ALL,0,,,0,0
RECLAIM-V2-004851,RETRY_ALL,0,,,0,0
RECLAIM-V2-004852,RETRY_ALL,0,,,0,0
RECLAIM-V2-004853,RETRY_ALL,0,,,0,0
RECLAIM-V2-004854,RETRY_ALL,0,,,0,0
RECLAIM-V2-004855,RETRY_ALL,0,,,0,0
RECLAIM-V2-004856,RETRY_ALL,0,,,0,0
RECLAIM-V2-004857,RETRY_ALL,0,,,0,0
RECLAIM-V2-004858,RETRY_ALL,0,,,0,0
RECLAIM-V2-004859,RETRY_ALL,0,,,0,0
RECLAIM-V2-004860,RETRY_ALL,0,,,0,0
RECLAIM-V2-004861,RETRY_ALL,0,,,0,0
RECLAIM-V2-004862,RETRY_ALL,0,,,0,0
RECLAIM-V2-004863,RETRY_ALL,0,,,0,0
RECLAIM-V2-004864,TARGET,1,,,0,0
RECLAIM-V2-004865,RETRY_ALL,0,,,0,0
RECLAIM-V2-004866,RETRY_ALL,0,,,0,0
RECLAIM-V2-004867,RETRY_ALL,0,,,0,0
RECLAIM-V2-004868,RETRY_ALL,0,,,0,0
RECLAIM-V2-004869,RETRY_ALL,0,,,0,0
RECLAIM-V2-004870,RETRY_ALL,0,,,0,0
RECLAIM-V2-004871,RETRY_ALL,0,,,0,0
RECLAIM-V2-004872,RETRY_ALL,0,,,0,0
RECLAIM-V2-004873,RETRY_ALL,0,,,0,0
RECLAIM-V2-004874,RETRY_ALL,0,,,0,0
RECLAIM-V2-004875,RETRY_ALL,0,,,0,0
RECLAIM-V2-004876,RETRY_ALL,0,,,0,0
RECLAIM-V2-004877,RETRY_ALL,0,,,0,0
RECLAIM-V2-004878,RETRY_ALL,0,,,0,0
RECLAIM-V2-004879,RETRY_ALL,0,,,0,0
RECLAIM-V2-004880,RETRY_ALL,0,,,0,0
RECLAIM-V2-004881,RETRY_ALL,0,,,0,0
RECLAIM-V2-004882,RETRY_ALL,0,,,0,0
RECLAIM-V2-004883,RETRY_ALL,0,,,0,0
RECLAIM-V2-004884,RETRY_ALL,0,,,0,0
RECLAIM-V2-004885,RETRY_ALL,0,,,0,0
RECLAIM-V2-004886,RETRY_ALL,0,,,0,0
RECLAIM-V2-004887,RETRY_ALL,0,,,0,0
RECLAIM-V2-004888,RETRY_ALL,0,,,0,0
RECLAIM-V2-004889,RETRY_ALL,0,,,0,0
RECLAIM-V2-004890,RETRY_ALL,0,,,0,0
RECLAIM-V2-004891,RETRY_ALL,0,,,0,0
RECLAIM-V2-004892,RETRY_ALL,0,,,0,0
RECLAIM-V2-004893,RETRY_ALL,0,,,0,0
RECLAIM-V2-004894,RETRY_ALL,0,,,0,0
RECLAIM-V2-004895,RETRY_ALL,0,,,0,0
RECLAIM-V2-004896,RETRY_ALL,0,,,0,0
RECLAIM-V2-004897,RETRY_ALL,0,,,0,0
RECLAIM-V2-004898,RETRY_ALL,0,,,0,0
RECLAIM-V2-004899,RETRY_ALL,0,,,0,0
RECLAIM-V2-004900,RETRY_ALL,0,,,0,0
RECLAIM-V2-004901,RETRY_ALL,0,,,0,0
RECLAIM-V2-004902,RETRY_ALL,0,,,0,0
RECLAIM-V2-004903,RETRY_ALL,0,,,0,0
RECLAIM-V2-004904,RETRY_ALL,0,,,0,0
RECLAIM-V2-004905,RETRY_ALL,0,,,0,0
RECLAIM-V2-004906,RETRY_ALL,0,,,0,0
RECLAIM-V2-004907,RETRY_ALL,0,,,0,0
RECLAIM-V2-004908,RETRY_ALL,0,,,0,0
RECLAIM-V2-004909,RETRY_ALL,0,,,0,0
RECLAIM-V2-004910,RETRY_ALL,0,,,0,0
RECLAIM-V2-004911,RETRY_ALL,0,,,0,0
RECLAIM-V2-004912,RETRY_ALL,0,,,0,0
RECLAIM-V2-004913,RETRY_ALL,0,,,0,0
RECLAIM-V2-004914,RETRY_ALL,0,,,0,0
RECLAIM-V2-004915,RETRY_ALL,0,,,0,0
RECLAIM-V2-004916,RETRY_ALL,0,,,0,0
RECLAIM-V2-004917,RETRY_ALL,0,,,0,0
RECLAIM-V2-004918,RETRY_ALL,0,,,0,0
RECLAIM-V2-004919,RETRY_ALL,0,,,0,0
RECLAIM-V2-004920,RETRY_ALL,0,,,0,0
RECLAIM-V2-004921,RETRY_ALL,0,,,0,0
RECLAIM-V2-004922,RETRY_ALL,0,,,0,0
RECLAIM-V2-004923,TARGET,1,,,0,0
RECLAIM-V2-004924,RETRY_ALL,0,,,0,0
RECLAIM-V2-004925,RETRY_ALL,0,,,0,0
RECLAIM-V2-004926,RETRY_ALL,0,,,0,0
RECLAIM-V2-004927,RETRY_ALL,0,,,0,0
RECLAIM-V2-004928,RETRY_ALL,0,,,0,0
RECLAIM-V2-004929,RETRY_ALL,0,,,0,0
RECLAIM-V2-004930,RETRY_ALL,0,,,0,0
RECLAIM-V2-004931,RETRY_ALL,0,,,0,0
RECLAIM-V2-004932,RETRY_ALL,0,,,0,0
RECLAIM-V2-004933,RETRY_ALL,0,,,0,0
RECLAIM-V2-004934,RETRY_ALL,0,,,0,0
RECLAIM-V2-004935,RETRY_ALL,0,,,0,0
RECLAIM-V2-004936,RETRY_ALL,0,,,0,0
RECLAIM-V2-004937,RETRY_ALL,0,,,0,0
RECLAIM-V2-004938,RETRY_ALL,0,,,0,0
RECLAIM-V2-004939,RETRY_ALL,0,,,0,0
RECLAIM-V2-004940,RETRY_ALL,0,,,0,0
RECLAIM-V2-004941,RETRY_ALL,0,,,0,0
RECLAIM-V2-004942,RETRY_ALL,0,,,0,0
RECLAIM-V2-004943,RETRY_ALL,0,,,0,0
RECLAIM-V2-004944,RETRY_ALL,0,,,0,0
RECLAIM-V2-004945,RETRY_ALL,0,,,0,0
RECLAIM-V2-004946,RETRY_ALL,0,,,0,0
RECLAIM-V2-004947,RETRY_ALL,0,,,0,0
RECLAIM-V2-004948,RETRY_ALL,0,,,0,0
RECLAIM-V2-004949,RETRY_ALL,0,,,0,0
RECLAIM-V2-004950,RETRY_ALL,0,,,0,0
RECLAIM-V2-004951,RETRY_ALL,0,,,0,0
RECLAIM-V2-004952,RETRY_ALL,0,,,0,0
RECLAIM-V2-004953,RETRY_ALL,0,,,0,0
RECLAIM-V2-004954,RETRY_ALL,0,,,0,0
RECLAIM-V2-004955,RETRY_ALL,0,,,0,0
RECLAIM-V2-004956,RETRY_ALL,0,,,0,0
RECLAIM-V2-004957,TARGET,1,,,0,0
RECLAIM-V2-004958,RETRY_ALL,0,,,0,0
RECLAIM-V2-004959,RETRY_ALL,0,,,0,0
RECLAIM-V2-004960,RETRY_ALL,0,,,0,0
RECLAIM-V2-004961,RETRY_ALL,0,,,0,0
RECLAIM-V2-004962,TARGET,1,,,0,0
RECLAIM-V2-004963,RETRY_ALL,0,,,0,0
RECLAIM-V2-004964,RETRY_ALL,0,,,0,0
RECLAIM-V2-004965,RETRY_ALL,0,,,0,0
RECLAIM-V2-004966,RETRY_ALL,0,,,0,0
RECLAIM-V2-004967,RETRY_ALL,0,,,0,0
RECLAIM-V2-004968,RETRY_ALL,0,,,0,0
RECLAIM-V2-004969,RETRY_ALL,0,,,0,0
RECLAIM-V2-004970,RETRY_ALL,0,,,0,0
RECLAIM-V2-004971,RETRY_ALL,0,,,0,0
RECLAIM-V2-004972,RETRY_ALL,0,,,0,0
RECLAIM-V2-004973,RETRY_ALL,0,,,0,0
RECLAIM-V2-004974,RETRY_ALL,0,,,0,0
RECLAIM-V2-004975,RETRY_ALL,0,,,0,0
RECLAIM-V2-004976,RETRY_ALL,0,,,0,0
RECLAIM-V2-004977,RETRY_ALL,0,,,0,0
RECLAIM-V2-004978,RETRY_ALL,0,,,0,0
RECLAIM-V2-004979,RETRY_ALL,0,,,0,0
RECLAIM-V2-004980,RETRY_ALL,0,,,0,0
RECLAIM-V2-004981,RETRY_ALL,0,,,0,0
RECLAIM-V2-004982,RETRY_ALL,0,,,0,0
RECLAIM-V2-004983,RETRY_ALL,0,,,0,0
RECLAIM-V2-004984,RETRY_ALL,0,,,0,0
RECLAIM-V2-004985,RETRY_ALL,0,,,0,0
RECLAIM-V2-004986,RETRY_ALL,0,,,0,0
RECLAIM-V2-004987,RETRY_ALL,0,,,0,0
RECLAIM-V2-004988,RETRY_ALL,0,,,0,0
RECLAIM-V2-004989,RETRY_ALL,0,,,0,0
RECLAIM-V2-004990,RETRY_ALL,0,,,0,0
RECLAIM-V2-004991,RETRY_ALL,0,,,0,0
RECLAIM-V2-004992,RETRY_ALL,0,,,0,0
RECLAIM-V2-004993,RETRY_ALL,0,,,0,0
RECLAIM-V2-004994,RETRY_ALL,0,,,0,0
RECLAIM-V2-004995,RETRY_ALL,0,,,0,0
RECLAIM-V2-004996,RETRY_ALL,0,,,0,0
RECLAIM-V2-004997,RETRY_ALL,0,,,0,0
RECLAIM-V2-004998,RETRY_ALL,0,,,0,0
RECLAIM-V2-004999,RETRY_ALL,0,,,0,0
RECLAIM-V2-005000,RETRY_ALL,0,,,0,0
RECLAIM-V2-005001,RETRY_ALL,0,,,0,0
RECLAIM-V2-005002,RETRY_ALL,0,,,0,0
RECLAIM-V2-005003,RETRY_ALL,0,,,0,0
RECLAIM-V2-005004,RETRY_ALL,0,,,0,0
RECLAIM-V2-005005,RETRY_ALL,0,,,0,0
RECLAIM-V2-005006,RETRY_ALL,0,,,0,0
RECLAIM-V2-005007,RETRY_ALL,0,,,0,0
RECLAIM-V2-005008,RETRY_ALL,0,,,0,0
RECLAIM-V2-005009,RETRY_ALL,0,,,0,0
RECLAIM-V2-005010,RETRY_ALL,0,,,0,0
RECLAIM-V2-005011,RETRY_ALL,0,,,0,0
RECLAIM-V2-005012,RETRY_ALL,0,,,0,0
RECLAIM-V2-005013,RETRY_ALL,0,,,0,0
RECLAIM-V2-005014,RETRY_ALL,0,,,0,0
RECLAIM-V2-005015,RETRY_ALL,0,,,0,0
RECLAIM-V2-005016,RETRY_ALL,0,,,0,0
RECLAIM-V2-005017,RETRY_ALL,0,,,0,0
RECLAIM-V2-005018,RETRY_ALL,0,,,0,0
RECLAIM-V2-005019,RETRY_ALL,0,,,0,0
RECLAIM-V2-005020,RETRY_ALL,0,,,0,0
RECLAIM-V2-005021,RETRY_ALL,0,,,0,0
RECLAIM-V2-005022,RETRY_ALL,0,,,0,0
RECLAIM-V2-005023,RETRY_ALL,0,,,0,0
RECLAIM-V2-005024,RETRY_ALL,0,,,0,0
RECLAIM-V2-005025,RETRY_ALL,0,,,0,0
RECLAIM-V2-005026,RETRY_ALL,0,,,0,0
RECLAIM-V2-005027,RETRY_ALL,0,,,0,0
RECLAIM-V2-005028,RETRY_ALL,0,,,0,0
RECLAIM-V2-005029,TARGET,1,,,0,0
RECLAIM-V2-005030,RETRY_ALL,0,,,0,0
RECLAIM-V2-005031,RETRY_ALL,0,,,0,0
RECLAIM-V2-005032,RETRY_ALL,0,,,0,0
RECLAIM-V2-005033,RETRY_ALL,0,,,0,0
RECLAIM-V2-005034,TARGET,1,,,0,0
RECLAIM-V2-005035,RETRY_ALL,0,,,0,0
RECLAIM-V2-005036,RETRY_ALL,0,,,0,0
RECLAIM-V2-005037,RETRY_ALL,0,,,0,0
RECLAIM-V2-005038,RETRY_ALL,0,,,0,0
RECLAIM-V2-005039,RETRY_ALL,0,,,0,0
RECLAIM-V2-005040,RETRY_ALL,0,,,0,0
RECLAIM-V2-005041,RETRY_ALL,0,,,0,0
RECLAIM-V2-005042,RETRY_ALL,0,,,0,0
RECLAIM-V2-005043,RETRY_ALL,0,,,0,0
RECLAIM-V2-005044,RETRY_ALL,0,,,0,0
RECLAIM-V2-005045,RETRY_ALL,0,,,0,0
RECLAIM-V2-005046,RETRY_ALL,0,,,0,0
RECLAIM-V2-005047,RETRY_ALL,0,,,0,0
RECLAIM-V2-005048,RETRY_ALL,0,,,0,0
RECLAIM-V2-005049,RETRY_ALL,0,,,0,0
RECLAIM-V2-005050,RETRY_ALL,0,,,0,0
RECLAIM-V2-005051,RETRY_ALL,0,,,0,0
RECLAIM-V2-005052,RETRY_ALL,0,,,0,0
RECLAIM-V2-005053,RETRY_ALL,0,,,0,0
RECLAIM-V2-005054,RETRY_ALL,0,,,0,0
RECLAIM-V2-005055,RETRY_ALL,0,,,0,0
RECLAIM-V2-005056,RETRY_ALL,0,,,0,0
RECLAIM-V2-005057,TARGET,1,,,0,0
RECLAIM-V2-005058,RETRY_ALL,0,,,0,0
RECLAIM-V2-005059,TARGET,1,,,0,0
RECLAIM-V2-005060,RETRY_ALL,0,,,0,0
RECLAIM-V2-005061,RETRY_ALL,0,,,0,0
RECLAIM-V2-005062,RETRY_ALL,0,,,0,0
RECLAIM-V2-005063,RETRY_ALL,0,,,0,0
RECLAIM-V2-005064,RETRY_ALL,0,,,0,0
RECLAIM-V2-005065,RETRY_ALL,0,,,0,0
RECLAIM-V2-005066,RETRY_ALL,0,,,0,0
RECLAIM-V2-005067,RETRY_ALL,0,,,0,0
RECLAIM-V2-005068,RETRY_ALL,0,,,0,0
RECLAIM-V2-005069,RETRY_ALL,0,,,0,0
RECLAIM-V2-005070,RETRY_ALL,0,,,0,0
RECLAIM-V2-005071,RETRY_ALL,0,,,0,0
RECLAIM-V2-005072,RETRY_ALL,0,,,0,0
RECLAIM-V2-005073,RETRY_ALL,0,,,0,0
RECLAIM-V2-005074,RETRY_ALL,0,,,0,0
RECLAIM-V2-005075,RETRY_ALL,0,,,0,0
RECLAIM-V2-005076,RETRY_ALL,0,,,0,0
RECLAIM-V2-005077,RETRY_ALL,0,,,0,0
RECLAIM-V2-005078,RETRY_ALL,0,,,0,0
RECLAIM-V2-005079,RETRY_ALL,0,,,0,0
RECLAIM-V2-005080,RETRY_ALL,0,,,0,0
RECLAIM-V2-005081,RETRY_ALL,0,,,0,0
RECLAIM-V2-005082,RETRY_ALL,0,,,0,0
RECLAIM-V2-005083,RETRY_ALL,0,,,0,0
RECLAIM-V2-005084,RETRY_ALL,0,,,0,0
RECLAIM-V2-005085,RETRY_ALL,0,,,0,0
RECLAIM-V2-005086,RETRY_ALL,0,,,0,0
RECLAIM-V2-005087,RETRY_ALL,0,,,0,0
RECLAIM-V2-005088,TARGET,1,,,0,0
RECLAIM-V2-005089,RETRY_ALL,0,,,0,0
RECLAIM-V2-005090,RETRY_ALL,0,,,0,0
RECLAIM-V2-005091,RETRY_ALL,0,,,0,0
RECLAIM-V2-005092,RETRY_ALL,0,,,0,0
RECLAIM-V2-005093,TARGET,1,,,0,0
RECLAIM-V2-005094,RETRY_ALL,0,,,0,0
RECLAIM-V2-005095,RETRY_ALL,0,,,0,0
RECLAIM-V2-005096,RETRY_ALL,0,,,0,0
RECLAIM-V2-005097,RETRY_ALL,0,,,0,0
RECLAIM-V2-005098,RETRY_ALL,0,,,0,0
RECLAIM-V2-005099,RETRY_ALL,0,,,0,0
RECLAIM-V2-005100,RETRY_ALL,0,,,0,0
RECLAIM-V2-005101,RETRY_ALL,0,,,0,0
RECLAIM-V2-005102,RETRY_ALL,0,,,0,0
RECLAIM-V2-005103,RETRY_ALL,0,,,0,0
RECLAIM-V2-005104,RETRY_ALL,0,,,0,0
RECLAIM-V2-005105,RETRY_ALL,0,,,0,0
RECLAIM-V2-005106,RETRY_ALL,0,,,0,0
RECLAIM-V2-005107,RETRY_ALL,0,,,0,0
RECLAIM-V2-005108,RETRY_ALL,0,,,0,0
RECLAIM-V2-005109,RETRY_ALL,0,,,0,0
RECLAIM-V2-005110,RETRY_ALL,0,,,0,0
RECLAIM-V2-005111,TARGET,1,,,0,0
RECLAIM-V2-005112,RETRY_ALL,0,,,0,0
RECLAIM-V2-005113,RETRY_ALL,0,,,0,0
RECLAIM-V2-005114,RETRY_ALL,0,,,0,0
RECLAIM-V2-005115,RETRY_ALL,0,,,0,0
RECLAIM-V2-005116,RETRY_ALL,0,,,0,0
RECLAIM-V2-005117,RETRY_ALL,0,,,0,0
RECLAIM-V2-005118,RETRY_ALL,0,,,0,0
RECLAIM-V2-005119,RETRY_ALL,0,,,0,0
RECLAIM-V2-005120,TARGET,1,,,0,0
RECLAIM-V2-005121,RETRY_ALL,0,,,0,0
RECLAIM-V2-005122,RETRY_ALL,0,,,0,0
RECLAIM-V2-005123,RETRY_ALL,0,,,0,0
RECLAIM-V2-005124,RETRY_ALL,0,,,0,0
RECLAIM-V2-005125,RETRY_ALL,0,,,0,0
RECLAIM-V2-005126,RETRY_ALL,0,,,0,0
RECLAIM-V2-005127,RETRY_ALL,0,,,0,0
RECLAIM-V2-005128,RETRY_ALL,0,,,0,0
RECLAIM-V2-005129,RETRY_ALL,0,,,0,0
RECLAIM-V2-005130,RETRY_ALL,0,,,0,0
RECLAIM-V2-005131,RETRY_ALL,0,,,0,0
RECLAIM-V2-005132,RETRY_ALL,0,,,0,0
RECLAIM-V2-005133,RETRY_ALL,0,,,0,0
RECLAIM-V2-005134,RETRY_ALL,0,,,0,0
RECLAIM-V2-005135,RETRY_ALL,0,,,0,0
RECLAIM-V2-005136,RETRY_ALL,0,,,0,0
RECLAIM-V2-005137,RETRY_ALL,0,,,0,0
RECLAIM-V2-005138,RETRY_ALL,0,,,0,0
RECLAIM-V2-005139,TARGET,1,,,0,0
RECLAIM-V2-005140,RETRY_ALL,0,,,0,0
RECLAIM-V2-005141,RETRY_ALL,0,,,0,0
RECLAIM-V2-005142,RETRY_ALL,0,,,0,0
RECLAIM-V2-005143,TARGET,1,,,0,0
RECLAIM-V2-005144,RETRY_ALL,0,,,0,0
RECLAIM-V2-005145,TARGET,1,,,0,0
RECLAIM-V2-005146,RETRY_ALL,0,,,0,0
RECLAIM-V2-005147,RETRY_ALL,0,,,0,0
RECLAIM-V2-005148,RETRY_ALL,0,,,0,0
RECLAIM-V2-005149,RETRY_ALL,0,,,0,0
RECLAIM-V2-005150,TARGET,1,,,0,0
RECLAIM-V2-005151,RETRY_ALL,0,,,0,0
RECLAIM-V2-005152,RETRY_ALL,0,,,0,0
RECLAIM-V2-005153,RETRY_ALL,0,,,0,0
RECLAIM-V2-005154,RETRY_ALL,0,,,0,0
RECLAIM-V2-005155,RETRY_ALL,0,,,0,0
RECLAIM-V2-005156,RETRY_ALL,0,,,0,0
RECLAIM-V2-005157,RETRY_ALL,0,,,0,0
RECLAIM-V2-005158,RETRY_ALL,0,,,0,0
RECLAIM-V2-005159,RETRY_ALL,0,,,0,0
RECLAIM-V2-005160,RETRY_ALL,0,,,0,0
RECLAIM-V2-005161,RETRY_ALL,0,,,0,0
RECLAIM-V2-005162,RETRY_ALL,0,,,0,0
RECLAIM-V2-005163,RETRY_ALL,0,,,0,0
RECLAIM-V2-005164,RETRY_ALL,0,,,0,0
RECLAIM-V2-005165,RETRY_ALL,0,,,0,0
RECLAIM-V2-005166,RETRY_ALL,0,,,0,0
RECLAIM-V2-005167,RETRY_ALL,0,,,0,0
RECLAIM-V2-005168,RETRY_ALL,0,,,0,0
RECLAIM-V2-005169,RETRY_ALL,0,,,0,0
RECLAIM-V2-005170,RETRY_ALL,0,,,0,0
RECLAIM-V2-005171,RETRY_ALL,0,,,0,0
RECLAIM-V2-005172,RETRY_ALL,0,,,0,0
RECLAIM-V2-005173,RETRY_ALL,0,,,0,0
RECLAIM-V2-005174,RETRY_ALL,0,,,0,0
RECLAIM-V2-005175,RETRY_ALL,0,,,0,0
RECLAIM-V2-005176,RETRY_ALL,0,,,0,0
RECLAIM-V2-005177,RETRY_ALL,0,,,0,0
RECLAIM-V2-005178,RETRY_ALL,0,,,0,0
RECLAIM-V2-005179,RETRY_ALL,0,,,0,0
RECLAIM-V2-005180,RETRY_ALL,0,,,0,0
RECLAIM-V2-005181,RETRY_ALL,0,,,0,0
RECLAIM-V2-005182,RETRY_ALL,0,,,0,0
RECLAIM-V2-005183,RETRY_ALL,0,,,0,0
RECLAIM-V2-005184,RETRY_ALL,0,,,0,0
RECLAIM-V2-005185,RETRY_ALL,0,,,0,0
RECLAIM-V2-005186,RETRY_ALL,0,,,0,0
RECLAIM-V2-005187,TARGET,1,,,0,0
RECLAIM-V2-005188,RETRY_ALL,0,,,0,0
RECLAIM-V2-005189,RETRY_ALL,0,,,0,0
RECLAIM-V2-005190,RETRY_ALL,0,,,0,0
RECLAIM-V2-005191,RETRY_ALL,0,,,0,0
RECLAIM-V2-005192,TARGET,1,,,0,0
RECLAIM-V2-005193,RETRY_ALL,0,,,0,0
RECLAIM-V2-005194,RETRY_ALL,0,,,0,0
RECLAIM-V2-005195,RETRY_ALL,0,,,0,0
RECLAIM-V2-005196,RETRY_ALL,0,,,0,0
RECLAIM-V2-005197,RETRY_ALL,0,,,0,0
RECLAIM-V2-005198,RETRY_ALL,0,,,0,0
RECLAIM-V2-005199,RETRY_ALL,0,,,0,0
RECLAIM-V2-005200,RETRY_ALL,0,,,0,0
RECLAIM-V2-005201,RETRY_ALL,0,,,0,0
RECLAIM-V2-005202,RETRY_ALL,0,,,0,0
RECLAIM-V2-005203,RETRY_ALL,0,,,0,0
RECLAIM-V2-005204,RETRY_ALL,0,,,0,0
RECLAIM-V2-005205,RETRY_ALL,0,,,0,0
RECLAIM-V2-005206,RETRY_ALL,0,,,0,0
RECLAIM-V2-005207,RETRY_ALL,0,,,0,0
RECLAIM-V2-005208,TARGET,1,,,0,0
RECLAIM-V2-005209,RETRY_ALL,0,,,0,0
RECLAIM-V2-005210,RETRY_ALL,0,,,0,0
RECLAIM-V2-005211,RETRY_ALL,0,,,0,0
RECLAIM-V2-005212,RETRY_ALL,0,,,0,0
RECLAIM-V2-005213,RETRY_ALL,0,,,0,0
RECLAIM-V2-005214,RETRY_ALL,0,,,0,0
RECLAIM-V2-005215,RETRY_ALL,0,,,0,0
RECLAIM-V2-005216,RETRY_ALL,0,,,0,0
RECLAIM-V2-005217,RETRY_ALL,0,,,0,0
RECLAIM-V2-005218,RETRY_ALL,0,,,0,0
RECLAIM-V2-005219,RETRY_ALL,0,,,0,0
RECLAIM-V2-005220,RETRY_ALL,0,,,0,0
RECLAIM-V2-005221,RETRY_ALL,0,,,0,0
RECLAIM-V2-005222,RETRY_ALL,0,,,0,0
RECLAIM-V2-005223,RETRY_ALL,0,,,0,0
RECLAIM-V2-005224,RETRY_ALL,0,,,0,0
RECLAIM-V2-005225,TARGET,1,,,0,0
RECLAIM-V2-005226,RETRY_ALL,0,,,0,0
RECLAIM-V2-005227,RETRY_ALL,0,,,0,0
RECLAIM-V2-005228,RETRY_ALL,0,,,0,0
RECLAIM-V2-005229,RETRY_ALL,0,,,0,0
RECLAIM-V2-005230,RETRY_ALL,0,,,0,0
RECLAIM-V2-005231,RETRY_ALL,0,,,0,0
RECLAIM-V2-005232,RETRY_ALL,0,,,0,0
RECLAIM-V2-005233,TARGET,1,,,0,0
RECLAIM-V2-005234,RETRY_ALL,0,,,0,0
RECLAIM-V2-005235,RETRY_ALL,0,,,0,0
RECLAIM-V2-005236,RETRY_ALL,0,,,0,0
RECLAIM-V2-005237,RETRY_ALL,0,,,0,0
RECLAIM-V2-005238,RETRY_ALL,0,,,0,0
RECLAIM-V2-005239,RETRY_ALL,0,,,0,0
RECLAIM-V2-005240,RETRY_ALL,0,,,0,0
RECLAIM-V2-005241,RETRY_ALL,0,,,0,0
RECLAIM-V2-005242,RETRY_ALL,0,,,0,0
RECLAIM-V2-005243,RETRY_ALL,0,,,0,0
RECLAIM-V2-005244,RETRY_ALL,0,,,0,0
RECLAIM-V2-005245,RETRY_ALL,0,,,0,0
RECLAIM-V2-005246,RETRY_ALL,0,,,0,0
RECLAIM-V2-005247,RETRY_ALL,0,,,0,0
RECLAIM-V2-005248,RETRY_ALL,0,,,0,0
RECLAIM-V2-005249,RETRY_ALL,0,,,0,0
RECLAIM-V2-005250,RETRY_ALL,0,,,0,0
RECLAIM-V2-005251,RETRY_ALL,0,,,0,0
RECLAIM-V2-005252,RETRY_ALL,0,,,0,0
RECLAIM-V2-005253,TARGET,1,,,0,0
RECLAIM-V2-005254,RETRY_ALL,0,,,0,0
RECLAIM-V2-005255,RETRY_ALL,0,,,0,0
RECLAIM-V2-005256,RETRY_ALL,0,,,0,0
RECLAIM-V2-005257,RETRY_ALL,0,,,0,0
RECLAIM-V2-005258,RETRY_ALL,0,,,0,0
RECLAIM-V2-005259,RETRY_ALL,0,,,0,0
RECLAIM-V2-005260,RETRY_ALL,0,,,0,0
RECLAIM-V2-005261,RETRY_ALL,0,,,0,0
RECLAIM-V2-005262,RETRY_ALL,0,,,0,0
RECLAIM-V2-005263,RETRY_ALL,0,,,0,0
RECLAIM-V2-005264,RETRY_ALL,0,,,0,0
RECLAIM-V2-005265,RETRY_ALL,0,,,0,0
RECLAIM-V2-005266,RETRY_ALL,0,,,0,0
RECLAIM-V2-005267,RETRY_ALL,0,,,0,0
RECLAIM-V2-005268,RETRY_ALL,0,,,0,0
RECLAIM-V2-005269,RETRY_ALL,0,,,0,0
RECLAIM-V2-005270,RETRY_ALL,0,,,0,0
RECLAIM-V2-005271,RETRY_ALL,0,,,0,0
RECLAIM-V2-005272,RETRY_ALL,0,,,0,0
RECLAIM-V2-005273,RETRY_ALL,0,,,0,0
RECLAIM-V2-005274,RETRY_ALL,0,,,0,0
RECLAIM-V2-005275,RETRY_ALL,0,,,0,0
RECLAIM-V2-005276,RETRY_ALL,0,,,0,0
RECLAIM-V2-005277,RETRY_ALL,0,,,0,0
RECLAIM-V2-005278,RETRY_ALL,0,,,0,0
RECLAIM-V2-005279,TARGET,1,,,0,0
RECLAIM-V2-005280,RETRY_ALL,0,,,0,0
RECLAIM-V2-005281,RETRY_ALL,0,,,0,0
RECLAIM-V2-005282,RETRY_ALL,0,,,0,0
RECLAIM-V2-005283,RETRY_ALL,0,,,0,0
RECLAIM-V2-005284,RETRY_ALL,0,,,0,0
RECLAIM-V2-005285,RETRY_ALL,0,,,0,0
RECLAIM-V2-005286,TARGET,1,,,0,0
RECLAIM-V2-005287,TARGET,1,,,0,0
RECLAIM-V2-005288,RETRY_ALL,0,,,0,0
RECLAIM-V2-005289,RETRY_ALL,0,,,0,0
RECLAIM-V2-005290,RETRY_ALL,0,,,0,0
RECLAIM-V2-005291,RETRY_ALL,0,,,0,0
RECLAIM-V2-005292,RETRY_ALL,0,,,0,0
RECLAIM-V2-005293,RETRY_ALL,0,,,0,0
RECLAIM-V2-005294,RETRY_ALL,0,,,0,0
RECLAIM-V2-005295,RETRY_ALL,0,,,0,0
RECLAIM-V2-005296,RETRY_ALL,0,,,0,0
RECLAIM-V2-005297,RETRY_ALL,0,,,0,0
RECLAIM-V2-005298,RETRY_ALL,0,,,0,0
RECLAIM-V2-005299,RETRY_ALL,0,,,0,0
RECLAIM-V2-005300,RETRY_ALL,0,,,0,0
RECLAIM-V2-005301,RETRY_ALL,0,,,0,0
RECLAIM-V2-005302,RETRY_ALL,0,,,0,0
RECLAIM-V2-005303,RETRY_ALL,0,,,0,0
RECLAIM-V2-005304,RETRY_ALL,0,,,0,0
RECLAIM-V2-005305,RETRY_ALL,0,,,0,0
RECLAIM-V2-005306,RETRY_ALL,0,,,0,0
RECLAIM-V2-005307,RETRY_ALL,0,,,0,0
RECLAIM-V2-005308,RETRY_ALL,0,,,0,0
RECLAIM-V2-005309,RETRY_ALL,0,,,0,0
RECLAIM-V2-005310,RETRY_ALL,0,,,0,0
RECLAIM-V2-005311,RETRY_ALL,0,,,0,0
RECLAIM-V2-005312,RETRY_ALL,0,,,0,0
RECLAIM-V2-005313,RETRY_ALL,0,,,0,0
RECLAIM-V2-005314,RETRY_ALL,0,,,0,0
RECLAIM-V2-005315,TARGET,1,,,0,0
RECLAIM-V2-005316,RETRY_ALL,0,,,0,0
RECLAIM-V2-005317,RETRY_ALL,0,,,0,0
RECLAIM-V2-005318,RETRY_ALL,0,,,0,0
RECLAIM-V2-005319,RETRY_ALL,0,,,0,0
RECLAIM-V2-005320,RETRY_ALL,0,,,0,0
RECLAIM-V2-005321,RETRY_ALL,0,,,0,0
RECLAIM-V2-005322,RETRY_ALL,0,,,0,0
RECLAIM-V2-005323,RETRY_ALL,0,,,0,0
RECLAIM-V2-005324,RETRY_ALL,0,,,0,0
RECLAIM-V2-005325,RETRY_ALL,0,,,0,0
RECLAIM-V2-005326,RETRY_ALL,0,,,0,0
RECLAIM-V2-005327,RETRY_ALL,0,,,0,0
RECLAIM-V2-005328,TARGET,1,,,0,0
RECLAIM-V2-005329,RETRY_ALL,0,,,0,0
RECLAIM-V2-005330,RETRY_ALL,0,,,0,0
RECLAIM-V2-005331,RETRY_ALL,0,,,0,0
RECLAIM-V2-005332,RETRY_ALL,0,,,0,0
RECLAIM-V2-005333,RETRY_ALL,0,,,0,0
RECLAIM-V2-005334,RETRY_ALL,0,,,0,0
RECLAIM-V2-005335,RETRY_ALL,0,,,0,0
RECLAIM-V2-005336,TARGET,1,,,0,0
RECLAIM-V2-005337,RETRY_ALL,0,,,0,0
RECLAIM-V2-005338,RETRY_ALL,0,,,0,0
RECLAIM-V2-005339,RETRY_ALL,0,,,0,0
RECLAIM-V2-005340,RETRY_ALL,0,,,0,0
RECLAIM-V2-005341,RETRY_ALL,0,,,0,0
RECLAIM-V2-005342,RETRY_ALL,0,,,0,0
RECLAIM-V2-005343,RETRY_ALL,0,,,0,0
RECLAIM-V2-005344,RETRY_ALL,0,,,0,0
RECLAIM-V2-005345,RETRY_ALL,0,,,0,0
RECLAIM-V2-005346,RETRY_ALL,0,,,0,0
RECLAIM-V2-005347,RETRY_ALL,0,,,0,0
RECLAIM-V2-005348,RETRY_ALL,0,,,0,0
RECLAIM-V2-005349,RETRY_ALL,0,,,0,0
RECLAIM-V2-005350,RETRY_ALL,0,,,0,0
RECLAIM-V2-005351,RETRY_ALL,0,,,0,0
RECLAIM-V2-005352,RETRY_ALL,0,,,0,0
RECLAIM-V2-005353,RETRY_ALL,0,,,0,0
RECLAIM-V2-005354,RETRY_ALL,0,,,0,0
RECLAIM-V2-005355,RETRY_ALL,0,,,0,0
RECLAIM-V2-005356,RETRY_ALL,0,,,0,0
RECLAIM-V2-005357,RETRY_ALL,0,,,0,0
RECLAIM-V2-005358,RETRY_ALL,0,,,0,0
RECLAIM-V2-005359,RETRY_ALL,0,,,0,0
RECLAIM-V2-005360,RETRY_ALL,0,,,0,0
RECLAIM-V2-005361,RETRY_ALL,0,,,0,0
RECLAIM-V2-005362,RETRY_ALL,0,,,0,0
RECLAIM-V2-005363,RETRY_ALL,0,,,0,0
RECLAIM-V2-005364,RETRY_ALL,0,,,0,0
RECLAIM-V2-005365,RETRY_ALL,0,,,0,0
RECLAIM-V2-005366,RETRY_ALL,0,,,0,0
RECLAIM-V2-005367,RETRY_ALL,0,,,0,0
RECLAIM-V2-005368,RETRY_ALL,0,,,0,0
RECLAIM-V2-005369,RETRY_ALL,0,,,0,0
RECLAIM-V2-005370,RETRY_ALL,0,,,0,0
RECLAIM-V2-005371,RETRY_ALL,0,,,0,0
RECLAIM-V2-005372,RETRY_ALL,0,,,0,0
RECLAIM-V2-005373,RETRY_ALL,0,,,0,0
RECLAIM-V2-005374,RETRY_ALL,0,,,0,0
RECLAIM-V2-005375,RETRY_ALL,0,,,0,0
RECLAIM-V2-005376,RETRY_ALL,0,,,0,0
RECLAIM-V2-005377,RETRY_ALL,0,,,0,0
RECLAIM-V2-005378,RETRY_ALL,0,,,0,0
RECLAIM-V2-005379,RETRY_ALL,0,,,0,0
RECLAIM-V2-005380,RETRY_ALL,0,,,0,0
RECLAIM-V2-005381,RETRY_ALL,0,,,0,0
RECLAIM-V2-005382,RETRY_ALL,0,,,0,0
RECLAIM-V2-005383,RETRY_ALL,0,,,0,0
RECLAIM-V2-005384,RETRY_ALL,0,,,0,0
RECLAIM-V2-005385,RETRY_ALL,0,,,0,0
RECLAIM-V2-005386,RETRY_ALL,0,,,0,0
RECLAIM-V2-005387,RETRY_ALL,0,,,0,0
RECLAIM-V2-005388,RETRY_ALL,0,,,0,0
RECLAIM-V2-005389,RETRY_ALL,0,,,0,0
RECLAIM-V2-005390,RETRY_ALL,0,,,0,0
RECLAIM-V2-005391,RETRY_ALL,0,,,0,0
RECLAIM-V2-005392,RETRY_ALL,0,,,0,0
RECLAIM-V2-005393,TARGET,1,,,0,0
RECLAIM-V2-005394,RETRY_ALL,0,,,0,0
RECLAIM-V2-005395,RETRY_ALL,0,,,0,0
RECLAIM-V2-005396,RETRY_ALL,0,,,0,0
RECLAIM-V2-005397,RETRY_ALL,0,,,0,0
RECLAIM-V2-005398,RETRY_ALL,0,,,0,0
RECLAIM-V2-005399,RETRY_ALL,0,,,0,0
RECLAIM-V2-005400,RETRY_ALL,0,,,0,0
RECLAIM-V2-005401,RETRY_ALL,0,,,0,0
RECLAIM-V2-005402,RETRY_ALL,0,,,0,0
RECLAIM-V2-005403,RETRY_ALL,0,,,0,0
RECLAIM-V2-005404,RETRY_ALL,0,,,0,0
RECLAIM-V2-005405,RETRY_ALL,0,,,0,0
RECLAIM-V2-005406,RETRY_ALL,0,,,0,0
RECLAIM-V2-005407,RETRY_ALL,0,,,0,0
RECLAIM-V2-005408,RETRY_ALL,0,,,0,0
RECLAIM-V2-005409,RETRY_ALL,0,,,0,0
RECLAIM-V2-005410,RETRY_ALL,0,,,0,0
RECLAIM-V2-005411,RETRY_ALL,0,,,0,0
RECLAIM-V2-005412,RETRY_ALL,0,,,0,0
RECLAIM-V2-005413,RETRY_ALL,0,,,0,0
RECLAIM-V2-005414,RETRY_ALL,0,,,0,0
RECLAIM-V2-005415,RETRY_ALL,0,,,0,0
RECLAIM-V2-005416,RETRY_ALL,0,,,0,0
RECLAIM-V2-005417,RETRY_ALL,0,,,0,0
RECLAIM-V2-005418,RETRY_ALL,0,,,0,0
RECLAIM-V2-005419,RETRY_ALL,0,,,0,0
RECLAIM-V2-005420,RETRY_ALL,0,,,0,0
RECLAIM-V2-005421,RETRY_ALL,0,,,0,0
RECLAIM-V2-005422,RETRY_ALL,0,,,0,0
RECLAIM-V2-005423,RETRY_ALL,0,,,0,0
RECLAIM-V2-005424,RETRY_ALL,0,,,0,0
RECLAIM-V2-005425,TARGET,1,,,0,0
RECLAIM-V2-005426,RETRY_ALL,0,,,0,0
RECLAIM-V2-005427,TARGET,1,,,0,0
RECLAIM-V2-005428,TARGET,1,,,0,0
RECLAIM-V2-005429,RETRY_ALL,0,,,0,0
RECLAIM-V2-005430,RETRY_ALL,0,,,0,0
RECLAIM-V2-005431,RETRY_ALL,0,,,0,0
RECLAIM-V2-005432,RETRY_ALL,0,,,0,0
RECLAIM-V2-005433,RETRY_ALL,0,,,0,0
RECLAIM-V2-005434,RETRY_ALL,0,,,0,0
RECLAIM-V2-005435,RETRY_ALL,0,,,0,0
RECLAIM-V2-005436,RETRY_ALL,0,,,0,0
RECLAIM-V2-005437,RETRY_ALL,0,,,0,0
RECLAIM-V2-005438,RETRY_ALL,0,,,0,0
RECLAIM-V2-005439,RETRY_ALL,0,,,0,0
RECLAIM-V2-005440,RETRY_ALL,0,,,0,0
RECLAIM-V2-005441,RETRY_ALL,0,,,0,0
RECLAIM-V2-005442,RETRY_ALL,0,,,0,0
RECLAIM-V2-005443,RETRY_ALL,0,,,0,0
RECLAIM-V2-005444,RETRY_ALL,0,,,0,0
RECLAIM-V2-005445,RETRY_ALL,0,,,0,0
RECLAIM-V2-005446,RETRY_ALL,0,,,0,0
RECLAIM-V2-005447,RETRY_ALL,0,,,0,0
RECLAIM-V2-005448,RETRY_ALL,0,,,0,0
RECLAIM-V2-005449,RETRY_ALL,0,,,0,0
RECLAIM-V2-005450,RETRY_ALL,0,,,0,0
RECLAIM-V2-005451,RETRY_ALL,0,,,0,0
RECLAIM-V2-005452,RETRY_ALL,0,,,0,0
RECLAIM-V2-005453,RETRY_ALL,0,,,0,0
RECLAIM-V2-005454,RETRY_ALL,0,,,0,0
RECLAIM-V2-005455,RETRY_ALL,0,,,0,0
RECLAIM-V2-005456,RETRY_ALL,0,,,0,0
RECLAIM-V2-005457,RETRY_ALL,0,,,0,0
RECLAIM-V2-005458,RETRY_ALL,0,,,0,0
RECLAIM-V2-005459,RETRY_ALL,0,,,0,0
RECLAIM-V2-005460,RETRY_ALL,0,,,0,0
RECLAIM-V2-005461,RETRY_ALL,0,,,0,0
RECLAIM-V2-005462,RETRY_ALL,0,,,0,0
RECLAIM-V2-005463,RETRY_ALL,0,,,0,0
RECLAIM-V2-005464,RETRY_ALL,0,,,0,0
RECLAIM-V2-005465,TARGET,1,,,0,0
RECLAIM-V2-005466,TARGET,1,,,0,0
RECLAIM-V2-005467,RETRY_ALL,0,,,0,0
RECLAIM-V2-005468,RETRY_ALL,0,,,0,0
RECLAIM-V2-005469,RETRY_ALL,0,,,0,0
RECLAIM-V2-005470,RETRY_ALL,0,,,0,0
RECLAIM-V2-005471,RETRY_ALL,0,,,0,0
RECLAIM-V2-005472,RETRY_ALL,0,,,0,0
RECLAIM-V2-005473,RETRY_ALL,0,,,0,0
RECLAIM-V2-005474,RETRY_ALL,0,,,0,0
RECLAIM-V2-005475,RETRY_ALL,0,,,0,0
RECLAIM-V2-005476,TARGET,1,,,0,0
RECLAIM-V2-005477,RETRY_ALL,0,,,0,0
RECLAIM-V2-005478,RETRY_ALL,0,,,0,0
RECLAIM-V2-005479,TARGET,1,,,0,0
RECLAIM-V2-005480,RETRY_ALL,0,,,0,0
RECLAIM-V2-005481,RETRY_ALL,0,,,0,0
RECLAIM-V2-005482,RETRY_ALL,0,,,0,0
RECLAIM-V2-005483,RETRY_ALL,0,,,0,0
RECLAIM-V2-005484,RETRY_ALL,0,,,0,0
RECLAIM-V2-005485,RETRY_ALL,0,,,0,0
RECLAIM-V2-005486,RETRY_ALL,0,,,0,0
RECLAIM-V2-005487,RETRY_ALL,0,,,0,0
RECLAIM-V2-005488,RETRY_ALL,0,,,0,0
RECLAIM-V2-005489,RETRY_ALL,0,,,0,0
RECLAIM-V2-005490,RETRY_ALL,0,,,0,0
RECLAIM-V2-005491,RETRY_ALL,0,,,0,0
RECLAIM-V2-005492,RETRY_ALL,0,,,0,0
RECLAIM-V2-005493,RETRY_ALL,0,,,0,0
RECLAIM-V2-005494,RETRY_ALL,0,,,0,0
RECLAIM-V2-005495,RETRY_ALL,0,,,0,0
RECLAIM-V2-005496,RETRY_ALL,0,,,0,0
RECLAIM-V2-005497,RETRY_ALL,0,,,0,0
RECLAIM-V2-005498,RETRY_ALL,0,,,0,0
RECLAIM-V2-005499,RETRY_ALL,0,,,0,0
RECLAIM-V2-005500,RETRY_ALL,0,,,0,0
RECLAIM-V2-005501,RETRY_ALL,0,,,0,0
RECLAIM-V2-005502,RETRY_ALL,0,,,0,0
RECLAIM-V2-005503,RETRY_ALL,0,,,0,0
RECLAIM-V2-005504,RETRY_ALL,0,,,0,0
RECLAIM-V2-005505,RETRY_ALL,0,,,0,0
RECLAIM-V2-005506,RETRY_ALL,0,,,0,0
RECLAIM-V2-005507,RETRY_ALL,0,,,0,0
RECLAIM-V2-005508,RETRY_ALL,0,,,0,0
RECLAIM-V2-005509,RETRY_ALL,0,,,0,0
RECLAIM-V2-005510,RETRY_ALL,0,,,0,0
RECLAIM-V2-005511,RETRY_ALL,0,,,0,0
RECLAIM-V2-005512,RETRY_ALL,0,,,0,0
RECLAIM-V2-005513,RETRY_ALL,0,,,0,0
RECLAIM-V2-005514,TARGET,1,,,0,0
RECLAIM-V2-005515,RETRY_ALL,0,,,0,0
RECLAIM-V2-005516,RETRY_ALL,0,,,0,0
RECLAIM-V2-005517,RETRY_ALL,0,,,0,0
RECLAIM-V2-005518,RETRY_ALL,0,,,0,0
RECLAIM-V2-005519,RETRY_ALL,0,,,0,0
RECLAIM-V2-005520,RETRY_ALL,0,,,0,0
RECLAIM-V2-005521,RETRY_ALL,0,,,0,0
RECLAIM-V2-005522,RETRY_ALL,0,,,0,0
RECLAIM-V2-005523,RETRY_ALL,0,,,0,0
RECLAIM-V2-005524,RETRY_ALL,0,,,0,0
RECLAIM-V2-005525,RETRY_ALL,0,,,0,0
RECLAIM-V2-005526,RETRY_ALL,0,,,0,0
RECLAIM-V2-005527,TARGET,1,,,0,0
RECLAIM-V2-005528,RETRY_ALL,0,,,0,0
RECLAIM-V2-005529,RETRY_ALL,0,,,0,0
RECLAIM-V2-005530,RETRY_ALL,0,,,0,0
RECLAIM-V2-005531,RETRY_ALL,0,,,0,0
RECLAIM-V2-005532,RETRY_ALL,0,,,0,0
RECLAIM-V2-005533,RETRY_ALL,0,,,0,0
RECLAIM-V2-005534,RETRY_ALL,0,,,0,0
RECLAIM-V2-005535,RETRY_ALL,0,,,0,0
RECLAIM-V2-005536,RETRY_ALL,0,,,0,0
RECLAIM-V2-005537,RETRY_ALL,0,,,0,0
RECLAIM-V2-005538,RETRY_ALL,0,,,0,0
RECLAIM-V2-005539,RETRY_ALL,0,,,0,0
RECLAIM-V2-005540,RETRY_ALL,0,,,0,0
RECLAIM-V2-005541,TARGET,1,,,0,0
RECLAIM-V2-005542,RETRY_ALL,0,,,0,0
RECLAIM-V2-005543,RETRY_ALL,0,,,0,0
RECLAIM-V2-005544,RETRY_ALL,0,,,0,0
RECLAIM-V2-005545,RETRY_ALL,0,,,0,0
RECLAIM-V2-005546,RETRY_ALL,0,,,0,0
RECLAIM-V2-005547,RETRY_ALL,0,,,0,0
RECLAIM-V2-005548,RETRY_ALL,0,,,0,0
RECLAIM-V2-005549,RETRY_ALL,0,,,0,0
RECLAIM-V2-005550,RETRY_ALL,0,,,0,0
RECLAIM-V2-005551,RETRY_ALL,0,,,0,0
RECLAIM-V2-005552,RETRY_ALL,0,,,0,0
RECLAIM-V2-005553,RETRY_ALL,0,,,0,0
RECLAIM-V2-005554,RETRY_ALL,0,,,0,0
RECLAIM-V2-005555,RETRY_ALL,0,,,0,0
RECLAIM-V2-005556,RETRY_ALL,0,,,0,0
RECLAIM-V2-005557,RETRY_ALL,0,,,0,0
RECLAIM-V2-005558,RETRY_ALL,0,,,0,0
RECLAIM-V2-005559,RETRY_ALL,0,,,0,0
RECLAIM-V2-005560,RETRY_ALL,0,,,0,0
RECLAIM-V2-005561,RETRY_ALL,0,,,0,0
RECLAIM-V2-005562,RETRY_ALL,0,,,0,0
RECLAIM-V2-005563,RETRY_ALL,0,,,0,0
RECLAIM-V2-005564,RETRY_ALL,0,,,0,0
RECLAIM-V2-005565,RETRY_ALL,0,,,0,0
RECLAIM-V2-005566,RETRY_ALL,0,,,0,0
RECLAIM-V2-005567,RETRY_ALL,0,,,0,0
RECLAIM-V2-005568,RETRY_ALL,0,,,0,0
RECLAIM-V2-005569,RETRY_ALL,0,,,0,0
RECLAIM-V2-005570,RETRY_ALL,0,,,0,0
RECLAIM-V2-005571,RETRY_ALL,0,,,0,0
RECLAIM-V2-005572,RETRY_ALL,0,,,0,0
RECLAIM-V2-005573,RETRY_ALL,0,,,0,0
RECLAIM-V2-005574,RETRY_ALL,0,,,0,0
RECLAIM-V2-005575,RETRY_ALL,0,,,0,0
RECLAIM-V2-005576,RETRY_ALL,0,,,0,0
RECLAIM-V2-005577,RETRY_ALL,0,,,0,0
RECLAIM-V2-005578,RETRY_ALL,0,,,0,0
RECLAIM-V2-005579,RETRY_ALL,0,,,0,0
RECLAIM-V2-005580,RETRY_ALL,0,,,0,0
RECLAIM-V2-005581,RETRY_ALL,0,,,0,0
RECLAIM-V2-005582,RETRY_ALL,0,,,0,0
RECLAIM-V2-005583,RETRY_ALL,0,,,0,0
RECLAIM-V2-005584,RETRY_ALL,0,,,0,0
RECLAIM-V2-005585,RETRY_ALL,0,,,0,0
RECLAIM-V2-005586,RETRY_ALL,0,,,0,0
RECLAIM-V2-005587,RETRY_ALL,0,,,0,0
RECLAIM-V2-005588,RETRY_ALL,0,,,0,0
RECLAIM-V2-005589,RETRY_ALL,0,,,0,0
RECLAIM-V2-005590,RETRY_ALL,0,,,0,0
RECLAIM-V2-005591,RETRY_ALL,0,,,0,0
RECLAIM-V2-005592,RETRY_ALL,0,,,0,0
RECLAIM-V2-005593,RETRY_ALL,0,,,0,0
RECLAIM-V2-005594,RETRY_ALL,0,,,0,0
RECLAIM-V2-005595,RETRY_ALL,0,,,0,0
RECLAIM-V2-005596,RETRY_ALL,0,,,0,0
RECLAIM-V2-005597,RETRY_ALL,0,,,0,0
RECLAIM-V2-005598,RETRY_ALL,0,,,0,0
RECLAIM-V2-005599,RETRY_ALL,0,,,0,0
RECLAIM-V2-005600,RETRY_ALL,0,,,0,0
RECLAIM-V2-005601,RETRY_ALL,0,,,0,0
RECLAIM-V2-005602,RETRY_ALL,0,,,0,0
RECLAIM-V2-005603,RETRY_ALL,0,,,0,0
RECLAIM-V2-005604,RETRY_ALL,0,,,0,0
RECLAIM-V2-005605,RETRY_ALL,0,,,0,0
RECLAIM-V2-005606,RETRY_ALL,0,,,0,0
RECLAIM-V2-005607,RETRY_ALL,0,,,0,0
RECLAIM-V2-005608,TARGET,1,,,0,0
RECLAIM-V2-005609,RETRY_ALL,0,,,0,0
RECLAIM-V2-005610,RETRY_ALL,0,,,0,0
RECLAIM-V2-005611,RETRY_ALL,0,,,0,0
RECLAIM-V2-005612,RETRY_ALL,0,,,0,0
RECLAIM-V2-005613,RETRY_ALL,0,,,0,0
RECLAIM-V2-005614,RETRY_ALL,0,,,0,0
RECLAIM-V2-005615,RETRY_ALL,0,,,0,0
RECLAIM-V2-005616,RETRY_ALL,0,,,0,0
RECLAIM-V2-005617,RETRY_ALL,0,,,0,0
RECLAIM-V2-005618,RETRY_ALL,0,,,0,0
RECLAIM-V2-005619,RETRY_ALL,0,,,0,0
RECLAIM-V2-005620,RETRY_ALL,0,,,0,0
RECLAIM-V2-005621,RETRY_ALL,0,,,0,0
RECLAIM-V2-005622,RETRY_ALL,0,,,0,0
RECLAIM-V2-005623,RETRY_ALL,0,,,0,0
RECLAIM-V2-005624,RETRY_ALL,0,,,0,0
RECLAIM-V2-005625,RETRY_ALL,0,,,0,0
RECLAIM-V2-005626,RETRY_ALL,0,,,0,0
RECLAIM-V2-005627,RETRY_ALL,0,,,0,0
RECLAIM-V2-005628,RETRY_ALL,0,,,0,0
RECLAIM-V2-005629,RETRY_ALL,0,,,0,0
RECLAIM-V2-005630,RETRY_ALL,0,,,0,0
RECLAIM-V2-005631,RETRY_ALL,0,,,0,0
RECLAIM-V2-005632,RETRY_ALL,0,,,0,0
RECLAIM-V2-005633,RETRY_ALL,0,,,0,0
RECLAIM-V2-005634,RETRY_ALL,0,,,0,0
RECLAIM-V2-005635,RETRY_ALL,0,,,0,0
RECLAIM-V2-005636,RETRY_ALL,0,,,0,0
RECLAIM-V2-005637,RETRY_ALL,0,,,0,0
RECLAIM-V2-005638,RETRY_ALL,0,,,0,0
RECLAIM-V2-005639,RETRY_ALL,0,,,0,0
RECLAIM-V2-005640,RETRY_ALL,0,,,0,0
RECLAIM-V2-005641,TARGET,1,,,0,0
RECLAIM-V2-005642,RETRY_ALL,0,,,0,0
RECLAIM-V2-005643,RETRY_ALL,0,,,0,0
RECLAIM-V2-005644,RETRY_ALL,0,,,0,0
RECLAIM-V2-005645,RETRY_ALL,0,,,0,0
RECLAIM-V2-005646,RETRY_ALL,0,,,0,0
RECLAIM-V2-005647,RETRY_ALL,0,,,0,0
RECLAIM-V2-005648,RETRY_ALL,0,,,0,0
RECLAIM-V2-005649,RETRY_ALL,0,,,0,0
RECLAIM-V2-005650,RETRY_ALL,0,,,0,0
RECLAIM-V2-005651,RETRY_ALL,0,,,0,0
RECLAIM-V2-005652,RETRY_ALL,0,,,0,0
RECLAIM-V2-005653,RETRY_ALL,0,,,0,0
RECLAIM-V2-005654,RETRY_ALL,0,,,0,0
RECLAIM-V2-005655,RETRY_ALL,0,,,0,0
RECLAIM-V2-005656,RETRY_ALL,0,,,0,0
RECLAIM-V2-005657,RETRY_ALL,0,,,0,0
RECLAIM-V2-005658,RETRY_ALL,0,,,0,0
RECLAIM-V2-005659,RETRY_ALL,0,,,0,0
RECLAIM-V2-005660,RETRY_ALL,0,,,0,0
RECLAIM-V2-005661,RETRY_ALL,0,,,0,0
RECLAIM-V2-005662,RETRY_ALL,0,,,0,0
RECLAIM-V2-005663,RETRY_ALL,0,,,0,0
RECLAIM-V2-005664,RETRY_ALL,0,,,0,0
RECLAIM-V2-005665,RETRY_ALL,0,,,0,0
RECLAIM-V2-005666,RETRY_ALL,0,,,0,0
RECLAIM-V2-005667,RETRY_ALL,0,,,0,0
RECLAIM-V2-005668,RETRY_ALL,0,,,0,0
RECLAIM-V2-005669,RETRY_ALL,0,,,0,0
RECLAIM-V2-005670,RETRY_ALL,0,,,0,0
RECLAIM-V2-005671,RETRY_ALL,0,,,0,0
RECLAIM-V2-005672,RETRY_ALL,0,,,0,0
RECLAIM-V2-005673,RETRY_ALL,0,,,0,0
RECLAIM-V2-005674,RETRY_ALL,0,,,0,0
RECLAIM-V2-005675,RETRY_ALL,0,,,0,0
RECLAIM-V2-005676,RETRY_ALL,0,,,0,0
RECLAIM-V2-005677,RETRY_ALL,0,,,0,0
RECLAIM-V2-005678,RETRY_ALL,0,,,0,0
RECLAIM-V2-005679,RETRY_ALL,0,,,0,0
RECLAIM-V2-005680,TARGET,1,,,0,0
RECLAIM-V2-005681,RETRY_ALL,0,,,0,0
RECLAIM-V2-005682,RETRY_ALL,0,,,0,0
RECLAIM-V2-005683,RETRY_ALL,0,,,0,0
RECLAIM-V2-005684,RETRY_ALL,0,,,0,0
RECLAIM-V2-005685,RETRY_ALL,0,,,0,0
RECLAIM-V2-005686,RETRY_ALL,0,,,0,0
RECLAIM-V2-005687,RETRY_ALL,0,,,0,0
RECLAIM-V2-005688,RETRY_ALL,0,,,0,0
RECLAIM-V2-005689,RETRY_ALL,0,,,0,0
RECLAIM-V2-005690,RETRY_ALL,0,,,0,0
RECLAIM-V2-005691,RETRY_ALL,0,,,0,0
RECLAIM-V2-005692,RETRY_ALL,0,,,0,0
RECLAIM-V2-005693,RETRY_ALL,0,,,0,0
RECLAIM-V2-005694,RETRY_ALL,0,,,0,0
RECLAIM-V2-005695,RETRY_ALL,0,,,0,0
RECLAIM-V2-005696,RETRY_ALL,0,,,0,0
RECLAIM-V2-005697,RETRY_ALL,0,,,0,0
RECLAIM-V2-005698,RETRY_ALL,0,,,0,0
RECLAIM-V2-005699,RETRY_ALL,0,,,0,0
RECLAIM-V2-005700,RETRY_ALL,0,,,0,0
RECLAIM-V2-005701,RETRY_ALL,0,,,0,0
RECLAIM-V2-005702,RETRY_ALL,0,,,0,0
RECLAIM-V2-005703,RETRY_ALL,0,,,0,0
RECLAIM-V2-005704,RETRY_ALL,0,,,0,0
RECLAIM-V2-005705,RETRY_ALL,0,,,0,0
RECLAIM-V2-005706,RETRY_ALL,0,,,0,0
RECLAIM-V2-005707,RETRY_ALL,0,,,0,0
RECLAIM-V2-005708,RETRY_ALL,0,,,0,0
RECLAIM-V2-005709,RETRY_ALL,0,,,0,0
RECLAIM-V2-005710,RETRY_ALL,0,,,0,0
RECLAIM-V2-005711,RETRY_ALL,0,,,0,0
RECLAIM-V2-005712,RETRY_ALL,0,,,0,0
RECLAIM-V2-005713,RETRY_ALL,0,,,0,0
RECLAIM-V2-005714,RETRY_ALL,0,,,0,0
RECLAIM-V2-005715,RETRY_ALL,0,,,0,0
RECLAIM-V2-005716,RETRY_ALL,0,,,0,0
RECLAIM-V2-005717,RETRY_ALL,0,,,0,0
RECLAIM-V2-005718,RETRY_ALL,0,,,0,0
RECLAIM-V2-005719,RETRY_ALL,0,,,0,0
RECLAIM-V2-005720,TARGET,1,,,0,0
RECLAIM-V2-005721,RETRY_ALL,0,,,0,0
RECLAIM-V2-005722,RETRY_ALL,0,,,0,0
RECLAIM-V2-005723,RETRY_ALL,0,,,0,0
RECLAIM-V2-005724,RETRY_ALL,0,,,0,0
RECLAIM-V2-005725,RETRY_ALL,0,,,0,0
RECLAIM-V2-005726,RETRY_ALL,0,,,0,0
RECLAIM-V2-005727,RETRY_ALL,0,,,0,0
RECLAIM-V2-005728,RETRY_ALL,0,,,0,0
RECLAIM-V2-005729,RETRY_ALL,0,,,0,0
RECLAIM-V2-005730,RETRY_ALL,0,,,0,0
RECLAIM-V2-005731,RETRY_ALL,0,,,0,0
RECLAIM-V2-005732,RETRY_ALL,0,,,0,0
RECLAIM-V2-005733,RETRY_ALL,0,,,0,0
RECLAIM-V2-005734,RETRY_ALL,0,,,0,0
RECLAIM-V2-005735,RETRY_ALL,0,,,0,0
RECLAIM-V2-005736,RETRY_ALL,0,,,0,0
RECLAIM-V2-005737,RETRY_ALL,0,,,0,0
RECLAIM-V2-005738,RETRY_ALL,0,,,0,0
RECLAIM-V2-005739,RETRY_ALL,0,,,0,0
RECLAIM-V2-005740,RETRY_ALL,0,,,0,0
RECLAIM-V2-005741,RETRY_ALL,0,,,0,0
RECLAIM-V2-005742,RETRY_ALL,0,,,0,0
RECLAIM-V2-005743,RETRY_ALL,0,,,0,0
RECLAIM-V2-005744,RETRY_ALL,0,,,0,0
RECLAIM-V2-005745,RETRY_ALL,0,,,0,0
RECLAIM-V2-005746,RETRY_ALL,0,,,0,0
RECLAIM-V2-005747,RETRY_ALL,0,,,0,0
RECLAIM-V2-005748,RETRY_ALL,0,,,0,0
RECLAIM-V2-005749,RETRY_ALL,0,,,0,0
RECLAIM-V2-005750,RETRY_ALL,0,,,0,0
RECLAIM-V2-005751,RETRY_ALL,0,,,0,0
RECLAIM-V2-005752,RETRY_ALL,0,,,0,0
RECLAIM-V2-005753,RETRY_ALL,0,,,0,0
RECLAIM-V2-005754,RETRY_ALL,0,,,0,0
RECLAIM-V2-005755,RETRY_ALL,0,,,0,0
RECLAIM-V2-005756,RETRY_ALL,0,,,0,0
RECLAIM-V2-005757,RETRY_ALL,0,,,0,0
RECLAIM-V2-005758,RETRY_ALL,0,,,0,0
RECLAIM-V2-005759,RETRY_ALL,0,,,0,0
RECLAIM-V2-005760,RETRY_ALL,0,,,0,0
RECLAIM-V2-005761,RETRY_ALL,0,,,0,0
RECLAIM-V2-005762,RETRY_ALL,0,,,0,0
RECLAIM-V2-005763,RETRY_ALL,0,,,0,0
RECLAIM-V2-005764,RETRY_ALL,0,,,0,0
RECLAIM-V2-005765,RETRY_ALL,0,,,0,0
RECLAIM-V2-005766,RETRY_ALL,0,,,0,0
RECLAIM-V2-005767,RETRY_ALL,0,,,0,0
RECLAIM-V2-005768,RETRY_ALL,0,,,0,0
RECLAIM-V2-005769,RETRY_ALL,0,,,0,0
RECLAIM-V2-005770,RETRY_ALL,0,,,0,0
RECLAIM-V2-005771,RETRY_ALL,0,,,0,0
RECLAIM-V2-005772,RETRY_ALL,0,,,0,0
RECLAIM-V2-005773,RETRY_ALL,0,,,0,0
RECLAIM-V2-005774,RETRY_ALL,0,,,0,0
RECLAIM-V2-005775,RETRY_ALL,0,,,0,0
RECLAIM-V2-005776,TARGET,1,,,0,0
RECLAIM-V2-005777,RETRY_ALL,0,,,0,0
RECLAIM-V2-005778,RETRY_ALL,0,,,0,0
RECLAIM-V2-005779,RETRY_ALL,0,,,0,0
RECLAIM-V2-005780,RETRY_ALL,0,,,0,0
RECLAIM-V2-005781,RETRY_ALL,0,,,0,0
RECLAIM-V2-005782,RETRY_ALL,0,,,0,0
RECLAIM-V2-005783,RETRY_ALL,0,,,0,0
RECLAIM-V2-005784,RETRY_ALL,0,,,0,0
RECLAIM-V2-005785,RETRY_ALL,0,,,0,0
RECLAIM-V2-005786,RETRY_ALL,0,,,0,0
RECLAIM-V2-005787,RETRY_ALL,0,,,0,0
RECLAIM-V2-005788,RETRY_ALL,0,,,0,0
RECLAIM-V2-005789,RETRY_ALL,0,,,0,0
RECLAIM-V2-005790,RETRY_ALL,0,,,0,0
RECLAIM-V2-005791,RETRY_ALL,0,,,0,0
RECLAIM-V2-005792,RETRY_ALL,0,,,0,0
RECLAIM-V2-005793,RETRY_ALL,0,,,0,0
RECLAIM-V2-005794,RETRY_ALL,0,,,0,0
RECLAIM-V2-005795,RETRY_ALL,0,,,0,0
RECLAIM-V2-005796,RETRY_ALL,0,,,0,0
RECLAIM-V2-005797,RETRY_ALL,0,,,0,0
RECLAIM-V2-005798,RETRY_ALL,0,,,0,0
RECLAIM-V2-005799,RETRY_ALL,0,,,0,0
RECLAIM-V2-005800,RETRY_ALL,0,,,0,0
RECLAIM-V2-005801,RETRY_ALL,0,,,0,0
RECLAIM-V2-005802,TARGET,1,,,0,0
RECLAIM-V2-005803,RETRY_ALL,0,,,0,0
RECLAIM-V2-005804,RETRY_ALL,0,,,0,0
RECLAIM-V2-005805,RETRY_ALL,0,,,0,0
RECLAIM-V2-005806,RETRY_ALL,0,,,0,0
RECLAIM-V2-005807,TARGET,1,,,0,0
RECLAIM-V2-005808,RETRY_ALL,0,,,0,0
RECLAIM-V2-005809,RETRY_ALL,0,,,0,0
RECLAIM-V2-005810,RETRY_ALL,0,,,0,0
RECLAIM-V2-005811,RETRY_ALL,0,,,0,0
RECLAIM-V2-005812,RETRY_ALL,0,,,0,0
RECLAIM-V2-005813,RETRY_ALL,0,,,0,0
RECLAIM-V2-005814,RETRY_ALL,0,,,0,0
RECLAIM-V2-005815,RETRY_ALL,0,,,0,0
RECLAIM-V2-005816,TARGET,1,,,0,0
RECLAIM-V2-005817,RETRY_ALL,0,,,0,0
RECLAIM-V2-005818,RETRY_ALL,0,,,0,0
RECLAIM-V2-005819,RETRY_ALL,0,,,0,0
RECLAIM-V2-005820,RETRY_ALL,0,,,0,0
RECLAIM-V2-005821,RETRY_ALL,0,,,0,0
RECLAIM-V2-005822,RETRY_ALL,0,,,0,0
RECLAIM-V2-005823,RETRY_ALL,0,,,0,0
RECLAIM-V2-005824,RETRY_ALL,0,,,0,0
RECLAIM-V2-005825,RETRY_ALL,0,,,0,0
RECLAIM-V2-005826,RETRY_ALL,0,,,0,0
RECLAIM-V2-005827,RETRY_ALL,0,,,0,0
RECLAIM-V2-005828,RETRY_ALL,0,,,0,0
RECLAIM-V2-005829,RETRY_ALL,0,,,0,0
RECLAIM-V2-005830,RETRY_ALL,0,,,0,0
RECLAIM-V2-005831,RETRY_ALL,0,,,0,0
RECLAIM-V2-005832,RETRY_ALL,0,,,0,0
RECLAIM-V2-005833,RETRY_ALL,0,,,0,0
RECLAIM-V2-005834,RETRY_ALL,0,,,0,0
RECLAIM-V2-005835,RETRY_ALL,0,,,0,0
RECLAIM-V2-005836,RETRY_ALL,0,,,0,0
RECLAIM-V2-005837,RETRY_ALL,0,,,0,0
RECLAIM-V2-005838,RETRY_ALL,0,,,0,0
RECLAIM-V2-005839,RETRY_ALL,0,,,0,0
RECLAIM-V2-005840,RETRY_ALL,0,,,0,0
RECLAIM-V2-005841,RETRY_ALL,0,,,0,0
RECLAIM-V2-005842,RETRY_ALL,0,,,0,0
RECLAIM-V2-005843,RETRY_ALL,0,,,0,0
RECLAIM-V2-005844,RETRY_ALL,0,,,0,0
RECLAIM-V2-005845,RETRY_ALL,0,,,0,0
RECLAIM-V2-005846,RETRY_ALL,0,,,0,0
RECLAIM-V2-005847,RETRY_ALL,0,,,0,0
RECLAIM-V2-005848,RETRY_ALL,0,,,0,0
RECLAIM-V2-005849,RETRY_ALL,0,,,0,0
RECLAIM-V2-005850,RETRY_ALL,0,,,0,0
RECLAIM-V2-005851,RETRY_ALL,0,,,0,0
RECLAIM-V2-005852,RETRY_ALL,0,,,0,0
RECLAIM-V2-005853,RETRY_ALL,0,,,0,0
RECLAIM-V2-005854,RETRY_ALL,0,,,0,0
RECLAIM-V2-005855,TARGET,1,,,0,0
RECLAIM-V2-005856,RETRY_ALL,0,,,0,0
RECLAIM-V2-005857,RETRY_ALL,0,,,0,0
RECLAIM-V2-005858,RETRY_ALL,0,,,0,0
RECLAIM-V2-005859,RETRY_ALL,0,,,0,0
RECLAIM-V2-005860,RETRY_ALL,0,,,0,0
RECLAIM-V2-005861,RETRY_ALL,0,,,0,0
RECLAIM-V2-005862,RETRY_ALL,0,,,0,0
RECLAIM-V2-005863,RETRY_ALL,0,,,0,0
RECLAIM-V2-005864,RETRY_ALL,0,,,0,0
RECLAIM-V2-005865,RETRY_ALL,0,,,0,0
RECLAIM-V2-005866,RETRY_ALL,0,,,0,0
RECLAIM-V2-005867,RETRY_ALL,0,,,0,0
RECLAIM-V2-005868,RETRY_ALL,0,,,0,0
RECLAIM-V2-005869,RETRY_ALL,0,,,0,0
RECLAIM-V2-005870,RETRY_ALL,0,,,0,0
RECLAIM-V2-005871,RETRY_ALL,0,,,0,0
RECLAIM-V2-005872,RETRY_ALL,0,,,0,0
RECLAIM-V2-005873,TARGET,1,,,0,0
RECLAIM-V2-005874,RETRY_ALL,0,,,0,0
RECLAIM-V2-005875,RETRY_ALL,0,,,0,0
RECLAIM-V2-005876,RETRY_ALL,0,,,0,0
RECLAIM-V2-005877,RETRY_ALL,0,,,0,0
RECLAIM-V2-005878,RETRY_ALL,0,,,0,0
RECLAIM-V2-005879,RETRY_ALL,0,,,0,0
RECLAIM-V2-005880,RETRY_ALL,0,,,0,0
RECLAIM-V2-005881,RETRY_ALL,0,,,0,0
RECLAIM-V2-005882,RETRY_ALL,0,,,0,0
RECLAIM-V2-005883,RETRY_ALL,0,,,0,0
RECLAIM-V2-005884,RETRY_ALL,0,,,0,0
RECLAIM-V2-005885,RETRY_ALL,0,,,0,0
RECLAIM-V2-005886,RETRY_ALL,0,,,0,0
RECLAIM-V2-005887,RETRY_ALL,0,,,0,0
RECLAIM-V2-005888,RETRY_ALL,0,,,0,0
RECLAIM-V2-005889,RETRY_ALL,0,,,0,0
RECLAIM-V2-005890,TARGET,1,,,0,0
RECLAIM-V2-005891,RETRY_ALL,0,,,0,0
RECLAIM-V2-005892,RETRY_ALL,0,,,0,0
RECLAIM-V2-005893,RETRY_ALL,0,,,0,0
RECLAIM-V2-005894,RETRY_ALL,0,,,0,0
RECLAIM-V2-005895,RETRY_ALL,0,,,0,0
RECLAIM-V2-005896,RETRY_ALL,0,,,0,0
RECLAIM-V2-005897,RETRY_ALL,0,,,0,0
RECLAIM-V2-005898,RETRY_ALL,0,,,0,0
RECLAIM-V2-005899,RETRY_ALL,0,,,0,0
RECLAIM-V2-005900,RETRY_ALL,0,,,0,0
RECLAIM-V2-005901,RETRY_ALL,0,,,0,0
RECLAIM-V2-005902,TARGET,1,,,0,0
RECLAIM-V2-005903,RETRY_ALL,0,,,0,0
RECLAIM-V2-005904,RETRY_ALL,0,,,0,0
RECLAIM-V2-005905,RETRY_ALL,0,,,0,0
RECLAIM-V2-005906,RETRY_ALL,0,,,0,0
RECLAIM-V2-005907,RETRY_ALL,0,,,0,0
RECLAIM-V2-005908,RETRY_ALL,0,,,0,0
RECLAIM-V2-005909,RETRY_ALL,0,,,0,0
RECLAIM-V2-005910,RETRY_ALL,0,,,0,0
RECLAIM-V2-005911,TARGET,1,,,0,0
RECLAIM-V2-005912,RETRY_ALL,0,,,0,0
RECLAIM-V2-005913,RETRY_ALL,0,,,0,0
RECLAIM-V2-005914,RETRY_ALL,0,,,0,0
RECLAIM-V2-005915,RETRY_ALL,0,,,0,0
RECLAIM-V2-005916,TARGET,1,,,0,0
RECLAIM-V2-005917,RETRY_ALL,0,,,0,0
RECLAIM-V2-005918,RETRY_ALL,0,,,0,0
RECLAIM-V2-005919,RETRY_ALL,0,,,0,0
RECLAIM-V2-005920,RETRY_ALL,0,,,0,0
RECLAIM-V2-005921,RETRY_ALL,0,,,0,0
RECLAIM-V2-005922,RETRY_ALL,0,,,0,0
RECLAIM-V2-005923,RETRY_ALL,0,,,0,0
RECLAIM-V2-005924,RETRY_ALL,0,,,0,0
RECLAIM-V2-005925,RETRY_ALL,0,,,0,0
RECLAIM-V2-005926,RETRY_ALL,0,,,0,0
RECLAIM-V2-005927,RETRY_ALL,0,,,0,0
RECLAIM-V2-005928,RETRY_ALL,0,,,0,0
RECLAIM-V2-005929,RETRY_ALL,0,,,0,0
RECLAIM-V2-005930,RETRY_ALL,0,,,0,0
RECLAIM-V2-005931,RETRY_ALL,0,,,0,0
RECLAIM-V2-005932,RETRY_ALL,0,,,0,0
RECLAIM-V2-005933,RETRY_ALL,0,,,0,0
RECLAIM-V2-005934,RETRY_ALL,0,,,0,0
RECLAIM-V2-005935,RETRY_ALL,0,,,0,0
RECLAIM-V2-005936,RETRY_ALL,0,,,0,0
RECLAIM-V2-005937,RETRY_ALL,0,,,0,0
RECLAIM-V2-005938,RETRY_ALL,0,,,0,0
RECLAIM-V2-005939,TARGET,1,,,0,0
RECLAIM-V2-005940,RETRY_ALL,0,,,0,0
RECLAIM-V2-005941,RETRY_ALL,0,,,0,0
RECLAIM-V2-005942,RETRY_ALL,0,,,0,0
RECLAIM-V2-005943,RETRY_ALL,0,,,0,0
RECLAIM-V2-005944,RETRY_ALL,0,,,0,0
RECLAIM-V2-005945,TARGET,1,,,0,0
RECLAIM-V2-005946,RETRY_ALL,0,,,0,0
RECLAIM-V2-005947,RETRY_ALL,0,,,0,0
RECLAIM-V2-005948,RETRY_ALL,0,,,0,0
RECLAIM-V2-005949,RETRY_ALL,0,,,0,0
RECLAIM-V2-005950,RETRY_ALL,0,,,0,0
RECLAIM-V2-005951,RETRY_ALL,0,,,0,0
RECLAIM-V2-005952,RETRY_ALL,0,,,0,0
RECLAIM-V2-005953,RETRY_ALL,0,,,0,0
RECLAIM-V2-005954,RETRY_ALL,0,,,0,0
RECLAIM-V2-005955,RETRY_ALL,0,,,0,0
RECLAIM-V2-005956,RETRY_ALL,0,,,0,0
RECLAIM-V2-005957,TARGET,1,,,0,0
RECLAIM-V2-005958,RETRY_ALL,0,,,0,0
RECLAIM-V2-005959,RETRY_ALL,0,,,0,0
RECLAIM-V2-005960,RETRY_ALL,0,,,0,0
RECLAIM-V2-005961,RETRY_ALL,0,,,0,0
RECLAIM-V2-005962,RETRY_ALL,0,,,0,0
RECLAIM-V2-005963,RETRY_ALL,0,,,0,0
RECLAIM-V2-005964,RETRY_ALL,0,,,0,0
RECLAIM-V2-005965,RETRY_ALL,0,,,0,0
RECLAIM-V2-005966,RETRY_ALL,0,,,0,0
RECLAIM-V2-005967,RETRY_ALL,0,,,0,0
RECLAIM-V2-005968,RETRY_ALL,0,,,0,0
RECLAIM-V2-005969,RETRY_ALL,0,,,0,0
RECLAIM-V2-005970,RETRY_ALL,0,,,0,0
RECLAIM-V2-005971,RETRY_ALL,0,,,0,0
RECLAIM-V2-005972,RETRY_ALL,0,,,0,0
RECLAIM-V2-005973,RETRY_ALL,0,,,0,0
RECLAIM-V2-005974,RETRY_ALL,0,,,0,0
RECLAIM-V2-005975,RETRY_ALL,0,,,0,0
RECLAIM-V2-005976,RETRY_ALL,0,,,0,0
RECLAIM-V2-005977,RETRY_ALL,0,,,0,0
RECLAIM-V2-005978,RETRY_ALL,0,,,0,0
RECLAIM-V2-005979,TARGET,1,,,0,0
RECLAIM-V2-005980,RETRY_ALL,0,,,0,0
RECLAIM-V2-005981,RETRY_ALL,0,,,0,0
RECLAIM-V2-005982,RETRY_ALL,0,,,0,0
RECLAIM-V2-005983,RETRY_ALL,0,,,0,0
RECLAIM-V2-005984,RETRY_ALL,0,,,0,0
RECLAIM-V2-005985,RETRY_ALL,0,,,0,0
RECLAIM-V2-005986,RETRY_ALL,0,,,0,0
RECLAIM-V2-005987,RETRY_ALL,0,,,0,0
RECLAIM-V2-005988,TARGET,1,,,0,0
RECLAIM-V2-005989,RETRY_ALL,0,,,0,0
RECLAIM-V2-005990,RETRY_ALL,0,,,0,0
RECLAIM-V2-005991,RETRY_ALL,0,,,0,0
RECLAIM-V2-005992,RETRY_ALL,0,,,0,0
RECLAIM-V2-005993,RETRY_ALL,0,,,0,0
RECLAIM-V2-005994,RETRY_ALL,0,,,0,0
RECLAIM-V2-005995,RETRY_ALL,0,,,0,0
RECLAIM-V2-005996,RETRY_ALL,0,,,0,0
RECLAIM-V2-005997,RETRY_ALL,0,,,0,0
RECLAIM-V2-005998,RETRY_ALL,0,,,0,0
RECLAIM-V2-005999,RETRY_ALL,0,,,0,0
RECLAIM-V2-006000,RETRY_ALL,0,,,0,0
RECLAIM-V2-006001,RETRY_ALL,0,,,0,0
RECLAIM-V2-006002,RETRY_ALL,0,,,0,0
RECLAIM-V2-006003,RETRY_ALL,0,,,0,0
RECLAIM-V2-006004,RETRY_ALL,0,,,0,0
RECLAIM-V2-006005,RETRY_ALL,0,,,0,0
RECLAIM-V2-006006,RETRY_ALL,0,,,0,0
RECLAIM-V2-006007,RETRY_ALL,0,,,0,0
RECLAIM-V2-006008,RETRY_ALL,0,,,0,0
RECLAIM-V2-006009,RETRY_ALL,0,,,0,0
RECLAIM-V2-006010,RETRY_ALL,0,,,0,0
RECLAIM-V2-006011,RETRY_ALL,0,,,0,0
RECLAIM-V2-006012,RETRY_ALL,0,,,0,0
RECLAIM-V2-006013,RETRY_ALL,0,,,0,0
RECLAIM-V2-006014,RETRY_ALL,0,,,0,0
RECLAIM-V2-006015,RETRY_ALL,0,,,0,0
RECLAIM-V2-006016,RETRY_ALL,0,,,0,0
RECLAIM-V2-006017,RETRY_ALL,0,,,0,0
RECLAIM-V2-006018,RETRY_ALL,0,,,0,0
RECLAIM-V2-006019,RETRY_ALL,0,,,0,0
RECLAIM-V2-006020,RETRY_ALL,0,,,0,0
RECLAIM-V2-006021,RETRY_ALL,0,,,0,0
RECLAIM-V2-006022,RETRY_ALL,0,,,0,0
RECLAIM-V2-006023,RETRY_ALL,0,,,0,0
RECLAIM-V2-006024,RETRY_ALL,0,,,0,0
RECLAIM-V2-006025,RETRY_ALL,0,,,0,0
RECLAIM-V2-006026,RETRY_ALL,0,,,0,0
RECLAIM-V2-006027,RETRY_ALL,0,,,0,0
RECLAIM-V2-006028,RETRY_ALL,0,,,0,0
RECLAIM-V2-006029,RETRY_ALL,0,,,0,0
RECLAIM-V2-006030,RETRY_ALL,0,,,0,0
RECLAIM-V2-006031,RETRY_ALL,0,,,0,0
RECLAIM-V2-006032,RETRY_ALL,0,,,0,0
RECLAIM-V2-006033,RETRY_ALL,0,,,0,0
RECLAIM-V2-006034,TARGET,1,,,0,0
RECLAIM-V2-006035,RETRY_ALL,0,,,0,0
RECLAIM-V2-006036,RETRY_ALL,0,,,0,0
RECLAIM-V2-006037,RETRY_ALL,0,,,0,0
RECLAIM-V2-006038,RETRY_ALL,0,,,0,0
RECLAIM-V2-006039,RETRY_ALL,0,,,0,0
RECLAIM-V2-006040,RETRY_ALL,0,,,0,0
RECLAIM-V2-006041,RETRY_ALL,0,,,0,0
RECLAIM-V2-006042,RETRY_ALL,0,,,0,0
RECLAIM-V2-006043,RETRY_ALL,0,,,0,0
RECLAIM-V2-006044,RETRY_ALL,0,,,0,0
RECLAIM-V2-006045,RETRY_ALL,0,,,0,0
RECLAIM-V2-006046,RETRY_ALL,0,,,0,0
RECLAIM-V2-006047,RETRY_ALL,0,,,0,0
RECLAIM-V2-006048,RETRY_ALL,0,,,0,0
RECLAIM-V2-006049,RETRY_ALL,0,,,0,0
RECLAIM-V2-006050,RETRY_ALL,0,,,0,0
RECLAIM-V2-006051,RETRY_ALL,0,,,0,0
RECLAIM-V2-006052,RETRY_ALL,0,,,0,0
RECLAIM-V2-006053,RETRY_ALL,0,,,0,0
RECLAIM-V2-006054,RETRY_ALL,0,,,0,0
RECLAIM-V2-006055,RETRY_ALL,0,,,0,0
RECLAIM-V2-006056,RETRY_ALL,0,,,0,0
RECLAIM-V2-006057,RETRY_ALL,0,,,0,0
RECLAIM-V2-006058,RETRY_ALL,0,,,0,0
RECLAIM-V2-006059,RETRY_ALL,0,,,0,0
RECLAIM-V2-006060,RETRY_ALL,0,,,0,0
RECLAIM-V2-006061,RETRY_ALL,0,,,0,0
RECLAIM-V2-006062,RETRY_ALL,0,,,0,0
RECLAIM-V2-006063,TARGET,1,,,0,0
RECLAIM-V2-006064,RETRY_ALL,0,,,0,0
RECLAIM-V2-006065,RETRY_ALL,0,,,0,0
RECLAIM-V2-006066,RETRY_ALL,0,,,0,0
RECLAIM-V2-006067,RETRY_ALL,0,,,0,0
RECLAIM-V2-006068,RETRY_ALL,0,,,0,0
RECLAIM-V2-006069,RETRY_ALL,0,,,0,0
RECLAIM-V2-006070,RETRY_ALL,0,,,0,0
RECLAIM-V2-006071,RETRY_ALL,0,,,0,0
RECLAIM-V2-006072,RETRY_ALL,0,,,0,0
RECLAIM-V2-006073,RETRY_ALL,0,,,0,0
RECLAIM-V2-006074,RETRY_ALL,0,,,0,0
RECLAIM-V2-006075,RETRY_ALL,0,,,0,0
RECLAIM-V2-006076,RETRY_ALL,0,,,0,0
RECLAIM-V2-006077,RETRY_ALL,0,,,0,0
RECLAIM-V2-006078,RETRY_ALL,0,,,0,0
RECLAIM-V2-006079,RETRY_ALL,0,,,0,0
RECLAIM-V2-006080,RETRY_ALL,0,,,0,0
RECLAIM-V2-006081,RETRY_ALL,0,,,0,0
RECLAIM-V2-006082,RETRY_ALL,0,,,0,0
RECLAIM-V2-006083,RETRY_ALL,0,,,0,0
RECLAIM-V2-006084,RETRY_ALL,0,,,0,0
RECLAIM-V2-006085,RETRY_ALL,0,,,0,0
RECLAIM-V2-006086,RETRY_ALL,0,,,0,0
RECLAIM-V2-006087,RETRY_ALL,0,,,0,0
RECLAIM-V2-006088,RETRY_ALL,0,,,0,0
RECLAIM-V2-006089,RETRY_ALL,0,,,0,0
RECLAIM-V2-006090,RETRY_ALL,0,,,0,0
RECLAIM-V2-006091,RETRY_ALL,0,,,0,0
RECLAIM-V2-006092,RETRY_ALL,0,,,0,0
RECLAIM-V2-006093,RETRY_ALL,0,,,0,0
RECLAIM-V2-006094,RETRY_ALL,0,,,0,0
RECLAIM-V2-006095,RETRY_ALL,0,,,0,0
RECLAIM-V2-006096,RETRY_ALL,0,,,0,0
RECLAIM-V2-006097,RETRY_ALL,0,,,0,0
RECLAIM-V2-006098,RETRY_ALL,0,,,0,0
RECLAIM-V2-006099,RETRY_ALL,0,,,0,0
RECLAIM-V2-006100,RETRY_ALL,0,,,0,0
RECLAIM-V2-006101,RETRY_ALL,0,,,0,0
RECLAIM-V2-006102,RETRY_ALL,0,,,0,0
RECLAIM-V2-006103,RETRY_ALL,0,,,0,0
RECLAIM-V2-006104,RETRY_ALL,0,,,0,0
RECLAIM-V2-006105,RETRY_ALL,0,,,0,0
RECLAIM-V2-006106,RETRY_ALL,0,,,0,0
RECLAIM-V2-006107,RETRY_ALL,0,,,0,0
RECLAIM-V2-006108,RETRY_ALL,0,,,0,0
RECLAIM-V2-006109,RETRY_ALL,0,,,0,0
RECLAIM-V2-006110,RETRY_ALL,0,,,0,0
RECLAIM-V2-006111,RETRY_ALL,0,,,0,0
RECLAIM-V2-006112,RETRY_ALL,0,,,0,0
RECLAIM-V2-006113,RETRY_ALL,0,,,0,0
RECLAIM-V2-006114,RETRY_ALL,0,,,0,0
RECLAIM-V2-006115,RETRY_ALL,0,,,0,0
RECLAIM-V2-006116,RETRY_ALL,0,,,0,0
RECLAIM-V2-006117,RETRY_ALL,0,,,0,0
RECLAIM-V2-006118,RETRY_ALL,0,,,0,0
RECLAIM-V2-006119,RETRY_ALL,0,,,0,0
RECLAIM-V2-006120,RETRY_ALL,0,,,0,0
RECLAIM-V2-006121,RETRY_ALL,0,,,0,0
RECLAIM-V2-006122,TARGET,1,,,0,0
RECLAIM-V2-006123,RETRY_ALL,0,,,0,0
RECLAIM-V2-006124,RETRY_ALL,0,,,0,0
RECLAIM-V2-006125,RETRY_ALL,0,,,0,0
RECLAIM-V2-006126,RETRY_ALL,0,,,0,0
RECLAIM-V2-006127,RETRY_ALL,0,,,0,0
RECLAIM-V2-006128,RETRY_ALL,0,,,0,0
RECLAIM-V2-006129,RETRY_ALL,0,,,0,0
RECLAIM-V2-006130,RETRY_ALL,0,,,0,0
RECLAIM-V2-006131,RETRY_ALL,0,,,0,0
RECLAIM-V2-006132,RETRY_ALL,0,,,0,0
RECLAIM-V2-006133,RETRY_ALL,0,,,0,0
RECLAIM-V2-006134,RETRY_ALL,0,,,0,0
RECLAIM-V2-006135,RETRY_ALL,0,,,0,0
RECLAIM-V2-006136,RETRY_ALL,0,,,0,0
RECLAIM-V2-006137,RETRY_ALL,0,,,0,0
RECLAIM-V2-006138,RETRY_ALL,0,,,0,0
RECLAIM-V2-006139,RETRY_ALL,0,,,0,0
RECLAIM-V2-006140,RETRY_ALL,0,,,0,0
RECLAIM-V2-006141,RETRY_ALL,0,,,0,0
RECLAIM-V2-006142,RETRY_ALL,0,,,0,0
RECLAIM-V2-006143,RETRY_ALL,0,,,0,0
RECLAIM-V2-006144,RETRY_ALL,0,,,0,0
RECLAIM-V2-006145,RETRY_ALL,0,,,0,0
RECLAIM-V2-006146,RETRY_ALL,0,,,0,0
RECLAIM-V2-006147,RETRY_ALL,0,,,0,0
RECLAIM-V2-006148,RETRY_ALL,0,,,0,0
RECLAIM-V2-006149,RETRY_ALL,0,,,0,0
RECLAIM-V2-006150,RETRY_ALL,0,,,0,0
RECLAIM-V2-006151,RETRY_ALL,0,,,0,0
RECLAIM-V2-006152,RETRY_ALL,0,,,0,0
RECLAIM-V2-006153,RETRY_ALL,0,,,0,0
RECLAIM-V2-006154,RETRY_ALL,0,,,0,0
RECLAIM-V2-006155,RETRY_ALL,0,,,0,0
RECLAIM-V2-006156,RETRY_ALL,0,,,0,0
RECLAIM-V2-006157,RETRY_ALL,0,,,0,0
RECLAIM-V2-006158,RETRY_ALL,0,,,0,0
RECLAIM-V2-006159,RETRY_ALL,0,,,0,0
RECLAIM-V2-006160,RETRY_ALL,0,,,0,0
RECLAIM-V2-006161,RETRY_ALL,0,,,0,0
RECLAIM-V2-006162,RETRY_ALL,0,,,0,0
RECLAIM-V2-006163,RETRY_ALL,0,,,0,0
RECLAIM-V2-006164,RETRY_ALL,0,,,0,0
RECLAIM-V2-006165,RETRY_ALL,0,,,0,0
RECLAIM-V2-006166,RETRY_ALL,0,,,0,0
RECLAIM-V2-006167,RETRY_ALL,0,,,0,0
RECLAIM-V2-006168,RETRY_ALL,0,,,0,0
RECLAIM-V2-006169,RETRY_ALL,0,,,0,0
RECLAIM-V2-006170,RETRY_ALL,0,,,0,0
RECLAIM-V2-006171,RETRY_ALL,0,,,0,0
RECLAIM-V2-006172,TARGET,1,,,0,0
RECLAIM-V2-006173,RETRY_ALL,0,,,0,0
RECLAIM-V2-006174,RETRY_ALL,0,,,0,0
RECLAIM-V2-006175,RETRY_ALL,0,,,0,0
RECLAIM-V2-006176,RETRY_ALL,0,,,0,0
RECLAIM-V2-006177,RETRY_ALL,0,,,0,0
RECLAIM-V2-006178,TARGET,1,,,0,0
RECLAIM-V2-006179,RETRY_ALL,0,,,0,0
RECLAIM-V2-006180,RETRY_ALL,0,,,0,0
RECLAIM-V2-006181,RETRY_ALL,0,,,0,0
RECLAIM-V2-006182,TARGET,1,,,0,0
RECLAIM-V2-006183,RETRY_ALL,0,,,0,0
RECLAIM-V2-006184,RETRY_ALL,0,,,0,0
RECLAIM-V2-006185,RETRY_ALL,0,,,0,0
RECLAIM-V2-006186,RETRY_ALL,0,,,0,0
RECLAIM-V2-006187,RETRY_ALL,0,,,0,0
RECLAIM-V2-006188,RETRY_ALL,0,,,0,0
RECLAIM-V2-006189,RETRY_ALL,0,,,0,0
RECLAIM-V2-006190,RETRY_ALL,0,,,0,0
RECLAIM-V2-006191,RETRY_ALL,0,,,0,0
RECLAIM-V2-006192,RETRY_ALL,0,,,0,0
RECLAIM-V2-006193,RETRY_ALL,0,,,0,0
RECLAIM-V2-006194,RETRY_ALL,0,,,0,0
RECLAIM-V2-006195,RETRY_ALL,0,,,0,0
RECLAIM-V2-006196,RETRY_ALL,0,,,0,0
RECLAIM-V2-006197,RETRY_ALL,0,,,0,0
RECLAIM-V2-006198,RETRY_ALL,0,,,0,0
RECLAIM-V2-006199,RETRY_ALL,0,,,0,0
RECLAIM-V2-006200,RETRY_ALL,0,,,0,0
RECLAIM-V2-006201,RETRY_ALL,0,,,0,0
RECLAIM-V2-006202,RETRY_ALL,0,,,0,0
RECLAIM-V2-006203,RETRY_ALL,0,,,0,0
RECLAIM-V2-006204,RETRY_ALL,0,,,0,0
RECLAIM-V2-006205,RETRY_ALL,0,,,0,0
RECLAIM-V2-006206,RETRY_ALL,0,,,0,0
RECLAIM-V2-006207,RETRY_ALL,0,,,0,0
RECLAIM-V2-006208,RETRY_ALL,0,,,0,0
RECLAIM-V2-006209,RETRY_ALL,0,,,0,0
RECLAIM-V2-006210,RETRY_ALL,0,,,0,0
RECLAIM-V2-006211,RETRY_ALL,0,,,0,0
RECLAIM-V2-006212,RETRY_ALL,0,,,0,0
RECLAIM-V2-006213,RETRY_ALL,0,,,0,0
RECLAIM-V2-006214,RETRY_ALL,0,,,0,0
RECLAIM-V2-006215,TARGET,1,,,0,0
RECLAIM-V2-006216,RETRY_ALL,0,,,0,0
RECLAIM-V2-006217,RETRY_ALL,0,,,0,0
RECLAIM-V2-006218,RETRY_ALL,0,,,0,0
RECLAIM-V2-006219,RETRY_ALL,0,,,0,0
RECLAIM-V2-006220,RETRY_ALL,0,,,0,0
RECLAIM-V2-006221,RETRY_ALL,0,,,0,0
RECLAIM-V2-006222,RETRY_ALL,0,,,0,0
RECLAIM-V2-006223,RETRY_ALL,0,,,0,0
RECLAIM-V2-006224,RETRY_ALL,0,,,0,0
RECLAIM-V2-006225,RETRY_ALL,0,,,0,0
RECLAIM-V2-006226,RETRY_ALL,0,,,0,0
RECLAIM-V2-006227,RETRY_ALL,0,,,0,0
RECLAIM-V2-006228,RETRY_ALL,0,,,0,0
RECLAIM-V2-006229,RETRY_ALL,0,,,0,0
RECLAIM-V2-006230,RETRY_ALL,0,,,0,0
RECLAIM-V2-006231,RETRY_ALL,0,,,0,0
RECLAIM-V2-006232,RETRY_ALL,0,,,0,0
RECLAIM-V2-006233,RETRY_ALL,0,,,0,0
RECLAIM-V2-006234,RETRY_ALL,0,,,0,0
RECLAIM-V2-006235,RETRY_ALL,0,,,0,0
RECLAIM-V2-006236,RETRY_ALL,0,,,0,0
RECLAIM-V2-006237,RETRY_ALL,0,,,0,0
RECLAIM-V2-006238,RETRY_ALL,0,,,0,0
RECLAIM-V2-006239,RETRY_ALL,0,,,0,0
RECLAIM-V2-006240,RETRY_ALL,0,,,0,0
RECLAIM-V2-006241,RETRY_ALL,0,,,0,0
RECLAIM-V2-006242,RETRY_ALL,0,,,0,0
RECLAIM-V2-006243,RETRY_ALL,0,,,0,0
RECLAIM-V2-006244,RETRY_ALL,0,,,0,0
RECLAIM-V2-006245,TARGET,1,,,0,0
RECLAIM-V2-006246,RETRY_ALL,0,,,0,0
RECLAIM-V2-006247,RETRY_ALL,0,,,0,0
RECLAIM-V2-006248,RETRY_ALL,0,,,0,0
RECLAIM-V2-006249,RETRY_ALL,0,,,0,0
RECLAIM-V2-006250,RETRY_ALL,0,,,0,0
RECLAIM-V2-006251,RETRY_ALL,0,,,0,0
RECLAIM-V2-006252,RETRY_ALL,0,,,0,0
RECLAIM-V2-006253,RETRY_ALL,0,,,0,0
RECLAIM-V2-006254,RETRY_ALL,0,,,0,0
RECLAIM-V2-006255,RETRY_ALL,0,,,0,0
RECLAIM-V2-006256,RETRY_ALL,0,,,0,0
RECLAIM-V2-006257,RETRY_ALL,0,,,0,0
RECLAIM-V2-006258,RETRY_ALL,0,,,0,0
RECLAIM-V2-006259,RETRY_ALL,0,,,0,0
RECLAIM-V2-006260,RETRY_ALL,0,,,0,0
RECLAIM-V2-006261,RETRY_ALL,0,,,0,0
RECLAIM-V2-006262,RETRY_ALL,0,,,0,0
RECLAIM-V2-006263,RETRY_ALL,0,,,0,0
RECLAIM-V2-006264,RETRY_ALL,0,,,0,0
RECLAIM-V2-006265,RETRY_ALL,0,,,0,0
RECLAIM-V2-006266,RETRY_ALL,0,,,0,0
RECLAIM-V2-006267,RETRY_ALL,0,,,0,0
RECLAIM-V2-006268,RETRY_ALL,0,,,0,0
RECLAIM-V2-006269,RETRY_ALL,0,,,0,0
RECLAIM-V2-006270,RETRY_ALL,0,,,0,0
RECLAIM-V2-006271,RETRY_ALL,0,,,0,0
RECLAIM-V2-006272,RETRY_ALL,0,,,0,0
RECLAIM-V2-006273,RETRY_ALL,0,,,0,0
RECLAIM-V2-006274,RETRY_ALL,0,,,0,0
RECLAIM-V2-006275,RETRY_ALL,0,,,0,0
RECLAIM-V2-006276,RETRY_ALL,0,,,0,0
RECLAIM-V2-006277,RETRY_ALL,0,,,0,0
RECLAIM-V2-006278,RETRY_ALL,0,,,0,0
RECLAIM-V2-006279,RETRY_ALL,0,,,0,0
RECLAIM-V2-006280,RETRY_ALL,0,,,0,0
RECLAIM-V2-006281,RETRY_ALL,0,,,0,0
RECLAIM-V2-006282,RETRY_ALL,0,,,0,0
RECLAIM-V2-006283,RETRY_ALL,0,,,0,0
RECLAIM-V2-006284,RETRY_ALL,0,,,0,0
RECLAIM-V2-006285,RETRY_ALL,0,,,0,0
RECLAIM-V2-006286,RETRY_ALL,0,,,0,0
RECLAIM-V2-006287,RETRY_ALL,0,,,0,0
RECLAIM-V2-006288,RETRY_ALL,0,,,0,0
RECLAIM-V2-006289,RETRY_ALL,0,,,0,0
RECLAIM-V2-006290,RETRY_ALL,0,,,0,0
RECLAIM-V2-006291,RETRY_ALL,0,,,0,0
RECLAIM-V2-006292,RETRY_ALL,0,,,0,0
RECLAIM-V2-006293,RETRY_ALL,0,,,0,0
RECLAIM-V2-006294,RETRY_ALL,0,,,0,0
RECLAIM-V2-006295,RETRY_ALL,0,,,0,0
RECLAIM-V2-006296,RETRY_ALL,0,,,0,0
RECLAIM-V2-006297,RETRY_ALL,0,,,0,0
RECLAIM-V2-006298,RETRY_ALL,0,,,0,0
RECLAIM-V2-006299,RETRY_ALL,0,,,0,0
RECLAIM-V2-006300,RETRY_ALL,0,,,0,0
RECLAIM-V2-006301,TARGET,1,,,0,0
RECLAIM-V2-006302,RETRY_ALL,0,,,0,0
RECLAIM-V2-006303,RETRY_ALL,0,,,0,0
RECLAIM-V2-006304,RETRY_ALL,0,,,0,0
RECLAIM-V2-006305,RETRY_ALL,0,,,0,0
RECLAIM-V2-006306,RETRY_ALL,0,,,0,0
RECLAIM-V2-006307,RETRY_ALL,0,,,0,0
RECLAIM-V2-006308,RETRY_ALL,0,,,0,0
RECLAIM-V2-006309,RETRY_ALL,0,,,0,0
RECLAIM-V2-006310,RETRY_ALL,0,,,0,0
RECLAIM-V2-006311,RETRY_ALL,0,,,0,0
RECLAIM-V2-006312,RETRY_ALL,0,,,0,0
RECLAIM-V2-006313,RETRY_ALL,0,,,0,0
RECLAIM-V2-006314,RETRY_ALL,0,,,0,0
RECLAIM-V2-006315,RETRY_ALL,0,,,0,0
RECLAIM-V2-006316,RETRY_ALL,0,,,0,0
RECLAIM-V2-006317,TARGET,1,,,0,0
RECLAIM-V2-006318,RETRY_ALL,0,,,0,0
RECLAIM-V2-006319,RETRY_ALL,0,,,0,0
RECLAIM-V2-006320,RETRY_ALL,0,,,0,0
RECLAIM-V2-006321,RETRY_ALL,0,,,0,0
RECLAIM-V2-006322,RETRY_ALL,0,,,0,0
RECLAIM-V2-006323,RETRY_ALL,0,,,0,0
RECLAIM-V2-006324,RETRY_ALL,0,,,0,0
RECLAIM-V2-006325,RETRY_ALL,0,,,0,0
RECLAIM-V2-006326,RETRY_ALL,0,,,0,0
RECLAIM-V2-006327,RETRY_ALL,0,,,0,0
RECLAIM-V2-006328,RETRY_ALL,0,,,0,0
RECLAIM-V2-006329,RETRY_ALL,0,,,0,0
RECLAIM-V2-006330,RETRY_ALL,0,,,0,0
RECLAIM-V2-006331,RETRY_ALL,0,,,0,0
RECLAIM-V2-006332,RETRY_ALL,0,,,0,0
RECLAIM-V2-006333,RETRY_ALL,0,,,0,0
RECLAIM-V2-006334,RETRY_ALL,0,,,0,0
RECLAIM-V2-006335,RETRY_ALL,0,,,0,0
RECLAIM-V2-006336,RETRY_ALL,0,,,0,0
RECLAIM-V2-006337,TARGET,1,,,0,0
RECLAIM-V2-006338,RETRY_ALL,0,,,0,0
RECLAIM-V2-006339,RETRY_ALL,0,,,0,0
RECLAIM-V2-006340,TARGET,1,,,0,0
RECLAIM-V2-006341,RETRY_ALL,0,,,0,0
RECLAIM-V2-006342,RETRY_ALL,0,,,0,0
RECLAIM-V2-006343,RETRY_ALL,0,,,0,0
RECLAIM-V2-006344,RETRY_ALL,0,,,0,0
RECLAIM-V2-006345,RETRY_ALL,0,,,0,0
RECLAIM-V2-006346,RETRY_ALL,0,,,0,0
RECLAIM-V2-006347,RETRY_ALL,0,,,0,0
RECLAIM-V2-006348,RETRY_ALL,0,,,0,0
RECLAIM-V2-006349,RETRY_ALL,0,,,0,0
RECLAIM-V2-006350,RETRY_ALL,0,,,0,0
RECLAIM-V2-006351,RETRY_ALL,0,,,0,0
RECLAIM-V2-006352,RETRY_ALL,0,,,0,0
RECLAIM-V2-006353,RETRY_ALL,0,,,0,0
RECLAIM-V2-006354,RETRY_ALL,0,,,0,0
RECLAIM-V2-006355,RETRY_ALL,0,,,0,0
RECLAIM-V2-006356,RETRY_ALL,0,,,0,0
RECLAIM-V2-006357,RETRY_ALL,0,,,0,0
RECLAIM-V2-006358,RETRY_ALL,0,,,0,0
RECLAIM-V2-006359,RETRY_ALL,0,,,0,0
RECLAIM-V2-006360,RETRY_ALL,0,,,0,0
RECLAIM-V2-006361,RETRY_ALL,0,,,0,0
RECLAIM-V2-006362,RETRY_ALL,0,,,0,0
RECLAIM-V2-006363,RETRY_ALL,0,,,0,0
RECLAIM-V2-006364,RETRY_ALL,0,,,0,0
RECLAIM-V2-006365,RETRY_ALL,0,,,0,0
RECLAIM-V2-006366,RETRY_ALL,0,,,0,0
RECLAIM-V2-006367,RETRY_ALL,0,,,0,0
RECLAIM-V2-006368,RETRY_ALL,0,,,0,0
RECLAIM-V2-006369,RETRY_ALL,0,,,0,0
RECLAIM-V2-006370,RETRY_ALL,0,,,0,0
RECLAIM-V2-006371,RETRY_ALL,0,,,0,0
RECLAIM-V2-006372,RETRY_ALL,0,,,0,0
RECLAIM-V2-006373,RETRY_ALL,0,,,0,0
RECLAIM-V2-006374,RETRY_ALL,0,,,0,0
RECLAIM-V2-006375,RETRY_ALL,0,,,0,0
RECLAIM-V2-006376,RETRY_ALL,0,,,0,0
RECLAIM-V2-006377,RETRY_ALL,0,,,0,0
RECLAIM-V2-006378,RETRY_ALL,0,,,0,0
RECLAIM-V2-006379,RETRY_ALL,0,,,0,0
RECLAIM-V2-006380,RETRY_ALL,0,,,0,0
RECLAIM-V2-006381,RETRY_ALL,0,,,0,0
RECLAIM-V2-006382,RETRY_ALL,0,,,0,0
RECLAIM-V2-006383,RETRY_ALL,0,,,0,0
RECLAIM-V2-006384,RETRY_ALL,0,,,0,0
RECLAIM-V2-006385,RETRY_ALL,0,,,0,0
RECLAIM-V2-006386,RETRY_ALL,0,,,0,0
RECLAIM-V2-006387,RETRY_ALL,0,,,0,0
RECLAIM-V2-006388,RETRY_ALL,0,,,0,0
RECLAIM-V2-006389,RETRY_ALL,0,,,0,0
RECLAIM-V2-006390,RETRY_ALL,0,,,0,0
RECLAIM-V2-006391,RETRY_ALL,0,,,0,0
RECLAIM-V2-006392,RETRY_ALL,0,,,0,0
RECLAIM-V2-006393,RETRY_ALL,0,,,0,0
RECLAIM-V2-006394,RETRY_ALL,0,,,0,0
RECLAIM-V2-006395,RETRY_ALL,0,,,0,0
RECLAIM-V2-006396,RETRY_ALL,0,,,0,0
RECLAIM-V2-006397,RETRY_ALL,0,,,0,0
RECLAIM-V2-006398,RETRY_ALL,0,,,0,0
RECLAIM-V2-006399,RETRY_ALL,0,,,0,0
RECLAIM-V2-006400,RETRY_ALL,0,,,0,0
RECLAIM-V2-006401,RETRY_ALL,0,,,0,0
RECLAIM-V2-006402,RETRY_ALL,0,,,0,0
RECLAIM-V2-006403,RETRY_ALL,0,,,0,0
RECLAIM-V2-006404,RETRY_ALL,0,,,0,0
RECLAIM-V2-006405,RETRY_ALL,0,,,0,0
RECLAIM-V2-006406,RETRY_ALL,0,,,0,0
RECLAIM-V2-006407,TARGET,1,,,0,0
RECLAIM-V2-006408,RETRY_ALL,0,,,0,0
RECLAIM-V2-006409,RETRY_ALL,0,,,0,0
RECLAIM-V2-006410,RETRY_ALL,0,,,0,0
RECLAIM-V2-006411,RETRY_ALL,0,,,0,0
RECLAIM-V2-006412,RETRY_ALL,0,,,0,0
RECLAIM-V2-006413,RETRY_ALL,0,,,0,0
RECLAIM-V2-006414,RETRY_ALL,0,,,0,0
RECLAIM-V2-006415,RETRY_ALL,0,,,0,0
RECLAIM-V2-006416,RETRY_ALL,0,,,0,0
RECLAIM-V2-006417,RETRY_ALL,0,,,0,0
RECLAIM-V2-006418,RETRY_ALL,0,,,0,0
RECLAIM-V2-006419,RETRY_ALL,0,,,0,0
RECLAIM-V2-006420,RETRY_ALL,0,,,0,0
RECLAIM-V2-006421,RETRY_ALL,0,,,0,0
RECLAIM-V2-006422,RETRY_ALL,0,,,0,0
RECLAIM-V2-006423,RETRY_ALL,0,,,0,0
RECLAIM-V2-006424,RETRY_ALL,0,,,0,0
RECLAIM-V2-006425,RETRY_ALL,0,,,0,0
RECLAIM-V2-006426,RETRY_ALL,0,,,0,0
RECLAIM-V2-006427,RETRY_ALL,0,,,0,0
RECLAIM-V2-006428,RETRY_ALL,0,,,0,0
RECLAIM-V2-006429,RETRY_ALL,0,,,0,0
RECLAIM-V2-006430,RETRY_ALL,0,,,0,0
RECLAIM-V2-006431,RETRY_ALL,0,,,0,0
RECLAIM-V2-006432,RETRY_ALL,0,,,0,0
RECLAIM-V2-006433,RETRY_ALL,0,,,0,0
RECLAIM-V2-006434,RETRY_ALL,0,,,0,0
RECLAIM-V2-006435,RETRY_ALL,0,,,0,0
RECLAIM-V2-006436,RETRY_ALL,0,,,0,0
RECLAIM-V2-006437,RETRY_ALL,0,,,0,0
RECLAIM-V2-006438,RETRY_ALL,0,,,0,0
RECLAIM-V2-006439,RETRY_ALL,0,,,0,0
RECLAIM-V2-006440,RETRY_ALL,0,,,0,0
RECLAIM-V2-006441,RETRY_ALL,0,,,0,0
RECLAIM-V2-006442,RETRY_ALL,0,,,0,0
RECLAIM-V2-006443,RETRY_ALL,0,,,0,0
RECLAIM-V2-006444,RETRY_ALL,0,,,0,0
RECLAIM-V2-006445,RETRY_ALL,0,,,0,0
RECLAIM-V2-006446,RETRY_ALL,0,,,0,0
RECLAIM-V2-006447,RETRY_ALL,0,,,0,0
RECLAIM-V2-006448,RETRY_ALL,0,,,0,0
RECLAIM-V2-006449,RETRY_ALL,0,,,0,0
RECLAIM-V2-006450,RETRY_ALL,0,,,0,0
RECLAIM-V2-006451,RETRY_ALL,0,,,0,0
RECLAIM-V2-006452,RETRY_ALL,0,,,0,0
RECLAIM-V2-006453,RETRY_ALL,0,,,0,0
RECLAIM-V2-006454,RETRY_ALL,0,,,0,0
RECLAIM-V2-006455,RETRY_ALL,0,,,0,0
RECLAIM-V2-006456,RETRY_ALL,0,,,0,0
RECLAIM-V2-006457,RETRY_ALL,0,,,0,0
RECLAIM-V2-006458,RETRY_ALL,0,,,0,0
RECLAIM-V2-006459,RETRY_ALL,0,,,0,0
RECLAIM-V2-006460,RETRY_ALL,0,,,0,0
RECLAIM-V2-006461,RETRY_ALL,0,,,0,0
RECLAIM-V2-006462,RETRY_ALL,0,,,0,0
RECLAIM-V2-006463,RETRY_ALL,0,,,0,0
RECLAIM-V2-006464,RETRY_ALL,0,,,0,0
RECLAIM-V2-006465,RETRY_ALL,0,,,0,0
RECLAIM-V2-006466,RETRY_ALL,0,,,0,0
RECLAIM-V2-006467,RETRY_ALL,0,,,0,0
RECLAIM-V2-006468,RETRY_ALL,0,,,0,0
RECLAIM-V2-006469,RETRY_ALL,0,,,0,0
RECLAIM-V2-006470,RETRY_ALL,0,,,0,0
RECLAIM-V2-006471,RETRY_ALL,0,,,0,0
RECLAIM-V2-006472,RETRY_ALL,0,,,0,0
RECLAIM-V2-006473,RETRY_ALL,0,,,0,0
RECLAIM-V2-006474,RETRY_ALL,0,,,0,0
RECLAIM-V2-006475,RETRY_ALL,0,,,0,0
RECLAIM-V2-006476,RETRY_ALL,0,,,0,0
RECLAIM-V2-006477,RETRY_ALL,0,,,0,0
RECLAIM-V2-006478,RETRY_ALL,0,,,0,0
RECLAIM-V2-006479,RETRY_ALL,0,,,0,0
RECLAIM-V2-006480,RETRY_ALL,0,,,0,0
RECLAIM-V2-006481,RETRY_ALL,0,,,0,0
RECLAIM-V2-006482,RETRY_ALL,0,,,0,0
RECLAIM-V2-006483,RETRY_ALL,0,,,0,0
RECLAIM-V2-006484,RETRY_ALL,0,,,0,0
RECLAIM-V2-006485,RETRY_ALL,0,,,0,0
RECLAIM-V2-006486,RETRY_ALL,0,,,0,0
RECLAIM-V2-006487,RETRY_ALL,0,,,0,0
RECLAIM-V2-006488,RETRY_ALL,0,,,0,0
RECLAIM-V2-006489,RETRY_ALL,0,,,0,0
RECLAIM-V2-006490,RETRY_ALL,0,,,0,0
RECLAIM-V2-006491,RETRY_ALL,0,,,0,0
RECLAIM-V2-006492,RETRY_ALL,0,,,0,0
RECLAIM-V2-006493,RETRY_ALL,0,,,0,0
RECLAIM-V2-006494,RETRY_ALL,0,,,0,0
RECLAIM-V2-006495,RETRY_ALL,0,,,0,0
RECLAIM-V2-006496,RETRY_ALL,0,,,0,0
RECLAIM-V2-006497,RETRY_ALL,0,,,0,0
RECLAIM-V2-006498,RETRY_ALL,0,,,0,0
RECLAIM-V2-006499,RETRY_ALL,0,,,0,0
RECLAIM-V2-006500,RETRY_ALL,0,,,0,0
RECLAIM-V2-006501,RETRY_ALL,0,,,0,0
RECLAIM-V2-006502,RETRY_ALL,0,,,0,0
RECLAIM-V2-006503,TARGET,1,,,0,0
RECLAIM-V2-006504,RETRY_ALL,0,,,0,0
RECLAIM-V2-006505,RETRY_ALL,0,,,0,0
RECLAIM-V2-006506,RETRY_ALL,0,,,0,0
RECLAIM-V2-006507,RETRY_ALL,0,,,0,0
RECLAIM-V2-006508,RETRY_ALL,0,,,0,0
RECLAIM-V2-006509,RETRY_ALL,0,,,0,0
RECLAIM-V2-006510,RETRY_ALL,0,,,0,0
RECLAIM-V2-006511,RETRY_ALL,0,,,0,0
RECLAIM-V2-006512,RETRY_ALL,0,,,0,0
RECLAIM-V2-006513,RETRY_ALL,0,,,0,0
RECLAIM-V2-006514,RETRY_ALL,0,,,0,0
RECLAIM-V2-006515,RETRY_ALL,0,,,0,0
RECLAIM-V2-006516,RETRY_ALL,0,,,0,0
RECLAIM-V2-006517,RETRY_ALL,0,,,0,0
RECLAIM-V2-006518,RETRY_ALL,0,,,0,0
RECLAIM-V2-006519,RETRY_ALL,0,,,0,0
RECLAIM-V2-006520,RETRY_ALL,0,,,0,0
RECLAIM-V2-006521,RETRY_ALL,0,,,0,0
RECLAIM-V2-006522,RETRY_ALL,0,,,0,0
RECLAIM-V2-006523,RETRY_ALL,0,,,0,0
RECLAIM-V2-006524,RETRY_ALL,0,,,0,0
RECLAIM-V2-006525,RETRY_ALL,0,,,0,0
RECLAIM-V2-006526,RETRY_ALL,0,,,0,0
RECLAIM-V2-006527,RETRY_ALL,0,,,0,0
RECLAIM-V2-006528,RETRY_ALL,0,,,0,0
RECLAIM-V2-006529,RETRY_ALL,0,,,0,0
RECLAIM-V2-006530,RETRY_ALL,0,,,0,0
RECLAIM-V2-006531,RETRY_ALL,0,,,0,0
RECLAIM-V2-006532,RETRY_ALL,0,,,0,0
RECLAIM-V2-006533,RETRY_ALL,0,,,0,0
RECLAIM-V2-006534,RETRY_ALL,0,,,0,0
RECLAIM-V2-006535,RETRY_ALL,0,,,0,0
RECLAIM-V2-006536,RETRY_ALL,0,,,0,0
RECLAIM-V2-006537,RETRY_ALL,0,,,0,0
RECLAIM-V2-006538,RETRY_ALL,0,,,0,0
RECLAIM-V2-006539,RETRY_ALL,0,,,0,0
RECLAIM-V2-006540,RETRY_ALL,0,,,0,0
RECLAIM-V2-006541,TARGET,1,,,0,0
RECLAIM-V2-006542,RETRY_ALL,0,,,0,0
RECLAIM-V2-006543,RETRY_ALL,0,,,0,0
RECLAIM-V2-006544,RETRY_ALL,0,,,0,0
RECLAIM-V2-006545,RETRY_ALL,0,,,0,0
RECLAIM-V2-006546,RETRY_ALL,0,,,0,0
RECLAIM-V2-006547,RETRY_ALL,0,,,0,0
RECLAIM-V2-006548,RETRY_ALL,0,,,0,0
RECLAIM-V2-006549,RETRY_ALL,0,,,0,0
RECLAIM-V2-006550,RETRY_ALL,0,,,0,0
RECLAIM-V2-006551,RETRY_ALL,0,,,0,0
RECLAIM-V2-006552,RETRY_ALL,0,,,0,0
RECLAIM-V2-006553,RETRY_ALL,0,,,0,0
RECLAIM-V2-006554,RETRY_ALL,0,,,0,0
RECLAIM-V2-006555,RETRY_ALL,0,,,0,0
RECLAIM-V2-006556,RETRY_ALL,0,,,0,0
RECLAIM-V2-006557,RETRY_ALL,0,,,0,0
RECLAIM-V2-006558,RETRY_ALL,0,,,0,0
RECLAIM-V2-006559,RETRY_ALL,0,,,0,0
RECLAIM-V2-006560,RETRY_ALL,0,,,0,0
RECLAIM-V2-006561,RETRY_ALL,0,,,0,0
RECLAIM-V2-006562,RETRY_ALL,0,,,0,0
RECLAIM-V2-006563,RETRY_ALL,0,,,0,0
RECLAIM-V2-006564,RETRY_ALL,0,,,0,0
RECLAIM-V2-006565,RETRY_ALL,0,,,0,0
RECLAIM-V2-006566,RETRY_ALL,0,,,0,0
RECLAIM-V2-006567,RETRY_ALL,0,,,0,0
RECLAIM-V2-006568,RETRY_ALL,0,,,0,0
RECLAIM-V2-006569,RETRY_ALL,0,,,0,0
RECLAIM-V2-006570,RETRY_ALL,0,,,0,0
RECLAIM-V2-006571,RETRY_ALL,0,,,0,0
RECLAIM-V2-006572,RETRY_ALL,0,,,0,0
RECLAIM-V2-006573,RETRY_ALL,0,,,0,0
RECLAIM-V2-006574,RETRY_ALL,0,,,0,0
RECLAIM-V2-006575,RETRY_ALL,0,,,0,0
RECLAIM-V2-006576,RETRY_ALL,0,,,0,0
RECLAIM-V2-006577,RETRY_ALL,0,,,0,0
RECLAIM-V2-006578,RETRY_ALL,0,,,0,0
RECLAIM-V2-006579,RETRY_ALL,0,,,0,0
RECLAIM-V2-006580,RETRY_ALL,0,,,0,0
RECLAIM-V2-006581,RETRY_ALL,0,,,0,0
RECLAIM-V2-006582,RETRY_ALL,0,,,0,0
RECLAIM-V2-006583,TARGET,1,,,0,0
RECLAIM-V2-006584,RETRY_ALL,0,,,0,0
RECLAIM-V2-006585,RETRY_ALL,0,,,0,0
RECLAIM-V2-006586,RETRY_ALL,0,,,0,0
RECLAIM-V2-006587,RETRY_ALL,0,,,0,0
RECLAIM-V2-006588,RETRY_ALL,0,,,0,0
RECLAIM-V2-006589,RETRY_ALL,0,,,0,0
RECLAIM-V2-006590,RETRY_ALL,0,,,0,0
RECLAIM-V2-006591,RETRY_ALL,0,,,0,0
RECLAIM-V2-006592,TARGET,1,,,0,0
RECLAIM-V2-006593,RETRY_ALL,0,,,0,0
RECLAIM-V2-006594,RETRY_ALL,0,,,0,0
RECLAIM-V2-006595,RETRY_ALL,0,,,0,0
RECLAIM-V2-006596,RETRY_ALL,0,,,0,0
RECLAIM-V2-006597,RETRY_ALL,0,,,0,0
RECLAIM-V2-006598,RETRY_ALL,0,,,0,0
RECLAIM-V2-006599,RETRY_ALL,0,,,0,0
RECLAIM-V2-006600,RETRY_ALL,0,,,0,0
RECLAIM-V2-006601,RETRY_ALL,0,,,0,0
RECLAIM-V2-006602,RETRY_ALL,0,,,0,0
RECLAIM-V2-006603,RETRY_ALL,0,,,0,0
RECLAIM-V2-006604,RETRY_ALL,0,,,0,0
RECLAIM-V2-006605,RETRY_ALL,0,,,0,0
RECLAIM-V2-006606,RETRY_ALL,0,,,0,0
RECLAIM-V2-006607,RETRY_ALL,0,,,0,0
RECLAIM-V2-006608,RETRY_ALL,0,,,0,0
RECLAIM-V2-006609,TARGET,1,,,0,0
RECLAIM-V2-006610,RETRY_ALL,0,,,0,0
RECLAIM-V2-006611,RETRY_ALL,0,,,0,0
RECLAIM-V2-006612,RETRY_ALL,0,,,0,0
RECLAIM-V2-006613,RETRY_ALL,0,,,0,0
RECLAIM-V2-006614,RETRY_ALL,0,,,0,0
RECLAIM-V2-006615,RETRY_ALL,0,,,0,0
RECLAIM-V2-006616,RETRY_ALL,0,,,0,0
RECLAIM-V2-006617,RETRY_ALL,0,,,0,0
RECLAIM-V2-006618,RETRY_ALL,0,,,0,0
RECLAIM-V2-006619,RETRY_ALL,0,,,0,0
RECLAIM-V2-006620,RETRY_ALL,0,,,0,0
RECLAIM-V2-006621,RETRY_ALL,0,,,0,0
RECLAIM-V2-006622,RETRY_ALL,0,,,0,0
RECLAIM-V2-006623,RETRY_ALL,0,,,0,0
RECLAIM-V2-006624,RETRY_ALL,0,,,0,0
RECLAIM-V2-006625,RETRY_ALL,0,,,0,0
RECLAIM-V2-006626,RETRY_ALL,0,,,0,0
RECLAIM-V2-006627,RETRY_ALL,0,,,0,0
RECLAIM-V2-006628,RETRY_ALL,0,,,0,0
RECLAIM-V2-006629,RETRY_ALL,0,,,0,0
RECLAIM-V2-006630,RETRY_ALL,0,,,0,0
RECLAIM-V2-006631,RETRY_ALL,0,,,0,0
RECLAIM-V2-006632,RETRY_ALL,0,,,0,0
RECLAIM-V2-006633,RETRY_ALL,0,,,0,0
RECLAIM-V2-006634,RETRY_ALL,0,,,0,0
RECLAIM-V2-006635,RETRY_ALL,0,,,0,0
RECLAIM-V2-006636,RETRY_ALL,0,,,0,0
RECLAIM-V2-006637,RETRY_ALL,0,,,0,0
RECLAIM-V2-006638,RETRY_ALL,0,,,0,0
RECLAIM-V2-006639,RETRY_ALL,0,,,0,0
RECLAIM-V2-006640,RETRY_ALL,0,,,0,0
RECLAIM-V2-006641,RETRY_ALL,0,,,0,0
RECLAIM-V2-006642,TARGET,1,,,0,0
RECLAIM-V2-006643,RETRY_ALL,0,,,0,0
RECLAIM-V2-006644,RETRY_ALL,0,,,0,0
RECLAIM-V2-006645,RETRY_ALL,0,,,0,0
RECLAIM-V2-006646,RETRY_ALL,0,,,0,0
RECLAIM-V2-006647,RETRY_ALL,0,,,0,0
RECLAIM-V2-006648,RETRY_ALL,0,,,0,0
RECLAIM-V2-006649,RETRY_ALL,0,,,0,0
RECLAIM-V2-006650,RETRY_ALL,0,,,0,0
RECLAIM-V2-006651,TARGET,1,,,0,0
RECLAIM-V2-006652,RETRY_ALL,0,,,0,0
RECLAIM-V2-006653,RETRY_ALL,0,,,0,0
RECLAIM-V2-006654,RETRY_ALL,0,,,0,0
RECLAIM-V2-006655,TARGET,1,,,0,0
RECLAIM-V2-006656,RETRY_ALL,0,,,0,0
RECLAIM-V2-006657,RETRY_ALL,0,,,0,0
RECLAIM-V2-006658,RETRY_ALL,0,,,0,0
RECLAIM-V2-006659,RETRY_ALL,0,,,0,0
RECLAIM-V2-006660,RETRY_ALL,0,,,0,0
RECLAIM-V2-006661,RETRY_ALL,0,,,0,0
RECLAIM-V2-006662,RETRY_ALL,0,,,0,0
RECLAIM-V2-006663,RETRY_ALL,0,,,0,0
RECLAIM-V2-006664,RETRY_ALL,0,,,0,0
RECLAIM-V2-006665,RETRY_ALL,0,,,0,0
RECLAIM-V2-006666,RETRY_ALL,0,,,0,0
RECLAIM-V2-006667,RETRY_ALL,0,,,0,0
RECLAIM-V2-006668,RETRY_ALL,0,,,0,0
RECLAIM-V2-006669,RETRY_ALL,0,,,0,0
RECLAIM-V2-006670,RETRY_ALL,0,,,0,0
RECLAIM-V2-006671,RETRY_ALL,0,,,0,0
RECLAIM-V2-006672,RETRY_ALL,0,,,0,0
RECLAIM-V2-006673,RETRY_ALL,0,,,0,0
RECLAIM-V2-006674,RETRY_ALL,0,,,0,0
RECLAIM-V2-006675,TARGET,1,,,0,0
RECLAIM-V2-006676,RETRY_ALL,0,,,0,0
RECLAIM-V2-006677,RETRY_ALL,0,,,0,0
RECLAIM-V2-006678,RETRY_ALL,0,,,0,0
RECLAIM-V2-006679,RETRY_ALL,0,,,0,0
RECLAIM-V2-006680,RETRY_ALL,0,,,0,0
RECLAIM-V2-006681,RETRY_ALL,0,,,0,0
RECLAIM-V2-006682,RETRY_ALL,0,,,0,0
RECLAIM-V2-006683,RETRY_ALL,0,,,0,0
RECLAIM-V2-006684,RETRY_ALL,0,,,0,0
RECLAIM-V2-006685,RETRY_ALL,0,,,0,0
RECLAIM-V2-006686,RETRY_ALL,0,,,0,0
RECLAIM-V2-006687,RETRY_ALL,0,,,0,0
RECLAIM-V2-006688,RETRY_ALL,0,,,0,0
RECLAIM-V2-006689,RETRY_ALL,0,,,0,0
RECLAIM-V2-006690,RETRY_ALL,0,,,0,0
RECLAIM-V2-006691,RETRY_ALL,0,,,0,0
RECLAIM-V2-006692,RETRY_ALL,0,,,0,0
RECLAIM-V2-006693,RETRY_ALL,0,,,0,0
RECLAIM-V2-006694,RETRY_ALL,0,,,0,0
RECLAIM-V2-006695,RETRY_ALL,0,,,0,0
RECLAIM-V2-006696,TARGET,1,,,0,0
RECLAIM-V2-006697,TARGET,1,,,0,0
RECLAIM-V2-006698,RETRY_ALL,0,,,0,0
RECLAIM-V2-006699,RETRY_ALL,0,,,0,0
RECLAIM-V2-006700,RETRY_ALL,0,,,0,0
RECLAIM-V2-006701,RETRY_ALL,0,,,0,0
RECLAIM-V2-006702,RETRY_ALL,0,,,0,0
RECLAIM-V2-006703,RETRY_ALL,0,,,0,0
RECLAIM-V2-006704,RETRY_ALL,0,,,0,0
RECLAIM-V2-006705,RETRY_ALL,0,,,0,0
RECLAIM-V2-006706,RETRY_ALL,0,,,0,0
RECLAIM-V2-006707,RETRY_ALL,0,,,0,0
RECLAIM-V2-006708,RETRY_ALL,0,,,0,0
RECLAIM-V2-006709,RETRY_ALL,0,,,0,0
RECLAIM-V2-006710,RETRY_ALL,0,,,0,0
RECLAIM-V2-006711,RETRY_ALL,0,,,0,0
RECLAIM-V2-006712,RETRY_ALL,0,,,0,0
RECLAIM-V2-006713,RETRY_ALL,0,,,0,0
RECLAIM-V2-006714,RETRY_ALL,0,,,0,0
RECLAIM-V2-006715,RETRY_ALL,0,,,0,0
RECLAIM-V2-006716,RETRY_ALL,0,,,0,0
RECLAIM-V2-006717,RETRY_ALL,0,,,0,0
RECLAIM-V2-006718,RETRY_ALL,0,,,0,0
RECLAIM-V2-006719,RETRY_ALL,0,,,0,0
RECLAIM-V2-006720,RETRY_ALL,0,,,0,0
RECLAIM-V2-006721,RETRY_ALL,0,,,0,0
RECLAIM-V2-006722,RETRY_ALL,0,,,0,0
RECLAIM-V2-006723,RETRY_ALL,0,,,0,0
RECLAIM-V2-006724,RETRY_ALL,0,,,0,0
RECLAIM-V2-006725,RETRY_ALL,0,,,0,0
RECLAIM-V2-006726,RETRY_ALL,0,,,0,0
RECLAIM-V2-006727,RETRY_ALL,0,,,0,0
RECLAIM-V2-006728,TARGET,1,,,0,0
RECLAIM-V2-006729,RETRY_ALL,0,,,0,0
RECLAIM-V2-006730,RETRY_ALL,0,,,0,0
RECLAIM-V2-006731,RETRY_ALL,0,,,0,0
RECLAIM-V2-006732,RETRY_ALL,0,,,0,0
RECLAIM-V2-006733,RETRY_ALL,0,,,0,0
RECLAIM-V2-006734,RETRY_ALL,0,,,0,0
RECLAIM-V2-006735,RETRY_ALL,0,,,0,0
RECLAIM-V2-006736,RETRY_ALL,0,,,0,0
RECLAIM-V2-006737,RETRY_ALL,0,,,0,0
RECLAIM-V2-006738,TARGET,1,,,0,0
RECLAIM-V2-006739,RETRY_ALL,0,,,0,0
RECLAIM-V2-006740,RETRY_ALL,0,,,0,0
RECLAIM-V2-006741,RETRY_ALL,0,,,0,0
RECLAIM-V2-006742,RETRY_ALL,0,,,0,0
RECLAIM-V2-006743,RETRY_ALL,0,,,0,0
RECLAIM-V2-006744,RETRY_ALL,0,,,0,0
RECLAIM-V2-006745,RETRY_ALL,0,,,0,0
RECLAIM-V2-006746,RETRY_ALL,0,,,0,0
RECLAIM-V2-006747,RETRY_ALL,0,,,0,0
RECLAIM-V2-006748,RETRY_ALL,0,,,0,0
RECLAIM-V2-006749,RETRY_ALL,0,,,0,0
RECLAIM-V2-006750,RETRY_ALL,0,,,0,0
RECLAIM-V2-006751,RETRY_ALL,0,,,0,0
RECLAIM-V2-006752,RETRY_ALL,0,,,0,0
RECLAIM-V2-006753,RETRY_ALL,0,,,0,0
RECLAIM-V2-006754,RETRY_ALL,0,,,0,0
RECLAIM-V2-006755,RETRY_ALL,0,,,0,0
RECLAIM-V2-006756,RETRY_ALL,0,,,0,0
RECLAIM-V2-006757,RETRY_ALL,0,,,0,0
RECLAIM-V2-006758,RETRY_ALL,0,,,0,0
RECLAIM-V2-006759,RETRY_ALL,0,,,0,0
RECLAIM-V2-006760,RETRY_ALL,0,,,0,0
RECLAIM-V2-006761,RETRY_ALL,0,,,0,0
RECLAIM-V2-006762,RETRY_ALL,0,,,0,0
RECLAIM-V2-006763,RETRY_ALL,0,,,0,0
RECLAIM-V2-006764,RETRY_ALL,0,,,0,0
RECLAIM-V2-006765,RETRY_ALL,0,,,0,0
RECLAIM-V2-006766,RETRY_ALL,0,,,0,0
RECLAIM-V2-006767,RETRY_ALL,0,,,0,0
RECLAIM-V2-006768,RETRY_ALL,0,,,0,0
RECLAIM-V2-006769,RETRY_ALL,0,,,0,0
RECLAIM-V2-006770,RETRY_ALL,0,,,0,0
RECLAIM-V2-006771,RETRY_ALL,0,,,0,0
RECLAIM-V2-006772,RETRY_ALL,0,,,0,0
RECLAIM-V2-006773,RETRY_ALL,0,,,0,0
RECLAIM-V2-006774,RETRY_ALL,0,,,0,0
RECLAIM-V2-006775,RETRY_ALL,0,,,0,0
RECLAIM-V2-006776,RETRY_ALL,0,,,0,0
RECLAIM-V2-006777,RETRY_ALL,0,,,0,0
RECLAIM-V2-006778,RETRY_ALL,0,,,0,0
RECLAIM-V2-006779,RETRY_ALL,0,,,0,0
RECLAIM-V2-006780,RETRY_ALL,0,,,0,0
RECLAIM-V2-006781,RETRY_ALL,0,,,0,0
RECLAIM-V2-006782,RETRY_ALL,0,,,0,0
RECLAIM-V2-006783,RETRY_ALL,0,,,0,0
RECLAIM-V2-006784,RETRY_ALL,0,,,0,0
RECLAIM-V2-006785,RETRY_ALL,0,,,0,0
RECLAIM-V2-006786,RETRY_ALL,0,,,0,0
RECLAIM-V2-006787,RETRY_ALL,0,,,0,0
RECLAIM-V2-006788,RETRY_ALL,0,,,0,0
RECLAIM-V2-006789,RETRY_ALL,0,,,0,0
RECLAIM-V2-006790,RETRY_ALL,0,,,0,0
RECLAIM-V2-006791,RETRY_ALL,0,,,0,0
RECLAIM-V2-006792,RETRY_ALL,0,,,0,0
RECLAIM-V2-006793,RETRY_ALL,0,,,0,0
RECLAIM-V2-006794,RETRY_ALL,0,,,0,0
RECLAIM-V2-006795,RETRY_ALL,0,,,0,0
RECLAIM-V2-006796,RETRY_ALL,0,,,0,0
RECLAIM-V2-006797,RETRY_ALL,0,,,0,0
RECLAIM-V2-006798,RETRY_ALL,0,,,0,0
RECLAIM-V2-006799,RETRY_ALL,0,,,0,0
RECLAIM-V2-006800,RETRY_ALL,0,,,0,0
RECLAIM-V2-006801,RETRY_ALL,0,,,0,0
RECLAIM-V2-006802,RETRY_ALL,0,,,0,0
RECLAIM-V2-006803,RETRY_ALL,0,,,0,0
RECLAIM-V2-006804,RETRY_ALL,0,,,0,0
RECLAIM-V2-006805,RETRY_ALL,0,,,0,0
RECLAIM-V2-006806,RETRY_ALL,0,,,0,0
RECLAIM-V2-006807,RETRY_ALL,0,,,0,0
RECLAIM-V2-006808,RETRY_ALL,0,,,0,0
RECLAIM-V2-006809,RETRY_ALL,0,,,0,0
RECLAIM-V2-006810,RETRY_ALL,0,,,0,0
RECLAIM-V2-006811,RETRY_ALL,0,,,0,0
RECLAIM-V2-006812,RETRY_ALL,0,,,0,0
RECLAIM-V2-006813,RETRY_ALL,0,,,0,0
RECLAIM-V2-006814,TARGET,1,,,0,0
RECLAIM-V2-006815,RETRY_ALL,0,,,0,0
RECLAIM-V2-006816,RETRY_ALL,0,,,0,0
RECLAIM-V2-006817,RETRY_ALL,0,,,0,0
RECLAIM-V2-006818,RETRY_ALL,0,,,0,0
RECLAIM-V2-006819,RETRY_ALL,0,,,0,0
RECLAIM-V2-006820,RETRY_ALL,0,,,0,0
RECLAIM-V2-006821,RETRY_ALL,0,,,0,0
RECLAIM-V2-006822,RETRY_ALL,0,,,0,0
RECLAIM-V2-006823,RETRY_ALL,0,,,0,0
RECLAIM-V2-006824,RETRY_ALL,0,,,0,0
RECLAIM-V2-006825,RETRY_ALL,0,,,0,0
RECLAIM-V2-006826,RETRY_ALL,0,,,0,0
RECLAIM-V2-006827,RETRY_ALL,0,,,0,0
RECLAIM-V2-006828,RETRY_ALL,0,,,0,0
RECLAIM-V2-006829,RETRY_ALL,0,,,0,0
RECLAIM-V2-006830,RETRY_ALL,0,,,0,0
RECLAIM-V2-006831,RETRY_ALL,0,,,0,0
RECLAIM-V2-006832,RETRY_ALL,0,,,0,0
RECLAIM-V2-006833,RETRY_ALL,0,,,0,0
RECLAIM-V2-006834,RETRY_ALL,0,,,0,0
RECLAIM-V2-006835,RETRY_ALL,0,,,0,0
RECLAIM-V2-006836,RETRY_ALL,0,,,0,0
RECLAIM-V2-006837,RETRY_ALL,0,,,0,0
RECLAIM-V2-006838,RETRY_ALL,0,,,0,0
RECLAIM-V2-006839,RETRY_ALL,0,,,0,0
RECLAIM-V2-006840,RETRY_ALL,0,,,0,0
RECLAIM-V2-006841,RETRY_ALL,0,,,0,0
RECLAIM-V2-006842,RETRY_ALL,0,,,0,0
RECLAIM-V2-006843,RETRY_ALL,0,,,0,0
RECLAIM-V2-006844,RETRY_ALL,0,,,0,0
RECLAIM-V2-006845,RETRY_ALL,0,,,0,0
RECLAIM-V2-006846,RETRY_ALL,0,,,0,0
RECLAIM-V2-006847,RETRY_ALL,0,,,0,0
RECLAIM-V2-006848,RETRY_ALL,0,,,0,0
RECLAIM-V2-006849,TARGET,1,,,0,0
RECLAIM-V2-006850,RETRY_ALL,0,,,0,0
RECLAIM-V2-006851,RETRY_ALL,0,,,0,0
RECLAIM-V2-006852,RETRY_ALL,0,,,0,0
RECLAIM-V2-006853,RETRY_ALL,0,,,0,0
RECLAIM-V2-006854,RETRY_ALL,0,,,0,0
RECLAIM-V2-006855,RETRY_ALL,0,,,0,0
RECLAIM-V2-006856,RETRY_ALL,0,,,0,0
RECLAIM-V2-006857,RETRY_ALL,0,,,0,0
RECLAIM-V2-006858,RETRY_ALL,0,,,0,0
RECLAIM-V2-006859,RETRY_ALL,0,,,0,0
RECLAIM-V2-006860,RETRY_ALL,0,,,0,0
RECLAIM-V2-006861,RETRY_ALL,0,,,0,0
RECLAIM-V2-006862,RETRY_ALL,0,,,0,0
RECLAIM-V2-006863,RETRY_ALL,0,,,0,0
RECLAIM-V2-006864,RETRY_ALL,0,,,0,0
RECLAIM-V2-006865,RETRY_ALL,0,,,0,0
RECLAIM-V2-006866,RETRY_ALL,0,,,0,0
RECLAIM-V2-006867,RETRY_ALL,0,,,0,0
RECLAIM-V2-006868,RETRY_ALL,0,,,0,0
RECLAIM-V2-006869,RETRY_ALL,0,,,0,0
RECLAIM-V2-006870,RETRY_ALL,0,,,0,0
RECLAIM-V2-006871,RETRY_ALL,0,,,0,0
RECLAIM-V2-006872,RETRY_ALL,0,,,0,0
RECLAIM-V2-006873,RETRY_ALL,0,,,0,0
RECLAIM-V2-006874,RETRY_ALL,0,,,0,0
RECLAIM-V2-006875,RETRY_ALL,0,,,0,0
RECLAIM-V2-006876,RETRY_ALL,0,,,0,0
RECLAIM-V2-006877,RETRY_ALL,0,,,0,0
RECLAIM-V2-006878,RETRY_ALL,0,,,0,0
RECLAIM-V2-006879,RETRY_ALL,0,,,0,0
RECLAIM-V2-006880,RETRY_ALL,0,,,0,0
RECLAIM-V2-006881,RETRY_ALL,0,,,0,0
RECLAIM-V2-006882,RETRY_ALL,0,,,0,0
RECLAIM-V2-006883,RETRY_ALL,0,,,0,0
RECLAIM-V2-006884,RETRY_ALL,0,,,0,0
RECLAIM-V2-006885,RETRY_ALL,0,,,0,0
RECLAIM-V2-006886,RETRY_ALL,0,,,0,0
RECLAIM-V2-006887,RETRY_ALL,0,,,0,0
RECLAIM-V2-006888,RETRY_ALL,0,,,0,0
RECLAIM-V2-006889,RETRY_ALL,0,,,0,0
RECLAIM-V2-006890,RETRY_ALL,0,,,0,0
RECLAIM-V2-006891,RETRY_ALL,0,,,0,0
RECLAIM-V2-006892,RETRY_ALL,0,,,0,0
RECLAIM-V2-006893,RETRY_ALL,0,,,0,0
RECLAIM-V2-006894,RETRY_ALL,0,,,0,0
RECLAIM-V2-006895,RETRY_ALL,0,,,0,0
RECLAIM-V2-006896,RETRY_ALL,0,,,0,0
RECLAIM-V2-006897,RETRY_ALL,0,,,0,0
RECLAIM-V2-006898,RETRY_ALL,0,,,0,0
RECLAIM-V2-006899,RETRY_ALL,0,,,0,0
RECLAIM-V2-006900,TARGET,1,,,0,0
RECLAIM-V2-006901,RETRY_ALL,0,,,0,0
RECLAIM-V2-006902,RETRY_ALL,0,,,0,0
RECLAIM-V2-006903,RETRY_ALL,0,,,0,0
RECLAIM-V2-006904,RETRY_ALL,0,,,0,0
RECLAIM-V2-006905,RETRY_ALL,0,,,0,0
RECLAIM-V2-006906,RETRY_ALL,0,,,0,0
RECLAIM-V2-006907,RETRY_ALL,0,,,0,0
RECLAIM-V2-006908,RETRY_ALL,0,,,0,0
RECLAIM-V2-006909,RETRY_ALL,0,,,0,0
RECLAIM-V2-006910,RETRY_ALL,0,,,0,0
RECLAIM-V2-006911,RETRY_ALL,0,,,0,0
RECLAIM-V2-006912,RETRY_ALL,0,,,0,0
RECLAIM-V2-006913,RETRY_ALL,0,,,0,0
RECLAIM-V2-006914,RETRY_ALL,0,,,0,0
RECLAIM-V2-006915,TARGET,1,,,0,0
RECLAIM-V2-006916,RETRY_ALL,0,,,0,0
RECLAIM-V2-006917,TARGET,1,,,0,0
RECLAIM-V2-006918,RETRY_ALL,0,,,0,0
RECLAIM-V2-006919,RETRY_ALL,0,,,0,0
RECLAIM-V2-006920,RETRY_ALL,0,,,0,0
RECLAIM-V2-006921,RETRY_ALL,0,,,0,0
RECLAIM-V2-006922,RETRY_ALL,0,,,0,0
RECLAIM-V2-006923,RETRY_ALL,0,,,0,0
RECLAIM-V2-006924,RETRY_ALL,0,,,0,0
RECLAIM-V2-006925,TARGET,1,,,0,0
RECLAIM-V2-006926,RETRY_ALL,0,,,0,0
RECLAIM-V2-006927,RETRY_ALL,0,,,0,0
RECLAIM-V2-006928,RETRY_ALL,0,,,0,0
RECLAIM-V2-006929,RETRY_ALL,0,,,0,0
RECLAIM-V2-006930,RETRY_ALL,0,,,0,0
RECLAIM-V2-006931,RETRY_ALL,0,,,0,0
RECLAIM-V2-006932,RETRY_ALL,0,,,0,0
RECLAIM-V2-006933,RETRY_ALL,0,,,0,0
RECLAIM-V2-006934,RETRY_ALL,0,,,0,0
RECLAIM-V2-006935,TARGET,1,,,0,0
RECLAIM-V2-006936,RETRY_ALL,0,,,0,0
RECLAIM-V2-006937,RETRY_ALL,0,,,0,0
RECLAIM-V2-006938,RETRY_ALL,0,,,0,0
RECLAIM-V2-006939,RETRY_ALL,0,,,0,0
RECLAIM-V2-006940,RETRY_ALL,0,,,0,0
RECLAIM-V2-006941,RETRY_ALL,0,,,0,0
RECLAIM-V2-006942,RETRY_ALL,0,,,0,0
RECLAIM-V2-006943,RETRY_ALL,0,,,0,0
RECLAIM-V2-006944,RETRY_ALL,0,,,0,0
RECLAIM-V2-006945,RETRY_ALL,0,,,0,0
RECLAIM-V2-006946,RETRY_ALL,0,,,0,0
RECLAIM-V2-006947,RETRY_ALL,0,,,0,0
RECLAIM-V2-006948,RETRY_ALL,0,,,0,0
RECLAIM-V2-006949,RETRY_ALL,0,,,0,0
RECLAIM-V2-006950,RETRY_ALL,0,,,0,0
RECLAIM-V2-006951,RETRY_ALL,0,,,0,0
RECLAIM-V2-006952,RETRY_ALL,0,,,0,0
RECLAIM-V2-006953,RETRY_ALL,0,,,0,0
RECLAIM-V2-006954,RETRY_ALL,0,,,0,0
RECLAIM-V2-006955,RETRY_ALL,0,,,0,0
RECLAIM-V2-006956,RETRY_ALL,0,,,0,0
RECLAIM-V2-006957,TARGET,1,,,0,0
RECLAIM-V2-006958,RETRY_ALL,0,,,0,0
RECLAIM-V2-006959,RETRY_ALL,0,,,0,0
RECLAIM-V2-006960,RETRY_ALL,0,,,0,0
RECLAIM-V2-006961,RETRY_ALL,0,,,0,0
RECLAIM-V2-006962,RETRY_ALL,0,,,0,0
RECLAIM-V2-006963,RETRY_ALL,0,,,0,0
RECLAIM-V2-006964,RETRY_ALL,0,,,0,0
RECLAIM-V2-006965,RETRY_ALL,0,,,0,0
RECLAIM-V2-006966,RETRY_ALL,0,,,0,0
RECLAIM-V2-006967,RETRY_ALL,0,,,0,0
RECLAIM-V2-006968,RETRY_ALL,0,,,0,0
RECLAIM-V2-006969,RETRY_ALL,0,,,0,0
RECLAIM-V2-006970,RETRY_ALL,0,,,0,0
RECLAIM-V2-006971,RETRY_ALL,0,,,0,0
RECLAIM-V2-006972,RETRY_ALL,0,,,0,0
RECLAIM-V2-006973,RETRY_ALL,0,,,0,0
RECLAIM-V2-006974,RETRY_ALL,0,,,0,0
RECLAIM-V2-006975,RETRY_ALL,0,,,0,0
RECLAIM-V2-006976,RETRY_ALL,0,,,0,0
RECLAIM-V2-006977,RETRY_ALL,0,,,0,0
RECLAIM-V2-006978,RETRY_ALL,0,,,0,0
RECLAIM-V2-006979,RETRY_ALL,0,,,0,0
RECLAIM-V2-006980,RETRY_ALL,0,,,0,0
RECLAIM-V2-006981,RETRY_ALL,0,,,0,0
RECLAIM-V2-006982,RETRY_ALL,0,,,0,0
RECLAIM-V2-006983,RETRY_ALL,0,,,0,0
RECLAIM-V2-006984,RETRY_ALL,0,,,0,0
RECLAIM-V2-006985,RETRY_ALL,0,,,0,0
RECLAIM-V2-006986,RETRY_ALL,0,,,0,0
RECLAIM-V2-006987,RETRY_ALL,0,,,0,0
RECLAIM-V2-006988,RETRY_ALL,0,,,0,0
RECLAIM-V2-006989,RETRY_ALL,0,,,0,0
RECLAIM-V2-006990,RETRY_ALL,0,,,0,0
RECLAIM-V2-006991,RETRY_ALL,0,,,0,0
RECLAIM-V2-006992,RETRY_ALL,0,,,0,0
RECLAIM-V2-006993,RETRY_ALL,0,,,0,0
RECLAIM-V2-006994,RETRY_ALL,0,,,0,0
RECLAIM-V2-006995,RETRY_ALL,0,,,0,0
RECLAIM-V2-006996,RETRY_ALL,0,,,0,0
RECLAIM-V2-006997,TARGET,1,,,0,0
RECLAIM-V2-006998,RETRY_ALL,0,,,0,0
RECLAIM-V2-006999,RETRY_ALL,0,,,0,0
RECLAIM-V2-007000,RETRY_ALL,0,,,0,0
RECLAIM-V2-007001,RETRY_ALL,0,,,0,0
RECLAIM-V2-007002,RETRY_ALL,0,,,0,0
RECLAIM-V2-007003,RETRY_ALL,0,,,0,0
RECLAIM-V2-007004,RETRY_ALL,0,,,0,0
RECLAIM-V2-007005,RETRY_ALL,0,,,0,0
RECLAIM-V2-007006,RETRY_ALL,0,,,0,0
RECLAIM-V2-007007,RETRY_ALL,0,,,0,0
RECLAIM-V2-007008,RETRY_ALL,0,,,0,0
RECLAIM-V2-007009,RETRY_ALL,0,,,0,0
RECLAIM-V2-007010,RETRY_ALL,0,,,0,0
RECLAIM-V2-007011,RETRY_ALL,0,,,0,0
RECLAIM-V2-007012,RETRY_ALL,0,,,0,0
RECLAIM-V2-007013,RETRY_ALL,0,,,0,0
RECLAIM-V2-007014,RETRY_ALL,0,,,0,0
RECLAIM-V2-007015,RETRY_ALL,0,,,0,0
RECLAIM-V2-007016,RETRY_ALL,0,,,0,0
RECLAIM-V2-007017,TARGET,1,,,0,0
RECLAIM-V2-007018,RETRY_ALL,0,,,0,0
RECLAIM-V2-007019,RETRY_ALL,0,,,0,0
RECLAIM-V2-007020,RETRY_ALL,0,,,0,0
RECLAIM-V2-007021,RETRY_ALL,0,,,0,0
RECLAIM-V2-007022,RETRY_ALL,0,,,0,0
RECLAIM-V2-007023,RETRY_ALL,0,,,0,0
RECLAIM-V2-007024,TARGET,1,,,0,0
RECLAIM-V2-007025,RETRY_ALL,0,,,0,0
RECLAIM-V2-007026,RETRY_ALL,0,,,0,0
RECLAIM-V2-007027,RETRY_ALL,0,,,0,0
RECLAIM-V2-007028,RETRY_ALL,0,,,0,0
RECLAIM-V2-007029,RETRY_ALL,0,,,0,0
RECLAIM-V2-007030,RETRY_ALL,0,,,0,0
RECLAIM-V2-007031,RETRY_ALL,0,,,0,0
RECLAIM-V2-007032,RETRY_ALL,0,,,0,0
RECLAIM-V2-007033,TARGET,1,,,0,0
RECLAIM-V2-007034,RETRY_ALL,0,,,0,0
RECLAIM-V2-007035,RETRY_ALL,0,,,0,0
RECLAIM-V2-007036,RETRY_ALL,0,,,0,0
RECLAIM-V2-007037,RETRY_ALL,0,,,0,0
RECLAIM-V2-007038,RETRY_ALL,0,,,0,0
RECLAIM-V2-007039,RETRY_ALL,0,,,0,0
RECLAIM-V2-007040,RETRY_ALL,0,,,0,0
RECLAIM-V2-007041,RETRY_ALL,0,,,0,0
RECLAIM-V2-007042,RETRY_ALL,0,,,0,0
RECLAIM-V2-007043,RETRY_ALL,0,,,0,0
RECLAIM-V2-007044,RETRY_ALL,0,,,0,0
RECLAIM-V2-007045,RETRY_ALL,0,,,0,0
RECLAIM-V2-007046,RETRY_ALL,0,,,0,0
RECLAIM-V2-007047,RETRY_ALL,0,,,0,0
RECLAIM-V2-007048,RETRY_ALL,0,,,0,0
RECLAIM-V2-007049,RETRY_ALL,0,,,0,0
RECLAIM-V2-007050,RETRY_ALL,0,,,0,0
RECLAIM-V2-007051,RETRY_ALL,0,,,0,0
RECLAIM-V2-007052,RETRY_ALL,0,,,0,0
RECLAIM-V2-007053,RETRY_ALL,0,,,0,0
RECLAIM-V2-007054,RETRY_ALL,0,,,0,0
RECLAIM-V2-007055,RETRY_ALL,0,,,0,0
RECLAIM-V2-007056,RETRY_ALL,0,,,0,0
RECLAIM-V2-007057,RETRY_ALL,0,,,0,0
RECLAIM-V2-007058,RETRY_ALL,0,,,0,0
RECLAIM-V2-007059,RETRY_ALL,0,,,0,0
RECLAIM-V2-007060,RETRY_ALL,0,,,0,0
RECLAIM-V2-007061,RETRY_ALL,0,,,0,0
RECLAIM-V2-007062,RETRY_ALL,0,,,0,0
RECLAIM-V2-007063,RETRY_ALL,0,,,0,0
RECLAIM-V2-007064,RETRY_ALL,0,,,0,0
RECLAIM-V2-007065,TARGET,1,,,0,0
RECLAIM-V2-007066,RETRY_ALL,0,,,0,0
RECLAIM-V2-007067,RETRY_ALL,0,,,0,0
RECLAIM-V2-007068,RETRY_ALL,0,,,0,0
RECLAIM-V2-007069,RETRY_ALL,0,,,0,0
RECLAIM-V2-007070,RETRY_ALL,0,,,0,0
RECLAIM-V2-007071,RETRY_ALL,0,,,0,0
RECLAIM-V2-007072,RETRY_ALL,0,,,0,0
RECLAIM-V2-007073,RETRY_ALL,0,,,0,0
RECLAIM-V2-007074,RETRY_ALL,0,,,0,0
RECLAIM-V2-007075,RETRY_ALL,0,,,0,0
RECLAIM-V2-007076,RETRY_ALL,0,,,0,0
RECLAIM-V2-007077,RETRY_ALL,0,,,0,0
RECLAIM-V2-007078,RETRY_ALL,0,,,0,0
RECLAIM-V2-007079,RETRY_ALL,0,,,0,0
RECLAIM-V2-007080,RETRY_ALL,0,,,0,0
RECLAIM-V2-007081,RETRY_ALL,0,,,0,0
RECLAIM-V2-007082,RETRY_ALL,0,,,0,0
RECLAIM-V2-007083,RETRY_ALL,0,,,0,0
RECLAIM-V2-007084,RETRY_ALL,0,,,0,0
RECLAIM-V2-007085,RETRY_ALL,0,,,0,0
RECLAIM-V2-007086,RETRY_ALL,0,,,0,0
RECLAIM-V2-007087,RETRY_ALL,0,,,0,0
RECLAIM-V2-007088,RETRY_ALL,0,,,0,0
RECLAIM-V2-007089,RETRY_ALL,0,,,0,0
RECLAIM-V2-007090,RETRY_ALL,0,,,0,0
RECLAIM-V2-007091,RETRY_ALL,0,,,0,0
RECLAIM-V2-007092,RETRY_ALL,0,,,0,0
RECLAIM-V2-007093,RETRY_ALL,0,,,0,0
RECLAIM-V2-007094,RETRY_ALL,0,,,0,0
RECLAIM-V2-007095,RETRY_ALL,0,,,0,0
RECLAIM-V2-007096,RETRY_ALL,0,,,0,0
RECLAIM-V2-007097,RETRY_ALL,0,,,0,0
RECLAIM-V2-007098,RETRY_ALL,0,,,0,0
RECLAIM-V2-007099,RETRY_ALL,0,,,0,0
RECLAIM-V2-007100,RETRY_ALL,0,,,0,0
RECLAIM-V2-007101,RETRY_ALL,0,,,0,0
RECLAIM-V2-007102,RETRY_ALL,0,,,0,0
RECLAIM-V2-007103,RETRY_ALL,0,,,0,0
RECLAIM-V2-007104,RETRY_ALL,0,,,0,0
RECLAIM-V2-007105,RETRY_ALL,0,,,0,0
RECLAIM-V2-007106,RETRY_ALL,0,,,0,0
RECLAIM-V2-007107,RETRY_ALL,0,,,0,0
RECLAIM-V2-007108,RETRY_ALL,0,,,0,0
RECLAIM-V2-007109,RETRY_ALL,0,,,0,0
RECLAIM-V2-007110,RETRY_ALL,0,,,0,0
RECLAIM-V2-007111,RETRY_ALL,0,,,0,0
RECLAIM-V2-007112,RETRY_ALL,0,,,0,0
RECLAIM-V2-007113,RETRY_ALL,0,,,0,0
RECLAIM-V2-007114,RETRY_ALL,0,,,0,0
RECLAIM-V2-007115,RETRY_ALL,0,,,0,0
RECLAIM-V2-007116,RETRY_ALL,0,,,0,0
RECLAIM-V2-007117,RETRY_ALL,0,,,0,0
RECLAIM-V2-007118,RETRY_ALL,0,,,0,0
RECLAIM-V2-007119,RETRY_ALL,0,,,0,0
RECLAIM-V2-007120,RETRY_ALL,0,,,0,0
RECLAIM-V2-007121,RETRY_ALL,0,,,0,0
RECLAIM-V2-007122,RETRY_ALL,0,,,0,0
RECLAIM-V2-007123,RETRY_ALL,0,,,0,0
RECLAIM-V2-007124,RETRY_ALL,0,,,0,0
RECLAIM-V2-007125,RETRY_ALL,0,,,0,0
RECLAIM-V2-007126,RETRY_ALL,0,,,0,0
RECLAIM-V2-007127,RETRY_ALL,0,,,0,0
RECLAIM-V2-007128,RETRY_ALL,0,,,0,0
RECLAIM-V2-007129,RETRY_ALL,0,,,0,0
RECLAIM-V2-007130,RETRY_ALL,0,,,0,0
RECLAIM-V2-007131,RETRY_ALL,0,,,0,0
RECLAIM-V2-007132,RETRY_ALL,0,,,0,0
RECLAIM-V2-007133,RETRY_ALL,0,,,0,0
RECLAIM-V2-007134,RETRY_ALL,0,,,0,0
RECLAIM-V2-007135,RETRY_ALL,0,,,0,0
RECLAIM-V2-007136,RETRY_ALL,0,,,0,0
RECLAIM-V2-007137,RETRY_ALL,0,,,0,0
RECLAIM-V2-007138,RETRY_ALL,0,,,0,0
RECLAIM-V2-007139,TARGET,1,,,0,0
RECLAIM-V2-007140,RETRY_ALL,0,,,0,0
RECLAIM-V2-007141,RETRY_ALL,0,,,0,0
RECLAIM-V2-007142,RETRY_ALL,0,,,0,0
RECLAIM-V2-007143,RETRY_ALL,0,,,0,0
RECLAIM-V2-007144,RETRY_ALL,0,,,0,0
RECLAIM-V2-007145,RETRY_ALL,0,,,0,0
RECLAIM-V2-007146,RETRY_ALL,0,,,0,0
RECLAIM-V2-007147,TARGET,1,,,0,0
RECLAIM-V2-007148,RETRY_ALL,0,,,0,0
RECLAIM-V2-007149,RETRY_ALL,0,,,0,0
RECLAIM-V2-007150,RETRY_ALL,0,,,0,0
RECLAIM-V2-007151,RETRY_ALL,0,,,0,0
RECLAIM-V2-007152,TARGET,1,,,0,0
RECLAIM-V2-007153,RETRY_ALL,0,,,0,0
RECLAIM-V2-007154,RETRY_ALL,0,,,0,0
RECLAIM-V2-007155,RETRY_ALL,0,,,0,0
RECLAIM-V2-007156,RETRY_ALL,0,,,0,0
RECLAIM-V2-007157,RETRY_ALL,0,,,0,0
RECLAIM-V2-007158,RETRY_ALL,0,,,0,0
RECLAIM-V2-007159,RETRY_ALL,0,,,0,0
RECLAIM-V2-007160,RETRY_ALL,0,,,0,0
RECLAIM-V2-007161,RETRY_ALL,0,,,0,0
RECLAIM-V2-007162,RETRY_ALL,0,,,0,0
RECLAIM-V2-007163,RETRY_ALL,0,,,0,0
RECLAIM-V2-007164,RETRY_ALL,0,,,0,0
RECLAIM-V2-007165,RETRY_ALL,0,,,0,0
RECLAIM-V2-007166,RETRY_ALL,0,,,0,0
RECLAIM-V2-007167,RETRY_ALL,0,,,0,0
RECLAIM-V2-007168,RETRY_ALL,0,,,0,0
RECLAIM-V2-007169,RETRY_ALL,0,,,0,0
RECLAIM-V2-007170,RETRY_ALL,0,,,0,0
RECLAIM-V2-007171,RETRY_ALL,0,,,0,0
RECLAIM-V2-007172,RETRY_ALL,0,,,0,0
RECLAIM-V2-007173,RETRY_ALL,0,,,0,0
RECLAIM-V2-007174,RETRY_ALL,0,,,0,0
RECLAIM-V2-007175,RETRY_ALL,0,,,0,0
RECLAIM-V2-007176,RETRY_ALL,0,,,0,0
RECLAIM-V2-007177,RETRY_ALL,0,,,0,0
RECLAIM-V2-007178,RETRY_ALL,0,,,0,0
RECLAIM-V2-007179,RETRY_ALL,0,,,0,0
RECLAIM-V2-007180,RETRY_ALL,0,,,0,0
RECLAIM-V2-007181,RETRY_ALL,0,,,0,0
RECLAIM-V2-007182,RETRY_ALL,0,,,0,0
RECLAIM-V2-007183,RETRY_ALL,0,,,0,0
RECLAIM-V2-007184,RETRY_ALL,0,,,0,0
RECLAIM-V2-007185,RETRY_ALL,0,,,0,0
RECLAIM-V2-007186,RETRY_ALL,0,,,0,0
RECLAIM-V2-007187,RETRY_ALL,0,,,0,0
RECLAIM-V2-007188,RETRY_ALL,0,,,0,0
RECLAIM-V2-007189,RETRY_ALL,0,,,0,0
RECLAIM-V2-007190,RETRY_ALL,0,,,0,0
RECLAIM-V2-007191,RETRY_ALL,0,,,0,0
RECLAIM-V2-007192,RETRY_ALL,0,,,0,0
RECLAIM-V2-007193,TARGET,1,,,0,0
RECLAIM-V2-007194,RETRY_ALL,0,,,0,0
RECLAIM-V2-007195,RETRY_ALL,0,,,0,0
RECLAIM-V2-007196,RETRY_ALL,0,,,0,0
RECLAIM-V2-007197,RETRY_ALL,0,,,0,0
RECLAIM-V2-007198,RETRY_ALL,0,,,0,0
RECLAIM-V2-007199,RETRY_ALL,0,,,0,0
RECLAIM-V2-007200,RETRY_ALL,0,,,0,0
RECLAIM-V2-007201,RETRY_ALL,0,,,0,0
RECLAIM-V2-007202,RETRY_ALL,0,,,0,0
RECLAIM-V2-007203,RETRY_ALL,0,,,0,0
RECLAIM-V2-007204,RETRY_ALL,0,,,0,0
RECLAIM-V2-007205,RETRY_ALL,0,,,0,0
RECLAIM-V2-007206,RETRY_ALL,0,,,0,0
RECLAIM-V2-007207,RETRY_ALL,0,,,0,0
RECLAIM-V2-007208,RETRY_ALL,0,,,0,0
RECLAIM-V2-007209,RETRY_ALL,0,,,0,0
RECLAIM-V2-007210,RETRY_ALL,0,,,0,0
RECLAIM-V2-007211,RETRY_ALL,0,,,0,0
RECLAIM-V2-007212,RETRY_ALL,0,,,0,0
RECLAIM-V2-007213,RETRY_ALL,0,,,0,0
RECLAIM-V2-007214,RETRY_ALL,0,,,0,0
RECLAIM-V2-007215,RETRY_ALL,0,,,0,0
RECLAIM-V2-007216,RETRY_ALL,0,,,0,0
RECLAIM-V2-007217,RETRY_ALL,0,,,0,0
RECLAIM-V2-007218,RETRY_ALL,0,,,0,0
RECLAIM-V2-007219,RETRY_ALL,0,,,0,0
RECLAIM-V2-007220,RETRY_ALL,0,,,0,0
RECLAIM-V2-007221,TARGET,1,,,0,0
RECLAIM-V2-007222,RETRY_ALL,0,,,0,0
RECLAIM-V2-007223,RETRY_ALL,0,,,0,0
RECLAIM-V2-007224,RETRY_ALL,0,,,0,0
RECLAIM-V2-007225,RETRY_ALL,0,,,0,0
RECLAIM-V2-007226,RETRY_ALL,0,,,0,0
RECLAIM-V2-007227,RETRY_ALL,0,,,0,0
RECLAIM-V2-007228,RETRY_ALL,0,,,0,0
RECLAIM-V2-007229,RETRY_ALL,0,,,0,0
RECLAIM-V2-007230,RETRY_ALL,0,,,0,0
RECLAIM-V2-007231,RETRY_ALL,0,,,0,0
RECLAIM-V2-007232,RETRY_ALL,0,,,0,0
RECLAIM-V2-007233,RETRY_ALL,0,,,0,0
RECLAIM-V2-007234,RETRY_ALL,0,,,0,0
RECLAIM-V2-007235,RETRY_ALL,0,,,0,0
RECLAIM-V2-007236,RETRY_ALL,0,,,0,0
RECLAIM-V2-007237,RETRY_ALL,0,,,0,0
RECLAIM-V2-007238,RETRY_ALL,0,,,0,0
RECLAIM-V2-007239,RETRY_ALL,0,,,0,0
RECLAIM-V2-007240,RETRY_ALL,0,,,0,0
RECLAIM-V2-007241,RETRY_ALL,0,,,0,0
RECLAIM-V2-007242,TARGET,1,,,0,0
RECLAIM-V2-007243,RETRY_ALL,0,,,0,0
RECLAIM-V2-007244,RETRY_ALL,0,,,0,0
RECLAIM-V2-007245,RETRY_ALL,0,,,0,0
RECLAIM-V2-007246,TARGET,1,,,0,0
RECLAIM-V2-007247,TARGET,1,,,0,0
RECLAIM-V2-007248,RETRY_ALL,0,,,0,0
RECLAIM-V2-007249,RETRY_ALL,0,,,0,0
RECLAIM-V2-007250,RETRY_ALL,0,,,0,0
RECLAIM-V2-007251,RETRY_ALL,0,,,0,0
RECLAIM-V2-007252,RETRY_ALL,0,,,0,0
RECLAIM-V2-007253,RETRY_ALL,0,,,0,0
RECLAIM-V2-007254,RETRY_ALL,0,,,0,0
RECLAIM-V2-007255,RETRY_ALL,0,,,0,0
RECLAIM-V2-007256,TARGET,1,,,0,0
RECLAIM-V2-007257,RETRY_ALL,0,,,0,0
RECLAIM-V2-007258,RETRY_ALL,0,,,0,0
RECLAIM-V2-007259,RETRY_ALL,0,,,0,0
RECLAIM-V2-007260,RETRY_ALL,0,,,0,0
RECLAIM-V2-007261,RETRY_ALL,0,,,0,0
RECLAIM-V2-007262,RETRY_ALL,0,,,0,0
RECLAIM-V2-007263,RETRY_ALL,0,,,0,0
RECLAIM-V2-007264,RETRY_ALL,0,,,0,0
RECLAIM-V2-007265,RETRY_ALL,0,,,0,0
RECLAIM-V2-007266,RETRY_ALL,0,,,0,0
RECLAIM-V2-007267,RETRY_ALL,0,,,0,0
RECLAIM-V2-007268,RETRY_ALL,0,,,0,0
RECLAIM-V2-007269,TARGET,1,,,0,0
RECLAIM-V2-007270,RETRY_ALL,0,,,0,0
RECLAIM-V2-007271,RETRY_ALL,0,,,0,0
RECLAIM-V2-007272,RETRY_ALL,0,,,0,0
RECLAIM-V2-007273,RETRY_ALL,0,,,0,0
RECLAIM-V2-007274,RETRY_ALL,0,,,0,0
RECLAIM-V2-007275,RETRY_ALL,0,,,0,0
RECLAIM-V2-007276,RETRY_ALL,0,,,0,0
RECLAIM-V2-007277,RETRY_ALL,0,,,0,0
RECLAIM-V2-007278,RETRY_ALL,0,,,0,0
RECLAIM-V2-007279,RETRY_ALL,0,,,0,0
RECLAIM-V2-007280,RETRY_ALL,0,,,0,0
RECLAIM-V2-007281,RETRY_ALL,0,,,0,0
RECLAIM-V2-007282,RETRY_ALL,0,,,0,0
RECLAIM-V2-007283,RETRY_ALL,0,,,0,0
RECLAIM-V2-007284,RETRY_ALL,0,,,0,0
RECLAIM-V2-007285,RETRY_ALL,0,,,0,0
RECLAIM-V2-007286,TARGET,1,,,0,0
RECLAIM-V2-007287,RETRY_ALL,0,,,0,0
RECLAIM-V2-007288,RETRY_ALL,0,,,0,0
RECLAIM-V2-007289,RETRY_ALL,0,,,0,0
RECLAIM-V2-007290,RETRY_ALL,0,,,0,0
RECLAIM-V2-007291,RETRY_ALL,0,,,0,0
RECLAIM-V2-007292,RETRY_ALL,0,,,0,0
RECLAIM-V2-007293,RETRY_ALL,0,,,0,0
RECLAIM-V2-007294,TARGET,1,,,0,0
RECLAIM-V2-007295,RETRY_ALL,0,,,0,0
RECLAIM-V2-007296,RETRY_ALL,0,,,0,0
RECLAIM-V2-007297,RETRY_ALL,0,,,0,0
RECLAIM-V2-007298,RETRY_ALL,0,,,0,0
RECLAIM-V2-007299,RETRY_ALL,0,,,0,0
RECLAIM-V2-007300,RETRY_ALL,0,,,0,0
RECLAIM-V2-007301,RETRY_ALL,0,,,0,0
RECLAIM-V2-007302,RETRY_ALL,0,,,0,0
RECLAIM-V2-007303,RETRY_ALL,0,,,0,0
RECLAIM-V2-007304,RETRY_ALL,0,,,0,0
RECLAIM-V2-007305,RETRY_ALL,0,,,0,0
RECLAIM-V2-007306,RETRY_ALL,0,,,0,0
RECLAIM-V2-007307,RETRY_ALL,0,,,0,0
RECLAIM-V2-007308,RETRY_ALL,0,,,0,0
RECLAIM-V2-007309,RETRY_ALL,0,,,0,0
RECLAIM-V2-007310,RETRY_ALL,0,,,0,0
RECLAIM-V2-007311,RETRY_ALL,0,,,0,0
RECLAIM-V2-007312,RETRY_ALL,0,,,0,0
RECLAIM-V2-007313,RETRY_ALL,0,,,0,0
RECLAIM-V2-007314,RETRY_ALL,0,,,0,0
RECLAIM-V2-007315,RETRY_ALL,0,,,0,0
RECLAIM-V2-007316,RETRY_ALL,0,,,0,0
RECLAIM-V2-007317,RETRY_ALL,0,,,0,0
RECLAIM-V2-007318,RETRY_ALL,0,,,0,0
RECLAIM-V2-007319,RETRY_ALL,0,,,0,0
RECLAIM-V2-007320,RETRY_ALL,0,,,0,0
RECLAIM-V2-007321,RETRY_ALL,0,,,0,0
RECLAIM-V2-007322,RETRY_ALL,0,,,0,0
RECLAIM-V2-007323,RETRY_ALL,0,,,0,0
RECLAIM-V2-007324,RETRY_ALL,0,,,0,0
RECLAIM-V2-007325,RETRY_ALL,0,,,0,0
RECLAIM-V2-007326,RETRY_ALL,0,,,0,0
RECLAIM-V2-007327,RETRY_ALL,0,,,0,0
RECLAIM-V2-007328,RETRY_ALL,0,,,0,0
RECLAIM-V2-007329,RETRY_ALL,0,,,0,0
RECLAIM-V2-007330,RETRY_ALL,0,,,0,0
RECLAIM-V2-007331,RETRY_ALL,0,,,0,0
RECLAIM-V2-007332,RETRY_ALL,0,,,0,0
RECLAIM-V2-007333,RETRY_ALL,0,,,0,0
RECLAIM-V2-007334,RETRY_ALL,0,,,0,0
RECLAIM-V2-007335,RETRY_ALL,0,,,0,0
RECLAIM-V2-007336,RETRY_ALL,0,,,0,0
RECLAIM-V2-007337,TARGET,1,,,0,0
RECLAIM-V2-007338,RETRY_ALL,0,,,0,0
RECLAIM-V2-007339,RETRY_ALL,0,,,0,0
RECLAIM-V2-007340,RETRY_ALL,0,,,0,0
RECLAIM-V2-007341,RETRY_ALL,0,,,0,0
RECLAIM-V2-007342,RETRY_ALL,0,,,0,0
RECLAIM-V2-007343,RETRY_ALL,0,,,0,0
RECLAIM-V2-007344,RETRY_ALL,0,,,0,0
RECLAIM-V2-007345,RETRY_ALL,0,,,0,0
RECLAIM-V2-007346,RETRY_ALL,0,,,0,0
RECLAIM-V2-007347,RETRY_ALL,0,,,0,0
RECLAIM-V2-007348,RETRY_ALL,0,,,0,0
RECLAIM-V2-007349,RETRY_ALL,0,,,0,0
RECLAIM-V2-007350,RETRY_ALL,0,,,0,0
RECLAIM-V2-007351,RETRY_ALL,0,,,0,0
RECLAIM-V2-007352,RETRY_ALL,0,,,0,0
RECLAIM-V2-007353,RETRY_ALL,0,,,0,0
RECLAIM-V2-007354,RETRY_ALL,0,,,0,0
RECLAIM-V2-007355,RETRY_ALL,0,,,0,0
RECLAIM-V2-007356,RETRY_ALL,0,,,0,0
RECLAIM-V2-007357,RETRY_ALL,0,,,0,0
RECLAIM-V2-007358,RETRY_ALL,0,,,0,0
RECLAIM-V2-007359,RETRY_ALL,0,,,0,0
RECLAIM-V2-007360,RETRY_ALL,0,,,0,0
RECLAIM-V2-007361,RETRY_ALL,0,,,0,0
RECLAIM-V2-007362,RETRY_ALL,0,,,0,0
RECLAIM-V2-007363,RETRY_ALL,0,,,0,0
RECLAIM-V2-007364,RETRY_ALL,0,,,0,0
RECLAIM-V2-007365,RETRY_ALL,0,,,0,0
RECLAIM-V2-007366,RETRY_ALL,0,,,0,0
RECLAIM-V2-007367,RETRY_ALL,0,,,0,0
RECLAIM-V2-007368,RETRY_ALL,0,,,0,0
RECLAIM-V2-007369,RETRY_ALL,0,,,0,0
RECLAIM-V2-007370,RETRY_ALL,0,,,0,0
RECLAIM-V2-007371,RETRY_ALL,0,,,0,0
RECLAIM-V2-007372,RETRY_ALL,0,,,0,0
RECLAIM-V2-007373,RETRY_ALL,0,,,0,0
RECLAIM-V2-007374,RETRY_ALL,0,,,0,0
RECLAIM-V2-007375,RETRY_ALL,0,,,0,0
RECLAIM-V2-007376,RETRY_ALL,0,,,0,0
RECLAIM-V2-007377,RETRY_ALL,0,,,0,0
RECLAIM-V2-007378,RETRY_ALL,0,,,0,0
RECLAIM-V2-007379,RETRY_ALL,0,,,0,0
RECLAIM-V2-007380,RETRY_ALL,0,,,0,0
RECLAIM-V2-007381,RETRY_ALL,0,,,0,0
RECLAIM-V2-007382,RETRY_ALL,0,,,0,0
RECLAIM-V2-007383,RETRY_ALL,0,,,0,0
RECLAIM-V2-007384,RETRY_ALL,0,,,0,0
RECLAIM-V2-007385,RETRY_ALL,0,,,0,0
RECLAIM-V2-007386,RETRY_ALL,0,,,0,0
RECLAIM-V2-007387,RETRY_ALL,0,,,0,0
RECLAIM-V2-007388,TARGET,1,,,0,0
RECLAIM-V2-007389,RETRY_ALL,0,,,0,0
RECLAIM-V2-007390,RETRY_ALL,0,,,0,0
RECLAIM-V2-007391,RETRY_ALL,0,,,0,0
RECLAIM-V2-007392,TARGET,1,,,0,0
RECLAIM-V2-007393,RETRY_ALL,0,,,0,0
RECLAIM-V2-007394,RETRY_ALL,0,,,0,0
RECLAIM-V2-007395,RETRY_ALL,0,,,0,0
RECLAIM-V2-007396,TARGET,1,,,0,0
RECLAIM-V2-007397,RETRY_ALL,0,,,0,0
RECLAIM-V2-007398,RETRY_ALL,0,,,0,0
RECLAIM-V2-007399,RETRY_ALL,0,,,0,0
RECLAIM-V2-007400,RETRY_ALL,0,,,0,0
RECLAIM-V2-007401,RETRY_ALL,0,,,0,0
RECLAIM-V2-007402,RETRY_ALL,0,,,0,0
RECLAIM-V2-007403,RETRY_ALL,0,,,0,0
RECLAIM-V2-007404,RETRY_ALL,0,,,0,0
RECLAIM-V2-007405,RETRY_ALL,0,,,0,0
RECLAIM-V2-007406,RETRY_ALL,0,,,0,0
RECLAIM-V2-007407,RETRY_ALL,0,,,0,0
RECLAIM-V2-007408,RETRY_ALL,0,,,0,0
RECLAIM-V2-007409,RETRY_ALL,0,,,0,0
RECLAIM-V2-007410,RETRY_ALL,0,,,0,0
RECLAIM-V2-007411,RETRY_ALL,0,,,0,0
RECLAIM-V2-007412,RETRY_ALL,0,,,0,0
RECLAIM-V2-007413,RETRY_ALL,0,,,0,0
RECLAIM-V2-007414,RETRY_ALL,0,,,0,0
RECLAIM-V2-007415,RETRY_ALL,0,,,0,0
RECLAIM-V2-007416,RETRY_ALL,0,,,0,0
RECLAIM-V2-007417,RETRY_ALL,0,,,0,0
RECLAIM-V2-007418,RETRY_ALL,0,,,0,0
RECLAIM-V2-007419,RETRY_ALL,0,,,0,0
RECLAIM-V2-007420,RETRY_ALL,0,,,0,0
RECLAIM-V2-007421,RETRY_ALL,0,,,0,0
RECLAIM-V2-007422,RETRY_ALL,0,,,0,0
RECLAIM-V2-007423,RETRY_ALL,0,,,0,0
RECLAIM-V2-007424,RETRY_ALL,0,,,0,0
RECLAIM-V2-007425,RETRY_ALL,0,,,0,0
RECLAIM-V2-007426,RETRY_ALL,0,,,0,0
RECLAIM-V2-007427,RETRY_ALL,0,,,0,0
RECLAIM-V2-007428,RETRY_ALL,0,,,0,0
RECLAIM-V2-007429,RETRY_ALL,0,,,0,0
RECLAIM-V2-007430,RETRY_ALL,0,,,0,0
RECLAIM-V2-007431,RETRY_ALL,0,,,0,0
RECLAIM-V2-007432,RETRY_ALL,0,,,0,0
RECLAIM-V2-007433,RETRY_ALL,0,,,0,0
RECLAIM-V2-007434,RETRY_ALL,0,,,0,0
RECLAIM-V2-007435,RETRY_ALL,0,,,0,0
RECLAIM-V2-007436,RETRY_ALL,0,,,0,0
RECLAIM-V2-007437,TARGET,1,,,0,0
RECLAIM-V2-007438,RETRY_ALL,0,,,0,0
RECLAIM-V2-007439,TARGET,1,,,0,0
RECLAIM-V2-007440,RETRY_ALL,0,,,0,0
RECLAIM-V2-007441,RETRY_ALL,0,,,0,0
RECLAIM-V2-007442,RETRY_ALL,0,,,0,0
RECLAIM-V2-007443,RETRY_ALL,0,,,0,0
RECLAIM-V2-007444,RETRY_ALL,0,,,0,0
RECLAIM-V2-007445,RETRY_ALL,0,,,0,0
RECLAIM-V2-007446,RETRY_ALL,0,,,0,0
RECLAIM-V2-007447,RETRY_ALL,0,,,0,0
RECLAIM-V2-007448,RETRY_ALL,0,,,0,0
RECLAIM-V2-007449,RETRY_ALL,0,,,0,0
RECLAIM-V2-007450,RETRY_ALL,0,,,0,0
RECLAIM-V2-007451,RETRY_ALL,0,,,0,0
RECLAIM-V2-007452,RETRY_ALL,0,,,0,0
RECLAIM-V2-007453,RETRY_ALL,0,,,0,0
RECLAIM-V2-007454,RETRY_ALL,0,,,0,0
RECLAIM-V2-007455,RETRY_ALL,0,,,0,0
RECLAIM-V2-007456,RETRY_ALL,0,,,0,0
RECLAIM-V2-007457,RETRY_ALL,0,,,0,0
RECLAIM-V2-007458,RETRY_ALL,0,,,0,0
RECLAIM-V2-007459,RETRY_ALL,0,,,0,0
RECLAIM-V2-007460,RETRY_ALL,0,,,0,0
RECLAIM-V2-007461,RETRY_ALL,0,,,0,0
RECLAIM-V2-007462,RETRY_ALL,0,,,0,0
RECLAIM-V2-007463,TARGET,1,,,0,0
RECLAIM-V2-007464,TARGET,1,,,0,0
RECLAIM-V2-007465,RETRY_ALL,0,,,0,0
RECLAIM-V2-007466,RETRY_ALL,0,,,0,0
RECLAIM-V2-007467,RETRY_ALL,0,,,0,0
RECLAIM-V2-007468,RETRY_ALL,0,,,0,0
RECLAIM-V2-007469,RETRY_ALL,0,,,0,0
RECLAIM-V2-007470,TARGET,1,,,0,0
RECLAIM-V2-007471,RETRY_ALL,0,,,0,0
RECLAIM-V2-007472,RETRY_ALL,0,,,0,0
RECLAIM-V2-007473,RETRY_ALL,0,,,0,0
RECLAIM-V2-007474,RETRY_ALL,0,,,0,0
RECLAIM-V2-007475,RETRY_ALL,0,,,0,0
RECLAIM-V2-007476,RETRY_ALL,0,,,0,0
RECLAIM-V2-007477,RETRY_ALL,0,,,0,0
RECLAIM-V2-007478,RETRY_ALL,0,,,0,0
RECLAIM-V2-007479,RETRY_ALL,0,,,0,0
RECLAIM-V2-007480,RETRY_ALL,0,,,0,0
RECLAIM-V2-007481,RETRY_ALL,0,,,0,0
RECLAIM-V2-007482,RETRY_ALL,0,,,0,0
RECLAIM-V2-007483,RETRY_ALL,0,,,0,0
RECLAIM-V2-007484,RETRY_ALL,0,,,0,0
RECLAIM-V2-007485,RETRY_ALL,0,,,0,0
RECLAIM-V2-007486,RETRY_ALL,0,,,0,0
RECLAIM-V2-007487,RETRY_ALL,0,,,0,0
RECLAIM-V2-007488,RETRY_ALL,0,,,0,0
RECLAIM-V2-007489,RETRY_ALL,0,,,0,0
RECLAIM-V2-007490,TARGET,1,,,0,0
RECLAIM-V2-007491,RETRY_ALL,0,,,0,0
RECLAIM-V2-007492,RETRY_ALL,0,,,0,0
RECLAIM-V2-007493,RETRY_ALL,0,,,0,0
RECLAIM-V2-007494,RETRY_ALL,0,,,0,0
RECLAIM-V2-007495,RETRY_ALL,0,,,0,0
RECLAIM-V2-007496,RETRY_ALL,0,,,0,0
RECLAIM-V2-007497,RETRY_ALL,0,,,0,0
RECLAIM-V2-007498,RETRY_ALL,0,,,0,0
RECLAIM-V2-007499,RETRY_ALL,0,,,0,0
RECLAIM-V2-007500,RETRY_ALL,0,,,0,0
RECLAIM-V2-007501,RETRY_ALL,0,,,0,0
RECLAIM-V2-007502,RETRY_ALL,0,,,0,0
RECLAIM-V2-007503,RETRY_ALL,0,,,0,0
RECLAIM-V2-007504,RETRY_ALL,0,,,0,0
RECLAIM-V2-007505,RETRY_ALL,0,,,0,0
RECLAIM-V2-007506,TARGET,1,,,0,0
RECLAIM-V2-007507,RETRY_ALL,0,,,0,0
RECLAIM-V2-007508,RETRY_ALL,0,,,0,0
RECLAIM-V2-007509,RETRY_ALL,0,,,0,0
RECLAIM-V2-007510,RETRY_ALL,0,,,0,0
RECLAIM-V2-007511,RETRY_ALL,0,,,0,0
RECLAIM-V2-007512,RETRY_ALL,0,,,0,0
RECLAIM-V2-007513,RETRY_ALL,0,,,0,0
RECLAIM-V2-007514,RETRY_ALL,0,,,0,0
RECLAIM-V2-007515,RETRY_ALL,0,,,0,0
RECLAIM-V2-007516,RETRY_ALL,0,,,0,0
RECLAIM-V2-007517,TARGET,1,,,0,0
RECLAIM-V2-007518,RETRY_ALL,0,,,0,0
RECLAIM-V2-007519,RETRY_ALL,0,,,0,0
RECLAIM-V2-007520,RETRY_ALL,0,,,0,0
RECLAIM-V2-007521,RETRY_ALL,0,,,0,0
RECLAIM-V2-007522,RETRY_ALL,0,,,0,0
RECLAIM-V2-007523,RETRY_ALL,0,,,0,0
RECLAIM-V2-007524,TARGET,1,,,0,0
RECLAIM-V2-007525,RETRY_ALL,0,,,0,0
RECLAIM-V2-007526,RETRY_ALL,0,,,0,0
RECLAIM-V2-007527,RETRY_ALL,0,,,0,0
RECLAIM-V2-007528,RETRY_ALL,0,,,0,0
RECLAIM-V2-007529,RETRY_ALL,0,,,0,0
RECLAIM-V2-007530,RETRY_ALL,0,,,0,0
RECLAIM-V2-007531,RETRY_ALL,0,,,0,0
RECLAIM-V2-007532,RETRY_ALL,0,,,0,0
RECLAIM-V2-007533,RETRY_ALL,0,,,0,0
RECLAIM-V2-007534,RETRY_ALL,0,,,0,0
RECLAIM-V2-007535,RETRY_ALL,0,,,0,0
RECLAIM-V2-007536,RETRY_ALL,0,,,0,0
RECLAIM-V2-007537,RETRY_ALL,0,,,0,0
RECLAIM-V2-007538,RETRY_ALL,0,,,0,0
RECLAIM-V2-007539,RETRY_ALL,0,,,0,0
RECLAIM-V2-007540,RETRY_ALL,0,,,0,0
RECLAIM-V2-007541,RETRY_ALL,0,,,0,0
RECLAIM-V2-007542,TARGET,1,,,0,0
RECLAIM-V2-007543,RETRY_ALL,0,,,0,0
RECLAIM-V2-007544,RETRY_ALL,0,,,0,0
RECLAIM-V2-007545,RETRY_ALL,0,,,0,0
RECLAIM-V2-007546,RETRY_ALL,0,,,0,0
RECLAIM-V2-007547,TARGET,1,,,0,0
RECLAIM-V2-007548,RETRY_ALL,0,,,0,0
RECLAIM-V2-007549,RETRY_ALL,0,,,0,0
RECLAIM-V2-007550,RETRY_ALL,0,,,0,0
RECLAIM-V2-007551,RETRY_ALL,0,,,0,0
RECLAIM-V2-007552,RETRY_ALL,0,,,0,0
RECLAIM-V2-007553,RETRY_ALL,0,,,0,0
RECLAIM-V2-007554,RETRY_ALL,0,,,0,0
RECLAIM-V2-007555,RETRY_ALL,0,,,0,0
RECLAIM-V2-007556,RETRY_ALL,0,,,0,0
RECLAIM-V2-007557,RETRY_ALL,0,,,0,0
RECLAIM-V2-007558,RETRY_ALL,0,,,0,0
RECLAIM-V2-007559,RETRY_ALL,0,,,0,0
RECLAIM-V2-007560,RETRY_ALL,0,,,0,0
RECLAIM-V2-007561,RETRY_ALL,0,,,0,0
RECLAIM-V2-007562,RETRY_ALL,0,,,0,0
RECLAIM-V2-007563,RETRY_ALL,0,,,0,0
RECLAIM-V2-007564,RETRY_ALL,0,,,0,0
RECLAIM-V2-007565,RETRY_ALL,0,,,0,0
RECLAIM-V2-007566,RETRY_ALL,0,,,0,0
RECLAIM-V2-007567,RETRY_ALL,0,,,0,0
RECLAIM-V2-007568,RETRY_ALL,0,,,0,0
RECLAIM-V2-007569,RETRY_ALL,0,,,0,0
RECLAIM-V2-007570,RETRY_ALL,0,,,0,0
RECLAIM-V2-007571,RETRY_ALL,0,,,0,0
RECLAIM-V2-007572,RETRY_ALL,0,,,0,0
RECLAIM-V2-007573,RETRY_ALL,0,,,0,0
RECLAIM-V2-007574,RETRY_ALL,0,,,0,0
RECLAIM-V2-007575,RETRY_ALL,0,,,0,0
RECLAIM-V2-007576,RETRY_ALL,0,,,0,0
RECLAIM-V2-007577,RETRY_ALL,0,,,0,0
RECLAIM-V2-007578,RETRY_ALL,0,,,0,0
RECLAIM-V2-007579,RETRY_ALL,0,,,0,0
RECLAIM-V2-007580,RETRY_ALL,0,,,0,0
RECLAIM-V2-007581,RETRY_ALL,0,,,0,0
RECLAIM-V2-007582,RETRY_ALL,0,,,0,0
RECLAIM-V2-007583,TARGET,1,,,0,0
RECLAIM-V2-007584,RETRY_ALL,0,,,0,0
RECLAIM-V2-007585,RETRY_ALL,0,,,0,0
RECLAIM-V2-007586,RETRY_ALL,0,,,0,0
RECLAIM-V2-007587,RETRY_ALL,0,,,0,0
RECLAIM-V2-007588,RETRY_ALL,0,,,0,0
RECLAIM-V2-007589,RETRY_ALL,0,,,0,0
RECLAIM-V2-007590,RETRY_ALL,0,,,0,0
RECLAIM-V2-007591,RETRY_ALL,0,,,0,0
RECLAIM-V2-007592,RETRY_ALL,0,,,0,0
RECLAIM-V2-007593,RETRY_ALL,0,,,0,0
RECLAIM-V2-007594,RETRY_ALL,0,,,0,0
RECLAIM-V2-007595,RETRY_ALL,0,,,0,0
RECLAIM-V2-007596,TARGET,1,,,0,0
RECLAIM-V2-007597,RETRY_ALL,0,,,0,0
RECLAIM-V2-007598,RETRY_ALL,0,,,0,0
RECLAIM-V2-007599,RETRY_ALL,0,,,0,0
RECLAIM-V2-007600,RETRY_ALL,0,,,0,0
RECLAIM-V2-007601,TARGET,1,,,0,0
RECLAIM-V2-007602,RETRY_ALL,0,,,0,0
RECLAIM-V2-007603,RETRY_ALL,0,,,0,0
RECLAIM-V2-007604,RETRY_ALL,0,,,0,0
RECLAIM-V2-007605,RETRY_ALL,0,,,0,0
RECLAIM-V2-007606,RETRY_ALL,0,,,0,0
RECLAIM-V2-007607,RETRY_ALL,0,,,0,0
RECLAIM-V2-007608,RETRY_ALL,0,,,0,0
RECLAIM-V2-007609,TARGET,1,,,0,0
RECLAIM-V2-007610,TARGET,1,,,0,0
RECLAIM-V2-007611,RETRY_ALL,0,,,0,0
RECLAIM-V2-007612,RETRY_ALL,0,,,0,0
RECLAIM-V2-007613,RETRY_ALL,0,,,0,0
RECLAIM-V2-007614,RETRY_ALL,0,,,0,0
RECLAIM-V2-007615,RETRY_ALL,0,,,0,0
RECLAIM-V2-007616,RETRY_ALL,0,,,0,0
RECLAIM-V2-007617,RETRY_ALL,0,,,0,0
RECLAIM-V2-007618,RETRY_ALL,0,,,0,0
RECLAIM-V2-007619,RETRY_ALL,0,,,0,0
RECLAIM-V2-007620,RETRY_ALL,0,,,0,0
RECLAIM-V2-007621,RETRY_ALL,0,,,0,0
RECLAIM-V2-007622,RETRY_ALL,0,,,0,0
RECLAIM-V2-007623,RETRY_ALL,0,,,0,0
RECLAIM-V2-007624,RETRY_ALL,0,,,0,0
RECLAIM-V2-007625,RETRY_ALL,0,,,0,0
RECLAIM-V2-007626,RETRY_ALL,0,,,0,0
RECLAIM-V2-007627,RETRY_ALL,0,,,0,0
RECLAIM-V2-007628,RETRY_ALL,0,,,0,0
RECLAIM-V2-007629,RETRY_ALL,0,,,0,0
RECLAIM-V2-007630,RETRY_ALL,0,,,0,0
RECLAIM-V2-007631,RETRY_ALL,0,,,0,0
RECLAIM-V2-007632,RETRY_ALL,0,,,0,0
RECLAIM-V2-007633,RETRY_ALL,0,,,0,0
RECLAIM-V2-007634,RETRY_ALL,0,,,0,0
RECLAIM-V2-007635,RETRY_ALL,0,,,0,0
RECLAIM-V2-007636,RETRY_ALL,0,,,0,0
RECLAIM-V2-007637,RETRY_ALL,0,,,0,0
RECLAIM-V2-007638,RETRY_ALL,0,,,0,0
RECLAIM-V2-007639,RETRY_ALL,0,,,0,0
RECLAIM-V2-007640,RETRY_ALL,0,,,0,0
RECLAIM-V2-007641,RETRY_ALL,0,,,0,0
RECLAIM-V2-007642,RETRY_ALL,0,,,0,0
RECLAIM-V2-007643,RETRY_ALL,0,,,0,0
RECLAIM-V2-007644,RETRY_ALL,0,,,0,0
RECLAIM-V2-007645,RETRY_ALL,0,,,0,0
RECLAIM-V2-007646,RETRY_ALL,0,,,0,0
RECLAIM-V2-007647,RETRY_ALL,0,,,0,0
RECLAIM-V2-007648,RETRY_ALL,0,,,0,0
RECLAIM-V2-007649,RETRY_ALL,0,,,0,0
RECLAIM-V2-007650,RETRY_ALL,0,,,0,0
RECLAIM-V2-007651,RETRY_ALL,0,,,0,0
RECLAIM-V2-007652,RETRY_ALL,0,,,0,0
RECLAIM-V2-007653,RETRY_ALL,0,,,0,0
RECLAIM-V2-007654,RETRY_ALL,0,,,0,0
RECLAIM-V2-007655,RETRY_ALL,0,,,0,0
RECLAIM-V2-007656,RETRY_ALL,0,,,0,0
RECLAIM-V2-007657,RETRY_ALL,0,,,0,0
RECLAIM-V2-007658,RETRY_ALL,0,,,0,0
RECLAIM-V2-007659,RETRY_ALL,0,,,0,0
RECLAIM-V2-007660,TARGET,1,,,0,0
RECLAIM-V2-007661,RETRY_ALL,0,,,0,0
RECLAIM-V2-007662,RETRY_ALL,0,,,0,0
RECLAIM-V2-007663,RETRY_ALL,0,,,0,0
RECLAIM-V2-007664,RETRY_ALL,0,,,0,0
RECLAIM-V2-007665,RETRY_ALL,0,,,0,0
RECLAIM-V2-007666,RETRY_ALL,0,,,0,0
RECLAIM-V2-007667,RETRY_ALL,0,,,0,0
RECLAIM-V2-007668,RETRY_ALL,0,,,0,0
RECLAIM-V2-007669,RETRY_ALL,0,,,0,0
RECLAIM-V2-007670,RETRY_ALL,0,,,0,0
RECLAIM-V2-007671,RETRY_ALL,0,,,0,0
RECLAIM-V2-007672,RETRY_ALL,0,,,0,0
RECLAIM-V2-007673,RETRY_ALL,0,,,0,0
RECLAIM-V2-007674,RETRY_ALL,0,,,0,0
RECLAIM-V2-007675,RETRY_ALL,0,,,0,0
RECLAIM-V2-007676,RETRY_ALL,0,,,0,0
RECLAIM-V2-007677,RETRY_ALL,0,,,0,0
RECLAIM-V2-007678,RETRY_ALL,0,,,0,0
RECLAIM-V2-007679,RETRY_ALL,0,,,0,0
RECLAIM-V2-007680,TARGET,1,,,0,0
RECLAIM-V2-007681,TARGET,1,,,0,0
RECLAIM-V2-007682,RETRY_ALL,0,,,0,0
RECLAIM-V2-007683,RETRY_ALL,0,,,0,0
RECLAIM-V2-007684,RETRY_ALL,0,,,0,0
RECLAIM-V2-007685,RETRY_ALL,0,,,0,0
RECLAIM-V2-007686,RETRY_ALL,0,,,0,0
RECLAIM-V2-007687,RETRY_ALL,0,,,0,0
RECLAIM-V2-007688,RETRY_ALL,0,,,0,0
RECLAIM-V2-007689,RETRY_ALL,0,,,0,0
RECLAIM-V2-007690,TARGET,1,,,0,0
RECLAIM-V2-007691,RETRY_ALL,0,,,0,0
RECLAIM-V2-007692,RETRY_ALL,0,,,0,0
RECLAIM-V2-007693,RETRY_ALL,0,,,0,0
RECLAIM-V2-007694,RETRY_ALL,0,,,0,0
RECLAIM-V2-007695,RETRY_ALL,0,,,0,0
RECLAIM-V2-007696,RETRY_ALL,0,,,0,0
RECLAIM-V2-007697,RETRY_ALL,0,,,0,0
RECLAIM-V2-007698,RETRY_ALL,0,,,0,0
RECLAIM-V2-007699,RETRY_ALL,0,,,0,0
RECLAIM-V2-007700,RETRY_ALL,0,,,0,0
RECLAIM-V2-007701,RETRY_ALL,0,,,0,0
RECLAIM-V2-007702,TARGET,1,,,0,0
RECLAIM-V2-007703,RETRY_ALL,0,,,0,0
RECLAIM-V2-007704,RETRY_ALL,0,,,0,0
RECLAIM-V2-007705,RETRY_ALL,0,,,0,0
RECLAIM-V2-007706,RETRY_ALL,0,,,0,0
RECLAIM-V2-007707,RETRY_ALL,0,,,0,0
RECLAIM-V2-007708,RETRY_ALL,0,,,0,0
RECLAIM-V2-007709,RETRY_ALL,0,,,0,0
RECLAIM-V2-007710,RETRY_ALL,0,,,0,0
RECLAIM-V2-007711,RETRY_ALL,0,,,0,0
RECLAIM-V2-007712,RETRY_ALL,0,,,0,0
RECLAIM-V2-007713,RETRY_ALL,0,,,0,0
RECLAIM-V2-007714,RETRY_ALL,0,,,0,0
RECLAIM-V2-007715,RETRY_ALL,0,,,0,0
RECLAIM-V2-007716,RETRY_ALL,0,,,0,0
RECLAIM-V2-007717,RETRY_ALL,0,,,0,0
RECLAIM-V2-007718,RETRY_ALL,0,,,0,0
RECLAIM-V2-007719,RETRY_ALL,0,,,0,0
RECLAIM-V2-007720,RETRY_ALL,0,,,0,0
RECLAIM-V2-007721,RETRY_ALL,0,,,0,0
RECLAIM-V2-007722,RETRY_ALL,0,,,0,0
RECLAIM-V2-007723,RETRY_ALL,0,,,0,0
RECLAIM-V2-007724,RETRY_ALL,0,,,0,0
RECLAIM-V2-007725,RETRY_ALL,0,,,0,0
RECLAIM-V2-007726,RETRY_ALL,0,,,0,0
RECLAIM-V2-007727,RETRY_ALL,0,,,0,0
RECLAIM-V2-007728,RETRY_ALL,0,,,0,0
RECLAIM-V2-007729,RETRY_ALL,0,,,0,0
RECLAIM-V2-007730,RETRY_ALL,0,,,0,0
RECLAIM-V2-007731,RETRY_ALL,0,,,0,0
RECLAIM-V2-007732,RETRY_ALL,0,,,0,0
RECLAIM-V2-007733,RETRY_ALL,0,,,0,0
RECLAIM-V2-007734,RETRY_ALL,0,,,0,0
RECLAIM-V2-007735,RETRY_ALL,0,,,0,0
RECLAIM-V2-007736,RETRY_ALL,0,,,0,0
RECLAIM-V2-007737,RETRY_ALL,0,,,0,0
RECLAIM-V2-007738,RETRY_ALL,0,,,0,0
RECLAIM-V2-007739,RETRY_ALL,0,,,0,0
RECLAIM-V2-007740,TARGET,1,,,0,0
RECLAIM-V2-007741,TARGET,1,,,0,0
RECLAIM-V2-007742,RETRY_ALL,0,,,0,0
RECLAIM-V2-007743,RETRY_ALL,0,,,0,0
RECLAIM-V2-007744,RETRY_ALL,0,,,0,0
RECLAIM-V2-007745,RETRY_ALL,0,,,0,0
RECLAIM-V2-007746,RETRY_ALL,0,,,0,0
RECLAIM-V2-007747,RETRY_ALL,0,,,0,0
RECLAIM-V2-007748,RETRY_ALL,0,,,0,0
RECLAIM-V2-007749,RETRY_ALL,0,,,0,0
RECLAIM-V2-007750,RETRY_ALL,0,,,0,0
RECLAIM-V2-007751,RETRY_ALL,0,,,0,0
RECLAIM-V2-007752,RETRY_ALL,0,,,0,0
RECLAIM-V2-007753,RETRY_ALL,0,,,0,0
RECLAIM-V2-007754,RETRY_ALL,0,,,0,0
RECLAIM-V2-007755,RETRY_ALL,0,,,0,0
RECLAIM-V2-007756,RETRY_ALL,0,,,0,0
RECLAIM-V2-007757,RETRY_ALL,0,,,0,0
RECLAIM-V2-007758,RETRY_ALL,0,,,0,0
RECLAIM-V2-007759,TARGET,1,,,0,0
RECLAIM-V2-007760,RETRY_ALL,0,,,0,0
RECLAIM-V2-007761,RETRY_ALL,0,,,0,0
RECLAIM-V2-007762,RETRY_ALL,0,,,0,0
RECLAIM-V2-007763,RETRY_ALL,0,,,0,0
RECLAIM-V2-007764,RETRY_ALL,0,,,0,0
RECLAIM-V2-007765,RETRY_ALL,0,,,0,0
RECLAIM-V2-007766,RETRY_ALL,0,,,0,0
RECLAIM-V2-007767,RETRY_ALL,0,,,0,0
RECLAIM-V2-007768,RETRY_ALL,0,,,0,0
RECLAIM-V2-007769,RETRY_ALL,0,,,0,0
RECLAIM-V2-007770,RETRY_ALL,0,,,0,0
RECLAIM-V2-007771,RETRY_ALL,0,,,0,0
RECLAIM-V2-007772,RETRY_ALL,0,,,0,0
RECLAIM-V2-007773,RETRY_ALL,0,,,0,0
RECLAIM-V2-007774,RETRY_ALL,0,,,0,0
RECLAIM-V2-007775,TARGET,1,,,0,0
RECLAIM-V2-007776,RETRY_ALL,0,,,0,0
RECLAIM-V2-007777,RETRY_ALL,0,,,0,0
RECLAIM-V2-007778,RETRY_ALL,0,,,0,0
RECLAIM-V2-007779,RETRY_ALL,0,,,0,0
RECLAIM-V2-007780,RETRY_ALL,0,,,0,0
RECLAIM-V2-007781,RETRY_ALL,0,,,0,0
RECLAIM-V2-007782,RETRY_ALL,0,,,0,0
RECLAIM-V2-007783,TARGET,1,,,0,0
RECLAIM-V2-007784,RETRY_ALL,0,,,0,0
RECLAIM-V2-007785,RETRY_ALL,0,,,0,0
RECLAIM-V2-007786,RETRY_ALL,0,,,0,0
RECLAIM-V2-007787,RETRY_ALL,0,,,0,0
RECLAIM-V2-007788,RETRY_ALL,0,,,0,0
RECLAIM-V2-007789,RETRY_ALL,0,,,0,0
RECLAIM-V2-007790,RETRY_ALL,0,,,0,0
RECLAIM-V2-007791,RETRY_ALL,0,,,0,0
RECLAIM-V2-007792,TARGET,1,,,0,0
RECLAIM-V2-007793,RETRY_ALL,0,,,0,0
RECLAIM-V2-007794,RETRY_ALL,0,,,0,0
RECLAIM-V2-007795,TARGET,1,,,0,0
RECLAIM-V2-007796,RETRY_ALL,0,,,0,0
RECLAIM-V2-007797,RETRY_ALL,0,,,0,0
RECLAIM-V2-007798,RETRY_ALL,0,,,0,0
RECLAIM-V2-007799,RETRY_ALL,0,,,0,0
RECLAIM-V2-007800,RETRY_ALL,0,,,0,0
RECLAIM-V2-007801,RETRY_ALL,0,,,0,0
RECLAIM-V2-007802,RETRY_ALL,0,,,0,0
RECLAIM-V2-007803,RETRY_ALL,0,,,0,0
RECLAIM-V2-007804,RETRY_ALL,0,,,0,0
RECLAIM-V2-007805,RETRY_ALL,0,,,0,0
RECLAIM-V2-007806,RETRY_ALL,0,,,0,0
RECLAIM-V2-007807,RETRY_ALL,0,,,0,0
RECLAIM-V2-007808,RETRY_ALL,0,,,0,0
RECLAIM-V2-007809,RETRY_ALL,0,,,0,0
RECLAIM-V2-007810,RETRY_ALL,0,,,0,0
RECLAIM-V2-007811,RETRY_ALL,0,,,0,0
RECLAIM-V2-007812,RETRY_ALL,0,,,0,0
RECLAIM-V2-007813,RETRY_ALL,0,,,0,0
RECLAIM-V2-007814,RETRY_ALL,0,,,0,0
RECLAIM-V2-007815,RETRY_ALL,0,,,0,0
RECLAIM-V2-007816,RETRY_ALL,0,,,0,0
RECLAIM-V2-007817,RETRY_ALL,0,,,0,0
RECLAIM-V2-007818,RETRY_ALL,0,,,0,0
RECLAIM-V2-007819,RETRY_ALL,0,,,0,0
RECLAIM-V2-007820,RETRY_ALL,0,,,0,0
RECLAIM-V2-007821,RETRY_ALL,0,,,0,0
RECLAIM-V2-007822,RETRY_ALL,0,,,0,0
RECLAIM-V2-007823,RETRY_ALL,0,,,0,0
RECLAIM-V2-007824,RETRY_ALL,0,,,0,0
RECLAIM-V2-007825,RETRY_ALL,0,,,0,0
RECLAIM-V2-007826,RETRY_ALL,0,,,0,0
RECLAIM-V2-007827,RETRY_ALL,0,,,0,0
RECLAIM-V2-007828,RETRY_ALL,0,,,0,0
RECLAIM-V2-007829,RETRY_ALL,0,,,0,0
RECLAIM-V2-007830,RETRY_ALL,0,,,0,0
RECLAIM-V2-007831,RETRY_ALL,0,,,0,0
RECLAIM-V2-007832,RETRY_ALL,0,,,0,0
RECLAIM-V2-007833,RETRY_ALL,0,,,0,0
RECLAIM-V2-007834,RETRY_ALL,0,,,0,0
RECLAIM-V2-007835,RETRY_ALL,0,,,0,0
RECLAIM-V2-007836,RETRY_ALL,0,,,0,0
RECLAIM-V2-007837,RETRY_ALL,0,,,0,0
RECLAIM-V2-007838,RETRY_ALL,0,,,0,0
RECLAIM-V2-007839,RETRY_ALL,0,,,0,0
RECLAIM-V2-007840,RETRY_ALL,0,,,0,0
RECLAIM-V2-007841,RETRY_ALL,0,,,0,0
RECLAIM-V2-007842,RETRY_ALL,0,,,0,0
RECLAIM-V2-007843,RETRY_ALL,0,,,0,0
RECLAIM-V2-007844,RETRY_ALL,0,,,0,0
RECLAIM-V2-007845,RETRY_ALL,0,,,0,0
RECLAIM-V2-007846,RETRY_ALL,0,,,0,0
RECLAIM-V2-007847,RETRY_ALL,0,,,0,0
RECLAIM-V2-007848,RETRY_ALL,0,,,0,0
RECLAIM-V2-007849,RETRY_ALL,0,,,0,0
RECLAIM-V2-007850,RETRY_ALL,0,,,0,0
RECLAIM-V2-007851,RETRY_ALL,0,,,0,0
RECLAIM-V2-007852,RETRY_ALL,0,,,0,0
RECLAIM-V2-007853,RETRY_ALL,0,,,0,0
RECLAIM-V2-007854,RETRY_ALL,0,,,0,0
RECLAIM-V2-007855,RETRY_ALL,0,,,0,0
RECLAIM-V2-007856,RETRY_ALL,0,,,0,0
RECLAIM-V2-007857,RETRY_ALL,0,,,0,0
RECLAIM-V2-007858,TARGET,1,,,0,0
RECLAIM-V2-007859,RETRY_ALL,0,,,0,0
RECLAIM-V2-007860,RETRY_ALL,0,,,0,0
RECLAIM-V2-007861,RETRY_ALL,0,,,0,0
RECLAIM-V2-007862,RETRY_ALL,0,,,0,0
RECLAIM-V2-007863,RETRY_ALL,0,,,0,0
RECLAIM-V2-007864,RETRY_ALL,0,,,0,0
RECLAIM-V2-007865,RETRY_ALL,0,,,0,0
RECLAIM-V2-007866,RETRY_ALL,0,,,0,0
RECLAIM-V2-007867,RETRY_ALL,0,,,0,0
RECLAIM-V2-007868,RETRY_ALL,0,,,0,0
RECLAIM-V2-007869,RETRY_ALL,0,,,0,0
RECLAIM-V2-007870,RETRY_ALL,0,,,0,0
RECLAIM-V2-007871,RETRY_ALL,0,,,0,0
RECLAIM-V2-007872,RETRY_ALL,0,,,0,0
RECLAIM-V2-007873,RETRY_ALL,0,,,0,0
RECLAIM-V2-007874,RETRY_ALL,0,,,0,0
RECLAIM-V2-007875,RETRY_ALL,0,,,0,0
RECLAIM-V2-007876,RETRY_ALL,0,,,0,0
RECLAIM-V2-007877,RETRY_ALL,0,,,0,0
RECLAIM-V2-007878,RETRY_ALL,0,,,0,0
RECLAIM-V2-007879,RETRY_ALL,0,,,0,0
RECLAIM-V2-007880,RETRY_ALL,0,,,0,0
RECLAIM-V2-007881,RETRY_ALL,0,,,0,0
RECLAIM-V2-007882,RETRY_ALL,0,,,0,0
RECLAIM-V2-007883,RETRY_ALL,0,,,0,0
RECLAIM-V2-007884,RETRY_ALL,0,,,0,0
RECLAIM-V2-007885,RETRY_ALL,0,,,0,0
RECLAIM-V2-007886,RETRY_ALL,0,,,0,0
RECLAIM-V2-007887,RETRY_ALL,0,,,0,0
RECLAIM-V2-007888,RETRY_ALL,0,,,0,0
RECLAIM-V2-007889,RETRY_ALL,0,,,0,0
RECLAIM-V2-007890,RETRY_ALL,0,,,0,0
RECLAIM-V2-007891,RETRY_ALL,0,,,0,0
RECLAIM-V2-007892,RETRY_ALL,0,,,0,0
RECLAIM-V2-007893,RETRY_ALL,0,,,0,0
RECLAIM-V2-007894,RETRY_ALL,0,,,0,0
RECLAIM-V2-007895,RETRY_ALL,0,,,0,0
RECLAIM-V2-007896,RETRY_ALL,0,,,0,0
RECLAIM-V2-007897,RETRY_ALL,0,,,0,0
RECLAIM-V2-007898,RETRY_ALL,0,,,0,0
RECLAIM-V2-007899,RETRY_ALL,0,,,0,0
RECLAIM-V2-007900,RETRY_ALL,0,,,0,0
RECLAIM-V2-007901,TARGET,1,,,0,0
RECLAIM-V2-007902,RETRY_ALL,0,,,0,0
RECLAIM-V2-007903,RETRY_ALL,0,,,0,0
RECLAIM-V2-007904,RETRY_ALL,0,,,0,0
RECLAIM-V2-007905,RETRY_ALL,0,,,0,0
RECLAIM-V2-007906,RETRY_ALL,0,,,0,0
RECLAIM-V2-007907,RETRY_ALL,0,,,0,0
RECLAIM-V2-007908,RETRY_ALL,0,,,0,0
RECLAIM-V2-007909,RETRY_ALL,0,,,0,0
RECLAIM-V2-007910,RETRY_ALL,0,,,0,0
RECLAIM-V2-007911,RETRY_ALL,0,,,0,0
RECLAIM-V2-007912,RETRY_ALL,0,,,0,0
RECLAIM-V2-007913,RETRY_ALL,0,,,0,0
RECLAIM-V2-007914,RETRY_ALL,0,,,0,0
RECLAIM-V2-007915,RETRY_ALL,0,,,0,0
RECLAIM-V2-007916,RETRY_ALL,0,,,0,0
RECLAIM-V2-007917,RETRY_ALL,0,,,0,0
RECLAIM-V2-007918,RETRY_ALL,0,,,0,0
RECLAIM-V2-007919,RETRY_ALL,0,,,0,0
RECLAIM-V2-007920,RETRY_ALL,0,,,0,0
RECLAIM-V2-007921,RETRY_ALL,0,,,0,0
RECLAIM-V2-007922,RETRY_ALL,0,,,0,0
RECLAIM-V2-007923,RETRY_ALL,0,,,0,0
RECLAIM-V2-007924,RETRY_ALL,0,,,0,0
RECLAIM-V2-007925,TARGET,1,,,0,0
RECLAIM-V2-007926,RETRY_ALL,0,,,0,0
RECLAIM-V2-007927,RETRY_ALL,0,,,0,0
RECLAIM-V2-007928,RETRY_ALL,0,,,0,0
RECLAIM-V2-007929,RETRY_ALL,0,,,0,0
RECLAIM-V2-007930,RETRY_ALL,0,,,0,0
RECLAIM-V2-007931,RETRY_ALL,0,,,0,0
RECLAIM-V2-007932,RETRY_ALL,0,,,0,0
RECLAIM-V2-007933,RETRY_ALL,0,,,0,0
RECLAIM-V2-007934,RETRY_ALL,0,,,0,0
RECLAIM-V2-007935,RETRY_ALL,0,,,0,0
RECLAIM-V2-007936,RETRY_ALL,0,,,0,0
RECLAIM-V2-007937,RETRY_ALL,0,,,0,0
RECLAIM-V2-007938,TARGET,1,,,0,0
RECLAIM-V2-007939,RETRY_ALL,0,,,0,0
RECLAIM-V2-007940,RETRY_ALL,0,,,0,0
RECLAIM-V2-007941,RETRY_ALL,0,,,0,0
RECLAIM-V2-007942,RETRY_ALL,0,,,0,0
RECLAIM-V2-007943,RETRY_ALL,0,,,0,0
RECLAIM-V2-007944,RETRY_ALL,0,,,0,0
RECLAIM-V2-007945,RETRY_ALL,0,,,0,0
RECLAIM-V2-007946,RETRY_ALL,0,,,0,0
RECLAIM-V2-007947,TARGET,1,,,0,0
RECLAIM-V2-007948,RETRY_ALL,0,,,0,0
RECLAIM-V2-007949,RETRY_ALL,0,,,0,0
RECLAIM-V2-007950,RETRY_ALL,0,,,0,0
RECLAIM-V2-007951,RETRY_ALL,0,,,0,0
RECLAIM-V2-007952,RETRY_ALL,0,,,0,0
RECLAIM-V2-007953,RETRY_ALL,0,,,0,0
RECLAIM-V2-007954,RETRY_ALL,0,,,0,0
RECLAIM-V2-007955,RETRY_ALL,0,,,0,0
RECLAIM-V2-007956,RETRY_ALL,0,,,0,0
RECLAIM-V2-007957,RETRY_ALL,0,,,0,0
RECLAIM-V2-007958,RETRY_ALL,0,,,0,0
RECLAIM-V2-007959,RETRY_ALL,0,,,0,0
RECLAIM-V2-007960,RETRY_ALL,0,,,0,0
RECLAIM-V2-007961,RETRY_ALL,0,,,0,0
RECLAIM-V2-007962,RETRY_ALL,0,,,0,0
RECLAIM-V2-007963,RETRY_ALL,0,,,0,0
RECLAIM-V2-007964,RETRY_ALL,0,,,0,0
RECLAIM-V2-007965,RETRY_ALL,0,,,0,0
RECLAIM-V2-007966,RETRY_ALL,0,,,0,0
RECLAIM-V2-007967,RETRY_ALL,0,,,0,0
RECLAIM-V2-007968,RETRY_ALL,0,,,0,0
RECLAIM-V2-007969,RETRY_ALL,0,,,0,0
RECLAIM-V2-007970,RETRY_ALL,0,,,0,0
RECLAIM-V2-007971,RETRY_ALL,0,,,0,0
RECLAIM-V2-007972,RETRY_ALL,0,,,0,0
RECLAIM-V2-007973,RETRY_ALL,0,,,0,0
RECLAIM-V2-007974,RETRY_ALL,0,,,0,0
RECLAIM-V2-007975,RETRY_ALL,0,,,0,0
RECLAIM-V2-007976,RETRY_ALL,0,,,0,0
RECLAIM-V2-007977,RETRY_ALL,0,,,0,0
RECLAIM-V2-007978,RETRY_ALL,0,,,0,0
RECLAIM-V2-007979,RETRY_ALL,0,,,0,0
RECLAIM-V2-007980,RETRY_ALL,0,,,0,0
RECLAIM-V2-007981,RETRY_ALL,0,,,0,0
RECLAIM-V2-007982,RETRY_ALL,0,,,0,0
RECLAIM-V2-007983,RETRY_ALL,0,,,0,0
RECLAIM-V2-007984,RETRY_ALL,0,,,0,0
RECLAIM-V2-007985,RETRY_ALL,0,,,0,0
RECLAIM-V2-007986,TARGET,1,,,0,0
RECLAIM-V2-007987,RETRY_ALL,0,,,0,0
RECLAIM-V2-007988,RETRY_ALL,0,,,0,0
RECLAIM-V2-007989,RETRY_ALL,0,,,0,0
RECLAIM-V2-007990,RETRY_ALL,0,,,0,0
RECLAIM-V2-007991,RETRY_ALL,0,,,0,0
RECLAIM-V2-007992,RETRY_ALL,0,,,0,0
RECLAIM-V2-007993,RETRY_ALL,0,,,0,0
RECLAIM-V2-007994,RETRY_ALL,0,,,0,0
RECLAIM-V2-007995,RETRY_ALL,0,,,0,0
RECLAIM-V2-007996,RETRY_ALL,0,,,0,0
RECLAIM-V2-007997,RETRY_ALL,0,,,0,0
RECLAIM-V2-007998,RETRY_ALL,0,,,0,0
RECLAIM-V2-007999,RETRY_ALL,0,,,0,0
RECLAIM-V2-008000,RETRY_ALL,0,,,0,0
RECLAIM-V2-008001,RETRY_ALL,0,,,0,0
RECLAIM-V2-008002,RETRY_ALL,0,,,0,0
RECLAIM-V2-008003,RETRY_ALL,0,,,0,0
RECLAIM-V2-008004,RETRY_ALL,0,,,0,0
RECLAIM-V2-008005,RETRY_ALL,0,,,0,0
RECLAIM-V2-008006,RETRY_ALL,0,,,0,0
RECLAIM-V2-008007,RETRY_ALL,0,,,0,0
RECLAIM-V2-008008,RETRY_ALL,0,,,0,0
RECLAIM-V2-008009,RETRY_ALL,0,,,0,0
RECLAIM-V2-008010,RETRY_ALL,0,,,0,0
RECLAIM-V2-008011,RETRY_ALL,0,,,0,0
RECLAIM-V2-008012,RETRY_ALL,0,,,0,0
RECLAIM-V2-008013,RETRY_ALL,0,,,0,0
RECLAIM-V2-008014,RETRY_ALL,0,,,0,0
RECLAIM-V2-008015,RETRY_ALL,0,,,0,0
RECLAIM-V2-008016,RETRY_ALL,0,,,0,0
RECLAIM-V2-008017,RETRY_ALL,0,,,0,0
RECLAIM-V2-008018,RETRY_ALL,0,,,0,0
RECLAIM-V2-008019,RETRY_ALL,0,,,0,0
RECLAIM-V2-008020,RETRY_ALL,0,,,0,0
RECLAIM-V2-008021,RETRY_ALL,0,,,0,0
RECLAIM-V2-008022,RETRY_ALL,0,,,0,0
RECLAIM-V2-008023,RETRY_ALL,0,,,0,0
RECLAIM-V2-008024,RETRY_ALL,0,,,0,0
RECLAIM-V2-008025,RETRY_ALL,0,,,0,0
RECLAIM-V2-008026,RETRY_ALL,0,,,0,0
RECLAIM-V2-008027,RETRY_ALL,0,,,0,0
RECLAIM-V2-008028,RETRY_ALL,0,,,0,0
RECLAIM-V2-008029,RETRY_ALL,0,,,0,0
RECLAIM-V2-008030,RETRY_ALL,0,,,0,0
RECLAIM-V2-008031,RETRY_ALL,0,,,0,0
RECLAIM-V2-008032,RETRY_ALL,0,,,0,0
RECLAIM-V2-008033,RETRY_ALL,0,,,0,0
RECLAIM-V2-008034,RETRY_ALL,0,,,0,0
RECLAIM-V2-008035,RETRY_ALL,0,,,0,0
RECLAIM-V2-008036,RETRY_ALL,0,,,0,0
RECLAIM-V2-008037,TARGET,1,,,0,0
RECLAIM-V2-008038,RETRY_ALL,0,,,0,0
RECLAIM-V2-008039,RETRY_ALL,0,,,0,0
RECLAIM-V2-008040,RETRY_ALL,0,,,0,0
RECLAIM-V2-008041,RETRY_ALL,0,,,0,0
RECLAIM-V2-008042,RETRY_ALL,0,,,0,0
RECLAIM-V2-008043,RETRY_ALL,0,,,0,0
RECLAIM-V2-008044,RETRY_ALL,0,,,0,0
RECLAIM-V2-008045,RETRY_ALL,0,,,0,0
RECLAIM-V2-008046,RETRY_ALL,0,,,0,0
RECLAIM-V2-008047,RETRY_ALL,0,,,0,0
RECLAIM-V2-008048,RETRY_ALL,0,,,0,0
RECLAIM-V2-008049,RETRY_ALL,0,,,0,0
RECLAIM-V2-008050,TARGET,1,,,0,0
RECLAIM-V2-008051,RETRY_ALL,0,,,0,0
RECLAIM-V2-008052,RETRY_ALL,0,,,0,0
RECLAIM-V2-008053,TARGET,1,,,0,0
RECLAIM-V2-008054,RETRY_ALL,0,,,0,0
RECLAIM-V2-008055,RETRY_ALL,0,,,0,0
RECLAIM-V2-008056,TARGET,1,,,0,0
RECLAIM-V2-008057,RETRY_ALL,0,,,0,0
RECLAIM-V2-008058,RETRY_ALL,0,,,0,0
RECLAIM-V2-008059,RETRY_ALL,0,,,0,0
RECLAIM-V2-008060,RETRY_ALL,0,,,0,0
RECLAIM-V2-008061,RETRY_ALL,0,,,0,0
RECLAIM-V2-008062,RETRY_ALL,0,,,0,0
RECLAIM-V2-008063,RETRY_ALL,0,,,0,0
RECLAIM-V2-008064,RETRY_ALL,0,,,0,0
RECLAIM-V2-008065,RETRY_ALL,0,,,0,0
RECLAIM-V2-008066,RETRY_ALL,0,,,0,0
RECLAIM-V2-008067,RETRY_ALL,0,,,0,0
RECLAIM-V2-008068,RETRY_ALL,0,,,0,0
RECLAIM-V2-008069,RETRY_ALL,0,,,0,0
RECLAIM-V2-008070,RETRY_ALL,0,,,0,0
RECLAIM-V2-008071,RETRY_ALL,0,,,0,0
RECLAIM-V2-008072,RETRY_ALL,0,,,0,0
RECLAIM-V2-008073,RETRY_ALL,0,,,0,0
RECLAIM-V2-008074,RETRY_ALL,0,,,0,0
RECLAIM-V2-008075,RETRY_ALL,0,,,0,0
RECLAIM-V2-008076,RETRY_ALL,0,,,0,0
RECLAIM-V2-008077,RETRY_ALL,0,,,0,0
RECLAIM-V2-008078,RETRY_ALL,0,,,0,0
RECLAIM-V2-008079,RETRY_ALL,0,,,0,0
RECLAIM-V2-008080,RETRY_ALL,0,,,0,0
RECLAIM-V2-008081,RETRY_ALL,0,,,0,0
RECLAIM-V2-008082,RETRY_ALL,0,,,0,0
RECLAIM-V2-008083,RETRY_ALL,0,,,0,0
RECLAIM-V2-008084,RETRY_ALL,0,,,0,0
RECLAIM-V2-008085,RETRY_ALL,0,,,0,0
RECLAIM-V2-008086,RETRY_ALL,0,,,0,0
RECLAIM-V2-008087,RETRY_ALL,0,,,0,0
RECLAIM-V2-008088,RETRY_ALL,0,,,0,0
RECLAIM-V2-008089,RETRY_ALL,0,,,0,0
RECLAIM-V2-008090,RETRY_ALL,0,,,0,0
RECLAIM-V2-008091,RETRY_ALL,0,,,0,0
RECLAIM-V2-008092,RETRY_ALL,0,,,0,0
RECLAIM-V2-008093,RETRY_ALL,0,,,0,0
RECLAIM-V2-008094,RETRY_ALL,0,,,0,0
RECLAIM-V2-008095,RETRY_ALL,0,,,0,0
RECLAIM-V2-008096,RETRY_ALL,0,,,0,0
RECLAIM-V2-008097,RETRY_ALL,0,,,0,0
RECLAIM-V2-008098,TARGET,1,,,0,0
RECLAIM-V2-008099,RETRY_ALL,0,,,0,0
RECLAIM-V2-008100,RETRY_ALL,0,,,0,0
RECLAIM-V2-008101,TARGET,1,,,0,0
RECLAIM-V2-008102,RETRY_ALL,0,,,0,0
RECLAIM-V2-008103,RETRY_ALL,0,,,0,0
RECLAIM-V2-008104,RETRY_ALL,0,,,0,0
RECLAIM-V2-008105,RETRY_ALL,0,,,0,0
RECLAIM-V2-008106,RETRY_ALL,0,,,0,0
RECLAIM-V2-008107,RETRY_ALL,0,,,0,0
RECLAIM-V2-008108,RETRY_ALL,0,,,0,0
RECLAIM-V2-008109,RETRY_ALL,0,,,0,0
RECLAIM-V2-008110,RETRY_ALL,0,,,0,0
RECLAIM-V2-008111,RETRY_ALL,0,,,0,0
RECLAIM-V2-008112,RETRY_ALL,0,,,0,0
RECLAIM-V2-008113,RETRY_ALL,0,,,0,0
RECLAIM-V2-008114,RETRY_ALL,0,,,0,0
RECLAIM-V2-008115,RETRY_ALL,0,,,0,0
RECLAIM-V2-008116,RETRY_ALL,0,,,0,0
RECLAIM-V2-008117,TARGET,1,,,0,0
RECLAIM-V2-008118,RETRY_ALL,0,,,0,0
RECLAIM-V2-008119,RETRY_ALL,0,,,0,0
RECLAIM-V2-008120,RETRY_ALL,0,,,0,0
RECLAIM-V2-008121,RETRY_ALL,0,,,0,0
RECLAIM-V2-008122,RETRY_ALL,0,,,0,0
RECLAIM-V2-008123,RETRY_ALL,0,,,0,0
RECLAIM-V2-008124,RETRY_ALL,0,,,0,0
RECLAIM-V2-008125,RETRY_ALL,0,,,0,0
RECLAIM-V2-008126,RETRY_ALL,0,,,0,0
RECLAIM-V2-008127,RETRY_ALL,0,,,0,0
RECLAIM-V2-008128,RETRY_ALL,0,,,0,0
RECLAIM-V2-008129,RETRY_ALL,0,,,0,0
RECLAIM-V2-008130,RETRY_ALL,0,,,0,0
RECLAIM-V2-008131,RETRY_ALL,0,,,0,0
RECLAIM-V2-008132,RETRY_ALL,0,,,0,0
RECLAIM-V2-008133,RETRY_ALL,0,,,0,0
RECLAIM-V2-008134,TARGET,1,,,0,0
RECLAIM-V2-008135,RETRY_ALL,0,,,0,0
RECLAIM-V2-008136,RETRY_ALL,0,,,0,0
RECLAIM-V2-008137,RETRY_ALL,0,,,0,0
RECLAIM-V2-008138,RETRY_ALL,0,,,0,0
RECLAIM-V2-008139,RETRY_ALL,0,,,0,0
RECLAIM-V2-008140,RETRY_ALL,0,,,0,0
RECLAIM-V2-008141,RETRY_ALL,0,,,0,0
RECLAIM-V2-008142,RETRY_ALL,0,,,0,0
RECLAIM-V2-008143,RETRY_ALL,0,,,0,0
RECLAIM-V2-008144,RETRY_ALL,0,,,0,0
RECLAIM-V2-008145,RETRY_ALL,0,,,0,0
RECLAIM-V2-008146,RETRY_ALL,0,,,0,0
RECLAIM-V2-008147,RETRY_ALL,0,,,0,0
RECLAIM-V2-008148,RETRY_ALL,0,,,0,0
RECLAIM-V2-008149,RETRY_ALL,0,,,0,0
RECLAIM-V2-008150,RETRY_ALL,0,,,0,0
RECLAIM-V2-008151,RETRY_ALL,0,,,0,0
RECLAIM-V2-008152,RETRY_ALL,0,,,0,0
RECLAIM-V2-008153,RETRY_ALL,0,,,0,0
RECLAIM-V2-008154,RETRY_ALL,0,,,0,0
RECLAIM-V2-008155,RETRY_ALL,0,,,0,0
RECLAIM-V2-008156,RETRY_ALL,0,,,0,0
RECLAIM-V2-008157,RETRY_ALL,0,,,0,0
RECLAIM-V2-008158,RETRY_ALL,0,,,0,0
RECLAIM-V2-008159,RETRY_ALL,0,,,0,0
RECLAIM-V2-008160,RETRY_ALL,0,,,0,0
RECLAIM-V2-008161,RETRY_ALL,0,,,0,0
RECLAIM-V2-008162,RETRY_ALL,0,,,0,0
RECLAIM-V2-008163,RETRY_ALL,0,,,0,0
RECLAIM-V2-008164,RETRY_ALL,0,,,0,0
RECLAIM-V2-008165,RETRY_ALL,0,,,0,0
RECLAIM-V2-008166,RETRY_ALL,0,,,0,0
RECLAIM-V2-008167,RETRY_ALL,0,,,0,0
RECLAIM-V2-008168,RETRY_ALL,0,,,0,0
RECLAIM-V2-008169,RETRY_ALL,0,,,0,0
RECLAIM-V2-008170,RETRY_ALL,0,,,0,0
RECLAIM-V2-008171,RETRY_ALL,0,,,0,0
RECLAIM-V2-008172,RETRY_ALL,0,,,0,0
RECLAIM-V2-008173,RETRY_ALL,0,,,0,0
RECLAIM-V2-008174,RETRY_ALL,0,,,0,0
RECLAIM-V2-008175,RETRY_ALL,0,,,0,0
RECLAIM-V2-008176,RETRY_ALL,0,,,0,0
RECLAIM-V2-008177,RETRY_ALL,0,,,0,0
RECLAIM-V2-008178,RETRY_ALL,0,,,0,0
RECLAIM-V2-008179,RETRY_ALL,0,,,0,0
RECLAIM-V2-008180,RETRY_ALL,0,,,0,0
RECLAIM-V2-008181,RETRY_ALL,0,,,0,0
RECLAIM-V2-008182,RETRY_ALL,0,,,0,0
RECLAIM-V2-008183,RETRY_ALL,0,,,0,0
RECLAIM-V2-008184,TARGET,1,,,0,0
RECLAIM-V2-008185,RETRY_ALL,0,,,0,0
RECLAIM-V2-008186,RETRY_ALL,0,,,0,0
RECLAIM-V2-008187,RETRY_ALL,0,,,0,0
RECLAIM-V2-008188,RETRY_ALL,0,,,0,0
RECLAIM-V2-008189,RETRY_ALL,0,,,0,0
RECLAIM-V2-008190,RETRY_ALL,0,,,0,0
RECLAIM-V2-008191,RETRY_ALL,0,,,0,0
RECLAIM-V2-008192,RETRY_ALL,0,,,0,0
RECLAIM-V2-008193,RETRY_ALL,0,,,0,0
RECLAIM-V2-008194,RETRY_ALL,0,,,0,0
RECLAIM-V2-008195,RETRY_ALL,0,,,0,0
RECLAIM-V2-008196,RETRY_ALL,0,,,0,0
RECLAIM-V2-008197,RETRY_ALL,0,,,0,0
RECLAIM-V2-008198,RETRY_ALL,0,,,0,0
RECLAIM-V2-008199,RETRY_ALL,0,,,0,0
RECLAIM-V2-008200,RETRY_ALL,0,,,0,0
RECLAIM-V2-008201,RETRY_ALL,0,,,0,0
RECLAIM-V2-008202,RETRY_ALL,0,,,0,0
RECLAIM-V2-008203,RETRY_ALL,0,,,0,0
RECLAIM-V2-008204,RETRY_ALL,0,,,0,0
RECLAIM-V2-008205,RETRY_ALL,0,,,0,0
RECLAIM-V2-008206,RETRY_ALL,0,,,0,0
RECLAIM-V2-008207,TARGET,1,,,0,0
RECLAIM-V2-008208,RETRY_ALL,0,,,0,0
RECLAIM-V2-008209,RETRY_ALL,0,,,0,0
RECLAIM-V2-008210,RETRY_ALL,0,,,0,0
RECLAIM-V2-008211,RETRY_ALL,0,,,0,0
RECLAIM-V2-008212,RETRY_ALL,0,,,0,0
RECLAIM-V2-008213,RETRY_ALL,0,,,0,0
RECLAIM-V2-008214,RETRY_ALL,0,,,0,0
RECLAIM-V2-008215,RETRY_ALL,0,,,0,0
RECLAIM-V2-008216,RETRY_ALL,0,,,0,0
RECLAIM-V2-008217,RETRY_ALL,0,,,0,0
RECLAIM-V2-008218,TARGET,1,,,0,0
RECLAIM-V2-008219,RETRY_ALL,0,,,0,0
RECLAIM-V2-008220,RETRY_ALL,0,,,0,0
RECLAIM-V2-008221,RETRY_ALL,0,,,0,0
RECLAIM-V2-008222,RETRY_ALL,0,,,0,0
RECLAIM-V2-008223,RETRY_ALL,0,,,0,0
RECLAIM-V2-008224,RETRY_ALL,0,,,0,0
RECLAIM-V2-008225,RETRY_ALL,0,,,0,0
RECLAIM-V2-008226,RETRY_ALL,0,,,0,0
RECLAIM-V2-008227,RETRY_ALL,0,,,0,0
RECLAIM-V2-008228,RETRY_ALL,0,,,0,0
RECLAIM-V2-008229,RETRY_ALL,0,,,0,0
RECLAIM-V2-008230,RETRY_ALL,0,,,0,0
RECLAIM-V2-008231,RETRY_ALL,0,,,0,0
RECLAIM-V2-008232,RETRY_ALL,0,,,0,0
RECLAIM-V2-008233,RETRY_ALL,0,,,0,0
RECLAIM-V2-008234,RETRY_ALL,0,,,0,0
RECLAIM-V2-008235,RETRY_ALL,0,,,0,0
RECLAIM-V2-008236,RETRY_ALL,0,,,0,0
RECLAIM-V2-008237,RETRY_ALL,0,,,0,0
RECLAIM-V2-008238,RETRY_ALL,0,,,0,0
RECLAIM-V2-008239,RETRY_ALL,0,,,0,0
RECLAIM-V2-008240,RETRY_ALL,0,,,0,0
RECLAIM-V2-008241,RETRY_ALL,0,,,0,0
RECLAIM-V2-008242,TARGET,1,,,0,0
RECLAIM-V2-008243,RETRY_ALL,0,,,0,0
RECLAIM-V2-008244,RETRY_ALL,0,,,0,0
RECLAIM-V2-008245,RETRY_ALL,0,,,0,0
RECLAIM-V2-008246,RETRY_ALL,0,,,0,0
RECLAIM-V2-008247,RETRY_ALL,0,,,0,0
RECLAIM-V2-008248,TARGET,1,,,0,0
RECLAIM-V2-008249,TARGET,1,,,0,0
RECLAIM-V2-008250,RETRY_ALL,0,,,0,0
RECLAIM-V2-008251,RETRY_ALL,0,,,0,0
RECLAIM-V2-008252,RETRY_ALL,0,,,0,0
RECLAIM-V2-008253,RETRY_ALL,0,,,0,0
RECLAIM-V2-008254,RETRY_ALL,0,,,0,0
RECLAIM-V2-008255,RETRY_ALL,0,,,0,0
RECLAIM-V2-008256,RETRY_ALL,0,,,0,0
RECLAIM-V2-008257,RETRY_ALL,0,,,0,0
RECLAIM-V2-008258,TARGET,1,,,0,0
RECLAIM-V2-008259,RETRY_ALL,0,,,0,0
RECLAIM-V2-008260,RETRY_ALL,0,,,0,0
RECLAIM-V2-008261,RETRY_ALL,0,,,0,0
RECLAIM-V2-008262,RETRY_ALL,0,,,0,0
RECLAIM-V2-008263,RETRY_ALL,0,,,0,0
RECLAIM-V2-008264,RETRY_ALL,0,,,0,0
RECLAIM-V2-008265,RETRY_ALL,0,,,0,0
RECLAIM-V2-008266,RETRY_ALL,0,,,0,0
RECLAIM-V2-008267,RETRY_ALL,0,,,0,0
RECLAIM-V2-008268,RETRY_ALL,0,,,0,0
RECLAIM-V2-008269,RETRY_ALL,0,,,0,0
RECLAIM-V2-008270,RETRY_ALL,0,,,0,0
RECLAIM-V2-008271,RETRY_ALL,0,,,0,0
RECLAIM-V2-008272,RETRY_ALL,0,,,0,0
RECLAIM-V2-008273,RETRY_ALL,0,,,0,0
RECLAIM-V2-008274,RETRY_ALL,0,,,0,0
RECLAIM-V2-008275,RETRY_ALL,0,,,0,0
RECLAIM-V2-008276,RETRY_ALL,0,,,0,0
RECLAIM-V2-008277,RETRY_ALL,0,,,0,0
RECLAIM-V2-008278,RETRY_ALL,0,,,0,0
RECLAIM-V2-008279,RETRY_ALL,0,,,0,0
RECLAIM-V2-008280,RETRY_ALL,0,,,0,0
RECLAIM-V2-008281,RETRY_ALL,0,,,0,0
RECLAIM-V2-008282,RETRY_ALL,0,,,0,0
RECLAIM-V2-008283,RETRY_ALL,0,,,0,0
RECLAIM-V2-008284,RETRY_ALL,0,,,0,0
RECLAIM-V2-008285,RETRY_ALL,0,,,0,0
RECLAIM-V2-008286,RETRY_ALL,0,,,0,0
RECLAIM-V2-008287,RETRY_ALL,0,,,0,0
RECLAIM-V2-008288,RETRY_ALL,0,,,0,0
RECLAIM-V2-008289,RETRY_ALL,0,,,0,0
RECLAIM-V2-008290,RETRY_ALL,0,,,0,0
RECLAIM-V2-008291,RETRY_ALL,0,,,0,0
RECLAIM-V2-008292,RETRY_ALL,0,,,0,0
RECLAIM-V2-008293,RETRY_ALL,0,,,0,0
RECLAIM-V2-008294,RETRY_ALL,0,,,0,0
RECLAIM-V2-008295,RETRY_ALL,0,,,0,0
RECLAIM-V2-008296,RETRY_ALL,0,,,0,0
RECLAIM-V2-008297,RETRY_ALL,0,,,0,0
RECLAIM-V2-008298,RETRY_ALL,0,,,0,0
RECLAIM-V2-008299,RETRY_ALL,0,,,0,0
RECLAIM-V2-008300,RETRY_ALL,0,,,0,0
RECLAIM-V2-008301,RETRY_ALL,0,,,0,0
RECLAIM-V2-008302,RETRY_ALL,0,,,0,0
RECLAIM-V2-008303,RETRY_ALL,0,,,0,0
RECLAIM-V2-008304,RETRY_ALL,0,,,0,0
RECLAIM-V2-008305,RETRY_ALL,0,,,0,0
RECLAIM-V2-008306,RETRY_ALL,0,,,0,0
RECLAIM-V2-008307,RETRY_ALL,0,,,0,0
RECLAIM-V2-008308,RETRY_ALL,0,,,0,0
RECLAIM-V2-008309,RETRY_ALL,0,,,0,0
RECLAIM-V2-008310,RETRY_ALL,0,,,0,0
RECLAIM-V2-008311,RETRY_ALL,0,,,0,0
RECLAIM-V2-008312,RETRY_ALL,0,,,0,0
RECLAIM-V2-008313,RETRY_ALL,0,,,0,0
RECLAIM-V2-008314,RETRY_ALL,0,,,0,0
RECLAIM-V2-008315,RETRY_ALL,0,,,0,0
RECLAIM-V2-008316,TARGET,1,,,0,0
RECLAIM-V2-008317,RETRY_ALL,0,,,0,0
RECLAIM-V2-008318,RETRY_ALL,0,,,0,0
RECLAIM-V2-008319,RETRY_ALL,0,,,0,0
RECLAIM-V2-008320,RETRY_ALL,0,,,0,0
RECLAIM-V2-008321,RETRY_ALL,0,,,0,0
RECLAIM-V2-008322,RETRY_ALL,0,,,0,0
RECLAIM-V2-008323,RETRY_ALL,0,,,0,0
RECLAIM-V2-008324,RETRY_ALL,0,,,0,0
RECLAIM-V2-008325,RETRY_ALL,0,,,0,0
RECLAIM-V2-008326,RETRY_ALL,0,,,0,0
RECLAIM-V2-008327,RETRY_ALL,0,,,0,0
RECLAIM-V2-008328,RETRY_ALL,0,,,0,0
RECLAIM-V2-008329,RETRY_ALL,0,,,0,0
RECLAIM-V2-008330,RETRY_ALL,0,,,0,0
RECLAIM-V2-008331,RETRY_ALL,0,,,0,0
RECLAIM-V2-008332,TARGET,1,,,0,0
RECLAIM-V2-008333,RETRY_ALL,0,,,0,0
RECLAIM-V2-008334,RETRY_ALL,0,,,0,0
RECLAIM-V2-008335,RETRY_ALL,0,,,0,0
RECLAIM-V2-008336,RETRY_ALL,0,,,0,0
RECLAIM-V2-008337,RETRY_ALL,0,,,0,0
RECLAIM-V2-008338,RETRY_ALL,0,,,0,0
RECLAIM-V2-008339,RETRY_ALL,0,,,0,0
RECLAIM-V2-008340,RETRY_ALL,0,,,0,0
RECLAIM-V2-008341,RETRY_ALL,0,,,0,0
RECLAIM-V2-008342,RETRY_ALL,0,,,0,0
RECLAIM-V2-008343,RETRY_ALL,0,,,0,0
RECLAIM-V2-008344,RETRY_ALL,0,,,0,0
RECLAIM-V2-008345,RETRY_ALL,0,,,0,0
RECLAIM-V2-008346,RETRY_ALL,0,,,0,0
RECLAIM-V2-008347,RETRY_ALL,0,,,0,0
RECLAIM-V2-008348,RETRY_ALL,0,,,0,0
RECLAIM-V2-008349,TARGET,1,,,0,0
RECLAIM-V2-008350,RETRY_ALL,0,,,0,0
RECLAIM-V2-008351,RETRY_ALL,0,,,0,0
RECLAIM-V2-008352,RETRY_ALL,0,,,0,0
RECLAIM-V2-008353,RETRY_ALL,0,,,0,0
RECLAIM-V2-008354,RETRY_ALL,0,,,0,0
RECLAIM-V2-008355,RETRY_ALL,0,,,0,0
RECLAIM-V2-008356,RETRY_ALL,0,,,0,0
RECLAIM-V2-008357,RETRY_ALL,0,,,0,0
RECLAIM-V2-008358,RETRY_ALL,0,,,0,0
RECLAIM-V2-008359,RETRY_ALL,0,,,0,0
RECLAIM-V2-008360,RETRY_ALL,0,,,0,0
RECLAIM-V2-008361,RETRY_ALL,0,,,0,0
RECLAIM-V2-008362,RETRY_ALL,0,,,0,0
RECLAIM-V2-008363,RETRY_ALL,0,,,0,0
RECLAIM-V2-008364,RETRY_ALL,0,,,0,0
RECLAIM-V2-008365,RETRY_ALL,0,,,0,0
RECLAIM-V2-008366,TARGET,1,,,0,0
RECLAIM-V2-008367,RETRY_ALL,0,,,0,0
RECLAIM-V2-008368,RETRY_ALL,0,,,0,0
RECLAIM-V2-008369,RETRY_ALL,0,,,0,0
RECLAIM-V2-008370,RETRY_ALL,0,,,0,0
RECLAIM-V2-008371,RETRY_ALL,0,,,0,0
RECLAIM-V2-008372,RETRY_ALL,0,,,0,0
RECLAIM-V2-008373,RETRY_ALL,0,,,0,0
RECLAIM-V2-008374,RETRY_ALL,0,,,0,0
RECLAIM-V2-008375,RETRY_ALL,0,,,0,0
RECLAIM-V2-008376,RETRY_ALL,0,,,0,0
RECLAIM-V2-008377,RETRY_ALL,0,,,0,0
RECLAIM-V2-008378,RETRY_ALL,0,,,0,0
RECLAIM-V2-008379,RETRY_ALL,0,,,0,0
RECLAIM-V2-008380,RETRY_ALL,0,,,0,0
RECLAIM-V2-008381,RETRY_ALL,0,,,0,0
RECLAIM-V2-008382,TARGET,1,,,0,0
RECLAIM-V2-008383,RETRY_ALL,0,,,0,0
RECLAIM-V2-008384,RETRY_ALL,0,,,0,0
RECLAIM-V2-008385,RETRY_ALL,0,,,0,0
RECLAIM-V2-008386,RETRY_ALL,0,,,0,0
RECLAIM-V2-008387,RETRY_ALL,0,,,0,0
RECLAIM-V2-008388,RETRY_ALL,0,,,0,0
RECLAIM-V2-008389,RETRY_ALL,0,,,0,0
RECLAIM-V2-008390,RETRY_ALL,0,,,0,0
RECLAIM-V2-008391,RETRY_ALL,0,,,0,0
RECLAIM-V2-008392,RETRY_ALL,0,,,0,0
RECLAIM-V2-008393,RETRY_ALL,0,,,0,0
RECLAIM-V2-008394,RETRY_ALL,0,,,0,0
RECLAIM-V2-008395,TARGET,1,,,0,0
RECLAIM-V2-008396,RETRY_ALL,0,,,0,0
RECLAIM-V2-008397,RETRY_ALL,0,,,0,0
RECLAIM-V2-008398,RETRY_ALL,0,,,0,0
RECLAIM-V2-008399,RETRY_ALL,0,,,0,0
RECLAIM-V2-008400,RETRY_ALL,0,,,0,0
RECLAIM-V2-008401,RETRY_ALL,0,,,0,0
RECLAIM-V2-008402,RETRY_ALL,0,,,0,0
RECLAIM-V2-008403,RETRY_ALL,0,,,0,0
RECLAIM-V2-008404,RETRY_ALL,0,,,0,0
RECLAIM-V2-008405,RETRY_ALL,0,,,0,0
RECLAIM-V2-008406,RETRY_ALL,0,,,0,0
RECLAIM-V2-008407,RETRY_ALL,0,,,0,0
RECLAIM-V2-008408,RETRY_ALL,0,,,0,0
RECLAIM-V2-008409,RETRY_ALL,0,,,0,0
RECLAIM-V2-008410,RETRY_ALL,0,,,0,0
RECLAIM-V2-008411,RETRY_ALL,0,,,0,0
RECLAIM-V2-008412,RETRY_ALL,0,,,0,0
RECLAIM-V2-008413,RETRY_ALL,0,,,0,0
RECLAIM-V2-008414,RETRY_ALL,0,,,0,0
RECLAIM-V2-008415,RETRY_ALL,0,,,0,0
RECLAIM-V2-008416,RETRY_ALL,0,,,0,0
RECLAIM-V2-008417,RETRY_ALL,0,,,0,0
RECLAIM-V2-008418,RETRY_ALL,0,,,0,0
RECLAIM-V2-008419,RETRY_ALL,0,,,0,0
RECLAIM-V2-008420,RETRY_ALL,0,,,0,0
RECLAIM-V2-008421,RETRY_ALL,0,,,0,0
RECLAIM-V2-008422,RETRY_ALL,0,,,0,0
RECLAIM-V2-008423,RETRY_ALL,0,,,0,0
RECLAIM-V2-008424,RETRY_ALL,0,,,0,0
RECLAIM-V2-008425,RETRY_ALL,0,,,0,0
RECLAIM-V2-008426,RETRY_ALL,0,,,0,0
RECLAIM-V2-008427,RETRY_ALL,0,,,0,0
RECLAIM-V2-008428,RETRY_ALL,0,,,0,0
RECLAIM-V2-008429,RETRY_ALL,0,,,0,0
RECLAIM-V2-008430,RETRY_ALL,0,,,0,0
RECLAIM-V2-008431,RETRY_ALL,0,,,0,0
RECLAIM-V2-008432,RETRY_ALL,0,,,0,0
RECLAIM-V2-008433,RETRY_ALL,0,,,0,0
RECLAIM-V2-008434,RETRY_ALL,0,,,0,0
RECLAIM-V2-008435,RETRY_ALL,0,,,0,0
RECLAIM-V2-008436,RETRY_ALL,0,,,0,0
RECLAIM-V2-008437,RETRY_ALL,0,,,0,0
RECLAIM-V2-008438,RETRY_ALL,0,,,0,0
RECLAIM-V2-008439,RETRY_ALL,0,,,0,0
RECLAIM-V2-008440,RETRY_ALL,0,,,0,0
RECLAIM-V2-008441,RETRY_ALL,0,,,0,0
RECLAIM-V2-008442,RETRY_ALL,0,,,0,0
RECLAIM-V2-008443,RETRY_ALL,0,,,0,0
RECLAIM-V2-008444,RETRY_ALL,0,,,0,0
RECLAIM-V2-008445,RETRY_ALL,0,,,0,0
RECLAIM-V2-008446,RETRY_ALL,0,,,0,0
RECLAIM-V2-008447,RETRY_ALL,0,,,0,0
RECLAIM-V2-008448,RETRY_ALL,0,,,0,0
RECLAIM-V2-008449,RETRY_ALL,0,,,0,0
RECLAIM-V2-008450,RETRY_ALL,0,,,0,0
RECLAIM-V2-008451,TARGET,1,,,0,0
RECLAIM-V2-008452,RETRY_ALL,0,,,0,0
RECLAIM-V2-008453,RETRY_ALL,0,,,0,0
RECLAIM-V2-008454,RETRY_ALL,0,,,0,0
RECLAIM-V2-008455,RETRY_ALL,0,,,0,0
RECLAIM-V2-008456,RETRY_ALL,0,,,0,0
RECLAIM-V2-008457,RETRY_ALL,0,,,0,0
RECLAIM-V2-008458,RETRY_ALL,0,,,0,0
RECLAIM-V2-008459,RETRY_ALL,0,,,0,0
RECLAIM-V2-008460,RETRY_ALL,0,,,0,0
RECLAIM-V2-008461,TARGET,1,,,0,0
RECLAIM-V2-008462,RETRY_ALL,0,,,0,0
RECLAIM-V2-008463,RETRY_ALL,0,,,0,0
RECLAIM-V2-008464,TARGET,1,,,0,0
RECLAIM-V2-008465,RETRY_ALL,0,,,0,0
RECLAIM-V2-008466,RETRY_ALL,0,,,0,0
RECLAIM-V2-008467,RETRY_ALL,0,,,0,0
RECLAIM-V2-008468,TARGET,1,,,0,0
RECLAIM-V2-008469,RETRY_ALL,0,,,0,0
RECLAIM-V2-008470,RETRY_ALL,0,,,0,0
RECLAIM-V2-008471,RETRY_ALL,0,,,0,0
RECLAIM-V2-008472,RETRY_ALL,0,,,0,0
RECLAIM-V2-008473,RETRY_ALL,0,,,0,0
RECLAIM-V2-008474,RETRY_ALL,0,,,0,0
RECLAIM-V2-008475,RETRY_ALL,0,,,0,0
RECLAIM-V2-008476,RETRY_ALL,0,,,0,0
RECLAIM-V2-008477,RETRY_ALL,0,,,0,0
RECLAIM-V2-008478,RETRY_ALL,0,,,0,0
RECLAIM-V2-008479,RETRY_ALL,0,,,0,0
RECLAIM-V2-008480,RETRY_ALL,0,,,0,0
RECLAIM-V2-008481,RETRY_ALL,0,,,0,0
RECLAIM-V2-008482,RETRY_ALL,0,,,0,0
RECLAIM-V2-008483,RETRY_ALL,0,,,0,0
RECLAIM-V2-008484,RETRY_ALL,0,,,0,0
RECLAIM-V2-008485,RETRY_ALL,0,,,0,0
RECLAIM-V2-008486,RETRY_ALL,0,,,0,0
RECLAIM-V2-008487,RETRY_ALL,0,,,0,0
RECLAIM-V2-008488,RETRY_ALL,0,,,0,0
RECLAIM-V2-008489,RETRY_ALL,0,,,0,0
RECLAIM-V2-008490,RETRY_ALL,0,,,0,0
RECLAIM-V2-008491,RETRY_ALL,0,,,0,0
RECLAIM-V2-008492,RETRY_ALL,0,,,0,0
RECLAIM-V2-008493,RETRY_ALL,0,,,0,0
RECLAIM-V2-008494,RETRY_ALL,0,,,0,0
RECLAIM-V2-008495,RETRY_ALL,0,,,0,0
RECLAIM-V2-008496,RETRY_ALL,0,,,0,0
RECLAIM-V2-008497,RETRY_ALL,0,,,0,0
RECLAIM-V2-008498,RETRY_ALL,0,,,0,0
RECLAIM-V2-008499,RETRY_ALL,0,,,0,0
RECLAIM-V2-008500,RETRY_ALL,0,,,0,0
RECLAIM-V2-008501,RETRY_ALL,0,,,0,0
RECLAIM-V2-008502,RETRY_ALL,0,,,0,0
RECLAIM-V2-008503,RETRY_ALL,0,,,0,0
RECLAIM-V2-008504,RETRY_ALL,0,,,0,0
RECLAIM-V2-008505,RETRY_ALL,0,,,0,0
RECLAIM-V2-008506,RETRY_ALL,0,,,0,0
RECLAIM-V2-008507,RETRY_ALL,0,,,0,0
RECLAIM-V2-008508,RETRY_ALL,0,,,0,0
RECLAIM-V2-008509,RETRY_ALL,0,,,0,0
RECLAIM-V2-008510,RETRY_ALL,0,,,0,0
RECLAIM-V2-008511,RETRY_ALL,0,,,0,0
RECLAIM-V2-008512,RETRY_ALL,0,,,0,0
RECLAIM-V2-008513,RETRY_ALL,0,,,0,0
RECLAIM-V2-008514,RETRY_ALL,0,,,0,0
RECLAIM-V2-008515,RETRY_ALL,0,,,0,0
RECLAIM-V2-008516,RETRY_ALL,0,,,0,0
RECLAIM-V2-008517,RETRY_ALL,0,,,0,0
RECLAIM-V2-008518,RETRY_ALL,0,,,0,0
RECLAIM-V2-008519,RETRY_ALL,0,,,0,0
RECLAIM-V2-008520,RETRY_ALL,0,,,0,0
RECLAIM-V2-008521,RETRY_ALL,0,,,0,0
RECLAIM-V2-008522,TARGET,1,,,0,0
RECLAIM-V2-008523,RETRY_ALL,0,,,0,0
RECLAIM-V2-008524,RETRY_ALL,0,,,0,0
RECLAIM-V2-008525,RETRY_ALL,0,,,0,0
RECLAIM-V2-008526,RETRY_ALL,0,,,0,0
RECLAIM-V2-008527,RETRY_ALL,0,,,0,0
RECLAIM-V2-008528,RETRY_ALL,0,,,0,0
RECLAIM-V2-008529,RETRY_ALL,0,,,0,0
RECLAIM-V2-008530,RETRY_ALL,0,,,0,0
RECLAIM-V2-008531,RETRY_ALL,0,,,0,0
RECLAIM-V2-008532,RETRY_ALL,0,,,0,0
RECLAIM-V2-008533,RETRY_ALL,0,,,0,0
RECLAIM-V2-008534,TARGET,1,,,0,0
RECLAIM-V2-008535,RETRY_ALL,0,,,0,0
RECLAIM-V2-008536,RETRY_ALL,0,,,0,0
RECLAIM-V2-008537,RETRY_ALL,0,,,0,0
RECLAIM-V2-008538,RETRY_ALL,0,,,0,0
RECLAIM-V2-008539,RETRY_ALL,0,,,0,0
RECLAIM-V2-008540,RETRY_ALL,0,,,0,0
RECLAIM-V2-008541,RETRY_ALL,0,,,0,0
RECLAIM-V2-008542,RETRY_ALL,0,,,0,0
RECLAIM-V2-008543,RETRY_ALL,0,,,0,0
RECLAIM-V2-008544,RETRY_ALL,0,,,0,0
RECLAIM-V2-008545,RETRY_ALL,0,,,0,0
RECLAIM-V2-008546,RETRY_ALL,0,,,0,0
RECLAIM-V2-008547,RETRY_ALL,0,,,0,0
RECLAIM-V2-008548,RETRY_ALL,0,,,0,0
RECLAIM-V2-008549,RETRY_ALL,0,,,0,0
RECLAIM-V2-008550,RETRY_ALL,0,,,0,0
RECLAIM-V2-008551,RETRY_ALL,0,,,0,0
RECLAIM-V2-008552,RETRY_ALL,0,,,0,0
RECLAIM-V2-008553,RETRY_ALL,0,,,0,0
RECLAIM-V2-008554,RETRY_ALL,0,,,0,0
RECLAIM-V2-008555,RETRY_ALL,0,,,0,0
RECLAIM-V2-008556,RETRY_ALL,0,,,0,0
RECLAIM-V2-008557,RETRY_ALL,0,,,0,0
RECLAIM-V2-008558,RETRY_ALL,0,,,0,0
RECLAIM-V2-008559,RETRY_ALL,0,,,0,0
RECLAIM-V2-008560,RETRY_ALL,0,,,0,0
RECLAIM-V2-008561,RETRY_ALL,0,,,0,0
RECLAIM-V2-008562,RETRY_ALL,0,,,0,0
RECLAIM-V2-008563,RETRY_ALL,0,,,0,0
RECLAIM-V2-008564,TARGET,1,,,0,0
RECLAIM-V2-008565,RETRY_ALL,0,,,0,0
RECLAIM-V2-008566,RETRY_ALL,0,,,0,0
RECLAIM-V2-008567,RETRY_ALL,0,,,0,0
RECLAIM-V2-008568,RETRY_ALL,0,,,0,0
RECLAIM-V2-008569,RETRY_ALL,0,,,0,0
RECLAIM-V2-008570,RETRY_ALL,0,,,0,0
RECLAIM-V2-008571,TARGET,1,,,0,0
RECLAIM-V2-008572,RETRY_ALL,0,,,0,0
RECLAIM-V2-008573,RETRY_ALL,0,,,0,0
RECLAIM-V2-008574,RETRY_ALL,0,,,0,0
RECLAIM-V2-008575,RETRY_ALL,0,,,0,0
RECLAIM-V2-008576,RETRY_ALL,0,,,0,0
RECLAIM-V2-008577,RETRY_ALL,0,,,0,0
RECLAIM-V2-008578,RETRY_ALL,0,,,0,0
RECLAIM-V2-008579,RETRY_ALL,0,,,0,0
RECLAIM-V2-008580,RETRY_ALL,0,,,0,0
RECLAIM-V2-008581,RETRY_ALL,0,,,0,0
RECLAIM-V2-008582,RETRY_ALL,0,,,0,0
RECLAIM-V2-008583,RETRY_ALL,0,,,0,0
RECLAIM-V2-008584,RETRY_ALL,0,,,0,0
RECLAIM-V2-008585,RETRY_ALL,0,,,0,0
RECLAIM-V2-008586,RETRY_ALL,0,,,0,0
RECLAIM-V2-008587,RETRY_ALL,0,,,0,0
RECLAIM-V2-008588,RETRY_ALL,0,,,0,0
RECLAIM-V2-008589,RETRY_ALL,0,,,0,0
RECLAIM-V2-008590,RETRY_ALL,0,,,0,0
RECLAIM-V2-008591,RETRY_ALL,0,,,0,0
RECLAIM-V2-008592,TARGET,1,,,0,0
RECLAIM-V2-008593,RETRY_ALL,0,,,0,0
RECLAIM-V2-008594,RETRY_ALL,0,,,0,0
RECLAIM-V2-008595,RETRY_ALL,0,,,0,0
RECLAIM-V2-008596,RETRY_ALL,0,,,0,0
RECLAIM-V2-008597,TARGET,1,,,0,0
RECLAIM-V2-008598,RETRY_ALL,0,,,0,0
RECLAIM-V2-008599,RETRY_ALL,0,,,0,0
RECLAIM-V2-008600,RETRY_ALL,0,,,0,0
RECLAIM-V2-008601,RETRY_ALL,0,,,0,0
RECLAIM-V2-008602,RETRY_ALL,0,,,0,0
RECLAIM-V2-008603,RETRY_ALL,0,,,0,0
RECLAIM-V2-008604,RETRY_ALL,0,,,0,0
RECLAIM-V2-008605,RETRY_ALL,0,,,0,0
RECLAIM-V2-008606,RETRY_ALL,0,,,0,0
RECLAIM-V2-008607,RETRY_ALL,0,,,0,0
RECLAIM-V2-008608,RETRY_ALL,0,,,0,0
RECLAIM-V2-008609,RETRY_ALL,0,,,0,0
RECLAIM-V2-008610,RETRY_ALL,0,,,0,0
RECLAIM-V2-008611,RETRY_ALL,0,,,0,0
RECLAIM-V2-008612,RETRY_ALL,0,,,0,0
RECLAIM-V2-008613,RETRY_ALL,0,,,0,0
RECLAIM-V2-008614,RETRY_ALL,0,,,0,0
RECLAIM-V2-008615,RETRY_ALL,0,,,0,0
RECLAIM-V2-008616,RETRY_ALL,0,,,0,0
RECLAIM-V2-008617,RETRY_ALL,0,,,0,0
RECLAIM-V2-008618,RETRY_ALL,0,,,0,0
RECLAIM-V2-008619,TARGET,1,,,0,0
RECLAIM-V2-008620,RETRY_ALL,0,,,0,0
RECLAIM-V2-008621,RETRY_ALL,0,,,0,0
RECLAIM-V2-008622,RETRY_ALL,0,,,0,0
RECLAIM-V2-008623,RETRY_ALL,0,,,0,0
RECLAIM-V2-008624,RETRY_ALL,0,,,0,0
RECLAIM-V2-008625,RETRY_ALL,0,,,0,0
RECLAIM-V2-008626,RETRY_ALL,0,,,0,0
RECLAIM-V2-008627,RETRY_ALL,0,,,0,0
RECLAIM-V2-008628,RETRY_ALL,0,,,0,0
RECLAIM-V2-008629,RETRY_ALL,0,,,0,0
RECLAIM-V2-008630,RETRY_ALL,0,,,0,0
RECLAIM-V2-008631,TARGET,1,,,0,0
RECLAIM-V2-008632,RETRY_ALL,0,,,0,0
RECLAIM-V2-008633,RETRY_ALL,0,,,0,0
RECLAIM-V2-008634,RETRY_ALL,0,,,0,0
RECLAIM-V2-008635,RETRY_ALL,0,,,0,0
RECLAIM-V2-008636,RETRY_ALL,0,,,0,0
RECLAIM-V2-008637,RETRY_ALL,0,,,0,0
RECLAIM-V2-008638,RETRY_ALL,0,,,0,0
RECLAIM-V2-008639,RETRY_ALL,0,,,0,0
RECLAIM-V2-008640,RETRY_ALL,0,,,0,0
RECLAIM-V2-008641,RETRY_ALL,0,,,0,0
RECLAIM-V2-008642,RETRY_ALL,0,,,0,0
RECLAIM-V2-008643,RETRY_ALL,0,,,0,0
RECLAIM-V2-008644,RETRY_ALL,0,,,0,0
RECLAIM-V2-008645,RETRY_ALL,0,,,0,0
RECLAIM-V2-008646,RETRY_ALL,0,,,0,0
RECLAIM-V2-008647,RETRY_ALL,0,,,0,0
RECLAIM-V2-008648,RETRY_ALL,0,,,0,0
RECLAIM-V2-008649,RETRY_ALL,0,,,0,0
RECLAIM-V2-008650,RETRY_ALL,0,,,0,0
RECLAIM-V2-008651,RETRY_ALL,0,,,0,0
RECLAIM-V2-008652,RETRY_ALL,0,,,0,0
RECLAIM-V2-008653,RETRY_ALL,0,,,0,0
RECLAIM-V2-008654,RETRY_ALL,0,,,0,0
RECLAIM-V2-008655,RETRY_ALL,0,,,0,0
RECLAIM-V2-008656,RETRY_ALL,0,,,0,0
RECLAIM-V2-008657,RETRY_ALL,0,,,0,0
RECLAIM-V2-008658,RETRY_ALL,0,,,0,0
RECLAIM-V2-008659,RETRY_ALL,0,,,0,0
RECLAIM-V2-008660,RETRY_ALL,0,,,0,0
RECLAIM-V2-008661,RETRY_ALL,0,,,0,0
RECLAIM-V2-008662,TARGET,1,,,0,0
RECLAIM-V2-008663,RETRY_ALL,0,,,0,0
RECLAIM-V2-008664,RETRY_ALL,0,,,0,0
RECLAIM-V2-008665,RETRY_ALL,0,,,0,0
RECLAIM-V2-008666,RETRY_ALL,0,,,0,0
RECLAIM-V2-008667,RETRY_ALL,0,,,0,0
RECLAIM-V2-008668,RETRY_ALL,0,,,0,0
RECLAIM-V2-008669,RETRY_ALL,0,,,0,0
RECLAIM-V2-008670,RETRY_ALL,0,,,0,0
RECLAIM-V2-008671,RETRY_ALL,0,,,0,0
RECLAIM-V2-008672,RETRY_ALL,0,,,0,0
RECLAIM-V2-008673,RETRY_ALL,0,,,0,0
RECLAIM-V2-008674,RETRY_ALL,0,,,0,0
RECLAIM-V2-008675,RETRY_ALL,0,,,0,0
RECLAIM-V2-008676,RETRY_ALL,0,,,0,0
RECLAIM-V2-008677,RETRY_ALL,0,,,0,0
RECLAIM-V2-008678,RETRY_ALL,0,,,0,0
RECLAIM-V2-008679,RETRY_ALL,0,,,0,0
RECLAIM-V2-008680,RETRY_ALL,0,,,0,0
RECLAIM-V2-008681,RETRY_ALL,0,,,0,0
RECLAIM-V2-008682,RETRY_ALL,0,,,0,0
RECLAIM-V2-008683,RETRY_ALL,0,,,0,0
RECLAIM-V2-008684,RETRY_ALL,0,,,0,0
RECLAIM-V2-008685,RETRY_ALL,0,,,0,0
RECLAIM-V2-008686,RETRY_ALL,0,,,0,0
RECLAIM-V2-008687,RETRY_ALL,0,,,0,0
RECLAIM-V2-008688,RETRY_ALL,0,,,0,0
RECLAIM-V2-008689,RETRY_ALL,0,,,0,0
RECLAIM-V2-008690,RETRY_ALL,0,,,0,0
RECLAIM-V2-008691,RETRY_ALL,0,,,0,0
RECLAIM-V2-008692,RETRY_ALL,0,,,0,0
RECLAIM-V2-008693,RETRY_ALL,0,,,0,0
RECLAIM-V2-008694,RETRY_ALL,0,,,0,0
RECLAIM-V2-008695,RETRY_ALL,0,,,0,0
RECLAIM-V2-008696,RETRY_ALL,0,,,0,0
RECLAIM-V2-008697,RETRY_ALL,0,,,0,0
RECLAIM-V2-008698,RETRY_ALL,0,,,0,0
RECLAIM-V2-008699,RETRY_ALL,0,,,0,0
RECLAIM-V2-008700,RETRY_ALL,0,,,0,0
RECLAIM-V2-008701,RETRY_ALL,0,,,0,0
RECLAIM-V2-008702,RETRY_ALL,0,,,0,0
RECLAIM-V2-008703,RETRY_ALL,0,,,0,0
RECLAIM-V2-008704,RETRY_ALL,0,,,0,0
RECLAIM-V2-008705,RETRY_ALL,0,,,0,0
RECLAIM-V2-008706,RETRY_ALL,0,,,0,0
RECLAIM-V2-008707,RETRY_ALL,0,,,0,0
RECLAIM-V2-008708,RETRY_ALL,0,,,0,0
RECLAIM-V2-008709,RETRY_ALL,0,,,0,0
RECLAIM-V2-008710,RETRY_ALL,0,,,0,0
RECLAIM-V2-008711,RETRY_ALL,0,,,0,0
RECLAIM-V2-008712,RETRY_ALL,0,,,0,0
RECLAIM-V2-008713,RETRY_ALL,0,,,0,0
RECLAIM-V2-008714,RETRY_ALL,0,,,0,0
RECLAIM-V2-008715,RETRY_ALL,0,,,0,0
RECLAIM-V2-008716,RETRY_ALL,0,,,0,0
RECLAIM-V2-008717,RETRY_ALL,0,,,0,0
RECLAIM-V2-008718,RETRY_ALL,0,,,0,0
RECLAIM-V2-008719,RETRY_ALL,0,,,0,0
RECLAIM-V2-008720,RETRY_ALL,0,,,0,0
RECLAIM-V2-008721,TARGET,1,,,0,0
RECLAIM-V2-008722,RETRY_ALL,0,,,0,0
RECLAIM-V2-008723,RETRY_ALL,0,,,0,0
RECLAIM-V2-008724,RETRY_ALL,0,,,0,0
RECLAIM-V2-008725,RETRY_ALL,0,,,0,0
RECLAIM-V2-008726,RETRY_ALL,0,,,0,0
RECLAIM-V2-008727,RETRY_ALL,0,,,0,0
RECLAIM-V2-008728,RETRY_ALL,0,,,0,0
RECLAIM-V2-008729,RETRY_ALL,0,,,0,0
RECLAIM-V2-008730,RETRY_ALL,0,,,0,0
RECLAIM-V2-008731,RETRY_ALL,0,,,0,0
RECLAIM-V2-008732,RETRY_ALL,0,,,0,0
RECLAIM-V2-008733,RETRY_ALL,0,,,0,0
RECLAIM-V2-008734,RETRY_ALL,0,,,0,0
RECLAIM-V2-008735,RETRY_ALL,0,,,0,0
RECLAIM-V2-008736,RETRY_ALL,0,,,0,0
RECLAIM-V2-008737,RETRY_ALL,0,,,0,0
RECLAIM-V2-008738,RETRY_ALL,0,,,0,0
RECLAIM-V2-008739,RETRY_ALL,0,,,0,0
RECLAIM-V2-008740,RETRY_ALL,0,,,0,0
RECLAIM-V2-008741,RETRY_ALL,0,,,0,0
RECLAIM-V2-008742,RETRY_ALL,0,,,0,0
RECLAIM-V2-008743,RETRY_ALL,0,,,0,0
RECLAIM-V2-008744,RETRY_ALL,0,,,0,0
RECLAIM-V2-008745,TARGET,1,,,0,0
RECLAIM-V2-008746,RETRY_ALL,0,,,0,0
RECLAIM-V2-008747,RETRY_ALL,0,,,0,0
RECLAIM-V2-008748,RETRY_ALL,0,,,0,0
RECLAIM-V2-008749,RETRY_ALL,0,,,0,0
RECLAIM-V2-008750,RETRY_ALL,0,,,0,0
RECLAIM-V2-008751,RETRY_ALL,0,,,0,0
RECLAIM-V2-008752,RETRY_ALL,0,,,0,0
RECLAIM-V2-008753,RETRY_ALL,0,,,0,0
RECLAIM-V2-008754,RETRY_ALL,0,,,0,0
RECLAIM-V2-008755,RETRY_ALL,0,,,0,0
RECLAIM-V2-008756,RETRY_ALL,0,,,0,0
RECLAIM-V2-008757,RETRY_ALL,0,,,0,0
RECLAIM-V2-008758,TARGET,1,,,0,0
RECLAIM-V2-008759,RETRY_ALL,0,,,0,0
RECLAIM-V2-008760,RETRY_ALL,0,,,0,0
RECLAIM-V2-008761,RETRY_ALL,0,,,0,0
RECLAIM-V2-008762,RETRY_ALL,0,,,0,0
RECLAIM-V2-008763,RETRY_ALL,0,,,0,0
RECLAIM-V2-008764,RETRY_ALL,0,,,0,0
RECLAIM-V2-008765,RETRY_ALL,0,,,0,0
RECLAIM-V2-008766,RETRY_ALL,0,,,0,0
RECLAIM-V2-008767,RETRY_ALL,0,,,0,0
RECLAIM-V2-008768,RETRY_ALL,0,,,0,0
RECLAIM-V2-008769,RETRY_ALL,0,,,0,0
RECLAIM-V2-008770,RETRY_ALL,0,,,0,0
RECLAIM-V2-008771,RETRY_ALL,0,,,0,0
RECLAIM-V2-008772,RETRY_ALL,0,,,0,0
RECLAIM-V2-008773,RETRY_ALL,0,,,0,0
RECLAIM-V2-008774,RETRY_ALL,0,,,0,0
RECLAIM-V2-008775,RETRY_ALL,0,,,0,0
RECLAIM-V2-008776,RETRY_ALL,0,,,0,0
RECLAIM-V2-008777,RETRY_ALL,0,,,0,0
RECLAIM-V2-008778,RETRY_ALL,0,,,0,0
RECLAIM-V2-008779,RETRY_ALL,0,,,0,0
RECLAIM-V2-008780,RETRY_ALL,0,,,0,0
RECLAIM-V2-008781,RETRY_ALL,0,,,0,0
RECLAIM-V2-008782,RETRY_ALL,0,,,0,0
RECLAIM-V2-008783,RETRY_ALL,0,,,0,0
RECLAIM-V2-008784,TARGET,1,,,0,0
RECLAIM-V2-008785,RETRY_ALL,0,,,0,0
RECLAIM-V2-008786,RETRY_ALL,0,,,0,0
RECLAIM-V2-008787,TARGET,1,,,0,0
RECLAIM-V2-008788,RETRY_ALL,0,,,0,0
RECLAIM-V2-008789,RETRY_ALL,0,,,0,0
RECLAIM-V2-008790,RETRY_ALL,0,,,0,0
RECLAIM-V2-008791,RETRY_ALL,0,,,0,0
RECLAIM-V2-008792,RETRY_ALL,0,,,0,0
RECLAIM-V2-008793,RETRY_ALL,0,,,0,0
RECLAIM-V2-008794,RETRY_ALL,0,,,0,0
RECLAIM-V2-008795,RETRY_ALL,0,,,0,0
RECLAIM-V2-008796,RETRY_ALL,0,,,0,0
RECLAIM-V2-008797,RETRY_ALL,0,,,0,0
RECLAIM-V2-008798,RETRY_ALL,0,,,0,0
RECLAIM-V2-008799,RETRY_ALL,0,,,0,0
RECLAIM-V2-008800,RETRY_ALL,0,,,0,0
RECLAIM-V2-008801,RETRY_ALL,0,,,0,0
RECLAIM-V2-008802,RETRY_ALL,0,,,0,0
RECLAIM-V2-008803,RETRY_ALL,0,,,0,0
RECLAIM-V2-008804,RETRY_ALL,0,,,0,0
RECLAIM-V2-008805,RETRY_ALL,0,,,0,0
RECLAIM-V2-008806,RETRY_ALL,0,,,0,0
RECLAIM-V2-008807,RETRY_ALL,0,,,0,0
RECLAIM-V2-008808,RETRY_ALL,0,,,0,0
RECLAIM-V2-008809,RETRY_ALL,0,,,0,0
RECLAIM-V2-008810,RETRY_ALL,0,,,0,0
RECLAIM-V2-008811,RETRY_ALL,0,,,0,0
RECLAIM-V2-008812,RETRY_ALL,0,,,0,0
RECLAIM-V2-008813,RETRY_ALL,0,,,0,0
RECLAIM-V2-008814,RETRY_ALL,0,,,0,0
RECLAIM-V2-008815,RETRY_ALL,0,,,0,0
RECLAIM-V2-008816,RETRY_ALL,0,,,0,0
RECLAIM-V2-008817,RETRY_ALL,0,,,0,0
RECLAIM-V2-008818,RETRY_ALL,0,,,0,0
RECLAIM-V2-008819,RETRY_ALL,0,,,0,0
RECLAIM-V2-008820,RETRY_ALL,0,,,0,0
RECLAIM-V2-008821,RETRY_ALL,0,,,0,0
RECLAIM-V2-008822,RETRY_ALL,0,,,0,0
RECLAIM-V2-008823,RETRY_ALL,0,,,0,0
RECLAIM-V2-008824,RETRY_ALL,0,,,0,0
RECLAIM-V2-008825,RETRY_ALL,0,,,0,0
RECLAIM-V2-008826,RETRY_ALL,0,,,0,0
RECLAIM-V2-008827,RETRY_ALL,0,,,0,0
RECLAIM-V2-008828,RETRY_ALL,0,,,0,0
RECLAIM-V2-008829,RETRY_ALL,0,,,0,0
RECLAIM-V2-008830,TARGET,1,,,0,0
RECLAIM-V2-008831,RETRY_ALL,0,,,0,0
RECLAIM-V2-008832,RETRY_ALL,0,,,0,0
RECLAIM-V2-008833,RETRY_ALL,0,,,0,0
RECLAIM-V2-008834,TARGET,1,,,0,0
RECLAIM-V2-008835,RETRY_ALL,0,,,0,0
RECLAIM-V2-008836,RETRY_ALL,0,,,0,0
RECLAIM-V2-008837,RETRY_ALL,0,,,0,0
RECLAIM-V2-008838,RETRY_ALL,0,,,0,0
RECLAIM-V2-008839,RETRY_ALL,0,,,0,0
RECLAIM-V2-008840,RETRY_ALL,0,,,0,0
RECLAIM-V2-008841,RETRY_ALL,0,,,0,0
RECLAIM-V2-008842,RETRY_ALL,0,,,0,0
RECLAIM-V2-008843,RETRY_ALL,0,,,0,0
RECLAIM-V2-008844,RETRY_ALL,0,,,0,0
RECLAIM-V2-008845,RETRY_ALL,0,,,0,0
RECLAIM-V2-008846,RETRY_ALL,0,,,0,0
RECLAIM-V2-008847,RETRY_ALL,0,,,0,0
RECLAIM-V2-008848,RETRY_ALL,0,,,0,0
RECLAIM-V2-008849,RETRY_ALL,0,,,0,0
RECLAIM-V2-008850,RETRY_ALL,0,,,0,0
RECLAIM-V2-008851,TARGET,1,,,0,0
RECLAIM-V2-008852,RETRY_ALL,0,,,0,0
RECLAIM-V2-008853,RETRY_ALL,0,,,0,0
RECLAIM-V2-008854,RETRY_ALL,0,,,0,0
RECLAIM-V2-008855,RETRY_ALL,0,,,0,0
RECLAIM-V2-008856,RETRY_ALL,0,,,0,0
RECLAIM-V2-008857,RETRY_ALL,0,,,0,0
RECLAIM-V2-008858,RETRY_ALL,0,,,0,0
RECLAIM-V2-008859,RETRY_ALL,0,,,0,0
RECLAIM-V2-008860,RETRY_ALL,0,,,0,0
RECLAIM-V2-008861,RETRY_ALL,0,,,0,0
RECLAIM-V2-008862,RETRY_ALL,0,,,0,0
RECLAIM-V2-008863,RETRY_ALL,0,,,0,0
RECLAIM-V2-008864,RETRY_ALL,0,,,0,0
RECLAIM-V2-008865,RETRY_ALL,0,,,0,0
RECLAIM-V2-008866,RETRY_ALL,0,,,0,0
RECLAIM-V2-008867,RETRY_ALL,0,,,0,0
RECLAIM-V2-008868,RETRY_ALL,0,,,0,0
RECLAIM-V2-008869,RETRY_ALL,0,,,0,0
RECLAIM-V2-008870,RETRY_ALL,0,,,0,0
RECLAIM-V2-008871,RETRY_ALL,0,,,0,0
RECLAIM-V2-008872,RETRY_ALL,0,,,0,0
RECLAIM-V2-008873,RETRY_ALL,0,,,0,0
RECLAIM-V2-008874,RETRY_ALL,0,,,0,0
RECLAIM-V2-008875,RETRY_ALL,0,,,0,0
RECLAIM-V2-008876,RETRY_ALL,0,,,0,0
RECLAIM-V2-008877,RETRY_ALL,0,,,0,0
RECLAIM-V2-008878,RETRY_ALL,0,,,0,0
RECLAIM-V2-008879,TARGET,1,,,0,0
RECLAIM-V2-008880,RETRY_ALL,0,,,0,0
RECLAIM-V2-008881,RETRY_ALL,0,,,0,0
RECLAIM-V2-008882,RETRY_ALL,0,,,0,0
RECLAIM-V2-008883,RETRY_ALL,0,,,0,0
RECLAIM-V2-008884,RETRY_ALL,0,,,0,0
RECLAIM-V2-008885,RETRY_ALL,0,,,0,0
RECLAIM-V2-008886,RETRY_ALL,0,,,0,0
RECLAIM-V2-008887,RETRY_ALL,0,,,0,0
RECLAIM-V2-008888,RETRY_ALL,0,,,0,0
RECLAIM-V2-008889,RETRY_ALL,0,,,0,0
RECLAIM-V2-008890,RETRY_ALL,0,,,0,0
RECLAIM-V2-008891,RETRY_ALL,0,,,0,0
RECLAIM-V2-008892,RETRY_ALL,0,,,0,0
RECLAIM-V2-008893,RETRY_ALL,0,,,0,0
RECLAIM-V2-008894,RETRY_ALL,0,,,0,0
RECLAIM-V2-008895,RETRY_ALL,0,,,0,0
RECLAIM-V2-008896,RETRY_ALL,0,,,0,0
RECLAIM-V2-008897,RETRY_ALL,0,,,0,0
RECLAIM-V2-008898,RETRY_ALL,0,,,0,0
RECLAIM-V2-008899,TARGET,1,,,0,0
RECLAIM-V2-008900,RETRY_ALL,0,,,0,0
RECLAIM-V2-008901,RETRY_ALL,0,,,0,0
RECLAIM-V2-008902,RETRY_ALL,0,,,0,0
RECLAIM-V2-008903,RETRY_ALL,0,,,0,0
RECLAIM-V2-008904,RETRY_ALL,0,,,0,0
RECLAIM-V2-008905,RETRY_ALL,0,,,0,0
RECLAIM-V2-008906,RETRY_ALL,0,,,0,0
RECLAIM-V2-008907,RETRY_ALL,0,,,0,0
RECLAIM-V2-008908,RETRY_ALL,0,,,0,0
RECLAIM-V2-008909,RETRY_ALL,0,,,0,0
RECLAIM-V2-008910,RETRY_ALL,0,,,0,0
RECLAIM-V2-008911,RETRY_ALL,0,,,0,0
RECLAIM-V2-008912,RETRY_ALL,0,,,0,0
RECLAIM-V2-008913,RETRY_ALL,0,,,0,0
RECLAIM-V2-008914,RETRY_ALL,0,,,0,0
RECLAIM-V2-008915,RETRY_ALL,0,,,0,0
RECLAIM-V2-008916,RETRY_ALL,0,,,0,0
RECLAIM-V2-008917,RETRY_ALL,0,,,0,0
RECLAIM-V2-008918,RETRY_ALL,0,,,0,0
RECLAIM-V2-008919,RETRY_ALL,0,,,0,0
RECLAIM-V2-008920,RETRY_ALL,0,,,0,0
RECLAIM-V2-008921,RETRY_ALL,0,,,0,0
RECLAIM-V2-008922,RETRY_ALL,0,,,0,0
RECLAIM-V2-008923,RETRY_ALL,0,,,0,0
RECLAIM-V2-008924,RETRY_ALL,0,,,0,0
RECLAIM-V2-008925,RETRY_ALL,0,,,0,0
RECLAIM-V2-008926,RETRY_ALL,0,,,0,0
RECLAIM-V2-008927,RETRY_ALL,0,,,0,0
RECLAIM-V2-008928,RETRY_ALL,0,,,0,0
RECLAIM-V2-008929,RETRY_ALL,0,,,0,0
RECLAIM-V2-008930,RETRY_ALL,0,,,0,0
RECLAIM-V2-008931,RETRY_ALL,0,,,0,0
RECLAIM-V2-008932,RETRY_ALL,0,,,0,0
RECLAIM-V2-008933,RETRY_ALL,0,,,0,0
RECLAIM-V2-008934,RETRY_ALL,0,,,0,0
RECLAIM-V2-008935,RETRY_ALL,0,,,0,0
RECLAIM-V2-008936,RETRY_ALL,0,,,0,0
RECLAIM-V2-008937,RETRY_ALL,0,,,0,0
RECLAIM-V2-008938,RETRY_ALL,0,,,0,0
RECLAIM-V2-008939,RETRY_ALL,0,,,0,0
RECLAIM-V2-008940,RETRY_ALL,0,,,0,0
RECLAIM-V2-008941,RETRY_ALL,0,,,0,0
RECLAIM-V2-008942,RETRY_ALL,0,,,0,0
RECLAIM-V2-008943,RETRY_ALL,0,,,0,0
RECLAIM-V2-008944,RETRY_ALL,0,,,0,0
RECLAIM-V2-008945,RETRY_ALL,0,,,0,0
RECLAIM-V2-008946,RETRY_ALL,0,,,0,0
RECLAIM-V2-008947,RETRY_ALL,0,,,0,0
RECLAIM-V2-008948,RETRY_ALL,0,,,0,0
RECLAIM-V2-008949,RETRY_ALL,0,,,0,0
RECLAIM-V2-008950,RETRY_ALL,0,,,0,0
RECLAIM-V2-008951,RETRY_ALL,0,,,0,0
RECLAIM-V2-008952,RETRY_ALL,0,,,0,0
RECLAIM-V2-008953,RETRY_ALL,0,,,0,0
RECLAIM-V2-008954,RETRY_ALL,0,,,0,0
RECLAIM-V2-008955,RETRY_ALL,0,,,0,0
RECLAIM-V2-008956,RETRY_ALL,0,,,0,0
RECLAIM-V2-008957,RETRY_ALL,0,,,0,0
RECLAIM-V2-008958,RETRY_ALL,0,,,0,0
RECLAIM-V2-008959,RETRY_ALL,0,,,0,0
RECLAIM-V2-008960,RETRY_ALL,0,,,0,0
RECLAIM-V2-008961,RETRY_ALL,0,,,0,0
RECLAIM-V2-008962,RETRY_ALL,0,,,0,0
RECLAIM-V2-008963,RETRY_ALL,0,,,0,0
RECLAIM-V2-008964,RETRY_ALL,0,,,0,0
RECLAIM-V2-008965,RETRY_ALL,0,,,0,0
RECLAIM-V2-008966,RETRY_ALL,0,,,0,0
RECLAIM-V2-008967,RETRY_ALL,0,,,0,0
RECLAIM-V2-008968,RETRY_ALL,0,,,0,0
RECLAIM-V2-008969,RETRY_ALL,0,,,0,0
RECLAIM-V2-008970,RETRY_ALL,0,,,0,0
RECLAIM-V2-008971,RETRY_ALL,0,,,0,0
RECLAIM-V2-008972,RETRY_ALL,0,,,0,0
RECLAIM-V2-008973,RETRY_ALL,0,,,0,0
RECLAIM-V2-008974,RETRY_ALL,0,,,0,0
RECLAIM-V2-008975,RETRY_ALL,0,,,0,0
RECLAIM-V2-008976,TARGET,1,,,0,0
RECLAIM-V2-008977,RETRY_ALL,0,,,0,0
RECLAIM-V2-008978,RETRY_ALL,0,,,0,0
RECLAIM-V2-008979,RETRY_ALL,0,,,0,0
RECLAIM-V2-008980,RETRY_ALL,0,,,0,0
RECLAIM-V2-008981,RETRY_ALL,0,,,0,0
RECLAIM-V2-008982,RETRY_ALL,0,,,0,0
RECLAIM-V2-008983,RETRY_ALL,0,,,0,0
RECLAIM-V2-008984,RETRY_ALL,0,,,0,0
RECLAIM-V2-008985,RETRY_ALL,0,,,0,0
RECLAIM-V2-008986,RETRY_ALL,0,,,0,0
RECLAIM-V2-008987,RETRY_ALL,0,,,0,0
RECLAIM-V2-008988,RETRY_ALL,0,,,0,0
RECLAIM-V2-008989,RETRY_ALL,0,,,0,0
RECLAIM-V2-008990,RETRY_ALL,0,,,0,0
RECLAIM-V2-008991,RETRY_ALL,0,,,0,0
RECLAIM-V2-008992,RETRY_ALL,0,,,0,0
RECLAIM-V2-008993,RETRY_ALL,0,,,0,0
RECLAIM-V2-008994,RETRY_ALL,0,,,0,0
RECLAIM-V2-008995,RETRY_ALL,0,,,0,0
RECLAIM-V2-008996,RETRY_ALL,0,,,0,0
RECLAIM-V2-008997,RETRY_ALL,0,,,0,0
RECLAIM-V2-008998,RETRY_ALL,0,,,0,0
RECLAIM-V2-008999,RETRY_ALL,0,,,0,0
RECLAIM-V2-009000,RETRY_ALL,0,,,0,0
RECLAIM-V2-009001,RETRY_ALL,0,,,0,0
RECLAIM-V2-009002,RETRY_ALL,0,,,0,0
RECLAIM-V2-009003,RETRY_ALL,0,,,0,0
RECLAIM-V2-009004,TARGET,1,,,0,0
RECLAIM-V2-009005,RETRY_ALL,0,,,0,0
RECLAIM-V2-009006,RETRY_ALL,0,,,0,0
RECLAIM-V2-009007,RETRY_ALL,0,,,0,0
RECLAIM-V2-009008,RETRY_ALL,0,,,0,0
RECLAIM-V2-009009,RETRY_ALL,0,,,0,0
RECLAIM-V2-009010,RETRY_ALL,0,,,0,0
RECLAIM-V2-009011,RETRY_ALL,0,,,0,0
RECLAIM-V2-009012,RETRY_ALL,0,,,0,0
RECLAIM-V2-009013,RETRY_ALL,0,,,0,0
RECLAIM-V2-009014,RETRY_ALL,0,,,0,0
RECLAIM-V2-009015,RETRY_ALL,0,,,0,0
RECLAIM-V2-009016,RETRY_ALL,0,,,0,0
RECLAIM-V2-009017,RETRY_ALL,0,,,0,0
RECLAIM-V2-009018,RETRY_ALL,0,,,0,0
RECLAIM-V2-009019,RETRY_ALL,0,,,0,0
RECLAIM-V2-009020,RETRY_ALL,0,,,0,0
RECLAIM-V2-009021,RETRY_ALL,0,,,0,0
RECLAIM-V2-009022,RETRY_ALL,0,,,0,0
RECLAIM-V2-009023,RETRY_ALL,0,,,0,0
RECLAIM-V2-009024,RETRY_ALL,0,,,0,0
RECLAIM-V2-009025,RETRY_ALL,0,,,0,0
RECLAIM-V2-009026,RETRY_ALL,0,,,0,0
RECLAIM-V2-009027,RETRY_ALL,0,,,0,0
RECLAIM-V2-009028,RETRY_ALL,0,,,0,0
RECLAIM-V2-009029,RETRY_ALL,0,,,0,0
RECLAIM-V2-009030,RETRY_ALL,0,,,0,0
RECLAIM-V2-009031,RETRY_ALL,0,,,0,0
RECLAIM-V2-009032,RETRY_ALL,0,,,0,0
RECLAIM-V2-009033,RETRY_ALL,0,,,0,0
RECLAIM-V2-009034,RETRY_ALL,0,,,0,0
RECLAIM-V2-009035,RETRY_ALL,0,,,0,0
RECLAIM-V2-009036,RETRY_ALL,0,,,0,0
RECLAIM-V2-009037,RETRY_ALL,0,,,0,0
RECLAIM-V2-009038,RETRY_ALL,0,,,0,0
RECLAIM-V2-009039,RETRY_ALL,0,,,0,0
RECLAIM-V2-009040,RETRY_ALL,0,,,0,0
RECLAIM-V2-009041,RETRY_ALL,0,,,0,0
RECLAIM-V2-009042,RETRY_ALL,0,,,0,0
RECLAIM-V2-009043,RETRY_ALL,0,,,0,0
RECLAIM-V2-009044,RETRY_ALL,0,,,0,0
RECLAIM-V2-009045,RETRY_ALL,0,,,0,0
RECLAIM-V2-009046,RETRY_ALL,0,,,0,0
RECLAIM-V2-009047,RETRY_ALL,0,,,0,0
RECLAIM-V2-009048,RETRY_ALL,0,,,0,0
RECLAIM-V2-009049,RETRY_ALL,0,,,0,0
RECLAIM-V2-009050,RETRY_ALL,0,,,0,0
RECLAIM-V2-009051,RETRY_ALL,0,,,0,0
RECLAIM-V2-009052,RETRY_ALL,0,,,0,0
RECLAIM-V2-009053,RETRY_ALL,0,,,0,0
RECLAIM-V2-009054,RETRY_ALL,0,,,0,0
RECLAIM-V2-009055,RETRY_ALL,0,,,0,0
RECLAIM-V2-009056,RETRY_ALL,0,,,0,0
RECLAIM-V2-009057,RETRY_ALL,0,,,0,0
RECLAIM-V2-009058,RETRY_ALL,0,,,0,0
RECLAIM-V2-009059,TARGET,1,,,0,0
RECLAIM-V2-009060,RETRY_ALL,0,,,0,0
RECLAIM-V2-009061,RETRY_ALL,0,,,0,0
RECLAIM-V2-009062,RETRY_ALL,0,,,0,0
RECLAIM-V2-009063,RETRY_ALL,0,,,0,0
RECLAIM-V2-009064,RETRY_ALL,0,,,0,0
RECLAIM-V2-009065,RETRY_ALL,0,,,0,0
RECLAIM-V2-009066,RETRY_ALL,0,,,0,0
RECLAIM-V2-009067,RETRY_ALL,0,,,0,0
RECLAIM-V2-009068,RETRY_ALL,0,,,0,0
RECLAIM-V2-009069,RETRY_ALL,0,,,0,0
RECLAIM-V2-009070,RETRY_ALL,0,,,0,0
RECLAIM-V2-009071,RETRY_ALL,0,,,0,0
RECLAIM-V2-009072,RETRY_ALL,0,,,0,0
RECLAIM-V2-009073,RETRY_ALL,0,,,0,0
RECLAIM-V2-009074,RETRY_ALL,0,,,0,0
RECLAIM-V2-009075,RETRY_ALL,0,,,0,0
RECLAIM-V2-009076,RETRY_ALL,0,,,0,0
RECLAIM-V2-009077,RETRY_ALL,0,,,0,0
RECLAIM-V2-009078,RETRY_ALL,0,,,0,0
RECLAIM-V2-009079,RETRY_ALL,0,,,0,0
RECLAIM-V2-009080,RETRY_ALL,0,,,0,0
RECLAIM-V2-009081,RETRY_ALL,0,,,0,0
RECLAIM-V2-009082,RETRY_ALL,0,,,0,0
RECLAIM-V2-009083,RETRY_ALL,0,,,0,0
RECLAIM-V2-009084,RETRY_ALL,0,,,0,0
RECLAIM-V2-009085,RETRY_ALL,0,,,0,0
RECLAIM-V2-009086,RETRY_ALL,0,,,0,0
RECLAIM-V2-009087,RETRY_ALL,0,,,0,0
RECLAIM-V2-009088,RETRY_ALL,0,,,0,0
RECLAIM-V2-009089,RETRY_ALL,0,,,0,0
RECLAIM-V2-009090,RETRY_ALL,0,,,0,0
RECLAIM-V2-009091,RETRY_ALL,0,,,0,0
RECLAIM-V2-009092,RETRY_ALL,0,,,0,0
RECLAIM-V2-009093,TARGET,1,,,0,0
RECLAIM-V2-009094,RETRY_ALL,0,,,0,0
RECLAIM-V2-009095,TARGET,1,,,0,0
RECLAIM-V2-009096,RETRY_ALL,0,,,0,0
RECLAIM-V2-009097,RETRY_ALL,0,,,0,0
RECLAIM-V2-009098,RETRY_ALL,0,,,0,0
RECLAIM-V2-009099,RETRY_ALL,0,,,0,0
RECLAIM-V2-009100,RETRY_ALL,0,,,0,0
RECLAIM-V2-009101,RETRY_ALL,0,,,0,0
RECLAIM-V2-009102,RETRY_ALL,0,,,0,0
RECLAIM-V2-009103,RETRY_ALL,0,,,0,0
RECLAIM-V2-009104,RETRY_ALL,0,,,0,0
RECLAIM-V2-009105,RETRY_ALL,0,,,0,0
RECLAIM-V2-009106,RETRY_ALL,0,,,0,0
RECLAIM-V2-009107,RETRY_ALL,0,,,0,0
RECLAIM-V2-009108,RETRY_ALL,0,,,0,0
RECLAIM-V2-009109,RETRY_ALL,0,,,0,0
RECLAIM-V2-009110,RETRY_ALL,0,,,0,0
RECLAIM-V2-009111,RETRY_ALL,0,,,0,0
RECLAIM-V2-009112,RETRY_ALL,0,,,0,0
RECLAIM-V2-009113,RETRY_ALL,0,,,0,0
RECLAIM-V2-009114,RETRY_ALL,0,,,0,0
RECLAIM-V2-009115,RETRY_ALL,0,,,0,0
RECLAIM-V2-009116,RETRY_ALL,0,,,0,0
RECLAIM-V2-009117,RETRY_ALL,0,,,0,0
RECLAIM-V2-009118,RETRY_ALL,0,,,0,0
RECLAIM-V2-009119,RETRY_ALL,0,,,0,0
RECLAIM-V2-009120,RETRY_ALL,0,,,0,0
RECLAIM-V2-009121,RETRY_ALL,0,,,0,0
RECLAIM-V2-009122,RETRY_ALL,0,,,0,0
RECLAIM-V2-009123,RETRY_ALL,0,,,0,0
RECLAIM-V2-009124,RETRY_ALL,0,,,0,0
RECLAIM-V2-009125,TARGET,1,,,0,0
RECLAIM-V2-009126,RETRY_ALL,0,,,0,0
RECLAIM-V2-009127,RETRY_ALL,0,,,0,0
RECLAIM-V2-009128,RETRY_ALL,0,,,0,0
RECLAIM-V2-009129,TARGET,1,,,0,0
RECLAIM-V2-009130,RETRY_ALL,0,,,0,0
RECLAIM-V2-009131,RETRY_ALL,0,,,0,0
RECLAIM-V2-009132,RETRY_ALL,0,,,0,0
RECLAIM-V2-009133,RETRY_ALL,0,,,0,0
RECLAIM-V2-009134,RETRY_ALL,0,,,0,0
RECLAIM-V2-009135,RETRY_ALL,0,,,0,0
RECLAIM-V2-009136,RETRY_ALL,0,,,0,0
RECLAIM-V2-009137,RETRY_ALL,0,,,0,0
RECLAIM-V2-009138,RETRY_ALL,0,,,0,0
RECLAIM-V2-009139,RETRY_ALL,0,,,0,0
RECLAIM-V2-009140,RETRY_ALL,0,,,0,0
RECLAIM-V2-009141,RETRY_ALL,0,,,0,0
RECLAIM-V2-009142,RETRY_ALL,0,,,0,0
RECLAIM-V2-009143,RETRY_ALL,0,,,0,0
RECLAIM-V2-009144,RETRY_ALL,0,,,0,0
RECLAIM-V2-009145,RETRY_ALL,0,,,0,0
RECLAIM-V2-009146,RETRY_ALL,0,,,0,0
RECLAIM-V2-009147,RETRY_ALL,0,,,0,0
RECLAIM-V2-009148,RETRY_ALL,0,,,0,0
RECLAIM-V2-009149,RETRY_ALL,0,,,0,0
RECLAIM-V2-009150,RETRY_ALL,0,,,0,0
RECLAIM-V2-009151,RETRY_ALL,0,,,0,0
RECLAIM-V2-009152,RETRY_ALL,0,,,0,0
RECLAIM-V2-009153,RETRY_ALL,0,,,0,0
RECLAIM-V2-009154,RETRY_ALL,0,,,0,0
RECLAIM-V2-009155,RETRY_ALL,0,,,0,0
RECLAIM-V2-009156,RETRY_ALL,0,,,0,0
RECLAIM-V2-009157,RETRY_ALL,0,,,0,0
RECLAIM-V2-009158,RETRY_ALL,0,,,0,0
RECLAIM-V2-009159,RETRY_ALL,0,,,0,0
RECLAIM-V2-009160,RETRY_ALL,0,,,0,0
RECLAIM-V2-009161,RETRY_ALL,0,,,0,0
RECLAIM-V2-009162,RETRY_ALL,0,,,0,0
RECLAIM-V2-009163,RETRY_ALL,0,,,0,0
RECLAIM-V2-009164,RETRY_ALL,0,,,0,0
RECLAIM-V2-009165,RETRY_ALL,0,,,0,0
RECLAIM-V2-009166,RETRY_ALL,0,,,0,0
RECLAIM-V2-009167,RETRY_ALL,0,,,0,0
RECLAIM-V2-009168,RETRY_ALL,0,,,0,0
RECLAIM-V2-009169,RETRY_ALL,0,,,0,0
RECLAIM-V2-009170,RETRY_ALL,0,,,0,0
RECLAIM-V2-009171,RETRY_ALL,0,,,0,0
RECLAIM-V2-009172,RETRY_ALL,0,,,0,0
RECLAIM-V2-009173,TARGET,1,,,0,0
RECLAIM-V2-009174,RETRY_ALL,0,,,0,0
RECLAIM-V2-009175,RETRY_ALL,0,,,0,0
RECLAIM-V2-009176,RETRY_ALL,0,,,0,0
RECLAIM-V2-009177,RETRY_ALL,0,,,0,0
RECLAIM-V2-009178,RETRY_ALL,0,,,0,0
RECLAIM-V2-009179,RETRY_ALL,0,,,0,0
RECLAIM-V2-009180,RETRY_ALL,0,,,0,0
RECLAIM-V2-009181,RETRY_ALL,0,,,0,0
RECLAIM-V2-009182,RETRY_ALL,0,,,0,0
RECLAIM-V2-009183,RETRY_ALL,0,,,0,0
RECLAIM-V2-009184,RETRY_ALL,0,,,0,0
RECLAIM-V2-009185,RETRY_ALL,0,,,0,0
RECLAIM-V2-009186,RETRY_ALL,0,,,0,0
RECLAIM-V2-009187,RETRY_ALL,0,,,0,0
RECLAIM-V2-009188,RETRY_ALL,0,,,0,0
RECLAIM-V2-009189,RETRY_ALL,0,,,0,0
RECLAIM-V2-009190,RETRY_ALL,0,,,0,0
RECLAIM-V2-009191,RETRY_ALL,0,,,0,0
RECLAIM-V2-009192,RETRY_ALL,0,,,0,0
RECLAIM-V2-009193,RETRY_ALL,0,,,0,0
RECLAIM-V2-009194,RETRY_ALL,0,,,0,0
RECLAIM-V2-009195,RETRY_ALL,0,,,0,0
RECLAIM-V2-009196,RETRY_ALL,0,,,0,0
RECLAIM-V2-009197,RETRY_ALL,0,,,0,0
RECLAIM-V2-009198,RETRY_ALL,0,,,0,0
RECLAIM-V2-009199,RETRY_ALL,0,,,0,0
RECLAIM-V2-009200,RETRY_ALL,0,,,0,0
RECLAIM-V2-009201,RETRY_ALL,0,,,0,0
RECLAIM-V2-009202,RETRY_ALL,0,,,0,0
RECLAIM-V2-009203,RETRY_ALL,0,,,0,0
RECLAIM-V2-009204,RETRY_ALL,0,,,0,0
RECLAIM-V2-009205,RETRY_ALL,0,,,0,0
RECLAIM-V2-009206,RETRY_ALL,0,,,0,0
RECLAIM-V2-009207,RETRY_ALL,0,,,0,0
RECLAIM-V2-009208,RETRY_ALL,0,,,0,0
RECLAIM-V2-009209,RETRY_ALL,0,,,0,0
RECLAIM-V2-009210,RETRY_ALL,0,,,0,0
RECLAIM-V2-009211,TARGET,1,,,0,0
RECLAIM-V2-009212,RETRY_ALL,0,,,0,0
RECLAIM-V2-009213,RETRY_ALL,0,,,0,0
RECLAIM-V2-009214,RETRY_ALL,0,,,0,0
RECLAIM-V2-009215,RETRY_ALL,0,,,0,0
RECLAIM-V2-009216,RETRY_ALL,0,,,0,0
RECLAIM-V2-009217,RETRY_ALL,0,,,0,0
RECLAIM-V2-009218,RETRY_ALL,0,,,0,0
RECLAIM-V2-009219,RETRY_ALL,0,,,0,0
RECLAIM-V2-009220,RETRY_ALL,0,,,0,0
RECLAIM-V2-009221,RETRY_ALL,0,,,0,0
RECLAIM-V2-009222,RETRY_ALL,0,,,0,0
RECLAIM-V2-009223,RETRY_ALL,0,,,0,0
RECLAIM-V2-009224,RETRY_ALL,0,,,0,0
RECLAIM-V2-009225,RETRY_ALL,0,,,0,0
RECLAIM-V2-009226,RETRY_ALL,0,,,0,0
RECLAIM-V2-009227,RETRY_ALL,0,,,0,0
RECLAIM-V2-009228,RETRY_ALL,0,,,0,0
RECLAIM-V2-009229,RETRY_ALL,0,,,0,0
RECLAIM-V2-009230,RETRY_ALL,0,,,0,0
RECLAIM-V2-009231,RETRY_ALL,0,,,0,0
RECLAIM-V2-009232,RETRY_ALL,0,,,0,0
RECLAIM-V2-009233,RETRY_ALL,0,,,0,0
RECLAIM-V2-009234,RETRY_ALL,0,,,0,0
RECLAIM-V2-009235,RETRY_ALL,0,,,0,0
RECLAIM-V2-009236,RETRY_ALL,0,,,0,0
RECLAIM-V2-009237,RETRY_ALL,0,,,0,0
RECLAIM-V2-009238,RETRY_ALL,0,,,0,0
RECLAIM-V2-009239,RETRY_ALL,0,,,0,0
RECLAIM-V2-009240,TARGET,1,,,0,0
RECLAIM-V2-009241,RETRY_ALL,0,,,0,0
RECLAIM-V2-009242,RETRY_ALL,0,,,0,0
RECLAIM-V2-009243,RETRY_ALL,0,,,0,0
RECLAIM-V2-009244,RETRY_ALL,0,,,0,0
RECLAIM-V2-009245,RETRY_ALL,0,,,0,0
RECLAIM-V2-009246,RETRY_ALL,0,,,0,0
RECLAIM-V2-009247,RETRY_ALL,0,,,0,0
RECLAIM-V2-009248,RETRY_ALL,0,,,0,0
RECLAIM-V2-009249,RETRY_ALL,0,,,0,0
RECLAIM-V2-009250,RETRY_ALL,0,,,0,0
RECLAIM-V2-009251,RETRY_ALL,0,,,0,0
RECLAIM-V2-009252,RETRY_ALL,0,,,0,0
RECLAIM-V2-009253,RETRY_ALL,0,,,0,0
RECLAIM-V2-009254,RETRY_ALL,0,,,0,0
RECLAIM-V2-009255,TARGET,1,,,0,0
RECLAIM-V2-009256,RETRY_ALL,0,,,0,0
RECLAIM-V2-009257,TARGET,1,,,0,0
RECLAIM-V2-009258,RETRY_ALL,0,,,0,0
RECLAIM-V2-009259,RETRY_ALL,0,,,0,0
RECLAIM-V2-009260,RETRY_ALL,0,,,0,0
RECLAIM-V2-009261,RETRY_ALL,0,,,0,0
RECLAIM-V2-009262,RETRY_ALL,0,,,0,0
RECLAIM-V2-009263,RETRY_ALL,0,,,0,0
RECLAIM-V2-009264,RETRY_ALL,0,,,0,0
RECLAIM-V2-009265,RETRY_ALL,0,,,0,0
RECLAIM-V2-009266,RETRY_ALL,0,,,0,0
RECLAIM-V2-009267,RETRY_ALL,0,,,0,0
RECLAIM-V2-009268,RETRY_ALL,0,,,0,0
RECLAIM-V2-009269,RETRY_ALL,0,,,0,0
RECLAIM-V2-009270,RETRY_ALL,0,,,0,0
RECLAIM-V2-009271,RETRY_ALL,0,,,0,0
RECLAIM-V2-009272,RETRY_ALL,0,,,0,0
RECLAIM-V2-009273,RETRY_ALL,0,,,0,0
RECLAIM-V2-009274,RETRY_ALL,0,,,0,0
RECLAIM-V2-009275,RETRY_ALL,0,,,0,0
RECLAIM-V2-009276,RETRY_ALL,0,,,0,0
RECLAIM-V2-009277,RETRY_ALL,0,,,0,0
RECLAIM-V2-009278,RETRY_ALL,0,,,0,0
RECLAIM-V2-009279,RETRY_ALL,0,,,0,0
RECLAIM-V2-009280,RETRY_ALL,0,,,0,0
RECLAIM-V2-009281,RETRY_ALL,0,,,0,0
RECLAIM-V2-009282,RETRY_ALL,0,,,0,0
RECLAIM-V2-009283,RETRY_ALL,0,,,0,0
RECLAIM-V2-009284,RETRY_ALL,0,,,0,0
RECLAIM-V2-009285,TARGET,1,,,0,0
RECLAIM-V2-009286,RETRY_ALL,0,,,0,0
RECLAIM-V2-009287,RETRY_ALL,0,,,0,0
RECLAIM-V2-009288,RETRY_ALL,0,,,0,0
RECLAIM-V2-009289,RETRY_ALL,0,,,0,0
RECLAIM-V2-009290,RETRY_ALL,0,,,0,0
RECLAIM-V2-009291,RETRY_ALL,0,,,0,0
RECLAIM-V2-009292,RETRY_ALL,0,,,0,0
RECLAIM-V2-009293,TARGET,1,,,0,0
RECLAIM-V2-009294,RETRY_ALL,0,,,0,0
RECLAIM-V2-009295,RETRY_ALL,0,,,0,0
RECLAIM-V2-009296,RETRY_ALL,0,,,0,0
RECLAIM-V2-009297,RETRY_ALL,0,,,0,0
RECLAIM-V2-009298,RETRY_ALL,0,,,0,0
RECLAIM-V2-009299,TARGET,1,,,0,0
RECLAIM-V2-009300,RETRY_ALL,0,,,0,0
RECLAIM-V2-009301,RETRY_ALL,0,,,0,0
RECLAIM-V2-009302,RETRY_ALL,0,,,0,0
RECLAIM-V2-009303,RETRY_ALL,0,,,0,0
RECLAIM-V2-009304,RETRY_ALL,0,,,0,0
RECLAIM-V2-009305,TARGET,1,,,0,0
RECLAIM-V2-009306,RETRY_ALL,0,,,0,0
RECLAIM-V2-009307,RETRY_ALL,0,,,0,0
RECLAIM-V2-009308,TARGET,1,,,0,0
RECLAIM-V2-009309,RETRY_ALL,0,,,0,0
RECLAIM-V2-009310,RETRY_ALL,0,,,0,0
RECLAIM-V2-009311,RETRY_ALL,0,,,0,0
RECLAIM-V2-009312,RETRY_ALL,0,,,0,0
RECLAIM-V2-009313,RETRY_ALL,0,,,0,0
RECLAIM-V2-009314,RETRY_ALL,0,,,0,0
RECLAIM-V2-009315,RETRY_ALL,0,,,0,0
RECLAIM-V2-009316,RETRY_ALL,0,,,0,0
RECLAIM-V2-009317,RETRY_ALL,0,,,0,0
RECLAIM-V2-009318,TARGET,1,,,0,0
RECLAIM-V2-009319,RETRY_ALL,0,,,0,0
RECLAIM-V2-009320,RETRY_ALL,0,,,0,0
RECLAIM-V2-009321,RETRY_ALL,0,,,0,0
RECLAIM-V2-009322,RETRY_ALL,0,,,0,0
RECLAIM-V2-009323,RETRY_ALL,0,,,0,0
RECLAIM-V2-009324,RETRY_ALL,0,,,0,0
RECLAIM-V2-009325,RETRY_ALL,0,,,0,0
RECLAIM-V2-009326,RETRY_ALL,0,,,0,0
RECLAIM-V2-009327,RETRY_ALL,0,,,0,0
RECLAIM-V2-009328,RETRY_ALL,0,,,0,0
RECLAIM-V2-009329,RETRY_ALL,0,,,0,0
RECLAIM-V2-009330,RETRY_ALL,0,,,0,0
RECLAIM-V2-009331,RETRY_ALL,0,,,0,0
RECLAIM-V2-009332,RETRY_ALL,0,,,0,0
RECLAIM-V2-009333,RETRY_ALL,0,,,0,0
RECLAIM-V2-009334,RETRY_ALL,0,,,0,0
RECLAIM-V2-009335,RETRY_ALL,0,,,0,0
RECLAIM-V2-009336,RETRY_ALL,0,,,0,0
RECLAIM-V2-009337,RETRY_ALL,0,,,0,0
RECLAIM-V2-009338,RETRY_ALL,0,,,0,0
RECLAIM-V2-009339,RETRY_ALL,0,,,0,0
RECLAIM-V2-009340,RETRY_ALL,0,,,0,0
RECLAIM-V2-009341,RETRY_ALL,0,,,0,0
RECLAIM-V2-009342,RETRY_ALL,0,,,0,0
RECLAIM-V2-009343,RETRY_ALL,0,,,0,0
RECLAIM-V2-009344,RETRY_ALL,0,,,0,0
RECLAIM-V2-009345,RETRY_ALL,0,,,0,0
RECLAIM-V2-009346,RETRY_ALL,0,,,0,0
RECLAIM-V2-009347,RETRY_ALL,0,,,0,0
RECLAIM-V2-009348,RETRY_ALL,0,,,0,0
RECLAIM-V2-009349,RETRY_ALL,0,,,0,0
RECLAIM-V2-009350,RETRY_ALL,0,,,0,0
RECLAIM-V2-009351,RETRY_ALL,0,,,0,0
RECLAIM-V2-009352,RETRY_ALL,0,,,0,0
RECLAIM-V2-009353,RETRY_ALL,0,,,0,0
RECLAIM-V2-009354,RETRY_ALL,0,,,0,0
RECLAIM-V2-009355,RETRY_ALL,0,,,0,0
RECLAIM-V2-009356,RETRY_ALL,0,,,0,0
RECLAIM-V2-009357,RETRY_ALL,0,,,0,0
RECLAIM-V2-009358,TARGET,1,,,0,0
RECLAIM-V2-009359,RETRY_ALL,0,,,0,0
RECLAIM-V2-009360,RETRY_ALL,0,,,0,0
RECLAIM-V2-009361,TARGET,1,,,0,0
RECLAIM-V2-009362,RETRY_ALL,0,,,0,0
RECLAIM-V2-009363,RETRY_ALL,0,,,0,0
RECLAIM-V2-009364,RETRY_ALL,0,,,0,0
RECLAIM-V2-009365,RETRY_ALL,0,,,0,0
RECLAIM-V2-009366,RETRY_ALL,0,,,0,0
RECLAIM-V2-009367,RETRY_ALL,0,,,0,0
RECLAIM-V2-009368,RETRY_ALL,0,,,0,0
RECLAIM-V2-009369,RETRY_ALL,0,,,0,0
RECLAIM-V2-009370,RETRY_ALL,0,,,0,0
RECLAIM-V2-009371,RETRY_ALL,0,,,0,0
RECLAIM-V2-009372,TARGET,1,,,0,0
RECLAIM-V2-009373,RETRY_ALL,0,,,0,0
RECLAIM-V2-009374,RETRY_ALL,0,,,0,0
RECLAIM-V2-009375,RETRY_ALL,0,,,0,0
RECLAIM-V2-009376,RETRY_ALL,0,,,0,0
RECLAIM-V2-009377,RETRY_ALL,0,,,0,0
RECLAIM-V2-009378,RETRY_ALL,0,,,0,0
RECLAIM-V2-009379,RETRY_ALL,0,,,0,0
RECLAIM-V2-009380,RETRY_ALL,0,,,0,0
RECLAIM-V2-009381,RETRY_ALL,0,,,0,0
RECLAIM-V2-009382,RETRY_ALL,0,,,0,0
RECLAIM-V2-009383,RETRY_ALL,0,,,0,0
RECLAIM-V2-009384,RETRY_ALL,0,,,0,0
RECLAIM-V2-009385,RETRY_ALL,0,,,0,0
RECLAIM-V2-009386,RETRY_ALL,0,,,0,0
RECLAIM-V2-009387,RETRY_ALL,0,,,0,0
RECLAIM-V2-009388,RETRY_ALL,0,,,0,0
RECLAIM-V2-009389,RETRY_ALL,0,,,0,0
RECLAIM-V2-009390,RETRY_ALL,0,,,0,0
RECLAIM-V2-009391,RETRY_ALL,0,,,0,0
RECLAIM-V2-009392,RETRY_ALL,0,,,0,0
RECLAIM-V2-009393,RETRY_ALL,0,,,0,0
RECLAIM-V2-009394,RETRY_ALL,0,,,0,0
RECLAIM-V2-009395,RETRY_ALL,0,,,0,0
RECLAIM-V2-009396,RETRY_ALL,0,,,0,0
RECLAIM-V2-009397,RETRY_ALL,0,,,0,0
RECLAIM-V2-009398,RETRY_ALL,0,,,0,0
RECLAIM-V2-009399,RETRY_ALL,0,,,0,0
RECLAIM-V2-009400,RETRY_ALL,0,,,0,0
RECLAIM-V2-009401,RETRY_ALL,0,,,0,0
RECLAIM-V2-009402,RETRY_ALL,0,,,0,0
RECLAIM-V2-009403,RETRY_ALL,0,,,0,0
RECLAIM-V2-009404,RETRY_ALL,0,,,0,0
RECLAIM-V2-009405,RETRY_ALL,0,,,0,0
RECLAIM-V2-009406,RETRY_ALL,0,,,0,0
RECLAIM-V2-009407,RETRY_ALL,0,,,0,0
RECLAIM-V2-009408,RETRY_ALL,0,,,0,0
RECLAIM-V2-009409,RETRY_ALL,0,,,0,0
RECLAIM-V2-009410,RETRY_ALL,0,,,0,0
RECLAIM-V2-009411,TARGET,1,,,0,0
RECLAIM-V2-009412,RETRY_ALL,0,,,0,0
RECLAIM-V2-009413,RETRY_ALL,0,,,0,0
RECLAIM-V2-009414,RETRY_ALL,0,,,0,0
RECLAIM-V2-009415,RETRY_ALL,0,,,0,0
RECLAIM-V2-009416,RETRY_ALL,0,,,0,0
RECLAIM-V2-009417,TARGET,1,,,0,0
RECLAIM-V2-009418,RETRY_ALL,0,,,0,0
RECLAIM-V2-009419,RETRY_ALL,0,,,0,0
RECLAIM-V2-009420,RETRY_ALL,0,,,0,0
RECLAIM-V2-009421,RETRY_ALL,0,,,0,0
RECLAIM-V2-009422,RETRY_ALL,0,,,0,0
RECLAIM-V2-009423,RETRY_ALL,0,,,0,0
RECLAIM-V2-009424,RETRY_ALL,0,,,0,0
RECLAIM-V2-009425,RETRY_ALL,0,,,0,0
RECLAIM-V2-009426,RETRY_ALL,0,,,0,0
RECLAIM-V2-009427,RETRY_ALL,0,,,0,0
RECLAIM-V2-009428,RETRY_ALL,0,,,0,0
RECLAIM-V2-009429,RETRY_ALL,0,,,0,0
RECLAIM-V2-009430,RETRY_ALL,0,,,0,0
RECLAIM-V2-009431,RETRY_ALL,0,,,0,0
RECLAIM-V2-009432,RETRY_ALL,0,,,0,0
RECLAIM-V2-009433,RETRY_ALL,0,,,0,0
RECLAIM-V2-009434,TARGET,1,,,0,0
RECLAIM-V2-009435,RETRY_ALL,0,,,0,0
RECLAIM-V2-009436,RETRY_ALL,0,,,0,0
RECLAIM-V2-009437,RETRY_ALL,0,,,0,0
RECLAIM-V2-009438,RETRY_ALL,0,,,0,0
RECLAIM-V2-009439,RETRY_ALL,0,,,0,0
RECLAIM-V2-009440,RETRY_ALL,0,,,0,0
RECLAIM-V2-009441,RETRY_ALL,0,,,0,0
RECLAIM-V2-009442,RETRY_ALL,0,,,0,0
RECLAIM-V2-009443,RETRY_ALL,0,,,0,0
RECLAIM-V2-009444,RETRY_ALL,0,,,0,0
RECLAIM-V2-009445,RETRY_ALL,0,,,0,0
RECLAIM-V2-009446,RETRY_ALL,0,,,0,0
RECLAIM-V2-009447,RETRY_ALL,0,,,0,0
RECLAIM-V2-009448,RETRY_ALL,0,,,0,0
RECLAIM-V2-009449,RETRY_ALL,0,,,0,0
RECLAIM-V2-009450,RETRY_ALL,0,,,0,0
RECLAIM-V2-009451,RETRY_ALL,0,,,0,0
RECLAIM-V2-009452,RETRY_ALL,0,,,0,0
RECLAIM-V2-009453,RETRY_ALL,0,,,0,0
RECLAIM-V2-009454,RETRY_ALL,0,,,0,0
RECLAIM-V2-009455,RETRY_ALL,0,,,0,0
RECLAIM-V2-009456,RETRY_ALL,0,,,0,0
RECLAIM-V2-009457,RETRY_ALL,0,,,0,0
RECLAIM-V2-009458,RETRY_ALL,0,,,0,0
RECLAIM-V2-009459,RETRY_ALL,0,,,0,0
RECLAIM-V2-009460,RETRY_ALL,0,,,0,0
RECLAIM-V2-009461,RETRY_ALL,0,,,0,0
RECLAIM-V2-009462,RETRY_ALL,0,,,0,0
RECLAIM-V2-009463,RETRY_ALL,0,,,0,0
RECLAIM-V2-009464,TARGET,1,,,0,0
RECLAIM-V2-009465,RETRY_ALL,0,,,0,0
RECLAIM-V2-009466,RETRY_ALL,0,,,0,0
RECLAIM-V2-009467,RETRY_ALL,0,,,0,0
RECLAIM-V2-009468,RETRY_ALL,0,,,0,0
RECLAIM-V2-009469,RETRY_ALL,0,,,0,0
RECLAIM-V2-009470,RETRY_ALL,0,,,0,0
RECLAIM-V2-009471,RETRY_ALL,0,,,0,0
RECLAIM-V2-009472,RETRY_ALL,0,,,0,0
RECLAIM-V2-009473,RETRY_ALL,0,,,0,0
RECLAIM-V2-009474,RETRY_ALL,0,,,0,0
RECLAIM-V2-009475,RETRY_ALL,0,,,0,0
RECLAIM-V2-009476,TARGET,1,,,0,0
RECLAIM-V2-009477,TARGET,1,,,0,0
RECLAIM-V2-009478,RETRY_ALL,0,,,0,0
RECLAIM-V2-009479,RETRY_ALL,0,,,0,0
RECLAIM-V2-009480,RETRY_ALL,0,,,0,0
RECLAIM-V2-009481,RETRY_ALL,0,,,0,0
RECLAIM-V2-009482,RETRY_ALL,0,,,0,0
RECLAIM-V2-009483,RETRY_ALL,0,,,0,0
RECLAIM-V2-009484,TARGET,1,,,0,0
RECLAIM-V2-009485,RETRY_ALL,0,,,0,0
RECLAIM-V2-009486,RETRY_ALL,0,,,0,0
RECLAIM-V2-009487,RETRY_ALL,0,,,0,0
RECLAIM-V2-009488,RETRY_ALL,0,,,0,0
RECLAIM-V2-009489,RETRY_ALL,0,,,0,0
RECLAIM-V2-009490,RETRY_ALL,0,,,0,0
RECLAIM-V2-009491,RETRY_ALL,0,,,0,0
RECLAIM-V2-009492,RETRY_ALL,0,,,0,0
RECLAIM-V2-009493,RETRY_ALL,0,,,0,0
RECLAIM-V2-009494,RETRY_ALL,0,,,0,0
RECLAIM-V2-009495,RETRY_ALL,0,,,0,0
RECLAIM-V2-009496,RETRY_ALL,0,,,0,0
RECLAIM-V2-009497,RETRY_ALL,0,,,0,0
RECLAIM-V2-009498,RETRY_ALL,0,,,0,0
RECLAIM-V2-009499,RETRY_ALL,0,,,0,0
RECLAIM-V2-009500,RETRY_ALL,0,,,0,0
RECLAIM-V2-009501,RETRY_ALL,0,,,0,0
RECLAIM-V2-009502,RETRY_ALL,0,,,0,0
RECLAIM-V2-009503,RETRY_ALL,0,,,0,0
RECLAIM-V2-009504,RETRY_ALL,0,,,0,0
RECLAIM-V2-009505,RETRY_ALL,0,,,0,0
RECLAIM-V2-009506,RETRY_ALL,0,,,0,0
RECLAIM-V2-009507,RETRY_ALL,0,,,0,0
RECLAIM-V2-009508,RETRY_ALL,0,,,0,0
RECLAIM-V2-009509,RETRY_ALL,0,,,0,0
RECLAIM-V2-009510,RETRY_ALL,0,,,0,0
RECLAIM-V2-009511,TARGET,1,,,0,0
RECLAIM-V2-009512,RETRY_ALL,0,,,0,0
RECLAIM-V2-009513,RETRY_ALL,0,,,0,0
RECLAIM-V2-009514,RETRY_ALL,0,,,0,0
RECLAIM-V2-009515,RETRY_ALL,0,,,0,0
RECLAIM-V2-009516,RETRY_ALL,0,,,0,0
RECLAIM-V2-009517,RETRY_ALL,0,,,0,0
RECLAIM-V2-009518,RETRY_ALL,0,,,0,0
RECLAIM-V2-009519,RETRY_ALL,0,,,0,0
RECLAIM-V2-009520,RETRY_ALL,0,,,0,0
RECLAIM-V2-009521,RETRY_ALL,0,,,0,0
RECLAIM-V2-009522,RETRY_ALL,0,,,0,0
RECLAIM-V2-009523,RETRY_ALL,0,,,0,0
RECLAIM-V2-009524,RETRY_ALL,0,,,0,0
RECLAIM-V2-009525,RETRY_ALL,0,,,0,0
RECLAIM-V2-009526,RETRY_ALL,0,,,0,0
RECLAIM-V2-009527,RETRY_ALL,0,,,0,0
RECLAIM-V2-009528,RETRY_ALL,0,,,0,0
RECLAIM-V2-009529,RETRY_ALL,0,,,0,0
RECLAIM-V2-009530,RETRY_ALL,0,,,0,0
RECLAIM-V2-009531,RETRY_ALL,0,,,0,0
RECLAIM-V2-009532,RETRY_ALL,0,,,0,0
RECLAIM-V2-009533,RETRY_ALL,0,,,0,0
RECLAIM-V2-009534,RETRY_ALL,0,,,0,0
RECLAIM-V2-009535,RETRY_ALL,0,,,0,0
RECLAIM-V2-009536,RETRY_ALL,0,,,0,0
RECLAIM-V2-009537,RETRY_ALL,0,,,0,0
RECLAIM-V2-009538,RETRY_ALL,0,,,0,0
RECLAIM-V2-009539,RETRY_ALL,0,,,0,0
RECLAIM-V2-009540,RETRY_ALL,0,,,0,0
RECLAIM-V2-009541,RETRY_ALL,0,,,0,0
RECLAIM-V2-009542,RETRY_ALL,0,,,0,0
RECLAIM-V2-009543,RETRY_ALL,0,,,0,0
RECLAIM-V2-009544,RETRY_ALL,0,,,0,0
RECLAIM-V2-009545,RETRY_ALL,0,,,0,0
RECLAIM-V2-009546,RETRY_ALL,0,,,0,0
RECLAIM-V2-009547,RETRY_ALL,0,,,0,0
RECLAIM-V2-009548,RETRY_ALL,0,,,0,0
RECLAIM-V2-009549,RETRY_ALL,0,,,0,0
RECLAIM-V2-009550,TARGET,1,,,0,0
RECLAIM-V2-009551,RETRY_ALL,0,,,0,0
RECLAIM-V2-009552,RETRY_ALL,0,,,0,0
RECLAIM-V2-009553,RETRY_ALL,0,,,0,0
RECLAIM-V2-009554,RETRY_ALL,0,,,0,0
RECLAIM-V2-009555,RETRY_ALL,0,,,0,0
RECLAIM-V2-009556,RETRY_ALL,0,,,0,0
RECLAIM-V2-009557,TARGET,1,,,0,0
RECLAIM-V2-009558,RETRY_ALL,0,,,0,0
RECLAIM-V2-009559,RETRY_ALL,0,,,0,0
RECLAIM-V2-009560,RETRY_ALL,0,,,0,0
RECLAIM-V2-009561,RETRY_ALL,0,,,0,0
RECLAIM-V2-009562,RETRY_ALL,0,,,0,0
RECLAIM-V2-009563,RETRY_ALL,0,,,0,0
RECLAIM-V2-009564,RETRY_ALL,0,,,0,0
RECLAIM-V2-009565,TARGET,1,,,0,0
RECLAIM-V2-009566,RETRY_ALL,0,,,0,0
RECLAIM-V2-009567,RETRY_ALL,0,,,0,0
RECLAIM-V2-009568,RETRY_ALL,0,,,0,0
RECLAIM-V2-009569,RETRY_ALL,0,,,0,0
RECLAIM-V2-009570,RETRY_ALL,0,,,0,0
RECLAIM-V2-009571,RETRY_ALL,0,,,0,0
RECLAIM-V2-009572,RETRY_ALL,0,,,0,0
RECLAIM-V2-009573,RETRY_ALL,0,,,0,0
RECLAIM-V2-009574,TARGET,1,,,0,0
RECLAIM-V2-009575,RETRY_ALL,0,,,0,0
RECLAIM-V2-009576,RETRY_ALL,0,,,0,0
RECLAIM-V2-009577,RETRY_ALL,0,,,0,0
RECLAIM-V2-009578,TARGET,1,,,0,0
RECLAIM-V2-009579,RETRY_ALL,0,,,0,0
RECLAIM-V2-009580,RETRY_ALL,0,,,0,0
RECLAIM-V2-009581,RETRY_ALL,0,,,0,0
RECLAIM-V2-009582,RETRY_ALL,0,,,0,0
RECLAIM-V2-009583,RETRY_ALL,0,,,0,0
RECLAIM-V2-009584,RETRY_ALL,0,,,0,0
RECLAIM-V2-009585,RETRY_ALL,0,,,0,0
RECLAIM-V2-009586,RETRY_ALL,0,,,0,0
RECLAIM-V2-009587,RETRY_ALL,0,,,0,0
RECLAIM-V2-009588,RETRY_ALL,0,,,0,0
RECLAIM-V2-009589,TARGET,1,,,0,0
RECLAIM-V2-009590,RETRY_ALL,0,,,0,0
RECLAIM-V2-009591,RETRY_ALL,0,,,0,0
RECLAIM-V2-009592,RETRY_ALL,0,,,0,0
RECLAIM-V2-009593,RETRY_ALL,0,,,0,0
RECLAIM-V2-009594,TARGET,1,,,0,0
RECLAIM-V2-009595,RETRY_ALL,0,,,0,0
RECLAIM-V2-009596,RETRY_ALL,0,,,0,0
RECLAIM-V2-009597,RETRY_ALL,0,,,0,0
RECLAIM-V2-009598,RETRY_ALL,0,,,0,0
RECLAIM-V2-009599,RETRY_ALL,0,,,0,0
RECLAIM-V2-009600,RETRY_ALL,0,,,0,0
RECLAIM-V2-009601,RETRY_ALL,0,,,0,0
RECLAIM-V2-009602,RETRY_ALL,0,,,0,0
RECLAIM-V2-009603,RETRY_ALL,0,,,0,0
RECLAIM-V2-009604,RETRY_ALL,0,,,0,0
RECLAIM-V2-009605,RETRY_ALL,0,,,0,0
RECLAIM-V2-009606,RETRY_ALL,0,,,0,0
RECLAIM-V2-009607,RETRY_ALL,0,,,0,0
RECLAIM-V2-009608,RETRY_ALL,0,,,0,0
RECLAIM-V2-009609,RETRY_ALL,0,,,0,0
RECLAIM-V2-009610,RETRY_ALL,0,,,0,0
RECLAIM-V2-009611,RETRY_ALL,0,,,0,0
RECLAIM-V2-009612,RETRY_ALL,0,,,0,0
RECLAIM-V2-009613,RETRY_ALL,0,,,0,0
RECLAIM-V2-009614,RETRY_ALL,0,,,0,0
RECLAIM-V2-009615,RETRY_ALL,0,,,0,0
RECLAIM-V2-009616,RETRY_ALL,0,,,0,0
RECLAIM-V2-009617,RETRY_ALL,0,,,0,0
RECLAIM-V2-009618,RETRY_ALL,0,,,0,0
RECLAIM-V2-009619,RETRY_ALL,0,,,0,0
RECLAIM-V2-009620,RETRY_ALL,0,,,0,0
RECLAIM-V2-009621,RETRY_ALL,0,,,0,0
RECLAIM-V2-009622,RETRY_ALL,0,,,0,0
RECLAIM-V2-009623,RETRY_ALL,0,,,0,0
RECLAIM-V2-009624,RETRY_ALL,0,,,0,0
RECLAIM-V2-009625,RETRY_ALL,0,,,0,0
RECLAIM-V2-009626,RETRY_ALL,0,,,0,0
RECLAIM-V2-009627,RETRY_ALL,0,,,0,0
RECLAIM-V2-009628,RETRY_ALL,0,,,0,0
RECLAIM-V2-009629,RETRY_ALL,0,,,0,0
RECLAIM-V2-009630,RETRY_ALL,0,,,0,0
RECLAIM-V2-009631,RETRY_ALL,0,,,0,0
RECLAIM-V2-009632,RETRY_ALL,0,,,0,0
RECLAIM-V2-009633,RETRY_ALL,0,,,0,0
RECLAIM-V2-009634,TARGET,1,,,0,0
RECLAIM-V2-009635,RETRY_ALL,0,,,0,0
RECLAIM-V2-009636,RETRY_ALL,0,,,0,0
RECLAIM-V2-009637,TARGET,1,,,0,0
RECLAIM-V2-009638,RETRY_ALL,0,,,0,0
RECLAIM-V2-009639,RETRY_ALL,0,,,0,0
RECLAIM-V2-009640,RETRY_ALL,0,,,0,0
RECLAIM-V2-009641,RETRY_ALL,0,,,0,0
RECLAIM-V2-009642,RETRY_ALL,0,,,0,0
RECLAIM-V2-009643,RETRY_ALL,0,,,0,0
RECLAIM-V2-009644,RETRY_ALL,0,,,0,0
RECLAIM-V2-009645,RETRY_ALL,0,,,0,0
RECLAIM-V2-009646,RETRY_ALL,0,,,0,0
RECLAIM-V2-009647,TARGET,1,,,0,0
RECLAIM-V2-009648,RETRY_ALL,0,,,0,0
RECLAIM-V2-009649,RETRY_ALL,0,,,0,0
RECLAIM-V2-009650,RETRY_ALL,0,,,0,0
RECLAIM-V2-009651,RETRY_ALL,0,,,0,0
RECLAIM-V2-009652,RETRY_ALL,0,,,0,0
RECLAIM-V2-009653,RETRY_ALL,0,,,0,0
RECLAIM-V2-009654,TARGET,1,,,0,0
RECLAIM-V2-009655,RETRY_ALL,0,,,0,0
RECLAIM-V2-009656,RETRY_ALL,0,,,0,0
RECLAIM-V2-009657,RETRY_ALL,0,,,0,0
RECLAIM-V2-009658,RETRY_ALL,0,,,0,0
RECLAIM-V2-009659,RETRY_ALL,0,,,0,0
RECLAIM-V2-009660,RETRY_ALL,0,,,0,0
RECLAIM-V2-009661,RETRY_ALL,0,,,0,0
RECLAIM-V2-009662,RETRY_ALL,0,,,0,0
RECLAIM-V2-009663,RETRY_ALL,0,,,0,0
RECLAIM-V2-009664,RETRY_ALL,0,,,0,0
RECLAIM-V2-009665,RETRY_ALL,0,,,0,0
RECLAIM-V2-009666,RETRY_ALL,0,,,0,0
RECLAIM-V2-009667,RETRY_ALL,0,,,0,0
RECLAIM-V2-009668,RETRY_ALL,0,,,0,0
RECLAIM-V2-009669,RETRY_ALL,0,,,0,0
RECLAIM-V2-009670,RETRY_ALL,0,,,0,0
RECLAIM-V2-009671,RETRY_ALL,0,,,0,0
RECLAIM-V2-009672,RETRY_ALL,0,,,0,0
RECLAIM-V2-009673,RETRY_ALL,0,,,0,0
RECLAIM-V2-009674,RETRY_ALL,0,,,0,0
RECLAIM-V2-009675,RETRY_ALL,0,,,0,0
RECLAIM-V2-009676,RETRY_ALL,0,,,0,0
RECLAIM-V2-009677,TARGET,1,,,0,0
RECLAIM-V2-009678,RETRY_ALL,0,,,0,0
RECLAIM-V2-009679,RETRY_ALL,0,,,0,0
RECLAIM-V2-009680,RETRY_ALL,0,,,0,0
RECLAIM-V2-009681,RETRY_ALL,0,,,0,0
RECLAIM-V2-009682,RETRY_ALL,0,,,0,0
RECLAIM-V2-009683,RETRY_ALL,0,,,0,0
RECLAIM-V2-009684,RETRY_ALL,0,,,0,0
RECLAIM-V2-009685,RETRY_ALL,0,,,0,0
RECLAIM-V2-009686,TARGET,1,,,0,0
RECLAIM-V2-009687,RETRY_ALL,0,,,0,0
RECLAIM-V2-009688,RETRY_ALL,0,,,0,0
RECLAIM-V2-009689,RETRY_ALL,0,,,0,0
RECLAIM-V2-009690,RETRY_ALL,0,,,0,0
RECLAIM-V2-009691,RETRY_ALL,0,,,0,0
RECLAIM-V2-009692,RETRY_ALL,0,,,0,0
RECLAIM-V2-009693,TARGET,1,,,0,0
RECLAIM-V2-009694,RETRY_ALL,0,,,0,0
RECLAIM-V2-009695,RETRY_ALL,0,,,0,0
RECLAIM-V2-009696,RETRY_ALL,0,,,0,0
RECLAIM-V2-009697,RETRY_ALL,0,,,0,0
RECLAIM-V2-009698,RETRY_ALL,0,,,0,0
RECLAIM-V2-009699,RETRY_ALL,0,,,0,0
RECLAIM-V2-009700,RETRY_ALL,0,,,0,0
RECLAIM-V2-009701,RETRY_ALL,0,,,0,0
RECLAIM-V2-009702,RETRY_ALL,0,,,0,0
RECLAIM-V2-009703,RETRY_ALL,0,,,0,0
RECLAIM-V2-009704,RETRY_ALL,0,,,0,0
RECLAIM-V2-009705,RETRY_ALL,0,,,0,0
RECLAIM-V2-009706,RETRY_ALL,0,,,0,0
RECLAIM-V2-009707,RETRY_ALL,0,,,0,0
RECLAIM-V2-009708,RETRY_ALL,0,,,0,0
RECLAIM-V2-009709,RETRY_ALL,0,,,0,0
RECLAIM-V2-009710,RETRY_ALL,0,,,0,0
RECLAIM-V2-009711,RETRY_ALL,0,,,0,0
RECLAIM-V2-009712,RETRY_ALL,0,,,0,0
RECLAIM-V2-009713,RETRY_ALL,0,,,0,0
RECLAIM-V2-009714,RETRY_ALL,0,,,0,0
RECLAIM-V2-009715,TARGET,1,,,0,0
RECLAIM-V2-009716,RETRY_ALL,0,,,0,0
RECLAIM-V2-009717,RETRY_ALL,0,,,0,0
RECLAIM-V2-009718,RETRY_ALL,0,,,0,0
RECLAIM-V2-009719,RETRY_ALL,0,,,0,0
RECLAIM-V2-009720,RETRY_ALL,0,,,0,0
RECLAIM-V2-009721,RETRY_ALL,0,,,0,0
RECLAIM-V2-009722,RETRY_ALL,0,,,0,0
RECLAIM-V2-009723,RETRY_ALL,0,,,0,0
RECLAIM-V2-009724,RETRY_ALL,0,,,0,0
RECLAIM-V2-009725,RETRY_ALL,0,,,0,0
RECLAIM-V2-009726,RETRY_ALL,0,,,0,0
RECLAIM-V2-009727,RETRY_ALL,0,,,0,0
RECLAIM-V2-009728,RETRY_ALL,0,,,0,0
RECLAIM-V2-009729,RETRY_ALL,0,,,0,0
RECLAIM-V2-009730,RETRY_ALL,0,,,0,0
RECLAIM-V2-009731,RETRY_ALL,0,,,0,0
RECLAIM-V2-009732,RETRY_ALL,0,,,0,0
RECLAIM-V2-009733,RETRY_ALL,0,,,0,0
RECLAIM-V2-009734,RETRY_ALL,0,,,0,0
RECLAIM-V2-009735,RETRY_ALL,0,,,0,0
RECLAIM-V2-009736,RETRY_ALL,0,,,0,0
RECLAIM-V2-009737,RETRY_ALL,0,,,0,0
RECLAIM-V2-009738,RETRY_ALL,0,,,0,0
RECLAIM-V2-009739,RETRY_ALL,0,,,0,0
RECLAIM-V2-009740,RETRY_ALL,0,,,0,0
RECLAIM-V2-009741,RETRY_ALL,0,,,0,0
RECLAIM-V2-009742,RETRY_ALL,0,,,0,0
RECLAIM-V2-009743,RETRY_ALL,0,,,0,0
RECLAIM-V2-009744,RETRY_ALL,0,,,0,0
RECLAIM-V2-009745,RETRY_ALL,0,,,0,0
RECLAIM-V2-009746,RETRY_ALL,0,,,0,0
RECLAIM-V2-009747,RETRY_ALL,0,,,0,0
RECLAIM-V2-009748,TARGET,1,,,0,0
RECLAIM-V2-009749,RETRY_ALL,0,,,0,0
RECLAIM-V2-009750,RETRY_ALL,0,,,0,0
RECLAIM-V2-009751,RETRY_ALL,0,,,0,0
RECLAIM-V2-009752,RETRY_ALL,0,,,0,0
RECLAIM-V2-009753,RETRY_ALL,0,,,0,0
RECLAIM-V2-009754,RETRY_ALL,0,,,0,0
RECLAIM-V2-009755,RETRY_ALL,0,,,0,0
RECLAIM-V2-009756,RETRY_ALL,0,,,0,0
RECLAIM-V2-009757,RETRY_ALL,0,,,0,0
RECLAIM-V2-009758,RETRY_ALL,0,,,0,0
RECLAIM-V2-009759,TARGET,1,,,0,0
RECLAIM-V2-009760,RETRY_ALL,0,,,0,0
RECLAIM-V2-009761,RETRY_ALL,0,,,0,0
RECLAIM-V2-009762,RETRY_ALL,0,,,0,0
RECLAIM-V2-009763,RETRY_ALL,0,,,0,0
RECLAIM-V2-009764,RETRY_ALL,0,,,0,0
RECLAIM-V2-009765,RETRY_ALL,0,,,0,0
RECLAIM-V2-009766,TARGET,1,,,0,0
RECLAIM-V2-009767,RETRY_ALL,0,,,0,0
RECLAIM-V2-009768,RETRY_ALL,0,,,0,0
RECLAIM-V2-009769,RETRY_ALL,0,,,0,0
RECLAIM-V2-009770,RETRY_ALL,0,,,0,0
RECLAIM-V2-009771,RETRY_ALL,0,,,0,0
RECLAIM-V2-009772,RETRY_ALL,0,,,0,0
RECLAIM-V2-009773,RETRY_ALL,0,,,0,0
RECLAIM-V2-009774,RETRY_ALL,0,,,0,0
RECLAIM-V2-009775,RETRY_ALL,0,,,0,0
RECLAIM-V2-009776,RETRY_ALL,0,,,0,0
RECLAIM-V2-009777,RETRY_ALL,0,,,0,0
RECLAIM-V2-009778,RETRY_ALL,0,,,0,0
RECLAIM-V2-009779,RETRY_ALL,0,,,0,0
RECLAIM-V2-009780,RETRY_ALL,0,,,0,0
RECLAIM-V2-009781,RETRY_ALL,0,,,0,0
RECLAIM-V2-009782,RETRY_ALL,0,,,0,0
RECLAIM-V2-009783,RETRY_ALL,0,,,0,0
RECLAIM-V2-009784,RETRY_ALL,0,,,0,0
RECLAIM-V2-009785,RETRY_ALL,0,,,0,0
RECLAIM-V2-009786,RETRY_ALL,0,,,0,0
RECLAIM-V2-009787,TARGET,1,,,0,0
RECLAIM-V2-009788,RETRY_ALL,0,,,0,0
RECLAIM-V2-009789,RETRY_ALL,0,,,0,0
RECLAIM-V2-009790,RETRY_ALL,0,,,0,0
RECLAIM-V2-009791,RETRY_ALL,0,,,0,0
RECLAIM-V2-009792,RETRY_ALL,0,,,0,0
RECLAIM-V2-009793,TARGET,1,,,0,0
RECLAIM-V2-009794,RETRY_ALL,0,,,0,0
RECLAIM-V2-009795,RETRY_ALL,0,,,0,0
RECLAIM-V2-009796,RETRY_ALL,0,,,0,0
RECLAIM-V2-009797,RETRY_ALL,0,,,0,0
RECLAIM-V2-009798,RETRY_ALL,0,,,0,0
RECLAIM-V2-009799,RETRY_ALL,0,,,0,0
RECLAIM-V2-009800,RETRY_ALL,0,,,0,0
RECLAIM-V2-009801,RETRY_ALL,0,,,0,0
RECLAIM-V2-009802,RETRY_ALL,0,,,0,0
RECLAIM-V2-009803,RETRY_ALL,0,,,0,0
RECLAIM-V2-009804,TARGET,1,,,0,0
RECLAIM-V2-009805,RETRY_ALL,0,,,0,0
RECLAIM-V2-009806,RETRY_ALL,0,,,0,0
RECLAIM-V2-009807,RETRY_ALL,0,,,0,0
RECLAIM-V2-009808,TARGET,1,,,0,0
RECLAIM-V2-009809,RETRY_ALL,0,,,0,0
RECLAIM-V2-009810,RETRY_ALL,0,,,0,0
RECLAIM-V2-009811,RETRY_ALL,0,,,0,0
RECLAIM-V2-009812,RETRY_ALL,0,,,0,0
RECLAIM-V2-009813,RETRY_ALL,0,,,0,0
RECLAIM-V2-009814,TARGET,1,,,0,0
RECLAIM-V2-009815,RETRY_ALL,0,,,0,0
RECLAIM-V2-009816,RETRY_ALL,0,,,0,0
RECLAIM-V2-009817,RETRY_ALL,0,,,0,0
RECLAIM-V2-009818,RETRY_ALL,0,,,0,0
RECLAIM-V2-009819,RETRY_ALL,0,,,0,0
RECLAIM-V2-009820,RETRY_ALL,0,,,0,0
RECLAIM-V2-009821,RETRY_ALL,0,,,0,0
RECLAIM-V2-009822,RETRY_ALL,0,,,0,0
RECLAIM-V2-009823,RETRY_ALL,0,,,0,0
RECLAIM-V2-009824,RETRY_ALL,0,,,0,0
RECLAIM-V2-009825,RETRY_ALL,0,,,0,0
RECLAIM-V2-009826,RETRY_ALL,0,,,0,0
RECLAIM-V2-009827,RETRY_ALL,0,,,0,0
RECLAIM-V2-009828,RETRY_ALL,0,,,0,0
RECLAIM-V2-009829,RETRY_ALL,0,,,0,0
RECLAIM-V2-009830,RETRY_ALL,0,,,0,0
RECLAIM-V2-009831,RETRY_ALL,0,,,0,0
RECLAIM-V2-009832,RETRY_ALL,0,,,0,0
RECLAIM-V2-009833,RETRY_ALL,0,,,0,0
RECLAIM-V2-009834,RETRY_ALL,0,,,0,0
RECLAIM-V2-009835,RETRY_ALL,0,,,0,0
RECLAIM-V2-009836,RETRY_ALL,0,,,0,0
RECLAIM-V2-009837,RETRY_ALL,0,,,0,0
RECLAIM-V2-009838,RETRY_ALL,0,,,0,0
RECLAIM-V2-009839,RETRY_ALL,0,,,0,0
RECLAIM-V2-009840,RETRY_ALL,0,,,0,0
RECLAIM-V2-009841,RETRY_ALL,0,,,0,0
RECLAIM-V2-009842,RETRY_ALL,0,,,0,0
RECLAIM-V2-009843,RETRY_ALL,0,,,0,0
RECLAIM-V2-009844,RETRY_ALL,0,,,0,0
RECLAIM-V2-009845,RETRY_ALL,0,,,0,0
RECLAIM-V2-009846,RETRY_ALL,0,,,0,0
RECLAIM-V2-009847,RETRY_ALL,0,,,0,0
RECLAIM-V2-009848,RETRY_ALL,0,,,0,0
RECLAIM-V2-009849,RETRY_ALL,0,,,0,0
RECLAIM-V2-009850,RETRY_ALL,0,,,0,0
RECLAIM-V2-009851,RETRY_ALL,0,,,0,0
RECLAIM-V2-009852,RETRY_ALL,0,,,0,0
RECLAIM-V2-009853,RETRY_ALL,0,,,0,0
RECLAIM-V2-009854,RETRY_ALL,0,,,0,0
RECLAIM-V2-009855,RETRY_ALL,0,,,0,0
RECLAIM-V2-009856,RETRY_ALL,0,,,0,0
RECLAIM-V2-009857,RETRY_ALL,0,,,0,0
RECLAIM-V2-009858,RETRY_ALL,0,,,0,0
RECLAIM-V2-009859,RETRY_ALL,0,,,0,0
RECLAIM-V2-009860,RETRY_ALL,0,,,0,0
RECLAIM-V2-009861,TARGET,1,,,0,0
RECLAIM-V2-009862,RETRY_ALL,0,,,0,0
RECLAIM-V2-009863,RETRY_ALL,0,,,0,0
RECLAIM-V2-009864,RETRY_ALL,0,,,0,0
RECLAIM-V2-009865,RETRY_ALL,0,,,0,0
RECLAIM-V2-009866,RETRY_ALL,0,,,0,0
RECLAIM-V2-009867,RETRY_ALL,0,,,0,0
RECLAIM-V2-009868,RETRY_ALL,0,,,0,0
RECLAIM-V2-009869,RETRY_ALL,0,,,0,0
RECLAIM-V2-009870,RETRY_ALL,0,,,0,0
RECLAIM-V2-009871,RETRY_ALL,0,,,0,0
RECLAIM-V2-009872,RETRY_ALL,0,,,0,0
RECLAIM-V2-009873,RETRY_ALL,0,,,0,0
RECLAIM-V2-009874,RETRY_ALL,0,,,0,0
RECLAIM-V2-009875,RETRY_ALL,0,,,0,0
RECLAIM-V2-009876,RETRY_ALL,0,,,0,0
RECLAIM-V2-009877,RETRY_ALL,0,,,0,0
RECLAIM-V2-009878,RETRY_ALL,0,,,0,0
RECLAIM-V2-009879,RETRY_ALL,0,,,0,0
RECLAIM-V2-009880,RETRY_ALL,0,,,0,0
RECLAIM-V2-009881,RETRY_ALL,0,,,0,0
RECLAIM-V2-009882,RETRY_ALL,0,,,0,0
RECLAIM-V2-009883,RETRY_ALL,0,,,0,0
RECLAIM-V2-009884,RETRY_ALL,0,,,0,0
RECLAIM-V2-009885,RETRY_ALL,0,,,0,0
RECLAIM-V2-009886,RETRY_ALL,0,,,0,0
RECLAIM-V2-009887,RETRY_ALL,0,,,0,0
RECLAIM-V2-009888,RETRY_ALL,0,,,0,0
RECLAIM-V2-009889,RETRY_ALL,0,,,0,0
RECLAIM-V2-009890,RETRY_ALL,0,,,0,0
RECLAIM-V2-009891,RETRY_ALL,0,,,0,0
RECLAIM-V2-009892,RETRY_ALL,0,,,0,0
RECLAIM-V2-009893,RETRY_ALL,0,,,0,0
RECLAIM-V2-009894,RETRY_ALL,0,,,0,0
RECLAIM-V2-009895,RETRY_ALL,0,,,0,0
RECLAIM-V2-009896,RETRY_ALL,0,,,0,0
RECLAIM-V2-009897,RETRY_ALL,0,,,0,0
RECLAIM-V2-009898,RETRY_ALL,0,,,0,0
RECLAIM-V2-009899,TARGET,1,,,0,0
RECLAIM-V2-009900,RETRY_ALL,0,,,0,0
RECLAIM-V2-009901,RETRY_ALL,0,,,0,0
RECLAIM-V2-009902,RETRY_ALL,0,,,0,0
RECLAIM-V2-009903,RETRY_ALL,0,,,0,0
RECLAIM-V2-009904,RETRY_ALL,0,,,0,0
RECLAIM-V2-009905,RETRY_ALL,0,,,0,0
RECLAIM-V2-009906,RETRY_ALL,0,,,0,0
RECLAIM-V2-009907,RETRY_ALL,0,,,0,0
RECLAIM-V2-009908,RETRY_ALL,0,,,0,0
RECLAIM-V2-009909,RETRY_ALL,0,,,0,0
RECLAIM-V2-009910,RETRY_ALL,0,,,0,0
RECLAIM-V2-009911,RETRY_ALL,0,,,0,0
RECLAIM-V2-009912,RETRY_ALL,0,,,0,0
RECLAIM-V2-009913,RETRY_ALL,0,,,0,0
RECLAIM-V2-009914,RETRY_ALL,0,,,0,0
RECLAIM-V2-009915,RETRY_ALL,0,,,0,0
RECLAIM-V2-009916,RETRY_ALL,0,,,0,0
RECLAIM-V2-009917,RETRY_ALL,0,,,0,0
RECLAIM-V2-009918,RETRY_ALL,0,,,0,0
RECLAIM-V2-009919,RETRY_ALL,0,,,0,0
RECLAIM-V2-009920,RETRY_ALL,0,,,0,0
RECLAIM-V2-009921,RETRY_ALL,0,,,0,0
RECLAIM-V2-009922,RETRY_ALL,0,,,0,0
RECLAIM-V2-009923,RETRY_ALL,0,,,0,0
RECLAIM-V2-009924,RETRY_ALL,0,,,0,0
RECLAIM-V2-009925,RETRY_ALL,0,,,0,0
RECLAIM-V2-009926,RETRY_ALL,0,,,0,0
RECLAIM-V2-009927,RETRY_ALL,0,,,0,0
RECLAIM-V2-009928,RETRY_ALL,0,,,0,0
RECLAIM-V2-009929,TARGET,1,,,0,0
RECLAIM-V2-009930,TARGET,1,,,0,0
RECLAIM-V2-009931,RETRY_ALL,0,,,0,0
RECLAIM-V2-009932,TARGET,1,,,0,0
RECLAIM-V2-009933,TARGET,1,,,0,0
RECLAIM-V2-009934,RETRY_ALL,0,,,0,0
RECLAIM-V2-009935,RETRY_ALL,0,,,0,0
RECLAIM-V2-009936,RETRY_ALL,0,,,0,0
RECLAIM-V2-009937,RETRY_ALL,0,,,0,0
RECLAIM-V2-009938,RETRY_ALL,0,,,0,0
RECLAIM-V2-009939,RETRY_ALL,0,,,0,0
RECLAIM-V2-009940,RETRY_ALL,0,,,0,0
RECLAIM-V2-009941,RETRY_ALL,0,,,0,0
RECLAIM-V2-009942,RETRY_ALL,0,,,0,0
RECLAIM-V2-009943,RETRY_ALL,0,,,0,0
RECLAIM-V2-009944,RETRY_ALL,0,,,0,0
RECLAIM-V2-009945,RETRY_ALL,0,,,0,0
RECLAIM-V2-009946,RETRY_ALL,0,,,0,0
RECLAIM-V2-009947,RETRY_ALL,0,,,0,0
RECLAIM-V2-009948,RETRY_ALL,0,,,0,0
RECLAIM-V2-009949,RETRY_ALL,0,,,0,0
RECLAIM-V2-009950,RETRY_ALL,0,,,0,0
RECLAIM-V2-009951,RETRY_ALL,0,,,0,0
RECLAIM-V2-009952,RETRY_ALL,0,,,0,0
RECLAIM-V2-009953,TARGET,1,,,0,0
RECLAIM-V2-009954,RETRY_ALL,0,,,0,0
RECLAIM-V2-009955,RETRY_ALL,0,,,0,0
RECLAIM-V2-009956,RETRY_ALL,0,,,0,0
RECLAIM-V2-009957,RETRY_ALL,0,,,0,0
RECLAIM-V2-009958,RETRY_ALL,0,,,0,0
RECLAIM-V2-009959,RETRY_ALL,0,,,0,0
RECLAIM-V2-009960,RETRY_ALL,0,,,0,0
RECLAIM-V2-009961,RETRY_ALL,0,,,0,0
RECLAIM-V2-009962,RETRY_ALL,0,,,0,0
RECLAIM-V2-009963,RETRY_ALL,0,,,0,0
RECLAIM-V2-009964,RETRY_ALL,0,,,0,0
RECLAIM-V2-009965,RETRY_ALL,0,,,0,0
RECLAIM-V2-009966,RETRY_ALL,0,,,0,0
RECLAIM-V2-009967,RETRY_ALL,0,,,0,0
RECLAIM-V2-009968,RETRY_ALL,0,,,0,0
RECLAIM-V2-009969,RETRY_ALL,0,,,0,0
RECLAIM-V2-009970,RETRY_ALL,0,,,0,0
RECLAIM-V2-009971,RETRY_ALL,0,,,0,0
RECLAIM-V2-009972,RETRY_ALL,0,,,0,0
RECLAIM-V2-009973,RETRY_ALL,0,,,0,0
RECLAIM-V2-009974,RETRY_ALL,0,,,0,0
RECLAIM-V2-009975,RETRY_ALL,0,,,0,0
RECLAIM-V2-009976,RETRY_ALL,0,,,0,0
RECLAIM-V2-009977,RETRY_ALL,0,,,0,0
RECLAIM-V2-009978,RETRY_ALL,0,,,0,0
RECLAIM-V2-009979,RETRY_ALL,0,,,0,0
RECLAIM-V2-009980,RETRY_ALL,0,,,0,0
RECLAIM-V2-009981,RETRY_ALL,0,,,0,0
RECLAIM-V2-009982,RETRY_ALL,0,,,0,0
RECLAIM-V2-009983,RETRY_ALL,0,,,0,0
RECLAIM-V2-009984,RETRY_ALL,0,,,0,0
RECLAIM-V2-009985,TARGET,1,,,0,0
RECLAIM-V2-009986,RETRY_ALL,0,,,0,0
RECLAIM-V2-009987,RETRY_ALL,0,,,0,0
RECLAIM-V2-009988,TARGET,1,,,0,0
RECLAIM-V2-009989,RETRY_ALL,0,,,0,0
RECLAIM-V2-009990,RETRY_ALL,0,,,0,0
RECLAIM-V2-009991,RETRY_ALL,0,,,0,0
RECLAIM-V2-009992,RETRY_ALL,0,,,0,0
RECLAIM-V2-009993,RETRY_ALL,0,,,0,0
RECLAIM-V2-009994,RETRY_ALL,0,,,0,0
RECLAIM-V2-009995,RETRY_ALL,0,,,0,0
RECLAIM-V2-009996,RETRY_ALL,0,,,0,0
RECLAIM-V2-009997,RETRY_ALL,0,,,0,0
RECLAIM-V2-009998,RETRY_ALL,0,,,0,0
RECLAIM-V2-009999,RETRY_ALL,0,,,0,0
RECLAIM-V2-010000,RETRY_ALL,0,,,0,0
