transaction_id,production_decision,recommended_action,expected_incremental_recovery_value,estimated_action_cost,estimated_net_action_value,reconciled_net_action_value,reconciliation_error,reconciliation_status
RECLAIM-V2-000001,RETRY_ALL,RETRY_ALL,0.0,25.0,-25.0,-25.0,0.0,PASS
RECLAIM-V2-000002,RETRY_ALL,RETRY_ALL,0.0,25.0,-25.0,-25.0,0.0,PASS
RECLAIM-V2-000003,RETRY_ALL,RETRY_ALL,0.0,25.0,-25.0,-25.0,0.0,PASS
RECLAIM-V2-000004,RETRY_ALL,RETRY_ALL,227.99630314893227,25.0,202.99630314893227,202.99630314893227,0.0,PASS
RECLAIM-V2-000005,RETRY_ALL,RETRY_ALL,0.0,25.0,-25.0,-25.0,0.0,PASS
RECLAIM-V2-000006,RETRY_ALL,RETRY_ALL,0.0,25.0,-25.0,-25.0,0.0,PASS
RECLAIM-V2-000007,RETRY_ALL,RETRY_ALL,0.0,25.0,-25.0,-25.0,0.0,PASS
RECLAIM-V2-000008,RETRY_ALL,RETRY_ALL,200.99209185304483,25.0,175.99209185304483,175.99209185304483,0.0,PASS
RECLAIM-V2-000009,RETRY_ALL,RETRY_ALL,324.3197891958089,25.0,299.3197891958089,299.3197891958089,0.0,PASS
RECLAIM-V2-000010,TARGET,LOW_INTENSITY,454.716921583712,45.0,409.716921583712,409.716921583712,0.0,PASS
RECLAIM-V2-000011,RETRY_ALL,RETRY_ALL,0.0,25.0,-25.0,-25.0,0.0,PASS
RECLAIM-V2-000012,RETRY_ALL,RETRY_ALL,137.35135892099265,25.0,112.35135892099264,112.35135892099265,1.4210854715202004e-14,PASS
RECLAIM-V2-000013,RETRY_ALL,RETRY_ALL,160.7883590891976,25.0,135.7883590891976,135.7883590891976,0.0,PASS
RECLAIM-V2-000014,RETRY_ALL,RETRY_ALL,250.7759962956318,25.0,225.7759962956318,225.7759962956318,0.0,PASS
RECLAIM-V2-000015,RETRY_ALL,RETRY_ALL,0.0,25.0,-25.0,-25.0,0.0,PASS
RECLAIM-V2-000016,RETRY_ALL,RETRY_ALL,0.0,25.0,-25.0,-25.0,0.0,PASS
RECLAIM-V2-000017,RETRY_ALL,RETRY_ALL,30.884828754938848,25.0,5.884828754938848,5.884828754938848,0.0,PASS
RECLAIM-V2-000018,RETRY_ALL,RETRY_ALL,0.0,25.0,-25.0,-25.0,0.0,PASS
RECLAIM-V2-000019,RETRY_ALL,RETRY_ALL,0.0,25.0,-25.0,-25.0,0.0,PASS
RECLAIM-V2-000020,RETRY_ALL,RETRY_ALL,146.4748164743226,25.0,121.4748164743226,121.47481647432261,1.4210854715202004e-14,PASS
RECLAIM-V2-000021,RETRY_ALL,RETRY_ALL,0.0,25.0,-25.0,-25.0,0.0,PASS
RECLAIM-V2-000022,RETRY_ALL,RETRY_ALL,285.400200959662,25.0,260.400200959662,260.400200959662,0.0,PASS
RECLAIM-V2-000023,RETRY_ALL,RETRY_ALL,0.0,25.0,-25.0,-25.0,0.0,PASS
RECLAIM-V2-000024,RETRY_ALL,RETRY_ALL,247.88297472579785,25.0,222.88297472579785,222.88297472579785,0.0,PASS
RECLAIM-V2-000025,RETRY_ALL,RETRY_ALL,35.644137864079354,25.0,10.644137864079354,10.644137864079354,0.0,PASS
RECLAIM-V2-000026,RETRY_ALL,RETRY_ALL,118.28719664952436,25.0,93.28719664952436,93.28719664952436,0.0,PASS
RECLAIM-V2-000027,RETRY_ALL,RETRY_ALL,0.0,25.0,-25.0,-25.0,0.0,PASS
RECLAIM-V2-000028,RETRY_ALL,RETRY_ALL,0.0,25.0,-25.0,-25.0,0.0,PASS
RECLAIM-V2-000029,RETRY_ALL,RETRY_ALL,0.0,25.0,-25.0,-25.0,0.0,PASS
RECLAIM-V2-000030,RETRY_ALL,RETRY_ALL,250.1470050091593,25.0,225.1470050091593,225.1470050091593,0.0,PASS
RECLAIM-V2-000031,RETRY_ALL,RETRY_ALL,0.0,25.0,-25.0,-25.0,0.0,PASS
RECLAIM-V2-000032,RETRY_ALL,RETRY_ALL,164.00978422485196,25.0,139.00978422485196,139.00978422485196,0.0,PASS
RECLAIM-V2-000033,RETRY_ALL,RETRY_ALL,0.0,25.0,-25.0,-25.0,0.0,PASS
RECLAIM-V2-000034,RETRY_ALL,RETRY_ALL,0.0,25.0,-25.0,-25.0,0.0,PASS
RECLAIM-V2-000035,RETRY_ALL,RETRY_ALL,0.0,25.0,-25.0,-25.0,0.0,PASS
RECLAIM-V2-000036,RETRY_ALL,RETRY_ALL,203.92876324860703,25.0,178.92876324860703,178.92876324860703,0.0,PASS
RECLAIM-V2-000037,RETRY_ALL,RETRY_ALL,0.0,25.0,-25.0,-25.0,0.0,PASS
RECLAIM-V2-000038,RETRY_ALL,RETRY_ALL,80.9154733365879,25.0,55.91547333658789,55.915473336587894,7.105427357601002e-15,PASS
RECLAIM-V2-000039,TARGET,STANDARD_TARGET,501.67962433764586,80.0,421.67962433764586,421.67962433764586,0.0,PASS
RECLAIM-V2-000040,RETRY_ALL,RETRY_ALL,0.0,25.0,-25.0,-25.0,0.0,PASS
RECLAIM-V2-000041,RETRY_ALL,RETRY_ALL,0.0,25.0,-25.0,-25.0,0.0,PASS
RECLAIM-V2-000042,RETRY_ALL,RETRY_ALL,0.0,25.0,-25.0,-25.0,0.0,PASS
RECLAIM-V2-000043,RETRY_ALL,RETRY_ALL,221.90076215202137,25.0,196.90076215202137,196.90076215202137,0.0,PASS
RECLAIM-V2-000044,RETRY_ALL,RETRY_ALL,141.66479156629603,25.0,116.66479156629605,116.66479156629603,-1.4210854715202004e-14,PASS
RECLAIM-V2-000045,RETRY_ALL,RETRY_ALL,339.17678475849794,25.0,314.17678475849794,314.17678475849794,0.0,PASS
RECLAIM-V2-000046,RETRY_ALL,RETRY_ALL,11.747366832329847,25.0,-13.252633167670153,-13.252633167670153,0.0,PASS
RECLAIM-V2-000047,RETRY_ALL,RETRY_ALL,0.0,25.0,-25.0,-25.0,0.0,PASS
RECLAIM-V2-000048,RETRY_ALL,RETRY_ALL,331.0554518854153,25.0,306.0554518854153,306.0554518854153,0.0,PASS
RECLAIM-V2-000049,RETRY_ALL,RETRY_ALL,0.0,25.0,-25.0,-25.0,0.0,PASS
RECLAIM-V2-000050,RETRY_ALL,RETRY_ALL,0.0,25.0,-25.0,-25.0,0.0,PASS
RECLAIM-V2-000051,RETRY_ALL,RETRY_ALL,91.6968892152003,25.0,66.6968892152003,66.6968892152003,0.0,PASS
RECLAIM-V2-000052,RETRY_ALL,RETRY_ALL,0.0,25.0,-25.0,-25.0,0.0,PASS
RECLAIM-V2-000053,RETRY_ALL,RETRY_ALL,0.0,25.0,-25.0,-25.0,0.0,PASS
RECLAIM-V2-000054,RETRY_ALL,RETRY_ALL,0.0,25.0,-25.0,-25.0,0.0,PASS
RECLAIM-V2-000055,RETRY_ALL,RETRY_ALL,0.0532723093873699,25.0,-24.94672769061263,-24.94672769061263,0.0,PASS
RECLAIM-V2-000056,RETRY_ALL,RETRY_ALL,0.0,25.0,-25.0,-25.0,0.0,PASS
RECLAIM-V2-000057,RETRY_ALL,RETRY_ALL,75.58426000040775,25.0,50.58426000040775,50.58426000040775,0.0,PASS
RECLAIM-V2-000058,RETRY_ALL,RETRY_ALL,342.8963492685309,25.0,317.8963492685309,317.8963492685309,0.0,PASS
RECLAIM-V2-000059,RETRY_ALL,RETRY_ALL,0.0,25.0,-25.0,-25.0,0.0,PASS
RECLAIM-V2-000060,RETRY_ALL,RETRY_ALL,375.4083279182244,25.0,350.4083279182244,350.4083279182244,0.0,PASS
RECLAIM-V2-000061,RETRY_ALL,RETRY_ALL,0.0,25.0,-25.0,-25.0,0.0,PASS
RECLAIM-V2-000062,RETRY_ALL,RETRY_ALL,43.29276260247885,25.0,18.29276260247885,18.292762602478852,3.552713678800501e-15,PASS
RECLAIM-V2-000063,RETRY_ALL,RETRY_ALL,94.75761037768456,25.0,69.75761037768456,69.75761037768456,0.0,PASS
RECLAIM-V2-000064,RETRY_ALL,RETRY_ALL,275.9805876750352,25.0,250.9805876750352,250.98058767503522,2.842170943040401e-14,PASS
RECLAIM-V2-000065,RETRY_ALL,RETRY_ALL,314.6972744654699,25.0,289.6972744654699,289.6972744654699,0.0,PASS
RECLAIM-V2-000066,RETRY_ALL,RETRY_ALL,198.2475706065392,25.0,173.2475706065392,173.2475706065392,0.0,PASS
RECLAIM-V2-000067,RETRY_ALL,RETRY_ALL,0.0,25.0,-25.0,-25.0,0.0,PASS
RECLAIM-V2-000068,RETRY_ALL,RETRY_ALL,0.0,25.0,-25.0,-25.0,0.0,PASS
RECLAIM-V2-000069,RETRY_ALL,RETRY_ALL,0.0,25.0,-25.0,-25.0,0.0,PASS
RECLAIM-V2-000070,RETRY_ALL,RETRY_ALL,334.97168967465313,25.0,309.97168967465313,309.97168967465313,0.0,PASS
RECLAIM-V2-000071,RETRY_ALL,RETRY_ALL,59.52199077318031,25.0,34.52199077318031,34.52199077318031,0.0,PASS
RECLAIM-V2-000072,RETRY_ALL,RETRY_ALL,0.0,25.0,-25.0,-25.0,0.0,PASS
RECLAIM-V2-000073,RETRY_ALL,RETRY_ALL,279.60089180395005,25.0,254.60089180395005,254.60089180395005,0.0,PASS
RECLAIM-V2-000074,RETRY_ALL,RETRY_ALL,312.227040248502,25.0,287.227040248502,287.227040248502,0.0,PASS
RECLAIM-V2-000075,RETRY_ALL,RETRY_ALL,0.0,25.0,-25.0,-25.0,0.0,PASS
RECLAIM-V2-000076,RETRY_ALL,RETRY_ALL,0.0,25.0,-25.0,-25.0,0.0,PASS
RECLAIM-V2-000077,RETRY_ALL,RETRY_ALL,224.1246860884501,25.0,199.1246860884501,199.1246860884501,0.0,PASS
RECLAIM-V2-000078,RETRY_ALL,RETRY_ALL,108.92317993958596,25.0,83.92317993958596,83.92317993958596,0.0,PASS
RECLAIM-V2-000079,RETRY_ALL,RETRY_ALL,307.13512469424,25.0,282.13512469424,282.13512469424,0.0,PASS
RECLAIM-V2-000080,RETRY_ALL,RETRY_ALL,276.9905467013892,25.0,251.9905467013892,251.99054670138918,-2.842170943040401e-14,PASS
RECLAIM-V2-000081,RETRY_ALL,RETRY_ALL,378.8258610273245,25.0,353.8258610273245,353.8258610273245,0.0,PASS
RECLAIM-V2-000082,RETRY_ALL,RETRY_ALL,257.0975160125802,25.0,232.09751601258017,232.09751601258017,0.0,PASS
RECLAIM-V2-000083,RETRY_ALL,RETRY_ALL,182.64381690161383,25.0,157.64381690161383,157.64381690161383,0.0,PASS
RECLAIM-V2-000084,RETRY_ALL,RETRY_ALL,169.61383600755195,25.0,144.61383600755195,144.61383600755195,0.0,PASS
RECLAIM-V2-000085,RETRY_ALL,RETRY_ALL,143.55630877254794,25.0,118.55630877254794,118.55630877254794,0.0,PASS
RECLAIM-V2-000086,RETRY_ALL,RETRY_ALL,41.222069795317054,25.0,16.222069795317054,16.222069795317054,0.0,PASS
RECLAIM-V2-000087,RETRY_ALL,RETRY_ALL,0.0,25.0,-25.0,-25.0,0.0,PASS
RECLAIM-V2-000088,RETRY_ALL,RETRY_ALL,0.0,25.0,-25.0,-25.0,0.0,PASS
RECLAIM-V2-000089,RETRY_ALL,RETRY_ALL,112.5181054309071,25.0,87.5181054309071,87.5181054309071,0.0,PASS
RECLAIM-V2-000090,RETRY_ALL,RETRY_ALL,0.0,25.0,-25.0,-25.0,0.0,PASS
RECLAIM-V2-000091,RETRY_ALL,RETRY_ALL,68.5486372541655,25.0,43.5486372541655,43.5486372541655,0.0,PASS
RECLAIM-V2-000092,RETRY_ALL,RETRY_ALL,0.0,25.0,-25.0,-25.0,0.0,PASS
RECLAIM-V2-000093,RETRY_ALL,RETRY_ALL,123.06007766561476,25.0,98.06007766561476,98.06007766561476,0.0,PASS
RECLAIM-V2-000094,RETRY_ALL,RETRY_ALL,0.0,25.0,-25.0,-25.0,0.0,PASS
RECLAIM-V2-000095,RETRY_ALL,RETRY_ALL,189.07425034701689,25.0,164.07425034701689,164.07425034701689,0.0,PASS
RECLAIM-V2-000096,RETRY_ALL,RETRY_ALL,0.0,25.0,-25.0,-25.0,0.0,PASS
RECLAIM-V2-000097,RETRY_ALL,RETRY_ALL,0.0,25.0,-25.0,-25.0,0.0,PASS
RECLAIM-V2-000098,RETRY_ALL,RETRY_ALL,124.3487143349574,25.0,99.3487143349574,99.3487143349574,0.0,PASS
RECLAIM-V2-000099,RETRY_ALL,RETRY_ALL,131.83946938907263,25.0,106.83946938907263,106.83946938907263,0.0,PASS
RECLAIM-V2-000100,RETRY_ALL,RETRY_ALL,0.0,25.0,-25.0,-25.0,0.0,PASS
RECLAIM-V2-000101,RETRY_ALL,RETRY_ALL,138.20895768301637,25.0,113.20895768301637,113.20895768301637,0.0,PASS
RECLAIM-V2-000102,RETRY_ALL,RETRY_ALL,0.0,25.0,-25.0,-25.0,0.0,PASS
RECLAIM-V2-000103,RETRY_ALL,RETRY_ALL,151.29367237356,25.0,126.29367237356,126.29367237356001,1.4210854715202004e-14,PASS
RECLAIM-V2-000104,RETRY_ALL,RETRY_ALL,172.76670655509736,25.0,147.76670655509736,147.76670655509736,0.0,PASS
RECLAIM-V2-000105,RETRY_ALL,RETRY_ALL,0.0,25.0,-25.0,-25.0,0.0,PASS
RECLAIM-V2-000106,RETRY_ALL,RETRY_ALL,0.0,25.0,-25.0,-25.0,0.0,PASS
RECLAIM-V2-000107,RETRY_ALL,RETRY_ALL,0.0,25.0,-25.0,-25.0,0.0,PASS
RECLAIM-V2-000108,RETRY_ALL,RETRY_ALL,83.03097217702185,25.0,58.03097217702185,58.03097217702185,0.0,PASS
RECLAIM-V2-000109,RETRY_ALL,RETRY_ALL,279.5332466938023,25.0,254.5332466938023,254.5332466938023,0.0,PASS
RECLAIM-V2-000110,RETRY_ALL,RETRY_ALL,353.3034375049231,25.0,328.3034375049231,328.3034375049231,0.0,PASS
RECLAIM-V2-000111,TARGET,LOW_INTENSITY,478.8878356934293,45.0,433.8878356934293,433.8878356934293,0.0,PASS
RECLAIM-V2-000112,RETRY_ALL,RETRY_ALL,0.0,25.0,-25.0,-25.0,0.0,PASS
RECLAIM-V2-000113,RETRY_ALL,RETRY_ALL,205.65102784339985,25.0,180.65102784339985,180.65102784339985,0.0,PASS
RECLAIM-V2-000114,RETRY_ALL,RETRY_ALL,0.0,25.0,-25.0,-25.0,0.0,PASS
RECLAIM-V2-000115,RETRY_ALL,RETRY_ALL,0.0,25.0,-25.0,-25.0,0.0,PASS
RECLAIM-V2-000116,RETRY_ALL,RETRY_ALL,0.0,25.0,-25.0,-25.0,0.0,PASS
RECLAIM-V2-000117,RETRY_ALL,RETRY_ALL,203.0640579030993,25.0,178.0640579030993,178.0640579030993,0.0,PASS
RECLAIM-V2-000118,RETRY_ALL,RETRY_ALL,259.3778410215987,25.0,234.37784102159875,234.37784102159873,-2.842170943040401e-14,PASS
RECLAIM-V2-000119,RETRY_ALL,RETRY_ALL,0.0,25.0,-25.0,-25.0,0.0,PASS
RECLAIM-V2-000120,RETRY_ALL,RETRY_ALL,268.11694787941934,25.0,243.1169478794193,243.11694787941934,2.842170943040401e-14,PASS
RECLAIM-V2-000121,RETRY_ALL,RETRY_ALL,0.0,25.0,-25.0,-25.0,0.0,PASS
RECLAIM-V2-000122,RETRY_ALL,RETRY_ALL,157.3190313337005,25.0,132.3190313337005,132.3190313337005,0.0,PASS
RECLAIM-V2-000123,RETRY_ALL,RETRY_ALL,0.0,25.0,-25.0,-25.0,0.0,PASS
RECLAIM-V2-000124,RETRY_ALL,RETRY_ALL,67.54417915867305,25.0,42.544179158673046,42.544179158673046,0.0,PASS
RECLAIM-V2-000125,RETRY_ALL,RETRY_ALL,0.0,25.0,-25.0,-25.0,0.0,PASS
RECLAIM-V2-000126,RETRY_ALL,RETRY_ALL,70.26764747997464,25.0,45.26764747997464,45.26764747997464,0.0,PASS
RECLAIM-V2-000127,RETRY_ALL,RETRY_ALL,327.21095305536056,25.0,302.21095305536056,302.21095305536056,0.0,PASS
RECLAIM-V2-000128,TARGET,MONITOR,428.067108343947,10.0,418.067108343947,418.067108343947,0.0,PASS
RECLAIM-V2-000129,RETRY_ALL,RETRY_ALL,0.0,25.0,-25.0,-25.0,0.0,PASS
RECLAIM-V2-000130,RETRY_ALL,RETRY_ALL,252.4776977110349,25.0,227.4776977110349,227.4776977110349,0.0,PASS
RECLAIM-V2-000131,RETRY_ALL,RETRY_ALL,0.0,25.0,-25.0,-25.0,0.0,PASS
RECLAIM-V2-000132,RETRY_ALL,RETRY_ALL,78.193512059079,25.0,53.193512059079,53.193512059079,0.0,PASS
RECLAIM-V2-000133,RETRY_ALL,RETRY_ALL,143.82240669500416,25.0,118.82240669500416,118.82240669500416,0.0,PASS
RECLAIM-V2-000134,RETRY_ALL,RETRY_ALL,109.60345025938064,25.0,84.60345025938064,84.60345025938064,0.0,PASS
RECLAIM-V2-000135,RETRY_ALL,RETRY_ALL,0.0,25.0,-25.0,-25.0,0.0,PASS
RECLAIM-V2-000136,RETRY_ALL,RETRY_ALL,0.0,25.0,-25.0,-25.0,0.0,PASS
RECLAIM-V2-000137,RETRY_ALL,RETRY_ALL,0.0,25.0,-25.0,-25.0,0.0,PASS
RECLAIM-V2-000138,RETRY_ALL,RETRY_ALL,126.3569562369846,25.0,101.3569562369846,101.3569562369846,0.0,PASS
RECLAIM-V2-000139,RETRY_ALL,RETRY_ALL,0.0,25.0,-25.0,-25.0,0.0,PASS
RECLAIM-V2-000140,RETRY_ALL,RETRY_ALL,168.5514044017812,25.0,143.5514044017812,143.5514044017812,0.0,PASS
RECLAIM-V2-000141,RETRY_ALL,RETRY_ALL,37.778460743497504,25.0,12.778460743497504,12.778460743497504,0.0,PASS
RECLAIM-V2-000142,RETRY_ALL,RETRY_ALL,212.83130524389944,25.0,187.83130524389944,187.83130524389944,0.0,PASS
RECLAIM-V2-000143,RETRY_ALL,RETRY_ALL,0.0,25.0,-25.0,-25.0,0.0,PASS
RECLAIM-V2-000144,RETRY_ALL,RETRY_ALL,0.0,25.0,-25.0,-25.0,0.0,PASS
RECLAIM-V2-000145,RETRY_ALL,RETRY_ALL,191.71631440121325,25.0,166.71631440121325,166.71631440121325,0.0,PASS
RECLAIM-V2-000146,RETRY_ALL,RETRY_ALL,121.11551585961644,25.0,96.11551585961644,96.11551585961644,0.0,PASS
RECLAIM-V2-000147,RETRY_ALL,RETRY_ALL,223.58135711484,25.0,198.58135711484,198.58135711484,0.0,PASS
RECLAIM-V2-000148,RETRY_ALL,RETRY_ALL,316.5557619395937,25.0,291.5557619395937,291.5557619395937,0.0,PASS
RECLAIM-V2-000149,RETRY_ALL,RETRY_ALL,231.3030847202367,25.0,206.3030847202367,206.3030847202367,0.0,PASS
RECLAIM-V2-000150,RETRY_ALL,RETRY_ALL,0.0,25.0,-25.0,-25.0,0.0,PASS
RECLAIM-V2-000151,RETRY_ALL,RETRY_ALL,15.0055119811977,25.0,-9.9944880188023,-9.9944880188023,0.0,PASS
RECLAIM-V2-000152,RETRY_ALL,RETRY_ALL,61.300964919753,25.0,36.300964919753,36.300964919753,0.0,PASS
RECLAIM-V2-000153,RETRY_ALL,RETRY_ALL,142.3832442544329,25.0,117.3832442544329,117.3832442544329,0.0,PASS
RECLAIM-V2-000154,RETRY_ALL,RETRY_ALL,0.0,25.0,-25.0,-25.0,0.0,PASS
RECLAIM-V2-000155,RETRY_ALL,RETRY_ALL,0.0,25.0,-25.0,-25.0,0.0,PASS
RECLAIM-V2-000156,RETRY_ALL,RETRY_ALL,0.0,25.0,-25.0,-25.0,0.0,PASS
RECLAIM-V2-000157,RETRY_ALL,RETRY_ALL,340.952883606549,25.0,315.952883606549,315.952883606549,0.0,PASS
RECLAIM-V2-000158,RETRY_ALL,RETRY_ALL,22.56288333891915,25.0,-2.43711666108085,-2.43711666108085,0.0,PASS
RECLAIM-V2-000159,RETRY_ALL,RETRY_ALL,264.164085768342,25.0,239.164085768342,239.16408576834198,-2.842170943040401e-14,PASS
RECLAIM-V2-000160,RETRY_ALL,RETRY_ALL,0.0,25.0,-25.0,-25.0,0.0,PASS
RECLAIM-V2-000161,RETRY_ALL,RETRY_ALL,37.83073233223185,25.0,12.830732332231849,12.830732332231847,-1.7763568394002505e-15,PASS
RECLAIM-V2-000162,RETRY_ALL,RETRY_ALL,0.0,25.0,-25.0,-25.0,0.0,PASS
RECLAIM-V2-000163,RETRY_ALL,RETRY_ALL,0.0,25.0,-25.0,-25.0,0.0,PASS
RECLAIM-V2-000164,RETRY_ALL,RETRY_ALL,117.7825571468682,25.0,92.7825571468682,92.7825571468682,0.0,PASS
RECLAIM-V2-000165,RETRY_ALL,RETRY_ALL,115.0570700790012,25.0,90.0570700790012,90.0570700790012,0.0,PASS
RECLAIM-V2-000166,RETRY_ALL,RETRY_ALL,103.4876077282698,25.0,78.4876077282698,78.4876077282698,0.0,PASS
RECLAIM-V2-000167,RETRY_ALL,RETRY_ALL,217.41578784372555,25.0,192.41578784372555,192.41578784372555,0.0,PASS
RECLAIM-V2-000168,RETRY_ALL,RETRY_ALL,223.5181278045144,25.0,198.5181278045144,198.5181278045144,0.0,PASS
RECLAIM-V2-000169,RETRY_ALL,RETRY_ALL,79.7140467843726,25.0,54.7140467843726,54.7140467843726,0.0,PASS
RECLAIM-V2-000170,RETRY_ALL,RETRY_ALL,326.42475583947703,25.0,301.42475583947703,301.42475583947703,0.0,PASS
RECLAIM-V2-000171,RETRY_ALL,RETRY_ALL,0.0,25.0,-25.0,-25.0,0.0,PASS
RECLAIM-V2-000172,RETRY_ALL,RETRY_ALL,0.0,25.0,-25.0,-25.0,0.0,PASS
RECLAIM-V2-000173,RETRY_ALL,RETRY_ALL,145.4876856718293,25.0,120.4876856718293,120.4876856718293,0.0,PASS
RECLAIM-V2-000174,RETRY_ALL,RETRY_ALL,356.7874143075903,25.0,331.7874143075903,331.7874143075903,0.0,PASS
RECLAIM-V2-000175,RETRY_ALL,RETRY_ALL,362.53675507001503,25.0,337.53675507001503,337.53675507001503,0.0,PASS
RECLAIM-V2-000176,RETRY_ALL,RETRY_ALL,51.76984109727705,25.0,26.76984109727705,26.76984109727705,0.0,PASS
RECLAIM-V2-000177,RETRY_ALL,RETRY_ALL,0.0,25.0,-25.0,-25.0,0.0,PASS
RECLAIM-V2-000178,RETRY_ALL,RETRY_ALL,319.98299127238664,25.0,294.98299127238664,294.98299127238664,0.0,PASS
RECLAIM-V2-000179,RETRY_ALL,RETRY_ALL,0.0,25.0,-25.0,-25.0,0.0,PASS
RECLAIM-V2-000180,RETRY_ALL,RETRY_ALL,258.1800121324089,25.0,233.18001213240888,233.18001213240888,0.0,PASS
RECLAIM-V2-000181,RETRY_ALL,RETRY_ALL,344.78247229552727,25.0,319.78247229552727,319.78247229552727,0.0,PASS
RECLAIM-V2-000182,TARGET,LOW_INTENSITY,460.4329422814961,45.0,415.4329422814961,415.4329422814961,0.0,PASS
RECLAIM-V2-000183,TARGET,MONITOR,397.56135618543794,10.0,387.56135618543794,387.56135618543794,0.0,PASS
RECLAIM-V2-000184,RETRY_ALL,RETRY_ALL,0.0,25.0,-25.0,-25.0,0.0,PASS
RECLAIM-V2-000185,RETRY_ALL,RETRY_ALL,0.0,25.0,-25.0,-25.0,0.0,PASS
RECLAIM-V2-000186,RETRY_ALL,RETRY_ALL,21.26435682821505,25.0,-3.7356431717849503,-3.7356431717849503,0.0,PASS
RECLAIM-V2-000187,RETRY_ALL,RETRY_ALL,136.69742504049557,25.0,111.69742504049556,111.69742504049557,1.4210854715202004e-14,PASS
RECLAIM-V2-000188,RETRY_ALL,RETRY_ALL,41.99057347424805,25.0,16.990573474248052,16.990573474248052,0.0,PASS
RECLAIM-V2-000189,RETRY_ALL,RETRY_ALL,254.3176288011933,25.0,229.3176288011933,229.3176288011933,0.0,PASS
RECLAIM-V2-000190,RETRY_ALL,RETRY_ALL,219.43786797600828,25.0,194.43786797600828,194.43786797600828,0.0,PASS
RECLAIM-V2-000191,RETRY_ALL,RETRY_ALL,155.22436315744366,25.0,130.22436315744366,130.22436315744366,0.0,PASS
RECLAIM-V2-000192,RETRY_ALL,RETRY_ALL,0.0,25.0,-25.0,-25.0,0.0,PASS
RECLAIM-V2-000193,RETRY_ALL,RETRY_ALL,227.6921730584934,25.0,202.6921730584934,202.6921730584934,0.0,PASS
RECLAIM-V2-000194,RETRY_ALL,RETRY_ALL,242.90061357866705,25.0,217.90061357866705,217.90061357866705,0.0,PASS
RECLAIM-V2-000195,RETRY_ALL,RETRY_ALL,45.537621412848296,25.0,20.537621412848296,20.537621412848296,0.0,PASS
RECLAIM-V2-000196,TARGET,HIGH_INTENSITY,637.9051317657382,120.0,517.9051317657382,517.9051317657382,0.0,PASS
RECLAIM-V2-000197,RETRY_ALL,RETRY_ALL,25.709344970038497,25.0,0.7093449700384973,0.7093449700384973,0.0,PASS
RECLAIM-V2-000198,RETRY_ALL,RETRY_ALL,243.35112755945744,25.0,218.35112755945744,218.35112755945744,0.0,PASS
RECLAIM-V2-000199,RETRY_ALL,RETRY_ALL,0.0,25.0,-25.0,-25.0,0.0,PASS
RECLAIM-V2-000200,RETRY_ALL,RETRY_ALL,58.789335936748806,25.0,33.789335936748806,33.789335936748806,0.0,PASS
RECLAIM-V2-000201,RETRY_ALL,RETRY_ALL,130.8446401918002,25.0,105.8446401918002,105.84464019180021,1.4210854715202004e-14,PASS
RECLAIM-V2-000202,RETRY_ALL,RETRY_ALL,351.0459489139388,25.0,326.0459489139388,326.0459489139388,0.0,PASS
RECLAIM-V2-000203,RETRY_ALL,RETRY_ALL,183.4503451913964,25.0,158.4503451913964,158.4503451913964,0.0,PASS
RECLAIM-V2-000204,RETRY_ALL,RETRY_ALL,0.0,25.0,-25.0,-25.0,0.0,PASS
RECLAIM-V2-000205,RETRY_ALL,RETRY_ALL,0.0,25.0,-25.0,-25.0,0.0,PASS
RECLAIM-V2-000206,RETRY_ALL,RETRY_ALL,142.40776734664814,25.0,117.40776734664814,117.40776734664814,0.0,PASS
RECLAIM-V2-000207,RETRY_ALL,RETRY_ALL,0.0,25.0,-25.0,-25.0,0.0,PASS
RECLAIM-V2-000208,RETRY_ALL,RETRY_ALL,0.0,25.0,-25.0,-25.0,0.0,PASS
RECLAIM-V2-000209,TARGET,STANDARD_TARGET,511.1428169622401,80.0,431.1428169622401,431.1428169622401,0.0,PASS
RECLAIM-V2-000210,RETRY_ALL,RETRY_ALL,0.0,25.0,-25.0,-25.0,0.0,PASS
RECLAIM-V2-000211,RETRY_ALL,RETRY_ALL,0.0,25.0,-25.0,-25.0,0.0,PASS
RECLAIM-V2-000212,RETRY_ALL,RETRY_ALL,0.0,25.0,-25.0,-25.0,0.0,PASS
RECLAIM-V2-000213,RETRY_ALL,RETRY_ALL,202.91091866568567,25.0,177.91091866568567,177.91091866568567,0.0,PASS
RECLAIM-V2-000214,RETRY_ALL,RETRY_ALL,0.0,25.0,-25.0,-25.0,0.0,PASS
RECLAIM-V2-000215,RETRY_ALL,RETRY_ALL,193.4600642910498,25.0,168.4600642910498,168.4600642910498,0.0,PASS
RECLAIM-V2-000216,RETRY_ALL,RETRY_ALL,274.13862550441564,25.0,249.13862550441564,249.13862550441564,0.0,PASS
RECLAIM-V2-000217,RETRY_ALL,RETRY_ALL,80.8806634215249,25.0,55.8806634215249,55.8806634215249,0.0,PASS
RECLAIM-V2-000218,RETRY_ALL,RETRY_ALL,13.49316445955025,25.0,-11.50683554044975,-11.50683554044975,0.0,PASS
RECLAIM-V2-000219,RETRY_ALL,RETRY_ALL,291.7665640027398,25.0,266.7665640027398,266.7665640027398,0.0,PASS
RECLAIM-V2-000220,RETRY_ALL,RETRY_ALL,348.8296197255766,25.0,323.8296197255766,323.8296197255766,0.0,PASS
RECLAIM-V2-000221,RETRY_ALL,RETRY_ALL,239.0982112237253,25.0,214.0982112237253,214.0982112237253,0.0,PASS
RECLAIM-V2-000222,RETRY_ALL,RETRY_ALL,0.0,25.0,-25.0,-25.0,0.0,PASS
RECLAIM-V2-000223,RETRY_ALL,RETRY_ALL,61.5543721410348,25.0,36.5543721410348,36.5543721410348,0.0,PASS
RECLAIM-V2-000224,RETRY_ALL,RETRY_ALL,204.17643550459096,25.0,179.17643550459096,179.17643550459096,0.0,PASS
RECLAIM-V2-000225,TARGET,LOW_INTENSITY,461.0162648440349,45.0,416.0162648440349,416.0162648440349,0.0,PASS
RECLAIM-V2-000226,RETRY_ALL,RETRY_ALL,194.36595514951216,25.0,169.36595514951216,169.36595514951216,0.0,PASS
RECLAIM-V2-000227,RETRY_ALL,RETRY_ALL,0.0,25.0,-25.0,-25.0,0.0,PASS
RECLAIM-V2-000228,RETRY_ALL,RETRY_ALL,0.0,25.0,-25.0,-25.0,0.0,PASS
RECLAIM-V2-000229,RETRY_ALL,RETRY_ALL,340.21333484736164,25.0,315.21333484736164,315.21333484736164,0.0,PASS
RECLAIM-V2-000230,RETRY_ALL,RETRY_ALL,12.79950469464915,25.0,-12.20049530535085,-12.20049530535085,0.0,PASS
RECLAIM-V2-000231,RETRY_ALL,RETRY_ALL,0.0,25.0,-25.0,-25.0,0.0,PASS
RECLAIM-V2-000232,TARGET,LOW_INTENSITY,481.1513685773913,45.0,436.1513685773913,436.1513685773913,0.0,PASS
RECLAIM-V2-000233,TARGET,LOW_INTENSITY,470.65625924259496,45.0,425.65625924259496,425.65625924259496,0.0,PASS
RECLAIM-V2-000234,RETRY_ALL,RETRY_ALL,0.0,25.0,-25.0,-25.0,0.0,PASS
RECLAIM-V2-000235,RETRY_ALL,RETRY_ALL,160.05888908668828,25.0,135.05888908668828,135.05888908668828,0.0,PASS
RECLAIM-V2-000236,RETRY_ALL,RETRY_ALL,0.0,25.0,-25.0,-25.0,0.0,PASS
RECLAIM-V2-000237,RETRY_ALL,RETRY_ALL,0.0,25.0,-25.0,-25.0,0.0,PASS
RECLAIM-V2-000238,RETRY_ALL,RETRY_ALL,88.49326858623735,25.0,63.49326858623735,63.49326858623735,0.0,PASS
RECLAIM-V2-000239,RETRY_ALL,RETRY_ALL,0.0,25.0,-25.0,-25.0,0.0,PASS
RECLAIM-V2-000240,RETRY_ALL,RETRY_ALL,249.1294915020056,25.0,224.1294915020056,224.1294915020056,0.0,PASS
RECLAIM-V2-000241,RETRY_ALL,RETRY_ALL,20.9195151057357,25.0,-4.080484894264298,-4.080484894264298,0.0,PASS
RECLAIM-V2-000242,RETRY_ALL,RETRY_ALL,0.0,25.0,-25.0,-25.0,0.0,PASS
RECLAIM-V2-000243,RETRY_ALL,RETRY_ALL,280.1527035294351,25.0,255.1527035294351,255.1527035294351,0.0,PASS
RECLAIM-V2-000244,RETRY_ALL,RETRY_ALL,224.5977949338612,25.0,199.5977949338612,199.5977949338612,0.0,PASS
RECLAIM-V2-000245,RETRY_ALL,RETRY_ALL,0.0,25.0,-25.0,-25.0,0.0,PASS
RECLAIM-V2-000246,TARGET,LOW_INTENSITY,455.5183370200302,45.0,410.5183370200302,410.5183370200302,0.0,PASS
RECLAIM-V2-000247,RETRY_ALL,RETRY_ALL,108.98765822122786,25.0,83.98765822122786,83.98765822122786,0.0,PASS
RECLAIM-V2-000248,RETRY_ALL,RETRY_ALL,268.42232482400834,25.0,243.4223248240084,243.42232482400834,-5.684341886080802e-14,PASS
RECLAIM-V2-000249,RETRY_ALL,RETRY_ALL,40.6055068668012,25.0,15.6055068668012,15.6055068668012,0.0,PASS
RECLAIM-V2-000250,RETRY_ALL,RETRY_ALL,148.4947433144004,25.0,123.4947433144004,123.49474331440041,1.4210854715202004e-14,PASS
RECLAIM-V2-000251,RETRY_ALL,RETRY_ALL,165.66876784084755,25.0,140.66876784084755,140.66876784084755,0.0,PASS
RECLAIM-V2-000252,RETRY_ALL,RETRY_ALL,0.0,25.0,-25.0,-25.0,0.0,PASS
RECLAIM-V2-000253,RETRY_ALL,RETRY_ALL,0.0,25.0,-25.0,-25.0,0.0,PASS
RECLAIM-V2-000254,RETRY_ALL,RETRY_ALL,0.0,25.0,-25.0,-25.0,0.0,PASS
RECLAIM-V2-000255,RETRY_ALL,RETRY_ALL,359.25102201165555,25.0,334.25102201165555,334.25102201165555,0.0,PASS
RECLAIM-V2-000256,TARGET,LOW_INTENSITY,477.9159303293319,45.0,432.9159303293319,432.9159303293319,0.0,PASS
RECLAIM-V2-000257,RETRY_ALL,RETRY_ALL,0.0,25.0,-25.0,-25.0,0.0,PASS
RECLAIM-V2-000258,RETRY_ALL,RETRY_ALL,129.10626051638852,25.0,104.10626051638852,104.10626051638852,0.0,PASS
RECLAIM-V2-000259,RETRY_ALL,RETRY_ALL,95.88225938113364,25.0,70.88225938113364,70.88225938113364,0.0,PASS
RECLAIM-V2-000260,RETRY_ALL,RETRY_ALL,292.5116017340929,25.0,267.5116017340929,267.5116017340929,0.0,PASS
RECLAIM-V2-000261,RETRY_ALL,RETRY_ALL,0.0,25.0,-25.0,-25.0,0.0,PASS
RECLAIM-V2-000262,RETRY_ALL,RETRY_ALL,317.45001830836185,25.0,292.45001830836185,292.45001830836185,0.0,PASS
RECLAIM-V2-000263,RETRY_ALL,RETRY_ALL,90.85751859249316,25.0,65.85751859249316,65.85751859249316,0.0,PASS
RECLAIM-V2-000264,RETRY_ALL,RETRY_ALL,353.6747006673148,25.0,328.6747006673148,328.6747006673148,0.0,PASS
RECLAIM-V2-000265,RETRY_ALL,RETRY_ALL,0.0,25.0,-25.0,-25.0,0.0,PASS
RECLAIM-V2-000266,RETRY_ALL,RETRY_ALL,0.0,25.0,-25.0,-25.0,0.0,PASS
RECLAIM-V2-000267,RETRY_ALL,RETRY_ALL,362.7183844846458,25.0,337.7183844846458,337.7183844846458,0.0,PASS
RECLAIM-V2-000268,RETRY_ALL,RETRY_ALL,0.0,25.0,-25.0,-25.0,0.0,PASS
RECLAIM-V2-000269,RETRY_ALL,RETRY_ALL,0.0,25.0,-25.0,-25.0,0.0,PASS
RECLAIM-V2-000270,TARGET,MONITOR,405.0594009378512,10.0,395.0594009378512,395.0594009378512,0.0,PASS
RECLAIM-V2-000271,RETRY_ALL,RETRY_ALL,16.8666593255268,25.0,-8.1333406744732,-8.1333406744732,0.0,PASS
RECLAIM-V2-000272,RETRY_ALL,RETRY_ALL,0.0,25.0,-25.0,-25.0,0.0,PASS
RECLAIM-V2-000273,RETRY_ALL,RETRY_ALL,357.05635495694327,25.0,332.05635495694327,332.05635495694327,0.0,PASS
RECLAIM-V2-000274,RETRY_ALL,RETRY_ALL,238.41721250506785,25.0,213.41721250506785,213.41721250506785,0.0,PASS
RECLAIM-V2-000275,RETRY_ALL,RETRY_ALL,251.60050546660423,25.0,226.60050546660423,226.60050546660423,0.0,PASS
RECLAIM-V2-000276,RETRY_ALL,RETRY_ALL,330.68411849089813,25.0,305.68411849089813,305.68411849089813,0.0,PASS
RECLAIM-V2-000277,RETRY_ALL,RETRY_ALL,247.3145395026339,25.0,222.3145395026339,222.3145395026339,0.0,PASS
RECLAIM-V2-000278,RETRY_ALL,RETRY_ALL,0.0,25.0,-25.0,-25.0,0.0,PASS
RECLAIM-V2-000279,RETRY_ALL,RETRY_ALL,251.97858252961245,25.0,226.97858252961245,226.97858252961245,0.0,PASS
RECLAIM-V2-000280,RETRY_ALL,RETRY_ALL,0.0,25.0,-25.0,-25.0,0.0,PASS
RECLAIM-V2-000281,RETRY_ALL,RETRY_ALL,0.0,25.0,-25.0,-25.0,0.0,PASS
RECLAIM-V2-000282,RETRY_ALL,RETRY_ALL,0.0,25.0,-25.0,-25.0,0.0,PASS
RECLAIM-V2-000283,RETRY_ALL,RETRY_ALL,0.0,25.0,-25.0,-25.0,0.0,PASS
RECLAIM-V2-000284,RETRY_ALL,RETRY_ALL,380.7230575387809,25.0,355.7230575387809,355.7230575387809,0.0,PASS
RECLAIM-V2-000285,RETRY_ALL,RETRY_ALL,339.1745671510942,25.0,314.1745671510942,314.1745671510942,0.0,PASS
RECLAIM-V2-000286,RETRY_ALL,RETRY_ALL,0.0,25.0,-25.0,-25.0,0.0,PASS
RECLAIM-V2-000287,RETRY_ALL,RETRY_ALL,264.91221726273704,25.0,239.91221726273704,239.91221726273704,0.0,PASS
RECLAIM-V2-000288,RETRY_ALL,RETRY_ALL,144.28853481552224,25.0,119.28853481552224,119.28853481552224,0.0,PASS
RECLAIM-V2-000289,RETRY_ALL,RETRY_ALL,178.495231866402,25.0,153.495231866402,153.495231866402,0.0,PASS
RECLAIM-V2-000290,RETRY_ALL,RETRY_ALL,0.0,25.0,-25.0,-25.0,0.0,PASS
RECLAIM-V2-000291,RETRY_ALL,RETRY_ALL,0.0,25.0,-25.0,-25.0,0.0,PASS
RECLAIM-V2-000292,TARGET,MONITOR,410.8445281164816,10.0,400.8445281164816,400.8445281164816,0.0,PASS
RECLAIM-V2-000293,RETRY_ALL,RETRY_ALL,27.71602866850425,25.0,2.7160286685042507,2.7160286685042507,0.0,PASS
RECLAIM-V2-000294,RETRY_ALL,RETRY_ALL,91.87670844597044,25.0,66.87670844597044,66.87670844597044,0.0,PASS
RECLAIM-V2-000295,RETRY_ALL,RETRY_ALL,105.7304673189747,25.0,80.7304673189747,80.7304673189747,0.0,PASS
RECLAIM-V2-000296,TARGET,LOW_INTENSITY,437.5425788929503,45.0,392.5425788929503,392.5425788929503,0.0,PASS
RECLAIM-V2-000297,RETRY_ALL,RETRY_ALL,112.3775288545602,25.0,87.3775288545602,87.3775288545602,0.0,PASS
RECLAIM-V2-000298,RETRY_ALL,RETRY_ALL,0.0,25.0,-25.0,-25.0,0.0,PASS
RECLAIM-V2-000299,RETRY_ALL,RETRY_ALL,0.0,25.0,-25.0,-25.0,0.0,PASS
RECLAIM-V2-000300,RETRY_ALL,RETRY_ALL,0.0,25.0,-25.0,-25.0,0.0,PASS
RECLAIM-V2-000301,RETRY_ALL,RETRY_ALL,111.68241027468284,25.0,86.68241027468284,86.68241027468284,0.0,PASS
RECLAIM-V2-000302,RETRY_ALL,RETRY_ALL,255.9052693305705,25.0,230.9052693305705,230.9052693305705,0.0,PASS
RECLAIM-V2-000303,RETRY_ALL,RETRY_ALL,0.0,25.0,-25.0,-25.0,0.0,PASS
RECLAIM-V2-000304,RETRY_ALL,RETRY_ALL,256.7285185632939,25.0,231.7285185632939,231.7285185632939,0.0,PASS
RECLAIM-V2-000305,RETRY_ALL,RETRY_ALL,0.0,25.0,-25.0,-25.0,0.0,PASS
RECLAIM-V2-000306,RETRY_ALL,RETRY_ALL,0.0,25.0,-25.0,-25.0,0.0,PASS
RECLAIM-V2-000307,RETRY_ALL,RETRY_ALL,14.223006226905753,25.0,-10.776993773094247,-10.776993773094247,0.0,PASS
RECLAIM-V2-000308,RETRY_ALL,RETRY_ALL,0.0,25.0,-25.0,-25.0,0.0,PASS
RECLAIM-V2-000309,RETRY_ALL,RETRY_ALL,0.0,25.0,-25.0,-25.0,0.0,PASS
RECLAIM-V2-000310,RETRY_ALL,RETRY_ALL,199.25199997765844,25.0,174.25199997765844,174.25199997765844,0.0,PASS
RECLAIM-V2-000311,TARGET,STANDARD_TARGET,518.0520698035673,80.0,438.0520698035673,438.0520698035673,0.0,PASS
RECLAIM-V2-000312,RETRY_ALL,RETRY_ALL,0.0,25.0,-25.0,-25.0,0.0,PASS
RECLAIM-V2-000313,RETRY_ALL,RETRY_ALL,0.0,25.0,-25.0,-25.0,0.0,PASS
RECLAIM-V2-000314,RETRY_ALL,RETRY_ALL,0.0,25.0,-25.0,-25.0,0.0,PASS
RECLAIM-V2-000315,RETRY_ALL,RETRY_ALL,0.0,25.0,-25.0,-25.0,0.0,PASS
RECLAIM-V2-000316,TARGET,LOW_INTENSITY,481.7937431317733,45.0,436.7937431317733,436.7937431317733,0.0,PASS
RECLAIM-V2-000317,RETRY_ALL,RETRY_ALL,0.0,25.0,-25.0,-25.0,0.0,PASS
RECLAIM-V2-000318,RETRY_ALL,RETRY_ALL,0.0,25.0,-25.0,-25.0,0.0,PASS
RECLAIM-V2-000319,RETRY_ALL,RETRY_ALL,112.82634229523777,25.0,87.82634229523777,87.82634229523777,0.0,PASS
RECLAIM-V2-000320,RETRY_ALL,RETRY_ALL,0.0,25.0,-25.0,-25.0,0.0,PASS
RECLAIM-V2-000321,RETRY_ALL,RETRY_ALL,0.0,25.0,-25.0,-25.0,0.0,PASS
RECLAIM-V2-000322,RETRY_ALL,RETRY_ALL,0.0,25.0,-25.0,-25.0,0.0,PASS
RECLAIM-V2-000323,RETRY_ALL,RETRY_ALL,0.0,25.0,-25.0,-25.0,0.0,PASS
RECLAIM-V2-000324,RETRY_ALL,RETRY_ALL,89.06717160608746,25.0,64.06717160608746,64.06717160608746,0.0,PASS
RECLAIM-V2-000325,RETRY_ALL,RETRY_ALL,0.0,25.0,-25.0,-25.0,0.0,PASS
RECLAIM-V2-000326,RETRY_ALL,RETRY_ALL,322.9925205896709,25.0,297.9925205896709,297.9925205896709,0.0,PASS
RECLAIM-V2-000327,RETRY_ALL,RETRY_ALL,66.1051906797048,25.0,41.105190679704805,41.105190679704805,0.0,PASS
RECLAIM-V2-000328,RETRY_ALL,RETRY_ALL,0.0,25.0,-25.0,-25.0,0.0,PASS
RECLAIM-V2-000329,RETRY_ALL,RETRY_ALL,161.3768107561803,25.0,136.3768107561803,136.3768107561803,0.0,PASS
RECLAIM-V2-000330,RETRY_ALL,RETRY_ALL,0.0,25.0,-25.0,-25.0,0.0,PASS
RECLAIM-V2-000331,RETRY_ALL,RETRY_ALL,257.61195834051136,25.0,232.61195834051136,232.61195834051136,0.0,PASS
RECLAIM-V2-000332,RETRY_ALL,RETRY_ALL,23.6118250301796,25.0,-1.3881749698204011,-1.3881749698204011,0.0,PASS
RECLAIM-V2-000333,RETRY_ALL,RETRY_ALL,235.6762310581509,25.0,210.6762310581509,210.6762310581509,0.0,PASS
RECLAIM-V2-000334,RETRY_ALL,RETRY_ALL,0.0,25.0,-25.0,-25.0,0.0,PASS
RECLAIM-V2-000335,RETRY_ALL,RETRY_ALL,383.9490449206275,25.0,358.9490449206275,358.9490449206275,0.0,PASS
RECLAIM-V2-000336,RETRY_ALL,RETRY_ALL,232.98627820651964,25.0,207.98627820651964,207.98627820651964,0.0,PASS
RECLAIM-V2-000337,RETRY_ALL,RETRY_ALL,0.0,25.0,-25.0,-25.0,0.0,PASS
RECLAIM-V2-000338,RETRY_ALL,RETRY_ALL,0.0,25.0,-25.0,-25.0,0.0,PASS
RECLAIM-V2-000339,RETRY_ALL,RETRY_ALL,0.0,25.0,-25.0,-25.0,0.0,PASS
RECLAIM-V2-000340,RETRY_ALL,RETRY_ALL,0.0,25.0,-25.0,-25.0,0.0,PASS
RECLAIM-V2-000341,RETRY_ALL,RETRY_ALL,214.925424157676,25.0,189.925424157676,189.925424157676,0.0,PASS
RECLAIM-V2-000342,RETRY_ALL,RETRY_ALL,0.0,25.0,-25.0,-25.0,0.0,PASS
RECLAIM-V2-000343,RETRY_ALL,RETRY_ALL,113.44331622708766,25.0,88.44331622708766,88.44331622708766,0.0,PASS
RECLAIM-V2-000344,RETRY_ALL,RETRY_ALL,0.0,25.0,-25.0,-25.0,0.0,PASS
RECLAIM-V2-000345,RETRY_ALL,RETRY_ALL,136.21702594126575,25.0,111.21702594126576,111.21702594126575,-1.4210854715202004e-14,PASS
RECLAIM-V2-000346,RETRY_ALL,RETRY_ALL,200.14583873271528,25.0,175.14583873271528,175.14583873271528,0.0,PASS
RECLAIM-V2-000347,RETRY_ALL,RETRY_ALL,0.0,25.0,-25.0,-25.0,0.0,PASS
RECLAIM-V2-000348,RETRY_ALL,RETRY_ALL,322.24016504105566,25.0,297.24016504105566,297.24016504105566,0.0,PASS
RECLAIM-V2-000349,RETRY_ALL,RETRY_ALL,0.0,25.0,-25.0,-25.0,0.0,PASS
RECLAIM-V2-000350,RETRY_ALL,RETRY_ALL,77.1970416694353,25.0,52.19704166943529,52.19704166943529,0.0,PASS
RECLAIM-V2-000351,TARGET,LOW_INTENSITY,469.1123637812107,45.0,424.1123637812107,424.1123637812107,0.0,PASS
RECLAIM-V2-000352,RETRY_ALL,RETRY_ALL,0.0,25.0,-25.0,-25.0,0.0,PASS
RECLAIM-V2-000353,RETRY_ALL,RETRY_ALL,0.0,25.0,-25.0,-25.0,0.0,PASS
RECLAIM-V2-000354,RETRY_ALL,RETRY_ALL,0.0,25.0,-25.0,-25.0,0.0,PASS
RECLAIM-V2-000355,RETRY_ALL,RETRY_ALL,319.6758308135178,25.0,294.6758308135178,294.6758308135178,0.0,PASS
RECLAIM-V2-000356,RETRY_ALL,RETRY_ALL,311.949611964781,25.0,286.949611964781,286.949611964781,0.0,PASS
RECLAIM-V2-000357,RETRY_ALL,RETRY_ALL,383.1973692764229,25.0,358.1973692764229,358.1973692764229,0.0,PASS
RECLAIM-V2-000358,RETRY_ALL,RETRY_ALL,0.0,25.0,-25.0,-25.0,0.0,PASS
RECLAIM-V2-000359,TARGET,LOW_INTENSITY,468.6740944734261,45.0,423.6740944734261,423.6740944734261,0.0,PASS
RECLAIM-V2-000360,RETRY_ALL,RETRY_ALL,0.0,25.0,-25.0,-25.0,0.0,PASS
RECLAIM-V2-000361,RETRY_ALL,RETRY_ALL,0.0,25.0,-25.0,-25.0,0.0,PASS
RECLAIM-V2-000362,RETRY_ALL,RETRY_ALL,79.2480063809781,25.0,54.2480063809781,54.2480063809781,0.0,PASS
RECLAIM-V2-000363,RETRY_ALL,RETRY_ALL,69.89980845356415,25.0,44.89980845356415,44.89980845356415,0.0,PASS
RECLAIM-V2-000364,RETRY_ALL,RETRY_ALL,75.71546126243625,25.0,50.71546126243625,50.71546126243625,0.0,PASS
RECLAIM-V2-000365,TARGET,LOW_INTENSITY,445.3041997675268,45.0,400.3041997675268,400.3041997675268,0.0,PASS
RECLAIM-V2-000366,RETRY_ALL,RETRY_ALL,0.0,25.0,-25.0,-25.0,0.0,PASS
RECLAIM-V2-000367,RETRY_ALL,RETRY_ALL,0.0,25.0,-25.0,-25.0,0.0,PASS
RECLAIM-V2-000368,RETRY_ALL,RETRY_ALL,35.4600821786343,25.0,10.460082178634302,10.460082178634302,0.0,PASS
RECLAIM-V2-000369,RETRY_ALL,RETRY_ALL,94.017549668379,25.0,69.017549668379,69.017549668379,0.0,PASS
RECLAIM-V2-000370,RETRY_ALL,RETRY_ALL,0.0,25.0,-25.0,-25.0,0.0,PASS
RECLAIM-V2-000371,RETRY_ALL,RETRY_ALL,129.2111476838121,25.0,104.2111476838121,104.2111476838121,0.0,PASS
RECLAIM-V2-000372,RETRY_ALL,RETRY_ALL,0.0,25.0,-25.0,-25.0,0.0,PASS
RECLAIM-V2-000373,RETRY_ALL,RETRY_ALL,0.0,25.0,-25.0,-25.0,0.0,PASS
RECLAIM-V2-000374,RETRY_ALL,RETRY_ALL,238.19189181811663,25.0,213.19189181811663,213.19189181811663,0.0,PASS
RECLAIM-V2-000375,RETRY_ALL,RETRY_ALL,0.0,25.0,-25.0,-25.0,0.0,PASS
RECLAIM-V2-000376,RETRY_ALL,RETRY_ALL,0.0,25.0,-25.0,-25.0,0.0,PASS
RECLAIM-V2-000377,RETRY_ALL,RETRY_ALL,46.61133194094825,25.0,21.611331940948247,21.611331940948247,0.0,PASS
RECLAIM-V2-000378,RETRY_ALL,RETRY_ALL,0.0,25.0,-25.0,-25.0,0.0,PASS
RECLAIM-V2-000379,RETRY_ALL,RETRY_ALL,360.69364279430806,25.0,335.69364279430806,335.69364279430806,0.0,PASS
RECLAIM-V2-000380,RETRY_ALL,RETRY_ALL,341.2439422835083,25.0,316.2439422835083,316.2439422835083,0.0,PASS
RECLAIM-V2-000381,TARGET,MONITOR,425.337838454439,10.0,415.337838454439,415.337838454439,0.0,PASS
RECLAIM-V2-000382,RETRY_ALL,RETRY_ALL,0.0,25.0,-25.0,-25.0,0.0,PASS
RECLAIM-V2-000383,RETRY_ALL,RETRY_ALL,355.3895319725847,25.0,330.3895319725847,330.3895319725847,0.0,PASS
RECLAIM-V2-000384,RETRY_ALL,RETRY_ALL,0.0,25.0,-25.0,-25.0,0.0,PASS
RECLAIM-V2-000385,RETRY_ALL,RETRY_ALL,0.0,25.0,-25.0,-25.0,0.0,PASS
RECLAIM-V2-000386,RETRY_ALL,RETRY_ALL,91.599021368472,25.0,66.599021368472,66.599021368472,0.0,PASS
RECLAIM-V2-000387,RETRY_ALL,RETRY_ALL,0.0,25.0,-25.0,-25.0,0.0,PASS
RECLAIM-V2-000388,RETRY_ALL,RETRY_ALL,0.0,25.0,-25.0,-25.0,0.0,PASS
RECLAIM-V2-000389,RETRY_ALL,RETRY_ALL,221.81397008065963,25.0,196.81397008065963,196.81397008065963,0.0,PASS
RECLAIM-V2-000390,RETRY_ALL,RETRY_ALL,35.04076379926305,25.0,10.040763799263049,10.040763799263047,-1.7763568394002505e-15,PASS
RECLAIM-V2-000391,RETRY_ALL,RETRY_ALL,0.0,25.0,-25.0,-25.0,0.0,PASS
RECLAIM-V2-000392,RETRY_ALL,RETRY_ALL,37.70186302321545,25.0,12.701863023215452,12.701863023215452,0.0,PASS
RECLAIM-V2-000393,RETRY_ALL,RETRY_ALL,67.43566427817571,25.0,42.43566427817571,42.43566427817571,0.0,PASS
RECLAIM-V2-000394,RETRY_ALL,RETRY_ALL,232.34124228247472,25.0,207.34124228247472,207.34124228247472,0.0,PASS
RECLAIM-V2-000395,RETRY_ALL,RETRY_ALL,241.61354643218127,25.0,216.61354643218127,216.61354643218127,0.0,PASS
RECLAIM-V2-000396,RETRY_ALL,RETRY_ALL,0.0,25.0,-25.0,-25.0,0.0,PASS
RECLAIM-V2-000397,RETRY_ALL,RETRY_ALL,0.0,25.0,-25.0,-25.0,0.0,PASS
RECLAIM-V2-000398,RETRY_ALL,RETRY_ALL,313.330650789654,25.0,288.330650789654,288.330650789654,0.0,PASS
RECLAIM-V2-000399,RETRY_ALL,RETRY_ALL,0.0,25.0,-25.0,-25.0,0.0,PASS
RECLAIM-V2-000400,TARGET,LOW_INTENSITY,447.9676333800195,45.0,402.9676333800195,402.9676333800195,0.0,PASS
RECLAIM-V2-000401,RETRY_ALL,RETRY_ALL,389.37671060342734,25.0,364.37671060342734,364.37671060342734,0.0,PASS
RECLAIM-V2-000402,RETRY_ALL,RETRY_ALL,112.82677642168096,25.0,87.82677642168096,87.82677642168096,0.0,PASS
RECLAIM-V2-000403,RETRY_ALL,RETRY_ALL,0.0,25.0,-25.0,-25.0,0.0,PASS
RECLAIM-V2-000404,RETRY_ALL,RETRY_ALL,0.0,25.0,-25.0,-25.0,0.0,PASS
RECLAIM-V2-000405,RETRY_ALL,RETRY_ALL,22.19268299159835,25.0,-2.8073170084016503,-2.8073170084016503,0.0,PASS
RECLAIM-V2-000406,RETRY_ALL,RETRY_ALL,267.21075628249395,25.0,242.21075628249395,242.21075628249395,0.0,PASS
RECLAIM-V2-000407,RETRY_ALL,RETRY_ALL,0.0,25.0,-25.0,-25.0,0.0,PASS
RECLAIM-V2-000408,RETRY_ALL,RETRY_ALL,0.0,25.0,-25.0,-25.0,0.0,PASS
RECLAIM-V2-000409,RETRY_ALL,RETRY_ALL,89.42387674425915,25.0,64.42387674425915,64.42387674425915,0.0,PASS
RECLAIM-V2-000410,RETRY_ALL,RETRY_ALL,0.0,25.0,-25.0,-25.0,0.0,PASS
RECLAIM-V2-000411,RETRY_ALL,RETRY_ALL,0.0,25.0,-25.0,-25.0,0.0,PASS
RECLAIM-V2-000412,RETRY_ALL,RETRY_ALL,0.0,25.0,-25.0,-25.0,0.0,PASS
RECLAIM-V2-000413,RETRY_ALL,RETRY_ALL,0.0,25.0,-25.0,-25.0,0.0,PASS
RECLAIM-V2-000414,RETRY_ALL,RETRY_ALL,166.05820537622566,25.0,141.05820537622566,141.05820537622566,0.0,PASS
RECLAIM-V2-000415,RETRY_ALL,RETRY_ALL,380.9945039816767,25.0,355.9945039816767,355.9945039816767,0.0,PASS
RECLAIM-V2-000416,RETRY_ALL,RETRY_ALL,0.0,25.0,-25.0,-25.0,0.0,PASS
RECLAIM-V2-000417,RETRY_ALL,RETRY_ALL,0.0,25.0,-25.0,-25.0,0.0,PASS
RECLAIM-V2-000418,RETRY_ALL,RETRY_ALL,242.53306165722628,25.0,217.53306165722628,217.53306165722628,0.0,PASS
RECLAIM-V2-000419,RETRY_ALL,RETRY_ALL,0.0,25.0,-25.0,-25.0,0.0,PASS
RECLAIM-V2-000420,RETRY_ALL,RETRY_ALL,0.0,25.0,-25.0,-25.0,0.0,PASS
RECLAIM-V2-000421,RETRY_ALL,RETRY_ALL,0.0,25.0,-25.0,-25.0,0.0,PASS
RECLAIM-V2-000422,RETRY_ALL,RETRY_ALL,284.2985928331201,25.0,259.2985928331201,259.2985928331201,0.0,PASS
RECLAIM-V2-000423,RETRY_ALL,RETRY_ALL,0.0,25.0,-25.0,-25.0,0.0,PASS
RECLAIM-V2-000424,RETRY_ALL,RETRY_ALL,0.0,25.0,-25.0,-25.0,0.0,PASS
RECLAIM-V2-000425,RETRY_ALL,RETRY_ALL,331.1303653201578,25.0,306.1303653201578,306.1303653201578,0.0,PASS
RECLAIM-V2-000426,RETRY_ALL,RETRY_ALL,0.0,25.0,-25.0,-25.0,0.0,PASS
RECLAIM-V2-000427,RETRY_ALL,RETRY_ALL,361.9429496464769,25.0,336.9429496464769,336.9429496464769,0.0,PASS
RECLAIM-V2-000428,RETRY_ALL,RETRY_ALL,0.0,25.0,-25.0,-25.0,0.0,PASS
RECLAIM-V2-000429,RETRY_ALL,RETRY_ALL,81.67906368966975,25.0,56.67906368966975,56.679063689669746,-7.105427357601002e-15,PASS
RECLAIM-V2-000430,RETRY_ALL,RETRY_ALL,251.77709389014464,25.0,226.77709389014464,226.77709389014464,0.0,PASS
RECLAIM-V2-000431,RETRY_ALL,RETRY_ALL,0.0,25.0,-25.0,-25.0,0.0,PASS
RECLAIM-V2-000432,RETRY_ALL,RETRY_ALL,0.0,25.0,-25.0,-25.0,0.0,PASS
RECLAIM-V2-000433,RETRY_ALL,RETRY_ALL,310.8557720941935,25.0,285.8557720941935,285.8557720941935,0.0,PASS
RECLAIM-V2-000434,RETRY_ALL,RETRY_ALL,339.52357661749363,25.0,314.52357661749363,314.52357661749363,0.0,PASS
RECLAIM-V2-000435,RETRY_ALL,RETRY_ALL,0.0,25.0,-25.0,-25.0,0.0,PASS
RECLAIM-V2-000436,RETRY_ALL,RETRY_ALL,252.97474891544488,25.0,227.97474891544488,227.97474891544488,0.0,PASS
RECLAIM-V2-000437,RETRY_ALL,RETRY_ALL,0.0,25.0,-25.0,-25.0,0.0,PASS
RECLAIM-V2-000438,RETRY_ALL,RETRY_ALL,0.0,25.0,-25.0,-25.0,0.0,PASS
RECLAIM-V2-000439,RETRY_ALL,RETRY_ALL,0.0,25.0,-25.0,-25.0,0.0,PASS
RECLAIM-V2-000440,RETRY_ALL,RETRY_ALL,0.0,25.0,-25.0,-25.0,0.0,PASS
RECLAIM-V2-000441,RETRY_ALL,RETRY_ALL,0.0,25.0,-25.0,-25.0,0.0,PASS
RECLAIM-V2-000442,RETRY_ALL,RETRY_ALL,115.5245527232448,25.0,90.5245527232448,90.5245527232448,0.0,PASS
RECLAIM-V2-000443,RETRY_ALL,RETRY_ALL,0.0,25.0,-25.0,-25.0,0.0,PASS
RECLAIM-V2-000444,RETRY_ALL,RETRY_ALL,0.0,25.0,-25.0,-25.0,0.0,PASS
RECLAIM-V2-000445,RETRY_ALL,RETRY_ALL,0.0,25.0,-25.0,-25.0,0.0,PASS
RECLAIM-V2-000446,RETRY_ALL,RETRY_ALL,207.72879075937504,25.0,182.72879075937504,182.72879075937504,0.0,PASS
RECLAIM-V2-000447,RETRY_ALL,RETRY_ALL,38.547932054147545,25.0,13.547932054147545,13.547932054147545,0.0,PASS
RECLAIM-V2-000448,RETRY_ALL,RETRY_ALL,0.0,25.0,-25.0,-25.0,0.0,PASS
RECLAIM-V2-000449,RETRY_ALL,RETRY_ALL,0.0,25.0,-25.0,-25.0,0.0,PASS
RECLAIM-V2-000450,RETRY_ALL,RETRY_ALL,0.0,25.0,-25.0,-25.0,0.0,PASS
RECLAIM-V2-000451,RETRY_ALL,RETRY_ALL,0.0,25.0,-25.0,-25.0,0.0,PASS
RECLAIM-V2-000452,RETRY_ALL,RETRY_ALL,0.0,25.0,-25.0,-25.0,0.0,PASS
RECLAIM-V2-000453,RETRY_ALL,RETRY_ALL,218.00056511667032,25.0,193.00056511667032,193.00056511667032,0.0,PASS
RECLAIM-V2-000454,TARGET,MONITOR,394.224364554362,10.0,384.224364554362,384.224364554362,0.0,PASS
RECLAIM-V2-000455,RETRY_ALL,RETRY_ALL,0.0,25.0,-25.0,-25.0,0.0,PASS
RECLAIM-V2-000456,RETRY_ALL,RETRY_ALL,121.20081655738876,25.0,96.20081655738876,96.20081655738876,0.0,PASS
RECLAIM-V2-000457,RETRY_ALL,RETRY_ALL,0.0,25.0,-25.0,-25.0,0.0,PASS
RECLAIM-V2-000458,RETRY_ALL,RETRY_ALL,0.0,25.0,-25.0,-25.0,0.0,PASS
RECLAIM-V2-000459,RETRY_ALL,RETRY_ALL,0.0,25.0,-25.0,-25.0,0.0,PASS
RECLAIM-V2-000460,RETRY_ALL,RETRY_ALL,0.0,25.0,-25.0,-25.0,0.0,PASS
RECLAIM-V2-000461,RETRY_ALL,RETRY_ALL,0.0,25.0,-25.0,-25.0,0.0,PASS
RECLAIM-V2-000462,RETRY_ALL,RETRY_ALL,175.93484227123574,25.0,150.93484227123574,150.93484227123574,0.0,PASS
RECLAIM-V2-000463,RETRY_ALL,RETRY_ALL,0.0,25.0,-25.0,-25.0,0.0,PASS
RECLAIM-V2-000464,RETRY_ALL,RETRY_ALL,0.0,25.0,-25.0,-25.0,0.0,PASS
RECLAIM-V2-000465,TARGET,LOW_INTENSITY,477.3635236027542,45.0,432.3635236027542,432.3635236027542,0.0,PASS
RECLAIM-V2-000466,RETRY_ALL,RETRY_ALL,3.7743469770405,25.0,-21.2256530229595,-21.2256530229595,0.0,PASS
RECLAIM-V2-000467,RETRY_ALL,RETRY_ALL,0.0,25.0,-25.0,-25.0,0.0,PASS
RECLAIM-V2-000468,RETRY_ALL,RETRY_ALL,189.10449402202065,25.0,164.10449402202065,164.10449402202065,0.0,PASS
RECLAIM-V2-000469,RETRY_ALL,RETRY_ALL,288.11289404901703,25.0,263.11289404901703,263.11289404901703,0.0,PASS
RECLAIM-V2-000470,RETRY_ALL,RETRY_ALL,97.91610065173036,25.0,72.91610065173036,72.91610065173036,0.0,PASS
RECLAIM-V2-000471,RETRY_ALL,RETRY_ALL,223.7190622876496,25.0,198.7190622876496,198.7190622876496,0.0,PASS
RECLAIM-V2-000472,RETRY_ALL,RETRY_ALL,2.22909718464645,25.0,-22.77090281535355,-22.77090281535355,0.0,PASS
RECLAIM-V2-000473,RETRY_ALL,RETRY_ALL,0.0,25.0,-25.0,-25.0,0.0,PASS
RECLAIM-V2-000474,RETRY_ALL,RETRY_ALL,0.0,25.0,-25.0,-25.0,0.0,PASS
RECLAIM-V2-000475,RETRY_ALL,RETRY_ALL,0.0,25.0,-25.0,-25.0,0.0,PASS
RECLAIM-V2-000476,RETRY_ALL,RETRY_ALL,41.8627829523972,25.0,16.862782952397197,16.862782952397197,0.0,PASS
RECLAIM-V2-000477,RETRY_ALL,RETRY_ALL,228.0908084969269,25.0,203.0908084969269,203.0908084969269,0.0,PASS
RECLAIM-V2-000478,RETRY_ALL,RETRY_ALL,0.0,25.0,-25.0,-25.0,0.0,PASS
RECLAIM-V2-000479,RETRY_ALL,RETRY_ALL,0.0,25.0,-25.0,-25.0,0.0,PASS
RECLAIM-V2-000480,RETRY_ALL,RETRY_ALL,348.1532312583045,25.0,323.1532312583045,323.1532312583045,0.0,PASS
RECLAIM-V2-000481,RETRY_ALL,RETRY_ALL,0.0,25.0,-25.0,-25.0,0.0,PASS
RECLAIM-V2-000482,RETRY_ALL,RETRY_ALL,109.71803874256094,25.0,84.71803874256094,84.71803874256094,0.0,PASS
RECLAIM-V2-000483,RETRY_ALL,RETRY_ALL,0.0,25.0,-25.0,-25.0,0.0,PASS
RECLAIM-V2-000484,RETRY_ALL,RETRY_ALL,236.79067685099983,25.0,211.79067685099983,211.79067685099983,0.0,PASS
RECLAIM-V2-000485,RETRY_ALL,RETRY_ALL,21.58071579041985,25.0,-3.419284209580152,-3.4192842095801517,4.440892098500626e-16,PASS
RECLAIM-V2-000486,RETRY_ALL,RETRY_ALL,287.04436840926,25.0,262.04436840926,262.04436840926,0.0,PASS
RECLAIM-V2-000487,RETRY_ALL,RETRY_ALL,83.48446119113595,25.0,58.48446119113595,58.48446119113595,0.0,PASS
RECLAIM-V2-000488,RETRY_ALL,RETRY_ALL,0.0,25.0,-25.0,-25.0,0.0,PASS
RECLAIM-V2-000489,RETRY_ALL,RETRY_ALL,225.7416878486929,25.0,200.7416878486929,200.7416878486929,0.0,PASS
RECLAIM-V2-000490,RETRY_ALL,RETRY_ALL,0.0,25.0,-25.0,-25.0,0.0,PASS
RECLAIM-V2-000491,RETRY_ALL,RETRY_ALL,0.0,25.0,-25.0,-25.0,0.0,PASS
RECLAIM-V2-000492,RETRY_ALL,RETRY_ALL,0.0,25.0,-25.0,-25.0,0.0,PASS
RECLAIM-V2-000493,RETRY_ALL,RETRY_ALL,0.0,25.0,-25.0,-25.0,0.0,PASS
RECLAIM-V2-000494,RETRY_ALL,RETRY_ALL,83.9561056515585,25.0,58.9561056515585,58.9561056515585,0.0,PASS
RECLAIM-V2-000495,RETRY_ALL,RETRY_ALL,269.50817306940417,25.0,244.50817306940417,244.50817306940417,0.0,PASS
RECLAIM-V2-000496,RETRY_ALL,RETRY_ALL,0.0,25.0,-25.0,-25.0,0.0,PASS
RECLAIM-V2-000497,RETRY_ALL,RETRY_ALL,348.99788077267635,25.0,323.99788077267635,323.99788077267635,0.0,PASS
RECLAIM-V2-000498,RETRY_ALL,RETRY_ALL,0.0,25.0,-25.0,-25.0,0.0,PASS
RECLAIM-V2-000499,RETRY_ALL,RETRY_ALL,80.12735699164635,25.0,55.12735699164635,55.12735699164635,0.0,PASS
RECLAIM-V2-000500,RETRY_ALL,RETRY_ALL,36.92389056205696,25.0,11.92389056205696,11.923890562056961,1.7763568394002505e-15,PASS
RECLAIM-V2-000501,RETRY_ALL,RETRY_ALL,15.41080457704605,25.0,-9.58919542295395,-9.58919542295395,0.0,PASS
RECLAIM-V2-000502,RETRY_ALL,RETRY_ALL,0.0,25.0,-25.0,-25.0,0.0,PASS
RECLAIM-V2-000503,RETRY_ALL,RETRY_ALL,0.0,25.0,-25.0,-25.0,0.0,PASS
RECLAIM-V2-000504,RETRY_ALL,RETRY_ALL,171.37328843518216,25.0,146.37328843518216,146.37328843518216,0.0,PASS
RECLAIM-V2-000505,RETRY_ALL,RETRY_ALL,0.0,25.0,-25.0,-25.0,0.0,PASS
RECLAIM-V2-000506,RETRY_ALL,RETRY_ALL,0.0,25.0,-25.0,-25.0,0.0,PASS
RECLAIM-V2-000507,RETRY_ALL,RETRY_ALL,0.0,25.0,-25.0,-25.0,0.0,PASS
RECLAIM-V2-000508,TARGET,HIGH_INTENSITY,638.877444664538,120.0,518.877444664538,518.877444664538,0.0,PASS
RECLAIM-V2-000509,RETRY_ALL,RETRY_ALL,172.36922442847845,25.0,147.36922442847845,147.36922442847845,0.0,PASS
RECLAIM-V2-000510,RETRY_ALL,RETRY_ALL,0.0,25.0,-25.0,-25.0,0.0,PASS
RECLAIM-V2-000511,RETRY_ALL,RETRY_ALL,12.7362241978437,25.0,-12.2637758021563,-12.2637758021563,0.0,PASS
RECLAIM-V2-000512,RETRY_ALL,RETRY_ALL,242.92659712078355,25.0,217.92659712078355,217.92659712078355,0.0,PASS
RECLAIM-V2-000513,RETRY_ALL,RETRY_ALL,0.0,25.0,-25.0,-25.0,0.0,PASS
RECLAIM-V2-000514,TARGET,MONITOR,428.18430245974105,10.0,418.18430245974105,418.18430245974105,0.0,PASS
RECLAIM-V2-000515,RETRY_ALL,RETRY_ALL,0.0,25.0,-25.0,-25.0,0.0,PASS
RECLAIM-V2-000516,RETRY_ALL,RETRY_ALL,136.94896326819614,25.0,111.94896326819614,111.94896326819614,0.0,PASS
RECLAIM-V2-000517,RETRY_ALL,RETRY_ALL,54.60833325614386,25.0,29.60833325614385,29.608333256143858,7.105427357601002e-15,PASS
RECLAIM-V2-000518,RETRY_ALL,RETRY_ALL,0.0,25.0,-25.0,-25.0,0.0,PASS
RECLAIM-V2-000519,RETRY_ALL,RETRY_ALL,0.0,25.0,-25.0,-25.0,0.0,PASS
RECLAIM-V2-000520,RETRY_ALL,RETRY_ALL,290.59741950446386,25.0,265.59741950446386,265.59741950446386,0.0,PASS
RECLAIM-V2-000521,RETRY_ALL,RETRY_ALL,0.0,25.0,-25.0,-25.0,0.0,PASS
RECLAIM-V2-000522,RETRY_ALL,RETRY_ALL,259.1983925459422,25.0,234.19839254594223,234.19839254594223,0.0,PASS
RECLAIM-V2-000523,RETRY_ALL,RETRY_ALL,29.420224336489053,25.0,4.420224336489053,4.420224336489053,0.0,PASS
RECLAIM-V2-000524,RETRY_ALL,RETRY_ALL,0.0,25.0,-25.0,-25.0,0.0,PASS
RECLAIM-V2-000525,RETRY_ALL,RETRY_ALL,71.7790032786528,25.0,46.7790032786528,46.779003278652795,-7.105427357601002e-15,PASS
RECLAIM-V2-000526,RETRY_ALL,RETRY_ALL,44.35528103772405,25.0,19.355281037724048,19.355281037724048,0.0,PASS
RECLAIM-V2-000527,RETRY_ALL,RETRY_ALL,187.4862047620388,25.0,162.48620476203877,162.4862047620388,2.842170943040401e-14,PASS
RECLAIM-V2-000528,RETRY_ALL,RETRY_ALL,0.0,25.0,-25.0,-25.0,0.0,PASS
RECLAIM-V2-000529,RETRY_ALL,RETRY_ALL,138.17522826279225,25.0,113.17522826279225,113.17522826279225,0.0,PASS
RECLAIM-V2-000530,RETRY_ALL,RETRY_ALL,0.0,25.0,-25.0,-25.0,0.0,PASS
RECLAIM-V2-000531,RETRY_ALL,RETRY_ALL,233.3627136944372,25.0,208.3627136944372,208.3627136944372,0.0,PASS
RECLAIM-V2-000532,RETRY_ALL,RETRY_ALL,0.0,25.0,-25.0,-25.0,0.0,PASS
RECLAIM-V2-000533,RETRY_ALL,RETRY_ALL,111.45305164920316,25.0,86.45305164920316,86.45305164920316,0.0,PASS
RECLAIM-V2-000534,RETRY_ALL,RETRY_ALL,259.1033002088374,25.0,234.10330020883745,234.10330020883742,-2.842170943040401e-14,PASS
RECLAIM-V2-000535,RETRY_ALL,RETRY_ALL,86.48508749674035,25.0,61.48508749674035,61.48508749674035,0.0,PASS
RECLAIM-V2-000536,RETRY_ALL,RETRY_ALL,2.5321642824246,25.0,-22.4678357175754,-22.4678357175754,0.0,PASS
RECLAIM-V2-000537,RETRY_ALL,RETRY_ALL,0.0,25.0,-25.0,-25.0,0.0,PASS
RECLAIM-V2-000538,RETRY_ALL,RETRY_ALL,286.85344738683466,25.0,261.85344738683466,261.85344738683466,0.0,PASS
RECLAIM-V2-000539,RETRY_ALL,RETRY_ALL,0.0,25.0,-25.0,-25.0,0.0,PASS
RECLAIM-V2-000540,TARGET,LOW_INTENSITY,461.67423766346974,45.0,416.67423766346974,416.67423766346974,0.0,PASS
RECLAIM-V2-000541,TARGET,LOW_INTENSITY,430.5412062184296,45.0,385.5412062184296,385.5412062184296,0.0,PASS
RECLAIM-V2-000542,RETRY_ALL,RETRY_ALL,170.05527289927394,25.0,145.05527289927394,145.05527289927394,0.0,PASS
RECLAIM-V2-000543,RETRY_ALL,RETRY_ALL,89.84175522241499,25.0,64.84175522241499,64.84175522241499,0.0,PASS
RECLAIM-V2-000544,RETRY_ALL,RETRY_ALL,0.0,25.0,-25.0,-25.0,0.0,PASS
RECLAIM-V2-000545,RETRY_ALL,RETRY_ALL,112.71675926653936,25.0,87.71675926653936,87.71675926653936,0.0,PASS
RECLAIM-V2-000546,RETRY_ALL,RETRY_ALL,376.4797733259624,25.0,351.4797733259624,351.4797733259624,0.0,PASS
RECLAIM-V2-000547,RETRY_ALL,RETRY_ALL,0.0,25.0,-25.0,-25.0,0.0,PASS
RECLAIM-V2-000548,RETRY_ALL,RETRY_ALL,0.0,25.0,-25.0,-25.0,0.0,PASS
RECLAIM-V2-000549,RETRY_ALL,RETRY_ALL,268.51428516413233,25.0,243.5142851641324,243.51428516413233,-5.684341886080802e-14,PASS
RECLAIM-V2-000550,RETRY_ALL,RETRY_ALL,139.0275667088457,25.0,114.02756670884573,114.02756670884571,-1.4210854715202004e-14,PASS
RECLAIM-V2-000551,RETRY_ALL,RETRY_ALL,324.1333360599387,25.0,299.1333360599387,299.1333360599387,0.0,PASS
RECLAIM-V2-000552,RETRY_ALL,RETRY_ALL,177.81885385699394,25.0,152.81885385699394,152.81885385699394,0.0,PASS
RECLAIM-V2-000553,RETRY_ALL,RETRY_ALL,0.0,25.0,-25.0,-25.0,0.0,PASS
RECLAIM-V2-000554,RETRY_ALL,RETRY_ALL,0.0,25.0,-25.0,-25.0,0.0,PASS
RECLAIM-V2-000555,RETRY_ALL,RETRY_ALL,306.0688463753157,25.0,281.0688463753157,281.0688463753157,0.0,PASS
RECLAIM-V2-000556,RETRY_ALL,RETRY_ALL,0.0,25.0,-25.0,-25.0,0.0,PASS
RECLAIM-V2-000557,RETRY_ALL,RETRY_ALL,0.0,25.0,-25.0,-25.0,0.0,PASS
RECLAIM-V2-000558,RETRY_ALL,RETRY_ALL,45.6720195243147,25.0,20.6720195243147,20.6720195243147,0.0,PASS
RECLAIM-V2-000559,RETRY_ALL,RETRY_ALL,156.60692076309135,25.0,131.60692076309135,131.60692076309135,0.0,PASS
RECLAIM-V2-000560,RETRY_ALL,RETRY_ALL,237.02693087927705,25.0,212.02693087927705,212.02693087927705,0.0,PASS
RECLAIM-V2-000561,TARGET,STANDARD_TARGET,489.81570374174566,80.0,409.81570374174566,409.81570374174566,0.0,PASS
RECLAIM-V2-000562,RETRY_ALL,RETRY_ALL,0.0,25.0,-25.0,-25.0,0.0,PASS
RECLAIM-V2-000563,RETRY_ALL,RETRY_ALL,0.0,25.0,-25.0,-25.0,0.0,PASS
RECLAIM-V2-000564,RETRY_ALL,RETRY_ALL,36.63977501897295,25.0,11.639775018972948,11.639775018972948,0.0,PASS
RECLAIM-V2-000565,RETRY_ALL,RETRY_ALL,0.0,25.0,-25.0,-25.0,0.0,PASS
RECLAIM-V2-000566,RETRY_ALL,RETRY_ALL,60.9116923918914,25.0,35.9116923918914,35.9116923918914,0.0,PASS
RECLAIM-V2-000567,RETRY_ALL,RETRY_ALL,350.8403503632414,25.0,325.8403503632414,325.8403503632414,0.0,PASS
RECLAIM-V2-000568,RETRY_ALL,RETRY_ALL,67.7151064939368,25.0,42.7151064939368,42.7151064939368,0.0,PASS
RECLAIM-V2-000569,RETRY_ALL,RETRY_ALL,0.0,25.0,-25.0,-25.0,0.0,PASS
RECLAIM-V2-000570,RETRY_ALL,RETRY_ALL,0.0,25.0,-25.0,-25.0,0.0,PASS
RECLAIM-V2-000571,RETRY_ALL,RETRY_ALL,34.3623251095728,25.0,9.3623251095728,9.3623251095728,0.0,PASS
RECLAIM-V2-000572,RETRY_ALL,RETRY_ALL,232.77702983055644,25.0,207.77702983055644,207.77702983055644,0.0,PASS
RECLAIM-V2-000573,RETRY_ALL,RETRY_ALL,113.22610896866804,25.0,88.22610896866804,88.22610896866804,0.0,PASS
RECLAIM-V2-000574,RETRY_ALL,RETRY_ALL,0.0,25.0,-25.0,-25.0,0.0,PASS
RECLAIM-V2-000575,RETRY_ALL,RETRY_ALL,81.41077316344995,25.0,56.410773163449946,56.410773163449946,0.0,PASS
RECLAIM-V2-000576,RETRY_ALL,RETRY_ALL,0.0,25.0,-25.0,-25.0,0.0,PASS
RECLAIM-V2-000577,RETRY_ALL,RETRY_ALL,24.6548427924006,25.0,-0.3451572075993994,-0.3451572075993994,0.0,PASS
RECLAIM-V2-000578,RETRY_ALL,RETRY_ALL,118.9816962190038,25.0,93.9816962190038,93.9816962190038,0.0,PASS
RECLAIM-V2-000579,RETRY_ALL,RETRY_ALL,158.1898360056048,25.0,133.1898360056048,133.1898360056048,0.0,PASS
RECLAIM-V2-000580,RETRY_ALL,RETRY_ALL,95.72183752081185,25.0,70.72183752081185,70.72183752081185,0.0,PASS
RECLAIM-V2-000581,RETRY_ALL,RETRY_ALL,56.956497868475246,25.0,31.95649786847525,31.956497868475246,-3.552713678800501e-15,PASS
RECLAIM-V2-000582,RETRY_ALL,RETRY_ALL,0.0,25.0,-25.0,-25.0,0.0,PASS
RECLAIM-V2-000583,RETRY_ALL,RETRY_ALL,0.0,25.0,-25.0,-25.0,0.0,PASS
RECLAIM-V2-000584,RETRY_ALL,RETRY_ALL,145.35797864046913,25.0,120.35797864046911,120.35797864046913,1.4210854715202004e-14,PASS
RECLAIM-V2-000585,RETRY_ALL,RETRY_ALL,1.4737267221399,25.0,-23.5262732778601,-23.5262732778601,0.0,PASS
RECLAIM-V2-000586,RETRY_ALL,RETRY_ALL,248.7574776174949,25.0,223.7574776174949,223.7574776174949,0.0,PASS
RECLAIM-V2-000587,RETRY_ALL,RETRY_ALL,0.0,25.0,-25.0,-25.0,0.0,PASS
RECLAIM-V2-000588,RETRY_ALL,RETRY_ALL,131.8097349407181,25.0,106.8097349407181,106.8097349407181,0.0,PASS
RECLAIM-V2-000589,TARGET,LOW_INTENSITY,467.8044268070136,45.0,422.8044268070136,422.8044268070136,0.0,PASS
RECLAIM-V2-000590,RETRY_ALL,RETRY_ALL,249.50360193985784,25.0,224.50360193985784,224.50360193985784,0.0,PASS
RECLAIM-V2-000591,RETRY_ALL,RETRY_ALL,131.15564862886708,25.0,106.15564862886708,106.15564862886708,0.0,PASS
RECLAIM-V2-000592,RETRY_ALL,RETRY_ALL,242.775354659954,25.0,217.775354659954,217.775354659954,0.0,PASS
RECLAIM-V2-000593,RETRY_ALL,RETRY_ALL,0.0,25.0,-25.0,-25.0,0.0,PASS
RECLAIM-V2-000594,RETRY_ALL,RETRY_ALL,74.8648389471153,25.0,49.8648389471153,49.8648389471153,0.0,PASS
RECLAIM-V2-000595,RETRY_ALL,RETRY_ALL,295.5488766334551,25.0,270.5488766334551,270.5488766334551,0.0,PASS
RECLAIM-V2-000596,RETRY_ALL,RETRY_ALL,0.0,25.0,-25.0,-25.0,0.0,PASS
RECLAIM-V2-000597,TARGET,LOW_INTENSITY,442.44274280532176,45.0,397.44274280532176,397.44274280532176,0.0,PASS
RECLAIM-V2-000598,RETRY_ALL,RETRY_ALL,218.14429313252268,25.0,193.14429313252268,193.14429313252268,0.0,PASS
RECLAIM-V2-000599,RETRY_ALL,RETRY_ALL,0.0,25.0,-25.0,-25.0,0.0,PASS
RECLAIM-V2-000600,RETRY_ALL,RETRY_ALL,65.35613973881641,25.0,40.35613973881641,40.35613973881641,0.0,PASS
RECLAIM-V2-000601,RETRY_ALL,RETRY_ALL,115.4154796490421,25.0,90.4154796490421,90.4154796490421,0.0,PASS
RECLAIM-V2-000602,RETRY_ALL,RETRY_ALL,0.0,25.0,-25.0,-25.0,0.0,PASS
RECLAIM-V2-000603,RETRY_ALL,RETRY_ALL,175.8944583264747,25.0,150.8944583264747,150.8944583264747,0.0,PASS
RECLAIM-V2-000604,RETRY_ALL,RETRY_ALL,89.1909302596875,25.0,64.1909302596875,64.1909302596875,0.0,PASS
RECLAIM-V2-000605,RETRY_ALL,RETRY_ALL,43.257080863467,25.0,18.257080863467003,18.257080863467003,0.0,PASS
RECLAIM-V2-000606,RETRY_ALL,RETRY_ALL,0.0,25.0,-25.0,-25.0,0.0,PASS
RECLAIM-V2-000607,RETRY_ALL,RETRY_ALL,123.58191264915494,25.0,98.58191264915494,98.58191264915494,0.0,PASS
RECLAIM-V2-000608,RETRY_ALL,RETRY_ALL,0.0,25.0,-25.0,-25.0,0.0,PASS
RECLAIM-V2-000609,RETRY_ALL,RETRY_ALL,359.1339581784399,25.0,334.1339581784399,334.1339581784399,0.0,PASS
RECLAIM-V2-000610,RETRY_ALL,RETRY_ALL,192.23615769845983,25.0,167.23615769845983,167.23615769845983,0.0,PASS
RECLAIM-V2-000611,RETRY_ALL,RETRY_ALL,198.603387393744,25.0,173.603387393744,173.603387393744,0.0,PASS
RECLAIM-V2-000612,RETRY_ALL,RETRY_ALL,250.51222634657225,25.0,225.51222634657225,225.51222634657225,0.0,PASS
RECLAIM-V2-000613,RETRY_ALL,RETRY_ALL,0.0,25.0,-25.0,-25.0,0.0,PASS
RECLAIM-V2-000614,RETRY_ALL,RETRY_ALL,196.29031343587903,25.0,171.29031343587903,171.29031343587903,0.0,PASS
RECLAIM-V2-000615,RETRY_ALL,RETRY_ALL,193.4124789721941,25.0,168.4124789721941,168.4124789721941,0.0,PASS
RECLAIM-V2-000616,RETRY_ALL,RETRY_ALL,0.0,25.0,-25.0,-25.0,0.0,PASS
RECLAIM-V2-000617,RETRY_ALL,RETRY_ALL,111.38741126135056,25.0,86.38741126135056,86.38741126135056,0.0,PASS
RECLAIM-V2-000618,RETRY_ALL,RETRY_ALL,262.6536645909753,25.0,237.65366459097527,237.65366459097532,5.684341886080802e-14,PASS
RECLAIM-V2-000619,RETRY_ALL,RETRY_ALL,0.0,25.0,-25.0,-25.0,0.0,PASS
RECLAIM-V2-000620,RETRY_ALL,RETRY_ALL,0.0,25.0,-25.0,-25.0,0.0,PASS
RECLAIM-V2-000621,TARGET,MONITOR,428.2962842674483,10.0,418.2962842674483,418.2962842674483,0.0,PASS
RECLAIM-V2-000622,RETRY_ALL,RETRY_ALL,0.0,25.0,-25.0,-25.0,0.0,PASS
RECLAIM-V2-000623,RETRY_ALL,RETRY_ALL,17.9125848419298,25.0,-7.0874151580702005,-7.0874151580702005,0.0,PASS
RECLAIM-V2-000624,RETRY_ALL,RETRY_ALL,341.5630903155632,25.0,316.5630903155632,316.5630903155632,0.0,PASS
RECLAIM-V2-000625,RETRY_ALL,RETRY_ALL,0.0,25.0,-25.0,-25.0,0.0,PASS
RECLAIM-V2-000626,RETRY_ALL,RETRY_ALL,0.0,25.0,-25.0,-25.0,0.0,PASS
RECLAIM-V2-000627,RETRY_ALL,RETRY_ALL,95.98934804564789,25.0,70.98934804564789,70.98934804564789,0.0,PASS
RECLAIM-V2-000628,RETRY_ALL,RETRY_ALL,232.40356687928264,25.0,207.40356687928264,207.40356687928264,0.0,PASS
RECLAIM-V2-000629,RETRY_ALL,RETRY_ALL,95.01836451541006,25.0,70.01836451541006,70.01836451541006,0.0,PASS
RECLAIM-V2-000630,RETRY_ALL,RETRY_ALL,22.11456318928065,25.0,-2.8854368107193515,-2.8854368107193515,0.0,PASS
RECLAIM-V2-000631,RETRY_ALL,RETRY_ALL,0.0,25.0,-25.0,-25.0,0.0,PASS
RECLAIM-V2-000632,RETRY_ALL,RETRY_ALL,0.0,25.0,-25.0,-25.0,0.0,PASS
RECLAIM-V2-000633,RETRY_ALL,RETRY_ALL,278.0163699674913,25.0,253.0163699674913,253.0163699674913,0.0,PASS
RECLAIM-V2-000634,RETRY_ALL,RETRY_ALL,0.0,25.0,-25.0,-25.0,0.0,PASS
RECLAIM-V2-000635,RETRY_ALL,RETRY_ALL,42.4073741895309,25.0,17.4073741895309,17.4073741895309,0.0,PASS
RECLAIM-V2-000636,RETRY_ALL,RETRY_ALL,0.0,25.0,-25.0,-25.0,0.0,PASS
RECLAIM-V2-000637,RETRY_ALL,RETRY_ALL,0.0,25.0,-25.0,-25.0,0.0,PASS
RECLAIM-V2-000638,RETRY_ALL,RETRY_ALL,0.0,25.0,-25.0,-25.0,0.0,PASS
RECLAIM-V2-000639,RETRY_ALL,RETRY_ALL,0.0,25.0,-25.0,-25.0,0.0,PASS
RECLAIM-V2-000640,RETRY_ALL,RETRY_ALL,0.0,25.0,-25.0,-25.0,0.0,PASS
RECLAIM-V2-000641,TARGET,MONITOR,417.0412472231763,10.0,407.0412472231763,407.0412472231763,0.0,PASS
RECLAIM-V2-000642,RETRY_ALL,RETRY_ALL,84.06895068730185,25.0,59.06895068730185,59.06895068730185,0.0,PASS
RECLAIM-V2-000643,RETRY_ALL,RETRY_ALL,244.14078785604377,25.0,219.14078785604377,219.14078785604377,0.0,PASS
RECLAIM-V2-000644,RETRY_ALL,RETRY_ALL,276.0214315854008,25.0,251.0214315854008,251.02143158540082,2.842170943040401e-14,PASS
RECLAIM-V2-000645,RETRY_ALL,RETRY_ALL,0.0,25.0,-25.0,-25.0,0.0,PASS
RECLAIM-V2-000646,RETRY_ALL,RETRY_ALL,0.0,25.0,-25.0,-25.0,0.0,PASS
RECLAIM-V2-000647,RETRY_ALL,RETRY_ALL,68.14201415651266,25.0,43.14201415651266,43.14201415651266,0.0,PASS
RECLAIM-V2-000648,RETRY_ALL,RETRY_ALL,355.3260180944254,25.0,330.3260180944254,330.3260180944254,0.0,PASS
RECLAIM-V2-000649,RETRY_ALL,RETRY_ALL,0.0,25.0,-25.0,-25.0,0.0,PASS
RECLAIM-V2-000650,RETRY_ALL,RETRY_ALL,6.3488263860282,25.0,-18.6511736139718,-18.6511736139718,0.0,PASS
RECLAIM-V2-000651,RETRY_ALL,RETRY_ALL,0.0,25.0,-25.0,-25.0,0.0,PASS
RECLAIM-V2-000652,RETRY_ALL,RETRY_ALL,0.0,25.0,-25.0,-25.0,0.0,PASS
RECLAIM-V2-000653,RETRY_ALL,RETRY_ALL,0.0,25.0,-25.0,-25.0,0.0,PASS
RECLAIM-V2-000654,RETRY_ALL,RETRY_ALL,274.14596598921617,25.0,249.14596598921617,249.14596598921617,0.0,PASS
RECLAIM-V2-000655,RETRY_ALL,RETRY_ALL,287.8284276972297,25.0,262.8284276972297,262.8284276972297,0.0,PASS
RECLAIM-V2-000656,RETRY_ALL,RETRY_ALL,154.5963205067964,25.0,129.5963205067964,129.5963205067964,0.0,PASS
RECLAIM-V2-000657,RETRY_ALL,RETRY_ALL,47.1434530488393,25.0,22.14345304883929,22.143453048839298,7.105427357601002e-15,PASS
RECLAIM-V2-000658,RETRY_ALL,RETRY_ALL,0.0,25.0,-25.0,-25.0,0.0,PASS
RECLAIM-V2-000659,RETRY_ALL,RETRY_ALL,0.0,25.0,-25.0,-25.0,0.0,PASS
RECLAIM-V2-000660,RETRY_ALL,RETRY_ALL,0.0,25.0,-25.0,-25.0,0.0,PASS
RECLAIM-V2-000661,RETRY_ALL,RETRY_ALL,362.3018159281632,25.0,337.3018159281632,337.3018159281632,0.0,PASS
RECLAIM-V2-000662,RETRY_ALL,RETRY_ALL,0.0,25.0,-25.0,-25.0,0.0,PASS
RECLAIM-V2-000663,RETRY_ALL,RETRY_ALL,120.09212269386586,25.0,95.09212269386586,95.09212269386586,0.0,PASS
RECLAIM-V2-000664,RETRY_ALL,RETRY_ALL,5.73842465077605,25.0,-19.26157534922395,-19.26157534922395,0.0,PASS
RECLAIM-V2-000665,RETRY_ALL,RETRY_ALL,141.9340176420222,25.0,116.9340176420222,116.93401764202221,1.4210854715202004e-14,PASS
RECLAIM-V2-000666,RETRY_ALL,RETRY_ALL,0.0,25.0,-25.0,-25.0,0.0,PASS
RECLAIM-V2-000667,RETRY_ALL,RETRY_ALL,0.0,25.0,-25.0,-25.0,0.0,PASS
RECLAIM-V2-000668,RETRY_ALL,RETRY_ALL,233.29000443156883,25.0,208.29000443156883,208.29000443156883,0.0,PASS
RECLAIM-V2-000669,RETRY_ALL,RETRY_ALL,0.0,25.0,-25.0,-25.0,0.0,PASS
RECLAIM-V2-000670,RETRY_ALL,RETRY_ALL,117.195081990915,25.0,92.195081990915,92.195081990915,0.0,PASS
RECLAIM-V2-000671,RETRY_ALL,RETRY_ALL,277.6433367670956,25.0,252.6433367670956,252.6433367670956,0.0,PASS
RECLAIM-V2-000672,RETRY_ALL,RETRY_ALL,66.9232597129482,25.0,41.9232597129482,41.923259712948195,-7.105427357601002e-15,PASS
RECLAIM-V2-000673,RETRY_ALL,RETRY_ALL,50.3461755260823,25.0,25.3461755260823,25.3461755260823,0.0,PASS
RECLAIM-V2-000674,RETRY_ALL,RETRY_ALL,273.25648049727903,25.0,248.25648049727903,248.25648049727903,0.0,PASS
RECLAIM-V2-000675,TARGET,LOW_INTENSITY,441.14501133884,45.0,396.14501133884,396.14501133884,0.0,PASS
RECLAIM-V2-000676,RETRY_ALL,RETRY_ALL,0.0,25.0,-25.0,-25.0,0.0,PASS
RECLAIM-V2-000677,RETRY_ALL,RETRY_ALL,35.3187090760848,25.0,10.3187090760848,10.3187090760848,0.0,PASS
RECLAIM-V2-000678,RETRY_ALL,RETRY_ALL,0.0,25.0,-25.0,-25.0,0.0,PASS
RECLAIM-V2-000679,RETRY_ALL,RETRY_ALL,249.5803679983914,25.0,224.5803679983914,224.5803679983914,0.0,PASS
RECLAIM-V2-000680,RETRY_ALL,RETRY_ALL,0.0,25.0,-25.0,-25.0,0.0,PASS
RECLAIM-V2-000681,RETRY_ALL,RETRY_ALL,0.0,25.0,-25.0,-25.0,0.0,PASS
RECLAIM-V2-000682,RETRY_ALL,RETRY_ALL,104.5593612008538,25.0,79.5593612008538,79.5593612008538,0.0,PASS
RECLAIM-V2-000683,RETRY_ALL,RETRY_ALL,192.3203756305524,25.0,167.3203756305524,167.3203756305524,0.0,PASS
RECLAIM-V2-000684,RETRY_ALL,RETRY_ALL,212.30547927961845,25.0,187.30547927961845,187.30547927961845,0.0,PASS
RECLAIM-V2-000685,RETRY_ALL,RETRY_ALL,233.4575329559253,25.0,208.4575329559253,208.4575329559253,0.0,PASS
RECLAIM-V2-000686,RETRY_ALL,RETRY_ALL,0.0,25.0,-25.0,-25.0,0.0,PASS
RECLAIM-V2-000687,RETRY_ALL,RETRY_ALL,0.0,25.0,-25.0,-25.0,0.0,PASS
RECLAIM-V2-000688,RETRY_ALL,RETRY_ALL,0.0,25.0,-25.0,-25.0,0.0,PASS
RECLAIM-V2-000689,RETRY_ALL,RETRY_ALL,133.7744720265417,25.0,108.7744720265417,108.7744720265417,0.0,PASS
RECLAIM-V2-000690,RETRY_ALL,RETRY_ALL,10.6308239788245,25.0,-14.3691760211755,-14.3691760211755,0.0,PASS
RECLAIM-V2-000691,RETRY_ALL,RETRY_ALL,0.0,25.0,-25.0,-25.0,0.0,PASS
RECLAIM-V2-000692,RETRY_ALL,RETRY_ALL,0.0,25.0,-25.0,-25.0,0.0,PASS
RECLAIM-V2-000693,RETRY_ALL,RETRY_ALL,28.710378160104,25.0,3.710378160104,3.710378160104,0.0,PASS
RECLAIM-V2-000694,RETRY_ALL,RETRY_ALL,0.0,25.0,-25.0,-25.0,0.0,PASS
RECLAIM-V2-000695,RETRY_ALL,RETRY_ALL,227.5866959212758,25.0,202.5866959212758,202.5866959212758,0.0,PASS
RECLAIM-V2-000696,RETRY_ALL,RETRY_ALL,0.0,25.0,-25.0,-25.0,0.0,PASS
RECLAIM-V2-000697,RETRY_ALL,RETRY_ALL,0.0,25.0,-25.0,-25.0,0.0,PASS
RECLAIM-V2-000698,RETRY_ALL,RETRY_ALL,0.0,25.0,-25.0,-25.0,0.0,PASS
RECLAIM-V2-000699,RETRY_ALL,RETRY_ALL,45.10942412523225,25.0,20.10942412523225,20.109424125232252,3.552713678800501e-15,PASS
RECLAIM-V2-000700,RETRY_ALL,RETRY_ALL,195.6231777333303,25.0,170.6231777333303,170.6231777333303,0.0,PASS
RECLAIM-V2-000701,RETRY_ALL,RETRY_ALL,0.0,25.0,-25.0,-25.0,0.0,PASS
RECLAIM-V2-000702,TARGET,LOW_INTENSITY,476.21067353638256,45.0,431.21067353638256,431.21067353638256,0.0,PASS
RECLAIM-V2-000703,RETRY_ALL,RETRY_ALL,0.0,25.0,-25.0,-25.0,0.0,PASS
RECLAIM-V2-000704,RETRY_ALL,RETRY_ALL,9.574234688511,25.0,-15.425765311489,-15.425765311489,0.0,PASS
RECLAIM-V2-000705,TARGET,LOW_INTENSITY,481.63553363278817,45.0,436.63553363278817,436.63553363278817,0.0,PASS
RECLAIM-V2-000706,RETRY_ALL,RETRY_ALL,0.0,25.0,-25.0,-25.0,0.0,PASS
RECLAIM-V2-000707,RETRY_ALL,RETRY_ALL,0.0,25.0,-25.0,-25.0,0.0,PASS
RECLAIM-V2-000708,RETRY_ALL,RETRY_ALL,175.30257775152523,25.0,150.30257775152523,150.30257775152523,0.0,PASS
RECLAIM-V2-000709,RETRY_ALL,RETRY_ALL,30.05453058893205,25.0,5.0545305889320495,5.0545305889320495,0.0,PASS
RECLAIM-V2-000710,RETRY_ALL,RETRY_ALL,23.606613592533,25.0,-1.3933864074669984,-1.3933864074669984,0.0,PASS
RECLAIM-V2-000711,RETRY_ALL,RETRY_ALL,0.0,25.0,-25.0,-25.0,0.0,PASS
RECLAIM-V2-000712,RETRY_ALL,RETRY_ALL,0.0,25.0,-25.0,-25.0,0.0,PASS
RECLAIM-V2-000713,RETRY_ALL,RETRY_ALL,130.2409888403424,25.0,105.2409888403424,105.2409888403424,0.0,PASS
RECLAIM-V2-000714,RETRY_ALL,RETRY_ALL,0.0,25.0,-25.0,-25.0,0.0,PASS
RECLAIM-V2-000715,RETRY_ALL,RETRY_ALL,194.30744291152183,25.0,169.30744291152183,169.30744291152183,0.0,PASS
RECLAIM-V2-000716,RETRY_ALL,RETRY_ALL,0.0,25.0,-25.0,-25.0,0.0,PASS
RECLAIM-V2-000717,RETRY_ALL,RETRY_ALL,0.0,25.0,-25.0,-25.0,0.0,PASS
RECLAIM-V2-000718,RETRY_ALL,RETRY_ALL,28.050323075538003,25.0,3.050323075538003,3.050323075538003,0.0,PASS
RECLAIM-V2-000719,RETRY_ALL,RETRY_ALL,49.20467268613575,25.0,24.20467268613575,24.20467268613575,0.0,PASS
RECLAIM-V2-000720,RETRY_ALL,RETRY_ALL,261.2437804620923,25.0,236.24378046209227,236.24378046209227,0.0,PASS
RECLAIM-V2-000721,RETRY_ALL,RETRY_ALL,0.0,25.0,-25.0,-25.0,0.0,PASS
RECLAIM-V2-000722,RETRY_ALL,RETRY_ALL,100.3920618486831,25.0,75.3920618486831,75.3920618486831,0.0,PASS
RECLAIM-V2-000723,RETRY_ALL,RETRY_ALL,0.0,25.0,-25.0,-25.0,0.0,PASS
RECLAIM-V2-000724,RETRY_ALL,RETRY_ALL,0.0,25.0,-25.0,-25.0,0.0,PASS
RECLAIM-V2-000725,RETRY_ALL,RETRY_ALL,132.02913109451595,25.0,107.02913109451596,107.02913109451595,-1.4210854715202004e-14,PASS
RECLAIM-V2-000726,RETRY_ALL,RETRY_ALL,106.23200340518493,25.0,81.23200340518493,81.23200340518493,0.0,PASS
RECLAIM-V2-000727,RETRY_ALL,RETRY_ALL,355.79582096326993,25.0,330.79582096326993,330.79582096326993,0.0,PASS
RECLAIM-V2-000728,RETRY_ALL,RETRY_ALL,0.0,25.0,-25.0,-25.0,0.0,PASS
RECLAIM-V2-000729,RETRY_ALL,RETRY_ALL,0.0,25.0,-25.0,-25.0,0.0,PASS
RECLAIM-V2-000730,RETRY_ALL,RETRY_ALL,22.8430431133698,25.0,-2.1569568866302014,-2.1569568866302014,0.0,PASS
RECLAIM-V2-000731,RETRY_ALL,RETRY_ALL,228.7992050860676,25.0,203.7992050860676,203.7992050860676,0.0,PASS
RECLAIM-V2-000732,RETRY_ALL,RETRY_ALL,0.0,25.0,-25.0,-25.0,0.0,PASS
RECLAIM-V2-000733,RETRY_ALL,RETRY_ALL,0.0,25.0,-25.0,-25.0,0.0,PASS
RECLAIM-V2-000734,RETRY_ALL,RETRY_ALL,0.0,25.0,-25.0,-25.0,0.0,PASS
RECLAIM-V2-000735,RETRY_ALL,RETRY_ALL,349.07141109740803,25.0,324.07141109740803,324.07141109740803,0.0,PASS
RECLAIM-V2-000736,TARGET,LOW_INTENSITY,430.2658151252179,45.0,385.2658151252179,385.2658151252179,0.0,PASS
RECLAIM-V2-000737,RETRY_ALL,RETRY_ALL,14.4800352037836,25.0,-10.5199647962164,-10.5199647962164,0.0,PASS
RECLAIM-V2-000738,RETRY_ALL,RETRY_ALL,283.89013018236,25.0,258.89013018236,258.89013018236,0.0,PASS
RECLAIM-V2-000739,RETRY_ALL,RETRY_ALL,39.4418664457146,25.0,14.441866445714602,14.441866445714602,0.0,PASS
RECLAIM-V2-000740,RETRY_ALL,RETRY_ALL,0.0,25.0,-25.0,-25.0,0.0,PASS
RECLAIM-V2-000741,RETRY_ALL,RETRY_ALL,0.0,25.0,-25.0,-25.0,0.0,PASS
RECLAIM-V2-000742,RETRY_ALL,RETRY_ALL,34.58076368254635,25.0,9.580763682546348,9.580763682546348,0.0,PASS
RECLAIM-V2-000743,RETRY_ALL,RETRY_ALL,243.5499343655019,25.0,218.5499343655019,218.5499343655019,0.0,PASS
RECLAIM-V2-000744,TARGET,MONITOR,429.86987139931273,10.0,419.86987139931273,419.86987139931273,0.0,PASS
RECLAIM-V2-000745,RETRY_ALL,RETRY_ALL,216.1051361446009,25.0,191.1051361446009,191.1051361446009,0.0,PASS
RECLAIM-V2-000746,RETRY_ALL,RETRY_ALL,344.6581006509728,25.0,319.6581006509728,319.6581006509728,0.0,PASS
RECLAIM-V2-000747,RETRY_ALL,RETRY_ALL,71.38708504464886,25.0,46.387085044648856,46.387085044648856,0.0,PASS
RECLAIM-V2-000748,RETRY_ALL,RETRY_ALL,0.0,25.0,-25.0,-25.0,0.0,PASS
RECLAIM-V2-000749,RETRY_ALL,RETRY_ALL,287.24046479561264,25.0,262.24046479561264,262.24046479561264,0.0,PASS
RECLAIM-V2-000750,RETRY_ALL,RETRY_ALL,0.0,25.0,-25.0,-25.0,0.0,PASS
RECLAIM-V2-000751,TARGET,LOW_INTENSITY,470.94359247565217,45.0,425.94359247565217,425.94359247565217,0.0,PASS
RECLAIM-V2-000752,TARGET,STANDARD_TARGET,518.830289447601,80.0,438.830289447601,438.830289447601,0.0,PASS
RECLAIM-V2-000753,RETRY_ALL,RETRY_ALL,0.0,25.0,-25.0,-25.0,0.0,PASS
RECLAIM-V2-000754,RETRY_ALL,RETRY_ALL,0.0,25.0,-25.0,-25.0,0.0,PASS
RECLAIM-V2-000755,RETRY_ALL,RETRY_ALL,300.80846834597565,25.0,275.80846834597565,275.80846834597565,0.0,PASS
RECLAIM-V2-000756,RETRY_ALL,RETRY_ALL,0.0,25.0,-25.0,-25.0,0.0,PASS
RECLAIM-V2-000757,RETRY_ALL,RETRY_ALL,76.778099836011,25.0,51.778099836011,51.778099836010995,-7.105427357601002e-15,PASS
RECLAIM-V2-000758,RETRY_ALL,RETRY_ALL,0.0,25.0,-25.0,-25.0,0.0,PASS
RECLAIM-V2-000759,RETRY_ALL,RETRY_ALL,27.907683837262947,25.0,2.9076838372629474,2.9076838372629474,0.0,PASS
RECLAIM-V2-000760,RETRY_ALL,RETRY_ALL,0.0,25.0,-25.0,-25.0,0.0,PASS
RECLAIM-V2-000761,RETRY_ALL,RETRY_ALL,0.0,25.0,-25.0,-25.0,0.0,PASS
RECLAIM-V2-000762,RETRY_ALL,RETRY_ALL,235.9670937332833,25.0,210.9670937332833,210.9670937332833,0.0,PASS
RECLAIM-V2-000763,RETRY_ALL,RETRY_ALL,31.692778928219848,25.0,6.692778928219848,6.692778928219848,0.0,PASS
RECLAIM-V2-000764,RETRY_ALL,RETRY_ALL,0.0,25.0,-25.0,-25.0,0.0,PASS
RECLAIM-V2-000765,RETRY_ALL,RETRY_ALL,68.8952275783857,25.0,43.8952275783857,43.8952275783857,0.0,PASS
RECLAIM-V2-000766,RETRY_ALL,RETRY_ALL,117.4116567430146,25.0,92.4116567430146,92.4116567430146,0.0,PASS
RECLAIM-V2-000767,RETRY_ALL,RETRY_ALL,0.0,25.0,-25.0,-25.0,0.0,PASS
RECLAIM-V2-000768,RETRY_ALL,RETRY_ALL,0.0,25.0,-25.0,-25.0,0.0,PASS
RECLAIM-V2-000769,RETRY_ALL,RETRY_ALL,96.45813963251564,25.0,71.45813963251564,71.45813963251564,0.0,PASS
RECLAIM-V2-000770,RETRY_ALL,RETRY_ALL,341.461836480498,25.0,316.461836480498,316.461836480498,0.0,PASS
RECLAIM-V2-000771,TARGET,LOW_INTENSITY,444.6409065140722,45.0,399.6409065140722,399.6409065140722,0.0,PASS
RECLAIM-V2-000772,RETRY_ALL,RETRY_ALL,159.65718487752196,25.0,134.65718487752196,134.65718487752196,0.0,PASS
RECLAIM-V2-000773,RETRY_ALL,RETRY_ALL,0.0,25.0,-25.0,-25.0,0.0,PASS
RECLAIM-V2-000774,RETRY_ALL,RETRY_ALL,0.0,25.0,-25.0,-25.0,0.0,PASS
RECLAIM-V2-000775,RETRY_ALL,RETRY_ALL,0.0,25.0,-25.0,-25.0,0.0,PASS
RECLAIM-V2-000776,RETRY_ALL,RETRY_ALL,271.13713496198,25.0,246.13713496198,246.13713496198,0.0,PASS
RECLAIM-V2-000777,RETRY_ALL,RETRY_ALL,103.62728740632406,25.0,78.62728740632406,78.62728740632406,0.0,PASS
RECLAIM-V2-000778,RETRY_ALL,RETRY_ALL,42.55801226477565,25.0,17.55801226477565,17.55801226477565,0.0,PASS
RECLAIM-V2-000779,RETRY_ALL,RETRY_ALL,0.0,25.0,-25.0,-25.0,0.0,PASS
RECLAIM-V2-000780,TARGET,MONITOR,429.7879237061708,10.0,419.7879237061708,419.7879237061708,0.0,PASS
RECLAIM-V2-000781,RETRY_ALL,RETRY_ALL,209.09966169086343,25.0,184.09966169086343,184.09966169086343,0.0,PASS
RECLAIM-V2-000782,RETRY_ALL,RETRY_ALL,0.0,25.0,-25.0,-25.0,0.0,PASS
RECLAIM-V2-000783,RETRY_ALL,RETRY_ALL,0.0,25.0,-25.0,-25.0,0.0,PASS
RECLAIM-V2-000784,RETRY_ALL,RETRY_ALL,0.0,25.0,-25.0,-25.0,0.0,PASS
RECLAIM-V2-000785,RETRY_ALL,RETRY_ALL,0.704206052463,25.0,-24.295793947537,-24.295793947537,0.0,PASS
RECLAIM-V2-000786,RETRY_ALL,RETRY_ALL,39.6924177093492,25.0,14.6924177093492,14.6924177093492,0.0,PASS
RECLAIM-V2-000787,RETRY_ALL,RETRY_ALL,232.11835736042744,25.0,207.11835736042744,207.11835736042744,0.0,PASS
RECLAIM-V2-000788,RETRY_ALL,RETRY_ALL,29.56138827309045,25.0,4.561388273090451,4.561388273090451,0.0,PASS
RECLAIM-V2-000789,RETRY_ALL,RETRY_ALL,28.635603725868,25.0,3.6356037258679983,3.6356037258679983,0.0,PASS
RECLAIM-V2-000790,RETRY_ALL,RETRY_ALL,212.2258780570752,25.0,187.2258780570752,187.2258780570752,0.0,PASS
RECLAIM-V2-000791,RETRY_ALL,RETRY_ALL,0.0,25.0,-25.0,-25.0,0.0,PASS
RECLAIM-V2-000792,RETRY_ALL,RETRY_ALL,199.38744388475743,25.0,174.38744388475743,174.38744388475743,0.0,PASS
RECLAIM-V2-000793,RETRY_ALL,RETRY_ALL,313.90250779779643,25.0,288.90250779779643,288.90250779779643,0.0,PASS
RECLAIM-V2-000794,RETRY_ALL,RETRY_ALL,29.259849422887804,25.0,4.259849422887804,4.259849422887804,0.0,PASS
RECLAIM-V2-000795,RETRY_ALL,RETRY_ALL,27.0816950336208,25.0,2.0816950336208,2.0816950336208,0.0,PASS
RECLAIM-V2-000796,RETRY_ALL,RETRY_ALL,0.0,25.0,-25.0,-25.0,0.0,PASS
RECLAIM-V2-000797,RETRY_ALL,RETRY_ALL,0.0,25.0,-25.0,-25.0,0.0,PASS
RECLAIM-V2-000798,RETRY_ALL,RETRY_ALL,105.44105902255365,25.0,80.44105902255365,80.44105902255365,0.0,PASS
RECLAIM-V2-000799,RETRY_ALL,RETRY_ALL,166.56768212757763,25.0,141.56768212757763,141.56768212757763,0.0,PASS
RECLAIM-V2-000800,RETRY_ALL,RETRY_ALL,0.0,25.0,-25.0,-25.0,0.0,PASS
RECLAIM-V2-000801,RETRY_ALL,RETRY_ALL,0.0,25.0,-25.0,-25.0,0.0,PASS
RECLAIM-V2-000802,RETRY_ALL,RETRY_ALL,308.84479417891407,25.0,283.84479417891407,283.84479417891407,0.0,PASS
RECLAIM-V2-000803,RETRY_ALL,RETRY_ALL,220.1173405446108,25.0,195.1173405446108,195.1173405446108,0.0,PASS
RECLAIM-V2-000804,RETRY_ALL,RETRY_ALL,284.1823439356764,25.0,259.1823439356764,259.1823439356764,0.0,PASS
RECLAIM-V2-000805,RETRY_ALL,RETRY_ALL,365.9747987738061,25.0,340.9747987738061,340.9747987738061,0.0,PASS
RECLAIM-V2-000806,RETRY_ALL,RETRY_ALL,0.0,25.0,-25.0,-25.0,0.0,PASS
RECLAIM-V2-000807,TARGET,LOW_INTENSITY,474.6106934386394,45.0,429.6106934386394,429.6106934386394,0.0,PASS
RECLAIM-V2-000808,TARGET,STANDARD_TARGET,482.56766348202376,80.0,402.56766348202376,402.56766348202376,0.0,PASS
RECLAIM-V2-000809,RETRY_ALL,RETRY_ALL,0.0,25.0,-25.0,-25.0,0.0,PASS
RECLAIM-V2-000810,RETRY_ALL,RETRY_ALL,84.77072463313635,25.0,59.77072463313635,59.77072463313635,0.0,PASS
RECLAIM-V2-000811,RETRY_ALL,RETRY_ALL,208.31950355289223,25.0,183.31950355289223,183.31950355289223,0.0,PASS
RECLAIM-V2-000812,RETRY_ALL,RETRY_ALL,0.0,25.0,-25.0,-25.0,0.0,PASS
RECLAIM-V2-000813,RETRY_ALL,RETRY_ALL,0.0,25.0,-25.0,-25.0,0.0,PASS
RECLAIM-V2-000814,RETRY_ALL,RETRY_ALL,235.69748244855887,25.0,210.69748244855887,210.69748244855887,0.0,PASS
RECLAIM-V2-000815,RETRY_ALL,RETRY_ALL,0.0,25.0,-25.0,-25.0,0.0,PASS
RECLAIM-V2-000816,RETRY_ALL,RETRY_ALL,83.87515768454175,25.0,58.87515768454175,58.87515768454175,0.0,PASS
RECLAIM-V2-000817,RETRY_ALL,RETRY_ALL,291.19264287618176,25.0,266.19264287618176,266.19264287618176,0.0,PASS
RECLAIM-V2-000818,RETRY_ALL,RETRY_ALL,40.6341172237212,25.0,15.634117223721198,15.634117223721198,0.0,PASS
RECLAIM-V2-000819,RETRY_ALL,RETRY_ALL,203.67719739095205,25.0,178.67719739095205,178.67719739095205,0.0,PASS
RECLAIM-V2-000820,RETRY_ALL,RETRY_ALL,12.420795015066153,25.0,-12.579204984933847,-12.579204984933847,0.0,PASS
RECLAIM-V2-000821,RETRY_ALL,RETRY_ALL,0.0,25.0,-25.0,-25.0,0.0,PASS
RECLAIM-V2-000822,RETRY_ALL,RETRY_ALL,8.25113895680715,25.0,-16.74886104319285,-16.74886104319285,0.0,PASS
RECLAIM-V2-000823,RETRY_ALL,RETRY_ALL,0.0,25.0,-25.0,-25.0,0.0,PASS
RECLAIM-V2-000824,RETRY_ALL,RETRY_ALL,42.4653888092796,25.0,17.465388809279602,17.465388809279602,0.0,PASS
RECLAIM-V2-000825,RETRY_ALL,RETRY_ALL,322.04433859394805,25.0,297.04433859394805,297.04433859394805,0.0,PASS
RECLAIM-V2-000826,RETRY_ALL,RETRY_ALL,236.0279734842897,25.0,211.0279734842897,211.0279734842897,0.0,PASS
RECLAIM-V2-000827,RETRY_ALL,RETRY_ALL,0.0,25.0,-25.0,-25.0,0.0,PASS
RECLAIM-V2-000828,RETRY_ALL,RETRY_ALL,0.0,25.0,-25.0,-25.0,0.0,PASS
RECLAIM-V2-000829,RETRY_ALL,RETRY_ALL,31.4484835267536,25.0,6.448483526753599,6.4484835267535985,-8.881784197001252e-16,PASS
RECLAIM-V2-000830,RETRY_ALL,RETRY_ALL,0.0,25.0,-25.0,-25.0,0.0,PASS
RECLAIM-V2-000831,RETRY_ALL,RETRY_ALL,0.0,25.0,-25.0,-25.0,0.0,PASS
RECLAIM-V2-000832,RETRY_ALL,RETRY_ALL,0.0,25.0,-25.0,-25.0,0.0,PASS
RECLAIM-V2-000833,RETRY_ALL,RETRY_ALL,0.0,25.0,-25.0,-25.0,0.0,PASS
RECLAIM-V2-000834,RETRY_ALL,RETRY_ALL,287.8044057740669,25.0,262.8044057740669,262.8044057740669,0.0,PASS
RECLAIM-V2-000835,RETRY_ALL,RETRY_ALL,38.1629242728867,25.0,13.162924272886698,13.162924272886698,0.0,PASS
RECLAIM-V2-000836,TARGET,LOW_INTENSITY,475.02046953038143,45.0,430.02046953038143,430.02046953038143,0.0,PASS
RECLAIM-V2-000837,RETRY_ALL,RETRY_ALL,0.0,25.0,-25.0,-25.0,0.0,PASS
RECLAIM-V2-000838,RETRY_ALL,RETRY_ALL,132.94061841800445,25.0,107.94061841800443,107.94061841800445,1.4210854715202004e-14,PASS
RECLAIM-V2-000839,RETRY_ALL,RETRY_ALL,0.0,25.0,-25.0,-25.0,0.0,PASS
RECLAIM-V2-000840,RETRY_ALL,RETRY_ALL,222.5195824815417,25.0,197.5195824815417,197.5195824815417,0.0,PASS
RECLAIM-V2-000841,RETRY_ALL,RETRY_ALL,0.0,25.0,-25.0,-25.0,0.0,PASS
RECLAIM-V2-000842,RETRY_ALL,RETRY_ALL,254.240829942812,25.0,229.240829942812,229.240829942812,0.0,PASS
RECLAIM-V2-000843,RETRY_ALL,RETRY_ALL,0.0,25.0,-25.0,-25.0,0.0,PASS
RECLAIM-V2-000844,RETRY_ALL,RETRY_ALL,124.67976429181604,25.0,99.67976429181604,99.67976429181604,0.0,PASS
RECLAIM-V2-000845,RETRY_ALL,RETRY_ALL,266.3968390751256,25.0,241.39683907512563,241.39683907512563,0.0,PASS
RECLAIM-V2-000846,RETRY_ALL,RETRY_ALL,302.4764384694189,25.0,277.4764384694189,277.4764384694189,0.0,PASS
RECLAIM-V2-000847,RETRY_ALL,RETRY_ALL,16.5444199224447,25.0,-8.4555800775553,-8.4555800775553,0.0,PASS
RECLAIM-V2-000848,RETRY_ALL,RETRY_ALL,127.09312129124564,25.0,102.09312129124564,102.09312129124564,0.0,PASS
RECLAIM-V2-000849,RETRY_ALL,RETRY_ALL,0.0,25.0,-25.0,-25.0,0.0,PASS
RECLAIM-V2-000850,RETRY_ALL,RETRY_ALL,357.4844193840702,25.0,332.4844193840702,332.4844193840702,0.0,PASS
RECLAIM-V2-000851,TARGET,LOW_INTENSITY,474.4195624818466,45.0,429.4195624818466,429.4195624818466,0.0,PASS
RECLAIM-V2-000852,RETRY_ALL,RETRY_ALL,69.90303434101635,25.0,44.90303434101635,44.90303434101635,0.0,PASS
RECLAIM-V2-000853,TARGET,MONITOR,395.6366258656906,10.0,385.6366258656906,385.6366258656906,0.0,PASS
RECLAIM-V2-000854,RETRY_ALL,RETRY_ALL,50.14952676966661,25.0,25.149526769666608,25.149526769666608,0.0,PASS
RECLAIM-V2-000855,RETRY_ALL,RETRY_ALL,34.45926822823005,25.0,9.459268228230052,9.459268228230052,0.0,PASS
RECLAIM-V2-000856,RETRY_ALL,RETRY_ALL,116.4939968529537,25.0,91.4939968529537,91.4939968529537,0.0,PASS
RECLAIM-V2-000857,RETRY_ALL,RETRY_ALL,84.77705033134995,25.0,59.77705033134996,59.777050331349955,-7.105427357601002e-15,PASS
RECLAIM-V2-000858,RETRY_ALL,RETRY_ALL,0.0,25.0,-25.0,-25.0,0.0,PASS
RECLAIM-V2-000859,RETRY_ALL,RETRY_ALL,115.1246601839754,25.0,90.1246601839754,90.1246601839754,0.0,PASS
RECLAIM-V2-000860,RETRY_ALL,RETRY_ALL,243.1490105456529,25.0,218.1490105456529,218.1490105456529,0.0,PASS
RECLAIM-V2-000861,RETRY_ALL,RETRY_ALL,110.2810336170093,25.0,85.2810336170093,85.2810336170093,0.0,PASS
RECLAIM-V2-000862,RETRY_ALL,RETRY_ALL,32.376532566749404,25.0,7.376532566749404,7.376532566749404,0.0,PASS
RECLAIM-V2-000863,RETRY_ALL,RETRY_ALL,45.99545449224015,25.0,20.99545449224015,20.99545449224015,0.0,PASS
RECLAIM-V2-000864,RETRY_ALL,RETRY_ALL,33.8289516677958,25.0,8.828951667795799,8.828951667795799,0.0,PASS
RECLAIM-V2-000865,RETRY_ALL,RETRY_ALL,0.0,25.0,-25.0,-25.0,0.0,PASS
RECLAIM-V2-000866,RETRY_ALL,RETRY_ALL,0.0,25.0,-25.0,-25.0,0.0,PASS
RECLAIM-V2-000867,RETRY_ALL,RETRY_ALL,97.39107151631086,25.0,72.39107151631086,72.39107151631086,0.0,PASS
RECLAIM-V2-000868,RETRY_ALL,RETRY_ALL,0.0,25.0,-25.0,-25.0,0.0,PASS
RECLAIM-V2-000869,RETRY_ALL,RETRY_ALL,102.80440274802557,25.0,77.80440274802557,77.80440274802557,0.0,PASS
RECLAIM-V2-000870,RETRY_ALL,RETRY_ALL,325.8283226315484,25.0,300.8283226315484,300.8283226315484,0.0,PASS
RECLAIM-V2-000871,RETRY_ALL,RETRY_ALL,228.1672997778008,25.0,203.1672997778008,203.1672997778008,0.0,PASS
RECLAIM-V2-000872,TARGET,STANDARD_TARGET,527.5243628964344,80.0,447.5243628964344,447.52436289643435,-5.684341886080802e-14,PASS
RECLAIM-V2-000873,RETRY_ALL,RETRY_ALL,217.55970132150944,25.0,192.55970132150944,192.55970132150944,0.0,PASS
RECLAIM-V2-000874,RETRY_ALL,RETRY_ALL,0.0,25.0,-25.0,-25.0,0.0,PASS
RECLAIM-V2-000875,RETRY_ALL,RETRY_ALL,0.0,25.0,-25.0,-25.0,0.0,PASS
RECLAIM-V2-000876,RETRY_ALL,RETRY_ALL,274.24003983075374,25.0,249.2400398307537,249.24003983075374,5.684341886080802e-14,PASS
RECLAIM-V2-000877,RETRY_ALL,RETRY_ALL,0.0,25.0,-25.0,-25.0,0.0,PASS
RECLAIM-V2-000878,RETRY_ALL,RETRY_ALL,165.20626924794405,25.0,140.20626924794405,140.20626924794405,0.0,PASS
RECLAIM-V2-000879,RETRY_ALL,RETRY_ALL,174.3594469604661,25.0,149.3594469604661,149.3594469604661,0.0,PASS
RECLAIM-V2-000880,RETRY_ALL,RETRY_ALL,214.7919449584656,25.0,189.7919449584656,189.7919449584656,0.0,PASS
RECLAIM-V2-000881,RETRY_ALL,RETRY_ALL,0.0,25.0,-25.0,-25.0,0.0,PASS
RECLAIM-V2-000882,RETRY_ALL,RETRY_ALL,330.60905821208974,25.0,305.60905821208974,305.60905821208974,0.0,PASS
RECLAIM-V2-000883,RETRY_ALL,RETRY_ALL,0.0,25.0,-25.0,-25.0,0.0,PASS
RECLAIM-V2-000884,RETRY_ALL,RETRY_ALL,131.14744259768804,25.0,106.14744259768804,106.14744259768804,0.0,PASS
RECLAIM-V2-000885,RETRY_ALL,RETRY_ALL,306.9345704795716,25.0,281.9345704795716,281.9345704795716,0.0,PASS
RECLAIM-V2-000886,RETRY_ALL,RETRY_ALL,0.0,25.0,-25.0,-25.0,0.0,PASS
RECLAIM-V2-000887,RETRY_ALL,RETRY_ALL,218.0987582440521,25.0,193.0987582440521,193.0987582440521,0.0,PASS
RECLAIM-V2-000888,RETRY_ALL,RETRY_ALL,247.5743442843529,25.0,222.5743442843529,222.5743442843529,0.0,PASS
RECLAIM-V2-000889,RETRY_ALL,RETRY_ALL,0.0,25.0,-25.0,-25.0,0.0,PASS
RECLAIM-V2-000890,RETRY_ALL,RETRY_ALL,353.0154791972225,25.0,328.0154791972225,328.0154791972225,0.0,PASS
RECLAIM-V2-000891,RETRY_ALL,RETRY_ALL,0.0,25.0,-25.0,-25.0,0.0,PASS
RECLAIM-V2-000892,RETRY_ALL,RETRY_ALL,0.0,25.0,-25.0,-25.0,0.0,PASS
RECLAIM-V2-000893,RETRY_ALL,RETRY_ALL,149.9539760681088,25.0,124.9539760681088,124.9539760681088,0.0,PASS
RECLAIM-V2-000894,RETRY_ALL,RETRY_ALL,84.68257037481091,25.0,59.68257037481091,59.68257037481091,0.0,PASS
RECLAIM-V2-000895,RETRY_ALL,RETRY_ALL,0.0,25.0,-25.0,-25.0,0.0,PASS
RECLAIM-V2-000896,RETRY_ALL,RETRY_ALL,0.0,25.0,-25.0,-25.0,0.0,PASS
RECLAIM-V2-000897,RETRY_ALL,RETRY_ALL,278.5072175038505,25.0,253.50721750385048,253.50721750385048,0.0,PASS
RECLAIM-V2-000898,RETRY_ALL,RETRY_ALL,95.3677137406164,25.0,70.3677137406164,70.3677137406164,0.0,PASS
RECLAIM-V2-000899,RETRY_ALL,RETRY_ALL,249.27317381409824,25.0,224.27317381409824,224.27317381409824,0.0,PASS
RECLAIM-V2-000900,RETRY_ALL,RETRY_ALL,0.0,25.0,-25.0,-25.0,0.0,PASS
RECLAIM-V2-000901,RETRY_ALL,RETRY_ALL,0.0,25.0,-25.0,-25.0,0.0,PASS
RECLAIM-V2-000902,RETRY_ALL,RETRY_ALL,0.0,25.0,-25.0,-25.0,0.0,PASS
RECLAIM-V2-000903,RETRY_ALL,RETRY_ALL,217.8977280977499,25.0,192.8977280977499,192.8977280977499,0.0,PASS
RECLAIM-V2-000904,RETRY_ALL,RETRY_ALL,0.0,25.0,-25.0,-25.0,0.0,PASS
RECLAIM-V2-000905,RETRY_ALL,RETRY_ALL,0.0,25.0,-25.0,-25.0,0.0,PASS
RECLAIM-V2-000906,RETRY_ALL,RETRY_ALL,0.0,25.0,-25.0,-25.0,0.0,PASS
RECLAIM-V2-000907,RETRY_ALL,RETRY_ALL,0.0,25.0,-25.0,-25.0,0.0,PASS
RECLAIM-V2-000908,RETRY_ALL,RETRY_ALL,0.0,25.0,-25.0,-25.0,0.0,PASS
RECLAIM-V2-000909,RETRY_ALL,RETRY_ALL,0.0,25.0,-25.0,-25.0,0.0,PASS
RECLAIM-V2-000910,RETRY_ALL,RETRY_ALL,46.3904348324745,25.0,21.390434832474497,21.390434832474497,0.0,PASS
RECLAIM-V2-000911,RETRY_ALL,RETRY_ALL,91.521051829419,25.0,66.521051829419,66.521051829419,0.0,PASS
RECLAIM-V2-000912,RETRY_ALL,RETRY_ALL,0.0,25.0,-25.0,-25.0,0.0,PASS
RECLAIM-V2-000913,TARGET,LOW_INTENSITY,474.37037023265,45.0,429.37037023265,429.37037023265,0.0,PASS
RECLAIM-V2-000914,RETRY_ALL,RETRY_ALL,238.1169705148422,25.0,213.1169705148422,213.1169705148422,0.0,PASS
RECLAIM-V2-000915,RETRY_ALL,RETRY_ALL,271.9583953824043,25.0,246.95839538240432,246.95839538240432,0.0,PASS
RECLAIM-V2-000916,RETRY_ALL,RETRY_ALL,123.9741975415746,25.0,98.9741975415746,98.9741975415746,0.0,PASS
RECLAIM-V2-000917,RETRY_ALL,RETRY_ALL,0.0,25.0,-25.0,-25.0,0.0,PASS
RECLAIM-V2-000918,RETRY_ALL,RETRY_ALL,189.3825033485521,25.0,164.38250334855212,164.3825033485521,-2.842170943040401e-14,PASS
RECLAIM-V2-000919,RETRY_ALL,RETRY_ALL,0.0,25.0,-25.0,-25.0,0.0,PASS
RECLAIM-V2-000920,RETRY_ALL,RETRY_ALL,155.23140326157974,25.0,130.23140326157974,130.23140326157974,0.0,PASS
RECLAIM-V2-000921,RETRY_ALL,RETRY_ALL,80.7553333235457,25.0,55.7553333235457,55.7553333235457,0.0,PASS
RECLAIM-V2-000922,RETRY_ALL,RETRY_ALL,341.9876432662758,25.0,316.9876432662758,316.9876432662758,0.0,PASS
RECLAIM-V2-000923,RETRY_ALL,RETRY_ALL,10.82643024400875,25.0,-14.17356975599125,-14.17356975599125,0.0,PASS
RECLAIM-V2-000924,RETRY_ALL,RETRY_ALL,229.8805246505232,25.0,204.8805246505232,204.8805246505232,0.0,PASS
RECLAIM-V2-000925,RETRY_ALL,RETRY_ALL,0.0,25.0,-25.0,-25.0,0.0,PASS
RECLAIM-V2-000926,RETRY_ALL,RETRY_ALL,266.82942553875057,25.0,241.82942553875057,241.82942553875057,0.0,PASS
RECLAIM-V2-000927,TARGET,LOW_INTENSITY,477.9162415509279,45.0,432.9162415509279,432.9162415509279,0.0,PASS
RECLAIM-V2-000928,RETRY_ALL,RETRY_ALL,0.0,25.0,-25.0,-25.0,0.0,PASS
RECLAIM-V2-000929,RETRY_ALL,RETRY_ALL,184.32220047498268,25.0,159.32220047498268,159.32220047498268,0.0,PASS
RECLAIM-V2-000930,RETRY_ALL,RETRY_ALL,51.28697719507036,25.0,26.28697719507036,26.286977195070357,-3.552713678800501e-15,PASS
RECLAIM-V2-000931,RETRY_ALL,RETRY_ALL,6.15539923812,25.0,-18.84460076188,-18.84460076188,0.0,PASS
RECLAIM-V2-000932,RETRY_ALL,RETRY_ALL,0.0,25.0,-25.0,-25.0,0.0,PASS
RECLAIM-V2-000933,RETRY_ALL,RETRY_ALL,70.4383205814555,25.0,45.4383205814555,45.4383205814555,0.0,PASS
RECLAIM-V2-000934,RETRY_ALL,RETRY_ALL,0.0,25.0,-25.0,-25.0,0.0,PASS
RECLAIM-V2-000935,RETRY_ALL,RETRY_ALL,0.0,25.0,-25.0,-25.0,0.0,PASS
RECLAIM-V2-000936,RETRY_ALL,RETRY_ALL,250.35207519756736,25.0,225.35207519756736,225.35207519756736,0.0,PASS
RECLAIM-V2-000937,RETRY_ALL,RETRY_ALL,221.45863136564705,25.0,196.45863136564705,196.45863136564705,0.0,PASS
RECLAIM-V2-000938,RETRY_ALL,RETRY_ALL,319.1418321525315,25.0,294.1418321525315,294.1418321525315,0.0,PASS
RECLAIM-V2-000939,RETRY_ALL,RETRY_ALL,0.0,25.0,-25.0,-25.0,0.0,PASS
RECLAIM-V2-000940,RETRY_ALL,RETRY_ALL,0.0,25.0,-25.0,-25.0,0.0,PASS
RECLAIM-V2-000941,RETRY_ALL,RETRY_ALL,253.46393296261505,25.0,228.46393296261505,228.46393296261505,0.0,PASS
RECLAIM-V2-000942,RETRY_ALL,RETRY_ALL,0.0,25.0,-25.0,-25.0,0.0,PASS
RECLAIM-V2-000943,RETRY_ALL,RETRY_ALL,0.0,25.0,-25.0,-25.0,0.0,PASS
RECLAIM-V2-000944,RETRY_ALL,RETRY_ALL,164.6407783837401,25.0,139.6407783837401,139.6407783837401,0.0,PASS
RECLAIM-V2-000945,RETRY_ALL,RETRY_ALL,40.24155181946431,25.0,15.241551819464313,15.241551819464313,0.0,PASS
RECLAIM-V2-000946,RETRY_ALL,RETRY_ALL,0.0,25.0,-25.0,-25.0,0.0,PASS
RECLAIM-V2-000947,RETRY_ALL,RETRY_ALL,152.7824612194182,25.0,127.7824612194182,127.7824612194182,0.0,PASS
RECLAIM-V2-000948,RETRY_ALL,RETRY_ALL,281.945250524912,25.0,256.945250524912,256.945250524912,0.0,PASS
RECLAIM-V2-000949,RETRY_ALL,RETRY_ALL,0.0,25.0,-25.0,-25.0,0.0,PASS
RECLAIM-V2-000950,TARGET,MONITOR,414.0388705677652,10.0,404.0388705677652,404.0388705677652,0.0,PASS
RECLAIM-V2-000951,RETRY_ALL,RETRY_ALL,0.0,25.0,-25.0,-25.0,0.0,PASS
RECLAIM-V2-000952,RETRY_ALL,RETRY_ALL,266.06582644409787,25.0,241.0658264440979,241.06582644409787,-2.842170943040401e-14,PASS
RECLAIM-V2-000953,RETRY_ALL,RETRY_ALL,0.0,25.0,-25.0,-25.0,0.0,PASS
RECLAIM-V2-000954,RETRY_ALL,RETRY_ALL,271.4002720371195,25.0,246.40027203711952,246.40027203711952,0.0,PASS
RECLAIM-V2-000955,RETRY_ALL,RETRY_ALL,167.20535506791794,25.0,142.20535506791794,142.20535506791794,0.0,PASS
RECLAIM-V2-000956,RETRY_ALL,RETRY_ALL,228.79146789788908,25.0,203.79146789788908,203.79146789788908,0.0,PASS
RECLAIM-V2-000957,RETRY_ALL,RETRY_ALL,108.7868511342324,25.0,83.7868511342324,83.7868511342324,0.0,PASS
RECLAIM-V2-000958,RETRY_ALL,RETRY_ALL,151.06604306566004,25.0,126.06604306566004,126.06604306566004,0.0,PASS
RECLAIM-V2-000959,RETRY_ALL,RETRY_ALL,21.0423683416701,25.0,-3.9576316583298974,-3.9576316583298983,-8.881784197001252e-16,PASS
RECLAIM-V2-000960,RETRY_ALL,RETRY_ALL,0.0,25.0,-25.0,-25.0,0.0,PASS
RECLAIM-V2-000961,RETRY_ALL,RETRY_ALL,2.1277910626851,25.0,-22.872208937314905,-22.872208937314902,3.552713678800501e-15,PASS
RECLAIM-V2-000962,RETRY_ALL,RETRY_ALL,43.010593657520246,25.0,18.010593657520246,18.010593657520246,0.0,PASS
RECLAIM-V2-000963,RETRY_ALL,RETRY_ALL,0.0,25.0,-25.0,-25.0,0.0,PASS
RECLAIM-V2-000964,RETRY_ALL,RETRY_ALL,0.0,25.0,-25.0,-25.0,0.0,PASS
RECLAIM-V2-000965,RETRY_ALL,RETRY_ALL,76.4280705903102,25.0,51.4280705903102,51.4280705903102,0.0,PASS
RECLAIM-V2-000966,RETRY_ALL,RETRY_ALL,0.0,25.0,-25.0,-25.0,0.0,PASS
RECLAIM-V2-000967,RETRY_ALL,RETRY_ALL,26.12221192625055,25.0,1.12221192625055,1.12221192625055,0.0,PASS
RECLAIM-V2-000968,RETRY_ALL,RETRY_ALL,0.0,25.0,-25.0,-25.0,0.0,PASS
RECLAIM-V2-000969,RETRY_ALL,RETRY_ALL,353.6690902705833,25.0,328.6690902705833,328.6690902705833,0.0,PASS
RECLAIM-V2-000970,RETRY_ALL,RETRY_ALL,29.9205978556929,25.0,4.9205978556929,4.9205978556929,0.0,PASS
RECLAIM-V2-000971,RETRY_ALL,RETRY_ALL,0.0,25.0,-25.0,-25.0,0.0,PASS
RECLAIM-V2-000972,RETRY_ALL,RETRY_ALL,0.0,25.0,-25.0,-25.0,0.0,PASS
RECLAIM-V2-000973,RETRY_ALL,RETRY_ALL,0.0,25.0,-25.0,-25.0,0.0,PASS
RECLAIM-V2-000974,RETRY_ALL,RETRY_ALL,313.07931177066274,25.0,288.07931177066274,288.07931177066274,0.0,PASS
RECLAIM-V2-000975,RETRY_ALL,RETRY_ALL,0.0,25.0,-25.0,-25.0,0.0,PASS
RECLAIM-V2-000976,RETRY_ALL,RETRY_ALL,238.34649152679447,25.0,213.34649152679447,213.34649152679447,0.0,PASS
RECLAIM-V2-000977,RETRY_ALL,RETRY_ALL,320.8149848137201,25.0,295.8149848137201,295.8149848137201,0.0,PASS
RECLAIM-V2-000978,RETRY_ALL,RETRY_ALL,0.0,25.0,-25.0,-25.0,0.0,PASS
RECLAIM-V2-000979,RETRY_ALL,RETRY_ALL,0.0,25.0,-25.0,-25.0,0.0,PASS
RECLAIM-V2-000980,RETRY_ALL,RETRY_ALL,0.0,25.0,-25.0,-25.0,0.0,PASS
RECLAIM-V2-000981,RETRY_ALL,RETRY_ALL,239.82491059897947,25.0,214.82491059897947,214.82491059897947,0.0,PASS
RECLAIM-V2-000982,RETRY_ALL,RETRY_ALL,0.0,25.0,-25.0,-25.0,0.0,PASS
RECLAIM-V2-000983,RETRY_ALL,RETRY_ALL,72.05593780237861,25.0,47.05593780237861,47.05593780237861,0.0,PASS
RECLAIM-V2-000984,RETRY_ALL,RETRY_ALL,0.0,25.0,-25.0,-25.0,0.0,PASS
RECLAIM-V2-000985,RETRY_ALL,RETRY_ALL,0.0,25.0,-25.0,-25.0,0.0,PASS
RECLAIM-V2-000986,RETRY_ALL,RETRY_ALL,0.0,25.0,-25.0,-25.0,0.0,PASS
RECLAIM-V2-000987,RETRY_ALL,RETRY_ALL,0.0,25.0,-25.0,-25.0,0.0,PASS
RECLAIM-V2-000988,RETRY_ALL,RETRY_ALL,51.87943071660091,25.0,26.879430716600908,26.879430716600908,0.0,PASS
RECLAIM-V2-000989,RETRY_ALL,RETRY_ALL,0.0,25.0,-25.0,-25.0,0.0,PASS
RECLAIM-V2-000990,RETRY_ALL,RETRY_ALL,164.33075406534343,25.0,139.33075406534343,139.33075406534343,0.0,PASS
RECLAIM-V2-000991,RETRY_ALL,RETRY_ALL,0.0,25.0,-25.0,-25.0,0.0,PASS
RECLAIM-V2-000992,RETRY_ALL,RETRY_ALL,84.14462442274966,25.0,59.14462442274966,59.14462442274966,0.0,PASS
RECLAIM-V2-000993,RETRY_ALL,RETRY_ALL,100.85581359235768,25.0,75.85581359235768,75.85581359235768,0.0,PASS
RECLAIM-V2-000994,RETRY_ALL,RETRY_ALL,193.44190748744865,25.0,168.44190748744865,168.44190748744865,0.0,PASS
RECLAIM-V2-000995,RETRY_ALL,RETRY_ALL,0.0,25.0,-25.0,-25.0,0.0,PASS
RECLAIM-V2-000996,RETRY_ALL,RETRY_ALL,0.0,25.0,-25.0,-25.0,0.0,PASS
RECLAIM-V2-000997,RETRY_ALL,RETRY_ALL,0.0,25.0,-25.0,-25.0,0.0,PASS
RECLAIM-V2-000998,RETRY_ALL,RETRY_ALL,267.1598431190544,25.0,242.1598431190544,242.15984311905441,2.842170943040401e-14,PASS
RECLAIM-V2-000999,RETRY_ALL,RETRY_ALL,0.0,25.0,-25.0,-25.0,0.0,PASS
RECLAIM-V2-001000,RETRY_ALL,RETRY_ALL,0.0,25.0,-25.0,-25.0,0.0,PASS
RECLAIM-V2-001001,RETRY_ALL,RETRY_ALL,185.0207654057136,25.0,160.0207654057136,160.0207654057136,0.0,PASS
RECLAIM-V2-001002,RETRY_ALL,RETRY_ALL,108.17659227560476,25.0,83.17659227560476,83.17659227560476,0.0,PASS
RECLAIM-V2-001003,RETRY_ALL,RETRY_ALL,0.0,25.0,-25.0,-25.0,0.0,PASS
RECLAIM-V2-001004,RETRY_ALL,RETRY_ALL,0.0,25.0,-25.0,-25.0,0.0,PASS
RECLAIM-V2-001005,RETRY_ALL,RETRY_ALL,183.8916119008917,25.0,158.8916119008917,158.8916119008917,0.0,PASS
RECLAIM-V2-001006,RETRY_ALL,RETRY_ALL,0.0,25.0,-25.0,-25.0,0.0,PASS
RECLAIM-V2-001007,TARGET,HIGH_INTENSITY,563.3607944016885,120.0,443.3607944016885,443.3607944016885,0.0,PASS
RECLAIM-V2-001008,RETRY_ALL,RETRY_ALL,168.7645277288595,25.0,143.7645277288595,143.7645277288595,0.0,PASS
RECLAIM-V2-001009,RETRY_ALL,RETRY_ALL,0.0,25.0,-25.0,-25.0,0.0,PASS
RECLAIM-V2-001010,RETRY_ALL,RETRY_ALL,96.5023008718638,25.0,71.5023008718638,71.5023008718638,0.0,PASS
RECLAIM-V2-001011,RETRY_ALL,RETRY_ALL,0.0,25.0,-25.0,-25.0,0.0,PASS
RECLAIM-V2-001012,RETRY_ALL,RETRY_ALL,356.70325721675727,25.0,331.70325721675727,331.70325721675727,0.0,PASS
RECLAIM-V2-001013,RETRY_ALL,RETRY_ALL,0.0,25.0,-25.0,-25.0,0.0,PASS
RECLAIM-V2-001014,TARGET,MONITOR,412.8366606646437,10.0,402.8366606646437,402.8366606646437,0.0,PASS
RECLAIM-V2-001015,RETRY_ALL,RETRY_ALL,0.0,25.0,-25.0,-25.0,0.0,PASS
RECLAIM-V2-001016,RETRY_ALL,RETRY_ALL,0.0,25.0,-25.0,-25.0,0.0,PASS
RECLAIM-V2-001017,RETRY_ALL,RETRY_ALL,177.25602846672766,25.0,152.25602846672766,152.25602846672766,0.0,PASS
RECLAIM-V2-001018,RETRY_ALL,RETRY_ALL,129.5450246764554,25.0,104.5450246764554,104.5450246764554,0.0,PASS
RECLAIM-V2-001019,RETRY_ALL,RETRY_ALL,0.0,25.0,-25.0,-25.0,0.0,PASS
RECLAIM-V2-001020,RETRY_ALL,RETRY_ALL,211.35204832766368,25.0,186.35204832766368,186.35204832766368,0.0,PASS
RECLAIM-V2-001021,TARGET,MONITOR,407.9147551986305,10.0,397.9147551986305,397.9147551986305,0.0,PASS
RECLAIM-V2-001022,RETRY_ALL,RETRY_ALL,385.1527243944446,25.0,360.1527243944446,360.1527243944446,0.0,PASS
RECLAIM-V2-001023,RETRY_ALL,RETRY_ALL,205.38631983369723,25.0,180.38631983369723,180.38631983369723,0.0,PASS
RECLAIM-V2-001024,RETRY_ALL,RETRY_ALL,0.0,25.0,-25.0,-25.0,0.0,PASS
RECLAIM-V2-001025,RETRY_ALL,RETRY_ALL,0.0,25.0,-25.0,-25.0,0.0,PASS
RECLAIM-V2-001026,RETRY_ALL,RETRY_ALL,380.488156492902,25.0,355.488156492902,355.488156492902,0.0,PASS
RECLAIM-V2-001027,RETRY_ALL,RETRY_ALL,0.0,25.0,-25.0,-25.0,0.0,PASS
RECLAIM-V2-001028,RETRY_ALL,RETRY_ALL,383.73773857306816,25.0,358.73773857306816,358.73773857306816,0.0,PASS
RECLAIM-V2-001029,RETRY_ALL,RETRY_ALL,302.90460461302274,25.0,277.90460461302274,277.90460461302274,0.0,PASS
RECLAIM-V2-001030,TARGET,LOW_INTENSITY,435.2564829599282,45.0,390.2564829599282,390.2564829599282,0.0,PASS
RECLAIM-V2-001031,RETRY_ALL,RETRY_ALL,0.0,25.0,-25.0,-25.0,0.0,PASS
RECLAIM-V2-001032,RETRY_ALL,RETRY_ALL,245.5143340056207,25.0,220.5143340056207,220.5143340056207,0.0,PASS
RECLAIM-V2-001033,RETRY_ALL,RETRY_ALL,243.96057615738164,25.0,218.96057615738164,218.96057615738164,0.0,PASS
RECLAIM-V2-001034,RETRY_ALL,RETRY_ALL,232.0133303086748,25.0,207.0133303086748,207.0133303086748,0.0,PASS
RECLAIM-V2-001035,RETRY_ALL,RETRY_ALL,0.0,25.0,-25.0,-25.0,0.0,PASS
RECLAIM-V2-001036,RETRY_ALL,RETRY_ALL,163.9935606536355,25.0,138.9935606536355,138.9935606536355,0.0,PASS
RECLAIM-V2-001037,RETRY_ALL,RETRY_ALL,254.5535982462384,25.0,229.5535982462384,229.5535982462384,0.0,PASS
RECLAIM-V2-001038,RETRY_ALL,RETRY_ALL,223.99111168750696,25.0,198.99111168750696,198.99111168750696,0.0,PASS
RECLAIM-V2-001039,RETRY_ALL,RETRY_ALL,0.0,25.0,-25.0,-25.0,0.0,PASS
RECLAIM-V2-001040,RETRY_ALL,RETRY_ALL,77.55133173122805,25.0,52.551331731228046,52.551331731228046,0.0,PASS
RECLAIM-V2-001041,RETRY_ALL,RETRY_ALL,14.073266101065,25.0,-10.926733898935,-10.926733898935,0.0,PASS
RECLAIM-V2-001042,RETRY_ALL,RETRY_ALL,191.3000880820674,25.0,166.3000880820674,166.3000880820674,0.0,PASS
RECLAIM-V2-001043,RETRY_ALL,RETRY_ALL,309.3671789403176,25.0,284.3671789403176,284.3671789403176,0.0,PASS
RECLAIM-V2-001044,RETRY_ALL,RETRY_ALL,251.87140740106307,25.0,226.87140740106307,226.87140740106307,0.0,PASS
RECLAIM-V2-001045,RETRY_ALL,RETRY_ALL,0.0,25.0,-25.0,-25.0,0.0,PASS
RECLAIM-V2-001046,RETRY_ALL,RETRY_ALL,176.0928984362628,25.0,151.0928984362628,151.0928984362628,0.0,PASS
RECLAIM-V2-001047,RETRY_ALL,RETRY_ALL,0.0,25.0,-25.0,-25.0,0.0,PASS
RECLAIM-V2-001048,RETRY_ALL,RETRY_ALL,0.0,25.0,-25.0,-25.0,0.0,PASS
RECLAIM-V2-001049,TARGET,MONITOR,392.24144745662807,10.0,382.24144745662807,382.24144745662807,0.0,PASS
RECLAIM-V2-001050,RETRY_ALL,RETRY_ALL,108.68365203718336,25.0,83.68365203718336,83.68365203718336,0.0,PASS
RECLAIM-V2-001051,RETRY_ALL,RETRY_ALL,209.6195571383204,25.0,184.6195571383204,184.6195571383204,0.0,PASS
RECLAIM-V2-001052,RETRY_ALL,RETRY_ALL,0.0,25.0,-25.0,-25.0,0.0,PASS
RECLAIM-V2-001053,RETRY_ALL,RETRY_ALL,0.0,25.0,-25.0,-25.0,0.0,PASS
RECLAIM-V2-001054,RETRY_ALL,RETRY_ALL,294.6149133989916,25.0,269.6149133989916,269.6149133989916,0.0,PASS
RECLAIM-V2-001055,RETRY_ALL,RETRY_ALL,0.0,25.0,-25.0,-25.0,0.0,PASS
RECLAIM-V2-001056,TARGET,LOW_INTENSITY,440.84697027275325,45.0,395.84697027275325,395.84697027275325,0.0,PASS
RECLAIM-V2-001057,RETRY_ALL,RETRY_ALL,0.0,25.0,-25.0,-25.0,0.0,PASS
RECLAIM-V2-001058,RETRY_ALL,RETRY_ALL,39.2522677635501,25.0,14.2522677635501,14.252267763550101,1.7763568394002505e-15,PASS
RECLAIM-V2-001059,RETRY_ALL,RETRY_ALL,325.85666739277093,25.0,300.85666739277093,300.85666739277093,0.0,PASS
RECLAIM-V2-001060,RETRY_ALL,RETRY_ALL,71.87905583651265,25.0,46.87905583651265,46.87905583651265,0.0,PASS
RECLAIM-V2-001061,RETRY_ALL,RETRY_ALL,159.07139708789805,25.0,134.07139708789805,134.07139708789805,0.0,PASS
RECLAIM-V2-001062,RETRY_ALL,RETRY_ALL,123.89700149044964,25.0,98.89700149044964,98.89700149044964,0.0,PASS
RECLAIM-V2-001063,TARGET,MONITOR,391.8312735939933,10.0,381.8312735939933,381.8312735939933,0.0,PASS
RECLAIM-V2-001064,RETRY_ALL,RETRY_ALL,106.65080444820735,25.0,81.65080444820735,81.65080444820735,0.0,PASS
RECLAIM-V2-001065,RETRY_ALL,RETRY_ALL,19.94205326350965,25.0,-5.057946736490351,-5.057946736490351,0.0,PASS
RECLAIM-V2-001066,RETRY_ALL,RETRY_ALL,305.92527078329283,25.0,280.92527078329283,280.92527078329283,0.0,PASS
RECLAIM-V2-001067,RETRY_ALL,RETRY_ALL,110.1539745614046,25.0,85.1539745614046,85.1539745614046,0.0,PASS
RECLAIM-V2-001068,RETRY_ALL,RETRY_ALL,0.0,25.0,-25.0,-25.0,0.0,PASS
RECLAIM-V2-001069,TARGET,LOW_INTENSITY,476.9160346008288,45.0,431.9160346008288,431.9160346008288,0.0,PASS
RECLAIM-V2-001070,RETRY_ALL,RETRY_ALL,0.0,25.0,-25.0,-25.0,0.0,PASS
RECLAIM-V2-001071,RETRY_ALL,RETRY_ALL,0.0,25.0,-25.0,-25.0,0.0,PASS
RECLAIM-V2-001072,RETRY_ALL,RETRY_ALL,0.0,25.0,-25.0,-25.0,0.0,PASS
RECLAIM-V2-001073,RETRY_ALL,RETRY_ALL,32.22640947518775,25.0,7.226409475187751,7.226409475187751,0.0,PASS
RECLAIM-V2-001074,RETRY_ALL,RETRY_ALL,64.55705760587355,25.0,39.55705760587355,39.55705760587355,0.0,PASS
RECLAIM-V2-001075,RETRY_ALL,RETRY_ALL,190.6819091316861,25.0,165.6819091316861,165.6819091316861,0.0,PASS
RECLAIM-V2-001076,RETRY_ALL,RETRY_ALL,170.32604588694662,25.0,145.32604588694662,145.32604588694662,0.0,PASS
RECLAIM-V2-001077,RETRY_ALL,RETRY_ALL,0.0,25.0,-25.0,-25.0,0.0,PASS
RECLAIM-V2-001078,RETRY_ALL,RETRY_ALL,289.6091335474215,25.0,264.6091335474215,264.6091335474215,0.0,PASS
RECLAIM-V2-001079,TARGET,MONITOR,423.1512307158248,10.0,413.1512307158248,413.1512307158248,0.0,PASS
RECLAIM-V2-001080,RETRY_ALL,RETRY_ALL,0.0,25.0,-25.0,-25.0,0.0,PASS
RECLAIM-V2-001081,TARGET,MONITOR,414.5826331088994,10.0,404.5826331088994,404.5826331088994,0.0,PASS
RECLAIM-V2-001082,RETRY_ALL,RETRY_ALL,0.0,25.0,-25.0,-25.0,0.0,PASS
RECLAIM-V2-001083,RETRY_ALL,RETRY_ALL,46.1357057588115,25.0,21.135705758811497,21.135705758811497,0.0,PASS
RECLAIM-V2-001084,TARGET,MONITOR,396.2015716090252,10.0,386.2015716090252,386.2015716090252,0.0,PASS
RECLAIM-V2-001085,RETRY_ALL,RETRY_ALL,57.0783760309341,25.0,32.0783760309341,32.0783760309341,0.0,PASS
RECLAIM-V2-001086,RETRY_ALL,RETRY_ALL,0.0,25.0,-25.0,-25.0,0.0,PASS
RECLAIM-V2-001087,RETRY_ALL,RETRY_ALL,101.9227758416664,25.0,76.9227758416664,76.9227758416664,0.0,PASS
RECLAIM-V2-001088,RETRY_ALL,RETRY_ALL,201.3709241267816,25.0,176.37092412678157,176.3709241267816,2.842170943040401e-14,PASS
RECLAIM-V2-001089,RETRY_ALL,RETRY_ALL,104.6389849534527,25.0,79.6389849534527,79.6389849534527,0.0,PASS
RECLAIM-V2-001090,RETRY_ALL,RETRY_ALL,276.9968598952758,25.0,251.9968598952758,251.9968598952758,0.0,PASS
RECLAIM-V2-001091,TARGET,LOW_INTENSITY,436.76022775941976,45.0,391.76022775941976,391.76022775941976,0.0,PASS
RECLAIM-V2-001092,RETRY_ALL,RETRY_ALL,0.0,25.0,-25.0,-25.0,0.0,PASS
RECLAIM-V2-001093,RETRY_ALL,RETRY_ALL,0.0,25.0,-25.0,-25.0,0.0,PASS
RECLAIM-V2-001094,RETRY_ALL,RETRY_ALL,0.0,25.0,-25.0,-25.0,0.0,PASS
RECLAIM-V2-001095,RETRY_ALL,RETRY_ALL,0.0,25.0,-25.0,-25.0,0.0,PASS
RECLAIM-V2-001096,RETRY_ALL,RETRY_ALL,0.0,25.0,-25.0,-25.0,0.0,PASS
RECLAIM-V2-001097,RETRY_ALL,RETRY_ALL,20.10151846464375,25.0,-4.89848153535625,-4.89848153535625,0.0,PASS
RECLAIM-V2-001098,RETRY_ALL,RETRY_ALL,0.0,25.0,-25.0,-25.0,0.0,PASS
RECLAIM-V2-001099,RETRY_ALL,RETRY_ALL,225.51532802120312,25.0,200.51532802120312,200.51532802120312,0.0,PASS
RECLAIM-V2-001100,RETRY_ALL,RETRY_ALL,3.2377892002113,25.0,-21.7622107997887,-21.7622107997887,0.0,PASS
RECLAIM-V2-001101,RETRY_ALL,RETRY_ALL,246.45793775431903,25.0,221.45793775431903,221.45793775431903,0.0,PASS
RECLAIM-V2-001102,RETRY_ALL,RETRY_ALL,0.0,25.0,-25.0,-25.0,0.0,PASS
RECLAIM-V2-001103,RETRY_ALL,RETRY_ALL,247.14551920685835,25.0,222.14551920685835,222.14551920685835,0.0,PASS
RECLAIM-V2-001104,RETRY_ALL,RETRY_ALL,0.0,25.0,-25.0,-25.0,0.0,PASS
RECLAIM-V2-001105,TARGET,LOW_INTENSITY,469.8405537405496,45.0,424.8405537405496,424.8405537405496,0.0,PASS
RECLAIM-V2-001106,TARGET,LOW_INTENSITY,446.9700496941239,45.0,401.9700496941239,401.9700496941239,0.0,PASS
RECLAIM-V2-001107,TARGET,LOW_INTENSITY,439.4833239411623,45.0,394.4833239411623,394.4833239411623,0.0,PASS
RECLAIM-V2-001108,RETRY_ALL,RETRY_ALL,0.0,25.0,-25.0,-25.0,0.0,PASS
RECLAIM-V2-001109,RETRY_ALL,RETRY_ALL,0.0,25.0,-25.0,-25.0,0.0,PASS
RECLAIM-V2-001110,RETRY_ALL,RETRY_ALL,0.0,25.0,-25.0,-25.0,0.0,PASS
RECLAIM-V2-001111,RETRY_ALL,RETRY_ALL,0.0,25.0,-25.0,-25.0,0.0,PASS
RECLAIM-V2-001112,RETRY_ALL,RETRY_ALL,0.0,25.0,-25.0,-25.0,0.0,PASS
RECLAIM-V2-001113,RETRY_ALL,RETRY_ALL,0.0,25.0,-25.0,-25.0,0.0,PASS
RECLAIM-V2-001114,RETRY_ALL,RETRY_ALL,33.48932449213335,25.0,8.489324492133349,8.489324492133349,0.0,PASS
RECLAIM-V2-001115,RETRY_ALL,RETRY_ALL,105.65580818594384,25.0,80.65580818594384,80.65580818594384,0.0,PASS
RECLAIM-V2-001116,RETRY_ALL,RETRY_ALL,188.8658832509412,25.0,163.8658832509412,163.8658832509412,0.0,PASS
RECLAIM-V2-001117,RETRY_ALL,RETRY_ALL,0.0,25.0,-25.0,-25.0,0.0,PASS
RECLAIM-V2-001118,RETRY_ALL,RETRY_ALL,0.0,25.0,-25.0,-25.0,0.0,PASS
RECLAIM-V2-001119,RETRY_ALL,RETRY_ALL,0.0,25.0,-25.0,-25.0,0.0,PASS
RECLAIM-V2-001120,RETRY_ALL,RETRY_ALL,249.8537746093554,25.0,224.8537746093554,224.8537746093554,0.0,PASS
RECLAIM-V2-001121,RETRY_ALL,RETRY_ALL,318.0889034225397,25.0,293.0889034225397,293.0889034225397,0.0,PASS
RECLAIM-V2-001122,RETRY_ALL,RETRY_ALL,0.0,25.0,-25.0,-25.0,0.0,PASS
RECLAIM-V2-001123,RETRY_ALL,RETRY_ALL,23.6877297539226,25.0,-1.3122702460774,-1.3122702460774,0.0,PASS
RECLAIM-V2-001124,TARGET,MONITOR,413.4635568679059,10.0,403.4635568679059,403.4635568679059,0.0,PASS
RECLAIM-V2-001125,RETRY_ALL,RETRY_ALL,22.0591305272817,25.0,-2.940869472718301,-2.940869472718301,0.0,PASS
RECLAIM-V2-001126,RETRY_ALL,RETRY_ALL,34.4900143621368,25.0,9.490014362136796,9.490014362136797,1.7763568394002505e-15,PASS
RECLAIM-V2-001127,RETRY_ALL,RETRY_ALL,0.0,25.0,-25.0,-25.0,0.0,PASS
RECLAIM-V2-001128,RETRY_ALL,RETRY_ALL,146.5465807626921,25.0,121.54658076269207,121.54658076269209,1.4210854715202004e-14,PASS
RECLAIM-V2-001129,RETRY_ALL,RETRY_ALL,22.45323341672505,25.0,-2.546766583274952,-2.5467665832749518,4.440892098500626e-16,PASS
RECLAIM-V2-001130,RETRY_ALL,RETRY_ALL,220.8874521594396,25.0,195.8874521594396,195.8874521594396,0.0,PASS
RECLAIM-V2-001131,RETRY_ALL,RETRY_ALL,179.72463455471834,25.0,154.72463455471834,154.72463455471834,0.0,PASS
RECLAIM-V2-001132,RETRY_ALL,RETRY_ALL,0.0,25.0,-25.0,-25.0,0.0,PASS
RECLAIM-V2-001133,RETRY_ALL,RETRY_ALL,151.6305651839898,25.0,126.6305651839898,126.6305651839898,0.0,PASS
RECLAIM-V2-001134,RETRY_ALL,RETRY_ALL,0.0,25.0,-25.0,-25.0,0.0,PASS
RECLAIM-V2-001135,RETRY_ALL,RETRY_ALL,48.4452216361926,25.0,23.4452216361926,23.4452216361926,0.0,PASS
RECLAIM-V2-001136,RETRY_ALL,RETRY_ALL,21.803943990087447,25.0,-3.196056009912553,-3.196056009912553,0.0,PASS
RECLAIM-V2-001137,RETRY_ALL,RETRY_ALL,0.0,25.0,-25.0,-25.0,0.0,PASS
RECLAIM-V2-001138,RETRY_ALL,RETRY_ALL,118.0886125314195,25.0,93.0886125314195,93.0886125314195,0.0,PASS
RECLAIM-V2-001139,RETRY_ALL,RETRY_ALL,0.0,25.0,-25.0,-25.0,0.0,PASS
RECLAIM-V2-001140,RETRY_ALL,RETRY_ALL,111.38455036006964,25.0,86.38455036006964,86.38455036006964,0.0,PASS
RECLAIM-V2-001141,RETRY_ALL,RETRY_ALL,0.0,25.0,-25.0,-25.0,0.0,PASS
RECLAIM-V2-001142,RETRY_ALL,RETRY_ALL,172.722666867582,25.0,147.722666867582,147.722666867582,0.0,PASS
RECLAIM-V2-001143,RETRY_ALL,RETRY_ALL,0.0,25.0,-25.0,-25.0,0.0,PASS
RECLAIM-V2-001144,RETRY_ALL,RETRY_ALL,224.9996435584229,25.0,199.9996435584229,199.9996435584229,0.0,PASS
RECLAIM-V2-001145,RETRY_ALL,RETRY_ALL,0.0,25.0,-25.0,-25.0,0.0,PASS
RECLAIM-V2-001146,RETRY_ALL,RETRY_ALL,107.9495341771854,25.0,82.9495341771854,82.9495341771854,0.0,PASS
RECLAIM-V2-001147,RETRY_ALL,RETRY_ALL,228.2504748522917,25.0,203.2504748522917,203.2504748522917,0.0,PASS
RECLAIM-V2-001148,RETRY_ALL,RETRY_ALL,0.0,25.0,-25.0,-25.0,0.0,PASS
RECLAIM-V2-001149,RETRY_ALL,RETRY_ALL,0.0,25.0,-25.0,-25.0,0.0,PASS
RECLAIM-V2-001150,RETRY_ALL,RETRY_ALL,191.58945583361924,25.0,166.58945583361924,166.58945583361924,0.0,PASS
RECLAIM-V2-001151,RETRY_ALL,RETRY_ALL,0.0,25.0,-25.0,-25.0,0.0,PASS
RECLAIM-V2-001152,RETRY_ALL,RETRY_ALL,34.5617182067001,25.0,9.5617182067001,9.5617182067001,0.0,PASS
RECLAIM-V2-001153,RETRY_ALL,RETRY_ALL,224.49437781558464,25.0,199.49437781558464,199.49437781558464,0.0,PASS
RECLAIM-V2-001154,RETRY_ALL,RETRY_ALL,0.0,25.0,-25.0,-25.0,0.0,PASS
RECLAIM-V2-001155,RETRY_ALL,RETRY_ALL,42.37604485934925,25.0,17.37604485934925,17.37604485934925,0.0,PASS
RECLAIM-V2-001156,RETRY_ALL,RETRY_ALL,116.88739109714068,25.0,91.88739109714068,91.88739109714068,0.0,PASS
RECLAIM-V2-001157,RETRY_ALL,RETRY_ALL,354.9530404538758,25.0,329.9530404538758,329.9530404538758,0.0,PASS
RECLAIM-V2-001158,RETRY_ALL,RETRY_ALL,288.85982161701554,25.0,263.85982161701554,263.85982161701554,0.0,PASS
RECLAIM-V2-001159,RETRY_ALL,RETRY_ALL,0.0,25.0,-25.0,-25.0,0.0,PASS
RECLAIM-V2-001160,RETRY_ALL,RETRY_ALL,65.12883031784071,25.0,40.12883031784071,40.12883031784071,0.0,PASS
RECLAIM-V2-001161,RETRY_ALL,RETRY_ALL,0.0,25.0,-25.0,-25.0,0.0,PASS
RECLAIM-V2-001162,RETRY_ALL,RETRY_ALL,25.850957844892505,25.0,0.8509578448925055,0.8509578448925055,0.0,PASS
RECLAIM-V2-001163,RETRY_ALL,RETRY_ALL,112.50697119104863,25.0,87.50697119104863,87.50697119104863,0.0,PASS
RECLAIM-V2-001164,RETRY_ALL,RETRY_ALL,0.0,25.0,-25.0,-25.0,0.0,PASS
RECLAIM-V2-001165,RETRY_ALL,RETRY_ALL,36.7325815218564,25.0,11.732581521856403,11.732581521856403,0.0,PASS
RECLAIM-V2-001166,RETRY_ALL,RETRY_ALL,176.0673285143031,25.0,151.0673285143031,151.0673285143031,0.0,PASS
RECLAIM-V2-001167,TARGET,MONITOR,422.6306004897567,10.0,412.6306004897567,412.6306004897567,0.0,PASS
RECLAIM-V2-001168,RETRY_ALL,RETRY_ALL,83.06033287277025,25.0,58.060332872770246,58.060332872770246,0.0,PASS
RECLAIM-V2-001169,RETRY_ALL,RETRY_ALL,175.5977416739946,25.0,150.5977416739946,150.5977416739946,0.0,PASS
RECLAIM-V2-001170,RETRY_ALL,RETRY_ALL,0.0,25.0,-25.0,-25.0,0.0,PASS
RECLAIM-V2-001171,RETRY_ALL,RETRY_ALL,149.9396783151081,25.0,124.9396783151081,124.9396783151081,0.0,PASS
RECLAIM-V2-001172,RETRY_ALL,RETRY_ALL,0.0,25.0,-25.0,-25.0,0.0,PASS
RECLAIM-V2-001173,RETRY_ALL,RETRY_ALL,292.333629814008,25.0,267.333629814008,267.333629814008,0.0,PASS
RECLAIM-V2-001174,RETRY_ALL,RETRY_ALL,0.0,25.0,-25.0,-25.0,0.0,PASS
RECLAIM-V2-001175,RETRY_ALL,RETRY_ALL,0.0,25.0,-25.0,-25.0,0.0,PASS
RECLAIM-V2-001176,RETRY_ALL,RETRY_ALL,0.0,25.0,-25.0,-25.0,0.0,PASS
RECLAIM-V2-001177,RETRY_ALL,RETRY_ALL,18.21703842133275,25.0,-6.782961578667251,-6.782961578667251,0.0,PASS
RECLAIM-V2-001178,RETRY_ALL,RETRY_ALL,151.67768359365374,25.0,126.67768359365374,126.67768359365374,0.0,PASS
RECLAIM-V2-001179,RETRY_ALL,RETRY_ALL,257.11047769877626,25.0,232.11047769877624,232.11047769877626,2.842170943040401e-14,PASS
RECLAIM-V2-001180,RETRY_ALL,RETRY_ALL,29.50014493873905,25.0,4.500144938739052,4.5001449387390515,-8.881784197001252e-16,PASS
RECLAIM-V2-001181,RETRY_ALL,RETRY_ALL,0.0,25.0,-25.0,-25.0,0.0,PASS
RECLAIM-V2-001182,RETRY_ALL,RETRY_ALL,121.13259037836644,25.0,96.13259037836644,96.13259037836644,0.0,PASS
RECLAIM-V2-001183,TARGET,HIGH_INTENSITY,645.5913077719089,120.0,525.5913077719089,525.5913077719089,0.0,PASS
RECLAIM-V2-001184,RETRY_ALL,RETRY_ALL,213.76343198849432,25.0,188.76343198849432,188.76343198849432,0.0,PASS
RECLAIM-V2-001185,RETRY_ALL,RETRY_ALL,0.0,25.0,-25.0,-25.0,0.0,PASS
RECLAIM-V2-001186,RETRY_ALL,RETRY_ALL,31.519054820689647,25.0,6.519054820689647,6.519054820689647,0.0,PASS
RECLAIM-V2-001187,RETRY_ALL,RETRY_ALL,0.0,25.0,-25.0,-25.0,0.0,PASS
RECLAIM-V2-001188,RETRY_ALL,RETRY_ALL,37.56320941302705,25.0,12.563209413027051,12.563209413027053,1.7763568394002505e-15,PASS
RECLAIM-V2-001189,RETRY_ALL,RETRY_ALL,205.4338297273765,25.0,180.4338297273765,180.4338297273765,0.0,PASS
RECLAIM-V2-001190,RETRY_ALL,RETRY_ALL,166.9024457680008,25.0,141.9024457680008,141.9024457680008,0.0,PASS
RECLAIM-V2-001191,RETRY_ALL,RETRY_ALL,319.70088213176325,25.0,294.70088213176325,294.70088213176325,0.0,PASS
RECLAIM-V2-001192,TARGET,STANDARD_TARGET,517.8823245008296,80.0,437.8823245008296,437.88232450082955,-5.684341886080802e-14,PASS
RECLAIM-V2-001193,RETRY_ALL,RETRY_ALL,208.6212594758241,25.0,183.6212594758241,183.6212594758241,0.0,PASS
RECLAIM-V2-001194,TARGET,MONITOR,403.2868889332366,10.0,393.2868889332366,393.2868889332366,0.0,PASS
RECLAIM-V2-001195,RETRY_ALL,RETRY_ALL,0.0,25.0,-25.0,-25.0,0.0,PASS
RECLAIM-V2-001196,RETRY_ALL,RETRY_ALL,0.0,25.0,-25.0,-25.0,0.0,PASS
RECLAIM-V2-001197,RETRY_ALL,RETRY_ALL,0.0,25.0,-25.0,-25.0,0.0,PASS
RECLAIM-V2-001198,RETRY_ALL,RETRY_ALL,189.24108009902625,25.0,164.24108009902625,164.24108009902625,0.0,PASS
RECLAIM-V2-001199,RETRY_ALL,RETRY_ALL,0.0,25.0,-25.0,-25.0,0.0,PASS
RECLAIM-V2-001200,RETRY_ALL,RETRY_ALL,0.0,25.0,-25.0,-25.0,0.0,PASS
RECLAIM-V2-001201,RETRY_ALL,RETRY_ALL,0.0,25.0,-25.0,-25.0,0.0,PASS
RECLAIM-V2-001202,RETRY_ALL,RETRY_ALL,0.0,25.0,-25.0,-25.0,0.0,PASS
RECLAIM-V2-001203,RETRY_ALL,RETRY_ALL,275.9610121271952,25.0,250.9610121271952,250.9610121271952,0.0,PASS
RECLAIM-V2-001204,RETRY_ALL,RETRY_ALL,0.0,25.0,-25.0,-25.0,0.0,PASS
RECLAIM-V2-001205,RETRY_ALL,RETRY_ALL,237.67601522465927,25.0,212.67601522465927,212.67601522465927,0.0,PASS
RECLAIM-V2-001206,RETRY_ALL,RETRY_ALL,107.76655933493863,25.0,82.76655933493863,82.76655933493863,0.0,PASS
RECLAIM-V2-001207,TARGET,MONITOR,393.76473199976925,10.0,383.76473199976925,383.76473199976925,0.0,PASS
RECLAIM-V2-001208,RETRY_ALL,RETRY_ALL,0.0,25.0,-25.0,-25.0,0.0,PASS
RECLAIM-V2-001209,RETRY_ALL,RETRY_ALL,0.0,25.0,-25.0,-25.0,0.0,PASS
RECLAIM-V2-001210,RETRY_ALL,RETRY_ALL,0.0,25.0,-25.0,-25.0,0.0,PASS
RECLAIM-V2-001211,RETRY_ALL,RETRY_ALL,288.2658435035983,25.0,263.2658435035983,263.2658435035983,0.0,PASS
RECLAIM-V2-001212,RETRY_ALL,RETRY_ALL,0.0,25.0,-25.0,-25.0,0.0,PASS
RECLAIM-V2-001213,RETRY_ALL,RETRY_ALL,108.37706199091036,25.0,83.37706199091036,83.37706199091036,0.0,PASS
RECLAIM-V2-001214,RETRY_ALL,RETRY_ALL,227.8938461569293,25.0,202.8938461569293,202.8938461569293,0.0,PASS
RECLAIM-V2-001215,RETRY_ALL,RETRY_ALL,226.17751893909585,25.0,201.17751893909585,201.17751893909585,0.0,PASS
RECLAIM-V2-001216,RETRY_ALL,RETRY_ALL,0.0,25.0,-25.0,-25.0,0.0,PASS
RECLAIM-V2-001217,RETRY_ALL,RETRY_ALL,24.5994635508648,25.0,-0.400536449135199,-0.40053644913519904,-5.551115123125783e-17,PASS
RECLAIM-V2-001218,RETRY_ALL,RETRY_ALL,24.65217545589675,25.0,-0.3478245441032506,-0.3478245441032506,0.0,PASS
RECLAIM-V2-001219,RETRY_ALL,RETRY_ALL,313.12778719461915,25.0,288.12778719461915,288.12778719461915,0.0,PASS
RECLAIM-V2-001220,RETRY_ALL,RETRY_ALL,40.35600274861785,25.0,15.356002748617849,15.356002748617847,-1.7763568394002505e-15,PASS
RECLAIM-V2-001221,RETRY_ALL,RETRY_ALL,108.02178333279464,25.0,83.02178333279464,83.02178333279464,0.0,PASS
RECLAIM-V2-001222,RETRY_ALL,RETRY_ALL,218.6513918113069,25.0,193.6513918113069,193.6513918113069,0.0,PASS
RECLAIM-V2-001223,RETRY_ALL,RETRY_ALL,73.25499909341626,25.0,48.25499909341626,48.25499909341626,0.0,PASS
RECLAIM-V2-001224,TARGET,MONITOR,422.48762362481983,10.0,412.48762362481983,412.48762362481983,0.0,PASS
RECLAIM-V2-001225,RETRY_ALL,RETRY_ALL,0.0,25.0,-25.0,-25.0,0.0,PASS
RECLAIM-V2-001226,RETRY_ALL,RETRY_ALL,128.46960166055686,25.0,103.46960166055686,103.46960166055686,0.0,PASS
RECLAIM-V2-001227,RETRY_ALL,RETRY_ALL,110.92940230153874,25.0,85.92940230153874,85.92940230153874,0.0,PASS
RECLAIM-V2-001228,RETRY_ALL,RETRY_ALL,240.38641088373888,25.0,215.38641088373888,215.38641088373888,0.0,PASS
RECLAIM-V2-001229,TARGET,HIGH_INTENSITY,573.7788595117808,120.0,453.7788595117808,453.77885951178075,-5.684341886080802e-14,PASS
RECLAIM-V2-001230,RETRY_ALL,RETRY_ALL,22.69192145151165,25.0,-2.30807854848835,-2.30807854848835,0.0,PASS
RECLAIM-V2-001231,RETRY_ALL,RETRY_ALL,183.7522009684129,25.0,158.75220096841292,158.7522009684129,-2.842170943040401e-14,PASS
RECLAIM-V2-001232,RETRY_ALL,RETRY_ALL,98.3904460226664,25.0,73.3904460226664,73.3904460226664,0.0,PASS
RECLAIM-V2-001233,RETRY_ALL,RETRY_ALL,0.0,25.0,-25.0,-25.0,0.0,PASS
RECLAIM-V2-001234,RETRY_ALL,RETRY_ALL,0.0,25.0,-25.0,-25.0,0.0,PASS
RECLAIM-V2-001235,RETRY_ALL,RETRY_ALL,294.56017495977494,25.0,269.56017495977494,269.56017495977494,0.0,PASS
RECLAIM-V2-001236,RETRY_ALL,RETRY_ALL,67.0299558553437,25.0,42.0299558553437,42.0299558553437,0.0,PASS
RECLAIM-V2-001237,RETRY_ALL,RETRY_ALL,0.0,25.0,-25.0,-25.0,0.0,PASS
RECLAIM-V2-001238,RETRY_ALL,RETRY_ALL,196.68171638179408,25.0,171.68171638179408,171.68171638179408,0.0,PASS
RECLAIM-V2-001239,RETRY_ALL,RETRY_ALL,144.40876159816756,25.0,119.40876159816756,119.40876159816756,0.0,PASS
RECLAIM-V2-001240,RETRY_ALL,RETRY_ALL,285.6476136806073,25.0,260.6476136806073,260.6476136806073,0.0,PASS
RECLAIM-V2-001241,RETRY_ALL,RETRY_ALL,0.0,25.0,-25.0,-25.0,0.0,PASS
RECLAIM-V2-001242,RETRY_ALL,RETRY_ALL,130.2439009807191,25.0,105.2439009807191,105.2439009807191,0.0,PASS
RECLAIM-V2-001243,RETRY_ALL,RETRY_ALL,0.0,25.0,-25.0,-25.0,0.0,PASS
RECLAIM-V2-001244,RETRY_ALL,RETRY_ALL,0.0,25.0,-25.0,-25.0,0.0,PASS
RECLAIM-V2-001245,TARGET,MONITOR,398.104593764475,10.0,388.104593764475,388.104593764475,0.0,PASS
RECLAIM-V2-001246,RETRY_ALL,RETRY_ALL,3.9406983335052,25.0,-21.0593016664948,-21.0593016664948,0.0,PASS
RECLAIM-V2-001247,RETRY_ALL,RETRY_ALL,0.0,25.0,-25.0,-25.0,0.0,PASS
RECLAIM-V2-001248,RETRY_ALL,RETRY_ALL,0.0,25.0,-25.0,-25.0,0.0,PASS
RECLAIM-V2-001249,RETRY_ALL,RETRY_ALL,0.0,25.0,-25.0,-25.0,0.0,PASS
RECLAIM-V2-001250,RETRY_ALL,RETRY_ALL,0.0,25.0,-25.0,-25.0,0.0,PASS
RECLAIM-V2-001251,RETRY_ALL,RETRY_ALL,0.0,25.0,-25.0,-25.0,0.0,PASS
RECLAIM-V2-001252,RETRY_ALL,RETRY_ALL,136.3717721804352,25.0,111.3717721804352,111.37177218043519,-1.4210854715202004e-14,PASS
RECLAIM-V2-001253,RETRY_ALL,RETRY_ALL,64.67119960973265,25.0,39.67119960973265,39.67119960973265,0.0,PASS
RECLAIM-V2-001254,RETRY_ALL,RETRY_ALL,303.017617401951,25.0,278.017617401951,278.017617401951,0.0,PASS
RECLAIM-V2-001255,RETRY_ALL,RETRY_ALL,87.65250671699205,25.0,62.65250671699205,62.65250671699205,0.0,PASS
RECLAIM-V2-001256,RETRY_ALL,RETRY_ALL,0.0,25.0,-25.0,-25.0,0.0,PASS
RECLAIM-V2-001257,RETRY_ALL,RETRY_ALL,0.0,25.0,-25.0,-25.0,0.0,PASS
RECLAIM-V2-001258,RETRY_ALL,RETRY_ALL,0.0,25.0,-25.0,-25.0,0.0,PASS
RECLAIM-V2-001259,RETRY_ALL,RETRY_ALL,0.0,25.0,-25.0,-25.0,0.0,PASS
RECLAIM-V2-001260,RETRY_ALL,RETRY_ALL,116.7956773721025,25.0,91.7956773721025,91.7956773721025,0.0,PASS
RECLAIM-V2-001261,RETRY_ALL,RETRY_ALL,0.0,25.0,-25.0,-25.0,0.0,PASS
RECLAIM-V2-001262,RETRY_ALL,RETRY_ALL,0.0,25.0,-25.0,-25.0,0.0,PASS
RECLAIM-V2-001263,RETRY_ALL,RETRY_ALL,84.51877336277279,25.0,59.51877336277279,59.51877336277279,0.0,PASS
RECLAIM-V2-001264,RETRY_ALL,RETRY_ALL,0.0,25.0,-25.0,-25.0,0.0,PASS
RECLAIM-V2-001265,RETRY_ALL,RETRY_ALL,226.8393019795323,25.0,201.8393019795323,201.8393019795323,0.0,PASS
RECLAIM-V2-001266,RETRY_ALL,RETRY_ALL,0.0,25.0,-25.0,-25.0,0.0,PASS
RECLAIM-V2-001267,RETRY_ALL,RETRY_ALL,0.0,25.0,-25.0,-25.0,0.0,PASS
RECLAIM-V2-001268,RETRY_ALL,RETRY_ALL,108.19477605946634,25.0,83.19477605946634,83.19477605946634,0.0,PASS
RECLAIM-V2-001269,RETRY_ALL,RETRY_ALL,0.0,25.0,-25.0,-25.0,0.0,PASS
RECLAIM-V2-001270,RETRY_ALL,RETRY_ALL,353.5617383893134,25.0,328.5617383893134,328.5617383893134,0.0,PASS
RECLAIM-V2-001271,RETRY_ALL,RETRY_ALL,149.90532586872675,25.0,124.90532586872676,124.90532586872675,-1.4210854715202004e-14,PASS
RECLAIM-V2-001272,RETRY_ALL,RETRY_ALL,29.14570394767845,25.0,4.145703947678449,4.145703947678449,0.0,PASS
RECLAIM-V2-001273,RETRY_ALL,RETRY_ALL,219.3251439120345,25.0,194.3251439120345,194.3251439120345,0.0,PASS
RECLAIM-V2-001274,RETRY_ALL,RETRY_ALL,82.58289951339614,25.0,57.58289951339614,57.58289951339614,0.0,PASS
RECLAIM-V2-001275,RETRY_ALL,RETRY_ALL,1.2596241179568,25.0,-23.7403758820432,-23.7403758820432,0.0,PASS
RECLAIM-V2-001276,RETRY_ALL,RETRY_ALL,363.6396257954541,25.0,338.6396257954541,338.6396257954541,0.0,PASS
RECLAIM-V2-001277,RETRY_ALL,RETRY_ALL,40.560024609537,25.0,15.560024609537004,15.560024609537003,-1.7763568394002505e-15,PASS
RECLAIM-V2-001278,RETRY_ALL,RETRY_ALL,0.0,25.0,-25.0,-25.0,0.0,PASS
RECLAIM-V2-001279,RETRY_ALL,RETRY_ALL,0.0,25.0,-25.0,-25.0,0.0,PASS
RECLAIM-V2-001280,RETRY_ALL,RETRY_ALL,186.0333490932039,25.0,161.0333490932039,161.0333490932039,0.0,PASS
RECLAIM-V2-001281,RETRY_ALL,RETRY_ALL,226.99132550412733,25.0,201.99132550412733,201.99132550412733,0.0,PASS
RECLAIM-V2-001282,RETRY_ALL,RETRY_ALL,228.90166457934853,25.0,203.90166457934853,203.90166457934853,0.0,PASS
RECLAIM-V2-001283,RETRY_ALL,RETRY_ALL,0.0,25.0,-25.0,-25.0,0.0,PASS
RECLAIM-V2-001284,RETRY_ALL,RETRY_ALL,0.0,25.0,-25.0,-25.0,0.0,PASS
RECLAIM-V2-001285,RETRY_ALL,RETRY_ALL,179.91636591519105,25.0,154.91636591519105,154.91636591519105,0.0,PASS
RECLAIM-V2-001286,RETRY_ALL,RETRY_ALL,0.0,25.0,-25.0,-25.0,0.0,PASS
RECLAIM-V2-001287,RETRY_ALL,RETRY_ALL,243.77609361053504,25.0,218.77609361053504,218.77609361053504,0.0,PASS
RECLAIM-V2-001288,RETRY_ALL,RETRY_ALL,0.0,25.0,-25.0,-25.0,0.0,PASS
RECLAIM-V2-001289,RETRY_ALL,RETRY_ALL,241.2278485337885,25.0,216.2278485337885,216.2278485337885,0.0,PASS
RECLAIM-V2-001290,RETRY_ALL,RETRY_ALL,213.7853516484149,25.0,188.7853516484149,188.7853516484149,0.0,PASS
RECLAIM-V2-001291,RETRY_ALL,RETRY_ALL,0.0,25.0,-25.0,-25.0,0.0,PASS
RECLAIM-V2-001292,RETRY_ALL,RETRY_ALL,0.0,25.0,-25.0,-25.0,0.0,PASS
RECLAIM-V2-001293,RETRY_ALL,RETRY_ALL,0.0,25.0,-25.0,-25.0,0.0,PASS
RECLAIM-V2-001294,RETRY_ALL,RETRY_ALL,35.63058756026175,25.0,10.630587560261752,10.630587560261752,0.0,PASS
RECLAIM-V2-001295,RETRY_ALL,RETRY_ALL,64.9383841303239,25.0,39.9383841303239,39.9383841303239,0.0,PASS
RECLAIM-V2-001296,RETRY_ALL,RETRY_ALL,0.0,25.0,-25.0,-25.0,0.0,PASS
RECLAIM-V2-001297,RETRY_ALL,RETRY_ALL,3.0581829499779,25.0,-21.9418170500221,-21.9418170500221,0.0,PASS
RECLAIM-V2-001298,RETRY_ALL,RETRY_ALL,0.0,25.0,-25.0,-25.0,0.0,PASS
RECLAIM-V2-001299,RETRY_ALL,RETRY_ALL,19.9961427827571,25.0,-5.003857217242899,-5.003857217242899,0.0,PASS
RECLAIM-V2-001300,RETRY_ALL,RETRY_ALL,0.0,25.0,-25.0,-25.0,0.0,PASS
RECLAIM-V2-001301,RETRY_ALL,RETRY_ALL,0.0,25.0,-25.0,-25.0,0.0,PASS
RECLAIM-V2-001302,RETRY_ALL,RETRY_ALL,0.0,25.0,-25.0,-25.0,0.0,PASS
RECLAIM-V2-001303,RETRY_ALL,RETRY_ALL,313.2065333757009,25.0,288.2065333757009,288.2065333757009,0.0,PASS
RECLAIM-V2-001304,RETRY_ALL,RETRY_ALL,207.8712333365568,25.0,182.8712333365568,182.8712333365568,0.0,PASS
RECLAIM-V2-001305,RETRY_ALL,RETRY_ALL,67.78490156806815,25.0,42.78490156806815,42.78490156806815,0.0,PASS
RECLAIM-V2-001306,RETRY_ALL,RETRY_ALL,0.0,25.0,-25.0,-25.0,0.0,PASS
RECLAIM-V2-001307,RETRY_ALL,RETRY_ALL,155.3847459289095,25.0,130.3847459289095,130.3847459289095,0.0,PASS
RECLAIM-V2-001308,RETRY_ALL,RETRY_ALL,180.3028872645777,25.0,155.3028872645777,155.3028872645777,0.0,PASS
RECLAIM-V2-001309,RETRY_ALL,RETRY_ALL,146.16934943759534,25.0,121.16934943759534,121.16934943759534,0.0,PASS
RECLAIM-V2-001310,RETRY_ALL,RETRY_ALL,225.54217199938904,25.0,200.54217199938904,200.54217199938904,0.0,PASS
RECLAIM-V2-001311,RETRY_ALL,RETRY_ALL,0.0,25.0,-25.0,-25.0,0.0,PASS
RECLAIM-V2-001312,RETRY_ALL,RETRY_ALL,0.0,25.0,-25.0,-25.0,0.0,PASS
RECLAIM-V2-001313,RETRY_ALL,RETRY_ALL,245.430775166874,25.0,220.430775166874,220.430775166874,0.0,PASS
RECLAIM-V2-001314,RETRY_ALL,RETRY_ALL,229.07968226534865,25.0,204.07968226534865,204.07968226534865,0.0,PASS
RECLAIM-V2-001315,RETRY_ALL,RETRY_ALL,353.0201773573425,25.0,328.0201773573425,328.0201773573425,0.0,PASS
RECLAIM-V2-001316,TARGET,LOW_INTENSITY,482.0675751588877,45.0,437.0675751588877,437.0675751588877,0.0,PASS
RECLAIM-V2-001317,RETRY_ALL,RETRY_ALL,93.5170741151265,25.0,68.5170741151265,68.5170741151265,0.0,PASS
RECLAIM-V2-001318,RETRY_ALL,RETRY_ALL,320.5886193223746,25.0,295.5886193223746,295.5886193223746,0.0,PASS
RECLAIM-V2-001319,RETRY_ALL,RETRY_ALL,0.0,25.0,-25.0,-25.0,0.0,PASS
RECLAIM-V2-001320,RETRY_ALL,RETRY_ALL,260.447484885861,25.0,235.447484885861,235.447484885861,0.0,PASS
RECLAIM-V2-001321,RETRY_ALL,RETRY_ALL,0.0,25.0,-25.0,-25.0,0.0,PASS
RECLAIM-V2-001322,RETRY_ALL,RETRY_ALL,0.0,25.0,-25.0,-25.0,0.0,PASS
RECLAIM-V2-001323,RETRY_ALL,RETRY_ALL,0.0,25.0,-25.0,-25.0,0.0,PASS
RECLAIM-V2-001324,RETRY_ALL,RETRY_ALL,176.47768422981406,25.0,151.47768422981406,151.47768422981406,0.0,PASS
RECLAIM-V2-001325,RETRY_ALL,RETRY_ALL,0.0,25.0,-25.0,-25.0,0.0,PASS
RECLAIM-V2-001326,RETRY_ALL,RETRY_ALL,0.0,25.0,-25.0,-25.0,0.0,PASS
RECLAIM-V2-001327,RETRY_ALL,RETRY_ALL,127.8109660082532,25.0,102.8109660082532,102.8109660082532,0.0,PASS
RECLAIM-V2-001328,RETRY_ALL,RETRY_ALL,276.87627492699056,25.0,251.87627492699056,251.87627492699056,0.0,PASS
RECLAIM-V2-001329,RETRY_ALL,RETRY_ALL,0.0,25.0,-25.0,-25.0,0.0,PASS
RECLAIM-V2-001330,RETRY_ALL,RETRY_ALL,11.0023477557615,25.0,-13.9976522442385,-13.9976522442385,0.0,PASS
RECLAIM-V2-001331,RETRY_ALL,RETRY_ALL,73.35986315792685,25.0,48.35986315792685,48.35986315792685,0.0,PASS
RECLAIM-V2-001332,RETRY_ALL,RETRY_ALL,0.0,25.0,-25.0,-25.0,0.0,PASS
RECLAIM-V2-001333,RETRY_ALL,RETRY_ALL,0.0,25.0,-25.0,-25.0,0.0,PASS
RECLAIM-V2-001334,RETRY_ALL,RETRY_ALL,0.0,25.0,-25.0,-25.0,0.0,PASS
RECLAIM-V2-001335,RETRY_ALL,RETRY_ALL,107.82977272433986,25.0,82.82977272433986,82.82977272433986,0.0,PASS
RECLAIM-V2-001336,RETRY_ALL,RETRY_ALL,325.0792401414786,25.0,300.0792401414786,300.0792401414786,0.0,PASS
RECLAIM-V2-001337,RETRY_ALL,RETRY_ALL,0.0,25.0,-25.0,-25.0,0.0,PASS
RECLAIM-V2-001338,RETRY_ALL,RETRY_ALL,0.0,25.0,-25.0,-25.0,0.0,PASS
RECLAIM-V2-001339,TARGET,MONITOR,408.5679125053781,10.0,398.5679125053781,398.5679125053781,0.0,PASS
RECLAIM-V2-001340,RETRY_ALL,RETRY_ALL,72.01320296570235,25.0,47.01320296570235,47.01320296570235,0.0,PASS
RECLAIM-V2-001341,RETRY_ALL,RETRY_ALL,61.4533407868452,25.0,36.4533407868452,36.4533407868452,0.0,PASS
RECLAIM-V2-001342,RETRY_ALL,RETRY_ALL,380.8634943433695,25.0,355.8634943433695,355.8634943433695,0.0,PASS
RECLAIM-V2-001343,RETRY_ALL,RETRY_ALL,0.0,25.0,-25.0,-25.0,0.0,PASS
RECLAIM-V2-001344,RETRY_ALL,RETRY_ALL,315.1985345805798,25.0,290.1985345805798,290.1985345805798,0.0,PASS
RECLAIM-V2-001345,RETRY_ALL,RETRY_ALL,0.0,25.0,-25.0,-25.0,0.0,PASS
RECLAIM-V2-001346,RETRY_ALL,RETRY_ALL,123.28996276779976,25.0,98.28996276779976,98.28996276779976,0.0,PASS
RECLAIM-V2-001347,RETRY_ALL,RETRY_ALL,0.0,25.0,-25.0,-25.0,0.0,PASS
RECLAIM-V2-001348,RETRY_ALL,RETRY_ALL,0.0,25.0,-25.0,-25.0,0.0,PASS
RECLAIM-V2-001349,RETRY_ALL,RETRY_ALL,0.0,25.0,-25.0,-25.0,0.0,PASS
RECLAIM-V2-001350,RETRY_ALL,RETRY_ALL,0.0,25.0,-25.0,-25.0,0.0,PASS
RECLAIM-V2-001351,RETRY_ALL,RETRY_ALL,0.0,25.0,-25.0,-25.0,0.0,PASS
RECLAIM-V2-001352,RETRY_ALL,RETRY_ALL,0.0,25.0,-25.0,-25.0,0.0,PASS
RECLAIM-V2-001353,RETRY_ALL,RETRY_ALL,0.0,25.0,-25.0,-25.0,0.0,PASS
RECLAIM-V2-001354,RETRY_ALL,RETRY_ALL,0.0,25.0,-25.0,-25.0,0.0,PASS
RECLAIM-V2-001355,RETRY_ALL,RETRY_ALL,0.0,25.0,-25.0,-25.0,0.0,PASS
RECLAIM-V2-001356,RETRY_ALL,RETRY_ALL,16.27967036458065,25.0,-8.72032963541935,-8.72032963541935,0.0,PASS
RECLAIM-V2-001357,RETRY_ALL,RETRY_ALL,126.400717978299,25.0,101.400717978299,101.400717978299,0.0,PASS
RECLAIM-V2-001358,RETRY_ALL,RETRY_ALL,116.60448690591927,25.0,91.60448690591927,91.60448690591927,0.0,PASS
RECLAIM-V2-001359,RETRY_ALL,RETRY_ALL,4.9067229441399,25.0,-20.0932770558601,-20.0932770558601,0.0,PASS
RECLAIM-V2-001360,RETRY_ALL,RETRY_ALL,0.0,25.0,-25.0,-25.0,0.0,PASS
RECLAIM-V2-001361,TARGET,MONITOR,395.7789815012533,10.0,385.7789815012533,385.7789815012533,0.0,PASS
RECLAIM-V2-001362,RETRY_ALL,RETRY_ALL,248.9086245339836,25.0,223.9086245339836,223.9086245339836,0.0,PASS
RECLAIM-V2-001363,RETRY_ALL,RETRY_ALL,233.5859590961535,25.0,208.5859590961535,208.5859590961535,0.0,PASS
RECLAIM-V2-001364,RETRY_ALL,RETRY_ALL,85.6034885517027,25.0,60.603488551702696,60.603488551702696,0.0,PASS
RECLAIM-V2-001365,RETRY_ALL,RETRY_ALL,125.02471207976836,25.0,100.02471207976836,100.02471207976836,0.0,PASS
RECLAIM-V2-001366,RETRY_ALL,RETRY_ALL,84.1550832854532,25.0,59.1550832854532,59.1550832854532,0.0,PASS
RECLAIM-V2-001367,RETRY_ALL,RETRY_ALL,0.0,25.0,-25.0,-25.0,0.0,PASS
RECLAIM-V2-001368,RETRY_ALL,RETRY_ALL,0.0,25.0,-25.0,-25.0,0.0,PASS
RECLAIM-V2-001369,RETRY_ALL,RETRY_ALL,223.1069830927641,25.0,198.1069830927641,198.1069830927641,0.0,PASS
RECLAIM-V2-001370,RETRY_ALL,RETRY_ALL,0.0,25.0,-25.0,-25.0,0.0,PASS
RECLAIM-V2-001371,TARGET,MONITOR,393.1719734177002,10.0,383.1719734177002,383.1719734177002,0.0,PASS
RECLAIM-V2-001372,RETRY_ALL,RETRY_ALL,69.00230193936494,25.0,44.00230193936494,44.00230193936494,0.0,PASS
RECLAIM-V2-001373,RETRY_ALL,RETRY_ALL,164.8608633225831,25.0,139.8608633225831,139.8608633225831,0.0,PASS
RECLAIM-V2-001374,TARGET,MONITOR,391.357185968046,10.0,381.357185968046,381.357185968046,0.0,PASS
RECLAIM-V2-001375,RETRY_ALL,RETRY_ALL,95.63339708308456,25.0,70.63339708308456,70.63339708308456,0.0,PASS
RECLAIM-V2-001376,RETRY_ALL,RETRY_ALL,0.0,25.0,-25.0,-25.0,0.0,PASS
RECLAIM-V2-001377,RETRY_ALL,RETRY_ALL,0.0,25.0,-25.0,-25.0,0.0,PASS
RECLAIM-V2-001378,RETRY_ALL,RETRY_ALL,0.0,25.0,-25.0,-25.0,0.0,PASS
RECLAIM-V2-001379,RETRY_ALL,RETRY_ALL,0.0,25.0,-25.0,-25.0,0.0,PASS
RECLAIM-V2-001380,RETRY_ALL,RETRY_ALL,160.4425806072618,25.0,135.4425806072618,135.4425806072618,0.0,PASS
RECLAIM-V2-001381,RETRY_ALL,RETRY_ALL,0.0,25.0,-25.0,-25.0,0.0,PASS
RECLAIM-V2-001382,RETRY_ALL,RETRY_ALL,0.0,25.0,-25.0,-25.0,0.0,PASS
RECLAIM-V2-001383,RETRY_ALL,RETRY_ALL,0.0,25.0,-25.0,-25.0,0.0,PASS
RECLAIM-V2-001384,RETRY_ALL,RETRY_ALL,108.6374952839922,25.0,83.6374952839922,83.6374952839922,0.0,PASS
RECLAIM-V2-001385,RETRY_ALL,RETRY_ALL,173.64658157980844,25.0,148.64658157980844,148.64658157980844,0.0,PASS
RECLAIM-V2-001386,RETRY_ALL,RETRY_ALL,143.9104585143969,25.0,118.91045851439692,118.91045851439691,-1.4210854715202004e-14,PASS
RECLAIM-V2-001387,RETRY_ALL,RETRY_ALL,0.0,25.0,-25.0,-25.0,0.0,PASS
RECLAIM-V2-001388,RETRY_ALL,RETRY_ALL,102.8628801396087,25.0,77.8628801396087,77.8628801396087,0.0,PASS
RECLAIM-V2-001389,RETRY_ALL,RETRY_ALL,7.13884158075255,25.0,-17.86115841924745,-17.86115841924745,0.0,PASS
RECLAIM-V2-001390,RETRY_ALL,RETRY_ALL,127.4771931472338,25.0,102.4771931472338,102.4771931472338,0.0,PASS
RECLAIM-V2-001391,RETRY_ALL,RETRY_ALL,341.29830007491483,25.0,316.29830007491483,316.29830007491483,0.0,PASS
RECLAIM-V2-001392,RETRY_ALL,RETRY_ALL,43.25655334692375,25.0,18.256553346923752,18.256553346923752,0.0,PASS
RECLAIM-V2-001393,RETRY_ALL,RETRY_ALL,86.92303583101484,25.0,61.92303583101484,61.92303583101484,0.0,PASS
RECLAIM-V2-001394,RETRY_ALL,RETRY_ALL,0.0,25.0,-25.0,-25.0,0.0,PASS
RECLAIM-V2-001395,RETRY_ALL,RETRY_ALL,171.76115554307475,25.0,146.76115554307475,146.76115554307475,0.0,PASS
RECLAIM-V2-001396,RETRY_ALL,RETRY_ALL,0.0,25.0,-25.0,-25.0,0.0,PASS
RECLAIM-V2-001397,RETRY_ALL,RETRY_ALL,0.0,25.0,-25.0,-25.0,0.0,PASS
RECLAIM-V2-001398,RETRY_ALL,RETRY_ALL,304.5095027463471,25.0,279.5095027463471,279.5095027463471,0.0,PASS
RECLAIM-V2-001399,RETRY_ALL,RETRY_ALL,207.42598746704127,25.0,182.42598746704127,182.42598746704127,0.0,PASS
RECLAIM-V2-001400,RETRY_ALL,RETRY_ALL,50.53452356928495,25.0,25.53452356928495,25.53452356928495,0.0,PASS
RECLAIM-V2-001401,RETRY_ALL,RETRY_ALL,358.0425906238461,25.0,333.0425906238461,333.0425906238461,0.0,PASS
RECLAIM-V2-001402,RETRY_ALL,RETRY_ALL,0.0,25.0,-25.0,-25.0,0.0,PASS
RECLAIM-V2-001403,RETRY_ALL,RETRY_ALL,223.8947118326928,25.0,198.8947118326928,198.8947118326928,0.0,PASS
RECLAIM-V2-001404,RETRY_ALL,RETRY_ALL,220.2488568910743,25.0,195.2488568910743,195.2488568910743,0.0,PASS
RECLAIM-V2-001405,RETRY_ALL,RETRY_ALL,263.809894721942,25.0,238.809894721942,238.809894721942,0.0,PASS
RECLAIM-V2-001406,TARGET,HIGH_INTENSITY,566.0872388585259,120.0,446.0872388585259,446.0872388585259,0.0,PASS
RECLAIM-V2-001407,RETRY_ALL,RETRY_ALL,0.0,25.0,-25.0,-25.0,0.0,PASS
RECLAIM-V2-001408,RETRY_ALL,RETRY_ALL,0.0,25.0,-25.0,-25.0,0.0,PASS
RECLAIM-V2-001409,RETRY_ALL,RETRY_ALL,0.0,25.0,-25.0,-25.0,0.0,PASS
RECLAIM-V2-001410,RETRY_ALL,RETRY_ALL,138.09765738914956,25.0,113.09765738914956,113.09765738914956,0.0,PASS
RECLAIM-V2-001411,RETRY_ALL,RETRY_ALL,67.01994211704975,25.0,42.01994211704975,42.01994211704975,0.0,PASS
RECLAIM-V2-001412,RETRY_ALL,RETRY_ALL,0.0,25.0,-25.0,-25.0,0.0,PASS
RECLAIM-V2-001413,RETRY_ALL,RETRY_ALL,0.0,25.0,-25.0,-25.0,0.0,PASS
RECLAIM-V2-001414,RETRY_ALL,RETRY_ALL,0.0,25.0,-25.0,-25.0,0.0,PASS
RECLAIM-V2-001415,RETRY_ALL,RETRY_ALL,140.1450772352412,25.0,115.1450772352412,115.14507723524119,-1.4210854715202004e-14,PASS
RECLAIM-V2-001416,RETRY_ALL,RETRY_ALL,0.0,25.0,-25.0,-25.0,0.0,PASS
RECLAIM-V2-001417,RETRY_ALL,RETRY_ALL,5.3919552993534,25.0,-19.6080447006466,-19.6080447006466,0.0,PASS
RECLAIM-V2-001418,RETRY_ALL,RETRY_ALL,0.0,25.0,-25.0,-25.0,0.0,PASS
RECLAIM-V2-001419,RETRY_ALL,RETRY_ALL,0.0,25.0,-25.0,-25.0,0.0,PASS
RECLAIM-V2-001420,RETRY_ALL,RETRY_ALL,0.0,25.0,-25.0,-25.0,0.0,PASS
RECLAIM-V2-001421,RETRY_ALL,RETRY_ALL,23.576860218725848,25.0,-1.423139781274152,-1.423139781274152,0.0,PASS
RECLAIM-V2-001422,RETRY_ALL,RETRY_ALL,143.31560424645073,25.0,118.31560424645072,118.31560424645073,1.4210854715202004e-14,PASS
RECLAIM-V2-001423,RETRY_ALL,RETRY_ALL,0.0,25.0,-25.0,-25.0,0.0,PASS
RECLAIM-V2-001424,RETRY_ALL,RETRY_ALL,28.924324749327,25.0,3.924324749326999,3.924324749326999,0.0,PASS
RECLAIM-V2-001425,RETRY_ALL,RETRY_ALL,0.0,25.0,-25.0,-25.0,0.0,PASS
RECLAIM-V2-001426,RETRY_ALL,RETRY_ALL,3.9287894515467,25.0,-21.0712105484533,-21.0712105484533,0.0,PASS
RECLAIM-V2-001427,RETRY_ALL,RETRY_ALL,252.7926966432546,25.0,227.7926966432546,227.7926966432546,0.0,PASS
RECLAIM-V2-001428,RETRY_ALL,RETRY_ALL,218.98252293569084,25.0,193.98252293569084,193.98252293569084,0.0,PASS
RECLAIM-V2-001429,RETRY_ALL,RETRY_ALL,0.0,25.0,-25.0,-25.0,0.0,PASS
RECLAIM-V2-001430,RETRY_ALL,RETRY_ALL,0.0,25.0,-25.0,-25.0,0.0,PASS
RECLAIM-V2-001431,RETRY_ALL,RETRY_ALL,0.0,25.0,-25.0,-25.0,0.0,PASS
RECLAIM-V2-001432,RETRY_ALL,RETRY_ALL,0.0,25.0,-25.0,-25.0,0.0,PASS
RECLAIM-V2-001433,RETRY_ALL,RETRY_ALL,204.06288224534552,25.0,179.06288224534552,179.06288224534552,0.0,PASS
RECLAIM-V2-001434,RETRY_ALL,RETRY_ALL,0.0,25.0,-25.0,-25.0,0.0,PASS
RECLAIM-V2-001435,RETRY_ALL,RETRY_ALL,230.7344968300656,25.0,205.7344968300656,205.7344968300656,0.0,PASS
RECLAIM-V2-001436,RETRY_ALL,RETRY_ALL,0.0,25.0,-25.0,-25.0,0.0,PASS
RECLAIM-V2-001437,RETRY_ALL,RETRY_ALL,224.22076131199725,25.0,199.22076131199725,199.22076131199725,0.0,PASS
RECLAIM-V2-001438,RETRY_ALL,RETRY_ALL,363.09209509872255,25.0,338.0920950987225,338.09209509872255,5.684341886080802e-14,PASS
RECLAIM-V2-001439,RETRY_ALL,RETRY_ALL,190.16787721721911,25.0,165.16787721721911,165.16787721721911,0.0,PASS
RECLAIM-V2-001440,RETRY_ALL,RETRY_ALL,0.0,25.0,-25.0,-25.0,0.0,PASS
RECLAIM-V2-001441,RETRY_ALL,RETRY_ALL,0.0,25.0,-25.0,-25.0,0.0,PASS
RECLAIM-V2-001442,RETRY_ALL,RETRY_ALL,0.0,25.0,-25.0,-25.0,0.0,PASS
RECLAIM-V2-001443,RETRY_ALL,RETRY_ALL,213.3294188664672,25.0,188.3294188664672,188.3294188664672,0.0,PASS
RECLAIM-V2-001444,RETRY_ALL,RETRY_ALL,0.0,25.0,-25.0,-25.0,0.0,PASS
RECLAIM-V2-001445,RETRY_ALL,RETRY_ALL,0.0,25.0,-25.0,-25.0,0.0,PASS
RECLAIM-V2-001446,RETRY_ALL,RETRY_ALL,13.53092152009185,25.0,-11.46907847990815,-11.46907847990815,0.0,PASS
RECLAIM-V2-001447,RETRY_ALL,RETRY_ALL,0.0,25.0,-25.0,-25.0,0.0,PASS
RECLAIM-V2-001448,RETRY_ALL,RETRY_ALL,0.0,25.0,-25.0,-25.0,0.0,PASS
RECLAIM-V2-001449,TARGET,LOW_INTENSITY,436.5206697043335,45.0,391.5206697043335,391.5206697043335,0.0,PASS
RECLAIM-V2-001450,RETRY_ALL,RETRY_ALL,74.2643127942396,25.0,49.2643127942396,49.2643127942396,0.0,PASS
RECLAIM-V2-001451,RETRY_ALL,RETRY_ALL,0.0,25.0,-25.0,-25.0,0.0,PASS
RECLAIM-V2-001452,RETRY_ALL,RETRY_ALL,341.35031234725034,25.0,316.35031234725034,316.35031234725034,0.0,PASS
RECLAIM-V2-001453,RETRY_ALL,RETRY_ALL,0.0,25.0,-25.0,-25.0,0.0,PASS
RECLAIM-V2-001454,RETRY_ALL,RETRY_ALL,0.0,25.0,-25.0,-25.0,0.0,PASS
RECLAIM-V2-001455,RETRY_ALL,RETRY_ALL,165.41110262368005,25.0,140.41110262368005,140.41110262368005,0.0,PASS
RECLAIM-V2-001456,RETRY_ALL,RETRY_ALL,9.93813911946615,25.0,-15.06186088053385,-15.06186088053385,0.0,PASS
RECLAIM-V2-001457,RETRY_ALL,RETRY_ALL,82.7863136891403,25.0,57.7863136891403,57.7863136891403,0.0,PASS
RECLAIM-V2-001458,RETRY_ALL,RETRY_ALL,0.0,25.0,-25.0,-25.0,0.0,PASS
RECLAIM-V2-001459,RETRY_ALL,RETRY_ALL,0.0,25.0,-25.0,-25.0,0.0,PASS
RECLAIM-V2-001460,RETRY_ALL,RETRY_ALL,0.0,25.0,-25.0,-25.0,0.0,PASS
RECLAIM-V2-001461,RETRY_ALL,RETRY_ALL,0.0,25.0,-25.0,-25.0,0.0,PASS
RECLAIM-V2-001462,RETRY_ALL,RETRY_ALL,128.54507147360312,25.0,103.54507147360312,103.54507147360312,0.0,PASS
RECLAIM-V2-001463,RETRY_ALL,RETRY_ALL,232.9258738883901,25.0,207.9258738883901,207.9258738883901,0.0,PASS
RECLAIM-V2-001464,RETRY_ALL,RETRY_ALL,228.5040873544044,25.0,203.5040873544044,203.5040873544044,0.0,PASS
RECLAIM-V2-001465,RETRY_ALL,RETRY_ALL,68.26931679406755,25.0,43.26931679406755,43.26931679406755,0.0,PASS
RECLAIM-V2-001466,RETRY_ALL,RETRY_ALL,0.0,25.0,-25.0,-25.0,0.0,PASS
RECLAIM-V2-001467,RETRY_ALL,RETRY_ALL,0.0,25.0,-25.0,-25.0,0.0,PASS
RECLAIM-V2-001468,RETRY_ALL,RETRY_ALL,0.0,25.0,-25.0,-25.0,0.0,PASS
RECLAIM-V2-001469,RETRY_ALL,RETRY_ALL,69.01171311938086,25.0,44.01171311938086,44.01171311938086,0.0,PASS
RECLAIM-V2-001470,TARGET,LOW_INTENSITY,476.26878133339767,45.0,431.26878133339767,431.26878133339767,0.0,PASS
RECLAIM-V2-001471,RETRY_ALL,RETRY_ALL,0.0,25.0,-25.0,-25.0,0.0,PASS
RECLAIM-V2-001472,RETRY_ALL,RETRY_ALL,0.0,25.0,-25.0,-25.0,0.0,PASS
RECLAIM-V2-001473,RETRY_ALL,RETRY_ALL,0.0,25.0,-25.0,-25.0,0.0,PASS
RECLAIM-V2-001474,RETRY_ALL,RETRY_ALL,293.4113753846108,25.0,268.4113753846108,268.4113753846108,0.0,PASS
RECLAIM-V2-001475,RETRY_ALL,RETRY_ALL,0.0,25.0,-25.0,-25.0,0.0,PASS
RECLAIM-V2-001476,RETRY_ALL,RETRY_ALL,29.85565875561856,25.0,4.855658755618556,4.85565875561856,3.552713678800501e-15,PASS
RECLAIM-V2-001477,RETRY_ALL,RETRY_ALL,0.0,25.0,-25.0,-25.0,0.0,PASS
RECLAIM-V2-001478,RETRY_ALL,RETRY_ALL,3.86622225012375,25.0,-21.13377774987625,-21.13377774987625,0.0,PASS
RECLAIM-V2-001479,RETRY_ALL,RETRY_ALL,27.66435816241725,25.0,2.664358162417251,2.664358162417251,0.0,PASS
RECLAIM-V2-001480,RETRY_ALL,RETRY_ALL,0.0,25.0,-25.0,-25.0,0.0,PASS
RECLAIM-V2-001481,RETRY_ALL,RETRY_ALL,0.0,25.0,-25.0,-25.0,0.0,PASS
RECLAIM-V2-001482,RETRY_ALL,RETRY_ALL,0.0,25.0,-25.0,-25.0,0.0,PASS
RECLAIM-V2-001483,RETRY_ALL,RETRY_ALL,0.0,25.0,-25.0,-25.0,0.0,PASS
RECLAIM-V2-001484,RETRY_ALL,RETRY_ALL,193.0085460272089,25.0,168.00854602720892,168.0085460272089,-2.842170943040401e-14,PASS
RECLAIM-V2-001485,RETRY_ALL,RETRY_ALL,0.0,25.0,-25.0,-25.0,0.0,PASS
RECLAIM-V2-001486,RETRY_ALL,RETRY_ALL,300.1120786355214,25.0,275.1120786355214,275.1120786355214,0.0,PASS
RECLAIM-V2-001487,TARGET,STANDARD_TARGET,517.3727587830779,80.0,437.3727587830778,437.37275878307787,5.684341886080802e-14,PASS
RECLAIM-V2-001488,RETRY_ALL,RETRY_ALL,0.0,25.0,-25.0,-25.0,0.0,PASS
RECLAIM-V2-001489,RETRY_ALL,RETRY_ALL,0.0,25.0,-25.0,-25.0,0.0,PASS
RECLAIM-V2-001490,RETRY_ALL,RETRY_ALL,0.0,25.0,-25.0,-25.0,0.0,PASS
RECLAIM-V2-001491,RETRY_ALL,RETRY_ALL,216.18748895750505,25.0,191.18748895750505,191.18748895750505,0.0,PASS
RECLAIM-V2-001492,RETRY_ALL,RETRY_ALL,223.37527554755584,25.0,198.37527554755584,198.37527554755584,0.0,PASS
RECLAIM-V2-001493,RETRY_ALL,RETRY_ALL,0.0,25.0,-25.0,-25.0,0.0,PASS
RECLAIM-V2-001494,RETRY_ALL,RETRY_ALL,0.0,25.0,-25.0,-25.0,0.0,PASS
RECLAIM-V2-001495,RETRY_ALL,RETRY_ALL,32.7729402138312,25.0,7.772940213831198,7.772940213831198,0.0,PASS
RECLAIM-V2-001496,RETRY_ALL,RETRY_ALL,0.0,25.0,-25.0,-25.0,0.0,PASS
RECLAIM-V2-001497,RETRY_ALL,RETRY_ALL,0.0,25.0,-25.0,-25.0,0.0,PASS
RECLAIM-V2-001498,RETRY_ALL,RETRY_ALL,128.3734522951974,25.0,103.3734522951974,103.37345229519741,1.4210854715202004e-14,PASS
RECLAIM-V2-001499,RETRY_ALL,RETRY_ALL,0.0,25.0,-25.0,-25.0,0.0,PASS
RECLAIM-V2-001500,RETRY_ALL,RETRY_ALL,0.0,25.0,-25.0,-25.0,0.0,PASS
RECLAIM-V2-001501,RETRY_ALL,RETRY_ALL,0.0,25.0,-25.0,-25.0,0.0,PASS
RECLAIM-V2-001502,RETRY_ALL,RETRY_ALL,0.0,25.0,-25.0,-25.0,0.0,PASS
RECLAIM-V2-001503,RETRY_ALL,RETRY_ALL,0.0,25.0,-25.0,-25.0,0.0,PASS
RECLAIM-V2-001504,RETRY_ALL,RETRY_ALL,0.0,25.0,-25.0,-25.0,0.0,PASS
RECLAIM-V2-001505,RETRY_ALL,RETRY_ALL,251.8595183420448,25.0,226.8595183420448,226.8595183420448,0.0,PASS
RECLAIM-V2-001506,RETRY_ALL,RETRY_ALL,0.0,25.0,-25.0,-25.0,0.0,PASS
RECLAIM-V2-001507,RETRY_ALL,RETRY_ALL,0.0,25.0,-25.0,-25.0,0.0,PASS
RECLAIM-V2-001508,RETRY_ALL,RETRY_ALL,44.96800593368715,25.0,19.968005933687152,19.968005933687152,0.0,PASS
RECLAIM-V2-001509,RETRY_ALL,RETRY_ALL,0.0,25.0,-25.0,-25.0,0.0,PASS
RECLAIM-V2-001510,RETRY_ALL,RETRY_ALL,0.0,25.0,-25.0,-25.0,0.0,PASS
RECLAIM-V2-001511,RETRY_ALL,RETRY_ALL,0.0,25.0,-25.0,-25.0,0.0,PASS
RECLAIM-V2-001512,RETRY_ALL,RETRY_ALL,0.0,25.0,-25.0,-25.0,0.0,PASS
RECLAIM-V2-001513,RETRY_ALL,RETRY_ALL,135.11914036152797,25.0,110.11914036152795,110.11914036152797,1.4210854715202004e-14,PASS
RECLAIM-V2-001514,RETRY_ALL,RETRY_ALL,184.1476047145572,25.0,159.1476047145572,159.1476047145572,0.0,PASS
RECLAIM-V2-001515,RETRY_ALL,RETRY_ALL,0.0,25.0,-25.0,-25.0,0.0,PASS
RECLAIM-V2-001516,RETRY_ALL,RETRY_ALL,34.8164768123124,25.0,9.816476812312402,9.816476812312402,0.0,PASS
RECLAIM-V2-001517,RETRY_ALL,RETRY_ALL,0.0,25.0,-25.0,-25.0,0.0,PASS
RECLAIM-V2-001518,RETRY_ALL,RETRY_ALL,267.1271429399445,25.0,242.1271429399445,242.12714293994452,2.842170943040401e-14,PASS
RECLAIM-V2-001519,RETRY_ALL,RETRY_ALL,0.0,25.0,-25.0,-25.0,0.0,PASS
RECLAIM-V2-001520,RETRY_ALL,RETRY_ALL,62.0679794659098,25.0,37.0679794659098,37.0679794659098,0.0,PASS
RECLAIM-V2-001521,RETRY_ALL,RETRY_ALL,327.6502859445209,25.0,302.6502859445209,302.6502859445209,0.0,PASS
RECLAIM-V2-001522,RETRY_ALL,RETRY_ALL,0.0,25.0,-25.0,-25.0,0.0,PASS
RECLAIM-V2-001523,TARGET,LOW_INTENSITY,445.7679264157025,45.0,400.7679264157025,400.7679264157025,0.0,PASS
RECLAIM-V2-001524,RETRY_ALL,RETRY_ALL,220.0259268760572,25.0,195.0259268760572,195.0259268760572,0.0,PASS
RECLAIM-V2-001525,RETRY_ALL,RETRY_ALL,0.0,25.0,-25.0,-25.0,0.0,PASS
RECLAIM-V2-001526,RETRY_ALL,RETRY_ALL,110.2813443518052,25.0,85.2813443518052,85.2813443518052,0.0,PASS
RECLAIM-V2-001527,RETRY_ALL,RETRY_ALL,0.0,25.0,-25.0,-25.0,0.0,PASS
RECLAIM-V2-001528,RETRY_ALL,RETRY_ALL,100.31481557110754,25.0,75.31481557110754,75.31481557110754,0.0,PASS
RECLAIM-V2-001529,RETRY_ALL,RETRY_ALL,362.0061549724179,25.0,337.0061549724179,337.0061549724179,0.0,PASS
RECLAIM-V2-001530,RETRY_ALL,RETRY_ALL,0.0,25.0,-25.0,-25.0,0.0,PASS
RECLAIM-V2-001531,RETRY_ALL,RETRY_ALL,0.0,25.0,-25.0,-25.0,0.0,PASS
RECLAIM-V2-001532,RETRY_ALL,RETRY_ALL,239.1728906537421,25.0,214.1728906537421,214.1728906537421,0.0,PASS
RECLAIM-V2-001533,RETRY_ALL,RETRY_ALL,0.0,25.0,-25.0,-25.0,0.0,PASS
RECLAIM-V2-001534,RETRY_ALL,RETRY_ALL,330.4584033979916,25.0,305.4584033979916,305.4584033979916,0.0,PASS
RECLAIM-V2-001535,RETRY_ALL,RETRY_ALL,241.084446915138,25.0,216.084446915138,216.084446915138,0.0,PASS
RECLAIM-V2-001536,RETRY_ALL,RETRY_ALL,0.0,25.0,-25.0,-25.0,0.0,PASS
RECLAIM-V2-001537,RETRY_ALL,RETRY_ALL,119.82696595591275,25.0,94.82696595591275,94.82696595591275,0.0,PASS
RECLAIM-V2-001538,RETRY_ALL,RETRY_ALL,0.0,25.0,-25.0,-25.0,0.0,PASS
RECLAIM-V2-001539,RETRY_ALL,RETRY_ALL,0.0,25.0,-25.0,-25.0,0.0,PASS
RECLAIM-V2-001540,RETRY_ALL,RETRY_ALL,185.74787963326963,25.0,160.74787963326963,160.74787963326963,0.0,PASS
RECLAIM-V2-001541,RETRY_ALL,RETRY_ALL,0.0,25.0,-25.0,-25.0,0.0,PASS
RECLAIM-V2-001542,RETRY_ALL,RETRY_ALL,235.73478104340555,25.0,210.73478104340555,210.73478104340555,0.0,PASS
RECLAIM-V2-001543,RETRY_ALL,RETRY_ALL,81.533041160169,25.0,56.533041160169006,56.533041160169006,0.0,PASS
RECLAIM-V2-001544,RETRY_ALL,RETRY_ALL,0.0,25.0,-25.0,-25.0,0.0,PASS
RECLAIM-V2-001545,RETRY_ALL,RETRY_ALL,0.0,25.0,-25.0,-25.0,0.0,PASS
RECLAIM-V2-001546,RETRY_ALL,RETRY_ALL,0.0,25.0,-25.0,-25.0,0.0,PASS
RECLAIM-V2-001547,RETRY_ALL,RETRY_ALL,0.0,25.0,-25.0,-25.0,0.0,PASS
RECLAIM-V2-001548,RETRY_ALL,RETRY_ALL,0.0,25.0,-25.0,-25.0,0.0,PASS
RECLAIM-V2-001549,RETRY_ALL,RETRY_ALL,232.7829714096336,25.0,207.7829714096336,207.7829714096336,0.0,PASS
RECLAIM-V2-001550,RETRY_ALL,RETRY_ALL,0.0,25.0,-25.0,-25.0,0.0,PASS
RECLAIM-V2-001551,RETRY_ALL,RETRY_ALL,125.96876160809714,25.0,100.96876160809714,100.96876160809714,0.0,PASS
RECLAIM-V2-001552,RETRY_ALL,RETRY_ALL,326.568112128149,25.0,301.568112128149,301.568112128149,0.0,PASS
RECLAIM-V2-001553,RETRY_ALL,RETRY_ALL,0.0,25.0,-25.0,-25.0,0.0,PASS
RECLAIM-V2-001554,RETRY_ALL,RETRY_ALL,255.9525512287017,25.0,230.9525512287017,230.9525512287017,0.0,PASS
RECLAIM-V2-001555,RETRY_ALL,RETRY_ALL,0.0,25.0,-25.0,-25.0,0.0,PASS
RECLAIM-V2-001556,TARGET,LOW_INTENSITY,482.3345570134131,45.0,437.3345570134131,437.3345570134131,0.0,PASS
RECLAIM-V2-001557,RETRY_ALL,RETRY_ALL,0.0,25.0,-25.0,-25.0,0.0,PASS
RECLAIM-V2-001558,RETRY_ALL,RETRY_ALL,0.0,25.0,-25.0,-25.0,0.0,PASS
RECLAIM-V2-001559,RETRY_ALL,RETRY_ALL,0.0,25.0,-25.0,-25.0,0.0,PASS
RECLAIM-V2-001560,RETRY_ALL,RETRY_ALL,287.62862879804266,25.0,262.62862879804266,262.62862879804266,0.0,PASS
RECLAIM-V2-001561,TARGET,LOW_INTENSITY,474.9836640120831,45.0,429.9836640120831,429.9836640120831,0.0,PASS
RECLAIM-V2-001562,RETRY_ALL,RETRY_ALL,226.0907254175319,25.0,201.0907254175319,201.0907254175319,0.0,PASS
RECLAIM-V2-001563,RETRY_ALL,RETRY_ALL,86.00692881929115,25.0,61.00692881929115,61.00692881929115,0.0,PASS
RECLAIM-V2-001564,RETRY_ALL,RETRY_ALL,10.8314607096672,25.0,-14.1685392903328,-14.1685392903328,0.0,PASS
RECLAIM-V2-001565,RETRY_ALL,RETRY_ALL,187.7206771674257,25.0,162.72067716742575,162.7206771674257,-5.684341886080802e-14,PASS
RECLAIM-V2-001566,TARGET,STANDARD_TARGET,545.6356469191692,80.0,465.6356469191692,465.6356469191692,0.0,PASS
RECLAIM-V2-001567,RETRY_ALL,RETRY_ALL,328.26608361880034,25.0,303.26608361880034,303.26608361880034,0.0,PASS
RECLAIM-V2-001568,RETRY_ALL,RETRY_ALL,0.0,25.0,-25.0,-25.0,0.0,PASS
RECLAIM-V2-001569,RETRY_ALL,RETRY_ALL,339.2317435759807,25.0,314.2317435759807,314.2317435759807,0.0,PASS
RECLAIM-V2-001570,RETRY_ALL,RETRY_ALL,279.4133514629819,25.0,254.4133514629819,254.4133514629819,0.0,PASS
RECLAIM-V2-001571,RETRY_ALL,RETRY_ALL,0.0,25.0,-25.0,-25.0,0.0,PASS
RECLAIM-V2-001572,RETRY_ALL,RETRY_ALL,259.6681704284709,25.0,234.6681704284709,234.6681704284709,0.0,PASS
RECLAIM-V2-001573,RETRY_ALL,RETRY_ALL,165.96075935494065,25.0,140.96075935494065,140.96075935494065,0.0,PASS
RECLAIM-V2-001574,RETRY_ALL,RETRY_ALL,148.61896324677647,25.0,123.61896324677647,123.61896324677647,0.0,PASS
RECLAIM-V2-001575,TARGET,STANDARD_TARGET,486.5641199503431,80.0,406.5641199503431,406.5641199503431,0.0,PASS
RECLAIM-V2-001576,RETRY_ALL,RETRY_ALL,27.35228162711685,25.0,2.3522816271168487,2.3522816271168487,0.0,PASS
RECLAIM-V2-001577,RETRY_ALL,RETRY_ALL,0.0,25.0,-25.0,-25.0,0.0,PASS
RECLAIM-V2-001578,RETRY_ALL,RETRY_ALL,219.46884397016456,25.0,194.46884397016456,194.46884397016456,0.0,PASS
RECLAIM-V2-001579,RETRY_ALL,RETRY_ALL,310.56347001058367,25.0,285.56347001058367,285.56347001058367,0.0,PASS
RECLAIM-V2-001580,RETRY_ALL,RETRY_ALL,96.87147867176326,25.0,71.87147867176326,71.87147867176326,0.0,PASS
RECLAIM-V2-001581,RETRY_ALL,RETRY_ALL,140.9800298121957,25.0,115.98002981219572,115.98002981219571,-1.4210854715202004e-14,PASS
RECLAIM-V2-001582,RETRY_ALL,RETRY_ALL,0.0,25.0,-25.0,-25.0,0.0,PASS
RECLAIM-V2-001583,RETRY_ALL,RETRY_ALL,0.0,25.0,-25.0,-25.0,0.0,PASS
RECLAIM-V2-001584,RETRY_ALL,RETRY_ALL,232.78380422829,25.0,207.78380422829,207.78380422829,0.0,PASS
RECLAIM-V2-001585,RETRY_ALL,RETRY_ALL,325.5470836907874,25.0,300.5470836907874,300.5470836907874,0.0,PASS
RECLAIM-V2-001586,RETRY_ALL,RETRY_ALL,0.0,25.0,-25.0,-25.0,0.0,PASS
RECLAIM-V2-001587,RETRY_ALL,RETRY_ALL,320.9244157287804,25.0,295.9244157287804,295.9244157287804,0.0,PASS
RECLAIM-V2-001588,RETRY_ALL,RETRY_ALL,0.0,25.0,-25.0,-25.0,0.0,PASS
RECLAIM-V2-001589,RETRY_ALL,RETRY_ALL,61.881336612758695,25.0,36.881336612758695,36.881336612758695,0.0,PASS
RECLAIM-V2-001590,TARGET,MONITOR,391.5248239270634,10.0,381.5248239270634,381.5248239270634,0.0,PASS
RECLAIM-V2-001591,TARGET,MONITOR,390.9532046917548,10.0,380.9532046917548,380.9532046917548,0.0,PASS
RECLAIM-V2-001592,RETRY_ALL,RETRY_ALL,0.0,25.0,-25.0,-25.0,0.0,PASS
RECLAIM-V2-001593,RETRY_ALL,RETRY_ALL,0.0,25.0,-25.0,-25.0,0.0,PASS
RECLAIM-V2-001594,RETRY_ALL,RETRY_ALL,191.316412476516,25.0,166.316412476516,166.316412476516,0.0,PASS
RECLAIM-V2-001595,RETRY_ALL,RETRY_ALL,365.5372873105671,25.0,340.5372873105671,340.5372873105671,0.0,PASS
RECLAIM-V2-001596,RETRY_ALL,RETRY_ALL,248.3322281097404,25.0,223.3322281097404,223.3322281097404,0.0,PASS
RECLAIM-V2-001597,RETRY_ALL,RETRY_ALL,0.0,25.0,-25.0,-25.0,0.0,PASS
RECLAIM-V2-001598,RETRY_ALL,RETRY_ALL,0.0,25.0,-25.0,-25.0,0.0,PASS
RECLAIM-V2-001599,RETRY_ALL,RETRY_ALL,0.0,25.0,-25.0,-25.0,0.0,PASS
RECLAIM-V2-001600,RETRY_ALL,RETRY_ALL,190.2602253180696,25.0,165.2602253180696,165.2602253180696,0.0,PASS
RECLAIM-V2-001601,RETRY_ALL,RETRY_ALL,36.79250977977135,25.0,11.79250977977135,11.79250977977135,0.0,PASS
RECLAIM-V2-001602,RETRY_ALL,RETRY_ALL,149.96155330478865,25.0,124.96155330478864,124.96155330478865,1.4210854715202004e-14,PASS
RECLAIM-V2-001603,RETRY_ALL,RETRY_ALL,0.0,25.0,-25.0,-25.0,0.0,PASS
RECLAIM-V2-001604,RETRY_ALL,RETRY_ALL,0.0,25.0,-25.0,-25.0,0.0,PASS
RECLAIM-V2-001605,RETRY_ALL,RETRY_ALL,0.0,25.0,-25.0,-25.0,0.0,PASS
RECLAIM-V2-001606,RETRY_ALL,RETRY_ALL,182.6955378942855,25.0,157.6955378942855,157.6955378942855,0.0,PASS
RECLAIM-V2-001607,RETRY_ALL,RETRY_ALL,0.0,25.0,-25.0,-25.0,0.0,PASS
RECLAIM-V2-001608,RETRY_ALL,RETRY_ALL,66.1022054905923,25.0,41.1022054905923,41.1022054905923,0.0,PASS
RECLAIM-V2-001609,RETRY_ALL,RETRY_ALL,0.0,25.0,-25.0,-25.0,0.0,PASS
RECLAIM-V2-001610,RETRY_ALL,RETRY_ALL,0.0,25.0,-25.0,-25.0,0.0,PASS
RECLAIM-V2-001611,RETRY_ALL,RETRY_ALL,60.5427596178618,25.0,35.5427596178618,35.5427596178618,0.0,PASS
RECLAIM-V2-001612,RETRY_ALL,RETRY_ALL,334.1466138049056,25.0,309.1466138049056,309.1466138049056,0.0,PASS
RECLAIM-V2-001613,RETRY_ALL,RETRY_ALL,135.6679552344948,25.0,110.6679552344948,110.6679552344948,0.0,PASS
RECLAIM-V2-001614,RETRY_ALL,RETRY_ALL,10.85662424223315,25.0,-14.14337575776685,-14.14337575776685,0.0,PASS
RECLAIM-V2-001615,RETRY_ALL,RETRY_ALL,193.0386209638356,25.0,168.0386209638356,168.0386209638356,0.0,PASS
RECLAIM-V2-001616,RETRY_ALL,RETRY_ALL,41.37138842170005,25.0,16.371388421700047,16.371388421700047,0.0,PASS
RECLAIM-V2-001617,TARGET,HIGH_INTENSITY,634.358753239365,120.0,514.358753239365,514.358753239365,0.0,PASS
RECLAIM-V2-001618,RETRY_ALL,RETRY_ALL,123.0236835780996,25.0,98.0236835780996,98.0236835780996,0.0,PASS
RECLAIM-V2-001619,RETRY_ALL,RETRY_ALL,0.0,25.0,-25.0,-25.0,0.0,PASS
RECLAIM-V2-001620,RETRY_ALL,RETRY_ALL,0.0,25.0,-25.0,-25.0,0.0,PASS
RECLAIM-V2-001621,RETRY_ALL,RETRY_ALL,0.0,25.0,-25.0,-25.0,0.0,PASS
RECLAIM-V2-001622,RETRY_ALL,RETRY_ALL,50.53863429614775,25.0,25.538634296147748,25.538634296147748,0.0,PASS
RECLAIM-V2-001623,RETRY_ALL,RETRY_ALL,0.0,25.0,-25.0,-25.0,0.0,PASS
RECLAIM-V2-001624,RETRY_ALL,RETRY_ALL,0.0,25.0,-25.0,-25.0,0.0,PASS
RECLAIM-V2-001625,RETRY_ALL,RETRY_ALL,121.35219550589864,25.0,96.35219550589864,96.35219550589864,0.0,PASS
RECLAIM-V2-001626,TARGET,MONITOR,402.0443739559007,10.0,392.0443739559007,392.0443739559007,0.0,PASS
RECLAIM-V2-001627,RETRY_ALL,RETRY_ALL,271.4784832185324,25.0,246.4784832185324,246.4784832185324,0.0,PASS
RECLAIM-V2-001628,RETRY_ALL,RETRY_ALL,0.0,25.0,-25.0,-25.0,0.0,PASS
RECLAIM-V2-001629,RETRY_ALL,RETRY_ALL,0.0,25.0,-25.0,-25.0,0.0,PASS
RECLAIM-V2-001630,RETRY_ALL,RETRY_ALL,319.10887906114306,25.0,294.10887906114306,294.10887906114306,0.0,PASS
RECLAIM-V2-001631,RETRY_ALL,RETRY_ALL,0.0,25.0,-25.0,-25.0,0.0,PASS
RECLAIM-V2-001632,RETRY_ALL,RETRY_ALL,0.0,25.0,-25.0,-25.0,0.0,PASS
RECLAIM-V2-001633,TARGET,HIGH_INTENSITY,580.5776528877171,120.0,460.57765288771714,460.57765288771714,0.0,PASS
RECLAIM-V2-001634,RETRY_ALL,RETRY_ALL,141.98463386058046,25.0,116.98463386058046,116.98463386058046,0.0,PASS
RECLAIM-V2-001635,RETRY_ALL,RETRY_ALL,96.2789542752918,25.0,71.2789542752918,71.2789542752918,0.0,PASS
RECLAIM-V2-001636,RETRY_ALL,RETRY_ALL,334.71026469154214,25.0,309.71026469154214,309.71026469154214,0.0,PASS
RECLAIM-V2-001637,RETRY_ALL,RETRY_ALL,0.0,25.0,-25.0,-25.0,0.0,PASS
RECLAIM-V2-001638,RETRY_ALL,RETRY_ALL,149.5616691966798,25.0,124.5616691966798,124.56166919667979,-1.4210854715202004e-14,PASS
RECLAIM-V2-001639,RETRY_ALL,RETRY_ALL,0.0,25.0,-25.0,-25.0,0.0,PASS
RECLAIM-V2-001640,RETRY_ALL,RETRY_ALL,223.79606824870137,25.0,198.79606824870137,198.79606824870137,0.0,PASS
RECLAIM-V2-001641,RETRY_ALL,RETRY_ALL,0.0,25.0,-25.0,-25.0,0.0,PASS
RECLAIM-V2-001642,RETRY_ALL,RETRY_ALL,0.0,25.0,-25.0,-25.0,0.0,PASS
RECLAIM-V2-001643,RETRY_ALL,RETRY_ALL,36.649488631962456,25.0,11.649488631962456,11.649488631962456,0.0,PASS
RECLAIM-V2-001644,RETRY_ALL,RETRY_ALL,13.0799979802941,25.0,-11.9200020197059,-11.9200020197059,0.0,PASS
RECLAIM-V2-001645,RETRY_ALL,RETRY_ALL,0.0,25.0,-25.0,-25.0,0.0,PASS
RECLAIM-V2-001646,RETRY_ALL,RETRY_ALL,0.0,25.0,-25.0,-25.0,0.0,PASS
RECLAIM-V2-001647,RETRY_ALL,RETRY_ALL,146.48480752721835,25.0,121.48480752721836,121.48480752721835,-1.4210854715202004e-14,PASS
RECLAIM-V2-001648,RETRY_ALL,RETRY_ALL,0.0,25.0,-25.0,-25.0,0.0,PASS
RECLAIM-V2-001649,RETRY_ALL,RETRY_ALL,0.0,25.0,-25.0,-25.0,0.0,PASS
RECLAIM-V2-001650,RETRY_ALL,RETRY_ALL,0.0,25.0,-25.0,-25.0,0.0,PASS
RECLAIM-V2-001651,TARGET,MONITOR,392.75401850324187,10.0,382.75401850324187,382.75401850324187,0.0,PASS
RECLAIM-V2-001652,RETRY_ALL,RETRY_ALL,0.0,25.0,-25.0,-25.0,0.0,PASS
RECLAIM-V2-001653,RETRY_ALL,RETRY_ALL,0.0,25.0,-25.0,-25.0,0.0,PASS
RECLAIM-V2-001654,RETRY_ALL,RETRY_ALL,0.0,25.0,-25.0,-25.0,0.0,PASS
RECLAIM-V2-001655,RETRY_ALL,RETRY_ALL,0.0,25.0,-25.0,-25.0,0.0,PASS
RECLAIM-V2-001656,RETRY_ALL,RETRY_ALL,111.87557326326194,25.0,86.87557326326194,86.87557326326194,0.0,PASS
RECLAIM-V2-001657,RETRY_ALL,RETRY_ALL,0.0,25.0,-25.0,-25.0,0.0,PASS
RECLAIM-V2-001658,RETRY_ALL,RETRY_ALL,0.0,25.0,-25.0,-25.0,0.0,PASS
RECLAIM-V2-001659,RETRY_ALL,RETRY_ALL,169.38552472092104,25.0,144.38552472092104,144.38552472092104,0.0,PASS
RECLAIM-V2-001660,RETRY_ALL,RETRY_ALL,0.0,25.0,-25.0,-25.0,0.0,PASS
RECLAIM-V2-001661,RETRY_ALL,RETRY_ALL,0.0,25.0,-25.0,-25.0,0.0,PASS
RECLAIM-V2-001662,RETRY_ALL,RETRY_ALL,0.0,25.0,-25.0,-25.0,0.0,PASS
RECLAIM-V2-001663,RETRY_ALL,RETRY_ALL,0.0,25.0,-25.0,-25.0,0.0,PASS
RECLAIM-V2-001664,RETRY_ALL,RETRY_ALL,131.16651540996733,25.0,106.16651540996732,106.16651540996733,1.4210854715202004e-14,PASS
RECLAIM-V2-001665,RETRY_ALL,RETRY_ALL,3.6836579383776,25.0,-21.3163420616224,-21.3163420616224,0.0,PASS
RECLAIM-V2-001666,RETRY_ALL,RETRY_ALL,0.0,25.0,-25.0,-25.0,0.0,PASS
RECLAIM-V2-001667,RETRY_ALL,RETRY_ALL,41.8411330673376,25.0,16.8411330673376,16.8411330673376,0.0,PASS
RECLAIM-V2-001668,RETRY_ALL,RETRY_ALL,80.63386615358985,25.0,55.63386615358985,55.63386615358985,0.0,PASS
RECLAIM-V2-001669,RETRY_ALL,RETRY_ALL,0.0,25.0,-25.0,-25.0,0.0,PASS
RECLAIM-V2-001670,RETRY_ALL,RETRY_ALL,286.24987261058624,25.0,261.24987261058624,261.24987261058624,0.0,PASS
RECLAIM-V2-001671,RETRY_ALL,RETRY_ALL,329.02702430601107,25.0,304.02702430601107,304.02702430601107,0.0,PASS
RECLAIM-V2-001672,RETRY_ALL,RETRY_ALL,0.0,25.0,-25.0,-25.0,0.0,PASS
RECLAIM-V2-001673,RETRY_ALL,RETRY_ALL,0.0,25.0,-25.0,-25.0,0.0,PASS
RECLAIM-V2-001674,TARGET,STANDARD_TARGET,555.1466911840289,80.0,475.1466911840289,475.1466911840289,0.0,PASS
RECLAIM-V2-001675,RETRY_ALL,RETRY_ALL,160.22576859032804,25.0,135.22576859032804,135.22576859032804,0.0,PASS
RECLAIM-V2-001676,RETRY_ALL,RETRY_ALL,0.0,25.0,-25.0,-25.0,0.0,PASS
RECLAIM-V2-001677,RETRY_ALL,RETRY_ALL,0.0,25.0,-25.0,-25.0,0.0,PASS
RECLAIM-V2-001678,RETRY_ALL,RETRY_ALL,0.0,25.0,-25.0,-25.0,0.0,PASS
RECLAIM-V2-001679,RETRY_ALL,RETRY_ALL,200.0704285031884,25.0,175.0704285031884,175.0704285031884,0.0,PASS
RECLAIM-V2-001680,RETRY_ALL,RETRY_ALL,0.0,25.0,-25.0,-25.0,0.0,PASS
RECLAIM-V2-001681,RETRY_ALL,RETRY_ALL,72.39551450145736,25.0,47.39551450145736,47.395514501457356,-7.105427357601002e-15,PASS
RECLAIM-V2-001682,RETRY_ALL,RETRY_ALL,0.0,25.0,-25.0,-25.0,0.0,PASS
RECLAIM-V2-001683,RETRY_ALL,RETRY_ALL,0.0,25.0,-25.0,-25.0,0.0,PASS
RECLAIM-V2-001684,RETRY_ALL,RETRY_ALL,0.0,25.0,-25.0,-25.0,0.0,PASS
RECLAIM-V2-001685,RETRY_ALL,RETRY_ALL,24.05365446460395,25.0,-0.9463455353960484,-0.9463455353960484,0.0,PASS
RECLAIM-V2-001686,RETRY_ALL,RETRY_ALL,30.357142157828548,25.0,5.357142157828548,5.357142157828548,0.0,PASS
RECLAIM-V2-001687,RETRY_ALL,RETRY_ALL,74.20942712449904,25.0,49.20942712449904,49.209427124499044,7.105427357601002e-15,PASS
RECLAIM-V2-001688,RETRY_ALL,RETRY_ALL,155.8936538450937,25.0,130.8936538450937,130.8936538450937,0.0,PASS
RECLAIM-V2-001689,RETRY_ALL,RETRY_ALL,0.0,25.0,-25.0,-25.0,0.0,PASS
RECLAIM-V2-001690,RETRY_ALL,RETRY_ALL,0.0,25.0,-25.0,-25.0,0.0,PASS
RECLAIM-V2-001691,RETRY_ALL,RETRY_ALL,0.0,25.0,-25.0,-25.0,0.0,PASS
RECLAIM-V2-001692,RETRY_ALL,RETRY_ALL,258.6396259640259,25.0,233.63962596402592,233.63962596402592,0.0,PASS
RECLAIM-V2-001693,RETRY_ALL,RETRY_ALL,44.6400246876375,25.0,19.6400246876375,19.6400246876375,0.0,PASS
RECLAIM-V2-001694,RETRY_ALL,RETRY_ALL,144.95556468176025,25.0,119.95556468176024,119.95556468176025,1.4210854715202004e-14,PASS
RECLAIM-V2-001695,RETRY_ALL,RETRY_ALL,7.778483370926099,25.0,-17.2215166290739,-17.2215166290739,0.0,PASS
RECLAIM-V2-001696,RETRY_ALL,RETRY_ALL,75.09202346046165,25.0,50.09202346046165,50.09202346046165,0.0,PASS
RECLAIM-V2-001697,RETRY_ALL,RETRY_ALL,82.75727356164195,25.0,57.75727356164195,57.75727356164195,0.0,PASS
RECLAIM-V2-001698,TARGET,LOW_INTENSITY,443.12853820894185,45.0,398.12853820894185,398.12853820894185,0.0,PASS
RECLAIM-V2-001699,RETRY_ALL,RETRY_ALL,0.0,25.0,-25.0,-25.0,0.0,PASS
RECLAIM-V2-001700,RETRY_ALL,RETRY_ALL,227.3759040816294,25.0,202.3759040816294,202.3759040816294,0.0,PASS
RECLAIM-V2-001701,RETRY_ALL,RETRY_ALL,0.0,25.0,-25.0,-25.0,0.0,PASS
RECLAIM-V2-001702,RETRY_ALL,RETRY_ALL,49.56782333377845,25.0,24.56782333377845,24.56782333377845,0.0,PASS
RECLAIM-V2-001703,RETRY_ALL,RETRY_ALL,0.0,25.0,-25.0,-25.0,0.0,PASS
RECLAIM-V2-001704,RETRY_ALL,RETRY_ALL,83.49433470220606,25.0,58.49433470220606,58.49433470220606,0.0,PASS
RECLAIM-V2-001705,RETRY_ALL,RETRY_ALL,55.41478735582111,25.0,30.41478735582111,30.41478735582111,0.0,PASS
RECLAIM-V2-001706,RETRY_ALL,RETRY_ALL,100.98710479773872,25.0,75.98710479773872,75.98710479773872,0.0,PASS
RECLAIM-V2-001707,RETRY_ALL,RETRY_ALL,33.3132784045077,25.0,8.313278404507699,8.313278404507699,0.0,PASS
RECLAIM-V2-001708,RETRY_ALL,RETRY_ALL,262.4711014428244,25.0,237.4711014428244,237.47110144282442,2.842170943040401e-14,PASS
RECLAIM-V2-001709,RETRY_ALL,RETRY_ALL,0.0,25.0,-25.0,-25.0,0.0,PASS
RECLAIM-V2-001710,RETRY_ALL,RETRY_ALL,187.69077146201928,25.0,162.69077146201928,162.69077146201928,0.0,PASS
RECLAIM-V2-001711,RETRY_ALL,RETRY_ALL,135.21378196726545,25.0,110.21378196726543,110.21378196726545,1.4210854715202004e-14,PASS
RECLAIM-V2-001712,RETRY_ALL,RETRY_ALL,0.0,25.0,-25.0,-25.0,0.0,PASS
RECLAIM-V2-001713,RETRY_ALL,RETRY_ALL,155.92245670611317,25.0,130.92245670611317,130.92245670611317,0.0,PASS
RECLAIM-V2-001714,RETRY_ALL,RETRY_ALL,0.0,25.0,-25.0,-25.0,0.0,PASS
RECLAIM-V2-001715,RETRY_ALL,RETRY_ALL,0.0,25.0,-25.0,-25.0,0.0,PASS
RECLAIM-V2-001716,RETRY_ALL,RETRY_ALL,14.05489755409095,25.0,-10.94510244590905,-10.94510244590905,0.0,PASS
RECLAIM-V2-001717,RETRY_ALL,RETRY_ALL,202.454578104162,25.0,177.454578104162,177.454578104162,0.0,PASS
RECLAIM-V2-001718,RETRY_ALL,RETRY_ALL,165.25910768191198,25.0,140.25910768191198,140.25910768191198,0.0,PASS
RECLAIM-V2-001719,RETRY_ALL,RETRY_ALL,0.0,25.0,-25.0,-25.0,0.0,PASS
RECLAIM-V2-001720,RETRY_ALL,RETRY_ALL,0.0,25.0,-25.0,-25.0,0.0,PASS
RECLAIM-V2-001721,RETRY_ALL,RETRY_ALL,0.0,25.0,-25.0,-25.0,0.0,PASS
RECLAIM-V2-001722,RETRY_ALL,RETRY_ALL,36.75598043221935,25.0,11.755980432219353,11.755980432219353,0.0,PASS
RECLAIM-V2-001723,RETRY_ALL,RETRY_ALL,0.0,25.0,-25.0,-25.0,0.0,PASS
RECLAIM-V2-001724,RETRY_ALL,RETRY_ALL,188.1896279646249,25.0,163.1896279646249,163.1896279646249,0.0,PASS
RECLAIM-V2-001725,RETRY_ALL,RETRY_ALL,125.0850092022411,25.0,100.0850092022411,100.0850092022411,0.0,PASS
RECLAIM-V2-001726,RETRY_ALL,RETRY_ALL,71.4028289692536,25.0,46.402828969253605,46.402828969253605,0.0,PASS
RECLAIM-V2-001727,RETRY_ALL,RETRY_ALL,0.0,25.0,-25.0,-25.0,0.0,PASS
RECLAIM-V2-001728,RETRY_ALL,RETRY_ALL,0.0,25.0,-25.0,-25.0,0.0,PASS
RECLAIM-V2-001729,RETRY_ALL,RETRY_ALL,0.0,25.0,-25.0,-25.0,0.0,PASS
RECLAIM-V2-001730,RETRY_ALL,RETRY_ALL,0.0,25.0,-25.0,-25.0,0.0,PASS
RECLAIM-V2-001731,RETRY_ALL,RETRY_ALL,185.37325863792404,25.0,160.37325863792404,160.37325863792404,0.0,PASS
RECLAIM-V2-001732,RETRY_ALL,RETRY_ALL,0.0,25.0,-25.0,-25.0,0.0,PASS
RECLAIM-V2-001733,RETRY_ALL,RETRY_ALL,0.0,25.0,-25.0,-25.0,0.0,PASS
RECLAIM-V2-001734,RETRY_ALL,RETRY_ALL,366.7970274957498,25.0,341.7970274957498,341.7970274957498,0.0,PASS
RECLAIM-V2-001735,RETRY_ALL,RETRY_ALL,0.0,25.0,-25.0,-25.0,0.0,PASS
RECLAIM-V2-001736,TARGET,LOW_INTENSITY,481.202874374031,45.0,436.202874374031,436.202874374031,0.0,PASS
RECLAIM-V2-001737,RETRY_ALL,RETRY_ALL,69.12520884981375,25.0,44.12520884981375,44.125208849813745,-7.105427357601002e-15,PASS
RECLAIM-V2-001738,RETRY_ALL,RETRY_ALL,216.0584227156626,25.0,191.0584227156626,191.0584227156626,0.0,PASS
RECLAIM-V2-001739,RETRY_ALL,RETRY_ALL,0.0,25.0,-25.0,-25.0,0.0,PASS
RECLAIM-V2-001740,RETRY_ALL,RETRY_ALL,377.90048014303824,25.0,352.90048014303824,352.90048014303824,0.0,PASS
RECLAIM-V2-001741,RETRY_ALL,RETRY_ALL,161.9561997547347,25.0,136.9561997547347,136.9561997547347,0.0,PASS
RECLAIM-V2-001742,RETRY_ALL,RETRY_ALL,0.0,25.0,-25.0,-25.0,0.0,PASS
RECLAIM-V2-001743,RETRY_ALL,RETRY_ALL,218.07047653231567,25.0,193.07047653231567,193.07047653231567,0.0,PASS
RECLAIM-V2-001744,RETRY_ALL,RETRY_ALL,87.54470402957895,25.0,62.54470402957895,62.54470402957895,0.0,PASS
RECLAIM-V2-001745,RETRY_ALL,RETRY_ALL,0.0,25.0,-25.0,-25.0,0.0,PASS
RECLAIM-V2-001746,RETRY_ALL,RETRY_ALL,0.0,25.0,-25.0,-25.0,0.0,PASS
RECLAIM-V2-001747,RETRY_ALL,RETRY_ALL,220.9993522347836,25.0,195.9993522347836,195.9993522347836,0.0,PASS
RECLAIM-V2-001748,RETRY_ALL,RETRY_ALL,185.11487009463465,25.0,160.11487009463465,160.11487009463465,0.0,PASS
RECLAIM-V2-001749,RETRY_ALL,RETRY_ALL,213.7731338215748,25.0,188.7731338215748,188.7731338215748,0.0,PASS
RECLAIM-V2-001750,RETRY_ALL,RETRY_ALL,0.0,25.0,-25.0,-25.0,0.0,PASS
RECLAIM-V2-001751,RETRY_ALL,RETRY_ALL,334.5874309466529,25.0,309.5874309466529,309.5874309466529,0.0,PASS
RECLAIM-V2-001752,RETRY_ALL,RETRY_ALL,240.77038929636,25.0,215.77038929636,215.77038929636,0.0,PASS
RECLAIM-V2-001753,RETRY_ALL,RETRY_ALL,87.28172662847776,25.0,62.28172662847776,62.281726628477756,-7.105427357601002e-15,PASS
RECLAIM-V2-001754,RETRY_ALL,RETRY_ALL,178.83373884488896,25.0,153.83373884488896,153.83373884488896,0.0,PASS
RECLAIM-V2-001755,RETRY_ALL,RETRY_ALL,0.0,25.0,-25.0,-25.0,0.0,PASS
RECLAIM-V2-001756,RETRY_ALL,RETRY_ALL,0.0,25.0,-25.0,-25.0,0.0,PASS
RECLAIM-V2-001757,RETRY_ALL,RETRY_ALL,72.7695329032248,25.0,47.7695329032248,47.7695329032248,0.0,PASS
RECLAIM-V2-001758,RETRY_ALL,RETRY_ALL,0.0,25.0,-25.0,-25.0,0.0,PASS
RECLAIM-V2-001759,RETRY_ALL,RETRY_ALL,0.0,25.0,-25.0,-25.0,0.0,PASS
RECLAIM-V2-001760,RETRY_ALL,RETRY_ALL,0.0,25.0,-25.0,-25.0,0.0,PASS
RECLAIM-V2-001761,RETRY_ALL,RETRY_ALL,0.0,25.0,-25.0,-25.0,0.0,PASS
RECLAIM-V2-001762,RETRY_ALL,RETRY_ALL,15.5011939506354,25.0,-9.4988060493646,-9.4988060493646,0.0,PASS
RECLAIM-V2-001763,RETRY_ALL,RETRY_ALL,0.0,25.0,-25.0,-25.0,0.0,PASS
RECLAIM-V2-001764,RETRY_ALL,RETRY_ALL,0.0,25.0,-25.0,-25.0,0.0,PASS
RECLAIM-V2-001765,RETRY_ALL,RETRY_ALL,115.38878709010544,25.0,90.38878709010544,90.38878709010544,0.0,PASS
RECLAIM-V2-001766,RETRY_ALL,RETRY_ALL,27.37390242285795,25.0,2.373902422857949,2.373902422857949,0.0,PASS
RECLAIM-V2-001767,RETRY_ALL,RETRY_ALL,74.4323110520034,25.0,49.4323110520034,49.4323110520034,0.0,PASS
RECLAIM-V2-001768,RETRY_ALL,RETRY_ALL,0.0,25.0,-25.0,-25.0,0.0,PASS
RECLAIM-V2-001769,RETRY_ALL,RETRY_ALL,0.0,25.0,-25.0,-25.0,0.0,PASS
RECLAIM-V2-001770,RETRY_ALL,RETRY_ALL,0.0,25.0,-25.0,-25.0,0.0,PASS
RECLAIM-V2-001771,RETRY_ALL,RETRY_ALL,0.0,25.0,-25.0,-25.0,0.0,PASS
RECLAIM-V2-001772,RETRY_ALL,RETRY_ALL,0.0,25.0,-25.0,-25.0,0.0,PASS
RECLAIM-V2-001773,RETRY_ALL,RETRY_ALL,195.27099527892497,25.0,170.27099527892497,170.27099527892497,0.0,PASS
RECLAIM-V2-001774,RETRY_ALL,RETRY_ALL,107.65670635185376,25.0,82.65670635185376,82.65670635185376,0.0,PASS
RECLAIM-V2-001775,RETRY_ALL,RETRY_ALL,331.14937373383293,25.0,306.14937373383293,306.14937373383293,0.0,PASS
RECLAIM-V2-001776,RETRY_ALL,RETRY_ALL,0.0,25.0,-25.0,-25.0,0.0,PASS
RECLAIM-V2-001777,RETRY_ALL,RETRY_ALL,125.7081081654537,25.0,100.7081081654537,100.7081081654537,0.0,PASS
RECLAIM-V2-001778,RETRY_ALL,RETRY_ALL,0.0,25.0,-25.0,-25.0,0.0,PASS
RECLAIM-V2-001779,RETRY_ALL,RETRY_ALL,211.4336157480913,25.0,186.4336157480913,186.4336157480913,0.0,PASS
RECLAIM-V2-001780,RETRY_ALL,RETRY_ALL,0.0,25.0,-25.0,-25.0,0.0,PASS
RECLAIM-V2-001781,RETRY_ALL,RETRY_ALL,84.95875091298599,25.0,59.95875091298599,59.95875091298599,0.0,PASS
RECLAIM-V2-001782,RETRY_ALL,RETRY_ALL,105.69225565010804,25.0,80.69225565010804,80.69225565010804,0.0,PASS
RECLAIM-V2-001783,RETRY_ALL,RETRY_ALL,175.1272109337297,25.0,150.1272109337297,150.1272109337297,0.0,PASS
RECLAIM-V2-001784,RETRY_ALL,RETRY_ALL,0.0,25.0,-25.0,-25.0,0.0,PASS
RECLAIM-V2-001785,RETRY_ALL,RETRY_ALL,279.7943144940711,25.0,254.7943144940711,254.7943144940711,0.0,PASS
RECLAIM-V2-001786,RETRY_ALL,RETRY_ALL,0.0,25.0,-25.0,-25.0,0.0,PASS
RECLAIM-V2-001787,RETRY_ALL,RETRY_ALL,93.1801486112433,25.0,68.1801486112433,68.1801486112433,0.0,PASS
RECLAIM-V2-001788,RETRY_ALL,RETRY_ALL,0.0,25.0,-25.0,-25.0,0.0,PASS
RECLAIM-V2-001789,RETRY_ALL,RETRY_ALL,249.0645637425397,25.0,224.0645637425397,224.0645637425397,0.0,PASS
RECLAIM-V2-001790,RETRY_ALL,RETRY_ALL,0.0,25.0,-25.0,-25.0,0.0,PASS
RECLAIM-V2-001791,RETRY_ALL,RETRY_ALL,0.0,25.0,-25.0,-25.0,0.0,PASS
RECLAIM-V2-001792,RETRY_ALL,RETRY_ALL,73.9185342946041,25.0,48.9185342946041,48.9185342946041,0.0,PASS
RECLAIM-V2-001793,RETRY_ALL,RETRY_ALL,0.0,25.0,-25.0,-25.0,0.0,PASS
RECLAIM-V2-001794,RETRY_ALL,RETRY_ALL,0.0,25.0,-25.0,-25.0,0.0,PASS
RECLAIM-V2-001795,RETRY_ALL,RETRY_ALL,0.0,25.0,-25.0,-25.0,0.0,PASS
RECLAIM-V2-001796,RETRY_ALL,RETRY_ALL,0.0,25.0,-25.0,-25.0,0.0,PASS
RECLAIM-V2-001797,RETRY_ALL,RETRY_ALL,182.35667600213145,25.0,157.35667600213145,157.35667600213145,0.0,PASS
RECLAIM-V2-001798,RETRY_ALL,RETRY_ALL,0.0,25.0,-25.0,-25.0,0.0,PASS
RECLAIM-V2-001799,RETRY_ALL,RETRY_ALL,66.2868592315737,25.0,41.2868592315737,41.2868592315737,0.0,PASS
RECLAIM-V2-001800,RETRY_ALL,RETRY_ALL,0.0,25.0,-25.0,-25.0,0.0,PASS
RECLAIM-V2-001801,RETRY_ALL,RETRY_ALL,107.8772389777872,25.0,82.8772389777872,82.8772389777872,0.0,PASS
RECLAIM-V2-001802,RETRY_ALL,RETRY_ALL,103.35832886068606,25.0,78.35832886068606,78.35832886068606,0.0,PASS
RECLAIM-V2-001803,RETRY_ALL,RETRY_ALL,0.0,25.0,-25.0,-25.0,0.0,PASS
RECLAIM-V2-001804,RETRY_ALL,RETRY_ALL,228.7527362915187,25.0,203.7527362915187,203.7527362915187,0.0,PASS
RECLAIM-V2-001805,RETRY_ALL,RETRY_ALL,13.03392999951315,25.0,-11.96607000048685,-11.96607000048685,0.0,PASS
RECLAIM-V2-001806,RETRY_ALL,RETRY_ALL,0.0,25.0,-25.0,-25.0,0.0,PASS
RECLAIM-V2-001807,RETRY_ALL,RETRY_ALL,0.0,25.0,-25.0,-25.0,0.0,PASS
RECLAIM-V2-001808,RETRY_ALL,RETRY_ALL,0.0,25.0,-25.0,-25.0,0.0,PASS
RECLAIM-V2-001809,RETRY_ALL,RETRY_ALL,0.0,25.0,-25.0,-25.0,0.0,PASS
RECLAIM-V2-001810,RETRY_ALL,RETRY_ALL,0.0,25.0,-25.0,-25.0,0.0,PASS
RECLAIM-V2-001811,TARGET,MONITOR,414.1389031455915,10.0,404.1389031455915,404.1389031455915,0.0,PASS
RECLAIM-V2-001812,RETRY_ALL,RETRY_ALL,9.54448589681055,25.0,-15.45551410318945,-15.45551410318945,0.0,PASS
RECLAIM-V2-001813,RETRY_ALL,RETRY_ALL,388.2935565270295,25.0,363.2935565270295,363.2935565270295,0.0,PASS
RECLAIM-V2-001814,RETRY_ALL,RETRY_ALL,43.8682817919099,25.0,18.8682817919099,18.8682817919099,0.0,PASS
RECLAIM-V2-001815,RETRY_ALL,RETRY_ALL,227.3038416491646,25.0,202.3038416491646,202.3038416491646,0.0,PASS
RECLAIM-V2-001816,RETRY_ALL,RETRY_ALL,0.0,25.0,-25.0,-25.0,0.0,PASS
RECLAIM-V2-001817,RETRY_ALL,RETRY_ALL,256.0626719054982,25.0,231.06267190549812,231.06267190549818,5.684341886080802e-14,PASS
RECLAIM-V2-001818,TARGET,MONITOR,407.4267875803369,10.0,397.4267875803369,397.4267875803369,0.0,PASS
RECLAIM-V2-001819,RETRY_ALL,RETRY_ALL,0.0,25.0,-25.0,-25.0,0.0,PASS
RECLAIM-V2-001820,RETRY_ALL,RETRY_ALL,20.14186228696635,25.0,-4.858137713033649,-4.858137713033649,0.0,PASS
RECLAIM-V2-001821,RETRY_ALL,RETRY_ALL,189.1618104276436,25.0,164.16181042764356,164.1618104276436,2.842170943040401e-14,PASS
RECLAIM-V2-001822,RETRY_ALL,RETRY_ALL,0.0,25.0,-25.0,-25.0,0.0,PASS
RECLAIM-V2-001823,RETRY_ALL,RETRY_ALL,124.1356335009384,25.0,99.1356335009384,99.1356335009384,0.0,PASS
RECLAIM-V2-001824,RETRY_ALL,RETRY_ALL,0.0,25.0,-25.0,-25.0,0.0,PASS
RECLAIM-V2-001825,RETRY_ALL,RETRY_ALL,68.74345963304219,25.0,43.74345963304219,43.74345963304219,0.0,PASS
RECLAIM-V2-001826,RETRY_ALL,RETRY_ALL,123.1205963386158,25.0,98.1205963386158,98.1205963386158,0.0,PASS
RECLAIM-V2-001827,RETRY_ALL,RETRY_ALL,190.94928356515425,25.0,165.94928356515425,165.94928356515425,0.0,PASS
RECLAIM-V2-001828,RETRY_ALL,RETRY_ALL,73.267746760221,25.0,48.267746760221,48.267746760221,0.0,PASS
RECLAIM-V2-001829,RETRY_ALL,RETRY_ALL,0.0,25.0,-25.0,-25.0,0.0,PASS
RECLAIM-V2-001830,TARGET,LOW_INTENSITY,444.2616102535038,45.0,399.2616102535038,399.2616102535038,0.0,PASS
RECLAIM-V2-001831,RETRY_ALL,RETRY_ALL,0.0,25.0,-25.0,-25.0,0.0,PASS
RECLAIM-V2-001832,RETRY_ALL,RETRY_ALL,0.0,25.0,-25.0,-25.0,0.0,PASS
RECLAIM-V2-001833,RETRY_ALL,RETRY_ALL,209.72886405795327,25.0,184.72886405795327,184.72886405795327,0.0,PASS
RECLAIM-V2-001834,RETRY_ALL,RETRY_ALL,0.0,25.0,-25.0,-25.0,0.0,PASS
RECLAIM-V2-001835,RETRY_ALL,RETRY_ALL,0.0,25.0,-25.0,-25.0,0.0,PASS
RECLAIM-V2-001836,RETRY_ALL,RETRY_ALL,4.936824141011551,25.0,-20.063175858988448,-20.063175858988448,0.0,PASS
RECLAIM-V2-001837,RETRY_ALL,RETRY_ALL,0.0,25.0,-25.0,-25.0,0.0,PASS
RECLAIM-V2-001838,RETRY_ALL,RETRY_ALL,149.20366412391002,25.0,124.20366412391002,124.20366412391002,0.0,PASS
RECLAIM-V2-001839,RETRY_ALL,RETRY_ALL,0.0,25.0,-25.0,-25.0,0.0,PASS
RECLAIM-V2-001840,RETRY_ALL,RETRY_ALL,0.0,25.0,-25.0,-25.0,0.0,PASS
RECLAIM-V2-001841,RETRY_ALL,RETRY_ALL,32.900296819523554,25.0,7.900296819523554,7.900296819523554,0.0,PASS
RECLAIM-V2-001842,RETRY_ALL,RETRY_ALL,0.0,25.0,-25.0,-25.0,0.0,PASS
RECLAIM-V2-001843,RETRY_ALL,RETRY_ALL,191.1301723394577,25.0,166.1301723394577,166.1301723394577,0.0,PASS
RECLAIM-V2-001844,RETRY_ALL,RETRY_ALL,0.0,25.0,-25.0,-25.0,0.0,PASS
RECLAIM-V2-001845,RETRY_ALL,RETRY_ALL,231.470097476984,25.0,206.470097476984,206.470097476984,0.0,PASS
RECLAIM-V2-001846,TARGET,HIGH_INTENSITY,632.9687736134637,120.0,512.9687736134637,512.9687736134637,0.0,PASS
RECLAIM-V2-001847,RETRY_ALL,RETRY_ALL,256.913453936226,25.0,231.913453936226,231.913453936226,0.0,PASS
RECLAIM-V2-001848,RETRY_ALL,RETRY_ALL,201.1939249650288,25.0,176.1939249650288,176.1939249650288,0.0,PASS
RECLAIM-V2-001849,RETRY_ALL,RETRY_ALL,0.0,25.0,-25.0,-25.0,0.0,PASS
RECLAIM-V2-001850,RETRY_ALL,RETRY_ALL,0.0,25.0,-25.0,-25.0,0.0,PASS
RECLAIM-V2-001851,RETRY_ALL,RETRY_ALL,0.0,25.0,-25.0,-25.0,0.0,PASS
RECLAIM-V2-001852,RETRY_ALL,RETRY_ALL,0.0,25.0,-25.0,-25.0,0.0,PASS
RECLAIM-V2-001853,RETRY_ALL,RETRY_ALL,0.0,25.0,-25.0,-25.0,0.0,PASS
RECLAIM-V2-001854,RETRY_ALL,RETRY_ALL,27.427249926351752,25.0,2.4272499263517524,2.4272499263517524,0.0,PASS
RECLAIM-V2-001855,RETRY_ALL,RETRY_ALL,0.0,25.0,-25.0,-25.0,0.0,PASS
RECLAIM-V2-001856,RETRY_ALL,RETRY_ALL,0.0,25.0,-25.0,-25.0,0.0,PASS
RECLAIM-V2-001857,RETRY_ALL,RETRY_ALL,322.3644943270182,25.0,297.3644943270182,297.3644943270182,0.0,PASS
RECLAIM-V2-001858,RETRY_ALL,RETRY_ALL,190.5226589203472,25.0,165.5226589203472,165.5226589203472,0.0,PASS
RECLAIM-V2-001859,RETRY_ALL,RETRY_ALL,0.0,25.0,-25.0,-25.0,0.0,PASS
RECLAIM-V2-001860,TARGET,MONITOR,417.4215912705984,10.0,407.4215912705984,407.4215912705984,0.0,PASS
RECLAIM-V2-001861,RETRY_ALL,RETRY_ALL,332.66705353446514,25.0,307.66705353446514,307.66705353446514,0.0,PASS
RECLAIM-V2-001862,RETRY_ALL,RETRY_ALL,0.0,25.0,-25.0,-25.0,0.0,PASS
RECLAIM-V2-001863,RETRY_ALL,RETRY_ALL,208.41753171982995,25.0,183.41753171982995,183.41753171982995,0.0,PASS
RECLAIM-V2-001864,RETRY_ALL,RETRY_ALL,138.76649393784209,25.0,113.76649393784209,113.76649393784209,0.0,PASS
RECLAIM-V2-001865,RETRY_ALL,RETRY_ALL,0.0,25.0,-25.0,-25.0,0.0,PASS
RECLAIM-V2-001866,RETRY_ALL,RETRY_ALL,33.54120124733985,25.0,8.541201247339849,8.541201247339849,0.0,PASS
RECLAIM-V2-001867,RETRY_ALL,RETRY_ALL,0.0,25.0,-25.0,-25.0,0.0,PASS
RECLAIM-V2-001868,RETRY_ALL,RETRY_ALL,0.0,25.0,-25.0,-25.0,0.0,PASS
RECLAIM-V2-001869,RETRY_ALL,RETRY_ALL,63.237412098100805,25.0,38.237412098100805,38.237412098100805,0.0,PASS
RECLAIM-V2-001870,RETRY_ALL,RETRY_ALL,0.0,25.0,-25.0,-25.0,0.0,PASS
RECLAIM-V2-001871,RETRY_ALL,RETRY_ALL,221.3384395604574,25.0,196.3384395604574,196.3384395604574,0.0,PASS
RECLAIM-V2-001872,RETRY_ALL,RETRY_ALL,0.0,25.0,-25.0,-25.0,0.0,PASS
RECLAIM-V2-001873,RETRY_ALL,RETRY_ALL,0.0,25.0,-25.0,-25.0,0.0,PASS
RECLAIM-V2-001874,RETRY_ALL,RETRY_ALL,87.9328481428293,25.0,62.9328481428293,62.9328481428293,0.0,PASS
RECLAIM-V2-001875,RETRY_ALL,RETRY_ALL,0.0,25.0,-25.0,-25.0,0.0,PASS
RECLAIM-V2-001876,RETRY_ALL,RETRY_ALL,0.0,25.0,-25.0,-25.0,0.0,PASS
RECLAIM-V2-001877,TARGET,STANDARD_TARGET,484.19906256017447,80.0,404.19906256017447,404.19906256017447,0.0,PASS
RECLAIM-V2-001878,RETRY_ALL,RETRY_ALL,336.7653043986183,25.0,311.7653043986183,311.7653043986183,0.0,PASS
RECLAIM-V2-001879,RETRY_ALL,RETRY_ALL,0.0,25.0,-25.0,-25.0,0.0,PASS
RECLAIM-V2-001880,RETRY_ALL,RETRY_ALL,146.8798086923067,25.0,121.87980869230672,121.87980869230671,-1.4210854715202004e-14,PASS
RECLAIM-V2-001881,RETRY_ALL,RETRY_ALL,40.30753036594305,25.0,15.307530365943052,15.307530365943052,0.0,PASS
RECLAIM-V2-001882,RETRY_ALL,RETRY_ALL,0.0,25.0,-25.0,-25.0,0.0,PASS
RECLAIM-V2-001883,RETRY_ALL,RETRY_ALL,333.31614585703693,25.0,308.31614585703693,308.31614585703693,0.0,PASS
RECLAIM-V2-001884,RETRY_ALL,RETRY_ALL,0.0,25.0,-25.0,-25.0,0.0,PASS
RECLAIM-V2-001885,TARGET,MONITOR,402.1586093922294,10.0,392.1586093922294,392.1586093922294,0.0,PASS
RECLAIM-V2-001886,RETRY_ALL,RETRY_ALL,0.0,25.0,-25.0,-25.0,0.0,PASS
RECLAIM-V2-001887,RETRY_ALL,RETRY_ALL,0.0,25.0,-25.0,-25.0,0.0,PASS
RECLAIM-V2-001888,RETRY_ALL,RETRY_ALL,6.5906232817843495,25.0,-18.40937671821565,-18.40937671821565,0.0,PASS
RECLAIM-V2-001889,RETRY_ALL,RETRY_ALL,0.0,25.0,-25.0,-25.0,0.0,PASS
RECLAIM-V2-001890,RETRY_ALL,RETRY_ALL,225.35408460107607,25.0,200.35408460107607,200.35408460107607,0.0,PASS
RECLAIM-V2-001891,RETRY_ALL,RETRY_ALL,249.92601873129703,25.0,224.92601873129703,224.92601873129703,0.0,PASS
RECLAIM-V2-001892,RETRY_ALL,RETRY_ALL,0.0,25.0,-25.0,-25.0,0.0,PASS
RECLAIM-V2-001893,RETRY_ALL,RETRY_ALL,123.67422030341967,25.0,98.67422030341967,98.67422030341967,0.0,PASS
RECLAIM-V2-001894,RETRY_ALL,RETRY_ALL,139.64800685519356,25.0,114.64800685519356,114.64800685519356,0.0,PASS
RECLAIM-V2-001895,RETRY_ALL,RETRY_ALL,0.0,25.0,-25.0,-25.0,0.0,PASS
RECLAIM-V2-001896,RETRY_ALL,RETRY_ALL,0.0,25.0,-25.0,-25.0,0.0,PASS
RECLAIM-V2-001897,RETRY_ALL,RETRY_ALL,189.6017922928284,25.0,164.6017922928284,164.6017922928284,0.0,PASS
RECLAIM-V2-001898,RETRY_ALL,RETRY_ALL,0.0,25.0,-25.0,-25.0,0.0,PASS
RECLAIM-V2-001899,RETRY_ALL,RETRY_ALL,0.0,25.0,-25.0,-25.0,0.0,PASS
RECLAIM-V2-001900,RETRY_ALL,RETRY_ALL,0.0,25.0,-25.0,-25.0,0.0,PASS
RECLAIM-V2-001901,RETRY_ALL,RETRY_ALL,0.0,25.0,-25.0,-25.0,0.0,PASS
RECLAIM-V2-001902,RETRY_ALL,RETRY_ALL,231.13981879804365,25.0,206.13981879804365,206.13981879804365,0.0,PASS
RECLAIM-V2-001903,RETRY_ALL,RETRY_ALL,322.17585259265985,25.0,297.17585259265985,297.17585259265985,0.0,PASS
RECLAIM-V2-001904,RETRY_ALL,RETRY_ALL,312.1462474581066,25.0,287.1462474581066,287.1462474581066,0.0,PASS
RECLAIM-V2-001905,RETRY_ALL,RETRY_ALL,110.3061813061206,25.0,85.3061813061206,85.3061813061206,0.0,PASS
RECLAIM-V2-001906,RETRY_ALL,RETRY_ALL,183.1559936494593,25.0,158.1559936494593,158.1559936494593,0.0,PASS
RECLAIM-V2-001907,RETRY_ALL,RETRY_ALL,0.0,25.0,-25.0,-25.0,0.0,PASS
RECLAIM-V2-001908,RETRY_ALL,RETRY_ALL,219.1271555795648,25.0,194.1271555795648,194.1271555795648,0.0,PASS
RECLAIM-V2-001909,RETRY_ALL,RETRY_ALL,0.0,25.0,-25.0,-25.0,0.0,PASS
RECLAIM-V2-001910,RETRY_ALL,RETRY_ALL,190.86770807077727,25.0,165.86770807077727,165.86770807077727,0.0,PASS
RECLAIM-V2-001911,RETRY_ALL,RETRY_ALL,0.0,25.0,-25.0,-25.0,0.0,PASS
RECLAIM-V2-001912,RETRY_ALL,RETRY_ALL,0.0,25.0,-25.0,-25.0,0.0,PASS
RECLAIM-V2-001913,RETRY_ALL,RETRY_ALL,0.0,25.0,-25.0,-25.0,0.0,PASS
RECLAIM-V2-001914,RETRY_ALL,RETRY_ALL,0.0,25.0,-25.0,-25.0,0.0,PASS
RECLAIM-V2-001915,RETRY_ALL,RETRY_ALL,6.8988103207701,25.0,-18.1011896792299,-18.1011896792299,0.0,PASS
RECLAIM-V2-001916,RETRY_ALL,RETRY_ALL,365.8687922364872,25.0,340.8687922364872,340.8687922364872,0.0,PASS
RECLAIM-V2-001917,TARGET,STANDARD_TARGET,494.3247159164709,80.0,414.3247159164709,414.3247159164709,0.0,PASS
RECLAIM-V2-001918,RETRY_ALL,RETRY_ALL,23.0853088726431,25.0,-1.9146911273569,-1.9146911273568996,4.440892098500626e-16,PASS
RECLAIM-V2-001919,RETRY_ALL,RETRY_ALL,0.0,25.0,-25.0,-25.0,0.0,PASS
RECLAIM-V2-001920,TARGET,MONITOR,394.29582748834366,10.0,384.29582748834366,384.29582748834366,0.0,PASS
RECLAIM-V2-001921,RETRY_ALL,RETRY_ALL,0.0,25.0,-25.0,-25.0,0.0,PASS
RECLAIM-V2-001922,RETRY_ALL,RETRY_ALL,80.94521325724814,25.0,55.94521325724814,55.94521325724814,0.0,PASS
RECLAIM-V2-001923,RETRY_ALL,RETRY_ALL,167.194336864938,25.0,142.194336864938,142.194336864938,0.0,PASS
RECLAIM-V2-001924,RETRY_ALL,RETRY_ALL,0.0,25.0,-25.0,-25.0,0.0,PASS
RECLAIM-V2-001925,RETRY_ALL,RETRY_ALL,109.00167792513794,25.0,84.00167792513794,84.00167792513794,0.0,PASS
RECLAIM-V2-001926,RETRY_ALL,RETRY_ALL,226.1657080856148,25.0,201.1657080856148,201.1657080856148,0.0,PASS
RECLAIM-V2-001927,RETRY_ALL,RETRY_ALL,0.0,25.0,-25.0,-25.0,0.0,PASS
RECLAIM-V2-001928,RETRY_ALL,RETRY_ALL,0.0,25.0,-25.0,-25.0,0.0,PASS
RECLAIM-V2-001929,RETRY_ALL,RETRY_ALL,62.3033625763566,25.0,37.3033625763566,37.3033625763566,0.0,PASS
RECLAIM-V2-001930,RETRY_ALL,RETRY_ALL,360.7174122964312,25.0,335.7174122964312,335.7174122964312,0.0,PASS
RECLAIM-V2-001931,RETRY_ALL,RETRY_ALL,0.0,25.0,-25.0,-25.0,0.0,PASS
RECLAIM-V2-001932,RETRY_ALL,RETRY_ALL,306.0083034765684,25.0,281.0083034765684,281.0083034765684,0.0,PASS
RECLAIM-V2-001933,RETRY_ALL,RETRY_ALL,3.3703063086610503,25.0,-21.62969369133895,-21.62969369133895,0.0,PASS
RECLAIM-V2-001934,RETRY_ALL,RETRY_ALL,255.3669349700601,25.0,230.3669349700601,230.3669349700601,0.0,PASS
RECLAIM-V2-001935,RETRY_ALL,RETRY_ALL,191.10539652661964,25.0,166.10539652661964,166.10539652661964,0.0,PASS
RECLAIM-V2-001936,RETRY_ALL,RETRY_ALL,0.0,25.0,-25.0,-25.0,0.0,PASS
RECLAIM-V2-001937,RETRY_ALL,RETRY_ALL,128.2653604877292,25.0,103.2653604877292,103.2653604877292,0.0,PASS
RECLAIM-V2-001938,RETRY_ALL,RETRY_ALL,0.0,25.0,-25.0,-25.0,0.0,PASS
RECLAIM-V2-001939,RETRY_ALL,RETRY_ALL,0.0,25.0,-25.0,-25.0,0.0,PASS
RECLAIM-V2-001940,RETRY_ALL,RETRY_ALL,0.0,25.0,-25.0,-25.0,0.0,PASS
RECLAIM-V2-001941,RETRY_ALL,RETRY_ALL,0.0,25.0,-25.0,-25.0,0.0,PASS
RECLAIM-V2-001942,RETRY_ALL,RETRY_ALL,0.0,25.0,-25.0,-25.0,0.0,PASS
RECLAIM-V2-001943,RETRY_ALL,RETRY_ALL,0.0,25.0,-25.0,-25.0,0.0,PASS
RECLAIM-V2-001944,RETRY_ALL,RETRY_ALL,105.70777801062704,25.0,80.70777801062704,80.70777801062704,0.0,PASS
RECLAIM-V2-001945,RETRY_ALL,RETRY_ALL,88.6334925787077,25.0,63.6334925787077,63.6334925787077,0.0,PASS
RECLAIM-V2-001946,RETRY_ALL,RETRY_ALL,0.0,25.0,-25.0,-25.0,0.0,PASS
RECLAIM-V2-001947,RETRY_ALL,RETRY_ALL,83.1988048959387,25.0,58.19880489593869,58.19880489593869,0.0,PASS
RECLAIM-V2-001948,RETRY_ALL,RETRY_ALL,73.47323955044565,25.0,48.473239550445655,48.473239550445655,0.0,PASS
RECLAIM-V2-001949,RETRY_ALL,RETRY_ALL,159.03385953476686,25.0,134.03385953476686,134.03385953476686,0.0,PASS
RECLAIM-V2-001950,RETRY_ALL,RETRY_ALL,0.0,25.0,-25.0,-25.0,0.0,PASS
RECLAIM-V2-001951,RETRY_ALL,RETRY_ALL,181.6945342239141,25.0,156.6945342239141,156.6945342239141,0.0,PASS
RECLAIM-V2-001952,RETRY_ALL,RETRY_ALL,0.0,25.0,-25.0,-25.0,0.0,PASS
RECLAIM-V2-001953,RETRY_ALL,RETRY_ALL,0.0,25.0,-25.0,-25.0,0.0,PASS
RECLAIM-V2-001954,RETRY_ALL,RETRY_ALL,369.7954652013049,25.0,344.7954652013049,344.7954652013049,0.0,PASS
RECLAIM-V2-001955,RETRY_ALL,RETRY_ALL,0.0,25.0,-25.0,-25.0,0.0,PASS
RECLAIM-V2-001956,RETRY_ALL,RETRY_ALL,124.62721725485024,25.0,99.62721725485024,99.62721725485024,0.0,PASS
RECLAIM-V2-001957,RETRY_ALL,RETRY_ALL,369.6667170979329,25.0,344.6667170979329,344.6667170979329,0.0,PASS
RECLAIM-V2-001958,RETRY_ALL,RETRY_ALL,388.4592763378069,25.0,363.4592763378069,363.4592763378069,0.0,PASS
RECLAIM-V2-001959,RETRY_ALL,RETRY_ALL,0.0,25.0,-25.0,-25.0,0.0,PASS
RECLAIM-V2-001960,RETRY_ALL,RETRY_ALL,96.9007821634644,25.0,71.9007821634644,71.9007821634644,0.0,PASS
RECLAIM-V2-001961,RETRY_ALL,RETRY_ALL,0.0,25.0,-25.0,-25.0,0.0,PASS
RECLAIM-V2-001962,RETRY_ALL,RETRY_ALL,189.63767074580355,25.0,164.63767074580355,164.63767074580355,0.0,PASS
RECLAIM-V2-001963,RETRY_ALL,RETRY_ALL,0.0,25.0,-25.0,-25.0,0.0,PASS
RECLAIM-V2-001964,RETRY_ALL,RETRY_ALL,330.8715476917788,25.0,305.8715476917788,305.8715476917788,0.0,PASS
RECLAIM-V2-001965,RETRY_ALL,RETRY_ALL,0.0,25.0,-25.0,-25.0,0.0,PASS
RECLAIM-V2-001966,RETRY_ALL,RETRY_ALL,319.2812184872895,25.0,294.2812184872895,294.2812184872895,0.0,PASS
RECLAIM-V2-001967,RETRY_ALL,RETRY_ALL,0.0,25.0,-25.0,-25.0,0.0,PASS
RECLAIM-V2-001968,TARGET,MONITOR,424.544386928001,10.0,414.544386928001,414.544386928001,0.0,PASS
RECLAIM-V2-001969,RETRY_ALL,RETRY_ALL,296.874884010812,25.0,271.874884010812,271.874884010812,0.0,PASS
RECLAIM-V2-001970,RETRY_ALL,RETRY_ALL,387.6396997177292,25.0,362.6396997177292,362.6396997177292,0.0,PASS
RECLAIM-V2-001971,RETRY_ALL,RETRY_ALL,256.33495397194724,25.0,231.33495397194724,231.33495397194724,0.0,PASS
RECLAIM-V2-001972,RETRY_ALL,RETRY_ALL,370.77479717076267,25.0,345.77479717076267,345.77479717076267,0.0,PASS
RECLAIM-V2-001973,RETRY_ALL,RETRY_ALL,143.6760174134214,25.0,118.6760174134214,118.67601741342139,-1.4210854715202004e-14,PASS
RECLAIM-V2-001974,RETRY_ALL,RETRY_ALL,338.8087203393638,25.0,313.8087203393638,313.8087203393638,0.0,PASS
RECLAIM-V2-001975,RETRY_ALL,RETRY_ALL,0.0,25.0,-25.0,-25.0,0.0,PASS
RECLAIM-V2-001976,RETRY_ALL,RETRY_ALL,218.6484321760638,25.0,193.6484321760638,193.6484321760638,0.0,PASS
RECLAIM-V2-001977,RETRY_ALL,RETRY_ALL,0.0,25.0,-25.0,-25.0,0.0,PASS
RECLAIM-V2-001978,RETRY_ALL,RETRY_ALL,0.0,25.0,-25.0,-25.0,0.0,PASS
RECLAIM-V2-001979,RETRY_ALL,RETRY_ALL,0.0,25.0,-25.0,-25.0,0.0,PASS
RECLAIM-V2-001980,RETRY_ALL,RETRY_ALL,231.77646374714791,25.0,206.77646374714791,206.77646374714791,0.0,PASS
RECLAIM-V2-001981,RETRY_ALL,RETRY_ALL,70.73706066164429,25.0,45.73706066164429,45.73706066164429,0.0,PASS
RECLAIM-V2-001982,RETRY_ALL,RETRY_ALL,246.36283517463417,25.0,221.36283517463417,221.36283517463417,0.0,PASS
RECLAIM-V2-001983,RETRY_ALL,RETRY_ALL,81.36951301267246,25.0,56.369513012672456,56.369513012672456,0.0,PASS
RECLAIM-V2-001984,RETRY_ALL,RETRY_ALL,25.549040175172347,25.0,0.5490401751723475,0.5490401751723475,0.0,PASS
RECLAIM-V2-001985,RETRY_ALL,RETRY_ALL,52.499686860879,25.0,27.499686860879,27.499686860879002,3.552713678800501e-15,PASS
RECLAIM-V2-001986,RETRY_ALL,RETRY_ALL,253.5734019545708,25.0,228.5734019545708,228.5734019545708,0.0,PASS
RECLAIM-V2-001987,RETRY_ALL,RETRY_ALL,120.2919924668598,25.0,95.2919924668598,95.2919924668598,0.0,PASS
RECLAIM-V2-001988,RETRY_ALL,RETRY_ALL,0.0,25.0,-25.0,-25.0,0.0,PASS
RECLAIM-V2-001989,RETRY_ALL,RETRY_ALL,0.0,25.0,-25.0,-25.0,0.0,PASS
RECLAIM-V2-001990,RETRY_ALL,RETRY_ALL,0.0,25.0,-25.0,-25.0,0.0,PASS
RECLAIM-V2-001991,RETRY_ALL,RETRY_ALL,177.9935095754481,25.0,152.9935095754481,152.9935095754481,0.0,PASS
RECLAIM-V2-001992,RETRY_ALL,RETRY_ALL,0.0,25.0,-25.0,-25.0,0.0,PASS
RECLAIM-V2-001993,RETRY_ALL,RETRY_ALL,0.0,25.0,-25.0,-25.0,0.0,PASS
RECLAIM-V2-001994,RETRY_ALL,RETRY_ALL,0.0,25.0,-25.0,-25.0,0.0,PASS
RECLAIM-V2-001995,RETRY_ALL,RETRY_ALL,0.0,25.0,-25.0,-25.0,0.0,PASS
RECLAIM-V2-001996,RETRY_ALL,RETRY_ALL,42.8982016855173,25.0,17.8982016855173,17.8982016855173,0.0,PASS
RECLAIM-V2-001997,RETRY_ALL,RETRY_ALL,0.0,25.0,-25.0,-25.0,0.0,PASS
RECLAIM-V2-001998,RETRY_ALL,RETRY_ALL,147.46546552321274,25.0,122.46546552321274,122.46546552321274,0.0,PASS
RECLAIM-V2-001999,RETRY_ALL,RETRY_ALL,0.0,25.0,-25.0,-25.0,0.0,PASS
RECLAIM-V2-002000,RETRY_ALL,RETRY_ALL,0.0,25.0,-25.0,-25.0,0.0,PASS
RECLAIM-V2-002001,RETRY_ALL,RETRY_ALL,70.9355988075465,25.0,45.9355988075465,45.9355988075465,0.0,PASS
RECLAIM-V2-002002,RETRY_ALL,RETRY_ALL,135.0314246241126,25.0,110.0314246241126,110.03142462411259,-1.4210854715202004e-14,PASS
RECLAIM-V2-002003,RETRY_ALL,RETRY_ALL,0.0,25.0,-25.0,-25.0,0.0,PASS
RECLAIM-V2-002004,RETRY_ALL,RETRY_ALL,0.0,25.0,-25.0,-25.0,0.0,PASS
RECLAIM-V2-002005,RETRY_ALL,RETRY_ALL,20.66982543220845,25.0,-4.330174567791548,-4.330174567791548,0.0,PASS
RECLAIM-V2-002006,RETRY_ALL,RETRY_ALL,118.4021437701834,25.0,93.4021437701834,93.4021437701834,0.0,PASS
RECLAIM-V2-002007,RETRY_ALL,RETRY_ALL,317.56222604987715,25.0,292.56222604987715,292.56222604987715,0.0,PASS
RECLAIM-V2-002008,RETRY_ALL,RETRY_ALL,0.0,25.0,-25.0,-25.0,0.0,PASS
RECLAIM-V2-002009,RETRY_ALL,RETRY_ALL,153.88024702073025,25.0,128.88024702073025,128.88024702073025,0.0,PASS
RECLAIM-V2-002010,RETRY_ALL,RETRY_ALL,46.6942907874231,25.0,21.6942907874231,21.6942907874231,0.0,PASS
RECLAIM-V2-002011,RETRY_ALL,RETRY_ALL,0.0,25.0,-25.0,-25.0,0.0,PASS
RECLAIM-V2-002012,TARGET,LOW_INTENSITY,439.2114221427515,45.0,394.2114221427515,394.2114221427515,0.0,PASS
RECLAIM-V2-002013,RETRY_ALL,RETRY_ALL,0.0,25.0,-25.0,-25.0,0.0,PASS
RECLAIM-V2-002014,RETRY_ALL,RETRY_ALL,0.0,25.0,-25.0,-25.0,0.0,PASS
RECLAIM-V2-002015,RETRY_ALL,RETRY_ALL,220.97044661589584,25.0,195.97044661589584,195.97044661589584,0.0,PASS
RECLAIM-V2-002016,RETRY_ALL,RETRY_ALL,0.0,25.0,-25.0,-25.0,0.0,PASS
RECLAIM-V2-002017,RETRY_ALL,RETRY_ALL,317.3452276952496,25.0,292.3452276952496,292.3452276952496,0.0,PASS
RECLAIM-V2-002018,RETRY_ALL,RETRY_ALL,0.0,25.0,-25.0,-25.0,0.0,PASS
RECLAIM-V2-002019,RETRY_ALL,RETRY_ALL,67.8297574155804,25.0,42.8297574155804,42.8297574155804,0.0,PASS
RECLAIM-V2-002020,RETRY_ALL,RETRY_ALL,0.0,25.0,-25.0,-25.0,0.0,PASS
RECLAIM-V2-002021,RETRY_ALL,RETRY_ALL,0.0,25.0,-25.0,-25.0,0.0,PASS
RECLAIM-V2-002022,RETRY_ALL,RETRY_ALL,49.5595515224007,25.0,24.559551522400703,24.559551522400703,0.0,PASS
RECLAIM-V2-002023,RETRY_ALL,RETRY_ALL,374.8880841481605,25.0,349.8880841481605,349.8880841481605,0.0,PASS
RECLAIM-V2-002024,RETRY_ALL,RETRY_ALL,197.0193389892393,25.0,172.0193389892393,172.0193389892393,0.0,PASS
RECLAIM-V2-002025,TARGET,LOW_INTENSITY,435.3283145163829,45.0,390.3283145163829,390.3283145163829,0.0,PASS
RECLAIM-V2-002026,RETRY_ALL,RETRY_ALL,0.0,25.0,-25.0,-25.0,0.0,PASS
RECLAIM-V2-002027,RETRY_ALL,RETRY_ALL,0.0,25.0,-25.0,-25.0,0.0,PASS
RECLAIM-V2-002028,RETRY_ALL,RETRY_ALL,266.31611493855706,25.0,241.31611493855704,241.31611493855706,2.842170943040401e-14,PASS
RECLAIM-V2-002029,RETRY_ALL,RETRY_ALL,321.12077640257473,25.0,296.12077640257473,296.12077640257473,0.0,PASS
RECLAIM-V2-002030,RETRY_ALL,RETRY_ALL,0.0,25.0,-25.0,-25.0,0.0,PASS
RECLAIM-V2-002031,RETRY_ALL,RETRY_ALL,0.6252044791699499,25.0,-24.37479552083005,-24.37479552083005,0.0,PASS
RECLAIM-V2-002032,RETRY_ALL,RETRY_ALL,54.98111651801701,25.0,29.98111651801701,29.98111651801701,0.0,PASS
RECLAIM-V2-002033,RETRY_ALL,RETRY_ALL,0.0,25.0,-25.0,-25.0,0.0,PASS
RECLAIM-V2-002034,RETRY_ALL,RETRY_ALL,82.7386846805772,25.0,57.7386846805772,57.738684680577194,-7.105427357601002e-15,PASS
RECLAIM-V2-002035,RETRY_ALL,RETRY_ALL,0.0,25.0,-25.0,-25.0,0.0,PASS
RECLAIM-V2-002036,RETRY_ALL,RETRY_ALL,208.2872772657728,25.0,183.2872772657728,183.2872772657728,0.0,PASS
RECLAIM-V2-002037,RETRY_ALL,RETRY_ALL,178.76152406006491,25.0,153.76152406006491,153.76152406006491,0.0,PASS
RECLAIM-V2-002038,RETRY_ALL,RETRY_ALL,0.0,25.0,-25.0,-25.0,0.0,PASS
RECLAIM-V2-002039,RETRY_ALL,RETRY_ALL,110.733267640434,25.0,85.733267640434,85.733267640434,0.0,PASS
RECLAIM-V2-002040,TARGET,HIGH_INTENSITY,573.0828896947055,120.0,453.0828896947055,453.0828896947055,0.0,PASS
RECLAIM-V2-002041,RETRY_ALL,RETRY_ALL,0.0,25.0,-25.0,-25.0,0.0,PASS
RECLAIM-V2-002042,RETRY_ALL,RETRY_ALL,64.5173968724577,25.0,39.517396872457695,39.517396872457695,0.0,PASS
RECLAIM-V2-002043,RETRY_ALL,RETRY_ALL,0.0,25.0,-25.0,-25.0,0.0,PASS
RECLAIM-V2-002044,RETRY_ALL,RETRY_ALL,331.5744363752265,25.0,306.5744363752265,306.5744363752265,0.0,PASS
RECLAIM-V2-002045,RETRY_ALL,RETRY_ALL,0.0,25.0,-25.0,-25.0,0.0,PASS
RECLAIM-V2-002046,RETRY_ALL,RETRY_ALL,47.8754957623122,25.0,22.8754957623122,22.875495762312198,-3.552713678800501e-15,PASS
RECLAIM-V2-002047,RETRY_ALL,RETRY_ALL,0.0,25.0,-25.0,-25.0,0.0,PASS
RECLAIM-V2-002048,RETRY_ALL,RETRY_ALL,216.4271714409309,25.0,191.4271714409309,191.4271714409309,0.0,PASS
RECLAIM-V2-002049,RETRY_ALL,RETRY_ALL,193.95717444222285,25.0,168.95717444222285,168.95717444222285,0.0,PASS
RECLAIM-V2-002050,RETRY_ALL,RETRY_ALL,122.45450170920074,25.0,97.45450170920074,97.45450170920074,0.0,PASS
RECLAIM-V2-002051,RETRY_ALL,RETRY_ALL,119.60587241738656,25.0,94.60587241738656,94.60587241738656,0.0,PASS
RECLAIM-V2-002052,RETRY_ALL,RETRY_ALL,0.0,25.0,-25.0,-25.0,0.0,PASS
RECLAIM-V2-002053,RETRY_ALL,RETRY_ALL,0.0,25.0,-25.0,-25.0,0.0,PASS
RECLAIM-V2-002054,RETRY_ALL,RETRY_ALL,56.37333067487236,25.0,31.373330674872363,31.373330674872363,0.0,PASS
RECLAIM-V2-002055,RETRY_ALL,RETRY_ALL,364.2903068377572,25.0,339.2903068377572,339.2903068377572,0.0,PASS
RECLAIM-V2-002056,RETRY_ALL,RETRY_ALL,0.0,25.0,-25.0,-25.0,0.0,PASS
RECLAIM-V2-002057,RETRY_ALL,RETRY_ALL,0.0,25.0,-25.0,-25.0,0.0,PASS
RECLAIM-V2-002058,RETRY_ALL,RETRY_ALL,25.758798513580647,25.0,0.758798513580647,0.758798513580647,0.0,PASS
RECLAIM-V2-002059,RETRY_ALL,RETRY_ALL,0.0,25.0,-25.0,-25.0,0.0,PASS
RECLAIM-V2-002060,RETRY_ALL,RETRY_ALL,0.0,25.0,-25.0,-25.0,0.0,PASS
RECLAIM-V2-002061,RETRY_ALL,RETRY_ALL,0.0,25.0,-25.0,-25.0,0.0,PASS
RECLAIM-V2-002062,RETRY_ALL,RETRY_ALL,0.0,25.0,-25.0,-25.0,0.0,PASS
RECLAIM-V2-002063,RETRY_ALL,RETRY_ALL,0.0,25.0,-25.0,-25.0,0.0,PASS
RECLAIM-V2-002064,RETRY_ALL,RETRY_ALL,0.0,25.0,-25.0,-25.0,0.0,PASS
RECLAIM-V2-002065,RETRY_ALL,RETRY_ALL,118.11751500079724,25.0,93.11751500079724,93.11751500079724,0.0,PASS
RECLAIM-V2-002066,RETRY_ALL,RETRY_ALL,67.28291697108105,25.0,42.28291697108105,42.28291697108105,0.0,PASS
RECLAIM-V2-002067,RETRY_ALL,RETRY_ALL,0.0,25.0,-25.0,-25.0,0.0,PASS
RECLAIM-V2-002068,RETRY_ALL,RETRY_ALL,0.0,25.0,-25.0,-25.0,0.0,PASS
RECLAIM-V2-002069,RETRY_ALL,RETRY_ALL,250.7226645754353,25.0,225.7226645754353,225.7226645754353,0.0,PASS
RECLAIM-V2-002070,RETRY_ALL,RETRY_ALL,332.17155181277536,25.0,307.17155181277536,307.17155181277536,0.0,PASS
RECLAIM-V2-002071,RETRY_ALL,RETRY_ALL,254.0997396325524,25.0,229.0997396325524,229.0997396325524,0.0,PASS
RECLAIM-V2-002072,RETRY_ALL,RETRY_ALL,29.8269071062824,25.0,4.826907106282398,4.826907106282398,0.0,PASS
RECLAIM-V2-002073,RETRY_ALL,RETRY_ALL,95.9176843504788,25.0,70.9176843504788,70.9176843504788,0.0,PASS
RECLAIM-V2-002074,RETRY_ALL,RETRY_ALL,0.0,25.0,-25.0,-25.0,0.0,PASS
RECLAIM-V2-002075,RETRY_ALL,RETRY_ALL,183.5491340128244,25.0,158.54913401282437,158.5491340128244,2.842170943040401e-14,PASS
RECLAIM-V2-002076,RETRY_ALL,RETRY_ALL,0.0,25.0,-25.0,-25.0,0.0,PASS
RECLAIM-V2-002077,RETRY_ALL,RETRY_ALL,57.56259932967825,25.0,32.56259932967825,32.56259932967825,0.0,PASS
RECLAIM-V2-002078,RETRY_ALL,RETRY_ALL,93.2084733459852,25.0,68.2084733459852,68.2084733459852,0.0,PASS
RECLAIM-V2-002079,RETRY_ALL,RETRY_ALL,0.0,25.0,-25.0,-25.0,0.0,PASS
RECLAIM-V2-002080,RETRY_ALL,RETRY_ALL,200.64713484672808,25.0,175.64713484672808,175.64713484672808,0.0,PASS
RECLAIM-V2-002081,RETRY_ALL,RETRY_ALL,20.3184241418364,25.0,-4.681575858163601,-4.681575858163601,0.0,PASS
RECLAIM-V2-002082,RETRY_ALL,RETRY_ALL,237.3953317616397,25.0,212.3953317616397,212.3953317616397,0.0,PASS
RECLAIM-V2-002083,RETRY_ALL,RETRY_ALL,222.27686602375843,25.0,197.27686602375843,197.27686602375843,0.0,PASS
RECLAIM-V2-002084,RETRY_ALL,RETRY_ALL,230.5939727984592,25.0,205.5939727984592,205.5939727984592,0.0,PASS
RECLAIM-V2-002085,RETRY_ALL,RETRY_ALL,0.0,25.0,-25.0,-25.0,0.0,PASS
RECLAIM-V2-002086,RETRY_ALL,RETRY_ALL,330.89319293300235,25.0,305.89319293300235,305.89319293300235,0.0,PASS
RECLAIM-V2-002087,RETRY_ALL,RETRY_ALL,0.0,25.0,-25.0,-25.0,0.0,PASS
RECLAIM-V2-002088,RETRY_ALL,RETRY_ALL,0.0,25.0,-25.0,-25.0,0.0,PASS
RECLAIM-V2-002089,RETRY_ALL,RETRY_ALL,0.0,25.0,-25.0,-25.0,0.0,PASS
RECLAIM-V2-002090,RETRY_ALL,RETRY_ALL,0.0,25.0,-25.0,-25.0,0.0,PASS
RECLAIM-V2-002091,RETRY_ALL,RETRY_ALL,0.0,25.0,-25.0,-25.0,0.0,PASS
RECLAIM-V2-002092,RETRY_ALL,RETRY_ALL,87.80440154320455,25.0,62.80440154320455,62.80440154320455,0.0,PASS
RECLAIM-V2-002093,RETRY_ALL,RETRY_ALL,243.7782968278412,25.0,218.7782968278412,218.7782968278412,0.0,PASS
RECLAIM-V2-002094,TARGET,STANDARD_TARGET,485.30370324080144,80.0,405.30370324080144,405.30370324080144,0.0,PASS
RECLAIM-V2-002095,RETRY_ALL,RETRY_ALL,0.0,25.0,-25.0,-25.0,0.0,PASS
RECLAIM-V2-002096,RETRY_ALL,RETRY_ALL,107.80276196866664,25.0,82.80276196866664,82.80276196866664,0.0,PASS
RECLAIM-V2-002097,RETRY_ALL,RETRY_ALL,338.3604579334914,25.0,313.3604579334914,313.3604579334914,0.0,PASS
RECLAIM-V2-002098,RETRY_ALL,RETRY_ALL,92.91580710994484,25.0,67.91580710994484,67.91580710994484,0.0,PASS
RECLAIM-V2-002099,RETRY_ALL,RETRY_ALL,343.8514582808616,25.0,318.8514582808616,318.8514582808616,0.0,PASS
RECLAIM-V2-002100,RETRY_ALL,RETRY_ALL,0.0,25.0,-25.0,-25.0,0.0,PASS
RECLAIM-V2-002101,RETRY_ALL,RETRY_ALL,0.0,25.0,-25.0,-25.0,0.0,PASS
RECLAIM-V2-002102,RETRY_ALL,RETRY_ALL,47.29220452628864,25.0,22.292204526288643,22.292204526288643,0.0,PASS
RECLAIM-V2-002103,RETRY_ALL,RETRY_ALL,41.0399074094193,25.0,16.0399074094193,16.0399074094193,0.0,PASS
RECLAIM-V2-002104,RETRY_ALL,RETRY_ALL,117.14364318984374,25.0,92.14364318984374,92.14364318984374,0.0,PASS
RECLAIM-V2-002105,RETRY_ALL,RETRY_ALL,0.0,25.0,-25.0,-25.0,0.0,PASS
RECLAIM-V2-002106,RETRY_ALL,RETRY_ALL,0.0,25.0,-25.0,-25.0,0.0,PASS
RECLAIM-V2-002107,RETRY_ALL,RETRY_ALL,0.0,25.0,-25.0,-25.0,0.0,PASS
RECLAIM-V2-002108,RETRY_ALL,RETRY_ALL,0.0,25.0,-25.0,-25.0,0.0,PASS
RECLAIM-V2-002109,RETRY_ALL,RETRY_ALL,199.0743148742451,25.0,174.0743148742451,174.0743148742451,0.0,PASS
RECLAIM-V2-002110,RETRY_ALL,RETRY_ALL,232.02958945655448,25.0,207.02958945655448,207.02958945655448,0.0,PASS
RECLAIM-V2-002111,RETRY_ALL,RETRY_ALL,288.808382092419,25.0,263.808382092419,263.808382092419,0.0,PASS
RECLAIM-V2-002112,RETRY_ALL,RETRY_ALL,117.7044043042245,25.0,92.7044043042245,92.7044043042245,0.0,PASS
RECLAIM-V2-002113,RETRY_ALL,RETRY_ALL,237.3304907533038,25.0,212.3304907533038,212.3304907533038,0.0,PASS
RECLAIM-V2-002114,RETRY_ALL,RETRY_ALL,0.0,25.0,-25.0,-25.0,0.0,PASS
RECLAIM-V2-002115,RETRY_ALL,RETRY_ALL,126.7301768313999,25.0,101.7301768313999,101.7301768313999,0.0,PASS
RECLAIM-V2-002116,RETRY_ALL,RETRY_ALL,0.0,25.0,-25.0,-25.0,0.0,PASS
RECLAIM-V2-002117,RETRY_ALL,RETRY_ALL,0.0,25.0,-25.0,-25.0,0.0,PASS
RECLAIM-V2-002118,RETRY_ALL,RETRY_ALL,0.0,25.0,-25.0,-25.0,0.0,PASS
RECLAIM-V2-002119,RETRY_ALL,RETRY_ALL,18.090274481170653,25.0,-6.909725518829347,-6.909725518829347,0.0,PASS
RECLAIM-V2-002120,RETRY_ALL,RETRY_ALL,31.416876065164647,25.0,6.416876065164647,6.416876065164647,0.0,PASS
RECLAIM-V2-002121,RETRY_ALL,RETRY_ALL,99.08988131049747,25.0,74.08988131049747,74.08988131049747,0.0,PASS
RECLAIM-V2-002122,TARGET,LOW_INTENSITY,449.3954933822304,45.0,404.3954933822304,404.3954933822304,0.0,PASS
RECLAIM-V2-002123,RETRY_ALL,RETRY_ALL,135.10020821474072,25.0,110.10020821474072,110.10020821474072,0.0,PASS
RECLAIM-V2-002124,TARGET,LOW_INTENSITY,450.3452570890999,45.0,405.3452570890999,405.3452570890999,0.0,PASS
RECLAIM-V2-002125,RETRY_ALL,RETRY_ALL,0.0,25.0,-25.0,-25.0,0.0,PASS
RECLAIM-V2-002126,RETRY_ALL,RETRY_ALL,298.2254536234676,25.0,273.2254536234676,273.2254536234676,0.0,PASS
RECLAIM-V2-002127,RETRY_ALL,RETRY_ALL,169.2071548691493,25.0,144.2071548691493,144.2071548691493,0.0,PASS
RECLAIM-V2-002128,RETRY_ALL,RETRY_ALL,16.945541866464,25.0,-8.054458133535999,-8.054458133535999,0.0,PASS
RECLAIM-V2-002129,RETRY_ALL,RETRY_ALL,0.0,25.0,-25.0,-25.0,0.0,PASS
RECLAIM-V2-002130,RETRY_ALL,RETRY_ALL,0.0,25.0,-25.0,-25.0,0.0,PASS
RECLAIM-V2-002131,RETRY_ALL,RETRY_ALL,0.0,25.0,-25.0,-25.0,0.0,PASS
RECLAIM-V2-002132,RETRY_ALL,RETRY_ALL,325.22558517675225,25.0,300.22558517675225,300.22558517675225,0.0,PASS
RECLAIM-V2-002133,RETRY_ALL,RETRY_ALL,323.81731595745885,25.0,298.81731595745885,298.81731595745885,0.0,PASS
RECLAIM-V2-002134,TARGET,MONITOR,425.5128899243802,10.0,415.5128899243802,415.5128899243802,0.0,PASS
RECLAIM-V2-002135,RETRY_ALL,RETRY_ALL,321.3264004910835,25.0,296.3264004910835,296.3264004910835,0.0,PASS
RECLAIM-V2-002136,RETRY_ALL,RETRY_ALL,0.0,25.0,-25.0,-25.0,0.0,PASS
RECLAIM-V2-002137,RETRY_ALL,RETRY_ALL,0.0,25.0,-25.0,-25.0,0.0,PASS
RECLAIM-V2-002138,RETRY_ALL,RETRY_ALL,159.9715305320166,25.0,134.9715305320166,134.9715305320166,0.0,PASS
RECLAIM-V2-002139,RETRY_ALL,RETRY_ALL,217.41174139536912,25.0,192.41174139536912,192.41174139536912,0.0,PASS
RECLAIM-V2-002140,RETRY_ALL,RETRY_ALL,217.50126700133143,25.0,192.50126700133143,192.50126700133143,0.0,PASS
RECLAIM-V2-002141,TARGET,STANDARD_TARGET,499.5812113487878,80.0,419.5812113487878,419.5812113487878,0.0,PASS
RECLAIM-V2-002142,RETRY_ALL,RETRY_ALL,273.5883942158416,25.0,248.5883942158416,248.58839421584162,2.842170943040401e-14,PASS
RECLAIM-V2-002143,RETRY_ALL,RETRY_ALL,38.0584589787519,25.0,13.0584589787519,13.0584589787519,0.0,PASS
RECLAIM-V2-002144,RETRY_ALL,RETRY_ALL,28.2120355443666,25.0,3.2120355443666,3.2120355443666,0.0,PASS
RECLAIM-V2-002145,TARGET,LOW_INTENSITY,430.825999813352,45.0,385.825999813352,385.825999813352,0.0,PASS
RECLAIM-V2-002146,RETRY_ALL,RETRY_ALL,160.33826998496926,25.0,135.33826998496926,135.33826998496926,0.0,PASS
RECLAIM-V2-002147,RETRY_ALL,RETRY_ALL,305.1315712330917,25.0,280.1315712330917,280.1315712330917,0.0,PASS
RECLAIM-V2-002148,RETRY_ALL,RETRY_ALL,0.0,25.0,-25.0,-25.0,0.0,PASS
RECLAIM-V2-002149,TARGET,LOW_INTENSITY,447.4787636390163,45.0,402.4787636390163,402.4787636390163,0.0,PASS
RECLAIM-V2-002150,TARGET,LOW_INTENSITY,444.5361111544446,45.0,399.5361111544446,399.5361111544446,0.0,PASS
RECLAIM-V2-002151,RETRY_ALL,RETRY_ALL,6.664311534316799,25.0,-18.3356884656832,-18.3356884656832,0.0,PASS
RECLAIM-V2-002152,RETRY_ALL,RETRY_ALL,0.0,25.0,-25.0,-25.0,0.0,PASS
RECLAIM-V2-002153,TARGET,MONITOR,418.50138232277726,10.0,408.50138232277726,408.50138232277726,0.0,PASS
RECLAIM-V2-002154,RETRY_ALL,RETRY_ALL,0.0,25.0,-25.0,-25.0,0.0,PASS
RECLAIM-V2-002155,TARGET,MONITOR,396.92276460691767,10.0,386.92276460691767,386.92276460691767,0.0,PASS
RECLAIM-V2-002156,RETRY_ALL,RETRY_ALL,0.0,25.0,-25.0,-25.0,0.0,PASS
RECLAIM-V2-002157,RETRY_ALL,RETRY_ALL,131.15792043752296,25.0,106.15792043752296,106.15792043752296,0.0,PASS
RECLAIM-V2-002158,RETRY_ALL,RETRY_ALL,0.0,25.0,-25.0,-25.0,0.0,PASS
RECLAIM-V2-002159,RETRY_ALL,RETRY_ALL,0.0,25.0,-25.0,-25.0,0.0,PASS
RECLAIM-V2-002160,RETRY_ALL,RETRY_ALL,0.0,25.0,-25.0,-25.0,0.0,PASS
RECLAIM-V2-002161,RETRY_ALL,RETRY_ALL,83.88972659214569,25.0,58.88972659214569,58.88972659214569,0.0,PASS
RECLAIM-V2-002162,RETRY_ALL,RETRY_ALL,119.37198511674886,25.0,94.37198511674886,94.37198511674886,0.0,PASS
RECLAIM-V2-002163,RETRY_ALL,RETRY_ALL,0.0,25.0,-25.0,-25.0,0.0,PASS
RECLAIM-V2-002164,RETRY_ALL,RETRY_ALL,0.0793544282419733,25.0,-24.920645571758023,-24.920645571758026,-3.552713678800501e-15,PASS
RECLAIM-V2-002165,TARGET,LOW_INTENSITY,472.6793745741516,45.0,427.6793745741516,427.6793745741516,0.0,PASS
RECLAIM-V2-002166,RETRY_ALL,RETRY_ALL,0.0,25.0,-25.0,-25.0,0.0,PASS
RECLAIM-V2-002167,RETRY_ALL,RETRY_ALL,0.0,25.0,-25.0,-25.0,0.0,PASS
RECLAIM-V2-002168,RETRY_ALL,RETRY_ALL,278.96012199339646,25.0,253.96012199339648,253.96012199339646,-2.842170943040401e-14,PASS
RECLAIM-V2-002169,RETRY_ALL,RETRY_ALL,0.0,25.0,-25.0,-25.0,0.0,PASS
RECLAIM-V2-002170,RETRY_ALL,RETRY_ALL,106.41445290051794,25.0,81.41445290051794,81.41445290051794,0.0,PASS
RECLAIM-V2-002171,RETRY_ALL,RETRY_ALL,132.61900719919666,25.0,107.61900719919666,107.61900719919666,0.0,PASS
RECLAIM-V2-002172,RETRY_ALL,RETRY_ALL,0.0,25.0,-25.0,-25.0,0.0,PASS
RECLAIM-V2-002173,RETRY_ALL,RETRY_ALL,0.0,25.0,-25.0,-25.0,0.0,PASS
RECLAIM-V2-002174,RETRY_ALL,RETRY_ALL,194.69328013562105,25.0,169.69328013562105,169.69328013562105,0.0,PASS
RECLAIM-V2-002175,RETRY_ALL,RETRY_ALL,0.0,25.0,-25.0,-25.0,0.0,PASS
RECLAIM-V2-002176,RETRY_ALL,RETRY_ALL,0.0,25.0,-25.0,-25.0,0.0,PASS
RECLAIM-V2-002177,RETRY_ALL,RETRY_ALL,0.0,25.0,-25.0,-25.0,0.0,PASS
RECLAIM-V2-002178,RETRY_ALL,RETRY_ALL,144.28464119983036,25.0,119.28464119983036,119.28464119983036,0.0,PASS
RECLAIM-V2-002179,RETRY_ALL,RETRY_ALL,0.0,25.0,-25.0,-25.0,0.0,PASS
RECLAIM-V2-002180,RETRY_ALL,RETRY_ALL,0.0,25.0,-25.0,-25.0,0.0,PASS
RECLAIM-V2-002181,RETRY_ALL,RETRY_ALL,23.57542687182405,25.0,-1.4245731281759504,-1.4245731281759504,0.0,PASS
RECLAIM-V2-002182,RETRY_ALL,RETRY_ALL,8.46909657681585,25.0,-16.53090342318415,-16.53090342318415,0.0,PASS
RECLAIM-V2-002183,RETRY_ALL,RETRY_ALL,206.8900203514681,25.0,181.8900203514681,181.8900203514681,0.0,PASS
RECLAIM-V2-002184,RETRY_ALL,RETRY_ALL,0.0,25.0,-25.0,-25.0,0.0,PASS
RECLAIM-V2-002185,RETRY_ALL,RETRY_ALL,0.0,25.0,-25.0,-25.0,0.0,PASS
RECLAIM-V2-002186,RETRY_ALL,RETRY_ALL,0.0,25.0,-25.0,-25.0,0.0,PASS
RECLAIM-V2-002187,RETRY_ALL,RETRY_ALL,287.2370364897468,25.0,262.2370364897468,262.2370364897468,0.0,PASS
RECLAIM-V2-002188,RETRY_ALL,RETRY_ALL,259.06251405625693,25.0,234.06251405625693,234.06251405625693,0.0,PASS
RECLAIM-V2-002189,RETRY_ALL,RETRY_ALL,181.6913897266395,25.0,156.6913897266395,156.6913897266395,0.0,PASS
RECLAIM-V2-002190,RETRY_ALL,RETRY_ALL,0.0,25.0,-25.0,-25.0,0.0,PASS
RECLAIM-V2-002191,RETRY_ALL,RETRY_ALL,233.9807732830621,25.0,208.9807732830621,208.9807732830621,0.0,PASS
RECLAIM-V2-002192,RETRY_ALL,RETRY_ALL,142.28152670302694,25.0,117.28152670302694,117.28152670302694,0.0,PASS
RECLAIM-V2-002193,RETRY_ALL,RETRY_ALL,0.0,25.0,-25.0,-25.0,0.0,PASS
RECLAIM-V2-002194,RETRY_ALL,RETRY_ALL,261.087252504156,25.0,236.08725250415603,236.08725250415603,0.0,PASS
RECLAIM-V2-002195,RETRY_ALL,RETRY_ALL,45.6541157957793,25.0,20.654115795779298,20.654115795779298,0.0,PASS
RECLAIM-V2-002196,RETRY_ALL,RETRY_ALL,0.0,25.0,-25.0,-25.0,0.0,PASS
RECLAIM-V2-002197,RETRY_ALL,RETRY_ALL,246.1599071746569,25.0,221.1599071746569,221.1599071746569,0.0,PASS
RECLAIM-V2-002198,TARGET,LOW_INTENSITY,433.1583949858848,45.0,388.1583949858848,388.1583949858848,0.0,PASS
RECLAIM-V2-002199,RETRY_ALL,RETRY_ALL,0.0,25.0,-25.0,-25.0,0.0,PASS
RECLAIM-V2-002200,RETRY_ALL,RETRY_ALL,14.615364820343247,25.0,-10.384635179656753,-10.384635179656753,0.0,PASS
RECLAIM-V2-002201,RETRY_ALL,RETRY_ALL,238.24812750218564,25.0,213.24812750218564,213.24812750218564,0.0,PASS
RECLAIM-V2-002202,RETRY_ALL,RETRY_ALL,114.265781961252,25.0,89.265781961252,89.265781961252,0.0,PASS
RECLAIM-V2-002203,RETRY_ALL,RETRY_ALL,235.3707157911864,25.0,210.3707157911864,210.3707157911864,0.0,PASS
RECLAIM-V2-002204,RETRY_ALL,RETRY_ALL,0.0,25.0,-25.0,-25.0,0.0,PASS
RECLAIM-V2-002205,RETRY_ALL,RETRY_ALL,0.0,25.0,-25.0,-25.0,0.0,PASS
RECLAIM-V2-002206,RETRY_ALL,RETRY_ALL,0.0,25.0,-25.0,-25.0,0.0,PASS
RECLAIM-V2-002207,RETRY_ALL,RETRY_ALL,237.4116537347977,25.0,212.4116537347977,212.4116537347977,0.0,PASS
RECLAIM-V2-002208,RETRY_ALL,RETRY_ALL,0.0,25.0,-25.0,-25.0,0.0,PASS
RECLAIM-V2-002209,RETRY_ALL,RETRY_ALL,286.0614768117392,25.0,261.0614768117392,261.0614768117392,0.0,PASS
RECLAIM-V2-002210,RETRY_ALL,RETRY_ALL,199.8591528945714,25.0,174.8591528945714,174.8591528945714,0.0,PASS
RECLAIM-V2-002211,TARGET,LOW_INTENSITY,453.4877572664389,45.0,408.4877572664389,408.4877572664389,0.0,PASS
RECLAIM-V2-002212,RETRY_ALL,RETRY_ALL,32.243045585394746,25.0,7.243045585394746,7.243045585394746,0.0,PASS
RECLAIM-V2-002213,RETRY_ALL,RETRY_ALL,0.0,25.0,-25.0,-25.0,0.0,PASS
RECLAIM-V2-002214,RETRY_ALL,RETRY_ALL,0.0,25.0,-25.0,-25.0,0.0,PASS
RECLAIM-V2-002215,RETRY_ALL,RETRY_ALL,0.0,25.0,-25.0,-25.0,0.0,PASS
RECLAIM-V2-002216,RETRY_ALL,RETRY_ALL,331.6272149799519,25.0,306.6272149799519,306.6272149799519,0.0,PASS
RECLAIM-V2-002217,RETRY_ALL,RETRY_ALL,9.2280361379052,25.0,-15.7719638620948,-15.7719638620948,0.0,PASS
RECLAIM-V2-002218,RETRY_ALL,RETRY_ALL,0.0,25.0,-25.0,-25.0,0.0,PASS
RECLAIM-V2-002219,RETRY_ALL,RETRY_ALL,0.0,25.0,-25.0,-25.0,0.0,PASS
RECLAIM-V2-002220,RETRY_ALL,RETRY_ALL,83.39076737321325,25.0,58.39076737321325,58.39076737321325,0.0,PASS
RECLAIM-V2-002221,RETRY_ALL,RETRY_ALL,9.0979398891369,25.0,-15.9020601108631,-15.9020601108631,0.0,PASS
RECLAIM-V2-002222,RETRY_ALL,RETRY_ALL,0.0,25.0,-25.0,-25.0,0.0,PASS
RECLAIM-V2-002223,RETRY_ALL,RETRY_ALL,0.0,25.0,-25.0,-25.0,0.0,PASS
RECLAIM-V2-002224,RETRY_ALL,RETRY_ALL,0.0,25.0,-25.0,-25.0,0.0,PASS
RECLAIM-V2-002225,RETRY_ALL,RETRY_ALL,61.8193629620466,25.0,36.8193629620466,36.8193629620466,0.0,PASS
RECLAIM-V2-002226,RETRY_ALL,RETRY_ALL,81.0471925036176,25.0,56.0471925036176,56.047192503617595,-7.105427357601002e-15,PASS
RECLAIM-V2-002227,RETRY_ALL,RETRY_ALL,270.29581731689234,25.0,245.2958173168924,245.29581731689234,-5.684341886080802e-14,PASS
RECLAIM-V2-002228,RETRY_ALL,RETRY_ALL,0.0,25.0,-25.0,-25.0,0.0,PASS
RECLAIM-V2-002229,RETRY_ALL,RETRY_ALL,0.0,25.0,-25.0,-25.0,0.0,PASS
RECLAIM-V2-002230,RETRY_ALL,RETRY_ALL,0.0,25.0,-25.0,-25.0,0.0,PASS
RECLAIM-V2-002231,RETRY_ALL,RETRY_ALL,213.86778194407484,25.0,188.86778194407484,188.86778194407484,0.0,PASS
RECLAIM-V2-002232,RETRY_ALL,RETRY_ALL,0.0,25.0,-25.0,-25.0,0.0,PASS
RECLAIM-V2-002233,RETRY_ALL,RETRY_ALL,270.9311515777904,25.0,245.9311515777904,245.9311515777904,0.0,PASS
RECLAIM-V2-002234,TARGET,LOW_INTENSITY,431.92740717943127,45.0,386.92740717943127,386.92740717943127,0.0,PASS
RECLAIM-V2-002235,RETRY_ALL,RETRY_ALL,146.70337191978015,25.0,121.70337191978015,121.70337191978015,0.0,PASS
RECLAIM-V2-002236,RETRY_ALL,RETRY_ALL,74.53947016286641,25.0,49.53947016286641,49.53947016286641,0.0,PASS
RECLAIM-V2-002237,RETRY_ALL,RETRY_ALL,0.0,25.0,-25.0,-25.0,0.0,PASS
RECLAIM-V2-002238,RETRY_ALL,RETRY_ALL,0.0,25.0,-25.0,-25.0,0.0,PASS
RECLAIM-V2-002239,RETRY_ALL,RETRY_ALL,193.15824209609085,25.0,168.15824209609085,168.15824209609085,0.0,PASS
RECLAIM-V2-002240,RETRY_ALL,RETRY_ALL,0.0,25.0,-25.0,-25.0,0.0,PASS
RECLAIM-V2-002241,RETRY_ALL,RETRY_ALL,0.0,25.0,-25.0,-25.0,0.0,PASS
RECLAIM-V2-002242,RETRY_ALL,RETRY_ALL,215.0185809328988,25.0,190.0185809328988,190.0185809328988,0.0,PASS
RECLAIM-V2-002243,RETRY_ALL,RETRY_ALL,26.711268866576848,25.0,1.711268866576848,1.711268866576848,0.0,PASS
RECLAIM-V2-002244,RETRY_ALL,RETRY_ALL,277.45623325507665,25.0,252.45623325507665,252.45623325507665,0.0,PASS
RECLAIM-V2-002245,RETRY_ALL,RETRY_ALL,68.93436419888175,25.0,43.93436419888175,43.93436419888175,0.0,PASS
RECLAIM-V2-002246,RETRY_ALL,RETRY_ALL,171.50994650980604,25.0,146.50994650980604,146.50994650980604,0.0,PASS
RECLAIM-V2-002247,RETRY_ALL,RETRY_ALL,0.0,25.0,-25.0,-25.0,0.0,PASS
RECLAIM-V2-002248,RETRY_ALL,RETRY_ALL,282.2400551977446,25.0,257.2400551977446,257.2400551977446,0.0,PASS
RECLAIM-V2-002249,RETRY_ALL,RETRY_ALL,49.7780224985148,25.0,24.7780224985148,24.7780224985148,0.0,PASS
RECLAIM-V2-002250,RETRY_ALL,RETRY_ALL,244.20199679792475,25.0,219.20199679792475,219.20199679792475,0.0,PASS
RECLAIM-V2-002251,RETRY_ALL,RETRY_ALL,185.45634464873297,25.0,160.45634464873297,160.45634464873297,0.0,PASS
RECLAIM-V2-002252,RETRY_ALL,RETRY_ALL,0.0,25.0,-25.0,-25.0,0.0,PASS
RECLAIM-V2-002253,RETRY_ALL,RETRY_ALL,0.0,25.0,-25.0,-25.0,0.0,PASS
RECLAIM-V2-002254,RETRY_ALL,RETRY_ALL,238.49270038187308,25.0,213.49270038187308,213.49270038187308,0.0,PASS
RECLAIM-V2-002255,RETRY_ALL,RETRY_ALL,194.325888484622,25.0,169.32588848462197,169.325888484622,2.842170943040401e-14,PASS
RECLAIM-V2-002256,RETRY_ALL,RETRY_ALL,74.651066188818,25.0,49.65106618881801,49.65106618881801,0.0,PASS
RECLAIM-V2-002257,RETRY_ALL,RETRY_ALL,3.85341009233625,25.0,-21.14658990766375,-21.14658990766375,0.0,PASS
RECLAIM-V2-002258,RETRY_ALL,RETRY_ALL,5.11317093748725,25.0,-19.88682906251275,-19.88682906251275,0.0,PASS
RECLAIM-V2-002259,RETRY_ALL,RETRY_ALL,149.26597037298765,25.0,124.26597037298764,124.26597037298765,1.4210854715202004e-14,PASS
RECLAIM-V2-002260,RETRY_ALL,RETRY_ALL,331.23309382854825,25.0,306.23309382854825,306.23309382854825,0.0,PASS
RECLAIM-V2-002261,RETRY_ALL,RETRY_ALL,54.176495425814856,25.0,29.176495425814856,29.176495425814856,0.0,PASS
RECLAIM-V2-002262,RETRY_ALL,RETRY_ALL,26.75786816491755,25.0,1.75786816491755,1.75786816491755,0.0,PASS
RECLAIM-V2-002263,RETRY_ALL,RETRY_ALL,0.0,25.0,-25.0,-25.0,0.0,PASS
RECLAIM-V2-002264,TARGET,HIGH_INTENSITY,567.5402787456075,120.0,447.54027874560745,447.54027874560745,0.0,PASS
RECLAIM-V2-002265,RETRY_ALL,RETRY_ALL,0.0,25.0,-25.0,-25.0,0.0,PASS
RECLAIM-V2-002266,TARGET,LOW_INTENSITY,478.4808679857961,45.0,433.4808679857961,433.4808679857961,0.0,PASS
RECLAIM-V2-002267,RETRY_ALL,RETRY_ALL,331.86461126907494,25.0,306.86461126907494,306.86461126907494,0.0,PASS
RECLAIM-V2-002268,RETRY_ALL,RETRY_ALL,58.60099268473471,25.0,33.60099268473471,33.60099268473471,0.0,PASS
RECLAIM-V2-002269,RETRY_ALL,RETRY_ALL,93.40869894042466,25.0,68.40869894042466,68.40869894042466,0.0,PASS
RECLAIM-V2-002270,RETRY_ALL,RETRY_ALL,365.6094649352298,25.0,340.6094649352298,340.6094649352298,0.0,PASS
RECLAIM-V2-002271,RETRY_ALL,RETRY_ALL,0.0,25.0,-25.0,-25.0,0.0,PASS
RECLAIM-V2-002272,RETRY_ALL,RETRY_ALL,236.1799360425649,25.0,211.1799360425649,211.1799360425649,0.0,PASS
RECLAIM-V2-002273,RETRY_ALL,RETRY_ALL,0.0,25.0,-25.0,-25.0,0.0,PASS
RECLAIM-V2-002274,RETRY_ALL,RETRY_ALL,0.0,25.0,-25.0,-25.0,0.0,PASS
RECLAIM-V2-002275,RETRY_ALL,RETRY_ALL,45.59128969270575,25.0,20.59128969270575,20.59128969270575,0.0,PASS
RECLAIM-V2-002276,RETRY_ALL,RETRY_ALL,0.0,25.0,-25.0,-25.0,0.0,PASS
RECLAIM-V2-002277,RETRY_ALL,RETRY_ALL,189.98317232015896,25.0,164.98317232015896,164.98317232015896,0.0,PASS
RECLAIM-V2-002278,TARGET,LOW_INTENSITY,441.9851960370511,45.0,396.9851960370511,396.9851960370511,0.0,PASS
RECLAIM-V2-002279,RETRY_ALL,RETRY_ALL,0.0,25.0,-25.0,-25.0,0.0,PASS
RECLAIM-V2-002280,RETRY_ALL,RETRY_ALL,336.08783385141794,25.0,311.08783385141794,311.08783385141794,0.0,PASS
RECLAIM-V2-002281,RETRY_ALL,RETRY_ALL,223.8617098448958,25.0,198.8617098448958,198.8617098448958,0.0,PASS
RECLAIM-V2-002282,RETRY_ALL,RETRY_ALL,0.0,25.0,-25.0,-25.0,0.0,PASS
RECLAIM-V2-002283,RETRY_ALL,RETRY_ALL,0.0,25.0,-25.0,-25.0,0.0,PASS
RECLAIM-V2-002284,RETRY_ALL,RETRY_ALL,214.8203577197574,25.0,189.8203577197574,189.8203577197574,0.0,PASS
RECLAIM-V2-002285,RETRY_ALL,RETRY_ALL,248.45057811286264,25.0,223.45057811286264,223.45057811286264,0.0,PASS
RECLAIM-V2-002286,RETRY_ALL,RETRY_ALL,272.1349216153074,25.0,247.1349216153074,247.1349216153074,0.0,PASS
RECLAIM-V2-002287,RETRY_ALL,RETRY_ALL,0.0,25.0,-25.0,-25.0,0.0,PASS
RECLAIM-V2-002288,RETRY_ALL,RETRY_ALL,329.41328099814075,25.0,304.41328099814075,304.41328099814075,0.0,PASS
RECLAIM-V2-002289,RETRY_ALL,RETRY_ALL,248.9409350138235,25.0,223.9409350138235,223.9409350138235,0.0,PASS
RECLAIM-V2-002290,RETRY_ALL,RETRY_ALL,0.0,25.0,-25.0,-25.0,0.0,PASS
RECLAIM-V2-002291,RETRY_ALL,RETRY_ALL,0.0,25.0,-25.0,-25.0,0.0,PASS
RECLAIM-V2-002292,RETRY_ALL,RETRY_ALL,297.653547745188,25.0,272.653547745188,272.653547745188,0.0,PASS
RECLAIM-V2-002293,RETRY_ALL,RETRY_ALL,0.0,25.0,-25.0,-25.0,0.0,PASS
RECLAIM-V2-002294,RETRY_ALL,RETRY_ALL,86.7755957589651,25.0,61.775595758965096,61.775595758965096,0.0,PASS
RECLAIM-V2-002295,RETRY_ALL,RETRY_ALL,180.73602076139207,25.0,155.73602076139207,155.73602076139207,0.0,PASS
RECLAIM-V2-002296,RETRY_ALL,RETRY_ALL,0.0,25.0,-25.0,-25.0,0.0,PASS
RECLAIM-V2-002297,RETRY_ALL,RETRY_ALL,0.0,25.0,-25.0,-25.0,0.0,PASS
RECLAIM-V2-002298,TARGET,MONITOR,398.3152463663505,10.0,388.3152463663505,388.3152463663505,0.0,PASS
RECLAIM-V2-002299,RETRY_ALL,RETRY_ALL,0.0,25.0,-25.0,-25.0,0.0,PASS
RECLAIM-V2-002300,RETRY_ALL,RETRY_ALL,121.51147479229036,25.0,96.51147479229036,96.51147479229036,0.0,PASS
RECLAIM-V2-002301,RETRY_ALL,RETRY_ALL,0.0,25.0,-25.0,-25.0,0.0,PASS
RECLAIM-V2-002302,RETRY_ALL,RETRY_ALL,132.0412257205026,25.0,107.0412257205026,107.04122572050261,1.4210854715202004e-14,PASS
RECLAIM-V2-002303,RETRY_ALL,RETRY_ALL,0.0,25.0,-25.0,-25.0,0.0,PASS
RECLAIM-V2-002304,RETRY_ALL,RETRY_ALL,0.0,25.0,-25.0,-25.0,0.0,PASS
RECLAIM-V2-002305,RETRY_ALL,RETRY_ALL,94.63044801025876,25.0,69.63044801025876,69.63044801025876,0.0,PASS
RECLAIM-V2-002306,RETRY_ALL,RETRY_ALL,290.8956767443002,25.0,265.8956767443002,265.8956767443002,0.0,PASS
RECLAIM-V2-002307,RETRY_ALL,RETRY_ALL,300.92366677337174,25.0,275.92366677337174,275.92366677337174,0.0,PASS
RECLAIM-V2-002308,RETRY_ALL,RETRY_ALL,358.551173058732,25.0,333.551173058732,333.551173058732,0.0,PASS
RECLAIM-V2-002309,RETRY_ALL,RETRY_ALL,107.52651421686797,25.0,82.52651421686797,82.52651421686797,0.0,PASS
RECLAIM-V2-002310,RETRY_ALL,RETRY_ALL,207.97284964624936,25.0,182.97284964624936,182.97284964624936,0.0,PASS
RECLAIM-V2-002311,RETRY_ALL,RETRY_ALL,250.4331954210949,25.0,225.4331954210949,225.4331954210949,0.0,PASS
RECLAIM-V2-002312,RETRY_ALL,RETRY_ALL,116.59920422385524,25.0,91.59920422385524,91.59920422385524,0.0,PASS
RECLAIM-V2-002313,TARGET,MONITOR,418.01964366293913,10.0,408.01964366293913,408.01964366293913,0.0,PASS
RECLAIM-V2-002314,RETRY_ALL,RETRY_ALL,389.2775306093842,25.0,364.2775306093842,364.2775306093842,0.0,PASS
RECLAIM-V2-002315,RETRY_ALL,RETRY_ALL,143.5524388428351,25.0,118.5524388428351,118.5524388428351,0.0,PASS
RECLAIM-V2-002316,RETRY_ALL,RETRY_ALL,0.0,25.0,-25.0,-25.0,0.0,PASS
RECLAIM-V2-002317,RETRY_ALL,RETRY_ALL,0.0,25.0,-25.0,-25.0,0.0,PASS
RECLAIM-V2-002318,RETRY_ALL,RETRY_ALL,0.0,25.0,-25.0,-25.0,0.0,PASS
RECLAIM-V2-002319,RETRY_ALL,RETRY_ALL,0.0,25.0,-25.0,-25.0,0.0,PASS
RECLAIM-V2-002320,RETRY_ALL,RETRY_ALL,0.0,25.0,-25.0,-25.0,0.0,PASS
RECLAIM-V2-002321,RETRY_ALL,RETRY_ALL,0.0,25.0,-25.0,-25.0,0.0,PASS
RECLAIM-V2-002322,RETRY_ALL,RETRY_ALL,208.0912649464413,25.0,183.0912649464413,183.0912649464413,0.0,PASS
RECLAIM-V2-002323,RETRY_ALL,RETRY_ALL,0.0,25.0,-25.0,-25.0,0.0,PASS
RECLAIM-V2-002324,RETRY_ALL,RETRY_ALL,0.0,25.0,-25.0,-25.0,0.0,PASS
RECLAIM-V2-002325,RETRY_ALL,RETRY_ALL,0.0,25.0,-25.0,-25.0,0.0,PASS
RECLAIM-V2-002326,RETRY_ALL,RETRY_ALL,181.1365649278872,25.0,156.1365649278872,156.1365649278872,0.0,PASS
RECLAIM-V2-002327,TARGET,MONITOR,418.3900356401789,10.0,408.3900356401789,408.3900356401789,0.0,PASS
RECLAIM-V2-002328,RETRY_ALL,RETRY_ALL,2.4439869705642,25.0,-22.5560130294358,-22.5560130294358,0.0,PASS
RECLAIM-V2-002329,RETRY_ALL,RETRY_ALL,0.0,25.0,-25.0,-25.0,0.0,PASS
RECLAIM-V2-002330,RETRY_ALL,RETRY_ALL,40.2802836607353,25.0,15.2802836607353,15.2802836607353,0.0,PASS
RECLAIM-V2-002331,RETRY_ALL,RETRY_ALL,0.0,25.0,-25.0,-25.0,0.0,PASS
RECLAIM-V2-002332,RETRY_ALL,RETRY_ALL,0.0,25.0,-25.0,-25.0,0.0,PASS
RECLAIM-V2-002333,RETRY_ALL,RETRY_ALL,0.0,25.0,-25.0,-25.0,0.0,PASS
RECLAIM-V2-002334,RETRY_ALL,RETRY_ALL,0.0,25.0,-25.0,-25.0,0.0,PASS
RECLAIM-V2-002335,RETRY_ALL,RETRY_ALL,0.0,25.0,-25.0,-25.0,0.0,PASS
RECLAIM-V2-002336,RETRY_ALL,RETRY_ALL,0.0,25.0,-25.0,-25.0,0.0,PASS
RECLAIM-V2-002337,RETRY_ALL,RETRY_ALL,136.4849059316529,25.0,111.48490593165288,111.48490593165289,1.4210854715202004e-14,PASS
RECLAIM-V2-002338,RETRY_ALL,RETRY_ALL,0.0,25.0,-25.0,-25.0,0.0,PASS
RECLAIM-V2-002339,RETRY_ALL,RETRY_ALL,95.10558294579464,25.0,70.10558294579464,70.10558294579464,0.0,PASS
RECLAIM-V2-002340,RETRY_ALL,RETRY_ALL,0.0,25.0,-25.0,-25.0,0.0,PASS
RECLAIM-V2-002341,RETRY_ALL,RETRY_ALL,0.0,25.0,-25.0,-25.0,0.0,PASS
RECLAIM-V2-002342,RETRY_ALL,RETRY_ALL,0.0,25.0,-25.0,-25.0,0.0,PASS
RECLAIM-V2-002343,RETRY_ALL,RETRY_ALL,0.0,25.0,-25.0,-25.0,0.0,PASS
RECLAIM-V2-002344,RETRY_ALL,RETRY_ALL,35.74480701756435,25.0,10.744807017564348,10.744807017564348,0.0,PASS
RECLAIM-V2-002345,RETRY_ALL,RETRY_ALL,0.0,25.0,-25.0,-25.0,0.0,PASS
RECLAIM-V2-002346,RETRY_ALL,RETRY_ALL,385.12395343614367,25.0,360.12395343614367,360.12395343614367,0.0,PASS
RECLAIM-V2-002347,RETRY_ALL,RETRY_ALL,0.0,25.0,-25.0,-25.0,0.0,PASS
RECLAIM-V2-002348,RETRY_ALL,RETRY_ALL,66.20562153719806,25.0,41.205621537198056,41.205621537198056,0.0,PASS
RECLAIM-V2-002349,RETRY_ALL,RETRY_ALL,312.05447381791606,25.0,287.05447381791606,287.05447381791606,0.0,PASS
RECLAIM-V2-002350,RETRY_ALL,RETRY_ALL,0.0,25.0,-25.0,-25.0,0.0,PASS
RECLAIM-V2-002351,RETRY_ALL,RETRY_ALL,0.0,25.0,-25.0,-25.0,0.0,PASS
RECLAIM-V2-002352,RETRY_ALL,RETRY_ALL,318.4083827599085,25.0,293.4083827599085,293.4083827599085,0.0,PASS
RECLAIM-V2-002353,RETRY_ALL,RETRY_ALL,0.0,25.0,-25.0,-25.0,0.0,PASS
RECLAIM-V2-002354,RETRY_ALL,RETRY_ALL,0.0,25.0,-25.0,-25.0,0.0,PASS
RECLAIM-V2-002355,RETRY_ALL,RETRY_ALL,0.0,25.0,-25.0,-25.0,0.0,PASS
RECLAIM-V2-002356,RETRY_ALL,RETRY_ALL,42.537387242834704,25.0,17.537387242834704,17.537387242834704,0.0,PASS
RECLAIM-V2-002357,RETRY_ALL,RETRY_ALL,56.41883067542671,25.0,31.41883067542671,31.41883067542671,0.0,PASS
RECLAIM-V2-002358,RETRY_ALL,RETRY_ALL,0.0,25.0,-25.0,-25.0,0.0,PASS
RECLAIM-V2-002359,RETRY_ALL,RETRY_ALL,230.4361134024668,25.0,205.4361134024668,205.4361134024668,0.0,PASS
RECLAIM-V2-002360,RETRY_ALL,RETRY_ALL,0.0,25.0,-25.0,-25.0,0.0,PASS
RECLAIM-V2-002361,RETRY_ALL,RETRY_ALL,327.7309479493518,25.0,302.7309479493518,302.7309479493518,0.0,PASS
RECLAIM-V2-002362,RETRY_ALL,RETRY_ALL,0.0,25.0,-25.0,-25.0,0.0,PASS
RECLAIM-V2-002363,RETRY_ALL,RETRY_ALL,40.497951259146,25.0,15.497951259146,15.497951259146,0.0,PASS
RECLAIM-V2-002364,RETRY_ALL,RETRY_ALL,0.0,25.0,-25.0,-25.0,0.0,PASS
RECLAIM-V2-002365,RETRY_ALL,RETRY_ALL,0.0,25.0,-25.0,-25.0,0.0,PASS
RECLAIM-V2-002366,RETRY_ALL,RETRY_ALL,0.0,25.0,-25.0,-25.0,0.0,PASS
RECLAIM-V2-002367,RETRY_ALL,RETRY_ALL,0.0,25.0,-25.0,-25.0,0.0,PASS
RECLAIM-V2-002368,RETRY_ALL,RETRY_ALL,0.0,25.0,-25.0,-25.0,0.0,PASS
RECLAIM-V2-002369,RETRY_ALL,RETRY_ALL,262.1486829922446,25.0,237.14868299224457,237.14868299224457,0.0,PASS
RECLAIM-V2-002370,RETRY_ALL,RETRY_ALL,0.0,25.0,-25.0,-25.0,0.0,PASS
RECLAIM-V2-002371,RETRY_ALL,RETRY_ALL,124.93532838798556,25.0,99.93532838798556,99.93532838798556,0.0,PASS
RECLAIM-V2-002372,RETRY_ALL,RETRY_ALL,148.680307716039,25.0,123.680307716039,123.68030771603901,1.4210854715202004e-14,PASS
RECLAIM-V2-002373,RETRY_ALL,RETRY_ALL,0.0,25.0,-25.0,-25.0,0.0,PASS
RECLAIM-V2-002374,RETRY_ALL,RETRY_ALL,0.0,25.0,-25.0,-25.0,0.0,PASS
RECLAIM-V2-002375,RETRY_ALL,RETRY_ALL,0.0,25.0,-25.0,-25.0,0.0,PASS
RECLAIM-V2-002376,RETRY_ALL,RETRY_ALL,0.0,25.0,-25.0,-25.0,0.0,PASS
RECLAIM-V2-002377,RETRY_ALL,RETRY_ALL,33.04801792529055,25.0,8.048017925290551,8.048017925290551,0.0,PASS
RECLAIM-V2-002378,RETRY_ALL,RETRY_ALL,0.0,25.0,-25.0,-25.0,0.0,PASS
RECLAIM-V2-002379,RETRY_ALL,RETRY_ALL,66.1106972117643,25.0,41.110697211764304,41.110697211764304,0.0,PASS
RECLAIM-V2-002380,RETRY_ALL,RETRY_ALL,0.0,25.0,-25.0,-25.0,0.0,PASS
RECLAIM-V2-002381,RETRY_ALL,RETRY_ALL,50.3181004411611,25.0,25.3181004411611,25.3181004411611,0.0,PASS
RECLAIM-V2-002382,RETRY_ALL,RETRY_ALL,175.1017371490311,25.0,150.1017371490311,150.1017371490311,0.0,PASS
RECLAIM-V2-002383,RETRY_ALL,RETRY_ALL,0.0,25.0,-25.0,-25.0,0.0,PASS
RECLAIM-V2-002384,RETRY_ALL,RETRY_ALL,15.5840403977661,25.0,-9.4159596022339,-9.4159596022339,0.0,PASS
RECLAIM-V2-002385,RETRY_ALL,RETRY_ALL,211.7127455858017,25.0,186.7127455858017,186.7127455858017,0.0,PASS
RECLAIM-V2-002386,RETRY_ALL,RETRY_ALL,126.79731961274564,25.0,101.79731961274564,101.79731961274564,0.0,PASS
RECLAIM-V2-002387,RETRY_ALL,RETRY_ALL,0.0,25.0,-25.0,-25.0,0.0,PASS
RECLAIM-V2-002388,RETRY_ALL,RETRY_ALL,24.6290349077346,25.0,-0.3709650922654006,-0.37096509226540064,-5.551115123125783e-17,PASS
RECLAIM-V2-002389,RETRY_ALL,RETRY_ALL,0.0,25.0,-25.0,-25.0,0.0,PASS
RECLAIM-V2-002390,RETRY_ALL,RETRY_ALL,315.6469663200462,25.0,290.6469663200462,290.6469663200462,0.0,PASS
RECLAIM-V2-002391,RETRY_ALL,RETRY_ALL,152.4885747940167,25.0,127.4885747940167,127.4885747940167,0.0,PASS
RECLAIM-V2-002392,RETRY_ALL,RETRY_ALL,253.071359628634,25.0,228.071359628634,228.071359628634,0.0,PASS
RECLAIM-V2-002393,RETRY_ALL,RETRY_ALL,37.03102815612705,25.0,12.03102815612705,12.03102815612705,0.0,PASS
RECLAIM-V2-002394,RETRY_ALL,RETRY_ALL,0.0,25.0,-25.0,-25.0,0.0,PASS
RECLAIM-V2-002395,RETRY_ALL,RETRY_ALL,15.2468197286577,25.0,-9.7531802713423,-9.7531802713423,0.0,PASS
RECLAIM-V2-002396,RETRY_ALL,RETRY_ALL,121.96241128000514,25.0,96.96241128000514,96.96241128000514,0.0,PASS
RECLAIM-V2-002397,RETRY_ALL,RETRY_ALL,0.0,25.0,-25.0,-25.0,0.0,PASS
RECLAIM-V2-002398,RETRY_ALL,RETRY_ALL,0.0,25.0,-25.0,-25.0,0.0,PASS
RECLAIM-V2-002399,RETRY_ALL,RETRY_ALL,255.91129805226944,25.0,230.91129805226944,230.91129805226944,0.0,PASS
RECLAIM-V2-002400,RETRY_ALL,RETRY_ALL,0.0,25.0,-25.0,-25.0,0.0,PASS
RECLAIM-V2-002401,RETRY_ALL,RETRY_ALL,210.036572304972,25.0,185.036572304972,185.036572304972,0.0,PASS
RECLAIM-V2-002402,RETRY_ALL,RETRY_ALL,202.1008399261674,25.0,177.1008399261674,177.1008399261674,0.0,PASS
RECLAIM-V2-002403,RETRY_ALL,RETRY_ALL,0.0,25.0,-25.0,-25.0,0.0,PASS
RECLAIM-V2-002404,RETRY_ALL,RETRY_ALL,0.0,25.0,-25.0,-25.0,0.0,PASS
RECLAIM-V2-002405,RETRY_ALL,RETRY_ALL,0.0,25.0,-25.0,-25.0,0.0,PASS
RECLAIM-V2-002406,RETRY_ALL,RETRY_ALL,371.4347465514029,25.0,346.4347465514029,346.4347465514029,0.0,PASS
RECLAIM-V2-002407,RETRY_ALL,RETRY_ALL,0.0,25.0,-25.0,-25.0,0.0,PASS
RECLAIM-V2-002408,RETRY_ALL,RETRY_ALL,0.0,25.0,-25.0,-25.0,0.0,PASS
RECLAIM-V2-002409,RETRY_ALL,RETRY_ALL,0.0,25.0,-25.0,-25.0,0.0,PASS
RECLAIM-V2-002410,RETRY_ALL,RETRY_ALL,214.91561106167384,25.0,189.91561106167384,189.91561106167384,0.0,PASS
RECLAIM-V2-002411,RETRY_ALL,RETRY_ALL,59.620360442434205,25.0,34.620360442434205,34.620360442434205,0.0,PASS
RECLAIM-V2-002412,RETRY_ALL,RETRY_ALL,173.9620638865218,25.0,148.9620638865218,148.9620638865218,0.0,PASS
RECLAIM-V2-002413,RETRY_ALL,RETRY_ALL,183.5419523971221,25.0,158.5419523971221,158.5419523971221,0.0,PASS
RECLAIM-V2-002414,RETRY_ALL,RETRY_ALL,269.16354938187146,25.0,244.16354938187143,244.16354938187146,2.842170943040401e-14,PASS
RECLAIM-V2-002415,RETRY_ALL,RETRY_ALL,199.2519004980372,25.0,174.2519004980372,174.2519004980372,0.0,PASS
RECLAIM-V2-002416,RETRY_ALL,RETRY_ALL,0.0,25.0,-25.0,-25.0,0.0,PASS
RECLAIM-V2-002417,RETRY_ALL,RETRY_ALL,0.0,25.0,-25.0,-25.0,0.0,PASS
RECLAIM-V2-002418,RETRY_ALL,RETRY_ALL,29.03478610178505,25.0,4.034786101785048,4.034786101785048,0.0,PASS
RECLAIM-V2-002419,RETRY_ALL,RETRY_ALL,0.0,25.0,-25.0,-25.0,0.0,PASS
RECLAIM-V2-002420,RETRY_ALL,RETRY_ALL,16.087470637439548,25.0,-8.912529362560452,-8.912529362560452,0.0,PASS
RECLAIM-V2-002421,TARGET,MONITOR,418.6510314093904,10.0,408.6510314093904,408.6510314093904,0.0,PASS
RECLAIM-V2-002422,RETRY_ALL,RETRY_ALL,0.0,25.0,-25.0,-25.0,0.0,PASS
RECLAIM-V2-002423,RETRY_ALL,RETRY_ALL,224.1350186830697,25.0,199.1350186830697,199.1350186830697,0.0,PASS
RECLAIM-V2-002424,RETRY_ALL,RETRY_ALL,0.0,25.0,-25.0,-25.0,0.0,PASS
RECLAIM-V2-002425,RETRY_ALL,RETRY_ALL,0.0,25.0,-25.0,-25.0,0.0,PASS
RECLAIM-V2-002426,RETRY_ALL,RETRY_ALL,0.0,25.0,-25.0,-25.0,0.0,PASS
RECLAIM-V2-002427,TARGET,STANDARD_TARGET,495.1724651059182,80.0,415.1724651059182,415.1724651059182,0.0,PASS
RECLAIM-V2-002428,RETRY_ALL,RETRY_ALL,224.91348326143424,25.0,199.91348326143424,199.91348326143424,0.0,PASS
RECLAIM-V2-002429,RETRY_ALL,RETRY_ALL,134.68462872447674,25.0,109.68462872447674,109.68462872447674,0.0,PASS
RECLAIM-V2-002430,RETRY_ALL,RETRY_ALL,0.0,25.0,-25.0,-25.0,0.0,PASS
RECLAIM-V2-002431,RETRY_ALL,RETRY_ALL,372.4693645411052,25.0,347.4693645411052,347.4693645411052,0.0,PASS
RECLAIM-V2-002432,RETRY_ALL,RETRY_ALL,333.2232170116434,25.0,308.2232170116434,308.2232170116434,0.0,PASS
RECLAIM-V2-002433,RETRY_ALL,RETRY_ALL,0.0,25.0,-25.0,-25.0,0.0,PASS
RECLAIM-V2-002434,TARGET,MONITOR,423.6661990003482,10.0,413.6661990003482,413.6661990003482,0.0,PASS
RECLAIM-V2-002435,RETRY_ALL,RETRY_ALL,256.1139619248433,25.0,231.1139619248433,231.1139619248433,0.0,PASS
RECLAIM-V2-002436,RETRY_ALL,RETRY_ALL,270.5908428750992,25.0,245.5908428750992,245.5908428750992,0.0,PASS
RECLAIM-V2-002437,RETRY_ALL,RETRY_ALL,214.6834806027687,25.0,189.6834806027687,189.6834806027687,0.0,PASS
RECLAIM-V2-002438,RETRY_ALL,RETRY_ALL,195.70180718631016,25.0,170.70180718631016,170.70180718631016,0.0,PASS
RECLAIM-V2-002439,RETRY_ALL,RETRY_ALL,0.0,25.0,-25.0,-25.0,0.0,PASS
RECLAIM-V2-002440,RETRY_ALL,RETRY_ALL,0.0,25.0,-25.0,-25.0,0.0,PASS
RECLAIM-V2-002441,RETRY_ALL,RETRY_ALL,0.0,25.0,-25.0,-25.0,0.0,PASS
RECLAIM-V2-002442,RETRY_ALL,RETRY_ALL,0.0,25.0,-25.0,-25.0,0.0,PASS
RECLAIM-V2-002443,RETRY_ALL,RETRY_ALL,0.0,25.0,-25.0,-25.0,0.0,PASS
RECLAIM-V2-002444,RETRY_ALL,RETRY_ALL,0.0,25.0,-25.0,-25.0,0.0,PASS
RECLAIM-V2-002445,RETRY_ALL,RETRY_ALL,0.0,25.0,-25.0,-25.0,0.0,PASS
RECLAIM-V2-002446,RETRY_ALL,RETRY_ALL,193.11823652816204,25.0,168.11823652816204,168.11823652816204,0.0,PASS
RECLAIM-V2-002447,RETRY_ALL,RETRY_ALL,0.0,25.0,-25.0,-25.0,0.0,PASS
RECLAIM-V2-002448,RETRY_ALL,RETRY_ALL,0.0,25.0,-25.0,-25.0,0.0,PASS
RECLAIM-V2-002449,RETRY_ALL,RETRY_ALL,0.0,25.0,-25.0,-25.0,0.0,PASS
RECLAIM-V2-002450,RETRY_ALL,RETRY_ALL,0.0,25.0,-25.0,-25.0,0.0,PASS
RECLAIM-V2-002451,RETRY_ALL,RETRY_ALL,23.480410923984603,25.0,-1.5195890760153965,-1.5195890760153965,0.0,PASS
RECLAIM-V2-002452,RETRY_ALL,RETRY_ALL,312.67844545230946,25.0,287.67844545230946,287.67844545230946,0.0,PASS
RECLAIM-V2-002453,RETRY_ALL,RETRY_ALL,0.0,25.0,-25.0,-25.0,0.0,PASS
RECLAIM-V2-002454,RETRY_ALL,RETRY_ALL,0.0,25.0,-25.0,-25.0,0.0,PASS
RECLAIM-V2-002455,RETRY_ALL,RETRY_ALL,0.0,25.0,-25.0,-25.0,0.0,PASS
RECLAIM-V2-002456,RETRY_ALL,RETRY_ALL,0.0,25.0,-25.0,-25.0,0.0,PASS
RECLAIM-V2-002457,TARGET,MONITOR,400.4360710058478,10.0,390.4360710058478,390.4360710058478,0.0,PASS
RECLAIM-V2-002458,RETRY_ALL,RETRY_ALL,0.0,25.0,-25.0,-25.0,0.0,PASS
RECLAIM-V2-002459,RETRY_ALL,RETRY_ALL,44.59631179593825,25.0,19.59631179593825,19.59631179593825,0.0,PASS
RECLAIM-V2-002460,RETRY_ALL,RETRY_ALL,0.0,25.0,-25.0,-25.0,0.0,PASS
RECLAIM-V2-002461,RETRY_ALL,RETRY_ALL,315.81510336454323,25.0,290.81510336454323,290.81510336454323,0.0,PASS
RECLAIM-V2-002462,RETRY_ALL,RETRY_ALL,0.0,25.0,-25.0,-25.0,0.0,PASS
RECLAIM-V2-002463,RETRY_ALL,RETRY_ALL,272.0821444980171,25.0,247.0821444980171,247.0821444980171,0.0,PASS
RECLAIM-V2-002464,RETRY_ALL,RETRY_ALL,172.2124180895625,25.0,147.2124180895625,147.2124180895625,0.0,PASS
RECLAIM-V2-002465,RETRY_ALL,RETRY_ALL,376.6842612122941,25.0,351.6842612122941,351.6842612122941,0.0,PASS
RECLAIM-V2-002466,RETRY_ALL,RETRY_ALL,25.32692469735,25.0,0.3269246973500017,0.32692469735000174,5.551115123125783e-17,PASS
RECLAIM-V2-002467,RETRY_ALL,RETRY_ALL,275.73655062642933,25.0,250.7365506264293,250.73655062642933,2.842170943040401e-14,PASS
RECLAIM-V2-002468,RETRY_ALL,RETRY_ALL,348.3318257751324,25.0,323.3318257751324,323.3318257751324,0.0,PASS
RECLAIM-V2-002469,RETRY_ALL,RETRY_ALL,0.0,25.0,-25.0,-25.0,0.0,PASS
RECLAIM-V2-002470,RETRY_ALL,RETRY_ALL,0.0,25.0,-25.0,-25.0,0.0,PASS
RECLAIM-V2-002471,RETRY_ALL,RETRY_ALL,295.2642830692491,25.0,270.2642830692491,270.2642830692491,0.0,PASS
RECLAIM-V2-002472,RETRY_ALL,RETRY_ALL,247.63473498199244,25.0,222.63473498199244,222.63473498199244,0.0,PASS
RECLAIM-V2-002473,RETRY_ALL,RETRY_ALL,317.9434874108954,25.0,292.9434874108954,292.9434874108954,0.0,PASS
RECLAIM-V2-002474,RETRY_ALL,RETRY_ALL,229.54901973122148,25.0,204.54901973122148,204.54901973122148,0.0,PASS
RECLAIM-V2-002475,RETRY_ALL,RETRY_ALL,149.27092928314485,25.0,124.27092928314484,124.27092928314485,1.4210854715202004e-14,PASS
RECLAIM-V2-002476,RETRY_ALL,RETRY_ALL,146.6459812457466,25.0,121.6459812457466,121.64598124574661,1.4210854715202004e-14,PASS
RECLAIM-V2-002477,RETRY_ALL,RETRY_ALL,323.3338909967965,25.0,298.3338909967965,298.3338909967965,0.0,PASS
RECLAIM-V2-002478,RETRY_ALL,RETRY_ALL,358.9810174096557,25.0,333.9810174096557,333.9810174096557,0.0,PASS
RECLAIM-V2-002479,RETRY_ALL,RETRY_ALL,0.0,25.0,-25.0,-25.0,0.0,PASS
RECLAIM-V2-002480,RETRY_ALL,RETRY_ALL,0.0,25.0,-25.0,-25.0,0.0,PASS
RECLAIM-V2-002481,RETRY_ALL,RETRY_ALL,2.97154778138775,25.0,-22.02845221861225,-22.02845221861225,0.0,PASS
RECLAIM-V2-002482,RETRY_ALL,RETRY_ALL,0.0,25.0,-25.0,-25.0,0.0,PASS
RECLAIM-V2-002483,RETRY_ALL,RETRY_ALL,0.0,25.0,-25.0,-25.0,0.0,PASS
RECLAIM-V2-002484,RETRY_ALL,RETRY_ALL,299.4551925818772,25.0,274.4551925818772,274.4551925818772,0.0,PASS
RECLAIM-V2-002485,RETRY_ALL,RETRY_ALL,0.0,25.0,-25.0,-25.0,0.0,PASS
RECLAIM-V2-002486,RETRY_ALL,RETRY_ALL,0.0,25.0,-25.0,-25.0,0.0,PASS
RECLAIM-V2-002487,TARGET,LOW_INTENSITY,437.0910041842412,45.0,392.0910041842412,392.0910041842412,0.0,PASS
RECLAIM-V2-002488,RETRY_ALL,RETRY_ALL,0.0,25.0,-25.0,-25.0,0.0,PASS
RECLAIM-V2-002489,RETRY_ALL,RETRY_ALL,0.0,25.0,-25.0,-25.0,0.0,PASS
RECLAIM-V2-002490,RETRY_ALL,RETRY_ALL,257.37551002929,25.0,232.37551002929,232.37551002929,0.0,PASS
RECLAIM-V2-002491,RETRY_ALL,RETRY_ALL,227.23014709738635,25.0,202.23014709738635,202.23014709738635,0.0,PASS
RECLAIM-V2-002492,RETRY_ALL,RETRY_ALL,225.0489983636505,25.0,200.0489983636505,200.0489983636505,0.0,PASS
RECLAIM-V2-002493,RETRY_ALL,RETRY_ALL,0.0,25.0,-25.0,-25.0,0.0,PASS
RECLAIM-V2-002494,RETRY_ALL,RETRY_ALL,87.80502409096755,25.0,62.80502409096755,62.80502409096755,0.0,PASS
RECLAIM-V2-002495,RETRY_ALL,RETRY_ALL,71.80828042570904,25.0,46.80828042570904,46.80828042570904,0.0,PASS
RECLAIM-V2-002496,RETRY_ALL,RETRY_ALL,0.0,25.0,-25.0,-25.0,0.0,PASS
RECLAIM-V2-002497,RETRY_ALL,RETRY_ALL,220.17805899698013,25.0,195.17805899698013,195.17805899698013,0.0,PASS
RECLAIM-V2-002498,RETRY_ALL,RETRY_ALL,181.4478253981752,25.0,156.4478253981752,156.4478253981752,0.0,PASS
RECLAIM-V2-002499,RETRY_ALL,RETRY_ALL,126.51675114350476,25.0,101.51675114350476,101.51675114350476,0.0,PASS
RECLAIM-V2-002500,RETRY_ALL,RETRY_ALL,251.8867899701343,25.0,226.8867899701343,226.8867899701343,0.0,PASS
RECLAIM-V2-002501,RETRY_ALL,RETRY_ALL,240.32230476372763,25.0,215.32230476372763,215.32230476372763,0.0,PASS
RECLAIM-V2-002502,RETRY_ALL,RETRY_ALL,279.84781431326746,25.0,254.84781431326743,254.84781431326746,2.842170943040401e-14,PASS
RECLAIM-V2-002503,RETRY_ALL,RETRY_ALL,60.04357492124775,25.0,35.04357492124775,35.04357492124775,0.0,PASS
RECLAIM-V2-002504,RETRY_ALL,RETRY_ALL,89.07752867052766,25.0,64.07752867052766,64.07752867052766,0.0,PASS
RECLAIM-V2-002505,RETRY_ALL,RETRY_ALL,113.27866310141565,25.0,88.27866310141565,88.27866310141565,0.0,PASS
RECLAIM-V2-002506,RETRY_ALL,RETRY_ALL,25.9658906674437,25.0,0.9658906674436984,0.9658906674436984,0.0,PASS
RECLAIM-V2-002507,RETRY_ALL,RETRY_ALL,57.6507788494179,25.0,32.6507788494179,32.6507788494179,0.0,PASS
RECLAIM-V2-002508,RETRY_ALL,RETRY_ALL,301.4316976856616,25.0,276.4316976856616,276.4316976856616,0.0,PASS
RECLAIM-V2-002509,RETRY_ALL,RETRY_ALL,0.0,25.0,-25.0,-25.0,0.0,PASS
RECLAIM-V2-002510,RETRY_ALL,RETRY_ALL,0.0,25.0,-25.0,-25.0,0.0,PASS
RECLAIM-V2-002511,RETRY_ALL,RETRY_ALL,0.0,25.0,-25.0,-25.0,0.0,PASS
RECLAIM-V2-002512,TARGET,MONITOR,427.248759470826,10.0,417.248759470826,417.248759470826,0.0,PASS
RECLAIM-V2-002513,RETRY_ALL,RETRY_ALL,0.0,25.0,-25.0,-25.0,0.0,PASS
RECLAIM-V2-002514,RETRY_ALL,RETRY_ALL,254.3920625812866,25.0,229.3920625812866,229.3920625812866,0.0,PASS
RECLAIM-V2-002515,RETRY_ALL,RETRY_ALL,303.98490672944126,25.0,278.98490672944126,278.98490672944126,0.0,PASS
RECLAIM-V2-002516,RETRY_ALL,RETRY_ALL,0.0,25.0,-25.0,-25.0,0.0,PASS
RECLAIM-V2-002517,RETRY_ALL,RETRY_ALL,0.0,25.0,-25.0,-25.0,0.0,PASS
RECLAIM-V2-002518,RETRY_ALL,RETRY_ALL,0.0,25.0,-25.0,-25.0,0.0,PASS
RECLAIM-V2-002519,RETRY_ALL,RETRY_ALL,0.0,25.0,-25.0,-25.0,0.0,PASS
RECLAIM-V2-002520,RETRY_ALL,RETRY_ALL,72.07259815397386,25.0,47.07259815397386,47.07259815397386,0.0,PASS
RECLAIM-V2-002521,RETRY_ALL,RETRY_ALL,0.0,25.0,-25.0,-25.0,0.0,PASS
RECLAIM-V2-002522,TARGET,MONITOR,429.3694650366149,10.0,419.3694650366149,419.3694650366149,0.0,PASS
RECLAIM-V2-002523,RETRY_ALL,RETRY_ALL,0.0,25.0,-25.0,-25.0,0.0,PASS
RECLAIM-V2-002524,RETRY_ALL,RETRY_ALL,209.0913412914495,25.0,184.0913412914495,184.0913412914495,0.0,PASS
RECLAIM-V2-002525,RETRY_ALL,RETRY_ALL,0.0,25.0,-25.0,-25.0,0.0,PASS
RECLAIM-V2-002526,RETRY_ALL,RETRY_ALL,223.46762973372253,25.0,198.46762973372253,198.46762973372253,0.0,PASS
RECLAIM-V2-002527,RETRY_ALL,RETRY_ALL,0.0,25.0,-25.0,-25.0,0.0,PASS
RECLAIM-V2-002528,RETRY_ALL,RETRY_ALL,0.0,25.0,-25.0,-25.0,0.0,PASS
RECLAIM-V2-002529,RETRY_ALL,RETRY_ALL,0.0,25.0,-25.0,-25.0,0.0,PASS
RECLAIM-V2-002530,RETRY_ALL,RETRY_ALL,73.27049593344016,25.0,48.27049593344016,48.27049593344016,0.0,PASS
RECLAIM-V2-002531,RETRY_ALL,RETRY_ALL,0.0,25.0,-25.0,-25.0,0.0,PASS
RECLAIM-V2-002532,TARGET,LOW_INTENSITY,466.047144240852,45.0,421.047144240852,421.047144240852,0.0,PASS
RECLAIM-V2-002533,RETRY_ALL,RETRY_ALL,0.0,25.0,-25.0,-25.0,0.0,PASS
RECLAIM-V2-002534,RETRY_ALL,RETRY_ALL,0.0,25.0,-25.0,-25.0,0.0,PASS
RECLAIM-V2-002535,RETRY_ALL,RETRY_ALL,180.33923703673904,25.0,155.33923703673904,155.33923703673904,0.0,PASS
RECLAIM-V2-002536,RETRY_ALL,RETRY_ALL,0.0,25.0,-25.0,-25.0,0.0,PASS
RECLAIM-V2-002537,RETRY_ALL,RETRY_ALL,0.0,25.0,-25.0,-25.0,0.0,PASS
RECLAIM-V2-002538,RETRY_ALL,RETRY_ALL,197.1150216342708,25.0,172.1150216342708,172.1150216342708,0.0,PASS
RECLAIM-V2-002539,RETRY_ALL,RETRY_ALL,44.7589262250813,25.0,19.758926225081296,19.758926225081296,0.0,PASS
RECLAIM-V2-002540,RETRY_ALL,RETRY_ALL,142.42001684666263,25.0,117.42001684666263,117.42001684666263,0.0,PASS
RECLAIM-V2-002541,RETRY_ALL,RETRY_ALL,0.0,25.0,-25.0,-25.0,0.0,PASS
RECLAIM-V2-002542,RETRY_ALL,RETRY_ALL,0.0,25.0,-25.0,-25.0,0.0,PASS
RECLAIM-V2-002543,RETRY_ALL,RETRY_ALL,208.39189194092967,25.0,183.39189194092967,183.39189194092967,0.0,PASS
RECLAIM-V2-002544,RETRY_ALL,RETRY_ALL,0.0,25.0,-25.0,-25.0,0.0,PASS
RECLAIM-V2-002545,RETRY_ALL,RETRY_ALL,0.0,25.0,-25.0,-25.0,0.0,PASS
RECLAIM-V2-002546,RETRY_ALL,RETRY_ALL,0.0,25.0,-25.0,-25.0,0.0,PASS
RECLAIM-V2-002547,RETRY_ALL,RETRY_ALL,99.35836654863093,25.0,74.35836654863093,74.35836654863093,0.0,PASS
RECLAIM-V2-002548,RETRY_ALL,RETRY_ALL,370.65788599071374,25.0,345.65788599071374,345.65788599071374,0.0,PASS
RECLAIM-V2-002549,RETRY_ALL,RETRY_ALL,128.81643089400856,25.0,103.81643089400856,103.81643089400856,0.0,PASS
RECLAIM-V2-002550,TARGET,HIGH_INTENSITY,634.6603676937942,120.0,514.6603676937942,514.6603676937942,0.0,PASS
RECLAIM-V2-002551,RETRY_ALL,RETRY_ALL,297.7093088024106,25.0,272.7093088024106,272.7093088024106,0.0,PASS
RECLAIM-V2-002552,RETRY_ALL,RETRY_ALL,77.97135692999775,25.0,52.97135692999776,52.971356929997754,-7.105427357601002e-15,PASS
RECLAIM-V2-002553,RETRY_ALL,RETRY_ALL,0.0,25.0,-25.0,-25.0,0.0,PASS
RECLAIM-V2-002554,RETRY_ALL,RETRY_ALL,367.5565387200459,25.0,342.5565387200459,342.5565387200459,0.0,PASS
RECLAIM-V2-002555,RETRY_ALL,RETRY_ALL,0.0,25.0,-25.0,-25.0,0.0,PASS
RECLAIM-V2-002556,RETRY_ALL,RETRY_ALL,0.0,25.0,-25.0,-25.0,0.0,PASS
RECLAIM-V2-002557,RETRY_ALL,RETRY_ALL,34.022048468482346,25.0,9.022048468482346,9.022048468482346,0.0,PASS
RECLAIM-V2-002558,RETRY_ALL,RETRY_ALL,179.71869481738815,25.0,154.71869481738815,154.71869481738815,0.0,PASS
RECLAIM-V2-002559,RETRY_ALL,RETRY_ALL,0.0,25.0,-25.0,-25.0,0.0,PASS
RECLAIM-V2-002560,RETRY_ALL,RETRY_ALL,2.3548812105369,25.0,-22.6451187894631,-22.6451187894631,0.0,PASS
RECLAIM-V2-002561,RETRY_ALL,RETRY_ALL,326.08915520872694,25.0,301.08915520872694,301.08915520872694,0.0,PASS
RECLAIM-V2-002562,RETRY_ALL,RETRY_ALL,0.0,25.0,-25.0,-25.0,0.0,PASS
RECLAIM-V2-002563,RETRY_ALL,RETRY_ALL,0.0,25.0,-25.0,-25.0,0.0,PASS
RECLAIM-V2-002564,RETRY_ALL,RETRY_ALL,339.88196171939296,25.0,314.88196171939296,314.88196171939296,0.0,PASS
RECLAIM-V2-002565,RETRY_ALL,RETRY_ALL,0.0,25.0,-25.0,-25.0,0.0,PASS
RECLAIM-V2-002566,RETRY_ALL,RETRY_ALL,159.1247734154139,25.0,134.1247734154139,134.1247734154139,0.0,PASS
RECLAIM-V2-002567,RETRY_ALL,RETRY_ALL,220.0701760135461,25.0,195.0701760135461,195.0701760135461,0.0,PASS
RECLAIM-V2-002568,RETRY_ALL,RETRY_ALL,6.8146954701798,25.0,-18.1853045298202,-18.1853045298202,0.0,PASS
RECLAIM-V2-002569,RETRY_ALL,RETRY_ALL,139.45627901393175,25.0,114.45627901393176,114.45627901393175,-1.4210854715202004e-14,PASS
RECLAIM-V2-002570,RETRY_ALL,RETRY_ALL,2.9398006524697498,25.0,-22.06019934753025,-22.06019934753025,0.0,PASS
RECLAIM-V2-002571,RETRY_ALL,RETRY_ALL,0.0,25.0,-25.0,-25.0,0.0,PASS
RECLAIM-V2-002572,RETRY_ALL,RETRY_ALL,0.0,25.0,-25.0,-25.0,0.0,PASS
RECLAIM-V2-002573,RETRY_ALL,RETRY_ALL,0.0,25.0,-25.0,-25.0,0.0,PASS
RECLAIM-V2-002574,RETRY_ALL,RETRY_ALL,31.16448741898125,25.0,6.164487418981249,6.164487418981249,0.0,PASS
RECLAIM-V2-002575,RETRY_ALL,RETRY_ALL,234.0147556147365,25.0,209.0147556147365,209.0147556147365,0.0,PASS
RECLAIM-V2-002576,RETRY_ALL,RETRY_ALL,138.3687547144566,25.0,113.3687547144566,113.3687547144566,0.0,PASS
RECLAIM-V2-002577,RETRY_ALL,RETRY_ALL,68.0008003939176,25.0,43.0008003939176,43.0008003939176,0.0,PASS
RECLAIM-V2-002578,RETRY_ALL,RETRY_ALL,172.07128251153284,25.0,147.07128251153284,147.07128251153284,0.0,PASS
RECLAIM-V2-002579,RETRY_ALL,RETRY_ALL,154.6150986820371,25.0,129.6150986820371,129.6150986820371,0.0,PASS
RECLAIM-V2-002580,RETRY_ALL,RETRY_ALL,218.21468506128107,25.0,193.21468506128107,193.21468506128107,0.0,PASS
RECLAIM-V2-002581,RETRY_ALL,RETRY_ALL,16.85730385996455,25.0,-8.14269614003545,-8.14269614003545,0.0,PASS
RECLAIM-V2-002582,RETRY_ALL,RETRY_ALL,30.794786339557803,25.0,5.7947863395578025,5.7947863395578025,0.0,PASS
RECLAIM-V2-002583,RETRY_ALL,RETRY_ALL,0.0,25.0,-25.0,-25.0,0.0,PASS
RECLAIM-V2-002584,RETRY_ALL,RETRY_ALL,227.4973805914959,25.0,202.4973805914959,202.4973805914959,0.0,PASS
RECLAIM-V2-002585,RETRY_ALL,RETRY_ALL,172.51722871857496,25.0,147.51722871857496,147.51722871857496,0.0,PASS
RECLAIM-V2-002586,RETRY_ALL,RETRY_ALL,72.32290368505035,25.0,47.32290368505035,47.32290368505035,0.0,PASS
RECLAIM-V2-002587,RETRY_ALL,RETRY_ALL,0.0,25.0,-25.0,-25.0,0.0,PASS
RECLAIM-V2-002588,RETRY_ALL,RETRY_ALL,328.7330953174815,25.0,303.7330953174815,303.7330953174815,0.0,PASS
RECLAIM-V2-002589,RETRY_ALL,RETRY_ALL,0.0,25.0,-25.0,-25.0,0.0,PASS
RECLAIM-V2-002590,RETRY_ALL,RETRY_ALL,0.0,25.0,-25.0,-25.0,0.0,PASS
RECLAIM-V2-002591,RETRY_ALL,RETRY_ALL,35.37245938104315,25.0,10.37245938104315,10.37245938104315,0.0,PASS
RECLAIM-V2-002592,RETRY_ALL,RETRY_ALL,322.8268088771883,25.0,297.8268088771883,297.8268088771883,0.0,PASS
RECLAIM-V2-002593,RETRY_ALL,RETRY_ALL,3.18741318066915,25.0,-21.81258681933085,-21.81258681933085,0.0,PASS
RECLAIM-V2-002594,RETRY_ALL,RETRY_ALL,0.0,25.0,-25.0,-25.0,0.0,PASS
RECLAIM-V2-002595,RETRY_ALL,RETRY_ALL,0.0,25.0,-25.0,-25.0,0.0,PASS
RECLAIM-V2-002596,RETRY_ALL,RETRY_ALL,0.0,25.0,-25.0,-25.0,0.0,PASS
RECLAIM-V2-002597,RETRY_ALL,RETRY_ALL,0.0,25.0,-25.0,-25.0,0.0,PASS
RECLAIM-V2-002598,RETRY_ALL,RETRY_ALL,7.224236175044699,25.0,-17.775763824955302,-17.775763824955302,0.0,PASS
RECLAIM-V2-002599,RETRY_ALL,RETRY_ALL,189.7271443942245,25.0,164.7271443942245,164.7271443942245,0.0,PASS
RECLAIM-V2-002600,RETRY_ALL,RETRY_ALL,321.7208131900894,25.0,296.7208131900894,296.7208131900894,0.0,PASS
RECLAIM-V2-002601,RETRY_ALL,RETRY_ALL,21.6957654513627,25.0,-3.3042345486373,-3.3042345486373,0.0,PASS
RECLAIM-V2-002602,RETRY_ALL,RETRY_ALL,0.0,25.0,-25.0,-25.0,0.0,PASS
RECLAIM-V2-002603,RETRY_ALL,RETRY_ALL,0.0,25.0,-25.0,-25.0,0.0,PASS
RECLAIM-V2-002604,RETRY_ALL,RETRY_ALL,0.0,25.0,-25.0,-25.0,0.0,PASS
RECLAIM-V2-002605,RETRY_ALL,RETRY_ALL,281.4716334066543,25.0,256.4716334066543,256.4716334066543,0.0,PASS
RECLAIM-V2-002606,RETRY_ALL,RETRY_ALL,163.2170569683648,25.0,138.2170569683648,138.2170569683648,0.0,PASS
RECLAIM-V2-002607,RETRY_ALL,RETRY_ALL,28.312120843897947,25.0,3.312120843897948,3.3121208438979473,-8.881784197001252e-16,PASS
RECLAIM-V2-002608,RETRY_ALL,RETRY_ALL,213.06824050086075,25.0,188.06824050086075,188.06824050086075,0.0,PASS
RECLAIM-V2-002609,RETRY_ALL,RETRY_ALL,206.1301591428855,25.0,181.1301591428855,181.1301591428855,0.0,PASS
RECLAIM-V2-002610,RETRY_ALL,RETRY_ALL,0.0,25.0,-25.0,-25.0,0.0,PASS
RECLAIM-V2-002611,TARGET,HIGH_INTENSITY,636.0326914040885,120.0,516.0326914040885,516.0326914040885,0.0,PASS
RECLAIM-V2-002612,RETRY_ALL,RETRY_ALL,1.7157804545829,25.0,-23.2842195454171,-23.2842195454171,0.0,PASS
RECLAIM-V2-002613,RETRY_ALL,RETRY_ALL,277.903590393339,25.0,252.90359039333904,252.90359039333902,-2.842170943040401e-14,PASS
RECLAIM-V2-002614,RETRY_ALL,RETRY_ALL,0.0,25.0,-25.0,-25.0,0.0,PASS
RECLAIM-V2-002615,RETRY_ALL,RETRY_ALL,24.826249137571352,25.0,-0.1737508624286476,-0.17375086242864768,-8.326672684688674e-17,PASS
RECLAIM-V2-002616,RETRY_ALL,RETRY_ALL,0.0,25.0,-25.0,-25.0,0.0,PASS
RECLAIM-V2-002617,RETRY_ALL,RETRY_ALL,111.04928950585423,25.0,86.04928950585423,86.04928950585423,0.0,PASS
RECLAIM-V2-002618,RETRY_ALL,RETRY_ALL,231.6184669028113,25.0,206.6184669028113,206.6184669028113,0.0,PASS
RECLAIM-V2-002619,RETRY_ALL,RETRY_ALL,0.0,25.0,-25.0,-25.0,0.0,PASS
RECLAIM-V2-002620,RETRY_ALL,RETRY_ALL,26.70874685076555,25.0,1.70874685076555,1.70874685076555,0.0,PASS
RECLAIM-V2-002621,RETRY_ALL,RETRY_ALL,81.24616525617495,25.0,56.24616525617495,56.24616525617495,0.0,PASS
RECLAIM-V2-002622,RETRY_ALL,RETRY_ALL,0.0,25.0,-25.0,-25.0,0.0,PASS
RECLAIM-V2-002623,RETRY_ALL,RETRY_ALL,219.92032760761484,25.0,194.92032760761484,194.92032760761484,0.0,PASS
RECLAIM-V2-002624,RETRY_ALL,RETRY_ALL,0.0,25.0,-25.0,-25.0,0.0,PASS
RECLAIM-V2-002625,RETRY_ALL,RETRY_ALL,107.50038302386636,25.0,82.50038302386636,82.50038302386636,0.0,PASS
RECLAIM-V2-002626,RETRY_ALL,RETRY_ALL,40.19430395853015,25.0,15.19430395853015,15.19430395853015,0.0,PASS
RECLAIM-V2-002627,RETRY_ALL,RETRY_ALL,24.4166328135195,25.0,-0.5833671864805012,-0.5833671864805012,0.0,PASS
RECLAIM-V2-002628,RETRY_ALL,RETRY_ALL,0.0,25.0,-25.0,-25.0,0.0,PASS
RECLAIM-V2-002629,RETRY_ALL,RETRY_ALL,0.0,25.0,-25.0,-25.0,0.0,PASS
RECLAIM-V2-002630,RETRY_ALL,RETRY_ALL,0.0,25.0,-25.0,-25.0,0.0,PASS
RECLAIM-V2-002631,RETRY_ALL,RETRY_ALL,0.0,25.0,-25.0,-25.0,0.0,PASS
RECLAIM-V2-002632,RETRY_ALL,RETRY_ALL,0.0,25.0,-25.0,-25.0,0.0,PASS
RECLAIM-V2-002633,TARGET,MONITOR,418.38564471583015,10.0,408.38564471583015,408.38564471583015,0.0,PASS
RECLAIM-V2-002634,RETRY_ALL,RETRY_ALL,14.59110733965615,25.0,-10.40889266034385,-10.40889266034385,0.0,PASS
RECLAIM-V2-002635,RETRY_ALL,RETRY_ALL,154.7541846496707,25.0,129.7541846496707,129.7541846496707,0.0,PASS
RECLAIM-V2-002636,RETRY_ALL,RETRY_ALL,0.0,25.0,-25.0,-25.0,0.0,PASS
RECLAIM-V2-002637,RETRY_ALL,RETRY_ALL,0.0,25.0,-25.0,-25.0,0.0,PASS
RECLAIM-V2-002638,RETRY_ALL,RETRY_ALL,0.0,25.0,-25.0,-25.0,0.0,PASS
RECLAIM-V2-002639,RETRY_ALL,RETRY_ALL,105.70371206340045,25.0,80.70371206340045,80.70371206340045,0.0,PASS
RECLAIM-V2-002640,RETRY_ALL,RETRY_ALL,30.5305410918681,25.0,5.530541091868098,5.530541091868098,0.0,PASS
RECLAIM-V2-002641,RETRY_ALL,RETRY_ALL,237.07465129812104,25.0,212.07465129812104,212.07465129812104,0.0,PASS
RECLAIM-V2-002642,RETRY_ALL,RETRY_ALL,324.1141846738221,25.0,299.1141846738221,299.1141846738221,0.0,PASS
RECLAIM-V2-002643,RETRY_ALL,RETRY_ALL,69.21859756155224,25.0,44.21859756155224,44.218597561552244,7.105427357601002e-15,PASS
RECLAIM-V2-002644,RETRY_ALL,RETRY_ALL,0.0,25.0,-25.0,-25.0,0.0,PASS
RECLAIM-V2-002645,RETRY_ALL,RETRY_ALL,0.0,25.0,-25.0,-25.0,0.0,PASS
RECLAIM-V2-002646,RETRY_ALL,RETRY_ALL,0.0,25.0,-25.0,-25.0,0.0,PASS
RECLAIM-V2-002647,RETRY_ALL,RETRY_ALL,0.0,25.0,-25.0,-25.0,0.0,PASS
RECLAIM-V2-002648,RETRY_ALL,RETRY_ALL,33.6107861467548,25.0,8.610786146754798,8.610786146754798,0.0,PASS
RECLAIM-V2-002649,RETRY_ALL,RETRY_ALL,273.4275096811155,25.0,248.4275096811155,248.4275096811155,0.0,PASS
RECLAIM-V2-002650,RETRY_ALL,RETRY_ALL,223.1071480896147,25.0,198.1071480896147,198.1071480896147,0.0,PASS
RECLAIM-V2-002651,RETRY_ALL,RETRY_ALL,3.9330891158989503,25.0,-21.06691088410105,-21.06691088410105,0.0,PASS
RECLAIM-V2-002652,RETRY_ALL,RETRY_ALL,0.0,25.0,-25.0,-25.0,0.0,PASS
RECLAIM-V2-002653,RETRY_ALL,RETRY_ALL,0.0,25.0,-25.0,-25.0,0.0,PASS
RECLAIM-V2-002654,RETRY_ALL,RETRY_ALL,0.0,25.0,-25.0,-25.0,0.0,PASS
RECLAIM-V2-002655,RETRY_ALL,RETRY_ALL,0.0,25.0,-25.0,-25.0,0.0,PASS
RECLAIM-V2-002656,RETRY_ALL,RETRY_ALL,0.0,25.0,-25.0,-25.0,0.0,PASS
RECLAIM-V2-002657,RETRY_ALL,RETRY_ALL,0.0,25.0,-25.0,-25.0,0.0,PASS
RECLAIM-V2-002658,RETRY_ALL,RETRY_ALL,0.0,25.0,-25.0,-25.0,0.0,PASS
RECLAIM-V2-002659,RETRY_ALL,RETRY_ALL,0.0,25.0,-25.0,-25.0,0.0,PASS
RECLAIM-V2-002660,RETRY_ALL,RETRY_ALL,224.52053864512607,25.0,199.52053864512607,199.52053864512607,0.0,PASS
RECLAIM-V2-002661,RETRY_ALL,RETRY_ALL,172.85407168481024,25.0,147.85407168481024,147.85407168481024,0.0,PASS
RECLAIM-V2-002662,RETRY_ALL,RETRY_ALL,206.378753035532,25.0,181.378753035532,181.378753035532,0.0,PASS
RECLAIM-V2-002663,RETRY_ALL,RETRY_ALL,317.59245698074426,25.0,292.59245698074426,292.59245698074426,0.0,PASS
RECLAIM-V2-002664,RETRY_ALL,RETRY_ALL,275.80339162597903,25.0,250.80339162597903,250.80339162597903,0.0,PASS
RECLAIM-V2-002665,RETRY_ALL,RETRY_ALL,0.0,25.0,-25.0,-25.0,0.0,PASS
RECLAIM-V2-002666,RETRY_ALL,RETRY_ALL,0.0,25.0,-25.0,-25.0,0.0,PASS
RECLAIM-V2-002667,RETRY_ALL,RETRY_ALL,84.15137823864,25.0,59.15137823864001,59.15137823864001,0.0,PASS
RECLAIM-V2-002668,RETRY_ALL,RETRY_ALL,347.32126515244875,25.0,322.32126515244875,322.32126515244875,0.0,PASS
RECLAIM-V2-002669,RETRY_ALL,RETRY_ALL,28.4595656269746,25.0,3.4595656269746016,3.4595656269746016,0.0,PASS
RECLAIM-V2-002670,RETRY_ALL,RETRY_ALL,0.0,25.0,-25.0,-25.0,0.0,PASS
RECLAIM-V2-002671,RETRY_ALL,RETRY_ALL,0.0,25.0,-25.0,-25.0,0.0,PASS
RECLAIM-V2-002672,RETRY_ALL,RETRY_ALL,30.2994082842921,25.0,5.299408284292099,5.299408284292099,0.0,PASS
RECLAIM-V2-002673,RETRY_ALL,RETRY_ALL,55.2197207389896,25.0,30.2197207389896,30.2197207389896,0.0,PASS
RECLAIM-V2-002674,RETRY_ALL,RETRY_ALL,0.0,25.0,-25.0,-25.0,0.0,PASS
RECLAIM-V2-002675,RETRY_ALL,RETRY_ALL,0.0,25.0,-25.0,-25.0,0.0,PASS
RECLAIM-V2-002676,RETRY_ALL,RETRY_ALL,69.8500989145524,25.0,44.8500989145524,44.850098914552404,7.105427357601002e-15,PASS
RECLAIM-V2-002677,RETRY_ALL,RETRY_ALL,232.67500437839084,25.0,207.67500437839084,207.67500437839084,0.0,PASS
RECLAIM-V2-002678,RETRY_ALL,RETRY_ALL,152.84171728195935,25.0,127.84171728195936,127.84171728195935,-1.4210854715202004e-14,PASS
RECLAIM-V2-002679,RETRY_ALL,RETRY_ALL,150.1733665199001,25.0,125.1733665199001,125.1733665199001,0.0,PASS
RECLAIM-V2-002680,RETRY_ALL,RETRY_ALL,385.2522639930213,25.0,360.2522639930213,360.2522639930213,0.0,PASS
RECLAIM-V2-002681,RETRY_ALL,RETRY_ALL,0.0,25.0,-25.0,-25.0,0.0,PASS
RECLAIM-V2-002682,RETRY_ALL,RETRY_ALL,0.0,25.0,-25.0,-25.0,0.0,PASS
RECLAIM-V2-002683,RETRY_ALL,RETRY_ALL,247.31181683624413,25.0,222.31181683624413,222.31181683624413,0.0,PASS
RECLAIM-V2-002684,RETRY_ALL,RETRY_ALL,0.0,25.0,-25.0,-25.0,0.0,PASS
RECLAIM-V2-002685,RETRY_ALL,RETRY_ALL,236.34759545258552,25.0,211.34759545258552,211.34759545258552,0.0,PASS
RECLAIM-V2-002686,RETRY_ALL,RETRY_ALL,5.7551219050731,25.0,-19.2448780949269,-19.2448780949269,0.0,PASS
RECLAIM-V2-002687,RETRY_ALL,RETRY_ALL,64.52221082052449,25.0,39.52221082052449,39.52221082052449,0.0,PASS
RECLAIM-V2-002688,RETRY_ALL,RETRY_ALL,0.0,25.0,-25.0,-25.0,0.0,PASS
RECLAIM-V2-002689,RETRY_ALL,RETRY_ALL,9.669257642418753,25.0,-15.330742357581247,-15.330742357581247,0.0,PASS
RECLAIM-V2-002690,RETRY_ALL,RETRY_ALL,0.0,25.0,-25.0,-25.0,0.0,PASS
RECLAIM-V2-002691,RETRY_ALL,RETRY_ALL,0.0,25.0,-25.0,-25.0,0.0,PASS
RECLAIM-V2-002692,RETRY_ALL,RETRY_ALL,127.6940461170453,25.0,102.6940461170453,102.6940461170453,0.0,PASS
RECLAIM-V2-002693,RETRY_ALL,RETRY_ALL,62.21752132019429,25.0,37.21752132019429,37.21752132019429,0.0,PASS
RECLAIM-V2-002694,RETRY_ALL,RETRY_ALL,0.0,25.0,-25.0,-25.0,0.0,PASS
RECLAIM-V2-002695,RETRY_ALL,RETRY_ALL,0.0,25.0,-25.0,-25.0,0.0,PASS
RECLAIM-V2-002696,TARGET,STANDARD_TARGET,521.3974444046713,80.0,441.3974444046713,441.3974444046713,0.0,PASS
RECLAIM-V2-002697,RETRY_ALL,RETRY_ALL,125.72090906027655,25.0,100.72090906027655,100.72090906027655,0.0,PASS
RECLAIM-V2-002698,RETRY_ALL,RETRY_ALL,0.0,25.0,-25.0,-25.0,0.0,PASS
RECLAIM-V2-002699,RETRY_ALL,RETRY_ALL,58.95619479275655,25.0,33.95619479275655,33.95619479275655,0.0,PASS
RECLAIM-V2-002700,RETRY_ALL,RETRY_ALL,326.12033591013915,25.0,301.12033591013915,301.12033591013915,0.0,PASS
RECLAIM-V2-002701,RETRY_ALL,RETRY_ALL,0.0,25.0,-25.0,-25.0,0.0,PASS
RECLAIM-V2-002702,TARGET,LOW_INTENSITY,463.0840318396829,45.0,418.0840318396829,418.0840318396829,0.0,PASS
RECLAIM-V2-002703,RETRY_ALL,RETRY_ALL,140.9515971794958,25.0,115.9515971794958,115.95159717949579,-1.4210854715202004e-14,PASS
RECLAIM-V2-002704,RETRY_ALL,RETRY_ALL,358.1431555829331,25.0,333.1431555829331,333.1431555829331,0.0,PASS
RECLAIM-V2-002705,RETRY_ALL,RETRY_ALL,0.0,25.0,-25.0,-25.0,0.0,PASS
RECLAIM-V2-002706,RETRY_ALL,RETRY_ALL,0.0,25.0,-25.0,-25.0,0.0,PASS
RECLAIM-V2-002707,RETRY_ALL,RETRY_ALL,222.3127121462979,25.0,197.3127121462979,197.3127121462979,0.0,PASS
RECLAIM-V2-002708,RETRY_ALL,RETRY_ALL,53.4249212030907,25.0,28.424921203090697,28.424921203090697,0.0,PASS
RECLAIM-V2-002709,RETRY_ALL,RETRY_ALL,303.5830822389717,25.0,278.5830822389717,278.5830822389717,0.0,PASS
RECLAIM-V2-002710,RETRY_ALL,RETRY_ALL,0.0,25.0,-25.0,-25.0,0.0,PASS
RECLAIM-V2-002711,RETRY_ALL,RETRY_ALL,118.9008295364745,25.0,93.9008295364745,93.9008295364745,0.0,PASS
RECLAIM-V2-002712,RETRY_ALL,RETRY_ALL,174.73349282436524,25.0,149.73349282436524,149.73349282436524,0.0,PASS
RECLAIM-V2-002713,RETRY_ALL,RETRY_ALL,0.0,25.0,-25.0,-25.0,0.0,PASS
RECLAIM-V2-002714,RETRY_ALL,RETRY_ALL,294.3374738182104,25.0,269.3374738182104,269.3374738182104,0.0,PASS
RECLAIM-V2-002715,RETRY_ALL,RETRY_ALL,0.0,25.0,-25.0,-25.0,0.0,PASS
RECLAIM-V2-002716,RETRY_ALL,RETRY_ALL,0.0,25.0,-25.0,-25.0,0.0,PASS
RECLAIM-V2-002717,RETRY_ALL,RETRY_ALL,0.0,25.0,-25.0,-25.0,0.0,PASS
RECLAIM-V2-002718,RETRY_ALL,RETRY_ALL,0.0,25.0,-25.0,-25.0,0.0,PASS
RECLAIM-V2-002719,RETRY_ALL,RETRY_ALL,107.58591759215967,25.0,82.58591759215967,82.58591759215967,0.0,PASS
RECLAIM-V2-002720,RETRY_ALL,RETRY_ALL,0.0,25.0,-25.0,-25.0,0.0,PASS
RECLAIM-V2-002721,RETRY_ALL,RETRY_ALL,293.94758221925343,25.0,268.94758221925343,268.94758221925343,0.0,PASS
RECLAIM-V2-002722,RETRY_ALL,RETRY_ALL,107.14363429071182,25.0,82.14363429071182,82.14363429071182,0.0,PASS
RECLAIM-V2-002723,RETRY_ALL,RETRY_ALL,0.0,25.0,-25.0,-25.0,0.0,PASS
RECLAIM-V2-002724,RETRY_ALL,RETRY_ALL,0.0,25.0,-25.0,-25.0,0.0,PASS
RECLAIM-V2-002725,RETRY_ALL,RETRY_ALL,211.93820835721965,25.0,186.93820835721965,186.93820835721965,0.0,PASS
RECLAIM-V2-002726,RETRY_ALL,RETRY_ALL,0.0,25.0,-25.0,-25.0,0.0,PASS
RECLAIM-V2-002727,RETRY_ALL,RETRY_ALL,0.0,25.0,-25.0,-25.0,0.0,PASS
RECLAIM-V2-002728,RETRY_ALL,RETRY_ALL,9.5761786710966,25.0,-15.4238213289034,-15.4238213289034,0.0,PASS
RECLAIM-V2-002729,RETRY_ALL,RETRY_ALL,110.8610226836637,25.0,85.8610226836637,85.8610226836637,0.0,PASS
RECLAIM-V2-002730,RETRY_ALL,RETRY_ALL,179.0299617605364,25.0,154.0299617605364,154.0299617605364,0.0,PASS
RECLAIM-V2-002731,RETRY_ALL,RETRY_ALL,77.3064847995192,25.0,52.3064847995192,52.3064847995192,0.0,PASS
RECLAIM-V2-002732,RETRY_ALL,RETRY_ALL,227.4205070878764,25.0,202.4205070878764,202.4205070878764,0.0,PASS
RECLAIM-V2-002733,RETRY_ALL,RETRY_ALL,0.0,25.0,-25.0,-25.0,0.0,PASS
RECLAIM-V2-002734,RETRY_ALL,RETRY_ALL,124.3861195077078,25.0,99.3861195077078,99.3861195077078,0.0,PASS
RECLAIM-V2-002735,RETRY_ALL,RETRY_ALL,0.0,25.0,-25.0,-25.0,0.0,PASS
RECLAIM-V2-002736,RETRY_ALL,RETRY_ALL,0.0,25.0,-25.0,-25.0,0.0,PASS
RECLAIM-V2-002737,RETRY_ALL,RETRY_ALL,0.0,25.0,-25.0,-25.0,0.0,PASS
RECLAIM-V2-002738,RETRY_ALL,RETRY_ALL,111.99378453707835,25.0,86.99378453707835,86.99378453707835,0.0,PASS
RECLAIM-V2-002739,RETRY_ALL,RETRY_ALL,0.0,25.0,-25.0,-25.0,0.0,PASS
RECLAIM-V2-002740,RETRY_ALL,RETRY_ALL,175.48273817279625,25.0,150.48273817279625,150.48273817279625,0.0,PASS
RECLAIM-V2-002741,RETRY_ALL,RETRY_ALL,0.0,25.0,-25.0,-25.0,0.0,PASS
RECLAIM-V2-002742,RETRY_ALL,RETRY_ALL,43.4921179451739,25.0,18.492117945173906,18.492117945173902,-3.552713678800501e-15,PASS
RECLAIM-V2-002743,RETRY_ALL,RETRY_ALL,0.0,25.0,-25.0,-25.0,0.0,PASS
RECLAIM-V2-002744,RETRY_ALL,RETRY_ALL,0.0,25.0,-25.0,-25.0,0.0,PASS
RECLAIM-V2-002745,RETRY_ALL,RETRY_ALL,267.7003115859933,25.0,242.7003115859933,242.7003115859933,0.0,PASS
RECLAIM-V2-002746,TARGET,LOW_INTENSITY,432.3947179315417,45.0,387.3947179315417,387.3947179315417,0.0,PASS
RECLAIM-V2-002747,RETRY_ALL,RETRY_ALL,130.1956928729985,25.0,105.1956928729985,105.1956928729985,0.0,PASS
RECLAIM-V2-002748,RETRY_ALL,RETRY_ALL,173.04472069526173,25.0,148.04472069526173,148.04472069526173,0.0,PASS
RECLAIM-V2-002749,RETRY_ALL,RETRY_ALL,0.0,25.0,-25.0,-25.0,0.0,PASS
RECLAIM-V2-002750,RETRY_ALL,RETRY_ALL,165.2209817361627,25.0,140.2209817361627,140.2209817361627,0.0,PASS
RECLAIM-V2-002751,TARGET,MONITOR,389.604302568193,10.0,379.604302568193,379.604302568193,0.0,PASS
RECLAIM-V2-002752,TARGET,LOW_INTENSITY,433.7670789015417,45.0,388.7670789015417,388.7670789015417,0.0,PASS
RECLAIM-V2-002753,RETRY_ALL,RETRY_ALL,0.0,25.0,-25.0,-25.0,0.0,PASS
RECLAIM-V2-002754,RETRY_ALL,RETRY_ALL,337.87951779470563,25.0,312.87951779470563,312.87951779470563,0.0,PASS
RECLAIM-V2-002755,RETRY_ALL,RETRY_ALL,0.0,25.0,-25.0,-25.0,0.0,PASS
RECLAIM-V2-002756,RETRY_ALL,RETRY_ALL,6.967650252827251,25.0,-18.03234974717275,-18.03234974717275,0.0,PASS
RECLAIM-V2-002757,RETRY_ALL,RETRY_ALL,0.0,25.0,-25.0,-25.0,0.0,PASS
RECLAIM-V2-002758,RETRY_ALL,RETRY_ALL,0.0,25.0,-25.0,-25.0,0.0,PASS
RECLAIM-V2-002759,RETRY_ALL,RETRY_ALL,136.51643999683097,25.0,111.51643999683095,111.51643999683097,1.4210854715202004e-14,PASS
RECLAIM-V2-002760,RETRY_ALL,RETRY_ALL,233.9214079858453,25.0,208.9214079858453,208.9214079858453,0.0,PASS
RECLAIM-V2-002761,RETRY_ALL,RETRY_ALL,0.0,25.0,-25.0,-25.0,0.0,PASS
RECLAIM-V2-002762,RETRY_ALL,RETRY_ALL,371.0727837454909,25.0,346.0727837454909,346.0727837454909,0.0,PASS
RECLAIM-V2-002763,RETRY_ALL,RETRY_ALL,0.0,25.0,-25.0,-25.0,0.0,PASS
RECLAIM-V2-002764,RETRY_ALL,RETRY_ALL,116.34911078284966,25.0,91.34911078284966,91.34911078284966,0.0,PASS
RECLAIM-V2-002765,RETRY_ALL,RETRY_ALL,0.0,25.0,-25.0,-25.0,0.0,PASS
RECLAIM-V2-002766,RETRY_ALL,RETRY_ALL,0.0,25.0,-25.0,-25.0,0.0,PASS
RECLAIM-V2-002767,RETRY_ALL,RETRY_ALL,0.0,25.0,-25.0,-25.0,0.0,PASS
RECLAIM-V2-002768,RETRY_ALL,RETRY_ALL,0.0,25.0,-25.0,-25.0,0.0,PASS
RECLAIM-V2-002769,RETRY_ALL,RETRY_ALL,231.4956980281263,25.0,206.4956980281263,206.4956980281263,0.0,PASS
RECLAIM-V2-002770,RETRY_ALL,RETRY_ALL,238.0155632199138,25.0,213.0155632199138,213.0155632199138,0.0,PASS
RECLAIM-V2-002771,RETRY_ALL,RETRY_ALL,0.0,25.0,-25.0,-25.0,0.0,PASS
RECLAIM-V2-002772,RETRY_ALL,RETRY_ALL,0.0,25.0,-25.0,-25.0,0.0,PASS
RECLAIM-V2-002773,RETRY_ALL,RETRY_ALL,0.0,25.0,-25.0,-25.0,0.0,PASS
RECLAIM-V2-002774,RETRY_ALL,RETRY_ALL,0.0,25.0,-25.0,-25.0,0.0,PASS
RECLAIM-V2-002775,RETRY_ALL,RETRY_ALL,306.65427458621326,25.0,281.65427458621326,281.65427458621326,0.0,PASS
RECLAIM-V2-002776,RETRY_ALL,RETRY_ALL,0.0,25.0,-25.0,-25.0,0.0,PASS
RECLAIM-V2-002777,RETRY_ALL,RETRY_ALL,0.0,25.0,-25.0,-25.0,0.0,PASS
RECLAIM-V2-002778,RETRY_ALL,RETRY_ALL,0.0,25.0,-25.0,-25.0,0.0,PASS
RECLAIM-V2-002779,RETRY_ALL,RETRY_ALL,0.0,25.0,-25.0,-25.0,0.0,PASS
RECLAIM-V2-002780,RETRY_ALL,RETRY_ALL,353.64125371478326,25.0,328.64125371478326,328.64125371478326,0.0,PASS
RECLAIM-V2-002781,RETRY_ALL,RETRY_ALL,255.413707495112,25.0,230.413707495112,230.413707495112,0.0,PASS
RECLAIM-V2-002782,RETRY_ALL,RETRY_ALL,0.0,25.0,-25.0,-25.0,0.0,PASS
RECLAIM-V2-002783,RETRY_ALL,RETRY_ALL,39.70371270540585,25.0,14.703712705405849,14.703712705405849,0.0,PASS
RECLAIM-V2-002784,RETRY_ALL,RETRY_ALL,0.0,25.0,-25.0,-25.0,0.0,PASS
RECLAIM-V2-002785,RETRY_ALL,RETRY_ALL,212.2627082221149,25.0,187.2627082221149,187.2627082221149,0.0,PASS
RECLAIM-V2-002786,RETRY_ALL,RETRY_ALL,0.0,25.0,-25.0,-25.0,0.0,PASS
RECLAIM-V2-002787,RETRY_ALL,RETRY_ALL,0.0,25.0,-25.0,-25.0,0.0,PASS
RECLAIM-V2-002788,RETRY_ALL,RETRY_ALL,0.0,25.0,-25.0,-25.0,0.0,PASS
RECLAIM-V2-002789,RETRY_ALL,RETRY_ALL,0.0,25.0,-25.0,-25.0,0.0,PASS
RECLAIM-V2-002790,RETRY_ALL,RETRY_ALL,0.0,25.0,-25.0,-25.0,0.0,PASS
RECLAIM-V2-002791,RETRY_ALL,RETRY_ALL,213.99802623831343,25.0,188.99802623831343,188.99802623831343,0.0,PASS
RECLAIM-V2-002792,RETRY_ALL,RETRY_ALL,128.54484173437334,25.0,103.54484173437334,103.54484173437334,0.0,PASS
RECLAIM-V2-002793,RETRY_ALL,RETRY_ALL,0.0,25.0,-25.0,-25.0,0.0,PASS
RECLAIM-V2-002794,RETRY_ALL,RETRY_ALL,0.0,25.0,-25.0,-25.0,0.0,PASS
RECLAIM-V2-002795,TARGET,MONITOR,396.0681703544285,10.0,386.0681703544285,386.0681703544285,0.0,PASS
RECLAIM-V2-002796,RETRY_ALL,RETRY_ALL,0.0,25.0,-25.0,-25.0,0.0,PASS
RECLAIM-V2-002797,RETRY_ALL,RETRY_ALL,0.0,25.0,-25.0,-25.0,0.0,PASS
RECLAIM-V2-002798,RETRY_ALL,RETRY_ALL,0.0,25.0,-25.0,-25.0,0.0,PASS
RECLAIM-V2-002799,RETRY_ALL,RETRY_ALL,130.56692922460485,25.0,105.56692922460483,105.56692922460485,1.4210854715202004e-14,PASS
RECLAIM-V2-002800,RETRY_ALL,RETRY_ALL,184.5694623651843,25.0,159.5694623651843,159.5694623651843,0.0,PASS
RECLAIM-V2-002801,RETRY_ALL,RETRY_ALL,184.0029423941934,25.0,159.0029423941934,159.0029423941934,0.0,PASS
RECLAIM-V2-002802,RETRY_ALL,RETRY_ALL,104.96280965695124,25.0,79.96280965695124,79.96280965695124,0.0,PASS
RECLAIM-V2-002803,RETRY_ALL,RETRY_ALL,0.0,25.0,-25.0,-25.0,0.0,PASS
RECLAIM-V2-002804,RETRY_ALL,RETRY_ALL,131.6830315259049,25.0,106.68303152590492,106.68303152590491,-1.4210854715202004e-14,PASS
RECLAIM-V2-002805,RETRY_ALL,RETRY_ALL,111.84462690954554,25.0,86.84462690954554,86.84462690954554,0.0,PASS
RECLAIM-V2-002806,RETRY_ALL,RETRY_ALL,0.0,25.0,-25.0,-25.0,0.0,PASS
RECLAIM-V2-002807,RETRY_ALL,RETRY_ALL,34.7351780506908,25.0,9.7351780506908,9.735178050690799,-1.7763568394002505e-15,PASS
RECLAIM-V2-002808,RETRY_ALL,RETRY_ALL,0.0,25.0,-25.0,-25.0,0.0,PASS
RECLAIM-V2-002809,RETRY_ALL,RETRY_ALL,374.833135692456,25.0,349.833135692456,349.833135692456,0.0,PASS
RECLAIM-V2-002810,RETRY_ALL,RETRY_ALL,95.1962699331969,25.0,70.1962699331969,70.1962699331969,0.0,PASS
RECLAIM-V2-002811,RETRY_ALL,RETRY_ALL,0.0,25.0,-25.0,-25.0,0.0,PASS
RECLAIM-V2-002812,RETRY_ALL,RETRY_ALL,0.0,25.0,-25.0,-25.0,0.0,PASS
RECLAIM-V2-002813,RETRY_ALL,RETRY_ALL,53.07332749666664,25.0,28.073327496666643,28.073327496666643,0.0,PASS
RECLAIM-V2-002814,RETRY_ALL,RETRY_ALL,0.0,25.0,-25.0,-25.0,0.0,PASS
RECLAIM-V2-002815,RETRY_ALL,RETRY_ALL,202.73722934914483,25.0,177.73722934914483,177.73722934914483,0.0,PASS
RECLAIM-V2-002816,RETRY_ALL,RETRY_ALL,0.0,25.0,-25.0,-25.0,0.0,PASS
RECLAIM-V2-002817,TARGET,MONITOR,419.5893493554834,10.0,409.5893493554834,409.5893493554834,0.0,PASS
RECLAIM-V2-002818,RETRY_ALL,RETRY_ALL,354.86545370811075,25.0,329.86545370811075,329.86545370811075,0.0,PASS
RECLAIM-V2-002819,RETRY_ALL,RETRY_ALL,0.0,25.0,-25.0,-25.0,0.0,PASS
RECLAIM-V2-002820,RETRY_ALL,RETRY_ALL,0.0,25.0,-25.0,-25.0,0.0,PASS
RECLAIM-V2-002821,RETRY_ALL,RETRY_ALL,119.99732308075876,25.0,94.99732308075876,94.99732308075876,0.0,PASS
RECLAIM-V2-002822,RETRY_ALL,RETRY_ALL,51.863220156236856,25.0,26.863220156236856,26.863220156236856,0.0,PASS
RECLAIM-V2-002823,RETRY_ALL,RETRY_ALL,0.0,25.0,-25.0,-25.0,0.0,PASS
RECLAIM-V2-002824,RETRY_ALL,RETRY_ALL,0.0,25.0,-25.0,-25.0,0.0,PASS
RECLAIM-V2-002825,RETRY_ALL,RETRY_ALL,227.0384190921576,25.0,202.0384190921576,202.0384190921576,0.0,PASS
RECLAIM-V2-002826,RETRY_ALL,RETRY_ALL,0.0,25.0,-25.0,-25.0,0.0,PASS
RECLAIM-V2-002827,RETRY_ALL,RETRY_ALL,194.2501297372985,25.0,169.2501297372985,169.2501297372985,0.0,PASS
RECLAIM-V2-002828,RETRY_ALL,RETRY_ALL,78.89241994912216,25.0,53.89241994912216,53.89241994912216,0.0,PASS
RECLAIM-V2-002829,RETRY_ALL,RETRY_ALL,117.17685600222346,25.0,92.17685600222346,92.17685600222346,0.0,PASS
RECLAIM-V2-002830,RETRY_ALL,RETRY_ALL,0.0,25.0,-25.0,-25.0,0.0,PASS
RECLAIM-V2-002831,RETRY_ALL,RETRY_ALL,0.0,25.0,-25.0,-25.0,0.0,PASS
RECLAIM-V2-002832,RETRY_ALL,RETRY_ALL,150.46008196481878,25.0,125.46008196481878,125.46008196481878,0.0,PASS
RECLAIM-V2-002833,RETRY_ALL,RETRY_ALL,4.3771531554168,25.0,-20.6228468445832,-20.6228468445832,0.0,PASS
RECLAIM-V2-002834,RETRY_ALL,RETRY_ALL,12.0763983267738,25.0,-12.9236016732262,-12.9236016732262,0.0,PASS
RECLAIM-V2-002835,TARGET,MONITOR,402.5235670632249,10.0,392.5235670632249,392.5235670632249,0.0,PASS
RECLAIM-V2-002836,RETRY_ALL,RETRY_ALL,160.0219972710876,25.0,135.0219972710876,135.0219972710876,0.0,PASS
RECLAIM-V2-002837,RETRY_ALL,RETRY_ALL,90.355365084114,25.0,65.355365084114,65.355365084114,0.0,PASS
RECLAIM-V2-002838,RETRY_ALL,RETRY_ALL,0.0,25.0,-25.0,-25.0,0.0,PASS
RECLAIM-V2-002839,RETRY_ALL,RETRY_ALL,6.58447022889075,25.0,-18.41552977110925,-18.41552977110925,0.0,PASS
RECLAIM-V2-002840,RETRY_ALL,RETRY_ALL,0.0,25.0,-25.0,-25.0,0.0,PASS
RECLAIM-V2-002841,RETRY_ALL,RETRY_ALL,290.34291966468226,25.0,265.34291966468226,265.34291966468226,0.0,PASS
RECLAIM-V2-002842,RETRY_ALL,RETRY_ALL,0.0,25.0,-25.0,-25.0,0.0,PASS
RECLAIM-V2-002843,RETRY_ALL,RETRY_ALL,0.0,25.0,-25.0,-25.0,0.0,PASS
RECLAIM-V2-002844,RETRY_ALL,RETRY_ALL,300.9050338983057,25.0,275.9050338983057,275.9050338983057,0.0,PASS
RECLAIM-V2-002845,RETRY_ALL,RETRY_ALL,0.0,25.0,-25.0,-25.0,0.0,PASS
RECLAIM-V2-002846,RETRY_ALL,RETRY_ALL,0.0,25.0,-25.0,-25.0,0.0,PASS
RECLAIM-V2-002847,RETRY_ALL,RETRY_ALL,0.0,25.0,-25.0,-25.0,0.0,PASS
RECLAIM-V2-002848,RETRY_ALL,RETRY_ALL,0.0,25.0,-25.0,-25.0,0.0,PASS
RECLAIM-V2-002849,RETRY_ALL,RETRY_ALL,308.8712221298445,25.0,283.8712221298445,283.8712221298445,0.0,PASS
RECLAIM-V2-002850,RETRY_ALL,RETRY_ALL,59.103912685727096,25.0,34.103912685727096,34.103912685727096,0.0,PASS
RECLAIM-V2-002851,RETRY_ALL,RETRY_ALL,30.09956861495475,25.0,5.099568614954752,5.099568614954752,0.0,PASS
RECLAIM-V2-002852,RETRY_ALL,RETRY_ALL,0.0,25.0,-25.0,-25.0,0.0,PASS
RECLAIM-V2-002853,RETRY_ALL,RETRY_ALL,353.1425854421253,25.0,328.1425854421253,328.1425854421253,0.0,PASS
RECLAIM-V2-002854,RETRY_ALL,RETRY_ALL,70.88908693598626,25.0,45.889086935986256,45.889086935986256,0.0,PASS
RECLAIM-V2-002855,RETRY_ALL,RETRY_ALL,0.0,25.0,-25.0,-25.0,0.0,PASS
RECLAIM-V2-002856,RETRY_ALL,RETRY_ALL,0.0,25.0,-25.0,-25.0,0.0,PASS
RECLAIM-V2-002857,RETRY_ALL,RETRY_ALL,172.85723925283125,25.0,147.85723925283125,147.85723925283125,0.0,PASS
RECLAIM-V2-002858,RETRY_ALL,RETRY_ALL,0.0,25.0,-25.0,-25.0,0.0,PASS
RECLAIM-V2-002859,RETRY_ALL,RETRY_ALL,273.222456781445,25.0,248.22245678144492,248.22245678144498,5.684341886080802e-14,PASS
RECLAIM-V2-002860,RETRY_ALL,RETRY_ALL,239.28373799275207,25.0,214.28373799275207,214.28373799275207,0.0,PASS
RECLAIM-V2-002861,RETRY_ALL,RETRY_ALL,54.52664672502345,25.0,29.526646725023447,29.526646725023447,0.0,PASS
RECLAIM-V2-002862,RETRY_ALL,RETRY_ALL,206.6986149502503,25.0,181.6986149502503,181.6986149502503,0.0,PASS
RECLAIM-V2-002863,RETRY_ALL,RETRY_ALL,254.56983401696945,25.0,229.56983401696945,229.56983401696945,0.0,PASS
RECLAIM-V2-002864,RETRY_ALL,RETRY_ALL,285.9784333006717,25.0,260.9784333006717,260.9784333006717,0.0,PASS
RECLAIM-V2-002865,RETRY_ALL,RETRY_ALL,31.47878417381865,25.0,6.478784173818649,6.478784173818649,0.0,PASS
RECLAIM-V2-002866,RETRY_ALL,RETRY_ALL,102.8921073347085,25.0,77.8921073347085,77.8921073347085,0.0,PASS
RECLAIM-V2-002867,RETRY_ALL,RETRY_ALL,107.17211344539136,25.0,82.17211344539136,82.17211344539136,0.0,PASS
RECLAIM-V2-002868,RETRY_ALL,RETRY_ALL,0.0,25.0,-25.0,-25.0,0.0,PASS
RECLAIM-V2-002869,RETRY_ALL,RETRY_ALL,202.68019311970303,25.0,177.68019311970303,177.68019311970303,0.0,PASS
RECLAIM-V2-002870,RETRY_ALL,RETRY_ALL,0.0,25.0,-25.0,-25.0,0.0,PASS
RECLAIM-V2-002871,RETRY_ALL,RETRY_ALL,174.565766047812,25.0,149.565766047812,149.565766047812,0.0,PASS
RECLAIM-V2-002872,RETRY_ALL,RETRY_ALL,0.0,25.0,-25.0,-25.0,0.0,PASS
RECLAIM-V2-002873,RETRY_ALL,RETRY_ALL,0.0,25.0,-25.0,-25.0,0.0,PASS
RECLAIM-V2-002874,RETRY_ALL,RETRY_ALL,0.0,25.0,-25.0,-25.0,0.0,PASS
RECLAIM-V2-002875,RETRY_ALL,RETRY_ALL,79.7783158431528,25.0,54.7783158431528,54.7783158431528,0.0,PASS
RECLAIM-V2-002876,RETRY_ALL,RETRY_ALL,0.0,25.0,-25.0,-25.0,0.0,PASS
RECLAIM-V2-002877,RETRY_ALL,RETRY_ALL,0.0,25.0,-25.0,-25.0,0.0,PASS
RECLAIM-V2-002878,RETRY_ALL,RETRY_ALL,0.0,25.0,-25.0,-25.0,0.0,PASS
RECLAIM-V2-002879,RETRY_ALL,RETRY_ALL,0.0,25.0,-25.0,-25.0,0.0,PASS
RECLAIM-V2-002880,RETRY_ALL,RETRY_ALL,154.28200940483805,25.0,129.28200940483805,129.28200940483805,0.0,PASS
RECLAIM-V2-002881,RETRY_ALL,RETRY_ALL,376.1733750489794,25.0,351.1733750489794,351.1733750489794,0.0,PASS
RECLAIM-V2-002882,RETRY_ALL,RETRY_ALL,13.7582686863081,25.0,-11.2417313136919,-11.2417313136919,0.0,PASS
RECLAIM-V2-002883,RETRY_ALL,RETRY_ALL,0.0,25.0,-25.0,-25.0,0.0,PASS
RECLAIM-V2-002884,RETRY_ALL,RETRY_ALL,0.0,25.0,-25.0,-25.0,0.0,PASS
RECLAIM-V2-002885,RETRY_ALL,RETRY_ALL,69.8566746016197,25.0,44.8566746016197,44.8566746016197,0.0,PASS
RECLAIM-V2-002886,RETRY_ALL,RETRY_ALL,0.0,25.0,-25.0,-25.0,0.0,PASS
RECLAIM-V2-002887,RETRY_ALL,RETRY_ALL,356.4050212491828,25.0,331.4050212491828,331.4050212491828,0.0,PASS
RECLAIM-V2-002888,RETRY_ALL,RETRY_ALL,125.64263763324344,25.0,100.64263763324344,100.64263763324344,0.0,PASS
RECLAIM-V2-002889,RETRY_ALL,RETRY_ALL,236.98542711976137,25.0,211.98542711976137,211.98542711976137,0.0,PASS
RECLAIM-V2-002890,RETRY_ALL,RETRY_ALL,110.25765891898484,25.0,85.25765891898484,85.25765891898484,0.0,PASS
RECLAIM-V2-002891,RETRY_ALL,RETRY_ALL,0.0,25.0,-25.0,-25.0,0.0,PASS
RECLAIM-V2-002892,RETRY_ALL,RETRY_ALL,243.2020741535823,25.0,218.2020741535823,218.2020741535823,0.0,PASS
RECLAIM-V2-002893,RETRY_ALL,RETRY_ALL,0.0,25.0,-25.0,-25.0,0.0,PASS
RECLAIM-V2-002894,RETRY_ALL,RETRY_ALL,27.154720589849248,25.0,2.154720589849248,2.154720589849248,0.0,PASS
RECLAIM-V2-002895,RETRY_ALL,RETRY_ALL,39.49687205648805,25.0,14.496872056488051,14.496872056488051,0.0,PASS
RECLAIM-V2-002896,RETRY_ALL,RETRY_ALL,284.9959241533141,25.0,259.9959241533141,259.9959241533141,0.0,PASS
RECLAIM-V2-002897,RETRY_ALL,RETRY_ALL,0.0,25.0,-25.0,-25.0,0.0,PASS
RECLAIM-V2-002898,RETRY_ALL,RETRY_ALL,113.1409341725817,25.0,88.1409341725817,88.1409341725817,0.0,PASS
RECLAIM-V2-002899,TARGET,MONITOR,428.3827400224743,10.0,418.3827400224743,418.3827400224743,0.0,PASS
RECLAIM-V2-002900,RETRY_ALL,RETRY_ALL,0.0,25.0,-25.0,-25.0,0.0,PASS
RECLAIM-V2-002901,RETRY_ALL,RETRY_ALL,0.0,25.0,-25.0,-25.0,0.0,PASS
RECLAIM-V2-002902,RETRY_ALL,RETRY_ALL,3.91752800683425,25.0,-21.08247199316575,-21.08247199316575,0.0,PASS
RECLAIM-V2-002903,RETRY_ALL,RETRY_ALL,0.0,25.0,-25.0,-25.0,0.0,PASS
RECLAIM-V2-002904,RETRY_ALL,RETRY_ALL,277.28810104862714,25.0,252.2881010486272,252.28810104862714,-5.684341886080802e-14,PASS
RECLAIM-V2-002905,RETRY_ALL,RETRY_ALL,321.8896706732356,25.0,296.8896706732356,296.8896706732356,0.0,PASS
RECLAIM-V2-002906,RETRY_ALL,RETRY_ALL,99.8384079913794,25.0,74.8384079913794,74.8384079913794,0.0,PASS
RECLAIM-V2-002907,RETRY_ALL,RETRY_ALL,0.0,25.0,-25.0,-25.0,0.0,PASS
RECLAIM-V2-002908,RETRY_ALL,RETRY_ALL,136.8839420380617,25.0,111.88394203806168,111.88394203806169,1.4210854715202004e-14,PASS
RECLAIM-V2-002909,RETRY_ALL,RETRY_ALL,0.0,25.0,-25.0,-25.0,0.0,PASS
RECLAIM-V2-002910,RETRY_ALL,RETRY_ALL,262.2536400762968,25.0,237.2536400762968,237.2536400762968,0.0,PASS
RECLAIM-V2-002911,RETRY_ALL,RETRY_ALL,149.7341379265047,25.0,124.7341379265047,124.7341379265047,0.0,PASS
RECLAIM-V2-002912,RETRY_ALL,RETRY_ALL,32.3397263590965,25.0,7.3397263590965025,7.3397263590965025,0.0,PASS
RECLAIM-V2-002913,TARGET,LOW_INTENSITY,448.83508578338376,45.0,403.83508578338376,403.83508578338376,0.0,PASS
RECLAIM-V2-002914,RETRY_ALL,RETRY_ALL,368.95551460699886,25.0,343.95551460699886,343.95551460699886,0.0,PASS
RECLAIM-V2-002915,RETRY_ALL,RETRY_ALL,0.0,25.0,-25.0,-25.0,0.0,PASS
RECLAIM-V2-002916,RETRY_ALL,RETRY_ALL,0.0,25.0,-25.0,-25.0,0.0,PASS
RECLAIM-V2-002917,RETRY_ALL,RETRY_ALL,31.33256817602595,25.0,6.332568176025951,6.332568176025951,0.0,PASS
RECLAIM-V2-002918,RETRY_ALL,RETRY_ALL,330.765489691053,25.0,305.765489691053,305.765489691053,0.0,PASS
RECLAIM-V2-002919,RETRY_ALL,RETRY_ALL,0.0,25.0,-25.0,-25.0,0.0,PASS
RECLAIM-V2-002920,RETRY_ALL,RETRY_ALL,0.0,25.0,-25.0,-25.0,0.0,PASS
RECLAIM-V2-002921,RETRY_ALL,RETRY_ALL,0.0,25.0,-25.0,-25.0,0.0,PASS
RECLAIM-V2-002922,TARGET,MONITOR,398.3528251205898,10.0,388.3528251205898,388.3528251205898,0.0,PASS
RECLAIM-V2-002923,RETRY_ALL,RETRY_ALL,0.0,25.0,-25.0,-25.0,0.0,PASS
RECLAIM-V2-002924,RETRY_ALL,RETRY_ALL,0.0,25.0,-25.0,-25.0,0.0,PASS
RECLAIM-V2-002925,RETRY_ALL,RETRY_ALL,0.0,25.0,-25.0,-25.0,0.0,PASS
RECLAIM-V2-002926,RETRY_ALL,RETRY_ALL,7.08957096635865,25.0,-17.91042903364135,-17.91042903364135,0.0,PASS
RECLAIM-V2-002927,RETRY_ALL,RETRY_ALL,7.808555287371299,25.0,-17.1914447126287,-17.1914447126287,0.0,PASS
RECLAIM-V2-002928,RETRY_ALL,RETRY_ALL,0.0,25.0,-25.0,-25.0,0.0,PASS
RECLAIM-V2-002929,RETRY_ALL,RETRY_ALL,0.0,25.0,-25.0,-25.0,0.0,PASS
RECLAIM-V2-002930,RETRY_ALL,RETRY_ALL,370.62133260058425,25.0,345.62133260058425,345.62133260058425,0.0,PASS
RECLAIM-V2-002931,RETRY_ALL,RETRY_ALL,0.0,25.0,-25.0,-25.0,0.0,PASS
RECLAIM-V2-002932,RETRY_ALL,RETRY_ALL,0.0,25.0,-25.0,-25.0,0.0,PASS
RECLAIM-V2-002933,RETRY_ALL,RETRY_ALL,0.0,25.0,-25.0,-25.0,0.0,PASS
RECLAIM-V2-002934,RETRY_ALL,RETRY_ALL,0.0,25.0,-25.0,-25.0,0.0,PASS
RECLAIM-V2-002935,RETRY_ALL,RETRY_ALL,144.85133626818842,25.0,119.85133626818842,119.85133626818842,0.0,PASS
RECLAIM-V2-002936,RETRY_ALL,RETRY_ALL,0.0,25.0,-25.0,-25.0,0.0,PASS
RECLAIM-V2-002937,RETRY_ALL,RETRY_ALL,0.0,25.0,-25.0,-25.0,0.0,PASS
RECLAIM-V2-002938,RETRY_ALL,RETRY_ALL,5.8865215677318,25.0,-19.1134784322682,-19.1134784322682,0.0,PASS
RECLAIM-V2-002939,RETRY_ALL,RETRY_ALL,0.0,25.0,-25.0,-25.0,0.0,PASS
RECLAIM-V2-002940,RETRY_ALL,RETRY_ALL,209.79635314886085,25.0,184.79635314886085,184.79635314886085,0.0,PASS
RECLAIM-V2-002941,RETRY_ALL,RETRY_ALL,228.41296783831257,25.0,203.41296783831257,203.41296783831257,0.0,PASS
RECLAIM-V2-002942,RETRY_ALL,RETRY_ALL,0.0,25.0,-25.0,-25.0,0.0,PASS
RECLAIM-V2-002943,RETRY_ALL,RETRY_ALL,55.55708018858145,25.0,30.55708018858145,30.557080188581452,3.552713678800501e-15,PASS
RECLAIM-V2-002944,RETRY_ALL,RETRY_ALL,66.9262239502812,25.0,41.9262239502812,41.9262239502812,0.0,PASS
RECLAIM-V2-002945,RETRY_ALL,RETRY_ALL,108.7328789496987,25.0,83.7328789496987,83.7328789496987,0.0,PASS
RECLAIM-V2-002946,RETRY_ALL,RETRY_ALL,328.4451402568467,25.0,303.4451402568467,303.4451402568467,0.0,PASS
RECLAIM-V2-002947,RETRY_ALL,RETRY_ALL,76.56656407605705,25.0,51.56656407605705,51.56656407605705,0.0,PASS
RECLAIM-V2-002948,RETRY_ALL,RETRY_ALL,0.0,25.0,-25.0,-25.0,0.0,PASS
RECLAIM-V2-002949,RETRY_ALL,RETRY_ALL,108.2299954050546,25.0,83.2299954050546,83.2299954050546,0.0,PASS
RECLAIM-V2-002950,RETRY_ALL,RETRY_ALL,0.0,25.0,-25.0,-25.0,0.0,PASS
RECLAIM-V2-002951,RETRY_ALL,RETRY_ALL,0.0,25.0,-25.0,-25.0,0.0,PASS
RECLAIM-V2-002952,RETRY_ALL,RETRY_ALL,0.0,25.0,-25.0,-25.0,0.0,PASS
RECLAIM-V2-002953,RETRY_ALL,RETRY_ALL,210.61007799701864,25.0,185.61007799701864,185.61007799701864,0.0,PASS
RECLAIM-V2-002954,RETRY_ALL,RETRY_ALL,46.4955799123134,25.0,21.495579912313403,21.495579912313403,0.0,PASS
RECLAIM-V2-002955,RETRY_ALL,RETRY_ALL,340.6131027233633,25.0,315.6131027233633,315.6131027233633,0.0,PASS
RECLAIM-V2-002956,RETRY_ALL,RETRY_ALL,0.0,25.0,-25.0,-25.0,0.0,PASS
RECLAIM-V2-002957,RETRY_ALL,RETRY_ALL,238.0749021048504,25.0,213.0749021048504,213.0749021048504,0.0,PASS
RECLAIM-V2-002958,TARGET,LOW_INTENSITY,431.62393972749777,45.0,386.62393972749777,386.62393972749777,0.0,PASS
RECLAIM-V2-002959,RETRY_ALL,RETRY_ALL,0.0,25.0,-25.0,-25.0,0.0,PASS
RECLAIM-V2-002960,RETRY_ALL,RETRY_ALL,0.0,25.0,-25.0,-25.0,0.0,PASS
RECLAIM-V2-002961,RETRY_ALL,RETRY_ALL,270.50260597177083,25.0,245.50260597177083,245.50260597177083,0.0,PASS
RECLAIM-V2-002962,RETRY_ALL,RETRY_ALL,133.9053965391345,25.0,108.9053965391345,108.9053965391345,0.0,PASS
RECLAIM-V2-002963,RETRY_ALL,RETRY_ALL,0.0,25.0,-25.0,-25.0,0.0,PASS
RECLAIM-V2-002964,RETRY_ALL,RETRY_ALL,255.8806156670861,25.0,230.8806156670861,230.8806156670861,0.0,PASS
RECLAIM-V2-002965,RETRY_ALL,RETRY_ALL,260.2450979186269,25.0,235.24509791862693,235.24509791862693,0.0,PASS
RECLAIM-V2-002966,TARGET,STANDARD_TARGET,559.6538082591115,80.0,479.65380825911154,479.65380825911154,0.0,PASS
RECLAIM-V2-002967,RETRY_ALL,RETRY_ALL,149.52299065202055,25.0,124.52299065202055,124.52299065202055,0.0,PASS
RECLAIM-V2-002968,RETRY_ALL,RETRY_ALL,0.0,25.0,-25.0,-25.0,0.0,PASS
RECLAIM-V2-002969,RETRY_ALL,RETRY_ALL,0.0,25.0,-25.0,-25.0,0.0,PASS
RECLAIM-V2-002970,RETRY_ALL,RETRY_ALL,54.79138058053216,25.0,29.791380580532163,29.791380580532163,0.0,PASS
RECLAIM-V2-002971,RETRY_ALL,RETRY_ALL,0.0,25.0,-25.0,-25.0,0.0,PASS
RECLAIM-V2-002972,RETRY_ALL,RETRY_ALL,0.0,25.0,-25.0,-25.0,0.0,PASS
RECLAIM-V2-002973,RETRY_ALL,RETRY_ALL,0.0,25.0,-25.0,-25.0,0.0,PASS
RECLAIM-V2-002974,RETRY_ALL,RETRY_ALL,0.0,25.0,-25.0,-25.0,0.0,PASS
RECLAIM-V2-002975,RETRY_ALL,RETRY_ALL,0.0,25.0,-25.0,-25.0,0.0,PASS
RECLAIM-V2-002976,RETRY_ALL,RETRY_ALL,322.1848529819028,25.0,297.1848529819028,297.1848529819028,0.0,PASS
RECLAIM-V2-002977,RETRY_ALL,RETRY_ALL,0.0,25.0,-25.0,-25.0,0.0,PASS
RECLAIM-V2-002978,RETRY_ALL,RETRY_ALL,198.78037407457424,25.0,173.78037407457424,173.78037407457424,0.0,PASS
RECLAIM-V2-002979,RETRY_ALL,RETRY_ALL,0.0,25.0,-25.0,-25.0,0.0,PASS
RECLAIM-V2-002980,RETRY_ALL,RETRY_ALL,240.39859517696144,25.0,215.39859517696144,215.39859517696144,0.0,PASS
RECLAIM-V2-002981,RETRY_ALL,RETRY_ALL,0.0,25.0,-25.0,-25.0,0.0,PASS
RECLAIM-V2-002982,RETRY_ALL,RETRY_ALL,372.7982693821986,25.0,347.7982693821986,347.7982693821986,0.0,PASS
RECLAIM-V2-002983,RETRY_ALL,RETRY_ALL,70.30678689461595,25.0,45.30678689461595,45.30678689461595,0.0,PASS
RECLAIM-V2-002984,RETRY_ALL,RETRY_ALL,0.0,25.0,-25.0,-25.0,0.0,PASS
RECLAIM-V2-002985,RETRY_ALL,RETRY_ALL,57.0951466479312,25.0,32.0951466479312,32.0951466479312,0.0,PASS
RECLAIM-V2-002986,RETRY_ALL,RETRY_ALL,376.03205693852567,25.0,351.03205693852567,351.03205693852567,0.0,PASS
RECLAIM-V2-002987,RETRY_ALL,RETRY_ALL,199.95807054648,25.0,174.95807054648,174.95807054648,0.0,PASS
RECLAIM-V2-002988,RETRY_ALL,RETRY_ALL,183.45525581877808,25.0,158.45525581877808,158.45525581877808,0.0,PASS
RECLAIM-V2-002989,RETRY_ALL,RETRY_ALL,0.0,25.0,-25.0,-25.0,0.0,PASS
RECLAIM-V2-002990,RETRY_ALL,RETRY_ALL,34.04245301966055,25.0,9.042453019660549,9.042453019660549,0.0,PASS
RECLAIM-V2-002991,RETRY_ALL,RETRY_ALL,123.32795760903946,25.0,98.32795760903946,98.32795760903946,0.0,PASS
RECLAIM-V2-002992,RETRY_ALL,RETRY_ALL,0.0,25.0,-25.0,-25.0,0.0,PASS
RECLAIM-V2-002993,RETRY_ALL,RETRY_ALL,123.33738307367685,25.0,98.33738307367685,98.33738307367685,0.0,PASS
RECLAIM-V2-002994,RETRY_ALL,RETRY_ALL,250.19527328627925,25.0,225.19527328627925,225.19527328627925,0.0,PASS
RECLAIM-V2-002995,RETRY_ALL,RETRY_ALL,221.8247110436679,25.0,196.8247110436679,196.8247110436679,0.0,PASS
RECLAIM-V2-002996,RETRY_ALL,RETRY_ALL,180.997954363116,25.0,155.997954363116,155.997954363116,0.0,PASS
RECLAIM-V2-002997,RETRY_ALL,RETRY_ALL,305.9154877371225,25.0,280.9154877371225,280.9154877371225,0.0,PASS
RECLAIM-V2-002998,RETRY_ALL,RETRY_ALL,0.0,25.0,-25.0,-25.0,0.0,PASS
RECLAIM-V2-002999,RETRY_ALL,RETRY_ALL,120.7200003829488,25.0,95.7200003829488,95.7200003829488,0.0,PASS
RECLAIM-V2-003000,RETRY_ALL,RETRY_ALL,356.7821397604089,25.0,331.7821397604089,331.7821397604089,0.0,PASS
RECLAIM-V2-003001,RETRY_ALL,RETRY_ALL,207.510395386452,25.0,182.510395386452,182.510395386452,0.0,PASS
RECLAIM-V2-003002,RETRY_ALL,RETRY_ALL,50.58780179500725,25.0,25.58780179500725,25.587801795007252,3.552713678800501e-15,PASS
RECLAIM-V2-003003,RETRY_ALL,RETRY_ALL,185.80989149722635,25.0,160.80989149722635,160.80989149722635,0.0,PASS
RECLAIM-V2-003004,RETRY_ALL,RETRY_ALL,1.66151179521465,25.0,-23.33848820478535,-23.33848820478535,0.0,PASS
RECLAIM-V2-003005,RETRY_ALL,RETRY_ALL,195.7655567958954,25.0,170.7655567958954,170.7655567958954,0.0,PASS
RECLAIM-V2-003006,RETRY_ALL,RETRY_ALL,0.0,25.0,-25.0,-25.0,0.0,PASS
RECLAIM-V2-003007,RETRY_ALL,RETRY_ALL,0.0,25.0,-25.0,-25.0,0.0,PASS
RECLAIM-V2-003008,RETRY_ALL,RETRY_ALL,271.28584968972166,25.0,246.2858496897217,246.28584968972166,-2.842170943040401e-14,PASS
RECLAIM-V2-003009,RETRY_ALL,RETRY_ALL,0.0,25.0,-25.0,-25.0,0.0,PASS
RECLAIM-V2-003010,RETRY_ALL,RETRY_ALL,0.0,25.0,-25.0,-25.0,0.0,PASS
RECLAIM-V2-003011,RETRY_ALL,RETRY_ALL,0.0,25.0,-25.0,-25.0,0.0,PASS
RECLAIM-V2-003012,RETRY_ALL,RETRY_ALL,0.0,25.0,-25.0,-25.0,0.0,PASS
RECLAIM-V2-003013,RETRY_ALL,RETRY_ALL,213.0093347156724,25.0,188.0093347156724,188.0093347156724,0.0,PASS
RECLAIM-V2-003014,RETRY_ALL,RETRY_ALL,270.8962229623881,25.0,245.8962229623881,245.8962229623881,0.0,PASS
RECLAIM-V2-003015,RETRY_ALL,RETRY_ALL,87.66683986920314,25.0,62.666839869203145,62.666839869203145,0.0,PASS
RECLAIM-V2-003016,TARGET,LOW_INTENSITY,450.7965915452023,45.0,405.7965915452023,405.7965915452023,0.0,PASS
RECLAIM-V2-003017,RETRY_ALL,RETRY_ALL,214.91605395709905,25.0,189.91605395709905,189.91605395709905,0.0,PASS
RECLAIM-V2-003018,RETRY_ALL,RETRY_ALL,0.0,25.0,-25.0,-25.0,0.0,PASS
RECLAIM-V2-003019,RETRY_ALL,RETRY_ALL,110.33659568704604,25.0,85.33659568704604,85.33659568704604,0.0,PASS
RECLAIM-V2-003020,RETRY_ALL,RETRY_ALL,0.0,25.0,-25.0,-25.0,0.0,PASS
RECLAIM-V2-003021,RETRY_ALL,RETRY_ALL,0.0,25.0,-25.0,-25.0,0.0,PASS
RECLAIM-V2-003022,RETRY_ALL,RETRY_ALL,0.0,25.0,-25.0,-25.0,0.0,PASS
RECLAIM-V2-003023,RETRY_ALL,RETRY_ALL,0.0,25.0,-25.0,-25.0,0.0,PASS
RECLAIM-V2-003024,RETRY_ALL,RETRY_ALL,0.0,25.0,-25.0,-25.0,0.0,PASS
RECLAIM-V2-003025,RETRY_ALL,RETRY_ALL,0.0,25.0,-25.0,-25.0,0.0,PASS
RECLAIM-V2-003026,RETRY_ALL,RETRY_ALL,0.0,25.0,-25.0,-25.0,0.0,PASS
RECLAIM-V2-003027,RETRY_ALL,RETRY_ALL,0.0,25.0,-25.0,-25.0,0.0,PASS
RECLAIM-V2-003028,RETRY_ALL,RETRY_ALL,45.3103036283823,25.0,20.3103036283823,20.3103036283823,0.0,PASS
RECLAIM-V2-003029,RETRY_ALL,RETRY_ALL,252.3518660271704,25.0,227.3518660271704,227.3518660271704,0.0,PASS
RECLAIM-V2-003030,RETRY_ALL,RETRY_ALL,0.0,25.0,-25.0,-25.0,0.0,PASS
RECLAIM-V2-003031,RETRY_ALL,RETRY_ALL,0.0,25.0,-25.0,-25.0,0.0,PASS
RECLAIM-V2-003032,TARGET,MONITOR,426.4741965688304,10.0,416.4741965688304,416.4741965688304,0.0,PASS
RECLAIM-V2-003033,RETRY_ALL,RETRY_ALL,362.8168328488841,25.0,337.8168328488841,337.8168328488841,0.0,PASS
RECLAIM-V2-003034,RETRY_ALL,RETRY_ALL,356.9034103785917,25.0,331.9034103785917,331.9034103785917,0.0,PASS
RECLAIM-V2-003035,RETRY_ALL,RETRY_ALL,0.0,25.0,-25.0,-25.0,0.0,PASS
RECLAIM-V2-003036,RETRY_ALL,RETRY_ALL,107.5475642954889,25.0,82.5475642954889,82.5475642954889,0.0,PASS
RECLAIM-V2-003037,RETRY_ALL,RETRY_ALL,190.02287378364773,25.0,165.02287378364775,165.02287378364773,-2.842170943040401e-14,PASS
RECLAIM-V2-003038,RETRY_ALL,RETRY_ALL,0.0,25.0,-25.0,-25.0,0.0,PASS
RECLAIM-V2-003039,TARGET,HIGH_INTENSITY,632.6206409128025,120.0,512.6206409128025,512.6206409128025,0.0,PASS
RECLAIM-V2-003040,RETRY_ALL,RETRY_ALL,45.8518385427921,25.0,20.851838542792105,20.851838542792102,-3.552713678800501e-15,PASS
RECLAIM-V2-003041,RETRY_ALL,RETRY_ALL,5.27200159046895,25.0,-19.72799840953105,-19.72799840953105,0.0,PASS
RECLAIM-V2-003042,RETRY_ALL,RETRY_ALL,0.0,25.0,-25.0,-25.0,0.0,PASS
RECLAIM-V2-003043,RETRY_ALL,RETRY_ALL,344.46600332027793,25.0,319.46600332027793,319.46600332027793,0.0,PASS
RECLAIM-V2-003044,RETRY_ALL,RETRY_ALL,0.0,25.0,-25.0,-25.0,0.0,PASS
RECLAIM-V2-003045,RETRY_ALL,RETRY_ALL,0.0,25.0,-25.0,-25.0,0.0,PASS
RECLAIM-V2-003046,RETRY_ALL,RETRY_ALL,48.055421209710005,25.0,23.055421209710005,23.055421209710005,0.0,PASS
RECLAIM-V2-003047,RETRY_ALL,RETRY_ALL,0.0,25.0,-25.0,-25.0,0.0,PASS
RECLAIM-V2-003048,RETRY_ALL,RETRY_ALL,25.628643285917704,25.0,0.628643285917704,0.628643285917704,0.0,PASS
RECLAIM-V2-003049,RETRY_ALL,RETRY_ALL,171.88506735009915,25.0,146.88506735009915,146.88506735009915,0.0,PASS
RECLAIM-V2-003050,RETRY_ALL,RETRY_ALL,208.0474866416544,25.0,183.0474866416544,183.0474866416544,0.0,PASS
RECLAIM-V2-003051,TARGET,MONITOR,426.0785364082645,10.0,416.0785364082645,416.0785364082645,0.0,PASS
RECLAIM-V2-003052,RETRY_ALL,RETRY_ALL,0.0,25.0,-25.0,-25.0,0.0,PASS
RECLAIM-V2-003053,RETRY_ALL,RETRY_ALL,132.37744398184907,25.0,107.37744398184908,107.37744398184907,-1.4210854715202004e-14,PASS
RECLAIM-V2-003054,RETRY_ALL,RETRY_ALL,179.9484278437857,25.0,154.9484278437857,154.9484278437857,0.0,PASS
RECLAIM-V2-003055,RETRY_ALL,RETRY_ALL,263.6348830696514,25.0,238.63488306965132,238.63488306965138,5.684341886080802e-14,PASS
RECLAIM-V2-003056,RETRY_ALL,RETRY_ALL,0.0,25.0,-25.0,-25.0,0.0,PASS
RECLAIM-V2-003057,RETRY_ALL,RETRY_ALL,0.0,25.0,-25.0,-25.0,0.0,PASS
RECLAIM-V2-003058,RETRY_ALL,RETRY_ALL,280.15672906716526,25.0,255.1567290671653,255.15672906716526,-2.842170943040401e-14,PASS
RECLAIM-V2-003059,RETRY_ALL,RETRY_ALL,0.0,25.0,-25.0,-25.0,0.0,PASS
RECLAIM-V2-003060,RETRY_ALL,RETRY_ALL,226.5688686735441,25.0,201.5688686735441,201.5688686735441,0.0,PASS
RECLAIM-V2-003061,RETRY_ALL,RETRY_ALL,0.0,25.0,-25.0,-25.0,0.0,PASS
RECLAIM-V2-003062,RETRY_ALL,RETRY_ALL,170.4645725710353,25.0,145.4645725710353,145.4645725710353,0.0,PASS
RECLAIM-V2-003063,RETRY_ALL,RETRY_ALL,289.58771825552355,25.0,264.58771825552355,264.58771825552355,0.0,PASS
RECLAIM-V2-003064,RETRY_ALL,RETRY_ALL,0.0,25.0,-25.0,-25.0,0.0,PASS
RECLAIM-V2-003065,RETRY_ALL,RETRY_ALL,0.0,25.0,-25.0,-25.0,0.0,PASS
RECLAIM-V2-003066,RETRY_ALL,RETRY_ALL,0.0,25.0,-25.0,-25.0,0.0,PASS
RECLAIM-V2-003067,RETRY_ALL,RETRY_ALL,0.0,25.0,-25.0,-25.0,0.0,PASS
RECLAIM-V2-003068,RETRY_ALL,RETRY_ALL,0.0,25.0,-25.0,-25.0,0.0,PASS
RECLAIM-V2-003069,RETRY_ALL,RETRY_ALL,238.81602369305816,25.0,213.81602369305816,213.81602369305816,0.0,PASS
RECLAIM-V2-003070,RETRY_ALL,RETRY_ALL,293.6714988714332,25.0,268.6714988714332,268.6714988714332,0.0,PASS
RECLAIM-V2-003071,RETRY_ALL,RETRY_ALL,0.0,25.0,-25.0,-25.0,0.0,PASS
RECLAIM-V2-003072,RETRY_ALL,RETRY_ALL,0.0,25.0,-25.0,-25.0,0.0,PASS
RECLAIM-V2-003073,RETRY_ALL,RETRY_ALL,0.0,25.0,-25.0,-25.0,0.0,PASS
RECLAIM-V2-003074,RETRY_ALL,RETRY_ALL,0.0,25.0,-25.0,-25.0,0.0,PASS
RECLAIM-V2-003075,RETRY_ALL,RETRY_ALL,0.0,25.0,-25.0,-25.0,0.0,PASS
RECLAIM-V2-003076,RETRY_ALL,RETRY_ALL,0.0,25.0,-25.0,-25.0,0.0,PASS
RECLAIM-V2-003077,RETRY_ALL,RETRY_ALL,0.0,25.0,-25.0,-25.0,0.0,PASS
RECLAIM-V2-003078,RETRY_ALL,RETRY_ALL,174.95078179018097,25.0,149.95078179018097,149.95078179018097,0.0,PASS
RECLAIM-V2-003079,RETRY_ALL,RETRY_ALL,0.0,25.0,-25.0,-25.0,0.0,PASS
RECLAIM-V2-003080,RETRY_ALL,RETRY_ALL,0.0,25.0,-25.0,-25.0,0.0,PASS
RECLAIM-V2-003081,RETRY_ALL,RETRY_ALL,0.0,25.0,-25.0,-25.0,0.0,PASS
RECLAIM-V2-003082,RETRY_ALL,RETRY_ALL,0.0,25.0,-25.0,-25.0,0.0,PASS
RECLAIM-V2-003083,RETRY_ALL,RETRY_ALL,0.0,25.0,-25.0,-25.0,0.0,PASS
RECLAIM-V2-003084,RETRY_ALL,RETRY_ALL,175.8564485233974,25.0,150.8564485233974,150.8564485233974,0.0,PASS
RECLAIM-V2-003085,RETRY_ALL,RETRY_ALL,0.0,25.0,-25.0,-25.0,0.0,PASS
RECLAIM-V2-003086,RETRY_ALL,RETRY_ALL,0.0,25.0,-25.0,-25.0,0.0,PASS
RECLAIM-V2-003087,RETRY_ALL,RETRY_ALL,0.0,25.0,-25.0,-25.0,0.0,PASS
RECLAIM-V2-003088,RETRY_ALL,RETRY_ALL,156.767492973726,25.0,131.767492973726,131.767492973726,0.0,PASS
RECLAIM-V2-003089,RETRY_ALL,RETRY_ALL,239.097313697492,25.0,214.097313697492,214.097313697492,0.0,PASS
RECLAIM-V2-003090,TARGET,MONITOR,425.342524573718,10.0,415.342524573718,415.342524573718,0.0,PASS
RECLAIM-V2-003091,RETRY_ALL,RETRY_ALL,346.3291308898387,25.0,321.3291308898387,321.3291308898387,0.0,PASS
RECLAIM-V2-003092,RETRY_ALL,RETRY_ALL,0.0,25.0,-25.0,-25.0,0.0,PASS
RECLAIM-V2-003093,RETRY_ALL,RETRY_ALL,0.0,25.0,-25.0,-25.0,0.0,PASS
RECLAIM-V2-003094,RETRY_ALL,RETRY_ALL,0.0,25.0,-25.0,-25.0,0.0,PASS
RECLAIM-V2-003095,RETRY_ALL,RETRY_ALL,0.0,25.0,-25.0,-25.0,0.0,PASS
RECLAIM-V2-003096,RETRY_ALL,RETRY_ALL,235.7596323004539,25.0,210.7596323004539,210.7596323004539,0.0,PASS
RECLAIM-V2-003097,RETRY_ALL,RETRY_ALL,54.777619237053,25.0,29.777619237053003,29.777619237053003,0.0,PASS
RECLAIM-V2-003098,RETRY_ALL,RETRY_ALL,113.86187446003773,25.0,88.86187446003773,88.86187446003773,0.0,PASS
RECLAIM-V2-003099,RETRY_ALL,RETRY_ALL,49.1169648705027,25.0,24.1169648705027,24.1169648705027,0.0,PASS
RECLAIM-V2-003100,RETRY_ALL,RETRY_ALL,0.0,25.0,-25.0,-25.0,0.0,PASS
RECLAIM-V2-003101,RETRY_ALL,RETRY_ALL,0.0,25.0,-25.0,-25.0,0.0,PASS
RECLAIM-V2-003102,RETRY_ALL,RETRY_ALL,0.0,25.0,-25.0,-25.0,0.0,PASS
RECLAIM-V2-003103,RETRY_ALL,RETRY_ALL,125.7267830674899,25.0,100.7267830674899,100.7267830674899,0.0,PASS
RECLAIM-V2-003104,RETRY_ALL,RETRY_ALL,156.19606406259973,25.0,131.19606406259973,131.19606406259973,0.0,PASS
RECLAIM-V2-003105,RETRY_ALL,RETRY_ALL,0.0,25.0,-25.0,-25.0,0.0,PASS
RECLAIM-V2-003106,RETRY_ALL,RETRY_ALL,0.0,25.0,-25.0,-25.0,0.0,PASS
RECLAIM-V2-003107,RETRY_ALL,RETRY_ALL,47.306051000479954,25.0,22.30605100047996,22.306051000479954,-7.105427357601002e-15,PASS
RECLAIM-V2-003108,RETRY_ALL,RETRY_ALL,130.84091632807244,25.0,105.84091632807244,105.84091632807244,0.0,PASS
RECLAIM-V2-003109,RETRY_ALL,RETRY_ALL,186.7462136942952,25.0,161.7462136942952,161.7462136942952,0.0,PASS
RECLAIM-V2-003110,RETRY_ALL,RETRY_ALL,130.7451846981081,25.0,105.74518469810808,105.74518469810809,1.4210854715202004e-14,PASS
RECLAIM-V2-003111,RETRY_ALL,RETRY_ALL,46.92558743462176,25.0,21.92558743462176,21.92558743462176,0.0,PASS
RECLAIM-V2-003112,RETRY_ALL,RETRY_ALL,0.0,25.0,-25.0,-25.0,0.0,PASS
RECLAIM-V2-003113,RETRY_ALL,RETRY_ALL,0.0,25.0,-25.0,-25.0,0.0,PASS
RECLAIM-V2-003114,RETRY_ALL,RETRY_ALL,0.0,25.0,-25.0,-25.0,0.0,PASS
RECLAIM-V2-003115,RETRY_ALL,RETRY_ALL,0.0,25.0,-25.0,-25.0,0.0,PASS
RECLAIM-V2-003116,RETRY_ALL,RETRY_ALL,0.0,25.0,-25.0,-25.0,0.0,PASS
RECLAIM-V2-003117,RETRY_ALL,RETRY_ALL,0.0,25.0,-25.0,-25.0,0.0,PASS
RECLAIM-V2-003118,RETRY_ALL,RETRY_ALL,0.0,25.0,-25.0,-25.0,0.0,PASS
RECLAIM-V2-003119,RETRY_ALL,RETRY_ALL,0.0,25.0,-25.0,-25.0,0.0,PASS
RECLAIM-V2-003120,RETRY_ALL,RETRY_ALL,0.0,25.0,-25.0,-25.0,0.0,PASS
RECLAIM-V2-003121,RETRY_ALL,RETRY_ALL,249.83384560725585,25.0,224.83384560725585,224.83384560725585,0.0,PASS
RECLAIM-V2-003122,TARGET,MONITOR,423.931747634955,10.0,413.931747634955,413.931747634955,0.0,PASS
RECLAIM-V2-003123,RETRY_ALL,RETRY_ALL,0.0,25.0,-25.0,-25.0,0.0,PASS
RECLAIM-V2-003124,RETRY_ALL,RETRY_ALL,24.89328628091325,25.0,-0.1067137190867484,-0.10671371908674843,-2.7755575615628914e-17,PASS
RECLAIM-V2-003125,TARGET,HIGH_INTENSITY,575.9493851609157,120.0,455.94938516091565,455.94938516091565,0.0,PASS
RECLAIM-V2-003126,RETRY_ALL,RETRY_ALL,0.0,25.0,-25.0,-25.0,0.0,PASS
RECLAIM-V2-003127,RETRY_ALL,RETRY_ALL,255.63899444865137,25.0,230.63899444865137,230.63899444865137,0.0,PASS
RECLAIM-V2-003128,RETRY_ALL,RETRY_ALL,148.5992587011126,25.0,123.5992587011126,123.5992587011126,0.0,PASS
RECLAIM-V2-003129,RETRY_ALL,RETRY_ALL,340.4086521993849,25.0,315.4086521993849,315.4086521993849,0.0,PASS
RECLAIM-V2-003130,RETRY_ALL,RETRY_ALL,0.0,25.0,-25.0,-25.0,0.0,PASS
RECLAIM-V2-003131,RETRY_ALL,RETRY_ALL,0.0,25.0,-25.0,-25.0,0.0,PASS
RECLAIM-V2-003132,RETRY_ALL,RETRY_ALL,114.34691185649596,25.0,89.34691185649596,89.34691185649596,0.0,PASS
RECLAIM-V2-003133,RETRY_ALL,RETRY_ALL,12.53275803771825,25.0,-12.46724196228175,-12.46724196228175,0.0,PASS
RECLAIM-V2-003134,RETRY_ALL,RETRY_ALL,0.0,25.0,-25.0,-25.0,0.0,PASS
RECLAIM-V2-003135,RETRY_ALL,RETRY_ALL,325.6099733765433,25.0,300.6099733765433,300.6099733765433,0.0,PASS
RECLAIM-V2-003136,RETRY_ALL,RETRY_ALL,0.0,25.0,-25.0,-25.0,0.0,PASS
RECLAIM-V2-003137,RETRY_ALL,RETRY_ALL,0.0,25.0,-25.0,-25.0,0.0,PASS
RECLAIM-V2-003138,RETRY_ALL,RETRY_ALL,51.0794934950691,25.0,26.0794934950691,26.0794934950691,0.0,PASS
RECLAIM-V2-003139,RETRY_ALL,RETRY_ALL,0.0,25.0,-25.0,-25.0,0.0,PASS
RECLAIM-V2-003140,RETRY_ALL,RETRY_ALL,257.0703516213699,25.0,232.07035162136992,232.07035162136992,0.0,PASS
RECLAIM-V2-003141,RETRY_ALL,RETRY_ALL,0.0,25.0,-25.0,-25.0,0.0,PASS
RECLAIM-V2-003142,RETRY_ALL,RETRY_ALL,0.0,25.0,-25.0,-25.0,0.0,PASS
RECLAIM-V2-003143,RETRY_ALL,RETRY_ALL,197.81443615041584,25.0,172.81443615041584,172.81443615041584,0.0,PASS
RECLAIM-V2-003144,RETRY_ALL,RETRY_ALL,88.5471749561724,25.0,63.5471749561724,63.5471749561724,0.0,PASS
RECLAIM-V2-003145,RETRY_ALL,RETRY_ALL,0.0,25.0,-25.0,-25.0,0.0,PASS
RECLAIM-V2-003146,RETRY_ALL,RETRY_ALL,0.0,25.0,-25.0,-25.0,0.0,PASS
RECLAIM-V2-003147,RETRY_ALL,RETRY_ALL,48.0682449932217,25.0,23.068244993221697,23.068244993221697,0.0,PASS
RECLAIM-V2-003148,RETRY_ALL,RETRY_ALL,142.71913956719956,25.0,117.71913956719956,117.71913956719956,0.0,PASS
RECLAIM-V2-003149,RETRY_ALL,RETRY_ALL,247.5737206161237,25.0,222.5737206161237,222.5737206161237,0.0,PASS
RECLAIM-V2-003150,RETRY_ALL,RETRY_ALL,0.0,25.0,-25.0,-25.0,0.0,PASS
RECLAIM-V2-003151,RETRY_ALL,RETRY_ALL,33.15647824369515,25.0,8.156478243695148,8.156478243695148,0.0,PASS
RECLAIM-V2-003152,TARGET,MONITOR,393.0221123680524,10.0,383.0221123680524,383.0221123680524,0.0,PASS
RECLAIM-V2-003153,RETRY_ALL,RETRY_ALL,0.0,25.0,-25.0,-25.0,0.0,PASS
RECLAIM-V2-003154,RETRY_ALL,RETRY_ALL,36.20298598859415,25.0,11.20298598859415,11.20298598859415,0.0,PASS
RECLAIM-V2-003155,RETRY_ALL,RETRY_ALL,205.50810328395045,25.0,180.50810328395045,180.50810328395045,0.0,PASS
RECLAIM-V2-003156,RETRY_ALL,RETRY_ALL,200.27949429421875,25.0,175.27949429421875,175.27949429421875,0.0,PASS
RECLAIM-V2-003157,RETRY_ALL,RETRY_ALL,187.80442734600945,25.0,162.80442734600945,162.80442734600945,0.0,PASS
RECLAIM-V2-003158,RETRY_ALL,RETRY_ALL,318.36710189534506,25.0,293.36710189534506,293.36710189534506,0.0,PASS
RECLAIM-V2-003159,RETRY_ALL,RETRY_ALL,0.0,25.0,-25.0,-25.0,0.0,PASS
RECLAIM-V2-003160,RETRY_ALL,RETRY_ALL,0.0,25.0,-25.0,-25.0,0.0,PASS
RECLAIM-V2-003161,RETRY_ALL,RETRY_ALL,0.0,25.0,-25.0,-25.0,0.0,PASS
RECLAIM-V2-003162,RETRY_ALL,RETRY_ALL,53.92017745842375,25.0,28.92017745842375,28.92017745842375,0.0,PASS
RECLAIM-V2-003163,RETRY_ALL,RETRY_ALL,0.0,25.0,-25.0,-25.0,0.0,PASS
RECLAIM-V2-003164,RETRY_ALL,RETRY_ALL,0.0,25.0,-25.0,-25.0,0.0,PASS
RECLAIM-V2-003165,RETRY_ALL,RETRY_ALL,299.7121318692546,25.0,274.7121318692546,274.7121318692546,0.0,PASS
RECLAIM-V2-003166,RETRY_ALL,RETRY_ALL,197.97508613388973,25.0,172.97508613388973,172.97508613388973,0.0,PASS
RECLAIM-V2-003167,RETRY_ALL,RETRY_ALL,160.56360000705794,25.0,135.56360000705794,135.56360000705794,0.0,PASS
RECLAIM-V2-003168,RETRY_ALL,RETRY_ALL,0.0,25.0,-25.0,-25.0,0.0,PASS
RECLAIM-V2-003169,RETRY_ALL,RETRY_ALL,153.78092430688756,25.0,128.78092430688756,128.78092430688756,0.0,PASS
RECLAIM-V2-003170,RETRY_ALL,RETRY_ALL,134.7199541181861,25.0,109.71995411818612,109.71995411818611,-1.4210854715202004e-14,PASS
RECLAIM-V2-003171,RETRY_ALL,RETRY_ALL,0.0,25.0,-25.0,-25.0,0.0,PASS
RECLAIM-V2-003172,RETRY_ALL,RETRY_ALL,0.0,25.0,-25.0,-25.0,0.0,PASS
RECLAIM-V2-003173,RETRY_ALL,RETRY_ALL,115.09623817359916,25.0,90.09623817359916,90.09623817359916,0.0,PASS
RECLAIM-V2-003174,RETRY_ALL,RETRY_ALL,212.4568919679813,25.0,187.4568919679813,187.4568919679813,0.0,PASS
RECLAIM-V2-003175,RETRY_ALL,RETRY_ALL,0.0,25.0,-25.0,-25.0,0.0,PASS
RECLAIM-V2-003176,RETRY_ALL,RETRY_ALL,0.0,25.0,-25.0,-25.0,0.0,PASS
RECLAIM-V2-003177,RETRY_ALL,RETRY_ALL,0.0,25.0,-25.0,-25.0,0.0,PASS
RECLAIM-V2-003178,RETRY_ALL,RETRY_ALL,0.0,25.0,-25.0,-25.0,0.0,PASS
RECLAIM-V2-003179,RETRY_ALL,RETRY_ALL,0.0,25.0,-25.0,-25.0,0.0,PASS
RECLAIM-V2-003180,RETRY_ALL,RETRY_ALL,268.9644104926044,25.0,243.9644104926044,243.96441049260437,-2.842170943040401e-14,PASS
RECLAIM-V2-003181,RETRY_ALL,RETRY_ALL,0.0,25.0,-25.0,-25.0,0.0,PASS
RECLAIM-V2-003182,RETRY_ALL,RETRY_ALL,0.0,25.0,-25.0,-25.0,0.0,PASS
RECLAIM-V2-003183,RETRY_ALL,RETRY_ALL,337.7019743792403,25.0,312.7019743792403,312.7019743792403,0.0,PASS
RECLAIM-V2-003184,RETRY_ALL,RETRY_ALL,0.0,25.0,-25.0,-25.0,0.0,PASS
RECLAIM-V2-003185,RETRY_ALL,RETRY_ALL,0.0,25.0,-25.0,-25.0,0.0,PASS
RECLAIM-V2-003186,RETRY_ALL,RETRY_ALL,118.5865636010922,25.0,93.5865636010922,93.5865636010922,0.0,PASS
RECLAIM-V2-003187,RETRY_ALL,RETRY_ALL,165.0738837952749,25.0,140.0738837952749,140.0738837952749,0.0,PASS
RECLAIM-V2-003188,RETRY_ALL,RETRY_ALL,0.0,25.0,-25.0,-25.0,0.0,PASS
RECLAIM-V2-003189,RETRY_ALL,RETRY_ALL,0.0,25.0,-25.0,-25.0,0.0,PASS
RECLAIM-V2-003190,RETRY_ALL,RETRY_ALL,28.504012374858,25.0,3.504012374858,3.504012374858,0.0,PASS
RECLAIM-V2-003191,RETRY_ALL,RETRY_ALL,0.0,25.0,-25.0,-25.0,0.0,PASS
RECLAIM-V2-003192,RETRY_ALL,RETRY_ALL,96.7935375958461,25.0,71.7935375958461,71.7935375958461,0.0,PASS
RECLAIM-V2-003193,RETRY_ALL,RETRY_ALL,45.49719435169021,25.0,20.49719435169021,20.49719435169021,0.0,PASS
RECLAIM-V2-003194,RETRY_ALL,RETRY_ALL,31.86599658625065,25.0,6.865996586250649,6.865996586250649,0.0,PASS
RECLAIM-V2-003195,RETRY_ALL,RETRY_ALL,134.63984130287744,25.0,109.63984130287744,109.63984130287744,0.0,PASS
RECLAIM-V2-003196,RETRY_ALL,RETRY_ALL,0.0,25.0,-25.0,-25.0,0.0,PASS
RECLAIM-V2-003197,RETRY_ALL,RETRY_ALL,211.54300424245724,25.0,186.54300424245724,186.54300424245724,0.0,PASS
RECLAIM-V2-003198,RETRY_ALL,RETRY_ALL,234.34733890972663,25.0,209.34733890972663,209.34733890972663,0.0,PASS
RECLAIM-V2-003199,RETRY_ALL,RETRY_ALL,37.814038764048895,25.0,12.814038764048895,12.814038764048895,0.0,PASS
RECLAIM-V2-003200,RETRY_ALL,RETRY_ALL,337.7057271178644,25.0,312.7057271178644,312.7057271178644,0.0,PASS
RECLAIM-V2-003201,RETRY_ALL,RETRY_ALL,0.0,25.0,-25.0,-25.0,0.0,PASS
RECLAIM-V2-003202,RETRY_ALL,RETRY_ALL,16.63958894554365,25.0,-8.36041105445635,-8.36041105445635,0.0,PASS
RECLAIM-V2-003203,RETRY_ALL,RETRY_ALL,61.78759855239495,25.0,36.78759855239495,36.78759855239495,0.0,PASS
RECLAIM-V2-003204,RETRY_ALL,RETRY_ALL,0.0,25.0,-25.0,-25.0,0.0,PASS
RECLAIM-V2-003205,RETRY_ALL,RETRY_ALL,0.0,25.0,-25.0,-25.0,0.0,PASS
RECLAIM-V2-003206,RETRY_ALL,RETRY_ALL,0.0,25.0,-25.0,-25.0,0.0,PASS
RECLAIM-V2-003207,RETRY_ALL,RETRY_ALL,190.5809983929392,25.0,165.58099839293916,165.5809983929392,2.842170943040401e-14,PASS
RECLAIM-V2-003208,RETRY_ALL,RETRY_ALL,0.0,25.0,-25.0,-25.0,0.0,PASS
RECLAIM-V2-003209,RETRY_ALL,RETRY_ALL,182.6228729417588,25.0,157.62287294175877,157.6228729417588,2.842170943040401e-14,PASS
RECLAIM-V2-003210,RETRY_ALL,RETRY_ALL,0.0,25.0,-25.0,-25.0,0.0,PASS
RECLAIM-V2-003211,TARGET,LOW_INTENSITY,441.1129854939078,45.0,396.1129854939078,396.1129854939078,0.0,PASS
RECLAIM-V2-003212,RETRY_ALL,RETRY_ALL,0.0,25.0,-25.0,-25.0,0.0,PASS
RECLAIM-V2-003213,RETRY_ALL,RETRY_ALL,42.2594655621108,25.0,17.259465562110798,17.259465562110798,0.0,PASS
RECLAIM-V2-003214,RETRY_ALL,RETRY_ALL,159.7582292567088,25.0,134.7582292567088,134.7582292567088,0.0,PASS
RECLAIM-V2-003215,RETRY_ALL,RETRY_ALL,36.829754187618896,25.0,11.829754187618896,11.829754187618896,0.0,PASS
RECLAIM-V2-003216,RETRY_ALL,RETRY_ALL,0.0,25.0,-25.0,-25.0,0.0,PASS
RECLAIM-V2-003217,RETRY_ALL,RETRY_ALL,0.0,25.0,-25.0,-25.0,0.0,PASS
RECLAIM-V2-003218,RETRY_ALL,RETRY_ALL,0.0,25.0,-25.0,-25.0,0.0,PASS
RECLAIM-V2-003219,RETRY_ALL,RETRY_ALL,0.0,25.0,-25.0,-25.0,0.0,PASS
RECLAIM-V2-003220,RETRY_ALL,RETRY_ALL,131.7651588591888,25.0,106.7651588591888,106.7651588591888,0.0,PASS
RECLAIM-V2-003221,RETRY_ALL,RETRY_ALL,128.51600897414176,25.0,103.51600897414176,103.51600897414176,0.0,PASS
RECLAIM-V2-003222,TARGET,HIGH_INTENSITY,577.149893278629,120.0,457.14989327862895,457.14989327862895,0.0,PASS
RECLAIM-V2-003223,RETRY_ALL,RETRY_ALL,0.0,25.0,-25.0,-25.0,0.0,PASS
RECLAIM-V2-003224,RETRY_ALL,RETRY_ALL,0.0,25.0,-25.0,-25.0,0.0,PASS
RECLAIM-V2-003225,RETRY_ALL,RETRY_ALL,227.96831945056468,25.0,202.96831945056468,202.96831945056468,0.0,PASS
RECLAIM-V2-003226,RETRY_ALL,RETRY_ALL,167.7468411968316,25.0,142.7468411968316,142.7468411968316,0.0,PASS
RECLAIM-V2-003227,RETRY_ALL,RETRY_ALL,2.3756988573708,25.0,-22.6243011426292,-22.6243011426292,0.0,PASS
RECLAIM-V2-003228,RETRY_ALL,RETRY_ALL,220.05260413695223,25.0,195.05260413695223,195.05260413695223,0.0,PASS
RECLAIM-V2-003229,RETRY_ALL,RETRY_ALL,0.0,25.0,-25.0,-25.0,0.0,PASS
RECLAIM-V2-003230,RETRY_ALL,RETRY_ALL,162.27835488355288,25.0,137.27835488355288,137.27835488355288,0.0,PASS
RECLAIM-V2-003231,RETRY_ALL,RETRY_ALL,55.23618561292485,25.0,30.23618561292485,30.23618561292485,0.0,PASS
RECLAIM-V2-003232,RETRY_ALL,RETRY_ALL,32.35245004322565,25.0,7.352450043225652,7.352450043225652,0.0,PASS
RECLAIM-V2-003233,RETRY_ALL,RETRY_ALL,0.0,25.0,-25.0,-25.0,0.0,PASS
RECLAIM-V2-003234,RETRY_ALL,RETRY_ALL,0.0,25.0,-25.0,-25.0,0.0,PASS
RECLAIM-V2-003235,RETRY_ALL,RETRY_ALL,0.0,25.0,-25.0,-25.0,0.0,PASS
RECLAIM-V2-003236,RETRY_ALL,RETRY_ALL,0.0,25.0,-25.0,-25.0,0.0,PASS
RECLAIM-V2-003237,RETRY_ALL,RETRY_ALL,137.2373402226234,25.0,112.2373402226234,112.2373402226234,0.0,PASS
RECLAIM-V2-003238,RETRY_ALL,RETRY_ALL,207.18497576571207,25.0,182.18497576571207,182.18497576571207,0.0,PASS
RECLAIM-V2-003239,RETRY_ALL,RETRY_ALL,236.3236442476569,25.0,211.3236442476569,211.3236442476569,0.0,PASS
RECLAIM-V2-003240,RETRY_ALL,RETRY_ALL,261.4712569240773,25.0,236.4712569240773,236.4712569240773,0.0,PASS
RECLAIM-V2-003241,TARGET,MONITOR,403.1574866213412,10.0,393.1574866213412,393.1574866213412,0.0,PASS
RECLAIM-V2-003242,RETRY_ALL,RETRY_ALL,0.0,25.0,-25.0,-25.0,0.0,PASS
RECLAIM-V2-003243,TARGET,HIGH_INTENSITY,644.4932373447468,120.0,524.4932373447468,524.4932373447468,0.0,PASS
RECLAIM-V2-003244,RETRY_ALL,RETRY_ALL,27.65698215712035,25.0,2.65698215712035,2.65698215712035,0.0,PASS
RECLAIM-V2-003245,RETRY_ALL,RETRY_ALL,0.0,25.0,-25.0,-25.0,0.0,PASS
RECLAIM-V2-003246,RETRY_ALL,RETRY_ALL,111.84887180670523,25.0,86.84887180670523,86.84887180670523,0.0,PASS
RECLAIM-V2-003247,RETRY_ALL,RETRY_ALL,0.0,25.0,-25.0,-25.0,0.0,PASS
RECLAIM-V2-003248,RETRY_ALL,RETRY_ALL,315.00156790466747,25.0,290.00156790466747,290.00156790466747,0.0,PASS
RECLAIM-V2-003249,RETRY_ALL,RETRY_ALL,0.0,25.0,-25.0,-25.0,0.0,PASS
RECLAIM-V2-003250,RETRY_ALL,RETRY_ALL,0.0,25.0,-25.0,-25.0,0.0,PASS
RECLAIM-V2-003251,TARGET,STANDARD_TARGET,535.97863806941,80.0,455.97863806941,455.97863806940995,-5.684341886080802e-14,PASS
RECLAIM-V2-003252,RETRY_ALL,RETRY_ALL,82.68430337032605,25.0,57.68430337032605,57.68430337032605,0.0,PASS
RECLAIM-V2-003253,RETRY_ALL,RETRY_ALL,0.0,25.0,-25.0,-25.0,0.0,PASS
RECLAIM-V2-003254,RETRY_ALL,RETRY_ALL,0.0,25.0,-25.0,-25.0,0.0,PASS
RECLAIM-V2-003255,RETRY_ALL,RETRY_ALL,0.0,25.0,-25.0,-25.0,0.0,PASS
RECLAIM-V2-003256,TARGET,LOW_INTENSITY,471.71173603127806,45.0,426.71173603127806,426.71173603127806,0.0,PASS
RECLAIM-V2-003257,RETRY_ALL,RETRY_ALL,0.0,25.0,-25.0,-25.0,0.0,PASS
RECLAIM-V2-003258,RETRY_ALL,RETRY_ALL,175.72818311516656,25.0,150.72818311516656,150.72818311516656,0.0,PASS
RECLAIM-V2-003259,RETRY_ALL,RETRY_ALL,203.22676541731008,25.0,178.22676541731008,178.22676541731008,0.0,PASS
RECLAIM-V2-003260,RETRY_ALL,RETRY_ALL,282.4598161466907,25.0,257.4598161466907,257.4598161466907,0.0,PASS
RECLAIM-V2-003261,RETRY_ALL,RETRY_ALL,139.925518643652,25.0,114.925518643652,114.925518643652,0.0,PASS
RECLAIM-V2-003262,RETRY_ALL,RETRY_ALL,0.0,25.0,-25.0,-25.0,0.0,PASS
RECLAIM-V2-003263,RETRY_ALL,RETRY_ALL,53.34589441866855,25.0,28.34589441866855,28.34589441866855,0.0,PASS
RECLAIM-V2-003264,RETRY_ALL,RETRY_ALL,0.0,25.0,-25.0,-25.0,0.0,PASS
RECLAIM-V2-003265,RETRY_ALL,RETRY_ALL,0.0,25.0,-25.0,-25.0,0.0,PASS
RECLAIM-V2-003266,RETRY_ALL,RETRY_ALL,0.0,25.0,-25.0,-25.0,0.0,PASS
RECLAIM-V2-003267,TARGET,STANDARD_TARGET,488.8518517618501,80.0,408.8518517618501,408.8518517618501,0.0,PASS
RECLAIM-V2-003268,RETRY_ALL,RETRY_ALL,319.4392691516924,25.0,294.4392691516924,294.4392691516924,0.0,PASS
RECLAIM-V2-003269,TARGET,MONITOR,424.0451758526151,10.0,414.0451758526151,414.0451758526151,0.0,PASS
RECLAIM-V2-003270,RETRY_ALL,RETRY_ALL,0.0,25.0,-25.0,-25.0,0.0,PASS
RECLAIM-V2-003271,RETRY_ALL,RETRY_ALL,0.0,25.0,-25.0,-25.0,0.0,PASS
RECLAIM-V2-003272,RETRY_ALL,RETRY_ALL,325.05096175048783,25.0,300.05096175048783,300.05096175048783,0.0,PASS
RECLAIM-V2-003273,RETRY_ALL,RETRY_ALL,380.08237163332393,25.0,355.082371633324,355.08237163332393,-5.684341886080802e-14,PASS
RECLAIM-V2-003274,RETRY_ALL,RETRY_ALL,0.0,25.0,-25.0,-25.0,0.0,PASS
RECLAIM-V2-003275,RETRY_ALL,RETRY_ALL,0.0,25.0,-25.0,-25.0,0.0,PASS
RECLAIM-V2-003276,RETRY_ALL,RETRY_ALL,0.0,25.0,-25.0,-25.0,0.0,PASS
RECLAIM-V2-003277,RETRY_ALL,RETRY_ALL,0.0,25.0,-25.0,-25.0,0.0,PASS
RECLAIM-V2-003278,TARGET,MONITOR,422.2416150183123,10.0,412.2416150183123,412.2416150183123,0.0,PASS
RECLAIM-V2-003279,RETRY_ALL,RETRY_ALL,177.79684459778355,25.0,152.79684459778355,152.79684459778355,0.0,PASS
RECLAIM-V2-003280,RETRY_ALL,RETRY_ALL,340.39284586451384,25.0,315.39284586451384,315.39284586451384,0.0,PASS
RECLAIM-V2-003281,RETRY_ALL,RETRY_ALL,303.3596549832639,25.0,278.3596549832639,278.3596549832639,0.0,PASS
RECLAIM-V2-003282,RETRY_ALL,RETRY_ALL,189.05765606477144,25.0,164.05765606477144,164.05765606477144,0.0,PASS
RECLAIM-V2-003283,RETRY_ALL,RETRY_ALL,119.00931821212936,25.0,94.00931821212936,94.00931821212936,0.0,PASS
RECLAIM-V2-003284,TARGET,MONITOR,422.26511460678495,10.0,412.26511460678495,412.26511460678495,0.0,PASS
RECLAIM-V2-003285,RETRY_ALL,RETRY_ALL,367.1861532041508,25.0,342.1861532041508,342.1861532041508,0.0,PASS
RECLAIM-V2-003286,RETRY_ALL,RETRY_ALL,175.0470028905105,25.0,150.0470028905105,150.0470028905105,0.0,PASS
RECLAIM-V2-003287,RETRY_ALL,RETRY_ALL,90.727861084809,25.0,65.727861084809,65.727861084809,0.0,PASS
RECLAIM-V2-003288,RETRY_ALL,RETRY_ALL,0.0,25.0,-25.0,-25.0,0.0,PASS
RECLAIM-V2-003289,RETRY_ALL,RETRY_ALL,245.3071437386475,25.0,220.3071437386475,220.3071437386475,0.0,PASS
RECLAIM-V2-003290,RETRY_ALL,RETRY_ALL,243.0701558615604,25.0,218.0701558615604,218.0701558615604,0.0,PASS
RECLAIM-V2-003291,RETRY_ALL,RETRY_ALL,248.00076011099333,25.0,223.00076011099333,223.00076011099333,0.0,PASS
RECLAIM-V2-003292,RETRY_ALL,RETRY_ALL,26.4801117027309,25.0,1.4801117027308983,1.4801117027308983,0.0,PASS
RECLAIM-V2-003293,RETRY_ALL,RETRY_ALL,0.0,25.0,-25.0,-25.0,0.0,PASS
RECLAIM-V2-003294,RETRY_ALL,RETRY_ALL,0.0,25.0,-25.0,-25.0,0.0,PASS
RECLAIM-V2-003295,RETRY_ALL,RETRY_ALL,91.603867962309,25.0,66.603867962309,66.603867962309,0.0,PASS
RECLAIM-V2-003296,RETRY_ALL,RETRY_ALL,34.2231688285056,25.0,9.2231688285056,9.2231688285056,0.0,PASS
RECLAIM-V2-003297,RETRY_ALL,RETRY_ALL,0.0,25.0,-25.0,-25.0,0.0,PASS
RECLAIM-V2-003298,RETRY_ALL,RETRY_ALL,334.5767145530304,25.0,309.5767145530304,309.5767145530304,0.0,PASS
RECLAIM-V2-003299,RETRY_ALL,RETRY_ALL,46.54867693181025,25.0,21.54867693181025,21.54867693181025,0.0,PASS
RECLAIM-V2-003300,RETRY_ALL,RETRY_ALL,266.99571053629035,25.0,241.99571053629035,241.99571053629035,0.0,PASS
RECLAIM-V2-003301,RETRY_ALL,RETRY_ALL,309.1356848942202,25.0,284.1356848942202,284.1356848942202,0.0,PASS
RECLAIM-V2-003302,RETRY_ALL,RETRY_ALL,0.0,25.0,-25.0,-25.0,0.0,PASS
RECLAIM-V2-003303,RETRY_ALL,RETRY_ALL,0.0,25.0,-25.0,-25.0,0.0,PASS
RECLAIM-V2-003304,RETRY_ALL,RETRY_ALL,0.0,25.0,-25.0,-25.0,0.0,PASS
RECLAIM-V2-003305,RETRY_ALL,RETRY_ALL,260.84655013316205,25.0,235.84655013316203,235.84655013316205,2.842170943040401e-14,PASS
RECLAIM-V2-003306,RETRY_ALL,RETRY_ALL,0.0,25.0,-25.0,-25.0,0.0,PASS
RECLAIM-V2-003307,RETRY_ALL,RETRY_ALL,0.0,25.0,-25.0,-25.0,0.0,PASS
RECLAIM-V2-003308,RETRY_ALL,RETRY_ALL,176.75854751210295,25.0,151.75854751210295,151.75854751210295,0.0,PASS
RECLAIM-V2-003309,RETRY_ALL,RETRY_ALL,226.0838188511043,25.0,201.0838188511043,201.0838188511043,0.0,PASS
RECLAIM-V2-003310,RETRY_ALL,RETRY_ALL,0.0,25.0,-25.0,-25.0,0.0,PASS
RECLAIM-V2-003311,RETRY_ALL,RETRY_ALL,0.0,25.0,-25.0,-25.0,0.0,PASS
RECLAIM-V2-003312,RETRY_ALL,RETRY_ALL,0.0,25.0,-25.0,-25.0,0.0,PASS
RECLAIM-V2-003313,RETRY_ALL,RETRY_ALL,0.0,25.0,-25.0,-25.0,0.0,PASS
RECLAIM-V2-003314,RETRY_ALL,RETRY_ALL,0.0,25.0,-25.0,-25.0,0.0,PASS
RECLAIM-V2-003315,RETRY_ALL,RETRY_ALL,226.777573646096,25.0,201.777573646096,201.777573646096,0.0,PASS
RECLAIM-V2-003316,RETRY_ALL,RETRY_ALL,40.30019412992235,25.0,15.300194129922351,15.300194129922353,1.7763568394002505e-15,PASS
RECLAIM-V2-003317,RETRY_ALL,RETRY_ALL,0.0,25.0,-25.0,-25.0,0.0,PASS
RECLAIM-V2-003318,RETRY_ALL,RETRY_ALL,256.86455739666434,25.0,231.8645573966644,231.86455739666434,-5.684341886080802e-14,PASS
RECLAIM-V2-003319,RETRY_ALL,RETRY_ALL,0.0,25.0,-25.0,-25.0,0.0,PASS
RECLAIM-V2-003320,RETRY_ALL,RETRY_ALL,0.0,25.0,-25.0,-25.0,0.0,PASS
RECLAIM-V2-003321,RETRY_ALL,RETRY_ALL,0.0,25.0,-25.0,-25.0,0.0,PASS
RECLAIM-V2-003322,TARGET,LOW_INTENSITY,477.0114744849921,45.0,432.0114744849921,432.0114744849921,0.0,PASS
RECLAIM-V2-003323,RETRY_ALL,RETRY_ALL,0.0,25.0,-25.0,-25.0,0.0,PASS
RECLAIM-V2-003324,RETRY_ALL,RETRY_ALL,0.0,25.0,-25.0,-25.0,0.0,PASS
RECLAIM-V2-003325,RETRY_ALL,RETRY_ALL,246.01640601462404,25.0,221.01640601462404,221.01640601462404,0.0,PASS
RECLAIM-V2-003326,TARGET,LOW_INTENSITY,450.38483063098846,45.0,405.38483063098846,405.38483063098846,0.0,PASS
RECLAIM-V2-003327,RETRY_ALL,RETRY_ALL,112.0124908947624,25.0,87.0124908947624,87.0124908947624,0.0,PASS
RECLAIM-V2-003328,RETRY_ALL,RETRY_ALL,138.57318607896448,25.0,113.57318607896448,113.57318607896448,0.0,PASS
RECLAIM-V2-003329,RETRY_ALL,RETRY_ALL,49.88553725336386,25.0,24.885537253363857,24.885537253363857,0.0,PASS
RECLAIM-V2-003330,TARGET,MONITOR,401.28208952508027,10.0,391.28208952508027,391.28208952508027,0.0,PASS
RECLAIM-V2-003331,RETRY_ALL,RETRY_ALL,91.0662992033223,25.0,66.0662992033223,66.0662992033223,0.0,PASS
RECLAIM-V2-003332,RETRY_ALL,RETRY_ALL,371.62679161676414,25.0,346.62679161676414,346.62679161676414,0.0,PASS
RECLAIM-V2-003333,RETRY_ALL,RETRY_ALL,133.40008500742545,25.0,108.40008500742545,108.40008500742545,0.0,PASS
RECLAIM-V2-003334,RETRY_ALL,RETRY_ALL,0.0,25.0,-25.0,-25.0,0.0,PASS
RECLAIM-V2-003335,RETRY_ALL,RETRY_ALL,0.0,25.0,-25.0,-25.0,0.0,PASS
RECLAIM-V2-003336,RETRY_ALL,RETRY_ALL,0.0,25.0,-25.0,-25.0,0.0,PASS
RECLAIM-V2-003337,RETRY_ALL,RETRY_ALL,246.1820254841593,25.0,221.1820254841593,221.1820254841593,0.0,PASS
RECLAIM-V2-003338,RETRY_ALL,RETRY_ALL,0.0,25.0,-25.0,-25.0,0.0,PASS
RECLAIM-V2-003339,RETRY_ALL,RETRY_ALL,0.0,25.0,-25.0,-25.0,0.0,PASS
RECLAIM-V2-003340,RETRY_ALL,RETRY_ALL,118.32888976142084,25.0,93.32888976142084,93.32888976142084,0.0,PASS
RECLAIM-V2-003341,TARGET,LOW_INTENSITY,434.14739520830057,45.0,389.14739520830057,389.14739520830057,0.0,PASS
RECLAIM-V2-003342,RETRY_ALL,RETRY_ALL,210.7076344874197,25.0,185.7076344874197,185.7076344874197,0.0,PASS
RECLAIM-V2-003343,RETRY_ALL,RETRY_ALL,56.9347882338474,25.0,31.9347882338474,31.9347882338474,0.0,PASS
RECLAIM-V2-003344,RETRY_ALL,RETRY_ALL,0.0,25.0,-25.0,-25.0,0.0,PASS
RECLAIM-V2-003345,RETRY_ALL,RETRY_ALL,305.7882676685064,25.0,280.7882676685064,280.7882676685064,0.0,PASS
RECLAIM-V2-003346,RETRY_ALL,RETRY_ALL,0.0,25.0,-25.0,-25.0,0.0,PASS
RECLAIM-V2-003347,TARGET,STANDARD_TARGET,485.5106158760482,80.0,405.5106158760482,405.5106158760482,0.0,PASS
RECLAIM-V2-003348,RETRY_ALL,RETRY_ALL,272.4923055836641,25.0,247.4923055836641,247.49230558366412,2.842170943040401e-14,PASS
RECLAIM-V2-003349,RETRY_ALL,RETRY_ALL,118.88581974453976,25.0,93.88581974453976,93.88581974453976,0.0,PASS
RECLAIM-V2-003350,RETRY_ALL,RETRY_ALL,53.6166410868012,25.0,28.6166410868012,28.616641086801202,3.552713678800501e-15,PASS
RECLAIM-V2-003351,RETRY_ALL,RETRY_ALL,29.6320343640552,25.0,4.632034364055201,4.632034364055201,0.0,PASS
RECLAIM-V2-003352,RETRY_ALL,RETRY_ALL,0.0,25.0,-25.0,-25.0,0.0,PASS
RECLAIM-V2-003353,RETRY_ALL,RETRY_ALL,251.3464037985477,25.0,226.3464037985477,226.3464037985477,0.0,PASS
RECLAIM-V2-003354,RETRY_ALL,RETRY_ALL,249.259173005468,25.0,224.259173005468,224.259173005468,0.0,PASS
RECLAIM-V2-003355,RETRY_ALL,RETRY_ALL,0.0,25.0,-25.0,-25.0,0.0,PASS
RECLAIM-V2-003356,RETRY_ALL,RETRY_ALL,0.0,25.0,-25.0,-25.0,0.0,PASS
RECLAIM-V2-003357,RETRY_ALL,RETRY_ALL,32.099739259167,25.0,7.099739259167002,7.099739259167002,0.0,PASS
RECLAIM-V2-003358,RETRY_ALL,RETRY_ALL,0.0,25.0,-25.0,-25.0,0.0,PASS
RECLAIM-V2-003359,RETRY_ALL,RETRY_ALL,108.6839789699961,25.0,83.6839789699961,83.6839789699961,0.0,PASS
RECLAIM-V2-003360,RETRY_ALL,RETRY_ALL,211.06363791623667,25.0,186.06363791623667,186.06363791623667,0.0,PASS
RECLAIM-V2-003361,RETRY_ALL,RETRY_ALL,0.0,25.0,-25.0,-25.0,0.0,PASS
RECLAIM-V2-003362,RETRY_ALL,RETRY_ALL,256.2301864220652,25.0,231.2301864220652,231.23018642206517,-2.842170943040401e-14,PASS
RECLAIM-V2-003363,RETRY_ALL,RETRY_ALL,188.69953228876605,25.0,163.69953228876605,163.69953228876605,0.0,PASS
RECLAIM-V2-003364,RETRY_ALL,RETRY_ALL,180.39396305856448,25.0,155.39396305856448,155.39396305856448,0.0,PASS
RECLAIM-V2-003365,RETRY_ALL,RETRY_ALL,258.0323446873688,25.0,233.0323446873688,233.03234468736878,-2.842170943040401e-14,PASS
RECLAIM-V2-003366,RETRY_ALL,RETRY_ALL,0.0,25.0,-25.0,-25.0,0.0,PASS
RECLAIM-V2-003367,RETRY_ALL,RETRY_ALL,0.0,25.0,-25.0,-25.0,0.0,PASS
RECLAIM-V2-003368,RETRY_ALL,RETRY_ALL,0.0,25.0,-25.0,-25.0,0.0,PASS
RECLAIM-V2-003369,RETRY_ALL,RETRY_ALL,84.0664308405759,25.0,59.066430840575904,59.066430840575904,0.0,PASS
RECLAIM-V2-003370,RETRY_ALL,RETRY_ALL,0.0,25.0,-25.0,-25.0,0.0,PASS
RECLAIM-V2-003371,RETRY_ALL,RETRY_ALL,214.27552455999017,25.0,189.27552455999017,189.27552455999017,0.0,PASS
RECLAIM-V2-003372,RETRY_ALL,RETRY_ALL,0.0,25.0,-25.0,-25.0,0.0,PASS
RECLAIM-V2-003373,RETRY_ALL,RETRY_ALL,0.0,25.0,-25.0,-25.0,0.0,PASS
RECLAIM-V2-003374,RETRY_ALL,RETRY_ALL,183.7116249373035,25.0,158.7116249373035,158.7116249373035,0.0,PASS
RECLAIM-V2-003375,RETRY_ALL,RETRY_ALL,0.0,25.0,-25.0,-25.0,0.0,PASS
RECLAIM-V2-003376,RETRY_ALL,RETRY_ALL,60.5169711085827,25.0,35.5169711085827,35.5169711085827,0.0,PASS
RECLAIM-V2-003377,RETRY_ALL,RETRY_ALL,314.0703178848774,25.0,289.0703178848774,289.0703178848774,0.0,PASS
RECLAIM-V2-003378,RETRY_ALL,RETRY_ALL,0.0,25.0,-25.0,-25.0,0.0,PASS
RECLAIM-V2-003379,RETRY_ALL,RETRY_ALL,0.0,25.0,-25.0,-25.0,0.0,PASS
RECLAIM-V2-003380,RETRY_ALL,RETRY_ALL,0.0,25.0,-25.0,-25.0,0.0,PASS
RECLAIM-V2-003381,RETRY_ALL,RETRY_ALL,0.0,25.0,-25.0,-25.0,0.0,PASS
RECLAIM-V2-003382,RETRY_ALL,RETRY_ALL,0.0,25.0,-25.0,-25.0,0.0,PASS
RECLAIM-V2-003383,RETRY_ALL,RETRY_ALL,0.0,25.0,-25.0,-25.0,0.0,PASS
RECLAIM-V2-003384,RETRY_ALL,RETRY_ALL,41.6769070156629,25.0,16.6769070156629,16.6769070156629,0.0,PASS
RECLAIM-V2-003385,TARGET,MONITOR,423.1517161040319,10.0,413.1517161040319,413.1517161040319,0.0,PASS
RECLAIM-V2-003386,RETRY_ALL,RETRY_ALL,0.0,25.0,-25.0,-25.0,0.0,PASS
RECLAIM-V2-003387,RETRY_ALL,RETRY_ALL,0.0,25.0,-25.0,-25.0,0.0,PASS
RECLAIM-V2-003388,RETRY_ALL,RETRY_ALL,118.10720874156104,25.0,93.10720874156104,93.10720874156104,0.0,PASS
RECLAIM-V2-003389,RETRY_ALL,RETRY_ALL,0.0,25.0,-25.0,-25.0,0.0,PASS
RECLAIM-V2-003390,RETRY_ALL,RETRY_ALL,0.0,25.0,-25.0,-25.0,0.0,PASS
RECLAIM-V2-003391,RETRY_ALL,RETRY_ALL,0.0,25.0,-25.0,-25.0,0.0,PASS
RECLAIM-V2-003392,RETRY_ALL,RETRY_ALL,0.0,25.0,-25.0,-25.0,0.0,PASS
RECLAIM-V2-003393,RETRY_ALL,RETRY_ALL,0.0,25.0,-25.0,-25.0,0.0,PASS
RECLAIM-V2-003394,RETRY_ALL,RETRY_ALL,278.3822643057804,25.0,253.3822643057804,253.38226430578038,-2.842170943040401e-14,PASS
RECLAIM-V2-003395,TARGET,MONITOR,416.32832334473983,10.0,406.32832334473983,406.32832334473983,0.0,PASS
RECLAIM-V2-003396,RETRY_ALL,RETRY_ALL,27.907869089911053,25.0,2.9078690899110526,2.9078690899110526,0.0,PASS
RECLAIM-V2-003397,RETRY_ALL,RETRY_ALL,0.0,25.0,-25.0,-25.0,0.0,PASS
RECLAIM-V2-003398,TARGET,LOW_INTENSITY,457.58256465641176,45.0,412.58256465641176,412.58256465641176,0.0,PASS
RECLAIM-V2-003399,RETRY_ALL,RETRY_ALL,286.2169399569561,25.0,261.2169399569561,261.2169399569561,0.0,PASS
RECLAIM-V2-003400,RETRY_ALL,RETRY_ALL,0.0,25.0,-25.0,-25.0,0.0,PASS
RECLAIM-V2-003401,RETRY_ALL,RETRY_ALL,250.1505391655115,25.0,225.1505391655115,225.1505391655115,0.0,PASS
RECLAIM-V2-003402,RETRY_ALL,RETRY_ALL,116.9516439193479,25.0,91.9516439193479,91.9516439193479,0.0,PASS
RECLAIM-V2-003403,RETRY_ALL,RETRY_ALL,258.34781299040384,25.0,233.34781299040384,233.34781299040384,0.0,PASS
RECLAIM-V2-003404,RETRY_ALL,RETRY_ALL,385.5472109590501,25.0,360.5472109590501,360.5472109590501,0.0,PASS
RECLAIM-V2-003405,RETRY_ALL,RETRY_ALL,0.0,25.0,-25.0,-25.0,0.0,PASS
RECLAIM-V2-003406,RETRY_ALL,RETRY_ALL,187.8705372176001,25.0,162.8705372176001,162.8705372176001,0.0,PASS
RECLAIM-V2-003407,RETRY_ALL,RETRY_ALL,0.0,25.0,-25.0,-25.0,0.0,PASS
RECLAIM-V2-003408,RETRY_ALL,RETRY_ALL,2.7351873869145003,25.0,-22.2648126130855,-22.2648126130855,0.0,PASS
RECLAIM-V2-003409,RETRY_ALL,RETRY_ALL,0.0,25.0,-25.0,-25.0,0.0,PASS
RECLAIM-V2-003410,RETRY_ALL,RETRY_ALL,203.6272440136333,25.0,178.62724401363332,178.6272440136333,-2.842170943040401e-14,PASS
RECLAIM-V2-003411,RETRY_ALL,RETRY_ALL,0.0,25.0,-25.0,-25.0,0.0,PASS
RECLAIM-V2-003412,RETRY_ALL,RETRY_ALL,0.0,25.0,-25.0,-25.0,0.0,PASS
RECLAIM-V2-003413,RETRY_ALL,RETRY_ALL,201.1139524598322,25.0,176.1139524598322,176.1139524598322,0.0,PASS
RECLAIM-V2-003414,RETRY_ALL,RETRY_ALL,0.0,25.0,-25.0,-25.0,0.0,PASS
RECLAIM-V2-003415,RETRY_ALL,RETRY_ALL,242.95201035592936,25.0,217.95201035592936,217.95201035592936,0.0,PASS
RECLAIM-V2-003416,RETRY_ALL,RETRY_ALL,0.0,25.0,-25.0,-25.0,0.0,PASS
RECLAIM-V2-003417,TARGET,LOW_INTENSITY,463.3636002438212,45.0,418.3636002438212,418.3636002438212,0.0,PASS
RECLAIM-V2-003418,RETRY_ALL,RETRY_ALL,8.513435468841,25.0,-16.486564531159,-16.486564531159,0.0,PASS
RECLAIM-V2-003419,RETRY_ALL,RETRY_ALL,0.0,25.0,-25.0,-25.0,0.0,PASS
RECLAIM-V2-003420,RETRY_ALL,RETRY_ALL,0.0,25.0,-25.0,-25.0,0.0,PASS
RECLAIM-V2-003421,RETRY_ALL,RETRY_ALL,137.34695284471636,25.0,112.34695284471636,112.34695284471636,0.0,PASS
RECLAIM-V2-003422,RETRY_ALL,RETRY_ALL,70.41732036587085,25.0,45.41732036587085,45.41732036587085,0.0,PASS
RECLAIM-V2-003423,RETRY_ALL,RETRY_ALL,0.0,25.0,-25.0,-25.0,0.0,PASS
RECLAIM-V2-003424,RETRY_ALL,RETRY_ALL,0.0,25.0,-25.0,-25.0,0.0,PASS
RECLAIM-V2-003425,RETRY_ALL,RETRY_ALL,81.64086257416815,25.0,56.64086257416815,56.64086257416815,0.0,PASS
RECLAIM-V2-003426,RETRY_ALL,RETRY_ALL,0.0,25.0,-25.0,-25.0,0.0,PASS
RECLAIM-V2-003427,RETRY_ALL,RETRY_ALL,106.93711891060455,25.0,81.93711891060455,81.93711891060455,0.0,PASS
RECLAIM-V2-003428,RETRY_ALL,RETRY_ALL,0.0,25.0,-25.0,-25.0,0.0,PASS
RECLAIM-V2-003429,RETRY_ALL,RETRY_ALL,55.030339497278696,25.0,30.030339497278696,30.030339497278696,0.0,PASS
RECLAIM-V2-003430,RETRY_ALL,RETRY_ALL,0.0,25.0,-25.0,-25.0,0.0,PASS
RECLAIM-V2-003431,RETRY_ALL,RETRY_ALL,224.21813410389825,25.0,199.21813410389825,199.21813410389825,0.0,PASS
RECLAIM-V2-003432,TARGET,MONITOR,429.7339162350997,10.0,419.7339162350997,419.7339162350997,0.0,PASS
RECLAIM-V2-003433,RETRY_ALL,RETRY_ALL,242.2454376461729,25.0,217.2454376461729,217.2454376461729,0.0,PASS
RECLAIM-V2-003434,RETRY_ALL,RETRY_ALL,104.66210767392914,25.0,79.66210767392914,79.66210767392914,0.0,PASS
RECLAIM-V2-003435,RETRY_ALL,RETRY_ALL,0.0,25.0,-25.0,-25.0,0.0,PASS
RECLAIM-V2-003436,RETRY_ALL,RETRY_ALL,130.6074720305595,25.0,105.6074720305595,105.6074720305595,0.0,PASS
RECLAIM-V2-003437,RETRY_ALL,RETRY_ALL,0.0,25.0,-25.0,-25.0,0.0,PASS
RECLAIM-V2-003438,RETRY_ALL,RETRY_ALL,0.0,25.0,-25.0,-25.0,0.0,PASS
RECLAIM-V2-003439,RETRY_ALL,RETRY_ALL,109.0285044927078,25.0,84.0285044927078,84.0285044927078,0.0,PASS
RECLAIM-V2-003440,RETRY_ALL,RETRY_ALL,213.57364009339847,25.0,188.57364009339847,188.57364009339847,0.0,PASS
RECLAIM-V2-003441,RETRY_ALL,RETRY_ALL,0.0,25.0,-25.0,-25.0,0.0,PASS
RECLAIM-V2-003442,RETRY_ALL,RETRY_ALL,0.0,25.0,-25.0,-25.0,0.0,PASS
RECLAIM-V2-003443,RETRY_ALL,RETRY_ALL,208.78726312254,25.0,183.78726312254,183.78726312254,0.0,PASS
RECLAIM-V2-003444,RETRY_ALL,RETRY_ALL,0.0,25.0,-25.0,-25.0,0.0,PASS
RECLAIM-V2-003445,RETRY_ALL,RETRY_ALL,0.0,25.0,-25.0,-25.0,0.0,PASS
RECLAIM-V2-003446,RETRY_ALL,RETRY_ALL,0.0,25.0,-25.0,-25.0,0.0,PASS
RECLAIM-V2-003447,RETRY_ALL,RETRY_ALL,60.6359111808861,25.0,35.6359111808861,35.6359111808861,0.0,PASS
RECLAIM-V2-003448,RETRY_ALL,RETRY_ALL,0.0,25.0,-25.0,-25.0,0.0,PASS
RECLAIM-V2-003449,RETRY_ALL,RETRY_ALL,0.0,25.0,-25.0,-25.0,0.0,PASS
RECLAIM-V2-003450,RETRY_ALL,RETRY_ALL,0.0,25.0,-25.0,-25.0,0.0,PASS
RECLAIM-V2-003451,RETRY_ALL,RETRY_ALL,0.0,25.0,-25.0,-25.0,0.0,PASS
RECLAIM-V2-003452,RETRY_ALL,RETRY_ALL,0.0,25.0,-25.0,-25.0,0.0,PASS
RECLAIM-V2-003453,RETRY_ALL,RETRY_ALL,55.609787260097846,25.0,30.609787260097846,30.609787260097846,0.0,PASS
RECLAIM-V2-003454,RETRY_ALL,RETRY_ALL,67.9530051802539,25.0,42.953005180253896,42.953005180253896,0.0,PASS
RECLAIM-V2-003455,RETRY_ALL,RETRY_ALL,0.0,25.0,-25.0,-25.0,0.0,PASS
RECLAIM-V2-003456,RETRY_ALL,RETRY_ALL,6.318954820872451,25.0,-18.68104517912755,-18.68104517912755,0.0,PASS
RECLAIM-V2-003457,RETRY_ALL,RETRY_ALL,347.4280508166396,25.0,322.4280508166396,322.4280508166396,0.0,PASS
RECLAIM-V2-003458,RETRY_ALL,RETRY_ALL,163.57369168615725,25.0,138.57369168615725,138.57369168615725,0.0,PASS
RECLAIM-V2-003459,RETRY_ALL,RETRY_ALL,0.0,25.0,-25.0,-25.0,0.0,PASS
RECLAIM-V2-003460,RETRY_ALL,RETRY_ALL,0.0,25.0,-25.0,-25.0,0.0,PASS
RECLAIM-V2-003461,RETRY_ALL,RETRY_ALL,0.0,25.0,-25.0,-25.0,0.0,PASS
RECLAIM-V2-003462,RETRY_ALL,RETRY_ALL,0.0,25.0,-25.0,-25.0,0.0,PASS
RECLAIM-V2-003463,RETRY_ALL,RETRY_ALL,0.0,25.0,-25.0,-25.0,0.0,PASS
RECLAIM-V2-003464,RETRY_ALL,RETRY_ALL,326.78128012656106,25.0,301.78128012656106,301.78128012656106,0.0,PASS
RECLAIM-V2-003465,RETRY_ALL,RETRY_ALL,315.93146568796294,25.0,290.93146568796294,290.93146568796294,0.0,PASS
RECLAIM-V2-003466,TARGET,MONITOR,417.23858499338246,10.0,407.23858499338246,407.23858499338246,0.0,PASS
RECLAIM-V2-003467,RETRY_ALL,RETRY_ALL,71.68983421419824,25.0,46.68983421419824,46.68983421419824,0.0,PASS
RECLAIM-V2-003468,RETRY_ALL,RETRY_ALL,289.0189732656001,25.0,264.0189732656001,264.0189732656001,0.0,PASS
RECLAIM-V2-003469,RETRY_ALL,RETRY_ALL,177.59498142851672,25.0,152.59498142851672,152.59498142851672,0.0,PASS
RECLAIM-V2-003470,RETRY_ALL,RETRY_ALL,148.19890381064235,25.0,123.19890381064236,123.19890381064235,-1.4210854715202004e-14,PASS
RECLAIM-V2-003471,RETRY_ALL,RETRY_ALL,0.0,25.0,-25.0,-25.0,0.0,PASS
RECLAIM-V2-003472,RETRY_ALL,RETRY_ALL,0.0,25.0,-25.0,-25.0,0.0,PASS
RECLAIM-V2-003473,RETRY_ALL,RETRY_ALL,189.17230996378905,25.0,164.17230996378905,164.17230996378905,0.0,PASS
RECLAIM-V2-003474,RETRY_ALL,RETRY_ALL,0.0,25.0,-25.0,-25.0,0.0,PASS
RECLAIM-V2-003475,RETRY_ALL,RETRY_ALL,197.28581903487523,25.0,172.28581903487523,172.28581903487523,0.0,PASS
RECLAIM-V2-003476,RETRY_ALL,RETRY_ALL,115.36834076835328,25.0,90.36834076835328,90.36834076835328,0.0,PASS
RECLAIM-V2-003477,RETRY_ALL,RETRY_ALL,224.67215397231104,25.0,199.67215397231104,199.67215397231104,0.0,PASS
RECLAIM-V2-003478,RETRY_ALL,RETRY_ALL,0.0,25.0,-25.0,-25.0,0.0,PASS
RECLAIM-V2-003479,RETRY_ALL,RETRY_ALL,0.0,25.0,-25.0,-25.0,0.0,PASS
RECLAIM-V2-003480,RETRY_ALL,RETRY_ALL,43.689839285003096,25.0,18.689839285003096,18.689839285003096,0.0,PASS
RECLAIM-V2-003481,RETRY_ALL,RETRY_ALL,0.0,25.0,-25.0,-25.0,0.0,PASS
RECLAIM-V2-003482,TARGET,LOW_INTENSITY,441.4086882519257,45.0,396.4086882519257,396.4086882519257,0.0,PASS
RECLAIM-V2-003483,RETRY_ALL,RETRY_ALL,0.0,25.0,-25.0,-25.0,0.0,PASS
RECLAIM-V2-003484,RETRY_ALL,RETRY_ALL,0.0,25.0,-25.0,-25.0,0.0,PASS
RECLAIM-V2-003485,RETRY_ALL,RETRY_ALL,0.0,25.0,-25.0,-25.0,0.0,PASS
RECLAIM-V2-003486,RETRY_ALL,RETRY_ALL,0.0,25.0,-25.0,-25.0,0.0,PASS
RECLAIM-V2-003487,RETRY_ALL,RETRY_ALL,0.0,25.0,-25.0,-25.0,0.0,PASS
RECLAIM-V2-003488,RETRY_ALL,RETRY_ALL,8.833974730169551,25.0,-16.16602526983045,-16.16602526983045,0.0,PASS
RECLAIM-V2-003489,RETRY_ALL,RETRY_ALL,319.4274516169089,25.0,294.4274516169089,294.4274516169089,0.0,PASS
RECLAIM-V2-003490,RETRY_ALL,RETRY_ALL,0.0,25.0,-25.0,-25.0,0.0,PASS
RECLAIM-V2-003491,RETRY_ALL,RETRY_ALL,6.2898722409984,25.0,-18.7101277590016,-18.7101277590016,0.0,PASS
RECLAIM-V2-003492,RETRY_ALL,RETRY_ALL,339.85854253287664,25.0,314.85854253287664,314.85854253287664,0.0,PASS
RECLAIM-V2-003493,RETRY_ALL,RETRY_ALL,0.0,25.0,-25.0,-25.0,0.0,PASS
RECLAIM-V2-003494,RETRY_ALL,RETRY_ALL,256.29733258743767,25.0,231.2973325874377,231.29733258743767,-2.842170943040401e-14,PASS
RECLAIM-V2-003495,RETRY_ALL,RETRY_ALL,0.0,25.0,-25.0,-25.0,0.0,PASS
RECLAIM-V2-003496,RETRY_ALL,RETRY_ALL,0.0,25.0,-25.0,-25.0,0.0,PASS
RECLAIM-V2-003497,RETRY_ALL,RETRY_ALL,0.0,25.0,-25.0,-25.0,0.0,PASS
RECLAIM-V2-003498,RETRY_ALL,RETRY_ALL,266.7260275529187,25.0,241.7260275529187,241.7260275529187,0.0,PASS
RECLAIM-V2-003499,RETRY_ALL,RETRY_ALL,76.33873810284389,25.0,51.33873810284389,51.33873810284389,0.0,PASS
RECLAIM-V2-003500,RETRY_ALL,RETRY_ALL,0.0,25.0,-25.0,-25.0,0.0,PASS
RECLAIM-V2-003501,RETRY_ALL,RETRY_ALL,0.0,25.0,-25.0,-25.0,0.0,PASS
RECLAIM-V2-003502,RETRY_ALL,RETRY_ALL,0.0,25.0,-25.0,-25.0,0.0,PASS
RECLAIM-V2-003503,RETRY_ALL,RETRY_ALL,152.57069076016995,25.0,127.57069076016997,127.57069076016995,-1.4210854715202004e-14,PASS
RECLAIM-V2-003504,RETRY_ALL,RETRY_ALL,167.83966702315772,25.0,142.83966702315772,142.83966702315772,0.0,PASS
RECLAIM-V2-003505,RETRY_ALL,RETRY_ALL,75.64469700350939,25.0,50.64469700350939,50.64469700350939,0.0,PASS
RECLAIM-V2-003506,RETRY_ALL,RETRY_ALL,168.3325811003976,25.0,143.3325811003976,143.3325811003976,0.0,PASS
RECLAIM-V2-003507,RETRY_ALL,RETRY_ALL,0.0,25.0,-25.0,-25.0,0.0,PASS
RECLAIM-V2-003508,RETRY_ALL,RETRY_ALL,208.56276245701784,25.0,183.56276245701784,183.56276245701784,0.0,PASS
RECLAIM-V2-003509,RETRY_ALL,RETRY_ALL,0.0,25.0,-25.0,-25.0,0.0,PASS
RECLAIM-V2-003510,RETRY_ALL,RETRY_ALL,0.0,25.0,-25.0,-25.0,0.0,PASS
RECLAIM-V2-003511,RETRY_ALL,RETRY_ALL,0.0,25.0,-25.0,-25.0,0.0,PASS
RECLAIM-V2-003512,RETRY_ALL,RETRY_ALL,325.2732316833348,25.0,300.2732316833348,300.2732316833348,0.0,PASS
RECLAIM-V2-003513,RETRY_ALL,RETRY_ALL,330.7679934712317,25.0,305.7679934712317,305.7679934712317,0.0,PASS
RECLAIM-V2-003514,RETRY_ALL,RETRY_ALL,114.4594945265994,25.0,89.4594945265994,89.4594945265994,0.0,PASS
RECLAIM-V2-003515,RETRY_ALL,RETRY_ALL,199.85987853483,25.0,174.85987853483,174.85987853483,0.0,PASS
RECLAIM-V2-003516,RETRY_ALL,RETRY_ALL,0.0,25.0,-25.0,-25.0,0.0,PASS
RECLAIM-V2-003517,RETRY_ALL,RETRY_ALL,12.58393299191115,25.0,-12.41606700808885,-12.41606700808885,0.0,PASS
RECLAIM-V2-003518,RETRY_ALL,RETRY_ALL,0.0,25.0,-25.0,-25.0,0.0,PASS
RECLAIM-V2-003519,RETRY_ALL,RETRY_ALL,329.03165667801227,25.0,304.03165667801227,304.03165667801227,0.0,PASS
RECLAIM-V2-003520,RETRY_ALL,RETRY_ALL,51.4427918158002,25.0,26.4427918158002,26.4427918158002,0.0,PASS
RECLAIM-V2-003521,RETRY_ALL,RETRY_ALL,0.0,25.0,-25.0,-25.0,0.0,PASS
RECLAIM-V2-003522,RETRY_ALL,RETRY_ALL,0.0,25.0,-25.0,-25.0,0.0,PASS
RECLAIM-V2-003523,RETRY_ALL,RETRY_ALL,127.83475608413625,25.0,102.83475608413625,102.83475608413625,0.0,PASS
RECLAIM-V2-003524,RETRY_ALL,RETRY_ALL,195.9149317146276,25.0,170.9149317146276,170.9149317146276,0.0,PASS
RECLAIM-V2-003525,RETRY_ALL,RETRY_ALL,1.46243352520695,25.0,-23.53756647479305,-23.53756647479305,0.0,PASS
RECLAIM-V2-003526,RETRY_ALL,RETRY_ALL,0.0,25.0,-25.0,-25.0,0.0,PASS
RECLAIM-V2-003527,RETRY_ALL,RETRY_ALL,26.95343615993085,25.0,1.953436159930849,1.953436159930849,0.0,PASS
RECLAIM-V2-003528,RETRY_ALL,RETRY_ALL,303.66307933593254,25.0,278.66307933593254,278.66307933593254,0.0,PASS
RECLAIM-V2-003529,RETRY_ALL,RETRY_ALL,0.0,25.0,-25.0,-25.0,0.0,PASS
RECLAIM-V2-003530,RETRY_ALL,RETRY_ALL,324.3848984434458,25.0,299.3848984434458,299.3848984434458,0.0,PASS
RECLAIM-V2-003531,RETRY_ALL,RETRY_ALL,0.0,25.0,-25.0,-25.0,0.0,PASS
RECLAIM-V2-003532,RETRY_ALL,RETRY_ALL,0.0,25.0,-25.0,-25.0,0.0,PASS
RECLAIM-V2-003533,RETRY_ALL,RETRY_ALL,0.0,25.0,-25.0,-25.0,0.0,PASS
RECLAIM-V2-003534,RETRY_ALL,RETRY_ALL,34.36658720550105,25.0,9.366587205501048,9.366587205501048,0.0,PASS
RECLAIM-V2-003535,RETRY_ALL,RETRY_ALL,91.98074260541776,25.0,66.98074260541776,66.98074260541776,0.0,PASS
RECLAIM-V2-003536,RETRY_ALL,RETRY_ALL,265.7409678221169,25.0,240.7409678221169,240.7409678221169,0.0,PASS
RECLAIM-V2-003537,RETRY_ALL,RETRY_ALL,0.0,25.0,-25.0,-25.0,0.0,PASS
RECLAIM-V2-003538,RETRY_ALL,RETRY_ALL,0.0,25.0,-25.0,-25.0,0.0,PASS
RECLAIM-V2-003539,RETRY_ALL,RETRY_ALL,259.02305359488514,25.0,234.0230535948852,234.02305359488514,-5.684341886080802e-14,PASS
RECLAIM-V2-003540,RETRY_ALL,RETRY_ALL,225.91659125614603,25.0,200.91659125614603,200.91659125614603,0.0,PASS
RECLAIM-V2-003541,RETRY_ALL,RETRY_ALL,319.84174978449465,25.0,294.84174978449465,294.84174978449465,0.0,PASS
RECLAIM-V2-003542,RETRY_ALL,RETRY_ALL,50.77600531212,25.0,25.77600531212,25.77600531212,0.0,PASS
RECLAIM-V2-003543,RETRY_ALL,RETRY_ALL,0.0,25.0,-25.0,-25.0,0.0,PASS
RECLAIM-V2-003544,RETRY_ALL,RETRY_ALL,0.0,25.0,-25.0,-25.0,0.0,PASS
RECLAIM-V2-003545,RETRY_ALL,RETRY_ALL,0.0,25.0,-25.0,-25.0,0.0,PASS
RECLAIM-V2-003546,RETRY_ALL,RETRY_ALL,0.0,25.0,-25.0,-25.0,0.0,PASS
RECLAIM-V2-003547,RETRY_ALL,RETRY_ALL,127.66673615012954,25.0,102.66673615012954,102.66673615012954,0.0,PASS
RECLAIM-V2-003548,RETRY_ALL,RETRY_ALL,310.3190053948235,25.0,285.3190053948235,285.3190053948235,0.0,PASS
RECLAIM-V2-003549,RETRY_ALL,RETRY_ALL,268.3112912787493,25.0,243.3112912787493,243.3112912787493,0.0,PASS
RECLAIM-V2-003550,RETRY_ALL,RETRY_ALL,0.0,25.0,-25.0,-25.0,0.0,PASS
RECLAIM-V2-003551,RETRY_ALL,RETRY_ALL,0.0,25.0,-25.0,-25.0,0.0,PASS
RECLAIM-V2-003552,RETRY_ALL,RETRY_ALL,0.0,25.0,-25.0,-25.0,0.0,PASS
RECLAIM-V2-003553,RETRY_ALL,RETRY_ALL,0.0,25.0,-25.0,-25.0,0.0,PASS
RECLAIM-V2-003554,RETRY_ALL,RETRY_ALL,25.03338603129765,25.0,0.033386031297649,0.033386031297649055,5.551115123125783e-17,PASS
RECLAIM-V2-003555,RETRY_ALL,RETRY_ALL,0.0,25.0,-25.0,-25.0,0.0,PASS
RECLAIM-V2-003556,RETRY_ALL,RETRY_ALL,0.0,25.0,-25.0,-25.0,0.0,PASS
RECLAIM-V2-003557,RETRY_ALL,RETRY_ALL,96.60166285739444,25.0,71.60166285739444,71.60166285739444,0.0,PASS
RECLAIM-V2-003558,RETRY_ALL,RETRY_ALL,62.3177572950021,25.0,37.3177572950021,37.3177572950021,0.0,PASS
RECLAIM-V2-003559,RETRY_ALL,RETRY_ALL,0.0,25.0,-25.0,-25.0,0.0,PASS
RECLAIM-V2-003560,RETRY_ALL,RETRY_ALL,1.06509305827305,25.0,-23.93490694172695,-23.93490694172695,0.0,PASS
RECLAIM-V2-003561,RETRY_ALL,RETRY_ALL,46.7226891760122,25.0,21.722689176012203,21.722689176012203,0.0,PASS
RECLAIM-V2-003562,RETRY_ALL,RETRY_ALL,0.0,25.0,-25.0,-25.0,0.0,PASS
RECLAIM-V2-003563,RETRY_ALL,RETRY_ALL,0.0,25.0,-25.0,-25.0,0.0,PASS
RECLAIM-V2-003564,RETRY_ALL,RETRY_ALL,0.0,25.0,-25.0,-25.0,0.0,PASS
RECLAIM-V2-003565,RETRY_ALL,RETRY_ALL,0.0,25.0,-25.0,-25.0,0.0,PASS
RECLAIM-V2-003566,RETRY_ALL,RETRY_ALL,48.77074211964195,25.0,23.77074211964195,23.77074211964195,0.0,PASS
RECLAIM-V2-003567,TARGET,LOW_INTENSITY,454.5267042976822,45.0,409.5267042976822,409.5267042976822,0.0,PASS
RECLAIM-V2-003568,RETRY_ALL,RETRY_ALL,0.0,25.0,-25.0,-25.0,0.0,PASS
RECLAIM-V2-003569,RETRY_ALL,RETRY_ALL,0.0,25.0,-25.0,-25.0,0.0,PASS
RECLAIM-V2-003570,RETRY_ALL,RETRY_ALL,0.0,25.0,-25.0,-25.0,0.0,PASS
RECLAIM-V2-003571,RETRY_ALL,RETRY_ALL,125.5818288568866,25.0,100.5818288568866,100.5818288568866,0.0,PASS
RECLAIM-V2-003572,RETRY_ALL,RETRY_ALL,114.22650326900504,25.0,89.22650326900504,89.22650326900504,0.0,PASS
RECLAIM-V2-003573,RETRY_ALL,RETRY_ALL,135.16770977612114,25.0,110.16770977612114,110.16770977612114,0.0,PASS
RECLAIM-V2-003574,RETRY_ALL,RETRY_ALL,273.3539450579163,25.0,248.3539450579163,248.3539450579163,0.0,PASS
RECLAIM-V2-003575,RETRY_ALL,RETRY_ALL,50.70717201095895,25.0,25.70717201095895,25.70717201095895,0.0,PASS
RECLAIM-V2-003576,RETRY_ALL,RETRY_ALL,0.0,25.0,-25.0,-25.0,0.0,PASS
RECLAIM-V2-003577,TARGET,MONITOR,429.81064452249706,10.0,419.81064452249706,419.81064452249706,0.0,PASS
RECLAIM-V2-003578,RETRY_ALL,RETRY_ALL,0.0,25.0,-25.0,-25.0,0.0,PASS
RECLAIM-V2-003579,RETRY_ALL,RETRY_ALL,0.0,25.0,-25.0,-25.0,0.0,PASS
RECLAIM-V2-003580,RETRY_ALL,RETRY_ALL,0.0,25.0,-25.0,-25.0,0.0,PASS
RECLAIM-V2-003581,RETRY_ALL,RETRY_ALL,0.0,25.0,-25.0,-25.0,0.0,PASS
RECLAIM-V2-003582,RETRY_ALL,RETRY_ALL,149.62009256022526,25.0,124.62009256022526,124.62009256022526,0.0,PASS
RECLAIM-V2-003583,RETRY_ALL,RETRY_ALL,144.60424820855386,25.0,119.60424820855386,119.60424820855386,0.0,PASS
RECLAIM-V2-003584,RETRY_ALL,RETRY_ALL,0.0,25.0,-25.0,-25.0,0.0,PASS
RECLAIM-V2-003585,RETRY_ALL,RETRY_ALL,0.0,25.0,-25.0,-25.0,0.0,PASS
RECLAIM-V2-003586,RETRY_ALL,RETRY_ALL,0.0,25.0,-25.0,-25.0,0.0,PASS
RECLAIM-V2-003587,RETRY_ALL,RETRY_ALL,0.0,25.0,-25.0,-25.0,0.0,PASS
RECLAIM-V2-003588,RETRY_ALL,RETRY_ALL,0.0,25.0,-25.0,-25.0,0.0,PASS
RECLAIM-V2-003589,RETRY_ALL,RETRY_ALL,0.0,25.0,-25.0,-25.0,0.0,PASS
RECLAIM-V2-003590,RETRY_ALL,RETRY_ALL,80.73184442431545,25.0,55.731844424315454,55.731844424315454,0.0,PASS
RECLAIM-V2-003591,RETRY_ALL,RETRY_ALL,159.14244425895737,25.0,134.14244425895737,134.14244425895737,0.0,PASS
RECLAIM-V2-003592,RETRY_ALL,RETRY_ALL,188.3538995907246,25.0,163.3538995907246,163.3538995907246,0.0,PASS
RECLAIM-V2-003593,RETRY_ALL,RETRY_ALL,0.0,25.0,-25.0,-25.0,0.0,PASS
RECLAIM-V2-003594,RETRY_ALL,RETRY_ALL,0.0,25.0,-25.0,-25.0,0.0,PASS
RECLAIM-V2-003595,RETRY_ALL,RETRY_ALL,0.0,25.0,-25.0,-25.0,0.0,PASS
RECLAIM-V2-003596,RETRY_ALL,RETRY_ALL,219.08094100819423,25.0,194.08094100819423,194.08094100819423,0.0,PASS
RECLAIM-V2-003597,RETRY_ALL,RETRY_ALL,245.99123294512424,25.0,220.99123294512424,220.99123294512424,0.0,PASS
RECLAIM-V2-003598,RETRY_ALL,RETRY_ALL,0.0,25.0,-25.0,-25.0,0.0,PASS
RECLAIM-V2-003599,RETRY_ALL,RETRY_ALL,0.0,25.0,-25.0,-25.0,0.0,PASS
RECLAIM-V2-003600,RETRY_ALL,RETRY_ALL,61.1178172519236,25.0,36.1178172519236,36.1178172519236,0.0,PASS
RECLAIM-V2-003601,RETRY_ALL,RETRY_ALL,93.48496581677836,25.0,68.48496581677836,68.48496581677836,0.0,PASS
RECLAIM-V2-003602,RETRY_ALL,RETRY_ALL,0.0,25.0,-25.0,-25.0,0.0,PASS
RECLAIM-V2-003603,RETRY_ALL,RETRY_ALL,40.6534666585455,25.0,15.653466658545495,15.653466658545497,1.7763568394002505e-15,PASS
RECLAIM-V2-003604,RETRY_ALL,RETRY_ALL,0.0,25.0,-25.0,-25.0,0.0,PASS
RECLAIM-V2-003605,RETRY_ALL,RETRY_ALL,0.0,25.0,-25.0,-25.0,0.0,PASS
RECLAIM-V2-003606,RETRY_ALL,RETRY_ALL,0.0,25.0,-25.0,-25.0,0.0,PASS
RECLAIM-V2-003607,RETRY_ALL,RETRY_ALL,0.0,25.0,-25.0,-25.0,0.0,PASS
RECLAIM-V2-003608,RETRY_ALL,RETRY_ALL,277.98826516525367,25.0,252.9882651652537,252.98826516525367,-2.842170943040401e-14,PASS
RECLAIM-V2-003609,RETRY_ALL,RETRY_ALL,144.70818946195303,25.0,119.70818946195304,119.70818946195303,-1.4210854715202004e-14,PASS
RECLAIM-V2-003610,RETRY_ALL,RETRY_ALL,140.4742139797431,25.0,115.4742139797431,115.4742139797431,0.0,PASS
RECLAIM-V2-003611,RETRY_ALL,RETRY_ALL,71.3628504016836,25.0,46.3628504016836,46.3628504016836,0.0,PASS
RECLAIM-V2-003612,RETRY_ALL,RETRY_ALL,0.0,25.0,-25.0,-25.0,0.0,PASS
RECLAIM-V2-003613,RETRY_ALL,RETRY_ALL,67.76785361209635,25.0,42.767853612096346,42.767853612096346,0.0,PASS
RECLAIM-V2-003614,RETRY_ALL,RETRY_ALL,178.80079273529896,25.0,153.80079273529896,153.80079273529896,0.0,PASS
RECLAIM-V2-003615,RETRY_ALL,RETRY_ALL,379.47870184531456,25.0,354.47870184531456,354.47870184531456,0.0,PASS
RECLAIM-V2-003616,RETRY_ALL,RETRY_ALL,0.0,25.0,-25.0,-25.0,0.0,PASS
RECLAIM-V2-003617,RETRY_ALL,RETRY_ALL,0.0,25.0,-25.0,-25.0,0.0,PASS
RECLAIM-V2-003618,RETRY_ALL,RETRY_ALL,0.0,25.0,-25.0,-25.0,0.0,PASS
RECLAIM-V2-003619,RETRY_ALL,RETRY_ALL,0.0,25.0,-25.0,-25.0,0.0,PASS
RECLAIM-V2-003620,RETRY_ALL,RETRY_ALL,0.0,25.0,-25.0,-25.0,0.0,PASS
RECLAIM-V2-003621,RETRY_ALL,RETRY_ALL,374.3376127815393,25.0,349.3376127815393,349.3376127815393,0.0,PASS
RECLAIM-V2-003622,RETRY_ALL,RETRY_ALL,0.0,25.0,-25.0,-25.0,0.0,PASS
RECLAIM-V2-003623,RETRY_ALL,RETRY_ALL,0.0,25.0,-25.0,-25.0,0.0,PASS
RECLAIM-V2-003624,RETRY_ALL,RETRY_ALL,69.0636313570233,25.0,44.0636313570233,44.0636313570233,0.0,PASS
RECLAIM-V2-003625,RETRY_ALL,RETRY_ALL,307.9262261063394,25.0,282.9262261063394,282.9262261063394,0.0,PASS
RECLAIM-V2-003626,RETRY_ALL,RETRY_ALL,0.0,25.0,-25.0,-25.0,0.0,PASS
RECLAIM-V2-003627,RETRY_ALL,RETRY_ALL,0.0,25.0,-25.0,-25.0,0.0,PASS
RECLAIM-V2-003628,RETRY_ALL,RETRY_ALL,28.27194610336185,25.0,3.2719461033618487,3.2719461033618487,0.0,PASS
RECLAIM-V2-003629,RETRY_ALL,RETRY_ALL,293.2607206356665,25.0,268.2607206356665,268.2607206356665,0.0,PASS
RECLAIM-V2-003630,TARGET,MONITOR,411.082723800894,10.0,401.082723800894,401.082723800894,0.0,PASS
RECLAIM-V2-003631,RETRY_ALL,RETRY_ALL,134.2329517711491,25.0,109.23295177114908,109.23295177114909,1.4210854715202004e-14,PASS
RECLAIM-V2-003632,TARGET,HIGH_INTENSITY,569.4765068770654,120.0,449.4765068770654,449.4765068770654,0.0,PASS
RECLAIM-V2-003633,RETRY_ALL,RETRY_ALL,0.0,25.0,-25.0,-25.0,0.0,PASS
RECLAIM-V2-003634,RETRY_ALL,RETRY_ALL,0.0,25.0,-25.0,-25.0,0.0,PASS
RECLAIM-V2-003635,RETRY_ALL,RETRY_ALL,46.55537355571905,25.0,21.55537355571905,21.55537355571905,0.0,PASS
RECLAIM-V2-003636,TARGET,LOW_INTENSITY,437.2297372656894,45.0,392.2297372656894,392.2297372656894,0.0,PASS
RECLAIM-V2-003637,RETRY_ALL,RETRY_ALL,218.8775914986693,25.0,193.8775914986693,193.8775914986693,0.0,PASS
RECLAIM-V2-003638,TARGET,MONITOR,407.2308327497049,10.0,397.2308327497049,397.2308327497049,0.0,PASS
RECLAIM-V2-003639,TARGET,MONITOR,416.2863354130765,10.0,406.2863354130765,406.2863354130765,0.0,PASS
RECLAIM-V2-003640,RETRY_ALL,RETRY_ALL,0.0,25.0,-25.0,-25.0,0.0,PASS
RECLAIM-V2-003641,RETRY_ALL,RETRY_ALL,81.89881568191934,25.0,56.89881568191935,56.898815681919345,-7.105427357601002e-15,PASS
RECLAIM-V2-003642,RETRY_ALL,RETRY_ALL,0.0,25.0,-25.0,-25.0,0.0,PASS
RECLAIM-V2-003643,RETRY_ALL,RETRY_ALL,0.0,25.0,-25.0,-25.0,0.0,PASS
RECLAIM-V2-003644,RETRY_ALL,RETRY_ALL,209.7027718485325,25.0,184.7027718485325,184.7027718485325,0.0,PASS
RECLAIM-V2-003645,RETRY_ALL,RETRY_ALL,0.0,25.0,-25.0,-25.0,0.0,PASS
RECLAIM-V2-003646,RETRY_ALL,RETRY_ALL,312.3178600791834,25.0,287.3178600791834,287.3178600791834,0.0,PASS
RECLAIM-V2-003647,RETRY_ALL,RETRY_ALL,0.0,25.0,-25.0,-25.0,0.0,PASS
RECLAIM-V2-003648,RETRY_ALL,RETRY_ALL,0.0,25.0,-25.0,-25.0,0.0,PASS
RECLAIM-V2-003649,RETRY_ALL,RETRY_ALL,0.0,25.0,-25.0,-25.0,0.0,PASS
RECLAIM-V2-003650,RETRY_ALL,RETRY_ALL,53.7105243713733,25.0,28.710524371373303,28.710524371373303,0.0,PASS
RECLAIM-V2-003651,RETRY_ALL,RETRY_ALL,0.0,25.0,-25.0,-25.0,0.0,PASS
RECLAIM-V2-003652,RETRY_ALL,RETRY_ALL,19.35826691669745,25.0,-5.641733083302551,-5.641733083302551,0.0,PASS
RECLAIM-V2-003653,RETRY_ALL,RETRY_ALL,0.0,25.0,-25.0,-25.0,0.0,PASS
RECLAIM-V2-003654,TARGET,MONITOR,392.8219074414805,10.0,382.8219074414805,382.8219074414805,0.0,PASS
RECLAIM-V2-003655,RETRY_ALL,RETRY_ALL,193.8906490099839,25.0,168.8906490099839,168.8906490099839,0.0,PASS
RECLAIM-V2-003656,RETRY_ALL,RETRY_ALL,0.0,25.0,-25.0,-25.0,0.0,PASS
RECLAIM-V2-003657,RETRY_ALL,RETRY_ALL,234.4397964582193,25.0,209.4397964582193,209.4397964582193,0.0,PASS
RECLAIM-V2-003658,RETRY_ALL,RETRY_ALL,168.5508579417111,25.0,143.5508579417111,143.5508579417111,0.0,PASS
RECLAIM-V2-003659,RETRY_ALL,RETRY_ALL,0.0,25.0,-25.0,-25.0,0.0,PASS
RECLAIM-V2-003660,RETRY_ALL,RETRY_ALL,0.0,25.0,-25.0,-25.0,0.0,PASS
RECLAIM-V2-003661,RETRY_ALL,RETRY_ALL,381.2211575215075,25.0,356.2211575215075,356.2211575215075,0.0,PASS
RECLAIM-V2-003662,RETRY_ALL,RETRY_ALL,0.0,25.0,-25.0,-25.0,0.0,PASS
RECLAIM-V2-003663,RETRY_ALL,RETRY_ALL,0.0,25.0,-25.0,-25.0,0.0,PASS
RECLAIM-V2-003664,RETRY_ALL,RETRY_ALL,0.0,25.0,-25.0,-25.0,0.0,PASS
RECLAIM-V2-003665,TARGET,MONITOR,425.7875725400201,10.0,415.7875725400201,415.7875725400201,0.0,PASS
RECLAIM-V2-003666,RETRY_ALL,RETRY_ALL,304.1476629484635,25.0,279.1476629484635,279.1476629484635,0.0,PASS
RECLAIM-V2-003667,RETRY_ALL,RETRY_ALL,0.0,25.0,-25.0,-25.0,0.0,PASS
RECLAIM-V2-003668,RETRY_ALL,RETRY_ALL,0.0,25.0,-25.0,-25.0,0.0,PASS
RECLAIM-V2-003669,RETRY_ALL,RETRY_ALL,0.0,25.0,-25.0,-25.0,0.0,PASS
RECLAIM-V2-003670,RETRY_ALL,RETRY_ALL,0.0,25.0,-25.0,-25.0,0.0,PASS
RECLAIM-V2-003671,RETRY_ALL,RETRY_ALL,0.0,25.0,-25.0,-25.0,0.0,PASS
RECLAIM-V2-003672,RETRY_ALL,RETRY_ALL,126.18393591808233,25.0,101.18393591808233,101.18393591808233,0.0,PASS
RECLAIM-V2-003673,RETRY_ALL,RETRY_ALL,0.0,25.0,-25.0,-25.0,0.0,PASS
RECLAIM-V2-003674,RETRY_ALL,RETRY_ALL,137.81352812888116,25.0,112.81352812888116,112.81352812888116,0.0,PASS
RECLAIM-V2-003675,RETRY_ALL,RETRY_ALL,181.4638310245935,25.0,156.4638310245935,156.4638310245935,0.0,PASS
RECLAIM-V2-003676,RETRY_ALL,RETRY_ALL,0.0,25.0,-25.0,-25.0,0.0,PASS
RECLAIM-V2-003677,RETRY_ALL,RETRY_ALL,111.75041649314863,25.0,86.75041649314863,86.75041649314863,0.0,PASS
RECLAIM-V2-003678,RETRY_ALL,RETRY_ALL,0.0,25.0,-25.0,-25.0,0.0,PASS
RECLAIM-V2-003679,RETRY_ALL,RETRY_ALL,116.80847448681584,25.0,91.80847448681584,91.80847448681584,0.0,PASS
RECLAIM-V2-003680,RETRY_ALL,RETRY_ALL,0.0,25.0,-25.0,-25.0,0.0,PASS
RECLAIM-V2-003681,RETRY_ALL,RETRY_ALL,0.0,25.0,-25.0,-25.0,0.0,PASS
RECLAIM-V2-003682,RETRY_ALL,RETRY_ALL,0.0,25.0,-25.0,-25.0,0.0,PASS
RECLAIM-V2-003683,RETRY_ALL,RETRY_ALL,25.0580999883666,25.0,0.0580999883665995,0.058099988366599575,7.632783294297951e-17,PASS
RECLAIM-V2-003684,RETRY_ALL,RETRY_ALL,0.0,25.0,-25.0,-25.0,0.0,PASS
RECLAIM-V2-003685,RETRY_ALL,RETRY_ALL,0.0,25.0,-25.0,-25.0,0.0,PASS
RECLAIM-V2-003686,RETRY_ALL,RETRY_ALL,0.0,25.0,-25.0,-25.0,0.0,PASS
RECLAIM-V2-003687,RETRY_ALL,RETRY_ALL,0.0,25.0,-25.0,-25.0,0.0,PASS
RECLAIM-V2-003688,TARGET,LOW_INTENSITY,451.062935514472,45.0,406.062935514472,406.062935514472,0.0,PASS
RECLAIM-V2-003689,RETRY_ALL,RETRY_ALL,0.0,25.0,-25.0,-25.0,0.0,PASS
RECLAIM-V2-003690,RETRY_ALL,RETRY_ALL,164.10041080012965,25.0,139.10041080012965,139.10041080012965,0.0,PASS
RECLAIM-V2-003691,RETRY_ALL,RETRY_ALL,331.3116106180032,25.0,306.3116106180032,306.3116106180032,0.0,PASS
RECLAIM-V2-003692,RETRY_ALL,RETRY_ALL,171.0627229403991,25.0,146.0627229403991,146.0627229403991,0.0,PASS
RECLAIM-V2-003693,RETRY_ALL,RETRY_ALL,152.98735930123064,25.0,127.98735930123064,127.98735930123064,0.0,PASS
RECLAIM-V2-003694,RETRY_ALL,RETRY_ALL,0.0,25.0,-25.0,-25.0,0.0,PASS
RECLAIM-V2-003695,RETRY_ALL,RETRY_ALL,301.4544499848116,25.0,276.4544499848116,276.4544499848116,0.0,PASS
RECLAIM-V2-003696,RETRY_ALL,RETRY_ALL,187.35119255219743,25.0,162.35119255219743,162.35119255219743,0.0,PASS
RECLAIM-V2-003697,RETRY_ALL,RETRY_ALL,0.0,25.0,-25.0,-25.0,0.0,PASS
RECLAIM-V2-003698,RETRY_ALL,RETRY_ALL,150.1375827316194,25.0,125.1375827316194,125.1375827316194,0.0,PASS
RECLAIM-V2-003699,RETRY_ALL,RETRY_ALL,57.1596104447082,25.0,32.1596104447082,32.1596104447082,0.0,PASS
RECLAIM-V2-003700,RETRY_ALL,RETRY_ALL,41.32039712472045,25.0,16.32039712472045,16.32039712472045,0.0,PASS
RECLAIM-V2-003701,RETRY_ALL,RETRY_ALL,152.04513294389895,25.0,127.04513294389896,127.04513294389895,-1.4210854715202004e-14,PASS
RECLAIM-V2-003702,RETRY_ALL,RETRY_ALL,0.0,25.0,-25.0,-25.0,0.0,PASS
RECLAIM-V2-003703,RETRY_ALL,RETRY_ALL,0.0,25.0,-25.0,-25.0,0.0,PASS
RECLAIM-V2-003704,RETRY_ALL,RETRY_ALL,314.07266548554287,25.0,289.07266548554287,289.07266548554287,0.0,PASS
RECLAIM-V2-003705,RETRY_ALL,RETRY_ALL,0.0,25.0,-25.0,-25.0,0.0,PASS
RECLAIM-V2-003706,RETRY_ALL,RETRY_ALL,0.0,25.0,-25.0,-25.0,0.0,PASS
RECLAIM-V2-003707,RETRY_ALL,RETRY_ALL,69.5790135583818,25.0,44.5790135583818,44.5790135583818,0.0,PASS
RECLAIM-V2-003708,RETRY_ALL,RETRY_ALL,383.0605855448829,25.0,358.0605855448829,358.0605855448829,0.0,PASS
RECLAIM-V2-003709,RETRY_ALL,RETRY_ALL,0.0,25.0,-25.0,-25.0,0.0,PASS
RECLAIM-V2-003710,RETRY_ALL,RETRY_ALL,0.0,25.0,-25.0,-25.0,0.0,PASS
RECLAIM-V2-003711,RETRY_ALL,RETRY_ALL,0.0,25.0,-25.0,-25.0,0.0,PASS
RECLAIM-V2-003712,RETRY_ALL,RETRY_ALL,46.5695742922647,25.0,21.569574292264697,21.569574292264697,0.0,PASS
RECLAIM-V2-003713,RETRY_ALL,RETRY_ALL,330.4068090500046,25.0,305.4068090500046,305.4068090500046,0.0,PASS
RECLAIM-V2-003714,RETRY_ALL,RETRY_ALL,0.0,25.0,-25.0,-25.0,0.0,PASS
RECLAIM-V2-003715,RETRY_ALL,RETRY_ALL,0.0,25.0,-25.0,-25.0,0.0,PASS
RECLAIM-V2-003716,RETRY_ALL,RETRY_ALL,297.02214846076936,25.0,272.02214846076936,272.02214846076936,0.0,PASS
RECLAIM-V2-003717,RETRY_ALL,RETRY_ALL,34.93099816515075,25.0,9.930998165150749,9.930998165150747,-1.7763568394002505e-15,PASS
RECLAIM-V2-003718,RETRY_ALL,RETRY_ALL,90.03818914471785,25.0,65.03818914471785,65.03818914471785,0.0,PASS
RECLAIM-V2-003719,TARGET,LOW_INTENSITY,437.0528144190975,45.0,392.0528144190975,392.0528144190975,0.0,PASS
RECLAIM-V2-003720,RETRY_ALL,RETRY_ALL,375.5069164662448,25.0,350.5069164662448,350.5069164662448,0.0,PASS
RECLAIM-V2-003721,RETRY_ALL,RETRY_ALL,78.2786911680336,25.0,53.2786911680336,53.2786911680336,0.0,PASS
RECLAIM-V2-003722,RETRY_ALL,RETRY_ALL,138.41602673773966,25.0,113.41602673773966,113.41602673773966,0.0,PASS
RECLAIM-V2-003723,RETRY_ALL,RETRY_ALL,0.0,25.0,-25.0,-25.0,0.0,PASS
RECLAIM-V2-003724,RETRY_ALL,RETRY_ALL,88.77997791285256,25.0,63.77997791285256,63.77997791285256,0.0,PASS
RECLAIM-V2-003725,RETRY_ALL,RETRY_ALL,0.0,25.0,-25.0,-25.0,0.0,PASS
RECLAIM-V2-003726,RETRY_ALL,RETRY_ALL,0.0,25.0,-25.0,-25.0,0.0,PASS
RECLAIM-V2-003727,RETRY_ALL,RETRY_ALL,232.1618142451596,25.0,207.1618142451596,207.1618142451596,0.0,PASS
RECLAIM-V2-003728,RETRY_ALL,RETRY_ALL,0.0,25.0,-25.0,-25.0,0.0,PASS
RECLAIM-V2-003729,RETRY_ALL,RETRY_ALL,0.0,25.0,-25.0,-25.0,0.0,PASS
RECLAIM-V2-003730,RETRY_ALL,RETRY_ALL,32.03007942135885,25.0,7.030079421358849,7.030079421358849,0.0,PASS
RECLAIM-V2-003731,RETRY_ALL,RETRY_ALL,0.0,25.0,-25.0,-25.0,0.0,PASS
RECLAIM-V2-003732,RETRY_ALL,RETRY_ALL,0.0,25.0,-25.0,-25.0,0.0,PASS
RECLAIM-V2-003733,RETRY_ALL,RETRY_ALL,221.01380880217485,25.0,196.01380880217485,196.01380880217485,0.0,PASS
RECLAIM-V2-003734,TARGET,STANDARD_TARGET,558.3265202703792,80.0,478.3265202703792,478.3265202703792,0.0,PASS
RECLAIM-V2-003735,TARGET,LOW_INTENSITY,460.52761274712407,45.0,415.52761274712407,415.52761274712407,0.0,PASS
RECLAIM-V2-003736,RETRY_ALL,RETRY_ALL,0.0,25.0,-25.0,-25.0,0.0,PASS
RECLAIM-V2-003737,RETRY_ALL,RETRY_ALL,143.4295313175027,25.0,118.4295313175027,118.4295313175027,0.0,PASS
RECLAIM-V2-003738,RETRY_ALL,RETRY_ALL,0.0,25.0,-25.0,-25.0,0.0,PASS
RECLAIM-V2-003739,RETRY_ALL,RETRY_ALL,0.0,25.0,-25.0,-25.0,0.0,PASS
RECLAIM-V2-003740,RETRY_ALL,RETRY_ALL,308.2201712734089,25.0,283.2201712734089,283.2201712734089,0.0,PASS
RECLAIM-V2-003741,RETRY_ALL,RETRY_ALL,236.6150941694181,25.0,211.6150941694181,211.6150941694181,0.0,PASS
RECLAIM-V2-003742,RETRY_ALL,RETRY_ALL,191.7889519684704,25.0,166.7889519684704,166.7889519684704,0.0,PASS
RECLAIM-V2-003743,RETRY_ALL,RETRY_ALL,324.93707763390915,25.0,299.93707763390915,299.93707763390915,0.0,PASS
RECLAIM-V2-003744,RETRY_ALL,RETRY_ALL,178.72431264154156,25.0,153.72431264154156,153.72431264154156,0.0,PASS
RECLAIM-V2-003745,RETRY_ALL,RETRY_ALL,0.0,25.0,-25.0,-25.0,0.0,PASS
RECLAIM-V2-003746,RETRY_ALL,RETRY_ALL,164.6786324018844,25.0,139.6786324018844,139.6786324018844,0.0,PASS
RECLAIM-V2-003747,RETRY_ALL,RETRY_ALL,0.0,25.0,-25.0,-25.0,0.0,PASS
RECLAIM-V2-003748,TARGET,STANDARD_TARGET,559.4939082602966,80.0,479.4939082602966,479.4939082602966,0.0,PASS
RECLAIM-V2-003749,RETRY_ALL,RETRY_ALL,260.2364274412896,25.0,235.2364274412896,235.2364274412896,0.0,PASS
RECLAIM-V2-003750,RETRY_ALL,RETRY_ALL,149.8315030743678,25.0,124.8315030743678,124.83150307436779,-1.4210854715202004e-14,PASS
RECLAIM-V2-003751,RETRY_ALL,RETRY_ALL,40.605953876094,25.0,15.605953876094,15.605953876093999,-1.7763568394002505e-15,PASS
RECLAIM-V2-003752,RETRY_ALL,RETRY_ALL,317.63808906432706,25.0,292.63808906432706,292.63808906432706,0.0,PASS
RECLAIM-V2-003753,RETRY_ALL,RETRY_ALL,0.0,25.0,-25.0,-25.0,0.0,PASS
RECLAIM-V2-003754,RETRY_ALL,RETRY_ALL,271.04455378696684,25.0,246.04455378696684,246.04455378696684,0.0,PASS
RECLAIM-V2-003755,RETRY_ALL,RETRY_ALL,0.0,25.0,-25.0,-25.0,0.0,PASS
RECLAIM-V2-003756,RETRY_ALL,RETRY_ALL,201.418123895138,25.0,176.418123895138,176.418123895138,0.0,PASS
RECLAIM-V2-003757,RETRY_ALL,RETRY_ALL,62.1112217796888,25.0,37.1112217796888,37.1112217796888,0.0,PASS
RECLAIM-V2-003758,RETRY_ALL,RETRY_ALL,84.24818885139375,25.0,59.24818885139375,59.24818885139375,0.0,PASS
RECLAIM-V2-003759,TARGET,LOW_INTENSITY,461.9618426076514,45.0,416.9618426076514,416.9618426076514,0.0,PASS
RECLAIM-V2-003760,RETRY_ALL,RETRY_ALL,257.0290981125918,25.0,232.02909811259173,232.02909811259178,5.684341886080802e-14,PASS
RECLAIM-V2-003761,RETRY_ALL,RETRY_ALL,0.0,25.0,-25.0,-25.0,0.0,PASS
RECLAIM-V2-003762,TARGET,MONITOR,410.8364380646778,10.0,400.8364380646778,400.8364380646778,0.0,PASS
RECLAIM-V2-003763,RETRY_ALL,RETRY_ALL,0.0,25.0,-25.0,-25.0,0.0,PASS
RECLAIM-V2-003764,RETRY_ALL,RETRY_ALL,0.0,25.0,-25.0,-25.0,0.0,PASS
RECLAIM-V2-003765,RETRY_ALL,RETRY_ALL,0.0,25.0,-25.0,-25.0,0.0,PASS
RECLAIM-V2-003766,RETRY_ALL,RETRY_ALL,0.0,25.0,-25.0,-25.0,0.0,PASS
RECLAIM-V2-003767,RETRY_ALL,RETRY_ALL,0.0,25.0,-25.0,-25.0,0.0,PASS
RECLAIM-V2-003768,RETRY_ALL,RETRY_ALL,30.70192716594885,25.0,5.701927165948849,5.701927165948849,0.0,PASS
RECLAIM-V2-003769,RETRY_ALL,RETRY_ALL,285.381461222976,25.0,260.381461222976,260.381461222976,0.0,PASS
RECLAIM-V2-003770,RETRY_ALL,RETRY_ALL,0.0,25.0,-25.0,-25.0,0.0,PASS
RECLAIM-V2-003771,RETRY_ALL,RETRY_ALL,0.0,25.0,-25.0,-25.0,0.0,PASS
RECLAIM-V2-003772,RETRY_ALL,RETRY_ALL,0.0,25.0,-25.0,-25.0,0.0,PASS
RECLAIM-V2-003773,RETRY_ALL,RETRY_ALL,0.0,25.0,-25.0,-25.0,0.0,PASS
RECLAIM-V2-003774,RETRY_ALL,RETRY_ALL,0.0,25.0,-25.0,-25.0,0.0,PASS
RECLAIM-V2-003775,RETRY_ALL,RETRY_ALL,24.515344981148097,25.0,-0.4846550188519032,-0.4846550188519032,0.0,PASS
RECLAIM-V2-003776,RETRY_ALL,RETRY_ALL,0.0,25.0,-25.0,-25.0,0.0,PASS
RECLAIM-V2-003777,RETRY_ALL,RETRY_ALL,289.5433488581307,25.0,264.5433488581307,264.5433488581307,0.0,PASS
RECLAIM-V2-003778,RETRY_ALL,RETRY_ALL,0.0,25.0,-25.0,-25.0,0.0,PASS
RECLAIM-V2-003779,RETRY_ALL,RETRY_ALL,182.1319165170393,25.0,157.1319165170393,157.1319165170393,0.0,PASS
RECLAIM-V2-003780,RETRY_ALL,RETRY_ALL,320.28268569830595,25.0,295.28268569830595,295.28268569830595,0.0,PASS
RECLAIM-V2-003781,RETRY_ALL,RETRY_ALL,0.0,25.0,-25.0,-25.0,0.0,PASS
RECLAIM-V2-003782,RETRY_ALL,RETRY_ALL,33.3612321244458,25.0,8.361232124445799,8.361232124445799,0.0,PASS
RECLAIM-V2-003783,RETRY_ALL,RETRY_ALL,87.91896886923405,25.0,62.91896886923405,62.91896886923405,0.0,PASS
RECLAIM-V2-003784,RETRY_ALL,RETRY_ALL,0.0,25.0,-25.0,-25.0,0.0,PASS
RECLAIM-V2-003785,RETRY_ALL,RETRY_ALL,0.0,25.0,-25.0,-25.0,0.0,PASS
RECLAIM-V2-003786,RETRY_ALL,RETRY_ALL,0.0,25.0,-25.0,-25.0,0.0,PASS
RECLAIM-V2-003787,RETRY_ALL,RETRY_ALL,0.0,25.0,-25.0,-25.0,0.0,PASS
RECLAIM-V2-003788,RETRY_ALL,RETRY_ALL,123.15263949151306,25.0,98.15263949151306,98.15263949151306,0.0,PASS
RECLAIM-V2-003789,RETRY_ALL,RETRY_ALL,60.62088224489355,25.0,35.62088224489355,35.62088224489355,0.0,PASS
RECLAIM-V2-003790,RETRY_ALL,RETRY_ALL,0.0,25.0,-25.0,-25.0,0.0,PASS
RECLAIM-V2-003791,RETRY_ALL,RETRY_ALL,0.0,25.0,-25.0,-25.0,0.0,PASS
RECLAIM-V2-003792,RETRY_ALL,RETRY_ALL,0.0,25.0,-25.0,-25.0,0.0,PASS
RECLAIM-V2-003793,RETRY_ALL,RETRY_ALL,0.0,25.0,-25.0,-25.0,0.0,PASS
RECLAIM-V2-003794,RETRY_ALL,RETRY_ALL,0.0,25.0,-25.0,-25.0,0.0,PASS
RECLAIM-V2-003795,RETRY_ALL,RETRY_ALL,38.1339423402096,25.0,13.1339423402096,13.1339423402096,0.0,PASS
RECLAIM-V2-003796,RETRY_ALL,RETRY_ALL,22.24833692508375,25.0,-2.751663074916252,-2.7516630749162516,4.440892098500626e-16,PASS
RECLAIM-V2-003797,RETRY_ALL,RETRY_ALL,0.0,25.0,-25.0,-25.0,0.0,PASS
RECLAIM-V2-003798,RETRY_ALL,RETRY_ALL,0.0,25.0,-25.0,-25.0,0.0,PASS
RECLAIM-V2-003799,RETRY_ALL,RETRY_ALL,305.2218425091871,25.0,280.2218425091871,280.2218425091871,0.0,PASS
RECLAIM-V2-003800,RETRY_ALL,RETRY_ALL,8.9348603640546,25.0,-16.0651396359454,-16.0651396359454,0.0,PASS
RECLAIM-V2-003801,RETRY_ALL,RETRY_ALL,280.97479736374305,25.0,255.97479736374305,255.97479736374305,0.0,PASS
RECLAIM-V2-003802,RETRY_ALL,RETRY_ALL,0.0,25.0,-25.0,-25.0,0.0,PASS
RECLAIM-V2-003803,RETRY_ALL,RETRY_ALL,0.0,25.0,-25.0,-25.0,0.0,PASS
RECLAIM-V2-003804,RETRY_ALL,RETRY_ALL,0.0,25.0,-25.0,-25.0,0.0,PASS
RECLAIM-V2-003805,RETRY_ALL,RETRY_ALL,0.0,25.0,-25.0,-25.0,0.0,PASS
RECLAIM-V2-003806,RETRY_ALL,RETRY_ALL,4.43691763613175,25.0,-20.56308236386825,-20.56308236386825,0.0,PASS
RECLAIM-V2-003807,RETRY_ALL,RETRY_ALL,72.8943932771106,25.0,47.8943932771106,47.894393277110595,-7.105427357601002e-15,PASS
RECLAIM-V2-003808,RETRY_ALL,RETRY_ALL,0.0,25.0,-25.0,-25.0,0.0,PASS
RECLAIM-V2-003809,RETRY_ALL,RETRY_ALL,0.0,25.0,-25.0,-25.0,0.0,PASS
RECLAIM-V2-003810,RETRY_ALL,RETRY_ALL,119.65695255743026,25.0,94.65695255743026,94.65695255743026,0.0,PASS
RECLAIM-V2-003811,RETRY_ALL,RETRY_ALL,71.7649083116784,25.0,46.7649083116784,46.7649083116784,0.0,PASS
RECLAIM-V2-003812,RETRY_ALL,RETRY_ALL,45.9531164792856,25.0,20.9531164792856,20.953116479285598,-3.552713678800501e-15,PASS
RECLAIM-V2-003813,RETRY_ALL,RETRY_ALL,247.2138536592265,25.0,222.2138536592265,222.2138536592265,0.0,PASS
RECLAIM-V2-003814,RETRY_ALL,RETRY_ALL,365.66398112638063,25.0,340.66398112638063,340.66398112638063,0.0,PASS
RECLAIM-V2-003815,RETRY_ALL,RETRY_ALL,73.4285029050924,25.0,48.4285029050924,48.4285029050924,0.0,PASS
RECLAIM-V2-003816,RETRY_ALL,RETRY_ALL,0.0,25.0,-25.0,-25.0,0.0,PASS
RECLAIM-V2-003817,RETRY_ALL,RETRY_ALL,0.0,25.0,-25.0,-25.0,0.0,PASS
RECLAIM-V2-003818,RETRY_ALL,RETRY_ALL,90.1736768889033,25.0,65.1736768889033,65.1736768889033,0.0,PASS
RECLAIM-V2-003819,RETRY_ALL,RETRY_ALL,0.0,25.0,-25.0,-25.0,0.0,PASS
RECLAIM-V2-003820,RETRY_ALL,RETRY_ALL,217.5840908880692,25.0,192.5840908880692,192.5840908880692,0.0,PASS
RECLAIM-V2-003821,RETRY_ALL,RETRY_ALL,0.0,25.0,-25.0,-25.0,0.0,PASS
RECLAIM-V2-003822,RETRY_ALL,RETRY_ALL,350.9508376309714,25.0,325.9508376309714,325.9508376309714,0.0,PASS
RECLAIM-V2-003823,RETRY_ALL,RETRY_ALL,0.0,25.0,-25.0,-25.0,0.0,PASS
RECLAIM-V2-003824,RETRY_ALL,RETRY_ALL,275.1403457243067,25.0,250.1403457243067,250.1403457243067,0.0,PASS
RECLAIM-V2-003825,RETRY_ALL,RETRY_ALL,0.0,25.0,-25.0,-25.0,0.0,PASS
RECLAIM-V2-003826,RETRY_ALL,RETRY_ALL,166.14651017907377,25.0,141.14651017907377,141.14651017907377,0.0,PASS
RECLAIM-V2-003827,RETRY_ALL,RETRY_ALL,0.0,25.0,-25.0,-25.0,0.0,PASS
RECLAIM-V2-003828,RETRY_ALL,RETRY_ALL,0.0,25.0,-25.0,-25.0,0.0,PASS
RECLAIM-V2-003829,RETRY_ALL,RETRY_ALL,0.0,25.0,-25.0,-25.0,0.0,PASS
RECLAIM-V2-003830,RETRY_ALL,RETRY_ALL,0.0,25.0,-25.0,-25.0,0.0,PASS
RECLAIM-V2-003831,RETRY_ALL,RETRY_ALL,0.0,25.0,-25.0,-25.0,0.0,PASS
RECLAIM-V2-003832,RETRY_ALL,RETRY_ALL,0.0,25.0,-25.0,-25.0,0.0,PASS
RECLAIM-V2-003833,RETRY_ALL,RETRY_ALL,224.46424699504087,25.0,199.46424699504087,199.46424699504087,0.0,PASS
RECLAIM-V2-003834,RETRY_ALL,RETRY_ALL,0.0,25.0,-25.0,-25.0,0.0,PASS
RECLAIM-V2-003835,RETRY_ALL,RETRY_ALL,2.6115362041716,25.0,-22.3884637958284,-22.3884637958284,0.0,PASS
RECLAIM-V2-003836,RETRY_ALL,RETRY_ALL,0.0,25.0,-25.0,-25.0,0.0,PASS
RECLAIM-V2-003837,RETRY_ALL,RETRY_ALL,263.67948568522564,25.0,238.67948568522564,238.67948568522564,0.0,PASS
RECLAIM-V2-003838,RETRY_ALL,RETRY_ALL,256.6710493158558,25.0,231.67104931585573,231.67104931585578,5.684341886080802e-14,PASS
RECLAIM-V2-003839,RETRY_ALL,RETRY_ALL,0.0,25.0,-25.0,-25.0,0.0,PASS
RECLAIM-V2-003840,TARGET,MONITOR,391.2020669580409,10.0,381.2020669580409,381.2020669580409,0.0,PASS
RECLAIM-V2-003841,RETRY_ALL,RETRY_ALL,70.52706983655375,25.0,45.52706983655375,45.52706983655375,0.0,PASS
RECLAIM-V2-003842,RETRY_ALL,RETRY_ALL,0.0,25.0,-25.0,-25.0,0.0,PASS
RECLAIM-V2-003843,TARGET,STANDARD_TARGET,521.4485543393163,80.0,441.4485543393163,441.4485543393163,0.0,PASS
RECLAIM-V2-003844,TARGET,MONITOR,390.9759822661152,10.0,380.9759822661152,380.9759822661152,0.0,PASS
RECLAIM-V2-003845,RETRY_ALL,RETRY_ALL,0.0,25.0,-25.0,-25.0,0.0,PASS
RECLAIM-V2-003846,RETRY_ALL,RETRY_ALL,0.0,25.0,-25.0,-25.0,0.0,PASS
RECLAIM-V2-003847,RETRY_ALL,RETRY_ALL,0.0,25.0,-25.0,-25.0,0.0,PASS
RECLAIM-V2-003848,RETRY_ALL,RETRY_ALL,303.33610158452325,25.0,278.33610158452325,278.33610158452325,0.0,PASS
RECLAIM-V2-003849,RETRY_ALL,RETRY_ALL,206.3234503859832,25.0,181.3234503859832,181.3234503859832,0.0,PASS
RECLAIM-V2-003850,RETRY_ALL,RETRY_ALL,0.0,25.0,-25.0,-25.0,0.0,PASS
RECLAIM-V2-003851,RETRY_ALL,RETRY_ALL,0.0,25.0,-25.0,-25.0,0.0,PASS
RECLAIM-V2-003852,RETRY_ALL,RETRY_ALL,299.89426223538004,25.0,274.89426223538004,274.89426223538004,0.0,PASS
RECLAIM-V2-003853,RETRY_ALL,RETRY_ALL,0.0,25.0,-25.0,-25.0,0.0,PASS
RECLAIM-V2-003854,RETRY_ALL,RETRY_ALL,0.0,25.0,-25.0,-25.0,0.0,PASS
RECLAIM-V2-003855,RETRY_ALL,RETRY_ALL,87.11680413592124,25.0,62.11680413592124,62.11680413592124,0.0,PASS
RECLAIM-V2-003856,RETRY_ALL,RETRY_ALL,0.0,25.0,-25.0,-25.0,0.0,PASS
RECLAIM-V2-003857,RETRY_ALL,RETRY_ALL,225.72444492178755,25.0,200.72444492178755,200.72444492178755,0.0,PASS
RECLAIM-V2-003858,RETRY_ALL,RETRY_ALL,0.0,25.0,-25.0,-25.0,0.0,PASS
RECLAIM-V2-003859,TARGET,MONITOR,416.1382120719576,10.0,406.1382120719576,406.1382120719576,0.0,PASS
RECLAIM-V2-003860,RETRY_ALL,RETRY_ALL,257.39981994487573,25.0,232.39981994487573,232.39981994487573,0.0,PASS
RECLAIM-V2-003861,RETRY_ALL,RETRY_ALL,0.0,25.0,-25.0,-25.0,0.0,PASS
RECLAIM-V2-003862,RETRY_ALL,RETRY_ALL,0.0,25.0,-25.0,-25.0,0.0,PASS
RECLAIM-V2-003863,RETRY_ALL,RETRY_ALL,0.0,25.0,-25.0,-25.0,0.0,PASS
RECLAIM-V2-003864,RETRY_ALL,RETRY_ALL,128.54833650955905,25.0,103.54833650955904,103.54833650955905,1.4210854715202004e-14,PASS
RECLAIM-V2-003865,RETRY_ALL,RETRY_ALL,346.846209864714,25.0,321.846209864714,321.846209864714,0.0,PASS
RECLAIM-V2-003866,RETRY_ALL,RETRY_ALL,131.51637521713127,25.0,106.51637521713128,106.51637521713127,-1.4210854715202004e-14,PASS
RECLAIM-V2-003867,RETRY_ALL,RETRY_ALL,297.3582649075994,25.0,272.3582649075994,272.3582649075994,0.0,PASS
RECLAIM-V2-003868,RETRY_ALL,RETRY_ALL,0.0,25.0,-25.0,-25.0,0.0,PASS
RECLAIM-V2-003869,RETRY_ALL,RETRY_ALL,130.22210820212266,25.0,105.22210820212266,105.22210820212266,0.0,PASS
RECLAIM-V2-003870,RETRY_ALL,RETRY_ALL,0.0,25.0,-25.0,-25.0,0.0,PASS
RECLAIM-V2-003871,RETRY_ALL,RETRY_ALL,0.0,25.0,-25.0,-25.0,0.0,PASS
RECLAIM-V2-003872,RETRY_ALL,RETRY_ALL,130.5601591715988,25.0,105.5601591715988,105.5601591715988,0.0,PASS
RECLAIM-V2-003873,RETRY_ALL,RETRY_ALL,0.0,25.0,-25.0,-25.0,0.0,PASS
RECLAIM-V2-003874,RETRY_ALL,RETRY_ALL,0.0,25.0,-25.0,-25.0,0.0,PASS
RECLAIM-V2-003875,RETRY_ALL,RETRY_ALL,88.25241970996215,25.0,63.25241970996216,63.252419709962155,-7.105427357601002e-15,PASS
RECLAIM-V2-003876,RETRY_ALL,RETRY_ALL,283.1568648570489,25.0,258.1568648570489,258.1568648570489,0.0,PASS
RECLAIM-V2-003877,RETRY_ALL,RETRY_ALL,298.91916309554443,25.0,273.91916309554443,273.91916309554443,0.0,PASS
RECLAIM-V2-003878,RETRY_ALL,RETRY_ALL,45.9360611096733,25.0,20.936061109673297,20.936061109673297,0.0,PASS
RECLAIM-V2-003879,RETRY_ALL,RETRY_ALL,375.7034728818138,25.0,350.7034728818138,350.7034728818138,0.0,PASS
RECLAIM-V2-003880,RETRY_ALL,RETRY_ALL,83.2261496323059,25.0,58.22614963230591,58.226149632305905,-7.105427357601002e-15,PASS
RECLAIM-V2-003881,RETRY_ALL,RETRY_ALL,0.0,25.0,-25.0,-25.0,0.0,PASS
RECLAIM-V2-003882,RETRY_ALL,RETRY_ALL,276.01700753898194,25.0,251.017007538982,251.01700753898194,-5.684341886080802e-14,PASS
RECLAIM-V2-003883,RETRY_ALL,RETRY_ALL,0.0,25.0,-25.0,-25.0,0.0,PASS
RECLAIM-V2-003884,RETRY_ALL,RETRY_ALL,68.2098706377717,25.0,43.2098706377717,43.2098706377717,0.0,PASS
RECLAIM-V2-003885,RETRY_ALL,RETRY_ALL,165.10956152941125,25.0,140.10956152941125,140.10956152941125,0.0,PASS
RECLAIM-V2-003886,RETRY_ALL,RETRY_ALL,0.0,25.0,-25.0,-25.0,0.0,PASS
RECLAIM-V2-003887,RETRY_ALL,RETRY_ALL,204.96482075652105,25.0,179.96482075652105,179.96482075652105,0.0,PASS
RECLAIM-V2-003888,RETRY_ALL,RETRY_ALL,0.0,25.0,-25.0,-25.0,0.0,PASS
RECLAIM-V2-003889,TARGET,HIGH_INTENSITY,648.5680492572324,120.0,528.5680492572324,528.5680492572324,0.0,PASS
RECLAIM-V2-003890,RETRY_ALL,RETRY_ALL,268.92750519539743,25.0,243.92750519539743,243.92750519539743,0.0,PASS
RECLAIM-V2-003891,RETRY_ALL,RETRY_ALL,0.0,25.0,-25.0,-25.0,0.0,PASS
RECLAIM-V2-003892,RETRY_ALL,RETRY_ALL,40.0443191347593,25.0,15.0443191347593,15.044319134759299,-1.7763568394002505e-15,PASS
RECLAIM-V2-003893,RETRY_ALL,RETRY_ALL,162.1514422840362,25.0,137.1514422840362,137.1514422840362,0.0,PASS
RECLAIM-V2-003894,RETRY_ALL,RETRY_ALL,0.0,25.0,-25.0,-25.0,0.0,PASS
RECLAIM-V2-003895,RETRY_ALL,RETRY_ALL,0.0,25.0,-25.0,-25.0,0.0,PASS
RECLAIM-V2-003896,RETRY_ALL,RETRY_ALL,0.0,25.0,-25.0,-25.0,0.0,PASS
RECLAIM-V2-003897,TARGET,MONITOR,394.5504265056193,10.0,384.5504265056193,384.5504265056193,0.0,PASS
RECLAIM-V2-003898,RETRY_ALL,RETRY_ALL,0.0,25.0,-25.0,-25.0,0.0,PASS
RECLAIM-V2-003899,RETRY_ALL,RETRY_ALL,383.9345316845095,25.0,358.9345316845095,358.9345316845095,0.0,PASS
RECLAIM-V2-003900,RETRY_ALL,RETRY_ALL,0.0,25.0,-25.0,-25.0,0.0,PASS
RECLAIM-V2-003901,RETRY_ALL,RETRY_ALL,6.100003421073751,25.0,-18.89999657892625,-18.89999657892625,0.0,PASS
RECLAIM-V2-003902,TARGET,STANDARD_TARGET,515.8808475720714,80.0,435.8808475720714,435.8808475720714,0.0,PASS
RECLAIM-V2-003903,RETRY_ALL,RETRY_ALL,0.0,25.0,-25.0,-25.0,0.0,PASS
RECLAIM-V2-003904,RETRY_ALL,RETRY_ALL,265.5431682753863,25.0,240.54316827538628,240.54316827538628,0.0,PASS
RECLAIM-V2-003905,RETRY_ALL,RETRY_ALL,0.0,25.0,-25.0,-25.0,0.0,PASS
RECLAIM-V2-003906,RETRY_ALL,RETRY_ALL,0.0,25.0,-25.0,-25.0,0.0,PASS
RECLAIM-V2-003907,RETRY_ALL,RETRY_ALL,0.0,25.0,-25.0,-25.0,0.0,PASS
RECLAIM-V2-003908,RETRY_ALL,RETRY_ALL,0.0,25.0,-25.0,-25.0,0.0,PASS
RECLAIM-V2-003909,RETRY_ALL,RETRY_ALL,266.9654939225948,25.0,241.9654939225948,241.96549392259482,2.842170943040401e-14,PASS
RECLAIM-V2-003910,RETRY_ALL,RETRY_ALL,0.0,25.0,-25.0,-25.0,0.0,PASS
RECLAIM-V2-003911,RETRY_ALL,RETRY_ALL,389.19238380521625,25.0,364.19238380521625,364.19238380521625,0.0,PASS
RECLAIM-V2-003912,RETRY_ALL,RETRY_ALL,237.35516614491448,25.0,212.35516614491448,212.35516614491448,0.0,PASS
RECLAIM-V2-003913,RETRY_ALL,RETRY_ALL,51.2283428413614,25.0,26.228342841361403,26.228342841361403,0.0,PASS
RECLAIM-V2-003914,RETRY_ALL,RETRY_ALL,181.88182744408985,25.0,156.88182744408985,156.88182744408985,0.0,PASS
RECLAIM-V2-003915,RETRY_ALL,RETRY_ALL,166.92252092741325,25.0,141.92252092741325,141.92252092741325,0.0,PASS
RECLAIM-V2-003916,RETRY_ALL,RETRY_ALL,259.8754857661503,25.0,234.8754857661503,234.8754857661503,0.0,PASS
RECLAIM-V2-003917,RETRY_ALL,RETRY_ALL,330.83669327005214,25.0,305.83669327005214,305.83669327005214,0.0,PASS
RECLAIM-V2-003918,RETRY_ALL,RETRY_ALL,93.55212031826746,25.0,68.55212031826746,68.55212031826746,0.0,PASS
RECLAIM-V2-003919,RETRY_ALL,RETRY_ALL,124.27589941179976,25.0,99.27589941179976,99.27589941179976,0.0,PASS
RECLAIM-V2-003920,RETRY_ALL,RETRY_ALL,0.0,25.0,-25.0,-25.0,0.0,PASS
RECLAIM-V2-003921,RETRY_ALL,RETRY_ALL,324.90962453903234,25.0,299.90962453903234,299.90962453903234,0.0,PASS
RECLAIM-V2-003922,RETRY_ALL,RETRY_ALL,131.4292310015913,25.0,106.42923100159128,106.42923100159129,1.4210854715202004e-14,PASS
RECLAIM-V2-003923,RETRY_ALL,RETRY_ALL,0.0,25.0,-25.0,-25.0,0.0,PASS
RECLAIM-V2-003924,RETRY_ALL,RETRY_ALL,0.0,25.0,-25.0,-25.0,0.0,PASS
RECLAIM-V2-003925,RETRY_ALL,RETRY_ALL,0.0,25.0,-25.0,-25.0,0.0,PASS
RECLAIM-V2-003926,RETRY_ALL,RETRY_ALL,107.74563463518255,25.0,82.74563463518255,82.74563463518255,0.0,PASS
RECLAIM-V2-003927,RETRY_ALL,RETRY_ALL,213.65500154831008,25.0,188.65500154831008,188.65500154831008,0.0,PASS
RECLAIM-V2-003928,RETRY_ALL,RETRY_ALL,262.7143334532556,25.0,237.7143334532556,237.71433345325562,2.842170943040401e-14,PASS
RECLAIM-V2-003929,RETRY_ALL,RETRY_ALL,248.69937882818715,25.0,223.69937882818715,223.69937882818715,0.0,PASS
RECLAIM-V2-003930,RETRY_ALL,RETRY_ALL,0.0,25.0,-25.0,-25.0,0.0,PASS
RECLAIM-V2-003931,RETRY_ALL,RETRY_ALL,0.0,25.0,-25.0,-25.0,0.0,PASS
RECLAIM-V2-003932,RETRY_ALL,RETRY_ALL,0.0,25.0,-25.0,-25.0,0.0,PASS
RECLAIM-V2-003933,RETRY_ALL,RETRY_ALL,0.0,25.0,-25.0,-25.0,0.0,PASS
RECLAIM-V2-003934,RETRY_ALL,RETRY_ALL,0.0,25.0,-25.0,-25.0,0.0,PASS
RECLAIM-V2-003935,RETRY_ALL,RETRY_ALL,374.5901642075085,25.0,349.5901642075085,349.5901642075085,0.0,PASS
RECLAIM-V2-003936,RETRY_ALL,RETRY_ALL,223.8349336237128,25.0,198.8349336237128,198.8349336237128,0.0,PASS
RECLAIM-V2-003937,RETRY_ALL,RETRY_ALL,0.78704288292705,25.0,-24.21295711707295,-24.21295711707295,0.0,PASS
RECLAIM-V2-003938,RETRY_ALL,RETRY_ALL,0.0,25.0,-25.0,-25.0,0.0,PASS
RECLAIM-V2-003939,RETRY_ALL,RETRY_ALL,189.94322200818127,25.0,164.94322200818132,164.94322200818127,-5.684341886080802e-14,PASS
RECLAIM-V2-003940,RETRY_ALL,RETRY_ALL,0.0,25.0,-25.0,-25.0,0.0,PASS
RECLAIM-V2-003941,RETRY_ALL,RETRY_ALL,163.0974791247816,25.0,138.0974791247816,138.0974791247816,0.0,PASS
RECLAIM-V2-003942,RETRY_ALL,RETRY_ALL,0.0,25.0,-25.0,-25.0,0.0,PASS
RECLAIM-V2-003943,RETRY_ALL,RETRY_ALL,185.4245458620924,25.0,160.4245458620924,160.4245458620924,0.0,PASS
RECLAIM-V2-003944,RETRY_ALL,RETRY_ALL,269.8750765094889,25.0,244.8750765094889,244.8750765094889,0.0,PASS
RECLAIM-V2-003945,RETRY_ALL,RETRY_ALL,74.2221351190833,25.0,49.222135119083305,49.222135119083305,0.0,PASS
RECLAIM-V2-003946,RETRY_ALL,RETRY_ALL,206.69691233172404,25.0,181.69691233172404,181.69691233172404,0.0,PASS
RECLAIM-V2-003947,RETRY_ALL,RETRY_ALL,246.0330507415695,25.0,221.0330507415695,221.0330507415695,0.0,PASS
RECLAIM-V2-003948,RETRY_ALL,RETRY_ALL,0.0,25.0,-25.0,-25.0,0.0,PASS
RECLAIM-V2-003949,RETRY_ALL,RETRY_ALL,0.0,25.0,-25.0,-25.0,0.0,PASS
RECLAIM-V2-003950,RETRY_ALL,RETRY_ALL,283.23419032987533,25.0,258.23419032987533,258.23419032987533,0.0,PASS
RECLAIM-V2-003951,RETRY_ALL,RETRY_ALL,115.27156913871885,25.0,90.27156913871885,90.27156913871885,0.0,PASS
RECLAIM-V2-003952,RETRY_ALL,RETRY_ALL,195.66804058793147,25.0,170.66804058793147,170.66804058793147,0.0,PASS
RECLAIM-V2-003953,RETRY_ALL,RETRY_ALL,128.76040876919717,25.0,103.76040876919716,103.76040876919717,1.4210854715202004e-14,PASS
RECLAIM-V2-003954,RETRY_ALL,RETRY_ALL,84.5277111680538,25.0,59.5277111680538,59.5277111680538,0.0,PASS
RECLAIM-V2-003955,RETRY_ALL,RETRY_ALL,0.0,25.0,-25.0,-25.0,0.0,PASS
RECLAIM-V2-003956,RETRY_ALL,RETRY_ALL,0.0,25.0,-25.0,-25.0,0.0,PASS
RECLAIM-V2-003957,RETRY_ALL,RETRY_ALL,0.0,25.0,-25.0,-25.0,0.0,PASS
RECLAIM-V2-003958,RETRY_ALL,RETRY_ALL,0.0,25.0,-25.0,-25.0,0.0,PASS
RECLAIM-V2-003959,RETRY_ALL,RETRY_ALL,0.0,25.0,-25.0,-25.0,0.0,PASS
RECLAIM-V2-003960,RETRY_ALL,RETRY_ALL,137.01169020651406,25.0,112.01169020651406,112.01169020651406,0.0,PASS
RECLAIM-V2-003961,RETRY_ALL,RETRY_ALL,0.0,25.0,-25.0,-25.0,0.0,PASS
RECLAIM-V2-003962,RETRY_ALL,RETRY_ALL,171.54809305551376,25.0,146.54809305551376,146.54809305551376,0.0,PASS
RECLAIM-V2-003963,RETRY_ALL,RETRY_ALL,0.0,25.0,-25.0,-25.0,0.0,PASS
RECLAIM-V2-003964,RETRY_ALL,RETRY_ALL,0.0,25.0,-25.0,-25.0,0.0,PASS
RECLAIM-V2-003965,RETRY_ALL,RETRY_ALL,0.0,25.0,-25.0,-25.0,0.0,PASS
RECLAIM-V2-003966,RETRY_ALL,RETRY_ALL,350.4943488723509,25.0,325.4943488723509,325.4943488723509,0.0,PASS
RECLAIM-V2-003967,RETRY_ALL,RETRY_ALL,38.814014857911445,25.0,13.814014857911443,13.814014857911445,1.7763568394002505e-15,PASS
RECLAIM-V2-003968,RETRY_ALL,RETRY_ALL,305.00069324197847,25.0,280.00069324197847,280.00069324197847,0.0,PASS
RECLAIM-V2-003969,RETRY_ALL,RETRY_ALL,0.0,25.0,-25.0,-25.0,0.0,PASS
RECLAIM-V2-003970,RETRY_ALL,RETRY_ALL,267.7048847689617,25.0,242.70488476896168,242.70488476896168,0.0,PASS
RECLAIM-V2-003971,RETRY_ALL,RETRY_ALL,0.0,25.0,-25.0,-25.0,0.0,PASS
RECLAIM-V2-003972,RETRY_ALL,RETRY_ALL,0.0,25.0,-25.0,-25.0,0.0,PASS
RECLAIM-V2-003973,RETRY_ALL,RETRY_ALL,0.0,25.0,-25.0,-25.0,0.0,PASS
RECLAIM-V2-003974,RETRY_ALL,RETRY_ALL,0.0,25.0,-25.0,-25.0,0.0,PASS
RECLAIM-V2-003975,RETRY_ALL,RETRY_ALL,358.9982662989816,25.0,333.9982662989816,333.9982662989816,0.0,PASS
RECLAIM-V2-003976,RETRY_ALL,RETRY_ALL,129.583284480405,25.0,104.583284480405,104.58328448040501,1.4210854715202004e-14,PASS
RECLAIM-V2-003977,RETRY_ALL,RETRY_ALL,131.88308843474417,25.0,106.88308843474417,106.88308843474417,0.0,PASS
RECLAIM-V2-003978,RETRY_ALL,RETRY_ALL,1.1693620103013,25.0,-23.8306379896987,-23.8306379896987,0.0,PASS
RECLAIM-V2-003979,RETRY_ALL,RETRY_ALL,0.0,25.0,-25.0,-25.0,0.0,PASS
RECLAIM-V2-003980,RETRY_ALL,RETRY_ALL,0.0,25.0,-25.0,-25.0,0.0,PASS
RECLAIM-V2-003981,RETRY_ALL,RETRY_ALL,0.0,25.0,-25.0,-25.0,0.0,PASS
RECLAIM-V2-003982,RETRY_ALL,RETRY_ALL,0.0,25.0,-25.0,-25.0,0.0,PASS
RECLAIM-V2-003983,RETRY_ALL,RETRY_ALL,312.8647232162327,25.0,287.8647232162327,287.8647232162327,0.0,PASS
RECLAIM-V2-003984,RETRY_ALL,RETRY_ALL,0.0,25.0,-25.0,-25.0,0.0,PASS
RECLAIM-V2-003985,RETRY_ALL,RETRY_ALL,159.61647070059524,25.0,134.61647070059524,134.61647070059524,0.0,PASS
RECLAIM-V2-003986,RETRY_ALL,RETRY_ALL,0.0,25.0,-25.0,-25.0,0.0,PASS
RECLAIM-V2-003987,RETRY_ALL,RETRY_ALL,0.0,25.0,-25.0,-25.0,0.0,PASS
RECLAIM-V2-003988,RETRY_ALL,RETRY_ALL,58.52841277216215,25.0,33.52841277216215,33.52841277216215,0.0,PASS
RECLAIM-V2-003989,RETRY_ALL,RETRY_ALL,195.93123410645083,25.0,170.93123410645083,170.93123410645083,0.0,PASS
RECLAIM-V2-003990,RETRY_ALL,RETRY_ALL,29.781588209595903,25.0,4.781588209595903,4.781588209595903,0.0,PASS
RECLAIM-V2-003991,RETRY_ALL,RETRY_ALL,56.14256515885636,25.0,31.14256515885636,31.142565158856357,-3.552713678800501e-15,PASS
RECLAIM-V2-003992,RETRY_ALL,RETRY_ALL,0.0,25.0,-25.0,-25.0,0.0,PASS
RECLAIM-V2-003993,RETRY_ALL,RETRY_ALL,0.0,25.0,-25.0,-25.0,0.0,PASS
RECLAIM-V2-003994,RETRY_ALL,RETRY_ALL,0.0,25.0,-25.0,-25.0,0.0,PASS
RECLAIM-V2-003995,RETRY_ALL,RETRY_ALL,38.2662888519519,25.0,13.2662888519519,13.266288851951899,-1.7763568394002505e-15,PASS
RECLAIM-V2-003996,TARGET,LOW_INTENSITY,463.76993756299214,45.0,418.76993756299214,418.76993756299214,0.0,PASS
RECLAIM-V2-003997,RETRY_ALL,RETRY_ALL,0.0,25.0,-25.0,-25.0,0.0,PASS
RECLAIM-V2-003998,RETRY_ALL,RETRY_ALL,0.0,25.0,-25.0,-25.0,0.0,PASS
RECLAIM-V2-003999,TARGET,STANDARD_TARGET,490.5361042214741,80.0,410.5361042214741,410.5361042214741,0.0,PASS
RECLAIM-V2-004000,TARGET,LOW_INTENSITY,458.7575733722096,45.0,413.7575733722096,413.7575733722096,0.0,PASS
RECLAIM-V2-004001,RETRY_ALL,RETRY_ALL,288.2319569185232,25.0,263.2319569185232,263.2319569185232,0.0,PASS
RECLAIM-V2-004002,RETRY_ALL,RETRY_ALL,0.0,25.0,-25.0,-25.0,0.0,PASS
RECLAIM-V2-004003,RETRY_ALL,RETRY_ALL,0.0,25.0,-25.0,-25.0,0.0,PASS
RECLAIM-V2-004004,RETRY_ALL,RETRY_ALL,360.0279002961585,25.0,335.0279002961585,335.0279002961585,0.0,PASS
RECLAIM-V2-004005,RETRY_ALL,RETRY_ALL,226.735453566612,25.0,201.735453566612,201.735453566612,0.0,PASS
RECLAIM-V2-004006,RETRY_ALL,RETRY_ALL,0.0,25.0,-25.0,-25.0,0.0,PASS
RECLAIM-V2-004007,RETRY_ALL,RETRY_ALL,0.0,25.0,-25.0,-25.0,0.0,PASS
RECLAIM-V2-004008,RETRY_ALL,RETRY_ALL,0.0,25.0,-25.0,-25.0,0.0,PASS
RECLAIM-V2-004009,RETRY_ALL,RETRY_ALL,245.0778222718452,25.0,220.0778222718452,220.0778222718452,0.0,PASS
RECLAIM-V2-004010,TARGET,HIGH_INTENSITY,593.0614406033671,120.0,473.0614406033672,473.06144060336715,-5.684341886080802e-14,PASS
RECLAIM-V2-004011,RETRY_ALL,RETRY_ALL,0.0,25.0,-25.0,-25.0,0.0,PASS
RECLAIM-V2-004012,TARGET,STANDARD_TARGET,499.0297890375093,80.0,419.0297890375093,419.0297890375093,0.0,PASS
RECLAIM-V2-004013,RETRY_ALL,RETRY_ALL,54.389879670380544,25.0,29.389879670380544,29.389879670380544,0.0,PASS
RECLAIM-V2-004014,TARGET,MONITOR,418.2739195433365,10.0,408.2739195433365,408.2739195433365,0.0,PASS
RECLAIM-V2-004015,TARGET,LOW_INTENSITY,469.9853246932731,45.0,424.9853246932731,424.9853246932731,0.0,PASS
RECLAIM-V2-004016,RETRY_ALL,RETRY_ALL,182.00885660018085,25.0,157.00885660018085,157.00885660018085,0.0,PASS
RECLAIM-V2-004017,RETRY_ALL,RETRY_ALL,0.0,25.0,-25.0,-25.0,0.0,PASS
RECLAIM-V2-004018,RETRY_ALL,RETRY_ALL,0.0,25.0,-25.0,-25.0,0.0,PASS
RECLAIM-V2-004019,RETRY_ALL,RETRY_ALL,0.0,25.0,-25.0,-25.0,0.0,PASS
RECLAIM-V2-004020,TARGET,LOW_INTENSITY,456.6701456834124,45.0,411.6701456834124,411.6701456834124,0.0,PASS
RECLAIM-V2-004021,RETRY_ALL,RETRY_ALL,42.6056291553024,25.0,17.605629155302402,17.605629155302402,0.0,PASS
RECLAIM-V2-004022,RETRY_ALL,RETRY_ALL,246.59815126076413,25.0,221.59815126076413,221.59815126076413,0.0,PASS
RECLAIM-V2-004023,RETRY_ALL,RETRY_ALL,0.0,25.0,-25.0,-25.0,0.0,PASS
RECLAIM-V2-004024,RETRY_ALL,RETRY_ALL,216.6148951814157,25.0,191.6148951814157,191.6148951814157,0.0,PASS
RECLAIM-V2-004025,RETRY_ALL,RETRY_ALL,0.0,25.0,-25.0,-25.0,0.0,PASS
RECLAIM-V2-004026,RETRY_ALL,RETRY_ALL,0.0,25.0,-25.0,-25.0,0.0,PASS
RECLAIM-V2-004027,RETRY_ALL,RETRY_ALL,0.0,25.0,-25.0,-25.0,0.0,PASS
RECLAIM-V2-004028,RETRY_ALL,RETRY_ALL,0.0,25.0,-25.0,-25.0,0.0,PASS
RECLAIM-V2-004029,RETRY_ALL,RETRY_ALL,0.0,25.0,-25.0,-25.0,0.0,PASS
RECLAIM-V2-004030,RETRY_ALL,RETRY_ALL,120.7929475531746,25.0,95.7929475531746,95.7929475531746,0.0,PASS
RECLAIM-V2-004031,RETRY_ALL,RETRY_ALL,0.0,25.0,-25.0,-25.0,0.0,PASS
RECLAIM-V2-004032,RETRY_ALL,RETRY_ALL,0.0,25.0,-25.0,-25.0,0.0,PASS
RECLAIM-V2-004033,RETRY_ALL,RETRY_ALL,0.0,25.0,-25.0,-25.0,0.0,PASS
RECLAIM-V2-004034,RETRY_ALL,RETRY_ALL,0.0,25.0,-25.0,-25.0,0.0,PASS
RECLAIM-V2-004035,RETRY_ALL,RETRY_ALL,67.2060614412603,25.0,42.2060614412603,42.2060614412603,0.0,PASS
RECLAIM-V2-004036,RETRY_ALL,RETRY_ALL,179.64374045835464,25.0,154.64374045835464,154.64374045835464,0.0,PASS
RECLAIM-V2-004037,RETRY_ALL,RETRY_ALL,279.85761947763643,25.0,254.85761947763643,254.85761947763643,0.0,PASS
RECLAIM-V2-004038,RETRY_ALL,RETRY_ALL,37.5400813422762,25.0,12.540081342276205,12.540081342276203,-1.7763568394002505e-15,PASS
RECLAIM-V2-004039,RETRY_ALL,RETRY_ALL,253.7553752906592,25.0,228.7553752906592,228.7553752906592,0.0,PASS
RECLAIM-V2-004040,RETRY_ALL,RETRY_ALL,0.0,25.0,-25.0,-25.0,0.0,PASS
RECLAIM-V2-004041,RETRY_ALL,RETRY_ALL,264.70883013893547,25.0,239.70883013893547,239.70883013893547,0.0,PASS
RECLAIM-V2-004042,RETRY_ALL,RETRY_ALL,273.1176706489215,25.0,248.1176706489215,248.1176706489215,0.0,PASS
RECLAIM-V2-004043,RETRY_ALL,RETRY_ALL,0.0,25.0,-25.0,-25.0,0.0,PASS
RECLAIM-V2-004044,RETRY_ALL,RETRY_ALL,338.8434608434918,25.0,313.8434608434918,313.8434608434918,0.0,PASS
RECLAIM-V2-004045,RETRY_ALL,RETRY_ALL,0.0,25.0,-25.0,-25.0,0.0,PASS
RECLAIM-V2-004046,RETRY_ALL,RETRY_ALL,0.0,25.0,-25.0,-25.0,0.0,PASS
RECLAIM-V2-004047,RETRY_ALL,RETRY_ALL,216.9072788252061,25.0,191.9072788252061,191.9072788252061,0.0,PASS
RECLAIM-V2-004048,RETRY_ALL,RETRY_ALL,0.0,25.0,-25.0,-25.0,0.0,PASS
RECLAIM-V2-004049,RETRY_ALL,RETRY_ALL,0.0,25.0,-25.0,-25.0,0.0,PASS
RECLAIM-V2-004050,RETRY_ALL,RETRY_ALL,0.0,25.0,-25.0,-25.0,0.0,PASS
RECLAIM-V2-004051,RETRY_ALL,RETRY_ALL,69.98850818716934,25.0,44.988508187169344,44.988508187169344,0.0,PASS
RECLAIM-V2-004052,RETRY_ALL,RETRY_ALL,346.8166618910667,25.0,321.8166618910667,321.8166618910667,0.0,PASS
RECLAIM-V2-004053,RETRY_ALL,RETRY_ALL,0.0,25.0,-25.0,-25.0,0.0,PASS
RECLAIM-V2-004054,RETRY_ALL,RETRY_ALL,242.51178384946903,25.0,217.51178384946903,217.51178384946903,0.0,PASS
RECLAIM-V2-004055,RETRY_ALL,RETRY_ALL,347.1724694904114,25.0,322.1724694904114,322.1724694904114,0.0,PASS
RECLAIM-V2-004056,RETRY_ALL,RETRY_ALL,343.4272301651457,25.0,318.4272301651457,318.4272301651457,0.0,PASS
RECLAIM-V2-004057,TARGET,MONITOR,419.73703273192166,10.0,409.73703273192166,409.73703273192166,0.0,PASS
RECLAIM-V2-004058,RETRY_ALL,RETRY_ALL,0.0,25.0,-25.0,-25.0,0.0,PASS
RECLAIM-V2-004059,RETRY_ALL,RETRY_ALL,23.3481606651594,25.0,-1.6518393348405986,-1.6518393348405986,0.0,PASS
RECLAIM-V2-004060,RETRY_ALL,RETRY_ALL,126.0400754151948,25.0,101.0400754151948,101.0400754151948,0.0,PASS
RECLAIM-V2-004061,RETRY_ALL,RETRY_ALL,0.0,25.0,-25.0,-25.0,0.0,PASS
RECLAIM-V2-004062,RETRY_ALL,RETRY_ALL,130.40542822522394,25.0,105.40542822522394,105.40542822522394,0.0,PASS
RECLAIM-V2-004063,RETRY_ALL,RETRY_ALL,0.0,25.0,-25.0,-25.0,0.0,PASS
RECLAIM-V2-004064,RETRY_ALL,RETRY_ALL,50.775814759163104,25.0,25.775814759163104,25.775814759163104,0.0,PASS
RECLAIM-V2-004065,RETRY_ALL,RETRY_ALL,92.2775490148068,25.0,67.2775490148068,67.2775490148068,0.0,PASS
RECLAIM-V2-004066,RETRY_ALL,RETRY_ALL,285.64096120720376,25.0,260.64096120720376,260.64096120720376,0.0,PASS
RECLAIM-V2-004067,RETRY_ALL,RETRY_ALL,173.0379354682482,25.0,148.0379354682482,148.0379354682482,0.0,PASS
RECLAIM-V2-004068,RETRY_ALL,RETRY_ALL,90.06215007680865,25.0,65.06215007680865,65.06215007680865,0.0,PASS
RECLAIM-V2-004069,RETRY_ALL,RETRY_ALL,0.0,25.0,-25.0,-25.0,0.0,PASS
RECLAIM-V2-004070,RETRY_ALL,RETRY_ALL,91.5013465046436,25.0,66.5013465046436,66.5013465046436,0.0,PASS
RECLAIM-V2-004071,TARGET,MONITOR,392.8260442693272,10.0,382.8260442693272,382.8260442693272,0.0,PASS
RECLAIM-V2-004072,RETRY_ALL,RETRY_ALL,152.6681147878923,25.0,127.6681147878923,127.6681147878923,0.0,PASS
RECLAIM-V2-004073,RETRY_ALL,RETRY_ALL,0.0,25.0,-25.0,-25.0,0.0,PASS
RECLAIM-V2-004074,RETRY_ALL,RETRY_ALL,129.4452782761644,25.0,104.4452782761644,104.4452782761644,0.0,PASS
RECLAIM-V2-004075,RETRY_ALL,RETRY_ALL,305.5278803581821,25.0,280.5278803581821,280.5278803581821,0.0,PASS
RECLAIM-V2-004076,RETRY_ALL,RETRY_ALL,65.84102594517945,25.0,40.84102594517945,40.84102594517945,0.0,PASS
RECLAIM-V2-004077,RETRY_ALL,RETRY_ALL,126.44530289401754,25.0,101.44530289401754,101.44530289401754,0.0,PASS
RECLAIM-V2-004078,RETRY_ALL,RETRY_ALL,324.89115511144263,25.0,299.89115511144263,299.89115511144263,0.0,PASS
RECLAIM-V2-004079,RETRY_ALL,RETRY_ALL,12.1326443169027,25.0,-12.8673556830973,-12.8673556830973,0.0,PASS
RECLAIM-V2-004080,RETRY_ALL,RETRY_ALL,65.78893659568485,25.0,40.788936595684845,40.788936595684845,0.0,PASS
RECLAIM-V2-004081,RETRY_ALL,RETRY_ALL,106.7477293199031,25.0,81.7477293199031,81.7477293199031,0.0,PASS
RECLAIM-V2-004082,RETRY_ALL,RETRY_ALL,189.09317534559705,25.0,164.09317534559705,164.09317534559705,0.0,PASS
RECLAIM-V2-004083,RETRY_ALL,RETRY_ALL,59.1286752601476,25.0,34.1286752601476,34.1286752601476,0.0,PASS
RECLAIM-V2-004084,RETRY_ALL,RETRY_ALL,43.56226370525235,25.0,18.56226370525235,18.56226370525235,0.0,PASS
RECLAIM-V2-004085,RETRY_ALL,RETRY_ALL,0.0,25.0,-25.0,-25.0,0.0,PASS
RECLAIM-V2-004086,RETRY_ALL,RETRY_ALL,141.02422646925945,25.0,116.02422646925945,116.02422646925945,0.0,PASS
RECLAIM-V2-004087,RETRY_ALL,RETRY_ALL,363.4288094255271,25.0,338.4288094255271,338.4288094255271,0.0,PASS
RECLAIM-V2-004088,RETRY_ALL,RETRY_ALL,3.77927124124755,25.0,-21.22072875875245,-21.22072875875245,0.0,PASS
RECLAIM-V2-004089,RETRY_ALL,RETRY_ALL,0.0,25.0,-25.0,-25.0,0.0,PASS
RECLAIM-V2-004090,RETRY_ALL,RETRY_ALL,73.7500490712924,25.0,48.7500490712924,48.750049071292395,-7.105427357601002e-15,PASS
RECLAIM-V2-004091,RETRY_ALL,RETRY_ALL,0.0,25.0,-25.0,-25.0,0.0,PASS
RECLAIM-V2-004092,RETRY_ALL,RETRY_ALL,0.0,25.0,-25.0,-25.0,0.0,PASS
RECLAIM-V2-004093,RETRY_ALL,RETRY_ALL,210.4407744743961,25.0,185.4407744743961,185.4407744743961,0.0,PASS
RECLAIM-V2-004094,RETRY_ALL,RETRY_ALL,0.0,25.0,-25.0,-25.0,0.0,PASS
RECLAIM-V2-004095,RETRY_ALL,RETRY_ALL,28.712706386717706,25.0,3.7127063867177057,3.7127063867177057,0.0,PASS
RECLAIM-V2-004096,RETRY_ALL,RETRY_ALL,0.0,25.0,-25.0,-25.0,0.0,PASS
RECLAIM-V2-004097,RETRY_ALL,RETRY_ALL,0.0,25.0,-25.0,-25.0,0.0,PASS
RECLAIM-V2-004098,RETRY_ALL,RETRY_ALL,0.0,25.0,-25.0,-25.0,0.0,PASS
RECLAIM-V2-004099,RETRY_ALL,RETRY_ALL,142.3682594294628,25.0,117.3682594294628,117.3682594294628,0.0,PASS
RECLAIM-V2-004100,RETRY_ALL,RETRY_ALL,65.9236737202704,25.0,40.9236737202704,40.9236737202704,0.0,PASS
RECLAIM-V2-004101,RETRY_ALL,RETRY_ALL,128.1185910262371,25.0,103.11859102623713,103.11859102623711,-1.4210854715202004e-14,PASS
RECLAIM-V2-004102,RETRY_ALL,RETRY_ALL,0.0,25.0,-25.0,-25.0,0.0,PASS
RECLAIM-V2-004103,RETRY_ALL,RETRY_ALL,0.0,25.0,-25.0,-25.0,0.0,PASS
RECLAIM-V2-004104,RETRY_ALL,RETRY_ALL,0.0,25.0,-25.0,-25.0,0.0,PASS
RECLAIM-V2-004105,RETRY_ALL,RETRY_ALL,0.0,25.0,-25.0,-25.0,0.0,PASS
RECLAIM-V2-004106,RETRY_ALL,RETRY_ALL,269.78028899687985,25.0,244.78028899687985,244.78028899687985,0.0,PASS
RECLAIM-V2-004107,RETRY_ALL,RETRY_ALL,49.57743750316065,25.0,24.57743750316065,24.577437503160652,3.552713678800501e-15,PASS
RECLAIM-V2-004108,RETRY_ALL,RETRY_ALL,0.0,25.0,-25.0,-25.0,0.0,PASS
RECLAIM-V2-004109,RETRY_ALL,RETRY_ALL,0.0,25.0,-25.0,-25.0,0.0,PASS
RECLAIM-V2-004110,RETRY_ALL,RETRY_ALL,212.448076596771,25.0,187.448076596771,187.448076596771,0.0,PASS
RECLAIM-V2-004111,RETRY_ALL,RETRY_ALL,191.0013807352296,25.0,166.0013807352296,166.0013807352296,0.0,PASS
RECLAIM-V2-004112,RETRY_ALL,RETRY_ALL,0.0,25.0,-25.0,-25.0,0.0,PASS
RECLAIM-V2-004113,RETRY_ALL,RETRY_ALL,0.0,25.0,-25.0,-25.0,0.0,PASS
RECLAIM-V2-004114,RETRY_ALL,RETRY_ALL,0.0,25.0,-25.0,-25.0,0.0,PASS
RECLAIM-V2-004115,RETRY_ALL,RETRY_ALL,88.81199085040394,25.0,63.81199085040394,63.811990850403944,7.105427357601002e-15,PASS
RECLAIM-V2-004116,RETRY_ALL,RETRY_ALL,0.60401738679855,25.0,-24.39598261320145,-24.39598261320145,0.0,PASS
RECLAIM-V2-004117,RETRY_ALL,RETRY_ALL,0.0,25.0,-25.0,-25.0,0.0,PASS
RECLAIM-V2-004118,RETRY_ALL,RETRY_ALL,0.0,25.0,-25.0,-25.0,0.0,PASS
RECLAIM-V2-004119,RETRY_ALL,RETRY_ALL,245.7117345371645,25.0,220.7117345371645,220.7117345371645,0.0,PASS
RECLAIM-V2-004120,RETRY_ALL,RETRY_ALL,286.5461353871142,25.0,261.5461353871142,261.5461353871142,0.0,PASS
RECLAIM-V2-004121,RETRY_ALL,RETRY_ALL,49.76634351687495,25.0,24.766343516874947,24.766343516874947,0.0,PASS
RECLAIM-V2-004122,RETRY_ALL,RETRY_ALL,46.0530357366423,25.0,21.0530357366423,21.0530357366423,0.0,PASS
RECLAIM-V2-004123,RETRY_ALL,RETRY_ALL,0.0,25.0,-25.0,-25.0,0.0,PASS
RECLAIM-V2-004124,RETRY_ALL,RETRY_ALL,0.0,25.0,-25.0,-25.0,0.0,PASS
RECLAIM-V2-004125,RETRY_ALL,RETRY_ALL,0.0,25.0,-25.0,-25.0,0.0,PASS
RECLAIM-V2-004126,TARGET,STANDARD_TARGET,557.6753976393001,80.0,477.67539763930006,477.67539763930006,0.0,PASS
RECLAIM-V2-004127,RETRY_ALL,RETRY_ALL,0.0,25.0,-25.0,-25.0,0.0,PASS
RECLAIM-V2-004128,RETRY_ALL,RETRY_ALL,0.0,25.0,-25.0,-25.0,0.0,PASS
RECLAIM-V2-004129,RETRY_ALL,RETRY_ALL,27.00124047946905,25.0,2.0012404794690504,2.0012404794690504,0.0,PASS
RECLAIM-V2-004130,RETRY_ALL,RETRY_ALL,0.0,25.0,-25.0,-25.0,0.0,PASS
RECLAIM-V2-004131,RETRY_ALL,RETRY_ALL,0.0,25.0,-25.0,-25.0,0.0,PASS
RECLAIM-V2-004132,RETRY_ALL,RETRY_ALL,0.0,25.0,-25.0,-25.0,0.0,PASS
RECLAIM-V2-004133,RETRY_ALL,RETRY_ALL,0.0,25.0,-25.0,-25.0,0.0,PASS
RECLAIM-V2-004134,RETRY_ALL,RETRY_ALL,19.577294373038548,25.0,-5.422705626961452,-5.422705626961452,0.0,PASS
RECLAIM-V2-004135,RETRY_ALL,RETRY_ALL,0.0,25.0,-25.0,-25.0,0.0,PASS
RECLAIM-V2-004136,RETRY_ALL,RETRY_ALL,24.16126749720869,25.0,-0.8387325027913057,-0.8387325027913093,-3.552713678800501e-15,PASS
RECLAIM-V2-004137,RETRY_ALL,RETRY_ALL,0.0,25.0,-25.0,-25.0,0.0,PASS
RECLAIM-V2-004138,RETRY_ALL,RETRY_ALL,18.2661473947113,25.0,-6.7338526052887,-6.7338526052887,0.0,PASS
RECLAIM-V2-004139,RETRY_ALL,RETRY_ALL,0.0,25.0,-25.0,-25.0,0.0,PASS
RECLAIM-V2-004140,RETRY_ALL,RETRY_ALL,0.0,25.0,-25.0,-25.0,0.0,PASS
RECLAIM-V2-004141,RETRY_ALL,RETRY_ALL,123.04300678609906,25.0,98.04300678609906,98.04300678609906,0.0,PASS
RECLAIM-V2-004142,RETRY_ALL,RETRY_ALL,126.73507358842036,25.0,101.73507358842036,101.73507358842036,0.0,PASS
RECLAIM-V2-004143,RETRY_ALL,RETRY_ALL,49.3315384454196,25.0,24.331538445419604,24.331538445419604,0.0,PASS
RECLAIM-V2-004144,RETRY_ALL,RETRY_ALL,0.0,25.0,-25.0,-25.0,0.0,PASS
RECLAIM-V2-004145,TARGET,MONITOR,419.9143708487398,10.0,409.9143708487398,409.9143708487398,0.0,PASS
RECLAIM-V2-004146,RETRY_ALL,RETRY_ALL,13.1967402162546,25.0,-11.8032597837454,-11.8032597837454,0.0,PASS
RECLAIM-V2-004147,RETRY_ALL,RETRY_ALL,0.0,25.0,-25.0,-25.0,0.0,PASS
RECLAIM-V2-004148,RETRY_ALL,RETRY_ALL,0.0,25.0,-25.0,-25.0,0.0,PASS
RECLAIM-V2-004149,RETRY_ALL,RETRY_ALL,0.0,25.0,-25.0,-25.0,0.0,PASS
RECLAIM-V2-004150,RETRY_ALL,RETRY_ALL,26.771077269331947,25.0,1.771077269331947,1.771077269331947,0.0,PASS
RECLAIM-V2-004151,RETRY_ALL,RETRY_ALL,0.0,25.0,-25.0,-25.0,0.0,PASS
RECLAIM-V2-004152,RETRY_ALL,RETRY_ALL,145.3916905969386,25.0,120.3916905969386,120.39169059693859,-1.4210854715202004e-14,PASS
RECLAIM-V2-004153,RETRY_ALL,RETRY_ALL,175.9454862642621,25.0,150.9454862642621,150.9454862642621,0.0,PASS
RECLAIM-V2-004154,RETRY_ALL,RETRY_ALL,291.9884425223076,25.0,266.9884425223076,266.9884425223076,0.0,PASS
RECLAIM-V2-004155,RETRY_ALL,RETRY_ALL,280.75971721538,25.0,255.75971721538,255.75971721538002,2.842170943040401e-14,PASS
RECLAIM-V2-004156,RETRY_ALL,RETRY_ALL,135.47221745089274,25.0,110.47221745089274,110.47221745089274,0.0,PASS
RECLAIM-V2-004157,RETRY_ALL,RETRY_ALL,27.1842064076139,25.0,2.1842064076139,2.1842064076138996,-4.440892098500626e-16,PASS
RECLAIM-V2-004158,RETRY_ALL,RETRY_ALL,25.3802269414482,25.0,0.3802269414481998,0.3802269414481998,0.0,PASS
RECLAIM-V2-004159,RETRY_ALL,RETRY_ALL,242.9193146712252,25.0,217.9193146712252,217.9193146712252,0.0,PASS
RECLAIM-V2-004160,RETRY_ALL,RETRY_ALL,0.0,25.0,-25.0,-25.0,0.0,PASS
RECLAIM-V2-004161,RETRY_ALL,RETRY_ALL,0.0,25.0,-25.0,-25.0,0.0,PASS
RECLAIM-V2-004162,RETRY_ALL,RETRY_ALL,43.71451188648405,25.0,18.714511886484047,18.714511886484047,0.0,PASS
RECLAIM-V2-004163,RETRY_ALL,RETRY_ALL,16.79843986087185,25.0,-8.201560139128151,-8.201560139128151,0.0,PASS
RECLAIM-V2-004164,RETRY_ALL,RETRY_ALL,131.6567558993334,25.0,106.6567558993334,106.6567558993334,0.0,PASS
RECLAIM-V2-004165,RETRY_ALL,RETRY_ALL,0.0,25.0,-25.0,-25.0,0.0,PASS
RECLAIM-V2-004166,RETRY_ALL,RETRY_ALL,0.0,25.0,-25.0,-25.0,0.0,PASS
RECLAIM-V2-004167,RETRY_ALL,RETRY_ALL,0.0,25.0,-25.0,-25.0,0.0,PASS
RECLAIM-V2-004168,RETRY_ALL,RETRY_ALL,55.33246481369625,25.0,30.332464813696248,30.332464813696248,0.0,PASS
RECLAIM-V2-004169,RETRY_ALL,RETRY_ALL,0.0,25.0,-25.0,-25.0,0.0,PASS
RECLAIM-V2-004170,RETRY_ALL,RETRY_ALL,0.0,25.0,-25.0,-25.0,0.0,PASS
RECLAIM-V2-004171,RETRY_ALL,RETRY_ALL,136.0193590158549,25.0,111.01935901585487,111.01935901585489,1.4210854715202004e-14,PASS
RECLAIM-V2-004172,RETRY_ALL,RETRY_ALL,190.9356185273946,25.0,165.9356185273946,165.9356185273946,0.0,PASS
RECLAIM-V2-004173,TARGET,HIGH_INTENSITY,646.9202248635912,120.0,526.9202248635912,526.9202248635912,0.0,PASS
RECLAIM-V2-004174,RETRY_ALL,RETRY_ALL,0.0,25.0,-25.0,-25.0,0.0,PASS
RECLAIM-V2-004175,RETRY_ALL,RETRY_ALL,102.47802816218145,25.0,77.47802816218145,77.47802816218145,0.0,PASS
RECLAIM-V2-004176,RETRY_ALL,RETRY_ALL,297.43935983330056,25.0,272.43935983330056,272.43935983330056,0.0,PASS
RECLAIM-V2-004177,RETRY_ALL,RETRY_ALL,51.85042742131096,25.0,26.85042742131096,26.85042742131096,0.0,PASS
RECLAIM-V2-004178,RETRY_ALL,RETRY_ALL,0.0,25.0,-25.0,-25.0,0.0,PASS
RECLAIM-V2-004179,RETRY_ALL,RETRY_ALL,274.9809233292411,25.0,249.98092332924108,249.98092332924108,0.0,PASS
RECLAIM-V2-004180,RETRY_ALL,RETRY_ALL,0.0,25.0,-25.0,-25.0,0.0,PASS
RECLAIM-V2-004181,RETRY_ALL,RETRY_ALL,0.0,25.0,-25.0,-25.0,0.0,PASS
RECLAIM-V2-004182,RETRY_ALL,RETRY_ALL,276.51405361485644,25.0,251.51405361485644,251.51405361485644,0.0,PASS
RECLAIM-V2-004183,RETRY_ALL,RETRY_ALL,0.0,25.0,-25.0,-25.0,0.0,PASS
RECLAIM-V2-004184,RETRY_ALL,RETRY_ALL,0.0,25.0,-25.0,-25.0,0.0,PASS
RECLAIM-V2-004185,RETRY_ALL,RETRY_ALL,42.0153253467792,25.0,17.0153253467792,17.0153253467792,0.0,PASS
RECLAIM-V2-004186,RETRY_ALL,RETRY_ALL,230.20487851686988,25.0,205.20487851686988,205.20487851686988,0.0,PASS
RECLAIM-V2-004187,RETRY_ALL,RETRY_ALL,0.0,25.0,-25.0,-25.0,0.0,PASS
RECLAIM-V2-004188,RETRY_ALL,RETRY_ALL,47.420000825415904,25.0,22.420000825415904,22.420000825415904,0.0,PASS
RECLAIM-V2-004189,RETRY_ALL,RETRY_ALL,0.0,25.0,-25.0,-25.0,0.0,PASS
RECLAIM-V2-004190,RETRY_ALL,RETRY_ALL,0.0,25.0,-25.0,-25.0,0.0,PASS
RECLAIM-V2-004191,RETRY_ALL,RETRY_ALL,116.17992469076026,25.0,91.17992469076026,91.17992469076026,0.0,PASS
RECLAIM-V2-004192,RETRY_ALL,RETRY_ALL,0.0,25.0,-25.0,-25.0,0.0,PASS
RECLAIM-V2-004193,RETRY_ALL,RETRY_ALL,0.0,25.0,-25.0,-25.0,0.0,PASS
RECLAIM-V2-004194,RETRY_ALL,RETRY_ALL,0.0,25.0,-25.0,-25.0,0.0,PASS
RECLAIM-V2-004195,RETRY_ALL,RETRY_ALL,0.0,25.0,-25.0,-25.0,0.0,PASS
RECLAIM-V2-004196,TARGET,MONITOR,396.4046833993162,10.0,386.4046833993162,386.4046833993162,0.0,PASS
RECLAIM-V2-004197,RETRY_ALL,RETRY_ALL,0.0,25.0,-25.0,-25.0,0.0,PASS
RECLAIM-V2-004198,RETRY_ALL,RETRY_ALL,0.0,25.0,-25.0,-25.0,0.0,PASS
RECLAIM-V2-004199,RETRY_ALL,RETRY_ALL,97.74811140410056,25.0,72.74811140410056,72.74811140410056,0.0,PASS
RECLAIM-V2-004200,RETRY_ALL,RETRY_ALL,0.0,25.0,-25.0,-25.0,0.0,PASS
RECLAIM-V2-004201,RETRY_ALL,RETRY_ALL,0.0,25.0,-25.0,-25.0,0.0,PASS
RECLAIM-V2-004202,RETRY_ALL,RETRY_ALL,124.0204865852268,25.0,99.0204865852268,99.0204865852268,0.0,PASS
RECLAIM-V2-004203,RETRY_ALL,RETRY_ALL,0.0,25.0,-25.0,-25.0,0.0,PASS
RECLAIM-V2-004204,RETRY_ALL,RETRY_ALL,221.93091319522213,25.0,196.93091319522213,196.93091319522213,0.0,PASS
RECLAIM-V2-004205,RETRY_ALL,RETRY_ALL,176.26849124693655,25.0,151.26849124693655,151.26849124693655,0.0,PASS
RECLAIM-V2-004206,RETRY_ALL,RETRY_ALL,0.0,25.0,-25.0,-25.0,0.0,PASS
RECLAIM-V2-004207,RETRY_ALL,RETRY_ALL,144.342104914407,25.0,119.342104914407,119.342104914407,0.0,PASS
RECLAIM-V2-004208,RETRY_ALL,RETRY_ALL,0.0,25.0,-25.0,-25.0,0.0,PASS
RECLAIM-V2-004209,RETRY_ALL,RETRY_ALL,0.0,25.0,-25.0,-25.0,0.0,PASS
RECLAIM-V2-004210,RETRY_ALL,RETRY_ALL,0.0,25.0,-25.0,-25.0,0.0,PASS
RECLAIM-V2-004211,RETRY_ALL,RETRY_ALL,0.0,25.0,-25.0,-25.0,0.0,PASS
RECLAIM-V2-004212,RETRY_ALL,RETRY_ALL,0.0,25.0,-25.0,-25.0,0.0,PASS
RECLAIM-V2-004213,RETRY_ALL,RETRY_ALL,0.0,25.0,-25.0,-25.0,0.0,PASS
RECLAIM-V2-004214,RETRY_ALL,RETRY_ALL,89.34869587604204,25.0,64.34869587604204,64.34869587604204,0.0,PASS
RECLAIM-V2-004215,RETRY_ALL,RETRY_ALL,217.9743428203089,25.0,192.9743428203089,192.9743428203089,0.0,PASS
RECLAIM-V2-004216,RETRY_ALL,RETRY_ALL,0.0,25.0,-25.0,-25.0,0.0,PASS
RECLAIM-V2-004217,RETRY_ALL,RETRY_ALL,0.0,25.0,-25.0,-25.0,0.0,PASS
RECLAIM-V2-004218,RETRY_ALL,RETRY_ALL,0.0,25.0,-25.0,-25.0,0.0,PASS
RECLAIM-V2-004219,RETRY_ALL,RETRY_ALL,0.0,25.0,-25.0,-25.0,0.0,PASS
RECLAIM-V2-004220,RETRY_ALL,RETRY_ALL,0.0,25.0,-25.0,-25.0,0.0,PASS
RECLAIM-V2-004221,RETRY_ALL,RETRY_ALL,0.0,25.0,-25.0,-25.0,0.0,PASS
RECLAIM-V2-004222,RETRY_ALL,RETRY_ALL,0.0,25.0,-25.0,-25.0,0.0,PASS
RECLAIM-V2-004223,RETRY_ALL,RETRY_ALL,0.0,25.0,-25.0,-25.0,0.0,PASS
RECLAIM-V2-004224,RETRY_ALL,RETRY_ALL,0.0,25.0,-25.0,-25.0,0.0,PASS
RECLAIM-V2-004225,RETRY_ALL,RETRY_ALL,0.0,25.0,-25.0,-25.0,0.0,PASS
RECLAIM-V2-004226,RETRY_ALL,RETRY_ALL,342.9650159515125,25.0,317.9650159515125,317.9650159515125,0.0,PASS
RECLAIM-V2-004227,RETRY_ALL,RETRY_ALL,39.234527531883,25.0,14.234527531883003,14.234527531883003,0.0,PASS
RECLAIM-V2-004228,RETRY_ALL,RETRY_ALL,163.4200412450898,25.0,138.4200412450898,138.4200412450898,0.0,PASS
RECLAIM-V2-004229,RETRY_ALL,RETRY_ALL,0.0,25.0,-25.0,-25.0,0.0,PASS
RECLAIM-V2-004230,RETRY_ALL,RETRY_ALL,0.0,25.0,-25.0,-25.0,0.0,PASS
RECLAIM-V2-004231,RETRY_ALL,RETRY_ALL,0.0,25.0,-25.0,-25.0,0.0,PASS
RECLAIM-V2-004232,RETRY_ALL,RETRY_ALL,35.90818252880595,25.0,10.908182528805952,10.908182528805952,0.0,PASS
RECLAIM-V2-004233,RETRY_ALL,RETRY_ALL,280.6884076623636,25.0,255.6884076623636,255.6884076623636,0.0,PASS
RECLAIM-V2-004234,RETRY_ALL,RETRY_ALL,0.0,25.0,-25.0,-25.0,0.0,PASS
RECLAIM-V2-004235,RETRY_ALL,RETRY_ALL,35.48800942533975,25.0,10.488009425339747,10.488009425339747,0.0,PASS
RECLAIM-V2-004236,RETRY_ALL,RETRY_ALL,0.0,25.0,-25.0,-25.0,0.0,PASS
RECLAIM-V2-004237,RETRY_ALL,RETRY_ALL,0.0,25.0,-25.0,-25.0,0.0,PASS
RECLAIM-V2-004238,RETRY_ALL,RETRY_ALL,219.06240384161293,25.0,194.06240384161293,194.06240384161293,0.0,PASS
RECLAIM-V2-004239,RETRY_ALL,RETRY_ALL,114.01388101867784,25.0,89.01388101867784,89.01388101867784,0.0,PASS
RECLAIM-V2-004240,TARGET,LOW_INTENSITY,442.8542596870102,45.0,397.8542596870102,397.8542596870102,0.0,PASS
RECLAIM-V2-004241,RETRY_ALL,RETRY_ALL,159.18923505906403,25.0,134.18923505906403,134.18923505906403,0.0,PASS
RECLAIM-V2-004242,RETRY_ALL,RETRY_ALL,264.8150587370979,25.0,239.8150587370979,239.8150587370979,0.0,PASS
RECLAIM-V2-004243,RETRY_ALL,RETRY_ALL,43.4819301150912,25.0,18.481930115091203,18.481930115091203,0.0,PASS
RECLAIM-V2-004244,RETRY_ALL,RETRY_ALL,0.0,25.0,-25.0,-25.0,0.0,PASS
RECLAIM-V2-004245,RETRY_ALL,RETRY_ALL,0.0,25.0,-25.0,-25.0,0.0,PASS
RECLAIM-V2-004246,RETRY_ALL,RETRY_ALL,0.0,25.0,-25.0,-25.0,0.0,PASS
RECLAIM-V2-004247,RETRY_ALL,RETRY_ALL,20.72350401671985,25.0,-4.2764959832801495,-4.2764959832801495,0.0,PASS
RECLAIM-V2-004248,RETRY_ALL,RETRY_ALL,184.7896010107728,25.0,159.7896010107728,159.7896010107728,0.0,PASS
RECLAIM-V2-004249,RETRY_ALL,RETRY_ALL,0.0,25.0,-25.0,-25.0,0.0,PASS
RECLAIM-V2-004250,RETRY_ALL,RETRY_ALL,0.0,25.0,-25.0,-25.0,0.0,PASS
RECLAIM-V2-004251,RETRY_ALL,RETRY_ALL,300.70033529711384,25.0,275.70033529711384,275.70033529711384,0.0,PASS
RECLAIM-V2-004252,RETRY_ALL,RETRY_ALL,123.1311563865063,25.0,98.1311563865063,98.1311563865063,0.0,PASS
RECLAIM-V2-004253,RETRY_ALL,RETRY_ALL,0.0,25.0,-25.0,-25.0,0.0,PASS
RECLAIM-V2-004254,RETRY_ALL,RETRY_ALL,121.39347852448184,25.0,96.39347852448184,96.39347852448184,0.0,PASS
RECLAIM-V2-004255,RETRY_ALL,RETRY_ALL,0.0,25.0,-25.0,-25.0,0.0,PASS
RECLAIM-V2-004256,RETRY_ALL,RETRY_ALL,310.05241281796515,25.0,285.05241281796515,285.05241281796515,0.0,PASS
RECLAIM-V2-004257,RETRY_ALL,RETRY_ALL,0.0,25.0,-25.0,-25.0,0.0,PASS
RECLAIM-V2-004258,RETRY_ALL,RETRY_ALL,0.0,25.0,-25.0,-25.0,0.0,PASS
RECLAIM-V2-004259,RETRY_ALL,RETRY_ALL,0.0,25.0,-25.0,-25.0,0.0,PASS
RECLAIM-V2-004260,RETRY_ALL,RETRY_ALL,6.0265892078142,25.0,-18.9734107921858,-18.9734107921858,0.0,PASS
RECLAIM-V2-004261,RETRY_ALL,RETRY_ALL,291.9109875110342,25.0,266.9109875110342,266.9109875110342,0.0,PASS
RECLAIM-V2-004262,RETRY_ALL,RETRY_ALL,9.22454063728275,25.0,-15.77545936271725,-15.77545936271725,0.0,PASS
RECLAIM-V2-004263,TARGET,STANDARD_TARGET,509.0607312381981,80.0,429.0607312381981,429.0607312381981,0.0,PASS
RECLAIM-V2-004264,RETRY_ALL,RETRY_ALL,191.7526434879399,25.0,166.7526434879399,166.7526434879399,0.0,PASS
RECLAIM-V2-004265,RETRY_ALL,RETRY_ALL,0.0,25.0,-25.0,-25.0,0.0,PASS
RECLAIM-V2-004266,RETRY_ALL,RETRY_ALL,70.5248270334189,25.0,45.5248270334189,45.5248270334189,0.0,PASS
RECLAIM-V2-004267,RETRY_ALL,RETRY_ALL,108.8594866287777,25.0,83.8594866287777,83.8594866287777,0.0,PASS
RECLAIM-V2-004268,RETRY_ALL,RETRY_ALL,0.0,25.0,-25.0,-25.0,0.0,PASS
RECLAIM-V2-004269,RETRY_ALL,RETRY_ALL,0.0,25.0,-25.0,-25.0,0.0,PASS
RECLAIM-V2-004270,RETRY_ALL,RETRY_ALL,0.0,25.0,-25.0,-25.0,0.0,PASS
RECLAIM-V2-004271,RETRY_ALL,RETRY_ALL,0.0,25.0,-25.0,-25.0,0.0,PASS
RECLAIM-V2-004272,RETRY_ALL,RETRY_ALL,387.5893675822396,25.0,362.5893675822396,362.5893675822396,0.0,PASS
RECLAIM-V2-004273,RETRY_ALL,RETRY_ALL,15.312053577946353,25.0,-9.687946422053647,-9.687946422053647,0.0,PASS
RECLAIM-V2-004274,RETRY_ALL,RETRY_ALL,0.0,25.0,-25.0,-25.0,0.0,PASS
RECLAIM-V2-004275,RETRY_ALL,RETRY_ALL,149.6519514009306,25.0,124.6519514009306,124.65195140093061,1.4210854715202004e-14,PASS
RECLAIM-V2-004276,RETRY_ALL,RETRY_ALL,0.0,25.0,-25.0,-25.0,0.0,PASS
RECLAIM-V2-004277,RETRY_ALL,RETRY_ALL,278.57484548485365,25.0,253.57484548485365,253.57484548485365,0.0,PASS
RECLAIM-V2-004278,RETRY_ALL,RETRY_ALL,0.0,25.0,-25.0,-25.0,0.0,PASS
RECLAIM-V2-004279,RETRY_ALL,RETRY_ALL,169.8807395140521,25.0,144.8807395140521,144.8807395140521,0.0,PASS
RECLAIM-V2-004280,RETRY_ALL,RETRY_ALL,0.0,25.0,-25.0,-25.0,0.0,PASS
RECLAIM-V2-004281,RETRY_ALL,RETRY_ALL,29.706091053643497,25.0,4.7060910536434974,4.7060910536434974,0.0,PASS
RECLAIM-V2-004282,RETRY_ALL,RETRY_ALL,254.0728141410925,25.0,229.0728141410925,229.0728141410925,0.0,PASS
RECLAIM-V2-004283,RETRY_ALL,RETRY_ALL,31.6635074314014,25.0,6.663507431401399,6.663507431401399,0.0,PASS
RECLAIM-V2-004284,RETRY_ALL,RETRY_ALL,0.0,25.0,-25.0,-25.0,0.0,PASS
RECLAIM-V2-004285,RETRY_ALL,RETRY_ALL,0.0,25.0,-25.0,-25.0,0.0,PASS
RECLAIM-V2-004286,RETRY_ALL,RETRY_ALL,0.0,25.0,-25.0,-25.0,0.0,PASS
RECLAIM-V2-004287,RETRY_ALL,RETRY_ALL,125.04767942610196,25.0,100.04767942610196,100.04767942610196,0.0,PASS
RECLAIM-V2-004288,RETRY_ALL,RETRY_ALL,0.0,25.0,-25.0,-25.0,0.0,PASS
RECLAIM-V2-004289,RETRY_ALL,RETRY_ALL,0.0,25.0,-25.0,-25.0,0.0,PASS
RECLAIM-V2-004290,RETRY_ALL,RETRY_ALL,352.196042544627,25.0,327.196042544627,327.196042544627,0.0,PASS
RECLAIM-V2-004291,RETRY_ALL,RETRY_ALL,0.0,25.0,-25.0,-25.0,0.0,PASS
RECLAIM-V2-004292,RETRY_ALL,RETRY_ALL,0.0,25.0,-25.0,-25.0,0.0,PASS
RECLAIM-V2-004293,RETRY_ALL,RETRY_ALL,0.0,25.0,-25.0,-25.0,0.0,PASS
RECLAIM-V2-004294,RETRY_ALL,RETRY_ALL,0.0,25.0,-25.0,-25.0,0.0,PASS
RECLAIM-V2-004295,RETRY_ALL,RETRY_ALL,182.72147836830536,25.0,157.72147836830536,157.72147836830536,0.0,PASS
RECLAIM-V2-004296,RETRY_ALL,RETRY_ALL,64.1060227387668,25.0,39.1060227387668,39.1060227387668,0.0,PASS
RECLAIM-V2-004297,RETRY_ALL,RETRY_ALL,30.0051533434986,25.0,5.005153343498598,5.005153343498598,0.0,PASS
RECLAIM-V2-004298,RETRY_ALL,RETRY_ALL,0.0,25.0,-25.0,-25.0,0.0,PASS
RECLAIM-V2-004299,RETRY_ALL,RETRY_ALL,0.0,25.0,-25.0,-25.0,0.0,PASS
RECLAIM-V2-004300,RETRY_ALL,RETRY_ALL,87.55108068275895,25.0,62.55108068275895,62.55108068275895,0.0,PASS
RECLAIM-V2-004301,RETRY_ALL,RETRY_ALL,0.0,25.0,-25.0,-25.0,0.0,PASS
RECLAIM-V2-004302,RETRY_ALL,RETRY_ALL,233.1625321304808,25.0,208.1625321304808,208.1625321304808,0.0,PASS
RECLAIM-V2-004303,RETRY_ALL,RETRY_ALL,0.0,25.0,-25.0,-25.0,0.0,PASS
RECLAIM-V2-004304,RETRY_ALL,RETRY_ALL,0.0,25.0,-25.0,-25.0,0.0,PASS
RECLAIM-V2-004305,RETRY_ALL,RETRY_ALL,0.0,25.0,-25.0,-25.0,0.0,PASS
RECLAIM-V2-004306,RETRY_ALL,RETRY_ALL,0.0,25.0,-25.0,-25.0,0.0,PASS
RECLAIM-V2-004307,RETRY_ALL,RETRY_ALL,0.0,25.0,-25.0,-25.0,0.0,PASS
RECLAIM-V2-004308,RETRY_ALL,RETRY_ALL,253.2777573539064,25.0,228.2777573539064,228.2777573539064,0.0,PASS
RECLAIM-V2-004309,RETRY_ALL,RETRY_ALL,0.0,25.0,-25.0,-25.0,0.0,PASS
RECLAIM-V2-004310,RETRY_ALL,RETRY_ALL,225.4032973531824,25.0,200.4032973531824,200.4032973531824,0.0,PASS
RECLAIM-V2-004311,RETRY_ALL,RETRY_ALL,238.53321934913563,25.0,213.53321934913563,213.53321934913563,0.0,PASS
RECLAIM-V2-004312,RETRY_ALL,RETRY_ALL,0.0,25.0,-25.0,-25.0,0.0,PASS
RECLAIM-V2-004313,RETRY_ALL,RETRY_ALL,0.0,25.0,-25.0,-25.0,0.0,PASS
RECLAIM-V2-004314,RETRY_ALL,RETRY_ALL,69.1015464077997,25.0,44.1015464077997,44.1015464077997,0.0,PASS
RECLAIM-V2-004315,RETRY_ALL,RETRY_ALL,0.0,25.0,-25.0,-25.0,0.0,PASS
RECLAIM-V2-004316,RETRY_ALL,RETRY_ALL,176.2066417162746,25.0,151.2066417162746,151.2066417162746,0.0,PASS
RECLAIM-V2-004317,RETRY_ALL,RETRY_ALL,61.51981554076605,25.0,36.51981554076605,36.51981554076605,0.0,PASS
RECLAIM-V2-004318,RETRY_ALL,RETRY_ALL,8.20674048799125,25.0,-16.79325951200875,-16.79325951200875,0.0,PASS
RECLAIM-V2-004319,RETRY_ALL,RETRY_ALL,0.0,25.0,-25.0,-25.0,0.0,PASS
RECLAIM-V2-004320,RETRY_ALL,RETRY_ALL,239.97063652473827,25.0,214.97063652473827,214.97063652473827,0.0,PASS
RECLAIM-V2-004321,RETRY_ALL,RETRY_ALL,186.8239237251265,25.0,161.82392372512652,161.8239237251265,-2.842170943040401e-14,PASS
RECLAIM-V2-004322,RETRY_ALL,RETRY_ALL,0.0,25.0,-25.0,-25.0,0.0,PASS
RECLAIM-V2-004323,RETRY_ALL,RETRY_ALL,40.77862013500755,25.0,15.77862013500755,15.77862013500755,0.0,PASS
RECLAIM-V2-004324,RETRY_ALL,RETRY_ALL,0.0,25.0,-25.0,-25.0,0.0,PASS
RECLAIM-V2-004325,RETRY_ALL,RETRY_ALL,37.163443039779,25.0,12.163443039778995,12.163443039778997,1.7763568394002505e-15,PASS
RECLAIM-V2-004326,RETRY_ALL,RETRY_ALL,0.0,25.0,-25.0,-25.0,0.0,PASS
RECLAIM-V2-004327,RETRY_ALL,RETRY_ALL,0.0,25.0,-25.0,-25.0,0.0,PASS
RECLAIM-V2-004328,RETRY_ALL,RETRY_ALL,0.0,25.0,-25.0,-25.0,0.0,PASS
RECLAIM-V2-004329,RETRY_ALL,RETRY_ALL,316.91169662781255,25.0,291.91169662781255,291.91169662781255,0.0,PASS
RECLAIM-V2-004330,RETRY_ALL,RETRY_ALL,79.80335355553035,25.0,54.80335355553035,54.80335355553035,0.0,PASS
RECLAIM-V2-004331,RETRY_ALL,RETRY_ALL,123.93742343725066,25.0,98.93742343725066,98.93742343725066,0.0,PASS
RECLAIM-V2-004332,RETRY_ALL,RETRY_ALL,322.7922566954124,25.0,297.7922566954124,297.7922566954124,0.0,PASS
RECLAIM-V2-004333,RETRY_ALL,RETRY_ALL,0.0,25.0,-25.0,-25.0,0.0,PASS
RECLAIM-V2-004334,RETRY_ALL,RETRY_ALL,0.0,25.0,-25.0,-25.0,0.0,PASS
RECLAIM-V2-004335,RETRY_ALL,RETRY_ALL,129.46389317026333,25.0,104.46389317026332,104.46389317026333,1.4210854715202004e-14,PASS
RECLAIM-V2-004336,RETRY_ALL,RETRY_ALL,0.0,25.0,-25.0,-25.0,0.0,PASS
RECLAIM-V2-004337,RETRY_ALL,RETRY_ALL,0.0,25.0,-25.0,-25.0,0.0,PASS
RECLAIM-V2-004338,RETRY_ALL,RETRY_ALL,0.0,25.0,-25.0,-25.0,0.0,PASS
RECLAIM-V2-004339,RETRY_ALL,RETRY_ALL,0.0,25.0,-25.0,-25.0,0.0,PASS
RECLAIM-V2-004340,RETRY_ALL,RETRY_ALL,144.90149409465857,25.0,119.90149409465856,119.90149409465857,1.4210854715202004e-14,PASS
RECLAIM-V2-004341,RETRY_ALL,RETRY_ALL,307.06717320622454,25.0,282.06717320622454,282.06717320622454,0.0,PASS
RECLAIM-V2-004342,RETRY_ALL,RETRY_ALL,166.48887268698465,25.0,141.48887268698465,141.48887268698465,0.0,PASS
RECLAIM-V2-004343,RETRY_ALL,RETRY_ALL,117.7990127548713,25.0,92.7990127548713,92.7990127548713,0.0,PASS
RECLAIM-V2-004344,RETRY_ALL,RETRY_ALL,0.0,25.0,-25.0,-25.0,0.0,PASS
RECLAIM-V2-004345,RETRY_ALL,RETRY_ALL,0.0,25.0,-25.0,-25.0,0.0,PASS
RECLAIM-V2-004346,RETRY_ALL,RETRY_ALL,0.0,25.0,-25.0,-25.0,0.0,PASS
RECLAIM-V2-004347,RETRY_ALL,RETRY_ALL,255.6134647858071,25.0,230.6134647858071,230.6134647858071,0.0,PASS
RECLAIM-V2-004348,RETRY_ALL,RETRY_ALL,141.4890416256699,25.0,116.4890416256699,116.4890416256699,0.0,PASS
RECLAIM-V2-004349,RETRY_ALL,RETRY_ALL,0.0,25.0,-25.0,-25.0,0.0,PASS
RECLAIM-V2-004350,RETRY_ALL,RETRY_ALL,251.5315020775313,25.0,226.5315020775313,226.5315020775313,0.0,PASS
RECLAIM-V2-004351,RETRY_ALL,RETRY_ALL,0.0,25.0,-25.0,-25.0,0.0,PASS
RECLAIM-V2-004352,RETRY_ALL,RETRY_ALL,302.1709788896223,25.0,277.1709788896223,277.1709788896223,0.0,PASS
RECLAIM-V2-004353,RETRY_ALL,RETRY_ALL,284.3603952231228,25.0,259.3603952231228,259.3603952231228,0.0,PASS
RECLAIM-V2-004354,RETRY_ALL,RETRY_ALL,0.0,25.0,-25.0,-25.0,0.0,PASS
RECLAIM-V2-004355,RETRY_ALL,RETRY_ALL,344.77470286273274,25.0,319.77470286273274,319.77470286273274,0.0,PASS
RECLAIM-V2-004356,RETRY_ALL,RETRY_ALL,5.4502317516429,25.0,-19.5497682483571,-19.5497682483571,0.0,PASS
RECLAIM-V2-004357,RETRY_ALL,RETRY_ALL,204.4402445506383,25.0,179.4402445506383,179.4402445506383,0.0,PASS
RECLAIM-V2-004358,RETRY_ALL,RETRY_ALL,0.0,25.0,-25.0,-25.0,0.0,PASS
RECLAIM-V2-004359,RETRY_ALL,RETRY_ALL,81.85490871403725,25.0,56.85490871403725,56.85490871403725,0.0,PASS
RECLAIM-V2-004360,RETRY_ALL,RETRY_ALL,0.0,25.0,-25.0,-25.0,0.0,PASS
RECLAIM-V2-004361,RETRY_ALL,RETRY_ALL,0.0,25.0,-25.0,-25.0,0.0,PASS
RECLAIM-V2-004362,RETRY_ALL,RETRY_ALL,61.75848599797081,25.0,36.75848599797081,36.75848599797081,0.0,PASS
RECLAIM-V2-004363,RETRY_ALL,RETRY_ALL,219.8643778603737,25.0,194.8643778603737,194.8643778603737,0.0,PASS
RECLAIM-V2-004364,RETRY_ALL,RETRY_ALL,0.0,25.0,-25.0,-25.0,0.0,PASS
RECLAIM-V2-004365,TARGET,MONITOR,409.6736435833311,10.0,399.6736435833311,399.6736435833311,0.0,PASS
RECLAIM-V2-004366,RETRY_ALL,RETRY_ALL,0.0,25.0,-25.0,-25.0,0.0,PASS
RECLAIM-V2-004367,RETRY_ALL,RETRY_ALL,0.0,25.0,-25.0,-25.0,0.0,PASS
RECLAIM-V2-004368,TARGET,LOW_INTENSITY,482.24969337983816,45.0,437.24969337983816,437.24969337983816,0.0,PASS
RECLAIM-V2-004369,RETRY_ALL,RETRY_ALL,190.1772525680304,25.0,165.1772525680304,165.1772525680304,0.0,PASS
RECLAIM-V2-004370,RETRY_ALL,RETRY_ALL,256.2286937091897,25.0,231.2286937091897,231.2286937091897,0.0,PASS
RECLAIM-V2-004371,RETRY_ALL,RETRY_ALL,0.0,25.0,-25.0,-25.0,0.0,PASS
RECLAIM-V2-004372,RETRY_ALL,RETRY_ALL,277.3425797419804,25.0,252.3425797419804,252.3425797419804,0.0,PASS
RECLAIM-V2-004373,RETRY_ALL,RETRY_ALL,92.07704349095656,25.0,67.07704349095656,67.07704349095656,0.0,PASS
RECLAIM-V2-004374,RETRY_ALL,RETRY_ALL,127.03618713923414,25.0,102.03618713923414,102.03618713923414,0.0,PASS
RECLAIM-V2-004375,RETRY_ALL,RETRY_ALL,115.74676988312174,25.0,90.74676988312174,90.74676988312174,0.0,PASS
RECLAIM-V2-004376,RETRY_ALL,RETRY_ALL,0.0,25.0,-25.0,-25.0,0.0,PASS
RECLAIM-V2-004377,RETRY_ALL,RETRY_ALL,0.0,25.0,-25.0,-25.0,0.0,PASS
RECLAIM-V2-004378,RETRY_ALL,RETRY_ALL,254.6450784115752,25.0,229.6450784115752,229.6450784115752,0.0,PASS
RECLAIM-V2-004379,RETRY_ALL,RETRY_ALL,0.0,25.0,-25.0,-25.0,0.0,PASS
RECLAIM-V2-004380,RETRY_ALL,RETRY_ALL,0.0,25.0,-25.0,-25.0,0.0,PASS
RECLAIM-V2-004381,RETRY_ALL,RETRY_ALL,230.34235599532423,25.0,205.34235599532423,205.34235599532423,0.0,PASS
RECLAIM-V2-004382,RETRY_ALL,RETRY_ALL,11.8163628777969,25.0,-13.1836371222031,-13.1836371222031,0.0,PASS
RECLAIM-V2-004383,RETRY_ALL,RETRY_ALL,0.0,25.0,-25.0,-25.0,0.0,PASS
RECLAIM-V2-004384,RETRY_ALL,RETRY_ALL,0.0,25.0,-25.0,-25.0,0.0,PASS
RECLAIM-V2-004385,RETRY_ALL,RETRY_ALL,0.0,25.0,-25.0,-25.0,0.0,PASS
RECLAIM-V2-004386,RETRY_ALL,RETRY_ALL,0.0,25.0,-25.0,-25.0,0.0,PASS
RECLAIM-V2-004387,RETRY_ALL,RETRY_ALL,0.0,25.0,-25.0,-25.0,0.0,PASS
RECLAIM-V2-004388,RETRY_ALL,RETRY_ALL,276.72225183352714,25.0,251.7222518335272,251.72225183352714,-5.684341886080802e-14,PASS
RECLAIM-V2-004389,RETRY_ALL,RETRY_ALL,255.19324353309824,25.0,230.19324353309824,230.19324353309824,0.0,PASS
RECLAIM-V2-004390,RETRY_ALL,RETRY_ALL,293.8616876352066,25.0,268.8616876352066,268.8616876352066,0.0,PASS
RECLAIM-V2-004391,RETRY_ALL,RETRY_ALL,87.57087974690025,25.0,62.570879746900246,62.570879746900246,0.0,PASS
RECLAIM-V2-004392,RETRY_ALL,RETRY_ALL,0.0,25.0,-25.0,-25.0,0.0,PASS
RECLAIM-V2-004393,RETRY_ALL,RETRY_ALL,0.0,25.0,-25.0,-25.0,0.0,PASS
RECLAIM-V2-004394,RETRY_ALL,RETRY_ALL,228.9929779916661,25.0,203.9929779916661,203.9929779916661,0.0,PASS
RECLAIM-V2-004395,RETRY_ALL,RETRY_ALL,0.0,25.0,-25.0,-25.0,0.0,PASS
RECLAIM-V2-004396,RETRY_ALL,RETRY_ALL,95.7852680113662,25.0,70.7852680113662,70.7852680113662,0.0,PASS
RECLAIM-V2-004397,RETRY_ALL,RETRY_ALL,0.0,25.0,-25.0,-25.0,0.0,PASS
RECLAIM-V2-004398,RETRY_ALL,RETRY_ALL,20.2269765415041,25.0,-4.773023458495899,-4.773023458495899,0.0,PASS
RECLAIM-V2-004399,RETRY_ALL,RETRY_ALL,129.47053476866972,25.0,104.47053476866972,104.47053476866972,0.0,PASS
RECLAIM-V2-004400,RETRY_ALL,RETRY_ALL,0.0,25.0,-25.0,-25.0,0.0,PASS
RECLAIM-V2-004401,RETRY_ALL,RETRY_ALL,378.86688796049367,25.0,353.86688796049367,353.86688796049367,0.0,PASS
RECLAIM-V2-004402,RETRY_ALL,RETRY_ALL,92.38568938924756,25.0,67.38568938924756,67.38568938924756,0.0,PASS
RECLAIM-V2-004403,RETRY_ALL,RETRY_ALL,0.0,25.0,-25.0,-25.0,0.0,PASS
RECLAIM-V2-004404,RETRY_ALL,RETRY_ALL,0.0,25.0,-25.0,-25.0,0.0,PASS
RECLAIM-V2-004405,RETRY_ALL,RETRY_ALL,79.65694495995615,25.0,54.65694495995615,54.65694495995615,0.0,PASS
RECLAIM-V2-004406,RETRY_ALL,RETRY_ALL,300.18774539050827,25.0,275.18774539050827,275.18774539050827,0.0,PASS
RECLAIM-V2-004407,RETRY_ALL,RETRY_ALL,0.0,25.0,-25.0,-25.0,0.0,PASS
RECLAIM-V2-004408,RETRY_ALL,RETRY_ALL,228.1665493653473,25.0,203.1665493653473,203.1665493653473,0.0,PASS
RECLAIM-V2-004409,RETRY_ALL,RETRY_ALL,0.0,25.0,-25.0,-25.0,0.0,PASS
RECLAIM-V2-004410,RETRY_ALL,RETRY_ALL,55.036125722767046,25.0,30.036125722767046,30.036125722767046,0.0,PASS
RECLAIM-V2-004411,RETRY_ALL,RETRY_ALL,0.0,25.0,-25.0,-25.0,0.0,PASS
RECLAIM-V2-004412,RETRY_ALL,RETRY_ALL,221.67771456953656,25.0,196.67771456953656,196.67771456953656,0.0,PASS
RECLAIM-V2-004413,RETRY_ALL,RETRY_ALL,207.0629828482124,25.0,182.0629828482124,182.0629828482124,0.0,PASS
RECLAIM-V2-004414,TARGET,MONITOR,395.6788419353784,10.0,385.6788419353784,385.6788419353784,0.0,PASS
RECLAIM-V2-004415,RETRY_ALL,RETRY_ALL,211.8576346478067,25.0,186.8576346478067,186.8576346478067,0.0,PASS
RECLAIM-V2-004416,RETRY_ALL,RETRY_ALL,0.0,25.0,-25.0,-25.0,0.0,PASS
RECLAIM-V2-004417,RETRY_ALL,RETRY_ALL,0.0,25.0,-25.0,-25.0,0.0,PASS
RECLAIM-V2-004418,RETRY_ALL,RETRY_ALL,124.44445956261676,25.0,99.44445956261676,99.44445956261676,0.0,PASS
RECLAIM-V2-004419,RETRY_ALL,RETRY_ALL,157.83384724512962,25.0,132.83384724512962,132.83384724512962,0.0,PASS
RECLAIM-V2-004420,RETRY_ALL,RETRY_ALL,174.94505991980205,25.0,149.94505991980205,149.94505991980205,0.0,PASS
RECLAIM-V2-004421,RETRY_ALL,RETRY_ALL,105.8067721283031,25.0,80.8067721283031,80.8067721283031,0.0,PASS
RECLAIM-V2-004422,RETRY_ALL,RETRY_ALL,265.337467126248,25.0,240.337467126248,240.337467126248,0.0,PASS
RECLAIM-V2-004423,RETRY_ALL,RETRY_ALL,238.8079520616048,25.0,213.8079520616048,213.8079520616048,0.0,PASS
RECLAIM-V2-004424,RETRY_ALL,RETRY_ALL,0.0,25.0,-25.0,-25.0,0.0,PASS
RECLAIM-V2-004425,RETRY_ALL,RETRY_ALL,268.72970453201606,25.0,243.7297045320161,243.72970453201606,-2.842170943040401e-14,PASS
RECLAIM-V2-004426,RETRY_ALL,RETRY_ALL,41.7625083508143,25.0,16.7625083508143,16.7625083508143,0.0,PASS
RECLAIM-V2-004427,RETRY_ALL,RETRY_ALL,0.0,25.0,-25.0,-25.0,0.0,PASS
RECLAIM-V2-004428,RETRY_ALL,RETRY_ALL,310.29894749756835,25.0,285.29894749756835,285.29894749756835,0.0,PASS
RECLAIM-V2-004429,RETRY_ALL,RETRY_ALL,32.8173250820976,25.0,7.817325082097597,7.817325082097597,0.0,PASS
RECLAIM-V2-004430,RETRY_ALL,RETRY_ALL,0.0,25.0,-25.0,-25.0,0.0,PASS
RECLAIM-V2-004431,RETRY_ALL,RETRY_ALL,225.40487677928311,25.0,200.40487677928311,200.40487677928311,0.0,PASS
RECLAIM-V2-004432,RETRY_ALL,RETRY_ALL,0.0,25.0,-25.0,-25.0,0.0,PASS
RECLAIM-V2-004433,RETRY_ALL,RETRY_ALL,118.91209588522696,25.0,93.91209588522696,93.91209588522696,0.0,PASS
RECLAIM-V2-004434,RETRY_ALL,RETRY_ALL,43.48952991136815,25.0,18.48952991136815,18.48952991136815,0.0,PASS
RECLAIM-V2-004435,RETRY_ALL,RETRY_ALL,0.0,25.0,-25.0,-25.0,0.0,PASS
RECLAIM-V2-004436,RETRY_ALL,RETRY_ALL,169.50522340666186,25.0,144.50522340666186,144.50522340666186,0.0,PASS
RECLAIM-V2-004437,RETRY_ALL,RETRY_ALL,0.0,25.0,-25.0,-25.0,0.0,PASS
RECLAIM-V2-004438,RETRY_ALL,RETRY_ALL,0.0,25.0,-25.0,-25.0,0.0,PASS
RECLAIM-V2-004439,TARGET,LOW_INTENSITY,469.2273651251026,45.0,424.2273651251026,424.2273651251026,0.0,PASS
RECLAIM-V2-004440,RETRY_ALL,RETRY_ALL,74.63701215827295,25.0,49.63701215827295,49.63701215827295,0.0,PASS
RECLAIM-V2-004441,RETRY_ALL,RETRY_ALL,0.0,25.0,-25.0,-25.0,0.0,PASS
RECLAIM-V2-004442,RETRY_ALL,RETRY_ALL,0.0,25.0,-25.0,-25.0,0.0,PASS
RECLAIM-V2-004443,RETRY_ALL,RETRY_ALL,0.0,25.0,-25.0,-25.0,0.0,PASS
RECLAIM-V2-004444,RETRY_ALL,RETRY_ALL,93.44707484325568,25.0,68.44707484325568,68.44707484325568,0.0,PASS
RECLAIM-V2-004445,RETRY_ALL,RETRY_ALL,0.0,25.0,-25.0,-25.0,0.0,PASS
RECLAIM-V2-004446,TARGET,HIGH_INTENSITY,648.9526799684731,120.0,528.9526799684731,528.9526799684731,0.0,PASS
RECLAIM-V2-004447,RETRY_ALL,RETRY_ALL,297.3520884795693,25.0,272.3520884795693,272.3520884795693,0.0,PASS
RECLAIM-V2-004448,RETRY_ALL,RETRY_ALL,0.0,25.0,-25.0,-25.0,0.0,PASS
RECLAIM-V2-004449,RETRY_ALL,RETRY_ALL,273.798918625554,25.0,248.798918625554,248.798918625554,0.0,PASS
RECLAIM-V2-004450,RETRY_ALL,RETRY_ALL,0.0,25.0,-25.0,-25.0,0.0,PASS
RECLAIM-V2-004451,RETRY_ALL,RETRY_ALL,107.78101619078384,25.0,82.78101619078384,82.78101619078384,0.0,PASS
RECLAIM-V2-004452,RETRY_ALL,RETRY_ALL,241.0619685407646,25.0,216.0619685407646,216.0619685407646,0.0,PASS
RECLAIM-V2-004453,RETRY_ALL,RETRY_ALL,0.0,25.0,-25.0,-25.0,0.0,PASS
RECLAIM-V2-004454,RETRY_ALL,RETRY_ALL,57.40873881636809,25.0,32.40873881636809,32.40873881636809,0.0,PASS
RECLAIM-V2-004455,RETRY_ALL,RETRY_ALL,260.35703434729203,25.0,235.35703434729203,235.35703434729203,0.0,PASS
RECLAIM-V2-004456,RETRY_ALL,RETRY_ALL,315.01561067548243,25.0,290.01561067548243,290.01561067548243,0.0,PASS
RECLAIM-V2-004457,RETRY_ALL,RETRY_ALL,0.0,25.0,-25.0,-25.0,0.0,PASS
RECLAIM-V2-004458,RETRY_ALL,RETRY_ALL,56.05308489366676,25.0,31.05308489366676,31.053084893666757,-3.552713678800501e-15,PASS
RECLAIM-V2-004459,RETRY_ALL,RETRY_ALL,0.0,25.0,-25.0,-25.0,0.0,PASS
RECLAIM-V2-004460,RETRY_ALL,RETRY_ALL,50.12889978101565,25.0,25.128899781015647,25.128899781015647,0.0,PASS
RECLAIM-V2-004461,RETRY_ALL,RETRY_ALL,0.0,25.0,-25.0,-25.0,0.0,PASS
RECLAIM-V2-004462,RETRY_ALL,RETRY_ALL,0.0,25.0,-25.0,-25.0,0.0,PASS
RECLAIM-V2-004463,RETRY_ALL,RETRY_ALL,0.0,25.0,-25.0,-25.0,0.0,PASS
RECLAIM-V2-004464,RETRY_ALL,RETRY_ALL,186.35047972911045,25.0,161.35047972911045,161.35047972911045,0.0,PASS
RECLAIM-V2-004465,RETRY_ALL,RETRY_ALL,0.0,25.0,-25.0,-25.0,0.0,PASS
RECLAIM-V2-004466,RETRY_ALL,RETRY_ALL,0.0,25.0,-25.0,-25.0,0.0,PASS
RECLAIM-V2-004467,RETRY_ALL,RETRY_ALL,0.0,25.0,-25.0,-25.0,0.0,PASS
RECLAIM-V2-004468,RETRY_ALL,RETRY_ALL,241.936829430248,25.0,216.936829430248,216.936829430248,0.0,PASS
RECLAIM-V2-004469,RETRY_ALL,RETRY_ALL,222.4535878913856,25.0,197.4535878913856,197.4535878913856,0.0,PASS
RECLAIM-V2-004470,RETRY_ALL,RETRY_ALL,127.3914874069626,25.0,102.3914874069626,102.3914874069626,0.0,PASS
RECLAIM-V2-004471,RETRY_ALL,RETRY_ALL,0.0,25.0,-25.0,-25.0,0.0,PASS
RECLAIM-V2-004472,RETRY_ALL,RETRY_ALL,0.0,25.0,-25.0,-25.0,0.0,PASS
RECLAIM-V2-004473,RETRY_ALL,RETRY_ALL,282.191519300976,25.0,257.191519300976,257.191519300976,0.0,PASS
RECLAIM-V2-004474,RETRY_ALL,RETRY_ALL,91.40888652351737,25.0,66.40888652351737,66.40888652351737,0.0,PASS
RECLAIM-V2-004475,RETRY_ALL,RETRY_ALL,0.0,25.0,-25.0,-25.0,0.0,PASS
RECLAIM-V2-004476,RETRY_ALL,RETRY_ALL,229.84249113967616,25.0,204.84249113967616,204.84249113967616,0.0,PASS
RECLAIM-V2-004477,RETRY_ALL,RETRY_ALL,292.9872783587775,25.0,267.9872783587775,267.9872783587775,0.0,PASS
RECLAIM-V2-004478,RETRY_ALL,RETRY_ALL,0.0,25.0,-25.0,-25.0,0.0,PASS
RECLAIM-V2-004479,RETRY_ALL,RETRY_ALL,0.0,25.0,-25.0,-25.0,0.0,PASS
RECLAIM-V2-004480,RETRY_ALL,RETRY_ALL,186.7617865744218,25.0,161.7617865744218,161.7617865744218,0.0,PASS
RECLAIM-V2-004481,RETRY_ALL,RETRY_ALL,0.0,25.0,-25.0,-25.0,0.0,PASS
RECLAIM-V2-004482,RETRY_ALL,RETRY_ALL,0.0,25.0,-25.0,-25.0,0.0,PASS
RECLAIM-V2-004483,RETRY_ALL,RETRY_ALL,0.0,25.0,-25.0,-25.0,0.0,PASS
RECLAIM-V2-004484,RETRY_ALL,RETRY_ALL,36.06083901724455,25.0,11.060839017244549,11.060839017244547,-1.7763568394002505e-15,PASS
RECLAIM-V2-004485,RETRY_ALL,RETRY_ALL,0.0,25.0,-25.0,-25.0,0.0,PASS
RECLAIM-V2-004486,RETRY_ALL,RETRY_ALL,0.0,25.0,-25.0,-25.0,0.0,PASS
RECLAIM-V2-004487,RETRY_ALL,RETRY_ALL,0.0,25.0,-25.0,-25.0,0.0,PASS
RECLAIM-V2-004488,RETRY_ALL,RETRY_ALL,112.6480038019989,25.0,87.6480038019989,87.6480038019989,0.0,PASS
RECLAIM-V2-004489,RETRY_ALL,RETRY_ALL,0.0,25.0,-25.0,-25.0,0.0,PASS
RECLAIM-V2-004490,RETRY_ALL,RETRY_ALL,171.37659515474354,25.0,146.37659515474354,146.37659515474354,0.0,PASS
RECLAIM-V2-004491,RETRY_ALL,RETRY_ALL,0.0,25.0,-25.0,-25.0,0.0,PASS
RECLAIM-V2-004492,RETRY_ALL,RETRY_ALL,388.69079974621184,25.0,363.69079974621184,363.69079974621184,0.0,PASS
RECLAIM-V2-004493,RETRY_ALL,RETRY_ALL,317.4394488418748,25.0,292.4394488418748,292.4394488418748,0.0,PASS
RECLAIM-V2-004494,RETRY_ALL,RETRY_ALL,0.0,25.0,-25.0,-25.0,0.0,PASS
RECLAIM-V2-004495,RETRY_ALL,RETRY_ALL,193.4878411754643,25.0,168.4878411754643,168.4878411754643,0.0,PASS
RECLAIM-V2-004496,RETRY_ALL,RETRY_ALL,50.07532702047255,25.0,25.07532702047255,25.07532702047255,0.0,PASS
RECLAIM-V2-004497,RETRY_ALL,RETRY_ALL,55.997845096326,25.0,30.997845096326003,30.997845096326003,0.0,PASS
RECLAIM-V2-004498,RETRY_ALL,RETRY_ALL,126.24166178735057,25.0,101.24166178735057,101.24166178735057,0.0,PASS
RECLAIM-V2-004499,RETRY_ALL,RETRY_ALL,281.89474921205925,25.0,256.89474921205925,256.89474921205925,0.0,PASS
RECLAIM-V2-004500,RETRY_ALL,RETRY_ALL,0.0,25.0,-25.0,-25.0,0.0,PASS
RECLAIM-V2-004501,RETRY_ALL,RETRY_ALL,0.0,25.0,-25.0,-25.0,0.0,PASS
RECLAIM-V2-004502,RETRY_ALL,RETRY_ALL,267.0762287062356,25.0,242.0762287062356,242.0762287062356,0.0,PASS
RECLAIM-V2-004503,RETRY_ALL,RETRY_ALL,0.0,25.0,-25.0,-25.0,0.0,PASS
RECLAIM-V2-004504,RETRY_ALL,RETRY_ALL,318.59052666518176,25.0,293.59052666518176,293.59052666518176,0.0,PASS
RECLAIM-V2-004505,RETRY_ALL,RETRY_ALL,0.0,25.0,-25.0,-25.0,0.0,PASS
RECLAIM-V2-004506,RETRY_ALL,RETRY_ALL,310.97161536639777,25.0,285.97161536639777,285.97161536639777,0.0,PASS
RECLAIM-V2-004507,RETRY_ALL,RETRY_ALL,264.9572101175607,25.0,239.9572101175607,239.9572101175607,0.0,PASS
RECLAIM-V2-004508,RETRY_ALL,RETRY_ALL,125.958086875041,25.0,100.958086875041,100.958086875041,0.0,PASS
RECLAIM-V2-004509,TARGET,LOW_INTENSITY,466.9562526112253,45.0,421.9562526112253,421.9562526112253,0.0,PASS
RECLAIM-V2-004510,RETRY_ALL,RETRY_ALL,0.0,25.0,-25.0,-25.0,0.0,PASS
RECLAIM-V2-004511,RETRY_ALL,RETRY_ALL,320.81206772577104,25.0,295.81206772577104,295.81206772577104,0.0,PASS
RECLAIM-V2-004512,RETRY_ALL,RETRY_ALL,0.0,25.0,-25.0,-25.0,0.0,PASS
RECLAIM-V2-004513,RETRY_ALL,RETRY_ALL,0.0,25.0,-25.0,-25.0,0.0,PASS
RECLAIM-V2-004514,RETRY_ALL,RETRY_ALL,0.0,25.0,-25.0,-25.0,0.0,PASS
RECLAIM-V2-004515,RETRY_ALL,RETRY_ALL,210.68575545497177,25.0,185.68575545497177,185.68575545497177,0.0,PASS
RECLAIM-V2-004516,RETRY_ALL,RETRY_ALL,236.37476971508025,25.0,211.37476971508025,211.37476971508025,0.0,PASS
RECLAIM-V2-004517,RETRY_ALL,RETRY_ALL,0.0,25.0,-25.0,-25.0,0.0,PASS
RECLAIM-V2-004518,RETRY_ALL,RETRY_ALL,0.0,25.0,-25.0,-25.0,0.0,PASS
RECLAIM-V2-004519,RETRY_ALL,RETRY_ALL,344.7363440110013,25.0,319.7363440110013,319.7363440110013,0.0,PASS
RECLAIM-V2-004520,RETRY_ALL,RETRY_ALL,0.0,25.0,-25.0,-25.0,0.0,PASS
RECLAIM-V2-004521,RETRY_ALL,RETRY_ALL,0.0,25.0,-25.0,-25.0,0.0,PASS
RECLAIM-V2-004522,RETRY_ALL,RETRY_ALL,0.0,25.0,-25.0,-25.0,0.0,PASS
RECLAIM-V2-004523,RETRY_ALL,RETRY_ALL,0.0,25.0,-25.0,-25.0,0.0,PASS
RECLAIM-V2-004524,RETRY_ALL,RETRY_ALL,0.0,25.0,-25.0,-25.0,0.0,PASS
RECLAIM-V2-004525,RETRY_ALL,RETRY_ALL,0.0,25.0,-25.0,-25.0,0.0,PASS
RECLAIM-V2-004526,RETRY_ALL,RETRY_ALL,261.6477602185757,25.0,236.64776021857568,236.64776021857568,0.0,PASS
RECLAIM-V2-004527,RETRY_ALL,RETRY_ALL,34.0585656526689,25.0,9.058565652668896,9.058565652668896,0.0,PASS
RECLAIM-V2-004528,RETRY_ALL,RETRY_ALL,135.56483932224765,25.0,110.56483932224764,110.56483932224765,1.4210854715202004e-14,PASS
RECLAIM-V2-004529,RETRY_ALL,RETRY_ALL,39.5252526923403,25.0,14.525252692340302,14.525252692340302,0.0,PASS
RECLAIM-V2-004530,RETRY_ALL,RETRY_ALL,318.0446039064535,25.0,293.0446039064535,293.0446039064535,0.0,PASS
RECLAIM-V2-004531,RETRY_ALL,RETRY_ALL,240.7763406320154,25.0,215.7763406320154,215.7763406320154,0.0,PASS
RECLAIM-V2-004532,TARGET,MONITOR,396.4185718607992,10.0,386.4185718607992,386.4185718607992,0.0,PASS
RECLAIM-V2-004533,RETRY_ALL,RETRY_ALL,223.95177951374865,25.0,198.95177951374865,198.95177951374865,0.0,PASS
RECLAIM-V2-004534,RETRY_ALL,RETRY_ALL,0.0,25.0,-25.0,-25.0,0.0,PASS
RECLAIM-V2-004535,RETRY_ALL,RETRY_ALL,111.93885827641004,25.0,86.93885827641004,86.93885827641004,0.0,PASS
RECLAIM-V2-004536,RETRY_ALL,RETRY_ALL,236.9114675698146,25.0,211.9114675698146,211.9114675698146,0.0,PASS
RECLAIM-V2-004537,RETRY_ALL,RETRY_ALL,57.2172321728469,25.0,32.2172321728469,32.2172321728469,0.0,PASS
RECLAIM-V2-004538,RETRY_ALL,RETRY_ALL,0.0,25.0,-25.0,-25.0,0.0,PASS
RECLAIM-V2-004539,RETRY_ALL,RETRY_ALL,0.0,25.0,-25.0,-25.0,0.0,PASS
RECLAIM-V2-004540,RETRY_ALL,RETRY_ALL,39.52554326712795,25.0,14.52554326712795,14.52554326712795,0.0,PASS
RECLAIM-V2-004541,RETRY_ALL,RETRY_ALL,59.31077403366975,25.0,34.31077403366975,34.31077403366975,0.0,PASS
RECLAIM-V2-004542,RETRY_ALL,RETRY_ALL,40.9052506860162,25.0,15.905250686016204,15.905250686016203,-1.7763568394002505e-15,PASS
RECLAIM-V2-004543,RETRY_ALL,RETRY_ALL,308.7002872057554,25.0,283.7002872057554,283.7002872057554,0.0,PASS
RECLAIM-V2-004544,RETRY_ALL,RETRY_ALL,0.0,25.0,-25.0,-25.0,0.0,PASS
RECLAIM-V2-004545,RETRY_ALL,RETRY_ALL,0.0,25.0,-25.0,-25.0,0.0,PASS
RECLAIM-V2-004546,RETRY_ALL,RETRY_ALL,0.0,25.0,-25.0,-25.0,0.0,PASS
RECLAIM-V2-004547,RETRY_ALL,RETRY_ALL,159.7573488202089,25.0,134.7573488202089,134.7573488202089,0.0,PASS
RECLAIM-V2-004548,RETRY_ALL,RETRY_ALL,204.42585910413763,25.0,179.42585910413763,179.42585910413763,0.0,PASS
RECLAIM-V2-004549,RETRY_ALL,RETRY_ALL,226.402129120182,25.0,201.402129120182,201.402129120182,0.0,PASS
RECLAIM-V2-004550,RETRY_ALL,RETRY_ALL,191.379418060356,25.0,166.379418060356,166.379418060356,0.0,PASS
RECLAIM-V2-004551,RETRY_ALL,RETRY_ALL,56.00093859146354,25.0,31.000938591463537,31.000938591463537,0.0,PASS
RECLAIM-V2-004552,RETRY_ALL,RETRY_ALL,0.0,25.0,-25.0,-25.0,0.0,PASS
RECLAIM-V2-004553,RETRY_ALL,RETRY_ALL,57.098228274764246,25.0,32.098228274764246,32.098228274764246,0.0,PASS
RECLAIM-V2-004554,RETRY_ALL,RETRY_ALL,117.30115500689668,25.0,92.30115500689668,92.30115500689668,0.0,PASS
RECLAIM-V2-004555,RETRY_ALL,RETRY_ALL,44.8753889308095,25.0,19.8753889308095,19.8753889308095,0.0,PASS
RECLAIM-V2-004556,RETRY_ALL,RETRY_ALL,35.7090936681237,25.0,10.7090936681237,10.7090936681237,0.0,PASS
RECLAIM-V2-004557,RETRY_ALL,RETRY_ALL,0.0,25.0,-25.0,-25.0,0.0,PASS
RECLAIM-V2-004558,RETRY_ALL,RETRY_ALL,0.0,25.0,-25.0,-25.0,0.0,PASS
RECLAIM-V2-004559,RETRY_ALL,RETRY_ALL,0.0,25.0,-25.0,-25.0,0.0,PASS
RECLAIM-V2-004560,RETRY_ALL,RETRY_ALL,0.0,25.0,-25.0,-25.0,0.0,PASS
RECLAIM-V2-004561,RETRY_ALL,RETRY_ALL,173.76085568882252,25.0,148.76085568882252,148.76085568882252,0.0,PASS
RECLAIM-V2-004562,RETRY_ALL,RETRY_ALL,0.0,25.0,-25.0,-25.0,0.0,PASS
RECLAIM-V2-004563,RETRY_ALL,RETRY_ALL,146.96857031988495,25.0,121.96857031988496,121.96857031988495,-1.4210854715202004e-14,PASS
RECLAIM-V2-004564,RETRY_ALL,RETRY_ALL,0.0,25.0,-25.0,-25.0,0.0,PASS
RECLAIM-V2-004565,RETRY_ALL,RETRY_ALL,0.0,25.0,-25.0,-25.0,0.0,PASS
RECLAIM-V2-004566,RETRY_ALL,RETRY_ALL,0.0,25.0,-25.0,-25.0,0.0,PASS
RECLAIM-V2-004567,RETRY_ALL,RETRY_ALL,0.0,25.0,-25.0,-25.0,0.0,PASS
RECLAIM-V2-004568,TARGET,STANDARD_TARGET,492.5824657446576,80.0,412.5824657446576,412.5824657446576,0.0,PASS
RECLAIM-V2-004569,RETRY_ALL,RETRY_ALL,147.80409282200114,25.0,122.80409282200114,122.80409282200114,0.0,PASS
RECLAIM-V2-004570,RETRY_ALL,RETRY_ALL,0.0,25.0,-25.0,-25.0,0.0,PASS
RECLAIM-V2-004571,RETRY_ALL,RETRY_ALL,0.0,25.0,-25.0,-25.0,0.0,PASS
RECLAIM-V2-004572,RETRY_ALL,RETRY_ALL,237.47677753227512,25.0,212.47677753227512,212.47677753227512,0.0,PASS
RECLAIM-V2-004573,RETRY_ALL,RETRY_ALL,0.0,25.0,-25.0,-25.0,0.0,PASS
RECLAIM-V2-004574,RETRY_ALL,RETRY_ALL,0.0,25.0,-25.0,-25.0,0.0,PASS
RECLAIM-V2-004575,RETRY_ALL,RETRY_ALL,272.9684058170013,25.0,247.96840581700133,247.96840581700133,0.0,PASS
RECLAIM-V2-004576,RETRY_ALL,RETRY_ALL,0.0,25.0,-25.0,-25.0,0.0,PASS
RECLAIM-V2-004577,RETRY_ALL,RETRY_ALL,0.0,25.0,-25.0,-25.0,0.0,PASS
RECLAIM-V2-004578,RETRY_ALL,RETRY_ALL,0.0,25.0,-25.0,-25.0,0.0,PASS
RECLAIM-V2-004579,RETRY_ALL,RETRY_ALL,0.0,25.0,-25.0,-25.0,0.0,PASS
RECLAIM-V2-004580,RETRY_ALL,RETRY_ALL,38.73164589627076,25.0,13.731645896270765,13.731645896270763,-1.7763568394002505e-15,PASS
RECLAIM-V2-004581,RETRY_ALL,RETRY_ALL,246.9150434796464,25.0,221.9150434796464,221.9150434796464,0.0,PASS
RECLAIM-V2-004582,RETRY_ALL,RETRY_ALL,125.6775829317384,25.0,100.6775829317384,100.6775829317384,0.0,PASS
RECLAIM-V2-004583,RETRY_ALL,RETRY_ALL,277.84172733529965,25.0,252.84172733529965,252.84172733529965,0.0,PASS
RECLAIM-V2-004584,RETRY_ALL,RETRY_ALL,0.0,25.0,-25.0,-25.0,0.0,PASS
RECLAIM-V2-004585,RETRY_ALL,RETRY_ALL,115.7068047494604,25.0,90.7068047494604,90.7068047494604,0.0,PASS
RECLAIM-V2-004586,RETRY_ALL,RETRY_ALL,0.0,25.0,-25.0,-25.0,0.0,PASS
RECLAIM-V2-004587,RETRY_ALL,RETRY_ALL,0.0,25.0,-25.0,-25.0,0.0,PASS
RECLAIM-V2-004588,RETRY_ALL,RETRY_ALL,0.0,25.0,-25.0,-25.0,0.0,PASS
RECLAIM-V2-004589,RETRY_ALL,RETRY_ALL,7.106224513727851,25.0,-17.893775486272148,-17.893775486272148,0.0,PASS
RECLAIM-V2-004590,RETRY_ALL,RETRY_ALL,0.0,25.0,-25.0,-25.0,0.0,PASS
RECLAIM-V2-004591,RETRY_ALL,RETRY_ALL,316.3039956323577,25.0,291.3039956323577,291.3039956323577,0.0,PASS
RECLAIM-V2-004592,RETRY_ALL,RETRY_ALL,103.3264474552374,25.0,78.3264474552374,78.3264474552374,0.0,PASS
RECLAIM-V2-004593,RETRY_ALL,RETRY_ALL,0.0,25.0,-25.0,-25.0,0.0,PASS
RECLAIM-V2-004594,RETRY_ALL,RETRY_ALL,0.0,25.0,-25.0,-25.0,0.0,PASS
RECLAIM-V2-004595,RETRY_ALL,RETRY_ALL,0.0,25.0,-25.0,-25.0,0.0,PASS
RECLAIM-V2-004596,RETRY_ALL,RETRY_ALL,0.0,25.0,-25.0,-25.0,0.0,PASS
RECLAIM-V2-004597,RETRY_ALL,RETRY_ALL,58.6298555092902,25.0,33.6298555092902,33.6298555092902,0.0,PASS
RECLAIM-V2-004598,RETRY_ALL,RETRY_ALL,207.03807692573204,25.0,182.03807692573204,182.03807692573204,0.0,PASS
RECLAIM-V2-004599,RETRY_ALL,RETRY_ALL,0.0,25.0,-25.0,-25.0,0.0,PASS
RECLAIM-V2-004600,RETRY_ALL,RETRY_ALL,272.87516229167704,25.0,247.87516229167704,247.87516229167704,0.0,PASS
RECLAIM-V2-004601,RETRY_ALL,RETRY_ALL,52.76509044081405,25.0,27.76509044081405,27.76509044081405,0.0,PASS
RECLAIM-V2-004602,RETRY_ALL,RETRY_ALL,112.28567024779876,25.0,87.28567024779876,87.28567024779876,0.0,PASS
RECLAIM-V2-004603,RETRY_ALL,RETRY_ALL,0.0,25.0,-25.0,-25.0,0.0,PASS
RECLAIM-V2-004604,RETRY_ALL,RETRY_ALL,15.9419932258878,25.0,-9.0580067741122,-9.0580067741122,0.0,PASS
RECLAIM-V2-004605,RETRY_ALL,RETRY_ALL,0.0,25.0,-25.0,-25.0,0.0,PASS
RECLAIM-V2-004606,RETRY_ALL,RETRY_ALL,58.90106730798946,25.0,33.90106730798946,33.90106730798946,0.0,PASS
RECLAIM-V2-004607,RETRY_ALL,RETRY_ALL,349.1564748075001,25.0,324.1564748075001,324.1564748075001,0.0,PASS
RECLAIM-V2-004608,RETRY_ALL,RETRY_ALL,214.2364972420098,25.0,189.2364972420098,189.2364972420098,0.0,PASS
RECLAIM-V2-004609,RETRY_ALL,RETRY_ALL,342.4073553670113,25.0,317.4073553670113,317.4073553670113,0.0,PASS
RECLAIM-V2-004610,RETRY_ALL,RETRY_ALL,6.5542030012125005,25.0,-18.4457969987875,-18.4457969987875,0.0,PASS
RECLAIM-V2-004611,RETRY_ALL,RETRY_ALL,244.17281025195345,25.0,219.17281025195345,219.17281025195345,0.0,PASS
RECLAIM-V2-004612,RETRY_ALL,RETRY_ALL,0.0,25.0,-25.0,-25.0,0.0,PASS
RECLAIM-V2-004613,RETRY_ALL,RETRY_ALL,0.0,25.0,-25.0,-25.0,0.0,PASS
RECLAIM-V2-004614,RETRY_ALL,RETRY_ALL,0.0,25.0,-25.0,-25.0,0.0,PASS
RECLAIM-V2-004615,RETRY_ALL,RETRY_ALL,0.0,25.0,-25.0,-25.0,0.0,PASS
RECLAIM-V2-004616,RETRY_ALL,RETRY_ALL,0.0,25.0,-25.0,-25.0,0.0,PASS
RECLAIM-V2-004617,RETRY_ALL,RETRY_ALL,0.0,25.0,-25.0,-25.0,0.0,PASS
RECLAIM-V2-004618,RETRY_ALL,RETRY_ALL,7.5641996326104,25.0,-17.4358003673896,-17.4358003673896,0.0,PASS
RECLAIM-V2-004619,RETRY_ALL,RETRY_ALL,45.16725381697035,25.0,20.16725381697035,20.16725381697035,0.0,PASS
RECLAIM-V2-004620,RETRY_ALL,RETRY_ALL,256.3434899045391,25.0,231.34348990453915,231.34348990453913,-2.842170943040401e-14,PASS
RECLAIM-V2-004621,RETRY_ALL,RETRY_ALL,0.0,25.0,-25.0,-25.0,0.0,PASS
RECLAIM-V2-004622,RETRY_ALL,RETRY_ALL,0.0,25.0,-25.0,-25.0,0.0,PASS
RECLAIM-V2-004623,RETRY_ALL,RETRY_ALL,202.0384044869089,25.0,177.03840448690892,177.0384044869089,-2.842170943040401e-14,PASS
RECLAIM-V2-004624,TARGET,STANDARD_TARGET,483.3571043374272,80.0,403.3571043374272,403.3571043374272,0.0,PASS
RECLAIM-V2-004625,RETRY_ALL,RETRY_ALL,0.0,25.0,-25.0,-25.0,0.0,PASS
RECLAIM-V2-004626,RETRY_ALL,RETRY_ALL,0.0,25.0,-25.0,-25.0,0.0,PASS
RECLAIM-V2-004627,RETRY_ALL,RETRY_ALL,28.1083046283009,25.0,3.1083046283009,3.1083046283008997,-4.440892098500626e-16,PASS
RECLAIM-V2-004628,RETRY_ALL,RETRY_ALL,0.0,25.0,-25.0,-25.0,0.0,PASS
RECLAIM-V2-004629,RETRY_ALL,RETRY_ALL,86.06369329928731,25.0,61.06369329928731,61.06369329928731,0.0,PASS
RECLAIM-V2-004630,TARGET,HIGH_INTENSITY,601.571833916169,120.0,481.571833916169,481.571833916169,0.0,PASS
RECLAIM-V2-004631,RETRY_ALL,RETRY_ALL,85.48638410920755,25.0,60.48638410920755,60.48638410920755,0.0,PASS
RECLAIM-V2-004632,RETRY_ALL,RETRY_ALL,173.61998100692594,25.0,148.61998100692594,148.61998100692594,0.0,PASS
RECLAIM-V2-004633,RETRY_ALL,RETRY_ALL,123.99113063252236,25.0,98.99113063252236,98.99113063252236,0.0,PASS
RECLAIM-V2-004634,RETRY_ALL,RETRY_ALL,0.0,25.0,-25.0,-25.0,0.0,PASS
RECLAIM-V2-004635,RETRY_ALL,RETRY_ALL,296.7919772527428,25.0,271.7919772527428,271.7919772527428,0.0,PASS
RECLAIM-V2-004636,RETRY_ALL,RETRY_ALL,93.34377830673225,25.0,68.34377830673225,68.34377830673225,0.0,PASS
RECLAIM-V2-004637,RETRY_ALL,RETRY_ALL,0.0,25.0,-25.0,-25.0,0.0,PASS
RECLAIM-V2-004638,RETRY_ALL,RETRY_ALL,0.0,25.0,-25.0,-25.0,0.0,PASS
RECLAIM-V2-004639,RETRY_ALL,RETRY_ALL,123.8883457349724,25.0,98.8883457349724,98.8883457349724,0.0,PASS
RECLAIM-V2-004640,RETRY_ALL,RETRY_ALL,0.0,25.0,-25.0,-25.0,0.0,PASS
RECLAIM-V2-004641,RETRY_ALL,RETRY_ALL,0.0,25.0,-25.0,-25.0,0.0,PASS
RECLAIM-V2-004642,RETRY_ALL,RETRY_ALL,268.1444822819461,25.0,243.14448228194613,243.14448228194613,0.0,PASS
RECLAIM-V2-004643,RETRY_ALL,RETRY_ALL,0.0,25.0,-25.0,-25.0,0.0,PASS
RECLAIM-V2-004644,RETRY_ALL,RETRY_ALL,0.0,25.0,-25.0,-25.0,0.0,PASS
RECLAIM-V2-004645,RETRY_ALL,RETRY_ALL,90.1647600150984,25.0,65.1647600150984,65.1647600150984,0.0,PASS
RECLAIM-V2-004646,RETRY_ALL,RETRY_ALL,0.0,25.0,-25.0,-25.0,0.0,PASS
RECLAIM-V2-004647,RETRY_ALL,RETRY_ALL,0.0,25.0,-25.0,-25.0,0.0,PASS
RECLAIM-V2-004648,RETRY_ALL,RETRY_ALL,94.7488530267222,25.0,69.7488530267222,69.7488530267222,0.0,PASS
RECLAIM-V2-004649,RETRY_ALL,RETRY_ALL,249.40070668086,25.0,224.40070668086,224.40070668086,0.0,PASS
RECLAIM-V2-004650,RETRY_ALL,RETRY_ALL,57.12913078119855,25.0,32.12913078119855,32.12913078119855,0.0,PASS
RECLAIM-V2-004651,RETRY_ALL,RETRY_ALL,27.61591897460416,25.0,2.615918974604156,2.61591897460416,3.9968028886505635e-15,PASS
RECLAIM-V2-004652,RETRY_ALL,RETRY_ALL,196.4688721534821,25.0,171.4688721534821,171.4688721534821,0.0,PASS
RECLAIM-V2-004653,RETRY_ALL,RETRY_ALL,232.5513481224077,25.0,207.5513481224077,207.5513481224077,0.0,PASS
RECLAIM-V2-004654,RETRY_ALL,RETRY_ALL,92.9144403028986,25.0,67.9144403028986,67.9144403028986,0.0,PASS
RECLAIM-V2-004655,RETRY_ALL,RETRY_ALL,0.0,25.0,-25.0,-25.0,0.0,PASS
RECLAIM-V2-004656,RETRY_ALL,RETRY_ALL,0.0,25.0,-25.0,-25.0,0.0,PASS
RECLAIM-V2-004657,RETRY_ALL,RETRY_ALL,0.0,25.0,-25.0,-25.0,0.0,PASS
RECLAIM-V2-004658,RETRY_ALL,RETRY_ALL,0.0,25.0,-25.0,-25.0,0.0,PASS
RECLAIM-V2-004659,RETRY_ALL,RETRY_ALL,0.0,25.0,-25.0,-25.0,0.0,PASS
RECLAIM-V2-004660,RETRY_ALL,RETRY_ALL,0.0,25.0,-25.0,-25.0,0.0,PASS
RECLAIM-V2-004661,RETRY_ALL,RETRY_ALL,0.0,25.0,-25.0,-25.0,0.0,PASS
RECLAIM-V2-004662,RETRY_ALL,RETRY_ALL,0.0,25.0,-25.0,-25.0,0.0,PASS
RECLAIM-V2-004663,TARGET,LOW_INTENSITY,477.2133248805135,45.0,432.2133248805135,432.2133248805135,0.0,PASS
RECLAIM-V2-004664,RETRY_ALL,RETRY_ALL,0.0,25.0,-25.0,-25.0,0.0,PASS
RECLAIM-V2-004665,RETRY_ALL,RETRY_ALL,301.20886445332906,25.0,276.20886445332906,276.20886445332906,0.0,PASS
RECLAIM-V2-004666,TARGET,STANDARD_TARGET,559.8520180521356,80.0,479.8520180521356,479.8520180521356,0.0,PASS
RECLAIM-V2-004667,RETRY_ALL,RETRY_ALL,0.0,25.0,-25.0,-25.0,0.0,PASS
RECLAIM-V2-004668,RETRY_ALL,RETRY_ALL,282.6973220796013,25.0,257.6973220796013,257.6973220796013,0.0,PASS
RECLAIM-V2-004669,RETRY_ALL,RETRY_ALL,0.0,25.0,-25.0,-25.0,0.0,PASS
RECLAIM-V2-004670,RETRY_ALL,RETRY_ALL,0.0,25.0,-25.0,-25.0,0.0,PASS
RECLAIM-V2-004671,RETRY_ALL,RETRY_ALL,0.0,25.0,-25.0,-25.0,0.0,PASS
RECLAIM-V2-004672,RETRY_ALL,RETRY_ALL,140.7199646135625,25.0,115.7199646135625,115.7199646135625,0.0,PASS
RECLAIM-V2-004673,RETRY_ALL,RETRY_ALL,171.4214222733537,25.0,146.4214222733537,146.4214222733537,0.0,PASS
RECLAIM-V2-004674,RETRY_ALL,RETRY_ALL,0.0,25.0,-25.0,-25.0,0.0,PASS
RECLAIM-V2-004675,RETRY_ALL,RETRY_ALL,0.0,25.0,-25.0,-25.0,0.0,PASS
RECLAIM-V2-004676,RETRY_ALL,RETRY_ALL,130.6632393105213,25.0,105.6632393105213,105.6632393105213,0.0,PASS
RECLAIM-V2-004677,RETRY_ALL,RETRY_ALL,0.0,25.0,-25.0,-25.0,0.0,PASS
RECLAIM-V2-004678,RETRY_ALL,RETRY_ALL,94.03496158222124,25.0,69.03496158222124,69.03496158222124,0.0,PASS
RECLAIM-V2-004679,RETRY_ALL,RETRY_ALL,206.29631573580733,25.0,181.29631573580733,181.29631573580733,0.0,PASS
RECLAIM-V2-004680,RETRY_ALL,RETRY_ALL,23.10965407988985,25.0,-1.8903459201101496,-1.8903459201101498,-2.220446049250313e-16,PASS
RECLAIM-V2-004681,RETRY_ALL,RETRY_ALL,0.0,25.0,-25.0,-25.0,0.0,PASS
RECLAIM-V2-004682,RETRY_ALL,RETRY_ALL,0.0,25.0,-25.0,-25.0,0.0,PASS
RECLAIM-V2-004683,RETRY_ALL,RETRY_ALL,127.77558399404175,25.0,102.77558399404175,102.77558399404175,0.0,PASS
RECLAIM-V2-004684,RETRY_ALL,RETRY_ALL,53.6946417248163,25.0,28.6946417248163,28.6946417248163,0.0,PASS
RECLAIM-V2-004685,RETRY_ALL,RETRY_ALL,133.1636420796444,25.0,108.1636420796444,108.1636420796444,0.0,PASS
RECLAIM-V2-004686,RETRY_ALL,RETRY_ALL,195.36300001785528,25.0,170.36300001785528,170.36300001785528,0.0,PASS
RECLAIM-V2-004687,RETRY_ALL,RETRY_ALL,348.0997934406232,25.0,323.0997934406232,323.0997934406232,0.0,PASS
RECLAIM-V2-004688,RETRY_ALL,RETRY_ALL,368.9834947235904,25.0,343.9834947235904,343.9834947235904,0.0,PASS
RECLAIM-V2-004689,RETRY_ALL,RETRY_ALL,127.3645962420537,25.0,102.3645962420537,102.3645962420537,0.0,PASS
RECLAIM-V2-004690,RETRY_ALL,RETRY_ALL,0.0,25.0,-25.0,-25.0,0.0,PASS
RECLAIM-V2-004691,RETRY_ALL,RETRY_ALL,0.0,25.0,-25.0,-25.0,0.0,PASS
RECLAIM-V2-004692,RETRY_ALL,RETRY_ALL,0.0,25.0,-25.0,-25.0,0.0,PASS
RECLAIM-V2-004693,RETRY_ALL,RETRY_ALL,97.84043499160036,25.0,72.84043499160036,72.84043499160036,0.0,PASS
RECLAIM-V2-004694,RETRY_ALL,RETRY_ALL,0.0,25.0,-25.0,-25.0,0.0,PASS
RECLAIM-V2-004695,RETRY_ALL,RETRY_ALL,0.0,25.0,-25.0,-25.0,0.0,PASS
RECLAIM-V2-004696,RETRY_ALL,RETRY_ALL,0.0,25.0,-25.0,-25.0,0.0,PASS
RECLAIM-V2-004697,RETRY_ALL,RETRY_ALL,0.0,25.0,-25.0,-25.0,0.0,PASS
RECLAIM-V2-004698,TARGET,LOW_INTENSITY,481.4015490238614,45.0,436.4015490238614,436.4015490238614,0.0,PASS
RECLAIM-V2-004699,TARGET,STANDARD_TARGET,505.51448023184776,80.0,425.51448023184776,425.51448023184776,0.0,PASS
RECLAIM-V2-004700,RETRY_ALL,RETRY_ALL,165.85278243591645,25.0,140.85278243591645,140.85278243591645,0.0,PASS
RECLAIM-V2-004701,RETRY_ALL,RETRY_ALL,0.0,25.0,-25.0,-25.0,0.0,PASS
RECLAIM-V2-004702,RETRY_ALL,RETRY_ALL,277.34166673301206,25.0,252.3416667330121,252.34166673301206,-2.842170943040401e-14,PASS
RECLAIM-V2-004703,RETRY_ALL,RETRY_ALL,0.0,25.0,-25.0,-25.0,0.0,PASS
RECLAIM-V2-004704,RETRY_ALL,RETRY_ALL,0.0,25.0,-25.0,-25.0,0.0,PASS
RECLAIM-V2-004705,RETRY_ALL,RETRY_ALL,0.0,25.0,-25.0,-25.0,0.0,PASS
RECLAIM-V2-004706,RETRY_ALL,RETRY_ALL,311.32130289153343,25.0,286.32130289153343,286.32130289153343,0.0,PASS
RECLAIM-V2-004707,RETRY_ALL,RETRY_ALL,343.9179137890526,25.0,318.9179137890526,318.9179137890526,0.0,PASS
RECLAIM-V2-004708,RETRY_ALL,RETRY_ALL,221.18905774368585,25.0,196.18905774368585,196.18905774368585,0.0,PASS
RECLAIM-V2-004709,RETRY_ALL,RETRY_ALL,220.14789221907915,25.0,195.14789221907915,195.14789221907915,0.0,PASS
RECLAIM-V2-004710,RETRY_ALL,RETRY_ALL,0.0,25.0,-25.0,-25.0,0.0,PASS
RECLAIM-V2-004711,RETRY_ALL,RETRY_ALL,0.0,25.0,-25.0,-25.0,0.0,PASS
RECLAIM-V2-004712,RETRY_ALL,RETRY_ALL,0.0,25.0,-25.0,-25.0,0.0,PASS
RECLAIM-V2-004713,RETRY_ALL,RETRY_ALL,146.85983935387213,25.0,121.85983935387212,121.85983935387213,1.4210854715202004e-14,PASS
RECLAIM-V2-004714,RETRY_ALL,RETRY_ALL,198.5265197400024,25.0,173.5265197400024,173.5265197400024,0.0,PASS
RECLAIM-V2-004715,RETRY_ALL,RETRY_ALL,153.6696340709193,25.0,128.6696340709193,128.6696340709193,0.0,PASS
RECLAIM-V2-004716,RETRY_ALL,RETRY_ALL,381.9037914582906,25.0,356.9037914582906,356.9037914582906,0.0,PASS
RECLAIM-V2-004717,RETRY_ALL,RETRY_ALL,290.34395591166464,25.0,265.34395591166464,265.34395591166464,0.0,PASS
RECLAIM-V2-004718,RETRY_ALL,RETRY_ALL,0.0,25.0,-25.0,-25.0,0.0,PASS
RECLAIM-V2-004719,RETRY_ALL,RETRY_ALL,65.5383744943938,25.0,40.53837449439381,40.53837449439381,0.0,PASS
RECLAIM-V2-004720,RETRY_ALL,RETRY_ALL,224.90083400605243,25.0,199.90083400605243,199.90083400605243,0.0,PASS
RECLAIM-V2-004721,RETRY_ALL,RETRY_ALL,0.0,25.0,-25.0,-25.0,0.0,PASS
RECLAIM-V2-004722,RETRY_ALL,RETRY_ALL,339.1281677148312,25.0,314.1281677148312,314.1281677148312,0.0,PASS
RECLAIM-V2-004723,TARGET,LOW_INTENSITY,450.13645315162046,45.0,405.13645315162046,405.13645315162046,0.0,PASS
RECLAIM-V2-004724,RETRY_ALL,RETRY_ALL,0.0,25.0,-25.0,-25.0,0.0,PASS
RECLAIM-V2-004725,RETRY_ALL,RETRY_ALL,53.2642330961604,25.0,28.264233096160403,28.264233096160403,0.0,PASS
RECLAIM-V2-004726,RETRY_ALL,RETRY_ALL,258.9834887379553,25.0,233.98348873795533,233.98348873795533,0.0,PASS
RECLAIM-V2-004727,RETRY_ALL,RETRY_ALL,37.8659101907781,25.0,12.865910190778102,12.865910190778102,0.0,PASS
RECLAIM-V2-004728,RETRY_ALL,RETRY_ALL,167.61373050605715,25.0,142.61373050605715,142.61373050605715,0.0,PASS
RECLAIM-V2-004729,RETRY_ALL,RETRY_ALL,62.46196487200215,25.0,37.46196487200215,37.46196487200215,0.0,PASS
RECLAIM-V2-004730,RETRY_ALL,RETRY_ALL,63.600784463207546,25.0,38.600784463207546,38.600784463207546,0.0,PASS
RECLAIM-V2-004731,RETRY_ALL,RETRY_ALL,48.8778053183508,25.0,23.8778053183508,23.877805318350802,3.552713678800501e-15,PASS
RECLAIM-V2-004732,RETRY_ALL,RETRY_ALL,0.0,25.0,-25.0,-25.0,0.0,PASS
RECLAIM-V2-004733,RETRY_ALL,RETRY_ALL,0.0,25.0,-25.0,-25.0,0.0,PASS
RECLAIM-V2-004734,RETRY_ALL,RETRY_ALL,149.09996993142286,25.0,124.09996993142286,124.09996993142286,0.0,PASS
RECLAIM-V2-004735,RETRY_ALL,RETRY_ALL,196.1075067367952,25.0,171.10750673679516,171.1075067367952,2.842170943040401e-14,PASS
RECLAIM-V2-004736,RETRY_ALL,RETRY_ALL,0.0,25.0,-25.0,-25.0,0.0,PASS
RECLAIM-V2-004737,RETRY_ALL,RETRY_ALL,82.54862653231245,25.0,57.54862653231245,57.548626532312454,7.105427357601002e-15,PASS
RECLAIM-V2-004738,RETRY_ALL,RETRY_ALL,124.9714419207075,25.0,99.9714419207075,99.9714419207075,0.0,PASS
RECLAIM-V2-004739,RETRY_ALL,RETRY_ALL,0.0,25.0,-25.0,-25.0,0.0,PASS
RECLAIM-V2-004740,RETRY_ALL,RETRY_ALL,388.5083105023491,25.0,363.5083105023491,363.5083105023491,0.0,PASS
RECLAIM-V2-004741,RETRY_ALL,RETRY_ALL,0.0,25.0,-25.0,-25.0,0.0,PASS
RECLAIM-V2-004742,RETRY_ALL,RETRY_ALL,0.0,25.0,-25.0,-25.0,0.0,PASS
RECLAIM-V2-004743,RETRY_ALL,RETRY_ALL,0.0,25.0,-25.0,-25.0,0.0,PASS
RECLAIM-V2-004744,RETRY_ALL,RETRY_ALL,0.0,25.0,-25.0,-25.0,0.0,PASS
RECLAIM-V2-004745,RETRY_ALL,RETRY_ALL,0.0,25.0,-25.0,-25.0,0.0,PASS
RECLAIM-V2-004746,RETRY_ALL,RETRY_ALL,67.73632087564366,25.0,42.736320875643656,42.736320875643656,0.0,PASS
RECLAIM-V2-004747,RETRY_ALL,RETRY_ALL,92.15940879185985,25.0,67.15940879185985,67.15940879185985,0.0,PASS
RECLAIM-V2-004748,RETRY_ALL,RETRY_ALL,185.38432895789384,25.0,160.38432895789384,160.38432895789384,0.0,PASS
RECLAIM-V2-004749,TARGET,MONITOR,393.8353269054659,10.0,383.8353269054659,383.8353269054659,0.0,PASS
RECLAIM-V2-004750,RETRY_ALL,RETRY_ALL,177.8294498852565,25.0,152.8294498852565,152.8294498852565,0.0,PASS
RECLAIM-V2-004751,RETRY_ALL,RETRY_ALL,0.0,25.0,-25.0,-25.0,0.0,PASS
RECLAIM-V2-004752,RETRY_ALL,RETRY_ALL,0.0,25.0,-25.0,-25.0,0.0,PASS
RECLAIM-V2-004753,RETRY_ALL,RETRY_ALL,0.0,25.0,-25.0,-25.0,0.0,PASS
RECLAIM-V2-004754,RETRY_ALL,RETRY_ALL,0.0,25.0,-25.0,-25.0,0.0,PASS
RECLAIM-V2-004755,RETRY_ALL,RETRY_ALL,64.04109171073635,25.0,39.04109171073635,39.04109171073635,0.0,PASS
RECLAIM-V2-004756,RETRY_ALL,RETRY_ALL,0.0,25.0,-25.0,-25.0,0.0,PASS
RECLAIM-V2-004757,RETRY_ALL,RETRY_ALL,201.4480346034265,25.0,176.44803460342652,176.4480346034265,-2.842170943040401e-14,PASS
RECLAIM-V2-004758,RETRY_ALL,RETRY_ALL,125.09272276425916,25.0,100.09272276425916,100.09272276425916,0.0,PASS
RECLAIM-V2-004759,RETRY_ALL,RETRY_ALL,0.0,25.0,-25.0,-25.0,0.0,PASS
RECLAIM-V2-004760,RETRY_ALL,RETRY_ALL,267.5127366175302,25.0,242.5127366175302,242.5127366175302,0.0,PASS
RECLAIM-V2-004761,RETRY_ALL,RETRY_ALL,129.6364782068796,25.0,104.6364782068796,104.63647820687959,-1.4210854715202004e-14,PASS
RECLAIM-V2-004762,TARGET,HIGH_INTENSITY,647.6589225622494,120.0,527.6589225622494,527.6589225622494,0.0,PASS
RECLAIM-V2-004763,RETRY_ALL,RETRY_ALL,0.0,25.0,-25.0,-25.0,0.0,PASS
RECLAIM-V2-004764,RETRY_ALL,RETRY_ALL,0.0,25.0,-25.0,-25.0,0.0,PASS
RECLAIM-V2-004765,RETRY_ALL,RETRY_ALL,0.0,25.0,-25.0,-25.0,0.0,PASS
RECLAIM-V2-004766,RETRY_ALL,RETRY_ALL,66.56669499347205,25.0,41.566694993472055,41.566694993472055,0.0,PASS
RECLAIM-V2-004767,TARGET,LOW_INTENSITY,431.2644045336096,45.0,386.2644045336096,386.2644045336096,0.0,PASS
RECLAIM-V2-004768,RETRY_ALL,RETRY_ALL,50.4754073768994,25.0,25.4754073768994,25.475407376899398,-3.552713678800501e-15,PASS
RECLAIM-V2-004769,RETRY_ALL,RETRY_ALL,0.0,25.0,-25.0,-25.0,0.0,PASS
RECLAIM-V2-004770,RETRY_ALL,RETRY_ALL,0.0,25.0,-25.0,-25.0,0.0,PASS
RECLAIM-V2-004771,RETRY_ALL,RETRY_ALL,0.0,25.0,-25.0,-25.0,0.0,PASS
RECLAIM-V2-004772,RETRY_ALL,RETRY_ALL,309.1322079223306,25.0,284.1322079223306,284.1322079223306,0.0,PASS
RECLAIM-V2-004773,RETRY_ALL,RETRY_ALL,0.0,25.0,-25.0,-25.0,0.0,PASS
RECLAIM-V2-004774,RETRY_ALL,RETRY_ALL,0.0,25.0,-25.0,-25.0,0.0,PASS
RECLAIM-V2-004775,RETRY_ALL,RETRY_ALL,0.0,25.0,-25.0,-25.0,0.0,PASS
RECLAIM-V2-004776,TARGET,STANDARD_TARGET,492.3180155607666,80.0,412.3180155607666,412.3180155607666,0.0,PASS
RECLAIM-V2-004777,RETRY_ALL,RETRY_ALL,353.9903490066231,25.0,328.9903490066231,328.9903490066231,0.0,PASS
RECLAIM-V2-004778,RETRY_ALL,RETRY_ALL,147.60027047424015,25.0,122.60027047424016,122.60027047424015,-1.4210854715202004e-14,PASS
RECLAIM-V2-004779,RETRY_ALL,RETRY_ALL,0.0,25.0,-25.0,-25.0,0.0,PASS
RECLAIM-V2-004780,RETRY_ALL,RETRY_ALL,377.3367800338945,25.0,352.3367800338945,352.3367800338945,0.0,PASS
RECLAIM-V2-004781,RETRY_ALL,RETRY_ALL,248.08911948347816,25.0,223.08911948347816,223.08911948347816,0.0,PASS
RECLAIM-V2-004782,RETRY_ALL,RETRY_ALL,271.98468749667825,25.0,246.98468749667825,246.98468749667825,0.0,PASS
RECLAIM-V2-004783,RETRY_ALL,RETRY_ALL,0.0,25.0,-25.0,-25.0,0.0,PASS
RECLAIM-V2-004784,RETRY_ALL,RETRY_ALL,0.0,25.0,-25.0,-25.0,0.0,PASS
RECLAIM-V2-004785,RETRY_ALL,RETRY_ALL,210.4818315666685,25.0,185.4818315666685,185.4818315666685,0.0,PASS
RECLAIM-V2-004786,TARGET,HIGH_INTENSITY,600.0113114552659,120.0,480.01131145526585,480.01131145526585,0.0,PASS
RECLAIM-V2-004787,RETRY_ALL,RETRY_ALL,0.0,25.0,-25.0,-25.0,0.0,PASS
RECLAIM-V2-004788,RETRY_ALL,RETRY_ALL,0.0,25.0,-25.0,-25.0,0.0,PASS
RECLAIM-V2-004789,RETRY_ALL,RETRY_ALL,0.0,25.0,-25.0,-25.0,0.0,PASS
RECLAIM-V2-004790,RETRY_ALL,RETRY_ALL,271.8127562225907,25.0,246.81275622259068,246.81275622259068,0.0,PASS
RECLAIM-V2-004791,RETRY_ALL,RETRY_ALL,44.05745622430485,25.0,19.05745622430485,19.05745622430485,0.0,PASS
RECLAIM-V2-004792,TARGET,LOW_INTENSITY,450.9675586992528,45.0,405.9675586992528,405.9675586992528,0.0,PASS
RECLAIM-V2-004793,RETRY_ALL,RETRY_ALL,0.0,25.0,-25.0,-25.0,0.0,PASS
RECLAIM-V2-004794,RETRY_ALL,RETRY_ALL,14.9899329139302,25.0,-10.0100670860698,-10.0100670860698,0.0,PASS
RECLAIM-V2-004795,RETRY_ALL,RETRY_ALL,0.0,25.0,-25.0,-25.0,0.0,PASS
RECLAIM-V2-004796,RETRY_ALL,RETRY_ALL,313.66792935047084,25.0,288.66792935047084,288.66792935047084,0.0,PASS
RECLAIM-V2-004797,RETRY_ALL,RETRY_ALL,0.0,25.0,-25.0,-25.0,0.0,PASS
RECLAIM-V2-004798,RETRY_ALL,RETRY_ALL,193.70026460701487,25.0,168.70026460701487,168.70026460701487,0.0,PASS
RECLAIM-V2-004799,RETRY_ALL,RETRY_ALL,0.0,25.0,-25.0,-25.0,0.0,PASS
RECLAIM-V2-004800,RETRY_ALL,RETRY_ALL,154.75282033077167,25.0,129.75282033077167,129.75282033077167,0.0,PASS
RECLAIM-V2-004801,RETRY_ALL,RETRY_ALL,0.0,25.0,-25.0,-25.0,0.0,PASS
RECLAIM-V2-004802,RETRY_ALL,RETRY_ALL,279.0635102307712,25.0,254.0635102307712,254.06351023077121,2.842170943040401e-14,PASS
RECLAIM-V2-004803,RETRY_ALL,RETRY_ALL,0.0,25.0,-25.0,-25.0,0.0,PASS
RECLAIM-V2-004804,RETRY_ALL,RETRY_ALL,0.0,25.0,-25.0,-25.0,0.0,PASS
RECLAIM-V2-004805,RETRY_ALL,RETRY_ALL,139.80662880327586,25.0,114.80662880327586,114.80662880327586,0.0,PASS
RECLAIM-V2-004806,RETRY_ALL,RETRY_ALL,113.0831106583419,25.0,88.0831106583419,88.0831106583419,0.0,PASS
RECLAIM-V2-004807,RETRY_ALL,RETRY_ALL,0.0,25.0,-25.0,-25.0,0.0,PASS
RECLAIM-V2-004808,RETRY_ALL,RETRY_ALL,5.3877073365786,25.0,-19.6122926634214,-19.6122926634214,0.0,PASS
RECLAIM-V2-004809,RETRY_ALL,RETRY_ALL,363.1736903883879,25.0,338.1736903883879,338.1736903883879,0.0,PASS
RECLAIM-V2-004810,RETRY_ALL,RETRY_ALL,0.0,25.0,-25.0,-25.0,0.0,PASS
RECLAIM-V2-004811,RETRY_ALL,RETRY_ALL,32.80467794218425,25.0,7.804677942184249,7.804677942184249,0.0,PASS
RECLAIM-V2-004812,RETRY_ALL,RETRY_ALL,82.5012749998056,25.0,57.5012749998056,57.5012749998056,0.0,PASS
RECLAIM-V2-004813,RETRY_ALL,RETRY_ALL,220.7039054982216,25.0,195.7039054982216,195.7039054982216,0.0,PASS
RECLAIM-V2-004814,RETRY_ALL,RETRY_ALL,0.0,25.0,-25.0,-25.0,0.0,PASS
RECLAIM-V2-004815,RETRY_ALL,RETRY_ALL,0.0,25.0,-25.0,-25.0,0.0,PASS
RECLAIM-V2-004816,RETRY_ALL,RETRY_ALL,0.0,25.0,-25.0,-25.0,0.0,PASS
RECLAIM-V2-004817,RETRY_ALL,RETRY_ALL,0.0,25.0,-25.0,-25.0,0.0,PASS
RECLAIM-V2-004818,RETRY_ALL,RETRY_ALL,377.71161678647246,25.0,352.71161678647246,352.71161678647246,0.0,PASS
RECLAIM-V2-004819,RETRY_ALL,RETRY_ALL,191.57953981792605,25.0,166.57953981792605,166.57953981792605,0.0,PASS
RECLAIM-V2-004820,RETRY_ALL,RETRY_ALL,336.57056473377435,25.0,311.57056473377435,311.57056473377435,0.0,PASS
RECLAIM-V2-004821,RETRY_ALL,RETRY_ALL,125.97509560388475,25.0,100.97509560388475,100.97509560388475,0.0,PASS
RECLAIM-V2-004822,RETRY_ALL,RETRY_ALL,0.0,25.0,-25.0,-25.0,0.0,PASS
RECLAIM-V2-004823,RETRY_ALL,RETRY_ALL,95.97237651772215,25.0,70.97237651772215,70.97237651772215,0.0,PASS
RECLAIM-V2-004824,RETRY_ALL,RETRY_ALL,57.0045472204143,25.0,32.0045472204143,32.0045472204143,0.0,PASS
RECLAIM-V2-004825,RETRY_ALL,RETRY_ALL,249.82684312997657,25.0,224.82684312997657,224.82684312997657,0.0,PASS
RECLAIM-V2-004826,RETRY_ALL,RETRY_ALL,0.0,25.0,-25.0,-25.0,0.0,PASS
RECLAIM-V2-004827,TARGET,HIGH_INTENSITY,560.348208991111,120.0,440.3482089911111,440.34820899111105,-5.684341886080802e-14,PASS
RECLAIM-V2-004828,RETRY_ALL,RETRY_ALL,0.0,25.0,-25.0,-25.0,0.0,PASS
RECLAIM-V2-004829,RETRY_ALL,RETRY_ALL,0.0,25.0,-25.0,-25.0,0.0,PASS
RECLAIM-V2-004830,RETRY_ALL,RETRY_ALL,251.42433386847267,25.0,226.42433386847267,226.42433386847267,0.0,PASS
RECLAIM-V2-004831,RETRY_ALL,RETRY_ALL,216.68171101684348,25.0,191.68171101684348,191.68171101684348,0.0,PASS
RECLAIM-V2-004832,RETRY_ALL,RETRY_ALL,0.0,25.0,-25.0,-25.0,0.0,PASS
RECLAIM-V2-004833,RETRY_ALL,RETRY_ALL,278.6831572726535,25.0,253.6831572726535,253.6831572726535,0.0,PASS
RECLAIM-V2-004834,TARGET,MONITOR,404.6930153905317,10.0,394.6930153905317,394.6930153905317,0.0,PASS
RECLAIM-V2-004835,RETRY_ALL,RETRY_ALL,0.0,25.0,-25.0,-25.0,0.0,PASS
RECLAIM-V2-004836,RETRY_ALL,RETRY_ALL,151.5781793765529,25.0,126.5781793765529,126.5781793765529,0.0,PASS
RECLAIM-V2-004837,RETRY_ALL,RETRY_ALL,0.0,25.0,-25.0,-25.0,0.0,PASS
RECLAIM-V2-004838,RETRY_ALL,RETRY_ALL,352.0911008574414,25.0,327.0911008574414,327.0911008574414,0.0,PASS
RECLAIM-V2-004839,RETRY_ALL,RETRY_ALL,12.51551804836065,25.0,-12.48448195163935,-12.48448195163935,0.0,PASS
RECLAIM-V2-004840,RETRY_ALL,RETRY_ALL,0.0,25.0,-25.0,-25.0,0.0,PASS
RECLAIM-V2-004841,RETRY_ALL,RETRY_ALL,219.6568547226477,25.0,194.6568547226477,194.6568547226477,0.0,PASS
RECLAIM-V2-004842,RETRY_ALL,RETRY_ALL,85.8979979493243,25.0,60.89799794932431,60.897997949324306,-7.105427357601002e-15,PASS
RECLAIM-V2-004843,RETRY_ALL,RETRY_ALL,0.0,25.0,-25.0,-25.0,0.0,PASS
RECLAIM-V2-004844,RETRY_ALL,RETRY_ALL,0.0,25.0,-25.0,-25.0,0.0,PASS
RECLAIM-V2-004845,RETRY_ALL,RETRY_ALL,0.0,25.0,-25.0,-25.0,0.0,PASS
RECLAIM-V2-004846,RETRY_ALL,RETRY_ALL,0.0,25.0,-25.0,-25.0,0.0,PASS
RECLAIM-V2-004847,RETRY_ALL,RETRY_ALL,0.0,25.0,-25.0,-25.0,0.0,PASS
RECLAIM-V2-004848,RETRY_ALL,RETRY_ALL,11.46344338445415,25.0,-13.53655661554585,-13.53655661554585,0.0,PASS
RECLAIM-V2-004849,RETRY_ALL,RETRY_ALL,256.14428865431057,25.0,231.14428865431057,231.14428865431057,0.0,PASS
RECLAIM-V2-004850,RETRY_ALL,RETRY_ALL,0.0,25.0,-25.0,-25.0,0.0,PASS
RECLAIM-V2-004851,RETRY_ALL,RETRY_ALL,0.0,25.0,-25.0,-25.0,0.0,PASS
RECLAIM-V2-004852,RETRY_ALL,RETRY_ALL,0.0,25.0,-25.0,-25.0,0.0,PASS
RECLAIM-V2-004853,RETRY_ALL,RETRY_ALL,297.4439926986306,25.0,272.4439926986306,272.4439926986306,0.0,PASS
RECLAIM-V2-004854,RETRY_ALL,RETRY_ALL,117.34804280194363,25.0,92.34804280194363,92.34804280194363,0.0,PASS
RECLAIM-V2-004855,RETRY_ALL,RETRY_ALL,313.1487606940866,25.0,288.1487606940866,288.1487606940866,0.0,PASS
RECLAIM-V2-004856,RETRY_ALL,RETRY_ALL,0.0,25.0,-25.0,-25.0,0.0,PASS
RECLAIM-V2-004857,RETRY_ALL,RETRY_ALL,65.64060745082415,25.0,40.64060745082415,40.64060745082415,0.0,PASS
RECLAIM-V2-004858,RETRY_ALL,RETRY_ALL,0.0,25.0,-25.0,-25.0,0.0,PASS
RECLAIM-V2-004859,RETRY_ALL,RETRY_ALL,0.0,25.0,-25.0,-25.0,0.0,PASS
RECLAIM-V2-004860,RETRY_ALL,RETRY_ALL,269.6486866855905,25.0,244.6486866855905,244.64868668559052,2.842170943040401e-14,PASS
RECLAIM-V2-004861,RETRY_ALL,RETRY_ALL,0.0,25.0,-25.0,-25.0,0.0,PASS
RECLAIM-V2-004862,RETRY_ALL,RETRY_ALL,19.594805960404948,25.0,-5.405194039595052,-5.405194039595052,0.0,PASS
RECLAIM-V2-004863,RETRY_ALL,RETRY_ALL,0.0,25.0,-25.0,-25.0,0.0,PASS
RECLAIM-V2-004864,TARGET,MONITOR,394.8183034254456,10.0,384.8183034254456,384.8183034254456,0.0,PASS
RECLAIM-V2-004865,RETRY_ALL,RETRY_ALL,0.0,25.0,-25.0,-25.0,0.0,PASS
RECLAIM-V2-004866,RETRY_ALL,RETRY_ALL,0.0,25.0,-25.0,-25.0,0.0,PASS
RECLAIM-V2-004867,RETRY_ALL,RETRY_ALL,0.0,25.0,-25.0,-25.0,0.0,PASS
RECLAIM-V2-004868,RETRY_ALL,RETRY_ALL,0.0,25.0,-25.0,-25.0,0.0,PASS
RECLAIM-V2-004869,RETRY_ALL,RETRY_ALL,0.0,25.0,-25.0,-25.0,0.0,PASS
RECLAIM-V2-004870,RETRY_ALL,RETRY_ALL,0.0,25.0,-25.0,-25.0,0.0,PASS
RECLAIM-V2-004871,RETRY_ALL,RETRY_ALL,21.2868429996444,25.0,-3.7131570003556007,-3.7131570003556007,0.0,PASS
RECLAIM-V2-004872,RETRY_ALL,RETRY_ALL,211.3007148467445,25.0,186.3007148467445,186.3007148467445,0.0,PASS
RECLAIM-V2-004873,RETRY_ALL,RETRY_ALL,17.6371257361995,25.0,-7.362874263800499,-7.362874263800499,0.0,PASS
RECLAIM-V2-004874,RETRY_ALL,RETRY_ALL,0.0,25.0,-25.0,-25.0,0.0,PASS
RECLAIM-V2-004875,RETRY_ALL,RETRY_ALL,0.0,25.0,-25.0,-25.0,0.0,PASS
RECLAIM-V2-004876,RETRY_ALL,RETRY_ALL,187.452610685616,25.0,162.452610685616,162.452610685616,0.0,PASS
RECLAIM-V2-004877,RETRY_ALL,RETRY_ALL,0.0,25.0,-25.0,-25.0,0.0,PASS
RECLAIM-V2-004878,RETRY_ALL,RETRY_ALL,0.0,25.0,-25.0,-25.0,0.0,PASS
RECLAIM-V2-004879,RETRY_ALL,RETRY_ALL,0.0,25.0,-25.0,-25.0,0.0,PASS
RECLAIM-V2-004880,RETRY_ALL,RETRY_ALL,260.0598776650749,25.0,235.0598776650749,235.0598776650749,0.0,PASS
RECLAIM-V2-004881,RETRY_ALL,RETRY_ALL,0.0,25.0,-25.0,-25.0,0.0,PASS
RECLAIM-V2-004882,RETRY_ALL,RETRY_ALL,0.0,25.0,-25.0,-25.0,0.0,PASS
RECLAIM-V2-004883,RETRY_ALL,RETRY_ALL,53.35370340491835,25.0,28.35370340491835,28.35370340491835,0.0,PASS
RECLAIM-V2-004884,RETRY_ALL,RETRY_ALL,49.8442290098619,25.0,24.8442290098619,24.8442290098619,0.0,PASS
RECLAIM-V2-004885,RETRY_ALL,RETRY_ALL,200.4207031031532,25.0,175.4207031031532,175.4207031031532,0.0,PASS
RECLAIM-V2-004886,RETRY_ALL,RETRY_ALL,77.57035290682485,25.0,52.57035290682485,52.57035290682485,0.0,PASS
RECLAIM-V2-004887,RETRY_ALL,RETRY_ALL,0.0,25.0,-25.0,-25.0,0.0,PASS
RECLAIM-V2-004888,RETRY_ALL,RETRY_ALL,0.0,25.0,-25.0,-25.0,0.0,PASS
RECLAIM-V2-004889,RETRY_ALL,RETRY_ALL,180.85280322863383,25.0,155.85280322863383,155.85280322863383,0.0,PASS
RECLAIM-V2-004890,RETRY_ALL,RETRY_ALL,0.0,25.0,-25.0,-25.0,0.0,PASS
RECLAIM-V2-004891,RETRY_ALL,RETRY_ALL,244.7928706583043,25.0,219.7928706583043,219.7928706583043,0.0,PASS
RECLAIM-V2-004892,RETRY_ALL,RETRY_ALL,134.416751109186,25.0,109.416751109186,109.41675110918601,1.4210854715202004e-14,PASS
RECLAIM-V2-004893,RETRY_ALL,RETRY_ALL,0.0,25.0,-25.0,-25.0,0.0,PASS
RECLAIM-V2-004894,RETRY_ALL,RETRY_ALL,196.794294060759,25.0,171.794294060759,171.794294060759,0.0,PASS
RECLAIM-V2-004895,RETRY_ALL,RETRY_ALL,0.0,25.0,-25.0,-25.0,0.0,PASS
RECLAIM-V2-004896,RETRY_ALL,RETRY_ALL,22.6937129951157,25.0,-2.3062870048843003,-2.3062870048843003,0.0,PASS
RECLAIM-V2-004897,RETRY_ALL,RETRY_ALL,222.930596093943,25.0,197.930596093943,197.930596093943,0.0,PASS
RECLAIM-V2-004898,RETRY_ALL,RETRY_ALL,0.0,25.0,-25.0,-25.0,0.0,PASS
RECLAIM-V2-004899,RETRY_ALL,RETRY_ALL,0.0,25.0,-25.0,-25.0,0.0,PASS
RECLAIM-V2-004900,RETRY_ALL,RETRY_ALL,0.0,25.0,-25.0,-25.0,0.0,PASS
RECLAIM-V2-004901,RETRY_ALL,RETRY_ALL,0.0,25.0,-25.0,-25.0,0.0,PASS
RECLAIM-V2-004902,RETRY_ALL,RETRY_ALL,0.0,25.0,-25.0,-25.0,0.0,PASS
RECLAIM-V2-004903,RETRY_ALL,RETRY_ALL,0.0,25.0,-25.0,-25.0,0.0,PASS
RECLAIM-V2-004904,RETRY_ALL,RETRY_ALL,0.0,25.0,-25.0,-25.0,0.0,PASS
RECLAIM-V2-004905,RETRY_ALL,RETRY_ALL,382.57599813794894,25.0,357.57599813794894,357.57599813794894,0.0,PASS
RECLAIM-V2-004906,RETRY_ALL,RETRY_ALL,0.0,25.0,-25.0,-25.0,0.0,PASS
RECLAIM-V2-004907,RETRY_ALL,RETRY_ALL,0.0,25.0,-25.0,-25.0,0.0,PASS
RECLAIM-V2-004908,RETRY_ALL,RETRY_ALL,308.5027842803293,25.0,283.5027842803293,283.5027842803293,0.0,PASS
RECLAIM-V2-004909,RETRY_ALL,RETRY_ALL,0.0,25.0,-25.0,-25.0,0.0,PASS
RECLAIM-V2-004910,RETRY_ALL,RETRY_ALL,0.0,25.0,-25.0,-25.0,0.0,PASS
RECLAIM-V2-004911,RETRY_ALL,RETRY_ALL,49.0072252217577,25.0,24.0072252217577,24.0072252217577,0.0,PASS
RECLAIM-V2-004912,RETRY_ALL,RETRY_ALL,0.0,25.0,-25.0,-25.0,0.0,PASS
RECLAIM-V2-004913,RETRY_ALL,RETRY_ALL,0.0,25.0,-25.0,-25.0,0.0,PASS
RECLAIM-V2-004914,RETRY_ALL,RETRY_ALL,226.7792101530327,25.0,201.7792101530327,201.7792101530327,0.0,PASS
RECLAIM-V2-004915,RETRY_ALL,RETRY_ALL,91.3565246202654,25.0,66.3565246202654,66.3565246202654,0.0,PASS
RECLAIM-V2-004916,RETRY_ALL,RETRY_ALL,0.0,25.0,-25.0,-25.0,0.0,PASS
RECLAIM-V2-004917,RETRY_ALL,RETRY_ALL,0.0,25.0,-25.0,-25.0,0.0,PASS
RECLAIM-V2-004918,RETRY_ALL,RETRY_ALL,44.345278989200246,25.0,19.34527898920025,19.345278989200246,-3.552713678800501e-15,PASS
RECLAIM-V2-004919,RETRY_ALL,RETRY_ALL,52.1938341462228,25.0,27.1938341462228,27.193834146222798,-3.552713678800501e-15,PASS
RECLAIM-V2-004920,RETRY_ALL,RETRY_ALL,121.93400004051884,25.0,96.93400004051884,96.93400004051884,0.0,PASS
RECLAIM-V2-004921,RETRY_ALL,RETRY_ALL,127.11535237924244,25.0,102.11535237924244,102.11535237924244,0.0,PASS
RECLAIM-V2-004922,RETRY_ALL,RETRY_ALL,0.0,25.0,-25.0,-25.0,0.0,PASS
RECLAIM-V2-004923,TARGET,STANDARD_TARGET,492.35994477000287,80.0,412.35994477000287,412.35994477000287,0.0,PASS
RECLAIM-V2-004924,RETRY_ALL,RETRY_ALL,0.0,25.0,-25.0,-25.0,0.0,PASS
RECLAIM-V2-004925,RETRY_ALL,RETRY_ALL,154.31638758420044,25.0,129.31638758420044,129.31638758420044,0.0,PASS
RECLAIM-V2-004926,RETRY_ALL,RETRY_ALL,0.0,25.0,-25.0,-25.0,0.0,PASS
RECLAIM-V2-004927,RETRY_ALL,RETRY_ALL,0.0,25.0,-25.0,-25.0,0.0,PASS
RECLAIM-V2-004928,RETRY_ALL,RETRY_ALL,0.0,25.0,-25.0,-25.0,0.0,PASS
RECLAIM-V2-004929,RETRY_ALL,RETRY_ALL,0.0,25.0,-25.0,-25.0,0.0,PASS
RECLAIM-V2-004930,RETRY_ALL,RETRY_ALL,0.0,25.0,-25.0,-25.0,0.0,PASS
RECLAIM-V2-004931,RETRY_ALL,RETRY_ALL,0.0,25.0,-25.0,-25.0,0.0,PASS
RECLAIM-V2-004932,RETRY_ALL,RETRY_ALL,212.27957402145287,25.0,187.27957402145287,187.27957402145287,0.0,PASS
RECLAIM-V2-004933,RETRY_ALL,RETRY_ALL,329.93322943764724,25.0,304.93322943764724,304.93322943764724,0.0,PASS
RECLAIM-V2-004934,RETRY_ALL,RETRY_ALL,125.6575872196629,25.0,100.6575872196629,100.6575872196629,0.0,PASS
RECLAIM-V2-004935,RETRY_ALL,RETRY_ALL,54.42776901542474,25.0,29.427769015424737,29.427769015424737,0.0,PASS
RECLAIM-V2-004936,RETRY_ALL,RETRY_ALL,243.58124985137533,25.0,218.58124985137533,218.58124985137533,0.0,PASS
RECLAIM-V2-004937,RETRY_ALL,RETRY_ALL,0.0,25.0,-25.0,-25.0,0.0,PASS
RECLAIM-V2-004938,RETRY_ALL,RETRY_ALL,0.0,25.0,-25.0,-25.0,0.0,PASS
RECLAIM-V2-004939,RETRY_ALL,RETRY_ALL,0.0,25.0,-25.0,-25.0,0.0,PASS
RECLAIM-V2-004940,RETRY_ALL,RETRY_ALL,358.18451173084395,25.0,333.18451173084395,333.18451173084395,0.0,PASS
RECLAIM-V2-004941,RETRY_ALL,RETRY_ALL,0.0,25.0,-25.0,-25.0,0.0,PASS
RECLAIM-V2-004942,RETRY_ALL,RETRY_ALL,234.11603520085453,25.0,209.11603520085453,209.11603520085453,0.0,PASS
RECLAIM-V2-004943,RETRY_ALL,RETRY_ALL,180.5912863392435,25.0,155.5912863392435,155.5912863392435,0.0,PASS
RECLAIM-V2-004944,RETRY_ALL,RETRY_ALL,0.0,25.0,-25.0,-25.0,0.0,PASS
RECLAIM-V2-004945,RETRY_ALL,RETRY_ALL,168.417470073501,25.0,143.417470073501,143.417470073501,0.0,PASS
RECLAIM-V2-004946,RETRY_ALL,RETRY_ALL,372.0411880700957,25.0,347.0411880700957,347.0411880700957,0.0,PASS
RECLAIM-V2-004947,RETRY_ALL,RETRY_ALL,0.0,25.0,-25.0,-25.0,0.0,PASS
RECLAIM-V2-004948,RETRY_ALL,RETRY_ALL,308.8494215101319,25.0,283.8494215101319,283.8494215101319,0.0,PASS
RECLAIM-V2-004949,RETRY_ALL,RETRY_ALL,0.0,25.0,-25.0,-25.0,0.0,PASS
RECLAIM-V2-004950,RETRY_ALL,RETRY_ALL,0.0,25.0,-25.0,-25.0,0.0,PASS
RECLAIM-V2-004951,RETRY_ALL,RETRY_ALL,0.0,25.0,-25.0,-25.0,0.0,PASS
RECLAIM-V2-004952,RETRY_ALL,RETRY_ALL,0.0,25.0,-25.0,-25.0,0.0,PASS
RECLAIM-V2-004953,RETRY_ALL,RETRY_ALL,0.0,25.0,-25.0,-25.0,0.0,PASS
RECLAIM-V2-004954,RETRY_ALL,RETRY_ALL,0.0,25.0,-25.0,-25.0,0.0,PASS
RECLAIM-V2-004955,RETRY_ALL,RETRY_ALL,0.0,25.0,-25.0,-25.0,0.0,PASS
RECLAIM-V2-004956,RETRY_ALL,RETRY_ALL,0.0,25.0,-25.0,-25.0,0.0,PASS
RECLAIM-V2-004957,TARGET,LOW_INTENSITY,449.1729100768317,45.0,404.1729100768317,404.1729100768317,0.0,PASS
RECLAIM-V2-004958,RETRY_ALL,RETRY_ALL,217.94160518953228,25.0,192.94160518953228,192.94160518953228,0.0,PASS
RECLAIM-V2-004959,RETRY_ALL,RETRY_ALL,0.0,25.0,-25.0,-25.0,0.0,PASS
RECLAIM-V2-004960,RETRY_ALL,RETRY_ALL,296.8041859793951,25.0,271.8041859793951,271.8041859793951,0.0,PASS
RECLAIM-V2-004961,RETRY_ALL,RETRY_ALL,362.9779772997168,25.0,337.9779772997168,337.9779772997168,0.0,PASS
RECLAIM-V2-004962,TARGET,LOW_INTENSITY,464.5834448487759,45.0,419.5834448487759,419.5834448487759,0.0,PASS
RECLAIM-V2-004963,RETRY_ALL,RETRY_ALL,39.4509169227648,25.0,14.450916922764796,14.450916922764797,1.7763568394002505e-15,PASS
RECLAIM-V2-004964,RETRY_ALL,RETRY_ALL,289.6396087487994,25.0,264.6396087487994,264.6396087487994,0.0,PASS
RECLAIM-V2-004965,RETRY_ALL,RETRY_ALL,0.0,25.0,-25.0,-25.0,0.0,PASS
RECLAIM-V2-004966,RETRY_ALL,RETRY_ALL,0.0,25.0,-25.0,-25.0,0.0,PASS
RECLAIM-V2-004967,RETRY_ALL,RETRY_ALL,0.0,25.0,-25.0,-25.0,0.0,PASS
RECLAIM-V2-004968,RETRY_ALL,RETRY_ALL,152.3373923234337,25.0,127.3373923234337,127.3373923234337,0.0,PASS
RECLAIM-V2-004969,RETRY_ALL,RETRY_ALL,0.0,25.0,-25.0,-25.0,0.0,PASS
RECLAIM-V2-004970,RETRY_ALL,RETRY_ALL,0.0,25.0,-25.0,-25.0,0.0,PASS
RECLAIM-V2-004971,RETRY_ALL,RETRY_ALL,0.0,25.0,-25.0,-25.0,0.0,PASS
RECLAIM-V2-004972,RETRY_ALL,RETRY_ALL,0.0,25.0,-25.0,-25.0,0.0,PASS
RECLAIM-V2-004973,RETRY_ALL,RETRY_ALL,0.0,25.0,-25.0,-25.0,0.0,PASS
RECLAIM-V2-004974,RETRY_ALL,RETRY_ALL,0.0,25.0,-25.0,-25.0,0.0,PASS
RECLAIM-V2-004975,RETRY_ALL,RETRY_ALL,0.0,25.0,-25.0,-25.0,0.0,PASS
RECLAIM-V2-004976,RETRY_ALL,RETRY_ALL,0.0,25.0,-25.0,-25.0,0.0,PASS
RECLAIM-V2-004977,RETRY_ALL,RETRY_ALL,0.0,25.0,-25.0,-25.0,0.0,PASS
RECLAIM-V2-004978,RETRY_ALL,RETRY_ALL,219.99359089040672,25.0,194.99359089040672,194.99359089040672,0.0,PASS
RECLAIM-V2-004979,RETRY_ALL,RETRY_ALL,0.0,25.0,-25.0,-25.0,0.0,PASS
RECLAIM-V2-004980,RETRY_ALL,RETRY_ALL,61.6501941303129,25.0,36.6501941303129,36.6501941303129,0.0,PASS
RECLAIM-V2-004981,RETRY_ALL,RETRY_ALL,197.189933798139,25.0,172.189933798139,172.189933798139,0.0,PASS
RECLAIM-V2-004982,RETRY_ALL,RETRY_ALL,126.00668871849616,25.0,101.00668871849616,101.00668871849616,0.0,PASS
RECLAIM-V2-004983,RETRY_ALL,RETRY_ALL,229.9831035086319,25.0,204.9831035086319,204.9831035086319,0.0,PASS
RECLAIM-V2-004984,RETRY_ALL,RETRY_ALL,0.0,25.0,-25.0,-25.0,0.0,PASS
RECLAIM-V2-004985,RETRY_ALL,RETRY_ALL,0.0,25.0,-25.0,-25.0,0.0,PASS
RECLAIM-V2-004986,RETRY_ALL,RETRY_ALL,0.0,25.0,-25.0,-25.0,0.0,PASS
RECLAIM-V2-004987,RETRY_ALL,RETRY_ALL,0.0,25.0,-25.0,-25.0,0.0,PASS
RECLAIM-V2-004988,RETRY_ALL,RETRY_ALL,77.3558048039712,25.0,52.3558048039712,52.355804803971196,-7.105427357601002e-15,PASS
RECLAIM-V2-004989,RETRY_ALL,RETRY_ALL,0.0,25.0,-25.0,-25.0,0.0,PASS
RECLAIM-V2-004990,RETRY_ALL,RETRY_ALL,43.6510621945257,25.0,18.6510621945257,18.6510621945257,0.0,PASS
RECLAIM-V2-004991,RETRY_ALL,RETRY_ALL,0.0,25.0,-25.0,-25.0,0.0,PASS
RECLAIM-V2-004992,RETRY_ALL,RETRY_ALL,0.0,25.0,-25.0,-25.0,0.0,PASS
RECLAIM-V2-004993,RETRY_ALL,RETRY_ALL,0.0,25.0,-25.0,-25.0,0.0,PASS
RECLAIM-V2-004994,RETRY_ALL,RETRY_ALL,230.91664956759053,25.0,205.91664956759053,205.91664956759053,0.0,PASS
RECLAIM-V2-004995,RETRY_ALL,RETRY_ALL,0.0,25.0,-25.0,-25.0,0.0,PASS
RECLAIM-V2-004996,RETRY_ALL,RETRY_ALL,313.4541458939499,25.0,288.4541458939499,288.4541458939499,0.0,PASS
RECLAIM-V2-004997,RETRY_ALL,RETRY_ALL,0.0,25.0,-25.0,-25.0,0.0,PASS
RECLAIM-V2-004998,RETRY_ALL,RETRY_ALL,0.0,25.0,-25.0,-25.0,0.0,PASS
RECLAIM-V2-004999,RETRY_ALL,RETRY_ALL,104.89903217592916,25.0,79.89903217592916,79.89903217592916,0.0,PASS
RECLAIM-V2-005000,RETRY_ALL,RETRY_ALL,0.0,25.0,-25.0,-25.0,0.0,PASS
RECLAIM-V2-005001,RETRY_ALL,RETRY_ALL,0.0,25.0,-25.0,-25.0,0.0,PASS
RECLAIM-V2-005002,RETRY_ALL,RETRY_ALL,321.17867245431285,25.0,296.17867245431285,296.17867245431285,0.0,PASS
RECLAIM-V2-005003,RETRY_ALL,RETRY_ALL,0.0,25.0,-25.0,-25.0,0.0,PASS
RECLAIM-V2-005004,RETRY_ALL,RETRY_ALL,0.0,25.0,-25.0,-25.0,0.0,PASS
RECLAIM-V2-005005,RETRY_ALL,RETRY_ALL,76.56019411170526,25.0,51.56019411170526,51.56019411170526,0.0,PASS
RECLAIM-V2-005006,RETRY_ALL,RETRY_ALL,0.0,25.0,-25.0,-25.0,0.0,PASS
RECLAIM-V2-005007,RETRY_ALL,RETRY_ALL,312.8423032573944,25.0,287.8423032573944,287.8423032573944,0.0,PASS
RECLAIM-V2-005008,RETRY_ALL,RETRY_ALL,0.0,25.0,-25.0,-25.0,0.0,PASS
RECLAIM-V2-005009,RETRY_ALL,RETRY_ALL,0.0,25.0,-25.0,-25.0,0.0,PASS
RECLAIM-V2-005010,RETRY_ALL,RETRY_ALL,0.0,25.0,-25.0,-25.0,0.0,PASS
RECLAIM-V2-005011,RETRY_ALL,RETRY_ALL,0.0,25.0,-25.0,-25.0,0.0,PASS
RECLAIM-V2-005012,RETRY_ALL,RETRY_ALL,304.689571642166,25.0,279.689571642166,279.689571642166,0.0,PASS
RECLAIM-V2-005013,RETRY_ALL,RETRY_ALL,152.31667484416155,25.0,127.31667484416155,127.31667484416155,0.0,PASS
RECLAIM-V2-005014,RETRY_ALL,RETRY_ALL,31.63766739008655,25.0,6.637667390086548,6.637667390086548,0.0,PASS
RECLAIM-V2-005015,RETRY_ALL,RETRY_ALL,0.0,25.0,-25.0,-25.0,0.0,PASS
RECLAIM-V2-005016,RETRY_ALL,RETRY_ALL,0.0,25.0,-25.0,-25.0,0.0,PASS
RECLAIM-V2-005017,RETRY_ALL,RETRY_ALL,0.0,25.0,-25.0,-25.0,0.0,PASS
RECLAIM-V2-005018,RETRY_ALL,RETRY_ALL,0.0,25.0,-25.0,-25.0,0.0,PASS
RECLAIM-V2-005019,RETRY_ALL,RETRY_ALL,0.0,25.0,-25.0,-25.0,0.0,PASS
RECLAIM-V2-005020,RETRY_ALL,RETRY_ALL,31.9453797222876,25.0,6.945379722287601,6.945379722287601,0.0,PASS
RECLAIM-V2-005021,RETRY_ALL,RETRY_ALL,0.0,25.0,-25.0,-25.0,0.0,PASS
RECLAIM-V2-005022,RETRY_ALL,RETRY_ALL,155.49475177086345,25.0,130.49475177086345,130.49475177086345,0.0,PASS
RECLAIM-V2-005023,RETRY_ALL,RETRY_ALL,0.0,25.0,-25.0,-25.0,0.0,PASS
RECLAIM-V2-005024,RETRY_ALL,RETRY_ALL,267.2109846435966,25.0,242.2109846435966,242.2109846435966,0.0,PASS
RECLAIM-V2-005025,RETRY_ALL,RETRY_ALL,0.0,25.0,-25.0,-25.0,0.0,PASS
RECLAIM-V2-005026,RETRY_ALL,RETRY_ALL,0.0,25.0,-25.0,-25.0,0.0,PASS
RECLAIM-V2-005027,RETRY_ALL,RETRY_ALL,0.0,25.0,-25.0,-25.0,0.0,PASS
RECLAIM-V2-005028,RETRY_ALL,RETRY_ALL,0.0,25.0,-25.0,-25.0,0.0,PASS
RECLAIM-V2-005029,TARGET,STANDARD_TARGET,506.1584003878471,80.0,426.1584003878471,426.1584003878471,0.0,PASS
RECLAIM-V2-005030,RETRY_ALL,RETRY_ALL,164.08088796449744,25.0,139.08088796449744,139.08088796449744,0.0,PASS
RECLAIM-V2-005031,RETRY_ALL,RETRY_ALL,44.85442697957655,25.0,19.85442697957655,19.85442697957655,0.0,PASS
RECLAIM-V2-005032,RETRY_ALL,RETRY_ALL,287.85682392852914,25.0,262.85682392852914,262.85682392852914,0.0,PASS
RECLAIM-V2-005033,RETRY_ALL,RETRY_ALL,137.1139952176311,25.0,112.1139952176311,112.1139952176311,0.0,PASS
RECLAIM-V2-005034,TARGET,LOW_INTENSITY,450.4648508917366,45.0,405.4648508917366,405.4648508917366,0.0,PASS
RECLAIM-V2-005035,RETRY_ALL,RETRY_ALL,89.71944415914315,25.0,64.71944415914315,64.71944415914315,0.0,PASS
RECLAIM-V2-005036,RETRY_ALL,RETRY_ALL,36.5250257040483,25.0,11.525025704048304,11.525025704048304,0.0,PASS
RECLAIM-V2-005037,RETRY_ALL,RETRY_ALL,0.0,25.0,-25.0,-25.0,0.0,PASS
RECLAIM-V2-005038,RETRY_ALL,RETRY_ALL,0.0,25.0,-25.0,-25.0,0.0,PASS
RECLAIM-V2-005039,RETRY_ALL,RETRY_ALL,378.6791208619959,25.0,353.6791208619959,353.6791208619959,0.0,PASS
RECLAIM-V2-005040,RETRY_ALL,RETRY_ALL,0.0,25.0,-25.0,-25.0,0.0,PASS
RECLAIM-V2-005041,RETRY_ALL,RETRY_ALL,65.1288754656516,25.0,40.1288754656516,40.1288754656516,0.0,PASS
RECLAIM-V2-005042,RETRY_ALL,RETRY_ALL,0.0,25.0,-25.0,-25.0,0.0,PASS
RECLAIM-V2-005043,RETRY_ALL,RETRY_ALL,0.0,25.0,-25.0,-25.0,0.0,PASS
RECLAIM-V2-005044,RETRY_ALL,RETRY_ALL,132.3629272734828,25.0,107.3629272734828,107.3629272734828,0.0,PASS
RECLAIM-V2-005045,RETRY_ALL,RETRY_ALL,0.0,25.0,-25.0,-25.0,0.0,PASS
RECLAIM-V2-005046,RETRY_ALL,RETRY_ALL,0.0,25.0,-25.0,-25.0,0.0,PASS
RECLAIM-V2-005047,RETRY_ALL,RETRY_ALL,0.0,25.0,-25.0,-25.0,0.0,PASS
RECLAIM-V2-005048,RETRY_ALL,RETRY_ALL,388.2804685899603,25.0,363.2804685899603,363.2804685899603,0.0,PASS
RECLAIM-V2-005049,RETRY_ALL,RETRY_ALL,0.0,25.0,-25.0,-25.0,0.0,PASS
RECLAIM-V2-005050,RETRY_ALL,RETRY_ALL,364.91365899709,25.0,339.91365899709,339.91365899709,0.0,PASS
RECLAIM-V2-005051,RETRY_ALL,RETRY_ALL,203.8440863562165,25.0,178.8440863562165,178.8440863562165,0.0,PASS
RECLAIM-V2-005052,RETRY_ALL,RETRY_ALL,189.4703715170517,25.0,164.4703715170517,164.4703715170517,0.0,PASS
RECLAIM-V2-005053,RETRY_ALL,RETRY_ALL,0.0,25.0,-25.0,-25.0,0.0,PASS
RECLAIM-V2-005054,RETRY_ALL,RETRY_ALL,0.0,25.0,-25.0,-25.0,0.0,PASS
RECLAIM-V2-005055,RETRY_ALL,RETRY_ALL,0.0,25.0,-25.0,-25.0,0.0,PASS
RECLAIM-V2-005056,RETRY_ALL,RETRY_ALL,0.0,25.0,-25.0,-25.0,0.0,PASS
RECLAIM-V2-005057,TARGET,LOW_INTENSITY,467.3036474203075,45.0,422.3036474203075,422.3036474203075,0.0,PASS
RECLAIM-V2-005058,RETRY_ALL,RETRY_ALL,0.0,25.0,-25.0,-25.0,0.0,PASS
RECLAIM-V2-005059,TARGET,HIGH_INTENSITY,603.2148621999199,120.0,483.21486219991993,483.21486219991993,0.0,PASS
RECLAIM-V2-005060,RETRY_ALL,RETRY_ALL,290.8935351156512,25.0,265.8935351156512,265.8935351156512,0.0,PASS
RECLAIM-V2-005061,RETRY_ALL,RETRY_ALL,332.0759867691612,25.0,307.0759867691612,307.0759867691612,0.0,PASS
RECLAIM-V2-005062,RETRY_ALL,RETRY_ALL,54.3265766888736,25.0,29.3265766888736,29.3265766888736,0.0,PASS
RECLAIM-V2-005063,RETRY_ALL,RETRY_ALL,0.0,25.0,-25.0,-25.0,0.0,PASS
RECLAIM-V2-005064,RETRY_ALL,RETRY_ALL,152.34142905019095,25.0,127.34142905019095,127.34142905019095,0.0,PASS
RECLAIM-V2-005065,RETRY_ALL,RETRY_ALL,0.0,25.0,-25.0,-25.0,0.0,PASS
RECLAIM-V2-005066,RETRY_ALL,RETRY_ALL,0.0,25.0,-25.0,-25.0,0.0,PASS
RECLAIM-V2-005067,RETRY_ALL,RETRY_ALL,0.0,25.0,-25.0,-25.0,0.0,PASS
RECLAIM-V2-005068,RETRY_ALL,RETRY_ALL,0.0,25.0,-25.0,-25.0,0.0,PASS
RECLAIM-V2-005069,RETRY_ALL,RETRY_ALL,67.49394322949804,25.0,42.49394322949804,42.49394322949804,0.0,PASS
RECLAIM-V2-005070,RETRY_ALL,RETRY_ALL,0.0,25.0,-25.0,-25.0,0.0,PASS
RECLAIM-V2-005071,RETRY_ALL,RETRY_ALL,233.7057043451269,25.0,208.7057043451269,208.7057043451269,0.0,PASS
RECLAIM-V2-005072,RETRY_ALL,RETRY_ALL,0.0,25.0,-25.0,-25.0,0.0,PASS
RECLAIM-V2-005073,RETRY_ALL,RETRY_ALL,284.8653384935617,25.0,259.8653384935617,259.8653384935617,0.0,PASS
RECLAIM-V2-005074,RETRY_ALL,RETRY_ALL,0.0,25.0,-25.0,-25.0,0.0,PASS
RECLAIM-V2-005075,RETRY_ALL,RETRY_ALL,0.0,25.0,-25.0,-25.0,0.0,PASS
RECLAIM-V2-005076,RETRY_ALL,RETRY_ALL,0.0,25.0,-25.0,-25.0,0.0,PASS
RECLAIM-V2-005077,RETRY_ALL,RETRY_ALL,71.33412662604584,25.0,46.33412662604584,46.334126626045844,7.105427357601002e-15,PASS
RECLAIM-V2-005078,RETRY_ALL,RETRY_ALL,179.84909245316925,25.0,154.84909245316925,154.84909245316925,0.0,PASS
RECLAIM-V2-005079,RETRY_ALL,RETRY_ALL,321.7840728609279,25.0,296.7840728609279,296.7840728609279,0.0,PASS
RECLAIM-V2-005080,RETRY_ALL,RETRY_ALL,323.0973812833128,25.0,298.0973812833128,298.0973812833128,0.0,PASS
RECLAIM-V2-005081,RETRY_ALL,RETRY_ALL,214.1258056478226,25.0,189.1258056478226,189.1258056478226,0.0,PASS
RECLAIM-V2-005082,RETRY_ALL,RETRY_ALL,118.92906244042516,25.0,93.92906244042516,93.92906244042516,0.0,PASS
RECLAIM-V2-005083,RETRY_ALL,RETRY_ALL,0.0,25.0,-25.0,-25.0,0.0,PASS
RECLAIM-V2-005084,RETRY_ALL,RETRY_ALL,146.40894419149484,25.0,121.40894419149484,121.40894419149484,0.0,PASS
RECLAIM-V2-005085,RETRY_ALL,RETRY_ALL,0.0,25.0,-25.0,-25.0,0.0,PASS
RECLAIM-V2-005086,RETRY_ALL,RETRY_ALL,42.87755504011725,25.0,17.87755504011725,17.87755504011725,0.0,PASS
RECLAIM-V2-005087,RETRY_ALL,RETRY_ALL,157.57345877841556,25.0,132.57345877841556,132.57345877841556,0.0,PASS
RECLAIM-V2-005088,TARGET,LOW_INTENSITY,460.0337597729184,45.0,415.0337597729184,415.0337597729184,0.0,PASS
RECLAIM-V2-005089,RETRY_ALL,RETRY_ALL,0.0,25.0,-25.0,-25.0,0.0,PASS
RECLAIM-V2-005090,RETRY_ALL,RETRY_ALL,263.2403326483533,25.0,238.24033264835327,238.24033264835327,0.0,PASS
RECLAIM-V2-005091,RETRY_ALL,RETRY_ALL,282.8655169167997,25.0,257.8655169167997,257.8655169167997,0.0,PASS
RECLAIM-V2-005092,RETRY_ALL,RETRY_ALL,255.1630384909376,25.0,230.1630384909376,230.1630384909376,0.0,PASS
RECLAIM-V2-005093,TARGET,STANDARD_TARGET,498.6368803223052,80.0,418.6368803223052,418.6368803223052,0.0,PASS
RECLAIM-V2-005094,RETRY_ALL,RETRY_ALL,0.0,25.0,-25.0,-25.0,0.0,PASS
RECLAIM-V2-005095,RETRY_ALL,RETRY_ALL,0.0,25.0,-25.0,-25.0,0.0,PASS
RECLAIM-V2-005096,RETRY_ALL,RETRY_ALL,0.0,25.0,-25.0,-25.0,0.0,PASS
RECLAIM-V2-005097,RETRY_ALL,RETRY_ALL,195.7203894600601,25.0,170.72038946006012,170.7203894600601,-2.842170943040401e-14,PASS
RECLAIM-V2-005098,RETRY_ALL,RETRY_ALL,0.0,25.0,-25.0,-25.0,0.0,PASS
RECLAIM-V2-005099,RETRY_ALL,RETRY_ALL,232.93117181501088,25.0,207.93117181501088,207.93117181501088,0.0,PASS
RECLAIM-V2-005100,RETRY_ALL,RETRY_ALL,0.0,25.0,-25.0,-25.0,0.0,PASS
RECLAIM-V2-005101,RETRY_ALL,RETRY_ALL,0.0,25.0,-25.0,-25.0,0.0,PASS
RECLAIM-V2-005102,RETRY_ALL,RETRY_ALL,41.13408795961845,25.0,16.134087959618448,16.134087959618448,0.0,PASS
RECLAIM-V2-005103,RETRY_ALL,RETRY_ALL,136.09063277213428,25.0,111.09063277213428,111.09063277213428,0.0,PASS
RECLAIM-V2-005104,RETRY_ALL,RETRY_ALL,131.76173373150766,25.0,106.76173373150766,106.76173373150766,0.0,PASS
RECLAIM-V2-005105,RETRY_ALL,RETRY_ALL,0.0,25.0,-25.0,-25.0,0.0,PASS
RECLAIM-V2-005106,RETRY_ALL,RETRY_ALL,89.67313171577746,25.0,64.67313171577746,64.67313171577746,0.0,PASS
RECLAIM-V2-005107,RETRY_ALL,RETRY_ALL,0.0,25.0,-25.0,-25.0,0.0,PASS
RECLAIM-V2-005108,RETRY_ALL,RETRY_ALL,257.886609314874,25.0,232.886609314874,232.88660931487402,2.842170943040401e-14,PASS
RECLAIM-V2-005109,RETRY_ALL,RETRY_ALL,147.8827742432436,25.0,122.8827742432436,122.8827742432436,0.0,PASS
RECLAIM-V2-005110,RETRY_ALL,RETRY_ALL,0.0,25.0,-25.0,-25.0,0.0,PASS
RECLAIM-V2-005111,TARGET,MONITOR,401.6186012883473,10.0,391.6186012883473,391.6186012883473,0.0,PASS
RECLAIM-V2-005112,RETRY_ALL,RETRY_ALL,37.76590535364975,25.0,12.76590535364975,12.76590535364975,0.0,PASS
RECLAIM-V2-005113,RETRY_ALL,RETRY_ALL,329.1319432635969,25.0,304.1319432635969,304.1319432635969,0.0,PASS
RECLAIM-V2-005114,RETRY_ALL,RETRY_ALL,199.20761151466849,25.0,174.20761151466849,174.20761151466849,0.0,PASS
RECLAIM-V2-005115,RETRY_ALL,RETRY_ALL,0.0,25.0,-25.0,-25.0,0.0,PASS
RECLAIM-V2-005116,RETRY_ALL,RETRY_ALL,0.0,25.0,-25.0,-25.0,0.0,PASS
RECLAIM-V2-005117,RETRY_ALL,RETRY_ALL,0.0,25.0,-25.0,-25.0,0.0,PASS
RECLAIM-V2-005118,RETRY_ALL,RETRY_ALL,43.1684651111964,25.0,18.1684651111964,18.168465111196397,-3.552713678800501e-15,PASS
RECLAIM-V2-005119,RETRY_ALL,RETRY_ALL,0.0,25.0,-25.0,-25.0,0.0,PASS
RECLAIM-V2-005120,TARGET,MONITOR,390.47104409308486,10.0,380.47104409308486,380.47104409308486,0.0,PASS
RECLAIM-V2-005121,RETRY_ALL,RETRY_ALL,0.0,25.0,-25.0,-25.0,0.0,PASS
RECLAIM-V2-005122,RETRY_ALL,RETRY_ALL,0.0,25.0,-25.0,-25.0,0.0,PASS
RECLAIM-V2-005123,RETRY_ALL,RETRY_ALL,60.00079616013645,25.0,35.00079616013645,35.00079616013645,0.0,PASS
RECLAIM-V2-005124,RETRY_ALL,RETRY_ALL,0.0,25.0,-25.0,-25.0,0.0,PASS
RECLAIM-V2-005125,RETRY_ALL,RETRY_ALL,0.0,25.0,-25.0,-25.0,0.0,PASS
RECLAIM-V2-005126,RETRY_ALL,RETRY_ALL,317.9196618927666,25.0,292.9196618927666,292.9196618927666,0.0,PASS
RECLAIM-V2-005127,RETRY_ALL,RETRY_ALL,116.37995003536052,25.0,91.37995003536052,91.37995003536052,0.0,PASS
RECLAIM-V2-005128,RETRY_ALL,RETRY_ALL,0.0,25.0,-25.0,-25.0,0.0,PASS
RECLAIM-V2-005129,RETRY_ALL,RETRY_ALL,36.54317796471225,25.0,11.54317796471225,11.54317796471225,0.0,PASS
RECLAIM-V2-005130,RETRY_ALL,RETRY_ALL,160.8388275613596,25.0,135.8388275613596,135.8388275613596,0.0,PASS
RECLAIM-V2-005131,RETRY_ALL,RETRY_ALL,0.0,25.0,-25.0,-25.0,0.0,PASS
RECLAIM-V2-005132,RETRY_ALL,RETRY_ALL,272.838000495873,25.0,247.83800049587305,247.83800049587302,-2.842170943040401e-14,PASS
RECLAIM-V2-005133,RETRY_ALL,RETRY_ALL,0.0,25.0,-25.0,-25.0,0.0,PASS
RECLAIM-V2-005134,RETRY_ALL,RETRY_ALL,0.0,25.0,-25.0,-25.0,0.0,PASS
RECLAIM-V2-005135,RETRY_ALL,RETRY_ALL,0.0,25.0,-25.0,-25.0,0.0,PASS
RECLAIM-V2-005136,RETRY_ALL,RETRY_ALL,0.0,25.0,-25.0,-25.0,0.0,PASS
RECLAIM-V2-005137,RETRY_ALL,RETRY_ALL,265.3473916366715,25.0,240.3473916366715,240.3473916366715,0.0,PASS
RECLAIM-V2-005138,RETRY_ALL,RETRY_ALL,173.881785375591,25.0,148.881785375591,148.881785375591,0.0,PASS
RECLAIM-V2-005139,TARGET,MONITOR,411.4601424864842,10.0,401.4601424864842,401.4601424864842,0.0,PASS
RECLAIM-V2-005140,RETRY_ALL,RETRY_ALL,308.21415836316976,25.0,283.21415836316976,283.21415836316976,0.0,PASS
RECLAIM-V2-005141,RETRY_ALL,RETRY_ALL,120.0054619469889,25.0,95.0054619469889,95.0054619469889,0.0,PASS
RECLAIM-V2-005142,RETRY_ALL,RETRY_ALL,203.64567554961064,25.0,178.64567554961064,178.64567554961064,0.0,PASS
RECLAIM-V2-005143,TARGET,MONITOR,399.9019717733193,10.0,389.9019717733193,389.9019717733193,0.0,PASS
RECLAIM-V2-005144,RETRY_ALL,RETRY_ALL,0.0,25.0,-25.0,-25.0,0.0,PASS
RECLAIM-V2-005145,TARGET,STANDARD_TARGET,489.14665826802064,80.0,409.14665826802064,409.14665826802064,0.0,PASS
RECLAIM-V2-005146,RETRY_ALL,RETRY_ALL,0.0,25.0,-25.0,-25.0,0.0,PASS
RECLAIM-V2-005147,RETRY_ALL,RETRY_ALL,0.0,25.0,-25.0,-25.0,0.0,PASS
RECLAIM-V2-005148,RETRY_ALL,RETRY_ALL,0.0,25.0,-25.0,-25.0,0.0,PASS
RECLAIM-V2-005149,RETRY_ALL,RETRY_ALL,52.49843475771915,25.0,27.49843475771916,27.498434757719153,-7.105427357601002e-15,PASS
RECLAIM-V2-005150,TARGET,LOW_INTENSITY,466.1484820390102,45.0,421.1484820390102,421.1484820390102,0.0,PASS
RECLAIM-V2-005151,RETRY_ALL,RETRY_ALL,0.0,25.0,-25.0,-25.0,0.0,PASS
RECLAIM-V2-005152,RETRY_ALL,RETRY_ALL,0.0,25.0,-25.0,-25.0,0.0,PASS
RECLAIM-V2-005153,RETRY_ALL,RETRY_ALL,245.97715949310344,25.0,220.97715949310344,220.97715949310344,0.0,PASS
RECLAIM-V2-005154,RETRY_ALL,RETRY_ALL,252.92806074399329,25.0,227.92806074399329,227.92806074399329,0.0,PASS
RECLAIM-V2-005155,RETRY_ALL,RETRY_ALL,0.0,25.0,-25.0,-25.0,0.0,PASS
RECLAIM-V2-005156,RETRY_ALL,RETRY_ALL,0.0,25.0,-25.0,-25.0,0.0,PASS
RECLAIM-V2-005157,RETRY_ALL,RETRY_ALL,59.44824428015176,25.0,34.44824428015176,34.44824428015176,0.0,PASS
RECLAIM-V2-005158,RETRY_ALL,RETRY_ALL,0.0,25.0,-25.0,-25.0,0.0,PASS
RECLAIM-V2-005159,RETRY_ALL,RETRY_ALL,83.71203293047951,25.0,58.71203293047951,58.71203293047951,0.0,PASS
RECLAIM-V2-005160,RETRY_ALL,RETRY_ALL,0.0,25.0,-25.0,-25.0,0.0,PASS
RECLAIM-V2-005161,RETRY_ALL,RETRY_ALL,362.5522094479458,25.0,337.5522094479458,337.5522094479458,0.0,PASS
RECLAIM-V2-005162,RETRY_ALL,RETRY_ALL,249.4475881779321,25.0,224.4475881779321,224.4475881779321,0.0,PASS
RECLAIM-V2-005163,RETRY_ALL,RETRY_ALL,11.2670896896867,25.0,-13.7329103103133,-13.7329103103133,0.0,PASS
RECLAIM-V2-005164,RETRY_ALL,RETRY_ALL,150.248096489484,25.0,125.248096489484,125.248096489484,0.0,PASS
RECLAIM-V2-005165,RETRY_ALL,RETRY_ALL,180.61508694369616,25.0,155.61508694369616,155.61508694369616,0.0,PASS
RECLAIM-V2-005166,RETRY_ALL,RETRY_ALL,267.0486099785791,25.0,242.04860997857912,242.04860997857912,0.0,PASS
RECLAIM-V2-005167,RETRY_ALL,RETRY_ALL,0.0,25.0,-25.0,-25.0,0.0,PASS
RECLAIM-V2-005168,RETRY_ALL,RETRY_ALL,0.0,25.0,-25.0,-25.0,0.0,PASS
RECLAIM-V2-005169,RETRY_ALL,RETRY_ALL,39.6517957273914,25.0,14.651795727391402,14.651795727391402,0.0,PASS
RECLAIM-V2-005170,RETRY_ALL,RETRY_ALL,18.5739696315846,25.0,-6.4260303684154,-6.4260303684154,0.0,PASS
RECLAIM-V2-005171,RETRY_ALL,RETRY_ALL,314.0279114945103,25.0,289.0279114945103,289.0279114945103,0.0,PASS
RECLAIM-V2-005172,RETRY_ALL,RETRY_ALL,238.18538290049565,25.0,213.18538290049565,213.18538290049565,0.0,PASS
RECLAIM-V2-005173,RETRY_ALL,RETRY_ALL,213.26796106697128,25.0,188.26796106697128,188.26796106697128,0.0,PASS
RECLAIM-V2-005174,RETRY_ALL,RETRY_ALL,0.0,25.0,-25.0,-25.0,0.0,PASS
RECLAIM-V2-005175,RETRY_ALL,RETRY_ALL,0.0,25.0,-25.0,-25.0,0.0,PASS
RECLAIM-V2-005176,RETRY_ALL,RETRY_ALL,0.0,25.0,-25.0,-25.0,0.0,PASS
RECLAIM-V2-005177,RETRY_ALL,RETRY_ALL,271.3559692727862,25.0,246.35596927278613,246.35596927278618,5.684341886080802e-14,PASS
RECLAIM-V2-005178,RETRY_ALL,RETRY_ALL,0.0,25.0,-25.0,-25.0,0.0,PASS
RECLAIM-V2-005179,RETRY_ALL,RETRY_ALL,0.0,25.0,-25.0,-25.0,0.0,PASS
RECLAIM-V2-005180,RETRY_ALL,RETRY_ALL,0.0,25.0,-25.0,-25.0,0.0,PASS
RECLAIM-V2-005181,RETRY_ALL,RETRY_ALL,334.9815597875226,25.0,309.9815597875226,309.9815597875226,0.0,PASS
RECLAIM-V2-005182,RETRY_ALL,RETRY_ALL,0.0,25.0,-25.0,-25.0,0.0,PASS
RECLAIM-V2-005183,RETRY_ALL,RETRY_ALL,0.0,25.0,-25.0,-25.0,0.0,PASS
RECLAIM-V2-005184,RETRY_ALL,RETRY_ALL,74.26210038576436,25.0,49.26210038576436,49.262100385764356,-7.105427357601002e-15,PASS
RECLAIM-V2-005185,RETRY_ALL,RETRY_ALL,0.0,25.0,-25.0,-25.0,0.0,PASS
RECLAIM-V2-005186,RETRY_ALL,RETRY_ALL,0.0,25.0,-25.0,-25.0,0.0,PASS
RECLAIM-V2-005187,TARGET,STANDARD_TARGET,503.1286915606705,80.0,423.1286915606705,423.1286915606705,0.0,PASS
RECLAIM-V2-005188,RETRY_ALL,RETRY_ALL,0.0,25.0,-25.0,-25.0,0.0,PASS
RECLAIM-V2-005189,RETRY_ALL,RETRY_ALL,0.0,25.0,-25.0,-25.0,0.0,PASS
RECLAIM-V2-005190,RETRY_ALL,RETRY_ALL,66.1402480671042,25.0,41.1402480671042,41.140248067104196,-7.105427357601002e-15,PASS
RECLAIM-V2-005191,RETRY_ALL,RETRY_ALL,186.6171975169217,25.0,161.6171975169217,161.6171975169217,0.0,PASS
RECLAIM-V2-005192,TARGET,HIGH_INTENSITY,646.8556532548943,120.0,526.8556532548943,526.8556532548943,0.0,PASS
RECLAIM-V2-005193,RETRY_ALL,RETRY_ALL,312.3414544881066,25.0,287.3414544881066,287.3414544881066,0.0,PASS
RECLAIM-V2-005194,RETRY_ALL,RETRY_ALL,335.98856551905,25.0,310.98856551905,310.98856551905,0.0,PASS
RECLAIM-V2-005195,RETRY_ALL,RETRY_ALL,247.59247013859223,25.0,222.59247013859223,222.59247013859223,0.0,PASS
RECLAIM-V2-005196,RETRY_ALL,RETRY_ALL,0.0,25.0,-25.0,-25.0,0.0,PASS
RECLAIM-V2-005197,RETRY_ALL,RETRY_ALL,197.20462550789443,25.0,172.20462550789443,172.20462550789443,0.0,PASS
RECLAIM-V2-005198,RETRY_ALL,RETRY_ALL,0.0,25.0,-25.0,-25.0,0.0,PASS
RECLAIM-V2-005199,RETRY_ALL,RETRY_ALL,367.6678429571271,25.0,342.6678429571271,342.6678429571271,0.0,PASS
RECLAIM-V2-005200,RETRY_ALL,RETRY_ALL,0.0,25.0,-25.0,-25.0,0.0,PASS
RECLAIM-V2-005201,RETRY_ALL,RETRY_ALL,0.0,25.0,-25.0,-25.0,0.0,PASS
RECLAIM-V2-005202,RETRY_ALL,RETRY_ALL,184.30739579681685,25.0,159.30739579681685,159.30739579681685,0.0,PASS
RECLAIM-V2-005203,RETRY_ALL,RETRY_ALL,0.0,25.0,-25.0,-25.0,0.0,PASS
RECLAIM-V2-005204,RETRY_ALL,RETRY_ALL,268.7056248501109,25.0,243.7056248501109,243.7056248501109,0.0,PASS
RECLAIM-V2-005205,RETRY_ALL,RETRY_ALL,334.8575606826976,25.0,309.8575606826976,309.8575606826976,0.0,PASS
RECLAIM-V2-005206,RETRY_ALL,RETRY_ALL,0.0,25.0,-25.0,-25.0,0.0,PASS
RECLAIM-V2-005207,RETRY_ALL,RETRY_ALL,170.25971242294997,25.0,145.25971242294997,145.25971242294997,0.0,PASS
RECLAIM-V2-005208,TARGET,HIGH_INTENSITY,568.3509860540651,120.0,448.35098605406506,448.35098605406506,0.0,PASS
RECLAIM-V2-005209,RETRY_ALL,RETRY_ALL,150.4396802828085,25.0,125.4396802828085,125.4396802828085,0.0,PASS
RECLAIM-V2-005210,RETRY_ALL,RETRY_ALL,0.0,25.0,-25.0,-25.0,0.0,PASS
RECLAIM-V2-005211,RETRY_ALL,RETRY_ALL,0.0,25.0,-25.0,-25.0,0.0,PASS
RECLAIM-V2-005212,RETRY_ALL,RETRY_ALL,193.426965617688,25.0,168.426965617688,168.426965617688,0.0,PASS
RECLAIM-V2-005213,RETRY_ALL,RETRY_ALL,0.0,25.0,-25.0,-25.0,0.0,PASS
RECLAIM-V2-005214,RETRY_ALL,RETRY_ALL,314.18014671719806,25.0,289.18014671719806,289.18014671719806,0.0,PASS
RECLAIM-V2-005215,RETRY_ALL,RETRY_ALL,0.0,25.0,-25.0,-25.0,0.0,PASS
RECLAIM-V2-005216,RETRY_ALL,RETRY_ALL,274.62314908609744,25.0,249.62314908609744,249.62314908609744,0.0,PASS
RECLAIM-V2-005217,RETRY_ALL,RETRY_ALL,305.7248725000821,25.0,280.7248725000821,280.7248725000821,0.0,PASS
RECLAIM-V2-005218,RETRY_ALL,RETRY_ALL,301.4721990575839,25.0,276.4721990575839,276.4721990575839,0.0,PASS
RECLAIM-V2-005219,RETRY_ALL,RETRY_ALL,33.5457819576876,25.0,8.545781957687602,8.545781957687602,0.0,PASS
RECLAIM-V2-005220,RETRY_ALL,RETRY_ALL,0.0,25.0,-25.0,-25.0,0.0,PASS
RECLAIM-V2-005221,RETRY_ALL,RETRY_ALL,145.3723819177599,25.0,120.3723819177599,120.3723819177599,0.0,PASS
RECLAIM-V2-005222,RETRY_ALL,RETRY_ALL,319.03527363784497,25.0,294.03527363784497,294.03527363784497,0.0,PASS
RECLAIM-V2-005223,RETRY_ALL,RETRY_ALL,0.0,25.0,-25.0,-25.0,0.0,PASS
RECLAIM-V2-005224,RETRY_ALL,RETRY_ALL,19.08101145309915,25.0,-5.918988546900849,-5.918988546900849,0.0,PASS
RECLAIM-V2-005225,TARGET,STANDARD_TARGET,489.5086843757286,80.0,409.5086843757286,409.5086843757286,0.0,PASS
RECLAIM-V2-005226,RETRY_ALL,RETRY_ALL,0.0,25.0,-25.0,-25.0,0.0,PASS
RECLAIM-V2-005227,RETRY_ALL,RETRY_ALL,0.0,25.0,-25.0,-25.0,0.0,PASS
RECLAIM-V2-005228,RETRY_ALL,RETRY_ALL,0.0,25.0,-25.0,-25.0,0.0,PASS
RECLAIM-V2-005229,RETRY_ALL,RETRY_ALL,0.0,25.0,-25.0,-25.0,0.0,PASS
RECLAIM-V2-005230,RETRY_ALL,RETRY_ALL,0.0,25.0,-25.0,-25.0,0.0,PASS
RECLAIM-V2-005231,RETRY_ALL,RETRY_ALL,348.044050890768,25.0,323.044050890768,323.044050890768,0.0,PASS
RECLAIM-V2-005232,RETRY_ALL,RETRY_ALL,0.0,25.0,-25.0,-25.0,0.0,PASS
RECLAIM-V2-005233,TARGET,STANDARD_TARGET,504.53807266892943,80.0,424.53807266892943,424.53807266892943,0.0,PASS
RECLAIM-V2-005234,RETRY_ALL,RETRY_ALL,0.0,25.0,-25.0,-25.0,0.0,PASS
RECLAIM-V2-005235,RETRY_ALL,RETRY_ALL,45.74953862462445,25.0,20.74953862462445,20.74953862462445,0.0,PASS
RECLAIM-V2-005236,RETRY_ALL,RETRY_ALL,220.5854864055912,25.0,195.5854864055912,195.5854864055912,0.0,PASS
RECLAIM-V2-005237,RETRY_ALL,RETRY_ALL,0.0,25.0,-25.0,-25.0,0.0,PASS
RECLAIM-V2-005238,RETRY_ALL,RETRY_ALL,232.13115904874925,25.0,207.13115904874925,207.13115904874925,0.0,PASS
RECLAIM-V2-005239,RETRY_ALL,RETRY_ALL,385.62934482695294,25.0,360.62934482695294,360.62934482695294,0.0,PASS
RECLAIM-V2-005240,RETRY_ALL,RETRY_ALL,0.0,25.0,-25.0,-25.0,0.0,PASS
RECLAIM-V2-005241,RETRY_ALL,RETRY_ALL,0.0,25.0,-25.0,-25.0,0.0,PASS
RECLAIM-V2-005242,RETRY_ALL,RETRY_ALL,41.1945725955609,25.0,16.1945725955609,16.1945725955609,0.0,PASS
RECLAIM-V2-005243,RETRY_ALL,RETRY_ALL,0.0,25.0,-25.0,-25.0,0.0,PASS
RECLAIM-V2-005244,RETRY_ALL,RETRY_ALL,0.0,25.0,-25.0,-25.0,0.0,PASS
RECLAIM-V2-005245,RETRY_ALL,RETRY_ALL,0.0,25.0,-25.0,-25.0,0.0,PASS
RECLAIM-V2-005246,RETRY_ALL,RETRY_ALL,136.57658870973526,25.0,111.57658870973526,111.57658870973526,0.0,PASS
RECLAIM-V2-005247,RETRY_ALL,RETRY_ALL,0.0,25.0,-25.0,-25.0,0.0,PASS
RECLAIM-V2-005248,RETRY_ALL,RETRY_ALL,296.95413995286003,25.0,271.95413995286003,271.95413995286003,0.0,PASS
RECLAIM-V2-005249,RETRY_ALL,RETRY_ALL,0.0,25.0,-25.0,-25.0,0.0,PASS
RECLAIM-V2-005250,RETRY_ALL,RETRY_ALL,0.0,25.0,-25.0,-25.0,0.0,PASS
RECLAIM-V2-005251,RETRY_ALL,RETRY_ALL,0.0,25.0,-25.0,-25.0,0.0,PASS
RECLAIM-V2-005252,RETRY_ALL,RETRY_ALL,184.01402099218515,25.0,159.01402099218515,159.01402099218515,0.0,PASS
RECLAIM-V2-005253,TARGET,HIGH_INTENSITY,602.8037844341934,120.0,482.8037844341934,482.8037844341934,0.0,PASS
RECLAIM-V2-005254,RETRY_ALL,RETRY_ALL,162.1138432056813,25.0,137.1138432056813,137.1138432056813,0.0,PASS
RECLAIM-V2-005255,RETRY_ALL,RETRY_ALL,0.0,25.0,-25.0,-25.0,0.0,PASS
RECLAIM-V2-005256,RETRY_ALL,RETRY_ALL,0.0,25.0,-25.0,-25.0,0.0,PASS
RECLAIM-V2-005257,RETRY_ALL,RETRY_ALL,164.89803767176275,25.0,139.89803767176275,139.89803767176275,0.0,PASS
RECLAIM-V2-005258,RETRY_ALL,RETRY_ALL,118.64522799845504,25.0,93.64522799845504,93.64522799845504,0.0,PASS
RECLAIM-V2-005259,RETRY_ALL,RETRY_ALL,0.0,25.0,-25.0,-25.0,0.0,PASS
RECLAIM-V2-005260,RETRY_ALL,RETRY_ALL,0.0,25.0,-25.0,-25.0,0.0,PASS
RECLAIM-V2-005261,RETRY_ALL,RETRY_ALL,0.0,25.0,-25.0,-25.0,0.0,PASS
RECLAIM-V2-005262,RETRY_ALL,RETRY_ALL,0.0,25.0,-25.0,-25.0,0.0,PASS
RECLAIM-V2-005263,RETRY_ALL,RETRY_ALL,69.3120838140474,25.0,44.3120838140474,44.3120838140474,0.0,PASS
RECLAIM-V2-005264,RETRY_ALL,RETRY_ALL,0.0,25.0,-25.0,-25.0,0.0,PASS
RECLAIM-V2-005265,RETRY_ALL,RETRY_ALL,0.0,25.0,-25.0,-25.0,0.0,PASS
RECLAIM-V2-005266,RETRY_ALL,RETRY_ALL,0.0,25.0,-25.0,-25.0,0.0,PASS
RECLAIM-V2-005267,RETRY_ALL,RETRY_ALL,0.0,25.0,-25.0,-25.0,0.0,PASS
RECLAIM-V2-005268,RETRY_ALL,RETRY_ALL,70.757385693684,25.0,45.757385693684,45.757385693684,0.0,PASS
RECLAIM-V2-005269,RETRY_ALL,RETRY_ALL,59.22693742767615,25.0,34.22693742767615,34.22693742767615,0.0,PASS
RECLAIM-V2-005270,RETRY_ALL,RETRY_ALL,98.7830285554962,25.0,73.7830285554962,73.7830285554962,0.0,PASS
RECLAIM-V2-005271,RETRY_ALL,RETRY_ALL,44.24837808131805,25.0,19.24837808131805,19.24837808131805,0.0,PASS
RECLAIM-V2-005272,RETRY_ALL,RETRY_ALL,0.0,25.0,-25.0,-25.0,0.0,PASS
RECLAIM-V2-005273,RETRY_ALL,RETRY_ALL,56.16415009659285,25.0,31.16415009659285,31.16415009659285,0.0,PASS
RECLAIM-V2-005274,RETRY_ALL,RETRY_ALL,0.0,25.0,-25.0,-25.0,0.0,PASS
RECLAIM-V2-005275,RETRY_ALL,RETRY_ALL,0.0,25.0,-25.0,-25.0,0.0,PASS
RECLAIM-V2-005276,RETRY_ALL,RETRY_ALL,196.71727343073195,25.0,171.71727343073195,171.71727343073195,0.0,PASS
RECLAIM-V2-005277,RETRY_ALL,RETRY_ALL,0.0,25.0,-25.0,-25.0,0.0,PASS
RECLAIM-V2-005278,RETRY_ALL,RETRY_ALL,0.0,25.0,-25.0,-25.0,0.0,PASS
RECLAIM-V2-005279,TARGET,LOW_INTENSITY,459.5650348238258,45.0,414.5650348238258,414.5650348238258,0.0,PASS
RECLAIM-V2-005280,RETRY_ALL,RETRY_ALL,270.44534760539307,25.0,245.44534760539307,245.44534760539307,0.0,PASS
RECLAIM-V2-005281,RETRY_ALL,RETRY_ALL,375.6410520316182,25.0,350.6410520316182,350.6410520316182,0.0,PASS
RECLAIM-V2-005282,RETRY_ALL,RETRY_ALL,199.0153225448497,25.0,174.0153225448497,174.0153225448497,0.0,PASS
RECLAIM-V2-005283,RETRY_ALL,RETRY_ALL,274.4158991840599,25.0,249.41589918405992,249.41589918405992,0.0,PASS
RECLAIM-V2-005284,RETRY_ALL,RETRY_ALL,0.0,25.0,-25.0,-25.0,0.0,PASS
RECLAIM-V2-005285,RETRY_ALL,RETRY_ALL,9.4878319332993,25.0,-15.5121680667007,-15.5121680667007,0.0,PASS
RECLAIM-V2-005286,TARGET,LOW_INTENSITY,475.7769787114197,45.0,430.7769787114197,430.7769787114197,0.0,PASS
RECLAIM-V2-005287,TARGET,MONITOR,400.5519803363932,10.0,390.5519803363932,390.5519803363932,0.0,PASS
RECLAIM-V2-005288,RETRY_ALL,RETRY_ALL,0.0,25.0,-25.0,-25.0,0.0,PASS
RECLAIM-V2-005289,RETRY_ALL,RETRY_ALL,0.0,25.0,-25.0,-25.0,0.0,PASS
RECLAIM-V2-005290,RETRY_ALL,RETRY_ALL,267.6314690678448,25.0,242.6314690678448,242.63146906784482,2.842170943040401e-14,PASS
RECLAIM-V2-005291,RETRY_ALL,RETRY_ALL,161.4147195827127,25.0,136.4147195827127,136.4147195827127,0.0,PASS
RECLAIM-V2-005292,RETRY_ALL,RETRY_ALL,87.1455290818356,25.0,62.145529081835605,62.145529081835605,0.0,PASS
RECLAIM-V2-005293,RETRY_ALL,RETRY_ALL,0.0,25.0,-25.0,-25.0,0.0,PASS
RECLAIM-V2-005294,RETRY_ALL,RETRY_ALL,0.0,25.0,-25.0,-25.0,0.0,PASS
RECLAIM-V2-005295,RETRY_ALL,RETRY_ALL,106.7695741141479,25.0,81.7695741141479,81.7695741141479,0.0,PASS
RECLAIM-V2-005296,RETRY_ALL,RETRY_ALL,0.0,25.0,-25.0,-25.0,0.0,PASS
RECLAIM-V2-005297,RETRY_ALL,RETRY_ALL,191.63581459536903,25.0,166.63581459536903,166.63581459536903,0.0,PASS
RECLAIM-V2-005298,RETRY_ALL,RETRY_ALL,0.0,25.0,-25.0,-25.0,0.0,PASS
RECLAIM-V2-005299,RETRY_ALL,RETRY_ALL,272.4427982444181,25.0,247.4427982444181,247.4427982444181,0.0,PASS
RECLAIM-V2-005300,RETRY_ALL,RETRY_ALL,0.0,25.0,-25.0,-25.0,0.0,PASS
RECLAIM-V2-005301,RETRY_ALL,RETRY_ALL,0.0,25.0,-25.0,-25.0,0.0,PASS
RECLAIM-V2-005302,RETRY_ALL,RETRY_ALL,0.0,25.0,-25.0,-25.0,0.0,PASS
RECLAIM-V2-005303,RETRY_ALL,RETRY_ALL,148.1098401334305,25.0,123.10984013343052,123.10984013343051,-1.4210854715202004e-14,PASS
RECLAIM-V2-005304,RETRY_ALL,RETRY_ALL,0.0,25.0,-25.0,-25.0,0.0,PASS
RECLAIM-V2-005305,RETRY_ALL,RETRY_ALL,0.0,25.0,-25.0,-25.0,0.0,PASS
RECLAIM-V2-005306,RETRY_ALL,RETRY_ALL,30.063173529425253,25.0,5.063173529425253,5.063173529425253,0.0,PASS
RECLAIM-V2-005307,RETRY_ALL,RETRY_ALL,82.26220136921114,25.0,57.26220136921114,57.26220136921114,0.0,PASS
RECLAIM-V2-005308,RETRY_ALL,RETRY_ALL,0.0,25.0,-25.0,-25.0,0.0,PASS
RECLAIM-V2-005309,RETRY_ALL,RETRY_ALL,348.8005040557164,25.0,323.8005040557164,323.8005040557164,0.0,PASS
RECLAIM-V2-005310,RETRY_ALL,RETRY_ALL,161.77128476251156,25.0,136.77128476251156,136.77128476251156,0.0,PASS
RECLAIM-V2-005311,RETRY_ALL,RETRY_ALL,0.0,25.0,-25.0,-25.0,0.0,PASS
RECLAIM-V2-005312,RETRY_ALL,RETRY_ALL,104.049411363414,25.0,79.049411363414,79.049411363414,0.0,PASS
RECLAIM-V2-005313,RETRY_ALL,RETRY_ALL,0.0,25.0,-25.0,-25.0,0.0,PASS
RECLAIM-V2-005314,RETRY_ALL,RETRY_ALL,0.0,25.0,-25.0,-25.0,0.0,PASS
RECLAIM-V2-005315,TARGET,STANDARD_TARGET,506.7096220247787,80.0,426.7096220247787,426.7096220247787,0.0,PASS
RECLAIM-V2-005316,RETRY_ALL,RETRY_ALL,41.3551197190056,25.0,16.3551197190056,16.3551197190056,0.0,PASS
RECLAIM-V2-005317,RETRY_ALL,RETRY_ALL,51.6201278388048,25.0,26.6201278388048,26.620127838804798,-3.552713678800501e-15,PASS
RECLAIM-V2-005318,RETRY_ALL,RETRY_ALL,234.54118976612773,25.0,209.54118976612773,209.54118976612773,0.0,PASS
RECLAIM-V2-005319,RETRY_ALL,RETRY_ALL,44.0683117822314,25.0,19.0683117822314,19.068311782231397,-3.552713678800501e-15,PASS
RECLAIM-V2-005320,RETRY_ALL,RETRY_ALL,0.0,25.0,-25.0,-25.0,0.0,PASS
RECLAIM-V2-005321,RETRY_ALL,RETRY_ALL,0.0,25.0,-25.0,-25.0,0.0,PASS
RECLAIM-V2-005322,RETRY_ALL,RETRY_ALL,78.94932171454094,25.0,53.94932171454094,53.94932171454094,0.0,PASS
RECLAIM-V2-005323,RETRY_ALL,RETRY_ALL,319.47610006710914,25.0,294.47610006710914,294.47610006710914,0.0,PASS
RECLAIM-V2-005324,RETRY_ALL,RETRY_ALL,0.0,25.0,-25.0,-25.0,0.0,PASS
RECLAIM-V2-005325,RETRY_ALL,RETRY_ALL,0.0,25.0,-25.0,-25.0,0.0,PASS
RECLAIM-V2-005326,RETRY_ALL,RETRY_ALL,0.0,25.0,-25.0,-25.0,0.0,PASS
RECLAIM-V2-005327,RETRY_ALL,RETRY_ALL,0.0,25.0,-25.0,-25.0,0.0,PASS
RECLAIM-V2-005328,TARGET,MONITOR,409.5098490561447,10.0,399.5098490561447,399.5098490561447,0.0,PASS
RECLAIM-V2-005329,RETRY_ALL,RETRY_ALL,0.0,25.0,-25.0,-25.0,0.0,PASS
RECLAIM-V2-005330,RETRY_ALL,RETRY_ALL,0.0,25.0,-25.0,-25.0,0.0,PASS
RECLAIM-V2-005331,RETRY_ALL,RETRY_ALL,0.0,25.0,-25.0,-25.0,0.0,PASS
RECLAIM-V2-005332,RETRY_ALL,RETRY_ALL,0.0,25.0,-25.0,-25.0,0.0,PASS
RECLAIM-V2-005333,RETRY_ALL,RETRY_ALL,70.32019578187051,25.0,45.32019578187051,45.32019578187051,0.0,PASS
RECLAIM-V2-005334,RETRY_ALL,RETRY_ALL,259.2355133076379,25.0,234.23551330763792,234.23551330763792,0.0,PASS
RECLAIM-V2-005335,RETRY_ALL,RETRY_ALL,0.0,25.0,-25.0,-25.0,0.0,PASS
RECLAIM-V2-005336,TARGET,HIGH_INTENSITY,594.1018914454521,120.0,474.1018914454521,474.1018914454521,0.0,PASS
RECLAIM-V2-005337,RETRY_ALL,RETRY_ALL,44.52979867056795,25.0,19.52979867056795,19.52979867056795,0.0,PASS
RECLAIM-V2-005338,RETRY_ALL,RETRY_ALL,0.0,25.0,-25.0,-25.0,0.0,PASS
RECLAIM-V2-005339,RETRY_ALL,RETRY_ALL,203.44955543642595,25.0,178.44955543642595,178.44955543642595,0.0,PASS
RECLAIM-V2-005340,RETRY_ALL,RETRY_ALL,0.0,25.0,-25.0,-25.0,0.0,PASS
RECLAIM-V2-005341,RETRY_ALL,RETRY_ALL,0.0,25.0,-25.0,-25.0,0.0,PASS
RECLAIM-V2-005342,RETRY_ALL,RETRY_ALL,107.91988351206344,25.0,82.91988351206344,82.91988351206344,0.0,PASS
RECLAIM-V2-005343,RETRY_ALL,RETRY_ALL,0.0,25.0,-25.0,-25.0,0.0,PASS
RECLAIM-V2-005344,RETRY_ALL,RETRY_ALL,290.0348079689898,25.0,265.0348079689898,265.0348079689898,0.0,PASS
RECLAIM-V2-005345,RETRY_ALL,RETRY_ALL,57.678270949647,25.0,32.678270949647,32.678270949647,0.0,PASS
RECLAIM-V2-005346,RETRY_ALL,RETRY_ALL,0.0,25.0,-25.0,-25.0,0.0,PASS
RECLAIM-V2-005347,RETRY_ALL,RETRY_ALL,0.0,25.0,-25.0,-25.0,0.0,PASS
RECLAIM-V2-005348,RETRY_ALL,RETRY_ALL,225.0464008418913,25.0,200.0464008418913,200.0464008418913,0.0,PASS
RECLAIM-V2-005349,RETRY_ALL,RETRY_ALL,0.0,25.0,-25.0,-25.0,0.0,PASS
RECLAIM-V2-005350,RETRY_ALL,RETRY_ALL,285.97911672765764,25.0,260.97911672765764,260.97911672765764,0.0,PASS
RECLAIM-V2-005351,RETRY_ALL,RETRY_ALL,22.19282461798515,25.0,-2.807175382014851,-2.807175382014851,0.0,PASS
RECLAIM-V2-005352,RETRY_ALL,RETRY_ALL,9.7034218761147,25.0,-15.2965781238853,-15.2965781238853,0.0,PASS
RECLAIM-V2-005353,RETRY_ALL,RETRY_ALL,89.45482100016974,25.0,64.45482100016974,64.45482100016974,0.0,PASS
RECLAIM-V2-005354,RETRY_ALL,RETRY_ALL,383.8184806361666,25.0,358.8184806361666,358.8184806361666,0.0,PASS
RECLAIM-V2-005355,RETRY_ALL,RETRY_ALL,75.7194549996954,25.0,50.7194549996954,50.7194549996954,0.0,PASS
RECLAIM-V2-005356,RETRY_ALL,RETRY_ALL,0.0,25.0,-25.0,-25.0,0.0,PASS
RECLAIM-V2-005357,RETRY_ALL,RETRY_ALL,174.37584819738015,25.0,149.37584819738015,149.37584819738015,0.0,PASS
RECLAIM-V2-005358,RETRY_ALL,RETRY_ALL,27.3188333293584,25.0,2.3188333293584016,2.3188333293584016,0.0,PASS
RECLAIM-V2-005359,RETRY_ALL,RETRY_ALL,74.44306816655055,25.0,49.44306816655055,49.443068166550546,-7.105427357601002e-15,PASS
RECLAIM-V2-005360,RETRY_ALL,RETRY_ALL,175.60627715131636,25.0,150.60627715131636,150.60627715131636,0.0,PASS
RECLAIM-V2-005361,RETRY_ALL,RETRY_ALL,0.0,25.0,-25.0,-25.0,0.0,PASS
RECLAIM-V2-005362,RETRY_ALL,RETRY_ALL,0.0,25.0,-25.0,-25.0,0.0,PASS
RECLAIM-V2-005363,RETRY_ALL,RETRY_ALL,51.751728361925394,25.0,26.751728361925394,26.751728361925394,0.0,PASS
RECLAIM-V2-005364,RETRY_ALL,RETRY_ALL,0.0,25.0,-25.0,-25.0,0.0,PASS
RECLAIM-V2-005365,RETRY_ALL,RETRY_ALL,0.0,25.0,-25.0,-25.0,0.0,PASS
RECLAIM-V2-005366,RETRY_ALL,RETRY_ALL,313.15427620280235,25.0,288.15427620280235,288.15427620280235,0.0,PASS
RECLAIM-V2-005367,RETRY_ALL,RETRY_ALL,0.0,25.0,-25.0,-25.0,0.0,PASS
RECLAIM-V2-005368,RETRY_ALL,RETRY_ALL,0.0,25.0,-25.0,-25.0,0.0,PASS
RECLAIM-V2-005369,RETRY_ALL,RETRY_ALL,0.0,25.0,-25.0,-25.0,0.0,PASS
RECLAIM-V2-005370,RETRY_ALL,RETRY_ALL,28.3690303911843,25.0,3.3690303911843,3.3690303911842996,-4.440892098500626e-16,PASS
RECLAIM-V2-005371,RETRY_ALL,RETRY_ALL,0.0,25.0,-25.0,-25.0,0.0,PASS
RECLAIM-V2-005372,RETRY_ALL,RETRY_ALL,0.0,25.0,-25.0,-25.0,0.0,PASS
RECLAIM-V2-005373,RETRY_ALL,RETRY_ALL,141.45426080925674,25.0,116.45426080925674,116.45426080925674,0.0,PASS
RECLAIM-V2-005374,RETRY_ALL,RETRY_ALL,0.0,25.0,-25.0,-25.0,0.0,PASS
RECLAIM-V2-005375,RETRY_ALL,RETRY_ALL,0.0,25.0,-25.0,-25.0,0.0,PASS
RECLAIM-V2-005376,RETRY_ALL,RETRY_ALL,0.0,25.0,-25.0,-25.0,0.0,PASS
RECLAIM-V2-005377,RETRY_ALL,RETRY_ALL,44.35969910092065,25.0,19.35969910092065,19.35969910092065,0.0,PASS
RECLAIM-V2-005378,RETRY_ALL,RETRY_ALL,71.94426198528345,25.0,46.94426198528345,46.94426198528345,0.0,PASS
RECLAIM-V2-005379,RETRY_ALL,RETRY_ALL,0.0,25.0,-25.0,-25.0,0.0,PASS
RECLAIM-V2-005380,RETRY_ALL,RETRY_ALL,283.0381788268251,25.0,258.0381788268251,258.0381788268251,0.0,PASS
RECLAIM-V2-005381,RETRY_ALL,RETRY_ALL,241.53335639997167,25.0,216.53335639997167,216.53335639997167,0.0,PASS
RECLAIM-V2-005382,RETRY_ALL,RETRY_ALL,0.0,25.0,-25.0,-25.0,0.0,PASS
RECLAIM-V2-005383,RETRY_ALL,RETRY_ALL,69.2514252445434,25.0,44.2514252445434,44.2514252445434,0.0,PASS
RECLAIM-V2-005384,RETRY_ALL,RETRY_ALL,161.71721687047096,25.0,136.71721687047096,136.71721687047096,0.0,PASS
RECLAIM-V2-005385,RETRY_ALL,RETRY_ALL,242.4932775905292,25.0,217.4932775905292,217.4932775905292,0.0,PASS
RECLAIM-V2-005386,RETRY_ALL,RETRY_ALL,154.24403156515004,25.0,129.24403156515004,129.24403156515004,0.0,PASS
RECLAIM-V2-005387,RETRY_ALL,RETRY_ALL,0.0,25.0,-25.0,-25.0,0.0,PASS
RECLAIM-V2-005388,RETRY_ALL,RETRY_ALL,377.6043694364694,25.0,352.6043694364694,352.6043694364694,0.0,PASS
RECLAIM-V2-005389,RETRY_ALL,RETRY_ALL,271.6813935666408,25.0,246.6813935666408,246.6813935666408,0.0,PASS
RECLAIM-V2-005390,RETRY_ALL,RETRY_ALL,0.0,25.0,-25.0,-25.0,0.0,PASS
RECLAIM-V2-005391,RETRY_ALL,RETRY_ALL,0.0,25.0,-25.0,-25.0,0.0,PASS
RECLAIM-V2-005392,RETRY_ALL,RETRY_ALL,0.0,25.0,-25.0,-25.0,0.0,PASS
RECLAIM-V2-005393,TARGET,STANDARD_TARGET,489.51268694577976,80.0,409.51268694577976,409.51268694577976,0.0,PASS
RECLAIM-V2-005394,RETRY_ALL,RETRY_ALL,228.07648887000943,25.0,203.07648887000943,203.07648887000943,0.0,PASS
RECLAIM-V2-005395,RETRY_ALL,RETRY_ALL,318.93442241168054,25.0,293.93442241168054,293.93442241168054,0.0,PASS
RECLAIM-V2-005396,RETRY_ALL,RETRY_ALL,0.0,25.0,-25.0,-25.0,0.0,PASS
RECLAIM-V2-005397,RETRY_ALL,RETRY_ALL,25.3900143270642,25.0,0.3900143270642005,0.3900143270642005,0.0,PASS
RECLAIM-V2-005398,RETRY_ALL,RETRY_ALL,0.0,25.0,-25.0,-25.0,0.0,PASS
RECLAIM-V2-005399,RETRY_ALL,RETRY_ALL,0.0,25.0,-25.0,-25.0,0.0,PASS
RECLAIM-V2-005400,RETRY_ALL,RETRY_ALL,255.52892165234687,25.0,230.52892165234687,230.52892165234687,0.0,PASS
RECLAIM-V2-005401,RETRY_ALL,RETRY_ALL,26.4706347767985,25.0,1.4706347767985015,1.4706347767985015,0.0,PASS
RECLAIM-V2-005402,RETRY_ALL,RETRY_ALL,211.408972532388,25.0,186.408972532388,186.408972532388,0.0,PASS
RECLAIM-V2-005403,RETRY_ALL,RETRY_ALL,282.39824290640456,25.0,257.39824290640456,257.39824290640456,0.0,PASS
RECLAIM-V2-005404,RETRY_ALL,RETRY_ALL,0.0,25.0,-25.0,-25.0,0.0,PASS
RECLAIM-V2-005405,RETRY_ALL,RETRY_ALL,0.0,25.0,-25.0,-25.0,0.0,PASS
RECLAIM-V2-005406,RETRY_ALL,RETRY_ALL,0.0,25.0,-25.0,-25.0,0.0,PASS
RECLAIM-V2-005407,RETRY_ALL,RETRY_ALL,0.0,25.0,-25.0,-25.0,0.0,PASS
RECLAIM-V2-005408,RETRY_ALL,RETRY_ALL,305.22592357554345,25.0,280.22592357554345,280.22592357554345,0.0,PASS
RECLAIM-V2-005409,RETRY_ALL,RETRY_ALL,0.0,25.0,-25.0,-25.0,0.0,PASS
RECLAIM-V2-005410,RETRY_ALL,RETRY_ALL,0.0,25.0,-25.0,-25.0,0.0,PASS
RECLAIM-V2-005411,RETRY_ALL,RETRY_ALL,195.2382548111148,25.0,170.2382548111148,170.2382548111148,0.0,PASS
RECLAIM-V2-005412,RETRY_ALL,RETRY_ALL,0.0,25.0,-25.0,-25.0,0.0,PASS
RECLAIM-V2-005413,RETRY_ALL,RETRY_ALL,0.0,25.0,-25.0,-25.0,0.0,PASS
RECLAIM-V2-005414,RETRY_ALL,RETRY_ALL,0.0,25.0,-25.0,-25.0,0.0,PASS
RECLAIM-V2-005415,RETRY_ALL,RETRY_ALL,0.0,25.0,-25.0,-25.0,0.0,PASS
RECLAIM-V2-005416,RETRY_ALL,RETRY_ALL,211.8730087048025,25.0,186.8730087048025,186.8730087048025,0.0,PASS
RECLAIM-V2-005417,RETRY_ALL,RETRY_ALL,16.3067473907055,25.0,-8.6932526092945,-8.6932526092945,0.0,PASS
RECLAIM-V2-005418,RETRY_ALL,RETRY_ALL,0.0,25.0,-25.0,-25.0,0.0,PASS
RECLAIM-V2-005419,RETRY_ALL,RETRY_ALL,0.0,25.0,-25.0,-25.0,0.0,PASS
RECLAIM-V2-005420,RETRY_ALL,RETRY_ALL,0.0,25.0,-25.0,-25.0,0.0,PASS
RECLAIM-V2-005421,RETRY_ALL,RETRY_ALL,0.0,25.0,-25.0,-25.0,0.0,PASS
RECLAIM-V2-005422,RETRY_ALL,RETRY_ALL,0.0,25.0,-25.0,-25.0,0.0,PASS
RECLAIM-V2-005423,RETRY_ALL,RETRY_ALL,373.3598929253217,25.0,348.3598929253217,348.3598929253217,0.0,PASS
RECLAIM-V2-005424,RETRY_ALL,RETRY_ALL,327.3059558161854,25.0,302.3059558161854,302.3059558161854,0.0,PASS
RECLAIM-V2-005425,TARGET,STANDARD_TARGET,496.2515765278176,80.0,416.2515765278176,416.2515765278176,0.0,PASS
RECLAIM-V2-005426,RETRY_ALL,RETRY_ALL,309.61180343711953,25.0,284.61180343711953,284.61180343711953,0.0,PASS
RECLAIM-V2-005427,TARGET,MONITOR,421.2646383766035,10.0,411.2646383766035,411.2646383766035,0.0,PASS
RECLAIM-V2-005428,TARGET,STANDARD_TARGET,486.0561141144414,80.0,406.0561141144414,406.0561141144414,0.0,PASS
RECLAIM-V2-005429,RETRY_ALL,RETRY_ALL,231.7701432164871,25.0,206.7701432164871,206.7701432164871,0.0,PASS
RECLAIM-V2-005430,RETRY_ALL,RETRY_ALL,225.83825157394503,25.0,200.83825157394503,200.83825157394503,0.0,PASS
RECLAIM-V2-005431,RETRY_ALL,RETRY_ALL,0.0,25.0,-25.0,-25.0,0.0,PASS
RECLAIM-V2-005432,RETRY_ALL,RETRY_ALL,127.37801992625008,25.0,102.37801992625008,102.37801992625008,0.0,PASS
RECLAIM-V2-005433,RETRY_ALL,RETRY_ALL,195.337039351104,25.0,170.337039351104,170.337039351104,0.0,PASS
RECLAIM-V2-005434,RETRY_ALL,RETRY_ALL,303.4249499606628,25.0,278.4249499606628,278.4249499606628,0.0,PASS
RECLAIM-V2-005435,RETRY_ALL,RETRY_ALL,0.0,25.0,-25.0,-25.0,0.0,PASS
RECLAIM-V2-005436,RETRY_ALL,RETRY_ALL,0.0,25.0,-25.0,-25.0,0.0,PASS
RECLAIM-V2-005437,RETRY_ALL,RETRY_ALL,360.39482414018727,25.0,335.39482414018727,335.39482414018727,0.0,PASS
RECLAIM-V2-005438,RETRY_ALL,RETRY_ALL,323.44035136263074,25.0,298.44035136263074,298.44035136263074,0.0,PASS
RECLAIM-V2-005439,RETRY_ALL,RETRY_ALL,0.0,25.0,-25.0,-25.0,0.0,PASS
RECLAIM-V2-005440,RETRY_ALL,RETRY_ALL,294.5910007584699,25.0,269.5910007584699,269.5910007584699,0.0,PASS
RECLAIM-V2-005441,RETRY_ALL,RETRY_ALL,0.0,25.0,-25.0,-25.0,0.0,PASS
RECLAIM-V2-005442,RETRY_ALL,RETRY_ALL,24.59609176899225,25.0,-0.4039082310077511,-0.4039082310077511,0.0,PASS
RECLAIM-V2-005443,RETRY_ALL,RETRY_ALL,67.0415790958875,25.0,42.0415790958875,42.0415790958875,0.0,PASS
RECLAIM-V2-005444,RETRY_ALL,RETRY_ALL,0.0,25.0,-25.0,-25.0,0.0,PASS
RECLAIM-V2-005445,RETRY_ALL,RETRY_ALL,0.0,25.0,-25.0,-25.0,0.0,PASS
RECLAIM-V2-005446,RETRY_ALL,RETRY_ALL,307.3372213857019,25.0,282.3372213857019,282.3372213857019,0.0,PASS
RECLAIM-V2-005447,RETRY_ALL,RETRY_ALL,0.0,25.0,-25.0,-25.0,0.0,PASS
RECLAIM-V2-005448,RETRY_ALL,RETRY_ALL,0.0,25.0,-25.0,-25.0,0.0,PASS
RECLAIM-V2-005449,RETRY_ALL,RETRY_ALL,72.5207334695679,25.0,47.5207334695679,47.5207334695679,0.0,PASS
RECLAIM-V2-005450,RETRY_ALL,RETRY_ALL,134.48117912876293,25.0,109.48117912876292,109.48117912876293,1.4210854715202004e-14,PASS
RECLAIM-V2-005451,RETRY_ALL,RETRY_ALL,322.1954580088671,25.0,297.1954580088671,297.1954580088671,0.0,PASS
RECLAIM-V2-005452,RETRY_ALL,RETRY_ALL,0.0,25.0,-25.0,-25.0,0.0,PASS
RECLAIM-V2-005453,RETRY_ALL,RETRY_ALL,68.10473865074505,25.0,43.10473865074505,43.10473865074505,0.0,PASS
RECLAIM-V2-005454,RETRY_ALL,RETRY_ALL,0.0,25.0,-25.0,-25.0,0.0,PASS
RECLAIM-V2-005455,RETRY_ALL,RETRY_ALL,350.0888418941832,25.0,325.0888418941832,325.0888418941832,0.0,PASS
RECLAIM-V2-005456,RETRY_ALL,RETRY_ALL,179.45417584656255,25.0,154.45417584656255,154.45417584656255,0.0,PASS
RECLAIM-V2-005457,RETRY_ALL,RETRY_ALL,0.0,25.0,-25.0,-25.0,0.0,PASS
RECLAIM-V2-005458,RETRY_ALL,RETRY_ALL,0.0,25.0,-25.0,-25.0,0.0,PASS
RECLAIM-V2-005459,RETRY_ALL,RETRY_ALL,315.70717480364056,25.0,290.70717480364056,290.70717480364056,0.0,PASS
RECLAIM-V2-005460,RETRY_ALL,RETRY_ALL,169.5027225662061,25.0,144.5027225662061,144.5027225662061,0.0,PASS
RECLAIM-V2-005461,RETRY_ALL,RETRY_ALL,0.0,25.0,-25.0,-25.0,0.0,PASS
RECLAIM-V2-005462,RETRY_ALL,RETRY_ALL,0.0,25.0,-25.0,-25.0,0.0,PASS
RECLAIM-V2-005463,RETRY_ALL,RETRY_ALL,300.456803922735,25.0,275.456803922735,275.456803922735,0.0,PASS
RECLAIM-V2-005464,RETRY_ALL,RETRY_ALL,0.0,25.0,-25.0,-25.0,0.0,PASS
RECLAIM-V2-005465,TARGET,STANDARD_TARGET,483.34531923925215,80.0,403.34531923925215,403.34531923925215,0.0,PASS
RECLAIM-V2-005466,TARGET,STANDARD_TARGET,518.5604355388803,80.0,438.56043553888026,438.56043553888026,0.0,PASS
RECLAIM-V2-005467,RETRY_ALL,RETRY_ALL,22.02216420784335,25.0,-2.9778357921566503,-2.9778357921566503,0.0,PASS
RECLAIM-V2-005468,RETRY_ALL,RETRY_ALL,96.50550257767874,25.0,71.50550257767874,71.50550257767874,0.0,PASS
RECLAIM-V2-005469,RETRY_ALL,RETRY_ALL,382.9885317750672,25.0,357.9885317750672,357.9885317750672,0.0,PASS
RECLAIM-V2-005470,RETRY_ALL,RETRY_ALL,0.0,25.0,-25.0,-25.0,0.0,PASS
RECLAIM-V2-005471,RETRY_ALL,RETRY_ALL,278.7758241455612,25.0,253.7758241455612,253.77582414556122,2.842170943040401e-14,PASS
RECLAIM-V2-005472,RETRY_ALL,RETRY_ALL,0.0,25.0,-25.0,-25.0,0.0,PASS
RECLAIM-V2-005473,RETRY_ALL,RETRY_ALL,52.193941414827,25.0,27.193941414827,27.193941414827002,3.552713678800501e-15,PASS
RECLAIM-V2-005474,RETRY_ALL,RETRY_ALL,263.9220049747833,25.0,238.9220049747833,238.9220049747833,0.0,PASS
RECLAIM-V2-005475,RETRY_ALL,RETRY_ALL,19.3707923116107,25.0,-5.6292076883893,-5.6292076883893,0.0,PASS
RECLAIM-V2-005476,TARGET,MONITOR,418.3589807804229,10.0,408.3589807804229,408.3589807804229,0.0,PASS
RECLAIM-V2-005477,RETRY_ALL,RETRY_ALL,128.59446896617277,25.0,103.59446896617276,103.59446896617277,1.4210854715202004e-14,PASS
RECLAIM-V2-005478,RETRY_ALL,RETRY_ALL,50.84402677998855,25.0,25.84402677998856,25.844026779988553,-7.105427357601002e-15,PASS
RECLAIM-V2-005479,TARGET,MONITOR,402.2240520764825,10.0,392.2240520764825,392.2240520764825,0.0,PASS
RECLAIM-V2-005480,RETRY_ALL,RETRY_ALL,0.0,25.0,-25.0,-25.0,0.0,PASS
RECLAIM-V2-005481,RETRY_ALL,RETRY_ALL,0.0,25.0,-25.0,-25.0,0.0,PASS
RECLAIM-V2-005482,RETRY_ALL,RETRY_ALL,0.0,25.0,-25.0,-25.0,0.0,PASS
RECLAIM-V2-005483,RETRY_ALL,RETRY_ALL,42.4926185078496,25.0,17.4926185078496,17.4926185078496,0.0,PASS
RECLAIM-V2-005484,RETRY_ALL,RETRY_ALL,288.9418490006148,25.0,263.9418490006148,263.9418490006148,0.0,PASS
RECLAIM-V2-005485,RETRY_ALL,RETRY_ALL,65.80156436779215,25.0,40.80156436779215,40.80156436779215,0.0,PASS
RECLAIM-V2-005486,RETRY_ALL,RETRY_ALL,212.8479061235844,25.0,187.8479061235844,187.8479061235844,0.0,PASS
RECLAIM-V2-005487,RETRY_ALL,RETRY_ALL,305.4864960730981,25.0,280.4864960730981,280.4864960730981,0.0,PASS
RECLAIM-V2-005488,RETRY_ALL,RETRY_ALL,166.1633502269034,25.0,141.1633502269034,141.1633502269034,0.0,PASS
RECLAIM-V2-005489,RETRY_ALL,RETRY_ALL,0.0,25.0,-25.0,-25.0,0.0,PASS
RECLAIM-V2-005490,RETRY_ALL,RETRY_ALL,0.0,25.0,-25.0,-25.0,0.0,PASS
RECLAIM-V2-005491,RETRY_ALL,RETRY_ALL,0.0,25.0,-25.0,-25.0,0.0,PASS
RECLAIM-V2-005492,RETRY_ALL,RETRY_ALL,0.0,25.0,-25.0,-25.0,0.0,PASS
RECLAIM-V2-005493,RETRY_ALL,RETRY_ALL,0.0,25.0,-25.0,-25.0,0.0,PASS
RECLAIM-V2-005494,RETRY_ALL,RETRY_ALL,276.60895033846083,25.0,251.60895033846083,251.60895033846083,0.0,PASS
RECLAIM-V2-005495,RETRY_ALL,RETRY_ALL,0.0,25.0,-25.0,-25.0,0.0,PASS
RECLAIM-V2-005496,RETRY_ALL,RETRY_ALL,0.0,25.0,-25.0,-25.0,0.0,PASS
RECLAIM-V2-005497,RETRY_ALL,RETRY_ALL,0.0,25.0,-25.0,-25.0,0.0,PASS
RECLAIM-V2-005498,RETRY_ALL,RETRY_ALL,22.2136577843625,25.0,-2.7863422156375,-2.7863422156375,0.0,PASS
RECLAIM-V2-005499,RETRY_ALL,RETRY_ALL,4.97932377004275,25.0,-20.02067622995725,-20.02067622995725,0.0,PASS
RECLAIM-V2-005500,RETRY_ALL,RETRY_ALL,0.0,25.0,-25.0,-25.0,0.0,PASS
RECLAIM-V2-005501,RETRY_ALL,RETRY_ALL,0.0,25.0,-25.0,-25.0,0.0,PASS
RECLAIM-V2-005502,RETRY_ALL,RETRY_ALL,372.26925080374497,25.0,347.26925080374497,347.26925080374497,0.0,PASS
RECLAIM-V2-005503,RETRY_ALL,RETRY_ALL,43.79312454858135,25.0,18.79312454858136,18.793124548581353,-7.105427357601002e-15,PASS
RECLAIM-V2-005504,RETRY_ALL,RETRY_ALL,0.0,25.0,-25.0,-25.0,0.0,PASS
RECLAIM-V2-005505,RETRY_ALL,RETRY_ALL,0.0,25.0,-25.0,-25.0,0.0,PASS
RECLAIM-V2-005506,RETRY_ALL,RETRY_ALL,276.1866091312793,25.0,251.18660913127928,251.18660913127928,0.0,PASS
RECLAIM-V2-005507,RETRY_ALL,RETRY_ALL,298.1582496149707,25.0,273.1582496149707,273.1582496149707,0.0,PASS
RECLAIM-V2-005508,RETRY_ALL,RETRY_ALL,0.0,25.0,-25.0,-25.0,0.0,PASS
RECLAIM-V2-005509,RETRY_ALL,RETRY_ALL,0.0,25.0,-25.0,-25.0,0.0,PASS
RECLAIM-V2-005510,RETRY_ALL,RETRY_ALL,0.0,25.0,-25.0,-25.0,0.0,PASS
RECLAIM-V2-005511,RETRY_ALL,RETRY_ALL,236.2445950761399,25.0,211.2445950761399,211.2445950761399,0.0,PASS
RECLAIM-V2-005512,RETRY_ALL,RETRY_ALL,248.89153729374425,25.0,223.89153729374425,223.89153729374425,0.0,PASS
RECLAIM-V2-005513,RETRY_ALL,RETRY_ALL,259.0993985950461,25.0,234.09939859504613,234.09939859504613,0.0,PASS
RECLAIM-V2-005514,TARGET,STANDARD_TARGET,500.2560448588852,80.0,420.2560448588852,420.2560448588852,0.0,PASS
RECLAIM-V2-005515,RETRY_ALL,RETRY_ALL,312.8487980490645,25.0,287.8487980490645,287.8487980490645,0.0,PASS
RECLAIM-V2-005516,RETRY_ALL,RETRY_ALL,0.0,25.0,-25.0,-25.0,0.0,PASS
RECLAIM-V2-005517,RETRY_ALL,RETRY_ALL,34.09664053942455,25.0,9.096640539424548,9.096640539424548,0.0,PASS
RECLAIM-V2-005518,RETRY_ALL,RETRY_ALL,0.0,25.0,-25.0,-25.0,0.0,PASS
RECLAIM-V2-005519,RETRY_ALL,RETRY_ALL,0.0,25.0,-25.0,-25.0,0.0,PASS
RECLAIM-V2-005520,RETRY_ALL,RETRY_ALL,7.07744071670325,25.0,-17.92255928329675,-17.92255928329675,0.0,PASS
RECLAIM-V2-005521,RETRY_ALL,RETRY_ALL,0.0,25.0,-25.0,-25.0,0.0,PASS
RECLAIM-V2-005522,RETRY_ALL,RETRY_ALL,0.0,25.0,-25.0,-25.0,0.0,PASS
RECLAIM-V2-005523,RETRY_ALL,RETRY_ALL,92.97382368498523,25.0,67.97382368498523,67.97382368498523,0.0,PASS
RECLAIM-V2-005524,RETRY_ALL,RETRY_ALL,0.0,25.0,-25.0,-25.0,0.0,PASS
RECLAIM-V2-005525,RETRY_ALL,RETRY_ALL,24.93689592354735,25.0,-0.0631040764526496,-0.0631040764526496,0.0,PASS
RECLAIM-V2-005526,RETRY_ALL,RETRY_ALL,0.0,25.0,-25.0,-25.0,0.0,PASS
RECLAIM-V2-005527,TARGET,MONITOR,408.5291812724965,10.0,398.5291812724965,398.5291812724965,0.0,PASS
RECLAIM-V2-005528,RETRY_ALL,RETRY_ALL,219.10594835808465,25.0,194.10594835808465,194.10594835808465,0.0,PASS
RECLAIM-V2-005529,RETRY_ALL,RETRY_ALL,41.4262038318894,25.0,16.426203831889403,16.426203831889403,0.0,PASS
RECLAIM-V2-005530,RETRY_ALL,RETRY_ALL,3.2047853511237,25.0,-21.7952146488763,-21.7952146488763,0.0,PASS
RECLAIM-V2-005531,RETRY_ALL,RETRY_ALL,0.0,25.0,-25.0,-25.0,0.0,PASS
RECLAIM-V2-005532,RETRY_ALL,RETRY_ALL,258.26698616264053,25.0,233.2669861626405,233.26698616264053,2.842170943040401e-14,PASS
RECLAIM-V2-005533,RETRY_ALL,RETRY_ALL,248.6579142216404,25.0,223.6579142216404,223.6579142216404,0.0,PASS
RECLAIM-V2-005534,RETRY_ALL,RETRY_ALL,85.7734341817347,25.0,60.7734341817347,60.7734341817347,0.0,PASS
RECLAIM-V2-005535,RETRY_ALL,RETRY_ALL,174.7137554893053,25.0,149.7137554893053,149.7137554893053,0.0,PASS
RECLAIM-V2-005536,RETRY_ALL,RETRY_ALL,148.87341922434675,25.0,123.87341922434676,123.87341922434675,-1.4210854715202004e-14,PASS
RECLAIM-V2-005537,RETRY_ALL,RETRY_ALL,25.24876916589555,25.0,0.2487691658955491,0.2487691658955491,0.0,PASS
RECLAIM-V2-005538,RETRY_ALL,RETRY_ALL,0.0,25.0,-25.0,-25.0,0.0,PASS
RECLAIM-V2-005539,RETRY_ALL,RETRY_ALL,65.50665373152705,25.0,40.50665373152705,40.50665373152705,0.0,PASS
RECLAIM-V2-005540,RETRY_ALL,RETRY_ALL,0.0,25.0,-25.0,-25.0,0.0,PASS
RECLAIM-V2-005541,TARGET,STANDARD_TARGET,505.3509772879587,80.0,425.3509772879587,425.3509772879587,0.0,PASS
RECLAIM-V2-005542,RETRY_ALL,RETRY_ALL,306.98464822165647,25.0,281.98464822165647,281.98464822165647,0.0,PASS
RECLAIM-V2-005543,RETRY_ALL,RETRY_ALL,0.0,25.0,-25.0,-25.0,0.0,PASS
RECLAIM-V2-005544,RETRY_ALL,RETRY_ALL,223.5372069858884,25.0,198.5372069858884,198.5372069858884,0.0,PASS
RECLAIM-V2-005545,RETRY_ALL,RETRY_ALL,67.88579602278331,25.0,42.88579602278331,42.88579602278331,0.0,PASS
RECLAIM-V2-005546,RETRY_ALL,RETRY_ALL,0.0,25.0,-25.0,-25.0,0.0,PASS
RECLAIM-V2-005547,RETRY_ALL,RETRY_ALL,0.0,25.0,-25.0,-25.0,0.0,PASS
RECLAIM-V2-005548,RETRY_ALL,RETRY_ALL,0.0,25.0,-25.0,-25.0,0.0,PASS
RECLAIM-V2-005549,RETRY_ALL,RETRY_ALL,321.341334898146,25.0,296.341334898146,296.341334898146,0.0,PASS
RECLAIM-V2-005550,RETRY_ALL,RETRY_ALL,0.0,25.0,-25.0,-25.0,0.0,PASS
RECLAIM-V2-005551,RETRY_ALL,RETRY_ALL,288.2515825410723,25.0,263.2515825410723,263.2515825410723,0.0,PASS
RECLAIM-V2-005552,RETRY_ALL,RETRY_ALL,148.11386340102314,25.0,123.11386340102314,123.11386340102314,0.0,PASS
RECLAIM-V2-005553,RETRY_ALL,RETRY_ALL,182.6638243860486,25.0,157.6638243860486,157.6638243860486,0.0,PASS
RECLAIM-V2-005554,RETRY_ALL,RETRY_ALL,0.0,25.0,-25.0,-25.0,0.0,PASS
RECLAIM-V2-005555,RETRY_ALL,RETRY_ALL,0.0,25.0,-25.0,-25.0,0.0,PASS
RECLAIM-V2-005556,RETRY_ALL,RETRY_ALL,0.0,25.0,-25.0,-25.0,0.0,PASS
RECLAIM-V2-005557,RETRY_ALL,RETRY_ALL,0.0,25.0,-25.0,-25.0,0.0,PASS
RECLAIM-V2-005558,RETRY_ALL,RETRY_ALL,0.0,25.0,-25.0,-25.0,0.0,PASS
RECLAIM-V2-005559,RETRY_ALL,RETRY_ALL,0.0,25.0,-25.0,-25.0,0.0,PASS
RECLAIM-V2-005560,RETRY_ALL,RETRY_ALL,191.68555789735697,25.0,166.68555789735697,166.68555789735697,0.0,PASS
RECLAIM-V2-005561,RETRY_ALL,RETRY_ALL,0.0,25.0,-25.0,-25.0,0.0,PASS
RECLAIM-V2-005562,RETRY_ALL,RETRY_ALL,36.6888674637915,25.0,11.688867463791505,11.688867463791503,-1.7763568394002505e-15,PASS
RECLAIM-V2-005563,RETRY_ALL,RETRY_ALL,201.0818894627628,25.0,176.0818894627628,176.0818894627628,0.0,PASS
RECLAIM-V2-005564,RETRY_ALL,RETRY_ALL,152.20397547201014,25.0,127.20397547201014,127.20397547201014,0.0,PASS
RECLAIM-V2-005565,RETRY_ALL,RETRY_ALL,0.0,25.0,-25.0,-25.0,0.0,PASS
RECLAIM-V2-005566,RETRY_ALL,RETRY_ALL,0.0,25.0,-25.0,-25.0,0.0,PASS
RECLAIM-V2-005567,RETRY_ALL,RETRY_ALL,215.35875561711725,25.0,190.35875561711725,190.35875561711725,0.0,PASS
RECLAIM-V2-005568,RETRY_ALL,RETRY_ALL,163.90228798206013,25.0,138.90228798206013,138.90228798206013,0.0,PASS
RECLAIM-V2-005569,RETRY_ALL,RETRY_ALL,0.0,25.0,-25.0,-25.0,0.0,PASS
RECLAIM-V2-005570,RETRY_ALL,RETRY_ALL,16.2301202336946,25.0,-8.769879766305401,-8.769879766305401,0.0,PASS
RECLAIM-V2-005571,RETRY_ALL,RETRY_ALL,0.0,25.0,-25.0,-25.0,0.0,PASS
RECLAIM-V2-005572,RETRY_ALL,RETRY_ALL,0.0,25.0,-25.0,-25.0,0.0,PASS
RECLAIM-V2-005573,RETRY_ALL,RETRY_ALL,378.887271433956,25.0,353.887271433956,353.887271433956,0.0,PASS
RECLAIM-V2-005574,RETRY_ALL,RETRY_ALL,261.15860356865824,25.0,236.15860356865824,236.15860356865824,0.0,PASS
RECLAIM-V2-005575,RETRY_ALL,RETRY_ALL,0.0,25.0,-25.0,-25.0,0.0,PASS
RECLAIM-V2-005576,RETRY_ALL,RETRY_ALL,55.5329034936453,25.0,30.5329034936453,30.5329034936453,0.0,PASS
RECLAIM-V2-005577,RETRY_ALL,RETRY_ALL,389.4404751816489,25.0,364.4404751816489,364.4404751816489,0.0,PASS
RECLAIM-V2-005578,RETRY_ALL,RETRY_ALL,0.0,25.0,-25.0,-25.0,0.0,PASS
RECLAIM-V2-005579,RETRY_ALL,RETRY_ALL,142.62258042034546,25.0,117.62258042034546,117.62258042034546,0.0,PASS
RECLAIM-V2-005580,RETRY_ALL,RETRY_ALL,388.9043020427732,25.0,363.9043020427732,363.9043020427732,0.0,PASS
RECLAIM-V2-005581,RETRY_ALL,RETRY_ALL,0.0,25.0,-25.0,-25.0,0.0,PASS
RECLAIM-V2-005582,RETRY_ALL,RETRY_ALL,310.8342096602277,25.0,285.8342096602277,285.8342096602277,0.0,PASS
RECLAIM-V2-005583,RETRY_ALL,RETRY_ALL,182.1543642274452,25.0,157.1543642274452,157.1543642274452,0.0,PASS
RECLAIM-V2-005584,RETRY_ALL,RETRY_ALL,180.1717765510173,25.0,155.1717765510173,155.1717765510173,0.0,PASS
RECLAIM-V2-005585,RETRY_ALL,RETRY_ALL,0.0,25.0,-25.0,-25.0,0.0,PASS
RECLAIM-V2-005586,RETRY_ALL,RETRY_ALL,0.0,25.0,-25.0,-25.0,0.0,PASS
RECLAIM-V2-005587,RETRY_ALL,RETRY_ALL,0.0,25.0,-25.0,-25.0,0.0,PASS
RECLAIM-V2-005588,RETRY_ALL,RETRY_ALL,0.0,25.0,-25.0,-25.0,0.0,PASS
RECLAIM-V2-005589,RETRY_ALL,RETRY_ALL,194.9427037016586,25.0,169.9427037016586,169.9427037016586,0.0,PASS
RECLAIM-V2-005590,RETRY_ALL,RETRY_ALL,0.0,25.0,-25.0,-25.0,0.0,PASS
RECLAIM-V2-005591,RETRY_ALL,RETRY_ALL,0.0,25.0,-25.0,-25.0,0.0,PASS
RECLAIM-V2-005592,RETRY_ALL,RETRY_ALL,0.0,25.0,-25.0,-25.0,0.0,PASS
RECLAIM-V2-005593,RETRY_ALL,RETRY_ALL,0.0,25.0,-25.0,-25.0,0.0,PASS
RECLAIM-V2-005594,RETRY_ALL,RETRY_ALL,131.5438451519139,25.0,106.5438451519139,106.5438451519139,0.0,PASS
RECLAIM-V2-005595,RETRY_ALL,RETRY_ALL,57.79445433619515,25.0,32.79445433619515,32.79445433619515,0.0,PASS
RECLAIM-V2-005596,RETRY_ALL,RETRY_ALL,0.0,25.0,-25.0,-25.0,0.0,PASS
RECLAIM-V2-005597,RETRY_ALL,RETRY_ALL,67.4902437225624,25.0,42.4902437225624,42.4902437225624,0.0,PASS
RECLAIM-V2-005598,RETRY_ALL,RETRY_ALL,65.56730570142585,25.0,40.56730570142585,40.56730570142585,0.0,PASS
RECLAIM-V2-005599,RETRY_ALL,RETRY_ALL,0.0,25.0,-25.0,-25.0,0.0,PASS
RECLAIM-V2-005600,RETRY_ALL,RETRY_ALL,339.9386198733428,25.0,314.9386198733428,314.9386198733428,0.0,PASS
RECLAIM-V2-005601,RETRY_ALL,RETRY_ALL,284.8922182549902,25.0,259.8922182549902,259.8922182549902,0.0,PASS
RECLAIM-V2-005602,RETRY_ALL,RETRY_ALL,0.0,25.0,-25.0,-25.0,0.0,PASS
RECLAIM-V2-005603,RETRY_ALL,RETRY_ALL,0.0,25.0,-25.0,-25.0,0.0,PASS
RECLAIM-V2-005604,RETRY_ALL,RETRY_ALL,0.0,25.0,-25.0,-25.0,0.0,PASS
RECLAIM-V2-005605,RETRY_ALL,RETRY_ALL,267.6103634327192,25.0,242.61036343271925,242.61036343271923,-2.842170943040401e-14,PASS
RECLAIM-V2-005606,RETRY_ALL,RETRY_ALL,0.0,25.0,-25.0,-25.0,0.0,PASS
RECLAIM-V2-005607,RETRY_ALL,RETRY_ALL,24.755846006188506,25.0,-0.2441539938114942,-0.24415399381149427,-8.326672684688674e-17,PASS
RECLAIM-V2-005608,TARGET,MONITOR,404.4279043080944,10.0,394.4279043080944,394.4279043080944,0.0,PASS
RECLAIM-V2-005609,RETRY_ALL,RETRY_ALL,0.0,25.0,-25.0,-25.0,0.0,PASS
RECLAIM-V2-005610,RETRY_ALL,RETRY_ALL,193.4852064837321,25.0,168.4852064837321,168.4852064837321,0.0,PASS
RECLAIM-V2-005611,RETRY_ALL,RETRY_ALL,52.79698146382245,25.0,27.796981463822448,27.796981463822448,0.0,PASS
RECLAIM-V2-005612,RETRY_ALL,RETRY_ALL,345.15882514900755,25.0,320.15882514900755,320.15882514900755,0.0,PASS
RECLAIM-V2-005613,RETRY_ALL,RETRY_ALL,55.15864427077874,25.0,30.158644270778737,30.158644270778737,0.0,PASS
RECLAIM-V2-005614,RETRY_ALL,RETRY_ALL,340.94206925420445,25.0,315.94206925420445,315.94206925420445,0.0,PASS
RECLAIM-V2-005615,RETRY_ALL,RETRY_ALL,237.95436269436425,25.0,212.95436269436425,212.95436269436425,0.0,PASS
RECLAIM-V2-005616,RETRY_ALL,RETRY_ALL,223.3570119668381,25.0,198.3570119668381,198.3570119668381,0.0,PASS
RECLAIM-V2-005617,RETRY_ALL,RETRY_ALL,296.1350168993528,25.0,271.1350168993528,271.1350168993528,0.0,PASS
RECLAIM-V2-005618,RETRY_ALL,RETRY_ALL,62.4224381507649,25.0,37.4224381507649,37.4224381507649,0.0,PASS
RECLAIM-V2-005619,RETRY_ALL,RETRY_ALL,0.0,25.0,-25.0,-25.0,0.0,PASS
RECLAIM-V2-005620,RETRY_ALL,RETRY_ALL,260.1533007547887,25.0,235.1533007547887,235.1533007547887,0.0,PASS
RECLAIM-V2-005621,RETRY_ALL,RETRY_ALL,0.29735262733365,25.0,-24.70264737266635,-24.70264737266635,0.0,PASS
RECLAIM-V2-005622,RETRY_ALL,RETRY_ALL,0.0,25.0,-25.0,-25.0,0.0,PASS
RECLAIM-V2-005623,RETRY_ALL,RETRY_ALL,0.0,25.0,-25.0,-25.0,0.0,PASS
RECLAIM-V2-005624,RETRY_ALL,RETRY_ALL,0.0,25.0,-25.0,-25.0,0.0,PASS
RECLAIM-V2-005625,RETRY_ALL,RETRY_ALL,6.48350606077305,25.0,-18.51649393922695,-18.51649393922695,0.0,PASS
RECLAIM-V2-005626,RETRY_ALL,RETRY_ALL,0.0,25.0,-25.0,-25.0,0.0,PASS
RECLAIM-V2-005627,RETRY_ALL,RETRY_ALL,203.7491561755029,25.0,178.7491561755029,178.7491561755029,0.0,PASS
RECLAIM-V2-005628,RETRY_ALL,RETRY_ALL,0.0,25.0,-25.0,-25.0,0.0,PASS
RECLAIM-V2-005629,RETRY_ALL,RETRY_ALL,293.5136630065464,25.0,268.5136630065464,268.5136630065464,0.0,PASS
RECLAIM-V2-005630,RETRY_ALL,RETRY_ALL,81.18920973362205,25.0,56.18920973362205,56.18920973362205,0.0,PASS
RECLAIM-V2-005631,RETRY_ALL,RETRY_ALL,0.0,25.0,-25.0,-25.0,0.0,PASS
RECLAIM-V2-005632,RETRY_ALL,RETRY_ALL,288.36155704200297,25.0,263.36155704200297,263.36155704200297,0.0,PASS
RECLAIM-V2-005633,RETRY_ALL,RETRY_ALL,0.0,25.0,-25.0,-25.0,0.0,PASS
RECLAIM-V2-005634,RETRY_ALL,RETRY_ALL,0.0,25.0,-25.0,-25.0,0.0,PASS
RECLAIM-V2-005635,RETRY_ALL,RETRY_ALL,0.0,25.0,-25.0,-25.0,0.0,PASS
RECLAIM-V2-005636,RETRY_ALL,RETRY_ALL,0.0,25.0,-25.0,-25.0,0.0,PASS
RECLAIM-V2-005637,RETRY_ALL,RETRY_ALL,0.0,25.0,-25.0,-25.0,0.0,PASS
RECLAIM-V2-005638,RETRY_ALL,RETRY_ALL,286.90064798293633,25.0,261.90064798293633,261.90064798293633,0.0,PASS
RECLAIM-V2-005639,RETRY_ALL,RETRY_ALL,0.0,25.0,-25.0,-25.0,0.0,PASS
RECLAIM-V2-005640,RETRY_ALL,RETRY_ALL,53.711100766866,25.0,28.711100766866,28.711100766865997,-3.552713678800501e-15,PASS
RECLAIM-V2-005641,TARGET,LOW_INTENSITY,460.46248669348455,45.0,415.46248669348455,415.46248669348455,0.0,PASS
RECLAIM-V2-005642,RETRY_ALL,RETRY_ALL,55.56436336274594,25.0,30.564363362745937,30.564363362745937,0.0,PASS
RECLAIM-V2-005643,RETRY_ALL,RETRY_ALL,108.65258318403224,25.0,83.65258318403224,83.65258318403224,0.0,PASS
RECLAIM-V2-005644,RETRY_ALL,RETRY_ALL,26.0601118045317,25.0,1.0601118045317008,1.0601118045317008,0.0,PASS
RECLAIM-V2-005645,RETRY_ALL,RETRY_ALL,367.5768556751553,25.0,342.5768556751553,342.5768556751553,0.0,PASS
RECLAIM-V2-005646,RETRY_ALL,RETRY_ALL,293.51982890649657,25.0,268.51982890649657,268.51982890649657,0.0,PASS
RECLAIM-V2-005647,RETRY_ALL,RETRY_ALL,0.0,25.0,-25.0,-25.0,0.0,PASS
RECLAIM-V2-005648,RETRY_ALL,RETRY_ALL,0.0,25.0,-25.0,-25.0,0.0,PASS
RECLAIM-V2-005649,RETRY_ALL,RETRY_ALL,318.14885275015365,25.0,293.14885275015365,293.14885275015365,0.0,PASS
RECLAIM-V2-005650,RETRY_ALL,RETRY_ALL,354.7965260766366,25.0,329.7965260766366,329.7965260766366,0.0,PASS
RECLAIM-V2-005651,RETRY_ALL,RETRY_ALL,0.0,25.0,-25.0,-25.0,0.0,PASS
RECLAIM-V2-005652,RETRY_ALL,RETRY_ALL,0.0,25.0,-25.0,-25.0,0.0,PASS
RECLAIM-V2-005653,RETRY_ALL,RETRY_ALL,293.482608425976,25.0,268.482608425976,268.482608425976,0.0,PASS
RECLAIM-V2-005654,RETRY_ALL,RETRY_ALL,245.8798529502828,25.0,220.8798529502828,220.8798529502828,0.0,PASS
RECLAIM-V2-005655,RETRY_ALL,RETRY_ALL,234.47007471105613,25.0,209.47007471105613,209.47007471105613,0.0,PASS
RECLAIM-V2-005656,RETRY_ALL,RETRY_ALL,0.0,25.0,-25.0,-25.0,0.0,PASS
RECLAIM-V2-005657,RETRY_ALL,RETRY_ALL,109.54091915731036,25.0,84.54091915731036,84.54091915731036,0.0,PASS
RECLAIM-V2-005658,RETRY_ALL,RETRY_ALL,180.282155213709,25.0,155.282155213709,155.282155213709,0.0,PASS
RECLAIM-V2-005659,RETRY_ALL,RETRY_ALL,333.1980686112988,25.0,308.1980686112988,308.1980686112988,0.0,PASS
RECLAIM-V2-005660,RETRY_ALL,RETRY_ALL,0.0,25.0,-25.0,-25.0,0.0,PASS
RECLAIM-V2-005661,RETRY_ALL,RETRY_ALL,236.82907003548823,25.0,211.82907003548823,211.82907003548823,0.0,PASS
RECLAIM-V2-005662,RETRY_ALL,RETRY_ALL,299.29826202817753,25.0,274.29826202817753,274.29826202817753,0.0,PASS
RECLAIM-V2-005663,RETRY_ALL,RETRY_ALL,0.0,25.0,-25.0,-25.0,0.0,PASS
RECLAIM-V2-005664,RETRY_ALL,RETRY_ALL,240.4712622752457,25.0,215.4712622752457,215.4712622752457,0.0,PASS
RECLAIM-V2-005665,RETRY_ALL,RETRY_ALL,0.0,25.0,-25.0,-25.0,0.0,PASS
RECLAIM-V2-005666,RETRY_ALL,RETRY_ALL,0.0,25.0,-25.0,-25.0,0.0,PASS
RECLAIM-V2-005667,RETRY_ALL,RETRY_ALL,0.0,25.0,-25.0,-25.0,0.0,PASS
RECLAIM-V2-005668,RETRY_ALL,RETRY_ALL,0.0,25.0,-25.0,-25.0,0.0,PASS
RECLAIM-V2-005669,RETRY_ALL,RETRY_ALL,52.24313631626085,25.0,27.24313631626085,27.243136316260852,3.552713678800501e-15,PASS
RECLAIM-V2-005670,RETRY_ALL,RETRY_ALL,158.8644378844347,25.0,133.8644378844347,133.8644378844347,0.0,PASS
RECLAIM-V2-005671,RETRY_ALL,RETRY_ALL,0.0,25.0,-25.0,-25.0,0.0,PASS
RECLAIM-V2-005672,RETRY_ALL,RETRY_ALL,65.98602310299209,25.0,40.98602310299209,40.98602310299209,0.0,PASS
RECLAIM-V2-005673,RETRY_ALL,RETRY_ALL,386.4243330597472,25.0,361.4243330597472,361.4243330597472,0.0,PASS
RECLAIM-V2-005674,RETRY_ALL,RETRY_ALL,220.75409898395864,25.0,195.75409898395864,195.75409898395864,0.0,PASS
RECLAIM-V2-005675,RETRY_ALL,RETRY_ALL,286.58802627074533,25.0,261.58802627074533,261.58802627074533,0.0,PASS
RECLAIM-V2-005676,RETRY_ALL,RETRY_ALL,308.72156713816287,25.0,283.72156713816287,283.72156713816287,0.0,PASS
RECLAIM-V2-005677,RETRY_ALL,RETRY_ALL,48.98786842432605,25.0,23.98786842432605,23.987868424326052,3.552713678800501e-15,PASS
RECLAIM-V2-005678,RETRY_ALL,RETRY_ALL,30.2138633711292,25.0,5.2138633711292,5.2138633711292,0.0,PASS
RECLAIM-V2-005679,RETRY_ALL,RETRY_ALL,34.39875193406175,25.0,9.39875193406175,9.39875193406175,0.0,PASS
RECLAIM-V2-005680,TARGET,LOW_INTENSITY,432.4047259191342,45.0,387.4047259191342,387.4047259191342,0.0,PASS
RECLAIM-V2-005681,RETRY_ALL,RETRY_ALL,151.65439216947044,25.0,126.65439216947044,126.65439216947044,0.0,PASS
RECLAIM-V2-005682,RETRY_ALL,RETRY_ALL,0.0,25.0,-25.0,-25.0,0.0,PASS
RECLAIM-V2-005683,RETRY_ALL,RETRY_ALL,42.608109447754046,25.0,17.608109447754046,17.608109447754046,0.0,PASS
RECLAIM-V2-005684,RETRY_ALL,RETRY_ALL,91.3564080140208,25.0,66.3564080140208,66.3564080140208,0.0,PASS
RECLAIM-V2-005685,RETRY_ALL,RETRY_ALL,0.0,25.0,-25.0,-25.0,0.0,PASS
RECLAIM-V2-005686,RETRY_ALL,RETRY_ALL,263.3255042487972,25.0,238.3255042487972,238.3255042487972,0.0,PASS
RECLAIM-V2-005687,RETRY_ALL,RETRY_ALL,0.0,25.0,-25.0,-25.0,0.0,PASS
RECLAIM-V2-005688,RETRY_ALL,RETRY_ALL,0.0,25.0,-25.0,-25.0,0.0,PASS
RECLAIM-V2-005689,RETRY_ALL,RETRY_ALL,0.0,25.0,-25.0,-25.0,0.0,PASS
RECLAIM-V2-005690,RETRY_ALL,RETRY_ALL,149.8068690239346,25.0,124.8068690239346,124.80686902393461,1.4210854715202004e-14,PASS
RECLAIM-V2-005691,RETRY_ALL,RETRY_ALL,276.48885200223884,25.0,251.48885200223884,251.48885200223884,0.0,PASS
RECLAIM-V2-005692,RETRY_ALL,RETRY_ALL,278.91598946778106,25.0,253.91598946778103,253.91598946778106,2.842170943040401e-14,PASS
RECLAIM-V2-005693,RETRY_ALL,RETRY_ALL,0.0,25.0,-25.0,-25.0,0.0,PASS
RECLAIM-V2-005694,RETRY_ALL,RETRY_ALL,300.36095574299264,25.0,275.36095574299264,275.36095574299264,0.0,PASS
RECLAIM-V2-005695,RETRY_ALL,RETRY_ALL,207.89166521730016,25.0,182.89166521730016,182.89166521730016,0.0,PASS
RECLAIM-V2-005696,RETRY_ALL,RETRY_ALL,225.8931555439578,25.0,200.8931555439578,200.8931555439578,0.0,PASS
RECLAIM-V2-005697,RETRY_ALL,RETRY_ALL,0.0,25.0,-25.0,-25.0,0.0,PASS
RECLAIM-V2-005698,RETRY_ALL,RETRY_ALL,72.64497229326764,25.0,47.64497229326764,47.64497229326764,0.0,PASS
RECLAIM-V2-005699,RETRY_ALL,RETRY_ALL,0.0,25.0,-25.0,-25.0,0.0,PASS
RECLAIM-V2-005700,RETRY_ALL,RETRY_ALL,0.0,25.0,-25.0,-25.0,0.0,PASS
RECLAIM-V2-005701,RETRY_ALL,RETRY_ALL,246.6307876779618,25.0,221.6307876779618,221.6307876779618,0.0,PASS
RECLAIM-V2-005702,RETRY_ALL,RETRY_ALL,101.31100387891576,25.0,76.31100387891576,76.31100387891576,0.0,PASS
RECLAIM-V2-005703,RETRY_ALL,RETRY_ALL,0.0,25.0,-25.0,-25.0,0.0,PASS
RECLAIM-V2-005704,RETRY_ALL,RETRY_ALL,249.3337138703137,25.0,224.3337138703137,224.3337138703137,0.0,PASS
RECLAIM-V2-005705,RETRY_ALL,RETRY_ALL,97.90599060893054,25.0,72.90599060893054,72.90599060893054,0.0,PASS
RECLAIM-V2-005706,RETRY_ALL,RETRY_ALL,382.2863188544162,25.0,357.2863188544162,357.2863188544162,0.0,PASS
RECLAIM-V2-005707,RETRY_ALL,RETRY_ALL,0.0,25.0,-25.0,-25.0,0.0,PASS
RECLAIM-V2-005708,RETRY_ALL,RETRY_ALL,128.3482849411272,25.0,103.3482849411272,103.34828494112719,-1.4210854715202004e-14,PASS
RECLAIM-V2-005709,RETRY_ALL,RETRY_ALL,194.5997445633726,25.0,169.5997445633726,169.5997445633726,0.0,PASS
RECLAIM-V2-005710,RETRY_ALL,RETRY_ALL,0.0,25.0,-25.0,-25.0,0.0,PASS
RECLAIM-V2-005711,RETRY_ALL,RETRY_ALL,224.5400330193057,25.0,199.5400330193057,199.5400330193057,0.0,PASS
RECLAIM-V2-005712,RETRY_ALL,RETRY_ALL,383.7267888386346,25.0,358.7267888386346,358.7267888386346,0.0,PASS
RECLAIM-V2-005713,RETRY_ALL,RETRY_ALL,126.895698969825,25.0,101.895698969825,101.895698969825,0.0,PASS
RECLAIM-V2-005714,RETRY_ALL,RETRY_ALL,0.0,25.0,-25.0,-25.0,0.0,PASS
RECLAIM-V2-005715,RETRY_ALL,RETRY_ALL,37.48702334857245,25.0,12.48702334857245,12.48702334857245,0.0,PASS
RECLAIM-V2-005716,RETRY_ALL,RETRY_ALL,0.0,25.0,-25.0,-25.0,0.0,PASS
RECLAIM-V2-005717,RETRY_ALL,RETRY_ALL,169.0034347088019,25.0,144.0034347088019,144.0034347088019,0.0,PASS
RECLAIM-V2-005718,RETRY_ALL,RETRY_ALL,196.10831451843404,25.0,171.10831451843404,171.10831451843404,0.0,PASS
RECLAIM-V2-005719,RETRY_ALL,RETRY_ALL,0.0,25.0,-25.0,-25.0,0.0,PASS
RECLAIM-V2-005720,TARGET,LOW_INTENSITY,455.5239311686416,45.0,410.5239311686416,410.5239311686416,0.0,PASS
RECLAIM-V2-005721,RETRY_ALL,RETRY_ALL,66.5576760149226,25.0,41.557676014922606,41.557676014922606,0.0,PASS
RECLAIM-V2-005722,RETRY_ALL,RETRY_ALL,0.0,25.0,-25.0,-25.0,0.0,PASS
RECLAIM-V2-005723,RETRY_ALL,RETRY_ALL,0.0,25.0,-25.0,-25.0,0.0,PASS
RECLAIM-V2-005724,RETRY_ALL,RETRY_ALL,0.0,25.0,-25.0,-25.0,0.0,PASS
RECLAIM-V2-005725,RETRY_ALL,RETRY_ALL,65.90187389760631,25.0,40.90187389760631,40.90187389760631,0.0,PASS
RECLAIM-V2-005726,RETRY_ALL,RETRY_ALL,0.0,25.0,-25.0,-25.0,0.0,PASS
RECLAIM-V2-005727,RETRY_ALL,RETRY_ALL,65.049325695528,25.0,40.049325695528,40.049325695528,0.0,PASS
RECLAIM-V2-005728,RETRY_ALL,RETRY_ALL,0.0,25.0,-25.0,-25.0,0.0,PASS
RECLAIM-V2-005729,RETRY_ALL,RETRY_ALL,366.87447605301287,25.0,341.87447605301287,341.87447605301287,0.0,PASS
RECLAIM-V2-005730,RETRY_ALL,RETRY_ALL,307.3224206345541,25.0,282.3224206345541,282.3224206345541,0.0,PASS
RECLAIM-V2-005731,RETRY_ALL,RETRY_ALL,0.0,25.0,-25.0,-25.0,0.0,PASS
RECLAIM-V2-005732,RETRY_ALL,RETRY_ALL,193.3116787707069,25.0,168.3116787707069,168.3116787707069,0.0,PASS
RECLAIM-V2-005733,RETRY_ALL,RETRY_ALL,10.98680791204545,25.0,-14.01319208795455,-14.01319208795455,0.0,PASS
RECLAIM-V2-005734,RETRY_ALL,RETRY_ALL,368.6469875335419,25.0,343.6469875335419,343.6469875335419,0.0,PASS
RECLAIM-V2-005735,RETRY_ALL,RETRY_ALL,0.0,25.0,-25.0,-25.0,0.0,PASS
RECLAIM-V2-005736,RETRY_ALL,RETRY_ALL,0.0,25.0,-25.0,-25.0,0.0,PASS
RECLAIM-V2-005737,RETRY_ALL,RETRY_ALL,0.0,25.0,-25.0,-25.0,0.0,PASS
RECLAIM-V2-005738,RETRY_ALL,RETRY_ALL,0.0,25.0,-25.0,-25.0,0.0,PASS
RECLAIM-V2-005739,RETRY_ALL,RETRY_ALL,0.0,25.0,-25.0,-25.0,0.0,PASS
RECLAIM-V2-005740,RETRY_ALL,RETRY_ALL,68.02884662589256,25.0,43.02884662589256,43.028846625892555,-7.105427357601002e-15,PASS
RECLAIM-V2-005741,RETRY_ALL,RETRY_ALL,0.0,25.0,-25.0,-25.0,0.0,PASS
RECLAIM-V2-005742,RETRY_ALL,RETRY_ALL,338.9739015424899,25.0,313.9739015424899,313.9739015424899,0.0,PASS
RECLAIM-V2-005743,RETRY_ALL,RETRY_ALL,98.82164183308606,25.0,73.82164183308606,73.82164183308606,0.0,PASS
RECLAIM-V2-005744,RETRY_ALL,RETRY_ALL,322.9978179948512,25.0,297.9978179948512,297.9978179948512,0.0,PASS
RECLAIM-V2-005745,RETRY_ALL,RETRY_ALL,0.0,25.0,-25.0,-25.0,0.0,PASS
RECLAIM-V2-005746,RETRY_ALL,RETRY_ALL,204.16930248092325,25.0,179.16930248092325,179.16930248092325,0.0,PASS
RECLAIM-V2-005747,RETRY_ALL,RETRY_ALL,312.32607417562383,25.0,287.32607417562383,287.32607417562383,0.0,PASS
RECLAIM-V2-005748,RETRY_ALL,RETRY_ALL,32.32902198422085,25.0,7.3290219842208515,7.3290219842208515,0.0,PASS
RECLAIM-V2-005749,RETRY_ALL,RETRY_ALL,344.0648819467028,25.0,319.0648819467028,319.0648819467028,0.0,PASS
RECLAIM-V2-005750,RETRY_ALL,RETRY_ALL,323.22872322254926,25.0,298.22872322254926,298.22872322254926,0.0,PASS
RECLAIM-V2-005751,RETRY_ALL,RETRY_ALL,0.0,25.0,-25.0,-25.0,0.0,PASS
RECLAIM-V2-005752,RETRY_ALL,RETRY_ALL,0.0,25.0,-25.0,-25.0,0.0,PASS
RECLAIM-V2-005753,RETRY_ALL,RETRY_ALL,0.0,25.0,-25.0,-25.0,0.0,PASS
RECLAIM-V2-005754,RETRY_ALL,RETRY_ALL,61.99704877773825,25.0,36.99704877773825,36.99704877773825,0.0,PASS
RECLAIM-V2-005755,RETRY_ALL,RETRY_ALL,0.0,25.0,-25.0,-25.0,0.0,PASS
RECLAIM-V2-005756,RETRY_ALL,RETRY_ALL,0.0,25.0,-25.0,-25.0,0.0,PASS
RECLAIM-V2-005757,RETRY_ALL,RETRY_ALL,365.0559663370725,25.0,340.0559663370725,340.0559663370725,0.0,PASS
RECLAIM-V2-005758,RETRY_ALL,RETRY_ALL,20.433469174989,25.0,-4.566530825011,-4.566530825011,0.0,PASS
RECLAIM-V2-005759,RETRY_ALL,RETRY_ALL,55.14343784944696,25.0,30.14343784944696,30.14343784944696,0.0,PASS
RECLAIM-V2-005760,RETRY_ALL,RETRY_ALL,0.0,25.0,-25.0,-25.0,0.0,PASS
RECLAIM-V2-005761,RETRY_ALL,RETRY_ALL,0.0,25.0,-25.0,-25.0,0.0,PASS
RECLAIM-V2-005762,RETRY_ALL,RETRY_ALL,36.42165584908816,25.0,11.42165584908816,11.421655849088161,1.7763568394002505e-15,PASS
RECLAIM-V2-005763,RETRY_ALL,RETRY_ALL,0.0,25.0,-25.0,-25.0,0.0,PASS
RECLAIM-V2-005764,RETRY_ALL,RETRY_ALL,304.9202971890084,25.0,279.9202971890084,279.9202971890084,0.0,PASS
RECLAIM-V2-005765,RETRY_ALL,RETRY_ALL,216.35421741510103,25.0,191.35421741510103,191.35421741510103,0.0,PASS
RECLAIM-V2-005766,RETRY_ALL,RETRY_ALL,16.5120993374565,25.0,-8.487900662543499,-8.487900662543499,0.0,PASS
RECLAIM-V2-005767,RETRY_ALL,RETRY_ALL,367.15819111027815,25.0,342.1581911102781,342.15819111027815,5.684341886080802e-14,PASS
RECLAIM-V2-005768,RETRY_ALL,RETRY_ALL,0.0,25.0,-25.0,-25.0,0.0,PASS
RECLAIM-V2-005769,RETRY_ALL,RETRY_ALL,145.35761342222145,25.0,120.35761342222143,120.35761342222145,1.4210854715202004e-14,PASS
RECLAIM-V2-005770,RETRY_ALL,RETRY_ALL,31.25719132395615,25.0,6.25719132395615,6.25719132395615,0.0,PASS
RECLAIM-V2-005771,RETRY_ALL,RETRY_ALL,76.80005702264596,25.0,51.80005702264596,51.80005702264596,0.0,PASS
RECLAIM-V2-005772,RETRY_ALL,RETRY_ALL,0.0,25.0,-25.0,-25.0,0.0,PASS
RECLAIM-V2-005773,RETRY_ALL,RETRY_ALL,0.5636414907471,25.0,-24.4363585092529,-24.4363585092529,0.0,PASS
RECLAIM-V2-005774,RETRY_ALL,RETRY_ALL,146.01775337968562,25.0,121.01775337968562,121.01775337968562,0.0,PASS
RECLAIM-V2-005775,RETRY_ALL,RETRY_ALL,0.0,25.0,-25.0,-25.0,0.0,PASS
RECLAIM-V2-005776,TARGET,HIGH_INTENSITY,588.4225137825624,120.0,468.4225137825624,468.4225137825624,0.0,PASS
RECLAIM-V2-005777,RETRY_ALL,RETRY_ALL,67.00347536756534,25.0,42.00347536756534,42.00347536756534,0.0,PASS
RECLAIM-V2-005778,RETRY_ALL,RETRY_ALL,0.0,25.0,-25.0,-25.0,0.0,PASS
RECLAIM-V2-005779,RETRY_ALL,RETRY_ALL,34.459151789208,25.0,9.459151789208,9.459151789208,0.0,PASS
RECLAIM-V2-005780,RETRY_ALL,RETRY_ALL,0.0,25.0,-25.0,-25.0,0.0,PASS
RECLAIM-V2-005781,RETRY_ALL,RETRY_ALL,0.0,25.0,-25.0,-25.0,0.0,PASS
RECLAIM-V2-005782,RETRY_ALL,RETRY_ALL,215.9732681271159,25.0,190.9732681271159,190.9732681271159,0.0,PASS
RECLAIM-V2-005783,RETRY_ALL,RETRY_ALL,0.0,25.0,-25.0,-25.0,0.0,PASS
RECLAIM-V2-005784,RETRY_ALL,RETRY_ALL,0.0,25.0,-25.0,-25.0,0.0,PASS
RECLAIM-V2-005785,RETRY_ALL,RETRY_ALL,0.0,25.0,-25.0,-25.0,0.0,PASS
RECLAIM-V2-005786,RETRY_ALL,RETRY_ALL,378.3239828086466,25.0,353.3239828086466,353.3239828086466,0.0,PASS
RECLAIM-V2-005787,RETRY_ALL,RETRY_ALL,0.0,25.0,-25.0,-25.0,0.0,PASS
RECLAIM-V2-005788,RETRY_ALL,RETRY_ALL,0.0,25.0,-25.0,-25.0,0.0,PASS
RECLAIM-V2-005789,RETRY_ALL,RETRY_ALL,0.0,25.0,-25.0,-25.0,0.0,PASS
RECLAIM-V2-005790,RETRY_ALL,RETRY_ALL,151.64290761219058,25.0,126.64290761219058,126.64290761219058,0.0,PASS
RECLAIM-V2-005791,RETRY_ALL,RETRY_ALL,294.56763361787006,25.0,269.56763361787006,269.56763361787006,0.0,PASS
RECLAIM-V2-005792,RETRY_ALL,RETRY_ALL,8.26004365294785,25.0,-16.73995634705215,-16.73995634705215,0.0,PASS
RECLAIM-V2-005793,RETRY_ALL,RETRY_ALL,173.76750526017975,25.0,148.76750526017975,148.76750526017975,0.0,PASS
RECLAIM-V2-005794,RETRY_ALL,RETRY_ALL,1.5868131574767002,25.0,-23.4131868425233,-23.4131868425233,0.0,PASS
RECLAIM-V2-005795,RETRY_ALL,RETRY_ALL,289.4625780296037,25.0,264.4625780296037,264.4625780296037,0.0,PASS
RECLAIM-V2-005796,RETRY_ALL,RETRY_ALL,0.0,25.0,-25.0,-25.0,0.0,PASS
RECLAIM-V2-005797,RETRY_ALL,RETRY_ALL,0.0,25.0,-25.0,-25.0,0.0,PASS
RECLAIM-V2-005798,RETRY_ALL,RETRY_ALL,0.0,25.0,-25.0,-25.0,0.0,PASS
RECLAIM-V2-005799,RETRY_ALL,RETRY_ALL,59.7863211739284,25.0,34.7863211739284,34.7863211739284,0.0,PASS
RECLAIM-V2-005800,RETRY_ALL,RETRY_ALL,169.6685830087248,25.0,144.6685830087248,144.6685830087248,0.0,PASS
RECLAIM-V2-005801,RETRY_ALL,RETRY_ALL,0.0,25.0,-25.0,-25.0,0.0,PASS
RECLAIM-V2-005802,TARGET,LOW_INTENSITY,465.1413998770407,45.0,420.1413998770407,420.1413998770407,0.0,PASS
RECLAIM-V2-005803,RETRY_ALL,RETRY_ALL,0.0,25.0,-25.0,-25.0,0.0,PASS
RECLAIM-V2-005804,RETRY_ALL,RETRY_ALL,0.0,25.0,-25.0,-25.0,0.0,PASS
RECLAIM-V2-005805,RETRY_ALL,RETRY_ALL,120.34206543410596,25.0,95.34206543410596,95.34206543410596,0.0,PASS
RECLAIM-V2-005806,RETRY_ALL,RETRY_ALL,310.0490533053139,25.0,285.0490533053139,285.0490533053139,0.0,PASS
RECLAIM-V2-005807,TARGET,LOW_INTENSITY,478.0263055812972,45.0,433.0263055812972,433.0263055812972,0.0,PASS
RECLAIM-V2-005808,RETRY_ALL,RETRY_ALL,0.0,25.0,-25.0,-25.0,0.0,PASS
RECLAIM-V2-005809,RETRY_ALL,RETRY_ALL,368.0139371488848,25.0,343.0139371488848,343.0139371488848,0.0,PASS
RECLAIM-V2-005810,RETRY_ALL,RETRY_ALL,7.586371666302149,25.0,-17.41362833369785,-17.41362833369785,0.0,PASS
RECLAIM-V2-005811,RETRY_ALL,RETRY_ALL,280.2992332930188,25.0,255.2992332930188,255.2992332930188,0.0,PASS
RECLAIM-V2-005812,RETRY_ALL,RETRY_ALL,176.8160830690368,25.0,151.8160830690368,151.8160830690368,0.0,PASS
RECLAIM-V2-005813,RETRY_ALL,RETRY_ALL,292.4106295266687,25.0,267.4106295266687,267.4106295266687,0.0,PASS
RECLAIM-V2-005814,RETRY_ALL,RETRY_ALL,195.2377167615387,25.0,170.2377167615387,170.2377167615387,0.0,PASS
RECLAIM-V2-005815,RETRY_ALL,RETRY_ALL,134.67858196808308,25.0,109.67858196808308,109.67858196808308,0.0,PASS
RECLAIM-V2-005816,TARGET,MONITOR,413.39868517495984,10.0,403.39868517495984,403.39868517495984,0.0,PASS
RECLAIM-V2-005817,RETRY_ALL,RETRY_ALL,0.0,25.0,-25.0,-25.0,0.0,PASS
RECLAIM-V2-005818,RETRY_ALL,RETRY_ALL,0.0,25.0,-25.0,-25.0,0.0,PASS
RECLAIM-V2-005819,RETRY_ALL,RETRY_ALL,155.29550904201915,25.0,130.29550904201915,130.29550904201915,0.0,PASS
RECLAIM-V2-005820,RETRY_ALL,RETRY_ALL,197.18251963429063,25.0,172.18251963429063,172.18251963429063,0.0,PASS
RECLAIM-V2-005821,RETRY_ALL,RETRY_ALL,0.0,25.0,-25.0,-25.0,0.0,PASS
RECLAIM-V2-005822,RETRY_ALL,RETRY_ALL,0.0,25.0,-25.0,-25.0,0.0,PASS
RECLAIM-V2-005823,RETRY_ALL,RETRY_ALL,297.2597562823124,25.0,272.2597562823124,272.2597562823124,0.0,PASS
RECLAIM-V2-005824,RETRY_ALL,RETRY_ALL,145.25339066318205,25.0,120.25339066318205,120.25339066318205,0.0,PASS
RECLAIM-V2-005825,RETRY_ALL,RETRY_ALL,0.0,25.0,-25.0,-25.0,0.0,PASS
RECLAIM-V2-005826,RETRY_ALL,RETRY_ALL,35.06272629376815,25.0,10.06272629376815,10.06272629376815,0.0,PASS
RECLAIM-V2-005827,RETRY_ALL,RETRY_ALL,78.20983953400335,25.0,53.20983953400335,53.20983953400335,0.0,PASS
RECLAIM-V2-005828,RETRY_ALL,RETRY_ALL,187.3754148288258,25.0,162.3754148288258,162.3754148288258,0.0,PASS
RECLAIM-V2-005829,RETRY_ALL,RETRY_ALL,0.0,25.0,-25.0,-25.0,0.0,PASS
RECLAIM-V2-005830,RETRY_ALL,RETRY_ALL,0.0,25.0,-25.0,-25.0,0.0,PASS
RECLAIM-V2-005831,RETRY_ALL,RETRY_ALL,0.0,25.0,-25.0,-25.0,0.0,PASS
RECLAIM-V2-005832,RETRY_ALL,RETRY_ALL,371.5787144429598,25.0,346.5787144429598,346.5787144429598,0.0,PASS
RECLAIM-V2-005833,RETRY_ALL,RETRY_ALL,0.0,25.0,-25.0,-25.0,0.0,PASS
RECLAIM-V2-005834,RETRY_ALL,RETRY_ALL,0.0,25.0,-25.0,-25.0,0.0,PASS
RECLAIM-V2-005835,RETRY_ALL,RETRY_ALL,0.0,25.0,-25.0,-25.0,0.0,PASS
RECLAIM-V2-005836,RETRY_ALL,RETRY_ALL,145.1171832887505,25.0,120.11718328875052,120.11718328875051,-1.4210854715202004e-14,PASS
RECLAIM-V2-005837,RETRY_ALL,RETRY_ALL,0.0,25.0,-25.0,-25.0,0.0,PASS
RECLAIM-V2-005838,RETRY_ALL,RETRY_ALL,0.0,25.0,-25.0,-25.0,0.0,PASS
RECLAIM-V2-005839,RETRY_ALL,RETRY_ALL,233.46984729670064,25.0,208.46984729670064,208.46984729670064,0.0,PASS
RECLAIM-V2-005840,RETRY_ALL,RETRY_ALL,0.0,25.0,-25.0,-25.0,0.0,PASS
RECLAIM-V2-005841,RETRY_ALL,RETRY_ALL,0.0,25.0,-25.0,-25.0,0.0,PASS
RECLAIM-V2-005842,RETRY_ALL,RETRY_ALL,0.0,25.0,-25.0,-25.0,0.0,PASS
RECLAIM-V2-005843,RETRY_ALL,RETRY_ALL,0.0,25.0,-25.0,-25.0,0.0,PASS
RECLAIM-V2-005844,RETRY_ALL,RETRY_ALL,0.0,25.0,-25.0,-25.0,0.0,PASS
RECLAIM-V2-005845,RETRY_ALL,RETRY_ALL,157.4830776281793,25.0,132.4830776281793,132.4830776281793,0.0,PASS
RECLAIM-V2-005846,RETRY_ALL,RETRY_ALL,155.8099393781118,25.0,130.8099393781118,130.8099393781118,0.0,PASS
RECLAIM-V2-005847,RETRY_ALL,RETRY_ALL,0.0,25.0,-25.0,-25.0,0.0,PASS
RECLAIM-V2-005848,RETRY_ALL,RETRY_ALL,24.0213405732165,25.0,-0.9786594267835014,-0.9786594267835014,0.0,PASS
RECLAIM-V2-005849,RETRY_ALL,RETRY_ALL,0.0,25.0,-25.0,-25.0,0.0,PASS
RECLAIM-V2-005850,RETRY_ALL,RETRY_ALL,0.0,25.0,-25.0,-25.0,0.0,PASS
RECLAIM-V2-005851,RETRY_ALL,RETRY_ALL,275.8576832617344,25.0,250.8576832617344,250.8576832617344,0.0,PASS
RECLAIM-V2-005852,RETRY_ALL,RETRY_ALL,215.2030802685615,25.0,190.2030802685615,190.2030802685615,0.0,PASS
RECLAIM-V2-005853,RETRY_ALL,RETRY_ALL,342.21044046979694,25.0,317.21044046979694,317.21044046979694,0.0,PASS
RECLAIM-V2-005854,RETRY_ALL,RETRY_ALL,76.1243997542502,25.0,51.124399754250206,51.124399754250206,0.0,PASS
RECLAIM-V2-005855,TARGET,LOW_INTENSITY,439.7180598309548,45.0,394.7180598309548,394.7180598309548,0.0,PASS
RECLAIM-V2-005856,RETRY_ALL,RETRY_ALL,279.3079476682761,25.0,254.30794766827609,254.30794766827609,0.0,PASS
RECLAIM-V2-005857,RETRY_ALL,RETRY_ALL,89.5741754466231,25.0,64.5741754466231,64.5741754466231,0.0,PASS
RECLAIM-V2-005858,RETRY_ALL,RETRY_ALL,0.0,25.0,-25.0,-25.0,0.0,PASS
RECLAIM-V2-005859,RETRY_ALL,RETRY_ALL,0.0,25.0,-25.0,-25.0,0.0,PASS
RECLAIM-V2-005860,RETRY_ALL,RETRY_ALL,0.0,25.0,-25.0,-25.0,0.0,PASS
RECLAIM-V2-005861,RETRY_ALL,RETRY_ALL,0.0,25.0,-25.0,-25.0,0.0,PASS
RECLAIM-V2-005862,RETRY_ALL,RETRY_ALL,46.91288559934095,25.0,21.91288559934096,21.912885599340953,-7.105427357601002e-15,PASS
RECLAIM-V2-005863,RETRY_ALL,RETRY_ALL,191.9102893551236,25.0,166.9102893551236,166.9102893551236,0.0,PASS
RECLAIM-V2-005864,RETRY_ALL,RETRY_ALL,0.0,25.0,-25.0,-25.0,0.0,PASS
RECLAIM-V2-005865,RETRY_ALL,RETRY_ALL,172.19624577936736,25.0,147.19624577936736,147.19624577936736,0.0,PASS
RECLAIM-V2-005866,RETRY_ALL,RETRY_ALL,0.0,25.0,-25.0,-25.0,0.0,PASS
RECLAIM-V2-005867,RETRY_ALL,RETRY_ALL,0.0,25.0,-25.0,-25.0,0.0,PASS
RECLAIM-V2-005868,RETRY_ALL,RETRY_ALL,75.24967450161975,25.0,50.24967450161975,50.24967450161975,0.0,PASS
RECLAIM-V2-005869,RETRY_ALL,RETRY_ALL,253.1670347574735,25.0,228.1670347574735,228.1670347574735,0.0,PASS
RECLAIM-V2-005870,RETRY_ALL,RETRY_ALL,184.3285654925189,25.0,159.3285654925189,159.3285654925189,0.0,PASS
RECLAIM-V2-005871,RETRY_ALL,RETRY_ALL,0.0,25.0,-25.0,-25.0,0.0,PASS
RECLAIM-V2-005872,RETRY_ALL,RETRY_ALL,168.52792272034637,25.0,143.52792272034637,143.52792272034637,0.0,PASS
RECLAIM-V2-005873,TARGET,MONITOR,413.5809663483125,10.0,403.5809663483125,403.5809663483125,0.0,PASS
RECLAIM-V2-005874,RETRY_ALL,RETRY_ALL,0.0,25.0,-25.0,-25.0,0.0,PASS
RECLAIM-V2-005875,RETRY_ALL,RETRY_ALL,350.9904448196574,25.0,325.9904448196574,325.9904448196574,0.0,PASS
RECLAIM-V2-005876,RETRY_ALL,RETRY_ALL,69.3105364249785,25.0,44.310536424978494,44.310536424978494,0.0,PASS
RECLAIM-V2-005877,RETRY_ALL,RETRY_ALL,379.17334505960974,25.0,354.17334505960974,354.17334505960974,0.0,PASS
RECLAIM-V2-005878,RETRY_ALL,RETRY_ALL,0.0,25.0,-25.0,-25.0,0.0,PASS
RECLAIM-V2-005879,RETRY_ALL,RETRY_ALL,0.0,25.0,-25.0,-25.0,0.0,PASS
RECLAIM-V2-005880,RETRY_ALL,RETRY_ALL,0.0,25.0,-25.0,-25.0,0.0,PASS
RECLAIM-V2-005881,RETRY_ALL,RETRY_ALL,193.6658145127713,25.0,168.6658145127713,168.6658145127713,0.0,PASS
RECLAIM-V2-005882,RETRY_ALL,RETRY_ALL,0.0,25.0,-25.0,-25.0,0.0,PASS
RECLAIM-V2-005883,RETRY_ALL,RETRY_ALL,0.0,25.0,-25.0,-25.0,0.0,PASS
RECLAIM-V2-005884,RETRY_ALL,RETRY_ALL,0.0,25.0,-25.0,-25.0,0.0,PASS
RECLAIM-V2-005885,RETRY_ALL,RETRY_ALL,0.0,25.0,-25.0,-25.0,0.0,PASS
RECLAIM-V2-005886,RETRY_ALL,RETRY_ALL,0.0,25.0,-25.0,-25.0,0.0,PASS
RECLAIM-V2-005887,RETRY_ALL,RETRY_ALL,0.0,25.0,-25.0,-25.0,0.0,PASS
RECLAIM-V2-005888,RETRY_ALL,RETRY_ALL,0.0,25.0,-25.0,-25.0,0.0,PASS
RECLAIM-V2-005889,RETRY_ALL,RETRY_ALL,104.8826477884458,25.0,79.8826477884458,79.8826477884458,0.0,PASS
RECLAIM-V2-005890,TARGET,MONITOR,402.47803612138034,10.0,392.47803612138034,392.47803612138034,0.0,PASS
RECLAIM-V2-005891,RETRY_ALL,RETRY_ALL,26.97271422757905,25.0,1.9727142275790504,1.9727142275790506,2.220446049250313e-16,PASS
RECLAIM-V2-005892,RETRY_ALL,RETRY_ALL,223.78266381669152,25.0,198.78266381669152,198.78266381669152,0.0,PASS
RECLAIM-V2-005893,RETRY_ALL,RETRY_ALL,151.8333180395724,25.0,126.8333180395724,126.83331803957239,-1.4210854715202004e-14,PASS
RECLAIM-V2-005894,RETRY_ALL,RETRY_ALL,0.0,25.0,-25.0,-25.0,0.0,PASS
RECLAIM-V2-005895,RETRY_ALL,RETRY_ALL,195.2683392891204,25.0,170.2683392891204,170.2683392891204,0.0,PASS
RECLAIM-V2-005896,RETRY_ALL,RETRY_ALL,0.0,25.0,-25.0,-25.0,0.0,PASS
RECLAIM-V2-005897,RETRY_ALL,RETRY_ALL,311.0054667506525,25.0,286.0054667506525,286.0054667506525,0.0,PASS
RECLAIM-V2-005898,RETRY_ALL,RETRY_ALL,0.0,25.0,-25.0,-25.0,0.0,PASS
RECLAIM-V2-005899,RETRY_ALL,RETRY_ALL,41.4744875979744,25.0,16.474487597974402,16.474487597974402,0.0,PASS
RECLAIM-V2-005900,RETRY_ALL,RETRY_ALL,0.0,25.0,-25.0,-25.0,0.0,PASS
RECLAIM-V2-005901,RETRY_ALL,RETRY_ALL,316.20873651591484,25.0,291.20873651591484,291.20873651591484,0.0,PASS
RECLAIM-V2-005902,TARGET,MONITOR,391.0618583121261,10.0,381.0618583121261,381.0618583121261,0.0,PASS
RECLAIM-V2-005903,RETRY_ALL,RETRY_ALL,375.6666699518265,25.0,350.6666699518265,350.6666699518265,0.0,PASS
RECLAIM-V2-005904,RETRY_ALL,RETRY_ALL,270.79644650163823,25.0,245.79644650163823,245.79644650163823,0.0,PASS
RECLAIM-V2-005905,RETRY_ALL,RETRY_ALL,99.94373596345832,25.0,74.94373596345832,74.94373596345832,0.0,PASS
RECLAIM-V2-005906,RETRY_ALL,RETRY_ALL,41.5464361434156,25.0,16.546436143415598,16.546436143415598,0.0,PASS
RECLAIM-V2-005907,RETRY_ALL,RETRY_ALL,176.21569465830257,25.0,151.21569465830257,151.21569465830257,0.0,PASS
RECLAIM-V2-005908,RETRY_ALL,RETRY_ALL,0.0,25.0,-25.0,-25.0,0.0,PASS
RECLAIM-V2-005909,RETRY_ALL,RETRY_ALL,335.6681521620987,25.0,310.6681521620987,310.6681521620987,0.0,PASS
RECLAIM-V2-005910,RETRY_ALL,RETRY_ALL,0.0,25.0,-25.0,-25.0,0.0,PASS
RECLAIM-V2-005911,TARGET,LOW_INTENSITY,470.6047303040065,45.0,425.6047303040065,425.6047303040065,0.0,PASS
RECLAIM-V2-005912,RETRY_ALL,RETRY_ALL,0.0,25.0,-25.0,-25.0,0.0,PASS
RECLAIM-V2-005913,RETRY_ALL,RETRY_ALL,95.8026408896931,25.0,70.8026408896931,70.8026408896931,0.0,PASS
RECLAIM-V2-005914,RETRY_ALL,RETRY_ALL,0.0,25.0,-25.0,-25.0,0.0,PASS
RECLAIM-V2-005915,RETRY_ALL,RETRY_ALL,0.0,25.0,-25.0,-25.0,0.0,PASS
RECLAIM-V2-005916,TARGET,STANDARD_TARGET,487.2821143028574,80.0,407.2821143028574,407.2821143028574,0.0,PASS
RECLAIM-V2-005917,RETRY_ALL,RETRY_ALL,120.21293010175783,25.0,95.21293010175783,95.21293010175783,0.0,PASS
RECLAIM-V2-005918,RETRY_ALL,RETRY_ALL,0.0,25.0,-25.0,-25.0,0.0,PASS
RECLAIM-V2-005919,RETRY_ALL,RETRY_ALL,0.0,25.0,-25.0,-25.0,0.0,PASS
RECLAIM-V2-005920,RETRY_ALL,RETRY_ALL,16.12132171203675,25.0,-8.87867828796325,-8.87867828796325,0.0,PASS
RECLAIM-V2-005921,RETRY_ALL,RETRY_ALL,0.0,25.0,-25.0,-25.0,0.0,PASS
RECLAIM-V2-005922,RETRY_ALL,RETRY_ALL,0.0,25.0,-25.0,-25.0,0.0,PASS
RECLAIM-V2-005923,RETRY_ALL,RETRY_ALL,0.0,25.0,-25.0,-25.0,0.0,PASS
RECLAIM-V2-005924,RETRY_ALL,RETRY_ALL,0.0,25.0,-25.0,-25.0,0.0,PASS
RECLAIM-V2-005925,RETRY_ALL,RETRY_ALL,0.0,25.0,-25.0,-25.0,0.0,PASS
RECLAIM-V2-005926,RETRY_ALL,RETRY_ALL,157.14555032153146,25.0,132.14555032153146,132.14555032153146,0.0,PASS
RECLAIM-V2-005927,RETRY_ALL,RETRY_ALL,257.129924911236,25.0,232.129924911236,232.129924911236,0.0,PASS
RECLAIM-V2-005928,RETRY_ALL,RETRY_ALL,0.0,25.0,-25.0,-25.0,0.0,PASS
RECLAIM-V2-005929,RETRY_ALL,RETRY_ALL,180.03594944542814,25.0,155.03594944542814,155.03594944542814,0.0,PASS
RECLAIM-V2-005930,RETRY_ALL,RETRY_ALL,0.7554200022098999,25.0,-24.2445799977901,-24.2445799977901,0.0,PASS
RECLAIM-V2-005931,RETRY_ALL,RETRY_ALL,298.82762016409623,25.0,273.82762016409623,273.82762016409623,0.0,PASS
RECLAIM-V2-005932,RETRY_ALL,RETRY_ALL,200.2539922062068,25.0,175.2539922062068,175.2539922062068,0.0,PASS
RECLAIM-V2-005933,RETRY_ALL,RETRY_ALL,192.3570927835536,25.0,167.3570927835536,167.3570927835536,0.0,PASS
RECLAIM-V2-005934,RETRY_ALL,RETRY_ALL,0.0,25.0,-25.0,-25.0,0.0,PASS
RECLAIM-V2-005935,RETRY_ALL,RETRY_ALL,0.0,25.0,-25.0,-25.0,0.0,PASS
RECLAIM-V2-005936,RETRY_ALL,RETRY_ALL,249.9278733618709,25.0,224.9278733618709,224.9278733618709,0.0,PASS
RECLAIM-V2-005937,RETRY_ALL,RETRY_ALL,96.5446776644076,25.0,71.5446776644076,71.5446776644076,0.0,PASS
RECLAIM-V2-005938,RETRY_ALL,RETRY_ALL,0.0,25.0,-25.0,-25.0,0.0,PASS
RECLAIM-V2-005939,TARGET,STANDARD_TARGET,501.2713991816629,80.0,421.2713991816629,421.2713991816629,0.0,PASS
RECLAIM-V2-005940,RETRY_ALL,RETRY_ALL,0.0,25.0,-25.0,-25.0,0.0,PASS
RECLAIM-V2-005941,RETRY_ALL,RETRY_ALL,161.99225904282434,25.0,136.99225904282434,136.99225904282434,0.0,PASS
RECLAIM-V2-005942,RETRY_ALL,RETRY_ALL,113.6546906946132,25.0,88.6546906946132,88.6546906946132,0.0,PASS
RECLAIM-V2-005943,RETRY_ALL,RETRY_ALL,304.02182142886124,25.0,279.02182142886124,279.02182142886124,0.0,PASS
RECLAIM-V2-005944,RETRY_ALL,RETRY_ALL,14.2082660078142,25.0,-10.7917339921858,-10.7917339921858,0.0,PASS
RECLAIM-V2-005945,TARGET,LOW_INTENSITY,445.53654008639256,45.0,400.53654008639256,400.53654008639256,0.0,PASS
RECLAIM-V2-005946,RETRY_ALL,RETRY_ALL,0.0,25.0,-25.0,-25.0,0.0,PASS
RECLAIM-V2-005947,RETRY_ALL,RETRY_ALL,35.2681855860966,25.0,10.2681855860966,10.2681855860966,0.0,PASS
RECLAIM-V2-005948,RETRY_ALL,RETRY_ALL,0.0,25.0,-25.0,-25.0,0.0,PASS
RECLAIM-V2-005949,RETRY_ALL,RETRY_ALL,2.3797483691658,25.0,-22.6202516308342,-22.6202516308342,0.0,PASS
RECLAIM-V2-005950,RETRY_ALL,RETRY_ALL,0.0,25.0,-25.0,-25.0,0.0,PASS
RECLAIM-V2-005951,RETRY_ALL,RETRY_ALL,57.9333289543494,25.0,32.9333289543494,32.9333289543494,0.0,PASS
RECLAIM-V2-005952,RETRY_ALL,RETRY_ALL,317.2680300369253,25.0,292.2680300369253,292.2680300369253,0.0,PASS
RECLAIM-V2-005953,RETRY_ALL,RETRY_ALL,0.0,25.0,-25.0,-25.0,0.0,PASS
RECLAIM-V2-005954,RETRY_ALL,RETRY_ALL,0.0,25.0,-25.0,-25.0,0.0,PASS
RECLAIM-V2-005955,RETRY_ALL,RETRY_ALL,147.02705604427095,25.0,122.02705604427096,122.02705604427095,-1.4210854715202004e-14,PASS
RECLAIM-V2-005956,RETRY_ALL,RETRY_ALL,0.0,25.0,-25.0,-25.0,0.0,PASS
RECLAIM-V2-005957,TARGET,MONITOR,404.4676198198272,10.0,394.4676198198272,394.4676198198272,0.0,PASS
RECLAIM-V2-005958,RETRY_ALL,RETRY_ALL,0.0,25.0,-25.0,-25.0,0.0,PASS
RECLAIM-V2-005959,RETRY_ALL,RETRY_ALL,0.0,25.0,-25.0,-25.0,0.0,PASS
RECLAIM-V2-005960,RETRY_ALL,RETRY_ALL,0.0,25.0,-25.0,-25.0,0.0,PASS
RECLAIM-V2-005961,RETRY_ALL,RETRY_ALL,0.0,25.0,-25.0,-25.0,0.0,PASS
RECLAIM-V2-005962,RETRY_ALL,RETRY_ALL,0.0,25.0,-25.0,-25.0,0.0,PASS
RECLAIM-V2-005963,RETRY_ALL,RETRY_ALL,0.0,25.0,-25.0,-25.0,0.0,PASS
RECLAIM-V2-005964,RETRY_ALL,RETRY_ALL,0.0,25.0,-25.0,-25.0,0.0,PASS
RECLAIM-V2-005965,RETRY_ALL,RETRY_ALL,0.0,25.0,-25.0,-25.0,0.0,PASS
RECLAIM-V2-005966,RETRY_ALL,RETRY_ALL,42.2074740798918,25.0,17.207474079891803,17.207474079891803,0.0,PASS
RECLAIM-V2-005967,RETRY_ALL,RETRY_ALL,0.0,25.0,-25.0,-25.0,0.0,PASS
RECLAIM-V2-005968,RETRY_ALL,RETRY_ALL,299.88867419274766,25.0,274.88867419274766,274.88867419274766,0.0,PASS
RECLAIM-V2-005969,RETRY_ALL,RETRY_ALL,0.0,25.0,-25.0,-25.0,0.0,PASS
RECLAIM-V2-005970,RETRY_ALL,RETRY_ALL,216.56586989377425,25.0,191.56586989377425,191.56586989377425,0.0,PASS
RECLAIM-V2-005971,RETRY_ALL,RETRY_ALL,0.0,25.0,-25.0,-25.0,0.0,PASS
RECLAIM-V2-005972,RETRY_ALL,RETRY_ALL,118.4179437007647,25.0,93.4179437007647,93.4179437007647,0.0,PASS
RECLAIM-V2-005973,RETRY_ALL,RETRY_ALL,92.33577656496688,25.0,67.33577656496688,67.33577656496688,0.0,PASS
RECLAIM-V2-005974,RETRY_ALL,RETRY_ALL,284.7997311251658,25.0,259.7997311251658,259.7997311251658,0.0,PASS
RECLAIM-V2-005975,RETRY_ALL,RETRY_ALL,0.0,25.0,-25.0,-25.0,0.0,PASS
RECLAIM-V2-005976,RETRY_ALL,RETRY_ALL,205.4423888864852,25.0,180.4423888864852,180.4423888864852,0.0,PASS
RECLAIM-V2-005977,RETRY_ALL,RETRY_ALL,92.9604419020917,25.0,67.9604419020917,67.9604419020917,0.0,PASS
RECLAIM-V2-005978,RETRY_ALL,RETRY_ALL,0.0,25.0,-25.0,-25.0,0.0,PASS
RECLAIM-V2-005979,TARGET,HIGH_INTENSITY,643.1471063312063,120.0,523.1471063312063,523.1471063312063,0.0,PASS
RECLAIM-V2-005980,RETRY_ALL,RETRY_ALL,0.0,25.0,-25.0,-25.0,0.0,PASS
RECLAIM-V2-005981,RETRY_ALL,RETRY_ALL,68.4666233484108,25.0,43.466623348410806,43.466623348410806,0.0,PASS
RECLAIM-V2-005982,RETRY_ALL,RETRY_ALL,0.0,25.0,-25.0,-25.0,0.0,PASS
RECLAIM-V2-005983,RETRY_ALL,RETRY_ALL,0.0,25.0,-25.0,-25.0,0.0,PASS
RECLAIM-V2-005984,RETRY_ALL,RETRY_ALL,0.0,25.0,-25.0,-25.0,0.0,PASS
RECLAIM-V2-005985,RETRY_ALL,RETRY_ALL,0.0,25.0,-25.0,-25.0,0.0,PASS
RECLAIM-V2-005986,RETRY_ALL,RETRY_ALL,66.9858038232942,25.0,41.985803823294205,41.985803823294205,0.0,PASS
RECLAIM-V2-005987,RETRY_ALL,RETRY_ALL,0.0,25.0,-25.0,-25.0,0.0,PASS
RECLAIM-V2-005988,TARGET,STANDARD_TARGET,493.3324378621593,80.0,413.3324378621593,413.3324378621593,0.0,PASS
RECLAIM-V2-005989,RETRY_ALL,RETRY_ALL,194.30698900072423,25.0,169.30698900072423,169.30698900072423,0.0,PASS
RECLAIM-V2-005990,RETRY_ALL,RETRY_ALL,0.0,25.0,-25.0,-25.0,0.0,PASS
RECLAIM-V2-005991,RETRY_ALL,RETRY_ALL,149.7970412609244,25.0,124.7970412609244,124.7970412609244,0.0,PASS
RECLAIM-V2-005992,RETRY_ALL,RETRY_ALL,235.71762071103285,25.0,210.71762071103285,210.71762071103285,0.0,PASS
RECLAIM-V2-005993,RETRY_ALL,RETRY_ALL,0.0,25.0,-25.0,-25.0,0.0,PASS
RECLAIM-V2-005994,RETRY_ALL,RETRY_ALL,0.0,25.0,-25.0,-25.0,0.0,PASS
RECLAIM-V2-005995,RETRY_ALL,RETRY_ALL,168.4829773243728,25.0,143.4829773243728,143.4829773243728,0.0,PASS
RECLAIM-V2-005996,RETRY_ALL,RETRY_ALL,132.9744121892661,25.0,107.9744121892661,107.9744121892661,0.0,PASS
RECLAIM-V2-005997,RETRY_ALL,RETRY_ALL,0.0,25.0,-25.0,-25.0,0.0,PASS
RECLAIM-V2-005998,RETRY_ALL,RETRY_ALL,0.0,25.0,-25.0,-25.0,0.0,PASS
RECLAIM-V2-005999,RETRY_ALL,RETRY_ALL,112.30100238701743,25.0,87.30100238701743,87.30100238701743,0.0,PASS
RECLAIM-V2-006000,RETRY_ALL,RETRY_ALL,0.0,25.0,-25.0,-25.0,0.0,PASS
RECLAIM-V2-006001,RETRY_ALL,RETRY_ALL,146.82790200970575,25.0,121.82790200970577,121.82790200970575,-1.4210854715202004e-14,PASS
RECLAIM-V2-006002,RETRY_ALL,RETRY_ALL,0.0,25.0,-25.0,-25.0,0.0,PASS
RECLAIM-V2-006003,RETRY_ALL,RETRY_ALL,273.7129841159061,25.0,248.71298411590607,248.71298411590612,5.684341886080802e-14,PASS
RECLAIM-V2-006004,RETRY_ALL,RETRY_ALL,0.0,25.0,-25.0,-25.0,0.0,PASS
RECLAIM-V2-006005,RETRY_ALL,RETRY_ALL,0.0,25.0,-25.0,-25.0,0.0,PASS
RECLAIM-V2-006006,RETRY_ALL,RETRY_ALL,261.40754218615695,25.0,236.4075421861569,236.40754218615695,5.684341886080802e-14,PASS
RECLAIM-V2-006007,RETRY_ALL,RETRY_ALL,0.0,25.0,-25.0,-25.0,0.0,PASS
RECLAIM-V2-006008,RETRY_ALL,RETRY_ALL,43.9496087607303,25.0,18.9496087607303,18.9496087607303,0.0,PASS
RECLAIM-V2-006009,RETRY_ALL,RETRY_ALL,191.6469308262845,25.0,166.6469308262845,166.6469308262845,0.0,PASS
RECLAIM-V2-006010,RETRY_ALL,RETRY_ALL,0.0,25.0,-25.0,-25.0,0.0,PASS
RECLAIM-V2-006011,RETRY_ALL,RETRY_ALL,149.1967329042534,25.0,124.1967329042534,124.1967329042534,0.0,PASS
RECLAIM-V2-006012,RETRY_ALL,RETRY_ALL,0.0,25.0,-25.0,-25.0,0.0,PASS
RECLAIM-V2-006013,RETRY_ALL,RETRY_ALL,274.2169396951398,25.0,249.21693969513976,249.21693969513979,2.842170943040401e-14,PASS
RECLAIM-V2-006014,RETRY_ALL,RETRY_ALL,0.0,25.0,-25.0,-25.0,0.0,PASS
RECLAIM-V2-006015,RETRY_ALL,RETRY_ALL,0.0,25.0,-25.0,-25.0,0.0,PASS
RECLAIM-V2-006016,RETRY_ALL,RETRY_ALL,346.9132862645256,25.0,321.9132862645256,321.9132862645256,0.0,PASS
RECLAIM-V2-006017,RETRY_ALL,RETRY_ALL,0.0,25.0,-25.0,-25.0,0.0,PASS
RECLAIM-V2-006018,RETRY_ALL,RETRY_ALL,0.0,25.0,-25.0,-25.0,0.0,PASS
RECLAIM-V2-006019,RETRY_ALL,RETRY_ALL,238.7874151576938,25.0,213.7874151576938,213.7874151576938,0.0,PASS
RECLAIM-V2-006020,RETRY_ALL,RETRY_ALL,177.9972393031683,25.0,152.9972393031683,152.9972393031683,0.0,PASS
RECLAIM-V2-006021,RETRY_ALL,RETRY_ALL,0.0,25.0,-25.0,-25.0,0.0,PASS
RECLAIM-V2-006022,RETRY_ALL,RETRY_ALL,297.09339759190607,25.0,272.09339759190607,272.09339759190607,0.0,PASS
RECLAIM-V2-006023,RETRY_ALL,RETRY_ALL,162.95689190303804,25.0,137.95689190303804,137.95689190303804,0.0,PASS
RECLAIM-V2-006024,RETRY_ALL,RETRY_ALL,0.0,25.0,-25.0,-25.0,0.0,PASS
RECLAIM-V2-006025,RETRY_ALL,RETRY_ALL,337.6558021996992,25.0,312.6558021996992,312.6558021996992,0.0,PASS
RECLAIM-V2-006026,RETRY_ALL,RETRY_ALL,349.28396664758475,25.0,324.28396664758475,324.28396664758475,0.0,PASS
RECLAIM-V2-006027,RETRY_ALL,RETRY_ALL,0.0,25.0,-25.0,-25.0,0.0,PASS
RECLAIM-V2-006028,RETRY_ALL,RETRY_ALL,0.0,25.0,-25.0,-25.0,0.0,PASS
RECLAIM-V2-006029,RETRY_ALL,RETRY_ALL,0.0,25.0,-25.0,-25.0,0.0,PASS
RECLAIM-V2-006030,RETRY_ALL,RETRY_ALL,21.24317887835175,25.0,-3.756821121648251,-3.756821121648251,0.0,PASS
RECLAIM-V2-006031,RETRY_ALL,RETRY_ALL,0.0,25.0,-25.0,-25.0,0.0,PASS
RECLAIM-V2-006032,RETRY_ALL,RETRY_ALL,0.0,25.0,-25.0,-25.0,0.0,PASS
RECLAIM-V2-006033,RETRY_ALL,RETRY_ALL,128.9240078514492,25.0,103.9240078514492,103.9240078514492,0.0,PASS
RECLAIM-V2-006034,TARGET,STANDARD_TARGET,501.5461235351702,80.0,421.5461235351702,421.5461235351702,0.0,PASS
RECLAIM-V2-006035,RETRY_ALL,RETRY_ALL,60.62776042804755,25.0,35.62776042804755,35.62776042804755,0.0,PASS
RECLAIM-V2-006036,RETRY_ALL,RETRY_ALL,0.0,25.0,-25.0,-25.0,0.0,PASS
RECLAIM-V2-006037,RETRY_ALL,RETRY_ALL,0.0,25.0,-25.0,-25.0,0.0,PASS
RECLAIM-V2-006038,RETRY_ALL,RETRY_ALL,246.01054495275508,25.0,221.01054495275508,221.01054495275508,0.0,PASS
RECLAIM-V2-006039,RETRY_ALL,RETRY_ALL,340.911242810924,25.0,315.911242810924,315.911242810924,0.0,PASS
RECLAIM-V2-006040,RETRY_ALL,RETRY_ALL,31.16315086923525,25.0,6.163150869235249,6.163150869235249,0.0,PASS
RECLAIM-V2-006041,RETRY_ALL,RETRY_ALL,0.0,25.0,-25.0,-25.0,0.0,PASS
RECLAIM-V2-006042,RETRY_ALL,RETRY_ALL,203.65590894770776,25.0,178.65590894770776,178.65590894770776,0.0,PASS
RECLAIM-V2-006043,RETRY_ALL,RETRY_ALL,96.76801550636084,25.0,71.76801550636084,71.76801550636084,0.0,PASS
RECLAIM-V2-006044,RETRY_ALL,RETRY_ALL,0.0,25.0,-25.0,-25.0,0.0,PASS
RECLAIM-V2-006045,RETRY_ALL,RETRY_ALL,109.94939824869284,25.0,84.94939824869284,84.94939824869284,0.0,PASS
RECLAIM-V2-006046,RETRY_ALL,RETRY_ALL,0.0,25.0,-25.0,-25.0,0.0,PASS
RECLAIM-V2-006047,RETRY_ALL,RETRY_ALL,0.0,25.0,-25.0,-25.0,0.0,PASS
RECLAIM-V2-006048,RETRY_ALL,RETRY_ALL,76.08231456800895,25.0,51.08231456800896,51.082314568008954,-7.105427357601002e-15,PASS
RECLAIM-V2-006049,RETRY_ALL,RETRY_ALL,0.0,25.0,-25.0,-25.0,0.0,PASS
RECLAIM-V2-006050,RETRY_ALL,RETRY_ALL,0.0,25.0,-25.0,-25.0,0.0,PASS
RECLAIM-V2-006051,RETRY_ALL,RETRY_ALL,277.06726027125166,25.0,252.06726027125168,252.06726027125166,-2.842170943040401e-14,PASS
RECLAIM-V2-006052,RETRY_ALL,RETRY_ALL,344.7243789234409,25.0,319.7243789234409,319.7243789234409,0.0,PASS
RECLAIM-V2-006053,RETRY_ALL,RETRY_ALL,0.0,25.0,-25.0,-25.0,0.0,PASS
RECLAIM-V2-006054,RETRY_ALL,RETRY_ALL,211.0716769801764,25.0,186.0716769801764,186.0716769801764,0.0,PASS
RECLAIM-V2-006055,RETRY_ALL,RETRY_ALL,254.1950009426961,25.0,229.1950009426961,229.1950009426961,0.0,PASS
RECLAIM-V2-006056,RETRY_ALL,RETRY_ALL,32.6529086612772,25.0,7.652908661277202,7.652908661277202,0.0,PASS
RECLAIM-V2-006057,RETRY_ALL,RETRY_ALL,0.0,25.0,-25.0,-25.0,0.0,PASS
RECLAIM-V2-006058,RETRY_ALL,RETRY_ALL,159.2246057267505,25.0,134.2246057267505,134.2246057267505,0.0,PASS
RECLAIM-V2-006059,RETRY_ALL,RETRY_ALL,358.2544196633265,25.0,333.2544196633265,333.2544196633265,0.0,PASS
RECLAIM-V2-006060,RETRY_ALL,RETRY_ALL,0.0,25.0,-25.0,-25.0,0.0,PASS
RECLAIM-V2-006061,RETRY_ALL,RETRY_ALL,0.0,25.0,-25.0,-25.0,0.0,PASS
RECLAIM-V2-006062,RETRY_ALL,RETRY_ALL,370.0363883278816,25.0,345.0363883278816,345.0363883278816,0.0,PASS
RECLAIM-V2-006063,TARGET,STANDARD_TARGET,485.2672593547328,80.0,405.2672593547328,405.2672593547328,0.0,PASS
RECLAIM-V2-006064,RETRY_ALL,RETRY_ALL,47.409828642276445,25.0,22.409828642276445,22.409828642276445,0.0,PASS
RECLAIM-V2-006065,RETRY_ALL,RETRY_ALL,0.0,25.0,-25.0,-25.0,0.0,PASS
RECLAIM-V2-006066,RETRY_ALL,RETRY_ALL,0.0,25.0,-25.0,-25.0,0.0,PASS
RECLAIM-V2-006067,RETRY_ALL,RETRY_ALL,141.95501019265697,25.0,116.95501019265696,116.95501019265697,1.4210854715202004e-14,PASS
RECLAIM-V2-006068,RETRY_ALL,RETRY_ALL,205.46221852392748,25.0,180.46221852392748,180.46221852392748,0.0,PASS
RECLAIM-V2-006069,RETRY_ALL,RETRY_ALL,119.2197146763564,25.0,94.2197146763564,94.2197146763564,0.0,PASS
RECLAIM-V2-006070,RETRY_ALL,RETRY_ALL,4.87659951915015,25.0,-20.12340048084985,-20.12340048084985,0.0,PASS
RECLAIM-V2-006071,RETRY_ALL,RETRY_ALL,133.08980323941165,25.0,108.08980323941164,108.08980323941165,1.4210854715202004e-14,PASS
RECLAIM-V2-006072,RETRY_ALL,RETRY_ALL,0.0,25.0,-25.0,-25.0,0.0,PASS
RECLAIM-V2-006073,RETRY_ALL,RETRY_ALL,166.7741144814855,25.0,141.7741144814855,141.7741144814855,0.0,PASS
RECLAIM-V2-006074,RETRY_ALL,RETRY_ALL,0.0,25.0,-25.0,-25.0,0.0,PASS
RECLAIM-V2-006075,RETRY_ALL,RETRY_ALL,253.5697904293897,25.0,228.5697904293897,228.5697904293897,0.0,PASS
RECLAIM-V2-006076,RETRY_ALL,RETRY_ALL,0.0,25.0,-25.0,-25.0,0.0,PASS
RECLAIM-V2-006077,RETRY_ALL,RETRY_ALL,47.52228635998305,25.0,22.52228635998305,22.52228635998305,0.0,PASS
RECLAIM-V2-006078,RETRY_ALL,RETRY_ALL,378.17890225321497,25.0,353.17890225321497,353.17890225321497,0.0,PASS
RECLAIM-V2-006079,RETRY_ALL,RETRY_ALL,123.5172460968093,25.0,98.5172460968093,98.5172460968093,0.0,PASS
RECLAIM-V2-006080,RETRY_ALL,RETRY_ALL,359.26582050716337,25.0,334.26582050716337,334.26582050716337,0.0,PASS
RECLAIM-V2-006081,RETRY_ALL,RETRY_ALL,0.0,25.0,-25.0,-25.0,0.0,PASS
RECLAIM-V2-006082,RETRY_ALL,RETRY_ALL,0.0,25.0,-25.0,-25.0,0.0,PASS
RECLAIM-V2-006083,RETRY_ALL,RETRY_ALL,146.6455137598704,25.0,121.6455137598704,121.6455137598704,0.0,PASS
RECLAIM-V2-006084,RETRY_ALL,RETRY_ALL,0.0,25.0,-25.0,-25.0,0.0,PASS
RECLAIM-V2-006085,RETRY_ALL,RETRY_ALL,0.0,25.0,-25.0,-25.0,0.0,PASS
RECLAIM-V2-006086,RETRY_ALL,RETRY_ALL,245.218977438108,25.0,220.218977438108,220.218977438108,0.0,PASS
RECLAIM-V2-006087,RETRY_ALL,RETRY_ALL,0.0,25.0,-25.0,-25.0,0.0,PASS
RECLAIM-V2-006088,RETRY_ALL,RETRY_ALL,0.0,25.0,-25.0,-25.0,0.0,PASS
RECLAIM-V2-006089,RETRY_ALL,RETRY_ALL,52.1275806941856,25.0,27.127580694185603,27.127580694185603,0.0,PASS
RECLAIM-V2-006090,RETRY_ALL,RETRY_ALL,138.95542563047175,25.0,113.95542563047177,113.95542563047175,-1.4210854715202004e-14,PASS
RECLAIM-V2-006091,RETRY_ALL,RETRY_ALL,1.85897754340635,25.0,-23.14102245659365,-23.14102245659365,0.0,PASS
RECLAIM-V2-006092,RETRY_ALL,RETRY_ALL,0.0,25.0,-25.0,-25.0,0.0,PASS
RECLAIM-V2-006093,RETRY_ALL,RETRY_ALL,261.1110671431095,25.0,236.1110671431095,236.1110671431095,0.0,PASS
RECLAIM-V2-006094,RETRY_ALL,RETRY_ALL,111.21624330882284,25.0,86.21624330882284,86.21624330882284,0.0,PASS
RECLAIM-V2-006095,RETRY_ALL,RETRY_ALL,145.86659466474885,25.0,120.86659466474885,120.86659466474885,0.0,PASS
RECLAIM-V2-006096,RETRY_ALL,RETRY_ALL,132.31787922877936,25.0,107.31787922877936,107.31787922877936,0.0,PASS
RECLAIM-V2-006097,RETRY_ALL,RETRY_ALL,12.09558102627105,25.0,-12.90441897372895,-12.90441897372895,0.0,PASS
RECLAIM-V2-006098,RETRY_ALL,RETRY_ALL,0.0,25.0,-25.0,-25.0,0.0,PASS
RECLAIM-V2-006099,RETRY_ALL,RETRY_ALL,0.0,25.0,-25.0,-25.0,0.0,PASS
RECLAIM-V2-006100,RETRY_ALL,RETRY_ALL,34.647571148193904,25.0,9.647571148193904,9.647571148193904,0.0,PASS
RECLAIM-V2-006101,RETRY_ALL,RETRY_ALL,0.0,25.0,-25.0,-25.0,0.0,PASS
RECLAIM-V2-006102,RETRY_ALL,RETRY_ALL,213.562213878528,25.0,188.562213878528,188.562213878528,0.0,PASS
RECLAIM-V2-006103,RETRY_ALL,RETRY_ALL,41.58410324149816,25.0,16.584103241498163,16.584103241498163,0.0,PASS
RECLAIM-V2-006104,RETRY_ALL,RETRY_ALL,61.6719106463844,25.0,36.6719106463844,36.6719106463844,0.0,PASS
RECLAIM-V2-006105,RETRY_ALL,RETRY_ALL,0.0,25.0,-25.0,-25.0,0.0,PASS
RECLAIM-V2-006106,RETRY_ALL,RETRY_ALL,0.0,25.0,-25.0,-25.0,0.0,PASS
RECLAIM-V2-006107,RETRY_ALL,RETRY_ALL,198.4304294442354,25.0,173.4304294442354,173.4304294442354,0.0,PASS
RECLAIM-V2-006108,RETRY_ALL,RETRY_ALL,45.85591945355775,25.0,20.85591945355776,20.855919453557753,-7.105427357601002e-15,PASS
RECLAIM-V2-006109,RETRY_ALL,RETRY_ALL,372.61612109656346,25.0,347.61612109656346,347.61612109656346,0.0,PASS
RECLAIM-V2-006110,RETRY_ALL,RETRY_ALL,0.0,25.0,-25.0,-25.0,0.0,PASS
RECLAIM-V2-006111,RETRY_ALL,RETRY_ALL,212.72511646427407,25.0,187.72511646427407,187.72511646427407,0.0,PASS
RECLAIM-V2-006112,RETRY_ALL,RETRY_ALL,0.0,25.0,-25.0,-25.0,0.0,PASS
RECLAIM-V2-006113,RETRY_ALL,RETRY_ALL,20.68951798235595,25.0,-4.310482017644048,-4.310482017644048,0.0,PASS
RECLAIM-V2-006114,RETRY_ALL,RETRY_ALL,285.821329208856,25.0,260.821329208856,260.821329208856,0.0,PASS
RECLAIM-V2-006115,RETRY_ALL,RETRY_ALL,345.4263529408922,25.0,320.4263529408922,320.4263529408922,0.0,PASS
RECLAIM-V2-006116,RETRY_ALL,RETRY_ALL,0.0,25.0,-25.0,-25.0,0.0,PASS
RECLAIM-V2-006117,RETRY_ALL,RETRY_ALL,126.895698969825,25.0,101.895698969825,101.895698969825,0.0,PASS
RECLAIM-V2-006118,RETRY_ALL,RETRY_ALL,0.0,25.0,-25.0,-25.0,0.0,PASS
RECLAIM-V2-006119,RETRY_ALL,RETRY_ALL,0.0,25.0,-25.0,-25.0,0.0,PASS
RECLAIM-V2-006120,RETRY_ALL,RETRY_ALL,163.94840065139087,25.0,138.94840065139087,138.94840065139087,0.0,PASS
RECLAIM-V2-006121,RETRY_ALL,RETRY_ALL,252.9702121453752,25.0,227.9702121453752,227.9702121453752,0.0,PASS
RECLAIM-V2-006122,TARGET,LOW_INTENSITY,464.1362617103081,45.0,419.1362617103081,419.1362617103081,0.0,PASS
RECLAIM-V2-006123,RETRY_ALL,RETRY_ALL,261.7095634665069,25.0,236.7095634665069,236.7095634665069,0.0,PASS
RECLAIM-V2-006124,RETRY_ALL,RETRY_ALL,0.0,25.0,-25.0,-25.0,0.0,PASS
RECLAIM-V2-006125,RETRY_ALL,RETRY_ALL,179.842574974482,25.0,154.842574974482,154.842574974482,0.0,PASS
RECLAIM-V2-006126,RETRY_ALL,RETRY_ALL,0.0,25.0,-25.0,-25.0,0.0,PASS
RECLAIM-V2-006127,RETRY_ALL,RETRY_ALL,0.0,25.0,-25.0,-25.0,0.0,PASS
RECLAIM-V2-006128,RETRY_ALL,RETRY_ALL,36.1248368028603,25.0,11.1248368028603,11.124836802860301,1.7763568394002505e-15,PASS
RECLAIM-V2-006129,RETRY_ALL,RETRY_ALL,0.0,25.0,-25.0,-25.0,0.0,PASS
RECLAIM-V2-006130,RETRY_ALL,RETRY_ALL,0.0,25.0,-25.0,-25.0,0.0,PASS
RECLAIM-V2-006131,RETRY_ALL,RETRY_ALL,43.16717858803785,25.0,18.16717858803785,18.16717858803785,0.0,PASS
RECLAIM-V2-006132,RETRY_ALL,RETRY_ALL,0.0,25.0,-25.0,-25.0,0.0,PASS
RECLAIM-V2-006133,RETRY_ALL,RETRY_ALL,273.6278259987114,25.0,248.6278259987114,248.6278259987114,0.0,PASS
RECLAIM-V2-006134,RETRY_ALL,RETRY_ALL,231.84173649431068,25.0,206.84173649431068,206.84173649431068,0.0,PASS
RECLAIM-V2-006135,RETRY_ALL,RETRY_ALL,293.88782954805674,25.0,268.88782954805674,268.88782954805674,0.0,PASS
RECLAIM-V2-006136,RETRY_ALL,RETRY_ALL,0.0,25.0,-25.0,-25.0,0.0,PASS
RECLAIM-V2-006137,RETRY_ALL,RETRY_ALL,0.0,25.0,-25.0,-25.0,0.0,PASS
RECLAIM-V2-006138,RETRY_ALL,RETRY_ALL,227.4023598102297,25.0,202.4023598102297,202.4023598102297,0.0,PASS
RECLAIM-V2-006139,RETRY_ALL,RETRY_ALL,221.53963014319783,25.0,196.53963014319783,196.53963014319783,0.0,PASS
RECLAIM-V2-006140,RETRY_ALL,RETRY_ALL,101.4150751331118,25.0,76.4150751331118,76.4150751331118,0.0,PASS
RECLAIM-V2-006141,RETRY_ALL,RETRY_ALL,0.0,25.0,-25.0,-25.0,0.0,PASS
RECLAIM-V2-006142,RETRY_ALL,RETRY_ALL,0.0,25.0,-25.0,-25.0,0.0,PASS
RECLAIM-V2-006143,RETRY_ALL,RETRY_ALL,267.8702695347294,25.0,242.8702695347294,242.8702695347294,0.0,PASS
RECLAIM-V2-006144,RETRY_ALL,RETRY_ALL,0.0,25.0,-25.0,-25.0,0.0,PASS
RECLAIM-V2-006145,RETRY_ALL,RETRY_ALL,0.0,25.0,-25.0,-25.0,0.0,PASS
RECLAIM-V2-006146,RETRY_ALL,RETRY_ALL,324.8737961397984,25.0,299.8737961397984,299.8737961397984,0.0,PASS
RECLAIM-V2-006147,RETRY_ALL,RETRY_ALL,41.7280634662947,25.0,16.7280634662947,16.7280634662947,0.0,PASS
RECLAIM-V2-006148,RETRY_ALL,RETRY_ALL,0.0,25.0,-25.0,-25.0,0.0,PASS
RECLAIM-V2-006149,RETRY_ALL,RETRY_ALL,0.0,25.0,-25.0,-25.0,0.0,PASS
RECLAIM-V2-006150,RETRY_ALL,RETRY_ALL,4.0400907526155,25.0,-20.959909247384505,-20.959909247384502,3.552713678800501e-15,PASS
RECLAIM-V2-006151,RETRY_ALL,RETRY_ALL,0.0,25.0,-25.0,-25.0,0.0,PASS
RECLAIM-V2-006152,RETRY_ALL,RETRY_ALL,176.4257853068286,25.0,151.4257853068286,151.4257853068286,0.0,PASS
RECLAIM-V2-006153,RETRY_ALL,RETRY_ALL,0.0,25.0,-25.0,-25.0,0.0,PASS
RECLAIM-V2-006154,RETRY_ALL,RETRY_ALL,0.0,25.0,-25.0,-25.0,0.0,PASS
RECLAIM-V2-006155,RETRY_ALL,RETRY_ALL,0.0,25.0,-25.0,-25.0,0.0,PASS
RECLAIM-V2-006156,RETRY_ALL,RETRY_ALL,179.80453991189012,25.0,154.80453991189012,154.80453991189012,0.0,PASS
RECLAIM-V2-006157,RETRY_ALL,RETRY_ALL,0.0,25.0,-25.0,-25.0,0.0,PASS
RECLAIM-V2-006158,RETRY_ALL,RETRY_ALL,296.4336573545012,25.0,271.4336573545012,271.4336573545012,0.0,PASS
RECLAIM-V2-006159,RETRY_ALL,RETRY_ALL,93.71587628721343,25.0,68.71587628721343,68.71587628721343,0.0,PASS
RECLAIM-V2-006160,RETRY_ALL,RETRY_ALL,220.6057658620892,25.0,195.6057658620892,195.6057658620892,0.0,PASS
RECLAIM-V2-006161,RETRY_ALL,RETRY_ALL,0.0,25.0,-25.0,-25.0,0.0,PASS
RECLAIM-V2-006162,RETRY_ALL,RETRY_ALL,0.0,25.0,-25.0,-25.0,0.0,PASS
RECLAIM-V2-006163,RETRY_ALL,RETRY_ALL,0.0,25.0,-25.0,-25.0,0.0,PASS
RECLAIM-V2-006164,RETRY_ALL,RETRY_ALL,256.28345150589433,25.0,231.2834515058944,231.28345150589433,-5.684341886080802e-14,PASS
RECLAIM-V2-006165,RETRY_ALL,RETRY_ALL,0.0,25.0,-25.0,-25.0,0.0,PASS
RECLAIM-V2-006166,RETRY_ALL,RETRY_ALL,199.78985141218607,25.0,174.78985141218615,174.78985141218607,-8.526512829121202e-14,PASS
RECLAIM-V2-006167,RETRY_ALL,RETRY_ALL,142.9870409362482,25.0,117.9870409362482,117.9870409362482,0.0,PASS
RECLAIM-V2-006168,RETRY_ALL,RETRY_ALL,0.0,25.0,-25.0,-25.0,0.0,PASS
RECLAIM-V2-006169,RETRY_ALL,RETRY_ALL,0.0,25.0,-25.0,-25.0,0.0,PASS
RECLAIM-V2-006170,RETRY_ALL,RETRY_ALL,0.0,25.0,-25.0,-25.0,0.0,PASS
RECLAIM-V2-006171,RETRY_ALL,RETRY_ALL,274.207082046087,25.0,249.207082046087,249.207082046087,0.0,PASS
RECLAIM-V2-006172,TARGET,MONITOR,402.1120890255969,10.0,392.1120890255969,392.1120890255969,0.0,PASS
RECLAIM-V2-006173,RETRY_ALL,RETRY_ALL,0.0,25.0,-25.0,-25.0,0.0,PASS
RECLAIM-V2-006174,RETRY_ALL,RETRY_ALL,375.5517419434277,25.0,350.5517419434277,350.5517419434277,0.0,PASS
RECLAIM-V2-006175,RETRY_ALL,RETRY_ALL,350.42148123248745,25.0,325.42148123248745,325.42148123248745,0.0,PASS
RECLAIM-V2-006176,RETRY_ALL,RETRY_ALL,177.55234263285152,25.0,152.55234263285152,152.55234263285152,0.0,PASS
RECLAIM-V2-006177,RETRY_ALL,RETRY_ALL,0.0,25.0,-25.0,-25.0,0.0,PASS
RECLAIM-V2-006178,TARGET,LOW_INTENSITY,460.1937185951968,45.0,415.1937185951968,415.1937185951968,0.0,PASS
RECLAIM-V2-006179,RETRY_ALL,RETRY_ALL,0.0,25.0,-25.0,-25.0,0.0,PASS
RECLAIM-V2-006180,RETRY_ALL,RETRY_ALL,0.0,25.0,-25.0,-25.0,0.0,PASS
RECLAIM-V2-006181,RETRY_ALL,RETRY_ALL,309.63596876471564,25.0,284.63596876471564,284.63596876471564,0.0,PASS
RECLAIM-V2-006182,TARGET,LOW_INTENSITY,432.6580460403577,45.0,387.6580460403577,387.6580460403577,0.0,PASS
RECLAIM-V2-006183,RETRY_ALL,RETRY_ALL,0.0,25.0,-25.0,-25.0,0.0,PASS
RECLAIM-V2-006184,RETRY_ALL,RETRY_ALL,219.25173442839915,25.0,194.25173442839915,194.25173442839915,0.0,PASS
RECLAIM-V2-006185,RETRY_ALL,RETRY_ALL,289.9478574590247,25.0,264.9478574590247,264.9478574590247,0.0,PASS
RECLAIM-V2-006186,RETRY_ALL,RETRY_ALL,0.0,25.0,-25.0,-25.0,0.0,PASS
RECLAIM-V2-006187,RETRY_ALL,RETRY_ALL,303.3782336514644,25.0,278.3782336514644,278.3782336514644,0.0,PASS
RECLAIM-V2-006188,RETRY_ALL,RETRY_ALL,0.0,25.0,-25.0,-25.0,0.0,PASS
RECLAIM-V2-006189,RETRY_ALL,RETRY_ALL,159.5885432569743,25.0,134.5885432569743,134.5885432569743,0.0,PASS
RECLAIM-V2-006190,RETRY_ALL,RETRY_ALL,172.47336792356265,25.0,147.47336792356265,147.47336792356265,0.0,PASS
RECLAIM-V2-006191,RETRY_ALL,RETRY_ALL,0.0,25.0,-25.0,-25.0,0.0,PASS
RECLAIM-V2-006192,RETRY_ALL,RETRY_ALL,0.0,25.0,-25.0,-25.0,0.0,PASS
RECLAIM-V2-006193,RETRY_ALL,RETRY_ALL,227.6043889517898,25.0,202.6043889517898,202.6043889517898,0.0,PASS
RECLAIM-V2-006194,RETRY_ALL,RETRY_ALL,0.0,25.0,-25.0,-25.0,0.0,PASS
RECLAIM-V2-006195,RETRY_ALL,RETRY_ALL,0.0,25.0,-25.0,-25.0,0.0,PASS
RECLAIM-V2-006196,RETRY_ALL,RETRY_ALL,202.8870938610216,25.0,177.8870938610216,177.8870938610216,0.0,PASS
RECLAIM-V2-006197,RETRY_ALL,RETRY_ALL,0.0,25.0,-25.0,-25.0,0.0,PASS
RECLAIM-V2-006198,RETRY_ALL,RETRY_ALL,0.0,25.0,-25.0,-25.0,0.0,PASS
RECLAIM-V2-006199,RETRY_ALL,RETRY_ALL,236.64404415886213,25.0,211.64404415886213,211.64404415886213,0.0,PASS
RECLAIM-V2-006200,RETRY_ALL,RETRY_ALL,0.0,25.0,-25.0,-25.0,0.0,PASS
RECLAIM-V2-006201,RETRY_ALL,RETRY_ALL,85.6092243195216,25.0,60.6092243195216,60.6092243195216,0.0,PASS
RECLAIM-V2-006202,RETRY_ALL,RETRY_ALL,267.5349359498427,25.0,242.5349359498427,242.5349359498427,0.0,PASS
RECLAIM-V2-006203,RETRY_ALL,RETRY_ALL,0.0,25.0,-25.0,-25.0,0.0,PASS
RECLAIM-V2-006204,RETRY_ALL,RETRY_ALL,0.0,25.0,-25.0,-25.0,0.0,PASS
RECLAIM-V2-006205,RETRY_ALL,RETRY_ALL,331.83639187135947,25.0,306.83639187135947,306.83639187135947,0.0,PASS
RECLAIM-V2-006206,RETRY_ALL,RETRY_ALL,0.0,25.0,-25.0,-25.0,0.0,PASS
RECLAIM-V2-006207,RETRY_ALL,RETRY_ALL,0.0,25.0,-25.0,-25.0,0.0,PASS
RECLAIM-V2-006208,RETRY_ALL,RETRY_ALL,0.0,25.0,-25.0,-25.0,0.0,PASS
RECLAIM-V2-006209,RETRY_ALL,RETRY_ALL,0.0,25.0,-25.0,-25.0,0.0,PASS
RECLAIM-V2-006210,RETRY_ALL,RETRY_ALL,0.0,25.0,-25.0,-25.0,0.0,PASS
RECLAIM-V2-006211,RETRY_ALL,RETRY_ALL,95.69210939959636,25.0,70.69210939959636,70.69210939959636,0.0,PASS
RECLAIM-V2-006212,RETRY_ALL,RETRY_ALL,83.2778075513691,25.0,58.27780755136909,58.277807551369094,7.105427357601002e-15,PASS
RECLAIM-V2-006213,RETRY_ALL,RETRY_ALL,149.1431028108699,25.0,124.14310281086988,124.14310281086989,1.4210854715202004e-14,PASS
RECLAIM-V2-006214,RETRY_ALL,RETRY_ALL,0.0,25.0,-25.0,-25.0,0.0,PASS
RECLAIM-V2-006215,TARGET,STANDARD_TARGET,508.3081866178386,80.0,428.3081866178386,428.3081866178386,0.0,PASS
RECLAIM-V2-006216,RETRY_ALL,RETRY_ALL,51.1000148749869,25.0,26.100014874986897,26.100014874986897,0.0,PASS
RECLAIM-V2-006217,RETRY_ALL,RETRY_ALL,0.3769858463571,25.0,-24.6230141536429,-24.6230141536429,0.0,PASS
RECLAIM-V2-006218,RETRY_ALL,RETRY_ALL,0.0,25.0,-25.0,-25.0,0.0,PASS
RECLAIM-V2-006219,RETRY_ALL,RETRY_ALL,67.6520486724084,25.0,42.6520486724084,42.6520486724084,0.0,PASS
RECLAIM-V2-006220,RETRY_ALL,RETRY_ALL,312.1941077290155,25.0,287.1941077290155,287.1941077290155,0.0,PASS
RECLAIM-V2-006221,RETRY_ALL,RETRY_ALL,0.0,25.0,-25.0,-25.0,0.0,PASS
RECLAIM-V2-006222,RETRY_ALL,RETRY_ALL,196.77810286954528,25.0,171.77810286954528,171.77810286954528,0.0,PASS
RECLAIM-V2-006223,RETRY_ALL,RETRY_ALL,0.0,25.0,-25.0,-25.0,0.0,PASS
RECLAIM-V2-006224,RETRY_ALL,RETRY_ALL,0.0,25.0,-25.0,-25.0,0.0,PASS
RECLAIM-V2-006225,RETRY_ALL,RETRY_ALL,0.0,25.0,-25.0,-25.0,0.0,PASS
RECLAIM-V2-006226,RETRY_ALL,RETRY_ALL,124.04871938324806,25.0,99.04871938324806,99.04871938324806,0.0,PASS
RECLAIM-V2-006227,RETRY_ALL,RETRY_ALL,198.20382286925667,25.0,173.20382286925667,173.20382286925667,0.0,PASS
RECLAIM-V2-006228,RETRY_ALL,RETRY_ALL,0.0,25.0,-25.0,-25.0,0.0,PASS
RECLAIM-V2-006229,RETRY_ALL,RETRY_ALL,239.1251792752893,25.0,214.1251792752893,214.1251792752893,0.0,PASS
RECLAIM-V2-006230,RETRY_ALL,RETRY_ALL,54.01616560020675,25.0,29.016165600206747,29.016165600206747,0.0,PASS
RECLAIM-V2-006231,RETRY_ALL,RETRY_ALL,0.0,25.0,-25.0,-25.0,0.0,PASS
RECLAIM-V2-006232,RETRY_ALL,RETRY_ALL,0.0,25.0,-25.0,-25.0,0.0,PASS
RECLAIM-V2-006233,RETRY_ALL,RETRY_ALL,373.62343140880137,25.0,348.62343140880137,348.62343140880137,0.0,PASS
RECLAIM-V2-006234,RETRY_ALL,RETRY_ALL,258.8599601977502,25.0,233.85996019775013,233.85996019775018,5.684341886080802e-14,PASS
RECLAIM-V2-006235,RETRY_ALL,RETRY_ALL,0.0,25.0,-25.0,-25.0,0.0,PASS
RECLAIM-V2-006236,RETRY_ALL,RETRY_ALL,75.8768647568151,25.0,50.876864756815095,50.876864756815095,0.0,PASS
RECLAIM-V2-006237,RETRY_ALL,RETRY_ALL,22.5296506176438,25.0,-2.4703493823562006,-2.4703493823562006,0.0,PASS
RECLAIM-V2-006238,RETRY_ALL,RETRY_ALL,23.027681301272548,25.0,-1.9723186987274524,-1.9723186987274524,0.0,PASS
RECLAIM-V2-006239,RETRY_ALL,RETRY_ALL,0.0,25.0,-25.0,-25.0,0.0,PASS
RECLAIM-V2-006240,RETRY_ALL,RETRY_ALL,225.0788323751082,25.0,200.0788323751082,200.0788323751082,0.0,PASS
RECLAIM-V2-006241,RETRY_ALL,RETRY_ALL,44.04441226921965,25.0,19.04441226921965,19.04441226921965,0.0,PASS
RECLAIM-V2-006242,RETRY_ALL,RETRY_ALL,0.0,25.0,-25.0,-25.0,0.0,PASS
RECLAIM-V2-006243,RETRY_ALL,RETRY_ALL,0.0,25.0,-25.0,-25.0,0.0,PASS
RECLAIM-V2-006244,RETRY_ALL,RETRY_ALL,0.0,25.0,-25.0,-25.0,0.0,PASS
RECLAIM-V2-006245,TARGET,MONITOR,402.3528122151128,10.0,392.3528122151128,392.3528122151128,0.0,PASS
RECLAIM-V2-006246,RETRY_ALL,RETRY_ALL,0.0,25.0,-25.0,-25.0,0.0,PASS
RECLAIM-V2-006247,RETRY_ALL,RETRY_ALL,339.0632177216691,25.0,314.0632177216691,314.0632177216691,0.0,PASS
RECLAIM-V2-006248,RETRY_ALL,RETRY_ALL,204.71231423059865,25.0,179.71231423059865,179.71231423059865,0.0,PASS
RECLAIM-V2-006249,RETRY_ALL,RETRY_ALL,274.8612331904598,25.0,249.8612331904598,249.8612331904598,0.0,PASS
RECLAIM-V2-006250,RETRY_ALL,RETRY_ALL,360.9658275411024,25.0,335.9658275411024,335.9658275411024,0.0,PASS
RECLAIM-V2-006251,RETRY_ALL,RETRY_ALL,0.0,25.0,-25.0,-25.0,0.0,PASS
RECLAIM-V2-006252,RETRY_ALL,RETRY_ALL,226.21943998449828,25.0,201.21943998449828,201.21943998449828,0.0,PASS
RECLAIM-V2-006253,RETRY_ALL,RETRY_ALL,200.34516663033,25.0,175.34516663033,175.34516663033,0.0,PASS
RECLAIM-V2-006254,RETRY_ALL,RETRY_ALL,339.19142145978986,25.0,314.19142145978986,314.19142145978986,0.0,PASS
RECLAIM-V2-006255,RETRY_ALL,RETRY_ALL,29.464695893823897,25.0,4.464695893823897,4.464695893823897,0.0,PASS
RECLAIM-V2-006256,RETRY_ALL,RETRY_ALL,0.0,25.0,-25.0,-25.0,0.0,PASS
RECLAIM-V2-006257,RETRY_ALL,RETRY_ALL,0.0,25.0,-25.0,-25.0,0.0,PASS
RECLAIM-V2-006258,RETRY_ALL,RETRY_ALL,0.0,25.0,-25.0,-25.0,0.0,PASS
RECLAIM-V2-006259,RETRY_ALL,RETRY_ALL,0.0,25.0,-25.0,-25.0,0.0,PASS
RECLAIM-V2-006260,RETRY_ALL,RETRY_ALL,0.0,25.0,-25.0,-25.0,0.0,PASS
RECLAIM-V2-006261,RETRY_ALL,RETRY_ALL,0.0,25.0,-25.0,-25.0,0.0,PASS
RECLAIM-V2-006262,RETRY_ALL,RETRY_ALL,59.870444321673446,25.0,34.870444321673446,34.870444321673446,0.0,PASS
RECLAIM-V2-006263,RETRY_ALL,RETRY_ALL,138.90051396423962,25.0,113.90051396423962,113.90051396423962,0.0,PASS
RECLAIM-V2-006264,RETRY_ALL,RETRY_ALL,0.0,25.0,-25.0,-25.0,0.0,PASS
RECLAIM-V2-006265,RETRY_ALL,RETRY_ALL,42.14671254969405,25.0,17.14671254969405,17.14671254969405,0.0,PASS
RECLAIM-V2-006266,RETRY_ALL,RETRY_ALL,357.7235377654134,25.0,332.7235377654134,332.7235377654134,0.0,PASS
RECLAIM-V2-006267,RETRY_ALL,RETRY_ALL,19.16358257001795,25.0,-5.836417429982049,-5.836417429982049,0.0,PASS
RECLAIM-V2-006268,RETRY_ALL,RETRY_ALL,282.4057927073265,25.0,257.4057927073265,257.4057927073265,0.0,PASS
RECLAIM-V2-006269,RETRY_ALL,RETRY_ALL,288.40269793741845,25.0,263.40269793741845,263.40269793741845,0.0,PASS
RECLAIM-V2-006270,RETRY_ALL,RETRY_ALL,313.32187317820274,25.0,288.32187317820274,288.32187317820274,0.0,PASS
RECLAIM-V2-006271,RETRY_ALL,RETRY_ALL,0.0,25.0,-25.0,-25.0,0.0,PASS
RECLAIM-V2-006272,RETRY_ALL,RETRY_ALL,368.16534721899376,25.0,343.16534721899376,343.16534721899376,0.0,PASS
RECLAIM-V2-006273,RETRY_ALL,RETRY_ALL,156.3480769582476,25.0,131.3480769582476,131.3480769582476,0.0,PASS
RECLAIM-V2-006274,RETRY_ALL,RETRY_ALL,0.0,25.0,-25.0,-25.0,0.0,PASS
RECLAIM-V2-006275,RETRY_ALL,RETRY_ALL,0.0,25.0,-25.0,-25.0,0.0,PASS
RECLAIM-V2-006276,RETRY_ALL,RETRY_ALL,103.97518263488656,25.0,78.97518263488656,78.97518263488656,0.0,PASS
RECLAIM-V2-006277,RETRY_ALL,RETRY_ALL,0.0,25.0,-25.0,-25.0,0.0,PASS
RECLAIM-V2-006278,RETRY_ALL,RETRY_ALL,0.0,25.0,-25.0,-25.0,0.0,PASS
RECLAIM-V2-006279,RETRY_ALL,RETRY_ALL,0.0,25.0,-25.0,-25.0,0.0,PASS
RECLAIM-V2-006280,RETRY_ALL,RETRY_ALL,0.0,25.0,-25.0,-25.0,0.0,PASS
RECLAIM-V2-006281,RETRY_ALL,RETRY_ALL,0.0,25.0,-25.0,-25.0,0.0,PASS
RECLAIM-V2-006282,RETRY_ALL,RETRY_ALL,0.0,25.0,-25.0,-25.0,0.0,PASS
RECLAIM-V2-006283,RETRY_ALL,RETRY_ALL,0.0,25.0,-25.0,-25.0,0.0,PASS
RECLAIM-V2-006284,RETRY_ALL,RETRY_ALL,46.9770318523701,25.0,21.977031852370096,21.977031852370096,0.0,PASS
RECLAIM-V2-006285,RETRY_ALL,RETRY_ALL,0.0,25.0,-25.0,-25.0,0.0,PASS
RECLAIM-V2-006286,RETRY_ALL,RETRY_ALL,12.1333820330328,25.0,-12.8666179669672,-12.8666179669672,0.0,PASS
RECLAIM-V2-006287,RETRY_ALL,RETRY_ALL,0.0,25.0,-25.0,-25.0,0.0,PASS
RECLAIM-V2-006288,RETRY_ALL,RETRY_ALL,307.81059008170365,25.0,282.81059008170365,282.81059008170365,0.0,PASS
RECLAIM-V2-006289,RETRY_ALL,RETRY_ALL,60.58569666184935,25.0,35.58569666184935,35.58569666184935,0.0,PASS
RECLAIM-V2-006290,RETRY_ALL,RETRY_ALL,0.0,25.0,-25.0,-25.0,0.0,PASS
RECLAIM-V2-006291,RETRY_ALL,RETRY_ALL,5.45308159768155,25.0,-19.54691840231845,-19.54691840231845,0.0,PASS
RECLAIM-V2-006292,RETRY_ALL,RETRY_ALL,41.3538482098878,25.0,16.3538482098878,16.3538482098878,0.0,PASS
RECLAIM-V2-006293,RETRY_ALL,RETRY_ALL,199.320004130538,25.0,174.320004130538,174.320004130538,0.0,PASS
RECLAIM-V2-006294,RETRY_ALL,RETRY_ALL,115.38066557994344,25.0,90.38066557994344,90.38066557994344,0.0,PASS
RECLAIM-V2-006295,RETRY_ALL,RETRY_ALL,0.0,25.0,-25.0,-25.0,0.0,PASS
RECLAIM-V2-006296,RETRY_ALL,RETRY_ALL,209.4059403571242,25.0,184.4059403571242,184.4059403571242,0.0,PASS
RECLAIM-V2-006297,RETRY_ALL,RETRY_ALL,49.3327188619893,25.0,24.3327188619893,24.3327188619893,0.0,PASS
RECLAIM-V2-006298,RETRY_ALL,RETRY_ALL,275.2765084318037,25.0,250.27650843180368,250.27650843180368,0.0,PASS
RECLAIM-V2-006299,RETRY_ALL,RETRY_ALL,0.0,25.0,-25.0,-25.0,0.0,PASS
RECLAIM-V2-006300,RETRY_ALL,RETRY_ALL,0.0,25.0,-25.0,-25.0,0.0,PASS
RECLAIM-V2-006301,TARGET,LOW_INTENSITY,439.37463101052,45.0,394.37463101052,394.37463101052,0.0,PASS
RECLAIM-V2-006302,RETRY_ALL,RETRY_ALL,105.14950456919624,25.0,80.14950456919624,80.14950456919624,0.0,PASS
RECLAIM-V2-006303,RETRY_ALL,RETRY_ALL,88.89677528040855,25.0,63.89677528040855,63.89677528040855,0.0,PASS
RECLAIM-V2-006304,RETRY_ALL,RETRY_ALL,187.1556354221646,25.0,162.1556354221646,162.1556354221646,0.0,PASS
RECLAIM-V2-006305,RETRY_ALL,RETRY_ALL,0.0,25.0,-25.0,-25.0,0.0,PASS
RECLAIM-V2-006306,RETRY_ALL,RETRY_ALL,359.6169219961949,25.0,334.6169219961949,334.6169219961949,0.0,PASS
RECLAIM-V2-006307,RETRY_ALL,RETRY_ALL,0.0,25.0,-25.0,-25.0,0.0,PASS
RECLAIM-V2-006308,RETRY_ALL,RETRY_ALL,0.0,25.0,-25.0,-25.0,0.0,PASS
RECLAIM-V2-006309,RETRY_ALL,RETRY_ALL,334.660686022644,25.0,309.660686022644,309.660686022644,0.0,PASS
RECLAIM-V2-006310,RETRY_ALL,RETRY_ALL,72.1770341738502,25.0,47.1770341738502,47.1770341738502,0.0,PASS
RECLAIM-V2-006311,RETRY_ALL,RETRY_ALL,0.0,25.0,-25.0,-25.0,0.0,PASS
RECLAIM-V2-006312,RETRY_ALL,RETRY_ALL,151.50098931172244,25.0,126.50098931172244,126.50098931172244,0.0,PASS
RECLAIM-V2-006313,RETRY_ALL,RETRY_ALL,0.0,25.0,-25.0,-25.0,0.0,PASS
RECLAIM-V2-006314,RETRY_ALL,RETRY_ALL,62.11364650824975,25.0,37.11364650824975,37.11364650824975,0.0,PASS
RECLAIM-V2-006315,RETRY_ALL,RETRY_ALL,0.0,25.0,-25.0,-25.0,0.0,PASS
RECLAIM-V2-006316,RETRY_ALL,RETRY_ALL,0.0,25.0,-25.0,-25.0,0.0,PASS
RECLAIM-V2-006317,TARGET,MONITOR,401.5666312309986,10.0,391.5666312309986,391.5666312309986,0.0,PASS
RECLAIM-V2-006318,RETRY_ALL,RETRY_ALL,336.4962261330147,25.0,311.4962261330147,311.4962261330147,0.0,PASS
RECLAIM-V2-006319,RETRY_ALL,RETRY_ALL,13.7638036571298,25.0,-11.2361963428702,-11.2361963428702,0.0,PASS
RECLAIM-V2-006320,RETRY_ALL,RETRY_ALL,81.59832110305139,25.0,56.59832110305139,56.59832110305139,0.0,PASS
RECLAIM-V2-006321,RETRY_ALL,RETRY_ALL,60.0563898132456,25.0,35.0563898132456,35.0563898132456,0.0,PASS
RECLAIM-V2-006322,RETRY_ALL,RETRY_ALL,0.0,25.0,-25.0,-25.0,0.0,PASS
RECLAIM-V2-006323,RETRY_ALL,RETRY_ALL,211.6875130171233,25.0,186.6875130171233,186.6875130171233,0.0,PASS
RECLAIM-V2-006324,RETRY_ALL,RETRY_ALL,0.0,25.0,-25.0,-25.0,0.0,PASS
RECLAIM-V2-006325,RETRY_ALL,RETRY_ALL,0.0,25.0,-25.0,-25.0,0.0,PASS
RECLAIM-V2-006326,RETRY_ALL,RETRY_ALL,5.85136182105555,25.0,-19.14863817894445,-19.148638178944452,-3.552713678800501e-15,PASS
RECLAIM-V2-006327,RETRY_ALL,RETRY_ALL,42.0697052284047,25.0,17.0697052284047,17.0697052284047,0.0,PASS
RECLAIM-V2-006328,RETRY_ALL,RETRY_ALL,0.0,25.0,-25.0,-25.0,0.0,PASS
RECLAIM-V2-006329,RETRY_ALL,RETRY_ALL,0.0,25.0,-25.0,-25.0,0.0,PASS
RECLAIM-V2-006330,RETRY_ALL,RETRY_ALL,212.7339062840208,25.0,187.7339062840208,187.7339062840208,0.0,PASS
RECLAIM-V2-006331,RETRY_ALL,RETRY_ALL,255.9152694323041,25.0,230.9152694323041,230.9152694323041,0.0,PASS
RECLAIM-V2-006332,RETRY_ALL,RETRY_ALL,0.0,25.0,-25.0,-25.0,0.0,PASS
RECLAIM-V2-006333,RETRY_ALL,RETRY_ALL,0.0,25.0,-25.0,-25.0,0.0,PASS
RECLAIM-V2-006334,RETRY_ALL,RETRY_ALL,0.0,25.0,-25.0,-25.0,0.0,PASS
RECLAIM-V2-006335,RETRY_ALL,RETRY_ALL,0.0,25.0,-25.0,-25.0,0.0,PASS
RECLAIM-V2-006336,RETRY_ALL,RETRY_ALL,0.0,25.0,-25.0,-25.0,0.0,PASS
RECLAIM-V2-006337,TARGET,STANDARD_TARGET,522.0306839568193,80.0,442.0306839568193,442.0306839568193,0.0,PASS
RECLAIM-V2-006338,RETRY_ALL,RETRY_ALL,0.0,25.0,-25.0,-25.0,0.0,PASS
RECLAIM-V2-006339,RETRY_ALL,RETRY_ALL,209.9074604582676,25.0,184.9074604582676,184.9074604582676,0.0,PASS
RECLAIM-V2-006340,TARGET,MONITOR,405.6271826703472,10.0,395.6271826703472,395.6271826703472,0.0,PASS
RECLAIM-V2-006341,RETRY_ALL,RETRY_ALL,0.0,25.0,-25.0,-25.0,0.0,PASS
RECLAIM-V2-006342,RETRY_ALL,RETRY_ALL,0.0,25.0,-25.0,-25.0,0.0,PASS
RECLAIM-V2-006343,RETRY_ALL,RETRY_ALL,207.6333135160644,25.0,182.6333135160644,182.6333135160644,0.0,PASS
RECLAIM-V2-006344,RETRY_ALL,RETRY_ALL,258.57593689416046,25.0,233.5759368941605,233.57593689416046,-2.842170943040401e-14,PASS
RECLAIM-V2-006345,RETRY_ALL,RETRY_ALL,0.0,25.0,-25.0,-25.0,0.0,PASS
RECLAIM-V2-006346,RETRY_ALL,RETRY_ALL,0.0,25.0,-25.0,-25.0,0.0,PASS
RECLAIM-V2-006347,RETRY_ALL,RETRY_ALL,187.9649947756716,25.0,162.9649947756716,162.9649947756716,0.0,PASS
RECLAIM-V2-006348,RETRY_ALL,RETRY_ALL,91.69485369580336,25.0,66.69485369580336,66.69485369580336,0.0,PASS
RECLAIM-V2-006349,RETRY_ALL,RETRY_ALL,0.0,25.0,-25.0,-25.0,0.0,PASS
RECLAIM-V2-006350,RETRY_ALL,RETRY_ALL,67.6261228262028,25.0,42.6261228262028,42.6261228262028,0.0,PASS
RECLAIM-V2-006351,RETRY_ALL,RETRY_ALL,0.0,25.0,-25.0,-25.0,0.0,PASS
RECLAIM-V2-006352,RETRY_ALL,RETRY_ALL,195.77311490504465,25.0,170.77311490504465,170.77311490504465,0.0,PASS
RECLAIM-V2-006353,RETRY_ALL,RETRY_ALL,0.0,25.0,-25.0,-25.0,0.0,PASS
RECLAIM-V2-006354,RETRY_ALL,RETRY_ALL,0.0,25.0,-25.0,-25.0,0.0,PASS
RECLAIM-V2-006355,RETRY_ALL,RETRY_ALL,0.0,25.0,-25.0,-25.0,0.0,PASS
RECLAIM-V2-006356,RETRY_ALL,RETRY_ALL,347.4172862771806,25.0,322.4172862771806,322.4172862771806,0.0,PASS
RECLAIM-V2-006357,RETRY_ALL,RETRY_ALL,70.94815387804096,25.0,45.94815387804096,45.948153878040955,-7.105427357601002e-15,PASS
RECLAIM-V2-006358,RETRY_ALL,RETRY_ALL,0.0,25.0,-25.0,-25.0,0.0,PASS
RECLAIM-V2-006359,RETRY_ALL,RETRY_ALL,215.97208925536123,25.0,190.97208925536123,190.97208925536123,0.0,PASS
RECLAIM-V2-006360,RETRY_ALL,RETRY_ALL,231.7971603729666,25.0,206.7971603729666,206.7971603729666,0.0,PASS
RECLAIM-V2-006361,RETRY_ALL,RETRY_ALL,196.53752139965744,25.0,171.53752139965744,171.53752139965744,0.0,PASS
RECLAIM-V2-006362,RETRY_ALL,RETRY_ALL,0.0,25.0,-25.0,-25.0,0.0,PASS
RECLAIM-V2-006363,RETRY_ALL,RETRY_ALL,0.0,25.0,-25.0,-25.0,0.0,PASS
RECLAIM-V2-006364,RETRY_ALL,RETRY_ALL,0.0,25.0,-25.0,-25.0,0.0,PASS
RECLAIM-V2-006365,RETRY_ALL,RETRY_ALL,0.0,25.0,-25.0,-25.0,0.0,PASS
RECLAIM-V2-006366,RETRY_ALL,RETRY_ALL,0.0,25.0,-25.0,-25.0,0.0,PASS
RECLAIM-V2-006367,RETRY_ALL,RETRY_ALL,169.62053483147386,25.0,144.62053483147386,144.62053483147386,0.0,PASS
RECLAIM-V2-006368,RETRY_ALL,RETRY_ALL,275.80680019866827,25.0,250.80680019866827,250.80680019866827,0.0,PASS
RECLAIM-V2-006369,RETRY_ALL,RETRY_ALL,89.30693871146656,25.0,64.30693871146656,64.30693871146656,0.0,PASS
RECLAIM-V2-006370,RETRY_ALL,RETRY_ALL,0.0,25.0,-25.0,-25.0,0.0,PASS
RECLAIM-V2-006371,RETRY_ALL,RETRY_ALL,236.76882680555173,25.0,211.76882680555173,211.76882680555173,0.0,PASS
RECLAIM-V2-006372,RETRY_ALL,RETRY_ALL,115.21886253292844,25.0,90.21886253292844,90.21886253292844,0.0,PASS
RECLAIM-V2-006373,RETRY_ALL,RETRY_ALL,0.0,25.0,-25.0,-25.0,0.0,PASS
RECLAIM-V2-006374,RETRY_ALL,RETRY_ALL,0.0,25.0,-25.0,-25.0,0.0,PASS
RECLAIM-V2-006375,RETRY_ALL,RETRY_ALL,0.0,25.0,-25.0,-25.0,0.0,PASS
RECLAIM-V2-006376,RETRY_ALL,RETRY_ALL,4.436075617155,25.0,-20.563924382845,-20.563924382845002,-3.552713678800501e-15,PASS
RECLAIM-V2-006377,RETRY_ALL,RETRY_ALL,28.7429812060953,25.0,3.742981206095301,3.742981206095301,0.0,PASS
RECLAIM-V2-006378,RETRY_ALL,RETRY_ALL,185.93547415519708,25.0,160.93547415519708,160.93547415519708,0.0,PASS
RECLAIM-V2-006379,RETRY_ALL,RETRY_ALL,0.0,25.0,-25.0,-25.0,0.0,PASS
RECLAIM-V2-006380,RETRY_ALL,RETRY_ALL,0.0,25.0,-25.0,-25.0,0.0,PASS
RECLAIM-V2-006381,RETRY_ALL,RETRY_ALL,194.1412832104152,25.0,169.1412832104152,169.1412832104152,0.0,PASS
RECLAIM-V2-006382,RETRY_ALL,RETRY_ALL,108.2311905994224,25.0,83.2311905994224,83.2311905994224,0.0,PASS
RECLAIM-V2-006383,RETRY_ALL,RETRY_ALL,31.0326239019402,25.0,6.032623901940202,6.032623901940202,0.0,PASS
RECLAIM-V2-006384,RETRY_ALL,RETRY_ALL,304.98561857752816,25.0,279.98561857752816,279.98561857752816,0.0,PASS
RECLAIM-V2-006385,RETRY_ALL,RETRY_ALL,0.0,25.0,-25.0,-25.0,0.0,PASS
RECLAIM-V2-006386,RETRY_ALL,RETRY_ALL,95.44724516904944,25.0,70.44724516904944,70.44724516904944,0.0,PASS
RECLAIM-V2-006387,RETRY_ALL,RETRY_ALL,207.6867609289206,25.0,182.6867609289206,182.6867609289206,0.0,PASS
RECLAIM-V2-006388,RETRY_ALL,RETRY_ALL,104.867485776051,25.0,79.867485776051,79.867485776051,0.0,PASS
RECLAIM-V2-006389,RETRY_ALL,RETRY_ALL,79.66998636205335,25.0,54.66998636205335,54.66998636205335,0.0,PASS
RECLAIM-V2-006390,RETRY_ALL,RETRY_ALL,0.0,25.0,-25.0,-25.0,0.0,PASS
RECLAIM-V2-006391,RETRY_ALL,RETRY_ALL,202.90177989427008,25.0,177.90177989427008,177.90177989427008,0.0,PASS
RECLAIM-V2-006392,RETRY_ALL,RETRY_ALL,294.44423456968184,25.0,269.44423456968184,269.44423456968184,0.0,PASS
RECLAIM-V2-006393,RETRY_ALL,RETRY_ALL,272.5931041028712,25.0,247.5931041028712,247.59310410287122,2.842170943040401e-14,PASS
RECLAIM-V2-006394,RETRY_ALL,RETRY_ALL,296.2317124380243,25.0,271.2317124380243,271.2317124380243,0.0,PASS
RECLAIM-V2-006395,RETRY_ALL,RETRY_ALL,178.45967026150606,25.0,153.45967026150606,153.45967026150606,0.0,PASS
RECLAIM-V2-006396,RETRY_ALL,RETRY_ALL,337.5780440854913,25.0,312.5780440854913,312.5780440854913,0.0,PASS
RECLAIM-V2-006397,RETRY_ALL,RETRY_ALL,326.524221317616,25.0,301.524221317616,301.524221317616,0.0,PASS
RECLAIM-V2-006398,RETRY_ALL,RETRY_ALL,65.29325523497461,25.0,40.29325523497461,40.29325523497461,0.0,PASS
RECLAIM-V2-006399,RETRY_ALL,RETRY_ALL,103.70423596137152,25.0,78.70423596137152,78.70423596137152,0.0,PASS
RECLAIM-V2-006400,RETRY_ALL,RETRY_ALL,0.0,25.0,-25.0,-25.0,0.0,PASS
RECLAIM-V2-006401,RETRY_ALL,RETRY_ALL,0.0,25.0,-25.0,-25.0,0.0,PASS
RECLAIM-V2-006402,RETRY_ALL,RETRY_ALL,0.0,25.0,-25.0,-25.0,0.0,PASS
RECLAIM-V2-006403,RETRY_ALL,RETRY_ALL,316.53742921626963,25.0,291.53742921626963,291.53742921626963,0.0,PASS
RECLAIM-V2-006404,RETRY_ALL,RETRY_ALL,17.1107366944476,25.0,-7.889263305552401,-7.889263305552401,0.0,PASS
RECLAIM-V2-006405,RETRY_ALL,RETRY_ALL,0.0,25.0,-25.0,-25.0,0.0,PASS
RECLAIM-V2-006406,RETRY_ALL,RETRY_ALL,109.1515420752234,25.0,84.1515420752234,84.1515420752234,0.0,PASS
RECLAIM-V2-006407,TARGET,HIGH_INTENSITY,575.4312439518053,120.0,455.4312439518053,455.4312439518053,0.0,PASS
RECLAIM-V2-006408,RETRY_ALL,RETRY_ALL,0.0,25.0,-25.0,-25.0,0.0,PASS
RECLAIM-V2-006409,RETRY_ALL,RETRY_ALL,0.0,25.0,-25.0,-25.0,0.0,PASS
RECLAIM-V2-006410,RETRY_ALL,RETRY_ALL,170.54944980604455,25.0,145.54944980604455,145.54944980604455,0.0,PASS
RECLAIM-V2-006411,RETRY_ALL,RETRY_ALL,0.0,25.0,-25.0,-25.0,0.0,PASS
RECLAIM-V2-006412,RETRY_ALL,RETRY_ALL,0.0,25.0,-25.0,-25.0,0.0,PASS
RECLAIM-V2-006413,RETRY_ALL,RETRY_ALL,0.0,25.0,-25.0,-25.0,0.0,PASS
RECLAIM-V2-006414,RETRY_ALL,RETRY_ALL,0.0,25.0,-25.0,-25.0,0.0,PASS
RECLAIM-V2-006415,RETRY_ALL,RETRY_ALL,0.0,25.0,-25.0,-25.0,0.0,PASS
RECLAIM-V2-006416,RETRY_ALL,RETRY_ALL,264.4482361685228,25.0,239.4482361685228,239.44823616852278,-2.842170943040401e-14,PASS
RECLAIM-V2-006417,RETRY_ALL,RETRY_ALL,0.0,25.0,-25.0,-25.0,0.0,PASS
RECLAIM-V2-006418,RETRY_ALL,RETRY_ALL,0.0,25.0,-25.0,-25.0,0.0,PASS
RECLAIM-V2-006419,RETRY_ALL,RETRY_ALL,0.0,25.0,-25.0,-25.0,0.0,PASS
RECLAIM-V2-006420,RETRY_ALL,RETRY_ALL,313.76155060914897,25.0,288.76155060914897,288.76155060914897,0.0,PASS
RECLAIM-V2-006421,RETRY_ALL,RETRY_ALL,136.4773592903727,25.0,111.4773592903727,111.4773592903727,0.0,PASS
RECLAIM-V2-006422,RETRY_ALL,RETRY_ALL,46.31076985177785,25.0,21.31076985177785,21.31076985177785,0.0,PASS
RECLAIM-V2-006423,RETRY_ALL,RETRY_ALL,108.56979087906764,25.0,83.56979087906764,83.56979087906764,0.0,PASS
RECLAIM-V2-006424,RETRY_ALL,RETRY_ALL,302.63498536059586,25.0,277.63498536059586,277.63498536059586,0.0,PASS
RECLAIM-V2-006425,RETRY_ALL,RETRY_ALL,0.0,25.0,-25.0,-25.0,0.0,PASS
RECLAIM-V2-006426,RETRY_ALL,RETRY_ALL,0.0,25.0,-25.0,-25.0,0.0,PASS
RECLAIM-V2-006427,RETRY_ALL,RETRY_ALL,0.0,25.0,-25.0,-25.0,0.0,PASS
RECLAIM-V2-006428,RETRY_ALL,RETRY_ALL,3.2053536102753,25.0,-21.7946463897247,-21.7946463897247,0.0,PASS
RECLAIM-V2-006429,RETRY_ALL,RETRY_ALL,242.3228177612424,25.0,217.3228177612424,217.3228177612424,0.0,PASS
RECLAIM-V2-006430,RETRY_ALL,RETRY_ALL,47.457630750724505,25.0,22.457630750724505,22.457630750724505,0.0,PASS
RECLAIM-V2-006431,RETRY_ALL,RETRY_ALL,0.0,25.0,-25.0,-25.0,0.0,PASS
RECLAIM-V2-006432,RETRY_ALL,RETRY_ALL,175.3325063523012,25.0,150.3325063523012,150.3325063523012,0.0,PASS
RECLAIM-V2-006433,RETRY_ALL,RETRY_ALL,0.0,25.0,-25.0,-25.0,0.0,PASS
RECLAIM-V2-006434,RETRY_ALL,RETRY_ALL,24.2018556987051,25.0,-0.7981443012949008,-0.7981443012949008,0.0,PASS
RECLAIM-V2-006435,RETRY_ALL,RETRY_ALL,116.32292185600784,25.0,91.32292185600784,91.32292185600784,0.0,PASS
RECLAIM-V2-006436,RETRY_ALL,RETRY_ALL,270.572663067966,25.0,245.572663067966,245.572663067966,0.0,PASS
RECLAIM-V2-006437,RETRY_ALL,RETRY_ALL,17.8793150068785,25.0,-7.1206849931215,-7.1206849931215,0.0,PASS
RECLAIM-V2-006438,RETRY_ALL,RETRY_ALL,0.0,25.0,-25.0,-25.0,0.0,PASS
RECLAIM-V2-006439,RETRY_ALL,RETRY_ALL,187.94204115012192,25.0,162.94204115012192,162.94204115012192,0.0,PASS
RECLAIM-V2-006440,RETRY_ALL,RETRY_ALL,350.1694045031555,25.0,325.1694045031555,325.1694045031555,0.0,PASS
RECLAIM-V2-006441,RETRY_ALL,RETRY_ALL,0.0,25.0,-25.0,-25.0,0.0,PASS
RECLAIM-V2-006442,RETRY_ALL,RETRY_ALL,0.0,25.0,-25.0,-25.0,0.0,PASS
RECLAIM-V2-006443,RETRY_ALL,RETRY_ALL,359.9829992642811,25.0,334.9829992642811,334.9829992642811,0.0,PASS
RECLAIM-V2-006444,RETRY_ALL,RETRY_ALL,0.0,25.0,-25.0,-25.0,0.0,PASS
RECLAIM-V2-006445,RETRY_ALL,RETRY_ALL,301.08089996898167,25.0,276.08089996898167,276.08089996898167,0.0,PASS
RECLAIM-V2-006446,RETRY_ALL,RETRY_ALL,236.79104587232987,25.0,211.79104587232987,211.79104587232987,0.0,PASS
RECLAIM-V2-006447,RETRY_ALL,RETRY_ALL,123.55401530551411,25.0,98.55401530551411,98.55401530551411,0.0,PASS
RECLAIM-V2-006448,RETRY_ALL,RETRY_ALL,0.0,25.0,-25.0,-25.0,0.0,PASS
RECLAIM-V2-006449,RETRY_ALL,RETRY_ALL,201.3320140961886,25.0,176.3320140961886,176.3320140961886,0.0,PASS
RECLAIM-V2-006450,RETRY_ALL,RETRY_ALL,0.0,25.0,-25.0,-25.0,0.0,PASS
RECLAIM-V2-006451,RETRY_ALL,RETRY_ALL,0.0,25.0,-25.0,-25.0,0.0,PASS
RECLAIM-V2-006452,RETRY_ALL,RETRY_ALL,130.76644515873392,25.0,105.76644515873392,105.76644515873392,0.0,PASS
RECLAIM-V2-006453,RETRY_ALL,RETRY_ALL,0.0,25.0,-25.0,-25.0,0.0,PASS
RECLAIM-V2-006454,RETRY_ALL,RETRY_ALL,251.70578389887643,25.0,226.70578389887643,226.70578389887643,0.0,PASS
RECLAIM-V2-006455,RETRY_ALL,RETRY_ALL,0.0,25.0,-25.0,-25.0,0.0,PASS
RECLAIM-V2-006456,RETRY_ALL,RETRY_ALL,0.0,25.0,-25.0,-25.0,0.0,PASS
RECLAIM-V2-006457,RETRY_ALL,RETRY_ALL,212.1847834492044,25.0,187.1847834492044,187.1847834492044,0.0,PASS
RECLAIM-V2-006458,RETRY_ALL,RETRY_ALL,2.2810693292581496,25.0,-22.71893067074185,-22.71893067074185,0.0,PASS
RECLAIM-V2-006459,RETRY_ALL,RETRY_ALL,0.0,25.0,-25.0,-25.0,0.0,PASS
RECLAIM-V2-006460,RETRY_ALL,RETRY_ALL,0.0,25.0,-25.0,-25.0,0.0,PASS
RECLAIM-V2-006461,RETRY_ALL,RETRY_ALL,0.0,25.0,-25.0,-25.0,0.0,PASS
RECLAIM-V2-006462,RETRY_ALL,RETRY_ALL,0.0,25.0,-25.0,-25.0,0.0,PASS
RECLAIM-V2-006463,RETRY_ALL,RETRY_ALL,229.46951766233465,25.0,204.46951766233465,204.46951766233465,0.0,PASS
RECLAIM-V2-006464,RETRY_ALL,RETRY_ALL,336.5907689914107,25.0,311.5907689914107,311.5907689914107,0.0,PASS
RECLAIM-V2-006465,RETRY_ALL,RETRY_ALL,108.9688504546152,25.0,83.9688504546152,83.9688504546152,0.0,PASS
RECLAIM-V2-006466,RETRY_ALL,RETRY_ALL,0.0,25.0,-25.0,-25.0,0.0,PASS
RECLAIM-V2-006467,RETRY_ALL,RETRY_ALL,33.6143703621012,25.0,8.614370362101198,8.614370362101198,0.0,PASS
RECLAIM-V2-006468,RETRY_ALL,RETRY_ALL,292.1819118630024,25.0,267.1819118630024,267.1819118630024,0.0,PASS
RECLAIM-V2-006469,RETRY_ALL,RETRY_ALL,193.8595796605971,25.0,168.8595796605971,168.8595796605971,0.0,PASS
RECLAIM-V2-006470,RETRY_ALL,RETRY_ALL,0.0,25.0,-25.0,-25.0,0.0,PASS
RECLAIM-V2-006471,RETRY_ALL,RETRY_ALL,270.94887294945,25.0,245.94887294945,245.94887294945,0.0,PASS
RECLAIM-V2-006472,RETRY_ALL,RETRY_ALL,240.88836936548327,25.0,215.88836936548327,215.88836936548327,0.0,PASS
RECLAIM-V2-006473,RETRY_ALL,RETRY_ALL,0.0,25.0,-25.0,-25.0,0.0,PASS
RECLAIM-V2-006474,RETRY_ALL,RETRY_ALL,201.5116865379573,25.0,176.5116865379573,176.5116865379573,0.0,PASS
RECLAIM-V2-006475,RETRY_ALL,RETRY_ALL,228.39095996788768,25.0,203.39095996788768,203.39095996788768,0.0,PASS
RECLAIM-V2-006476,RETRY_ALL,RETRY_ALL,191.40277633375288,25.0,166.40277633375288,166.40277633375288,0.0,PASS
RECLAIM-V2-006477,RETRY_ALL,RETRY_ALL,0.0,25.0,-25.0,-25.0,0.0,PASS
RECLAIM-V2-006478,RETRY_ALL,RETRY_ALL,61.46654351918445,25.0,36.46654351918445,36.46654351918445,0.0,PASS
RECLAIM-V2-006479,RETRY_ALL,RETRY_ALL,175.0154655580209,25.0,150.0154655580209,150.0154655580209,0.0,PASS
RECLAIM-V2-006480,RETRY_ALL,RETRY_ALL,119.3057775218934,25.0,94.3057775218934,94.3057775218934,0.0,PASS
RECLAIM-V2-006481,RETRY_ALL,RETRY_ALL,271.1201424896535,25.0,246.12014248965352,246.12014248965352,0.0,PASS
RECLAIM-V2-006482,RETRY_ALL,RETRY_ALL,202.61200064453743,25.0,177.61200064453743,177.61200064453743,0.0,PASS
RECLAIM-V2-006483,RETRY_ALL,RETRY_ALL,0.0,25.0,-25.0,-25.0,0.0,PASS
RECLAIM-V2-006484,RETRY_ALL,RETRY_ALL,0.0,25.0,-25.0,-25.0,0.0,PASS
RECLAIM-V2-006485,RETRY_ALL,RETRY_ALL,64.75352088418366,25.0,39.75352088418366,39.75352088418366,0.0,PASS
RECLAIM-V2-006486,RETRY_ALL,RETRY_ALL,198.0621434801928,25.0,173.0621434801928,173.0621434801928,0.0,PASS
RECLAIM-V2-006487,RETRY_ALL,RETRY_ALL,117.880831456518,25.0,92.880831456518,92.880831456518,0.0,PASS
RECLAIM-V2-006488,RETRY_ALL,RETRY_ALL,0.0,25.0,-25.0,-25.0,0.0,PASS
RECLAIM-V2-006489,RETRY_ALL,RETRY_ALL,111.46164569122516,25.0,86.46164569122516,86.46164569122516,0.0,PASS
RECLAIM-V2-006490,RETRY_ALL,RETRY_ALL,0.0,25.0,-25.0,-25.0,0.0,PASS
RECLAIM-V2-006491,RETRY_ALL,RETRY_ALL,68.35889973651075,25.0,43.35889973651075,43.35889973651075,0.0,PASS
RECLAIM-V2-006492,RETRY_ALL,RETRY_ALL,0.0,25.0,-25.0,-25.0,0.0,PASS
RECLAIM-V2-006493,RETRY_ALL,RETRY_ALL,5.1223470808347,25.0,-19.8776529191653,-19.8776529191653,0.0,PASS
RECLAIM-V2-006494,RETRY_ALL,RETRY_ALL,21.5962604694318,25.0,-3.403739530568199,-3.403739530568199,0.0,PASS
RECLAIM-V2-006495,RETRY_ALL,RETRY_ALL,0.0,25.0,-25.0,-25.0,0.0,PASS
RECLAIM-V2-006496,RETRY_ALL,RETRY_ALL,0.0,25.0,-25.0,-25.0,0.0,PASS
RECLAIM-V2-006497,RETRY_ALL,RETRY_ALL,171.1847338387434,25.0,146.1847338387434,146.1847338387434,0.0,PASS
RECLAIM-V2-006498,RETRY_ALL,RETRY_ALL,34.9314141316086,25.0,9.931414131608598,9.931414131608598,0.0,PASS
RECLAIM-V2-006499,RETRY_ALL,RETRY_ALL,0.0,25.0,-25.0,-25.0,0.0,PASS
RECLAIM-V2-006500,RETRY_ALL,RETRY_ALL,371.198780849486,25.0,346.198780849486,346.198780849486,0.0,PASS
RECLAIM-V2-006501,RETRY_ALL,RETRY_ALL,0.0,25.0,-25.0,-25.0,0.0,PASS
RECLAIM-V2-006502,RETRY_ALL,RETRY_ALL,0.0,25.0,-25.0,-25.0,0.0,PASS
RECLAIM-V2-006503,TARGET,LOW_INTENSITY,463.8482261412849,45.0,418.8482261412849,418.8482261412849,0.0,PASS
RECLAIM-V2-006504,RETRY_ALL,RETRY_ALL,0.0,25.0,-25.0,-25.0,0.0,PASS
RECLAIM-V2-006505,RETRY_ALL,RETRY_ALL,0.0,25.0,-25.0,-25.0,0.0,PASS
RECLAIM-V2-006506,RETRY_ALL,RETRY_ALL,0.0,25.0,-25.0,-25.0,0.0,PASS
RECLAIM-V2-006507,RETRY_ALL,RETRY_ALL,140.54544502528606,25.0,115.54544502528606,115.54544502528606,0.0,PASS
RECLAIM-V2-006508,RETRY_ALL,RETRY_ALL,123.55754485763237,25.0,98.55754485763237,98.55754485763237,0.0,PASS
RECLAIM-V2-006509,RETRY_ALL,RETRY_ALL,25.064470475544752,25.0,0.064470475544752,0.06447047554475205,4.163336342344337e-17,PASS
RECLAIM-V2-006510,RETRY_ALL,RETRY_ALL,0.0,25.0,-25.0,-25.0,0.0,PASS
RECLAIM-V2-006511,RETRY_ALL,RETRY_ALL,300.7122817618275,25.0,275.7122817618275,275.7122817618275,0.0,PASS
RECLAIM-V2-006512,RETRY_ALL,RETRY_ALL,196.20402427219364,25.0,171.20402427219364,171.20402427219364,0.0,PASS
RECLAIM-V2-006513,RETRY_ALL,RETRY_ALL,0.0,25.0,-25.0,-25.0,0.0,PASS
RECLAIM-V2-006514,RETRY_ALL,RETRY_ALL,0.0,25.0,-25.0,-25.0,0.0,PASS
RECLAIM-V2-006515,RETRY_ALL,RETRY_ALL,0.0,25.0,-25.0,-25.0,0.0,PASS
RECLAIM-V2-006516,RETRY_ALL,RETRY_ALL,207.2545571279753,25.0,182.2545571279753,182.2545571279753,0.0,PASS
RECLAIM-V2-006517,RETRY_ALL,RETRY_ALL,0.0,25.0,-25.0,-25.0,0.0,PASS
RECLAIM-V2-006518,RETRY_ALL,RETRY_ALL,379.8599999115232,25.0,354.8599999115232,354.8599999115232,0.0,PASS
RECLAIM-V2-006519,RETRY_ALL,RETRY_ALL,0.0,25.0,-25.0,-25.0,0.0,PASS
RECLAIM-V2-006520,RETRY_ALL,RETRY_ALL,0.0,25.0,-25.0,-25.0,0.0,PASS
RECLAIM-V2-006521,RETRY_ALL,RETRY_ALL,115.92627164963264,25.0,90.92627164963264,90.92627164963264,0.0,PASS
RECLAIM-V2-006522,RETRY_ALL,RETRY_ALL,0.0,25.0,-25.0,-25.0,0.0,PASS
RECLAIM-V2-006523,RETRY_ALL,RETRY_ALL,0.0,25.0,-25.0,-25.0,0.0,PASS
RECLAIM-V2-006524,RETRY_ALL,RETRY_ALL,0.0,25.0,-25.0,-25.0,0.0,PASS
RECLAIM-V2-006525,RETRY_ALL,RETRY_ALL,0.0,25.0,-25.0,-25.0,0.0,PASS
RECLAIM-V2-006526,RETRY_ALL,RETRY_ALL,214.0425358511341,25.0,189.0425358511341,189.0425358511341,0.0,PASS
RECLAIM-V2-006527,RETRY_ALL,RETRY_ALL,222.25122573242703,25.0,197.25122573242703,197.25122573242703,0.0,PASS
RECLAIM-V2-006528,RETRY_ALL,RETRY_ALL,167.95297071418935,25.0,142.95297071418935,142.95297071418935,0.0,PASS
RECLAIM-V2-006529,RETRY_ALL,RETRY_ALL,167.83592323797856,25.0,142.83592323797856,142.83592323797856,0.0,PASS
RECLAIM-V2-006530,RETRY_ALL,RETRY_ALL,47.01674459834115,25.0,22.01674459834115,22.01674459834115,0.0,PASS
RECLAIM-V2-006531,RETRY_ALL,RETRY_ALL,370.0363883278816,25.0,345.0363883278816,345.0363883278816,0.0,PASS
RECLAIM-V2-006532,RETRY_ALL,RETRY_ALL,0.0,25.0,-25.0,-25.0,0.0,PASS
RECLAIM-V2-006533,RETRY_ALL,RETRY_ALL,0.0,25.0,-25.0,-25.0,0.0,PASS
RECLAIM-V2-006534,RETRY_ALL,RETRY_ALL,219.449534200665,25.0,194.449534200665,194.449534200665,0.0,PASS
RECLAIM-V2-006535,RETRY_ALL,RETRY_ALL,9.93573918055155,25.0,-15.06426081944845,-15.06426081944845,0.0,PASS
RECLAIM-V2-006536,RETRY_ALL,RETRY_ALL,0.0,25.0,-25.0,-25.0,0.0,PASS
RECLAIM-V2-006537,RETRY_ALL,RETRY_ALL,0.0,25.0,-25.0,-25.0,0.0,PASS
RECLAIM-V2-006538,RETRY_ALL,RETRY_ALL,0.0,25.0,-25.0,-25.0,0.0,PASS
RECLAIM-V2-006539,RETRY_ALL,RETRY_ALL,302.3921881836316,25.0,277.3921881836316,277.3921881836316,0.0,PASS
RECLAIM-V2-006540,RETRY_ALL,RETRY_ALL,0.0,25.0,-25.0,-25.0,0.0,PASS
RECLAIM-V2-006541,TARGET,MONITOR,410.5186480616148,10.0,400.5186480616148,400.5186480616148,0.0,PASS
RECLAIM-V2-006542,RETRY_ALL,RETRY_ALL,0.0,25.0,-25.0,-25.0,0.0,PASS
RECLAIM-V2-006543,RETRY_ALL,RETRY_ALL,7.1107718614035,25.0,-17.8892281385965,-17.8892281385965,0.0,PASS
RECLAIM-V2-006544,RETRY_ALL,RETRY_ALL,42.4423811461344,25.0,17.4423811461344,17.4423811461344,0.0,PASS
RECLAIM-V2-006545,RETRY_ALL,RETRY_ALL,46.4445531106758,25.0,21.4445531106758,21.4445531106758,0.0,PASS
RECLAIM-V2-006546,RETRY_ALL,RETRY_ALL,0.0,25.0,-25.0,-25.0,0.0,PASS
RECLAIM-V2-006547,RETRY_ALL,RETRY_ALL,0.0,25.0,-25.0,-25.0,0.0,PASS
RECLAIM-V2-006548,RETRY_ALL,RETRY_ALL,0.0,25.0,-25.0,-25.0,0.0,PASS
RECLAIM-V2-006549,RETRY_ALL,RETRY_ALL,0.0,25.0,-25.0,-25.0,0.0,PASS
RECLAIM-V2-006550,RETRY_ALL,RETRY_ALL,0.0,25.0,-25.0,-25.0,0.0,PASS
RECLAIM-V2-006551,RETRY_ALL,RETRY_ALL,0.0,25.0,-25.0,-25.0,0.0,PASS
RECLAIM-V2-006552,RETRY_ALL,RETRY_ALL,155.72606348192895,25.0,130.72606348192895,130.72606348192895,0.0,PASS
RECLAIM-V2-006553,RETRY_ALL,RETRY_ALL,371.723387330569,25.0,346.723387330569,346.723387330569,0.0,PASS
RECLAIM-V2-006554,RETRY_ALL,RETRY_ALL,36.87978487158615,25.0,11.879784871586152,11.879784871586153,1.7763568394002505e-15,PASS
RECLAIM-V2-006555,RETRY_ALL,RETRY_ALL,0.0,25.0,-25.0,-25.0,0.0,PASS
RECLAIM-V2-006556,RETRY_ALL,RETRY_ALL,0.0,25.0,-25.0,-25.0,0.0,PASS
RECLAIM-V2-006557,RETRY_ALL,RETRY_ALL,27.4782807520566,25.0,2.4782807520566017,2.4782807520566017,0.0,PASS
RECLAIM-V2-006558,RETRY_ALL,RETRY_ALL,244.14669630614864,25.0,219.14669630614864,219.14669630614864,0.0,PASS
RECLAIM-V2-006559,RETRY_ALL,RETRY_ALL,0.0,25.0,-25.0,-25.0,0.0,PASS
RECLAIM-V2-006560,RETRY_ALL,RETRY_ALL,0.0,25.0,-25.0,-25.0,0.0,PASS
RECLAIM-V2-006561,RETRY_ALL,RETRY_ALL,0.0,25.0,-25.0,-25.0,0.0,PASS
RECLAIM-V2-006562,RETRY_ALL,RETRY_ALL,114.80670075013876,25.0,89.80670075013876,89.80670075013876,0.0,PASS
RECLAIM-V2-006563,RETRY_ALL,RETRY_ALL,0.0,25.0,-25.0,-25.0,0.0,PASS
RECLAIM-V2-006564,RETRY_ALL,RETRY_ALL,0.0,25.0,-25.0,-25.0,0.0,PASS
RECLAIM-V2-006565,RETRY_ALL,RETRY_ALL,0.0,25.0,-25.0,-25.0,0.0,PASS
RECLAIM-V2-006566,RETRY_ALL,RETRY_ALL,149.83241204977065,25.0,124.83241204977064,124.83241204977065,1.4210854715202004e-14,PASS
RECLAIM-V2-006567,RETRY_ALL,RETRY_ALL,247.4798981571243,25.0,222.4798981571243,222.4798981571243,0.0,PASS
RECLAIM-V2-006568,RETRY_ALL,RETRY_ALL,370.8960374506887,25.0,345.8960374506887,345.8960374506887,0.0,PASS
RECLAIM-V2-006569,RETRY_ALL,RETRY_ALL,0.0270525551945566,25.0,-24.97294744480544,-24.972947444805442,-3.552713678800501e-15,PASS
RECLAIM-V2-006570,RETRY_ALL,RETRY_ALL,324.6452091568987,25.0,299.6452091568987,299.6452091568987,0.0,PASS
RECLAIM-V2-006571,RETRY_ALL,RETRY_ALL,0.0,25.0,-25.0,-25.0,0.0,PASS
RECLAIM-V2-006572,RETRY_ALL,RETRY_ALL,105.8558969057718,25.0,80.8558969057718,80.8558969057718,0.0,PASS
RECLAIM-V2-006573,RETRY_ALL,RETRY_ALL,0.0,25.0,-25.0,-25.0,0.0,PASS
RECLAIM-V2-006574,RETRY_ALL,RETRY_ALL,246.39528879491988,25.0,221.39528879491988,221.39528879491988,0.0,PASS
RECLAIM-V2-006575,RETRY_ALL,RETRY_ALL,27.518665413795,25.0,2.518665413794998,2.5186654137949986,4.440892098500626e-16,PASS
RECLAIM-V2-006576,RETRY_ALL,RETRY_ALL,30.2503054106106,25.0,5.250305410610601,5.250305410610601,0.0,PASS
RECLAIM-V2-006577,RETRY_ALL,RETRY_ALL,0.0,25.0,-25.0,-25.0,0.0,PASS
RECLAIM-V2-006578,RETRY_ALL,RETRY_ALL,145.0901749437399,25.0,120.0901749437399,120.0901749437399,0.0,PASS
RECLAIM-V2-006579,RETRY_ALL,RETRY_ALL,0.0,25.0,-25.0,-25.0,0.0,PASS
RECLAIM-V2-006580,RETRY_ALL,RETRY_ALL,0.0,25.0,-25.0,-25.0,0.0,PASS
RECLAIM-V2-006581,RETRY_ALL,RETRY_ALL,355.379737171638,25.0,330.379737171638,330.379737171638,0.0,PASS
RECLAIM-V2-006582,RETRY_ALL,RETRY_ALL,102.22031066584395,25.0,77.22031066584395,77.22031066584395,0.0,PASS
RECLAIM-V2-006583,TARGET,LOW_INTENSITY,443.4229671047312,45.0,398.4229671047312,398.4229671047312,0.0,PASS
RECLAIM-V2-006584,RETRY_ALL,RETRY_ALL,0.0,25.0,-25.0,-25.0,0.0,PASS
RECLAIM-V2-006585,RETRY_ALL,RETRY_ALL,214.8243936682083,25.0,189.8243936682083,189.8243936682083,0.0,PASS
RECLAIM-V2-006586,RETRY_ALL,RETRY_ALL,183.97510670003743,25.0,158.97510670003743,158.97510670003743,0.0,PASS
RECLAIM-V2-006587,RETRY_ALL,RETRY_ALL,19.445288223345003,25.0,-5.554711776654997,-5.554711776654997,0.0,PASS
RECLAIM-V2-006588,RETRY_ALL,RETRY_ALL,0.0,25.0,-25.0,-25.0,0.0,PASS
RECLAIM-V2-006589,RETRY_ALL,RETRY_ALL,0.0,25.0,-25.0,-25.0,0.0,PASS
RECLAIM-V2-006590,RETRY_ALL,RETRY_ALL,0.0,25.0,-25.0,-25.0,0.0,PASS
RECLAIM-V2-006591,RETRY_ALL,RETRY_ALL,2.1774909751938,25.0,-22.8225090248062,-22.8225090248062,0.0,PASS
RECLAIM-V2-006592,TARGET,LOW_INTENSITY,460.17956369691296,45.0,415.17956369691296,415.17956369691296,0.0,PASS
RECLAIM-V2-006593,RETRY_ALL,RETRY_ALL,299.4102223439327,25.0,274.4102223439327,274.4102223439327,0.0,PASS
RECLAIM-V2-006594,RETRY_ALL,RETRY_ALL,79.15327519644825,25.0,54.15327519644825,54.15327519644825,0.0,PASS
RECLAIM-V2-006595,RETRY_ALL,RETRY_ALL,50.214043382139295,25.0,25.21404338213929,25.214043382139295,3.552713678800501e-15,PASS
RECLAIM-V2-006596,RETRY_ALL,RETRY_ALL,124.3752015659172,25.0,99.3752015659172,99.3752015659172,0.0,PASS
RECLAIM-V2-006597,RETRY_ALL,RETRY_ALL,0.0,25.0,-25.0,-25.0,0.0,PASS
RECLAIM-V2-006598,RETRY_ALL,RETRY_ALL,5.1167155827414,25.0,-19.8832844172586,-19.8832844172586,0.0,PASS
RECLAIM-V2-006599,RETRY_ALL,RETRY_ALL,0.0,25.0,-25.0,-25.0,0.0,PASS
RECLAIM-V2-006600,RETRY_ALL,RETRY_ALL,121.37176929816523,25.0,96.37176929816523,96.37176929816523,0.0,PASS
RECLAIM-V2-006601,RETRY_ALL,RETRY_ALL,334.5393815748462,25.0,309.5393815748462,309.5393815748462,0.0,PASS
RECLAIM-V2-006602,RETRY_ALL,RETRY_ALL,235.1669155681335,25.0,210.1669155681335,210.1669155681335,0.0,PASS
RECLAIM-V2-006603,RETRY_ALL,RETRY_ALL,115.22073166843712,25.0,90.22073166843712,90.22073166843712,0.0,PASS
RECLAIM-V2-006604,RETRY_ALL,RETRY_ALL,349.743017887351,25.0,324.743017887351,324.743017887351,0.0,PASS
RECLAIM-V2-006605,RETRY_ALL,RETRY_ALL,332.0776581464777,25.0,307.0776581464777,307.0776581464777,0.0,PASS
RECLAIM-V2-006606,RETRY_ALL,RETRY_ALL,0.0,25.0,-25.0,-25.0,0.0,PASS
RECLAIM-V2-006607,RETRY_ALL,RETRY_ALL,0.0,25.0,-25.0,-25.0,0.0,PASS
RECLAIM-V2-006608,RETRY_ALL,RETRY_ALL,285.7555792913436,25.0,260.7555792913436,260.7555792913436,0.0,PASS
RECLAIM-V2-006609,TARGET,MONITOR,426.5389125817842,10.0,416.5389125817842,416.5389125817842,0.0,PASS
RECLAIM-V2-006610,RETRY_ALL,RETRY_ALL,0.0,25.0,-25.0,-25.0,0.0,PASS
RECLAIM-V2-006611,RETRY_ALL,RETRY_ALL,201.74636656555865,25.0,176.74636656555865,176.74636656555865,0.0,PASS
RECLAIM-V2-006612,RETRY_ALL,RETRY_ALL,165.9423730214223,25.0,140.9423730214223,140.9423730214223,0.0,PASS
RECLAIM-V2-006613,RETRY_ALL,RETRY_ALL,0.0,25.0,-25.0,-25.0,0.0,PASS
RECLAIM-V2-006614,RETRY_ALL,RETRY_ALL,0.0,25.0,-25.0,-25.0,0.0,PASS
RECLAIM-V2-006615,RETRY_ALL,RETRY_ALL,315.3280337612913,25.0,290.3280337612913,290.3280337612913,0.0,PASS
RECLAIM-V2-006616,RETRY_ALL,RETRY_ALL,0.0,25.0,-25.0,-25.0,0.0,PASS
RECLAIM-V2-006617,RETRY_ALL,RETRY_ALL,333.41716131656443,25.0,308.41716131656443,308.41716131656443,0.0,PASS
RECLAIM-V2-006618,RETRY_ALL,RETRY_ALL,218.32828817031583,25.0,193.32828817031583,193.32828817031583,0.0,PASS
RECLAIM-V2-006619,RETRY_ALL,RETRY_ALL,0.0,25.0,-25.0,-25.0,0.0,PASS
RECLAIM-V2-006620,RETRY_ALL,RETRY_ALL,117.83232315867627,25.0,92.83232315867627,92.83232315867627,0.0,PASS
RECLAIM-V2-006621,RETRY_ALL,RETRY_ALL,240.2470953448945,25.0,215.2470953448945,215.2470953448945,0.0,PASS
RECLAIM-V2-006622,RETRY_ALL,RETRY_ALL,0.0,25.0,-25.0,-25.0,0.0,PASS
RECLAIM-V2-006623,RETRY_ALL,RETRY_ALL,82.05221260658894,25.0,57.05221260658894,57.05221260658894,0.0,PASS
RECLAIM-V2-006624,RETRY_ALL,RETRY_ALL,111.3615592324401,25.0,86.3615592324401,86.3615592324401,0.0,PASS
RECLAIM-V2-006625,RETRY_ALL,RETRY_ALL,0.0,25.0,-25.0,-25.0,0.0,PASS
RECLAIM-V2-006626,RETRY_ALL,RETRY_ALL,0.0,25.0,-25.0,-25.0,0.0,PASS
RECLAIM-V2-006627,RETRY_ALL,RETRY_ALL,278.6854947299875,25.0,253.6854947299875,253.6854947299875,0.0,PASS
RECLAIM-V2-006628,RETRY_ALL,RETRY_ALL,196.12125284210745,25.0,171.12125284210745,171.12125284210745,0.0,PASS
RECLAIM-V2-006629,RETRY_ALL,RETRY_ALL,19.4381214529044,25.0,-5.561878547095599,-5.561878547095599,0.0,PASS
RECLAIM-V2-006630,RETRY_ALL,RETRY_ALL,85.51467336467594,25.0,60.51467336467594,60.51467336467594,0.0,PASS
RECLAIM-V2-006631,RETRY_ALL,RETRY_ALL,0.0,25.0,-25.0,-25.0,0.0,PASS
RECLAIM-V2-006632,RETRY_ALL,RETRY_ALL,277.8169322773539,25.0,252.81693227735389,252.81693227735389,0.0,PASS
RECLAIM-V2-006633,RETRY_ALL,RETRY_ALL,0.0,25.0,-25.0,-25.0,0.0,PASS
RECLAIM-V2-006634,RETRY_ALL,RETRY_ALL,234.35879728284525,25.0,209.35879728284525,209.35879728284525,0.0,PASS
RECLAIM-V2-006635,RETRY_ALL,RETRY_ALL,202.1323597762484,25.0,177.1323597762484,177.1323597762484,0.0,PASS
RECLAIM-V2-006636,RETRY_ALL,RETRY_ALL,0.0,25.0,-25.0,-25.0,0.0,PASS
RECLAIM-V2-006637,RETRY_ALL,RETRY_ALL,218.13253322289583,25.0,193.13253322289583,193.13253322289583,0.0,PASS
RECLAIM-V2-006638,RETRY_ALL,RETRY_ALL,261.50342101973564,25.0,236.50342101973564,236.50342101973564,0.0,PASS
RECLAIM-V2-006639,RETRY_ALL,RETRY_ALL,178.2956560912968,25.0,153.2956560912968,153.2956560912968,0.0,PASS
RECLAIM-V2-006640,RETRY_ALL,RETRY_ALL,0.0,25.0,-25.0,-25.0,0.0,PASS
RECLAIM-V2-006641,RETRY_ALL,RETRY_ALL,0.0,25.0,-25.0,-25.0,0.0,PASS
RECLAIM-V2-006642,TARGET,STANDARD_TARGET,520.3940708240532,80.0,440.3940708240532,440.3940708240532,0.0,PASS
RECLAIM-V2-006643,RETRY_ALL,RETRY_ALL,202.84411695398896,25.0,177.84411695398896,177.84411695398896,0.0,PASS
RECLAIM-V2-006644,RETRY_ALL,RETRY_ALL,370.8960374506887,25.0,345.8960374506887,345.8960374506887,0.0,PASS
RECLAIM-V2-006645,RETRY_ALL,RETRY_ALL,92.3011303331874,25.0,67.3011303331874,67.3011303331874,0.0,PASS
RECLAIM-V2-006646,RETRY_ALL,RETRY_ALL,246.8600393370456,25.0,221.8600393370456,221.8600393370456,0.0,PASS
RECLAIM-V2-006647,RETRY_ALL,RETRY_ALL,274.03378276891306,25.0,249.03378276891303,249.03378276891306,2.842170943040401e-14,PASS
RECLAIM-V2-006648,RETRY_ALL,RETRY_ALL,24.39057621141975,25.0,-0.6094237885802514,-0.6094237885802514,0.0,PASS
RECLAIM-V2-006649,RETRY_ALL,RETRY_ALL,0.0,25.0,-25.0,-25.0,0.0,PASS
RECLAIM-V2-006650,RETRY_ALL,RETRY_ALL,0.0,25.0,-25.0,-25.0,0.0,PASS
RECLAIM-V2-006651,TARGET,MONITOR,427.2626052556755,10.0,417.2626052556755,417.2626052556755,0.0,PASS
RECLAIM-V2-006652,RETRY_ALL,RETRY_ALL,0.0,25.0,-25.0,-25.0,0.0,PASS
RECLAIM-V2-006653,RETRY_ALL,RETRY_ALL,118.30728967769264,25.0,93.30728967769264,93.30728967769264,0.0,PASS
RECLAIM-V2-006654,RETRY_ALL,RETRY_ALL,60.8214677891058,25.0,35.8214677891058,35.8214677891058,0.0,PASS
RECLAIM-V2-006655,TARGET,MONITOR,408.877306658169,10.0,398.877306658169,398.877306658169,0.0,PASS
RECLAIM-V2-006656,RETRY_ALL,RETRY_ALL,0.0,25.0,-25.0,-25.0,0.0,PASS
RECLAIM-V2-006657,RETRY_ALL,RETRY_ALL,0.0,25.0,-25.0,-25.0,0.0,PASS
RECLAIM-V2-006658,RETRY_ALL,RETRY_ALL,0.0,25.0,-25.0,-25.0,0.0,PASS
RECLAIM-V2-006659,RETRY_ALL,RETRY_ALL,89.84933733881864,25.0,64.84933733881864,64.84933733881864,0.0,PASS
RECLAIM-V2-006660,RETRY_ALL,RETRY_ALL,0.0,25.0,-25.0,-25.0,0.0,PASS
RECLAIM-V2-006661,RETRY_ALL,RETRY_ALL,133.11697312821434,25.0,108.11697312821434,108.11697312821434,0.0,PASS
RECLAIM-V2-006662,RETRY_ALL,RETRY_ALL,207.7226935009145,25.0,182.7226935009145,182.7226935009145,0.0,PASS
RECLAIM-V2-006663,RETRY_ALL,RETRY_ALL,0.0,25.0,-25.0,-25.0,0.0,PASS
RECLAIM-V2-006664,RETRY_ALL,RETRY_ALL,130.824497999106,25.0,105.824497999106,105.824497999106,0.0,PASS
RECLAIM-V2-006665,RETRY_ALL,RETRY_ALL,0.0,25.0,-25.0,-25.0,0.0,PASS
RECLAIM-V2-006666,RETRY_ALL,RETRY_ALL,357.47513834056605,25.0,332.47513834056605,332.47513834056605,0.0,PASS
RECLAIM-V2-006667,RETRY_ALL,RETRY_ALL,364.62068549064895,25.0,339.6206854906489,339.62068549064895,5.684341886080802e-14,PASS
RECLAIM-V2-006668,RETRY_ALL,RETRY_ALL,0.0,25.0,-25.0,-25.0,0.0,PASS
RECLAIM-V2-006669,RETRY_ALL,RETRY_ALL,0.0,25.0,-25.0,-25.0,0.0,PASS
RECLAIM-V2-006670,RETRY_ALL,RETRY_ALL,0.0,25.0,-25.0,-25.0,0.0,PASS
RECLAIM-V2-006671,RETRY_ALL,RETRY_ALL,0.0,25.0,-25.0,-25.0,0.0,PASS
RECLAIM-V2-006672,RETRY_ALL,RETRY_ALL,16.7431798246218,25.0,-8.256820175378198,-8.256820175378198,0.0,PASS
RECLAIM-V2-006673,RETRY_ALL,RETRY_ALL,287.31941648457496,25.0,262.31941648457496,262.31941648457496,0.0,PASS
RECLAIM-V2-006674,RETRY_ALL,RETRY_ALL,33.90750011724195,25.0,8.907500117241952,8.907500117241952,0.0,PASS
RECLAIM-V2-006675,TARGET,LOW_INTENSITY,452.390591237505,45.0,407.390591237505,407.390591237505,0.0,PASS
RECLAIM-V2-006676,RETRY_ALL,RETRY_ALL,0.0,25.0,-25.0,-25.0,0.0,PASS
RECLAIM-V2-006677,RETRY_ALL,RETRY_ALL,290.6225778430268,25.0,265.6225778430268,265.6225778430268,0.0,PASS
RECLAIM-V2-006678,RETRY_ALL,RETRY_ALL,0.0,25.0,-25.0,-25.0,0.0,PASS
RECLAIM-V2-006679,RETRY_ALL,RETRY_ALL,0.0,25.0,-25.0,-25.0,0.0,PASS
RECLAIM-V2-006680,RETRY_ALL,RETRY_ALL,303.05254276849263,25.0,278.05254276849263,278.05254276849263,0.0,PASS
RECLAIM-V2-006681,RETRY_ALL,RETRY_ALL,0.0,25.0,-25.0,-25.0,0.0,PASS
RECLAIM-V2-006682,RETRY_ALL,RETRY_ALL,0.0,25.0,-25.0,-25.0,0.0,PASS
RECLAIM-V2-006683,RETRY_ALL,RETRY_ALL,72.9140737554621,25.0,47.9140737554621,47.9140737554621,0.0,PASS
RECLAIM-V2-006684,RETRY_ALL,RETRY_ALL,219.04140234530445,25.0,194.04140234530445,194.04140234530445,0.0,PASS
RECLAIM-V2-006685,RETRY_ALL,RETRY_ALL,183.5399480099857,25.0,158.53994800998572,158.5399480099857,-2.842170943040401e-14,PASS
RECLAIM-V2-006686,RETRY_ALL,RETRY_ALL,4.03932135766695,25.0,-20.96067864233305,-20.96067864233305,0.0,PASS
RECLAIM-V2-006687,RETRY_ALL,RETRY_ALL,0.0,25.0,-25.0,-25.0,0.0,PASS
RECLAIM-V2-006688,RETRY_ALL,RETRY_ALL,270.82094535067125,25.0,245.82094535067125,245.82094535067125,0.0,PASS
RECLAIM-V2-006689,RETRY_ALL,RETRY_ALL,145.50527077620495,25.0,120.50527077620497,120.50527077620495,-1.4210854715202004e-14,PASS
RECLAIM-V2-006690,RETRY_ALL,RETRY_ALL,299.6419018325183,25.0,274.6419018325183,274.6419018325183,0.0,PASS
RECLAIM-V2-006691,RETRY_ALL,RETRY_ALL,178.8577373356497,25.0,153.8577373356497,153.8577373356497,0.0,PASS
RECLAIM-V2-006692,RETRY_ALL,RETRY_ALL,141.8975358800289,25.0,116.8975358800289,116.8975358800289,0.0,PASS
RECLAIM-V2-006693,RETRY_ALL,RETRY_ALL,36.6569001110367,25.0,11.656900111036698,11.656900111036698,0.0,PASS
RECLAIM-V2-006694,RETRY_ALL,RETRY_ALL,0.0,25.0,-25.0,-25.0,0.0,PASS
RECLAIM-V2-006695,RETRY_ALL,RETRY_ALL,0.0,25.0,-25.0,-25.0,0.0,PASS
RECLAIM-V2-006696,TARGET,STANDARD_TARGET,497.3994764168532,80.0,417.3994764168532,417.3994764168532,0.0,PASS
RECLAIM-V2-006697,TARGET,LOW_INTENSITY,461.43537712770825,45.0,416.43537712770825,416.43537712770825,0.0,PASS
RECLAIM-V2-006698,RETRY_ALL,RETRY_ALL,166.25399104139774,25.0,141.25399104139774,141.25399104139774,0.0,PASS
RECLAIM-V2-006699,RETRY_ALL,RETRY_ALL,0.0,25.0,-25.0,-25.0,0.0,PASS
RECLAIM-V2-006700,RETRY_ALL,RETRY_ALL,0.0,25.0,-25.0,-25.0,0.0,PASS
RECLAIM-V2-006701,RETRY_ALL,RETRY_ALL,0.0,25.0,-25.0,-25.0,0.0,PASS
RECLAIM-V2-006702,RETRY_ALL,RETRY_ALL,15.27055042772355,25.0,-9.72944957227645,-9.72944957227645,0.0,PASS
RECLAIM-V2-006703,RETRY_ALL,RETRY_ALL,0.0,25.0,-25.0,-25.0,0.0,PASS
RECLAIM-V2-006704,RETRY_ALL,RETRY_ALL,128.90386821601393,25.0,103.90386821601392,103.90386821601393,1.4210854715202004e-14,PASS
RECLAIM-V2-006705,RETRY_ALL,RETRY_ALL,0.0,25.0,-25.0,-25.0,0.0,PASS
RECLAIM-V2-006706,RETRY_ALL,RETRY_ALL,49.819781559911554,25.0,24.819781559911554,24.819781559911554,0.0,PASS
RECLAIM-V2-006707,RETRY_ALL,RETRY_ALL,199.18498334501683,25.0,174.18498334501683,174.18498334501683,0.0,PASS
RECLAIM-V2-006708,RETRY_ALL,RETRY_ALL,0.0,25.0,-25.0,-25.0,0.0,PASS
RECLAIM-V2-006709,RETRY_ALL,RETRY_ALL,46.22957987000595,25.0,21.22957987000595,21.22957987000595,0.0,PASS
RECLAIM-V2-006710,RETRY_ALL,RETRY_ALL,0.0,25.0,-25.0,-25.0,0.0,PASS
RECLAIM-V2-006711,RETRY_ALL,RETRY_ALL,262.7442645799206,25.0,237.74426457992053,237.74426457992058,5.684341886080802e-14,PASS
RECLAIM-V2-006712,RETRY_ALL,RETRY_ALL,0.0,25.0,-25.0,-25.0,0.0,PASS
RECLAIM-V2-006713,RETRY_ALL,RETRY_ALL,350.6832790194932,25.0,325.6832790194932,325.6832790194932,0.0,PASS
RECLAIM-V2-006714,RETRY_ALL,RETRY_ALL,191.2585136202769,25.0,166.25851362027691,166.2585136202769,-2.842170943040401e-14,PASS
RECLAIM-V2-006715,RETRY_ALL,RETRY_ALL,305.99807050061503,25.0,280.99807050061503,280.99807050061503,0.0,PASS
RECLAIM-V2-006716,RETRY_ALL,RETRY_ALL,0.0,25.0,-25.0,-25.0,0.0,PASS
RECLAIM-V2-006717,RETRY_ALL,RETRY_ALL,0.0,25.0,-25.0,-25.0,0.0,PASS
RECLAIM-V2-006718,RETRY_ALL,RETRY_ALL,0.0,25.0,-25.0,-25.0,0.0,PASS
RECLAIM-V2-006719,RETRY_ALL,RETRY_ALL,0.0,25.0,-25.0,-25.0,0.0,PASS
RECLAIM-V2-006720,RETRY_ALL,RETRY_ALL,0.0,25.0,-25.0,-25.0,0.0,PASS
RECLAIM-V2-006721,RETRY_ALL,RETRY_ALL,217.87634030832703,25.0,192.87634030832703,192.87634030832703,0.0,PASS
RECLAIM-V2-006722,RETRY_ALL,RETRY_ALL,213.10299849685487,25.0,188.10299849685487,188.10299849685487,0.0,PASS
RECLAIM-V2-006723,RETRY_ALL,RETRY_ALL,226.41407843816225,25.0,201.41407843816225,201.41407843816225,0.0,PASS
RECLAIM-V2-006724,RETRY_ALL,RETRY_ALL,0.0,25.0,-25.0,-25.0,0.0,PASS
RECLAIM-V2-006725,RETRY_ALL,RETRY_ALL,383.765462038124,25.0,358.765462038124,358.765462038124,0.0,PASS
RECLAIM-V2-006726,RETRY_ALL,RETRY_ALL,0.0,25.0,-25.0,-25.0,0.0,PASS
RECLAIM-V2-006727,RETRY_ALL,RETRY_ALL,13.57518076672695,25.0,-11.42481923327305,-11.42481923327305,0.0,PASS
RECLAIM-V2-006728,TARGET,LOW_INTENSITY,435.443987511088,45.0,390.443987511088,390.443987511088,0.0,PASS
RECLAIM-V2-006729,RETRY_ALL,RETRY_ALL,263.87536132160113,25.0,238.8753613216012,238.87536132160113,-5.684341886080802e-14,PASS
RECLAIM-V2-006730,RETRY_ALL,RETRY_ALL,0.0,25.0,-25.0,-25.0,0.0,PASS
RECLAIM-V2-006731,RETRY_ALL,RETRY_ALL,0.0,25.0,-25.0,-25.0,0.0,PASS
RECLAIM-V2-006732,RETRY_ALL,RETRY_ALL,292.53556729368063,25.0,267.53556729368063,267.53556729368063,0.0,PASS
RECLAIM-V2-006733,RETRY_ALL,RETRY_ALL,0.0,25.0,-25.0,-25.0,0.0,PASS
RECLAIM-V2-006734,RETRY_ALL,RETRY_ALL,274.8444606074702,25.0,249.84446060747013,249.84446060747018,5.684341886080802e-14,PASS
RECLAIM-V2-006735,RETRY_ALL,RETRY_ALL,0.0,25.0,-25.0,-25.0,0.0,PASS
RECLAIM-V2-006736,RETRY_ALL,RETRY_ALL,0.0,25.0,-25.0,-25.0,0.0,PASS
RECLAIM-V2-006737,RETRY_ALL,RETRY_ALL,81.2511527801871,25.0,56.2511527801871,56.2511527801871,0.0,PASS
RECLAIM-V2-006738,TARGET,HIGH_INTENSITY,583.620178409089,120.0,463.620178409089,463.620178409089,0.0,PASS
RECLAIM-V2-006739,RETRY_ALL,RETRY_ALL,197.49129443344813,25.0,172.49129443344813,172.49129443344813,0.0,PASS
RECLAIM-V2-006740,RETRY_ALL,RETRY_ALL,0.0,25.0,-25.0,-25.0,0.0,PASS
RECLAIM-V2-006741,RETRY_ALL,RETRY_ALL,269.1505123973145,25.0,244.1505123973145,244.15051239731451,2.842170943040401e-14,PASS
RECLAIM-V2-006742,RETRY_ALL,RETRY_ALL,0.0,25.0,-25.0,-25.0,0.0,PASS
RECLAIM-V2-006743,RETRY_ALL,RETRY_ALL,0.0,25.0,-25.0,-25.0,0.0,PASS
RECLAIM-V2-006744,RETRY_ALL,RETRY_ALL,0.0,25.0,-25.0,-25.0,0.0,PASS
RECLAIM-V2-006745,RETRY_ALL,RETRY_ALL,86.27509296312915,25.0,61.275092963129154,61.275092963129154,0.0,PASS
RECLAIM-V2-006746,RETRY_ALL,RETRY_ALL,0.0,25.0,-25.0,-25.0,0.0,PASS
RECLAIM-V2-006747,RETRY_ALL,RETRY_ALL,0.0,25.0,-25.0,-25.0,0.0,PASS
RECLAIM-V2-006748,RETRY_ALL,RETRY_ALL,0.0,25.0,-25.0,-25.0,0.0,PASS
RECLAIM-V2-006749,RETRY_ALL,RETRY_ALL,51.39200918101605,25.0,26.39200918101605,26.39200918101605,0.0,PASS
RECLAIM-V2-006750,RETRY_ALL,RETRY_ALL,221.5353569355051,25.0,196.5353569355051,196.5353569355051,0.0,PASS
RECLAIM-V2-006751,RETRY_ALL,RETRY_ALL,0.0,25.0,-25.0,-25.0,0.0,PASS
RECLAIM-V2-006752,RETRY_ALL,RETRY_ALL,0.0,25.0,-25.0,-25.0,0.0,PASS
RECLAIM-V2-006753,RETRY_ALL,RETRY_ALL,0.0,25.0,-25.0,-25.0,0.0,PASS
RECLAIM-V2-006754,RETRY_ALL,RETRY_ALL,199.99956314184288,25.0,174.99956314184288,174.99956314184288,0.0,PASS
RECLAIM-V2-006755,RETRY_ALL,RETRY_ALL,0.0,25.0,-25.0,-25.0,0.0,PASS
RECLAIM-V2-006756,RETRY_ALL,RETRY_ALL,212.4801769906917,25.0,187.4801769906917,187.4801769906917,0.0,PASS
RECLAIM-V2-006757,RETRY_ALL,RETRY_ALL,296.6146334576097,25.0,271.6146334576097,271.6146334576097,0.0,PASS
RECLAIM-V2-006758,RETRY_ALL,RETRY_ALL,0.0,25.0,-25.0,-25.0,0.0,PASS
RECLAIM-V2-006759,RETRY_ALL,RETRY_ALL,300.33961744709296,25.0,275.33961744709296,275.33961744709296,0.0,PASS
RECLAIM-V2-006760,RETRY_ALL,RETRY_ALL,143.25240349837844,25.0,118.25240349837844,118.25240349837844,0.0,PASS
RECLAIM-V2-006761,RETRY_ALL,RETRY_ALL,296.1535174485516,25.0,271.1535174485516,271.1535174485516,0.0,PASS
RECLAIM-V2-006762,RETRY_ALL,RETRY_ALL,0.0,25.0,-25.0,-25.0,0.0,PASS
RECLAIM-V2-006763,RETRY_ALL,RETRY_ALL,0.0,25.0,-25.0,-25.0,0.0,PASS
RECLAIM-V2-006764,RETRY_ALL,RETRY_ALL,249.9041269732685,25.0,224.9041269732685,224.9041269732685,0.0,PASS
RECLAIM-V2-006765,RETRY_ALL,RETRY_ALL,192.45670969230423,25.0,167.45670969230423,167.45670969230423,0.0,PASS
RECLAIM-V2-006766,RETRY_ALL,RETRY_ALL,0.0,25.0,-25.0,-25.0,0.0,PASS
RECLAIM-V2-006767,RETRY_ALL,RETRY_ALL,10.74316234242555,25.0,-14.25683765757445,-14.25683765757445,0.0,PASS
RECLAIM-V2-006768,RETRY_ALL,RETRY_ALL,53.72735451736425,25.0,28.727354517364247,28.727354517364247,0.0,PASS
RECLAIM-V2-006769,RETRY_ALL,RETRY_ALL,0.0,25.0,-25.0,-25.0,0.0,PASS
RECLAIM-V2-006770,RETRY_ALL,RETRY_ALL,0.0,25.0,-25.0,-25.0,0.0,PASS
RECLAIM-V2-006771,RETRY_ALL,RETRY_ALL,0.0,25.0,-25.0,-25.0,0.0,PASS
RECLAIM-V2-006772,RETRY_ALL,RETRY_ALL,244.178775728924,25.0,219.178775728924,219.178775728924,0.0,PASS
RECLAIM-V2-006773,RETRY_ALL,RETRY_ALL,0.0,25.0,-25.0,-25.0,0.0,PASS
RECLAIM-V2-006774,RETRY_ALL,RETRY_ALL,231.74941922331496,25.0,206.74941922331496,206.74941922331496,0.0,PASS
RECLAIM-V2-006775,RETRY_ALL,RETRY_ALL,28.90085039752095,25.0,3.900850397520952,3.9008503975209514,-4.440892098500626e-16,PASS
RECLAIM-V2-006776,RETRY_ALL,RETRY_ALL,182.40356941348543,25.0,157.40356941348543,157.40356941348543,0.0,PASS
RECLAIM-V2-006777,RETRY_ALL,RETRY_ALL,87.70957893731939,25.0,62.70957893731939,62.70957893731939,0.0,PASS
RECLAIM-V2-006778,RETRY_ALL,RETRY_ALL,133.61974142607855,25.0,108.61974142607856,108.61974142607855,-1.4210854715202004e-14,PASS
RECLAIM-V2-006779,RETRY_ALL,RETRY_ALL,0.0,25.0,-25.0,-25.0,0.0,PASS
RECLAIM-V2-006780,RETRY_ALL,RETRY_ALL,97.26501923784224,25.0,72.26501923784224,72.26501923784224,0.0,PASS
RECLAIM-V2-006781,RETRY_ALL,RETRY_ALL,0.0,25.0,-25.0,-25.0,0.0,PASS
RECLAIM-V2-006782,RETRY_ALL,RETRY_ALL,0.0,25.0,-25.0,-25.0,0.0,PASS
RECLAIM-V2-006783,RETRY_ALL,RETRY_ALL,296.82100355452184,25.0,271.82100355452184,271.82100355452184,0.0,PASS
RECLAIM-V2-006784,RETRY_ALL,RETRY_ALL,0.0,25.0,-25.0,-25.0,0.0,PASS
RECLAIM-V2-006785,RETRY_ALL,RETRY_ALL,253.62080855224423,25.0,228.62080855224423,228.62080855224423,0.0,PASS
RECLAIM-V2-006786,RETRY_ALL,RETRY_ALL,6.95954035360485,25.0,-18.04045964639515,-18.04045964639515,0.0,PASS
RECLAIM-V2-006787,RETRY_ALL,RETRY_ALL,0.0,25.0,-25.0,-25.0,0.0,PASS
RECLAIM-V2-006788,RETRY_ALL,RETRY_ALL,0.0,25.0,-25.0,-25.0,0.0,PASS
RECLAIM-V2-006789,RETRY_ALL,RETRY_ALL,183.16528677698,25.0,158.16528677697997,158.16528677698,2.842170943040401e-14,PASS
RECLAIM-V2-006790,RETRY_ALL,RETRY_ALL,0.0,25.0,-25.0,-25.0,0.0,PASS
RECLAIM-V2-006791,RETRY_ALL,RETRY_ALL,373.892621481376,25.0,348.892621481376,348.892621481376,0.0,PASS
RECLAIM-V2-006792,RETRY_ALL,RETRY_ALL,179.17843831075183,25.0,154.17843831075183,154.17843831075183,0.0,PASS
RECLAIM-V2-006793,RETRY_ALL,RETRY_ALL,0.0,25.0,-25.0,-25.0,0.0,PASS
RECLAIM-V2-006794,RETRY_ALL,RETRY_ALL,1.3675819740006,25.0,-23.6324180259994,-23.6324180259994,0.0,PASS
RECLAIM-V2-006795,RETRY_ALL,RETRY_ALL,143.09127256402755,25.0,118.09127256402756,118.09127256402755,-1.4210854715202004e-14,PASS
RECLAIM-V2-006796,RETRY_ALL,RETRY_ALL,278.234119075884,25.0,253.234119075884,253.234119075884,0.0,PASS
RECLAIM-V2-006797,RETRY_ALL,RETRY_ALL,0.0,25.0,-25.0,-25.0,0.0,PASS
RECLAIM-V2-006798,RETRY_ALL,RETRY_ALL,211.7449723909854,25.0,186.7449723909854,186.7449723909854,0.0,PASS
RECLAIM-V2-006799,RETRY_ALL,RETRY_ALL,0.0,25.0,-25.0,-25.0,0.0,PASS
RECLAIM-V2-006800,RETRY_ALL,RETRY_ALL,86.7426446611452,25.0,61.742644661145206,61.742644661145206,0.0,PASS
RECLAIM-V2-006801,RETRY_ALL,RETRY_ALL,282.55353958862355,25.0,257.55353958862355,257.55353958862355,0.0,PASS
RECLAIM-V2-006802,RETRY_ALL,RETRY_ALL,0.0,25.0,-25.0,-25.0,0.0,PASS
RECLAIM-V2-006803,RETRY_ALL,RETRY_ALL,0.0,25.0,-25.0,-25.0,0.0,PASS
RECLAIM-V2-006804,RETRY_ALL,RETRY_ALL,0.0,25.0,-25.0,-25.0,0.0,PASS
RECLAIM-V2-006805,RETRY_ALL,RETRY_ALL,0.0,25.0,-25.0,-25.0,0.0,PASS
RECLAIM-V2-006806,RETRY_ALL,RETRY_ALL,160.28269283662155,25.0,135.28269283662155,135.28269283662155,0.0,PASS
RECLAIM-V2-006807,RETRY_ALL,RETRY_ALL,0.0,25.0,-25.0,-25.0,0.0,PASS
RECLAIM-V2-006808,RETRY_ALL,RETRY_ALL,98.90481634781553,25.0,73.90481634781553,73.90481634781553,0.0,PASS
RECLAIM-V2-006809,RETRY_ALL,RETRY_ALL,148.04750211632927,25.0,123.04750211632928,123.04750211632927,-1.4210854715202004e-14,PASS
RECLAIM-V2-006810,RETRY_ALL,RETRY_ALL,0.0,25.0,-25.0,-25.0,0.0,PASS
RECLAIM-V2-006811,RETRY_ALL,RETRY_ALL,215.15839265160312,25.0,190.15839265160312,190.15839265160312,0.0,PASS
RECLAIM-V2-006812,RETRY_ALL,RETRY_ALL,0.0,25.0,-25.0,-25.0,0.0,PASS
RECLAIM-V2-006813,RETRY_ALL,RETRY_ALL,268.7682046689969,25.0,243.76820466899687,243.76820466899687,0.0,PASS
RECLAIM-V2-006814,TARGET,MONITOR,399.28874535180375,10.0,389.28874535180375,389.28874535180375,0.0,PASS
RECLAIM-V2-006815,RETRY_ALL,RETRY_ALL,217.2806591471457,25.0,192.2806591471457,192.2806591471457,0.0,PASS
RECLAIM-V2-006816,RETRY_ALL,RETRY_ALL,0.0,25.0,-25.0,-25.0,0.0,PASS
RECLAIM-V2-006817,RETRY_ALL,RETRY_ALL,89.80161347474835,25.0,64.80161347474835,64.80161347474835,0.0,PASS
RECLAIM-V2-006818,RETRY_ALL,RETRY_ALL,0.0,25.0,-25.0,-25.0,0.0,PASS
RECLAIM-V2-006819,RETRY_ALL,RETRY_ALL,9.27823829711685,25.0,-15.72176170288315,-15.72176170288315,0.0,PASS
RECLAIM-V2-006820,RETRY_ALL,RETRY_ALL,314.0068780732112,25.0,289.0068780732112,289.0068780732112,0.0,PASS
RECLAIM-V2-006821,RETRY_ALL,RETRY_ALL,56.3347440470895,25.0,31.3347440470895,31.3347440470895,0.0,PASS
RECLAIM-V2-006822,RETRY_ALL,RETRY_ALL,0.0,25.0,-25.0,-25.0,0.0,PASS
RECLAIM-V2-006823,RETRY_ALL,RETRY_ALL,0.0,25.0,-25.0,-25.0,0.0,PASS
RECLAIM-V2-006824,RETRY_ALL,RETRY_ALL,0.0,25.0,-25.0,-25.0,0.0,PASS
RECLAIM-V2-006825,RETRY_ALL,RETRY_ALL,0.0,25.0,-25.0,-25.0,0.0,PASS
RECLAIM-V2-006826,RETRY_ALL,RETRY_ALL,0.0,25.0,-25.0,-25.0,0.0,PASS
RECLAIM-V2-006827,RETRY_ALL,RETRY_ALL,263.30859359008485,25.0,238.30859359008485,238.30859359008485,0.0,PASS
RECLAIM-V2-006828,RETRY_ALL,RETRY_ALL,377.5991855929758,25.0,352.5991855929758,352.5991855929758,0.0,PASS
RECLAIM-V2-006829,RETRY_ALL,RETRY_ALL,8.085923303067451,25.0,-16.914076696932547,-16.914076696932547,0.0,PASS
RECLAIM-V2-006830,RETRY_ALL,RETRY_ALL,326.6808870031967,25.0,301.6808870031967,301.6808870031967,0.0,PASS
RECLAIM-V2-006831,RETRY_ALL,RETRY_ALL,53.9060730193641,25.0,28.9060730193641,28.9060730193641,0.0,PASS
RECLAIM-V2-006832,RETRY_ALL,RETRY_ALL,70.958746337958,25.0,45.958746337958,45.958746337958004,7.105427357601002e-15,PASS
RECLAIM-V2-006833,RETRY_ALL,RETRY_ALL,0.0,25.0,-25.0,-25.0,0.0,PASS
RECLAIM-V2-006834,RETRY_ALL,RETRY_ALL,44.1911828156577,25.0,19.191182815657697,19.191182815657697,0.0,PASS
RECLAIM-V2-006835,RETRY_ALL,RETRY_ALL,231.75860041650628,25.0,206.75860041650628,206.75860041650628,0.0,PASS
RECLAIM-V2-006836,RETRY_ALL,RETRY_ALL,0.0,25.0,-25.0,-25.0,0.0,PASS
RECLAIM-V2-006837,RETRY_ALL,RETRY_ALL,0.0,25.0,-25.0,-25.0,0.0,PASS
RECLAIM-V2-006838,RETRY_ALL,RETRY_ALL,0.0,25.0,-25.0,-25.0,0.0,PASS
RECLAIM-V2-006839,RETRY_ALL,RETRY_ALL,0.0,25.0,-25.0,-25.0,0.0,PASS
RECLAIM-V2-006840,RETRY_ALL,RETRY_ALL,125.2345285947675,25.0,100.2345285947675,100.2345285947675,0.0,PASS
RECLAIM-V2-006841,RETRY_ALL,RETRY_ALL,0.0,25.0,-25.0,-25.0,0.0,PASS
RECLAIM-V2-006842,RETRY_ALL,RETRY_ALL,0.0,25.0,-25.0,-25.0,0.0,PASS
RECLAIM-V2-006843,RETRY_ALL,RETRY_ALL,0.0,25.0,-25.0,-25.0,0.0,PASS
RECLAIM-V2-006844,RETRY_ALL,RETRY_ALL,60.5787498126537,25.0,35.5787498126537,35.5787498126537,0.0,PASS
RECLAIM-V2-006845,RETRY_ALL,RETRY_ALL,88.8137237811585,25.0,63.8137237811585,63.8137237811585,0.0,PASS
RECLAIM-V2-006846,RETRY_ALL,RETRY_ALL,143.70258878537206,25.0,118.70258878537206,118.70258878537206,0.0,PASS
RECLAIM-V2-006847,RETRY_ALL,RETRY_ALL,0.0,25.0,-25.0,-25.0,0.0,PASS
RECLAIM-V2-006848,RETRY_ALL,RETRY_ALL,251.04721479700484,25.0,226.04721479700484,226.04721479700484,0.0,PASS
RECLAIM-V2-006849,TARGET,STANDARD_TARGET,485.9346576734697,80.0,405.9346576734697,405.9346576734697,0.0,PASS
RECLAIM-V2-006850,RETRY_ALL,RETRY_ALL,123.06451799842904,25.0,98.06451799842904,98.06451799842904,0.0,PASS
RECLAIM-V2-006851,RETRY_ALL,RETRY_ALL,0.0,25.0,-25.0,-25.0,0.0,PASS
RECLAIM-V2-006852,RETRY_ALL,RETRY_ALL,0.0,25.0,-25.0,-25.0,0.0,PASS
RECLAIM-V2-006853,RETRY_ALL,RETRY_ALL,0.0,25.0,-25.0,-25.0,0.0,PASS
RECLAIM-V2-006854,RETRY_ALL,RETRY_ALL,23.2555483446066,25.0,-1.7444516553934015,-1.7444516553934015,0.0,PASS
RECLAIM-V2-006855,RETRY_ALL,RETRY_ALL,80.62846260328709,25.0,55.62846260328709,55.62846260328709,0.0,PASS
RECLAIM-V2-006856,RETRY_ALL,RETRY_ALL,0.0,25.0,-25.0,-25.0,0.0,PASS
RECLAIM-V2-006857,RETRY_ALL,RETRY_ALL,0.0,25.0,-25.0,-25.0,0.0,PASS
RECLAIM-V2-006858,RETRY_ALL,RETRY_ALL,293.04090508473087,25.0,268.04090508473087,268.04090508473087,0.0,PASS
RECLAIM-V2-006859,RETRY_ALL,RETRY_ALL,279.286027238927,25.0,254.28602723892692,254.28602723892698,5.684341886080802e-14,PASS
RECLAIM-V2-006860,RETRY_ALL,RETRY_ALL,0.0,25.0,-25.0,-25.0,0.0,PASS
RECLAIM-V2-006861,RETRY_ALL,RETRY_ALL,0.0,25.0,-25.0,-25.0,0.0,PASS
RECLAIM-V2-006862,RETRY_ALL,RETRY_ALL,0.0,25.0,-25.0,-25.0,0.0,PASS
RECLAIM-V2-006863,RETRY_ALL,RETRY_ALL,274.4692646883105,25.0,249.4692646883105,249.4692646883105,0.0,PASS
RECLAIM-V2-006864,RETRY_ALL,RETRY_ALL,0.0,25.0,-25.0,-25.0,0.0,PASS
RECLAIM-V2-006865,RETRY_ALL,RETRY_ALL,0.0,25.0,-25.0,-25.0,0.0,PASS
RECLAIM-V2-006866,RETRY_ALL,RETRY_ALL,0.0,25.0,-25.0,-25.0,0.0,PASS
RECLAIM-V2-006867,RETRY_ALL,RETRY_ALL,262.16594217373347,25.0,237.16594217373347,237.16594217373347,0.0,PASS
RECLAIM-V2-006868,RETRY_ALL,RETRY_ALL,267.3109776627812,25.0,242.31097766278123,242.31097766278123,0.0,PASS
RECLAIM-V2-006869,RETRY_ALL,RETRY_ALL,0.0,25.0,-25.0,-25.0,0.0,PASS
RECLAIM-V2-006870,RETRY_ALL,RETRY_ALL,193.1190858070952,25.0,168.11908580709516,168.1190858070952,2.842170943040401e-14,PASS
RECLAIM-V2-006871,RETRY_ALL,RETRY_ALL,203.37970711885305,25.0,178.37970711885305,178.37970711885305,0.0,PASS
RECLAIM-V2-006872,RETRY_ALL,RETRY_ALL,371.6889665227868,25.0,346.6889665227868,346.6889665227868,0.0,PASS
RECLAIM-V2-006873,RETRY_ALL,RETRY_ALL,0.0,25.0,-25.0,-25.0,0.0,PASS
RECLAIM-V2-006874,RETRY_ALL,RETRY_ALL,0.0,25.0,-25.0,-25.0,0.0,PASS
RECLAIM-V2-006875,RETRY_ALL,RETRY_ALL,0.0,25.0,-25.0,-25.0,0.0,PASS
RECLAIM-V2-006876,RETRY_ALL,RETRY_ALL,199.69869283184684,25.0,174.69869283184684,174.69869283184684,0.0,PASS
RECLAIM-V2-006877,RETRY_ALL,RETRY_ALL,0.0,25.0,-25.0,-25.0,0.0,PASS
RECLAIM-V2-006878,RETRY_ALL,RETRY_ALL,301.289547039291,25.0,276.289547039291,276.289547039291,0.0,PASS
RECLAIM-V2-006879,RETRY_ALL,RETRY_ALL,347.48006287515784,25.0,322.48006287515784,322.48006287515784,0.0,PASS
RECLAIM-V2-006880,RETRY_ALL,RETRY_ALL,0.0,25.0,-25.0,-25.0,0.0,PASS
RECLAIM-V2-006881,RETRY_ALL,RETRY_ALL,0.0,25.0,-25.0,-25.0,0.0,PASS
RECLAIM-V2-006882,RETRY_ALL,RETRY_ALL,0.0,25.0,-25.0,-25.0,0.0,PASS
RECLAIM-V2-006883,RETRY_ALL,RETRY_ALL,34.6937346922521,25.0,9.6937346922521,9.6937346922521,0.0,PASS
RECLAIM-V2-006884,RETRY_ALL,RETRY_ALL,0.0,25.0,-25.0,-25.0,0.0,PASS
RECLAIM-V2-006885,RETRY_ALL,RETRY_ALL,314.0938734018081,25.0,289.0938734018081,289.0938734018081,0.0,PASS
RECLAIM-V2-006886,RETRY_ALL,RETRY_ALL,0.0,25.0,-25.0,-25.0,0.0,PASS
RECLAIM-V2-006887,RETRY_ALL,RETRY_ALL,54.32307980794696,25.0,29.32307980794696,29.32307980794696,0.0,PASS
RECLAIM-V2-006888,RETRY_ALL,RETRY_ALL,0.0,25.0,-25.0,-25.0,0.0,PASS
RECLAIM-V2-006889,RETRY_ALL,RETRY_ALL,155.24920035841245,25.0,130.24920035841245,130.24920035841245,0.0,PASS
RECLAIM-V2-006890,RETRY_ALL,RETRY_ALL,207.4809929081952,25.0,182.4809929081952,182.4809929081952,0.0,PASS
RECLAIM-V2-006891,RETRY_ALL,RETRY_ALL,358.262576363643,25.0,333.262576363643,333.262576363643,0.0,PASS
RECLAIM-V2-006892,RETRY_ALL,RETRY_ALL,176.61648266398274,25.0,151.61648266398274,151.61648266398274,0.0,PASS
RECLAIM-V2-006893,RETRY_ALL,RETRY_ALL,335.8794807258645,25.0,310.8794807258645,310.8794807258645,0.0,PASS
RECLAIM-V2-006894,RETRY_ALL,RETRY_ALL,138.0205784032671,25.0,113.02057840326712,113.02057840326711,-1.4210854715202004e-14,PASS
RECLAIM-V2-006895,RETRY_ALL,RETRY_ALL,0.0,25.0,-25.0,-25.0,0.0,PASS
RECLAIM-V2-006896,RETRY_ALL,RETRY_ALL,331.0518583285587,25.0,306.0518583285587,306.0518583285587,0.0,PASS
RECLAIM-V2-006897,RETRY_ALL,RETRY_ALL,0.0,25.0,-25.0,-25.0,0.0,PASS
RECLAIM-V2-006898,RETRY_ALL,RETRY_ALL,0.0,25.0,-25.0,-25.0,0.0,PASS
RECLAIM-V2-006899,RETRY_ALL,RETRY_ALL,0.0,25.0,-25.0,-25.0,0.0,PASS
RECLAIM-V2-006900,TARGET,HIGH_INTENSITY,590.8169095863651,120.0,470.8169095863651,470.8169095863651,0.0,PASS
RECLAIM-V2-006901,RETRY_ALL,RETRY_ALL,0.0,25.0,-25.0,-25.0,0.0,PASS
RECLAIM-V2-006902,RETRY_ALL,RETRY_ALL,0.0,25.0,-25.0,-25.0,0.0,PASS
RECLAIM-V2-006903,RETRY_ALL,RETRY_ALL,66.5244854183229,25.0,41.5244854183229,41.5244854183229,0.0,PASS
RECLAIM-V2-006904,RETRY_ALL,RETRY_ALL,51.9132049066179,25.0,26.9132049066179,26.9132049066179,0.0,PASS
RECLAIM-V2-006905,RETRY_ALL,RETRY_ALL,0.0,25.0,-25.0,-25.0,0.0,PASS
RECLAIM-V2-006906,RETRY_ALL,RETRY_ALL,0.0,25.0,-25.0,-25.0,0.0,PASS
RECLAIM-V2-006907,RETRY_ALL,RETRY_ALL,79.46912330422064,25.0,54.469123304220645,54.469123304220645,0.0,PASS
RECLAIM-V2-006908,RETRY_ALL,RETRY_ALL,272.621446982856,25.0,247.621446982856,247.621446982856,0.0,PASS
RECLAIM-V2-006909,RETRY_ALL,RETRY_ALL,206.55513517900425,25.0,181.55513517900425,181.55513517900425,0.0,PASS
RECLAIM-V2-006910,RETRY_ALL,RETRY_ALL,84.7919450076933,25.0,59.7919450076933,59.7919450076933,0.0,PASS
RECLAIM-V2-006911,RETRY_ALL,RETRY_ALL,103.90485469711486,25.0,78.90485469711486,78.90485469711486,0.0,PASS
RECLAIM-V2-006912,RETRY_ALL,RETRY_ALL,0.0,25.0,-25.0,-25.0,0.0,PASS
RECLAIM-V2-006913,RETRY_ALL,RETRY_ALL,302.04923497608286,25.0,277.04923497608286,277.04923497608286,0.0,PASS
RECLAIM-V2-006914,RETRY_ALL,RETRY_ALL,122.16543465548956,25.0,97.16543465548956,97.16543465548956,0.0,PASS
RECLAIM-V2-006915,TARGET,LOW_INTENSITY,459.066043307079,45.0,414.066043307079,414.066043307079,0.0,PASS
RECLAIM-V2-006916,RETRY_ALL,RETRY_ALL,117.2352178089645,25.0,92.2352178089645,92.2352178089645,0.0,PASS
RECLAIM-V2-006917,TARGET,STANDARD_TARGET,515.2312042808494,80.0,435.2312042808494,435.2312042808494,0.0,PASS
RECLAIM-V2-006918,RETRY_ALL,RETRY_ALL,54.40313773672965,25.0,29.403137736729647,29.403137736729647,0.0,PASS
RECLAIM-V2-006919,RETRY_ALL,RETRY_ALL,33.8719483669458,25.0,8.871948366945801,8.871948366945801,0.0,PASS
RECLAIM-V2-006920,RETRY_ALL,RETRY_ALL,0.0,25.0,-25.0,-25.0,0.0,PASS
RECLAIM-V2-006921,RETRY_ALL,RETRY_ALL,199.4142352844031,25.0,174.4142352844031,174.4142352844031,0.0,PASS
RECLAIM-V2-006922,RETRY_ALL,RETRY_ALL,339.07107734553733,25.0,314.07107734553733,314.07107734553733,0.0,PASS
RECLAIM-V2-006923,RETRY_ALL,RETRY_ALL,0.0,25.0,-25.0,-25.0,0.0,PASS
RECLAIM-V2-006924,RETRY_ALL,RETRY_ALL,25.945319850513748,25.0,0.945319850513748,0.9453198505137479,-1.1102230246251565e-16,PASS
RECLAIM-V2-006925,TARGET,MONITOR,409.57142597878345,10.0,399.57142597878345,399.57142597878345,0.0,PASS
RECLAIM-V2-006926,RETRY_ALL,RETRY_ALL,0.0,25.0,-25.0,-25.0,0.0,PASS
RECLAIM-V2-006927,RETRY_ALL,RETRY_ALL,0.0,25.0,-25.0,-25.0,0.0,PASS
RECLAIM-V2-006928,RETRY_ALL,RETRY_ALL,180.1833806504825,25.0,155.1833806504825,155.1833806504825,0.0,PASS
RECLAIM-V2-006929,RETRY_ALL,RETRY_ALL,90.58846725619335,25.0,65.58846725619335,65.58846725619335,0.0,PASS
RECLAIM-V2-006930,RETRY_ALL,RETRY_ALL,3.9103403296746,25.0,-21.0896596703254,-21.0896596703254,0.0,PASS
RECLAIM-V2-006931,RETRY_ALL,RETRY_ALL,0.0,25.0,-25.0,-25.0,0.0,PASS
RECLAIM-V2-006932,RETRY_ALL,RETRY_ALL,317.9359393167618,25.0,292.9359393167618,292.9359393167618,0.0,PASS
RECLAIM-V2-006933,RETRY_ALL,RETRY_ALL,4.87172471348805,25.0,-20.12827528651195,-20.12827528651195,0.0,PASS
RECLAIM-V2-006934,RETRY_ALL,RETRY_ALL,36.3424656935652,25.0,11.342465693565202,11.342465693565202,0.0,PASS
RECLAIM-V2-006935,TARGET,MONITOR,409.5880605648304,10.0,399.5880605648304,399.5880605648304,0.0,PASS
RECLAIM-V2-006936,RETRY_ALL,RETRY_ALL,34.5904132309422,25.0,9.590413230942197,9.590413230942197,0.0,PASS
RECLAIM-V2-006937,RETRY_ALL,RETRY_ALL,189.6098418368705,25.0,164.6098418368705,164.6098418368705,0.0,PASS
RECLAIM-V2-006938,RETRY_ALL,RETRY_ALL,0.0,25.0,-25.0,-25.0,0.0,PASS
RECLAIM-V2-006939,RETRY_ALL,RETRY_ALL,0.0,25.0,-25.0,-25.0,0.0,PASS
RECLAIM-V2-006940,RETRY_ALL,RETRY_ALL,0.0,25.0,-25.0,-25.0,0.0,PASS
RECLAIM-V2-006941,RETRY_ALL,RETRY_ALL,311.53474799971923,25.0,286.53474799971923,286.53474799971923,0.0,PASS
RECLAIM-V2-006942,RETRY_ALL,RETRY_ALL,0.0,25.0,-25.0,-25.0,0.0,PASS
RECLAIM-V2-006943,RETRY_ALL,RETRY_ALL,0.0,25.0,-25.0,-25.0,0.0,PASS
RECLAIM-V2-006944,RETRY_ALL,RETRY_ALL,190.8023701372227,25.0,165.8023701372227,165.8023701372227,0.0,PASS
RECLAIM-V2-006945,RETRY_ALL,RETRY_ALL,0.0,25.0,-25.0,-25.0,0.0,PASS
RECLAIM-V2-006946,RETRY_ALL,RETRY_ALL,0.0,25.0,-25.0,-25.0,0.0,PASS
RECLAIM-V2-006947,RETRY_ALL,RETRY_ALL,0.0,25.0,-25.0,-25.0,0.0,PASS
RECLAIM-V2-006948,RETRY_ALL,RETRY_ALL,0.0,25.0,-25.0,-25.0,0.0,PASS
RECLAIM-V2-006949,RETRY_ALL,RETRY_ALL,260.6280512735519,25.0,235.62805127355188,235.62805127355188,0.0,PASS
RECLAIM-V2-006950,RETRY_ALL,RETRY_ALL,288.5342550291939,25.0,263.5342550291939,263.5342550291939,0.0,PASS
RECLAIM-V2-006951,RETRY_ALL,RETRY_ALL,0.0,25.0,-25.0,-25.0,0.0,PASS
RECLAIM-V2-006952,RETRY_ALL,RETRY_ALL,0.0,25.0,-25.0,-25.0,0.0,PASS
RECLAIM-V2-006953,RETRY_ALL,RETRY_ALL,48.5957101312185,25.0,23.595710131218503,23.595710131218503,0.0,PASS
RECLAIM-V2-006954,RETRY_ALL,RETRY_ALL,142.1594325037683,25.0,117.1594325037683,117.1594325037683,0.0,PASS
RECLAIM-V2-006955,RETRY_ALL,RETRY_ALL,144.18316425730575,25.0,119.18316425730576,119.18316425730575,-1.4210854715202004e-14,PASS
RECLAIM-V2-006956,RETRY_ALL,RETRY_ALL,0.0,25.0,-25.0,-25.0,0.0,PASS
RECLAIM-V2-006957,TARGET,HIGH_INTENSITY,639.7766685221717,120.0,519.7766685221717,519.7766685221717,0.0,PASS
RECLAIM-V2-006958,RETRY_ALL,RETRY_ALL,0.0,25.0,-25.0,-25.0,0.0,PASS
RECLAIM-V2-006959,RETRY_ALL,RETRY_ALL,273.5939526800223,25.0,248.5939526800223,248.5939526800223,0.0,PASS
RECLAIM-V2-006960,RETRY_ALL,RETRY_ALL,254.7138585775161,25.0,229.7138585775161,229.7138585775161,0.0,PASS
RECLAIM-V2-006961,RETRY_ALL,RETRY_ALL,0.0,25.0,-25.0,-25.0,0.0,PASS
RECLAIM-V2-006962,RETRY_ALL,RETRY_ALL,0.0,25.0,-25.0,-25.0,0.0,PASS
RECLAIM-V2-006963,RETRY_ALL,RETRY_ALL,0.0,25.0,-25.0,-25.0,0.0,PASS
RECLAIM-V2-006964,RETRY_ALL,RETRY_ALL,250.9092478939842,25.0,225.9092478939842,225.9092478939842,0.0,PASS
RECLAIM-V2-006965,RETRY_ALL,RETRY_ALL,270.75560068375785,25.0,245.75560068375785,245.75560068375785,0.0,PASS
RECLAIM-V2-006966,RETRY_ALL,RETRY_ALL,19.55523936004485,25.0,-5.444760639955149,-5.444760639955149,0.0,PASS
RECLAIM-V2-006967,RETRY_ALL,RETRY_ALL,0.0,25.0,-25.0,-25.0,0.0,PASS
RECLAIM-V2-006968,RETRY_ALL,RETRY_ALL,24.27054799660469,25.0,-0.7294520033953056,-0.7294520033953091,-3.552713678800501e-15,PASS
RECLAIM-V2-006969,RETRY_ALL,RETRY_ALL,0.0,25.0,-25.0,-25.0,0.0,PASS
RECLAIM-V2-006970,RETRY_ALL,RETRY_ALL,0.0,25.0,-25.0,-25.0,0.0,PASS
RECLAIM-V2-006971,RETRY_ALL,RETRY_ALL,25.1094210807204,25.0,0.1094210807203985,0.10942108072039858,8.326672684688674e-17,PASS
RECLAIM-V2-006972,RETRY_ALL,RETRY_ALL,0.0,25.0,-25.0,-25.0,0.0,PASS
RECLAIM-V2-006973,RETRY_ALL,RETRY_ALL,242.95151189003488,25.0,217.95151189003488,217.95151189003488,0.0,PASS
RECLAIM-V2-006974,RETRY_ALL,RETRY_ALL,0.0,25.0,-25.0,-25.0,0.0,PASS
RECLAIM-V2-006975,RETRY_ALL,RETRY_ALL,149.04993495685935,25.0,124.04993495685936,124.04993495685935,-1.4210854715202004e-14,PASS
RECLAIM-V2-006976,RETRY_ALL,RETRY_ALL,64.18091106350985,25.0,39.18091106350985,39.18091106350985,0.0,PASS
RECLAIM-V2-006977,RETRY_ALL,RETRY_ALL,243.3261245853733,25.0,218.3261245853733,218.3261245853733,0.0,PASS
RECLAIM-V2-006978,RETRY_ALL,RETRY_ALL,0.0,25.0,-25.0,-25.0,0.0,PASS
RECLAIM-V2-006979,RETRY_ALL,RETRY_ALL,130.69503063003555,25.0,105.69503063003556,105.69503063003555,-1.4210854715202004e-14,PASS
RECLAIM-V2-006980,RETRY_ALL,RETRY_ALL,0.0,25.0,-25.0,-25.0,0.0,PASS
RECLAIM-V2-006981,RETRY_ALL,RETRY_ALL,0.0,25.0,-25.0,-25.0,0.0,PASS
RECLAIM-V2-006982,RETRY_ALL,RETRY_ALL,0.0,25.0,-25.0,-25.0,0.0,PASS
RECLAIM-V2-006983,RETRY_ALL,RETRY_ALL,0.0,25.0,-25.0,-25.0,0.0,PASS
RECLAIM-V2-006984,RETRY_ALL,RETRY_ALL,74.5246367496156,25.0,49.5246367496156,49.524636749615595,-7.105427357601002e-15,PASS
RECLAIM-V2-006985,RETRY_ALL,RETRY_ALL,355.66412707280085,25.0,330.66412707280085,330.66412707280085,0.0,PASS
RECLAIM-V2-006986,RETRY_ALL,RETRY_ALL,38.52725319881985,25.0,13.52725319881985,13.52725319881985,0.0,PASS
RECLAIM-V2-006987,RETRY_ALL,RETRY_ALL,354.01744937868733,25.0,329.01744937868733,329.01744937868733,0.0,PASS
RECLAIM-V2-006988,RETRY_ALL,RETRY_ALL,136.1011119503802,25.0,111.1011119503802,111.10111195038019,-1.4210854715202004e-14,PASS
RECLAIM-V2-006989,RETRY_ALL,RETRY_ALL,0.0,25.0,-25.0,-25.0,0.0,PASS
RECLAIM-V2-006990,RETRY_ALL,RETRY_ALL,256.07475256812046,25.0,231.0747525681205,231.07475256812046,-2.842170943040401e-14,PASS
RECLAIM-V2-006991,RETRY_ALL,RETRY_ALL,0.0,25.0,-25.0,-25.0,0.0,PASS
RECLAIM-V2-006992,RETRY_ALL,RETRY_ALL,0.0,25.0,-25.0,-25.0,0.0,PASS
RECLAIM-V2-006993,RETRY_ALL,RETRY_ALL,0.0,25.0,-25.0,-25.0,0.0,PASS
RECLAIM-V2-006994,RETRY_ALL,RETRY_ALL,0.0,25.0,-25.0,-25.0,0.0,PASS
RECLAIM-V2-006995,RETRY_ALL,RETRY_ALL,0.0,25.0,-25.0,-25.0,0.0,PASS
RECLAIM-V2-006996,RETRY_ALL,RETRY_ALL,0.0,25.0,-25.0,-25.0,0.0,PASS
RECLAIM-V2-006997,TARGET,MONITOR,400.914092756852,10.0,390.914092756852,390.914092756852,0.0,PASS
RECLAIM-V2-006998,RETRY_ALL,RETRY_ALL,0.0,25.0,-25.0,-25.0,0.0,PASS
RECLAIM-V2-006999,RETRY_ALL,RETRY_ALL,331.90152328967656,25.0,306.90152328967656,306.90152328967656,0.0,PASS
RECLAIM-V2-007000,RETRY_ALL,RETRY_ALL,179.614589032176,25.0,154.614589032176,154.614589032176,0.0,PASS
RECLAIM-V2-007001,RETRY_ALL,RETRY_ALL,12.9223959403881,25.0,-12.0776040596119,-12.0776040596119,0.0,PASS
RECLAIM-V2-007002,RETRY_ALL,RETRY_ALL,0.0,25.0,-25.0,-25.0,0.0,PASS
RECLAIM-V2-007003,RETRY_ALL,RETRY_ALL,0.0,25.0,-25.0,-25.0,0.0,PASS
RECLAIM-V2-007004,RETRY_ALL,RETRY_ALL,0.0,25.0,-25.0,-25.0,0.0,PASS
RECLAIM-V2-007005,RETRY_ALL,RETRY_ALL,0.0,25.0,-25.0,-25.0,0.0,PASS
RECLAIM-V2-007006,RETRY_ALL,RETRY_ALL,0.0,25.0,-25.0,-25.0,0.0,PASS
RECLAIM-V2-007007,RETRY_ALL,RETRY_ALL,11.15458171047675,25.0,-13.84541828952325,-13.84541828952325,0.0,PASS
RECLAIM-V2-007008,RETRY_ALL,RETRY_ALL,344.3993290035681,25.0,319.3993290035681,319.3993290035681,0.0,PASS
RECLAIM-V2-007009,RETRY_ALL,RETRY_ALL,309.1343705638436,25.0,284.1343705638436,284.1343705638436,0.0,PASS
RECLAIM-V2-007010,RETRY_ALL,RETRY_ALL,3.1596421204807497,25.0,-21.84035787951925,-21.84035787951925,0.0,PASS
RECLAIM-V2-007011,RETRY_ALL,RETRY_ALL,155.2726277459358,25.0,130.2726277459358,130.2726277459358,0.0,PASS
RECLAIM-V2-007012,RETRY_ALL,RETRY_ALL,15.2594609431134,25.0,-9.7405390568866,-9.7405390568866,0.0,PASS
RECLAIM-V2-007013,RETRY_ALL,RETRY_ALL,241.02110248161287,25.0,216.02110248161287,216.02110248161287,0.0,PASS
RECLAIM-V2-007014,RETRY_ALL,RETRY_ALL,0.0,25.0,-25.0,-25.0,0.0,PASS
RECLAIM-V2-007015,RETRY_ALL,RETRY_ALL,0.0,25.0,-25.0,-25.0,0.0,PASS
RECLAIM-V2-007016,RETRY_ALL,RETRY_ALL,139.0104405290091,25.0,114.01044052900907,114.01044052900909,1.4210854715202004e-14,PASS
RECLAIM-V2-007017,TARGET,MONITOR,404.5866805949677,10.0,394.5866805949677,394.5866805949677,0.0,PASS
RECLAIM-V2-007018,RETRY_ALL,RETRY_ALL,274.5727054745577,25.0,249.5727054745577,249.57270547455772,2.842170943040401e-14,PASS
RECLAIM-V2-007019,RETRY_ALL,RETRY_ALL,0.0,25.0,-25.0,-25.0,0.0,PASS
RECLAIM-V2-007020,RETRY_ALL,RETRY_ALL,0.0,25.0,-25.0,-25.0,0.0,PASS
RECLAIM-V2-007021,RETRY_ALL,RETRY_ALL,63.0905648096544,25.0,38.0905648096544,38.0905648096544,0.0,PASS
RECLAIM-V2-007022,RETRY_ALL,RETRY_ALL,0.0,25.0,-25.0,-25.0,0.0,PASS
RECLAIM-V2-007023,RETRY_ALL,RETRY_ALL,8.03002483461,25.0,-16.96997516539,-16.96997516539,0.0,PASS
RECLAIM-V2-007024,TARGET,STANDARD_TARGET,501.3975112100163,80.0,421.3975112100163,421.3975112100163,0.0,PASS
RECLAIM-V2-007025,RETRY_ALL,RETRY_ALL,292.61052666859035,25.0,267.61052666859035,267.61052666859035,0.0,PASS
RECLAIM-V2-007026,RETRY_ALL,RETRY_ALL,45.479249489838,25.0,20.479249489838,20.479249489837997,-3.552713678800501e-15,PASS
RECLAIM-V2-007027,RETRY_ALL,RETRY_ALL,0.0,25.0,-25.0,-25.0,0.0,PASS
RECLAIM-V2-007028,RETRY_ALL,RETRY_ALL,0.0,25.0,-25.0,-25.0,0.0,PASS
RECLAIM-V2-007029,RETRY_ALL,RETRY_ALL,290.2652525809023,25.0,265.2652525809023,265.2652525809023,0.0,PASS
RECLAIM-V2-007030,RETRY_ALL,RETRY_ALL,322.99944340718247,25.0,297.99944340718247,297.99944340718247,0.0,PASS
RECLAIM-V2-007031,RETRY_ALL,RETRY_ALL,0.0,25.0,-25.0,-25.0,0.0,PASS
RECLAIM-V2-007032,RETRY_ALL,RETRY_ALL,260.9020786425948,25.0,235.9020786425948,235.9020786425948,0.0,PASS
RECLAIM-V2-007033,TARGET,STANDARD_TARGET,501.6355959087172,80.0,421.6355959087172,421.6355959087172,0.0,PASS
RECLAIM-V2-007034,RETRY_ALL,RETRY_ALL,0.0,25.0,-25.0,-25.0,0.0,PASS
RECLAIM-V2-007035,RETRY_ALL,RETRY_ALL,0.0,25.0,-25.0,-25.0,0.0,PASS
RECLAIM-V2-007036,RETRY_ALL,RETRY_ALL,295.31676285195704,25.0,270.31676285195704,270.31676285195704,0.0,PASS
RECLAIM-V2-007037,RETRY_ALL,RETRY_ALL,0.0,25.0,-25.0,-25.0,0.0,PASS
RECLAIM-V2-007038,RETRY_ALL,RETRY_ALL,115.95994747058266,25.0,90.95994747058266,90.95994747058266,0.0,PASS
RECLAIM-V2-007039,RETRY_ALL,RETRY_ALL,0.0,25.0,-25.0,-25.0,0.0,PASS
RECLAIM-V2-007040,RETRY_ALL,RETRY_ALL,376.65787295504936,25.0,351.65787295504936,351.65787295504936,0.0,PASS
RECLAIM-V2-007041,RETRY_ALL,RETRY_ALL,274.4151956158515,25.0,249.41519561585147,249.41519561585147,0.0,PASS
RECLAIM-V2-007042,RETRY_ALL,RETRY_ALL,0.0,25.0,-25.0,-25.0,0.0,PASS
RECLAIM-V2-007043,RETRY_ALL,RETRY_ALL,173.65651103185667,25.0,148.65651103185667,148.65651103185667,0.0,PASS
RECLAIM-V2-007044,RETRY_ALL,RETRY_ALL,304.8394408831524,25.0,279.8394408831524,279.8394408831524,0.0,PASS
RECLAIM-V2-007045,RETRY_ALL,RETRY_ALL,276.50823825897146,25.0,251.50823825897143,251.50823825897146,2.842170943040401e-14,PASS
RECLAIM-V2-007046,RETRY_ALL,RETRY_ALL,21.11260936340625,25.0,-3.88739063659375,-3.88739063659375,0.0,PASS
RECLAIM-V2-007047,RETRY_ALL,RETRY_ALL,0.0,25.0,-25.0,-25.0,0.0,PASS
RECLAIM-V2-007048,RETRY_ALL,RETRY_ALL,270.5664208919309,25.0,245.56642089193087,245.56642089193087,0.0,PASS
RECLAIM-V2-007049,RETRY_ALL,RETRY_ALL,275.19356012790973,25.0,250.19356012790973,250.19356012790973,0.0,PASS
RECLAIM-V2-007050,RETRY_ALL,RETRY_ALL,0.0,25.0,-25.0,-25.0,0.0,PASS
RECLAIM-V2-007051,RETRY_ALL,RETRY_ALL,340.14929830642467,25.0,315.14929830642467,315.14929830642467,0.0,PASS
RECLAIM-V2-007052,RETRY_ALL,RETRY_ALL,0.0,25.0,-25.0,-25.0,0.0,PASS
RECLAIM-V2-007053,RETRY_ALL,RETRY_ALL,156.3521156264664,25.0,131.3521156264664,131.3521156264664,0.0,PASS
RECLAIM-V2-007054,RETRY_ALL,RETRY_ALL,0.0,25.0,-25.0,-25.0,0.0,PASS
RECLAIM-V2-007055,RETRY_ALL,RETRY_ALL,321.9943083599396,25.0,296.9943083599396,296.9943083599396,0.0,PASS
RECLAIM-V2-007056,RETRY_ALL,RETRY_ALL,296.74823373716623,25.0,271.74823373716623,271.74823373716623,0.0,PASS
RECLAIM-V2-007057,RETRY_ALL,RETRY_ALL,0.0,25.0,-25.0,-25.0,0.0,PASS
RECLAIM-V2-007058,RETRY_ALL,RETRY_ALL,0.0,25.0,-25.0,-25.0,0.0,PASS
RECLAIM-V2-007059,RETRY_ALL,RETRY_ALL,0.0,25.0,-25.0,-25.0,0.0,PASS
RECLAIM-V2-007060,RETRY_ALL,RETRY_ALL,0.0,25.0,-25.0,-25.0,0.0,PASS
RECLAIM-V2-007061,RETRY_ALL,RETRY_ALL,161.6779945682172,25.0,136.6779945682172,136.6779945682172,0.0,PASS
RECLAIM-V2-007062,RETRY_ALL,RETRY_ALL,0.0,25.0,-25.0,-25.0,0.0,PASS
RECLAIM-V2-007063,RETRY_ALL,RETRY_ALL,0.0,25.0,-25.0,-25.0,0.0,PASS
RECLAIM-V2-007064,RETRY_ALL,RETRY_ALL,207.9467780275824,25.0,182.9467780275824,182.9467780275824,0.0,PASS
RECLAIM-V2-007065,TARGET,LOW_INTENSITY,468.5512937444367,45.0,423.5512937444367,423.5512937444367,0.0,PASS
RECLAIM-V2-007066,RETRY_ALL,RETRY_ALL,0.0,25.0,-25.0,-25.0,0.0,PASS
RECLAIM-V2-007067,RETRY_ALL,RETRY_ALL,216.7467798724107,25.0,191.7467798724107,191.7467798724107,0.0,PASS
RECLAIM-V2-007068,RETRY_ALL,RETRY_ALL,0.0,25.0,-25.0,-25.0,0.0,PASS
RECLAIM-V2-007069,RETRY_ALL,RETRY_ALL,0.0,25.0,-25.0,-25.0,0.0,PASS
RECLAIM-V2-007070,RETRY_ALL,RETRY_ALL,0.0,25.0,-25.0,-25.0,0.0,PASS
RECLAIM-V2-007071,RETRY_ALL,RETRY_ALL,0.0,25.0,-25.0,-25.0,0.0,PASS
RECLAIM-V2-007072,RETRY_ALL,RETRY_ALL,100.60392309582524,25.0,75.60392309582524,75.60392309582524,0.0,PASS
RECLAIM-V2-007073,RETRY_ALL,RETRY_ALL,0.0,25.0,-25.0,-25.0,0.0,PASS
RECLAIM-V2-007074,RETRY_ALL,RETRY_ALL,0.0,25.0,-25.0,-25.0,0.0,PASS
RECLAIM-V2-007075,RETRY_ALL,RETRY_ALL,110.0771052655692,25.0,85.0771052655692,85.0771052655692,0.0,PASS
RECLAIM-V2-007076,RETRY_ALL,RETRY_ALL,0.0,25.0,-25.0,-25.0,0.0,PASS
RECLAIM-V2-007077,RETRY_ALL,RETRY_ALL,270.78855401061526,25.0,245.7885540106153,245.78855401061526,-2.842170943040401e-14,PASS
RECLAIM-V2-007078,RETRY_ALL,RETRY_ALL,127.48248634982836,25.0,102.48248634982836,102.48248634982836,0.0,PASS
RECLAIM-V2-007079,RETRY_ALL,RETRY_ALL,370.8960374506887,25.0,345.8960374506887,345.8960374506887,0.0,PASS
RECLAIM-V2-007080,RETRY_ALL,RETRY_ALL,222.182140060698,25.0,197.182140060698,197.182140060698,0.0,PASS
RECLAIM-V2-007081,RETRY_ALL,RETRY_ALL,172.52557182017384,25.0,147.52557182017384,147.52557182017384,0.0,PASS
RECLAIM-V2-007082,RETRY_ALL,RETRY_ALL,0.0,25.0,-25.0,-25.0,0.0,PASS
RECLAIM-V2-007083,RETRY_ALL,RETRY_ALL,101.5499577229794,25.0,76.5499577229794,76.5499577229794,0.0,PASS
RECLAIM-V2-007084,RETRY_ALL,RETRY_ALL,0.0,25.0,-25.0,-25.0,0.0,PASS
RECLAIM-V2-007085,RETRY_ALL,RETRY_ALL,0.0,25.0,-25.0,-25.0,0.0,PASS
RECLAIM-V2-007086,RETRY_ALL,RETRY_ALL,67.378012825233,25.0,42.378012825233,42.378012825233,0.0,PASS
RECLAIM-V2-007087,RETRY_ALL,RETRY_ALL,0.0,25.0,-25.0,-25.0,0.0,PASS
RECLAIM-V2-007088,RETRY_ALL,RETRY_ALL,222.01036925004013,25.0,197.01036925004013,197.01036925004013,0.0,PASS
RECLAIM-V2-007089,RETRY_ALL,RETRY_ALL,205.6773504837944,25.0,180.6773504837944,180.6773504837944,0.0,PASS
RECLAIM-V2-007090,RETRY_ALL,RETRY_ALL,0.0,25.0,-25.0,-25.0,0.0,PASS
RECLAIM-V2-007091,RETRY_ALL,RETRY_ALL,25.28628221884665,25.0,0.2862822188466509,0.28628221884665095,5.551115123125783e-17,PASS
RECLAIM-V2-007092,RETRY_ALL,RETRY_ALL,101.53698322395404,25.0,76.53698322395404,76.53698322395404,0.0,PASS
RECLAIM-V2-007093,RETRY_ALL,RETRY_ALL,159.1217087634969,25.0,134.1217087634969,134.1217087634969,0.0,PASS
RECLAIM-V2-007094,RETRY_ALL,RETRY_ALL,205.3440728857196,25.0,180.3440728857196,180.3440728857196,0.0,PASS
RECLAIM-V2-007095,RETRY_ALL,RETRY_ALL,7.185024454046101,25.0,-17.8149755459539,-17.8149755459539,0.0,PASS
RECLAIM-V2-007096,RETRY_ALL,RETRY_ALL,0.0,25.0,-25.0,-25.0,0.0,PASS
RECLAIM-V2-007097,RETRY_ALL,RETRY_ALL,0.0,25.0,-25.0,-25.0,0.0,PASS
RECLAIM-V2-007098,RETRY_ALL,RETRY_ALL,84.3987259606068,25.0,59.3987259606068,59.3987259606068,0.0,PASS
RECLAIM-V2-007099,RETRY_ALL,RETRY_ALL,162.05679630384887,25.0,137.05679630384887,137.05679630384887,0.0,PASS
RECLAIM-V2-007100,RETRY_ALL,RETRY_ALL,0.0,25.0,-25.0,-25.0,0.0,PASS
RECLAIM-V2-007101,RETRY_ALL,RETRY_ALL,0.0,25.0,-25.0,-25.0,0.0,PASS
RECLAIM-V2-007102,RETRY_ALL,RETRY_ALL,0.0,25.0,-25.0,-25.0,0.0,PASS
RECLAIM-V2-007103,RETRY_ALL,RETRY_ALL,157.64493820724627,25.0,132.64493820724627,132.64493820724627,0.0,PASS
RECLAIM-V2-007104,RETRY_ALL,RETRY_ALL,0.0,25.0,-25.0,-25.0,0.0,PASS
RECLAIM-V2-007105,RETRY_ALL,RETRY_ALL,0.0,25.0,-25.0,-25.0,0.0,PASS
RECLAIM-V2-007106,RETRY_ALL,RETRY_ALL,0.0,25.0,-25.0,-25.0,0.0,PASS
RECLAIM-V2-007107,RETRY_ALL,RETRY_ALL,81.25533712475385,25.0,56.25533712475385,56.25533712475385,0.0,PASS
RECLAIM-V2-007108,RETRY_ALL,RETRY_ALL,0.0,25.0,-25.0,-25.0,0.0,PASS
RECLAIM-V2-007109,RETRY_ALL,RETRY_ALL,0.0,25.0,-25.0,-25.0,0.0,PASS
RECLAIM-V2-007110,RETRY_ALL,RETRY_ALL,0.0,25.0,-25.0,-25.0,0.0,PASS
RECLAIM-V2-007111,RETRY_ALL,RETRY_ALL,127.5839442948672,25.0,102.5839442948672,102.5839442948672,0.0,PASS
RECLAIM-V2-007112,RETRY_ALL,RETRY_ALL,83.47185049824645,25.0,58.47185049824645,58.471850498246454,7.105427357601002e-15,PASS
RECLAIM-V2-007113,RETRY_ALL,RETRY_ALL,276.8111545138726,25.0,251.81115451387265,251.81115451387262,-2.842170943040401e-14,PASS
RECLAIM-V2-007114,RETRY_ALL,RETRY_ALL,302.6006603338283,25.0,277.6006603338283,277.6006603338283,0.0,PASS
RECLAIM-V2-007115,RETRY_ALL,RETRY_ALL,308.6006455352225,25.0,283.6006455352225,283.6006455352225,0.0,PASS
RECLAIM-V2-007116,RETRY_ALL,RETRY_ALL,0.0,25.0,-25.0,-25.0,0.0,PASS
RECLAIM-V2-007117,RETRY_ALL,RETRY_ALL,0.0,25.0,-25.0,-25.0,0.0,PASS
RECLAIM-V2-007118,RETRY_ALL,RETRY_ALL,0.0,25.0,-25.0,-25.0,0.0,PASS
RECLAIM-V2-007119,RETRY_ALL,RETRY_ALL,44.86317250087935,25.0,19.86317250087935,19.86317250087935,0.0,PASS
RECLAIM-V2-007120,RETRY_ALL,RETRY_ALL,0.0,25.0,-25.0,-25.0,0.0,PASS
RECLAIM-V2-007121,RETRY_ALL,RETRY_ALL,335.0894428489368,25.0,310.0894428489368,310.0894428489368,0.0,PASS
RECLAIM-V2-007122,RETRY_ALL,RETRY_ALL,0.0,25.0,-25.0,-25.0,0.0,PASS
RECLAIM-V2-007123,RETRY_ALL,RETRY_ALL,0.0,25.0,-25.0,-25.0,0.0,PASS
RECLAIM-V2-007124,RETRY_ALL,RETRY_ALL,181.5791558905647,25.0,156.5791558905647,156.5791558905647,0.0,PASS
RECLAIM-V2-007125,RETRY_ALL,RETRY_ALL,313.4720419560897,25.0,288.4720419560897,288.4720419560897,0.0,PASS
RECLAIM-V2-007126,RETRY_ALL,RETRY_ALL,99.7452373877079,25.0,74.7452373877079,74.7452373877079,0.0,PASS
RECLAIM-V2-007127,RETRY_ALL,RETRY_ALL,0.0,25.0,-25.0,-25.0,0.0,PASS
RECLAIM-V2-007128,RETRY_ALL,RETRY_ALL,227.5939550990481,25.0,202.5939550990481,202.5939550990481,0.0,PASS
RECLAIM-V2-007129,RETRY_ALL,RETRY_ALL,1.8155784213477,25.0,-23.1844215786523,-23.1844215786523,0.0,PASS
RECLAIM-V2-007130,RETRY_ALL,RETRY_ALL,43.34420806414515,25.0,18.34420806414515,18.34420806414515,0.0,PASS
RECLAIM-V2-007131,RETRY_ALL,RETRY_ALL,107.76642470749424,25.0,82.76642470749424,82.76642470749424,0.0,PASS
RECLAIM-V2-007132,RETRY_ALL,RETRY_ALL,68.3906067305979,25.0,43.390606730597895,43.390606730597895,0.0,PASS
RECLAIM-V2-007133,RETRY_ALL,RETRY_ALL,0.0,25.0,-25.0,-25.0,0.0,PASS
RECLAIM-V2-007134,RETRY_ALL,RETRY_ALL,0.0,25.0,-25.0,-25.0,0.0,PASS
RECLAIM-V2-007135,RETRY_ALL,RETRY_ALL,0.0,25.0,-25.0,-25.0,0.0,PASS
RECLAIM-V2-007136,RETRY_ALL,RETRY_ALL,0.0,25.0,-25.0,-25.0,0.0,PASS
RECLAIM-V2-007137,RETRY_ALL,RETRY_ALL,0.0,25.0,-25.0,-25.0,0.0,PASS
RECLAIM-V2-007138,RETRY_ALL,RETRY_ALL,0.0,25.0,-25.0,-25.0,0.0,PASS
RECLAIM-V2-007139,TARGET,LOW_INTENSITY,442.9496001753213,45.0,397.9496001753213,397.9496001753213,0.0,PASS
RECLAIM-V2-007140,RETRY_ALL,RETRY_ALL,0.0,25.0,-25.0,-25.0,0.0,PASS
RECLAIM-V2-007141,RETRY_ALL,RETRY_ALL,165.38851868509576,25.0,140.38851868509576,140.38851868509576,0.0,PASS
RECLAIM-V2-007142,RETRY_ALL,RETRY_ALL,100.32688480299645,25.0,75.32688480299645,75.32688480299645,0.0,PASS
RECLAIM-V2-007143,RETRY_ALL,RETRY_ALL,195.41559942276103,25.0,170.41559942276103,170.41559942276103,0.0,PASS
RECLAIM-V2-007144,RETRY_ALL,RETRY_ALL,109.58999918021745,25.0,84.58999918021745,84.58999918021745,0.0,PASS
RECLAIM-V2-007145,RETRY_ALL,RETRY_ALL,34.436753509210654,25.0,9.436753509210654,9.436753509210654,0.0,PASS
RECLAIM-V2-007146,RETRY_ALL,RETRY_ALL,0.0,25.0,-25.0,-25.0,0.0,PASS
RECLAIM-V2-007147,TARGET,STANDARD_TARGET,484.471459892895,80.0,404.471459892895,404.471459892895,0.0,PASS
RECLAIM-V2-007148,RETRY_ALL,RETRY_ALL,0.0,25.0,-25.0,-25.0,0.0,PASS
RECLAIM-V2-007149,RETRY_ALL,RETRY_ALL,0.0,25.0,-25.0,-25.0,0.0,PASS
RECLAIM-V2-007150,RETRY_ALL,RETRY_ALL,273.8614354779165,25.0,248.86143547791647,248.86143547791647,0.0,PASS
RECLAIM-V2-007151,RETRY_ALL,RETRY_ALL,343.02670860236174,25.0,318.02670860236174,318.02670860236174,0.0,PASS
RECLAIM-V2-007152,TARGET,MONITOR,428.68008317954985,10.0,418.68008317954985,418.68008317954985,0.0,PASS
RECLAIM-V2-007153,RETRY_ALL,RETRY_ALL,0.0,25.0,-25.0,-25.0,0.0,PASS
RECLAIM-V2-007154,RETRY_ALL,RETRY_ALL,0.0,25.0,-25.0,-25.0,0.0,PASS
RECLAIM-V2-007155,RETRY_ALL,RETRY_ALL,51.6688565637765,25.0,26.6688565637765,26.6688565637765,0.0,PASS
RECLAIM-V2-007156,RETRY_ALL,RETRY_ALL,15.399227874351752,25.0,-9.600772125648248,-9.600772125648248,0.0,PASS
RECLAIM-V2-007157,RETRY_ALL,RETRY_ALL,233.6014065462846,25.0,208.6014065462846,208.6014065462846,0.0,PASS
RECLAIM-V2-007158,RETRY_ALL,RETRY_ALL,0.0,25.0,-25.0,-25.0,0.0,PASS
RECLAIM-V2-007159,RETRY_ALL,RETRY_ALL,0.0,25.0,-25.0,-25.0,0.0,PASS
RECLAIM-V2-007160,RETRY_ALL,RETRY_ALL,25.95475542011835,25.0,0.9547554201183496,0.9547554201183495,-1.1102230246251565e-16,PASS
RECLAIM-V2-007161,RETRY_ALL,RETRY_ALL,0.0,25.0,-25.0,-25.0,0.0,PASS
RECLAIM-V2-007162,RETRY_ALL,RETRY_ALL,99.44894341470824,25.0,74.44894341470824,74.44894341470824,0.0,PASS
RECLAIM-V2-007163,RETRY_ALL,RETRY_ALL,108.49431168498016,25.0,83.49431168498016,83.49431168498016,0.0,PASS
RECLAIM-V2-007164,RETRY_ALL,RETRY_ALL,0.0,25.0,-25.0,-25.0,0.0,PASS
RECLAIM-V2-007165,RETRY_ALL,RETRY_ALL,337.9133217142326,25.0,312.9133217142326,312.9133217142326,0.0,PASS
RECLAIM-V2-007166,RETRY_ALL,RETRY_ALL,110.30696285456553,25.0,85.30696285456553,85.30696285456553,0.0,PASS
RECLAIM-V2-007167,RETRY_ALL,RETRY_ALL,0.0,25.0,-25.0,-25.0,0.0,PASS
RECLAIM-V2-007168,RETRY_ALL,RETRY_ALL,61.37317773928935,25.0,36.37317773928935,36.37317773928935,0.0,PASS
RECLAIM-V2-007169,RETRY_ALL,RETRY_ALL,141.813149756646,25.0,116.813149756646,116.813149756646,0.0,PASS
RECLAIM-V2-007170,RETRY_ALL,RETRY_ALL,185.2354381729148,25.0,160.23543817291477,160.2354381729148,2.842170943040401e-14,PASS
RECLAIM-V2-007171,RETRY_ALL,RETRY_ALL,206.0191344543591,25.0,181.0191344543591,181.0191344543591,0.0,PASS
RECLAIM-V2-007172,RETRY_ALL,RETRY_ALL,144.5932710624252,25.0,119.5932710624252,119.5932710624252,0.0,PASS
RECLAIM-V2-007173,RETRY_ALL,RETRY_ALL,0.0,25.0,-25.0,-25.0,0.0,PASS
RECLAIM-V2-007174,RETRY_ALL,RETRY_ALL,0.0,25.0,-25.0,-25.0,0.0,PASS
RECLAIM-V2-007175,RETRY_ALL,RETRY_ALL,0.0,25.0,-25.0,-25.0,0.0,PASS
RECLAIM-V2-007176,RETRY_ALL,RETRY_ALL,0.0,25.0,-25.0,-25.0,0.0,PASS
RECLAIM-V2-007177,RETRY_ALL,RETRY_ALL,270.83757600462553,25.0,245.8375760046256,245.83757600462553,-5.684341886080802e-14,PASS
RECLAIM-V2-007178,RETRY_ALL,RETRY_ALL,0.0,25.0,-25.0,-25.0,0.0,PASS
RECLAIM-V2-007179,RETRY_ALL,RETRY_ALL,0.0,25.0,-25.0,-25.0,0.0,PASS
RECLAIM-V2-007180,RETRY_ALL,RETRY_ALL,306.8222772162157,25.0,281.8222772162157,281.8222772162157,0.0,PASS
RECLAIM-V2-007181,RETRY_ALL,RETRY_ALL,91.9819144799271,25.0,66.9819144799271,66.9819144799271,0.0,PASS
RECLAIM-V2-007182,RETRY_ALL,RETRY_ALL,0.0,25.0,-25.0,-25.0,0.0,PASS
RECLAIM-V2-007183,RETRY_ALL,RETRY_ALL,335.6192023248102,25.0,310.6192023248102,310.6192023248102,0.0,PASS
RECLAIM-V2-007184,RETRY_ALL,RETRY_ALL,103.69062449028826,25.0,78.69062449028826,78.69062449028826,0.0,PASS
RECLAIM-V2-007185,RETRY_ALL,RETRY_ALL,0.0,25.0,-25.0,-25.0,0.0,PASS
RECLAIM-V2-007186,RETRY_ALL,RETRY_ALL,82.96271747796555,25.0,57.96271747796556,57.962717477965555,-7.105427357601002e-15,PASS
RECLAIM-V2-007187,RETRY_ALL,RETRY_ALL,0.0,25.0,-25.0,-25.0,0.0,PASS
RECLAIM-V2-007188,RETRY_ALL,RETRY_ALL,0.0,25.0,-25.0,-25.0,0.0,PASS
RECLAIM-V2-007189,RETRY_ALL,RETRY_ALL,0.0,25.0,-25.0,-25.0,0.0,PASS
RECLAIM-V2-007190,RETRY_ALL,RETRY_ALL,0.0,25.0,-25.0,-25.0,0.0,PASS
RECLAIM-V2-007191,RETRY_ALL,RETRY_ALL,44.00590854410445,25.0,19.00590854410445,19.00590854410445,0.0,PASS
RECLAIM-V2-007192,RETRY_ALL,RETRY_ALL,0.0,25.0,-25.0,-25.0,0.0,PASS
RECLAIM-V2-007193,TARGET,STANDARD_TARGET,483.7453653393569,80.0,403.7453653393569,403.7453653393569,0.0,PASS
RECLAIM-V2-007194,RETRY_ALL,RETRY_ALL,0.0,25.0,-25.0,-25.0,0.0,PASS
RECLAIM-V2-007195,RETRY_ALL,RETRY_ALL,0.0,25.0,-25.0,-25.0,0.0,PASS
RECLAIM-V2-007196,RETRY_ALL,RETRY_ALL,0.0,25.0,-25.0,-25.0,0.0,PASS
RECLAIM-V2-007197,RETRY_ALL,RETRY_ALL,0.0,25.0,-25.0,-25.0,0.0,PASS
RECLAIM-V2-007198,RETRY_ALL,RETRY_ALL,182.8946114698236,25.0,157.8946114698236,157.8946114698236,0.0,PASS
RECLAIM-V2-007199,RETRY_ALL,RETRY_ALL,27.933655793129702,25.0,2.9336557931297023,2.9336557931297023,0.0,PASS
RECLAIM-V2-007200,RETRY_ALL,RETRY_ALL,94.6485512283855,25.0,69.6485512283855,69.6485512283855,0.0,PASS
RECLAIM-V2-007201,RETRY_ALL,RETRY_ALL,0.0,25.0,-25.0,-25.0,0.0,PASS
RECLAIM-V2-007202,RETRY_ALL,RETRY_ALL,0.0,25.0,-25.0,-25.0,0.0,PASS
RECLAIM-V2-007203,RETRY_ALL,RETRY_ALL,208.6342566412076,25.0,183.6342566412076,183.6342566412076,0.0,PASS
RECLAIM-V2-007204,RETRY_ALL,RETRY_ALL,0.0,25.0,-25.0,-25.0,0.0,PASS
RECLAIM-V2-007205,RETRY_ALL,RETRY_ALL,0.0,25.0,-25.0,-25.0,0.0,PASS
RECLAIM-V2-007206,RETRY_ALL,RETRY_ALL,0.0,25.0,-25.0,-25.0,0.0,PASS
RECLAIM-V2-007207,RETRY_ALL,RETRY_ALL,0.0,25.0,-25.0,-25.0,0.0,PASS
RECLAIM-V2-007208,RETRY_ALL,RETRY_ALL,112.81473400465217,25.0,87.81473400465217,87.81473400465217,0.0,PASS
RECLAIM-V2-007209,RETRY_ALL,RETRY_ALL,0.0,25.0,-25.0,-25.0,0.0,PASS
RECLAIM-V2-007210,RETRY_ALL,RETRY_ALL,216.3751104434569,25.0,191.3751104434569,191.3751104434569,0.0,PASS
RECLAIM-V2-007211,RETRY_ALL,RETRY_ALL,0.0,25.0,-25.0,-25.0,0.0,PASS
RECLAIM-V2-007212,RETRY_ALL,RETRY_ALL,0.0,25.0,-25.0,-25.0,0.0,PASS
RECLAIM-V2-007213,RETRY_ALL,RETRY_ALL,3.14338745370405,25.0,-21.85661254629595,-21.85661254629595,0.0,PASS
RECLAIM-V2-007214,RETRY_ALL,RETRY_ALL,156.4630757848287,25.0,131.4630757848287,131.4630757848287,0.0,PASS
RECLAIM-V2-007215,RETRY_ALL,RETRY_ALL,310.05173378457374,25.0,285.05173378457374,285.05173378457374,0.0,PASS
RECLAIM-V2-007216,RETRY_ALL,RETRY_ALL,0.0,25.0,-25.0,-25.0,0.0,PASS
RECLAIM-V2-007217,RETRY_ALL,RETRY_ALL,0.0,25.0,-25.0,-25.0,0.0,PASS
RECLAIM-V2-007218,RETRY_ALL,RETRY_ALL,227.8871374386417,25.0,202.8871374386417,202.8871374386417,0.0,PASS
RECLAIM-V2-007219,RETRY_ALL,RETRY_ALL,94.48273817173695,25.0,69.48273817173695,69.48273817173695,0.0,PASS
RECLAIM-V2-007220,RETRY_ALL,RETRY_ALL,0.0,25.0,-25.0,-25.0,0.0,PASS
RECLAIM-V2-007221,TARGET,STANDARD_TARGET,494.30516858528654,80.0,414.30516858528654,414.30516858528654,0.0,PASS
RECLAIM-V2-007222,RETRY_ALL,RETRY_ALL,8.5972871869137,25.0,-16.4027128130863,-16.4027128130863,0.0,PASS
RECLAIM-V2-007223,RETRY_ALL,RETRY_ALL,185.1436683761184,25.0,160.1436683761184,160.1436683761184,0.0,PASS
RECLAIM-V2-007224,RETRY_ALL,RETRY_ALL,195.3063794056404,25.0,170.3063794056404,170.3063794056404,0.0,PASS
RECLAIM-V2-007225,RETRY_ALL,RETRY_ALL,151.4279227415544,25.0,126.4279227415544,126.4279227415544,0.0,PASS
RECLAIM-V2-007226,RETRY_ALL,RETRY_ALL,128.8909955482296,25.0,103.8909955482296,103.8909955482296,0.0,PASS
RECLAIM-V2-007227,RETRY_ALL,RETRY_ALL,0.0,25.0,-25.0,-25.0,0.0,PASS
RECLAIM-V2-007228,RETRY_ALL,RETRY_ALL,128.94212022878656,25.0,103.94212022878656,103.94212022878656,0.0,PASS
RECLAIM-V2-007229,RETRY_ALL,RETRY_ALL,0.0,25.0,-25.0,-25.0,0.0,PASS
RECLAIM-V2-007230,RETRY_ALL,RETRY_ALL,246.6221567896052,25.0,221.6221567896052,221.6221567896052,0.0,PASS
RECLAIM-V2-007231,RETRY_ALL,RETRY_ALL,0.0,25.0,-25.0,-25.0,0.0,PASS
RECLAIM-V2-007232,RETRY_ALL,RETRY_ALL,0.0,25.0,-25.0,-25.0,0.0,PASS
RECLAIM-V2-007233,RETRY_ALL,RETRY_ALL,323.7475596791883,25.0,298.7475596791883,298.7475596791883,0.0,PASS
RECLAIM-V2-007234,RETRY_ALL,RETRY_ALL,28.1762771736807,25.0,3.176277173680699,3.176277173680699,0.0,PASS
RECLAIM-V2-007235,RETRY_ALL,RETRY_ALL,190.1394473233221,25.0,165.1394473233221,165.1394473233221,0.0,PASS
RECLAIM-V2-007236,RETRY_ALL,RETRY_ALL,294.60237127706847,25.0,269.60237127706847,269.60237127706847,0.0,PASS
RECLAIM-V2-007237,RETRY_ALL,RETRY_ALL,0.0,25.0,-25.0,-25.0,0.0,PASS
RECLAIM-V2-007238,RETRY_ALL,RETRY_ALL,0.0,25.0,-25.0,-25.0,0.0,PASS
RECLAIM-V2-007239,RETRY_ALL,RETRY_ALL,0.0,25.0,-25.0,-25.0,0.0,PASS
RECLAIM-V2-007240,RETRY_ALL,RETRY_ALL,0.0,25.0,-25.0,-25.0,0.0,PASS
RECLAIM-V2-007241,RETRY_ALL,RETRY_ALL,138.47668128566866,25.0,113.47668128566866,113.47668128566866,0.0,PASS
RECLAIM-V2-007242,TARGET,STANDARD_TARGET,490.3885195827501,80.0,410.3885195827501,410.3885195827501,0.0,PASS
RECLAIM-V2-007243,RETRY_ALL,RETRY_ALL,99.8213093619702,25.0,74.8213093619702,74.8213093619702,0.0,PASS
RECLAIM-V2-007244,RETRY_ALL,RETRY_ALL,127.14776921603564,25.0,102.14776921603564,102.14776921603564,0.0,PASS
RECLAIM-V2-007245,RETRY_ALL,RETRY_ALL,299.8363095761139,25.0,274.8363095761139,274.8363095761139,0.0,PASS
RECLAIM-V2-007246,TARGET,STANDARD_TARGET,509.35043751284434,80.0,429.35043751284434,429.35043751284434,0.0,PASS
RECLAIM-V2-007247,TARGET,MONITOR,393.0633623884581,10.0,383.0633623884581,383.0633623884581,0.0,PASS
RECLAIM-V2-007248,RETRY_ALL,RETRY_ALL,0.0,25.0,-25.0,-25.0,0.0,PASS
RECLAIM-V2-007249,RETRY_ALL,RETRY_ALL,0.0,25.0,-25.0,-25.0,0.0,PASS
RECLAIM-V2-007250,RETRY_ALL,RETRY_ALL,140.76649088852204,25.0,115.76649088852204,115.76649088852204,0.0,PASS
RECLAIM-V2-007251,RETRY_ALL,RETRY_ALL,31.6922226389487,25.0,6.692222638948699,6.692222638948699,0.0,PASS
RECLAIM-V2-007252,RETRY_ALL,RETRY_ALL,291.838992647355,25.0,266.838992647355,266.838992647355,0.0,PASS
RECLAIM-V2-007253,RETRY_ALL,RETRY_ALL,95.31048622635106,25.0,70.31048622635106,70.31048622635106,0.0,PASS
RECLAIM-V2-007254,RETRY_ALL,RETRY_ALL,0.0,25.0,-25.0,-25.0,0.0,PASS
RECLAIM-V2-007255,RETRY_ALL,RETRY_ALL,0.0,25.0,-25.0,-25.0,0.0,PASS
RECLAIM-V2-007256,TARGET,STANDARD_TARGET,503.6348749232399,80.0,423.6348749232399,423.6348749232399,0.0,PASS
RECLAIM-V2-007257,RETRY_ALL,RETRY_ALL,165.11784391977196,25.0,140.11784391977196,140.11784391977196,0.0,PASS
RECLAIM-V2-007258,RETRY_ALL,RETRY_ALL,216.59248483020644,25.0,191.59248483020644,191.59248483020644,0.0,PASS
RECLAIM-V2-007259,RETRY_ALL,RETRY_ALL,0.0,25.0,-25.0,-25.0,0.0,PASS
RECLAIM-V2-007260,RETRY_ALL,RETRY_ALL,149.08117634966626,25.0,124.08117634966626,124.08117634966626,0.0,PASS
RECLAIM-V2-007261,RETRY_ALL,RETRY_ALL,49.32711946763656,25.0,24.32711946763656,24.327119467636557,-3.552713678800501e-15,PASS
RECLAIM-V2-007262,RETRY_ALL,RETRY_ALL,0.0,25.0,-25.0,-25.0,0.0,PASS
RECLAIM-V2-007263,RETRY_ALL,RETRY_ALL,0.0,25.0,-25.0,-25.0,0.0,PASS
RECLAIM-V2-007264,RETRY_ALL,RETRY_ALL,0.0,25.0,-25.0,-25.0,0.0,PASS
RECLAIM-V2-007265,RETRY_ALL,RETRY_ALL,157.8131169322239,25.0,132.8131169322239,132.8131169322239,0.0,PASS
RECLAIM-V2-007266,RETRY_ALL,RETRY_ALL,266.8431051215641,25.0,241.8431051215641,241.84310512156412,2.842170943040401e-14,PASS
RECLAIM-V2-007267,RETRY_ALL,RETRY_ALL,0.0,25.0,-25.0,-25.0,0.0,PASS
RECLAIM-V2-007268,RETRY_ALL,RETRY_ALL,319.1228071138086,25.0,294.1228071138086,294.1228071138086,0.0,PASS
RECLAIM-V2-007269,TARGET,STANDARD_TARGET,508.9134748287286,80.0,428.9134748287286,428.9134748287286,0.0,PASS
RECLAIM-V2-007270,RETRY_ALL,RETRY_ALL,171.38347950329506,25.0,146.38347950329506,146.38347950329506,0.0,PASS
RECLAIM-V2-007271,RETRY_ALL,RETRY_ALL,195.19311110856165,25.0,170.19311110856165,170.19311110856165,0.0,PASS
RECLAIM-V2-007272,RETRY_ALL,RETRY_ALL,0.0,25.0,-25.0,-25.0,0.0,PASS
RECLAIM-V2-007273,RETRY_ALL,RETRY_ALL,0.0,25.0,-25.0,-25.0,0.0,PASS
RECLAIM-V2-007274,RETRY_ALL,RETRY_ALL,0.0,25.0,-25.0,-25.0,0.0,PASS
RECLAIM-V2-007275,RETRY_ALL,RETRY_ALL,388.1766715906029,25.0,363.1766715906029,363.1766715906029,0.0,PASS
RECLAIM-V2-007276,RETRY_ALL,RETRY_ALL,0.0,25.0,-25.0,-25.0,0.0,PASS
RECLAIM-V2-007277,RETRY_ALL,RETRY_ALL,117.21739188803176,25.0,92.21739188803176,92.21739188803176,0.0,PASS
RECLAIM-V2-007278,RETRY_ALL,RETRY_ALL,309.99144894613136,25.0,284.99144894613136,284.99144894613136,0.0,PASS
RECLAIM-V2-007279,RETRY_ALL,RETRY_ALL,224.8556570040172,25.0,199.8556570040172,199.8556570040172,0.0,PASS
RECLAIM-V2-007280,RETRY_ALL,RETRY_ALL,71.6415869975409,25.0,46.6415869975409,46.6415869975409,0.0,PASS
RECLAIM-V2-007281,RETRY_ALL,RETRY_ALL,0.0,25.0,-25.0,-25.0,0.0,PASS
RECLAIM-V2-007282,RETRY_ALL,RETRY_ALL,301.59148328473213,25.0,276.59148328473213,276.59148328473213,0.0,PASS
RECLAIM-V2-007283,RETRY_ALL,RETRY_ALL,86.13903078369195,25.0,61.13903078369195,61.13903078369195,0.0,PASS
RECLAIM-V2-007284,RETRY_ALL,RETRY_ALL,76.5650200881612,25.0,51.565020088161205,51.565020088161205,0.0,PASS
RECLAIM-V2-007285,RETRY_ALL,RETRY_ALL,145.33155216234826,25.0,120.33155216234826,120.33155216234826,0.0,PASS
RECLAIM-V2-007286,TARGET,MONITOR,402.59092084954574,10.0,392.59092084954574,392.59092084954574,0.0,PASS
RECLAIM-V2-007287,RETRY_ALL,RETRY_ALL,301.34952525157485,25.0,276.34952525157485,276.34952525157485,0.0,PASS
RECLAIM-V2-007288,RETRY_ALL,RETRY_ALL,99.53665695301936,25.0,74.53665695301936,74.53665695301936,0.0,PASS
RECLAIM-V2-007289,RETRY_ALL,RETRY_ALL,163.5428498363874,25.0,138.5428498363874,138.5428498363874,0.0,PASS
RECLAIM-V2-007290,RETRY_ALL,RETRY_ALL,0.0,25.0,-25.0,-25.0,0.0,PASS
RECLAIM-V2-007291,RETRY_ALL,RETRY_ALL,0.0,25.0,-25.0,-25.0,0.0,PASS
RECLAIM-V2-007292,RETRY_ALL,RETRY_ALL,297.2022193973531,25.0,272.2022193973531,272.2022193973531,0.0,PASS
RECLAIM-V2-007293,RETRY_ALL,RETRY_ALL,313.44021362629843,25.0,288.44021362629843,288.44021362629843,0.0,PASS
RECLAIM-V2-007294,TARGET,MONITOR,419.0819214375432,10.0,409.0819214375432,409.0819214375432,0.0,PASS
RECLAIM-V2-007295,RETRY_ALL,RETRY_ALL,0.0,25.0,-25.0,-25.0,0.0,PASS
RECLAIM-V2-007296,RETRY_ALL,RETRY_ALL,0.0,25.0,-25.0,-25.0,0.0,PASS
RECLAIM-V2-007297,RETRY_ALL,RETRY_ALL,15.4781489879286,25.0,-9.5218510120714,-9.5218510120714,0.0,PASS
RECLAIM-V2-007298,RETRY_ALL,RETRY_ALL,241.96346914650405,25.0,216.96346914650405,216.96346914650405,0.0,PASS
RECLAIM-V2-007299,RETRY_ALL,RETRY_ALL,0.0,25.0,-25.0,-25.0,0.0,PASS
RECLAIM-V2-007300,RETRY_ALL,RETRY_ALL,66.49240111352205,25.0,41.49240111352205,41.49240111352205,0.0,PASS
RECLAIM-V2-007301,RETRY_ALL,RETRY_ALL,0.0,25.0,-25.0,-25.0,0.0,PASS
RECLAIM-V2-007302,RETRY_ALL,RETRY_ALL,0.0,25.0,-25.0,-25.0,0.0,PASS
RECLAIM-V2-007303,RETRY_ALL,RETRY_ALL,17.5710532394649,25.0,-7.428946760535101,-7.428946760535101,0.0,PASS
RECLAIM-V2-007304,RETRY_ALL,RETRY_ALL,0.0,25.0,-25.0,-25.0,0.0,PASS
RECLAIM-V2-007305,RETRY_ALL,RETRY_ALL,0.0,25.0,-25.0,-25.0,0.0,PASS
RECLAIM-V2-007306,RETRY_ALL,RETRY_ALL,173.8855644430071,25.0,148.8855644430071,148.8855644430071,0.0,PASS
RECLAIM-V2-007307,RETRY_ALL,RETRY_ALL,266.6088394303158,25.0,241.6088394303158,241.6088394303158,0.0,PASS
RECLAIM-V2-007308,RETRY_ALL,RETRY_ALL,0.0,25.0,-25.0,-25.0,0.0,PASS
RECLAIM-V2-007309,RETRY_ALL,RETRY_ALL,0.0,25.0,-25.0,-25.0,0.0,PASS
RECLAIM-V2-007310,RETRY_ALL,RETRY_ALL,148.67938279063483,25.0,123.67938279063485,123.67938279063483,-1.4210854715202004e-14,PASS
RECLAIM-V2-007311,RETRY_ALL,RETRY_ALL,0.0,25.0,-25.0,-25.0,0.0,PASS
RECLAIM-V2-007312,RETRY_ALL,RETRY_ALL,65.8137192245244,25.0,40.813719224524405,40.813719224524405,0.0,PASS
RECLAIM-V2-007313,RETRY_ALL,RETRY_ALL,28.8124949766543,25.0,3.8124949766543,3.8124949766542997,-4.440892098500626e-16,PASS
RECLAIM-V2-007314,RETRY_ALL,RETRY_ALL,373.4422845736593,25.0,348.4422845736593,348.4422845736593,0.0,PASS
RECLAIM-V2-007315,RETRY_ALL,RETRY_ALL,164.76511758854744,25.0,139.76511758854744,139.76511758854744,0.0,PASS
RECLAIM-V2-007316,RETRY_ALL,RETRY_ALL,0.0,25.0,-25.0,-25.0,0.0,PASS
RECLAIM-V2-007317,RETRY_ALL,RETRY_ALL,330.4346363036307,25.0,305.4346363036307,305.4346363036307,0.0,PASS
RECLAIM-V2-007318,RETRY_ALL,RETRY_ALL,159.1755163909323,25.0,134.1755163909323,134.1755163909323,0.0,PASS
RECLAIM-V2-007319,RETRY_ALL,RETRY_ALL,0.0,25.0,-25.0,-25.0,0.0,PASS
RECLAIM-V2-007320,RETRY_ALL,RETRY_ALL,293.9673241695228,25.0,268.9673241695228,268.9673241695228,0.0,PASS
RECLAIM-V2-007321,RETRY_ALL,RETRY_ALL,0.0,25.0,-25.0,-25.0,0.0,PASS
RECLAIM-V2-007322,RETRY_ALL,RETRY_ALL,0.0,25.0,-25.0,-25.0,0.0,PASS
RECLAIM-V2-007323,RETRY_ALL,RETRY_ALL,123.0366003977079,25.0,98.0366003977079,98.0366003977079,0.0,PASS
RECLAIM-V2-007324,RETRY_ALL,RETRY_ALL,0.0,25.0,-25.0,-25.0,0.0,PASS
RECLAIM-V2-007325,RETRY_ALL,RETRY_ALL,0.0,25.0,-25.0,-25.0,0.0,PASS
RECLAIM-V2-007326,RETRY_ALL,RETRY_ALL,0.0,25.0,-25.0,-25.0,0.0,PASS
RECLAIM-V2-007327,RETRY_ALL,RETRY_ALL,0.0,25.0,-25.0,-25.0,0.0,PASS
RECLAIM-V2-007328,RETRY_ALL,RETRY_ALL,23.44458711678615,25.0,-1.555412883213851,-1.555412883213851,0.0,PASS
RECLAIM-V2-007329,RETRY_ALL,RETRY_ALL,184.2057446779755,25.0,159.2057446779755,159.2057446779755,0.0,PASS
RECLAIM-V2-007330,RETRY_ALL,RETRY_ALL,249.332659916444,25.0,224.332659916444,224.332659916444,0.0,PASS
RECLAIM-V2-007331,RETRY_ALL,RETRY_ALL,0.0,25.0,-25.0,-25.0,0.0,PASS
RECLAIM-V2-007332,RETRY_ALL,RETRY_ALL,0.0,25.0,-25.0,-25.0,0.0,PASS
RECLAIM-V2-007333,RETRY_ALL,RETRY_ALL,333.64751147158034,25.0,308.64751147158034,308.64751147158034,0.0,PASS
RECLAIM-V2-007334,RETRY_ALL,RETRY_ALL,260.58041060963654,25.0,235.5804106096365,235.58041060963654,5.684341886080802e-14,PASS
RECLAIM-V2-007335,RETRY_ALL,RETRY_ALL,0.0,25.0,-25.0,-25.0,0.0,PASS
RECLAIM-V2-007336,RETRY_ALL,RETRY_ALL,0.0,25.0,-25.0,-25.0,0.0,PASS
RECLAIM-V2-007337,TARGET,MONITOR,417.8497777860213,10.0,407.8497777860213,407.8497777860213,0.0,PASS
RECLAIM-V2-007338,RETRY_ALL,RETRY_ALL,0.0,25.0,-25.0,-25.0,0.0,PASS
RECLAIM-V2-007339,RETRY_ALL,RETRY_ALL,137.79982251349108,25.0,112.79982251349108,112.79982251349108,0.0,PASS
RECLAIM-V2-007340,RETRY_ALL,RETRY_ALL,53.43840783839521,25.0,28.438407838395207,28.438407838395207,0.0,PASS
RECLAIM-V2-007341,RETRY_ALL,RETRY_ALL,126.00901756760295,25.0,101.00901756760295,101.00901756760295,0.0,PASS
RECLAIM-V2-007342,RETRY_ALL,RETRY_ALL,319.2922998228657,25.0,294.2922998228657,294.2922998228657,0.0,PASS
RECLAIM-V2-007343,RETRY_ALL,RETRY_ALL,0.0,25.0,-25.0,-25.0,0.0,PASS
RECLAIM-V2-007344,RETRY_ALL,RETRY_ALL,0.0,25.0,-25.0,-25.0,0.0,PASS
RECLAIM-V2-007345,RETRY_ALL,RETRY_ALL,299.0300324488127,25.0,274.0300324488127,274.0300324488127,0.0,PASS
RECLAIM-V2-007346,RETRY_ALL,RETRY_ALL,236.31600697161315,25.0,211.31600697161315,211.31600697161315,0.0,PASS
RECLAIM-V2-007347,RETRY_ALL,RETRY_ALL,153.88069288030545,25.0,128.88069288030545,128.88069288030545,0.0,PASS
RECLAIM-V2-007348,RETRY_ALL,RETRY_ALL,286.00775814045465,25.0,261.00775814045465,261.00775814045465,0.0,PASS
RECLAIM-V2-007349,RETRY_ALL,RETRY_ALL,0.0,25.0,-25.0,-25.0,0.0,PASS
RECLAIM-V2-007350,RETRY_ALL,RETRY_ALL,177.03150519152865,25.0,152.03150519152865,152.03150519152865,0.0,PASS
RECLAIM-V2-007351,RETRY_ALL,RETRY_ALL,184.5986275265432,25.0,159.59862752654317,159.5986275265432,2.842170943040401e-14,PASS
RECLAIM-V2-007352,RETRY_ALL,RETRY_ALL,0.0,25.0,-25.0,-25.0,0.0,PASS
RECLAIM-V2-007353,RETRY_ALL,RETRY_ALL,161.3315484502449,25.0,136.3315484502449,136.3315484502449,0.0,PASS
RECLAIM-V2-007354,RETRY_ALL,RETRY_ALL,0.0,25.0,-25.0,-25.0,0.0,PASS
RECLAIM-V2-007355,RETRY_ALL,RETRY_ALL,144.46379492636402,25.0,119.46379492636402,119.46379492636402,0.0,PASS
RECLAIM-V2-007356,RETRY_ALL,RETRY_ALL,0.0,25.0,-25.0,-25.0,0.0,PASS
RECLAIM-V2-007357,RETRY_ALL,RETRY_ALL,248.2720095558396,25.0,223.2720095558396,223.2720095558396,0.0,PASS
RECLAIM-V2-007358,RETRY_ALL,RETRY_ALL,0.0,25.0,-25.0,-25.0,0.0,PASS
RECLAIM-V2-007359,RETRY_ALL,RETRY_ALL,0.0,25.0,-25.0,-25.0,0.0,PASS
RECLAIM-V2-007360,RETRY_ALL,RETRY_ALL,0.0,25.0,-25.0,-25.0,0.0,PASS
RECLAIM-V2-007361,RETRY_ALL,RETRY_ALL,0.0,25.0,-25.0,-25.0,0.0,PASS
RECLAIM-V2-007362,RETRY_ALL,RETRY_ALL,0.0,25.0,-25.0,-25.0,0.0,PASS
RECLAIM-V2-007363,RETRY_ALL,RETRY_ALL,0.0,25.0,-25.0,-25.0,0.0,PASS
RECLAIM-V2-007364,RETRY_ALL,RETRY_ALL,0.0,25.0,-25.0,-25.0,0.0,PASS
RECLAIM-V2-007365,RETRY_ALL,RETRY_ALL,346.287661452084,25.0,321.287661452084,321.287661452084,0.0,PASS
RECLAIM-V2-007366,RETRY_ALL,RETRY_ALL,220.6651822350969,25.0,195.6651822350969,195.6651822350969,0.0,PASS
RECLAIM-V2-007367,RETRY_ALL,RETRY_ALL,0.0,25.0,-25.0,-25.0,0.0,PASS
RECLAIM-V2-007368,RETRY_ALL,RETRY_ALL,0.0,25.0,-25.0,-25.0,0.0,PASS
RECLAIM-V2-007369,RETRY_ALL,RETRY_ALL,0.0,25.0,-25.0,-25.0,0.0,PASS
RECLAIM-V2-007370,RETRY_ALL,RETRY_ALL,195.16017440451407,25.0,170.16017440451407,170.16017440451407,0.0,PASS
RECLAIM-V2-007371,RETRY_ALL,RETRY_ALL,216.14398676842424,25.0,191.14398676842424,191.14398676842424,0.0,PASS
RECLAIM-V2-007372,RETRY_ALL,RETRY_ALL,0.0,25.0,-25.0,-25.0,0.0,PASS
RECLAIM-V2-007373,RETRY_ALL,RETRY_ALL,0.0,25.0,-25.0,-25.0,0.0,PASS
RECLAIM-V2-007374,RETRY_ALL,RETRY_ALL,0.0,25.0,-25.0,-25.0,0.0,PASS
RECLAIM-V2-007375,RETRY_ALL,RETRY_ALL,0.0,25.0,-25.0,-25.0,0.0,PASS
RECLAIM-V2-007376,RETRY_ALL,RETRY_ALL,361.8370289809939,25.0,336.8370289809939,336.8370289809939,0.0,PASS
RECLAIM-V2-007377,RETRY_ALL,RETRY_ALL,144.31768790924414,25.0,119.31768790924414,119.31768790924414,0.0,PASS
RECLAIM-V2-007378,RETRY_ALL,RETRY_ALL,178.96869767061392,25.0,153.96869767061392,153.96869767061392,0.0,PASS
RECLAIM-V2-007379,RETRY_ALL,RETRY_ALL,0.0,25.0,-25.0,-25.0,0.0,PASS
RECLAIM-V2-007380,RETRY_ALL,RETRY_ALL,0.0,25.0,-25.0,-25.0,0.0,PASS
RECLAIM-V2-007381,RETRY_ALL,RETRY_ALL,33.537667951150496,25.0,8.537667951150496,8.537667951150496,0.0,PASS
RECLAIM-V2-007382,RETRY_ALL,RETRY_ALL,0.0,25.0,-25.0,-25.0,0.0,PASS
RECLAIM-V2-007383,RETRY_ALL,RETRY_ALL,0.0,25.0,-25.0,-25.0,0.0,PASS
RECLAIM-V2-007384,RETRY_ALL,RETRY_ALL,199.33494551122544,25.0,174.33494551122544,174.33494551122544,0.0,PASS
RECLAIM-V2-007385,RETRY_ALL,RETRY_ALL,0.0,25.0,-25.0,-25.0,0.0,PASS
RECLAIM-V2-007386,RETRY_ALL,RETRY_ALL,0.0,25.0,-25.0,-25.0,0.0,PASS
RECLAIM-V2-007387,RETRY_ALL,RETRY_ALL,0.0,25.0,-25.0,-25.0,0.0,PASS
RECLAIM-V2-007388,TARGET,STANDARD_TARGET,489.83497361885617,80.0,409.83497361885617,409.83497361885617,0.0,PASS
RECLAIM-V2-007389,RETRY_ALL,RETRY_ALL,0.0,25.0,-25.0,-25.0,0.0,PASS
RECLAIM-V2-007390,RETRY_ALL,RETRY_ALL,161.75261833827585,25.0,136.75261833827585,136.75261833827585,0.0,PASS
RECLAIM-V2-007391,RETRY_ALL,RETRY_ALL,79.74099371348474,25.0,54.74099371348474,54.74099371348474,0.0,PASS
RECLAIM-V2-007392,TARGET,LOW_INTENSITY,468.6648488783419,45.0,423.6648488783419,423.6648488783419,0.0,PASS
RECLAIM-V2-007393,RETRY_ALL,RETRY_ALL,0.0,25.0,-25.0,-25.0,0.0,PASS
RECLAIM-V2-007394,RETRY_ALL,RETRY_ALL,0.0,25.0,-25.0,-25.0,0.0,PASS
RECLAIM-V2-007395,RETRY_ALL,RETRY_ALL,0.0,25.0,-25.0,-25.0,0.0,PASS
RECLAIM-V2-007396,TARGET,MONITOR,401.78223345076407,10.0,391.78223345076407,391.78223345076407,0.0,PASS
RECLAIM-V2-007397,RETRY_ALL,RETRY_ALL,0.0,25.0,-25.0,-25.0,0.0,PASS
RECLAIM-V2-007398,RETRY_ALL,RETRY_ALL,0.0,25.0,-25.0,-25.0,0.0,PASS
RECLAIM-V2-007399,RETRY_ALL,RETRY_ALL,0.0,25.0,-25.0,-25.0,0.0,PASS
RECLAIM-V2-007400,RETRY_ALL,RETRY_ALL,37.47249083062395,25.0,12.472490830623949,12.472490830623947,-1.7763568394002505e-15,PASS
RECLAIM-V2-007401,RETRY_ALL,RETRY_ALL,22.8702490546158,25.0,-2.129750945384199,-2.129750945384199,0.0,PASS
RECLAIM-V2-007402,RETRY_ALL,RETRY_ALL,191.1860517319182,25.0,166.1860517319182,166.1860517319182,0.0,PASS
RECLAIM-V2-007403,RETRY_ALL,RETRY_ALL,95.09839655464243,25.0,70.09839655464243,70.09839655464243,0.0,PASS
RECLAIM-V2-007404,RETRY_ALL,RETRY_ALL,0.0,25.0,-25.0,-25.0,0.0,PASS
RECLAIM-V2-007405,RETRY_ALL,RETRY_ALL,179.7419439279387,25.0,154.7419439279387,154.7419439279387,0.0,PASS
RECLAIM-V2-007406,RETRY_ALL,RETRY_ALL,0.0,25.0,-25.0,-25.0,0.0,PASS
RECLAIM-V2-007407,RETRY_ALL,RETRY_ALL,0.0,25.0,-25.0,-25.0,0.0,PASS
RECLAIM-V2-007408,RETRY_ALL,RETRY_ALL,0.0,25.0,-25.0,-25.0,0.0,PASS
RECLAIM-V2-007409,RETRY_ALL,RETRY_ALL,171.1396533768696,25.0,146.1396533768696,146.1396533768696,0.0,PASS
RECLAIM-V2-007410,RETRY_ALL,RETRY_ALL,38.28674686037925,25.0,13.286746860379251,13.286746860379253,1.7763568394002505e-15,PASS
RECLAIM-V2-007411,RETRY_ALL,RETRY_ALL,125.7378624225198,25.0,100.7378624225198,100.7378624225198,0.0,PASS
RECLAIM-V2-007412,RETRY_ALL,RETRY_ALL,45.0072189252216,25.0,20.0072189252216,20.0072189252216,0.0,PASS
RECLAIM-V2-007413,RETRY_ALL,RETRY_ALL,0.0,25.0,-25.0,-25.0,0.0,PASS
RECLAIM-V2-007414,RETRY_ALL,RETRY_ALL,0.0,25.0,-25.0,-25.0,0.0,PASS
RECLAIM-V2-007415,RETRY_ALL,RETRY_ALL,0.0,25.0,-25.0,-25.0,0.0,PASS
RECLAIM-V2-007416,RETRY_ALL,RETRY_ALL,268.5733725802968,25.0,243.5733725802968,243.5733725802968,0.0,PASS
RECLAIM-V2-007417,RETRY_ALL,RETRY_ALL,302.34153398490554,25.0,277.34153398490554,277.34153398490554,0.0,PASS
RECLAIM-V2-007418,RETRY_ALL,RETRY_ALL,0.0,25.0,-25.0,-25.0,0.0,PASS
RECLAIM-V2-007419,RETRY_ALL,RETRY_ALL,116.73119949131954,25.0,91.73119949131954,91.73119949131954,0.0,PASS
RECLAIM-V2-007420,RETRY_ALL,RETRY_ALL,233.5312784256768,25.0,208.5312784256768,208.5312784256768,0.0,PASS
RECLAIM-V2-007421,RETRY_ALL,RETRY_ALL,30.9201258166506,25.0,5.9201258166506,5.9201258166506,0.0,PASS
RECLAIM-V2-007422,RETRY_ALL,RETRY_ALL,155.61583258290466,25.0,130.61583258290466,130.61583258290466,0.0,PASS
RECLAIM-V2-007423,RETRY_ALL,RETRY_ALL,82.31007613452856,25.0,57.31007613452856,57.31007613452856,0.0,PASS
RECLAIM-V2-007424,RETRY_ALL,RETRY_ALL,0.0,25.0,-25.0,-25.0,0.0,PASS
RECLAIM-V2-007425,RETRY_ALL,RETRY_ALL,64.138040637177,25.0,39.138040637177,39.138040637177,0.0,PASS
RECLAIM-V2-007426,RETRY_ALL,RETRY_ALL,35.11986016273485,25.0,10.119860162734852,10.119860162734852,0.0,PASS
RECLAIM-V2-007427,RETRY_ALL,RETRY_ALL,83.3147062016388,25.0,58.3147062016388,58.3147062016388,0.0,PASS
RECLAIM-V2-007428,RETRY_ALL,RETRY_ALL,148.3357036253283,25.0,123.3357036253283,123.3357036253283,0.0,PASS
RECLAIM-V2-007429,RETRY_ALL,RETRY_ALL,0.0,25.0,-25.0,-25.0,0.0,PASS
RECLAIM-V2-007430,RETRY_ALL,RETRY_ALL,0.0,25.0,-25.0,-25.0,0.0,PASS
RECLAIM-V2-007431,RETRY_ALL,RETRY_ALL,0.0,25.0,-25.0,-25.0,0.0,PASS
RECLAIM-V2-007432,RETRY_ALL,RETRY_ALL,0.0,25.0,-25.0,-25.0,0.0,PASS
RECLAIM-V2-007433,RETRY_ALL,RETRY_ALL,0.0,25.0,-25.0,-25.0,0.0,PASS
RECLAIM-V2-007434,RETRY_ALL,RETRY_ALL,339.8817611098657,25.0,314.8817611098657,314.8817611098657,0.0,PASS
RECLAIM-V2-007435,RETRY_ALL,RETRY_ALL,0.0,25.0,-25.0,-25.0,0.0,PASS
RECLAIM-V2-007436,RETRY_ALL,RETRY_ALL,0.0,25.0,-25.0,-25.0,0.0,PASS
RECLAIM-V2-007437,TARGET,MONITOR,400.0954140353706,10.0,390.0954140353706,390.0954140353706,0.0,PASS
RECLAIM-V2-007438,RETRY_ALL,RETRY_ALL,0.0,25.0,-25.0,-25.0,0.0,PASS
RECLAIM-V2-007439,TARGET,LOW_INTENSITY,482.25684245157566,45.0,437.25684245157566,437.25684245157566,0.0,PASS
RECLAIM-V2-007440,RETRY_ALL,RETRY_ALL,0.0,25.0,-25.0,-25.0,0.0,PASS
RECLAIM-V2-007441,RETRY_ALL,RETRY_ALL,0.0,25.0,-25.0,-25.0,0.0,PASS
RECLAIM-V2-007442,RETRY_ALL,RETRY_ALL,64.138040637177,25.0,39.138040637177,39.138040637177,0.0,PASS
RECLAIM-V2-007443,RETRY_ALL,RETRY_ALL,2.9314850089644,25.0,-22.0685149910356,-22.0685149910356,0.0,PASS
RECLAIM-V2-007444,RETRY_ALL,RETRY_ALL,148.27422609304904,25.0,123.27422609304904,123.27422609304904,0.0,PASS
RECLAIM-V2-007445,RETRY_ALL,RETRY_ALL,173.72581192097954,25.0,148.72581192097954,148.72581192097954,0.0,PASS
RECLAIM-V2-007446,RETRY_ALL,RETRY_ALL,301.26907080355693,25.0,276.26907080355693,276.26907080355693,0.0,PASS
RECLAIM-V2-007447,RETRY_ALL,RETRY_ALL,179.13470124875488,25.0,154.13470124875488,154.13470124875488,0.0,PASS
RECLAIM-V2-007448,RETRY_ALL,RETRY_ALL,0.0,25.0,-25.0,-25.0,0.0,PASS
RECLAIM-V2-007449,RETRY_ALL,RETRY_ALL,0.0,25.0,-25.0,-25.0,0.0,PASS
RECLAIM-V2-007450,RETRY_ALL,RETRY_ALL,0.0,25.0,-25.0,-25.0,0.0,PASS
RECLAIM-V2-007451,RETRY_ALL,RETRY_ALL,0.0,25.0,-25.0,-25.0,0.0,PASS
RECLAIM-V2-007452,RETRY_ALL,RETRY_ALL,341.62059676606543,25.0,316.62059676606543,316.62059676606543,0.0,PASS
RECLAIM-V2-007453,RETRY_ALL,RETRY_ALL,0.0,25.0,-25.0,-25.0,0.0,PASS
RECLAIM-V2-007454,RETRY_ALL,RETRY_ALL,294.222373339596,25.0,269.222373339596,269.222373339596,0.0,PASS
RECLAIM-V2-007455,RETRY_ALL,RETRY_ALL,0.0,25.0,-25.0,-25.0,0.0,PASS
RECLAIM-V2-007456,RETRY_ALL,RETRY_ALL,0.0,25.0,-25.0,-25.0,0.0,PASS
RECLAIM-V2-007457,RETRY_ALL,RETRY_ALL,129.1021079330052,25.0,104.1021079330052,104.10210793300519,-1.4210854715202004e-14,PASS
RECLAIM-V2-007458,RETRY_ALL,RETRY_ALL,0.0,25.0,-25.0,-25.0,0.0,PASS
RECLAIM-V2-007459,RETRY_ALL,RETRY_ALL,223.72236935577104,25.0,198.72236935577104,198.72236935577104,0.0,PASS
RECLAIM-V2-007460,RETRY_ALL,RETRY_ALL,0.0,25.0,-25.0,-25.0,0.0,PASS
RECLAIM-V2-007461,RETRY_ALL,RETRY_ALL,0.0,25.0,-25.0,-25.0,0.0,PASS
RECLAIM-V2-007462,RETRY_ALL,RETRY_ALL,200.7823632383132,25.0,175.78236323831317,175.7823632383132,2.842170943040401e-14,PASS
RECLAIM-V2-007463,TARGET,LOW_INTENSITY,430.7996451219978,45.0,385.7996451219978,385.7996451219978,0.0,PASS
RECLAIM-V2-007464,TARGET,STANDARD_TARGET,485.9460290320761,80.0,405.9460290320761,405.9460290320761,0.0,PASS
RECLAIM-V2-007465,RETRY_ALL,RETRY_ALL,79.78752139480305,25.0,54.78752139480305,54.78752139480305,0.0,PASS
RECLAIM-V2-007466,RETRY_ALL,RETRY_ALL,30.70666548700185,25.0,5.70666548700185,5.70666548700185,0.0,PASS
RECLAIM-V2-007467,RETRY_ALL,RETRY_ALL,0.0,25.0,-25.0,-25.0,0.0,PASS
RECLAIM-V2-007468,RETRY_ALL,RETRY_ALL,133.89755871054703,25.0,108.89755871054705,108.89755871054703,-1.4210854715202004e-14,PASS
RECLAIM-V2-007469,RETRY_ALL,RETRY_ALL,0.0,25.0,-25.0,-25.0,0.0,PASS
RECLAIM-V2-007470,TARGET,STANDARD_TARGET,492.2026616291064,80.0,412.2026616291064,412.2026616291064,0.0,PASS
RECLAIM-V2-007471,RETRY_ALL,RETRY_ALL,0.0,25.0,-25.0,-25.0,0.0,PASS
RECLAIM-V2-007472,RETRY_ALL,RETRY_ALL,250.22177156188263,25.0,225.22177156188263,225.22177156188263,0.0,PASS
RECLAIM-V2-007473,RETRY_ALL,RETRY_ALL,0.0,25.0,-25.0,-25.0,0.0,PASS
RECLAIM-V2-007474,RETRY_ALL,RETRY_ALL,29.26641261626295,25.0,4.266412616262951,4.266412616262951,0.0,PASS
RECLAIM-V2-007475,RETRY_ALL,RETRY_ALL,32.51247074287815,25.0,7.5124707428781505,7.5124707428781505,0.0,PASS
RECLAIM-V2-007476,RETRY_ALL,RETRY_ALL,0.0,25.0,-25.0,-25.0,0.0,PASS
RECLAIM-V2-007477,RETRY_ALL,RETRY_ALL,0.0,25.0,-25.0,-25.0,0.0,PASS
RECLAIM-V2-007478,RETRY_ALL,RETRY_ALL,36.18994199970045,25.0,11.189941999700451,11.189941999700451,0.0,PASS
RECLAIM-V2-007479,RETRY_ALL,RETRY_ALL,0.0,25.0,-25.0,-25.0,0.0,PASS
RECLAIM-V2-007480,RETRY_ALL,RETRY_ALL,23.999032625667148,25.0,-1.000967374332852,-1.000967374332852,0.0,PASS
RECLAIM-V2-007481,RETRY_ALL,RETRY_ALL,0.0,25.0,-25.0,-25.0,0.0,PASS
RECLAIM-V2-007482,RETRY_ALL,RETRY_ALL,24.8613320178933,25.0,-0.1386679821066998,-0.13866798210669984,-2.7755575615628914e-17,PASS
RECLAIM-V2-007483,RETRY_ALL,RETRY_ALL,0.0,25.0,-25.0,-25.0,0.0,PASS
RECLAIM-V2-007484,RETRY_ALL,RETRY_ALL,0.0,25.0,-25.0,-25.0,0.0,PASS
RECLAIM-V2-007485,RETRY_ALL,RETRY_ALL,172.23392698392945,25.0,147.23392698392945,147.23392698392945,0.0,PASS
RECLAIM-V2-007486,RETRY_ALL,RETRY_ALL,0.0,25.0,-25.0,-25.0,0.0,PASS
RECLAIM-V2-007487,RETRY_ALL,RETRY_ALL,0.0,25.0,-25.0,-25.0,0.0,PASS
RECLAIM-V2-007488,RETRY_ALL,RETRY_ALL,0.0,25.0,-25.0,-25.0,0.0,PASS
RECLAIM-V2-007489,RETRY_ALL,RETRY_ALL,57.4401960706638,25.0,32.4401960706638,32.4401960706638,0.0,PASS
RECLAIM-V2-007490,TARGET,LOW_INTENSITY,456.3703597083651,45.0,411.3703597083651,411.3703597083651,0.0,PASS
RECLAIM-V2-007491,RETRY_ALL,RETRY_ALL,0.0,25.0,-25.0,-25.0,0.0,PASS
RECLAIM-V2-007492,RETRY_ALL,RETRY_ALL,0.0,25.0,-25.0,-25.0,0.0,PASS
RECLAIM-V2-007493,RETRY_ALL,RETRY_ALL,370.8960374506887,25.0,345.8960374506887,345.8960374506887,0.0,PASS
RECLAIM-V2-007494,RETRY_ALL,RETRY_ALL,0.0,25.0,-25.0,-25.0,0.0,PASS
RECLAIM-V2-007495,RETRY_ALL,RETRY_ALL,21.97653542773185,25.0,-3.02346457226815,-3.02346457226815,0.0,PASS
RECLAIM-V2-007496,RETRY_ALL,RETRY_ALL,162.19978529255744,25.0,137.19978529255744,137.19978529255744,0.0,PASS
RECLAIM-V2-007497,RETRY_ALL,RETRY_ALL,0.0,25.0,-25.0,-25.0,0.0,PASS
RECLAIM-V2-007498,RETRY_ALL,RETRY_ALL,49.04797170486346,25.0,24.047971704863457,24.047971704863457,0.0,PASS
RECLAIM-V2-007499,RETRY_ALL,RETRY_ALL,341.2312818736602,25.0,316.2312818736602,316.2312818736602,0.0,PASS
RECLAIM-V2-007500,RETRY_ALL,RETRY_ALL,272.11114771586534,25.0,247.1111477158653,247.11114771586534,5.684341886080802e-14,PASS
RECLAIM-V2-007501,RETRY_ALL,RETRY_ALL,218.67584837822173,25.0,193.67584837822173,193.67584837822173,0.0,PASS
RECLAIM-V2-007502,RETRY_ALL,RETRY_ALL,172.10859037607776,25.0,147.10859037607776,147.10859037607776,0.0,PASS
RECLAIM-V2-007503,RETRY_ALL,RETRY_ALL,0.0,25.0,-25.0,-25.0,0.0,PASS
RECLAIM-V2-007504,RETRY_ALL,RETRY_ALL,0.0,25.0,-25.0,-25.0,0.0,PASS
RECLAIM-V2-007505,RETRY_ALL,RETRY_ALL,314.694423022763,25.0,289.694423022763,289.694423022763,0.0,PASS
RECLAIM-V2-007506,TARGET,MONITOR,407.60889992876577,10.0,397.60889992876577,397.60889992876577,0.0,PASS
RECLAIM-V2-007507,RETRY_ALL,RETRY_ALL,143.27545429671076,25.0,118.27545429671076,118.27545429671076,0.0,PASS
RECLAIM-V2-007508,RETRY_ALL,RETRY_ALL,0.0,25.0,-25.0,-25.0,0.0,PASS
RECLAIM-V2-007509,RETRY_ALL,RETRY_ALL,236.02525223249955,25.0,211.02525223249955,211.02525223249955,0.0,PASS
RECLAIM-V2-007510,RETRY_ALL,RETRY_ALL,370.8960374506887,25.0,345.8960374506887,345.8960374506887,0.0,PASS
RECLAIM-V2-007511,RETRY_ALL,RETRY_ALL,59.0634931859478,25.0,34.0634931859478,34.0634931859478,0.0,PASS
RECLAIM-V2-007512,RETRY_ALL,RETRY_ALL,0.0,25.0,-25.0,-25.0,0.0,PASS
RECLAIM-V2-007513,RETRY_ALL,RETRY_ALL,114.17451997998135,25.0,89.17451997998135,89.17451997998135,0.0,PASS
RECLAIM-V2-007514,RETRY_ALL,RETRY_ALL,8.7829635853188,25.0,-16.2170364146812,-16.2170364146812,0.0,PASS
RECLAIM-V2-007515,RETRY_ALL,RETRY_ALL,0.0,25.0,-25.0,-25.0,0.0,PASS
RECLAIM-V2-007516,RETRY_ALL,RETRY_ALL,0.0,25.0,-25.0,-25.0,0.0,PASS
RECLAIM-V2-007517,TARGET,STANDARD_TARGET,485.05019027681817,80.0,405.05019027681817,405.05019027681817,0.0,PASS
RECLAIM-V2-007518,RETRY_ALL,RETRY_ALL,249.5076141009816,25.0,224.5076141009816,224.5076141009816,0.0,PASS
RECLAIM-V2-007519,RETRY_ALL,RETRY_ALL,219.35878920746623,25.0,194.35878920746623,194.35878920746623,0.0,PASS
RECLAIM-V2-007520,RETRY_ALL,RETRY_ALL,0.0,25.0,-25.0,-25.0,0.0,PASS
RECLAIM-V2-007521,RETRY_ALL,RETRY_ALL,13.959320197721247,25.0,-11.040679802278753,-11.040679802278753,0.0,PASS
RECLAIM-V2-007522,RETRY_ALL,RETRY_ALL,280.7873781257285,25.0,255.78737812572848,255.78737812572848,0.0,PASS
RECLAIM-V2-007523,RETRY_ALL,RETRY_ALL,0.0,25.0,-25.0,-25.0,0.0,PASS
RECLAIM-V2-007524,TARGET,HIGH_INTENSITY,596.8720881035867,120.0,476.8720881035868,476.87208810358675,-5.684341886080802e-14,PASS
RECLAIM-V2-007525,RETRY_ALL,RETRY_ALL,329.4717771003683,25.0,304.4717771003683,304.4717771003683,0.0,PASS
RECLAIM-V2-007526,RETRY_ALL,RETRY_ALL,215.228334097227,25.0,190.228334097227,190.228334097227,0.0,PASS
RECLAIM-V2-007527,RETRY_ALL,RETRY_ALL,0.0,25.0,-25.0,-25.0,0.0,PASS
RECLAIM-V2-007528,RETRY_ALL,RETRY_ALL,126.895698969825,25.0,101.895698969825,101.895698969825,0.0,PASS
RECLAIM-V2-007529,RETRY_ALL,RETRY_ALL,0.0,25.0,-25.0,-25.0,0.0,PASS
RECLAIM-V2-007530,RETRY_ALL,RETRY_ALL,16.44881028955035,25.0,-8.551189710449648,-8.551189710449648,0.0,PASS
RECLAIM-V2-007531,RETRY_ALL,RETRY_ALL,151.75194450312736,25.0,126.75194450312736,126.75194450312736,0.0,PASS
RECLAIM-V2-007532,RETRY_ALL,RETRY_ALL,12.786922369299,25.0,-12.213077630701,-12.213077630701,0.0,PASS
RECLAIM-V2-007533,RETRY_ALL,RETRY_ALL,69.8257014248469,25.0,44.8257014248469,44.8257014248469,0.0,PASS
RECLAIM-V2-007534,RETRY_ALL,RETRY_ALL,35.685280419630146,25.0,10.685280419630146,10.685280419630146,0.0,PASS
RECLAIM-V2-007535,RETRY_ALL,RETRY_ALL,0.0,25.0,-25.0,-25.0,0.0,PASS
RECLAIM-V2-007536,RETRY_ALL,RETRY_ALL,0.0,25.0,-25.0,-25.0,0.0,PASS
RECLAIM-V2-007537,RETRY_ALL,RETRY_ALL,0.0,25.0,-25.0,-25.0,0.0,PASS
RECLAIM-V2-007538,RETRY_ALL,RETRY_ALL,0.0,25.0,-25.0,-25.0,0.0,PASS
RECLAIM-V2-007539,RETRY_ALL,RETRY_ALL,138.6421290653859,25.0,113.64212906538587,113.64212906538589,1.4210854715202004e-14,PASS
RECLAIM-V2-007540,RETRY_ALL,RETRY_ALL,0.0,25.0,-25.0,-25.0,0.0,PASS
RECLAIM-V2-007541,RETRY_ALL,RETRY_ALL,190.1394473233221,25.0,165.1394473233221,165.1394473233221,0.0,PASS
RECLAIM-V2-007542,TARGET,HIGH_INTENSITY,585.828297140919,120.0,465.82829714091895,465.82829714091895,0.0,PASS
RECLAIM-V2-007543,RETRY_ALL,RETRY_ALL,0.0,25.0,-25.0,-25.0,0.0,PASS
RECLAIM-V2-007544,RETRY_ALL,RETRY_ALL,0.0,25.0,-25.0,-25.0,0.0,PASS
RECLAIM-V2-007545,RETRY_ALL,RETRY_ALL,302.36684192615223,25.0,277.36684192615223,277.36684192615223,0.0,PASS
RECLAIM-V2-007546,RETRY_ALL,RETRY_ALL,144.9409167220434,25.0,119.9409167220434,119.9409167220434,0.0,PASS
RECLAIM-V2-007547,TARGET,STANDARD_TARGET,485.1857437706056,80.0,405.1857437706056,405.1857437706056,0.0,PASS
RECLAIM-V2-007548,RETRY_ALL,RETRY_ALL,79.15327519644825,25.0,54.15327519644825,54.15327519644825,0.0,PASS
RECLAIM-V2-007549,RETRY_ALL,RETRY_ALL,143.02945445698754,25.0,118.02945445698754,118.02945445698754,0.0,PASS
RECLAIM-V2-007550,RETRY_ALL,RETRY_ALL,308.26229461284646,25.0,283.26229461284646,283.26229461284646,0.0,PASS
RECLAIM-V2-007551,RETRY_ALL,RETRY_ALL,0.0,25.0,-25.0,-25.0,0.0,PASS
RECLAIM-V2-007552,RETRY_ALL,RETRY_ALL,0.0,25.0,-25.0,-25.0,0.0,PASS
RECLAIM-V2-007553,RETRY_ALL,RETRY_ALL,319.4597721443934,25.0,294.4597721443934,294.4597721443934,0.0,PASS
RECLAIM-V2-007554,RETRY_ALL,RETRY_ALL,281.172080146542,25.0,256.172080146542,256.172080146542,0.0,PASS
RECLAIM-V2-007555,RETRY_ALL,RETRY_ALL,0.0,25.0,-25.0,-25.0,0.0,PASS
RECLAIM-V2-007556,RETRY_ALL,RETRY_ALL,140.31376082343212,25.0,115.31376082343212,115.31376082343212,0.0,PASS
RECLAIM-V2-007557,RETRY_ALL,RETRY_ALL,184.80575983691816,25.0,159.80575983691816,159.80575983691816,0.0,PASS
RECLAIM-V2-007558,RETRY_ALL,RETRY_ALL,361.9143241714539,25.0,336.9143241714539,336.9143241714539,0.0,PASS
RECLAIM-V2-007559,RETRY_ALL,RETRY_ALL,0.0,25.0,-25.0,-25.0,0.0,PASS
RECLAIM-V2-007560,RETRY_ALL,RETRY_ALL,0.0,25.0,-25.0,-25.0,0.0,PASS
RECLAIM-V2-007561,RETRY_ALL,RETRY_ALL,0.0,25.0,-25.0,-25.0,0.0,PASS
RECLAIM-V2-007562,RETRY_ALL,RETRY_ALL,10.18978816482735,25.0,-14.81021183517265,-14.81021183517265,0.0,PASS
RECLAIM-V2-007563,RETRY_ALL,RETRY_ALL,36.11902546610055,25.0,11.119025466100553,11.119025466100553,0.0,PASS
RECLAIM-V2-007564,RETRY_ALL,RETRY_ALL,0.0,25.0,-25.0,-25.0,0.0,PASS
RECLAIM-V2-007565,RETRY_ALL,RETRY_ALL,303.5468033256634,25.0,278.5468033256634,278.5468033256634,0.0,PASS
RECLAIM-V2-007566,RETRY_ALL,RETRY_ALL,0.0,25.0,-25.0,-25.0,0.0,PASS
RECLAIM-V2-007567,RETRY_ALL,RETRY_ALL,0.0,25.0,-25.0,-25.0,0.0,PASS
RECLAIM-V2-007568,RETRY_ALL,RETRY_ALL,0.0,25.0,-25.0,-25.0,0.0,PASS
RECLAIM-V2-007569,RETRY_ALL,RETRY_ALL,272.8872100749492,25.0,247.8872100749492,247.88721007494922,2.842170943040401e-14,PASS
RECLAIM-V2-007570,RETRY_ALL,RETRY_ALL,0.0,25.0,-25.0,-25.0,0.0,PASS
RECLAIM-V2-007571,RETRY_ALL,RETRY_ALL,209.20324001183025,25.0,184.20324001183025,184.20324001183025,0.0,PASS
RECLAIM-V2-007572,RETRY_ALL,RETRY_ALL,308.2981901362905,25.0,283.2981901362905,283.2981901362905,0.0,PASS
RECLAIM-V2-007573,RETRY_ALL,RETRY_ALL,0.0,25.0,-25.0,-25.0,0.0,PASS
RECLAIM-V2-007574,RETRY_ALL,RETRY_ALL,325.1984502772457,25.0,300.1984502772457,300.1984502772457,0.0,PASS
RECLAIM-V2-007575,RETRY_ALL,RETRY_ALL,378.42329598081614,25.0,353.42329598081614,353.42329598081614,0.0,PASS
RECLAIM-V2-007576,RETRY_ALL,RETRY_ALL,0.0,25.0,-25.0,-25.0,0.0,PASS
RECLAIM-V2-007577,RETRY_ALL,RETRY_ALL,0.0,25.0,-25.0,-25.0,0.0,PASS
RECLAIM-V2-007578,RETRY_ALL,RETRY_ALL,103.540280669961,25.0,78.540280669961,78.540280669961,0.0,PASS
RECLAIM-V2-007579,RETRY_ALL,RETRY_ALL,0.0,25.0,-25.0,-25.0,0.0,PASS
RECLAIM-V2-007580,RETRY_ALL,RETRY_ALL,103.540002010092,25.0,78.540002010092,78.540002010092,0.0,PASS
RECLAIM-V2-007581,RETRY_ALL,RETRY_ALL,129.8981409693993,25.0,104.8981409693993,104.8981409693993,0.0,PASS
RECLAIM-V2-007582,RETRY_ALL,RETRY_ALL,242.217211973604,25.0,217.217211973604,217.217211973604,0.0,PASS
RECLAIM-V2-007583,TARGET,MONITOR,408.5514836815616,10.0,398.5514836815616,398.5514836815616,0.0,PASS
RECLAIM-V2-007584,RETRY_ALL,RETRY_ALL,52.1052120848079,25.0,27.105212084807903,27.105212084807903,0.0,PASS
RECLAIM-V2-007585,RETRY_ALL,RETRY_ALL,0.0,25.0,-25.0,-25.0,0.0,PASS
RECLAIM-V2-007586,RETRY_ALL,RETRY_ALL,0.0,25.0,-25.0,-25.0,0.0,PASS
RECLAIM-V2-007587,RETRY_ALL,RETRY_ALL,0.0,25.0,-25.0,-25.0,0.0,PASS
RECLAIM-V2-007588,RETRY_ALL,RETRY_ALL,273.42248544277606,25.0,248.4224854427761,248.42248544277606,-2.842170943040401e-14,PASS
RECLAIM-V2-007589,RETRY_ALL,RETRY_ALL,29.44876559257905,25.0,4.448765592579051,4.448765592579051,0.0,PASS
RECLAIM-V2-007590,RETRY_ALL,RETRY_ALL,0.0,25.0,-25.0,-25.0,0.0,PASS
RECLAIM-V2-007591,RETRY_ALL,RETRY_ALL,142.72219767044115,25.0,117.72219767044116,117.72219767044115,-1.4210854715202004e-14,PASS
RECLAIM-V2-007592,RETRY_ALL,RETRY_ALL,13.959320197721247,25.0,-11.040679802278753,-11.040679802278753,0.0,PASS
RECLAIM-V2-007593,RETRY_ALL,RETRY_ALL,79.89917404296975,25.0,54.89917404296975,54.89917404296975,0.0,PASS
RECLAIM-V2-007594,RETRY_ALL,RETRY_ALL,0.0,25.0,-25.0,-25.0,0.0,PASS
RECLAIM-V2-007595,RETRY_ALL,RETRY_ALL,6.301583743857,25.0,-18.698416256143,-18.698416256143,0.0,PASS
RECLAIM-V2-007596,TARGET,STANDARD_TARGET,487.2507164565612,80.0,407.2507164565612,407.2507164565612,0.0,PASS
RECLAIM-V2-007597,RETRY_ALL,RETRY_ALL,170.3458996471212,25.0,145.3458996471212,145.3458996471212,0.0,PASS
RECLAIM-V2-007598,RETRY_ALL,RETRY_ALL,64.152347900901,25.0,39.152347900901006,39.152347900901006,0.0,PASS
RECLAIM-V2-007599,RETRY_ALL,RETRY_ALL,221.40252711165195,25.0,196.40252711165195,196.40252711165195,0.0,PASS
RECLAIM-V2-007600,RETRY_ALL,RETRY_ALL,0.0,25.0,-25.0,-25.0,0.0,PASS
RECLAIM-V2-007601,TARGET,STANDARD_TARGET,491.0556993665153,80.0,411.0556993665153,411.0556993665153,0.0,PASS
RECLAIM-V2-007602,RETRY_ALL,RETRY_ALL,282.0749630622069,25.0,257.0749630622069,257.0749630622069,0.0,PASS
RECLAIM-V2-007603,RETRY_ALL,RETRY_ALL,0.0,25.0,-25.0,-25.0,0.0,PASS
RECLAIM-V2-007604,RETRY_ALL,RETRY_ALL,0.0,25.0,-25.0,-25.0,0.0,PASS
RECLAIM-V2-007605,RETRY_ALL,RETRY_ALL,0.0,25.0,-25.0,-25.0,0.0,PASS
RECLAIM-V2-007606,RETRY_ALL,RETRY_ALL,21.97787463625815,25.0,-3.02212536374185,-3.02212536374185,0.0,PASS
RECLAIM-V2-007607,RETRY_ALL,RETRY_ALL,0.0,25.0,-25.0,-25.0,0.0,PASS
RECLAIM-V2-007608,RETRY_ALL,RETRY_ALL,0.0,25.0,-25.0,-25.0,0.0,PASS
RECLAIM-V2-007609,TARGET,STANDARD_TARGET,483.5137353388107,80.0,403.5137353388107,403.5137353388107,0.0,PASS
RECLAIM-V2-007610,TARGET,MONITOR,406.9507850940204,10.0,396.9507850940204,396.9507850940204,0.0,PASS
RECLAIM-V2-007611,RETRY_ALL,RETRY_ALL,51.20307677538465,25.0,26.20307677538465,26.203076775384652,3.552713678800501e-15,PASS
RECLAIM-V2-007612,RETRY_ALL,RETRY_ALL,86.1831667676886,25.0,61.18316676768861,61.183166767688604,-7.105427357601002e-15,PASS
RECLAIM-V2-007613,RETRY_ALL,RETRY_ALL,0.0,25.0,-25.0,-25.0,0.0,PASS
RECLAIM-V2-007614,RETRY_ALL,RETRY_ALL,141.64966461607693,25.0,116.64966461607692,116.64966461607693,1.4210854715202004e-14,PASS
RECLAIM-V2-007615,RETRY_ALL,RETRY_ALL,0.0,25.0,-25.0,-25.0,0.0,PASS
RECLAIM-V2-007616,RETRY_ALL,RETRY_ALL,0.0,25.0,-25.0,-25.0,0.0,PASS
RECLAIM-V2-007617,RETRY_ALL,RETRY_ALL,212.78044839905223,25.0,187.78044839905223,187.78044839905223,0.0,PASS
RECLAIM-V2-007618,RETRY_ALL,RETRY_ALL,309.51392724514966,25.0,284.51392724514966,284.51392724514966,0.0,PASS
RECLAIM-V2-007619,RETRY_ALL,RETRY_ALL,0.0,25.0,-25.0,-25.0,0.0,PASS
RECLAIM-V2-007620,RETRY_ALL,RETRY_ALL,0.0,25.0,-25.0,-25.0,0.0,PASS
RECLAIM-V2-007621,RETRY_ALL,RETRY_ALL,0.0,25.0,-25.0,-25.0,0.0,PASS
RECLAIM-V2-007622,RETRY_ALL,RETRY_ALL,265.5953485678957,25.0,240.5953485678957,240.5953485678957,0.0,PASS
RECLAIM-V2-007623,RETRY_ALL,RETRY_ALL,0.0,25.0,-25.0,-25.0,0.0,PASS
RECLAIM-V2-007624,RETRY_ALL,RETRY_ALL,183.70629834166903,25.0,158.70629834166903,158.70629834166903,0.0,PASS
RECLAIM-V2-007625,RETRY_ALL,RETRY_ALL,0.0,25.0,-25.0,-25.0,0.0,PASS
RECLAIM-V2-007626,RETRY_ALL,RETRY_ALL,296.0652076109706,25.0,271.0652076109706,271.0652076109706,0.0,PASS
RECLAIM-V2-007627,RETRY_ALL,RETRY_ALL,0.0,25.0,-25.0,-25.0,0.0,PASS
RECLAIM-V2-007628,RETRY_ALL,RETRY_ALL,255.3682497864282,25.0,230.3682497864282,230.3682497864282,0.0,PASS
RECLAIM-V2-007629,RETRY_ALL,RETRY_ALL,226.8356861167717,25.0,201.8356861167717,201.8356861167717,0.0,PASS
RECLAIM-V2-007630,RETRY_ALL,RETRY_ALL,328.6402543034113,25.0,303.6402543034113,303.6402543034113,0.0,PASS
RECLAIM-V2-007631,RETRY_ALL,RETRY_ALL,0.0,25.0,-25.0,-25.0,0.0,PASS
RECLAIM-V2-007632,RETRY_ALL,RETRY_ALL,53.13545628168765,25.0,28.13545628168765,28.135456281687652,3.552713678800501e-15,PASS
RECLAIM-V2-007633,RETRY_ALL,RETRY_ALL,0.0,25.0,-25.0,-25.0,0.0,PASS
RECLAIM-V2-007634,RETRY_ALL,RETRY_ALL,0.0,25.0,-25.0,-25.0,0.0,PASS
RECLAIM-V2-007635,RETRY_ALL,RETRY_ALL,288.32581070040914,25.0,263.32581070040914,263.32581070040914,0.0,PASS
RECLAIM-V2-007636,RETRY_ALL,RETRY_ALL,0.0,25.0,-25.0,-25.0,0.0,PASS
RECLAIM-V2-007637,RETRY_ALL,RETRY_ALL,334.5632678658171,25.0,309.5632678658171,309.5632678658171,0.0,PASS
RECLAIM-V2-007638,RETRY_ALL,RETRY_ALL,0.0,25.0,-25.0,-25.0,0.0,PASS
RECLAIM-V2-007639,RETRY_ALL,RETRY_ALL,0.0,25.0,-25.0,-25.0,0.0,PASS
RECLAIM-V2-007640,RETRY_ALL,RETRY_ALL,377.8173258056657,25.0,352.8173258056657,352.8173258056657,0.0,PASS
RECLAIM-V2-007641,RETRY_ALL,RETRY_ALL,130.1376694913643,25.0,105.1376694913643,105.1376694913643,0.0,PASS
RECLAIM-V2-007642,RETRY_ALL,RETRY_ALL,0.0,25.0,-25.0,-25.0,0.0,PASS
RECLAIM-V2-007643,RETRY_ALL,RETRY_ALL,0.0,25.0,-25.0,-25.0,0.0,PASS
RECLAIM-V2-007644,RETRY_ALL,RETRY_ALL,0.0,25.0,-25.0,-25.0,0.0,PASS
RECLAIM-V2-007645,RETRY_ALL,RETRY_ALL,0.0,25.0,-25.0,-25.0,0.0,PASS
RECLAIM-V2-007646,RETRY_ALL,RETRY_ALL,208.5350320379715,25.0,183.5350320379715,183.5350320379715,0.0,PASS
RECLAIM-V2-007647,RETRY_ALL,RETRY_ALL,109.89605710453216,25.0,84.89605710453216,84.89605710453216,0.0,PASS
RECLAIM-V2-007648,RETRY_ALL,RETRY_ALL,0.0,25.0,-25.0,-25.0,0.0,PASS
RECLAIM-V2-007649,RETRY_ALL,RETRY_ALL,95.32934543167636,25.0,70.32934543167636,70.32934543167636,0.0,PASS
RECLAIM-V2-007650,RETRY_ALL,RETRY_ALL,0.0,25.0,-25.0,-25.0,0.0,PASS
RECLAIM-V2-007651,RETRY_ALL,RETRY_ALL,0.0,25.0,-25.0,-25.0,0.0,PASS
RECLAIM-V2-007652,RETRY_ALL,RETRY_ALL,0.0,25.0,-25.0,-25.0,0.0,PASS
RECLAIM-V2-007653,RETRY_ALL,RETRY_ALL,126.895698969825,25.0,101.895698969825,101.895698969825,0.0,PASS
RECLAIM-V2-007654,RETRY_ALL,RETRY_ALL,0.0,25.0,-25.0,-25.0,0.0,PASS
RECLAIM-V2-007655,RETRY_ALL,RETRY_ALL,0.0,25.0,-25.0,-25.0,0.0,PASS
RECLAIM-V2-007656,RETRY_ALL,RETRY_ALL,84.60323040367545,25.0,59.603230403675454,59.603230403675454,0.0,PASS
RECLAIM-V2-007657,RETRY_ALL,RETRY_ALL,14.596431807432,25.0,-10.403568192568,-10.403568192568,0.0,PASS
RECLAIM-V2-007658,RETRY_ALL,RETRY_ALL,275.1759624285688,25.0,250.1759624285688,250.17596242856882,2.842170943040401e-14,PASS
RECLAIM-V2-007659,RETRY_ALL,RETRY_ALL,0.0,25.0,-25.0,-25.0,0.0,PASS
RECLAIM-V2-007660,TARGET,LOW_INTENSITY,457.4841664377298,45.0,412.4841664377298,412.4841664377298,0.0,PASS
RECLAIM-V2-007661,RETRY_ALL,RETRY_ALL,0.0,25.0,-25.0,-25.0,0.0,PASS
RECLAIM-V2-007662,RETRY_ALL,RETRY_ALL,58.6350115277196,25.0,33.6350115277196,33.6350115277196,0.0,PASS
RECLAIM-V2-007663,RETRY_ALL,RETRY_ALL,0.0,25.0,-25.0,-25.0,0.0,PASS
RECLAIM-V2-007664,RETRY_ALL,RETRY_ALL,169.96292077883237,25.0,144.96292077883237,144.96292077883237,0.0,PASS
RECLAIM-V2-007665,RETRY_ALL,RETRY_ALL,248.09624265486283,25.0,223.09624265486283,223.09624265486283,0.0,PASS
RECLAIM-V2-007666,RETRY_ALL,RETRY_ALL,0.0,25.0,-25.0,-25.0,0.0,PASS
RECLAIM-V2-007667,RETRY_ALL,RETRY_ALL,0.0,25.0,-25.0,-25.0,0.0,PASS
RECLAIM-V2-007668,RETRY_ALL,RETRY_ALL,289.6154508116223,25.0,264.6154508116223,264.6154508116223,0.0,PASS
RECLAIM-V2-007669,RETRY_ALL,RETRY_ALL,0.0,25.0,-25.0,-25.0,0.0,PASS
RECLAIM-V2-007670,RETRY_ALL,RETRY_ALL,0.0,25.0,-25.0,-25.0,0.0,PASS
RECLAIM-V2-007671,RETRY_ALL,RETRY_ALL,278.5840565839813,25.0,253.5840565839813,253.5840565839813,0.0,PASS
RECLAIM-V2-007672,RETRY_ALL,RETRY_ALL,0.0,25.0,-25.0,-25.0,0.0,PASS
RECLAIM-V2-007673,RETRY_ALL,RETRY_ALL,52.74407280337441,25.0,27.744072803374408,27.744072803374408,0.0,PASS
RECLAIM-V2-007674,RETRY_ALL,RETRY_ALL,0.0,25.0,-25.0,-25.0,0.0,PASS
RECLAIM-V2-007675,RETRY_ALL,RETRY_ALL,19.3427330437917,25.0,-5.6572669562083,-5.6572669562083,0.0,PASS
RECLAIM-V2-007676,RETRY_ALL,RETRY_ALL,0.0,25.0,-25.0,-25.0,0.0,PASS
RECLAIM-V2-007677,RETRY_ALL,RETRY_ALL,0.0,25.0,-25.0,-25.0,0.0,PASS
RECLAIM-V2-007678,RETRY_ALL,RETRY_ALL,226.5498946114164,25.0,201.5498946114164,201.5498946114164,0.0,PASS
RECLAIM-V2-007679,RETRY_ALL,RETRY_ALL,0.0,25.0,-25.0,-25.0,0.0,PASS
RECLAIM-V2-007680,TARGET,STANDARD_TARGET,487.4145435634483,80.0,407.4145435634483,407.4145435634483,0.0,PASS
RECLAIM-V2-007681,TARGET,LOW_INTENSITY,476.4624994418765,45.0,431.4624994418765,431.4624994418765,0.0,PASS
RECLAIM-V2-007682,RETRY_ALL,RETRY_ALL,0.0,25.0,-25.0,-25.0,0.0,PASS
RECLAIM-V2-007683,RETRY_ALL,RETRY_ALL,78.38180587190266,25.0,53.38180587190266,53.38180587190266,0.0,PASS
RECLAIM-V2-007684,RETRY_ALL,RETRY_ALL,97.08153176742464,25.0,72.08153176742464,72.08153176742464,0.0,PASS
RECLAIM-V2-007685,RETRY_ALL,RETRY_ALL,273.71821741262715,25.0,248.71821741262715,248.71821741262715,0.0,PASS
RECLAIM-V2-007686,RETRY_ALL,RETRY_ALL,0.0,25.0,-25.0,-25.0,0.0,PASS
RECLAIM-V2-007687,RETRY_ALL,RETRY_ALL,226.10128729134752,25.0,201.10128729134752,201.10128729134752,0.0,PASS
RECLAIM-V2-007688,RETRY_ALL,RETRY_ALL,0.0,25.0,-25.0,-25.0,0.0,PASS
RECLAIM-V2-007689,RETRY_ALL,RETRY_ALL,89.29538377693035,25.0,64.29538377693035,64.29538377693035,0.0,PASS
RECLAIM-V2-007690,TARGET,LOW_INTENSITY,452.4312967192458,45.0,407.4312967192458,407.4312967192458,0.0,PASS
RECLAIM-V2-007691,RETRY_ALL,RETRY_ALL,0.0,25.0,-25.0,-25.0,0.0,PASS
RECLAIM-V2-007692,RETRY_ALL,RETRY_ALL,0.0,25.0,-25.0,-25.0,0.0,PASS
RECLAIM-V2-007693,RETRY_ALL,RETRY_ALL,0.0,25.0,-25.0,-25.0,0.0,PASS
RECLAIM-V2-007694,RETRY_ALL,RETRY_ALL,88.4733143297814,25.0,63.4733143297814,63.4733143297814,0.0,PASS
RECLAIM-V2-007695,RETRY_ALL,RETRY_ALL,0.0,25.0,-25.0,-25.0,0.0,PASS
RECLAIM-V2-007696,RETRY_ALL,RETRY_ALL,0.0,25.0,-25.0,-25.0,0.0,PASS
RECLAIM-V2-007697,RETRY_ALL,RETRY_ALL,227.52455552766764,25.0,202.52455552766764,202.52455552766764,0.0,PASS
RECLAIM-V2-007698,RETRY_ALL,RETRY_ALL,0.0,25.0,-25.0,-25.0,0.0,PASS
RECLAIM-V2-007699,RETRY_ALL,RETRY_ALL,69.06926397007214,25.0,44.06926397007214,44.06926397007214,0.0,PASS
RECLAIM-V2-007700,RETRY_ALL,RETRY_ALL,386.1185753362986,25.0,361.1185753362986,361.1185753362986,0.0,PASS
RECLAIM-V2-007701,RETRY_ALL,RETRY_ALL,0.0,25.0,-25.0,-25.0,0.0,PASS
RECLAIM-V2-007702,TARGET,MONITOR,406.9097987725697,10.0,396.9097987725697,396.9097987725697,0.0,PASS
RECLAIM-V2-007703,RETRY_ALL,RETRY_ALL,0.0,25.0,-25.0,-25.0,0.0,PASS
RECLAIM-V2-007704,RETRY_ALL,RETRY_ALL,265.65660466587417,25.0,240.65660466587417,240.65660466587417,0.0,PASS
RECLAIM-V2-007705,RETRY_ALL,RETRY_ALL,146.7726664402971,25.0,121.77266644029709,121.77266644029709,0.0,PASS
RECLAIM-V2-007706,RETRY_ALL,RETRY_ALL,0.0,25.0,-25.0,-25.0,0.0,PASS
RECLAIM-V2-007707,RETRY_ALL,RETRY_ALL,0.0,25.0,-25.0,-25.0,0.0,PASS
RECLAIM-V2-007708,RETRY_ALL,RETRY_ALL,316.3034670744855,25.0,291.3034670744855,291.3034670744855,0.0,PASS
RECLAIM-V2-007709,RETRY_ALL,RETRY_ALL,0.0,25.0,-25.0,-25.0,0.0,PASS
RECLAIM-V2-007710,RETRY_ALL,RETRY_ALL,362.181305175102,25.0,337.181305175102,337.181305175102,0.0,PASS
RECLAIM-V2-007711,RETRY_ALL,RETRY_ALL,66.3272627158221,25.0,41.3272627158221,41.3272627158221,0.0,PASS
RECLAIM-V2-007712,RETRY_ALL,RETRY_ALL,147.3490669593006,25.0,122.3490669593006,122.34906695930059,-1.4210854715202004e-14,PASS
RECLAIM-V2-007713,RETRY_ALL,RETRY_ALL,30.89454944409135,25.0,5.89454944409135,5.89454944409135,0.0,PASS
RECLAIM-V2-007714,RETRY_ALL,RETRY_ALL,37.22943698975445,25.0,12.229436989754449,12.229436989754447,-1.7763568394002505e-15,PASS
RECLAIM-V2-007715,RETRY_ALL,RETRY_ALL,20.2825131553815,25.0,-4.717486844618499,-4.717486844618499,0.0,PASS
RECLAIM-V2-007716,RETRY_ALL,RETRY_ALL,0.0,25.0,-25.0,-25.0,0.0,PASS
RECLAIM-V2-007717,RETRY_ALL,RETRY_ALL,138.4145126319447,25.0,113.41451263194467,113.41451263194469,1.4210854715202004e-14,PASS
RECLAIM-V2-007718,RETRY_ALL,RETRY_ALL,41.4106421115396,25.0,16.4106421115396,16.4106421115396,0.0,PASS
RECLAIM-V2-007719,RETRY_ALL,RETRY_ALL,203.18555712026804,25.0,178.18555712026804,178.18555712026804,0.0,PASS
RECLAIM-V2-007720,RETRY_ALL,RETRY_ALL,0.0,25.0,-25.0,-25.0,0.0,PASS
RECLAIM-V2-007721,RETRY_ALL,RETRY_ALL,0.0,25.0,-25.0,-25.0,0.0,PASS
RECLAIM-V2-007722,RETRY_ALL,RETRY_ALL,0.0,25.0,-25.0,-25.0,0.0,PASS
RECLAIM-V2-007723,RETRY_ALL,RETRY_ALL,0.0,25.0,-25.0,-25.0,0.0,PASS
RECLAIM-V2-007724,RETRY_ALL,RETRY_ALL,0.0,25.0,-25.0,-25.0,0.0,PASS
RECLAIM-V2-007725,RETRY_ALL,RETRY_ALL,53.80392483632415,25.0,28.80392483632415,28.80392483632415,0.0,PASS
RECLAIM-V2-007726,RETRY_ALL,RETRY_ALL,0.0,25.0,-25.0,-25.0,0.0,PASS
RECLAIM-V2-007727,RETRY_ALL,RETRY_ALL,215.0226857825193,25.0,190.0226857825193,190.0226857825193,0.0,PASS
RECLAIM-V2-007728,RETRY_ALL,RETRY_ALL,7.7101144044128995,25.0,-17.2898855955871,-17.2898855955871,0.0,PASS
RECLAIM-V2-007729,RETRY_ALL,RETRY_ALL,0.0,25.0,-25.0,-25.0,0.0,PASS
RECLAIM-V2-007730,RETRY_ALL,RETRY_ALL,273.71821741262715,25.0,248.71821741262715,248.71821741262715,0.0,PASS
RECLAIM-V2-007731,RETRY_ALL,RETRY_ALL,0.0,25.0,-25.0,-25.0,0.0,PASS
RECLAIM-V2-007732,RETRY_ALL,RETRY_ALL,168.435300218256,25.0,143.435300218256,143.435300218256,0.0,PASS
RECLAIM-V2-007733,RETRY_ALL,RETRY_ALL,0.0,25.0,-25.0,-25.0,0.0,PASS
RECLAIM-V2-007734,RETRY_ALL,RETRY_ALL,87.50895920475254,25.0,62.50895920475254,62.50895920475254,0.0,PASS
RECLAIM-V2-007735,RETRY_ALL,RETRY_ALL,332.29130168883466,25.0,307.29130168883466,307.29130168883466,0.0,PASS
RECLAIM-V2-007736,RETRY_ALL,RETRY_ALL,0.0,25.0,-25.0,-25.0,0.0,PASS
RECLAIM-V2-007737,RETRY_ALL,RETRY_ALL,227.5179305601572,25.0,202.5179305601572,202.5179305601572,0.0,PASS
RECLAIM-V2-007738,RETRY_ALL,RETRY_ALL,0.0,25.0,-25.0,-25.0,0.0,PASS
RECLAIM-V2-007739,RETRY_ALL,RETRY_ALL,151.7042217679141,25.0,126.7042217679141,126.7042217679141,0.0,PASS
RECLAIM-V2-007740,TARGET,LOW_INTENSITY,472.6729788832647,45.0,427.6729788832647,427.6729788832647,0.0,PASS
RECLAIM-V2-007741,TARGET,HIGH_INTENSITY,576.032310477,120.0,456.032310477,456.032310477,0.0,PASS
RECLAIM-V2-007742,RETRY_ALL,RETRY_ALL,290.3937334827171,25.0,265.3937334827171,265.3937334827171,0.0,PASS
RECLAIM-V2-007743,RETRY_ALL,RETRY_ALL,0.0,25.0,-25.0,-25.0,0.0,PASS
RECLAIM-V2-007744,RETRY_ALL,RETRY_ALL,243.85210906374127,25.0,218.85210906374127,218.85210906374127,0.0,PASS
RECLAIM-V2-007745,RETRY_ALL,RETRY_ALL,0.0,25.0,-25.0,-25.0,0.0,PASS
RECLAIM-V2-007746,RETRY_ALL,RETRY_ALL,86.02768886950935,25.0,61.02768886950935,61.02768886950935,0.0,PASS
RECLAIM-V2-007747,RETRY_ALL,RETRY_ALL,0.0,25.0,-25.0,-25.0,0.0,PASS
RECLAIM-V2-007748,RETRY_ALL,RETRY_ALL,205.41851965033007,25.0,180.41851965033007,180.41851965033007,0.0,PASS
RECLAIM-V2-007749,RETRY_ALL,RETRY_ALL,0.0,25.0,-25.0,-25.0,0.0,PASS
RECLAIM-V2-007750,RETRY_ALL,RETRY_ALL,23.9108760521736,25.0,-1.0891239478264012,-1.0891239478264012,0.0,PASS
RECLAIM-V2-007751,RETRY_ALL,RETRY_ALL,0.0,25.0,-25.0,-25.0,0.0,PASS
RECLAIM-V2-007752,RETRY_ALL,RETRY_ALL,0.0,25.0,-25.0,-25.0,0.0,PASS
RECLAIM-V2-007753,RETRY_ALL,RETRY_ALL,360.3184870171086,25.0,335.3184870171086,335.3184870171086,0.0,PASS
RECLAIM-V2-007754,RETRY_ALL,RETRY_ALL,0.0,25.0,-25.0,-25.0,0.0,PASS
RECLAIM-V2-007755,RETRY_ALL,RETRY_ALL,203.02099657449165,25.0,178.02099657449165,178.02099657449165,0.0,PASS
RECLAIM-V2-007756,RETRY_ALL,RETRY_ALL,0.0,25.0,-25.0,-25.0,0.0,PASS
RECLAIM-V2-007757,RETRY_ALL,RETRY_ALL,7.044040379328449,25.0,-17.95595962067155,-17.95595962067155,0.0,PASS
RECLAIM-V2-007758,RETRY_ALL,RETRY_ALL,0.0,25.0,-25.0,-25.0,0.0,PASS
RECLAIM-V2-007759,TARGET,HIGH_INTENSITY,578.1747596352244,120.0,458.1747596352244,458.1747596352244,0.0,PASS
RECLAIM-V2-007760,RETRY_ALL,RETRY_ALL,0.0,25.0,-25.0,-25.0,0.0,PASS
RECLAIM-V2-007761,RETRY_ALL,RETRY_ALL,0.0,25.0,-25.0,-25.0,0.0,PASS
RECLAIM-V2-007762,RETRY_ALL,RETRY_ALL,21.6596627437908,25.0,-3.3403372562091995,-3.3403372562091995,0.0,PASS
RECLAIM-V2-007763,RETRY_ALL,RETRY_ALL,66.7400537696379,25.0,41.740053769637896,41.740053769637896,0.0,PASS
RECLAIM-V2-007764,RETRY_ALL,RETRY_ALL,102.91311961308584,25.0,77.91311961308584,77.91311961308584,0.0,PASS
RECLAIM-V2-007765,RETRY_ALL,RETRY_ALL,0.0,25.0,-25.0,-25.0,0.0,PASS
RECLAIM-V2-007766,RETRY_ALL,RETRY_ALL,0.0,25.0,-25.0,-25.0,0.0,PASS
RECLAIM-V2-007767,RETRY_ALL,RETRY_ALL,28.267498837736103,25.0,3.2674988377361025,3.2674988377361025,0.0,PASS
RECLAIM-V2-007768,RETRY_ALL,RETRY_ALL,0.0,25.0,-25.0,-25.0,0.0,PASS
RECLAIM-V2-007769,RETRY_ALL,RETRY_ALL,95.77611956712616,25.0,70.77611956712616,70.77611956712616,0.0,PASS
RECLAIM-V2-007770,RETRY_ALL,RETRY_ALL,0.0,25.0,-25.0,-25.0,0.0,PASS
RECLAIM-V2-007771,RETRY_ALL,RETRY_ALL,0.0,25.0,-25.0,-25.0,0.0,PASS
RECLAIM-V2-007772,RETRY_ALL,RETRY_ALL,103.0814948820324,25.0,78.0814948820324,78.0814948820324,0.0,PASS
RECLAIM-V2-007773,RETRY_ALL,RETRY_ALL,0.0,25.0,-25.0,-25.0,0.0,PASS
RECLAIM-V2-007774,RETRY_ALL,RETRY_ALL,213.23711555304607,25.0,188.23711555304607,188.23711555304607,0.0,PASS
RECLAIM-V2-007775,TARGET,MONITOR,417.3400047503932,10.0,407.3400047503932,407.3400047503932,0.0,PASS
RECLAIM-V2-007776,RETRY_ALL,RETRY_ALL,0.0,25.0,-25.0,-25.0,0.0,PASS
RECLAIM-V2-007777,RETRY_ALL,RETRY_ALL,0.0,25.0,-25.0,-25.0,0.0,PASS
RECLAIM-V2-007778,RETRY_ALL,RETRY_ALL,11.7641003937327,25.0,-13.2358996062673,-13.2358996062673,0.0,PASS
RECLAIM-V2-007779,RETRY_ALL,RETRY_ALL,206.68210556708087,25.0,181.68210556708087,181.68210556708087,0.0,PASS
RECLAIM-V2-007780,RETRY_ALL,RETRY_ALL,0.0,25.0,-25.0,-25.0,0.0,PASS
RECLAIM-V2-007781,RETRY_ALL,RETRY_ALL,261.8226542245839,25.0,236.8226542245839,236.8226542245839,0.0,PASS
RECLAIM-V2-007782,RETRY_ALL,RETRY_ALL,41.16385269033075,25.0,16.16385269033075,16.16385269033075,0.0,PASS
RECLAIM-V2-007783,TARGET,LOW_INTENSITY,444.06285567563344,45.0,399.06285567563344,399.06285567563344,0.0,PASS
RECLAIM-V2-007784,RETRY_ALL,RETRY_ALL,0.0,25.0,-25.0,-25.0,0.0,PASS
RECLAIM-V2-007785,RETRY_ALL,RETRY_ALL,0.0,25.0,-25.0,-25.0,0.0,PASS
RECLAIM-V2-007786,RETRY_ALL,RETRY_ALL,0.0,25.0,-25.0,-25.0,0.0,PASS
RECLAIM-V2-007787,RETRY_ALL,RETRY_ALL,312.0778080101348,25.0,287.0778080101348,287.0778080101348,0.0,PASS
RECLAIM-V2-007788,RETRY_ALL,RETRY_ALL,76.4436574615206,25.0,51.4436574615206,51.4436574615206,0.0,PASS
RECLAIM-V2-007789,RETRY_ALL,RETRY_ALL,80.4674697738006,25.0,55.4674697738006,55.4674697738006,0.0,PASS
RECLAIM-V2-007790,RETRY_ALL,RETRY_ALL,0.0,25.0,-25.0,-25.0,0.0,PASS
RECLAIM-V2-007791,RETRY_ALL,RETRY_ALL,180.0217066469274,25.0,155.0217066469274,155.0217066469274,0.0,PASS
RECLAIM-V2-007792,TARGET,LOW_INTENSITY,479.16875118411775,45.0,434.16875118411775,434.16875118411775,0.0,PASS
RECLAIM-V2-007793,RETRY_ALL,RETRY_ALL,31.36602267681285,25.0,6.36602267681285,6.36602267681285,0.0,PASS
RECLAIM-V2-007794,RETRY_ALL,RETRY_ALL,188.0760713569536,25.0,163.0760713569536,163.0760713569536,0.0,PASS
RECLAIM-V2-007795,TARGET,MONITOR,413.4652493958786,10.0,403.4652493958786,403.4652493958786,0.0,PASS
RECLAIM-V2-007796,RETRY_ALL,RETRY_ALL,0.0,25.0,-25.0,-25.0,0.0,PASS
RECLAIM-V2-007797,RETRY_ALL,RETRY_ALL,0.0,25.0,-25.0,-25.0,0.0,PASS
RECLAIM-V2-007798,RETRY_ALL,RETRY_ALL,285.57315257193767,25.0,260.57315257193767,260.57315257193767,0.0,PASS
RECLAIM-V2-007799,RETRY_ALL,RETRY_ALL,74.0546750972997,25.0,49.05467509729969,49.05467509729969,0.0,PASS
RECLAIM-V2-007800,RETRY_ALL,RETRY_ALL,44.221412431926304,25.0,19.221412431926304,19.221412431926304,0.0,PASS
RECLAIM-V2-007801,RETRY_ALL,RETRY_ALL,0.0,25.0,-25.0,-25.0,0.0,PASS
RECLAIM-V2-007802,RETRY_ALL,RETRY_ALL,123.84373919883195,25.0,98.84373919883195,98.84373919883195,0.0,PASS
RECLAIM-V2-007803,RETRY_ALL,RETRY_ALL,0.0,25.0,-25.0,-25.0,0.0,PASS
RECLAIM-V2-007804,RETRY_ALL,RETRY_ALL,150.8578260342012,25.0,125.8578260342012,125.8578260342012,0.0,PASS
RECLAIM-V2-007805,RETRY_ALL,RETRY_ALL,138.64854425773277,25.0,113.64854425773277,113.64854425773277,0.0,PASS
RECLAIM-V2-007806,RETRY_ALL,RETRY_ALL,0.0,25.0,-25.0,-25.0,0.0,PASS
RECLAIM-V2-007807,RETRY_ALL,RETRY_ALL,55.285373589825454,25.0,30.28537358982545,30.285373589825454,3.552713678800501e-15,PASS
RECLAIM-V2-007808,RETRY_ALL,RETRY_ALL,326.4232709381913,25.0,301.4232709381913,301.4232709381913,0.0,PASS
RECLAIM-V2-007809,RETRY_ALL,RETRY_ALL,247.1540308020692,25.0,222.1540308020692,222.1540308020692,0.0,PASS
RECLAIM-V2-007810,RETRY_ALL,RETRY_ALL,0.0,25.0,-25.0,-25.0,0.0,PASS
RECLAIM-V2-007811,RETRY_ALL,RETRY_ALL,29.3101530663549,25.0,4.3101530663549,4.3101530663549,0.0,PASS
RECLAIM-V2-007812,RETRY_ALL,RETRY_ALL,0.0,25.0,-25.0,-25.0,0.0,PASS
RECLAIM-V2-007813,RETRY_ALL,RETRY_ALL,0.0,25.0,-25.0,-25.0,0.0,PASS
RECLAIM-V2-007814,RETRY_ALL,RETRY_ALL,0.0,25.0,-25.0,-25.0,0.0,PASS
RECLAIM-V2-007815,RETRY_ALL,RETRY_ALL,0.0,25.0,-25.0,-25.0,0.0,PASS
RECLAIM-V2-007816,RETRY_ALL,RETRY_ALL,0.0,25.0,-25.0,-25.0,0.0,PASS
RECLAIM-V2-007817,RETRY_ALL,RETRY_ALL,0.0,25.0,-25.0,-25.0,0.0,PASS
RECLAIM-V2-007818,RETRY_ALL,RETRY_ALL,54.47164169966655,25.0,29.47164169966655,29.47164169966655,0.0,PASS
RECLAIM-V2-007819,RETRY_ALL,RETRY_ALL,0.0,25.0,-25.0,-25.0,0.0,PASS
RECLAIM-V2-007820,RETRY_ALL,RETRY_ALL,203.40298796740728,25.0,178.40298796740728,178.40298796740728,0.0,PASS
RECLAIM-V2-007821,RETRY_ALL,RETRY_ALL,101.56360871701156,25.0,76.56360871701156,76.56360871701156,0.0,PASS
RECLAIM-V2-007822,RETRY_ALL,RETRY_ALL,0.0,25.0,-25.0,-25.0,0.0,PASS
RECLAIM-V2-007823,RETRY_ALL,RETRY_ALL,0.0,25.0,-25.0,-25.0,0.0,PASS
RECLAIM-V2-007824,RETRY_ALL,RETRY_ALL,0.0,25.0,-25.0,-25.0,0.0,PASS
RECLAIM-V2-007825,RETRY_ALL,RETRY_ALL,0.0,25.0,-25.0,-25.0,0.0,PASS
RECLAIM-V2-007826,RETRY_ALL,RETRY_ALL,40.1484128922318,25.0,15.148412892231804,15.148412892231804,0.0,PASS
RECLAIM-V2-007827,RETRY_ALL,RETRY_ALL,2.16723764695065,25.0,-22.83276235304935,-22.83276235304935,0.0,PASS
RECLAIM-V2-007828,RETRY_ALL,RETRY_ALL,365.7025241987421,25.0,340.7025241987421,340.7025241987421,0.0,PASS
RECLAIM-V2-007829,RETRY_ALL,RETRY_ALL,0.0,25.0,-25.0,-25.0,0.0,PASS
RECLAIM-V2-007830,RETRY_ALL,RETRY_ALL,148.01205391395104,25.0,123.01205391395104,123.01205391395104,0.0,PASS
RECLAIM-V2-007831,RETRY_ALL,RETRY_ALL,289.6804488844308,25.0,264.6804488844308,264.6804488844308,0.0,PASS
RECLAIM-V2-007832,RETRY_ALL,RETRY_ALL,26.262040635460348,25.0,1.2620406354603482,1.2620406354603482,0.0,PASS
RECLAIM-V2-007833,RETRY_ALL,RETRY_ALL,0.0,25.0,-25.0,-25.0,0.0,PASS
RECLAIM-V2-007834,RETRY_ALL,RETRY_ALL,105.27664129413,25.0,80.27664129413,80.27664129413,0.0,PASS
RECLAIM-V2-007835,RETRY_ALL,RETRY_ALL,0.0,25.0,-25.0,-25.0,0.0,PASS
RECLAIM-V2-007836,RETRY_ALL,RETRY_ALL,0.0,25.0,-25.0,-25.0,0.0,PASS
RECLAIM-V2-007837,RETRY_ALL,RETRY_ALL,327.3350911888706,25.0,302.3350911888706,302.3350911888706,0.0,PASS
RECLAIM-V2-007838,RETRY_ALL,RETRY_ALL,229.86958595410616,25.0,204.86958595410616,204.86958595410616,0.0,PASS
RECLAIM-V2-007839,RETRY_ALL,RETRY_ALL,0.0,25.0,-25.0,-25.0,0.0,PASS
RECLAIM-V2-007840,RETRY_ALL,RETRY_ALL,0.0,25.0,-25.0,-25.0,0.0,PASS
RECLAIM-V2-007841,RETRY_ALL,RETRY_ALL,291.3216608039562,25.0,266.3216608039562,266.3216608039562,0.0,PASS
RECLAIM-V2-007842,RETRY_ALL,RETRY_ALL,0.0,25.0,-25.0,-25.0,0.0,PASS
RECLAIM-V2-007843,RETRY_ALL,RETRY_ALL,107.83768630806854,25.0,82.83768630806854,82.83768630806854,0.0,PASS
RECLAIM-V2-007844,RETRY_ALL,RETRY_ALL,0.0,25.0,-25.0,-25.0,0.0,PASS
RECLAIM-V2-007845,RETRY_ALL,RETRY_ALL,12.01479889247925,25.0,-12.98520110752075,-12.98520110752075,0.0,PASS
RECLAIM-V2-007846,RETRY_ALL,RETRY_ALL,0.0,25.0,-25.0,-25.0,0.0,PASS
RECLAIM-V2-007847,RETRY_ALL,RETRY_ALL,46.78433934219075,25.0,21.784339342190748,21.784339342190748,0.0,PASS
RECLAIM-V2-007848,RETRY_ALL,RETRY_ALL,148.7115722283351,25.0,123.71157222833509,123.71157222833509,0.0,PASS
RECLAIM-V2-007849,RETRY_ALL,RETRY_ALL,0.0,25.0,-25.0,-25.0,0.0,PASS
RECLAIM-V2-007850,RETRY_ALL,RETRY_ALL,170.1462218711028,25.0,145.1462218711028,145.1462218711028,0.0,PASS
RECLAIM-V2-007851,RETRY_ALL,RETRY_ALL,55.76757058837635,25.0,30.76757058837635,30.76757058837635,0.0,PASS
RECLAIM-V2-007852,RETRY_ALL,RETRY_ALL,0.0,25.0,-25.0,-25.0,0.0,PASS
RECLAIM-V2-007853,RETRY_ALL,RETRY_ALL,339.75474301174245,25.0,314.75474301174245,314.75474301174245,0.0,PASS
RECLAIM-V2-007854,RETRY_ALL,RETRY_ALL,0.0,25.0,-25.0,-25.0,0.0,PASS
RECLAIM-V2-007855,RETRY_ALL,RETRY_ALL,0.0,25.0,-25.0,-25.0,0.0,PASS
RECLAIM-V2-007856,RETRY_ALL,RETRY_ALL,127.42155699317716,25.0,102.42155699317716,102.42155699317716,0.0,PASS
RECLAIM-V2-007857,RETRY_ALL,RETRY_ALL,103.98343249071269,25.0,78.98343249071269,78.98343249071269,0.0,PASS
RECLAIM-V2-007858,TARGET,MONITOR,414.0220906788625,10.0,404.0220906788625,404.0220906788625,0.0,PASS
RECLAIM-V2-007859,RETRY_ALL,RETRY_ALL,154.17007413552946,25.0,129.17007413552946,129.17007413552946,0.0,PASS
RECLAIM-V2-007860,RETRY_ALL,RETRY_ALL,379.0216507173915,25.0,354.0216507173915,354.0216507173915,0.0,PASS
RECLAIM-V2-007861,RETRY_ALL,RETRY_ALL,0.0,25.0,-25.0,-25.0,0.0,PASS
RECLAIM-V2-007862,RETRY_ALL,RETRY_ALL,0.0,25.0,-25.0,-25.0,0.0,PASS
RECLAIM-V2-007863,RETRY_ALL,RETRY_ALL,14.596431807432,25.0,-10.403568192568,-10.403568192568,0.0,PASS
RECLAIM-V2-007864,RETRY_ALL,RETRY_ALL,339.0626812769817,25.0,314.0626812769817,314.0626812769817,0.0,PASS
RECLAIM-V2-007865,RETRY_ALL,RETRY_ALL,195.16392091395343,25.0,170.16392091395343,170.16392091395343,0.0,PASS
RECLAIM-V2-007866,RETRY_ALL,RETRY_ALL,190.42794702293983,25.0,165.42794702293983,165.42794702293983,0.0,PASS
RECLAIM-V2-007867,RETRY_ALL,RETRY_ALL,0.0,25.0,-25.0,-25.0,0.0,PASS
RECLAIM-V2-007868,RETRY_ALL,RETRY_ALL,0.0,25.0,-25.0,-25.0,0.0,PASS
RECLAIM-V2-007869,RETRY_ALL,RETRY_ALL,0.0,25.0,-25.0,-25.0,0.0,PASS
RECLAIM-V2-007870,RETRY_ALL,RETRY_ALL,137.64357493531935,25.0,112.64357493531936,112.64357493531935,-1.4210854715202004e-14,PASS
RECLAIM-V2-007871,RETRY_ALL,RETRY_ALL,0.0,25.0,-25.0,-25.0,0.0,PASS
RECLAIM-V2-007872,RETRY_ALL,RETRY_ALL,366.28150086556496,25.0,341.28150086556496,341.28150086556496,0.0,PASS
RECLAIM-V2-007873,RETRY_ALL,RETRY_ALL,0.0,25.0,-25.0,-25.0,0.0,PASS
RECLAIM-V2-007874,RETRY_ALL,RETRY_ALL,0.0,25.0,-25.0,-25.0,0.0,PASS
RECLAIM-V2-007875,RETRY_ALL,RETRY_ALL,0.0,25.0,-25.0,-25.0,0.0,PASS
RECLAIM-V2-007876,RETRY_ALL,RETRY_ALL,0.0,25.0,-25.0,-25.0,0.0,PASS
RECLAIM-V2-007877,RETRY_ALL,RETRY_ALL,257.22771402817364,25.0,232.22771402817364,232.22771402817364,0.0,PASS
RECLAIM-V2-007878,RETRY_ALL,RETRY_ALL,0.0,25.0,-25.0,-25.0,0.0,PASS
RECLAIM-V2-007879,RETRY_ALL,RETRY_ALL,0.0,25.0,-25.0,-25.0,0.0,PASS
RECLAIM-V2-007880,RETRY_ALL,RETRY_ALL,0.0,25.0,-25.0,-25.0,0.0,PASS
RECLAIM-V2-007881,RETRY_ALL,RETRY_ALL,0.0,25.0,-25.0,-25.0,0.0,PASS
RECLAIM-V2-007882,RETRY_ALL,RETRY_ALL,205.0741395068468,25.0,180.07413950684676,180.0741395068468,2.842170943040401e-14,PASS
RECLAIM-V2-007883,RETRY_ALL,RETRY_ALL,300.13644283731213,25.0,275.13644283731213,275.13644283731213,0.0,PASS
RECLAIM-V2-007884,RETRY_ALL,RETRY_ALL,34.9418760568818,25.0,9.941876056881805,9.941876056881803,-1.7763568394002505e-15,PASS
RECLAIM-V2-007885,RETRY_ALL,RETRY_ALL,0.0,25.0,-25.0,-25.0,0.0,PASS
RECLAIM-V2-007886,RETRY_ALL,RETRY_ALL,0.0,25.0,-25.0,-25.0,0.0,PASS
RECLAIM-V2-007887,RETRY_ALL,RETRY_ALL,0.0,25.0,-25.0,-25.0,0.0,PASS
RECLAIM-V2-007888,RETRY_ALL,RETRY_ALL,202.15040663615787,25.0,177.15040663615787,177.15040663615787,0.0,PASS
RECLAIM-V2-007889,RETRY_ALL,RETRY_ALL,0.0,25.0,-25.0,-25.0,0.0,PASS
RECLAIM-V2-007890,RETRY_ALL,RETRY_ALL,63.1579336495125,25.0,38.1579336495125,38.1579336495125,0.0,PASS
RECLAIM-V2-007891,RETRY_ALL,RETRY_ALL,1.16920121097795,25.0,-23.83079878902205,-23.83079878902205,0.0,PASS
RECLAIM-V2-007892,RETRY_ALL,RETRY_ALL,21.963783173299948,25.0,-3.036216826700052,-3.036216826700052,0.0,PASS
RECLAIM-V2-007893,RETRY_ALL,RETRY_ALL,123.3926354171181,25.0,98.3926354171181,98.3926354171181,0.0,PASS
RECLAIM-V2-007894,RETRY_ALL,RETRY_ALL,0.0,25.0,-25.0,-25.0,0.0,PASS
RECLAIM-V2-007895,RETRY_ALL,RETRY_ALL,315.19125554697433,25.0,290.19125554697433,290.19125554697433,0.0,PASS
RECLAIM-V2-007896,RETRY_ALL,RETRY_ALL,156.45300431008545,25.0,131.45300431008545,131.45300431008545,0.0,PASS
RECLAIM-V2-007897,RETRY_ALL,RETRY_ALL,0.0,25.0,-25.0,-25.0,0.0,PASS
RECLAIM-V2-007898,RETRY_ALL,RETRY_ALL,148.88299803304844,25.0,123.88299803304844,123.88299803304844,0.0,PASS
RECLAIM-V2-007899,RETRY_ALL,RETRY_ALL,113.46856936249036,25.0,88.46856936249036,88.46856936249036,0.0,PASS
RECLAIM-V2-007900,RETRY_ALL,RETRY_ALL,290.8069793155511,25.0,265.8069793155511,265.8069793155511,0.0,PASS
RECLAIM-V2-007901,TARGET,LOW_INTENSITY,468.1420007441655,45.0,423.1420007441655,423.1420007441655,0.0,PASS
RECLAIM-V2-007902,RETRY_ALL,RETRY_ALL,0.0,25.0,-25.0,-25.0,0.0,PASS
RECLAIM-V2-007903,RETRY_ALL,RETRY_ALL,0.0,25.0,-25.0,-25.0,0.0,PASS
RECLAIM-V2-007904,RETRY_ALL,RETRY_ALL,0.0,25.0,-25.0,-25.0,0.0,PASS
RECLAIM-V2-007905,RETRY_ALL,RETRY_ALL,170.64566143118054,25.0,145.64566143118054,145.64566143118054,0.0,PASS
RECLAIM-V2-007906,RETRY_ALL,RETRY_ALL,0.0,25.0,-25.0,-25.0,0.0,PASS
RECLAIM-V2-007907,RETRY_ALL,RETRY_ALL,24.3492350520414,25.0,-0.6507649479585993,-0.6507649479585993,0.0,PASS
RECLAIM-V2-007908,RETRY_ALL,RETRY_ALL,0.0,25.0,-25.0,-25.0,0.0,PASS
RECLAIM-V2-007909,RETRY_ALL,RETRY_ALL,266.7055682478798,25.0,241.7055682478798,241.7055682478798,0.0,PASS
RECLAIM-V2-007910,RETRY_ALL,RETRY_ALL,14.596431807432,25.0,-10.403568192568,-10.403568192568,0.0,PASS
RECLAIM-V2-007911,RETRY_ALL,RETRY_ALL,0.0,25.0,-25.0,-25.0,0.0,PASS
RECLAIM-V2-007912,RETRY_ALL,RETRY_ALL,42.5298250440723,25.0,17.529825044072297,17.529825044072297,0.0,PASS
RECLAIM-V2-007913,RETRY_ALL,RETRY_ALL,0.0,25.0,-25.0,-25.0,0.0,PASS
RECLAIM-V2-007914,RETRY_ALL,RETRY_ALL,0.0,25.0,-25.0,-25.0,0.0,PASS
RECLAIM-V2-007915,RETRY_ALL,RETRY_ALL,196.52282011908764,25.0,171.52282011908764,171.52282011908764,0.0,PASS
RECLAIM-V2-007916,RETRY_ALL,RETRY_ALL,0.0,25.0,-25.0,-25.0,0.0,PASS
RECLAIM-V2-007917,RETRY_ALL,RETRY_ALL,0.0,25.0,-25.0,-25.0,0.0,PASS
RECLAIM-V2-007918,RETRY_ALL,RETRY_ALL,58.81341159880185,25.0,33.81341159880185,33.81341159880185,0.0,PASS
RECLAIM-V2-007919,RETRY_ALL,RETRY_ALL,143.18813906473784,25.0,118.18813906473784,118.18813906473784,0.0,PASS
RECLAIM-V2-007920,RETRY_ALL,RETRY_ALL,238.0528120761041,25.0,213.0528120761041,213.0528120761041,0.0,PASS
RECLAIM-V2-007921,RETRY_ALL,RETRY_ALL,226.8790260311682,25.0,201.8790260311682,201.8790260311682,0.0,PASS
RECLAIM-V2-007922,RETRY_ALL,RETRY_ALL,0.0,25.0,-25.0,-25.0,0.0,PASS
RECLAIM-V2-007923,RETRY_ALL,RETRY_ALL,0.0,25.0,-25.0,-25.0,0.0,PASS
RECLAIM-V2-007924,RETRY_ALL,RETRY_ALL,0.0,25.0,-25.0,-25.0,0.0,PASS
RECLAIM-V2-007925,TARGET,MONITOR,390.13795071358544,10.0,380.13795071358544,380.13795071358544,0.0,PASS
RECLAIM-V2-007926,RETRY_ALL,RETRY_ALL,126.895698969825,25.0,101.895698969825,101.895698969825,0.0,PASS
RECLAIM-V2-007927,RETRY_ALL,RETRY_ALL,97.97458955204144,25.0,72.97458955204144,72.97458955204144,0.0,PASS
RECLAIM-V2-007928,RETRY_ALL,RETRY_ALL,50.7840313161987,25.0,25.7840313161987,25.7840313161987,0.0,PASS
RECLAIM-V2-007929,RETRY_ALL,RETRY_ALL,44.3296398537105,25.0,19.329639853710503,19.329639853710503,0.0,PASS
RECLAIM-V2-007930,RETRY_ALL,RETRY_ALL,98.9049234155838,25.0,73.9049234155838,73.9049234155838,0.0,PASS
RECLAIM-V2-007931,RETRY_ALL,RETRY_ALL,264.985039553265,25.0,239.98503955326493,239.98503955326498,5.684341886080802e-14,PASS
RECLAIM-V2-007932,RETRY_ALL,RETRY_ALL,38.4939983773068,25.0,13.493998377306802,13.493998377306802,0.0,PASS
RECLAIM-V2-007933,RETRY_ALL,RETRY_ALL,180.92796392200336,25.0,155.92796392200336,155.92796392200336,0.0,PASS
RECLAIM-V2-007934,RETRY_ALL,RETRY_ALL,0.0,25.0,-25.0,-25.0,0.0,PASS
RECLAIM-V2-007935,RETRY_ALL,RETRY_ALL,0.0,25.0,-25.0,-25.0,0.0,PASS
RECLAIM-V2-007936,RETRY_ALL,RETRY_ALL,0.0,25.0,-25.0,-25.0,0.0,PASS
RECLAIM-V2-007937,RETRY_ALL,RETRY_ALL,132.88603222567426,25.0,107.88603222567426,107.88603222567426,0.0,PASS
RECLAIM-V2-007938,TARGET,MONITOR,405.29351950924814,10.0,395.29351950924814,395.29351950924814,0.0,PASS
RECLAIM-V2-007939,RETRY_ALL,RETRY_ALL,0.0,25.0,-25.0,-25.0,0.0,PASS
RECLAIM-V2-007940,RETRY_ALL,RETRY_ALL,47.66001987930901,25.0,22.66001987930901,22.66001987930901,0.0,PASS
RECLAIM-V2-007941,RETRY_ALL,RETRY_ALL,0.0,25.0,-25.0,-25.0,0.0,PASS
RECLAIM-V2-007942,RETRY_ALL,RETRY_ALL,320.83534333646026,25.0,295.83534333646026,295.83534333646026,0.0,PASS
RECLAIM-V2-007943,RETRY_ALL,RETRY_ALL,0.0,25.0,-25.0,-25.0,0.0,PASS
RECLAIM-V2-007944,RETRY_ALL,RETRY_ALL,216.26817993327347,25.0,191.26817993327347,191.26817993327347,0.0,PASS
RECLAIM-V2-007945,RETRY_ALL,RETRY_ALL,0.0,25.0,-25.0,-25.0,0.0,PASS
RECLAIM-V2-007946,RETRY_ALL,RETRY_ALL,0.0,25.0,-25.0,-25.0,0.0,PASS
RECLAIM-V2-007947,TARGET,STANDARD_TARGET,497.7783057901364,80.0,417.7783057901364,417.7783057901364,0.0,PASS
RECLAIM-V2-007948,RETRY_ALL,RETRY_ALL,221.3620907817111,25.0,196.3620907817111,196.3620907817111,0.0,PASS
RECLAIM-V2-007949,RETRY_ALL,RETRY_ALL,232.70444981752064,25.0,207.70444981752064,207.70444981752064,0.0,PASS
RECLAIM-V2-007950,RETRY_ALL,RETRY_ALL,0.0,25.0,-25.0,-25.0,0.0,PASS
RECLAIM-V2-007951,RETRY_ALL,RETRY_ALL,115.11618541759096,25.0,90.11618541759096,90.11618541759096,0.0,PASS
RECLAIM-V2-007952,RETRY_ALL,RETRY_ALL,0.0,25.0,-25.0,-25.0,0.0,PASS
RECLAIM-V2-007953,RETRY_ALL,RETRY_ALL,328.79992825606706,25.0,303.79992825606706,303.79992825606706,0.0,PASS
RECLAIM-V2-007954,RETRY_ALL,RETRY_ALL,290.7424870168386,25.0,265.7424870168386,265.7424870168386,0.0,PASS
RECLAIM-V2-007955,RETRY_ALL,RETRY_ALL,0.0,25.0,-25.0,-25.0,0.0,PASS
RECLAIM-V2-007956,RETRY_ALL,RETRY_ALL,0.0,25.0,-25.0,-25.0,0.0,PASS
RECLAIM-V2-007957,RETRY_ALL,RETRY_ALL,0.0,25.0,-25.0,-25.0,0.0,PASS
RECLAIM-V2-007958,RETRY_ALL,RETRY_ALL,178.5807090587088,25.0,153.5807090587088,153.5807090587088,0.0,PASS
RECLAIM-V2-007959,RETRY_ALL,RETRY_ALL,0.0,25.0,-25.0,-25.0,0.0,PASS
RECLAIM-V2-007960,RETRY_ALL,RETRY_ALL,64.66735559766046,25.0,39.66735559766046,39.66735559766046,0.0,PASS
RECLAIM-V2-007961,RETRY_ALL,RETRY_ALL,348.01907136869806,25.0,323.01907136869806,323.01907136869806,0.0,PASS
RECLAIM-V2-007962,RETRY_ALL,RETRY_ALL,25.02500499049725,25.0,0.0250049904972513,0.025004990497251356,5.551115123125783e-17,PASS
RECLAIM-V2-007963,RETRY_ALL,RETRY_ALL,0.0,25.0,-25.0,-25.0,0.0,PASS
RECLAIM-V2-007964,RETRY_ALL,RETRY_ALL,38.7932712572769,25.0,13.7932712572769,13.7932712572769,0.0,PASS
RECLAIM-V2-007965,RETRY_ALL,RETRY_ALL,351.78101831725485,25.0,326.78101831725485,326.78101831725485,0.0,PASS
RECLAIM-V2-007966,RETRY_ALL,RETRY_ALL,52.394684859733495,25.0,27.39468485973349,27.394684859733495,3.552713678800501e-15,PASS
RECLAIM-V2-007967,RETRY_ALL,RETRY_ALL,0.0,25.0,-25.0,-25.0,0.0,PASS
RECLAIM-V2-007968,RETRY_ALL,RETRY_ALL,255.7526240530761,25.0,230.7526240530761,230.7526240530761,0.0,PASS
RECLAIM-V2-007969,RETRY_ALL,RETRY_ALL,0.0,25.0,-25.0,-25.0,0.0,PASS
RECLAIM-V2-007970,RETRY_ALL,RETRY_ALL,188.16077801523988,25.0,163.16077801523988,163.16077801523988,0.0,PASS
RECLAIM-V2-007971,RETRY_ALL,RETRY_ALL,218.0839175565276,25.0,193.0839175565276,193.0839175565276,0.0,PASS
RECLAIM-V2-007972,RETRY_ALL,RETRY_ALL,264.0971355793155,25.0,239.09713557931548,239.09713557931548,0.0,PASS
RECLAIM-V2-007973,RETRY_ALL,RETRY_ALL,114.6430215512832,25.0,89.6430215512832,89.6430215512832,0.0,PASS
RECLAIM-V2-007974,RETRY_ALL,RETRY_ALL,0.0,25.0,-25.0,-25.0,0.0,PASS
RECLAIM-V2-007975,RETRY_ALL,RETRY_ALL,311.84464323731714,25.0,286.84464323731714,286.84464323731714,0.0,PASS
RECLAIM-V2-007976,RETRY_ALL,RETRY_ALL,370.8960374506887,25.0,345.8960374506887,345.8960374506887,0.0,PASS
RECLAIM-V2-007977,RETRY_ALL,RETRY_ALL,0.0,25.0,-25.0,-25.0,0.0,PASS
RECLAIM-V2-007978,RETRY_ALL,RETRY_ALL,0.0,25.0,-25.0,-25.0,0.0,PASS
RECLAIM-V2-007979,RETRY_ALL,RETRY_ALL,47.25020430908116,25.0,22.250204309081163,22.250204309081163,0.0,PASS
RECLAIM-V2-007980,RETRY_ALL,RETRY_ALL,0.0,25.0,-25.0,-25.0,0.0,PASS
RECLAIM-V2-007981,RETRY_ALL,RETRY_ALL,0.0,25.0,-25.0,-25.0,0.0,PASS
RECLAIM-V2-007982,RETRY_ALL,RETRY_ALL,0.0,25.0,-25.0,-25.0,0.0,PASS
RECLAIM-V2-007983,RETRY_ALL,RETRY_ALL,0.0,25.0,-25.0,-25.0,0.0,PASS
RECLAIM-V2-007984,RETRY_ALL,RETRY_ALL,0.0,25.0,-25.0,-25.0,0.0,PASS
RECLAIM-V2-007985,RETRY_ALL,RETRY_ALL,27.1400310923772,25.0,2.1400310923772,2.1400310923771997,-4.440892098500626e-16,PASS
RECLAIM-V2-007986,TARGET,STANDARD_TARGET,486.73690563327887,80.0,406.73690563327887,406.73690563327887,0.0,PASS
RECLAIM-V2-007987,RETRY_ALL,RETRY_ALL,0.0,25.0,-25.0,-25.0,0.0,PASS
RECLAIM-V2-007988,RETRY_ALL,RETRY_ALL,0.0,25.0,-25.0,-25.0,0.0,PASS
RECLAIM-V2-007989,RETRY_ALL,RETRY_ALL,153.25540113413925,25.0,128.25540113413925,128.25540113413925,0.0,PASS
RECLAIM-V2-007990,RETRY_ALL,RETRY_ALL,0.0,25.0,-25.0,-25.0,0.0,PASS
RECLAIM-V2-007991,RETRY_ALL,RETRY_ALL,105.1191415519707,25.0,80.1191415519707,80.1191415519707,0.0,PASS
RECLAIM-V2-007992,RETRY_ALL,RETRY_ALL,51.11674504077659,25.0,26.1167450407766,26.116745040776593,-7.105427357601002e-15,PASS
RECLAIM-V2-007993,RETRY_ALL,RETRY_ALL,20.3377011356592,25.0,-4.662298864340801,-4.662298864340801,0.0,PASS
RECLAIM-V2-007994,RETRY_ALL,RETRY_ALL,182.4267427610907,25.0,157.4267427610907,157.4267427610907,0.0,PASS
RECLAIM-V2-007995,RETRY_ALL,RETRY_ALL,0.0,25.0,-25.0,-25.0,0.0,PASS
RECLAIM-V2-007996,RETRY_ALL,RETRY_ALL,115.833090478632,25.0,90.833090478632,90.833090478632,0.0,PASS
RECLAIM-V2-007997,RETRY_ALL,RETRY_ALL,64.138040637177,25.0,39.138040637177,39.138040637177,0.0,PASS
RECLAIM-V2-007998,RETRY_ALL,RETRY_ALL,0.0,25.0,-25.0,-25.0,0.0,PASS
RECLAIM-V2-007999,RETRY_ALL,RETRY_ALL,48.552711260605946,25.0,23.552711260605943,23.552711260605946,3.552713678800501e-15,PASS
RECLAIM-V2-008000,RETRY_ALL,RETRY_ALL,191.56385813954225,25.0,166.56385813954225,166.56385813954225,0.0,PASS
RECLAIM-V2-008001,RETRY_ALL,RETRY_ALL,320.1835616626923,25.0,295.1835616626923,295.1835616626923,0.0,PASS
RECLAIM-V2-008002,RETRY_ALL,RETRY_ALL,0.0,25.0,-25.0,-25.0,0.0,PASS
RECLAIM-V2-008003,RETRY_ALL,RETRY_ALL,246.1164121733136,25.0,221.1164121733136,221.1164121733136,0.0,PASS
RECLAIM-V2-008004,RETRY_ALL,RETRY_ALL,0.0,25.0,-25.0,-25.0,0.0,PASS
RECLAIM-V2-008005,RETRY_ALL,RETRY_ALL,225.7441274096595,25.0,200.7441274096595,200.7441274096595,0.0,PASS
RECLAIM-V2-008006,RETRY_ALL,RETRY_ALL,17.81562280712355,25.0,-7.18437719287645,-7.18437719287645,0.0,PASS
RECLAIM-V2-008007,RETRY_ALL,RETRY_ALL,146.2824923028006,25.0,121.2824923028006,121.28249230280059,-1.4210854715202004e-14,PASS
RECLAIM-V2-008008,RETRY_ALL,RETRY_ALL,205.6773504837944,25.0,180.6773504837944,180.6773504837944,0.0,PASS
RECLAIM-V2-008009,RETRY_ALL,RETRY_ALL,78.0216388501638,25.0,53.0216388501638,53.0216388501638,0.0,PASS
RECLAIM-V2-008010,RETRY_ALL,RETRY_ALL,324.653705143319,25.0,299.653705143319,299.653705143319,0.0,PASS
RECLAIM-V2-008011,RETRY_ALL,RETRY_ALL,0.0,25.0,-25.0,-25.0,0.0,PASS
RECLAIM-V2-008012,RETRY_ALL,RETRY_ALL,278.0275259893152,25.0,253.0275259893152,253.02752598931522,2.842170943040401e-14,PASS
RECLAIM-V2-008013,RETRY_ALL,RETRY_ALL,115.753748935764,25.0,90.753748935764,90.753748935764,0.0,PASS
RECLAIM-V2-008014,RETRY_ALL,RETRY_ALL,0.0,25.0,-25.0,-25.0,0.0,PASS
RECLAIM-V2-008015,RETRY_ALL,RETRY_ALL,73.78138341428594,25.0,48.78138341428594,48.78138341428594,0.0,PASS
RECLAIM-V2-008016,RETRY_ALL,RETRY_ALL,0.0,25.0,-25.0,-25.0,0.0,PASS
RECLAIM-V2-008017,RETRY_ALL,RETRY_ALL,0.0,25.0,-25.0,-25.0,0.0,PASS
RECLAIM-V2-008018,RETRY_ALL,RETRY_ALL,128.71240505337374,25.0,103.71240505337374,103.71240505337374,0.0,PASS
RECLAIM-V2-008019,RETRY_ALL,RETRY_ALL,0.0,25.0,-25.0,-25.0,0.0,PASS
RECLAIM-V2-008020,RETRY_ALL,RETRY_ALL,0.0,25.0,-25.0,-25.0,0.0,PASS
RECLAIM-V2-008021,RETRY_ALL,RETRY_ALL,0.0,25.0,-25.0,-25.0,0.0,PASS
RECLAIM-V2-008022,RETRY_ALL,RETRY_ALL,0.0,25.0,-25.0,-25.0,0.0,PASS
RECLAIM-V2-008023,RETRY_ALL,RETRY_ALL,45.638442367510045,25.0,20.638442367510045,20.638442367510045,0.0,PASS
RECLAIM-V2-008024,RETRY_ALL,RETRY_ALL,0.0,25.0,-25.0,-25.0,0.0,PASS
RECLAIM-V2-008025,RETRY_ALL,RETRY_ALL,0.0,25.0,-25.0,-25.0,0.0,PASS
RECLAIM-V2-008026,RETRY_ALL,RETRY_ALL,247.8066435451131,25.0,222.8066435451131,222.8066435451131,0.0,PASS
RECLAIM-V2-008027,RETRY_ALL,RETRY_ALL,0.0,25.0,-25.0,-25.0,0.0,PASS
RECLAIM-V2-008028,RETRY_ALL,RETRY_ALL,20.1573438919479,25.0,-4.8426561080521004,-4.8426561080521004,0.0,PASS
RECLAIM-V2-008029,RETRY_ALL,RETRY_ALL,0.0,25.0,-25.0,-25.0,0.0,PASS
RECLAIM-V2-008030,RETRY_ALL,RETRY_ALL,0.0,25.0,-25.0,-25.0,0.0,PASS
RECLAIM-V2-008031,RETRY_ALL,RETRY_ALL,0.0,25.0,-25.0,-25.0,0.0,PASS
RECLAIM-V2-008032,RETRY_ALL,RETRY_ALL,0.0,25.0,-25.0,-25.0,0.0,PASS
RECLAIM-V2-008033,RETRY_ALL,RETRY_ALL,130.86886305053775,25.0,105.86886305053775,105.86886305053775,0.0,PASS
RECLAIM-V2-008034,RETRY_ALL,RETRY_ALL,0.0,25.0,-25.0,-25.0,0.0,PASS
RECLAIM-V2-008035,RETRY_ALL,RETRY_ALL,0.0,25.0,-25.0,-25.0,0.0,PASS
RECLAIM-V2-008036,RETRY_ALL,RETRY_ALL,0.0,25.0,-25.0,-25.0,0.0,PASS
RECLAIM-V2-008037,TARGET,LOW_INTENSITY,464.5131387576864,45.0,419.5131387576864,419.5131387576864,0.0,PASS
RECLAIM-V2-008038,RETRY_ALL,RETRY_ALL,160.42710380184718,25.0,135.42710380184718,135.42710380184718,0.0,PASS
RECLAIM-V2-008039,RETRY_ALL,RETRY_ALL,0.0,25.0,-25.0,-25.0,0.0,PASS
RECLAIM-V2-008040,RETRY_ALL,RETRY_ALL,51.15550854115815,25.0,26.15550854115815,26.15550854115815,0.0,PASS
RECLAIM-V2-008041,RETRY_ALL,RETRY_ALL,0.0,25.0,-25.0,-25.0,0.0,PASS
RECLAIM-V2-008042,RETRY_ALL,RETRY_ALL,0.0,25.0,-25.0,-25.0,0.0,PASS
RECLAIM-V2-008043,RETRY_ALL,RETRY_ALL,0.0,25.0,-25.0,-25.0,0.0,PASS
RECLAIM-V2-008044,RETRY_ALL,RETRY_ALL,0.0,25.0,-25.0,-25.0,0.0,PASS
RECLAIM-V2-008045,RETRY_ALL,RETRY_ALL,0.0,25.0,-25.0,-25.0,0.0,PASS
RECLAIM-V2-008046,RETRY_ALL,RETRY_ALL,0.0,25.0,-25.0,-25.0,0.0,PASS
RECLAIM-V2-008047,RETRY_ALL,RETRY_ALL,0.0,25.0,-25.0,-25.0,0.0,PASS
RECLAIM-V2-008048,RETRY_ALL,RETRY_ALL,0.0,25.0,-25.0,-25.0,0.0,PASS
RECLAIM-V2-008049,RETRY_ALL,RETRY_ALL,87.95451422889059,25.0,62.95451422889059,62.95451422889059,0.0,PASS
RECLAIM-V2-008050,TARGET,LOW_INTENSITY,463.1176656976758,45.0,418.1176656976758,418.1176656976758,0.0,PASS
RECLAIM-V2-008051,RETRY_ALL,RETRY_ALL,0.0,25.0,-25.0,-25.0,0.0,PASS
RECLAIM-V2-008052,RETRY_ALL,RETRY_ALL,121.45134516174328,25.0,96.45134516174328,96.45134516174328,0.0,PASS
RECLAIM-V2-008053,TARGET,MONITOR,413.8577877986283,10.0,403.8577877986283,403.8577877986283,0.0,PASS
RECLAIM-V2-008054,RETRY_ALL,RETRY_ALL,0.0,25.0,-25.0,-25.0,0.0,PASS
RECLAIM-V2-008055,RETRY_ALL,RETRY_ALL,0.0,25.0,-25.0,-25.0,0.0,PASS
RECLAIM-V2-008056,TARGET,LOW_INTENSITY,460.15261938426255,45.0,415.15261938426255,415.15261938426255,0.0,PASS
RECLAIM-V2-008057,RETRY_ALL,RETRY_ALL,0.0,25.0,-25.0,-25.0,0.0,PASS
RECLAIM-V2-008058,RETRY_ALL,RETRY_ALL,45.4985152316883,25.0,20.4985152316883,20.4985152316883,0.0,PASS
RECLAIM-V2-008059,RETRY_ALL,RETRY_ALL,127.33038291884536,25.0,102.33038291884536,102.33038291884536,0.0,PASS
RECLAIM-V2-008060,RETRY_ALL,RETRY_ALL,4.5721070419215,25.0,-20.427892958078505,-20.427892958078502,3.552713678800501e-15,PASS
RECLAIM-V2-008061,RETRY_ALL,RETRY_ALL,0.0,25.0,-25.0,-25.0,0.0,PASS
RECLAIM-V2-008062,RETRY_ALL,RETRY_ALL,133.54357746504135,25.0,108.54357746504137,108.54357746504135,-1.4210854715202004e-14,PASS
RECLAIM-V2-008063,RETRY_ALL,RETRY_ALL,170.17953029114653,25.0,145.17953029114653,145.17953029114653,0.0,PASS
RECLAIM-V2-008064,RETRY_ALL,RETRY_ALL,90.93317525685195,25.0,65.93317525685195,65.93317525685195,0.0,PASS
RECLAIM-V2-008065,RETRY_ALL,RETRY_ALL,0.0,25.0,-25.0,-25.0,0.0,PASS
RECLAIM-V2-008066,RETRY_ALL,RETRY_ALL,144.27018203364915,25.0,119.27018203364916,119.27018203364915,-1.4210854715202004e-14,PASS
RECLAIM-V2-008067,RETRY_ALL,RETRY_ALL,20.61661300769505,25.0,-4.383386992304949,-4.383386992304949,0.0,PASS
RECLAIM-V2-008068,RETRY_ALL,RETRY_ALL,0.0,25.0,-25.0,-25.0,0.0,PASS
RECLAIM-V2-008069,RETRY_ALL,RETRY_ALL,0.0,25.0,-25.0,-25.0,0.0,PASS
RECLAIM-V2-008070,RETRY_ALL,RETRY_ALL,286.5843300122821,25.0,261.5843300122821,261.5843300122821,0.0,PASS
RECLAIM-V2-008071,RETRY_ALL,RETRY_ALL,319.98913560907846,25.0,294.98913560907846,294.98913560907846,0.0,PASS
RECLAIM-V2-008072,RETRY_ALL,RETRY_ALL,0.0,25.0,-25.0,-25.0,0.0,PASS
RECLAIM-V2-008073,RETRY_ALL,RETRY_ALL,202.8654051043791,25.0,177.8654051043791,177.8654051043791,0.0,PASS
RECLAIM-V2-008074,RETRY_ALL,RETRY_ALL,0.0,25.0,-25.0,-25.0,0.0,PASS
RECLAIM-V2-008075,RETRY_ALL,RETRY_ALL,255.39141696008608,25.0,230.39141696008608,230.39141696008608,0.0,PASS
RECLAIM-V2-008076,RETRY_ALL,RETRY_ALL,332.24273611582095,25.0,307.24273611582095,307.24273611582095,0.0,PASS
RECLAIM-V2-008077,RETRY_ALL,RETRY_ALL,149.51850788221304,25.0,124.51850788221304,124.51850788221304,0.0,PASS
RECLAIM-V2-008078,RETRY_ALL,RETRY_ALL,0.0,25.0,-25.0,-25.0,0.0,PASS
RECLAIM-V2-008079,RETRY_ALL,RETRY_ALL,0.0,25.0,-25.0,-25.0,0.0,PASS
RECLAIM-V2-008080,RETRY_ALL,RETRY_ALL,44.135324413131,25.0,19.135324413131,19.135324413131002,3.552713678800501e-15,PASS
RECLAIM-V2-008081,RETRY_ALL,RETRY_ALL,215.62012666899315,25.0,190.62012666899315,190.62012666899315,0.0,PASS
RECLAIM-V2-008082,RETRY_ALL,RETRY_ALL,63.8032786868589,25.0,38.8032786868589,38.8032786868589,0.0,PASS
RECLAIM-V2-008083,RETRY_ALL,RETRY_ALL,0.0,25.0,-25.0,-25.0,0.0,PASS
RECLAIM-V2-008084,RETRY_ALL,RETRY_ALL,0.0,25.0,-25.0,-25.0,0.0,PASS
RECLAIM-V2-008085,RETRY_ALL,RETRY_ALL,57.18539990849791,25.0,32.18539990849791,32.18539990849791,0.0,PASS
RECLAIM-V2-008086,RETRY_ALL,RETRY_ALL,11.44774125418695,25.0,-13.55225874581305,-13.55225874581305,0.0,PASS
RECLAIM-V2-008087,RETRY_ALL,RETRY_ALL,0.0,25.0,-25.0,-25.0,0.0,PASS
RECLAIM-V2-008088,RETRY_ALL,RETRY_ALL,238.91237912025736,25.0,213.91237912025736,213.91237912025736,0.0,PASS
RECLAIM-V2-008089,RETRY_ALL,RETRY_ALL,98.84277832048426,25.0,73.84277832048426,73.84277832048426,0.0,PASS
RECLAIM-V2-008090,RETRY_ALL,RETRY_ALL,0.0,25.0,-25.0,-25.0,0.0,PASS
RECLAIM-V2-008091,RETRY_ALL,RETRY_ALL,195.8691036963368,25.0,170.8691036963368,170.8691036963368,0.0,PASS
RECLAIM-V2-008092,RETRY_ALL,RETRY_ALL,0.0,25.0,-25.0,-25.0,0.0,PASS
RECLAIM-V2-008093,RETRY_ALL,RETRY_ALL,0.0,25.0,-25.0,-25.0,0.0,PASS
RECLAIM-V2-008094,RETRY_ALL,RETRY_ALL,0.0,25.0,-25.0,-25.0,0.0,PASS
RECLAIM-V2-008095,RETRY_ALL,RETRY_ALL,0.0,25.0,-25.0,-25.0,0.0,PASS
RECLAIM-V2-008096,RETRY_ALL,RETRY_ALL,218.17131661490367,25.0,193.17131661490367,193.17131661490367,0.0,PASS
RECLAIM-V2-008097,RETRY_ALL,RETRY_ALL,0.0,25.0,-25.0,-25.0,0.0,PASS
RECLAIM-V2-008098,TARGET,MONITOR,422.48595947876726,10.0,412.48595947876726,412.48595947876726,0.0,PASS
RECLAIM-V2-008099,RETRY_ALL,RETRY_ALL,0.0,25.0,-25.0,-25.0,0.0,PASS
RECLAIM-V2-008100,RETRY_ALL,RETRY_ALL,0.0,25.0,-25.0,-25.0,0.0,PASS
RECLAIM-V2-008101,TARGET,LOW_INTENSITY,457.3353643553164,45.0,412.3353643553164,412.3353643553164,0.0,PASS
RECLAIM-V2-008102,RETRY_ALL,RETRY_ALL,0.0,25.0,-25.0,-25.0,0.0,PASS
RECLAIM-V2-008103,RETRY_ALL,RETRY_ALL,0.0,25.0,-25.0,-25.0,0.0,PASS
RECLAIM-V2-008104,RETRY_ALL,RETRY_ALL,0.0,25.0,-25.0,-25.0,0.0,PASS
RECLAIM-V2-008105,RETRY_ALL,RETRY_ALL,206.1286182236802,25.0,181.1286182236802,181.1286182236802,0.0,PASS
RECLAIM-V2-008106,RETRY_ALL,RETRY_ALL,0.0,25.0,-25.0,-25.0,0.0,PASS
RECLAIM-V2-008107,RETRY_ALL,RETRY_ALL,0.0,25.0,-25.0,-25.0,0.0,PASS
RECLAIM-V2-008108,RETRY_ALL,RETRY_ALL,52.08039757293345,25.0,27.08039757293345,27.08039757293345,0.0,PASS
RECLAIM-V2-008109,RETRY_ALL,RETRY_ALL,300.9449563252281,25.0,275.9449563252281,275.9449563252281,0.0,PASS
RECLAIM-V2-008110,RETRY_ALL,RETRY_ALL,0.0,25.0,-25.0,-25.0,0.0,PASS
RECLAIM-V2-008111,RETRY_ALL,RETRY_ALL,160.3598256369795,25.0,135.3598256369795,135.3598256369795,0.0,PASS
RECLAIM-V2-008112,RETRY_ALL,RETRY_ALL,148.2489473546454,25.0,123.2489473546454,123.2489473546454,0.0,PASS
RECLAIM-V2-008113,RETRY_ALL,RETRY_ALL,133.98456802430923,25.0,108.98456802430924,108.98456802430923,-1.4210854715202004e-14,PASS
RECLAIM-V2-008114,RETRY_ALL,RETRY_ALL,142.91330641471305,25.0,117.91330641471303,117.91330641471305,1.4210854715202004e-14,PASS
RECLAIM-V2-008115,RETRY_ALL,RETRY_ALL,0.0,25.0,-25.0,-25.0,0.0,PASS
RECLAIM-V2-008116,RETRY_ALL,RETRY_ALL,0.0,25.0,-25.0,-25.0,0.0,PASS
RECLAIM-V2-008117,TARGET,LOW_INTENSITY,449.66933386787326,45.0,404.66933386787326,404.66933386787326,0.0,PASS
RECLAIM-V2-008118,RETRY_ALL,RETRY_ALL,0.0,25.0,-25.0,-25.0,0.0,PASS
RECLAIM-V2-008119,RETRY_ALL,RETRY_ALL,56.04529092620744,25.0,31.045290926207443,31.045290926207443,0.0,PASS
RECLAIM-V2-008120,RETRY_ALL,RETRY_ALL,0.0,25.0,-25.0,-25.0,0.0,PASS
RECLAIM-V2-008121,RETRY_ALL,RETRY_ALL,0.0,25.0,-25.0,-25.0,0.0,PASS
RECLAIM-V2-008122,RETRY_ALL,RETRY_ALL,140.6371222752534,25.0,115.6371222752534,115.6371222752534,0.0,PASS
RECLAIM-V2-008123,RETRY_ALL,RETRY_ALL,13.2382607003826,25.0,-11.7617392996174,-11.7617392996174,0.0,PASS
RECLAIM-V2-008124,RETRY_ALL,RETRY_ALL,0.0,25.0,-25.0,-25.0,0.0,PASS
RECLAIM-V2-008125,RETRY_ALL,RETRY_ALL,119.83002551799044,25.0,94.83002551799044,94.83002551799044,0.0,PASS
RECLAIM-V2-008126,RETRY_ALL,RETRY_ALL,0.0,25.0,-25.0,-25.0,0.0,PASS
RECLAIM-V2-008127,RETRY_ALL,RETRY_ALL,0.0,25.0,-25.0,-25.0,0.0,PASS
RECLAIM-V2-008128,RETRY_ALL,RETRY_ALL,119.91283742572696,25.0,94.91283742572696,94.91283742572696,0.0,PASS
RECLAIM-V2-008129,RETRY_ALL,RETRY_ALL,95.57094558277574,25.0,70.57094558277574,70.57094558277574,0.0,PASS
RECLAIM-V2-008130,RETRY_ALL,RETRY_ALL,186.7465867803519,25.0,161.7465867803519,161.7465867803519,0.0,PASS
RECLAIM-V2-008131,RETRY_ALL,RETRY_ALL,64.138040637177,25.0,39.138040637177,39.138040637177,0.0,PASS
RECLAIM-V2-008132,RETRY_ALL,RETRY_ALL,0.0,25.0,-25.0,-25.0,0.0,PASS
RECLAIM-V2-008133,RETRY_ALL,RETRY_ALL,317.37127283480896,25.0,292.37127283480896,292.37127283480896,0.0,PASS
RECLAIM-V2-008134,TARGET,HIGH_INTENSITY,576.516852522911,120.0,456.516852522911,456.516852522911,0.0,PASS
RECLAIM-V2-008135,RETRY_ALL,RETRY_ALL,68.46266959234876,25.0,43.46266959234876,43.46266959234876,0.0,PASS
RECLAIM-V2-008136,RETRY_ALL,RETRY_ALL,161.46388392223756,25.0,136.46388392223756,136.46388392223756,0.0,PASS
RECLAIM-V2-008137,RETRY_ALL,RETRY_ALL,0.0,25.0,-25.0,-25.0,0.0,PASS
RECLAIM-V2-008138,RETRY_ALL,RETRY_ALL,133.25103365633925,25.0,108.25103365633925,108.25103365633925,0.0,PASS
RECLAIM-V2-008139,RETRY_ALL,RETRY_ALL,310.152852185952,25.0,285.152852185952,285.152852185952,0.0,PASS
RECLAIM-V2-008140,RETRY_ALL,RETRY_ALL,158.5795710990384,25.0,133.5795710990384,133.5795710990384,0.0,PASS
RECLAIM-V2-008141,RETRY_ALL,RETRY_ALL,0.0,25.0,-25.0,-25.0,0.0,PASS
RECLAIM-V2-008142,RETRY_ALL,RETRY_ALL,0.0,25.0,-25.0,-25.0,0.0,PASS
RECLAIM-V2-008143,RETRY_ALL,RETRY_ALL,0.0,25.0,-25.0,-25.0,0.0,PASS
RECLAIM-V2-008144,RETRY_ALL,RETRY_ALL,280.7671083801489,25.0,255.7671083801489,255.7671083801489,0.0,PASS
RECLAIM-V2-008145,RETRY_ALL,RETRY_ALL,0.0,25.0,-25.0,-25.0,0.0,PASS
RECLAIM-V2-008146,RETRY_ALL,RETRY_ALL,203.02099657449165,25.0,178.02099657449165,178.02099657449165,0.0,PASS
RECLAIM-V2-008147,RETRY_ALL,RETRY_ALL,0.0,25.0,-25.0,-25.0,0.0,PASS
RECLAIM-V2-008148,RETRY_ALL,RETRY_ALL,45.55285509188715,25.0,20.55285509188716,20.552855091887153,-7.105427357601002e-15,PASS
RECLAIM-V2-008149,RETRY_ALL,RETRY_ALL,0.0,25.0,-25.0,-25.0,0.0,PASS
RECLAIM-V2-008150,RETRY_ALL,RETRY_ALL,0.0,25.0,-25.0,-25.0,0.0,PASS
RECLAIM-V2-008151,RETRY_ALL,RETRY_ALL,0.0,25.0,-25.0,-25.0,0.0,PASS
RECLAIM-V2-008152,RETRY_ALL,RETRY_ALL,306.6719725880343,25.0,281.6719725880343,281.6719725880343,0.0,PASS
RECLAIM-V2-008153,RETRY_ALL,RETRY_ALL,80.4674697738006,25.0,55.4674697738006,55.4674697738006,0.0,PASS
RECLAIM-V2-008154,RETRY_ALL,RETRY_ALL,0.0,25.0,-25.0,-25.0,0.0,PASS
RECLAIM-V2-008155,RETRY_ALL,RETRY_ALL,0.0,25.0,-25.0,-25.0,0.0,PASS
RECLAIM-V2-008156,RETRY_ALL,RETRY_ALL,313.3696904398112,25.0,288.3696904398112,288.3696904398112,0.0,PASS
RECLAIM-V2-008157,RETRY_ALL,RETRY_ALL,0.0,25.0,-25.0,-25.0,0.0,PASS
RECLAIM-V2-008158,RETRY_ALL,RETRY_ALL,0.0,25.0,-25.0,-25.0,0.0,PASS
RECLAIM-V2-008159,RETRY_ALL,RETRY_ALL,0.0,25.0,-25.0,-25.0,0.0,PASS
RECLAIM-V2-008160,RETRY_ALL,RETRY_ALL,295.17198852052786,25.0,270.17198852052786,270.17198852052786,0.0,PASS
RECLAIM-V2-008161,RETRY_ALL,RETRY_ALL,307.1432689641171,25.0,282.1432689641171,282.1432689641171,0.0,PASS
RECLAIM-V2-008162,RETRY_ALL,RETRY_ALL,0.0,25.0,-25.0,-25.0,0.0,PASS
RECLAIM-V2-008163,RETRY_ALL,RETRY_ALL,312.4091935595184,25.0,287.4091935595184,287.4091935595184,0.0,PASS
RECLAIM-V2-008164,RETRY_ALL,RETRY_ALL,102.0978710050323,25.0,77.0978710050323,77.0978710050323,0.0,PASS
RECLAIM-V2-008165,RETRY_ALL,RETRY_ALL,136.69204722064725,25.0,111.69204722064724,111.69204722064725,1.4210854715202004e-14,PASS
RECLAIM-V2-008166,RETRY_ALL,RETRY_ALL,0.0,25.0,-25.0,-25.0,0.0,PASS
RECLAIM-V2-008167,RETRY_ALL,RETRY_ALL,0.0,25.0,-25.0,-25.0,0.0,PASS
RECLAIM-V2-008168,RETRY_ALL,RETRY_ALL,148.4471801121411,25.0,123.4471801121411,123.4471801121411,0.0,PASS
RECLAIM-V2-008169,RETRY_ALL,RETRY_ALL,0.0,25.0,-25.0,-25.0,0.0,PASS
RECLAIM-V2-008170,RETRY_ALL,RETRY_ALL,0.0,25.0,-25.0,-25.0,0.0,PASS
RECLAIM-V2-008171,RETRY_ALL,RETRY_ALL,0.0,25.0,-25.0,-25.0,0.0,PASS
RECLAIM-V2-008172,RETRY_ALL,RETRY_ALL,201.9936593936084,25.0,176.99365939360837,176.9936593936084,2.842170943040401e-14,PASS
RECLAIM-V2-008173,RETRY_ALL,RETRY_ALL,233.56111047712488,25.0,208.56111047712488,208.56111047712488,0.0,PASS
RECLAIM-V2-008174,RETRY_ALL,RETRY_ALL,0.0,25.0,-25.0,-25.0,0.0,PASS
RECLAIM-V2-008175,RETRY_ALL,RETRY_ALL,0.0,25.0,-25.0,-25.0,0.0,PASS
RECLAIM-V2-008176,RETRY_ALL,RETRY_ALL,135.06050326091295,25.0,110.06050326091297,110.06050326091295,-1.4210854715202004e-14,PASS
RECLAIM-V2-008177,RETRY_ALL,RETRY_ALL,0.0,25.0,-25.0,-25.0,0.0,PASS
RECLAIM-V2-008178,RETRY_ALL,RETRY_ALL,130.98135438344758,25.0,105.98135438344758,105.98135438344758,0.0,PASS
RECLAIM-V2-008179,RETRY_ALL,RETRY_ALL,0.0,25.0,-25.0,-25.0,0.0,PASS
RECLAIM-V2-008180,RETRY_ALL,RETRY_ALL,0.0,25.0,-25.0,-25.0,0.0,PASS
RECLAIM-V2-008181,RETRY_ALL,RETRY_ALL,271.2428781107463,25.0,246.2428781107463,246.2428781107463,0.0,PASS
RECLAIM-V2-008182,RETRY_ALL,RETRY_ALL,115.6196082257919,25.0,90.6196082257919,90.6196082257919,0.0,PASS
RECLAIM-V2-008183,RETRY_ALL,RETRY_ALL,0.0,25.0,-25.0,-25.0,0.0,PASS
RECLAIM-V2-008184,TARGET,HIGH_INTENSITY,589.0675722410255,120.0,469.0675722410255,469.06757224102546,-5.684341886080802e-14,PASS
RECLAIM-V2-008185,RETRY_ALL,RETRY_ALL,316.1173712895193,25.0,291.1173712895193,291.1173712895193,0.0,PASS
RECLAIM-V2-008186,RETRY_ALL,RETRY_ALL,59.271129560470655,25.0,34.271129560470655,34.271129560470655,0.0,PASS
RECLAIM-V2-008187,RETRY_ALL,RETRY_ALL,210.3324225224549,25.0,185.3324225224549,185.3324225224549,0.0,PASS
RECLAIM-V2-008188,RETRY_ALL,RETRY_ALL,225.84898217564563,25.0,200.84898217564563,200.84898217564563,0.0,PASS
RECLAIM-V2-008189,RETRY_ALL,RETRY_ALL,0.0,25.0,-25.0,-25.0,0.0,PASS
RECLAIM-V2-008190,RETRY_ALL,RETRY_ALL,0.0,25.0,-25.0,-25.0,0.0,PASS
RECLAIM-V2-008191,RETRY_ALL,RETRY_ALL,246.19761884442568,25.0,221.19761884442568,221.19761884442568,0.0,PASS
RECLAIM-V2-008192,RETRY_ALL,RETRY_ALL,280.1915561535288,25.0,255.1915561535288,255.19155615352878,-2.842170943040401e-14,PASS
RECLAIM-V2-008193,RETRY_ALL,RETRY_ALL,0.0,25.0,-25.0,-25.0,0.0,PASS
RECLAIM-V2-008194,RETRY_ALL,RETRY_ALL,0.0,25.0,-25.0,-25.0,0.0,PASS
RECLAIM-V2-008195,RETRY_ALL,RETRY_ALL,286.400402402624,25.0,261.400402402624,261.400402402624,0.0,PASS
RECLAIM-V2-008196,RETRY_ALL,RETRY_ALL,0.0,25.0,-25.0,-25.0,0.0,PASS
RECLAIM-V2-008197,RETRY_ALL,RETRY_ALL,22.9344607318011,25.0,-2.0655392681989007,-2.0655392681989007,0.0,PASS
RECLAIM-V2-008198,RETRY_ALL,RETRY_ALL,315.79458548439914,25.0,290.79458548439914,290.79458548439914,0.0,PASS
RECLAIM-V2-008199,RETRY_ALL,RETRY_ALL,0.0,25.0,-25.0,-25.0,0.0,PASS
RECLAIM-V2-008200,RETRY_ALL,RETRY_ALL,188.79481974430783,25.0,163.79481974430783,163.79481974430783,0.0,PASS
RECLAIM-V2-008201,RETRY_ALL,RETRY_ALL,370.8960374506887,25.0,345.8960374506887,345.8960374506887,0.0,PASS
RECLAIM-V2-008202,RETRY_ALL,RETRY_ALL,0.0,25.0,-25.0,-25.0,0.0,PASS
RECLAIM-V2-008203,RETRY_ALL,RETRY_ALL,380.55251624460897,25.0,355.55251624460897,355.55251624460897,0.0,PASS
RECLAIM-V2-008204,RETRY_ALL,RETRY_ALL,0.0,25.0,-25.0,-25.0,0.0,PASS
RECLAIM-V2-008205,RETRY_ALL,RETRY_ALL,0.0,25.0,-25.0,-25.0,0.0,PASS
RECLAIM-V2-008206,RETRY_ALL,RETRY_ALL,294.27558452433584,25.0,269.27558452433584,269.27558452433584,0.0,PASS
RECLAIM-V2-008207,TARGET,LOW_INTENSITY,482.1717696072219,45.0,437.1717696072219,437.1717696072219,0.0,PASS
RECLAIM-V2-008208,RETRY_ALL,RETRY_ALL,0.0,25.0,-25.0,-25.0,0.0,PASS
RECLAIM-V2-008209,RETRY_ALL,RETRY_ALL,24.24333998797215,25.0,-0.7566600120278508,-0.7566600120278508,0.0,PASS
RECLAIM-V2-008210,RETRY_ALL,RETRY_ALL,0.0,25.0,-25.0,-25.0,0.0,PASS
RECLAIM-V2-008211,RETRY_ALL,RETRY_ALL,35.04457402804485,25.0,10.044574028044847,10.044574028044849,1.7763568394002505e-15,PASS
RECLAIM-V2-008212,RETRY_ALL,RETRY_ALL,11.20666931717565,25.0,-13.79333068282435,-13.79333068282435,0.0,PASS
RECLAIM-V2-008213,RETRY_ALL,RETRY_ALL,53.34566085612495,25.0,28.34566085612495,28.34566085612495,0.0,PASS
RECLAIM-V2-008214,RETRY_ALL,RETRY_ALL,79.84069939914104,25.0,54.840699399141045,54.840699399141045,0.0,PASS
RECLAIM-V2-008215,RETRY_ALL,RETRY_ALL,0.0,25.0,-25.0,-25.0,0.0,PASS
RECLAIM-V2-008216,RETRY_ALL,RETRY_ALL,77.71344491921654,25.0,52.71344491921654,52.71344491921654,0.0,PASS
RECLAIM-V2-008217,RETRY_ALL,RETRY_ALL,0.0,25.0,-25.0,-25.0,0.0,PASS
RECLAIM-V2-008218,TARGET,MONITOR,401.7579496250551,10.0,391.7579496250551,391.7579496250551,0.0,PASS
RECLAIM-V2-008219,RETRY_ALL,RETRY_ALL,0.0,25.0,-25.0,-25.0,0.0,PASS
RECLAIM-V2-008220,RETRY_ALL,RETRY_ALL,0.0,25.0,-25.0,-25.0,0.0,PASS
RECLAIM-V2-008221,RETRY_ALL,RETRY_ALL,113.50216207085865,25.0,88.50216207085865,88.50216207085865,0.0,PASS
RECLAIM-V2-008222,RETRY_ALL,RETRY_ALL,99.4536075472626,25.0,74.4536075472626,74.4536075472626,0.0,PASS
RECLAIM-V2-008223,RETRY_ALL,RETRY_ALL,0.0,25.0,-25.0,-25.0,0.0,PASS
RECLAIM-V2-008224,RETRY_ALL,RETRY_ALL,0.0,25.0,-25.0,-25.0,0.0,PASS
RECLAIM-V2-008225,RETRY_ALL,RETRY_ALL,0.0,25.0,-25.0,-25.0,0.0,PASS
RECLAIM-V2-008226,RETRY_ALL,RETRY_ALL,0.0,25.0,-25.0,-25.0,0.0,PASS
RECLAIM-V2-008227,RETRY_ALL,RETRY_ALL,258.7866372788126,25.0,233.78663727881252,233.78663727881258,5.684341886080802e-14,PASS
RECLAIM-V2-008228,RETRY_ALL,RETRY_ALL,188.7028338747596,25.0,163.7028338747596,163.7028338747596,0.0,PASS
RECLAIM-V2-008229,RETRY_ALL,RETRY_ALL,57.23362931429145,25.0,32.23362931429145,32.23362931429145,0.0,PASS
RECLAIM-V2-008230,RETRY_ALL,RETRY_ALL,64.138040637177,25.0,39.138040637177,39.138040637177,0.0,PASS
RECLAIM-V2-008231,RETRY_ALL,RETRY_ALL,165.8191023745848,25.0,140.8191023745848,140.8191023745848,0.0,PASS
RECLAIM-V2-008232,RETRY_ALL,RETRY_ALL,0.0,25.0,-25.0,-25.0,0.0,PASS
RECLAIM-V2-008233,RETRY_ALL,RETRY_ALL,0.0,25.0,-25.0,-25.0,0.0,PASS
RECLAIM-V2-008234,RETRY_ALL,RETRY_ALL,284.0080955600568,25.0,259.0080955600568,259.0080955600568,0.0,PASS
RECLAIM-V2-008235,RETRY_ALL,RETRY_ALL,179.91081922702395,25.0,154.91081922702395,154.91081922702395,0.0,PASS
RECLAIM-V2-008236,RETRY_ALL,RETRY_ALL,0.0,25.0,-25.0,-25.0,0.0,PASS
RECLAIM-V2-008237,RETRY_ALL,RETRY_ALL,16.8810257134539,25.0,-8.118974286546099,-8.118974286546099,0.0,PASS
RECLAIM-V2-008238,RETRY_ALL,RETRY_ALL,30.672612398281498,25.0,5.6726123982814975,5.6726123982814975,0.0,PASS
RECLAIM-V2-008239,RETRY_ALL,RETRY_ALL,259.86581511098683,25.0,234.86581511098683,234.86581511098683,0.0,PASS
RECLAIM-V2-008240,RETRY_ALL,RETRY_ALL,0.0,25.0,-25.0,-25.0,0.0,PASS
RECLAIM-V2-008241,RETRY_ALL,RETRY_ALL,0.0,25.0,-25.0,-25.0,0.0,PASS
RECLAIM-V2-008242,TARGET,HIGH_INTENSITY,565.1783494125415,120.0,445.1783494125415,445.1783494125415,0.0,PASS
RECLAIM-V2-008243,RETRY_ALL,RETRY_ALL,0.0,25.0,-25.0,-25.0,0.0,PASS
RECLAIM-V2-008244,RETRY_ALL,RETRY_ALL,0.0,25.0,-25.0,-25.0,0.0,PASS
RECLAIM-V2-008245,RETRY_ALL,RETRY_ALL,98.91410674664026,25.0,73.91410674664026,73.91410674664026,0.0,PASS
RECLAIM-V2-008246,RETRY_ALL,RETRY_ALL,0.0,25.0,-25.0,-25.0,0.0,PASS
RECLAIM-V2-008247,RETRY_ALL,RETRY_ALL,0.0,25.0,-25.0,-25.0,0.0,PASS
RECLAIM-V2-008248,TARGET,STANDARD_TARGET,486.9907789701023,80.0,406.9907789701023,406.9907789701023,0.0,PASS
RECLAIM-V2-008249,TARGET,LOW_INTENSITY,475.5308873318682,45.0,430.5308873318682,430.5308873318682,0.0,PASS
RECLAIM-V2-008250,RETRY_ALL,RETRY_ALL,0.0,25.0,-25.0,-25.0,0.0,PASS
RECLAIM-V2-008251,RETRY_ALL,RETRY_ALL,0.0,25.0,-25.0,-25.0,0.0,PASS
RECLAIM-V2-008252,RETRY_ALL,RETRY_ALL,14.596431807432,25.0,-10.403568192568,-10.403568192568,0.0,PASS
RECLAIM-V2-008253,RETRY_ALL,RETRY_ALL,0.0,25.0,-25.0,-25.0,0.0,PASS
RECLAIM-V2-008254,RETRY_ALL,RETRY_ALL,0.0,25.0,-25.0,-25.0,0.0,PASS
RECLAIM-V2-008255,RETRY_ALL,RETRY_ALL,0.0,25.0,-25.0,-25.0,0.0,PASS
RECLAIM-V2-008256,RETRY_ALL,RETRY_ALL,126.895698969825,25.0,101.895698969825,101.895698969825,0.0,PASS
RECLAIM-V2-008257,RETRY_ALL,RETRY_ALL,242.2842767036628,25.0,217.2842767036628,217.2842767036628,0.0,PASS
RECLAIM-V2-008258,TARGET,LOW_INTENSITY,465.3450536887467,45.0,420.3450536887467,420.3450536887467,0.0,PASS
RECLAIM-V2-008259,RETRY_ALL,RETRY_ALL,0.0,25.0,-25.0,-25.0,0.0,PASS
RECLAIM-V2-008260,RETRY_ALL,RETRY_ALL,21.85915858336005,25.0,-3.140841416639951,-3.140841416639951,0.0,PASS
RECLAIM-V2-008261,RETRY_ALL,RETRY_ALL,0.0,25.0,-25.0,-25.0,0.0,PASS
RECLAIM-V2-008262,RETRY_ALL,RETRY_ALL,0.0,25.0,-25.0,-25.0,0.0,PASS
RECLAIM-V2-008263,RETRY_ALL,RETRY_ALL,0.0,25.0,-25.0,-25.0,0.0,PASS
RECLAIM-V2-008264,RETRY_ALL,RETRY_ALL,298.76429827923823,25.0,273.76429827923823,273.76429827923823,0.0,PASS
RECLAIM-V2-008265,RETRY_ALL,RETRY_ALL,0.0,25.0,-25.0,-25.0,0.0,PASS
RECLAIM-V2-008266,RETRY_ALL,RETRY_ALL,339.0359307874146,25.0,314.0359307874146,314.0359307874146,0.0,PASS
RECLAIM-V2-008267,RETRY_ALL,RETRY_ALL,106.69197517765576,25.0,81.69197517765576,81.69197517765576,0.0,PASS
RECLAIM-V2-008268,RETRY_ALL,RETRY_ALL,0.0,25.0,-25.0,-25.0,0.0,PASS
RECLAIM-V2-008269,RETRY_ALL,RETRY_ALL,0.0,25.0,-25.0,-25.0,0.0,PASS
RECLAIM-V2-008270,RETRY_ALL,RETRY_ALL,206.04454570789423,25.0,181.04454570789423,181.04454570789423,0.0,PASS
RECLAIM-V2-008271,RETRY_ALL,RETRY_ALL,0.0,25.0,-25.0,-25.0,0.0,PASS
RECLAIM-V2-008272,RETRY_ALL,RETRY_ALL,88.2913417810131,25.0,63.2913417810131,63.2913417810131,0.0,PASS
RECLAIM-V2-008273,RETRY_ALL,RETRY_ALL,0.0,25.0,-25.0,-25.0,0.0,PASS
RECLAIM-V2-008274,RETRY_ALL,RETRY_ALL,244.3005607829259,25.0,219.3005607829259,219.3005607829259,0.0,PASS
RECLAIM-V2-008275,RETRY_ALL,RETRY_ALL,32.8945936197855,25.0,7.894593619785503,7.894593619785503,0.0,PASS
RECLAIM-V2-008276,RETRY_ALL,RETRY_ALL,34.9241808136488,25.0,9.924180813648803,9.924180813648803,0.0,PASS
RECLAIM-V2-008277,RETRY_ALL,RETRY_ALL,0.0,25.0,-25.0,-25.0,0.0,PASS
RECLAIM-V2-008278,RETRY_ALL,RETRY_ALL,0.0,25.0,-25.0,-25.0,0.0,PASS
RECLAIM-V2-008279,RETRY_ALL,RETRY_ALL,0.0,25.0,-25.0,-25.0,0.0,PASS
RECLAIM-V2-008280,RETRY_ALL,RETRY_ALL,0.0,25.0,-25.0,-25.0,0.0,PASS
RECLAIM-V2-008281,RETRY_ALL,RETRY_ALL,151.1600204315694,25.0,126.1600204315694,126.1600204315694,0.0,PASS
RECLAIM-V2-008282,RETRY_ALL,RETRY_ALL,55.5768842583165,25.0,30.576884258316497,30.576884258316497,0.0,PASS
RECLAIM-V2-008283,RETRY_ALL,RETRY_ALL,0.0,25.0,-25.0,-25.0,0.0,PASS
RECLAIM-V2-008284,RETRY_ALL,RETRY_ALL,0.0,25.0,-25.0,-25.0,0.0,PASS
RECLAIM-V2-008285,RETRY_ALL,RETRY_ALL,0.0,25.0,-25.0,-25.0,0.0,PASS
RECLAIM-V2-008286,RETRY_ALL,RETRY_ALL,64.138040637177,25.0,39.138040637177,39.138040637177,0.0,PASS
RECLAIM-V2-008287,RETRY_ALL,RETRY_ALL,38.1455532669906,25.0,13.145553266990603,13.145553266990603,0.0,PASS
RECLAIM-V2-008288,RETRY_ALL,RETRY_ALL,0.0,25.0,-25.0,-25.0,0.0,PASS
RECLAIM-V2-008289,RETRY_ALL,RETRY_ALL,0.0,25.0,-25.0,-25.0,0.0,PASS
RECLAIM-V2-008290,RETRY_ALL,RETRY_ALL,120.6821847145668,25.0,95.6821847145668,95.6821847145668,0.0,PASS
RECLAIM-V2-008291,RETRY_ALL,RETRY_ALL,0.0,25.0,-25.0,-25.0,0.0,PASS
RECLAIM-V2-008292,RETRY_ALL,RETRY_ALL,0.0,25.0,-25.0,-25.0,0.0,PASS
RECLAIM-V2-008293,RETRY_ALL,RETRY_ALL,66.0551247802125,25.0,41.055124780212495,41.055124780212495,0.0,PASS
RECLAIM-V2-008294,RETRY_ALL,RETRY_ALL,0.0,25.0,-25.0,-25.0,0.0,PASS
RECLAIM-V2-008295,RETRY_ALL,RETRY_ALL,0.0,25.0,-25.0,-25.0,0.0,PASS
RECLAIM-V2-008296,RETRY_ALL,RETRY_ALL,0.0,25.0,-25.0,-25.0,0.0,PASS
RECLAIM-V2-008297,RETRY_ALL,RETRY_ALL,260.94161962263587,25.0,235.94161962263587,235.94161962263587,0.0,PASS
RECLAIM-V2-008298,RETRY_ALL,RETRY_ALL,14.0164158696201,25.0,-10.9835841303799,-10.9835841303799,0.0,PASS
RECLAIM-V2-008299,RETRY_ALL,RETRY_ALL,9.98998663710975,25.0,-15.01001336289025,-15.01001336289025,0.0,PASS
RECLAIM-V2-008300,RETRY_ALL,RETRY_ALL,0.0,25.0,-25.0,-25.0,0.0,PASS
RECLAIM-V2-008301,RETRY_ALL,RETRY_ALL,0.0,25.0,-25.0,-25.0,0.0,PASS
RECLAIM-V2-008302,RETRY_ALL,RETRY_ALL,70.58985307734405,25.0,45.589853077344046,45.589853077344046,0.0,PASS
RECLAIM-V2-008303,RETRY_ALL,RETRY_ALL,0.0,25.0,-25.0,-25.0,0.0,PASS
RECLAIM-V2-008304,RETRY_ALL,RETRY_ALL,63.27467360042145,25.0,38.27467360042145,38.27467360042145,0.0,PASS
RECLAIM-V2-008305,RETRY_ALL,RETRY_ALL,0.0,25.0,-25.0,-25.0,0.0,PASS
RECLAIM-V2-008306,RETRY_ALL,RETRY_ALL,295.71649664896546,25.0,270.71649664896546,270.71649664896546,0.0,PASS
RECLAIM-V2-008307,RETRY_ALL,RETRY_ALL,182.4267427610907,25.0,157.4267427610907,157.4267427610907,0.0,PASS
RECLAIM-V2-008308,RETRY_ALL,RETRY_ALL,0.0,25.0,-25.0,-25.0,0.0,PASS
RECLAIM-V2-008309,RETRY_ALL,RETRY_ALL,229.76616727602587,25.0,204.76616727602587,204.76616727602587,0.0,PASS
RECLAIM-V2-008310,RETRY_ALL,RETRY_ALL,196.36381814986785,25.0,171.36381814986785,171.36381814986785,0.0,PASS
RECLAIM-V2-008311,RETRY_ALL,RETRY_ALL,90.80784409794164,25.0,65.80784409794164,65.80784409794164,0.0,PASS
RECLAIM-V2-008312,RETRY_ALL,RETRY_ALL,81.0293249710296,25.0,56.0293249710296,56.029324971029595,-7.105427357601002e-15,PASS
RECLAIM-V2-008313,RETRY_ALL,RETRY_ALL,0.0,25.0,-25.0,-25.0,0.0,PASS
RECLAIM-V2-008314,RETRY_ALL,RETRY_ALL,0.0,25.0,-25.0,-25.0,0.0,PASS
RECLAIM-V2-008315,RETRY_ALL,RETRY_ALL,27.76994795550795,25.0,2.7699479555079485,2.7699479555079485,0.0,PASS
RECLAIM-V2-008316,TARGET,MONITOR,394.30906058974,10.0,384.30906058974,384.30906058974,0.0,PASS
RECLAIM-V2-008317,RETRY_ALL,RETRY_ALL,153.97056316225755,25.0,128.97056316225755,128.97056316225755,0.0,PASS
RECLAIM-V2-008318,RETRY_ALL,RETRY_ALL,0.0,25.0,-25.0,-25.0,0.0,PASS
RECLAIM-V2-008319,RETRY_ALL,RETRY_ALL,288.6482436090843,25.0,263.6482436090843,263.6482436090843,0.0,PASS
RECLAIM-V2-008320,RETRY_ALL,RETRY_ALL,0.0,25.0,-25.0,-25.0,0.0,PASS
RECLAIM-V2-008321,RETRY_ALL,RETRY_ALL,152.42679415476917,25.0,127.42679415476915,127.42679415476917,1.4210854715202004e-14,PASS
RECLAIM-V2-008322,RETRY_ALL,RETRY_ALL,8.5990235402199,25.0,-16.4009764597801,-16.4009764597801,0.0,PASS
RECLAIM-V2-008323,RETRY_ALL,RETRY_ALL,0.0,25.0,-25.0,-25.0,0.0,PASS
RECLAIM-V2-008324,RETRY_ALL,RETRY_ALL,341.2088657724594,25.0,316.2088657724594,316.2088657724594,0.0,PASS
RECLAIM-V2-008325,RETRY_ALL,RETRY_ALL,0.0,25.0,-25.0,-25.0,0.0,PASS
RECLAIM-V2-008326,RETRY_ALL,RETRY_ALL,0.0,25.0,-25.0,-25.0,0.0,PASS
RECLAIM-V2-008327,RETRY_ALL,RETRY_ALL,94.61757806704514,25.0,69.61757806704514,69.61757806704514,0.0,PASS
RECLAIM-V2-008328,RETRY_ALL,RETRY_ALL,98.42606605258467,25.0,73.42606605258467,73.42606605258467,0.0,PASS
RECLAIM-V2-008329,RETRY_ALL,RETRY_ALL,118.57834652453744,25.0,93.57834652453744,93.57834652453744,0.0,PASS
RECLAIM-V2-008330,RETRY_ALL,RETRY_ALL,68.7256626236028,25.0,43.7256626236028,43.7256626236028,0.0,PASS
RECLAIM-V2-008331,RETRY_ALL,RETRY_ALL,300.0743261868138,25.0,275.0743261868138,275.0743261868138,0.0,PASS
RECLAIM-V2-008332,TARGET,LOW_INTENSITY,440.8458556766103,45.0,395.8458556766103,395.8458556766103,0.0,PASS
RECLAIM-V2-008333,RETRY_ALL,RETRY_ALL,227.8624937284237,25.0,202.8624937284237,202.8624937284237,0.0,PASS
RECLAIM-V2-008334,RETRY_ALL,RETRY_ALL,205.656820235853,25.0,180.656820235853,180.656820235853,0.0,PASS
RECLAIM-V2-008335,RETRY_ALL,RETRY_ALL,146.2779553915062,25.0,121.2779553915062,121.2779553915062,0.0,PASS
RECLAIM-V2-008336,RETRY_ALL,RETRY_ALL,0.0,25.0,-25.0,-25.0,0.0,PASS
RECLAIM-V2-008337,RETRY_ALL,RETRY_ALL,345.8501341945818,25.0,320.8501341945818,320.8501341945818,0.0,PASS
RECLAIM-V2-008338,RETRY_ALL,RETRY_ALL,0.0,25.0,-25.0,-25.0,0.0,PASS
RECLAIM-V2-008339,RETRY_ALL,RETRY_ALL,309.90913535265526,25.0,284.90913535265526,284.90913535265526,0.0,PASS
RECLAIM-V2-008340,RETRY_ALL,RETRY_ALL,0.0,25.0,-25.0,-25.0,0.0,PASS
RECLAIM-V2-008341,RETRY_ALL,RETRY_ALL,292.53556729368063,25.0,267.53556729368063,267.53556729368063,0.0,PASS
RECLAIM-V2-008342,RETRY_ALL,RETRY_ALL,6.8325163033317,25.0,-18.1674836966683,-18.1674836966683,0.0,PASS
RECLAIM-V2-008343,RETRY_ALL,RETRY_ALL,318.91886501084895,25.0,293.91886501084895,293.91886501084895,0.0,PASS
RECLAIM-V2-008344,RETRY_ALL,RETRY_ALL,19.92289148850045,25.0,-5.077108511499549,-5.077108511499549,0.0,PASS
RECLAIM-V2-008345,RETRY_ALL,RETRY_ALL,0.0,25.0,-25.0,-25.0,0.0,PASS
RECLAIM-V2-008346,RETRY_ALL,RETRY_ALL,186.0479051282052,25.0,161.0479051282052,161.0479051282052,0.0,PASS
RECLAIM-V2-008347,RETRY_ALL,RETRY_ALL,0.0,25.0,-25.0,-25.0,0.0,PASS
RECLAIM-V2-008348,RETRY_ALL,RETRY_ALL,0.0,25.0,-25.0,-25.0,0.0,PASS
RECLAIM-V2-008349,TARGET,LOW_INTENSITY,474.9691012458681,45.0,429.9691012458681,429.9691012458681,0.0,PASS
RECLAIM-V2-008350,RETRY_ALL,RETRY_ALL,0.0,25.0,-25.0,-25.0,0.0,PASS
RECLAIM-V2-008351,RETRY_ALL,RETRY_ALL,175.7900798637429,25.0,150.7900798637429,150.7900798637429,0.0,PASS
RECLAIM-V2-008352,RETRY_ALL,RETRY_ALL,77.3685990867579,25.0,52.3685990867579,52.3685990867579,0.0,PASS
RECLAIM-V2-008353,RETRY_ALL,RETRY_ALL,219.4544688961741,25.0,194.4544688961741,194.4544688961741,0.0,PASS
RECLAIM-V2-008354,RETRY_ALL,RETRY_ALL,205.6773504837944,25.0,180.6773504837944,180.6773504837944,0.0,PASS
RECLAIM-V2-008355,RETRY_ALL,RETRY_ALL,0.0,25.0,-25.0,-25.0,0.0,PASS
RECLAIM-V2-008356,RETRY_ALL,RETRY_ALL,19.07848774813635,25.0,-5.92151225186365,-5.92151225186365,0.0,PASS
RECLAIM-V2-008357,RETRY_ALL,RETRY_ALL,0.0,25.0,-25.0,-25.0,0.0,PASS
RECLAIM-V2-008358,RETRY_ALL,RETRY_ALL,307.5356197845699,25.0,282.5356197845699,282.5356197845699,0.0,PASS
RECLAIM-V2-008359,RETRY_ALL,RETRY_ALL,0.0,25.0,-25.0,-25.0,0.0,PASS
RECLAIM-V2-008360,RETRY_ALL,RETRY_ALL,0.0,25.0,-25.0,-25.0,0.0,PASS
RECLAIM-V2-008361,RETRY_ALL,RETRY_ALL,0.0,25.0,-25.0,-25.0,0.0,PASS
RECLAIM-V2-008362,RETRY_ALL,RETRY_ALL,284.1292510761872,25.0,259.1292510761872,259.1292510761872,0.0,PASS
RECLAIM-V2-008363,RETRY_ALL,RETRY_ALL,44.1942765808746,25.0,19.1942765808746,19.1942765808746,0.0,PASS
RECLAIM-V2-008364,RETRY_ALL,RETRY_ALL,35.0825750723199,25.0,10.082575072319898,10.082575072319898,0.0,PASS
RECLAIM-V2-008365,RETRY_ALL,RETRY_ALL,14.596431807432,25.0,-10.403568192568,-10.403568192568,0.0,PASS
RECLAIM-V2-008366,TARGET,LOW_INTENSITY,436.8642221317365,45.0,391.8642221317365,391.8642221317365,0.0,PASS
RECLAIM-V2-008367,RETRY_ALL,RETRY_ALL,21.85915858336005,25.0,-3.140841416639951,-3.140841416639951,0.0,PASS
RECLAIM-V2-008368,RETRY_ALL,RETRY_ALL,12.0075364121106,25.0,-12.9924635878894,-12.9924635878894,0.0,PASS
RECLAIM-V2-008369,RETRY_ALL,RETRY_ALL,0.0,25.0,-25.0,-25.0,0.0,PASS
RECLAIM-V2-008370,RETRY_ALL,RETRY_ALL,139.16058853565025,25.0,114.16058853565023,114.16058853565025,1.4210854715202004e-14,PASS
RECLAIM-V2-008371,RETRY_ALL,RETRY_ALL,21.85915858336005,25.0,-3.140841416639951,-3.140841416639951,0.0,PASS
RECLAIM-V2-008372,RETRY_ALL,RETRY_ALL,39.282837539410046,25.0,14.282837539410046,14.282837539410046,0.0,PASS
RECLAIM-V2-008373,RETRY_ALL,RETRY_ALL,91.04934335970856,25.0,66.04934335970856,66.04934335970856,0.0,PASS
RECLAIM-V2-008374,RETRY_ALL,RETRY_ALL,228.2260668454201,25.0,203.2260668454201,203.2260668454201,0.0,PASS
RECLAIM-V2-008375,RETRY_ALL,RETRY_ALL,0.0,25.0,-25.0,-25.0,0.0,PASS
RECLAIM-V2-008376,RETRY_ALL,RETRY_ALL,0.0,25.0,-25.0,-25.0,0.0,PASS
RECLAIM-V2-008377,RETRY_ALL,RETRY_ALL,27.45672987621705,25.0,2.45672987621705,2.45672987621705,0.0,PASS
RECLAIM-V2-008378,RETRY_ALL,RETRY_ALL,125.86653952806977,25.0,100.86653952806977,100.86653952806977,0.0,PASS
RECLAIM-V2-008379,RETRY_ALL,RETRY_ALL,46.73988283847235,25.0,21.739882838472347,21.739882838472347,0.0,PASS
RECLAIM-V2-008380,RETRY_ALL,RETRY_ALL,186.09349525074643,25.0,161.09349525074643,161.09349525074643,0.0,PASS
RECLAIM-V2-008381,RETRY_ALL,RETRY_ALL,221.22912473651428,25.0,196.22912473651428,196.22912473651428,0.0,PASS
RECLAIM-V2-008382,TARGET,MONITOR,391.4013903576217,10.0,381.4013903576217,381.4013903576217,0.0,PASS
RECLAIM-V2-008383,RETRY_ALL,RETRY_ALL,0.0,25.0,-25.0,-25.0,0.0,PASS
RECLAIM-V2-008384,RETRY_ALL,RETRY_ALL,0.0,25.0,-25.0,-25.0,0.0,PASS
RECLAIM-V2-008385,RETRY_ALL,RETRY_ALL,0.0,25.0,-25.0,-25.0,0.0,PASS
RECLAIM-V2-008386,RETRY_ALL,RETRY_ALL,188.1078503028963,25.0,163.1078503028963,163.1078503028963,0.0,PASS
RECLAIM-V2-008387,RETRY_ALL,RETRY_ALL,161.3138454181584,25.0,136.3138454181584,136.3138454181584,0.0,PASS
RECLAIM-V2-008388,RETRY_ALL,RETRY_ALL,0.0,25.0,-25.0,-25.0,0.0,PASS
RECLAIM-V2-008389,RETRY_ALL,RETRY_ALL,241.95183048552448,25.0,216.95183048552448,216.95183048552448,0.0,PASS
RECLAIM-V2-008390,RETRY_ALL,RETRY_ALL,0.0,25.0,-25.0,-25.0,0.0,PASS
RECLAIM-V2-008391,RETRY_ALL,RETRY_ALL,311.02803827832645,25.0,286.02803827832645,286.02803827832645,0.0,PASS
RECLAIM-V2-008392,RETRY_ALL,RETRY_ALL,162.46547922066617,25.0,137.46547922066617,137.46547922066617,0.0,PASS
RECLAIM-V2-008393,RETRY_ALL,RETRY_ALL,170.78552525168473,25.0,145.78552525168473,145.78552525168473,0.0,PASS
RECLAIM-V2-008394,RETRY_ALL,RETRY_ALL,89.4060107879964,25.0,64.4060107879964,64.4060107879964,0.0,PASS
RECLAIM-V2-008395,TARGET,MONITOR,406.65163378490143,10.0,396.65163378490143,396.65163378490143,0.0,PASS
RECLAIM-V2-008396,RETRY_ALL,RETRY_ALL,314.16030007546004,25.0,289.16030007546004,289.16030007546004,0.0,PASS
RECLAIM-V2-008397,RETRY_ALL,RETRY_ALL,0.0,25.0,-25.0,-25.0,0.0,PASS
RECLAIM-V2-008398,RETRY_ALL,RETRY_ALL,0.0,25.0,-25.0,-25.0,0.0,PASS
RECLAIM-V2-008399,RETRY_ALL,RETRY_ALL,0.0,25.0,-25.0,-25.0,0.0,PASS
RECLAIM-V2-008400,RETRY_ALL,RETRY_ALL,121.98308729611097,25.0,96.98308729611097,96.98308729611097,0.0,PASS
RECLAIM-V2-008401,RETRY_ALL,RETRY_ALL,134.65332158594566,25.0,109.65332158594566,109.65332158594566,0.0,PASS
RECLAIM-V2-008402,RETRY_ALL,RETRY_ALL,162.20682527789822,25.0,137.20682527789822,137.20682527789822,0.0,PASS
RECLAIM-V2-008403,RETRY_ALL,RETRY_ALL,0.0,25.0,-25.0,-25.0,0.0,PASS
RECLAIM-V2-008404,RETRY_ALL,RETRY_ALL,265.7976559991204,25.0,240.7976559991204,240.79765599912042,2.842170943040401e-14,PASS
RECLAIM-V2-008405,RETRY_ALL,RETRY_ALL,243.530404511265,25.0,218.530404511265,218.530404511265,0.0,PASS
RECLAIM-V2-008406,RETRY_ALL,RETRY_ALL,0.0,25.0,-25.0,-25.0,0.0,PASS
RECLAIM-V2-008407,RETRY_ALL,RETRY_ALL,0.0,25.0,-25.0,-25.0,0.0,PASS
RECLAIM-V2-008408,RETRY_ALL,RETRY_ALL,54.80151233904,25.0,29.80151233904,29.801512339040002,3.552713678800501e-15,PASS
RECLAIM-V2-008409,RETRY_ALL,RETRY_ALL,124.6361682803067,25.0,99.6361682803067,99.6361682803067,0.0,PASS
RECLAIM-V2-008410,RETRY_ALL,RETRY_ALL,312.9065341332267,25.0,287.9065341332267,287.9065341332267,0.0,PASS
RECLAIM-V2-008411,RETRY_ALL,RETRY_ALL,0.0,25.0,-25.0,-25.0,0.0,PASS
RECLAIM-V2-008412,RETRY_ALL,RETRY_ALL,50.0764403507394,25.0,25.0764403507394,25.076440350739396,-3.552713678800501e-15,PASS
RECLAIM-V2-008413,RETRY_ALL,RETRY_ALL,0.0,25.0,-25.0,-25.0,0.0,PASS
RECLAIM-V2-008414,RETRY_ALL,RETRY_ALL,106.18176717960137,25.0,81.18176717960137,81.18176717960137,0.0,PASS
RECLAIM-V2-008415,RETRY_ALL,RETRY_ALL,55.3159047939807,25.0,30.3159047939807,30.3159047939807,0.0,PASS
RECLAIM-V2-008416,RETRY_ALL,RETRY_ALL,0.0,25.0,-25.0,-25.0,0.0,PASS
RECLAIM-V2-008417,RETRY_ALL,RETRY_ALL,0.0,25.0,-25.0,-25.0,0.0,PASS
RECLAIM-V2-008418,RETRY_ALL,RETRY_ALL,67.87720817362275,25.0,42.87720817362275,42.87720817362275,0.0,PASS
RECLAIM-V2-008419,RETRY_ALL,RETRY_ALL,0.0,25.0,-25.0,-25.0,0.0,PASS
RECLAIM-V2-008420,RETRY_ALL,RETRY_ALL,229.77837315468736,25.0,204.77837315468736,204.77837315468736,0.0,PASS
RECLAIM-V2-008421,RETRY_ALL,RETRY_ALL,0.0,25.0,-25.0,-25.0,0.0,PASS
RECLAIM-V2-008422,RETRY_ALL,RETRY_ALL,211.09406264655053,25.0,186.09406264655053,186.09406264655053,0.0,PASS
RECLAIM-V2-008423,RETRY_ALL,RETRY_ALL,77.8428635520453,25.0,52.8428635520453,52.8428635520453,0.0,PASS
RECLAIM-V2-008424,RETRY_ALL,RETRY_ALL,0.0,25.0,-25.0,-25.0,0.0,PASS
RECLAIM-V2-008425,RETRY_ALL,RETRY_ALL,43.0941659087991,25.0,18.0941659087991,18.0941659087991,0.0,PASS
RECLAIM-V2-008426,RETRY_ALL,RETRY_ALL,0.0,25.0,-25.0,-25.0,0.0,PASS
RECLAIM-V2-008427,RETRY_ALL,RETRY_ALL,0.0,25.0,-25.0,-25.0,0.0,PASS
RECLAIM-V2-008428,RETRY_ALL,RETRY_ALL,190.5619513998733,25.0,165.5619513998733,165.5619513998733,0.0,PASS
RECLAIM-V2-008429,RETRY_ALL,RETRY_ALL,147.6884133148107,25.0,122.6884133148107,122.6884133148107,0.0,PASS
RECLAIM-V2-008430,RETRY_ALL,RETRY_ALL,58.9630598442462,25.0,33.9630598442462,33.9630598442462,0.0,PASS
RECLAIM-V2-008431,RETRY_ALL,RETRY_ALL,93.27275863721788,25.0,68.27275863721788,68.27275863721788,0.0,PASS
RECLAIM-V2-008432,RETRY_ALL,RETRY_ALL,0.0,25.0,-25.0,-25.0,0.0,PASS
RECLAIM-V2-008433,RETRY_ALL,RETRY_ALL,117.62650593546223,25.0,92.62650593546223,92.62650593546223,0.0,PASS
RECLAIM-V2-008434,RETRY_ALL,RETRY_ALL,0.0,25.0,-25.0,-25.0,0.0,PASS
RECLAIM-V2-008435,RETRY_ALL,RETRY_ALL,0.0,25.0,-25.0,-25.0,0.0,PASS
RECLAIM-V2-008436,RETRY_ALL,RETRY_ALL,41.6433428422002,25.0,16.643342842200198,16.643342842200198,0.0,PASS
RECLAIM-V2-008437,RETRY_ALL,RETRY_ALL,0.0,25.0,-25.0,-25.0,0.0,PASS
RECLAIM-V2-008438,RETRY_ALL,RETRY_ALL,0.0,25.0,-25.0,-25.0,0.0,PASS
RECLAIM-V2-008439,RETRY_ALL,RETRY_ALL,109.25003314881197,25.0,84.25003314881197,84.25003314881197,0.0,PASS
RECLAIM-V2-008440,RETRY_ALL,RETRY_ALL,126.895698969825,25.0,101.895698969825,101.895698969825,0.0,PASS
RECLAIM-V2-008441,RETRY_ALL,RETRY_ALL,115.5139049209932,25.0,90.5139049209932,90.5139049209932,0.0,PASS
RECLAIM-V2-008442,RETRY_ALL,RETRY_ALL,0.0,25.0,-25.0,-25.0,0.0,PASS
RECLAIM-V2-008443,RETRY_ALL,RETRY_ALL,0.0,25.0,-25.0,-25.0,0.0,PASS
RECLAIM-V2-008444,RETRY_ALL,RETRY_ALL,41.57866590003915,25.0,16.578665900039148,16.578665900039148,0.0,PASS
RECLAIM-V2-008445,RETRY_ALL,RETRY_ALL,0.0,25.0,-25.0,-25.0,0.0,PASS
RECLAIM-V2-008446,RETRY_ALL,RETRY_ALL,0.0,25.0,-25.0,-25.0,0.0,PASS
RECLAIM-V2-008447,RETRY_ALL,RETRY_ALL,25.1983065256155,25.0,0.1983065256155001,0.1983065256155001,0.0,PASS
RECLAIM-V2-008448,RETRY_ALL,RETRY_ALL,0.0,25.0,-25.0,-25.0,0.0,PASS
RECLAIM-V2-008449,RETRY_ALL,RETRY_ALL,139.7490391546032,25.0,114.7490391546032,114.7490391546032,0.0,PASS
RECLAIM-V2-008450,RETRY_ALL,RETRY_ALL,96.863332641417,25.0,71.863332641417,71.863332641417,0.0,PASS
RECLAIM-V2-008451,TARGET,STANDARD_TARGET,492.2162931664888,80.0,412.2162931664888,412.2162931664888,0.0,PASS
RECLAIM-V2-008452,RETRY_ALL,RETRY_ALL,0.0,25.0,-25.0,-25.0,0.0,PASS
RECLAIM-V2-008453,RETRY_ALL,RETRY_ALL,0.0,25.0,-25.0,-25.0,0.0,PASS
RECLAIM-V2-008454,RETRY_ALL,RETRY_ALL,0.0,25.0,-25.0,-25.0,0.0,PASS
RECLAIM-V2-008455,RETRY_ALL,RETRY_ALL,276.3071869380068,25.0,251.3071869380068,251.3071869380068,0.0,PASS
RECLAIM-V2-008456,RETRY_ALL,RETRY_ALL,0.0,25.0,-25.0,-25.0,0.0,PASS
RECLAIM-V2-008457,RETRY_ALL,RETRY_ALL,230.76883444317644,25.0,205.76883444317644,205.76883444317644,0.0,PASS
RECLAIM-V2-008458,RETRY_ALL,RETRY_ALL,0.0,25.0,-25.0,-25.0,0.0,PASS
RECLAIM-V2-008459,RETRY_ALL,RETRY_ALL,17.71021403616285,25.0,-7.289785963837151,-7.289785963837151,0.0,PASS
RECLAIM-V2-008460,RETRY_ALL,RETRY_ALL,215.7001204540772,25.0,190.7001204540772,190.7001204540772,0.0,PASS
RECLAIM-V2-008461,TARGET,HIGH_INTENSITY,584.1689027714781,120.0,464.1689027714781,464.1689027714781,0.0,PASS
RECLAIM-V2-008462,RETRY_ALL,RETRY_ALL,0.0,25.0,-25.0,-25.0,0.0,PASS
RECLAIM-V2-008463,RETRY_ALL,RETRY_ALL,203.02099657449165,25.0,178.02099657449165,178.02099657449165,0.0,PASS
RECLAIM-V2-008464,TARGET,MONITOR,406.4330395474074,10.0,396.4330395474074,396.4330395474074,0.0,PASS
RECLAIM-V2-008465,RETRY_ALL,RETRY_ALL,0.0,25.0,-25.0,-25.0,0.0,PASS
RECLAIM-V2-008466,RETRY_ALL,RETRY_ALL,0.0,25.0,-25.0,-25.0,0.0,PASS
RECLAIM-V2-008467,RETRY_ALL,RETRY_ALL,213.5318851936743,25.0,188.5318851936743,188.5318851936743,0.0,PASS
RECLAIM-V2-008468,TARGET,MONITOR,410.13493020439984,10.0,400.13493020439984,400.13493020439984,0.0,PASS
RECLAIM-V2-008469,RETRY_ALL,RETRY_ALL,0.0,25.0,-25.0,-25.0,0.0,PASS
RECLAIM-V2-008470,RETRY_ALL,RETRY_ALL,203.7638263756539,25.0,178.7638263756539,178.7638263756539,0.0,PASS
RECLAIM-V2-008471,RETRY_ALL,RETRY_ALL,0.0,25.0,-25.0,-25.0,0.0,PASS
RECLAIM-V2-008472,RETRY_ALL,RETRY_ALL,0.0,25.0,-25.0,-25.0,0.0,PASS
RECLAIM-V2-008473,RETRY_ALL,RETRY_ALL,0.0,25.0,-25.0,-25.0,0.0,PASS
RECLAIM-V2-008474,RETRY_ALL,RETRY_ALL,263.525231181019,25.0,238.52523118101905,238.52523118101902,-2.842170943040401e-14,PASS
RECLAIM-V2-008475,RETRY_ALL,RETRY_ALL,0.0,25.0,-25.0,-25.0,0.0,PASS
RECLAIM-V2-008476,RETRY_ALL,RETRY_ALL,192.99677963007167,25.0,167.99677963007167,167.99677963007167,0.0,PASS
RECLAIM-V2-008477,RETRY_ALL,RETRY_ALL,0.0,25.0,-25.0,-25.0,0.0,PASS
RECLAIM-V2-008478,RETRY_ALL,RETRY_ALL,302.300877318486,25.0,277.300877318486,277.300877318486,0.0,PASS
RECLAIM-V2-008479,RETRY_ALL,RETRY_ALL,210.47139792906944,25.0,185.47139792906944,185.47139792906944,0.0,PASS
RECLAIM-V2-008480,RETRY_ALL,RETRY_ALL,0.0,25.0,-25.0,-25.0,0.0,PASS
RECLAIM-V2-008481,RETRY_ALL,RETRY_ALL,0.0,25.0,-25.0,-25.0,0.0,PASS
RECLAIM-V2-008482,RETRY_ALL,RETRY_ALL,0.0,25.0,-25.0,-25.0,0.0,PASS
RECLAIM-V2-008483,RETRY_ALL,RETRY_ALL,160.8523464494157,25.0,135.8523464494157,135.8523464494157,0.0,PASS
RECLAIM-V2-008484,RETRY_ALL,RETRY_ALL,0.0,25.0,-25.0,-25.0,0.0,PASS
RECLAIM-V2-008485,RETRY_ALL,RETRY_ALL,303.425328342381,25.0,278.425328342381,278.425328342381,0.0,PASS
RECLAIM-V2-008486,RETRY_ALL,RETRY_ALL,283.3360647069843,25.0,258.3360647069843,258.3360647069843,0.0,PASS
RECLAIM-V2-008487,RETRY_ALL,RETRY_ALL,0.0,25.0,-25.0,-25.0,0.0,PASS
RECLAIM-V2-008488,RETRY_ALL,RETRY_ALL,280.72107771523827,25.0,255.72107771523827,255.72107771523827,0.0,PASS
RECLAIM-V2-008489,RETRY_ALL,RETRY_ALL,0.16344049106775,25.0,-24.83655950893225,-24.83655950893225,0.0,PASS
RECLAIM-V2-008490,RETRY_ALL,RETRY_ALL,4.8374211793374,25.0,-20.1625788206626,-20.1625788206626,0.0,PASS
RECLAIM-V2-008491,RETRY_ALL,RETRY_ALL,0.0,25.0,-25.0,-25.0,0.0,PASS
RECLAIM-V2-008492,RETRY_ALL,RETRY_ALL,90.52082319692563,25.0,65.52082319692563,65.52082319692563,0.0,PASS
RECLAIM-V2-008493,RETRY_ALL,RETRY_ALL,0.0,25.0,-25.0,-25.0,0.0,PASS
RECLAIM-V2-008494,RETRY_ALL,RETRY_ALL,0.0,25.0,-25.0,-25.0,0.0,PASS
RECLAIM-V2-008495,RETRY_ALL,RETRY_ALL,0.0,25.0,-25.0,-25.0,0.0,PASS
RECLAIM-V2-008496,RETRY_ALL,RETRY_ALL,245.5818419265344,25.0,220.5818419265344,220.5818419265344,0.0,PASS
RECLAIM-V2-008497,RETRY_ALL,RETRY_ALL,0.0,25.0,-25.0,-25.0,0.0,PASS
RECLAIM-V2-008498,RETRY_ALL,RETRY_ALL,0.0,25.0,-25.0,-25.0,0.0,PASS
RECLAIM-V2-008499,RETRY_ALL,RETRY_ALL,0.0,25.0,-25.0,-25.0,0.0,PASS
RECLAIM-V2-008500,RETRY_ALL,RETRY_ALL,15.46483445569485,25.0,-9.53516554430515,-9.53516554430515,0.0,PASS
RECLAIM-V2-008501,RETRY_ALL,RETRY_ALL,0.0,25.0,-25.0,-25.0,0.0,PASS
RECLAIM-V2-008502,RETRY_ALL,RETRY_ALL,0.0,25.0,-25.0,-25.0,0.0,PASS
RECLAIM-V2-008503,RETRY_ALL,RETRY_ALL,113.50216207085865,25.0,88.50216207085865,88.50216207085865,0.0,PASS
RECLAIM-V2-008504,RETRY_ALL,RETRY_ALL,341.5120882196041,25.0,316.5120882196041,316.5120882196041,0.0,PASS
RECLAIM-V2-008505,RETRY_ALL,RETRY_ALL,133.1910679168701,25.0,108.19106791687013,108.19106791687011,-1.4210854715202004e-14,PASS
RECLAIM-V2-008506,RETRY_ALL,RETRY_ALL,0.0,25.0,-25.0,-25.0,0.0,PASS
RECLAIM-V2-008507,RETRY_ALL,RETRY_ALL,0.0,25.0,-25.0,-25.0,0.0,PASS
RECLAIM-V2-008508,RETRY_ALL,RETRY_ALL,154.87065607638615,25.0,129.87065607638615,129.87065607638615,0.0,PASS
RECLAIM-V2-008509,RETRY_ALL,RETRY_ALL,0.0,25.0,-25.0,-25.0,0.0,PASS
RECLAIM-V2-008510,RETRY_ALL,RETRY_ALL,33.8379636585513,25.0,8.837963658551303,8.837963658551303,0.0,PASS
RECLAIM-V2-008511,RETRY_ALL,RETRY_ALL,266.4540618079863,25.0,241.4540618079863,241.4540618079863,0.0,PASS
RECLAIM-V2-008512,RETRY_ALL,RETRY_ALL,0.0,25.0,-25.0,-25.0,0.0,PASS
RECLAIM-V2-008513,RETRY_ALL,RETRY_ALL,0.0,25.0,-25.0,-25.0,0.0,PASS
RECLAIM-V2-008514,RETRY_ALL,RETRY_ALL,0.0,25.0,-25.0,-25.0,0.0,PASS
RECLAIM-V2-008515,RETRY_ALL,RETRY_ALL,27.86400336573435,25.0,2.8640033657343515,2.8640033657343515,0.0,PASS
RECLAIM-V2-008516,RETRY_ALL,RETRY_ALL,0.0,25.0,-25.0,-25.0,0.0,PASS
RECLAIM-V2-008517,RETRY_ALL,RETRY_ALL,0.0,25.0,-25.0,-25.0,0.0,PASS
RECLAIM-V2-008518,RETRY_ALL,RETRY_ALL,337.6018304733021,25.0,312.6018304733021,312.6018304733021,0.0,PASS
RECLAIM-V2-008519,RETRY_ALL,RETRY_ALL,0.0,25.0,-25.0,-25.0,0.0,PASS
RECLAIM-V2-008520,RETRY_ALL,RETRY_ALL,207.5146944865681,25.0,182.5146944865681,182.5146944865681,0.0,PASS
RECLAIM-V2-008521,RETRY_ALL,RETRY_ALL,0.0,25.0,-25.0,-25.0,0.0,PASS
RECLAIM-V2-008522,TARGET,STANDARD_TARGET,493.457955740234,80.0,413.457955740234,413.457955740234,0.0,PASS
RECLAIM-V2-008523,RETRY_ALL,RETRY_ALL,7.3337811936363,25.0,-17.666218806363702,-17.666218806363702,0.0,PASS
RECLAIM-V2-008524,RETRY_ALL,RETRY_ALL,134.3946688179291,25.0,109.3946688179291,109.3946688179291,0.0,PASS
RECLAIM-V2-008525,RETRY_ALL,RETRY_ALL,0.0,25.0,-25.0,-25.0,0.0,PASS
RECLAIM-V2-008526,RETRY_ALL,RETRY_ALL,0.0,25.0,-25.0,-25.0,0.0,PASS
RECLAIM-V2-008527,RETRY_ALL,RETRY_ALL,57.58346581703505,25.0,32.58346581703505,32.58346581703505,0.0,PASS
RECLAIM-V2-008528,RETRY_ALL,RETRY_ALL,26.9460365670531,25.0,1.946036567053099,1.946036567053099,0.0,PASS
RECLAIM-V2-008529,RETRY_ALL,RETRY_ALL,96.5951079420108,25.0,71.5951079420108,71.5951079420108,0.0,PASS
RECLAIM-V2-008530,RETRY_ALL,RETRY_ALL,0.0,25.0,-25.0,-25.0,0.0,PASS
RECLAIM-V2-008531,RETRY_ALL,RETRY_ALL,19.9423318972836,25.0,-5.057668102716399,-5.0576681027163986,8.881784197001252e-16,PASS
RECLAIM-V2-008532,RETRY_ALL,RETRY_ALL,0.0,25.0,-25.0,-25.0,0.0,PASS
RECLAIM-V2-008533,RETRY_ALL,RETRY_ALL,157.99049360486654,25.0,132.99049360486654,132.99049360486654,0.0,PASS
RECLAIM-V2-008534,TARGET,MONITOR,420.6650134566292,10.0,410.6650134566292,410.6650134566292,0.0,PASS
RECLAIM-V2-008535,RETRY_ALL,RETRY_ALL,109.84060327342227,25.0,84.84060327342227,84.84060327342227,0.0,PASS
RECLAIM-V2-008536,RETRY_ALL,RETRY_ALL,284.8598073146643,25.0,259.8598073146643,259.8598073146643,0.0,PASS
RECLAIM-V2-008537,RETRY_ALL,RETRY_ALL,0.0,25.0,-25.0,-25.0,0.0,PASS
RECLAIM-V2-008538,RETRY_ALL,RETRY_ALL,0.0,25.0,-25.0,-25.0,0.0,PASS
RECLAIM-V2-008539,RETRY_ALL,RETRY_ALL,297.9350827904237,25.0,272.9350827904237,272.9350827904237,0.0,PASS
RECLAIM-V2-008540,RETRY_ALL,RETRY_ALL,0.0,25.0,-25.0,-25.0,0.0,PASS
RECLAIM-V2-008541,RETRY_ALL,RETRY_ALL,0.0,25.0,-25.0,-25.0,0.0,PASS
RECLAIM-V2-008542,RETRY_ALL,RETRY_ALL,221.7715702123599,25.0,196.7715702123599,196.7715702123599,0.0,PASS
RECLAIM-V2-008543,RETRY_ALL,RETRY_ALL,0.0,25.0,-25.0,-25.0,0.0,PASS
RECLAIM-V2-008544,RETRY_ALL,RETRY_ALL,60.93778736070675,25.0,35.93778736070675,35.93778736070675,0.0,PASS
RECLAIM-V2-008545,RETRY_ALL,RETRY_ALL,317.9096699183647,25.0,292.9096699183647,292.9096699183647,0.0,PASS
RECLAIM-V2-008546,RETRY_ALL,RETRY_ALL,0.0,25.0,-25.0,-25.0,0.0,PASS
RECLAIM-V2-008547,RETRY_ALL,RETRY_ALL,0.0,25.0,-25.0,-25.0,0.0,PASS
RECLAIM-V2-008548,RETRY_ALL,RETRY_ALL,0.0,25.0,-25.0,-25.0,0.0,PASS
RECLAIM-V2-008549,RETRY_ALL,RETRY_ALL,215.58203393649467,25.0,190.58203393649467,190.58203393649467,0.0,PASS
RECLAIM-V2-008550,RETRY_ALL,RETRY_ALL,219.5178328922509,25.0,194.5178328922509,194.5178328922509,0.0,PASS
RECLAIM-V2-008551,RETRY_ALL,RETRY_ALL,300.84029487306793,25.0,275.84029487306793,275.84029487306793,0.0,PASS
RECLAIM-V2-008552,RETRY_ALL,RETRY_ALL,28.32847945374075,25.0,3.3284794537407514,3.3284794537407514,0.0,PASS
RECLAIM-V2-008553,RETRY_ALL,RETRY_ALL,0.0,25.0,-25.0,-25.0,0.0,PASS
RECLAIM-V2-008554,RETRY_ALL,RETRY_ALL,0.0,25.0,-25.0,-25.0,0.0,PASS
RECLAIM-V2-008555,RETRY_ALL,RETRY_ALL,384.2285965467525,25.0,359.2285965467525,359.2285965467525,0.0,PASS
RECLAIM-V2-008556,RETRY_ALL,RETRY_ALL,231.22114142722785,25.0,206.22114142722785,206.22114142722785,0.0,PASS
RECLAIM-V2-008557,RETRY_ALL,RETRY_ALL,231.3927446936244,25.0,206.3927446936244,206.3927446936244,0.0,PASS
RECLAIM-V2-008558,RETRY_ALL,RETRY_ALL,338.6287576725864,25.0,313.6287576725864,313.6287576725864,0.0,PASS
RECLAIM-V2-008559,RETRY_ALL,RETRY_ALL,0.0,25.0,-25.0,-25.0,0.0,PASS
RECLAIM-V2-008560,RETRY_ALL,RETRY_ALL,137.9472626476851,25.0,112.94726264768512,112.94726264768511,-1.4210854715202004e-14,PASS
RECLAIM-V2-008561,RETRY_ALL,RETRY_ALL,0.0,25.0,-25.0,-25.0,0.0,PASS
RECLAIM-V2-008562,RETRY_ALL,RETRY_ALL,133.22124656224003,25.0,108.22124656224004,108.22124656224003,-1.4210854715202004e-14,PASS
RECLAIM-V2-008563,RETRY_ALL,RETRY_ALL,126.895698969825,25.0,101.895698969825,101.895698969825,0.0,PASS
RECLAIM-V2-008564,TARGET,MONITOR,428.0777832683251,10.0,418.0777832683251,418.0777832683251,0.0,PASS
RECLAIM-V2-008565,RETRY_ALL,RETRY_ALL,0.0,25.0,-25.0,-25.0,0.0,PASS
RECLAIM-V2-008566,RETRY_ALL,RETRY_ALL,0.0,25.0,-25.0,-25.0,0.0,PASS
RECLAIM-V2-008567,RETRY_ALL,RETRY_ALL,0.0,25.0,-25.0,-25.0,0.0,PASS
RECLAIM-V2-008568,RETRY_ALL,RETRY_ALL,103.29475438033484,25.0,78.29475438033484,78.29475438033484,0.0,PASS
RECLAIM-V2-008569,RETRY_ALL,RETRY_ALL,166.86077634870824,25.0,141.86077634870824,141.86077634870824,0.0,PASS
RECLAIM-V2-008570,RETRY_ALL,RETRY_ALL,0.0,25.0,-25.0,-25.0,0.0,PASS
RECLAIM-V2-008571,TARGET,STANDARD_TARGET,487.4144596050068,80.0,407.4144596050068,407.4144596050068,0.0,PASS
RECLAIM-V2-008572,RETRY_ALL,RETRY_ALL,0.0,25.0,-25.0,-25.0,0.0,PASS
RECLAIM-V2-008573,RETRY_ALL,RETRY_ALL,213.92496992766496,25.0,188.92496992766496,188.92496992766496,0.0,PASS
RECLAIM-V2-008574,RETRY_ALL,RETRY_ALL,0.0,25.0,-25.0,-25.0,0.0,PASS
RECLAIM-V2-008575,RETRY_ALL,RETRY_ALL,0.0,25.0,-25.0,-25.0,0.0,PASS
RECLAIM-V2-008576,RETRY_ALL,RETRY_ALL,85.15157052180705,25.0,60.151570521807045,60.151570521807045,0.0,PASS
RECLAIM-V2-008577,RETRY_ALL,RETRY_ALL,334.6112247779871,25.0,309.6112247779871,309.6112247779871,0.0,PASS
RECLAIM-V2-008578,RETRY_ALL,RETRY_ALL,0.0,25.0,-25.0,-25.0,0.0,PASS
RECLAIM-V2-008579,RETRY_ALL,RETRY_ALL,0.0,25.0,-25.0,-25.0,0.0,PASS
RECLAIM-V2-008580,RETRY_ALL,RETRY_ALL,0.0,25.0,-25.0,-25.0,0.0,PASS
RECLAIM-V2-008581,RETRY_ALL,RETRY_ALL,28.9404878265153,25.0,3.9404878265153016,3.9404878265153016,0.0,PASS
RECLAIM-V2-008582,RETRY_ALL,RETRY_ALL,0.0,25.0,-25.0,-25.0,0.0,PASS
RECLAIM-V2-008583,RETRY_ALL,RETRY_ALL,140.06308043263817,25.0,115.06308043263816,115.06308043263817,1.4210854715202004e-14,PASS
RECLAIM-V2-008584,RETRY_ALL,RETRY_ALL,73.85234727300795,25.0,48.85234727300795,48.85234727300795,0.0,PASS
RECLAIM-V2-008585,RETRY_ALL,RETRY_ALL,66.1517191236348,25.0,41.151719123634805,41.151719123634805,0.0,PASS
RECLAIM-V2-008586,RETRY_ALL,RETRY_ALL,0.0,25.0,-25.0,-25.0,0.0,PASS
RECLAIM-V2-008587,RETRY_ALL,RETRY_ALL,0.0,25.0,-25.0,-25.0,0.0,PASS
RECLAIM-V2-008588,RETRY_ALL,RETRY_ALL,205.56568913694315,25.0,180.56568913694315,180.56568913694315,0.0,PASS
RECLAIM-V2-008589,RETRY_ALL,RETRY_ALL,0.0,25.0,-25.0,-25.0,0.0,PASS
RECLAIM-V2-008590,RETRY_ALL,RETRY_ALL,94.6096372640652,25.0,69.6096372640652,69.6096372640652,0.0,PASS
RECLAIM-V2-008591,RETRY_ALL,RETRY_ALL,336.8986409609769,25.0,311.8986409609769,311.8986409609769,0.0,PASS
RECLAIM-V2-008592,TARGET,HIGH_INTENSITY,577.9481812898919,120.0,457.9481812898919,457.94818128989186,-5.684341886080802e-14,PASS
RECLAIM-V2-008593,RETRY_ALL,RETRY_ALL,0.0,25.0,-25.0,-25.0,0.0,PASS
RECLAIM-V2-008594,RETRY_ALL,RETRY_ALL,233.96523714714672,25.0,208.96523714714672,208.96523714714672,0.0,PASS
RECLAIM-V2-008595,RETRY_ALL,RETRY_ALL,22.2459357001371,25.0,-2.7540642998629004,-2.7540642998629004,0.0,PASS
RECLAIM-V2-008596,RETRY_ALL,RETRY_ALL,300.2408319930529,25.0,275.2408319930529,275.2408319930529,0.0,PASS
RECLAIM-V2-008597,TARGET,MONITOR,429.6598214077041,10.0,419.6598214077041,419.6598214077041,0.0,PASS
RECLAIM-V2-008598,RETRY_ALL,RETRY_ALL,47.4647240252565,25.0,22.4647240252565,22.4647240252565,0.0,PASS
RECLAIM-V2-008599,RETRY_ALL,RETRY_ALL,0.0,25.0,-25.0,-25.0,0.0,PASS
RECLAIM-V2-008600,RETRY_ALL,RETRY_ALL,0.0,25.0,-25.0,-25.0,0.0,PASS
RECLAIM-V2-008601,RETRY_ALL,RETRY_ALL,0.0,25.0,-25.0,-25.0,0.0,PASS
RECLAIM-V2-008602,RETRY_ALL,RETRY_ALL,56.604171589347445,25.0,31.604171589347445,31.604171589347445,0.0,PASS
RECLAIM-V2-008603,RETRY_ALL,RETRY_ALL,65.84628306354165,25.0,40.84628306354165,40.84628306354165,0.0,PASS
RECLAIM-V2-008604,RETRY_ALL,RETRY_ALL,0.0,25.0,-25.0,-25.0,0.0,PASS
RECLAIM-V2-008605,RETRY_ALL,RETRY_ALL,0.0,25.0,-25.0,-25.0,0.0,PASS
RECLAIM-V2-008606,RETRY_ALL,RETRY_ALL,0.0,25.0,-25.0,-25.0,0.0,PASS
RECLAIM-V2-008607,RETRY_ALL,RETRY_ALL,0.0,25.0,-25.0,-25.0,0.0,PASS
RECLAIM-V2-008608,RETRY_ALL,RETRY_ALL,0.0,25.0,-25.0,-25.0,0.0,PASS
RECLAIM-V2-008609,RETRY_ALL,RETRY_ALL,58.389989611666806,25.0,33.389989611666806,33.389989611666806,0.0,PASS
RECLAIM-V2-008610,RETRY_ALL,RETRY_ALL,0.0,25.0,-25.0,-25.0,0.0,PASS
RECLAIM-V2-008611,RETRY_ALL,RETRY_ALL,359.3823638949387,25.0,334.3823638949387,334.3823638949387,0.0,PASS
RECLAIM-V2-008612,RETRY_ALL,RETRY_ALL,70.5658349371155,25.0,45.5658349371155,45.5658349371155,0.0,PASS
RECLAIM-V2-008613,RETRY_ALL,RETRY_ALL,321.10476393565347,25.0,296.10476393565347,296.10476393565347,0.0,PASS
RECLAIM-V2-008614,RETRY_ALL,RETRY_ALL,129.08639114271406,25.0,104.08639114271406,104.08639114271406,0.0,PASS
RECLAIM-V2-008615,RETRY_ALL,RETRY_ALL,167.28702663164745,25.0,142.28702663164745,142.28702663164745,0.0,PASS
RECLAIM-V2-008616,RETRY_ALL,RETRY_ALL,118.7685364159752,25.0,93.7685364159752,93.7685364159752,0.0,PASS
RECLAIM-V2-008617,RETRY_ALL,RETRY_ALL,0.0,25.0,-25.0,-25.0,0.0,PASS
RECLAIM-V2-008618,RETRY_ALL,RETRY_ALL,0.0,25.0,-25.0,-25.0,0.0,PASS
RECLAIM-V2-008619,TARGET,STANDARD_TARGET,488.4610850621007,80.0,408.4610850621007,408.4610850621007,0.0,PASS
RECLAIM-V2-008620,RETRY_ALL,RETRY_ALL,0.0,25.0,-25.0,-25.0,0.0,PASS
RECLAIM-V2-008621,RETRY_ALL,RETRY_ALL,0.0,25.0,-25.0,-25.0,0.0,PASS
RECLAIM-V2-008622,RETRY_ALL,RETRY_ALL,222.825679429137,25.0,197.825679429137,197.825679429137,0.0,PASS
RECLAIM-V2-008623,RETRY_ALL,RETRY_ALL,206.39617489458976,25.0,181.39617489458976,181.39617489458976,0.0,PASS
RECLAIM-V2-008624,RETRY_ALL,RETRY_ALL,0.0,25.0,-25.0,-25.0,0.0,PASS
RECLAIM-V2-008625,RETRY_ALL,RETRY_ALL,0.0,25.0,-25.0,-25.0,0.0,PASS
RECLAIM-V2-008626,RETRY_ALL,RETRY_ALL,228.27980101462063,25.0,203.27980101462063,203.27980101462063,0.0,PASS
RECLAIM-V2-008627,RETRY_ALL,RETRY_ALL,0.0,25.0,-25.0,-25.0,0.0,PASS
RECLAIM-V2-008628,RETRY_ALL,RETRY_ALL,14.5247647431702,25.0,-10.4752352568298,-10.4752352568298,0.0,PASS
RECLAIM-V2-008629,RETRY_ALL,RETRY_ALL,265.596051763179,25.0,240.596051763179,240.596051763179,0.0,PASS
RECLAIM-V2-008630,RETRY_ALL,RETRY_ALL,0.0,25.0,-25.0,-25.0,0.0,PASS
RECLAIM-V2-008631,TARGET,LOW_INTENSITY,472.7186595923705,45.0,427.7186595923705,427.7186595923705,0.0,PASS
RECLAIM-V2-008632,RETRY_ALL,RETRY_ALL,292.53556729368063,25.0,267.53556729368063,267.53556729368063,0.0,PASS
RECLAIM-V2-008633,RETRY_ALL,RETRY_ALL,149.4358342035246,25.0,124.4358342035246,124.43583420352459,-1.4210854715202004e-14,PASS
RECLAIM-V2-008634,RETRY_ALL,RETRY_ALL,0.0,25.0,-25.0,-25.0,0.0,PASS
RECLAIM-V2-008635,RETRY_ALL,RETRY_ALL,212.6265963142926,25.0,187.6265963142926,187.6265963142926,0.0,PASS
RECLAIM-V2-008636,RETRY_ALL,RETRY_ALL,47.53033080964229,25.0,22.530330809642287,22.530330809642287,0.0,PASS
RECLAIM-V2-008637,RETRY_ALL,RETRY_ALL,227.95280432414248,25.0,202.95280432414248,202.95280432414248,0.0,PASS
RECLAIM-V2-008638,RETRY_ALL,RETRY_ALL,0.0,25.0,-25.0,-25.0,0.0,PASS
RECLAIM-V2-008639,RETRY_ALL,RETRY_ALL,0.0,25.0,-25.0,-25.0,0.0,PASS
RECLAIM-V2-008640,RETRY_ALL,RETRY_ALL,0.0,25.0,-25.0,-25.0,0.0,PASS
RECLAIM-V2-008641,RETRY_ALL,RETRY_ALL,17.418694559587802,25.0,-7.581305440412198,-7.581305440412198,0.0,PASS
RECLAIM-V2-008642,RETRY_ALL,RETRY_ALL,0.0,25.0,-25.0,-25.0,0.0,PASS
RECLAIM-V2-008643,RETRY_ALL,RETRY_ALL,31.66121012104335,25.0,6.66121012104335,6.66121012104335,0.0,PASS
RECLAIM-V2-008644,RETRY_ALL,RETRY_ALL,160.2017600362848,25.0,135.2017600362848,135.2017600362848,0.0,PASS
RECLAIM-V2-008645,RETRY_ALL,RETRY_ALL,0.0,25.0,-25.0,-25.0,0.0,PASS
RECLAIM-V2-008646,RETRY_ALL,RETRY_ALL,62.5149765386421,25.0,37.5149765386421,37.5149765386421,0.0,PASS
RECLAIM-V2-008647,RETRY_ALL,RETRY_ALL,108.01219492639903,25.0,83.01219492639903,83.01219492639903,0.0,PASS
RECLAIM-V2-008648,RETRY_ALL,RETRY_ALL,0.0,25.0,-25.0,-25.0,0.0,PASS
RECLAIM-V2-008649,RETRY_ALL,RETRY_ALL,0.0,25.0,-25.0,-25.0,0.0,PASS
RECLAIM-V2-008650,RETRY_ALL,RETRY_ALL,345.98441463490514,25.0,320.98441463490514,320.98441463490514,0.0,PASS
RECLAIM-V2-008651,RETRY_ALL,RETRY_ALL,0.0,25.0,-25.0,-25.0,0.0,PASS
RECLAIM-V2-008652,RETRY_ALL,RETRY_ALL,0.0,25.0,-25.0,-25.0,0.0,PASS
RECLAIM-V2-008653,RETRY_ALL,RETRY_ALL,283.3360647069843,25.0,258.3360647069843,258.3360647069843,0.0,PASS
RECLAIM-V2-008654,RETRY_ALL,RETRY_ALL,69.8721421588992,25.0,44.8721421588992,44.872142158899194,-7.105427357601002e-15,PASS
RECLAIM-V2-008655,RETRY_ALL,RETRY_ALL,0.0,25.0,-25.0,-25.0,0.0,PASS
RECLAIM-V2-008656,RETRY_ALL,RETRY_ALL,0.0,25.0,-25.0,-25.0,0.0,PASS
RECLAIM-V2-008657,RETRY_ALL,RETRY_ALL,224.53487853562183,25.0,199.53487853562183,199.53487853562183,0.0,PASS
RECLAIM-V2-008658,RETRY_ALL,RETRY_ALL,0.0,25.0,-25.0,-25.0,0.0,PASS
RECLAIM-V2-008659,RETRY_ALL,RETRY_ALL,263.35506560767783,25.0,238.35506560767783,238.35506560767783,0.0,PASS
RECLAIM-V2-008660,RETRY_ALL,RETRY_ALL,92.7266361505869,25.0,67.7266361505869,67.7266361505869,0.0,PASS
RECLAIM-V2-008661,RETRY_ALL,RETRY_ALL,0.0,25.0,-25.0,-25.0,0.0,PASS
RECLAIM-V2-008662,TARGET,STANDARD_TARGET,495.7392871394755,80.0,415.7392871394755,415.7392871394755,0.0,PASS
RECLAIM-V2-008663,RETRY_ALL,RETRY_ALL,133.97621504161708,25.0,108.97621504161708,108.97621504161708,0.0,PASS
RECLAIM-V2-008664,RETRY_ALL,RETRY_ALL,0.0,25.0,-25.0,-25.0,0.0,PASS
RECLAIM-V2-008665,RETRY_ALL,RETRY_ALL,0.0,25.0,-25.0,-25.0,0.0,PASS
RECLAIM-V2-008666,RETRY_ALL,RETRY_ALL,225.15406527988875,25.0,200.15406527988875,200.15406527988875,0.0,PASS
RECLAIM-V2-008667,RETRY_ALL,RETRY_ALL,221.4507078887193,25.0,196.4507078887193,196.4507078887193,0.0,PASS
RECLAIM-V2-008668,RETRY_ALL,RETRY_ALL,0.0,25.0,-25.0,-25.0,0.0,PASS
RECLAIM-V2-008669,RETRY_ALL,RETRY_ALL,0.0,25.0,-25.0,-25.0,0.0,PASS
RECLAIM-V2-008670,RETRY_ALL,RETRY_ALL,141.07127518939245,25.0,116.07127518939244,116.07127518939245,1.4210854715202004e-14,PASS
RECLAIM-V2-008671,RETRY_ALL,RETRY_ALL,0.0,25.0,-25.0,-25.0,0.0,PASS
RECLAIM-V2-008672,RETRY_ALL,RETRY_ALL,0.0,25.0,-25.0,-25.0,0.0,PASS
RECLAIM-V2-008673,RETRY_ALL,RETRY_ALL,88.71045165047445,25.0,63.71045165047445,63.710451650474454,7.105427357601002e-15,PASS
RECLAIM-V2-008674,RETRY_ALL,RETRY_ALL,0.0,25.0,-25.0,-25.0,0.0,PASS
RECLAIM-V2-008675,RETRY_ALL,RETRY_ALL,37.135387091988896,25.0,12.135387091988896,12.135387091988896,0.0,PASS
RECLAIM-V2-008676,RETRY_ALL,RETRY_ALL,0.0,25.0,-25.0,-25.0,0.0,PASS
RECLAIM-V2-008677,RETRY_ALL,RETRY_ALL,338.07101905198004,25.0,313.07101905198004,313.07101905198004,0.0,PASS
RECLAIM-V2-008678,RETRY_ALL,RETRY_ALL,21.85915858336005,25.0,-3.140841416639951,-3.140841416639951,0.0,PASS
RECLAIM-V2-008679,RETRY_ALL,RETRY_ALL,9.0350102824734,25.0,-15.9649897175266,-15.9649897175266,0.0,PASS
RECLAIM-V2-008680,RETRY_ALL,RETRY_ALL,0.0,25.0,-25.0,-25.0,0.0,PASS
RECLAIM-V2-008681,RETRY_ALL,RETRY_ALL,194.0923477330209,25.0,169.0923477330209,169.0923477330209,0.0,PASS
RECLAIM-V2-008682,RETRY_ALL,RETRY_ALL,0.0,25.0,-25.0,-25.0,0.0,PASS
RECLAIM-V2-008683,RETRY_ALL,RETRY_ALL,0.0,25.0,-25.0,-25.0,0.0,PASS
RECLAIM-V2-008684,RETRY_ALL,RETRY_ALL,26.977421234209647,25.0,1.9774212342096469,1.9774212342096469,0.0,PASS
RECLAIM-V2-008685,RETRY_ALL,RETRY_ALL,183.73202531034704,25.0,158.73202531034704,158.73202531034704,0.0,PASS
RECLAIM-V2-008686,RETRY_ALL,RETRY_ALL,0.0,25.0,-25.0,-25.0,0.0,PASS
RECLAIM-V2-008687,RETRY_ALL,RETRY_ALL,0.0,25.0,-25.0,-25.0,0.0,PASS
RECLAIM-V2-008688,RETRY_ALL,RETRY_ALL,0.0,25.0,-25.0,-25.0,0.0,PASS
RECLAIM-V2-008689,RETRY_ALL,RETRY_ALL,75.57042437859045,25.0,50.570424378590445,50.570424378590445,0.0,PASS
RECLAIM-V2-008690,RETRY_ALL,RETRY_ALL,15.210745965735152,25.0,-9.789254034264848,-9.789254034264848,0.0,PASS
RECLAIM-V2-008691,RETRY_ALL,RETRY_ALL,0.0,25.0,-25.0,-25.0,0.0,PASS
RECLAIM-V2-008692,RETRY_ALL,RETRY_ALL,0.0,25.0,-25.0,-25.0,0.0,PASS
RECLAIM-V2-008693,RETRY_ALL,RETRY_ALL,0.0,25.0,-25.0,-25.0,0.0,PASS
RECLAIM-V2-008694,RETRY_ALL,RETRY_ALL,38.5387706848638,25.0,13.5387706848638,13.538770684863799,-1.7763568394002505e-15,PASS
RECLAIM-V2-008695,RETRY_ALL,RETRY_ALL,286.44099684865967,25.0,261.44099684865967,261.44099684865967,0.0,PASS
RECLAIM-V2-008696,RETRY_ALL,RETRY_ALL,35.6035791432546,25.0,10.6035791432546,10.6035791432546,0.0,PASS
RECLAIM-V2-008697,RETRY_ALL,RETRY_ALL,0.0,25.0,-25.0,-25.0,0.0,PASS
RECLAIM-V2-008698,RETRY_ALL,RETRY_ALL,151.8352325899458,25.0,126.8352325899458,126.8352325899458,0.0,PASS
RECLAIM-V2-008699,RETRY_ALL,RETRY_ALL,0.0,25.0,-25.0,-25.0,0.0,PASS
RECLAIM-V2-008700,RETRY_ALL,RETRY_ALL,0.0,25.0,-25.0,-25.0,0.0,PASS
RECLAIM-V2-008701,RETRY_ALL,RETRY_ALL,243.37893335237564,25.0,218.37893335237564,218.37893335237564,0.0,PASS
RECLAIM-V2-008702,RETRY_ALL,RETRY_ALL,0.0,25.0,-25.0,-25.0,0.0,PASS
RECLAIM-V2-008703,RETRY_ALL,RETRY_ALL,206.72462599617648,25.0,181.72462599617648,181.72462599617648,0.0,PASS
RECLAIM-V2-008704,RETRY_ALL,RETRY_ALL,0.0,25.0,-25.0,-25.0,0.0,PASS
RECLAIM-V2-008705,RETRY_ALL,RETRY_ALL,0.0,25.0,-25.0,-25.0,0.0,PASS
RECLAIM-V2-008706,RETRY_ALL,RETRY_ALL,176.79189501234106,25.0,151.79189501234106,151.79189501234106,0.0,PASS
RECLAIM-V2-008707,RETRY_ALL,RETRY_ALL,0.0,25.0,-25.0,-25.0,0.0,PASS
RECLAIM-V2-008708,RETRY_ALL,RETRY_ALL,331.4982807941133,25.0,306.4982807941133,306.4982807941133,0.0,PASS
RECLAIM-V2-008709,RETRY_ALL,RETRY_ALL,284.1388384550643,25.0,259.1388384550643,259.1388384550643,0.0,PASS
RECLAIM-V2-008710,RETRY_ALL,RETRY_ALL,147.20787149927176,25.0,122.20787149927176,122.20787149927176,0.0,PASS
RECLAIM-V2-008711,RETRY_ALL,RETRY_ALL,0.0,25.0,-25.0,-25.0,0.0,PASS
RECLAIM-V2-008712,RETRY_ALL,RETRY_ALL,129.5389571332359,25.0,104.5389571332359,104.5389571332359,0.0,PASS
RECLAIM-V2-008713,RETRY_ALL,RETRY_ALL,0.0,25.0,-25.0,-25.0,0.0,PASS
RECLAIM-V2-008714,RETRY_ALL,RETRY_ALL,0.0,25.0,-25.0,-25.0,0.0,PASS
RECLAIM-V2-008715,RETRY_ALL,RETRY_ALL,0.0,25.0,-25.0,-25.0,0.0,PASS
RECLAIM-V2-008716,RETRY_ALL,RETRY_ALL,176.79940250859045,25.0,151.79940250859045,151.79940250859045,0.0,PASS
RECLAIM-V2-008717,RETRY_ALL,RETRY_ALL,225.8111280655515,25.0,200.8111280655515,200.8111280655515,0.0,PASS
RECLAIM-V2-008718,RETRY_ALL,RETRY_ALL,0.0,25.0,-25.0,-25.0,0.0,PASS
RECLAIM-V2-008719,RETRY_ALL,RETRY_ALL,343.81721164003966,25.0,318.81721164003966,318.81721164003966,0.0,PASS
RECLAIM-V2-008720,RETRY_ALL,RETRY_ALL,82.1948770961268,25.0,57.1948770961268,57.1948770961268,0.0,PASS
RECLAIM-V2-008721,TARGET,LOW_INTENSITY,436.095636914238,45.0,391.095636914238,391.095636914238,0.0,PASS
RECLAIM-V2-008722,RETRY_ALL,RETRY_ALL,0.0,25.0,-25.0,-25.0,0.0,PASS
RECLAIM-V2-008723,RETRY_ALL,RETRY_ALL,231.33656321610545,25.0,206.33656321610545,206.33656321610545,0.0,PASS
RECLAIM-V2-008724,RETRY_ALL,RETRY_ALL,0.0,25.0,-25.0,-25.0,0.0,PASS
RECLAIM-V2-008725,RETRY_ALL,RETRY_ALL,120.30247200453633,25.0,95.30247200453633,95.30247200453633,0.0,PASS
RECLAIM-V2-008726,RETRY_ALL,RETRY_ALL,0.0,25.0,-25.0,-25.0,0.0,PASS
RECLAIM-V2-008727,RETRY_ALL,RETRY_ALL,229.51857034388712,25.0,204.51857034388712,204.51857034388712,0.0,PASS
RECLAIM-V2-008728,RETRY_ALL,RETRY_ALL,4.8004209683292,25.0,-20.1995790316708,-20.1995790316708,0.0,PASS
RECLAIM-V2-008729,RETRY_ALL,RETRY_ALL,295.36904016344056,25.0,270.36904016344056,270.36904016344056,0.0,PASS
RECLAIM-V2-008730,RETRY_ALL,RETRY_ALL,146.84652479186596,25.0,121.84652479186596,121.84652479186596,0.0,PASS
RECLAIM-V2-008731,RETRY_ALL,RETRY_ALL,0.0,25.0,-25.0,-25.0,0.0,PASS
RECLAIM-V2-008732,RETRY_ALL,RETRY_ALL,52.132014761282846,25.0,27.132014761282846,27.132014761282846,0.0,PASS
RECLAIM-V2-008733,RETRY_ALL,RETRY_ALL,370.8960374506887,25.0,345.8960374506887,345.8960374506887,0.0,PASS
RECLAIM-V2-008734,RETRY_ALL,RETRY_ALL,128.5510721423199,25.0,103.5510721423199,103.5510721423199,0.0,PASS
RECLAIM-V2-008735,RETRY_ALL,RETRY_ALL,0.0,25.0,-25.0,-25.0,0.0,PASS
RECLAIM-V2-008736,RETRY_ALL,RETRY_ALL,0.0,25.0,-25.0,-25.0,0.0,PASS
RECLAIM-V2-008737,RETRY_ALL,RETRY_ALL,0.0,25.0,-25.0,-25.0,0.0,PASS
RECLAIM-V2-008738,RETRY_ALL,RETRY_ALL,0.0,25.0,-25.0,-25.0,0.0,PASS
RECLAIM-V2-008739,RETRY_ALL,RETRY_ALL,0.0,25.0,-25.0,-25.0,0.0,PASS
RECLAIM-V2-008740,RETRY_ALL,RETRY_ALL,0.0,25.0,-25.0,-25.0,0.0,PASS
RECLAIM-V2-008741,RETRY_ALL,RETRY_ALL,298.0399818321444,25.0,273.0399818321444,273.0399818321444,0.0,PASS
RECLAIM-V2-008742,RETRY_ALL,RETRY_ALL,0.0,25.0,-25.0,-25.0,0.0,PASS
RECLAIM-V2-008743,RETRY_ALL,RETRY_ALL,226.27037990848817,25.0,201.27037990848817,201.27037990848817,0.0,PASS
RECLAIM-V2-008744,RETRY_ALL,RETRY_ALL,220.66245050005725,25.0,195.66245050005725,195.66245050005725,0.0,PASS
RECLAIM-V2-008745,TARGET,LOW_INTENSITY,448.5812191714932,45.0,403.5812191714932,403.5812191714932,0.0,PASS
RECLAIM-V2-008746,RETRY_ALL,RETRY_ALL,0.0,25.0,-25.0,-25.0,0.0,PASS
RECLAIM-V2-008747,RETRY_ALL,RETRY_ALL,28.9061464278867,25.0,3.9061464278867,3.9061464278867,0.0,PASS
RECLAIM-V2-008748,RETRY_ALL,RETRY_ALL,0.0,25.0,-25.0,-25.0,0.0,PASS
RECLAIM-V2-008749,RETRY_ALL,RETRY_ALL,0.0,25.0,-25.0,-25.0,0.0,PASS
RECLAIM-V2-008750,RETRY_ALL,RETRY_ALL,0.0,25.0,-25.0,-25.0,0.0,PASS
RECLAIM-V2-008751,RETRY_ALL,RETRY_ALL,0.0,25.0,-25.0,-25.0,0.0,PASS
RECLAIM-V2-008752,RETRY_ALL,RETRY_ALL,317.88714632398813,25.0,292.88714632398813,292.88714632398813,0.0,PASS
RECLAIM-V2-008753,RETRY_ALL,RETRY_ALL,144.55153815587894,25.0,119.55153815587894,119.55153815587894,0.0,PASS
RECLAIM-V2-008754,RETRY_ALL,RETRY_ALL,132.2398836404094,25.0,107.2398836404094,107.2398836404094,0.0,PASS
RECLAIM-V2-008755,RETRY_ALL,RETRY_ALL,0.0,25.0,-25.0,-25.0,0.0,PASS
RECLAIM-V2-008756,RETRY_ALL,RETRY_ALL,208.3631504543665,25.0,183.3631504543665,183.3631504543665,0.0,PASS
RECLAIM-V2-008757,RETRY_ALL,RETRY_ALL,206.520891753572,25.0,181.520891753572,181.520891753572,0.0,PASS
RECLAIM-V2-008758,TARGET,MONITOR,419.45109710446,10.0,409.45109710446,409.45109710446,0.0,PASS
RECLAIM-V2-008759,RETRY_ALL,RETRY_ALL,0.0,25.0,-25.0,-25.0,0.0,PASS
RECLAIM-V2-008760,RETRY_ALL,RETRY_ALL,0.0,25.0,-25.0,-25.0,0.0,PASS
RECLAIM-V2-008761,RETRY_ALL,RETRY_ALL,0.0,25.0,-25.0,-25.0,0.0,PASS
RECLAIM-V2-008762,RETRY_ALL,RETRY_ALL,0.0,25.0,-25.0,-25.0,0.0,PASS
RECLAIM-V2-008763,RETRY_ALL,RETRY_ALL,0.0,25.0,-25.0,-25.0,0.0,PASS
RECLAIM-V2-008764,RETRY_ALL,RETRY_ALL,0.0,25.0,-25.0,-25.0,0.0,PASS
RECLAIM-V2-008765,RETRY_ALL,RETRY_ALL,42.5792673783774,25.0,17.579267378377402,17.579267378377402,0.0,PASS
RECLAIM-V2-008766,RETRY_ALL,RETRY_ALL,0.0,25.0,-25.0,-25.0,0.0,PASS
RECLAIM-V2-008767,RETRY_ALL,RETRY_ALL,123.29182021973668,25.0,98.29182021973668,98.29182021973668,0.0,PASS
RECLAIM-V2-008768,RETRY_ALL,RETRY_ALL,0.0,25.0,-25.0,-25.0,0.0,PASS
RECLAIM-V2-008769,RETRY_ALL,RETRY_ALL,0.0,25.0,-25.0,-25.0,0.0,PASS
RECLAIM-V2-008770,RETRY_ALL,RETRY_ALL,144.61960744708304,25.0,119.61960744708304,119.61960744708304,0.0,PASS
RECLAIM-V2-008771,RETRY_ALL,RETRY_ALL,146.0415466885944,25.0,121.0415466885944,121.0415466885944,0.0,PASS
RECLAIM-V2-008772,RETRY_ALL,RETRY_ALL,0.0,25.0,-25.0,-25.0,0.0,PASS
RECLAIM-V2-008773,RETRY_ALL,RETRY_ALL,70.06362435267495,25.0,45.06362435267495,45.06362435267495,0.0,PASS
RECLAIM-V2-008774,RETRY_ALL,RETRY_ALL,0.0,25.0,-25.0,-25.0,0.0,PASS
RECLAIM-V2-008775,RETRY_ALL,RETRY_ALL,0.0,25.0,-25.0,-25.0,0.0,PASS
RECLAIM-V2-008776,RETRY_ALL,RETRY_ALL,0.0,25.0,-25.0,-25.0,0.0,PASS
RECLAIM-V2-008777,RETRY_ALL,RETRY_ALL,0.0,25.0,-25.0,-25.0,0.0,PASS
RECLAIM-V2-008778,RETRY_ALL,RETRY_ALL,221.6178670581753,25.0,196.6178670581753,196.6178670581753,0.0,PASS
RECLAIM-V2-008779,RETRY_ALL,RETRY_ALL,120.67200034121672,25.0,95.67200034121672,95.67200034121672,0.0,PASS
RECLAIM-V2-008780,RETRY_ALL,RETRY_ALL,80.9038916015421,25.0,55.9038916015421,55.9038916015421,0.0,PASS
RECLAIM-V2-008781,RETRY_ALL,RETRY_ALL,0.0,25.0,-25.0,-25.0,0.0,PASS
RECLAIM-V2-008782,RETRY_ALL,RETRY_ALL,312.1445607078646,25.0,287.1445607078646,287.1445607078646,0.0,PASS
RECLAIM-V2-008783,RETRY_ALL,RETRY_ALL,0.0,25.0,-25.0,-25.0,0.0,PASS
RECLAIM-V2-008784,TARGET,MONITOR,417.8542750933283,10.0,407.8542750933283,407.8542750933283,0.0,PASS
RECLAIM-V2-008785,RETRY_ALL,RETRY_ALL,113.20500207580064,25.0,88.20500207580064,88.20500207580064,0.0,PASS
RECLAIM-V2-008786,RETRY_ALL,RETRY_ALL,0.0,25.0,-25.0,-25.0,0.0,PASS
RECLAIM-V2-008787,TARGET,MONITOR,421.6422437718156,10.0,411.6422437718156,411.6422437718156,0.0,PASS
RECLAIM-V2-008788,RETRY_ALL,RETRY_ALL,240.49392769348967,25.0,215.49392769348967,215.49392769348967,0.0,PASS
RECLAIM-V2-008789,RETRY_ALL,RETRY_ALL,84.7530073642239,25.0,59.75300736422391,59.753007364223905,-7.105427357601002e-15,PASS
RECLAIM-V2-008790,RETRY_ALL,RETRY_ALL,317.6837344419675,25.0,292.6837344419675,292.6837344419675,0.0,PASS
RECLAIM-V2-008791,RETRY_ALL,RETRY_ALL,133.74281285392948,25.0,108.74281285392948,108.74281285392948,0.0,PASS
RECLAIM-V2-008792,RETRY_ALL,RETRY_ALL,0.0,25.0,-25.0,-25.0,0.0,PASS
RECLAIM-V2-008793,RETRY_ALL,RETRY_ALL,0.0,25.0,-25.0,-25.0,0.0,PASS
RECLAIM-V2-008794,RETRY_ALL,RETRY_ALL,0.0,25.0,-25.0,-25.0,0.0,PASS
RECLAIM-V2-008795,RETRY_ALL,RETRY_ALL,0.0,25.0,-25.0,-25.0,0.0,PASS
RECLAIM-V2-008796,RETRY_ALL,RETRY_ALL,0.0,25.0,-25.0,-25.0,0.0,PASS
RECLAIM-V2-008797,RETRY_ALL,RETRY_ALL,0.0,25.0,-25.0,-25.0,0.0,PASS
RECLAIM-V2-008798,RETRY_ALL,RETRY_ALL,0.0,25.0,-25.0,-25.0,0.0,PASS
RECLAIM-V2-008799,RETRY_ALL,RETRY_ALL,0.0,25.0,-25.0,-25.0,0.0,PASS
RECLAIM-V2-008800,RETRY_ALL,RETRY_ALL,39.373357042848,25.0,14.373357042848,14.373357042848,0.0,PASS
RECLAIM-V2-008801,RETRY_ALL,RETRY_ALL,0.0,25.0,-25.0,-25.0,0.0,PASS
RECLAIM-V2-008802,RETRY_ALL,RETRY_ALL,0.0,25.0,-25.0,-25.0,0.0,PASS
RECLAIM-V2-008803,RETRY_ALL,RETRY_ALL,0.0,25.0,-25.0,-25.0,0.0,PASS
RECLAIM-V2-008804,RETRY_ALL,RETRY_ALL,0.0,25.0,-25.0,-25.0,0.0,PASS
RECLAIM-V2-008805,RETRY_ALL,RETRY_ALL,276.51446364382093,25.0,251.51446364382093,251.51446364382093,0.0,PASS
RECLAIM-V2-008806,RETRY_ALL,RETRY_ALL,0.0,25.0,-25.0,-25.0,0.0,PASS
RECLAIM-V2-008807,RETRY_ALL,RETRY_ALL,0.0,25.0,-25.0,-25.0,0.0,PASS
RECLAIM-V2-008808,RETRY_ALL,RETRY_ALL,205.6773504837944,25.0,180.6773504837944,180.6773504837944,0.0,PASS
RECLAIM-V2-008809,RETRY_ALL,RETRY_ALL,0.0,25.0,-25.0,-25.0,0.0,PASS
RECLAIM-V2-008810,RETRY_ALL,RETRY_ALL,23.17368466161496,25.0,-1.826315338385044,-1.8263153383850401,3.774758283725532e-15,PASS
RECLAIM-V2-008811,RETRY_ALL,RETRY_ALL,291.61179959531444,25.0,266.61179959531444,266.61179959531444,0.0,PASS
RECLAIM-V2-008812,RETRY_ALL,RETRY_ALL,260.52621259153665,25.0,235.52621259153665,235.52621259153665,0.0,PASS
RECLAIM-V2-008813,RETRY_ALL,RETRY_ALL,0.0,25.0,-25.0,-25.0,0.0,PASS
RECLAIM-V2-008814,RETRY_ALL,RETRY_ALL,117.30640280943103,25.0,92.30640280943103,92.30640280943103,0.0,PASS
RECLAIM-V2-008815,RETRY_ALL,RETRY_ALL,87.739842990474,25.0,62.739842990474,62.739842990474,0.0,PASS
RECLAIM-V2-008816,RETRY_ALL,RETRY_ALL,22.4503723080906,25.0,-2.5496276919094,-2.5496276919094,0.0,PASS
RECLAIM-V2-008817,RETRY_ALL,RETRY_ALL,0.0,25.0,-25.0,-25.0,0.0,PASS
RECLAIM-V2-008818,RETRY_ALL,RETRY_ALL,229.1700375771441,25.0,204.1700375771441,204.1700375771441,0.0,PASS
RECLAIM-V2-008819,RETRY_ALL,RETRY_ALL,360.8041555381356,25.0,335.8041555381356,335.8041555381356,0.0,PASS
RECLAIM-V2-008820,RETRY_ALL,RETRY_ALL,0.0,25.0,-25.0,-25.0,0.0,PASS
RECLAIM-V2-008821,RETRY_ALL,RETRY_ALL,0.0,25.0,-25.0,-25.0,0.0,PASS
RECLAIM-V2-008822,RETRY_ALL,RETRY_ALL,0.0,25.0,-25.0,-25.0,0.0,PASS
RECLAIM-V2-008823,RETRY_ALL,RETRY_ALL,0.0,25.0,-25.0,-25.0,0.0,PASS
RECLAIM-V2-008824,RETRY_ALL,RETRY_ALL,0.0,25.0,-25.0,-25.0,0.0,PASS
RECLAIM-V2-008825,RETRY_ALL,RETRY_ALL,71.83438845687449,25.0,46.83438845687449,46.83438845687449,0.0,PASS
RECLAIM-V2-008826,RETRY_ALL,RETRY_ALL,0.0,25.0,-25.0,-25.0,0.0,PASS
RECLAIM-V2-008827,RETRY_ALL,RETRY_ALL,0.0,25.0,-25.0,-25.0,0.0,PASS
RECLAIM-V2-008828,RETRY_ALL,RETRY_ALL,0.0,25.0,-25.0,-25.0,0.0,PASS
RECLAIM-V2-008829,RETRY_ALL,RETRY_ALL,144.15325365124022,25.0,119.15325365124022,119.15325365124022,0.0,PASS
RECLAIM-V2-008830,TARGET,LOW_INTENSITY,462.1453306000566,45.0,417.1453306000566,417.1453306000566,0.0,PASS
RECLAIM-V2-008831,RETRY_ALL,RETRY_ALL,0.0,25.0,-25.0,-25.0,0.0,PASS
RECLAIM-V2-008832,RETRY_ALL,RETRY_ALL,0.0,25.0,-25.0,-25.0,0.0,PASS
RECLAIM-V2-008833,RETRY_ALL,RETRY_ALL,0.0,25.0,-25.0,-25.0,0.0,PASS
RECLAIM-V2-008834,TARGET,MONITOR,391.5346568578488,10.0,381.5346568578488,381.5346568578488,0.0,PASS
RECLAIM-V2-008835,RETRY_ALL,RETRY_ALL,48.1535464722096,25.0,23.1535464722096,23.153546472209598,-3.552713678800501e-15,PASS
RECLAIM-V2-008836,RETRY_ALL,RETRY_ALL,270.0759900305763,25.0,245.0759900305763,245.0759900305763,0.0,PASS
RECLAIM-V2-008837,RETRY_ALL,RETRY_ALL,0.0,25.0,-25.0,-25.0,0.0,PASS
RECLAIM-V2-008838,RETRY_ALL,RETRY_ALL,0.0,25.0,-25.0,-25.0,0.0,PASS
RECLAIM-V2-008839,RETRY_ALL,RETRY_ALL,0.0,25.0,-25.0,-25.0,0.0,PASS
RECLAIM-V2-008840,RETRY_ALL,RETRY_ALL,0.0,25.0,-25.0,-25.0,0.0,PASS
RECLAIM-V2-008841,RETRY_ALL,RETRY_ALL,30.248265793816497,25.0,5.248265793816497,5.248265793816497,0.0,PASS
RECLAIM-V2-008842,RETRY_ALL,RETRY_ALL,0.0,25.0,-25.0,-25.0,0.0,PASS
RECLAIM-V2-008843,RETRY_ALL,RETRY_ALL,36.4464835751403,25.0,11.4464835751403,11.446483575140299,-1.7763568394002505e-15,PASS
RECLAIM-V2-008844,RETRY_ALL,RETRY_ALL,0.0,25.0,-25.0,-25.0,0.0,PASS
RECLAIM-V2-008845,RETRY_ALL,RETRY_ALL,0.0,25.0,-25.0,-25.0,0.0,PASS
RECLAIM-V2-008846,RETRY_ALL,RETRY_ALL,345.8718851381016,25.0,320.8718851381016,320.8718851381016,0.0,PASS
RECLAIM-V2-008847,RETRY_ALL,RETRY_ALL,0.0,25.0,-25.0,-25.0,0.0,PASS
RECLAIM-V2-008848,RETRY_ALL,RETRY_ALL,0.0,25.0,-25.0,-25.0,0.0,PASS
RECLAIM-V2-008849,RETRY_ALL,RETRY_ALL,29.23766866580205,25.0,4.237668665802051,4.237668665802051,0.0,PASS
RECLAIM-V2-008850,RETRY_ALL,RETRY_ALL,0.0,25.0,-25.0,-25.0,0.0,PASS
RECLAIM-V2-008851,TARGET,STANDARD_TARGET,493.646775818312,80.0,413.646775818312,413.646775818312,0.0,PASS
RECLAIM-V2-008852,RETRY_ALL,RETRY_ALL,63.71663971780799,25.0,38.71663971780799,38.71663971780799,0.0,PASS
RECLAIM-V2-008853,RETRY_ALL,RETRY_ALL,91.42843052587004,25.0,66.42843052587004,66.42843052587004,0.0,PASS
RECLAIM-V2-008854,RETRY_ALL,RETRY_ALL,0.0,25.0,-25.0,-25.0,0.0,PASS
RECLAIM-V2-008855,RETRY_ALL,RETRY_ALL,33.204348140154,25.0,8.204348140154003,8.204348140154003,0.0,PASS
RECLAIM-V2-008856,RETRY_ALL,RETRY_ALL,113.11110865158224,25.0,88.11110865158224,88.11110865158224,0.0,PASS
RECLAIM-V2-008857,RETRY_ALL,RETRY_ALL,204.06013287678584,25.0,179.06013287678584,179.06013287678584,0.0,PASS
RECLAIM-V2-008858,RETRY_ALL,RETRY_ALL,67.66393717896915,25.0,42.66393717896915,42.66393717896915,0.0,PASS
RECLAIM-V2-008859,RETRY_ALL,RETRY_ALL,0.0,25.0,-25.0,-25.0,0.0,PASS
RECLAIM-V2-008860,RETRY_ALL,RETRY_ALL,183.73202531034704,25.0,158.73202531034704,158.73202531034704,0.0,PASS
RECLAIM-V2-008861,RETRY_ALL,RETRY_ALL,0.0,25.0,-25.0,-25.0,0.0,PASS
RECLAIM-V2-008862,RETRY_ALL,RETRY_ALL,119.82319067658344,25.0,94.82319067658344,94.82319067658344,0.0,PASS
RECLAIM-V2-008863,RETRY_ALL,RETRY_ALL,197.8988281830447,25.0,172.8988281830447,172.8988281830447,0.0,PASS
RECLAIM-V2-008864,RETRY_ALL,RETRY_ALL,341.2312818736602,25.0,316.2312818736602,316.2312818736602,0.0,PASS
RECLAIM-V2-008865,RETRY_ALL,RETRY_ALL,0.0,25.0,-25.0,-25.0,0.0,PASS
RECLAIM-V2-008866,RETRY_ALL,RETRY_ALL,279.3350583300117,25.0,254.3350583300117,254.3350583300117,0.0,PASS
RECLAIM-V2-008867,RETRY_ALL,RETRY_ALL,303.693446750955,25.0,278.693446750955,278.693446750955,0.0,PASS
RECLAIM-V2-008868,RETRY_ALL,RETRY_ALL,22.9092388182771,25.0,-2.0907611817229004,-2.0907611817229004,0.0,PASS
RECLAIM-V2-008869,RETRY_ALL,RETRY_ALL,0.0,25.0,-25.0,-25.0,0.0,PASS
RECLAIM-V2-008870,RETRY_ALL,RETRY_ALL,185.9301416442276,25.0,160.9301416442276,160.9301416442276,0.0,PASS
RECLAIM-V2-008871,RETRY_ALL,RETRY_ALL,0.0,25.0,-25.0,-25.0,0.0,PASS
RECLAIM-V2-008872,RETRY_ALL,RETRY_ALL,98.55728670028576,25.0,73.55728670028576,73.55728670028576,0.0,PASS
RECLAIM-V2-008873,RETRY_ALL,RETRY_ALL,0.0,25.0,-25.0,-25.0,0.0,PASS
RECLAIM-V2-008874,RETRY_ALL,RETRY_ALL,0.0,25.0,-25.0,-25.0,0.0,PASS
RECLAIM-V2-008875,RETRY_ALL,RETRY_ALL,88.09926258440069,25.0,63.09926258440069,63.09926258440069,0.0,PASS
RECLAIM-V2-008876,RETRY_ALL,RETRY_ALL,27.24993816418725,25.0,2.249938164187249,2.249938164187249,0.0,PASS
RECLAIM-V2-008877,RETRY_ALL,RETRY_ALL,33.6339390471162,25.0,8.6339390471162,8.6339390471162,0.0,PASS
RECLAIM-V2-008878,RETRY_ALL,RETRY_ALL,70.94359759669726,25.0,45.94359759669726,45.94359759669726,0.0,PASS
RECLAIM-V2-008879,TARGET,LOW_INTENSITY,435.5961862386384,45.0,390.5961862386384,390.5961862386384,0.0,PASS
RECLAIM-V2-008880,RETRY_ALL,RETRY_ALL,0.0,25.0,-25.0,-25.0,0.0,PASS
RECLAIM-V2-008881,RETRY_ALL,RETRY_ALL,0.6552365468421,25.0,-24.3447634531579,-24.3447634531579,0.0,PASS
RECLAIM-V2-008882,RETRY_ALL,RETRY_ALL,170.5015988116353,25.0,145.5015988116353,145.5015988116353,0.0,PASS
RECLAIM-V2-008883,RETRY_ALL,RETRY_ALL,317.29064751997544,25.0,292.29064751997544,292.29064751997544,0.0,PASS
RECLAIM-V2-008884,RETRY_ALL,RETRY_ALL,33.6662880612879,25.0,8.6662880612879,8.6662880612879,0.0,PASS
RECLAIM-V2-008885,RETRY_ALL,RETRY_ALL,0.0,25.0,-25.0,-25.0,0.0,PASS
RECLAIM-V2-008886,RETRY_ALL,RETRY_ALL,64.138040637177,25.0,39.138040637177,39.138040637177,0.0,PASS
RECLAIM-V2-008887,RETRY_ALL,RETRY_ALL,0.0,25.0,-25.0,-25.0,0.0,PASS
RECLAIM-V2-008888,RETRY_ALL,RETRY_ALL,7.3827847536264,25.0,-17.6172152463736,-17.6172152463736,0.0,PASS
RECLAIM-V2-008889,RETRY_ALL,RETRY_ALL,0.0,25.0,-25.0,-25.0,0.0,PASS
RECLAIM-V2-008890,RETRY_ALL,RETRY_ALL,87.82777435641931,25.0,62.82777435641931,62.82777435641931,0.0,PASS
RECLAIM-V2-008891,RETRY_ALL,RETRY_ALL,47.0902788798138,25.0,22.0902788798138,22.090278879813802,3.552713678800501e-15,PASS
RECLAIM-V2-008892,RETRY_ALL,RETRY_ALL,306.6478775538624,25.0,281.6478775538624,281.6478775538624,0.0,PASS
RECLAIM-V2-008893,RETRY_ALL,RETRY_ALL,210.3524461667744,25.0,185.3524461667744,185.3524461667744,0.0,PASS
RECLAIM-V2-008894,RETRY_ALL,RETRY_ALL,179.0836948424313,25.0,154.0836948424313,154.0836948424313,0.0,PASS
RECLAIM-V2-008895,RETRY_ALL,RETRY_ALL,0.0,25.0,-25.0,-25.0,0.0,PASS
RECLAIM-V2-008896,RETRY_ALL,RETRY_ALL,0.0,25.0,-25.0,-25.0,0.0,PASS
RECLAIM-V2-008897,RETRY_ALL,RETRY_ALL,0.0,25.0,-25.0,-25.0,0.0,PASS
RECLAIM-V2-008898,RETRY_ALL,RETRY_ALL,0.0,25.0,-25.0,-25.0,0.0,PASS
RECLAIM-V2-008899,TARGET,STANDARD_TARGET,486.9907789701023,80.0,406.9907789701023,406.9907789701023,0.0,PASS
RECLAIM-V2-008900,RETRY_ALL,RETRY_ALL,0.0,25.0,-25.0,-25.0,0.0,PASS
RECLAIM-V2-008901,RETRY_ALL,RETRY_ALL,0.0,25.0,-25.0,-25.0,0.0,PASS
RECLAIM-V2-008902,RETRY_ALL,RETRY_ALL,0.0,25.0,-25.0,-25.0,0.0,PASS
RECLAIM-V2-008903,RETRY_ALL,RETRY_ALL,0.0,25.0,-25.0,-25.0,0.0,PASS
RECLAIM-V2-008904,RETRY_ALL,RETRY_ALL,0.0,25.0,-25.0,-25.0,0.0,PASS
RECLAIM-V2-008905,RETRY_ALL,RETRY_ALL,71.7247098344118,25.0,46.7247098344118,46.7247098344118,0.0,PASS
RECLAIM-V2-008906,RETRY_ALL,RETRY_ALL,0.0,25.0,-25.0,-25.0,0.0,PASS
RECLAIM-V2-008907,RETRY_ALL,RETRY_ALL,0.0,25.0,-25.0,-25.0,0.0,PASS
RECLAIM-V2-008908,RETRY_ALL,RETRY_ALL,0.0,25.0,-25.0,-25.0,0.0,PASS
RECLAIM-V2-008909,RETRY_ALL,RETRY_ALL,115.3618111936656,25.0,90.3618111936656,90.3618111936656,0.0,PASS
RECLAIM-V2-008910,RETRY_ALL,RETRY_ALL,0.0,25.0,-25.0,-25.0,0.0,PASS
RECLAIM-V2-008911,RETRY_ALL,RETRY_ALL,0.0,25.0,-25.0,-25.0,0.0,PASS
RECLAIM-V2-008912,RETRY_ALL,RETRY_ALL,0.0,25.0,-25.0,-25.0,0.0,PASS
RECLAIM-V2-008913,RETRY_ALL,RETRY_ALL,0.025931183452843,25.0,-24.97406881654716,-24.974068816547156,3.552713678800501e-15,PASS
RECLAIM-V2-008914,RETRY_ALL,RETRY_ALL,0.0,25.0,-25.0,-25.0,0.0,PASS
RECLAIM-V2-008915,RETRY_ALL,RETRY_ALL,302.4019008455382,25.0,277.4019008455382,277.4019008455382,0.0,PASS
RECLAIM-V2-008916,RETRY_ALL,RETRY_ALL,0.0,25.0,-25.0,-25.0,0.0,PASS
RECLAIM-V2-008917,RETRY_ALL,RETRY_ALL,0.0,25.0,-25.0,-25.0,0.0,PASS
RECLAIM-V2-008918,RETRY_ALL,RETRY_ALL,0.0,25.0,-25.0,-25.0,0.0,PASS
RECLAIM-V2-008919,RETRY_ALL,RETRY_ALL,365.1447793365828,25.0,340.1447793365828,340.1447793365828,0.0,PASS
RECLAIM-V2-008920,RETRY_ALL,RETRY_ALL,126.03334364221456,25.0,101.03334364221456,101.03334364221456,0.0,PASS
RECLAIM-V2-008921,RETRY_ALL,RETRY_ALL,19.58508273229515,25.0,-5.414917267704851,-5.414917267704851,0.0,PASS
RECLAIM-V2-008922,RETRY_ALL,RETRY_ALL,370.8960374506887,25.0,345.8960374506887,345.8960374506887,0.0,PASS
RECLAIM-V2-008923,RETRY_ALL,RETRY_ALL,0.0,25.0,-25.0,-25.0,0.0,PASS
RECLAIM-V2-008924,RETRY_ALL,RETRY_ALL,0.0,25.0,-25.0,-25.0,0.0,PASS
RECLAIM-V2-008925,RETRY_ALL,RETRY_ALL,386.50663224371146,25.0,361.50663224371146,361.50663224371146,0.0,PASS
RECLAIM-V2-008926,RETRY_ALL,RETRY_ALL,0.0,25.0,-25.0,-25.0,0.0,PASS
RECLAIM-V2-008927,RETRY_ALL,RETRY_ALL,0.0,25.0,-25.0,-25.0,0.0,PASS
RECLAIM-V2-008928,RETRY_ALL,RETRY_ALL,0.0,25.0,-25.0,-25.0,0.0,PASS
RECLAIM-V2-008929,RETRY_ALL,RETRY_ALL,101.74137221262254,25.0,76.74137221262254,76.74137221262254,0.0,PASS
RECLAIM-V2-008930,RETRY_ALL,RETRY_ALL,0.0,25.0,-25.0,-25.0,0.0,PASS
RECLAIM-V2-008931,RETRY_ALL,RETRY_ALL,0.0,25.0,-25.0,-25.0,0.0,PASS
RECLAIM-V2-008932,RETRY_ALL,RETRY_ALL,109.89135087929073,25.0,84.89135087929073,84.89135087929073,0.0,PASS
RECLAIM-V2-008933,RETRY_ALL,RETRY_ALL,0.0,25.0,-25.0,-25.0,0.0,PASS
RECLAIM-V2-008934,RETRY_ALL,RETRY_ALL,318.1327602496218,25.0,293.1327602496218,293.1327602496218,0.0,PASS
RECLAIM-V2-008935,RETRY_ALL,RETRY_ALL,379.00298945933054,25.0,354.00298945933054,354.00298945933054,0.0,PASS
RECLAIM-V2-008936,RETRY_ALL,RETRY_ALL,36.4729057145376,25.0,11.472905714537603,11.472905714537603,0.0,PASS
RECLAIM-V2-008937,RETRY_ALL,RETRY_ALL,0.0,25.0,-25.0,-25.0,0.0,PASS
RECLAIM-V2-008938,RETRY_ALL,RETRY_ALL,0.0,25.0,-25.0,-25.0,0.0,PASS
RECLAIM-V2-008939,RETRY_ALL,RETRY_ALL,131.31728046704686,25.0,106.31728046704686,106.31728046704686,0.0,PASS
RECLAIM-V2-008940,RETRY_ALL,RETRY_ALL,0.0,25.0,-25.0,-25.0,0.0,PASS
RECLAIM-V2-008941,RETRY_ALL,RETRY_ALL,150.678316996797,25.0,125.678316996797,125.67831699679701,1.4210854715202004e-14,PASS
RECLAIM-V2-008942,RETRY_ALL,RETRY_ALL,277.0266434965734,25.0,252.0266434965734,252.0266434965734,0.0,PASS
RECLAIM-V2-008943,RETRY_ALL,RETRY_ALL,186.44973801641788,25.0,161.44973801641788,161.44973801641788,0.0,PASS
RECLAIM-V2-008944,RETRY_ALL,RETRY_ALL,0.0,25.0,-25.0,-25.0,0.0,PASS
RECLAIM-V2-008945,RETRY_ALL,RETRY_ALL,0.0,25.0,-25.0,-25.0,0.0,PASS
RECLAIM-V2-008946,RETRY_ALL,RETRY_ALL,0.0,25.0,-25.0,-25.0,0.0,PASS
RECLAIM-V2-008947,RETRY_ALL,RETRY_ALL,0.0,25.0,-25.0,-25.0,0.0,PASS
RECLAIM-V2-008948,RETRY_ALL,RETRY_ALL,1.14984770490345,25.0,-23.85015229509655,-23.85015229509655,0.0,PASS
RECLAIM-V2-008949,RETRY_ALL,RETRY_ALL,93.269854272744,25.0,68.269854272744,68.269854272744,0.0,PASS
RECLAIM-V2-008950,RETRY_ALL,RETRY_ALL,268.05073791142456,25.0,243.05073791142456,243.05073791142456,0.0,PASS
RECLAIM-V2-008951,RETRY_ALL,RETRY_ALL,0.0,25.0,-25.0,-25.0,0.0,PASS
RECLAIM-V2-008952,RETRY_ALL,RETRY_ALL,146.2720509838239,25.0,121.2720509838239,121.2720509838239,0.0,PASS
RECLAIM-V2-008953,RETRY_ALL,RETRY_ALL,184.9826287214982,25.0,159.9826287214982,159.9826287214982,0.0,PASS
RECLAIM-V2-008954,RETRY_ALL,RETRY_ALL,195.09085660021185,25.0,170.09085660021185,170.09085660021185,0.0,PASS
RECLAIM-V2-008955,RETRY_ALL,RETRY_ALL,294.49068772482883,25.0,269.49068772482883,269.49068772482883,0.0,PASS
RECLAIM-V2-008956,RETRY_ALL,RETRY_ALL,240.61604286872924,25.0,215.61604286872924,215.61604286872924,0.0,PASS
RECLAIM-V2-008957,RETRY_ALL,RETRY_ALL,0.0,25.0,-25.0,-25.0,0.0,PASS
RECLAIM-V2-008958,RETRY_ALL,RETRY_ALL,0.0,25.0,-25.0,-25.0,0.0,PASS
RECLAIM-V2-008959,RETRY_ALL,RETRY_ALL,124.19921748125203,25.0,99.19921748125203,99.19921748125203,0.0,PASS
RECLAIM-V2-008960,RETRY_ALL,RETRY_ALL,0.0,25.0,-25.0,-25.0,0.0,PASS
RECLAIM-V2-008961,RETRY_ALL,RETRY_ALL,255.94366093491587,25.0,230.94366093491587,230.94366093491587,0.0,PASS
RECLAIM-V2-008962,RETRY_ALL,RETRY_ALL,0.0,25.0,-25.0,-25.0,0.0,PASS
RECLAIM-V2-008963,RETRY_ALL,RETRY_ALL,0.0,25.0,-25.0,-25.0,0.0,PASS
RECLAIM-V2-008964,RETRY_ALL,RETRY_ALL,283.63188995992454,25.0,258.63188995992454,258.63188995992454,0.0,PASS
RECLAIM-V2-008965,RETRY_ALL,RETRY_ALL,0.0,25.0,-25.0,-25.0,0.0,PASS
RECLAIM-V2-008966,RETRY_ALL,RETRY_ALL,51.0370040403567,25.0,26.0370040403567,26.0370040403567,0.0,PASS
RECLAIM-V2-008967,RETRY_ALL,RETRY_ALL,138.47097868394027,25.0,113.47097868394027,113.47097868394027,0.0,PASS
RECLAIM-V2-008968,RETRY_ALL,RETRY_ALL,239.87493784067684,25.0,214.87493784067684,214.87493784067684,0.0,PASS
RECLAIM-V2-008969,RETRY_ALL,RETRY_ALL,210.01381745406795,25.0,185.01381745406795,185.01381745406795,0.0,PASS
RECLAIM-V2-008970,RETRY_ALL,RETRY_ALL,381.4124876870293,25.0,356.4124876870293,356.4124876870293,0.0,PASS
RECLAIM-V2-008971,RETRY_ALL,RETRY_ALL,209.1086170049112,25.0,184.1086170049112,184.1086170049112,0.0,PASS
RECLAIM-V2-008972,RETRY_ALL,RETRY_ALL,0.0,25.0,-25.0,-25.0,0.0,PASS
RECLAIM-V2-008973,RETRY_ALL,RETRY_ALL,0.0,25.0,-25.0,-25.0,0.0,PASS
RECLAIM-V2-008974,RETRY_ALL,RETRY_ALL,21.85316435194545,25.0,-3.146835648054552,-3.1468356480545516,4.440892098500626e-16,PASS
RECLAIM-V2-008975,RETRY_ALL,RETRY_ALL,38.39595946709101,25.0,13.39595946709101,13.39595946709101,0.0,PASS
RECLAIM-V2-008976,TARGET,LOW_INTENSITY,447.6390863278127,45.0,402.6390863278127,402.6390863278127,0.0,PASS
RECLAIM-V2-008977,RETRY_ALL,RETRY_ALL,0.0,25.0,-25.0,-25.0,0.0,PASS
RECLAIM-V2-008978,RETRY_ALL,RETRY_ALL,220.4343370729932,25.0,195.4343370729932,195.4343370729932,0.0,PASS
RECLAIM-V2-008979,RETRY_ALL,RETRY_ALL,292.7051771566323,25.0,267.7051771566323,267.7051771566323,0.0,PASS
RECLAIM-V2-008980,RETRY_ALL,RETRY_ALL,0.0,25.0,-25.0,-25.0,0.0,PASS
RECLAIM-V2-008981,RETRY_ALL,RETRY_ALL,14.596431807432,25.0,-10.403568192568,-10.403568192568,0.0,PASS
RECLAIM-V2-008982,RETRY_ALL,RETRY_ALL,178.44632713339303,25.0,153.44632713339303,153.44632713339303,0.0,PASS
RECLAIM-V2-008983,RETRY_ALL,RETRY_ALL,78.50957579167395,25.0,53.50957579167395,53.50957579167395,0.0,PASS
RECLAIM-V2-008984,RETRY_ALL,RETRY_ALL,168.8723603647155,25.0,143.8723603647155,143.8723603647155,0.0,PASS
RECLAIM-V2-008985,RETRY_ALL,RETRY_ALL,0.0,25.0,-25.0,-25.0,0.0,PASS
RECLAIM-V2-008986,RETRY_ALL,RETRY_ALL,0.0,25.0,-25.0,-25.0,0.0,PASS
RECLAIM-V2-008987,RETRY_ALL,RETRY_ALL,0.0,25.0,-25.0,-25.0,0.0,PASS
RECLAIM-V2-008988,RETRY_ALL,RETRY_ALL,0.0,25.0,-25.0,-25.0,0.0,PASS
RECLAIM-V2-008989,RETRY_ALL,RETRY_ALL,145.92365355737445,25.0,120.92365355737444,120.92365355737445,1.4210854715202004e-14,PASS
RECLAIM-V2-008990,RETRY_ALL,RETRY_ALL,0.0,25.0,-25.0,-25.0,0.0,PASS
RECLAIM-V2-008991,RETRY_ALL,RETRY_ALL,101.7739355270988,25.0,76.7739355270988,76.7739355270988,0.0,PASS
RECLAIM-V2-008992,RETRY_ALL,RETRY_ALL,0.0,25.0,-25.0,-25.0,0.0,PASS
RECLAIM-V2-008993,RETRY_ALL,RETRY_ALL,346.2782912441812,25.0,321.2782912441812,321.2782912441812,0.0,PASS
RECLAIM-V2-008994,RETRY_ALL,RETRY_ALL,29.681261757255147,25.0,4.681261757255147,4.681261757255147,0.0,PASS
RECLAIM-V2-008995,RETRY_ALL,RETRY_ALL,0.0,25.0,-25.0,-25.0,0.0,PASS
RECLAIM-V2-008996,RETRY_ALL,RETRY_ALL,47.1100622087145,25.0,22.110062208714503,22.110062208714503,0.0,PASS
RECLAIM-V2-008997,RETRY_ALL,RETRY_ALL,0.0,25.0,-25.0,-25.0,0.0,PASS
RECLAIM-V2-008998,RETRY_ALL,RETRY_ALL,0.0,25.0,-25.0,-25.0,0.0,PASS
RECLAIM-V2-008999,RETRY_ALL,RETRY_ALL,71.6531191852092,25.0,46.653119185209206,46.653119185209206,0.0,PASS
RECLAIM-V2-009000,RETRY_ALL,RETRY_ALL,186.0701936099598,25.0,161.0701936099598,161.0701936099598,0.0,PASS
RECLAIM-V2-009001,RETRY_ALL,RETRY_ALL,377.3738283662999,25.0,352.3738283662999,352.3738283662999,0.0,PASS
RECLAIM-V2-009002,RETRY_ALL,RETRY_ALL,0.0,25.0,-25.0,-25.0,0.0,PASS
RECLAIM-V2-009003,RETRY_ALL,RETRY_ALL,43.2437320650927,25.0,18.2437320650927,18.2437320650927,0.0,PASS
RECLAIM-V2-009004,TARGET,STANDARD_TARGET,486.9907789701023,80.0,406.9907789701023,406.9907789701023,0.0,PASS
RECLAIM-V2-009005,RETRY_ALL,RETRY_ALL,81.04793186994495,25.0,56.04793186994495,56.04793186994495,0.0,PASS
RECLAIM-V2-009006,RETRY_ALL,RETRY_ALL,215.75750820043933,25.0,190.75750820043933,190.75750820043933,0.0,PASS
RECLAIM-V2-009007,RETRY_ALL,RETRY_ALL,29.97732841902045,25.0,4.9773284190204485,4.9773284190204485,0.0,PASS
RECLAIM-V2-009008,RETRY_ALL,RETRY_ALL,292.8540671002565,25.0,267.8540671002565,267.8540671002565,0.0,PASS
RECLAIM-V2-009009,RETRY_ALL,RETRY_ALL,0.0,25.0,-25.0,-25.0,0.0,PASS
RECLAIM-V2-009010,RETRY_ALL,RETRY_ALL,220.755686658207,25.0,195.755686658207,195.755686658207,0.0,PASS
RECLAIM-V2-009011,RETRY_ALL,RETRY_ALL,0.0,25.0,-25.0,-25.0,0.0,PASS
RECLAIM-V2-009012,RETRY_ALL,RETRY_ALL,0.0,25.0,-25.0,-25.0,0.0,PASS
RECLAIM-V2-009013,RETRY_ALL,RETRY_ALL,0.0,25.0,-25.0,-25.0,0.0,PASS
RECLAIM-V2-009014,RETRY_ALL,RETRY_ALL,0.0,25.0,-25.0,-25.0,0.0,PASS
RECLAIM-V2-009015,RETRY_ALL,RETRY_ALL,57.360937424319154,25.0,32.360937424319154,32.360937424319154,0.0,PASS
RECLAIM-V2-009016,RETRY_ALL,RETRY_ALL,0.0,25.0,-25.0,-25.0,0.0,PASS
RECLAIM-V2-009017,RETRY_ALL,RETRY_ALL,33.81565684372845,25.0,8.815656843728448,8.815656843728448,0.0,PASS
RECLAIM-V2-009018,RETRY_ALL,RETRY_ALL,41.71559681191005,25.0,16.715596811910054,16.715596811910054,0.0,PASS
RECLAIM-V2-009019,RETRY_ALL,RETRY_ALL,0.0,25.0,-25.0,-25.0,0.0,PASS
RECLAIM-V2-009020,RETRY_ALL,RETRY_ALL,0.0,25.0,-25.0,-25.0,0.0,PASS
RECLAIM-V2-009021,RETRY_ALL,RETRY_ALL,19.88672267912355,25.0,-5.113277320876449,-5.113277320876449,0.0,PASS
RECLAIM-V2-009022,RETRY_ALL,RETRY_ALL,96.68941461984676,25.0,71.68941461984676,71.68941461984676,0.0,PASS
RECLAIM-V2-009023,RETRY_ALL,RETRY_ALL,109.71070301222146,25.0,84.71070301222146,84.71070301222146,0.0,PASS
RECLAIM-V2-009024,RETRY_ALL,RETRY_ALL,289.86628696179747,25.0,264.86628696179747,264.86628696179747,0.0,PASS
RECLAIM-V2-009025,RETRY_ALL,RETRY_ALL,310.3349372215635,25.0,285.3349372215635,285.3349372215635,0.0,PASS
RECLAIM-V2-009026,RETRY_ALL,RETRY_ALL,0.0,25.0,-25.0,-25.0,0.0,PASS
RECLAIM-V2-009027,RETRY_ALL,RETRY_ALL,311.4913658378715,25.0,286.4913658378715,286.4913658378715,0.0,PASS
RECLAIM-V2-009028,RETRY_ALL,RETRY_ALL,188.63053875338085,25.0,163.63053875338085,163.63053875338085,0.0,PASS
RECLAIM-V2-009029,RETRY_ALL,RETRY_ALL,166.29199202526317,25.0,141.29199202526317,141.29199202526317,0.0,PASS
RECLAIM-V2-009030,RETRY_ALL,RETRY_ALL,0.0,25.0,-25.0,-25.0,0.0,PASS
RECLAIM-V2-009031,RETRY_ALL,RETRY_ALL,291.3705070706637,25.0,266.3705070706637,266.3705070706637,0.0,PASS
RECLAIM-V2-009032,RETRY_ALL,RETRY_ALL,0.0,25.0,-25.0,-25.0,0.0,PASS
RECLAIM-V2-009033,RETRY_ALL,RETRY_ALL,0.0,25.0,-25.0,-25.0,0.0,PASS
RECLAIM-V2-009034,RETRY_ALL,RETRY_ALL,0.0,25.0,-25.0,-25.0,0.0,PASS
RECLAIM-V2-009035,RETRY_ALL,RETRY_ALL,0.0,25.0,-25.0,-25.0,0.0,PASS
RECLAIM-V2-009036,RETRY_ALL,RETRY_ALL,0.0,25.0,-25.0,-25.0,0.0,PASS
RECLAIM-V2-009037,RETRY_ALL,RETRY_ALL,0.0,25.0,-25.0,-25.0,0.0,PASS
RECLAIM-V2-009038,RETRY_ALL,RETRY_ALL,0.0,25.0,-25.0,-25.0,0.0,PASS
RECLAIM-V2-009039,RETRY_ALL,RETRY_ALL,14.6238239346636,25.0,-10.3761760653364,-10.3761760653364,0.0,PASS
RECLAIM-V2-009040,RETRY_ALL,RETRY_ALL,0.0,25.0,-25.0,-25.0,0.0,PASS
RECLAIM-V2-009041,RETRY_ALL,RETRY_ALL,223.03986773629865,25.0,198.03986773629865,198.03986773629865,0.0,PASS
RECLAIM-V2-009042,RETRY_ALL,RETRY_ALL,0.0,25.0,-25.0,-25.0,0.0,PASS
RECLAIM-V2-009043,RETRY_ALL,RETRY_ALL,0.0,25.0,-25.0,-25.0,0.0,PASS
RECLAIM-V2-009044,RETRY_ALL,RETRY_ALL,0.0,25.0,-25.0,-25.0,0.0,PASS
RECLAIM-V2-009045,RETRY_ALL,RETRY_ALL,353.52141381078945,25.0,328.52141381078945,328.52141381078945,0.0,PASS
RECLAIM-V2-009046,RETRY_ALL,RETRY_ALL,173.56035258239146,25.0,148.56035258239146,148.56035258239146,0.0,PASS
RECLAIM-V2-009047,RETRY_ALL,RETRY_ALL,16.006407081712197,25.0,-8.993592918287803,-8.993592918287803,0.0,PASS
RECLAIM-V2-009048,RETRY_ALL,RETRY_ALL,0.0,25.0,-25.0,-25.0,0.0,PASS
RECLAIM-V2-009049,RETRY_ALL,RETRY_ALL,0.0,25.0,-25.0,-25.0,0.0,PASS
RECLAIM-V2-009050,RETRY_ALL,RETRY_ALL,337.2480078819735,25.0,312.2480078819735,312.2480078819735,0.0,PASS
RECLAIM-V2-009051,RETRY_ALL,RETRY_ALL,198.08202761520613,25.0,173.08202761520613,173.08202761520613,0.0,PASS
RECLAIM-V2-009052,RETRY_ALL,RETRY_ALL,267.6377587794192,25.0,242.6377587794192,242.6377587794192,0.0,PASS
RECLAIM-V2-009053,RETRY_ALL,RETRY_ALL,228.2350324242528,25.0,203.2350324242528,203.2350324242528,0.0,PASS
RECLAIM-V2-009054,RETRY_ALL,RETRY_ALL,0.0,25.0,-25.0,-25.0,0.0,PASS
RECLAIM-V2-009055,RETRY_ALL,RETRY_ALL,0.0,25.0,-25.0,-25.0,0.0,PASS
RECLAIM-V2-009056,RETRY_ALL,RETRY_ALL,0.0,25.0,-25.0,-25.0,0.0,PASS
RECLAIM-V2-009057,RETRY_ALL,RETRY_ALL,247.254539600139,25.0,222.254539600139,222.254539600139,0.0,PASS
RECLAIM-V2-009058,RETRY_ALL,RETRY_ALL,128.3770083759393,25.0,103.37700837593933,103.37700837593931,-1.4210854715202004e-14,PASS
RECLAIM-V2-009059,TARGET,MONITOR,418.1017981754079,10.0,408.1017981754079,408.1017981754079,0.0,PASS
RECLAIM-V2-009060,RETRY_ALL,RETRY_ALL,209.2683204948705,25.0,184.2683204948705,184.2683204948705,0.0,PASS
RECLAIM-V2-009061,RETRY_ALL,RETRY_ALL,0.0,25.0,-25.0,-25.0,0.0,PASS
RECLAIM-V2-009062,RETRY_ALL,RETRY_ALL,0.0,25.0,-25.0,-25.0,0.0,PASS
RECLAIM-V2-009063,RETRY_ALL,RETRY_ALL,0.0,25.0,-25.0,-25.0,0.0,PASS
RECLAIM-V2-009064,RETRY_ALL,RETRY_ALL,0.0,25.0,-25.0,-25.0,0.0,PASS
RECLAIM-V2-009065,RETRY_ALL,RETRY_ALL,0.0,25.0,-25.0,-25.0,0.0,PASS
RECLAIM-V2-009066,RETRY_ALL,RETRY_ALL,153.7052172419001,25.0,128.7052172419001,128.7052172419001,0.0,PASS
RECLAIM-V2-009067,RETRY_ALL,RETRY_ALL,0.0,25.0,-25.0,-25.0,0.0,PASS
RECLAIM-V2-009068,RETRY_ALL,RETRY_ALL,0.0,25.0,-25.0,-25.0,0.0,PASS
RECLAIM-V2-009069,RETRY_ALL,RETRY_ALL,0.0,25.0,-25.0,-25.0,0.0,PASS
RECLAIM-V2-009070,RETRY_ALL,RETRY_ALL,105.51930315315344,25.0,80.51930315315344,80.51930315315344,0.0,PASS
RECLAIM-V2-009071,RETRY_ALL,RETRY_ALL,0.0,25.0,-25.0,-25.0,0.0,PASS
RECLAIM-V2-009072,RETRY_ALL,RETRY_ALL,155.90032548233668,25.0,130.90032548233668,130.90032548233668,0.0,PASS
RECLAIM-V2-009073,RETRY_ALL,RETRY_ALL,0.0,25.0,-25.0,-25.0,0.0,PASS
RECLAIM-V2-009074,RETRY_ALL,RETRY_ALL,0.0,25.0,-25.0,-25.0,0.0,PASS
RECLAIM-V2-009075,RETRY_ALL,RETRY_ALL,0.0,25.0,-25.0,-25.0,0.0,PASS
RECLAIM-V2-009076,RETRY_ALL,RETRY_ALL,0.0,25.0,-25.0,-25.0,0.0,PASS
RECLAIM-V2-009077,RETRY_ALL,RETRY_ALL,347.0854570889041,25.0,322.0854570889041,322.0854570889041,0.0,PASS
RECLAIM-V2-009078,RETRY_ALL,RETRY_ALL,118.66935177859648,25.0,93.66935177859648,93.66935177859648,0.0,PASS
RECLAIM-V2-009079,RETRY_ALL,RETRY_ALL,302.3299216691979,25.0,277.3299216691979,277.3299216691979,0.0,PASS
RECLAIM-V2-009080,RETRY_ALL,RETRY_ALL,0.0,25.0,-25.0,-25.0,0.0,PASS
RECLAIM-V2-009081,RETRY_ALL,RETRY_ALL,31.869948383105548,25.0,6.869948383105548,6.869948383105548,0.0,PASS
RECLAIM-V2-009082,RETRY_ALL,RETRY_ALL,128.3770083759393,25.0,103.37700837593933,103.37700837593931,-1.4210854715202004e-14,PASS
RECLAIM-V2-009083,RETRY_ALL,RETRY_ALL,0.0,25.0,-25.0,-25.0,0.0,PASS
RECLAIM-V2-009084,RETRY_ALL,RETRY_ALL,244.3984553909631,25.0,219.3984553909631,219.3984553909631,0.0,PASS
RECLAIM-V2-009085,RETRY_ALL,RETRY_ALL,0.0,25.0,-25.0,-25.0,0.0,PASS
RECLAIM-V2-009086,RETRY_ALL,RETRY_ALL,286.9520305834395,25.0,261.9520305834395,261.9520305834395,0.0,PASS
RECLAIM-V2-009087,RETRY_ALL,RETRY_ALL,0.0,25.0,-25.0,-25.0,0.0,PASS
RECLAIM-V2-009088,RETRY_ALL,RETRY_ALL,0.0,25.0,-25.0,-25.0,0.0,PASS
RECLAIM-V2-009089,RETRY_ALL,RETRY_ALL,146.6949823494177,25.0,121.6949823494177,121.6949823494177,0.0,PASS
RECLAIM-V2-009090,RETRY_ALL,RETRY_ALL,183.59598444948915,25.0,158.59598444948915,158.59598444948915,0.0,PASS
RECLAIM-V2-009091,RETRY_ALL,RETRY_ALL,0.0,25.0,-25.0,-25.0,0.0,PASS
RECLAIM-V2-009092,RETRY_ALL,RETRY_ALL,0.0,25.0,-25.0,-25.0,0.0,PASS
RECLAIM-V2-009093,TARGET,MONITOR,404.0515435467638,10.0,394.0515435467638,394.0515435467638,0.0,PASS
RECLAIM-V2-009094,RETRY_ALL,RETRY_ALL,0.0,25.0,-25.0,-25.0,0.0,PASS
RECLAIM-V2-009095,TARGET,MONITOR,415.2106775186465,10.0,405.2106775186465,405.2106775186465,0.0,PASS
RECLAIM-V2-009096,RETRY_ALL,RETRY_ALL,0.0,25.0,-25.0,-25.0,0.0,PASS
RECLAIM-V2-009097,RETRY_ALL,RETRY_ALL,0.0,25.0,-25.0,-25.0,0.0,PASS
RECLAIM-V2-009098,RETRY_ALL,RETRY_ALL,54.8831574980436,25.0,29.8831574980436,29.8831574980436,0.0,PASS
RECLAIM-V2-009099,RETRY_ALL,RETRY_ALL,0.0,25.0,-25.0,-25.0,0.0,PASS
RECLAIM-V2-009100,RETRY_ALL,RETRY_ALL,64.3682685259425,25.0,39.3682685259425,39.3682685259425,0.0,PASS
RECLAIM-V2-009101,RETRY_ALL,RETRY_ALL,0.0,25.0,-25.0,-25.0,0.0,PASS
RECLAIM-V2-009102,RETRY_ALL,RETRY_ALL,308.3957244497085,25.0,283.3957244497085,283.3957244497085,0.0,PASS
RECLAIM-V2-009103,RETRY_ALL,RETRY_ALL,335.2192774424973,25.0,310.2192774424973,310.2192774424973,0.0,PASS
RECLAIM-V2-009104,RETRY_ALL,RETRY_ALL,0.0,25.0,-25.0,-25.0,0.0,PASS
RECLAIM-V2-009105,RETRY_ALL,RETRY_ALL,269.17044132688744,25.0,244.17044132688744,244.17044132688744,0.0,PASS
RECLAIM-V2-009106,RETRY_ALL,RETRY_ALL,0.0,25.0,-25.0,-25.0,0.0,PASS
RECLAIM-V2-009107,RETRY_ALL,RETRY_ALL,0.0,25.0,-25.0,-25.0,0.0,PASS
RECLAIM-V2-009108,RETRY_ALL,RETRY_ALL,210.6412785825627,25.0,185.6412785825627,185.6412785825627,0.0,PASS
RECLAIM-V2-009109,RETRY_ALL,RETRY_ALL,0.0,25.0,-25.0,-25.0,0.0,PASS
RECLAIM-V2-009110,RETRY_ALL,RETRY_ALL,0.0,25.0,-25.0,-25.0,0.0,PASS
RECLAIM-V2-009111,RETRY_ALL,RETRY_ALL,0.0,25.0,-25.0,-25.0,0.0,PASS
RECLAIM-V2-009112,RETRY_ALL,RETRY_ALL,0.0,25.0,-25.0,-25.0,0.0,PASS
RECLAIM-V2-009113,RETRY_ALL,RETRY_ALL,83.2962648924675,25.0,58.29626489246751,58.296264892467505,-7.105427357601002e-15,PASS
RECLAIM-V2-009114,RETRY_ALL,RETRY_ALL,206.60744987749155,25.0,181.60744987749155,181.60744987749155,0.0,PASS
RECLAIM-V2-009115,RETRY_ALL,RETRY_ALL,0.0,25.0,-25.0,-25.0,0.0,PASS
RECLAIM-V2-009116,RETRY_ALL,RETRY_ALL,50.55259097763194,25.0,25.552590977631937,25.552590977631937,0.0,PASS
RECLAIM-V2-009117,RETRY_ALL,RETRY_ALL,0.0,25.0,-25.0,-25.0,0.0,PASS
RECLAIM-V2-009118,RETRY_ALL,RETRY_ALL,120.92096493406996,25.0,95.92096493406996,95.92096493406996,0.0,PASS
RECLAIM-V2-009119,RETRY_ALL,RETRY_ALL,0.0,25.0,-25.0,-25.0,0.0,PASS
RECLAIM-V2-009120,RETRY_ALL,RETRY_ALL,83.87190533512154,25.0,58.87190533512154,58.87190533512154,0.0,PASS
RECLAIM-V2-009121,RETRY_ALL,RETRY_ALL,0.0,25.0,-25.0,-25.0,0.0,PASS
RECLAIM-V2-009122,RETRY_ALL,RETRY_ALL,333.3022424078516,25.0,308.3022424078516,308.3022424078516,0.0,PASS
RECLAIM-V2-009123,RETRY_ALL,RETRY_ALL,0.0,25.0,-25.0,-25.0,0.0,PASS
RECLAIM-V2-009124,RETRY_ALL,RETRY_ALL,0.0,25.0,-25.0,-25.0,0.0,PASS
RECLAIM-V2-009125,TARGET,LOW_INTENSITY,435.3278069486796,45.0,390.3278069486796,390.3278069486796,0.0,PASS
RECLAIM-V2-009126,RETRY_ALL,RETRY_ALL,0.0,25.0,-25.0,-25.0,0.0,PASS
RECLAIM-V2-009127,RETRY_ALL,RETRY_ALL,0.0,25.0,-25.0,-25.0,0.0,PASS
RECLAIM-V2-009128,RETRY_ALL,RETRY_ALL,192.99677963007167,25.0,167.99677963007167,167.99677963007167,0.0,PASS
RECLAIM-V2-009129,TARGET,MONITOR,400.3295056278924,10.0,390.3295056278924,390.3295056278924,0.0,PASS
RECLAIM-V2-009130,RETRY_ALL,RETRY_ALL,196.6657951564485,25.0,171.6657951564485,171.6657951564485,0.0,PASS
RECLAIM-V2-009131,RETRY_ALL,RETRY_ALL,218.2551218586828,25.0,193.2551218586828,193.2551218586828,0.0,PASS
RECLAIM-V2-009132,RETRY_ALL,RETRY_ALL,17.78771956439475,25.0,-7.212280435605251,-7.212280435605251,0.0,PASS
RECLAIM-V2-009133,RETRY_ALL,RETRY_ALL,123.035373742776,25.0,98.035373742776,98.035373742776,0.0,PASS
RECLAIM-V2-009134,RETRY_ALL,RETRY_ALL,0.0,25.0,-25.0,-25.0,0.0,PASS
RECLAIM-V2-009135,RETRY_ALL,RETRY_ALL,0.0,25.0,-25.0,-25.0,0.0,PASS
RECLAIM-V2-009136,RETRY_ALL,RETRY_ALL,286.06878812468835,25.0,261.06878812468835,261.06878812468835,0.0,PASS
RECLAIM-V2-009137,RETRY_ALL,RETRY_ALL,344.59798601973347,25.0,319.59798601973347,319.59798601973347,0.0,PASS
RECLAIM-V2-009138,RETRY_ALL,RETRY_ALL,244.3984553909631,25.0,219.3984553909631,219.3984553909631,0.0,PASS
RECLAIM-V2-009139,RETRY_ALL,RETRY_ALL,0.0,25.0,-25.0,-25.0,0.0,PASS
RECLAIM-V2-009140,RETRY_ALL,RETRY_ALL,0.0,25.0,-25.0,-25.0,0.0,PASS
RECLAIM-V2-009141,RETRY_ALL,RETRY_ALL,0.0,25.0,-25.0,-25.0,0.0,PASS
RECLAIM-V2-009142,RETRY_ALL,RETRY_ALL,0.0,25.0,-25.0,-25.0,0.0,PASS
RECLAIM-V2-009143,RETRY_ALL,RETRY_ALL,29.170341543637203,25.0,4.170341543637203,4.170341543637203,0.0,PASS
RECLAIM-V2-009144,RETRY_ALL,RETRY_ALL,0.0,25.0,-25.0,-25.0,0.0,PASS
RECLAIM-V2-009145,RETRY_ALL,RETRY_ALL,0.0,25.0,-25.0,-25.0,0.0,PASS
RECLAIM-V2-009146,RETRY_ALL,RETRY_ALL,186.0701936099598,25.0,161.0701936099598,161.0701936099598,0.0,PASS
RECLAIM-V2-009147,RETRY_ALL,RETRY_ALL,0.0,25.0,-25.0,-25.0,0.0,PASS
RECLAIM-V2-009148,RETRY_ALL,RETRY_ALL,0.0,25.0,-25.0,-25.0,0.0,PASS
RECLAIM-V2-009149,RETRY_ALL,RETRY_ALL,0.0,25.0,-25.0,-25.0,0.0,PASS
RECLAIM-V2-009150,RETRY_ALL,RETRY_ALL,20.5456152572328,25.0,-4.4543847427672,-4.4543847427672,0.0,PASS
RECLAIM-V2-009151,RETRY_ALL,RETRY_ALL,0.0,25.0,-25.0,-25.0,0.0,PASS
RECLAIM-V2-009152,RETRY_ALL,RETRY_ALL,208.01855329193893,25.0,183.01855329193893,183.01855329193893,0.0,PASS
RECLAIM-V2-009153,RETRY_ALL,RETRY_ALL,89.8233838406091,25.0,64.8233838406091,64.8233838406091,0.0,PASS
RECLAIM-V2-009154,RETRY_ALL,RETRY_ALL,0.0,25.0,-25.0,-25.0,0.0,PASS
RECLAIM-V2-009155,RETRY_ALL,RETRY_ALL,0.0,25.0,-25.0,-25.0,0.0,PASS
RECLAIM-V2-009156,RETRY_ALL,RETRY_ALL,215.74996049422347,25.0,190.74996049422347,190.74996049422347,0.0,PASS
RECLAIM-V2-009157,RETRY_ALL,RETRY_ALL,0.0,25.0,-25.0,-25.0,0.0,PASS
RECLAIM-V2-009158,RETRY_ALL,RETRY_ALL,48.44752018301535,25.0,23.44752018301535,23.44752018301535,0.0,PASS
RECLAIM-V2-009159,RETRY_ALL,RETRY_ALL,0.0,25.0,-25.0,-25.0,0.0,PASS
RECLAIM-V2-009160,RETRY_ALL,RETRY_ALL,274.1497343466711,25.0,249.1497343466711,249.1497343466711,0.0,PASS
RECLAIM-V2-009161,RETRY_ALL,RETRY_ALL,227.40463664869847,25.0,202.40463664869847,202.40463664869847,0.0,PASS
RECLAIM-V2-009162,RETRY_ALL,RETRY_ALL,0.0,25.0,-25.0,-25.0,0.0,PASS
RECLAIM-V2-009163,RETRY_ALL,RETRY_ALL,0.0,25.0,-25.0,-25.0,0.0,PASS
RECLAIM-V2-009164,RETRY_ALL,RETRY_ALL,0.0,25.0,-25.0,-25.0,0.0,PASS
RECLAIM-V2-009165,RETRY_ALL,RETRY_ALL,204.0625216175619,25.0,179.0625216175619,179.0625216175619,0.0,PASS
RECLAIM-V2-009166,RETRY_ALL,RETRY_ALL,232.1927093947497,25.0,207.1927093947497,207.1927093947497,0.0,PASS
RECLAIM-V2-009167,RETRY_ALL,RETRY_ALL,0.0,25.0,-25.0,-25.0,0.0,PASS
RECLAIM-V2-009168,RETRY_ALL,RETRY_ALL,0.0,25.0,-25.0,-25.0,0.0,PASS
RECLAIM-V2-009169,RETRY_ALL,RETRY_ALL,0.0,25.0,-25.0,-25.0,0.0,PASS
RECLAIM-V2-009170,RETRY_ALL,RETRY_ALL,284.9136330677211,25.0,259.9136330677211,259.9136330677211,0.0,PASS
RECLAIM-V2-009171,RETRY_ALL,RETRY_ALL,0.0,25.0,-25.0,-25.0,0.0,PASS
RECLAIM-V2-009172,RETRY_ALL,RETRY_ALL,0.0,25.0,-25.0,-25.0,0.0,PASS
RECLAIM-V2-009173,TARGET,HIGH_INTENSITY,574.6903564389842,120.0,454.69035643898417,454.69035643898417,0.0,PASS
RECLAIM-V2-009174,RETRY_ALL,RETRY_ALL,43.65921234728145,25.0,18.659212347281454,18.659212347281454,0.0,PASS
RECLAIM-V2-009175,RETRY_ALL,RETRY_ALL,0.0,25.0,-25.0,-25.0,0.0,PASS
RECLAIM-V2-009176,RETRY_ALL,RETRY_ALL,13.4877319091622,25.0,-11.5122680908378,-11.5122680908378,0.0,PASS
RECLAIM-V2-009177,RETRY_ALL,RETRY_ALL,183.59598444948915,25.0,158.59598444948915,158.59598444948915,0.0,PASS
RECLAIM-V2-009178,RETRY_ALL,RETRY_ALL,205.6773504837944,25.0,180.6773504837944,180.6773504837944,0.0,PASS
RECLAIM-V2-009179,RETRY_ALL,RETRY_ALL,0.0,25.0,-25.0,-25.0,0.0,PASS
RECLAIM-V2-009180,RETRY_ALL,RETRY_ALL,3.58671215764935,25.0,-21.41328784235065,-21.41328784235065,0.0,PASS
RECLAIM-V2-009181,RETRY_ALL,RETRY_ALL,0.0,25.0,-25.0,-25.0,0.0,PASS
RECLAIM-V2-009182,RETRY_ALL,RETRY_ALL,0.0,25.0,-25.0,-25.0,0.0,PASS
RECLAIM-V2-009183,RETRY_ALL,RETRY_ALL,342.0682788701292,25.0,317.0682788701292,317.0682788701292,0.0,PASS
RECLAIM-V2-009184,RETRY_ALL,RETRY_ALL,370.8960374506887,25.0,345.8960374506887,345.8960374506887,0.0,PASS
RECLAIM-V2-009185,RETRY_ALL,RETRY_ALL,109.71070301222146,25.0,84.71070301222146,84.71070301222146,0.0,PASS
RECLAIM-V2-009186,RETRY_ALL,RETRY_ALL,12.164106509536651,25.0,-12.835893490463349,-12.835893490463349,0.0,PASS
RECLAIM-V2-009187,RETRY_ALL,RETRY_ALL,0.0,25.0,-25.0,-25.0,0.0,PASS
RECLAIM-V2-009188,RETRY_ALL,RETRY_ALL,0.0,25.0,-25.0,-25.0,0.0,PASS
RECLAIM-V2-009189,RETRY_ALL,RETRY_ALL,0.8261094419352,25.0,-24.1738905580648,-24.1738905580648,0.0,PASS
RECLAIM-V2-009190,RETRY_ALL,RETRY_ALL,0.0,25.0,-25.0,-25.0,0.0,PASS
RECLAIM-V2-009191,RETRY_ALL,RETRY_ALL,127.9620439848768,25.0,102.9620439848768,102.9620439848768,0.0,PASS
RECLAIM-V2-009192,RETRY_ALL,RETRY_ALL,11.8925668296333,25.0,-13.1074331703667,-13.1074331703667,0.0,PASS
RECLAIM-V2-009193,RETRY_ALL,RETRY_ALL,198.2605894644636,25.0,173.2605894644636,173.2605894644636,0.0,PASS
RECLAIM-V2-009194,RETRY_ALL,RETRY_ALL,46.3045303595577,25.0,21.304530359557702,21.304530359557702,0.0,PASS
RECLAIM-V2-009195,RETRY_ALL,RETRY_ALL,89.5038710757897,25.0,64.5038710757897,64.5038710757897,0.0,PASS
RECLAIM-V2-009196,RETRY_ALL,RETRY_ALL,216.3751104434569,25.0,191.3751104434569,191.3751104434569,0.0,PASS
RECLAIM-V2-009197,RETRY_ALL,RETRY_ALL,38.86727706532095,25.0,13.867277065320948,13.867277065320948,0.0,PASS
RECLAIM-V2-009198,RETRY_ALL,RETRY_ALL,195.68782458612225,25.0,170.68782458612225,170.68782458612225,0.0,PASS
RECLAIM-V2-009199,RETRY_ALL,RETRY_ALL,0.0,25.0,-25.0,-25.0,0.0,PASS
RECLAIM-V2-009200,RETRY_ALL,RETRY_ALL,0.0,25.0,-25.0,-25.0,0.0,PASS
RECLAIM-V2-009201,RETRY_ALL,RETRY_ALL,114.66982228267636,25.0,89.66982228267636,89.66982228267636,0.0,PASS
RECLAIM-V2-009202,RETRY_ALL,RETRY_ALL,0.0,25.0,-25.0,-25.0,0.0,PASS
RECLAIM-V2-009203,RETRY_ALL,RETRY_ALL,0.0,25.0,-25.0,-25.0,0.0,PASS
RECLAIM-V2-009204,RETRY_ALL,RETRY_ALL,200.89566680469795,25.0,175.89566680469795,175.89566680469795,0.0,PASS
RECLAIM-V2-009205,RETRY_ALL,RETRY_ALL,227.4441686538188,25.0,202.4441686538188,202.4441686538188,0.0,PASS
RECLAIM-V2-009206,RETRY_ALL,RETRY_ALL,43.2006177673461,25.0,18.200617767346102,18.200617767346102,0.0,PASS
RECLAIM-V2-009207,RETRY_ALL,RETRY_ALL,0.0,25.0,-25.0,-25.0,0.0,PASS
RECLAIM-V2-009208,RETRY_ALL,RETRY_ALL,0.0,25.0,-25.0,-25.0,0.0,PASS
RECLAIM-V2-009209,RETRY_ALL,RETRY_ALL,0.0,25.0,-25.0,-25.0,0.0,PASS
RECLAIM-V2-009210,RETRY_ALL,RETRY_ALL,0.0,25.0,-25.0,-25.0,0.0,PASS
RECLAIM-V2-009211,TARGET,LOW_INTENSITY,462.1453306000566,45.0,417.1453306000566,417.1453306000566,0.0,PASS
RECLAIM-V2-009212,RETRY_ALL,RETRY_ALL,0.0,25.0,-25.0,-25.0,0.0,PASS
RECLAIM-V2-009213,RETRY_ALL,RETRY_ALL,312.78456223634066,25.0,287.78456223634066,287.78456223634066,0.0,PASS
RECLAIM-V2-009214,RETRY_ALL,RETRY_ALL,0.0,25.0,-25.0,-25.0,0.0,PASS
RECLAIM-V2-009215,RETRY_ALL,RETRY_ALL,299.1835195195143,25.0,274.1835195195143,274.1835195195143,0.0,PASS
RECLAIM-V2-009216,RETRY_ALL,RETRY_ALL,0.0,25.0,-25.0,-25.0,0.0,PASS
RECLAIM-V2-009217,RETRY_ALL,RETRY_ALL,0.0,25.0,-25.0,-25.0,0.0,PASS
RECLAIM-V2-009218,RETRY_ALL,RETRY_ALL,370.8960374506887,25.0,345.8960374506887,345.8960374506887,0.0,PASS
RECLAIM-V2-009219,RETRY_ALL,RETRY_ALL,26.15339195206305,25.0,1.1533919520630498,1.1533919520630498,0.0,PASS
RECLAIM-V2-009220,RETRY_ALL,RETRY_ALL,0.0,25.0,-25.0,-25.0,0.0,PASS
RECLAIM-V2-009221,RETRY_ALL,RETRY_ALL,0.0,25.0,-25.0,-25.0,0.0,PASS
RECLAIM-V2-009222,RETRY_ALL,RETRY_ALL,58.61089426988355,25.0,33.61089426988355,33.61089426988355,0.0,PASS
RECLAIM-V2-009223,RETRY_ALL,RETRY_ALL,0.0,25.0,-25.0,-25.0,0.0,PASS
RECLAIM-V2-009224,RETRY_ALL,RETRY_ALL,239.4919501011805,25.0,214.4919501011805,214.4919501011805,0.0,PASS
RECLAIM-V2-009225,RETRY_ALL,RETRY_ALL,0.0,25.0,-25.0,-25.0,0.0,PASS
RECLAIM-V2-009226,RETRY_ALL,RETRY_ALL,0.0,25.0,-25.0,-25.0,0.0,PASS
RECLAIM-V2-009227,RETRY_ALL,RETRY_ALL,49.31341130178645,25.0,24.31341130178645,24.313411301786452,3.552713678800501e-15,PASS
RECLAIM-V2-009228,RETRY_ALL,RETRY_ALL,274.8418259562588,25.0,249.8418259562588,249.8418259562588,0.0,PASS
RECLAIM-V2-009229,RETRY_ALL,RETRY_ALL,0.0,25.0,-25.0,-25.0,0.0,PASS
RECLAIM-V2-009230,RETRY_ALL,RETRY_ALL,0.0,25.0,-25.0,-25.0,0.0,PASS
RECLAIM-V2-009231,RETRY_ALL,RETRY_ALL,353.7068008803285,25.0,328.7068008803285,328.7068008803285,0.0,PASS
RECLAIM-V2-009232,RETRY_ALL,RETRY_ALL,227.7111633773312,25.0,202.7111633773312,202.7111633773312,0.0,PASS
RECLAIM-V2-009233,RETRY_ALL,RETRY_ALL,175.23940222572463,25.0,150.23940222572463,150.23940222572463,0.0,PASS
RECLAIM-V2-009234,RETRY_ALL,RETRY_ALL,42.9206598488322,25.0,17.9206598488322,17.9206598488322,0.0,PASS
RECLAIM-V2-009235,RETRY_ALL,RETRY_ALL,281.9601084349161,25.0,256.9601084349161,256.9601084349161,0.0,PASS
RECLAIM-V2-009236,RETRY_ALL,RETRY_ALL,0.0,25.0,-25.0,-25.0,0.0,PASS
RECLAIM-V2-009237,RETRY_ALL,RETRY_ALL,231.11128694251155,25.0,206.11128694251155,206.11128694251155,0.0,PASS
RECLAIM-V2-009238,RETRY_ALL,RETRY_ALL,0.0,25.0,-25.0,-25.0,0.0,PASS
RECLAIM-V2-009239,RETRY_ALL,RETRY_ALL,0.0,25.0,-25.0,-25.0,0.0,PASS
RECLAIM-V2-009240,TARGET,MONITOR,398.409566444164,10.0,388.409566444164,388.409566444164,0.0,PASS
RECLAIM-V2-009241,RETRY_ALL,RETRY_ALL,142.1130091283163,25.0,117.11300912831628,117.11300912831629,1.4210854715202004e-14,PASS
RECLAIM-V2-009242,RETRY_ALL,RETRY_ALL,0.0,25.0,-25.0,-25.0,0.0,PASS
RECLAIM-V2-009243,RETRY_ALL,RETRY_ALL,0.0,25.0,-25.0,-25.0,0.0,PASS
RECLAIM-V2-009244,RETRY_ALL,RETRY_ALL,122.86410595365344,25.0,97.86410595365344,97.86410595365344,0.0,PASS
RECLAIM-V2-009245,RETRY_ALL,RETRY_ALL,212.0106472527069,25.0,187.0106472527069,187.0106472527069,0.0,PASS
RECLAIM-V2-009246,RETRY_ALL,RETRY_ALL,106.61107657024606,25.0,81.61107657024606,81.61107657024606,0.0,PASS
RECLAIM-V2-009247,RETRY_ALL,RETRY_ALL,0.0,25.0,-25.0,-25.0,0.0,PASS
RECLAIM-V2-009248,RETRY_ALL,RETRY_ALL,126.52575968206664,25.0,101.52575968206664,101.52575968206664,0.0,PASS
RECLAIM-V2-009249,RETRY_ALL,RETRY_ALL,0.0,25.0,-25.0,-25.0,0.0,PASS
RECLAIM-V2-009250,RETRY_ALL,RETRY_ALL,225.2853934011613,25.0,200.2853934011613,200.2853934011613,0.0,PASS
RECLAIM-V2-009251,RETRY_ALL,RETRY_ALL,65.4680739396018,25.0,40.468073939601794,40.468073939601794,0.0,PASS
RECLAIM-V2-009252,RETRY_ALL,RETRY_ALL,0.0,25.0,-25.0,-25.0,0.0,PASS
RECLAIM-V2-009253,RETRY_ALL,RETRY_ALL,89.62400883579795,25.0,64.62400883579795,64.62400883579795,0.0,PASS
RECLAIM-V2-009254,RETRY_ALL,RETRY_ALL,39.927243826693946,25.0,14.927243826693946,14.927243826693946,0.0,PASS
RECLAIM-V2-009255,TARGET,LOW_INTENSITY,458.1732521828209,45.0,413.1732521828209,413.1732521828209,0.0,PASS
RECLAIM-V2-009256,RETRY_ALL,RETRY_ALL,0.0,25.0,-25.0,-25.0,0.0,PASS
RECLAIM-V2-009257,TARGET,STANDARD_TARGET,488.0486961193344,80.0,408.0486961193344,408.0486961193344,0.0,PASS
RECLAIM-V2-009258,RETRY_ALL,RETRY_ALL,0.0,25.0,-25.0,-25.0,0.0,PASS
RECLAIM-V2-009259,RETRY_ALL,RETRY_ALL,0.0,25.0,-25.0,-25.0,0.0,PASS
RECLAIM-V2-009260,RETRY_ALL,RETRY_ALL,74.67119307907365,25.0,49.671193079073646,49.671193079073646,0.0,PASS
RECLAIM-V2-009261,RETRY_ALL,RETRY_ALL,114.6496731731874,25.0,89.6496731731874,89.6496731731874,0.0,PASS
RECLAIM-V2-009262,RETRY_ALL,RETRY_ALL,216.0701494210521,25.0,191.0701494210521,191.0701494210521,0.0,PASS
RECLAIM-V2-009263,RETRY_ALL,RETRY_ALL,0.0,25.0,-25.0,-25.0,0.0,PASS
RECLAIM-V2-009264,RETRY_ALL,RETRY_ALL,205.6773504837944,25.0,180.6773504837944,180.6773504837944,0.0,PASS
RECLAIM-V2-009265,RETRY_ALL,RETRY_ALL,193.5245228404904,25.0,168.52452284049036,168.5245228404904,2.842170943040401e-14,PASS
RECLAIM-V2-009266,RETRY_ALL,RETRY_ALL,0.0,25.0,-25.0,-25.0,0.0,PASS
RECLAIM-V2-009267,RETRY_ALL,RETRY_ALL,284.6963453054886,25.0,259.6963453054886,259.6963453054886,0.0,PASS
RECLAIM-V2-009268,RETRY_ALL,RETRY_ALL,59.30863325219565,25.0,34.30863325219565,34.30863325219565,0.0,PASS
RECLAIM-V2-009269,RETRY_ALL,RETRY_ALL,56.2583396711652,25.0,31.258339671165203,31.258339671165203,0.0,PASS
RECLAIM-V2-009270,RETRY_ALL,RETRY_ALL,37.11801285855045,25.0,12.11801285855045,12.11801285855045,0.0,PASS
RECLAIM-V2-009271,RETRY_ALL,RETRY_ALL,0.0,25.0,-25.0,-25.0,0.0,PASS
RECLAIM-V2-009272,RETRY_ALL,RETRY_ALL,134.68268962143614,25.0,109.68268962143614,109.68268962143614,0.0,PASS
RECLAIM-V2-009273,RETRY_ALL,RETRY_ALL,308.3899069200914,25.0,283.3899069200914,283.3899069200914,0.0,PASS
RECLAIM-V2-009274,RETRY_ALL,RETRY_ALL,39.70299468579375,25.0,14.702994685793747,14.702994685793747,0.0,PASS
RECLAIM-V2-009275,RETRY_ALL,RETRY_ALL,189.4877174489802,25.0,164.4877174489802,164.4877174489802,0.0,PASS
RECLAIM-V2-009276,RETRY_ALL,RETRY_ALL,52.80620506642725,25.0,27.806205066427253,27.806205066427253,0.0,PASS
RECLAIM-V2-009277,RETRY_ALL,RETRY_ALL,204.06013287678584,25.0,179.06013287678584,179.06013287678584,0.0,PASS
RECLAIM-V2-009278,RETRY_ALL,RETRY_ALL,206.98144318576783,25.0,181.98144318576783,181.98144318576783,0.0,PASS
RECLAIM-V2-009279,RETRY_ALL,RETRY_ALL,0.0,25.0,-25.0,-25.0,0.0,PASS
RECLAIM-V2-009280,RETRY_ALL,RETRY_ALL,143.66830209256935,25.0,118.66830209256936,118.66830209256935,-1.4210854715202004e-14,PASS
RECLAIM-V2-009281,RETRY_ALL,RETRY_ALL,229.0147228576734,25.0,204.0147228576734,204.0147228576734,0.0,PASS
RECLAIM-V2-009282,RETRY_ALL,RETRY_ALL,26.977421234209647,25.0,1.9774212342096469,1.9774212342096469,0.0,PASS
RECLAIM-V2-009283,RETRY_ALL,RETRY_ALL,266.28291223221146,25.0,241.28291223221143,241.28291223221146,2.842170943040401e-14,PASS
RECLAIM-V2-009284,RETRY_ALL,RETRY_ALL,0.0,25.0,-25.0,-25.0,0.0,PASS
RECLAIM-V2-009285,TARGET,LOW_INTENSITY,443.0424744286293,45.0,398.0424744286293,398.0424744286293,0.0,PASS
RECLAIM-V2-009286,RETRY_ALL,RETRY_ALL,121.03561070374634,25.0,96.03561070374634,96.03561070374634,0.0,PASS
RECLAIM-V2-009287,RETRY_ALL,RETRY_ALL,158.44405493394208,25.0,133.44405493394208,133.44405493394208,0.0,PASS
RECLAIM-V2-009288,RETRY_ALL,RETRY_ALL,269.70157107275685,25.0,244.70157107275685,244.70157107275685,0.0,PASS
RECLAIM-V2-009289,RETRY_ALL,RETRY_ALL,0.0,25.0,-25.0,-25.0,0.0,PASS
RECLAIM-V2-009290,RETRY_ALL,RETRY_ALL,247.81378889054207,25.0,222.81378889054207,222.81378889054207,0.0,PASS
RECLAIM-V2-009291,RETRY_ALL,RETRY_ALL,0.0,25.0,-25.0,-25.0,0.0,PASS
RECLAIM-V2-009292,RETRY_ALL,RETRY_ALL,0.0,25.0,-25.0,-25.0,0.0,PASS
RECLAIM-V2-009293,TARGET,STANDARD_TARGET,517.8903388697296,80.0,437.8903388697296,437.8903388697296,0.0,PASS
RECLAIM-V2-009294,RETRY_ALL,RETRY_ALL,310.486088269626,25.0,285.486088269626,285.486088269626,0.0,PASS
RECLAIM-V2-009295,RETRY_ALL,RETRY_ALL,0.0,25.0,-25.0,-25.0,0.0,PASS
RECLAIM-V2-009296,RETRY_ALL,RETRY_ALL,379.5083576417711,25.0,354.5083576417711,354.5083576417711,0.0,PASS
RECLAIM-V2-009297,RETRY_ALL,RETRY_ALL,177.14816720426387,25.0,152.14816720426387,152.14816720426387,0.0,PASS
RECLAIM-V2-009298,RETRY_ALL,RETRY_ALL,334.6961265167495,25.0,309.6961265167495,309.6961265167495,0.0,PASS
RECLAIM-V2-009299,TARGET,STANDARD_TARGET,499.6878521051059,80.0,419.6878521051059,419.6878521051059,0.0,PASS
RECLAIM-V2-009300,RETRY_ALL,RETRY_ALL,0.0,25.0,-25.0,-25.0,0.0,PASS
RECLAIM-V2-009301,RETRY_ALL,RETRY_ALL,0.0,25.0,-25.0,-25.0,0.0,PASS
RECLAIM-V2-009302,RETRY_ALL,RETRY_ALL,310.1106081935851,25.0,285.1106081935851,285.1106081935851,0.0,PASS
RECLAIM-V2-009303,RETRY_ALL,RETRY_ALL,224.19668418141765,25.0,199.19668418141765,199.19668418141765,0.0,PASS
RECLAIM-V2-009304,RETRY_ALL,RETRY_ALL,0.0,25.0,-25.0,-25.0,0.0,PASS
RECLAIM-V2-009305,TARGET,STANDARD_TARGET,483.5032150188675,80.0,403.5032150188675,403.5032150188675,0.0,PASS
RECLAIM-V2-009306,RETRY_ALL,RETRY_ALL,0.0,25.0,-25.0,-25.0,0.0,PASS
RECLAIM-V2-009307,RETRY_ALL,RETRY_ALL,0.0,25.0,-25.0,-25.0,0.0,PASS
RECLAIM-V2-009308,TARGET,LOW_INTENSITY,467.4407960786109,45.0,422.4407960786109,422.4407960786109,0.0,PASS
RECLAIM-V2-009309,RETRY_ALL,RETRY_ALL,0.0,25.0,-25.0,-25.0,0.0,PASS
RECLAIM-V2-009310,RETRY_ALL,RETRY_ALL,0.0,25.0,-25.0,-25.0,0.0,PASS
RECLAIM-V2-009311,RETRY_ALL,RETRY_ALL,0.0,25.0,-25.0,-25.0,0.0,PASS
RECLAIM-V2-009312,RETRY_ALL,RETRY_ALL,117.28283942904388,25.0,92.28283942904388,92.28283942904388,0.0,PASS
RECLAIM-V2-009313,RETRY_ALL,RETRY_ALL,126.895698969825,25.0,101.895698969825,101.895698969825,0.0,PASS
RECLAIM-V2-009314,RETRY_ALL,RETRY_ALL,0.0,25.0,-25.0,-25.0,0.0,PASS
RECLAIM-V2-009315,RETRY_ALL,RETRY_ALL,0.0,25.0,-25.0,-25.0,0.0,PASS
RECLAIM-V2-009316,RETRY_ALL,RETRY_ALL,292.53556729368063,25.0,267.53556729368063,267.53556729368063,0.0,PASS
RECLAIM-V2-009317,RETRY_ALL,RETRY_ALL,0.0,25.0,-25.0,-25.0,0.0,PASS
RECLAIM-V2-009318,TARGET,MONITOR,395.6003578785461,10.0,385.6003578785461,385.6003578785461,0.0,PASS
RECLAIM-V2-009319,RETRY_ALL,RETRY_ALL,0.0,25.0,-25.0,-25.0,0.0,PASS
RECLAIM-V2-009320,RETRY_ALL,RETRY_ALL,0.0,25.0,-25.0,-25.0,0.0,PASS
RECLAIM-V2-009321,RETRY_ALL,RETRY_ALL,0.0,25.0,-25.0,-25.0,0.0,PASS
RECLAIM-V2-009322,RETRY_ALL,RETRY_ALL,236.5930107716225,25.0,211.5930107716225,211.5930107716225,0.0,PASS
RECLAIM-V2-009323,RETRY_ALL,RETRY_ALL,0.0,25.0,-25.0,-25.0,0.0,PASS
RECLAIM-V2-009324,RETRY_ALL,RETRY_ALL,0.0,25.0,-25.0,-25.0,0.0,PASS
RECLAIM-V2-009325,RETRY_ALL,RETRY_ALL,0.0,25.0,-25.0,-25.0,0.0,PASS
RECLAIM-V2-009326,RETRY_ALL,RETRY_ALL,0.0,25.0,-25.0,-25.0,0.0,PASS
RECLAIM-V2-009327,RETRY_ALL,RETRY_ALL,339.1622152552125,25.0,314.1622152552125,314.1622152552125,0.0,PASS
RECLAIM-V2-009328,RETRY_ALL,RETRY_ALL,0.0,25.0,-25.0,-25.0,0.0,PASS
RECLAIM-V2-009329,RETRY_ALL,RETRY_ALL,0.0,25.0,-25.0,-25.0,0.0,PASS
RECLAIM-V2-009330,RETRY_ALL,RETRY_ALL,0.0,25.0,-25.0,-25.0,0.0,PASS
RECLAIM-V2-009331,RETRY_ALL,RETRY_ALL,0.0,25.0,-25.0,-25.0,0.0,PASS
RECLAIM-V2-009332,RETRY_ALL,RETRY_ALL,0.0,25.0,-25.0,-25.0,0.0,PASS
RECLAIM-V2-009333,RETRY_ALL,RETRY_ALL,0.0,25.0,-25.0,-25.0,0.0,PASS
RECLAIM-V2-009334,RETRY_ALL,RETRY_ALL,43.36986186615285,25.0,18.369861866152853,18.369861866152853,0.0,PASS
RECLAIM-V2-009335,RETRY_ALL,RETRY_ALL,0.0,25.0,-25.0,-25.0,0.0,PASS
RECLAIM-V2-009336,RETRY_ALL,RETRY_ALL,72.8395733079129,25.0,47.8395733079129,47.8395733079129,0.0,PASS
RECLAIM-V2-009337,RETRY_ALL,RETRY_ALL,3.77106128104335,25.0,-21.22893871895665,-21.22893871895665,0.0,PASS
RECLAIM-V2-009338,RETRY_ALL,RETRY_ALL,0.0,25.0,-25.0,-25.0,0.0,PASS
RECLAIM-V2-009339,RETRY_ALL,RETRY_ALL,0.0,25.0,-25.0,-25.0,0.0,PASS
RECLAIM-V2-009340,RETRY_ALL,RETRY_ALL,11.8925668296333,25.0,-13.1074331703667,-13.1074331703667,0.0,PASS
RECLAIM-V2-009341,RETRY_ALL,RETRY_ALL,209.67187467989325,25.0,184.67187467989325,184.67187467989325,0.0,PASS
RECLAIM-V2-009342,RETRY_ALL,RETRY_ALL,0.0,25.0,-25.0,-25.0,0.0,PASS
RECLAIM-V2-009343,RETRY_ALL,RETRY_ALL,306.6917069311219,25.0,281.6917069311219,281.6917069311219,0.0,PASS
RECLAIM-V2-009344,RETRY_ALL,RETRY_ALL,0.0,25.0,-25.0,-25.0,0.0,PASS
RECLAIM-V2-009345,RETRY_ALL,RETRY_ALL,169.852131999471,25.0,144.852131999471,144.852131999471,0.0,PASS
RECLAIM-V2-009346,RETRY_ALL,RETRY_ALL,190.5619513998733,25.0,165.5619513998733,165.5619513998733,0.0,PASS
RECLAIM-V2-009347,RETRY_ALL,RETRY_ALL,0.0,25.0,-25.0,-25.0,0.0,PASS
RECLAIM-V2-009348,RETRY_ALL,RETRY_ALL,0.0,25.0,-25.0,-25.0,0.0,PASS
RECLAIM-V2-009349,RETRY_ALL,RETRY_ALL,0.0,25.0,-25.0,-25.0,0.0,PASS
RECLAIM-V2-009350,RETRY_ALL,RETRY_ALL,0.0,25.0,-25.0,-25.0,0.0,PASS
RECLAIM-V2-009351,RETRY_ALL,RETRY_ALL,0.0,25.0,-25.0,-25.0,0.0,PASS
RECLAIM-V2-009352,RETRY_ALL,RETRY_ALL,31.913861775437848,25.0,6.913861775437848,6.913861775437848,0.0,PASS
RECLAIM-V2-009353,RETRY_ALL,RETRY_ALL,218.08929674558385,25.0,193.08929674558385,193.08929674558385,0.0,PASS
RECLAIM-V2-009354,RETRY_ALL,RETRY_ALL,21.81601005143009,25.0,-3.1839899485699057,-3.1839899485699092,-3.552713678800501e-15,PASS
RECLAIM-V2-009355,RETRY_ALL,RETRY_ALL,56.44388600253855,25.0,31.443886002538548,31.443886002538548,0.0,PASS
RECLAIM-V2-009356,RETRY_ALL,RETRY_ALL,6.1624954000419,25.0,-18.837504599958105,-18.837504599958102,3.552713678800501e-15,PASS
RECLAIM-V2-009357,RETRY_ALL,RETRY_ALL,28.8470809793136,25.0,3.847080979313599,3.847080979313599,0.0,PASS
RECLAIM-V2-009358,TARGET,LOW_INTENSITY,460.96405980805815,45.0,415.96405980805815,415.96405980805815,0.0,PASS
RECLAIM-V2-009359,RETRY_ALL,RETRY_ALL,0.0,25.0,-25.0,-25.0,0.0,PASS
RECLAIM-V2-009360,RETRY_ALL,RETRY_ALL,314.7495202878357,25.0,289.7495202878357,289.7495202878357,0.0,PASS
RECLAIM-V2-009361,TARGET,LOW_INTENSITY,442.9649869814573,45.0,397.9649869814573,397.9649869814573,0.0,PASS
RECLAIM-V2-009362,RETRY_ALL,RETRY_ALL,0.0,25.0,-25.0,-25.0,0.0,PASS
RECLAIM-V2-009363,RETRY_ALL,RETRY_ALL,0.0,25.0,-25.0,-25.0,0.0,PASS
RECLAIM-V2-009364,RETRY_ALL,RETRY_ALL,0.5955848233209,25.0,-24.4044151766791,-24.4044151766791,0.0,PASS
RECLAIM-V2-009365,RETRY_ALL,RETRY_ALL,215.80186388968727,25.0,190.80186388968727,190.80186388968727,0.0,PASS
RECLAIM-V2-009366,RETRY_ALL,RETRY_ALL,84.27676639243725,25.0,59.27676639243725,59.27676639243725,0.0,PASS
RECLAIM-V2-009367,RETRY_ALL,RETRY_ALL,23.3095215723438,25.0,-1.690478427656199,-1.690478427656199,0.0,PASS
RECLAIM-V2-009368,RETRY_ALL,RETRY_ALL,302.8178907967104,25.0,277.8178907967104,277.8178907967104,0.0,PASS
RECLAIM-V2-009369,RETRY_ALL,RETRY_ALL,0.0,25.0,-25.0,-25.0,0.0,PASS
RECLAIM-V2-009370,RETRY_ALL,RETRY_ALL,0.0,25.0,-25.0,-25.0,0.0,PASS
RECLAIM-V2-009371,RETRY_ALL,RETRY_ALL,363.3333404796786,25.0,338.3333404796786,338.3333404796786,0.0,PASS
RECLAIM-V2-009372,TARGET,LOW_INTENSITY,455.40475784272576,45.0,410.40475784272576,410.40475784272576,0.0,PASS
RECLAIM-V2-009373,RETRY_ALL,RETRY_ALL,205.6773504837944,25.0,180.6773504837944,180.6773504837944,0.0,PASS
RECLAIM-V2-009374,RETRY_ALL,RETRY_ALL,0.0,25.0,-25.0,-25.0,0.0,PASS
RECLAIM-V2-009375,RETRY_ALL,RETRY_ALL,379.9559575590616,25.0,354.9559575590616,354.9559575590616,0.0,PASS
RECLAIM-V2-009376,RETRY_ALL,RETRY_ALL,0.0,25.0,-25.0,-25.0,0.0,PASS
RECLAIM-V2-009377,RETRY_ALL,RETRY_ALL,121.0938191156055,25.0,96.0938191156055,96.0938191156055,0.0,PASS
RECLAIM-V2-009378,RETRY_ALL,RETRY_ALL,120.09429504014248,25.0,95.09429504014248,95.09429504014248,0.0,PASS
RECLAIM-V2-009379,RETRY_ALL,RETRY_ALL,21.85915858336005,25.0,-3.140841416639951,-3.140841416639951,0.0,PASS
RECLAIM-V2-009380,RETRY_ALL,RETRY_ALL,0.0,25.0,-25.0,-25.0,0.0,PASS
RECLAIM-V2-009381,RETRY_ALL,RETRY_ALL,204.06013287678584,25.0,179.06013287678584,179.06013287678584,0.0,PASS
RECLAIM-V2-009382,RETRY_ALL,RETRY_ALL,0.0,25.0,-25.0,-25.0,0.0,PASS
RECLAIM-V2-009383,RETRY_ALL,RETRY_ALL,0.0,25.0,-25.0,-25.0,0.0,PASS
RECLAIM-V2-009384,RETRY_ALL,RETRY_ALL,0.0,25.0,-25.0,-25.0,0.0,PASS
RECLAIM-V2-009385,RETRY_ALL,RETRY_ALL,0.0,25.0,-25.0,-25.0,0.0,PASS
RECLAIM-V2-009386,RETRY_ALL,RETRY_ALL,136.4557086984429,25.0,111.45570869844288,111.45570869844289,1.4210854715202004e-14,PASS
RECLAIM-V2-009387,RETRY_ALL,RETRY_ALL,0.0,25.0,-25.0,-25.0,0.0,PASS
RECLAIM-V2-009388,RETRY_ALL,RETRY_ALL,116.7967262118864,25.0,91.7967262118864,91.7967262118864,0.0,PASS
RECLAIM-V2-009389,RETRY_ALL,RETRY_ALL,42.9473391484089,25.0,17.9473391484089,17.9473391484089,0.0,PASS
RECLAIM-V2-009390,RETRY_ALL,RETRY_ALL,61.474730670211805,25.0,36.474730670211805,36.474730670211805,0.0,PASS
RECLAIM-V2-009391,RETRY_ALL,RETRY_ALL,0.0,25.0,-25.0,-25.0,0.0,PASS
RECLAIM-V2-009392,RETRY_ALL,RETRY_ALL,0.0,25.0,-25.0,-25.0,0.0,PASS
RECLAIM-V2-009393,RETRY_ALL,RETRY_ALL,126.895698969825,25.0,101.895698969825,101.895698969825,0.0,PASS
RECLAIM-V2-009394,RETRY_ALL,RETRY_ALL,0.0,25.0,-25.0,-25.0,0.0,PASS
RECLAIM-V2-009395,RETRY_ALL,RETRY_ALL,66.0935844804909,25.0,41.0935844804909,41.093584480490904,7.105427357601002e-15,PASS
RECLAIM-V2-009396,RETRY_ALL,RETRY_ALL,0.0,25.0,-25.0,-25.0,0.0,PASS
RECLAIM-V2-009397,RETRY_ALL,RETRY_ALL,287.7239779563428,25.0,262.7239779563428,262.7239779563428,0.0,PASS
RECLAIM-V2-009398,RETRY_ALL,RETRY_ALL,352.44312988430283,25.0,327.44312988430283,327.44312988430283,0.0,PASS
RECLAIM-V2-009399,RETRY_ALL,RETRY_ALL,203.27350633604416,25.0,178.27350633604416,178.27350633604416,0.0,PASS
RECLAIM-V2-009400,RETRY_ALL,RETRY_ALL,0.0,25.0,-25.0,-25.0,0.0,PASS
RECLAIM-V2-009401,RETRY_ALL,RETRY_ALL,118.43799866363072,25.0,93.43799866363072,93.43799866363072,0.0,PASS
RECLAIM-V2-009402,RETRY_ALL,RETRY_ALL,67.08534447625935,25.0,42.08534447625935,42.08534447625935,0.0,PASS
RECLAIM-V2-009403,RETRY_ALL,RETRY_ALL,27.062057087750848,25.0,2.062057087750848,2.0620570877508477,-4.440892098500626e-16,PASS
RECLAIM-V2-009404,RETRY_ALL,RETRY_ALL,132.75703091514674,25.0,107.75703091514674,107.75703091514674,0.0,PASS
RECLAIM-V2-009405,RETRY_ALL,RETRY_ALL,0.0,25.0,-25.0,-25.0,0.0,PASS
RECLAIM-V2-009406,RETRY_ALL,RETRY_ALL,332.93199046288817,25.0,307.93199046288817,307.93199046288817,0.0,PASS
RECLAIM-V2-009407,RETRY_ALL,RETRY_ALL,272.44751973386764,25.0,247.44751973386764,247.44751973386764,0.0,PASS
RECLAIM-V2-009408,RETRY_ALL,RETRY_ALL,0.0,25.0,-25.0,-25.0,0.0,PASS
RECLAIM-V2-009409,RETRY_ALL,RETRY_ALL,0.0,25.0,-25.0,-25.0,0.0,PASS
RECLAIM-V2-009410,RETRY_ALL,RETRY_ALL,34.0675245828033,25.0,9.0675245828033,9.067524582803301,1.7763568394002505e-15,PASS
RECLAIM-V2-009411,TARGET,LOW_INTENSITY,479.234871374338,45.0,434.234871374338,434.234871374338,0.0,PASS
RECLAIM-V2-009412,RETRY_ALL,RETRY_ALL,0.0,25.0,-25.0,-25.0,0.0,PASS
RECLAIM-V2-009413,RETRY_ALL,RETRY_ALL,0.0,25.0,-25.0,-25.0,0.0,PASS
RECLAIM-V2-009414,RETRY_ALL,RETRY_ALL,0.0,25.0,-25.0,-25.0,0.0,PASS
RECLAIM-V2-009415,RETRY_ALL,RETRY_ALL,0.0,25.0,-25.0,-25.0,0.0,PASS
RECLAIM-V2-009416,RETRY_ALL,RETRY_ALL,32.45042379592335,25.0,7.450423795923349,7.450423795923349,0.0,PASS
RECLAIM-V2-009417,TARGET,LOW_INTENSITY,458.3575980239367,45.0,413.3575980239367,413.3575980239367,0.0,PASS
RECLAIM-V2-009418,RETRY_ALL,RETRY_ALL,0.0,25.0,-25.0,-25.0,0.0,PASS
RECLAIM-V2-009419,RETRY_ALL,RETRY_ALL,0.0,25.0,-25.0,-25.0,0.0,PASS
RECLAIM-V2-009420,RETRY_ALL,RETRY_ALL,0.0,25.0,-25.0,-25.0,0.0,PASS
RECLAIM-V2-009421,RETRY_ALL,RETRY_ALL,100.61219984288672,25.0,75.61219984288672,75.61219984288672,0.0,PASS
RECLAIM-V2-009422,RETRY_ALL,RETRY_ALL,0.0,25.0,-25.0,-25.0,0.0,PASS
RECLAIM-V2-009423,RETRY_ALL,RETRY_ALL,204.75120645230865,25.0,179.75120645230865,179.75120645230865,0.0,PASS
RECLAIM-V2-009424,RETRY_ALL,RETRY_ALL,70.7817590785704,25.0,45.7817590785704,45.7817590785704,0.0,PASS
RECLAIM-V2-009425,RETRY_ALL,RETRY_ALL,286.44099684865967,25.0,261.44099684865967,261.44099684865967,0.0,PASS
RECLAIM-V2-009426,RETRY_ALL,RETRY_ALL,271.2371324443752,25.0,246.2371324443752,246.23713244437522,2.842170943040401e-14,PASS
RECLAIM-V2-009427,RETRY_ALL,RETRY_ALL,0.0,25.0,-25.0,-25.0,0.0,PASS
RECLAIM-V2-009428,RETRY_ALL,RETRY_ALL,0.0,25.0,-25.0,-25.0,0.0,PASS
RECLAIM-V2-009429,RETRY_ALL,RETRY_ALL,0.0,25.0,-25.0,-25.0,0.0,PASS
RECLAIM-V2-009430,RETRY_ALL,RETRY_ALL,0.0,25.0,-25.0,-25.0,0.0,PASS
RECLAIM-V2-009431,RETRY_ALL,RETRY_ALL,0.0,25.0,-25.0,-25.0,0.0,PASS
RECLAIM-V2-009432,RETRY_ALL,RETRY_ALL,0.0,25.0,-25.0,-25.0,0.0,PASS
RECLAIM-V2-009433,RETRY_ALL,RETRY_ALL,236.70178664545003,25.0,211.70178664545003,211.70178664545003,0.0,PASS
RECLAIM-V2-009434,TARGET,LOW_INTENSITY,454.02291194410594,45.0,409.02291194410594,409.02291194410594,0.0,PASS
RECLAIM-V2-009435,RETRY_ALL,RETRY_ALL,119.51759103095144,25.0,94.51759103095144,94.51759103095144,0.0,PASS
RECLAIM-V2-009436,RETRY_ALL,RETRY_ALL,282.65738359229493,25.0,257.65738359229493,257.65738359229493,0.0,PASS
RECLAIM-V2-009437,RETRY_ALL,RETRY_ALL,25.7645848308045,25.0,0.7645848308044982,0.7645848308044982,0.0,PASS
RECLAIM-V2-009438,RETRY_ALL,RETRY_ALL,142.97805260196466,25.0,117.97805260196466,117.97805260196466,0.0,PASS
RECLAIM-V2-009439,RETRY_ALL,RETRY_ALL,0.0,25.0,-25.0,-25.0,0.0,PASS
RECLAIM-V2-009440,RETRY_ALL,RETRY_ALL,0.0,25.0,-25.0,-25.0,0.0,PASS
RECLAIM-V2-009441,RETRY_ALL,RETRY_ALL,286.44099684865967,25.0,261.44099684865967,261.44099684865967,0.0,PASS
RECLAIM-V2-009442,RETRY_ALL,RETRY_ALL,0.0,25.0,-25.0,-25.0,0.0,PASS
RECLAIM-V2-009443,RETRY_ALL,RETRY_ALL,148.35124504743152,25.0,123.35124504743152,123.35124504743152,0.0,PASS
RECLAIM-V2-009444,RETRY_ALL,RETRY_ALL,0.0,25.0,-25.0,-25.0,0.0,PASS
RECLAIM-V2-009445,RETRY_ALL,RETRY_ALL,10.5220774771905,25.0,-14.4779225228095,-14.4779225228095,0.0,PASS
RECLAIM-V2-009446,RETRY_ALL,RETRY_ALL,157.44517760354145,25.0,132.44517760354145,132.44517760354145,0.0,PASS
RECLAIM-V2-009447,RETRY_ALL,RETRY_ALL,0.0,25.0,-25.0,-25.0,0.0,PASS
RECLAIM-V2-009448,RETRY_ALL,RETRY_ALL,220.1042162559397,25.0,195.1042162559397,195.1042162559397,0.0,PASS
RECLAIM-V2-009449,RETRY_ALL,RETRY_ALL,0.0,25.0,-25.0,-25.0,0.0,PASS
RECLAIM-V2-009450,RETRY_ALL,RETRY_ALL,314.05163555246804,25.0,289.05163555246804,289.05163555246804,0.0,PASS
RECLAIM-V2-009451,RETRY_ALL,RETRY_ALL,0.0,25.0,-25.0,-25.0,0.0,PASS
RECLAIM-V2-009452,RETRY_ALL,RETRY_ALL,292.57735295781583,25.0,267.57735295781583,267.57735295781583,0.0,PASS
RECLAIM-V2-009453,RETRY_ALL,RETRY_ALL,148.25013164116712,25.0,123.25013164116712,123.25013164116712,0.0,PASS
RECLAIM-V2-009454,RETRY_ALL,RETRY_ALL,234.417795597506,25.0,209.417795597506,209.417795597506,0.0,PASS
RECLAIM-V2-009455,RETRY_ALL,RETRY_ALL,266.582086906392,25.0,241.582086906392,241.58208690639202,2.842170943040401e-14,PASS
RECLAIM-V2-009456,RETRY_ALL,RETRY_ALL,0.0,25.0,-25.0,-25.0,0.0,PASS
RECLAIM-V2-009457,RETRY_ALL,RETRY_ALL,0.0,25.0,-25.0,-25.0,0.0,PASS
RECLAIM-V2-009458,RETRY_ALL,RETRY_ALL,0.0,25.0,-25.0,-25.0,0.0,PASS
RECLAIM-V2-009459,RETRY_ALL,RETRY_ALL,237.1556908103391,25.0,212.1556908103391,212.1556908103391,0.0,PASS
RECLAIM-V2-009460,RETRY_ALL,RETRY_ALL,100.74548824072484,25.0,75.74548824072484,75.74548824072484,0.0,PASS
RECLAIM-V2-009461,RETRY_ALL,RETRY_ALL,109.71070301222146,25.0,84.71070301222146,84.71070301222146,0.0,PASS
RECLAIM-V2-009462,RETRY_ALL,RETRY_ALL,0.0,25.0,-25.0,-25.0,0.0,PASS
RECLAIM-V2-009463,RETRY_ALL,RETRY_ALL,0.0,25.0,-25.0,-25.0,0.0,PASS
RECLAIM-V2-009464,TARGET,LOW_INTENSITY,435.4735359819315,45.0,390.4735359819315,390.4735359819315,0.0,PASS
RECLAIM-V2-009465,RETRY_ALL,RETRY_ALL,0.0,25.0,-25.0,-25.0,0.0,PASS
RECLAIM-V2-009466,RETRY_ALL,RETRY_ALL,361.29921608778193,25.0,336.299216087782,336.29921608778193,-5.684341886080802e-14,PASS
RECLAIM-V2-009467,RETRY_ALL,RETRY_ALL,84.31712448143236,25.0,59.31712448143236,59.31712448143236,0.0,PASS
RECLAIM-V2-009468,RETRY_ALL,RETRY_ALL,0.0,25.0,-25.0,-25.0,0.0,PASS
RECLAIM-V2-009469,RETRY_ALL,RETRY_ALL,204.06013287678584,25.0,179.06013287678584,179.06013287678584,0.0,PASS
RECLAIM-V2-009470,RETRY_ALL,RETRY_ALL,378.6879276634921,25.0,353.6879276634921,353.6879276634921,0.0,PASS
RECLAIM-V2-009471,RETRY_ALL,RETRY_ALL,67.11570289691234,25.0,42.11570289691234,42.11570289691234,0.0,PASS
RECLAIM-V2-009472,RETRY_ALL,RETRY_ALL,0.0,25.0,-25.0,-25.0,0.0,PASS
RECLAIM-V2-009473,RETRY_ALL,RETRY_ALL,352.321365436293,25.0,327.321365436293,327.321365436293,0.0,PASS
RECLAIM-V2-009474,RETRY_ALL,RETRY_ALL,0.0,25.0,-25.0,-25.0,0.0,PASS
RECLAIM-V2-009475,RETRY_ALL,RETRY_ALL,283.26541956746536,25.0,258.26541956746536,258.26541956746536,0.0,PASS
RECLAIM-V2-009476,TARGET,MONITOR,396.955822252842,10.0,386.955822252842,386.955822252842,0.0,PASS
RECLAIM-V2-009477,TARGET,MONITOR,407.3965301682272,10.0,397.3965301682272,397.3965301682272,0.0,PASS
RECLAIM-V2-009478,RETRY_ALL,RETRY_ALL,0.0,25.0,-25.0,-25.0,0.0,PASS
RECLAIM-V2-009479,RETRY_ALL,RETRY_ALL,302.1064853723105,25.0,277.1064853723105,277.1064853723105,0.0,PASS
RECLAIM-V2-009480,RETRY_ALL,RETRY_ALL,80.84634331657065,25.0,55.84634331657065,55.84634331657065,0.0,PASS
RECLAIM-V2-009481,RETRY_ALL,RETRY_ALL,17.36525959590825,25.0,-7.634740404091751,-7.634740404091751,0.0,PASS
RECLAIM-V2-009482,RETRY_ALL,RETRY_ALL,0.0,25.0,-25.0,-25.0,0.0,PASS
RECLAIM-V2-009483,RETRY_ALL,RETRY_ALL,0.0,25.0,-25.0,-25.0,0.0,PASS
RECLAIM-V2-009484,TARGET,STANDARD_TARGET,488.4610850621007,80.0,408.4610850621007,408.4610850621007,0.0,PASS
RECLAIM-V2-009485,RETRY_ALL,RETRY_ALL,299.4669192226492,25.0,274.4669192226492,274.4669192226492,0.0,PASS
RECLAIM-V2-009486,RETRY_ALL,RETRY_ALL,0.0,25.0,-25.0,-25.0,0.0,PASS
RECLAIM-V2-009487,RETRY_ALL,RETRY_ALL,225.00976677422267,25.0,200.00976677422267,200.00976677422267,0.0,PASS
RECLAIM-V2-009488,RETRY_ALL,RETRY_ALL,0.0,25.0,-25.0,-25.0,0.0,PASS
RECLAIM-V2-009489,RETRY_ALL,RETRY_ALL,0.0,25.0,-25.0,-25.0,0.0,PASS
RECLAIM-V2-009490,RETRY_ALL,RETRY_ALL,28.32170265548955,25.0,3.321702655489549,3.321702655489549,0.0,PASS
RECLAIM-V2-009491,RETRY_ALL,RETRY_ALL,0.0,25.0,-25.0,-25.0,0.0,PASS
RECLAIM-V2-009492,RETRY_ALL,RETRY_ALL,0.0,25.0,-25.0,-25.0,0.0,PASS
RECLAIM-V2-009493,RETRY_ALL,RETRY_ALL,0.0,25.0,-25.0,-25.0,0.0,PASS
RECLAIM-V2-009494,RETRY_ALL,RETRY_ALL,0.0,25.0,-25.0,-25.0,0.0,PASS
RECLAIM-V2-009495,RETRY_ALL,RETRY_ALL,0.0,25.0,-25.0,-25.0,0.0,PASS
RECLAIM-V2-009496,RETRY_ALL,RETRY_ALL,0.0,25.0,-25.0,-25.0,0.0,PASS
RECLAIM-V2-009497,RETRY_ALL,RETRY_ALL,344.8487287266805,25.0,319.8487287266805,319.8487287266805,0.0,PASS
RECLAIM-V2-009498,RETRY_ALL,RETRY_ALL,135.12360397527047,25.0,110.12360397527048,110.12360397527047,-1.4210854715202004e-14,PASS
RECLAIM-V2-009499,RETRY_ALL,RETRY_ALL,280.2701882736756,25.0,255.2701882736756,255.27018827367561,2.842170943040401e-14,PASS
RECLAIM-V2-009500,RETRY_ALL,RETRY_ALL,0.0,25.0,-25.0,-25.0,0.0,PASS
RECLAIM-V2-009501,RETRY_ALL,RETRY_ALL,313.9157787185879,25.0,288.9157787185879,288.9157787185879,0.0,PASS
RECLAIM-V2-009502,RETRY_ALL,RETRY_ALL,237.8391289793753,25.0,212.8391289793753,212.8391289793753,0.0,PASS
RECLAIM-V2-009503,RETRY_ALL,RETRY_ALL,0.0,25.0,-25.0,-25.0,0.0,PASS
RECLAIM-V2-009504,RETRY_ALL,RETRY_ALL,92.29245423930765,25.0,67.29245423930765,67.29245423930765,0.0,PASS
RECLAIM-V2-009505,RETRY_ALL,RETRY_ALL,0.0,25.0,-25.0,-25.0,0.0,PASS
RECLAIM-V2-009506,RETRY_ALL,RETRY_ALL,0.0,25.0,-25.0,-25.0,0.0,PASS
RECLAIM-V2-009507,RETRY_ALL,RETRY_ALL,263.5628564630388,25.0,238.56285646303883,238.56285646303883,0.0,PASS
RECLAIM-V2-009508,RETRY_ALL,RETRY_ALL,314.9867541969288,25.0,289.9867541969288,289.9867541969288,0.0,PASS
RECLAIM-V2-009509,RETRY_ALL,RETRY_ALL,146.8395261909852,25.0,121.8395261909852,121.8395261909852,0.0,PASS
RECLAIM-V2-009510,RETRY_ALL,RETRY_ALL,0.0,25.0,-25.0,-25.0,0.0,PASS
RECLAIM-V2-009511,TARGET,LOW_INTENSITY,471.00932540460377,45.0,426.00932540460377,426.00932540460377,0.0,PASS
RECLAIM-V2-009512,RETRY_ALL,RETRY_ALL,143.66830209256935,25.0,118.66830209256936,118.66830209256935,-1.4210854715202004e-14,PASS
RECLAIM-V2-009513,RETRY_ALL,RETRY_ALL,0.0,25.0,-25.0,-25.0,0.0,PASS
RECLAIM-V2-009514,RETRY_ALL,RETRY_ALL,0.0,25.0,-25.0,-25.0,0.0,PASS
RECLAIM-V2-009515,RETRY_ALL,RETRY_ALL,222.71628919684107,25.0,197.71628919684107,197.71628919684107,0.0,PASS
RECLAIM-V2-009516,RETRY_ALL,RETRY_ALL,147.71125455079155,25.0,122.71125455079157,122.71125455079155,-1.4210854715202004e-14,PASS
RECLAIM-V2-009517,RETRY_ALL,RETRY_ALL,270.0126851616823,25.0,245.0126851616824,245.01268516168233,-8.526512829121202e-14,PASS
RECLAIM-V2-009518,RETRY_ALL,RETRY_ALL,82.98028017285735,25.0,57.98028017285735,57.98028017285735,0.0,PASS
RECLAIM-V2-009519,RETRY_ALL,RETRY_ALL,121.88886588103904,25.0,96.88886588103904,96.88886588103904,0.0,PASS
RECLAIM-V2-009520,RETRY_ALL,RETRY_ALL,229.7766470620596,25.0,204.7766470620596,204.7766470620596,0.0,PASS
RECLAIM-V2-009521,RETRY_ALL,RETRY_ALL,317.07342529185,25.0,292.07342529185,292.07342529185,0.0,PASS
RECLAIM-V2-009522,RETRY_ALL,RETRY_ALL,0.0,25.0,-25.0,-25.0,0.0,PASS
RECLAIM-V2-009523,RETRY_ALL,RETRY_ALL,0.0,25.0,-25.0,-25.0,0.0,PASS
RECLAIM-V2-009524,RETRY_ALL,RETRY_ALL,0.0,25.0,-25.0,-25.0,0.0,PASS
RECLAIM-V2-009525,RETRY_ALL,RETRY_ALL,0.0,25.0,-25.0,-25.0,0.0,PASS
RECLAIM-V2-009526,RETRY_ALL,RETRY_ALL,148.36451214156705,25.0,123.36451214156703,123.36451214156705,1.4210854715202004e-14,PASS
RECLAIM-V2-009527,RETRY_ALL,RETRY_ALL,204.75223297825048,25.0,179.75223297825048,179.75223297825048,0.0,PASS
RECLAIM-V2-009528,RETRY_ALL,RETRY_ALL,214.9916112206439,25.0,189.9916112206439,189.9916112206439,0.0,PASS
RECLAIM-V2-009529,RETRY_ALL,RETRY_ALL,145.90022007803415,25.0,120.90022007803417,120.90022007803415,-1.4210854715202004e-14,PASS
RECLAIM-V2-009530,RETRY_ALL,RETRY_ALL,26.1959667016149,25.0,1.1959667016148998,1.1959667016148998,0.0,PASS
RECLAIM-V2-009531,RETRY_ALL,RETRY_ALL,67.87304591424585,25.0,42.87304591424585,42.87304591424585,0.0,PASS
RECLAIM-V2-009532,RETRY_ALL,RETRY_ALL,0.0,25.0,-25.0,-25.0,0.0,PASS
RECLAIM-V2-009533,RETRY_ALL,RETRY_ALL,315.1762026182223,25.0,290.1762026182223,290.1762026182223,0.0,PASS
RECLAIM-V2-009534,RETRY_ALL,RETRY_ALL,307.6638120035046,25.0,282.6638120035046,282.6638120035046,0.0,PASS
RECLAIM-V2-009535,RETRY_ALL,RETRY_ALL,316.9116670200165,25.0,291.9116670200165,291.9116670200165,0.0,PASS
RECLAIM-V2-009536,RETRY_ALL,RETRY_ALL,0.0,25.0,-25.0,-25.0,0.0,PASS
RECLAIM-V2-009537,RETRY_ALL,RETRY_ALL,0.0,25.0,-25.0,-25.0,0.0,PASS
RECLAIM-V2-009538,RETRY_ALL,RETRY_ALL,174.6650811561657,25.0,149.6650811561657,149.6650811561657,0.0,PASS
RECLAIM-V2-009539,RETRY_ALL,RETRY_ALL,0.0,25.0,-25.0,-25.0,0.0,PASS
RECLAIM-V2-009540,RETRY_ALL,RETRY_ALL,32.2273639804338,25.0,7.2273639804338,7.2273639804338,0.0,PASS
RECLAIM-V2-009541,RETRY_ALL,RETRY_ALL,350.1756050437037,25.0,325.1756050437037,325.1756050437037,0.0,PASS
RECLAIM-V2-009542,RETRY_ALL,RETRY_ALL,46.38812285616495,25.0,21.388122856164948,21.388122856164948,0.0,PASS
RECLAIM-V2-009543,RETRY_ALL,RETRY_ALL,114.66269063329004,25.0,89.66269063329004,89.66269063329004,0.0,PASS
RECLAIM-V2-009544,RETRY_ALL,RETRY_ALL,0.0,25.0,-25.0,-25.0,0.0,PASS
RECLAIM-V2-009545,RETRY_ALL,RETRY_ALL,0.0,25.0,-25.0,-25.0,0.0,PASS
RECLAIM-V2-009546,RETRY_ALL,RETRY_ALL,0.0,25.0,-25.0,-25.0,0.0,PASS
RECLAIM-V2-009547,RETRY_ALL,RETRY_ALL,228.0522913619904,25.0,203.0522913619904,203.0522913619904,0.0,PASS
RECLAIM-V2-009548,RETRY_ALL,RETRY_ALL,0.0,25.0,-25.0,-25.0,0.0,PASS
RECLAIM-V2-009549,RETRY_ALL,RETRY_ALL,0.0,25.0,-25.0,-25.0,0.0,PASS
RECLAIM-V2-009550,TARGET,STANDARD_TARGET,489.7752796394532,80.0,409.7752796394532,409.7752796394532,0.0,PASS
RECLAIM-V2-009551,RETRY_ALL,RETRY_ALL,0.0,25.0,-25.0,-25.0,0.0,PASS
RECLAIM-V2-009552,RETRY_ALL,RETRY_ALL,296.5253251421001,25.0,271.5253251421001,271.5253251421001,0.0,PASS
RECLAIM-V2-009553,RETRY_ALL,RETRY_ALL,0.0,25.0,-25.0,-25.0,0.0,PASS
RECLAIM-V2-009554,RETRY_ALL,RETRY_ALL,145.52880911750822,25.0,120.52880911750822,120.52880911750822,0.0,PASS
RECLAIM-V2-009555,RETRY_ALL,RETRY_ALL,0.0,25.0,-25.0,-25.0,0.0,PASS
RECLAIM-V2-009556,RETRY_ALL,RETRY_ALL,129.73768183083058,25.0,104.73768183083058,104.73768183083058,0.0,PASS
RECLAIM-V2-009557,TARGET,MONITOR,415.1709700560789,10.0,405.1709700560789,405.1709700560789,0.0,PASS
RECLAIM-V2-009558,RETRY_ALL,RETRY_ALL,0.0,25.0,-25.0,-25.0,0.0,PASS
RECLAIM-V2-009559,RETRY_ALL,RETRY_ALL,0.0,25.0,-25.0,-25.0,0.0,PASS
RECLAIM-V2-009560,RETRY_ALL,RETRY_ALL,211.79311547705373,25.0,186.79311547705373,186.79311547705373,0.0,PASS
RECLAIM-V2-009561,RETRY_ALL,RETRY_ALL,0.0,25.0,-25.0,-25.0,0.0,PASS
RECLAIM-V2-009562,RETRY_ALL,RETRY_ALL,296.0282299650438,25.0,271.0282299650438,271.0282299650438,0.0,PASS
RECLAIM-V2-009563,RETRY_ALL,RETRY_ALL,0.0,25.0,-25.0,-25.0,0.0,PASS
RECLAIM-V2-009564,RETRY_ALL,RETRY_ALL,129.86226595241715,25.0,104.86226595241716,104.86226595241715,-1.4210854715202004e-14,PASS
RECLAIM-V2-009565,TARGET,MONITOR,399.3208510470664,10.0,389.3208510470664,389.3208510470664,0.0,PASS
RECLAIM-V2-009566,RETRY_ALL,RETRY_ALL,212.85483926494243,25.0,187.85483926494243,187.85483926494243,0.0,PASS
RECLAIM-V2-009567,RETRY_ALL,RETRY_ALL,0.0,25.0,-25.0,-25.0,0.0,PASS
RECLAIM-V2-009568,RETRY_ALL,RETRY_ALL,0.0,25.0,-25.0,-25.0,0.0,PASS
RECLAIM-V2-009569,RETRY_ALL,RETRY_ALL,148.36451214156705,25.0,123.36451214156703,123.36451214156705,1.4210854715202004e-14,PASS
RECLAIM-V2-009570,RETRY_ALL,RETRY_ALL,167.7704575018617,25.0,142.7704575018617,142.7704575018617,0.0,PASS
RECLAIM-V2-009571,RETRY_ALL,RETRY_ALL,222.64793530529056,25.0,197.64793530529056,197.64793530529056,0.0,PASS
RECLAIM-V2-009572,RETRY_ALL,RETRY_ALL,0.0,25.0,-25.0,-25.0,0.0,PASS
RECLAIM-V2-009573,RETRY_ALL,RETRY_ALL,0.0,25.0,-25.0,-25.0,0.0,PASS
RECLAIM-V2-009574,TARGET,MONITOR,399.2242707800988,10.0,389.2242707800988,389.2242707800988,0.0,PASS
RECLAIM-V2-009575,RETRY_ALL,RETRY_ALL,227.8743255866676,25.0,202.8743255866676,202.8743255866676,0.0,PASS
RECLAIM-V2-009576,RETRY_ALL,RETRY_ALL,0.0,25.0,-25.0,-25.0,0.0,PASS
RECLAIM-V2-009577,RETRY_ALL,RETRY_ALL,124.91007331236284,25.0,99.91007331236284,99.91007331236284,0.0,PASS
RECLAIM-V2-009578,TARGET,STANDARD_TARGET,494.0156654520249,80.0,414.0156654520249,414.0156654520249,0.0,PASS
RECLAIM-V2-009579,RETRY_ALL,RETRY_ALL,0.0,25.0,-25.0,-25.0,0.0,PASS
RECLAIM-V2-009580,RETRY_ALL,RETRY_ALL,0.0,25.0,-25.0,-25.0,0.0,PASS
RECLAIM-V2-009581,RETRY_ALL,RETRY_ALL,0.0,25.0,-25.0,-25.0,0.0,PASS
RECLAIM-V2-009582,RETRY_ALL,RETRY_ALL,0.0,25.0,-25.0,-25.0,0.0,PASS
RECLAIM-V2-009583,RETRY_ALL,RETRY_ALL,67.11570289691234,25.0,42.11570289691234,42.11570289691234,0.0,PASS
RECLAIM-V2-009584,RETRY_ALL,RETRY_ALL,0.0,25.0,-25.0,-25.0,0.0,PASS
RECLAIM-V2-009585,RETRY_ALL,RETRY_ALL,73.85944636721085,25.0,48.85944636721085,48.85944636721085,0.0,PASS
RECLAIM-V2-009586,RETRY_ALL,RETRY_ALL,0.0,25.0,-25.0,-25.0,0.0,PASS
RECLAIM-V2-009587,RETRY_ALL,RETRY_ALL,317.6837344419675,25.0,292.6837344419675,292.6837344419675,0.0,PASS
RECLAIM-V2-009588,RETRY_ALL,RETRY_ALL,0.0,25.0,-25.0,-25.0,0.0,PASS
RECLAIM-V2-009589,TARGET,MONITOR,416.1952738790227,10.0,406.1952738790227,406.1952738790227,0.0,PASS
RECLAIM-V2-009590,RETRY_ALL,RETRY_ALL,78.0992034673473,25.0,53.099203467347294,53.099203467347294,0.0,PASS
RECLAIM-V2-009591,RETRY_ALL,RETRY_ALL,375.87411011802,25.0,350.87411011802,350.87411011802,0.0,PASS
RECLAIM-V2-009592,RETRY_ALL,RETRY_ALL,0.0,25.0,-25.0,-25.0,0.0,PASS
RECLAIM-V2-009593,RETRY_ALL,RETRY_ALL,136.80000046442953,25.0,111.80000046442952,111.80000046442953,1.4210854715202004e-14,PASS
RECLAIM-V2-009594,TARGET,MONITOR,408.1575524612503,10.0,398.1575524612503,398.1575524612503,0.0,PASS
RECLAIM-V2-009595,RETRY_ALL,RETRY_ALL,45.24631014455865,25.0,20.24631014455865,20.24631014455865,0.0,PASS
RECLAIM-V2-009596,RETRY_ALL,RETRY_ALL,318.36635158763585,25.0,293.36635158763585,293.36635158763585,0.0,PASS
RECLAIM-V2-009597,RETRY_ALL,RETRY_ALL,333.30925916120924,25.0,308.30925916120924,308.30925916120924,0.0,PASS
RECLAIM-V2-009598,RETRY_ALL,RETRY_ALL,0.0,25.0,-25.0,-25.0,0.0,PASS
RECLAIM-V2-009599,RETRY_ALL,RETRY_ALL,18.84239468683155,25.0,-6.15760531316845,-6.15760531316845,0.0,PASS
RECLAIM-V2-009600,RETRY_ALL,RETRY_ALL,315.4802330683955,25.0,290.4802330683955,290.4802330683955,0.0,PASS
RECLAIM-V2-009601,RETRY_ALL,RETRY_ALL,0.0,25.0,-25.0,-25.0,0.0,PASS
RECLAIM-V2-009602,RETRY_ALL,RETRY_ALL,0.0,25.0,-25.0,-25.0,0.0,PASS
RECLAIM-V2-009603,RETRY_ALL,RETRY_ALL,53.954197608543744,25.0,28.954197608543744,28.954197608543744,0.0,PASS
RECLAIM-V2-009604,RETRY_ALL,RETRY_ALL,298.5391568918325,25.0,273.5391568918325,273.5391568918325,0.0,PASS
RECLAIM-V2-009605,RETRY_ALL,RETRY_ALL,67.11570289691234,25.0,42.11570289691234,42.11570289691234,0.0,PASS
RECLAIM-V2-009606,RETRY_ALL,RETRY_ALL,0.0,25.0,-25.0,-25.0,0.0,PASS
RECLAIM-V2-009607,RETRY_ALL,RETRY_ALL,148.36451214156705,25.0,123.36451214156703,123.36451214156705,1.4210854715202004e-14,PASS
RECLAIM-V2-009608,RETRY_ALL,RETRY_ALL,54.90304552908915,25.0,29.903045529089148,29.903045529089148,0.0,PASS
RECLAIM-V2-009609,RETRY_ALL,RETRY_ALL,0.0,25.0,-25.0,-25.0,0.0,PASS
RECLAIM-V2-009610,RETRY_ALL,RETRY_ALL,0.0,25.0,-25.0,-25.0,0.0,PASS
RECLAIM-V2-009611,RETRY_ALL,RETRY_ALL,0.0,25.0,-25.0,-25.0,0.0,PASS
RECLAIM-V2-009612,RETRY_ALL,RETRY_ALL,310.4501741907295,25.0,285.4501741907295,285.4501741907295,0.0,PASS
RECLAIM-V2-009613,RETRY_ALL,RETRY_ALL,0.0,25.0,-25.0,-25.0,0.0,PASS
RECLAIM-V2-009614,RETRY_ALL,RETRY_ALL,67.11570289691234,25.0,42.11570289691234,42.11570289691234,0.0,PASS
RECLAIM-V2-009615,RETRY_ALL,RETRY_ALL,60.07916918387895,25.0,35.07916918387895,35.07916918387895,0.0,PASS
RECLAIM-V2-009616,RETRY_ALL,RETRY_ALL,295.0133192111514,25.0,270.0133192111514,270.0133192111514,0.0,PASS
RECLAIM-V2-009617,RETRY_ALL,RETRY_ALL,204.12029861436704,25.0,179.12029861436704,179.12029861436704,0.0,PASS
RECLAIM-V2-009618,RETRY_ALL,RETRY_ALL,338.7032141169557,25.0,313.7032141169557,313.7032141169557,0.0,PASS
RECLAIM-V2-009619,RETRY_ALL,RETRY_ALL,0.0,25.0,-25.0,-25.0,0.0,PASS
RECLAIM-V2-009620,RETRY_ALL,RETRY_ALL,171.98846968043745,25.0,146.98846968043745,146.98846968043745,0.0,PASS
RECLAIM-V2-009621,RETRY_ALL,RETRY_ALL,0.0,25.0,-25.0,-25.0,0.0,PASS
RECLAIM-V2-009622,RETRY_ALL,RETRY_ALL,0.0,25.0,-25.0,-25.0,0.0,PASS
RECLAIM-V2-009623,RETRY_ALL,RETRY_ALL,0.0,25.0,-25.0,-25.0,0.0,PASS
RECLAIM-V2-009624,RETRY_ALL,RETRY_ALL,332.93199046288817,25.0,307.93199046288817,307.93199046288817,0.0,PASS
RECLAIM-V2-009625,RETRY_ALL,RETRY_ALL,44.77099570880775,25.0,19.77099570880776,19.770995708807753,-7.105427357601002e-15,PASS
RECLAIM-V2-009626,RETRY_ALL,RETRY_ALL,0.0,25.0,-25.0,-25.0,0.0,PASS
RECLAIM-V2-009627,RETRY_ALL,RETRY_ALL,0.0,25.0,-25.0,-25.0,0.0,PASS
RECLAIM-V2-009628,RETRY_ALL,RETRY_ALL,216.8435239276725,25.0,191.8435239276725,191.8435239276725,0.0,PASS
RECLAIM-V2-009629,RETRY_ALL,RETRY_ALL,24.511121009546248,25.0,-0.4888789904537525,-0.4888789904537525,0.0,PASS
RECLAIM-V2-009630,RETRY_ALL,RETRY_ALL,182.35288127110127,25.0,157.35288127110127,157.35288127110127,0.0,PASS
RECLAIM-V2-009631,RETRY_ALL,RETRY_ALL,0.0,25.0,-25.0,-25.0,0.0,PASS
RECLAIM-V2-009632,RETRY_ALL,RETRY_ALL,37.52199594971565,25.0,12.521995949715652,12.521995949715652,0.0,PASS
RECLAIM-V2-009633,RETRY_ALL,RETRY_ALL,58.69263223661024,25.0,33.69263223661024,33.69263223661024,0.0,PASS
RECLAIM-V2-009634,TARGET,LOW_INTENSITY,432.7452128169061,45.0,387.7452128169061,387.7452128169061,0.0,PASS
RECLAIM-V2-009635,RETRY_ALL,RETRY_ALL,0.0,25.0,-25.0,-25.0,0.0,PASS
RECLAIM-V2-009636,RETRY_ALL,RETRY_ALL,277.44638849661897,25.0,252.44638849661897,252.44638849661897,0.0,PASS
RECLAIM-V2-009637,TARGET,STANDARD_TARGET,491.67750232433656,80.0,411.67750232433656,411.67750232433656,0.0,PASS
RECLAIM-V2-009638,RETRY_ALL,RETRY_ALL,269.17044132688744,25.0,244.17044132688744,244.17044132688744,0.0,PASS
RECLAIM-V2-009639,RETRY_ALL,RETRY_ALL,0.0,25.0,-25.0,-25.0,0.0,PASS
RECLAIM-V2-009640,RETRY_ALL,RETRY_ALL,0.0,25.0,-25.0,-25.0,0.0,PASS
RECLAIM-V2-009641,RETRY_ALL,RETRY_ALL,0.0,25.0,-25.0,-25.0,0.0,PASS
RECLAIM-V2-009642,RETRY_ALL,RETRY_ALL,0.0,25.0,-25.0,-25.0,0.0,PASS
RECLAIM-V2-009643,RETRY_ALL,RETRY_ALL,0.0,25.0,-25.0,-25.0,0.0,PASS
RECLAIM-V2-009644,RETRY_ALL,RETRY_ALL,279.9827324079189,25.0,254.9827324079189,254.9827324079189,0.0,PASS
RECLAIM-V2-009645,RETRY_ALL,RETRY_ALL,105.22213332539204,25.0,80.22213332539204,80.22213332539204,0.0,PASS
RECLAIM-V2-009646,RETRY_ALL,RETRY_ALL,0.0,25.0,-25.0,-25.0,0.0,PASS
RECLAIM-V2-009647,TARGET,MONITOR,404.5165010601321,10.0,394.5165010601321,394.5165010601321,0.0,PASS
RECLAIM-V2-009648,RETRY_ALL,RETRY_ALL,0.0,25.0,-25.0,-25.0,0.0,PASS
RECLAIM-V2-009649,RETRY_ALL,RETRY_ALL,311.02761101674724,25.0,286.02761101674724,286.02761101674724,0.0,PASS
RECLAIM-V2-009650,RETRY_ALL,RETRY_ALL,132.75703091514674,25.0,107.75703091514674,107.75703091514674,0.0,PASS
RECLAIM-V2-009651,RETRY_ALL,RETRY_ALL,0.0,25.0,-25.0,-25.0,0.0,PASS
RECLAIM-V2-009652,RETRY_ALL,RETRY_ALL,0.0,25.0,-25.0,-25.0,0.0,PASS
RECLAIM-V2-009653,RETRY_ALL,RETRY_ALL,297.9279947669227,25.0,272.9279947669227,272.9279947669227,0.0,PASS
RECLAIM-V2-009654,TARGET,HIGH_INTENSITY,569.0368396214225,120.0,449.0368396214225,449.0368396214225,0.0,PASS
RECLAIM-V2-009655,RETRY_ALL,RETRY_ALL,166.86077634870824,25.0,141.86077634870824,141.86077634870824,0.0,PASS
RECLAIM-V2-009656,RETRY_ALL,RETRY_ALL,201.7739384940108,25.0,176.7739384940108,176.7739384940108,0.0,PASS
RECLAIM-V2-009657,RETRY_ALL,RETRY_ALL,0.0,25.0,-25.0,-25.0,0.0,PASS
RECLAIM-V2-009658,RETRY_ALL,RETRY_ALL,0.0,25.0,-25.0,-25.0,0.0,PASS
RECLAIM-V2-009659,RETRY_ALL,RETRY_ALL,186.0701936099598,25.0,161.0701936099598,161.0701936099598,0.0,PASS
RECLAIM-V2-009660,RETRY_ALL,RETRY_ALL,50.88411166328865,25.0,25.88411166328865,25.88411166328865,0.0,PASS
RECLAIM-V2-009661,RETRY_ALL,RETRY_ALL,0.0,25.0,-25.0,-25.0,0.0,PASS
RECLAIM-V2-009662,RETRY_ALL,RETRY_ALL,278.4701848844308,25.0,253.4701848844308,253.4701848844308,0.0,PASS
RECLAIM-V2-009663,RETRY_ALL,RETRY_ALL,20.2967814831891,25.0,-4.7032185168109,-4.7032185168108995,8.881784197001252e-16,PASS
RECLAIM-V2-009664,RETRY_ALL,RETRY_ALL,0.0,25.0,-25.0,-25.0,0.0,PASS
RECLAIM-V2-009665,RETRY_ALL,RETRY_ALL,47.36188936871805,25.0,22.361889368718053,22.361889368718053,0.0,PASS
RECLAIM-V2-009666,RETRY_ALL,RETRY_ALL,0.0,25.0,-25.0,-25.0,0.0,PASS
RECLAIM-V2-009667,RETRY_ALL,RETRY_ALL,181.8085892648004,25.0,156.8085892648004,156.8085892648004,0.0,PASS
RECLAIM-V2-009668,RETRY_ALL,RETRY_ALL,0.0,25.0,-25.0,-25.0,0.0,PASS
RECLAIM-V2-009669,RETRY_ALL,RETRY_ALL,0.0,25.0,-25.0,-25.0,0.0,PASS
RECLAIM-V2-009670,RETRY_ALL,RETRY_ALL,231.7694631092484,25.0,206.7694631092484,206.7694631092484,0.0,PASS
RECLAIM-V2-009671,RETRY_ALL,RETRY_ALL,5.61561299577465,25.0,-19.38438700422535,-19.38438700422535,0.0,PASS
RECLAIM-V2-009672,RETRY_ALL,RETRY_ALL,11.8925668296333,25.0,-13.1074331703667,-13.1074331703667,0.0,PASS
RECLAIM-V2-009673,RETRY_ALL,RETRY_ALL,0.0,25.0,-25.0,-25.0,0.0,PASS
RECLAIM-V2-009674,RETRY_ALL,RETRY_ALL,201.110701454318,25.0,176.11070145431796,176.110701454318,2.842170943040401e-14,PASS
RECLAIM-V2-009675,RETRY_ALL,RETRY_ALL,213.75031294224388,25.0,188.75031294224388,188.75031294224388,0.0,PASS
RECLAIM-V2-009676,RETRY_ALL,RETRY_ALL,303.3616650688496,25.0,278.3616650688496,278.3616650688496,0.0,PASS
RECLAIM-V2-009677,TARGET,LOW_INTENSITY,457.2508720706424,45.0,412.2508720706424,412.2508720706424,0.0,PASS
RECLAIM-V2-009678,RETRY_ALL,RETRY_ALL,0.0,25.0,-25.0,-25.0,0.0,PASS
RECLAIM-V2-009679,RETRY_ALL,RETRY_ALL,21.85915858336005,25.0,-3.140841416639951,-3.140841416639951,0.0,PASS
RECLAIM-V2-009680,RETRY_ALL,RETRY_ALL,0.0,25.0,-25.0,-25.0,0.0,PASS
RECLAIM-V2-009681,RETRY_ALL,RETRY_ALL,18.8390554725876,25.0,-6.160944527412401,-6.160944527412401,0.0,PASS
RECLAIM-V2-009682,RETRY_ALL,RETRY_ALL,0.0,25.0,-25.0,-25.0,0.0,PASS
RECLAIM-V2-009683,RETRY_ALL,RETRY_ALL,0.0,25.0,-25.0,-25.0,0.0,PASS
RECLAIM-V2-009684,RETRY_ALL,RETRY_ALL,0.0,25.0,-25.0,-25.0,0.0,PASS
RECLAIM-V2-009685,RETRY_ALL,RETRY_ALL,251.64465570278023,25.0,226.64465570278023,226.64465570278023,0.0,PASS
RECLAIM-V2-009686,TARGET,LOW_INTENSITY,432.99695659775153,45.0,387.99695659775153,387.99695659775153,0.0,PASS
RECLAIM-V2-009687,RETRY_ALL,RETRY_ALL,0.0,25.0,-25.0,-25.0,0.0,PASS
RECLAIM-V2-009688,RETRY_ALL,RETRY_ALL,50.200198720083,25.0,25.200198720083,25.200198720083,0.0,PASS
RECLAIM-V2-009689,RETRY_ALL,RETRY_ALL,0.0,25.0,-25.0,-25.0,0.0,PASS
RECLAIM-V2-009690,RETRY_ALL,RETRY_ALL,235.5736934417445,25.0,210.5736934417445,210.5736934417445,0.0,PASS
RECLAIM-V2-009691,RETRY_ALL,RETRY_ALL,0.0,25.0,-25.0,-25.0,0.0,PASS
RECLAIM-V2-009692,RETRY_ALL,RETRY_ALL,50.88411166328865,25.0,25.88411166328865,25.88411166328865,0.0,PASS
RECLAIM-V2-009693,TARGET,LOW_INTENSITY,471.4596526896361,45.0,426.4596526896361,426.4596526896361,0.0,PASS
RECLAIM-V2-009694,RETRY_ALL,RETRY_ALL,229.88124314908828,25.0,204.88124314908828,204.88124314908828,0.0,PASS
RECLAIM-V2-009695,RETRY_ALL,RETRY_ALL,0.0,25.0,-25.0,-25.0,0.0,PASS
RECLAIM-V2-009696,RETRY_ALL,RETRY_ALL,0.0,25.0,-25.0,-25.0,0.0,PASS
RECLAIM-V2-009697,RETRY_ALL,RETRY_ALL,0.0,25.0,-25.0,-25.0,0.0,PASS
RECLAIM-V2-009698,RETRY_ALL,RETRY_ALL,0.0,25.0,-25.0,-25.0,0.0,PASS
RECLAIM-V2-009699,RETRY_ALL,RETRY_ALL,15.61448798350545,25.0,-9.38551201649455,-9.38551201649455,0.0,PASS
RECLAIM-V2-009700,RETRY_ALL,RETRY_ALL,0.0,25.0,-25.0,-25.0,0.0,PASS
RECLAIM-V2-009701,RETRY_ALL,RETRY_ALL,0.0,25.0,-25.0,-25.0,0.0,PASS
RECLAIM-V2-009702,RETRY_ALL,RETRY_ALL,0.0,25.0,-25.0,-25.0,0.0,PASS
RECLAIM-V2-009703,RETRY_ALL,RETRY_ALL,0.0,25.0,-25.0,-25.0,0.0,PASS
RECLAIM-V2-009704,RETRY_ALL,RETRY_ALL,119.12126689789156,25.0,94.12126689789156,94.12126689789156,0.0,PASS
RECLAIM-V2-009705,RETRY_ALL,RETRY_ALL,0.0,25.0,-25.0,-25.0,0.0,PASS
RECLAIM-V2-009706,RETRY_ALL,RETRY_ALL,0.0,25.0,-25.0,-25.0,0.0,PASS
RECLAIM-V2-009707,RETRY_ALL,RETRY_ALL,0.0,25.0,-25.0,-25.0,0.0,PASS
RECLAIM-V2-009708,RETRY_ALL,RETRY_ALL,271.2564713989304,25.0,246.2564713989304,246.2564713989304,0.0,PASS
RECLAIM-V2-009709,RETRY_ALL,RETRY_ALL,204.06013287678584,25.0,179.06013287678584,179.06013287678584,0.0,PASS
RECLAIM-V2-009710,RETRY_ALL,RETRY_ALL,223.6696877054145,25.0,198.6696877054145,198.6696877054145,0.0,PASS
RECLAIM-V2-009711,RETRY_ALL,RETRY_ALL,0.0,25.0,-25.0,-25.0,0.0,PASS
RECLAIM-V2-009712,RETRY_ALL,RETRY_ALL,17.65433672915805,25.0,-7.34566327084195,-7.34566327084195,0.0,PASS
RECLAIM-V2-009713,RETRY_ALL,RETRY_ALL,0.0,25.0,-25.0,-25.0,0.0,PASS
RECLAIM-V2-009714,RETRY_ALL,RETRY_ALL,0.0,25.0,-25.0,-25.0,0.0,PASS
RECLAIM-V2-009715,TARGET,LOW_INTENSITY,432.99280930382986,45.0,387.99280930382986,387.99280930382986,0.0,PASS
RECLAIM-V2-009716,RETRY_ALL,RETRY_ALL,280.6540862369289,25.0,255.6540862369289,255.6540862369289,0.0,PASS
RECLAIM-V2-009717,RETRY_ALL,RETRY_ALL,0.0,25.0,-25.0,-25.0,0.0,PASS
RECLAIM-V2-009718,RETRY_ALL,RETRY_ALL,0.0,25.0,-25.0,-25.0,0.0,PASS
RECLAIM-V2-009719,RETRY_ALL,RETRY_ALL,343.95155457473913,25.0,318.95155457473913,318.95155457473913,0.0,PASS
RECLAIM-V2-009720,RETRY_ALL,RETRY_ALL,0.0,25.0,-25.0,-25.0,0.0,PASS
RECLAIM-V2-009721,RETRY_ALL,RETRY_ALL,0.0,25.0,-25.0,-25.0,0.0,PASS
RECLAIM-V2-009722,RETRY_ALL,RETRY_ALL,0.0,25.0,-25.0,-25.0,0.0,PASS
RECLAIM-V2-009723,RETRY_ALL,RETRY_ALL,217.87312210499968,25.0,192.87312210499968,192.87312210499968,0.0,PASS
RECLAIM-V2-009724,RETRY_ALL,RETRY_ALL,0.0,25.0,-25.0,-25.0,0.0,PASS
RECLAIM-V2-009725,RETRY_ALL,RETRY_ALL,28.8470809793136,25.0,3.847080979313599,3.847080979313599,0.0,PASS
RECLAIM-V2-009726,RETRY_ALL,RETRY_ALL,311.8376467136902,25.0,286.8376467136902,286.8376467136902,0.0,PASS
RECLAIM-V2-009727,RETRY_ALL,RETRY_ALL,362.4421837061264,25.0,337.4421837061264,337.4421837061264,0.0,PASS
RECLAIM-V2-009728,RETRY_ALL,RETRY_ALL,0.0,25.0,-25.0,-25.0,0.0,PASS
RECLAIM-V2-009729,RETRY_ALL,RETRY_ALL,33.2824657359987,25.0,8.282465735998699,8.282465735998699,0.0,PASS
RECLAIM-V2-009730,RETRY_ALL,RETRY_ALL,0.0,25.0,-25.0,-25.0,0.0,PASS
RECLAIM-V2-009731,RETRY_ALL,RETRY_ALL,0.0,25.0,-25.0,-25.0,0.0,PASS
RECLAIM-V2-009732,RETRY_ALL,RETRY_ALL,351.8101567246683,25.0,326.8101567246683,326.8101567246683,0.0,PASS
RECLAIM-V2-009733,RETRY_ALL,RETRY_ALL,230.8646005146372,25.0,205.8646005146372,205.8646005146372,0.0,PASS
RECLAIM-V2-009734,RETRY_ALL,RETRY_ALL,0.0,25.0,-25.0,-25.0,0.0,PASS
RECLAIM-V2-009735,RETRY_ALL,RETRY_ALL,24.31908406616955,25.0,-0.6809159338304482,-0.6809159338304482,0.0,PASS
RECLAIM-V2-009736,RETRY_ALL,RETRY_ALL,0.0,25.0,-25.0,-25.0,0.0,PASS
RECLAIM-V2-009737,RETRY_ALL,RETRY_ALL,0.0,25.0,-25.0,-25.0,0.0,PASS
RECLAIM-V2-009738,RETRY_ALL,RETRY_ALL,1.0120230491529,25.0,-23.9879769508471,-23.9879769508471,0.0,PASS
RECLAIM-V2-009739,RETRY_ALL,RETRY_ALL,0.0,25.0,-25.0,-25.0,0.0,PASS
RECLAIM-V2-009740,RETRY_ALL,RETRY_ALL,26.39636657343825,25.0,1.3963665734382502,1.3963665734382502,0.0,PASS
RECLAIM-V2-009741,RETRY_ALL,RETRY_ALL,0.0,25.0,-25.0,-25.0,0.0,PASS
RECLAIM-V2-009742,RETRY_ALL,RETRY_ALL,0.0,25.0,-25.0,-25.0,0.0,PASS
RECLAIM-V2-009743,RETRY_ALL,RETRY_ALL,164.5432266546048,25.0,139.5432266546048,139.5432266546048,0.0,PASS
RECLAIM-V2-009744,RETRY_ALL,RETRY_ALL,186.0701936099598,25.0,161.0701936099598,161.0701936099598,0.0,PASS
RECLAIM-V2-009745,RETRY_ALL,RETRY_ALL,128.3770083759393,25.0,103.37700837593933,103.37700837593931,-1.4210854715202004e-14,PASS
RECLAIM-V2-009746,RETRY_ALL,RETRY_ALL,0.0,25.0,-25.0,-25.0,0.0,PASS
RECLAIM-V2-009747,RETRY_ALL,RETRY_ALL,0.0,25.0,-25.0,-25.0,0.0,PASS
RECLAIM-V2-009748,TARGET,MONITOR,409.7822597505669,10.0,399.7822597505669,399.7822597505669,0.0,PASS
RECLAIM-V2-009749,RETRY_ALL,RETRY_ALL,349.00987064291235,25.0,324.00987064291235,324.00987064291235,0.0,PASS
RECLAIM-V2-009750,RETRY_ALL,RETRY_ALL,0.0,25.0,-25.0,-25.0,0.0,PASS
RECLAIM-V2-009751,RETRY_ALL,RETRY_ALL,0.0,25.0,-25.0,-25.0,0.0,PASS
RECLAIM-V2-009752,RETRY_ALL,RETRY_ALL,198.45553417180696,25.0,173.45553417180696,173.45553417180696,0.0,PASS
RECLAIM-V2-009753,RETRY_ALL,RETRY_ALL,213.8749675116201,25.0,188.8749675116201,188.8749675116201,0.0,PASS
RECLAIM-V2-009754,RETRY_ALL,RETRY_ALL,143.66830209256935,25.0,118.66830209256936,118.66830209256935,-1.4210854715202004e-14,PASS
RECLAIM-V2-009755,RETRY_ALL,RETRY_ALL,115.3618111936656,25.0,90.3618111936656,90.3618111936656,0.0,PASS
RECLAIM-V2-009756,RETRY_ALL,RETRY_ALL,0.0,25.0,-25.0,-25.0,0.0,PASS
RECLAIM-V2-009757,RETRY_ALL,RETRY_ALL,75.81738951186,25.0,50.81738951186,50.81738951186,0.0,PASS
RECLAIM-V2-009758,RETRY_ALL,RETRY_ALL,189.2863598732252,25.0,164.28635987322517,164.2863598732252,2.842170943040401e-14,PASS
RECLAIM-V2-009759,TARGET,HIGH_INTENSITY,638.0571521000896,120.0,518.0571521000896,518.0571521000896,0.0,PASS
RECLAIM-V2-009760,RETRY_ALL,RETRY_ALL,278.72461635941625,25.0,253.72461635941625,253.72461635941625,0.0,PASS
RECLAIM-V2-009761,RETRY_ALL,RETRY_ALL,334.400566418549,25.0,309.400566418549,309.400566418549,0.0,PASS
RECLAIM-V2-009762,RETRY_ALL,RETRY_ALL,235.5010871204425,25.0,210.5010871204425,210.5010871204425,0.0,PASS
RECLAIM-V2-009763,RETRY_ALL,RETRY_ALL,45.06052801754805,25.0,20.06052801754805,20.06052801754805,0.0,PASS
RECLAIM-V2-009764,RETRY_ALL,RETRY_ALL,343.5372844571514,25.0,318.5372844571514,318.5372844571514,0.0,PASS
RECLAIM-V2-009765,RETRY_ALL,RETRY_ALL,0.0,25.0,-25.0,-25.0,0.0,PASS
RECLAIM-V2-009766,TARGET,STANDARD_TARGET,542.664660972509,80.0,462.66466097250895,462.66466097250895,0.0,PASS
RECLAIM-V2-009767,RETRY_ALL,RETRY_ALL,0.0,25.0,-25.0,-25.0,0.0,PASS
RECLAIM-V2-009768,RETRY_ALL,RETRY_ALL,0.0,25.0,-25.0,-25.0,0.0,PASS
RECLAIM-V2-009769,RETRY_ALL,RETRY_ALL,131.8332777048831,25.0,106.8332777048831,106.8332777048831,0.0,PASS
RECLAIM-V2-009770,RETRY_ALL,RETRY_ALL,83.94354285387615,25.0,58.94354285387615,58.94354285387615,0.0,PASS
RECLAIM-V2-009771,RETRY_ALL,RETRY_ALL,0.0,25.0,-25.0,-25.0,0.0,PASS
RECLAIM-V2-009772,RETRY_ALL,RETRY_ALL,239.634277350998,25.0,214.634277350998,214.634277350998,0.0,PASS
RECLAIM-V2-009773,RETRY_ALL,RETRY_ALL,27.4792221263454,25.0,2.4792221263454017,2.4792221263454017,0.0,PASS
RECLAIM-V2-009774,RETRY_ALL,RETRY_ALL,0.0,25.0,-25.0,-25.0,0.0,PASS
RECLAIM-V2-009775,RETRY_ALL,RETRY_ALL,0.0,25.0,-25.0,-25.0,0.0,PASS
RECLAIM-V2-009776,RETRY_ALL,RETRY_ALL,0.0,25.0,-25.0,-25.0,0.0,PASS
RECLAIM-V2-009777,RETRY_ALL,RETRY_ALL,0.0,25.0,-25.0,-25.0,0.0,PASS
RECLAIM-V2-009778,RETRY_ALL,RETRY_ALL,96.03663757559714,25.0,71.03663757559714,71.03663757559714,0.0,PASS
RECLAIM-V2-009779,RETRY_ALL,RETRY_ALL,0.0,25.0,-25.0,-25.0,0.0,PASS
RECLAIM-V2-009780,RETRY_ALL,RETRY_ALL,25.76567303076105,25.0,0.7656730307610502,0.7656730307610502,0.0,PASS
RECLAIM-V2-009781,RETRY_ALL,RETRY_ALL,0.0,25.0,-25.0,-25.0,0.0,PASS
RECLAIM-V2-009782,RETRY_ALL,RETRY_ALL,0.0,25.0,-25.0,-25.0,0.0,PASS
RECLAIM-V2-009783,RETRY_ALL,RETRY_ALL,300.97704681275474,25.0,275.97704681275474,275.97704681275474,0.0,PASS
RECLAIM-V2-009784,RETRY_ALL,RETRY_ALL,206.104634464392,25.0,181.104634464392,181.104634464392,0.0,PASS
RECLAIM-V2-009785,RETRY_ALL,RETRY_ALL,61.119932907568206,25.0,36.119932907568206,36.119932907568206,0.0,PASS
RECLAIM-V2-009786,RETRY_ALL,RETRY_ALL,14.596431807432,25.0,-10.403568192568,-10.403568192568,0.0,PASS
RECLAIM-V2-009787,TARGET,LOW_INTENSITY,453.9436797693545,45.0,408.9436797693545,408.9436797693545,0.0,PASS
RECLAIM-V2-009788,RETRY_ALL,RETRY_ALL,219.28638602423192,25.0,194.28638602423192,194.28638602423192,0.0,PASS
RECLAIM-V2-009789,RETRY_ALL,RETRY_ALL,130.3674275262771,25.0,105.36742752627713,105.36742752627711,-1.4210854715202004e-14,PASS
RECLAIM-V2-009790,RETRY_ALL,RETRY_ALL,0.0,25.0,-25.0,-25.0,0.0,PASS
RECLAIM-V2-009791,RETRY_ALL,RETRY_ALL,170.9829526273752,25.0,145.9829526273752,145.9829526273752,0.0,PASS
RECLAIM-V2-009792,RETRY_ALL,RETRY_ALL,126.35193826293974,25.0,101.35193826293974,101.35193826293974,0.0,PASS
RECLAIM-V2-009793,TARGET,STANDARD_TARGET,486.9907789701023,80.0,406.9907789701023,406.9907789701023,0.0,PASS
RECLAIM-V2-009794,RETRY_ALL,RETRY_ALL,182.35288127110127,25.0,157.35288127110127,157.35288127110127,0.0,PASS
RECLAIM-V2-009795,RETRY_ALL,RETRY_ALL,0.0,25.0,-25.0,-25.0,0.0,PASS
RECLAIM-V2-009796,RETRY_ALL,RETRY_ALL,232.0519382425637,25.0,207.0519382425637,207.0519382425637,0.0,PASS
RECLAIM-V2-009797,RETRY_ALL,RETRY_ALL,0.0,25.0,-25.0,-25.0,0.0,PASS
RECLAIM-V2-009798,RETRY_ALL,RETRY_ALL,0.0,25.0,-25.0,-25.0,0.0,PASS
RECLAIM-V2-009799,RETRY_ALL,RETRY_ALL,292.53556729368063,25.0,267.53556729368063,267.53556729368063,0.0,PASS
RECLAIM-V2-009800,RETRY_ALL,RETRY_ALL,299.9082112440957,25.0,274.9082112440957,274.9082112440957,0.0,PASS
RECLAIM-V2-009801,RETRY_ALL,RETRY_ALL,0.0,25.0,-25.0,-25.0,0.0,PASS
RECLAIM-V2-009802,RETRY_ALL,RETRY_ALL,130.6875791164395,25.0,105.68757911643952,105.68757911643951,-1.4210854715202004e-14,PASS
RECLAIM-V2-009803,RETRY_ALL,RETRY_ALL,0.0,25.0,-25.0,-25.0,0.0,PASS
RECLAIM-V2-009804,TARGET,MONITOR,400.7975916202164,10.0,390.7975916202164,390.7975916202164,0.0,PASS
RECLAIM-V2-009805,RETRY_ALL,RETRY_ALL,0.0,25.0,-25.0,-25.0,0.0,PASS
RECLAIM-V2-009806,RETRY_ALL,RETRY_ALL,161.3526516498324,25.0,136.3526516498324,136.3526516498324,0.0,PASS
RECLAIM-V2-009807,RETRY_ALL,RETRY_ALL,82.0667209942131,25.0,57.0667209942131,57.0667209942131,0.0,PASS
RECLAIM-V2-009808,TARGET,LOW_INTENSITY,453.6076458306368,45.0,408.6076458306368,408.6076458306368,0.0,PASS
RECLAIM-V2-009809,RETRY_ALL,RETRY_ALL,85.54243145083905,25.0,60.54243145083905,60.54243145083905,0.0,PASS
RECLAIM-V2-009810,RETRY_ALL,RETRY_ALL,126.9514664491392,25.0,101.9514664491392,101.9514664491392,0.0,PASS
RECLAIM-V2-009811,RETRY_ALL,RETRY_ALL,169.96570849038315,25.0,144.96570849038315,144.96570849038315,0.0,PASS
RECLAIM-V2-009812,RETRY_ALL,RETRY_ALL,0.0,25.0,-25.0,-25.0,0.0,PASS
RECLAIM-V2-009813,RETRY_ALL,RETRY_ALL,0.0,25.0,-25.0,-25.0,0.0,PASS
RECLAIM-V2-009814,TARGET,LOW_INTENSITY,471.0166564020803,45.0,426.0166564020803,426.0166564020803,0.0,PASS
RECLAIM-V2-009815,RETRY_ALL,RETRY_ALL,59.762346730335295,25.0,34.762346730335295,34.762346730335295,0.0,PASS
RECLAIM-V2-009816,RETRY_ALL,RETRY_ALL,0.0,25.0,-25.0,-25.0,0.0,PASS
RECLAIM-V2-009817,RETRY_ALL,RETRY_ALL,340.1354891550813,25.0,315.1354891550813,315.1354891550813,0.0,PASS
RECLAIM-V2-009818,RETRY_ALL,RETRY_ALL,0.0,25.0,-25.0,-25.0,0.0,PASS
RECLAIM-V2-009819,RETRY_ALL,RETRY_ALL,0.0,25.0,-25.0,-25.0,0.0,PASS
RECLAIM-V2-009820,RETRY_ALL,RETRY_ALL,0.0,25.0,-25.0,-25.0,0.0,PASS
RECLAIM-V2-009821,RETRY_ALL,RETRY_ALL,0.0,25.0,-25.0,-25.0,0.0,PASS
RECLAIM-V2-009822,RETRY_ALL,RETRY_ALL,40.543597722312,25.0,15.543597722312,15.543597722312,0.0,PASS
RECLAIM-V2-009823,RETRY_ALL,RETRY_ALL,0.0,25.0,-25.0,-25.0,0.0,PASS
RECLAIM-V2-009824,RETRY_ALL,RETRY_ALL,128.53204569418486,25.0,103.53204569418486,103.53204569418486,0.0,PASS
RECLAIM-V2-009825,RETRY_ALL,RETRY_ALL,0.0,25.0,-25.0,-25.0,0.0,PASS
RECLAIM-V2-009826,RETRY_ALL,RETRY_ALL,0.0,25.0,-25.0,-25.0,0.0,PASS
RECLAIM-V2-009827,RETRY_ALL,RETRY_ALL,0.0,25.0,-25.0,-25.0,0.0,PASS
RECLAIM-V2-009828,RETRY_ALL,RETRY_ALL,64.138040637177,25.0,39.138040637177,39.138040637177,0.0,PASS
RECLAIM-V2-009829,RETRY_ALL,RETRY_ALL,0.0,25.0,-25.0,-25.0,0.0,PASS
RECLAIM-V2-009830,RETRY_ALL,RETRY_ALL,0.0,25.0,-25.0,-25.0,0.0,PASS
RECLAIM-V2-009831,RETRY_ALL,RETRY_ALL,76.74554847517545,25.0,51.745548475175454,51.745548475175454,0.0,PASS
RECLAIM-V2-009832,RETRY_ALL,RETRY_ALL,0.0,25.0,-25.0,-25.0,0.0,PASS
RECLAIM-V2-009833,RETRY_ALL,RETRY_ALL,0.0,25.0,-25.0,-25.0,0.0,PASS
RECLAIM-V2-009834,RETRY_ALL,RETRY_ALL,0.0,25.0,-25.0,-25.0,0.0,PASS
RECLAIM-V2-009835,RETRY_ALL,RETRY_ALL,0.0,25.0,-25.0,-25.0,0.0,PASS
RECLAIM-V2-009836,RETRY_ALL,RETRY_ALL,0.0,25.0,-25.0,-25.0,0.0,PASS
RECLAIM-V2-009837,RETRY_ALL,RETRY_ALL,0.0,25.0,-25.0,-25.0,0.0,PASS
RECLAIM-V2-009838,RETRY_ALL,RETRY_ALL,0.0,25.0,-25.0,-25.0,0.0,PASS
RECLAIM-V2-009839,RETRY_ALL,RETRY_ALL,267.3467570250249,25.0,242.34675702502489,242.34675702502489,0.0,PASS
RECLAIM-V2-009840,RETRY_ALL,RETRY_ALL,0.0,25.0,-25.0,-25.0,0.0,PASS
RECLAIM-V2-009841,RETRY_ALL,RETRY_ALL,0.0,25.0,-25.0,-25.0,0.0,PASS
RECLAIM-V2-009842,RETRY_ALL,RETRY_ALL,151.8728962881255,25.0,126.8728962881255,126.8728962881255,0.0,PASS
RECLAIM-V2-009843,RETRY_ALL,RETRY_ALL,27.302820203730903,25.0,2.302820203730903,2.302820203730903,0.0,PASS
RECLAIM-V2-009844,RETRY_ALL,RETRY_ALL,0.0,25.0,-25.0,-25.0,0.0,PASS
RECLAIM-V2-009845,RETRY_ALL,RETRY_ALL,351.7879312448188,25.0,326.7879312448188,326.7879312448188,0.0,PASS
RECLAIM-V2-009846,RETRY_ALL,RETRY_ALL,333.1941905527212,25.0,308.1941905527212,308.1941905527212,0.0,PASS
RECLAIM-V2-009847,RETRY_ALL,RETRY_ALL,18.84239468683155,25.0,-6.15760531316845,-6.15760531316845,0.0,PASS
RECLAIM-V2-009848,RETRY_ALL,RETRY_ALL,0.0,25.0,-25.0,-25.0,0.0,PASS
RECLAIM-V2-009849,RETRY_ALL,RETRY_ALL,0.0,25.0,-25.0,-25.0,0.0,PASS
RECLAIM-V2-009850,RETRY_ALL,RETRY_ALL,0.0,25.0,-25.0,-25.0,0.0,PASS
RECLAIM-V2-009851,RETRY_ALL,RETRY_ALL,0.0,25.0,-25.0,-25.0,0.0,PASS
RECLAIM-V2-009852,RETRY_ALL,RETRY_ALL,49.49418388212315,25.0,24.49418388212316,24.494183882123153,-7.105427357601002e-15,PASS
RECLAIM-V2-009853,RETRY_ALL,RETRY_ALL,0.0,25.0,-25.0,-25.0,0.0,PASS
RECLAIM-V2-009854,RETRY_ALL,RETRY_ALL,0.0,25.0,-25.0,-25.0,0.0,PASS
RECLAIM-V2-009855,RETRY_ALL,RETRY_ALL,94.60885384366053,25.0,69.60885384366053,69.60885384366053,0.0,PASS
RECLAIM-V2-009856,RETRY_ALL,RETRY_ALL,271.88915353005626,25.0,246.88915353005623,246.88915353005626,2.842170943040401e-14,PASS
RECLAIM-V2-009857,RETRY_ALL,RETRY_ALL,87.19587079462305,25.0,62.19587079462305,62.19587079462305,0.0,PASS
RECLAIM-V2-009858,RETRY_ALL,RETRY_ALL,0.0,25.0,-25.0,-25.0,0.0,PASS
RECLAIM-V2-009859,RETRY_ALL,RETRY_ALL,389.4308228763838,25.0,364.4308228763838,364.4308228763838,0.0,PASS
RECLAIM-V2-009860,RETRY_ALL,RETRY_ALL,0.0,25.0,-25.0,-25.0,0.0,PASS
RECLAIM-V2-009861,TARGET,MONITOR,413.950937538889,10.0,403.950937538889,403.950937538889,0.0,PASS
RECLAIM-V2-009862,RETRY_ALL,RETRY_ALL,0.0,25.0,-25.0,-25.0,0.0,PASS
RECLAIM-V2-009863,RETRY_ALL,RETRY_ALL,0.0,25.0,-25.0,-25.0,0.0,PASS
RECLAIM-V2-009864,RETRY_ALL,RETRY_ALL,0.0,25.0,-25.0,-25.0,0.0,PASS
RECLAIM-V2-009865,RETRY_ALL,RETRY_ALL,0.0,25.0,-25.0,-25.0,0.0,PASS
RECLAIM-V2-009866,RETRY_ALL,RETRY_ALL,277.17737365642813,25.0,252.17737365642813,252.17737365642813,0.0,PASS
RECLAIM-V2-009867,RETRY_ALL,RETRY_ALL,70.1010009058332,25.0,45.1010009058332,45.1010009058332,0.0,PASS
RECLAIM-V2-009868,RETRY_ALL,RETRY_ALL,296.7451533275184,25.0,271.7451533275184,271.7451533275184,0.0,PASS
RECLAIM-V2-009869,RETRY_ALL,RETRY_ALL,61.67465125031145,25.0,36.67465125031145,36.67465125031145,0.0,PASS
RECLAIM-V2-009870,RETRY_ALL,RETRY_ALL,0.0,25.0,-25.0,-25.0,0.0,PASS
RECLAIM-V2-009871,RETRY_ALL,RETRY_ALL,218.6468154934149,25.0,193.6468154934149,193.6468154934149,0.0,PASS
RECLAIM-V2-009872,RETRY_ALL,RETRY_ALL,0.0,25.0,-25.0,-25.0,0.0,PASS
RECLAIM-V2-009873,RETRY_ALL,RETRY_ALL,0.0,25.0,-25.0,-25.0,0.0,PASS
RECLAIM-V2-009874,RETRY_ALL,RETRY_ALL,0.0,25.0,-25.0,-25.0,0.0,PASS
RECLAIM-V2-009875,RETRY_ALL,RETRY_ALL,312.8718487650572,25.0,287.8718487650572,287.8718487650572,0.0,PASS
RECLAIM-V2-009876,RETRY_ALL,RETRY_ALL,171.54021994287436,25.0,146.54021994287436,146.54021994287436,0.0,PASS
RECLAIM-V2-009877,RETRY_ALL,RETRY_ALL,0.0,25.0,-25.0,-25.0,0.0,PASS
RECLAIM-V2-009878,RETRY_ALL,RETRY_ALL,0.0,25.0,-25.0,-25.0,0.0,PASS
RECLAIM-V2-009879,RETRY_ALL,RETRY_ALL,0.0,25.0,-25.0,-25.0,0.0,PASS
RECLAIM-V2-009880,RETRY_ALL,RETRY_ALL,0.0,25.0,-25.0,-25.0,0.0,PASS
RECLAIM-V2-009881,RETRY_ALL,RETRY_ALL,0.0,25.0,-25.0,-25.0,0.0,PASS
RECLAIM-V2-009882,RETRY_ALL,RETRY_ALL,225.43595762846687,25.0,200.43595762846687,200.43595762846687,0.0,PASS
RECLAIM-V2-009883,RETRY_ALL,RETRY_ALL,109.71070301222146,25.0,84.71070301222146,84.71070301222146,0.0,PASS
RECLAIM-V2-009884,RETRY_ALL,RETRY_ALL,126.895698969825,25.0,101.895698969825,101.895698969825,0.0,PASS
RECLAIM-V2-009885,RETRY_ALL,RETRY_ALL,0.0,25.0,-25.0,-25.0,0.0,PASS
RECLAIM-V2-009886,RETRY_ALL,RETRY_ALL,364.0618091625215,25.0,339.0618091625215,339.0618091625215,0.0,PASS
RECLAIM-V2-009887,RETRY_ALL,RETRY_ALL,143.51871342827295,25.0,118.51871342827296,118.51871342827295,-1.4210854715202004e-14,PASS
RECLAIM-V2-009888,RETRY_ALL,RETRY_ALL,0.0,25.0,-25.0,-25.0,0.0,PASS
RECLAIM-V2-009889,RETRY_ALL,RETRY_ALL,107.57941024598745,25.0,82.57941024598745,82.57941024598745,0.0,PASS
RECLAIM-V2-009890,RETRY_ALL,RETRY_ALL,253.85218023394515,25.0,228.85218023394515,228.85218023394515,0.0,PASS
RECLAIM-V2-009891,RETRY_ALL,RETRY_ALL,9.61599262014045,25.0,-15.38400737985955,-15.38400737985955,0.0,PASS
RECLAIM-V2-009892,RETRY_ALL,RETRY_ALL,160.48755920412165,25.0,135.48755920412165,135.48755920412165,0.0,PASS
RECLAIM-V2-009893,RETRY_ALL,RETRY_ALL,139.61370471612136,25.0,114.61370471612136,114.61370471612136,0.0,PASS
RECLAIM-V2-009894,RETRY_ALL,RETRY_ALL,204.06013287678584,25.0,179.06013287678584,179.06013287678584,0.0,PASS
RECLAIM-V2-009895,RETRY_ALL,RETRY_ALL,211.3902649840637,25.0,186.3902649840637,186.3902649840637,0.0,PASS
RECLAIM-V2-009896,RETRY_ALL,RETRY_ALL,198.2605894644636,25.0,173.2605894644636,173.2605894644636,0.0,PASS
RECLAIM-V2-009897,RETRY_ALL,RETRY_ALL,0.0,25.0,-25.0,-25.0,0.0,PASS
RECLAIM-V2-009898,RETRY_ALL,RETRY_ALL,17.588586769069348,25.0,-7.411413230930652,-7.411413230930652,0.0,PASS
RECLAIM-V2-009899,TARGET,MONITOR,399.0841693619632,10.0,389.0841693619632,389.0841693619632,0.0,PASS
RECLAIM-V2-009900,RETRY_ALL,RETRY_ALL,0.0,25.0,-25.0,-25.0,0.0,PASS
RECLAIM-V2-009901,RETRY_ALL,RETRY_ALL,370.8960374506887,25.0,345.8960374506887,345.8960374506887,0.0,PASS
RECLAIM-V2-009902,RETRY_ALL,RETRY_ALL,0.0,25.0,-25.0,-25.0,0.0,PASS
RECLAIM-V2-009903,RETRY_ALL,RETRY_ALL,0.0,25.0,-25.0,-25.0,0.0,PASS
RECLAIM-V2-009904,RETRY_ALL,RETRY_ALL,117.5228306998698,25.0,92.5228306998698,92.5228306998698,0.0,PASS
RECLAIM-V2-009905,RETRY_ALL,RETRY_ALL,136.88735796157394,25.0,111.88735796157394,111.88735796157394,0.0,PASS
RECLAIM-V2-009906,RETRY_ALL,RETRY_ALL,0.0,25.0,-25.0,-25.0,0.0,PASS
RECLAIM-V2-009907,RETRY_ALL,RETRY_ALL,63.82653160458106,25.0,38.82653160458106,38.82653160458106,0.0,PASS
RECLAIM-V2-009908,RETRY_ALL,RETRY_ALL,55.32634744304715,25.0,30.326347443047148,30.326347443047148,0.0,PASS
RECLAIM-V2-009909,RETRY_ALL,RETRY_ALL,41.5010683494666,25.0,16.5010683494666,16.5010683494666,0.0,PASS
RECLAIM-V2-009910,RETRY_ALL,RETRY_ALL,0.0,25.0,-25.0,-25.0,0.0,PASS
RECLAIM-V2-009911,RETRY_ALL,RETRY_ALL,304.8959835660051,25.0,279.8959835660051,279.8959835660051,0.0,PASS
RECLAIM-V2-009912,RETRY_ALL,RETRY_ALL,0.0,25.0,-25.0,-25.0,0.0,PASS
RECLAIM-V2-009913,RETRY_ALL,RETRY_ALL,0.0,25.0,-25.0,-25.0,0.0,PASS
RECLAIM-V2-009914,RETRY_ALL,RETRY_ALL,0.0,25.0,-25.0,-25.0,0.0,PASS
RECLAIM-V2-009915,RETRY_ALL,RETRY_ALL,71.7247098344118,25.0,46.7247098344118,46.7247098344118,0.0,PASS
RECLAIM-V2-009916,RETRY_ALL,RETRY_ALL,0.0,25.0,-25.0,-25.0,0.0,PASS
RECLAIM-V2-009917,RETRY_ALL,RETRY_ALL,0.0,25.0,-25.0,-25.0,0.0,PASS
RECLAIM-V2-009918,RETRY_ALL,RETRY_ALL,0.0,25.0,-25.0,-25.0,0.0,PASS
RECLAIM-V2-009919,RETRY_ALL,RETRY_ALL,0.0,25.0,-25.0,-25.0,0.0,PASS
RECLAIM-V2-009920,RETRY_ALL,RETRY_ALL,75.4066006257927,25.0,50.40660062579271,50.406600625792706,-7.105427357601002e-15,PASS
RECLAIM-V2-009921,RETRY_ALL,RETRY_ALL,205.9821959709024,25.0,180.9821959709024,180.9821959709024,0.0,PASS
RECLAIM-V2-009922,RETRY_ALL,RETRY_ALL,241.72808249276744,25.0,216.72808249276744,216.72808249276744,0.0,PASS
RECLAIM-V2-009923,RETRY_ALL,RETRY_ALL,0.0,25.0,-25.0,-25.0,0.0,PASS
RECLAIM-V2-009924,RETRY_ALL,RETRY_ALL,0.0,25.0,-25.0,-25.0,0.0,PASS
RECLAIM-V2-009925,RETRY_ALL,RETRY_ALL,27.6455622127197,25.0,2.6455622127197,2.6455622127196996,-4.440892098500626e-16,PASS
RECLAIM-V2-009926,RETRY_ALL,RETRY_ALL,0.0,25.0,-25.0,-25.0,0.0,PASS
RECLAIM-V2-009927,RETRY_ALL,RETRY_ALL,0.0,25.0,-25.0,-25.0,0.0,PASS
RECLAIM-V2-009928,RETRY_ALL,RETRY_ALL,42.83052398880345,25.0,17.83052398880345,17.83052398880345,0.0,PASS
RECLAIM-V2-009929,TARGET,MONITOR,429.5842462120155,10.0,419.5842462120155,419.5842462120155,0.0,PASS
RECLAIM-V2-009930,TARGET,LOW_INTENSITY,438.6795177995045,45.0,393.6795177995045,393.6795177995045,0.0,PASS
RECLAIM-V2-009931,RETRY_ALL,RETRY_ALL,0.0,25.0,-25.0,-25.0,0.0,PASS
RECLAIM-V2-009932,TARGET,MONITOR,417.4497344435817,10.0,407.4497344435817,407.4497344435817,0.0,PASS
RECLAIM-V2-009933,TARGET,MONITOR,393.3647359817488,10.0,383.3647359817488,383.3647359817488,0.0,PASS
RECLAIM-V2-009934,RETRY_ALL,RETRY_ALL,0.0,25.0,-25.0,-25.0,0.0,PASS
RECLAIM-V2-009935,RETRY_ALL,RETRY_ALL,73.19251709072475,25.0,48.19251709072475,48.19251709072475,0.0,PASS
RECLAIM-V2-009936,RETRY_ALL,RETRY_ALL,0.0,25.0,-25.0,-25.0,0.0,PASS
RECLAIM-V2-009937,RETRY_ALL,RETRY_ALL,170.58818958449848,25.0,145.58818958449848,145.58818958449848,0.0,PASS
RECLAIM-V2-009938,RETRY_ALL,RETRY_ALL,0.0,25.0,-25.0,-25.0,0.0,PASS
RECLAIM-V2-009939,RETRY_ALL,RETRY_ALL,135.70943292065368,25.0,110.70943292065368,110.70943292065368,0.0,PASS
RECLAIM-V2-009940,RETRY_ALL,RETRY_ALL,107.73210580427894,25.0,82.73210580427894,82.73210580427894,0.0,PASS
RECLAIM-V2-009941,RETRY_ALL,RETRY_ALL,50.88411166328865,25.0,25.88411166328865,25.88411166328865,0.0,PASS
RECLAIM-V2-009942,RETRY_ALL,RETRY_ALL,0.0,25.0,-25.0,-25.0,0.0,PASS
RECLAIM-V2-009943,RETRY_ALL,RETRY_ALL,146.2967518696518,25.0,121.2967518696518,121.29675186965181,1.4210854715202004e-14,PASS
RECLAIM-V2-009944,RETRY_ALL,RETRY_ALL,0.0,25.0,-25.0,-25.0,0.0,PASS
RECLAIM-V2-009945,RETRY_ALL,RETRY_ALL,308.29550205470457,25.0,283.29550205470457,283.29550205470457,0.0,PASS
RECLAIM-V2-009946,RETRY_ALL,RETRY_ALL,0.0,25.0,-25.0,-25.0,0.0,PASS
RECLAIM-V2-009947,RETRY_ALL,RETRY_ALL,51.65038440767339,25.0,26.6503844076734,26.650384407673393,-7.105427357601002e-15,PASS
RECLAIM-V2-009948,RETRY_ALL,RETRY_ALL,0.0,25.0,-25.0,-25.0,0.0,PASS
RECLAIM-V2-009949,RETRY_ALL,RETRY_ALL,325.1124840760698,25.0,300.1124840760698,300.1124840760698,0.0,PASS
RECLAIM-V2-009950,RETRY_ALL,RETRY_ALL,182.35288127110127,25.0,157.35288127110127,157.35288127110127,0.0,PASS
RECLAIM-V2-009951,RETRY_ALL,RETRY_ALL,0.0,25.0,-25.0,-25.0,0.0,PASS
RECLAIM-V2-009952,RETRY_ALL,RETRY_ALL,231.41660861815456,25.0,206.41660861815456,206.41660861815456,0.0,PASS
RECLAIM-V2-009953,TARGET,LOW_INTENSITY,471.00932540460377,45.0,426.00932540460377,426.00932540460377,0.0,PASS
RECLAIM-V2-009954,RETRY_ALL,RETRY_ALL,383.5463564005584,25.0,358.5463564005584,358.5463564005584,0.0,PASS
RECLAIM-V2-009955,RETRY_ALL,RETRY_ALL,0.0,25.0,-25.0,-25.0,0.0,PASS
RECLAIM-V2-009956,RETRY_ALL,RETRY_ALL,182.35288127110127,25.0,157.35288127110127,157.35288127110127,0.0,PASS
RECLAIM-V2-009957,RETRY_ALL,RETRY_ALL,0.0,25.0,-25.0,-25.0,0.0,PASS
RECLAIM-V2-009958,RETRY_ALL,RETRY_ALL,0.0,25.0,-25.0,-25.0,0.0,PASS
RECLAIM-V2-009959,RETRY_ALL,RETRY_ALL,79.24932185372684,25.0,54.24932185372684,54.24932185372684,0.0,PASS
RECLAIM-V2-009960,RETRY_ALL,RETRY_ALL,0.0,25.0,-25.0,-25.0,0.0,PASS
RECLAIM-V2-009961,RETRY_ALL,RETRY_ALL,0.0,25.0,-25.0,-25.0,0.0,PASS
RECLAIM-V2-009962,RETRY_ALL,RETRY_ALL,0.0,25.0,-25.0,-25.0,0.0,PASS
RECLAIM-V2-009963,RETRY_ALL,RETRY_ALL,126.895698969825,25.0,101.895698969825,101.895698969825,0.0,PASS
RECLAIM-V2-009964,RETRY_ALL,RETRY_ALL,0.0,25.0,-25.0,-25.0,0.0,PASS
RECLAIM-V2-009965,RETRY_ALL,RETRY_ALL,0.0,25.0,-25.0,-25.0,0.0,PASS
RECLAIM-V2-009966,RETRY_ALL,RETRY_ALL,200.20489282349297,25.0,175.20489282349297,175.20489282349297,0.0,PASS
RECLAIM-V2-009967,RETRY_ALL,RETRY_ALL,0.0,25.0,-25.0,-25.0,0.0,PASS
RECLAIM-V2-009968,RETRY_ALL,RETRY_ALL,208.1957008509848,25.0,183.1957008509848,183.1957008509848,0.0,PASS
RECLAIM-V2-009969,RETRY_ALL,RETRY_ALL,0.0,25.0,-25.0,-25.0,0.0,PASS
RECLAIM-V2-009970,RETRY_ALL,RETRY_ALL,190.9394035998395,25.0,165.9394035998395,165.9394035998395,0.0,PASS
RECLAIM-V2-009971,RETRY_ALL,RETRY_ALL,246.5735242959861,25.0,221.5735242959861,221.5735242959861,0.0,PASS
RECLAIM-V2-009972,RETRY_ALL,RETRY_ALL,0.0,25.0,-25.0,-25.0,0.0,PASS
RECLAIM-V2-009973,RETRY_ALL,RETRY_ALL,306.08033867152426,25.0,281.08033867152426,281.08033867152426,0.0,PASS
RECLAIM-V2-009974,RETRY_ALL,RETRY_ALL,0.0,25.0,-25.0,-25.0,0.0,PASS
RECLAIM-V2-009975,RETRY_ALL,RETRY_ALL,153.73152501369944,25.0,128.73152501369944,128.73152501369944,0.0,PASS
RECLAIM-V2-009976,RETRY_ALL,RETRY_ALL,198.77395103804187,25.0,173.77395103804187,173.77395103804187,0.0,PASS
RECLAIM-V2-009977,RETRY_ALL,RETRY_ALL,122.5177096630557,25.0,97.5177096630557,97.5177096630557,0.0,PASS
RECLAIM-V2-009978,RETRY_ALL,RETRY_ALL,0.0,25.0,-25.0,-25.0,0.0,PASS
RECLAIM-V2-009979,RETRY_ALL,RETRY_ALL,0.0,25.0,-25.0,-25.0,0.0,PASS
RECLAIM-V2-009980,RETRY_ALL,RETRY_ALL,210.7779490800192,25.0,185.7779490800192,185.7779490800192,0.0,PASS
RECLAIM-V2-009981,RETRY_ALL,RETRY_ALL,230.63091582612807,25.0,205.63091582612807,205.63091582612807,0.0,PASS
RECLAIM-V2-009982,RETRY_ALL,RETRY_ALL,0.0,25.0,-25.0,-25.0,0.0,PASS
RECLAIM-V2-009983,RETRY_ALL,RETRY_ALL,303.45211572197564,25.0,278.45211572197564,278.45211572197564,0.0,PASS
RECLAIM-V2-009984,RETRY_ALL,RETRY_ALL,11.8925668296333,25.0,-13.1074331703667,-13.1074331703667,0.0,PASS
RECLAIM-V2-009985,TARGET,HIGH_INTENSITY,573.9330665448525,120.0,453.9330665448525,453.9330665448525,0.0,PASS
RECLAIM-V2-009986,RETRY_ALL,RETRY_ALL,0.0,25.0,-25.0,-25.0,0.0,PASS
RECLAIM-V2-009987,RETRY_ALL,RETRY_ALL,0.0,25.0,-25.0,-25.0,0.0,PASS
RECLAIM-V2-009988,TARGET,STANDARD_TARGET,482.8024109481126,80.0,402.8024109481126,402.8024109481126,0.0,PASS
RECLAIM-V2-009989,RETRY_ALL,RETRY_ALL,0.0,25.0,-25.0,-25.0,0.0,PASS
RECLAIM-V2-009990,RETRY_ALL,RETRY_ALL,0.0,25.0,-25.0,-25.0,0.0,PASS
RECLAIM-V2-009991,RETRY_ALL,RETRY_ALL,0.0,25.0,-25.0,-25.0,0.0,PASS
RECLAIM-V2-009992,RETRY_ALL,RETRY_ALL,0.0,25.0,-25.0,-25.0,0.0,PASS
RECLAIM-V2-009993,RETRY_ALL,RETRY_ALL,0.0,25.0,-25.0,-25.0,0.0,PASS
RECLAIM-V2-009994,RETRY_ALL,RETRY_ALL,81.70144871655975,25.0,56.70144871655975,56.70144871655975,0.0,PASS
RECLAIM-V2-009995,RETRY_ALL,RETRY_ALL,0.0,25.0,-25.0,-25.0,0.0,PASS
RECLAIM-V2-009996,RETRY_ALL,RETRY_ALL,80.4674697738006,25.0,55.4674697738006,55.4674697738006,0.0,PASS
RECLAIM-V2-009997,RETRY_ALL,RETRY_ALL,0.0,25.0,-25.0,-25.0,0.0,PASS
RECLAIM-V2-009998,RETRY_ALL,RETRY_ALL,0.0,25.0,-25.0,-25.0,0.0,PASS
RECLAIM-V2-009999,RETRY_ALL,RETRY_ALL,21.85915858336005,25.0,-3.140841416639951,-3.140841416639951,0.0,PASS
RECLAIM-V2-010000,RETRY_ALL,RETRY_ALL,143.47878892132846,25.0,118.47878892132846,118.47878892132846,0.0,PASS
