transaction_id,customer_id,timestamp,amount,payment_method,status,failure_reason,historical_transaction_count,historical_success_count,historical_failure_count,historical_success_rate,hours_since_previous_transaction,previous_transaction_success,previous_failure_reason,transactions_last_7d,successful_payments_last_7d,failed_payments_last_7d,avg_amount_last_7d,failure_rate_last_7d,amount_vs_recent_average,payment_momentum,failure_streak,hours_since_last_success,hours_since_last_failure,method_share
T0007402,C00161,2026-01-01 00:45:25,645.98,CARD,FAILED,BANK_DECLINE,0,34.0,0.0,1.0,-1.0,-1,NONE,0.0,0.0,0.0,0.0,0.0,1.0,0.0,1,-1.0,-1.0,1.0
T0000765,C00017,2026-01-01 00:54:31,585.73,WALLET,FAILED,BANK_DECLINE,0,27.0,0.0,1.0,-1.0,-1,NONE,0.0,0.0,0.0,0.0,0.0,1.0,0.0,1,-1.0,-1.0,1.0
T0025763,C00568,2026-01-01 01:02:51,8579.48,UPI,FAILED,BANK_DECLINE,0,44.0,4.0,0.9166666666666666,-1.0,-1,NONE,0.0,0.0,0.0,0.0,0.0,1.0,0.0,1,-1.0,-1.0,1.0
T0012789,C00280,2026-01-01 01:07:17,9095.57,NETBANKING,FAILED,LIMIT_EXCEEDED,0,48.0,5.0,0.9056603773584906,-1.0,-1,NONE,0.0,0.0,0.0,0.0,0.0,1.0,0.0,1,-1.0,-1.0,1.0
T0027386,C00599,2026-01-01 01:18:31,1471.99,WALLET,FAILED,NETWORK_ERROR,0,37.0,4.0,0.9024390243902439,-1.0,-1,NONE,0.0,0.0,0.0,0.0,0.0,1.0,0.0,1,-1.0,-1.0,1.0
T0044921,C00980,2026-01-01 02:04:48,2588.01,CARD,FAILED,NETWORK_ERROR,0,50.0,5.0,0.9090909090909091,-1.0,-1,NONE,0.0,0.0,0.0,0.0,0.0,1.0,0.0,1,-1.0,-1.0,1.0
T0044563,C00972,2026-01-01 02:40:24,3199.78,CARD,FAILED,NETWORK_ERROR,0,44.0,4.0,0.9166666666666666,-1.0,-1,NONE,0.0,0.0,0.0,0.0,0.0,1.0,0.0,1,-1.0,-1.0,1.0
T0014516,C00320,2026-01-01 02:42:13,820.05,NETBANKING,FAILED,BANK_DECLINE,0,33.0,2.0,0.9428571428571428,-1.0,-1,NONE,0.0,0.0,0.0,0.0,0.0,1.0,0.0,1,-1.0,-1.0,1.0
T0031375,C00681,2026-01-01 02:47:17,700.49,UPI,FAILED,LIMIT_EXCEEDED,1,1.0,0.0,1.0,1.7338888888888888,1,NONE,1.0,1.0,0.0,1951.09,0.0,0.3590249552814068,1.0,1,1.7338888888888888,-1.0,1.0
T0007096,C00155,2026-01-01 02:53:30,711.69,UPI,FAILED,INSUFFICIENT_FUNDS,0,42.0,1.0,0.9767441860465116,-1.0,-1,NONE,0.0,0.0,0.0,0.0,0.0,1.0,0.0,1,-1.0,-1.0,1.0
T0006231,C00137,2026-01-01 03:19:30,935.21,CARD,FAILED,LIMIT_EXCEEDED,1,1.0,0.0,1.0,3.1319444444444446,1,NONE,1.0,1.0,0.0,4538.59,0.0,0.206057387867157,1.0,1,3.1319444444444446,-1.0,1.0
T0035144,C00764,2026-01-01 03:27:09,1168.35,UPI,FAILED,NETWORK_ERROR,0,28.0,0.0,1.0,-1.0,-1,NONE,0.0,0.0,0.0,0.0,0.0,1.0,0.0,1,-1.0,-1.0,1.0
T0038258,C00833,2026-01-01 03:30:00,3616.84,UPI,FAILED,NETWORK_ERROR,0,27.0,1.0,0.9642857142857143,-1.0,-1,NONE,0.0,0.0,0.0,0.0,0.0,1.0,0.0,1,-1.0,-1.0,1.0
T0010150,C00221,2026-01-01 04:16:34,1710.16,UPI,FAILED,BANK_DECLINE,0,61.0,9.0,0.8714285714285714,-1.0,-1,NONE,0.0,0.0,0.0,0.0,0.0,1.0,0.0,1,-1.0,-1.0,1.0
T0021507,C00474,2026-01-01 04:48:52,1720.56,UPI,FAILED,BANK_DECLINE,0,36.0,0.0,1.0,-1.0,-1,NONE,0.0,0.0,0.0,0.0,0.0,1.0,0.0,1,-1.0,-1.0,1.0
T0035342,C00769,2026-01-01 04:49:00,7632.2,UPI,FAILED,LIMIT_EXCEEDED,0,36.0,3.0,0.9230769230769231,-1.0,-1,NONE,0.0,0.0,0.0,0.0,0.0,1.0,0.0,1,-1.0,-1.0,1.0
T0010987,C00238,2026-01-01 05:01:03,2864.37,NETBANKING,FAILED,NETWORK_ERROR,1,1.0,0.0,1.0,1.121388888888889,1,NONE,1.0,1.0,0.0,1115.54,0.0,2.567698155153558,1.0,1,1.121388888888889,-1.0,1.0
T0004599,C00101,2026-01-01 05:12:55,1193.17,UPI,FAILED,NETWORK_ERROR,0,49.0,0.0,1.0,-1.0,-1,NONE,0.0,0.0,0.0,0.0,0.0,1.0,0.0,1,-1.0,-1.0,1.0
T0032244,C00700,2026-01-01 05:37:32,3314.42,NETBANKING,FAILED,NETWORK_ERROR,0,61.0,3.0,0.953125,-1.0,-1,NONE,0.0,0.0,0.0,0.0,0.0,1.0,0.0,1,-1.0,-1.0,1.0
T0031865,C00692,2026-01-01 05:48:19,1944.17,NETBANKING,FAILED,INSUFFICIENT_FUNDS,0,13.0,2.0,0.8666666666666667,-1.0,-1,NONE,0.0,0.0,0.0,0.0,0.0,1.0,0.0,1,-1.0,-1.0,1.0
T0036004,C00782,2026-01-01 06:00:55,2930.72,NETBANKING,FAILED,NETWORK_ERROR,1,1.0,0.0,1.0,0.2011111111111111,1,NONE,1.0,1.0,0.0,1063.18,0.0,2.7565605071577717,1.0,1,0.2011111111111111,-1.0,1.0
T0029218,C00637,2026-01-01 06:11:41,953.28,CARD,FAILED,INSUFFICIENT_FUNDS,0,70.0,2.0,0.9722222222222222,-1.0,-1,NONE,0.0,0.0,0.0,0.0,0.0,1.0,0.0,1,-1.0,-1.0,1.0
T0004047,C00089,2026-01-01 06:12:03,3258.67,UPI,FAILED,BANK_DECLINE,0,50.0,2.0,0.9615384615384616,-1.0,-1,NONE,0.0,0.0,0.0,0.0,0.0,1.0,0.0,1,-1.0,-1.0,1.0
T0040394,C00880,2026-01-01 06:27:49,1290.47,UPI,FAILED,INSUFFICIENT_FUNDS,0,22.0,1.0,0.9565217391304348,-1.0,-1,NONE,0.0,0.0,0.0,0.0,0.0,1.0,0.0,1,-1.0,-1.0,1.0
T0008638,C00187,2026-01-01 06:39:15,1813.67,UPI,FAILED,BANK_DECLINE,0,59.0,4.0,0.9365079365079365,-1.0,-1,NONE,0.0,0.0,0.0,0.0,0.0,1.0,0.0,1,-1.0,-1.0,1.0
T0022194,C00488,2026-01-01 06:46:57,1054.74,UPI,FAILED,INSUFFICIENT_FUNDS,0,59.0,5.0,0.921875,-1.0,-1,NONE,0.0,0.0,0.0,0.0,0.0,1.0,0.0,1,-1.0,-1.0,1.0
T0019573,C00430,2026-01-01 07:15:29,5727.51,UPI,FAILED,INSUFFICIENT_FUNDS,0,35.0,3.0,0.9210526315789473,-1.0,-1,NONE,0.0,0.0,0.0,0.0,0.0,1.0,0.0,1,-1.0,-1.0,1.0
T0022991,C00505,2026-01-01 07:32:58,1050.48,UPI,FAILED,NETWORK_ERROR,0,48.0,0.0,1.0,-1.0,-1,NONE,0.0,0.0,0.0,0.0,0.0,1.0,0.0,1,-1.0,-1.0,1.0
T0044237,C00964,2026-01-01 07:39:55,1213.74,UPI,FAILED,BANK_DECLINE,1,1.0,0.0,1.0,2.4338888888888888,1,NONE,1.0,1.0,0.0,2921.39,0.0,0.41546661007260244,1.0,1,2.4338888888888888,-1.0,1.0
T0031812,C00691,2026-01-01 07:58:16,3338.79,CARD,FAILED,PAYMENT_TIMEOUT,0,39.0,4.0,0.9069767441860465,-1.0,-1,NONE,0.0,0.0,0.0,0.0,0.0,1.0,0.0,1,-1.0,-1.0,1.0
T0036285,C00789,2026-01-01 08:53:06,1157.05,UPI,FAILED,INSUFFICIENT_FUNDS,0,34.0,3.0,0.918918918918919,-1.0,-1,NONE,0.0,0.0,0.0,0.0,0.0,1.0,0.0,1,-1.0,-1.0,1.0
T0034753,C00755,2026-01-01 09:10:09,1681.24,UPI,FAILED,BANK_DECLINE,1,1.0,0.0,1.0,8.057777777777778,1,NONE,1.0,1.0,0.0,596.69,0.0,2.8176104845061922,1.0,1,8.057777777777778,-1.0,1.0
T0042629,C00933,2026-01-01 10:06:10,846.7,UPI,FAILED,BANK_DECLINE,1,1.0,0.0,1.0,5.766944444444444,1,NONE,1.0,1.0,0.0,2095.6,0.0,0.4040370299675511,1.0,1,5.766944444444444,-1.0,1.0
T0013225,C00290,2026-01-01 10:18:15,350.49,UPI,FAILED,NETWORK_ERROR,1,1.0,0.0,1.0,9.296666666666667,1,NONE,1.0,1.0,0.0,1874.33,0.0,0.18699481948216165,1.0,1,9.296666666666667,-1.0,1.0
T0021204,C00467,2026-01-01 10:45:55,654.69,UPI,FAILED,NETWORK_ERROR,2,2.0,0.0,1.0,8.55638888888889,1,NONE,2.0,2.0,0.0,1794.55,0.0,0.36482126438382884,1.0,1,8.55638888888889,-1.0,1.0
T0014697,C00324,2026-01-01 10:58:08,1153.46,UPI,FAILED,BANK_DECLINE,0,39.0,5.0,0.8863636363636364,-1.0,-1,NONE,0.0,0.0,0.0,0.0,0.0,1.0,0.0,1,-1.0,-1.0,1.0
T0039472,C00859,2026-01-01 11:09:39,8548.55,CARD,FAILED,PAYMENT_TIMEOUT,0,35.0,2.0,0.9459459459459459,-1.0,-1,NONE,0.0,0.0,0.0,0.0,0.0,1.0,0.0,1,-1.0,-1.0,1.0
T0031997,C00695,2026-01-01 11:19:01,1487.07,UPI,FAILED,BANK_DECLINE,1,1.0,0.0,1.0,2.913611111111111,1,NONE,1.0,1.0,0.0,1727.22,0.0,0.8609615451419043,1.0,1,2.913611111111111,-1.0,1.0
T0041078,C00895,2026-01-01 11:29:24,2786.52,WALLET,FAILED,BANK_DECLINE,0,65.0,6.0,0.9154929577464789,-1.0,-1,NONE,0.0,0.0,0.0,0.0,0.0,1.0,0.0,1,-1.0,-1.0,1.0
T0011171,C00243,2026-01-01 11:41:42,2357.44,UPI,FAILED,NETWORK_ERROR,1,1.0,0.0,1.0,2.8233333333333333,1,NONE,1.0,1.0,0.0,1053.24,0.0,2.2382742774676236,1.0,1,2.8233333333333333,-1.0,1.0
T0017446,C00383,2026-01-01 11:48:08,1558.15,CARD,FAILED,INSUFFICIENT_FUNDS,0,26.0,1.0,0.9629629629629629,-1.0,-1,NONE,0.0,0.0,0.0,0.0,0.0,1.0,0.0,1,-1.0,-1.0,1.0
T0035909,C00780,2026-01-01 11:55:43,961.12,UPI,FAILED,BANK_DECLINE,2,2.0,0.0,1.0,3.5327777777777776,1,NONE,2.0,2.0,0.0,4102.085,0.0,0.23430036188913686,1.0,1,3.5327777777777776,-1.0,1.0
T0014041,C00307,2026-01-01 11:58:52,3019.33,CARD,FAILED,BANK_DECLINE,1,1.0,0.0,1.0,8.159444444444444,1,NONE,1.0,1.0,0.0,4506.43,0.0,0.6700048597226629,1.0,1,8.159444444444444,-1.0,1.0
T0009881,C00216,2026-01-01 11:59:07,1232.35,CARD,FAILED,BANK_DECLINE,0,47.0,4.0,0.9215686274509803,-1.0,-1,NONE,0.0,0.0,0.0,0.0,0.0,1.0,0.0,1,-1.0,-1.0,1.0
T0005761,C00127,2026-01-01 12:13:55,513.39,UPI,FAILED,INSUFFICIENT_FUNDS,0,51.0,5.0,0.9107142857142857,-1.0,-1,NONE,0.0,0.0,0.0,0.0,0.0,1.0,0.0,1,-1.0,-1.0,1.0
T0013221,C00290,2026-01-01 12:24:15,678.34,UPI,FAILED,NETWORK_ERROR,2,1.0,1.0,0.5,2.1,0,NETWORK_ERROR,2.0,1.0,1.0,1112.4099999999999,0.5,0.6097931518055394,1.0,2,11.396666666666667,2.1,1.0
T0031876,C00692,2026-01-01 12:39:54,3557.67,NETBANKING,FAILED,LIMIT_EXCEEDED,1,0.0,1.0,0.0,6.8597222222222225,0,INSUFFICIENT_FUNDS,1.0,0.0,1.0,1944.17,1.0,1.8299171368758904,1.0,2,-1.0,6.8597222222222225,1.0
T0038548,C00839,2026-01-01 12:55:44,7961.22,UPI,FAILED,INSUFFICIENT_FUNDS,0,31.0,1.0,0.96875,-1.0,-1,NONE,0.0,0.0,0.0,0.0,0.0,1.0,0.0,1,-1.0,-1.0,1.0
T0003833,C00085,2026-01-01 13:20:33,2419.46,WALLET,FAILED,LIMIT_EXCEEDED,0,63.0,2.0,0.9692307692307692,-1.0,-1,NONE,0.0,0.0,0.0,0.0,0.0,1.0,0.0,1,-1.0,-1.0,1.0
T0015852,C00348,2026-01-01 13:27:23,1400.01,NETBANKING,FAILED,BANK_DECLINE,0,65.0,11.0,0.8552631578947368,-1.0,-1,NONE,0.0,0.0,0.0,0.0,0.0,1.0,0.0,1,-1.0,-1.0,1.0
T0028024,C00614,2026-01-01 13:28:27,2527.09,WALLET,FAILED,INSUFFICIENT_FUNDS,2,2.0,0.0,1.0,2.511388888888889,1,NONE,2.0,2.0,0.0,848.2950000000001,0.0,2.9790226277415286,1.0,1,2.511388888888889,-1.0,1.0
T0006966,C00153,2026-01-01 13:56:55,1425.71,UPI,FAILED,INSUFFICIENT_FUNDS,1,1.0,0.0,1.0,11.215,1,NONE,1.0,1.0,0.0,2860.33,0.0,0.4984424874052994,1.0,1,11.215,-1.0,1.0
T0004058,C00089,2026-01-01 14:03:22,956.35,UPI,FAILED,INSUFFICIENT_FUNDS,1,0.0,1.0,0.0,7.855277777777777,0,BANK_DECLINE,1.0,0.0,1.0,3258.67,1.0,0.29347862778372774,1.0,2,-1.0,7.855277777777777,1.0
T0032652,C00710,2026-01-01 14:27:11,932.84,UPI,FAILED,INSUFFICIENT_FUNDS,0,41.0,5.0,0.8913043478260869,-1.0,-1,NONE,0.0,0.0,0.0,0.0,0.0,1.0,0.0,1,-1.0,-1.0,1.0
T0036030,C00783,2026-01-01 14:41:48,1101.5,NETBANKING,FAILED,NETWORK_ERROR,0,30.0,1.0,0.967741935483871,-1.0,-1,NONE,0.0,0.0,0.0,0.0,0.0,1.0,0.0,1,-1.0,-1.0,1.0
T0045139,C00984,2026-01-01 14:51:37,1799.97,NETBANKING,FAILED,NETWORK_ERROR,1,1.0,0.0,1.0,0.6327777777777778,1,NONE,1.0,1.0,0.0,768.32,0.0,2.342734798000833,1.0,1,0.6327777777777778,-1.0,1.0
T0030903,C00672,2026-01-01 14:54:37,563.24,UPI,FAILED,NETWORK_ERROR,3,3.0,0.0,1.0,5.313611111111111,1,NONE,3.0,3.0,0.0,1216.14,0.0,0.4631374677257552,1.0,1,5.313611111111111,-1.0,1.0
T0023039,C00506,2026-01-01 14:54:38,4325.99,UPI,FAILED,LIMIT_EXCEEDED,2,2.0,0.0,1.0,5.981944444444444,1,NONE,2.0,2.0,0.0,3276.16,0.0,1.3204452773979294,1.0,1,5.981944444444444,-1.0,1.0
T0004593,C00101,2026-01-01 15:44:40,550.79,UPI,FAILED,NETWORK_ERROR,1,0.0,1.0,0.0,10.529166666666667,0,NETWORK_ERROR,1.0,0.0,1.0,1193.17,1.0,0.4616190484172414,1.0,2,-1.0,10.529166666666667,1.0
T0033915,C00736,2026-01-01 15:46:26,1193.48,NETBANKING,FAILED,BANK_DECLINE,2,2.0,0.0,1.0,8.545,1,NONE,2.0,2.0,0.0,7833.16,0.0,0.1523625203621527,1.0,1,8.545,-1.0,1.0
T0016515,C00361,2026-01-01 15:47:10,4583.22,UPI,FAILED,NETWORK_ERROR,0,51.0,4.0,0.9272727272727272,-1.0,-1,NONE,0.0,0.0,0.0,0.0,0.0,1.0,0.0,1,-1.0,-1.0,1.0
T0039907,C00870,2026-01-01 15:54:45,810.56,UPI,FAILED,NETWORK_ERROR,0,42.0,4.0,0.9130434782608695,-1.0,-1,NONE,0.0,0.0,0.0,0.0,0.0,1.0,0.0,1,-1.0,-1.0,1.0
T0011117,C00241,2026-01-01 15:59:59,7296.69,CARD,FAILED,BANK_DECLINE,0,57.0,9.0,0.8636363636363636,-1.0,-1,NONE,0.0,0.0,0.0,0.0,0.0,1.0,0.0,1,-1.0,-1.0,1.0
T0029092,C00635,2026-01-01 16:10:04,780.83,UPI,FAILED,BANK_DECLINE,0,52.0,3.0,0.9454545454545454,-1.0,-1,NONE,0.0,0.0,0.0,0.0,0.0,1.0,0.0,1,-1.0,-1.0,1.0
T0015128,C00334,2026-01-01 16:21:42,4651.43,NETBANKING,FAILED,INSUFFICIENT_FUNDS,2,2.0,0.0,1.0,1.0991666666666666,1,NONE,2.0,2.0,0.0,1672.035,0.0,2.7818975081263253,1.0,1,1.0991666666666666,-1.0,1.0
T0019493,C00429,2026-01-01 16:39:49,3634.57,CARD,FAILED,BANK_DECLINE,1,1.0,0.0,1.0,0.9077777777777778,1,NONE,1.0,1.0,0.0,877.7,0.0,4.141016292582887,1.0,1,0.9077777777777778,-1.0,1.0
T0010004,C00218,2026-01-01 16:44:15,1688.77,CARD,FAILED,PAYMENT_TIMEOUT,3,3.0,0.0,1.0,4.392222222222222,1,NONE,3.0,3.0,0.0,4362.726666666667,0.0,0.3870904892811681,1.0,1,4.392222222222222,-1.0,1.0
T0003098,C00072,2026-01-01 16:57:29,407.41,UPI,FAILED,INSUFFICIENT_FUNDS,2,2.0,0.0,1.0,1.1702777777777778,1,NONE,2.0,2.0,0.0,434.10999999999996,0.0,0.9384948515353253,1.0,1,1.1702777777777778,-1.0,1.0
T0030581,C00666,2026-01-01 16:58:17,538.46,WALLET,FAILED,INSUFFICIENT_FUNDS,1,1.0,0.0,1.0,5.055,1,NONE,1.0,1.0,0.0,590.91,0.0,0.9112385980944646,1.0,1,5.055,-1.0,1.0
T0019671,C00433,2026-01-01 17:00:05,2061.68,UPI,FAILED,INSUFFICIENT_FUNDS,1,1.0,0.0,1.0,16.08416666666667,1,NONE,1.0,1.0,0.0,1820.69,0.0,1.1323619067496387,1.0,1,16.08416666666667,-1.0,1.0
T0031202,C00678,2026-01-01 17:20:19,1784.57,UPI,FAILED,BANK_DECLINE,0,63.0,4.0,0.9402985074626866,-1.0,-1,NONE,0.0,0.0,0.0,0.0,0.0,1.0,0.0,1,-1.0,-1.0,1.0
T0035459,C00772,2026-01-01 17:34:26,1129.82,NETBANKING,FAILED,BANK_DECLINE,3,3.0,0.0,1.0,5.251388888888889,1,NONE,3.0,3.0,0.0,1791.2466666666667,0.0,0.6307450676809819,1.0,1,5.251388888888889,-1.0,1.0
T0041192,C00898,2026-01-01 17:35:29,1472.94,UPI,FAILED,PAYMENT_TIMEOUT,1,1.0,0.0,1.0,14.061388888888889,1,NONE,1.0,1.0,0.0,407.47,0.0,3.6148428105136574,1.0,1,14.061388888888889,-1.0,1.0
T0035281,C00768,2026-01-01 17:37:28,555.21,UPI,FAILED,INSUFFICIENT_FUNDS,2,2.0,0.0,1.0,6.954444444444444,1,NONE,2.0,2.0,0.0,1456.4250000000002,0.0,0.38121427467943764,1.0,1,6.954444444444444,-1.0,1.0
T0013279,C00291,2026-01-01 17:45:35,400.63,NETBANKING,FAILED,NETWORK_ERROR,1,1.0,0.0,1.0,16.93638888888889,1,NONE,1.0,1.0,0.0,2417.67,0.0,0.16570913317367547,1.0,1,16.93638888888889,-1.0,1.0
T0012618,C00277,2026-01-01 18:03:24,2907.48,CARD,FAILED,BANK_DECLINE,1,1.0,0.0,1.0,16.483888888888888,1,NONE,1.0,1.0,0.0,666.82,0.0,4.360217150055487,1.0,1,16.483888888888888,-1.0,1.0
T0000901,C00020,2026-01-01 18:17:51,1160.94,UPI,FAILED,BANK_DECLINE,2,2.0,0.0,1.0,5.246388888888889,1,NONE,2.0,2.0,0.0,2220.225,0.0,0.5228929500388475,1.0,1,5.246388888888889,-1.0,1.0
T0036547,C00795,2026-01-01 18:45:04,2077.49,WALLET,FAILED,INSUFFICIENT_FUNDS,2,2.0,0.0,1.0,6.708611111111111,1,NONE,2.0,2.0,0.0,679.0500000000001,0.0,3.059406523820042,1.0,1,6.708611111111111,-1.0,1.0
T0022029,C00485,2026-01-01 18:53:48,982.64,UPI,FAILED,BANK_DECLINE,0,46.0,1.0,0.9787234042553191,-1.0,-1,NONE,0.0,0.0,0.0,0.0,0.0,1.0,0.0,1,-1.0,-1.0,1.0
T0025821,C00569,2026-01-01 18:56:46,4239.61,UPI,FAILED,BANK_DECLINE,1,1.0,0.0,1.0,14.372222222222222,1,NONE,1.0,1.0,0.0,5202.91,0.0,0.8148536107678203,1.0,1,14.372222222222222,-1.0,1.0
T0021088,C00464,2026-01-01 19:10:55,781.24,UPI,FAILED,BANK_DECLINE,1,1.0,0.0,1.0,9.898055555555555,1,NONE,1.0,1.0,0.0,5482.36,0.0,0.1425006748918349,1.0,1,9.898055555555555,-1.0,1.0
T0002531,C00058,2026-01-01 19:37:40,1617.0,UPI,FAILED,NETWORK_ERROR,1,1.0,0.0,1.0,18.260277777777777,1,NONE,1.0,1.0,0.0,597.88,0.0,2.7045560982136885,1.0,1,18.260277777777777,-1.0,1.0
T0023523,C00517,2026-01-01 19:39:21,522.55,CARD,FAILED,INSUFFICIENT_FUNDS,2,2.0,0.0,1.0,8.676666666666666,1,NONE,2.0,2.0,0.0,2635.9900000000002,0.0,0.1982367156172823,1.0,1,8.676666666666666,-1.0,1.0
T0008940,C00193,2026-01-01 19:55:34,918.85,UPI,FAILED,BANK_DECLINE,1,1.0,0.0,1.0,13.7025,1,NONE,1.0,1.0,0.0,772.2,0.0,1.1899119399119398,1.0,1,13.7025,-1.0,1.0
T0003888,C00086,2026-01-01 20:09:45,1303.37,UPI,FAILED,PAYMENT_TIMEOUT,0,67.0,3.0,0.9571428571428572,-1.0,-1,NONE,0.0,0.0,0.0,0.0,0.0,1.0,0.0,1,-1.0,-1.0,1.0
T0010183,C00221,2026-01-01 20:26:09,889.34,UPI,FAILED,NETWORK_ERROR,2,1.0,1.0,0.5,16.04083333333333,1,NONE,2.0,1.0,1.0,1295.06,0.5,0.6867172177350856,1.0,1,16.04083333333333,16.15972222222222,1.0
T0012452,C00273,2026-01-01 20:35:44,937.47,UPI,FAILED,NETWORK_ERROR,1,1.0,0.0,1.0,15.810555555555556,1,NONE,1.0,1.0,0.0,1448.77,0.0,0.6470799367739531,1.0,1,15.810555555555556,-1.0,1.0
T0017874,C00392,2026-01-01 20:46:12,1308.97,UPI,FAILED,INSUFFICIENT_FUNDS,1,1.0,0.0,1.0,20.480555555555554,1,NONE,1.0,1.0,0.0,3042.87,0.0,0.43017611662673727,1.0,1,20.480555555555554,-1.0,1.0
T0005558,C00122,2026-01-01 20:48:26,3627.08,NETBANKING,FAILED,INSUFFICIENT_FUNDS,1,1.0,0.0,1.0,12.606944444444444,1,NONE,1.0,1.0,0.0,1146.33,0.0,3.1640801514398125,1.0,1,12.606944444444444,-1.0,1.0
T0036346,C00791,2026-01-01 21:12:10,2934.57,WALLET,FAILED,NETWORK_ERROR,0,41.0,2.0,0.9534883720930233,-1.0,-1,NONE,0.0,0.0,0.0,0.0,0.0,1.0,0.0,1,-1.0,-1.0,1.0
T0037903,C00825,2026-01-01 21:22:09,1151.12,CARD,FAILED,INSUFFICIENT_FUNDS,2,2.0,0.0,1.0,4.948333333333333,1,NONE,2.0,2.0,0.0,1115.505,0.0,1.03192724371473,1.0,1,4.948333333333333,-1.0,1.0
T0037107,C00805,2026-01-01 21:30:00,512.23,UPI,FAILED,PAYMENT_TIMEOUT,0,49.0,1.0,0.98,-1.0,-1,NONE,0.0,0.0,0.0,0.0,0.0,1.0,0.0,1,-1.0,-1.0,1.0
T0003666,C00082,2026-01-01 21:43:29,975.49,UPI,FAILED,BANK_DECLINE,2,2.0,0.0,1.0,12.956666666666667,1,NONE,2.0,2.0,0.0,764.015,0.0,1.2767943037767584,1.0,1,12.956666666666667,-1.0,1.0
T0019632,C00432,2026-01-01 22:01:59,3487.77,CARD,FAILED,INSUFFICIENT_FUNDS,0,33.0,2.0,0.9428571428571428,-1.0,-1,NONE,0.0,0.0,0.0,0.0,0.0,1.0,0.0,1,-1.0,-1.0,1.0
T0008173,C00177,2026-01-01 22:02:35,643.32,UPI,FAILED,PAYMENT_TIMEOUT,1,1.0,0.0,1.0,4.906666666666666,1,NONE,1.0,1.0,0.0,1583.31,0.0,0.40631335619682823,1.0,1,4.906666666666666,-1.0,1.0
T0030460,C00663,2026-01-01 22:10:30,601.56,UPI,FAILED,NETWORK_ERROR,2,2.0,0.0,1.0,12.707777777777778,1,NONE,2.0,2.0,0.0,2222.935,0.0,0.270615200174544,1.0,1,12.707777777777778,-1.0,1.0
T0042522,C00929,2026-01-01 22:12:04,2107.63,UPI,FAILED,NETWORK_ERROR,2,2.0,0.0,1.0,13.598333333333333,1,NONE,2.0,2.0,0.0,759.69,0.0,2.7743290026194893,1.0,1,13.598333333333333,-1.0,1.0
T0002915,C00068,2026-01-01 22:18:50,1739.2,CARD,FAILED,INSUFFICIENT_FUNDS,2,2.0,0.0,1.0,6.7619444444444445,1,NONE,2.0,2.0,0.0,1668.67,0.0,1.042267194831812,1.0,1,6.7619444444444445,-1.0,1.0
T0038759,C00843,2026-01-01 22:36:43,617.1,CARD,FAILED,INSUFFICIENT_FUNDS,1,1.0,0.0,1.0,21.485277777777778,1,NONE,1.0,1.0,0.0,2656.03,0.0,0.23233924315613905,1.0,1,21.485277777777778,-1.0,1.0
T0030015,C00653,2026-01-01 22:46:25,5629.96,CARD,FAILED,BANK_DECLINE,3,3.0,0.0,1.0,1.6236111111111111,1,NONE,3.0,3.0,0.0,2785.943333333334,0.0,2.0208451236744462,1.0,1,1.6236111111111111,-1.0,1.0
T0020657,C00454,2026-01-01 22:52:14,3008.79,UPI,FAILED,NETWORK_ERROR,1,1.0,0.0,1.0,19.3525,1,NONE,1.0,1.0,0.0,751.52,0.0,4.003606025122418,1.0,1,19.3525,-1.0,1.0
T0009580,C00209,2026-01-01 23:17:12,5157.96,CARD,FAILED,LIMIT_EXCEEDED,2,2.0,0.0,1.0,16.31888888888889,1,NONE,2.0,2.0,0.0,1743.885,0.0,2.9577409060803896,1.0,1,16.31888888888889,-1.0,1.0
T0029675,C00645,2026-01-01 23:17:35,1395.19,CARD,FAILED,INSUFFICIENT_FUNDS,2,2.0,0.0,1.0,7.425833333333333,1,NONE,2.0,2.0,0.0,1290.605,0.0,1.0810356383246618,1.0,1,7.425833333333333,-1.0,1.0
T0015672,C00346,2026-01-01 23:21:19,692.48,UPI,FAILED,INSUFFICIENT_FUNDS,5,5.0,0.0,1.0,0.18416666666666667,1,NONE,5.0,5.0,0.0,1629.374,0.0,0.42499757575608793,1.0,1,0.18416666666666667,-1.0,1.0
T0024132,C00530,2026-01-01 23:23:30,1466.37,NETBANKING,FAILED,BANK_DECLINE,0,39.0,1.0,0.975,-1.0,-1,NONE,0.0,0.0,0.0,0.0,0.0,1.0,0.0,1,-1.0,-1.0,1.0
T0027780,C00608,2026-01-01 23:23:51,1916.91,UPI,FAILED,NETWORK_ERROR,1,1.0,0.0,1.0,10.109444444444444,1,NONE,1.0,1.0,0.0,1293.53,0.0,1.4819215634735956,1.0,1,10.109444444444444,-1.0,1.0
T0000864,C00019,2026-01-01 23:46:13,7259.32,CARD,FAILED,LIMIT_EXCEEDED,2,2.0,0.0,1.0,4.5247222222222225,1,NONE,2.0,2.0,0.0,2386.005,0.0,3.0424579998784576,1.0,1,4.5247222222222225,-1.0,1.0
T0008926,C00193,2026-01-02 00:12:13,1256.88,UPI,FAILED,INSUFFICIENT_FUNDS,2,1.0,1.0,0.5,4.2775,0,BANK_DECLINE,2.0,1.0,1.0,845.5250000000001,0.5,1.4865083823659857,1.0,2,17.98,4.2775,1.0
T0003559,C00080,2026-01-02 01:12:51,648.28,CARD,FAILED,BANK_DECLINE,5,5.0,0.0,1.0,3.0380555555555557,1,NONE,5.0,5.0,0.0,7301.436,0.0,0.08878801375510242,1.0,1,3.0380555555555557,-1.0,1.0
T0045000,C00982,2026-01-02 01:17:53,2546.95,CARD,FAILED,LIMIT_EXCEEDED,1,1.0,0.0,1.0,24.749166666666667,1,NONE,1.0,1.0,0.0,3983.36,0.0,0.6393973931555269,1.0,1,24.749166666666667,-1.0,1.0
T0014082,C00309,2026-01-02 01:29:50,5834.1,UPI,FAILED,BANK_DECLINE,1,1.0,0.0,1.0,21.16722222222222,1,NONE,1.0,1.0,0.0,394.9,0.0,14.773613573056473,1.0,1,21.16722222222222,-1.0,1.0
T0045022,C00982,2026-01-02 01:34:48,2962.13,CARD,FAILED,BANK_DECLINE,2,1.0,1.0,0.5,0.28194444444444444,0,LIMIT_EXCEEDED,2.0,1.0,1.0,3265.1549999999997,0.5,0.9071942985861315,1.0,2,25.031111111111112,0.28194444444444444,1.0
T0027953,C00612,2026-01-02 01:35:34,2704.86,CARD,FAILED,BANK_DECLINE,3,3.0,0.0,1.0,1.5441666666666667,1,NONE,3.0,3.0,0.0,1144.8733333333332,0.0,2.3625845071652765,1.0,1,1.5441666666666667,-1.0,1.0
T0038409,C00836,2026-01-02 01:47:36,1553.27,NETBANKING,FAILED,NETWORK_ERROR,4,4.0,0.0,1.0,10.006666666666666,1,NONE,4.0,4.0,0.0,2723.4075000000003,0.0,0.5703406486175866,1.0,1,10.006666666666666,-1.0,1.0
T0010540,C00229,2026-01-02 01:51:58,3025.42,WALLET,FAILED,BANK_DECLINE,1,1.0,0.0,1.0,16.27888888888889,1,NONE,1.0,1.0,0.0,348.95,0.0,8.67006734489182,1.0,1,16.27888888888889,-1.0,1.0
T0018487,C00407,2026-01-02 02:18:17,2827.92,CARD,FAILED,PAYMENT_TIMEOUT,0,34.0,1.0,0.9714285714285714,-1.0,-1,NONE,0.0,0.0,0.0,0.0,0.0,1.0,0.0,1,-1.0,-1.0,1.0
T0027279,C00597,2026-01-02 02:25:03,923.36,UPI,FAILED,NETWORK_ERROR,3,3.0,0.0,1.0,0.8591666666666666,1,NONE,3.0,3.0,0.0,2341.9533333333334,0.0,0.39426917131852895,1.0,1,0.8591666666666666,-1.0,1.0
T0027757,C00607,2026-01-02 02:32:38,1807.97,CARD,FAILED,LIMIT_EXCEEDED,2,2.0,0.0,1.0,14.195555555555556,1,NONE,2.0,2.0,0.0,2238.025,0.0,0.8078417354587192,1.0,1,14.195555555555556,-1.0,1.0
T0016502,C00361,2026-01-02 02:58:49,492.75,UPI,FAILED,BANK_DECLINE,2,1.0,1.0,0.5,9.426388888888889,1,NONE,2.0,1.0,1.0,3286.775,0.5,0.1499189935423021,1.0,1,9.426388888888889,11.194166666666666,1.0
T0002482,C00057,2026-01-02 03:06:42,1688.72,UPI,FAILED,INSUFFICIENT_FUNDS,1,1.0,0.0,1.0,16.75027777777778,1,NONE,1.0,1.0,0.0,983.12,0.0,1.717715029701359,1.0,1,16.75027777777778,-1.0,1.0
T0042574,C00931,2026-01-02 03:12:34,6715.02,CARD,FAILED,INSUFFICIENT_FUNDS,0,38.0,3.0,0.926829268292683,-1.0,-1,NONE,0.0,0.0,0.0,0.0,0.0,1.0,0.0,1,-1.0,-1.0,1.0
T0004048,C00089,2026-01-02 03:23:08,1601.58,UPI,FAILED,NETWORK_ERROR,3,1.0,2.0,0.3333333333333333,4.128055555555555,1,NONE,3.0,1.0,2.0,1567.8733333333332,0.6666666666666666,1.0214983353247074,1.0,1,4.128055555555555,13.329444444444444,1.0
T0005996,C00132,2026-01-02 03:29:25,1708.63,UPI,FAILED,INSUFFICIENT_FUNDS,1,1.0,0.0,1.0,10.38111111111111,1,NONE,1.0,1.0,0.0,3797.75,0.0,0.44990586531498916,1.0,1,10.38111111111111,-1.0,1.0
T0006819,C00149,2026-01-02 03:33:07,1112.44,CARD,FAILED,INSUFFICIENT_FUNDS,1,1.0,0.0,1.0,13.054444444444444,1,NONE,1.0,1.0,0.0,1701.38,0.0,0.6538457017244824,1.0,1,13.054444444444444,-1.0,1.0
T0039628,C00863,2026-01-02 03:48:54,1642.36,UPI,FAILED,NETWORK_ERROR,2,2.0,0.0,1.0,1.3225,1,NONE,2.0,2.0,0.0,4802.97,0.0,0.3419467537794323,1.0,1,1.3225,-1.0,1.0
T0023067,C00507,2026-01-02 03:50:05,455.29,NETBANKING,FAILED,LIMIT_EXCEEDED,1,1.0,0.0,1.0,1.0958333333333334,1,NONE,1.0,1.0,0.0,2581.24,0.0,0.17638421843765015,1.0,1,1.0958333333333334,-1.0,1.0
T0006788,C00148,2026-01-02 03:54:23,2840.78,UPI,FAILED,BANK_DECLINE,0,34.0,2.0,0.9444444444444444,-1.0,-1,NONE,0.0,0.0,0.0,0.0,0.0,1.0,0.0,1,-1.0,-1.0,1.0
T0002808,C00066,2026-01-02 03:56:39,1575.39,UPI,FAILED,NETWORK_ERROR,2,2.0,0.0,1.0,23.47833333333333,1,NONE,2.0,2.0,0.0,660.0150000000001,0.0,2.3869002977205063,1.0,1,23.47833333333333,-1.0,1.0
T0034506,C00749,2026-01-02 04:29:07,2750.81,CARD,FAILED,INSUFFICIENT_FUNDS,0,29.0,1.0,0.9666666666666667,-1.0,-1,NONE,0.0,0.0,0.0,0.0,0.0,1.0,0.0,1,-1.0,-1.0,1.0
T0002887,C00068,2026-01-02 04:52:57,846.93,CARD,FAILED,INSUFFICIENT_FUNDS,3,2.0,1.0,0.6666666666666666,6.568611111111111,0,INSUFFICIENT_FUNDS,3.0,2.0,1.0,1692.18,0.3333333333333333,0.5004964010920824,1.0,2,13.330555555555556,6.568611111111111,1.0
T0017735,C00389,2026-01-02 05:10:17,5331.68,CARD,FAILED,BANK_DECLINE,1,1.0,0.0,1.0,16.73611111111111,1,NONE,1.0,1.0,0.0,2241.86,0.0,2.378239497560062,1.0,1,16.73611111111111,-1.0,1.0
T0036919,C00802,2026-01-02 05:15:18,1367.36,CARD,FAILED,NETWORK_ERROR,1,1.0,0.0,1.0,14.072777777777778,1,NONE,1.0,1.0,0.0,1039.59,0.0,1.3152877576736983,1.0,1,14.072777777777778,-1.0,1.0
T0033529,C00728,2026-01-02 05:16:48,6626.19,UPI,FAILED,PAYMENT_TIMEOUT,2,2.0,0.0,1.0,1.3719444444444444,1,NONE,2.0,2.0,0.0,2611.0,0.0,2.5377977786288777,1.0,1,1.3719444444444444,-1.0,1.0
T0008425,C00182,2026-01-02 05:26:44,2142.01,UPI,FAILED,PAYMENT_TIMEOUT,1,1.0,0.0,1.0,21.907222222222224,1,NONE,1.0,1.0,0.0,3077.32,0.0,0.6960634578139421,1.0,1,21.907222222222224,-1.0,1.0
T0005838,C00129,2026-01-02 05:35:00,2938.65,UPI,FAILED,NETWORK_ERROR,2,2.0,0.0,1.0,0.08722222222222223,1,NONE,2.0,2.0,0.0,752.1200000000001,0.0,3.907155773014944,1.0,1,0.08722222222222223,-1.0,1.0
T0015814,C00347,2026-01-02 05:44:14,4035.31,WALLET,FAILED,INSUFFICIENT_FUNDS,2,2.0,0.0,1.0,6.656666666666666,1,NONE,2.0,2.0,0.0,3927.99,0.0,1.0273218618173672,1.0,1,6.656666666666666,-1.0,1.0
T0002849,C00067,2026-01-02 05:44:28,626.71,CARD,FAILED,BANK_DECLINE,1,1.0,0.0,1.0,10.94361111111111,1,NONE,1.0,1.0,0.0,3313.01,0.0,0.1891663472189942,1.0,1,10.94361111111111,-1.0,1.0
T0034422,C00747,2026-01-02 05:45:09,2357.39,CARD,FAILED,NETWORK_ERROR,2,2.0,0.0,1.0,7.383611111111111,1,NONE,2.0,2.0,0.0,1156.72,0.0,2.0379953662078982,1.0,1,7.383611111111111,-1.0,1.0
T0004049,C00089,2026-01-02 06:04:49,3786.83,UPI,FAILED,PAYMENT_TIMEOUT,4,1.0,3.0,0.25,2.694722222222222,0,NETWORK_ERROR,4.0,1.0,3.0,1576.3,0.75,2.402353612890947,1.0,2,6.822777777777778,2.694722222222222,1.0
T0011675,C00255,2026-01-02 06:15:12,1000.64,CARD,FAILED,INSUFFICIENT_FUNDS,4,4.0,0.0,1.0,4.843055555555556,1,NONE,4.0,4.0,0.0,1917.675,0.0,0.5217985320766032,1.0,1,4.843055555555556,-1.0,1.0
T0007827,C00170,2026-01-02 06:21:51,462.58,UPI,FAILED,INSUFFICIENT_FUNDS,2,2.0,0.0,1.0,23.349444444444444,1,NONE,2.0,2.0,0.0,1078.845,0.0,0.42877336410698474,1.0,1,23.349444444444444,-1.0,1.0
T0014550,C00320,2026-01-02 06:40:52,2280.21,NETBANKING,FAILED,BANK_DECLINE,2,1.0,1.0,0.5,5.3675,1,NONE,2.0,1.0,1.0,2325.065,0.5,0.9807080662261055,1.0,1,5.3675,27.9775,1.0
T0012186,C00268,2026-01-02 06:43:49,1299.16,WALLET,FAILED,NETWORK_ERROR,0,47.0,1.0,0.9791666666666666,-1.0,-1,NONE,0.0,0.0,0.0,0.0,0.0,1.0,0.0,1,-1.0,-1.0,1.0
T0024531,C00540,2026-01-02 06:47:44,943.14,WALLET,FAILED,NETWORK_ERROR,2,2.0,0.0,1.0,15.016111111111112,1,NONE,2.0,2.0,0.0,4709.535,0.0,0.20026180928690412,1.0,1,15.016111111111112,-1.0,1.0
T0042758,C00935,2026-01-02 06:52:41,526.85,UPI,FAILED,INSUFFICIENT_FUNDS,4,4.0,0.0,1.0,5.741666666666666,1,NONE,4.0,4.0,0.0,1079.17,0.0,0.4881992642493768,1.0,1,5.741666666666666,-1.0,1.0
T0011091,C00240,2026-01-02 06:58:25,1931.07,CARD,FAILED,LIMIT_EXCEEDED,1,1.0,0.0,1.0,8.575555555555555,1,NONE,1.0,1.0,0.0,679.25,0.0,2.8429444239970554,1.0,1,8.575555555555555,-1.0,1.0
T0010570,C00230,2026-01-02 07:46:32,2794.97,CARD,FAILED,BANK_DECLINE,0,39.0,3.0,0.9285714285714286,-1.0,-1,NONE,0.0,0.0,0.0,0.0,0.0,1.0,0.0,1,-1.0,-1.0,1.0
T0011833,C00260,2026-01-02 08:17:17,615.19,NETBANKING,FAILED,BANK_DECLINE,3,3.0,0.0,1.0,3.2733333333333334,1,NONE,3.0,3.0,0.0,2643.3633333333332,0.0,0.23273001945753455,1.0,1,3.2733333333333334,-1.0,1.0
T0031219,C00679,2026-01-02 08:31:15,1438.13,CARD,FAILED,BANK_DECLINE,2,2.0,0.0,1.0,10.377222222222223,1,NONE,2.0,2.0,0.0,4042.875,0.0,0.3557196302136475,1.0,1,10.377222222222223,-1.0,1.0
T0004825,C00107,2026-01-02 08:36:53,4300.34,WALLET,FAILED,NETWORK_ERROR,5,5.0,0.0,1.0,3.0816666666666666,1,NONE,5.0,5.0,0.0,1227.292,0.0,3.503925716129495,1.0,1,3.0816666666666666,-1.0,1.0
T0040257,C00876,2026-01-02 09:01:35,2426.87,UPI,FAILED,NETWORK_ERROR,3,3.0,0.0,1.0,7.988333333333333,1,NONE,3.0,3.0,0.0,10302.78,0.0,0.23555486965653927,1.0,1,7.988333333333333,-1.0,1.0
T0022862,C00502,2026-01-02 09:08:12,2068.96,NETBANKING,FAILED,NETWORK_ERROR,1,1.0,0.0,1.0,23.456666666666667,1,NONE,1.0,1.0,0.0,1118.04,0.0,1.8505241315158671,1.0,1,23.456666666666667,-1.0,1.0
T0025100,C00551,2026-01-02 09:17:46,2311.31,CARD,FAILED,INSUFFICIENT_FUNDS,1,1.0,0.0,1.0,16.68027777777778,1,NONE,1.0,1.0,0.0,2494.11,0.0,0.9267073224516962,1.0,1,16.68027777777778,-1.0,1.0
T0038476,C00837,2026-01-02 09:51:14,1933.66,CARD,FAILED,LIMIT_EXCEEDED,1,1.0,0.0,1.0,10.622777777777777,1,NONE,1.0,1.0,0.0,2048.39,0.0,0.9439901581241854,1.0,1,10.622777777777777,-1.0,1.0
T0026615,C00586,2026-01-02 10:12:28,9345.51,UPI,FAILED,BANK_DECLINE,0,64.0,6.0,0.9142857142857143,-1.0,-1,NONE,0.0,0.0,0.0,0.0,0.0,1.0,0.0,1,-1.0,-1.0,1.0
T0016500,C00361,2026-01-02 10:20:25,2967.37,UPI,FAILED,INSUFFICIENT_FUNDS,3,1.0,2.0,0.3333333333333333,7.36,0,BANK_DECLINE,3.0,1.0,2.0,2355.4333333333334,0.6666666666666666,1.2597979140427096,1.0,2,16.78638888888889,7.36,1.0
T0028637,C00626,2026-01-02 10:38:01,2102.27,UPI,FAILED,BANK_DECLINE,6,6.0,0.0,1.0,3.275,1,NONE,6.0,6.0,0.0,1766.4350000000002,0.0,1.1901202138771025,1.0,1,3.275,-1.0,1.0
T0030867,C00671,2026-01-02 10:58:40,856.25,UPI,FAILED,NETWORK_ERROR,3,3.0,0.0,1.0,24.43027777777778,1,NONE,3.0,3.0,0.0,2242.0466666666666,0.0,0.3819055208485104,1.0,1,24.43027777777778,-1.0,1.0
T0006020,C00132,2026-01-02 11:22:27,267.68,UPI,FAILED,INSUFFICIENT_FUNDS,2,1.0,1.0,0.5,7.8838888888888885,0,INSUFFICIENT_FUNDS,2.0,1.0,1.0,2753.19,0.5,0.09722540035377145,1.0,2,18.265,7.8838888888888885,1.0
T0028429,C00622,2026-01-02 11:28:36,765.39,UPI,FAILED,BANK_DECLINE,0,21.0,2.0,0.9130434782608695,-1.0,-1,NONE,0.0,0.0,0.0,0.0,0.0,1.0,0.0,1,-1.0,-1.0,1.0
T0021796,C00480,2026-01-02 11:40:06,1638.01,CARD,FAILED,INSUFFICIENT_FUNDS,2,2.0,0.0,1.0,26.474722222222223,1,NONE,2.0,2.0,0.0,3127.67,0.0,0.5237157372740731,1.0,1,26.474722222222223,-1.0,1.0
T0028736,C00629,2026-01-02 11:44:52,1620.58,CARD,FAILED,INSUFFICIENT_FUNDS,4,4.0,0.0,1.0,2.618888888888889,1,NONE,4.0,4.0,0.0,2215.5275,0.0,0.7314646286268168,1.0,1,2.618888888888889,-1.0,1.0
T0018217,C00401,2026-01-02 11:48:10,476.02,UPI,FAILED,BANK_DECLINE,3,3.0,0.0,1.0,1.7883333333333333,1,NONE,3.0,3.0,0.0,2111.7166666666667,0.0,0.2254184983780968,1.0,1,1.7883333333333333,-1.0,1.0
T0009420,C00205,2026-01-02 12:28:51,6727.76,UPI,FAILED,BANK_DECLINE,2,2.0,0.0,1.0,10.75611111111111,1,NONE,2.0,2.0,0.0,4303.115,0.0,1.5634627473353606,1.0,1,10.75611111111111,-1.0,1.0
T0039852,C00869,2026-01-02 12:37:55,3286.22,CARD,FAILED,BANK_DECLINE,2,2.0,0.0,1.0,29.970277777777778,1,NONE,2.0,2.0,0.0,2107.39,0.0,1.5593791372266168,1.0,1,29.970277777777778,-1.0,1.0
T0019943,C00439,2026-01-02 12:42:28,2509.1,UPI,FAILED,NETWORK_ERROR,4,4.0,0.0,1.0,3.525,1,NONE,4.0,4.0,0.0,1331.0075,0.0,1.88511334459047,1.0,1,3.525,-1.0,1.0
T0031891,C00693,2026-01-02 12:42:56,2065.69,CARD,FAILED,INSUFFICIENT_FUNDS,4,4.0,0.0,1.0,7.360833333333333,1,NONE,4.0,4.0,0.0,1203.2849999999999,0.0,1.7167088428759607,1.0,1,7.360833333333333,-1.0,1.0
T0007170,C00157,2026-01-02 12:42:56,10058.29,UPI,FAILED,PAYMENT_TIMEOUT,4,4.0,0.0,1.0,1.143888888888889,1,NONE,4.0,4.0,0.0,3179.8825,0.0,3.163101152322452,1.0,1,1.143888888888889,-1.0,1.0
T0013540,C00296,2026-01-02 12:45:13,4389.34,CARD,FAILED,INSUFFICIENT_FUNDS,0,55.0,2.0,0.9649122807017544,-1.0,-1,NONE,0.0,0.0,0.0,0.0,0.0,1.0,0.0,1,-1.0,-1.0,1.0
T0043631,C00951,2026-01-02 12:47:55,1293.87,CARD,FAILED,NETWORK_ERROR,5,5.0,0.0,1.0,2.9186111111111113,1,NONE,5.0,5.0,0.0,1762.318,0.0,0.7341864521613012,1.0,1,2.9186111111111113,-1.0,1.0
T0040294,C00878,2026-01-02 13:34:31,1935.87,UPI,FAILED,INSUFFICIENT_FUNDS,2,2.0,0.0,1.0,24.0825,1,NONE,2.0,2.0,0.0,1403.695,0.0,1.3791243824335058,1.0,1,24.0825,-1.0,1.0
T0034216,C00744,2026-01-02 13:39:28,3240.49,UPI,FAILED,LIMIT_EXCEEDED,3,3.0,0.0,1.0,19.608055555555556,1,NONE,3.0,3.0,0.0,2100.27,0.0,1.5428921043484884,1.0,1,19.608055555555556,-1.0,1.0
T0042148,C00921,2026-01-02 13:42:46,3379.87,UPI,FAILED,INSUFFICIENT_FUNDS,0,32.0,0.0,1.0,-1.0,-1,NONE,0.0,0.0,0.0,0.0,0.0,1.0,0.0,1,-1.0,-1.0,1.0
T0008053,C00174,2026-01-02 13:44:55,917.72,UPI,FAILED,PAYMENT_TIMEOUT,2,2.0,0.0,1.0,7.120833333333334,1,NONE,2.0,2.0,0.0,1370.765,0.0,0.6694947711679244,1.0,1,7.120833333333334,-1.0,1.0
T0010321,C00224,2026-01-02 13:46:19,2932.46,WALLET,FAILED,LIMIT_EXCEEDED,1,1.0,0.0,1.0,16.675833333333333,1,NONE,1.0,1.0,0.0,1609.34,0.0,1.8221506953160924,1.0,1,16.675833333333333,-1.0,1.0
T0000839,C00018,2026-01-02 13:49:09,324.96,NETBANKING,FAILED,PAYMENT_TIMEOUT,2,2.0,0.0,1.0,6.679444444444444,1,NONE,2.0,2.0,0.0,4873.4,0.0,0.0666803463700907,1.0,1,6.679444444444444,-1.0,1.0
T0011964,C00263,2026-01-02 14:29:11,1289.71,CARD,FAILED,BANK_DECLINE,2,2.0,0.0,1.0,32.051944444444445,1,NONE,2.0,2.0,0.0,3109.395,0.0,0.4147784376060295,1.0,1,32.051944444444445,-1.0,1.0
T0007251,C00158,2026-01-02 14:37:05,1217.88,CARD,FAILED,INSUFFICIENT_FUNDS,2,2.0,0.0,1.0,20.285833333333333,1,NONE,2.0,2.0,0.0,9510.605,0.0,0.12805494497984093,1.0,1,20.285833333333333,-1.0,1.0
T0024269,C00534,2026-01-02 14:45:29,2989.61,CARD,FAILED,BANK_DECLINE,6,6.0,0.0,1.0,2.7744444444444443,1,NONE,6.0,6.0,0.0,1498.3416666666665,0.0,1.9952792253658214,1.0,1,2.7744444444444443,-1.0,1.0
T0004942,C00110,2026-01-02 16:10:50,915.23,CARD,FAILED,BANK_DECLINE,3,3.0,0.0,1.0,11.8425,1,NONE,3.0,3.0,0.0,1091.7666666666667,0.0,0.8383018349464172,1.0,1,11.8425,-1.0,1.0
T0032639,C00710,2026-01-02 16:12:59,1031.74,UPI,FAILED,NETWORK_ERROR,1,0.0,1.0,0.0,25.763333333333332,0,INSUFFICIENT_FUNDS,1.0,0.0,1.0,932.84,1.0,1.1060203250289438,1.0,2,-1.0,25.763333333333332,1.0
T0010412,C00227,2026-01-02 16:26:57,817.41,NETBANKING,FAILED,PAYMENT_TIMEOUT,5,5.0,0.0,1.0,0.4738888888888889,1,NONE,5.0,5.0,0.0,1339.6560000000002,0.0,0.6101641018291262,1.0,1,0.4738888888888889,-1.0,1.0
T0009771,C00214,2026-01-02 16:37:31,461.34,UPI,FAILED,BANK_DECLINE,3,3.0,0.0,1.0,6.5675,1,NONE,3.0,3.0,0.0,1538.4266666666665,0.0,0.2998777972300706,1.0,1,6.5675,-1.0,1.0
T0038915,C00847,2026-01-02 16:37:51,1699.39,CARD,FAILED,LIMIT_EXCEEDED,3,3.0,0.0,1.0,14.921944444444444,1,NONE,3.0,3.0,0.0,3917.2166666666667,0.0,0.43382588827951823,1.0,1,14.921944444444444,-1.0,1.0
T0036223,C00788,2026-01-02 17:15:02,1151.65,CARD,FAILED,BANK_DECLINE,5,5.0,0.0,1.0,3.9477777777777776,1,NONE,5.0,5.0,0.0,1364.49,0.0,0.844014979955881,1.0,1,3.9477777777777776,-1.0,1.0
T0045527,C00992,2026-01-02 17:33:12,2017.59,UPI,FAILED,PAYMENT_TIMEOUT,3,3.0,0.0,1.0,31.215,1,NONE,3.0,3.0,0.0,1786.79,0.0,1.1291701878788218,1.0,1,31.215,-1.0,1.0
T0033285,C00723,2026-01-02 18:14:07,5338.31,CARD,FAILED,NETWORK_ERROR,2,2.0,0.0,1.0,3.237222222222222,1,NONE,2.0,2.0,0.0,1127.885,0.0,4.733026860007891,1.0,1,3.237222222222222,-1.0,1.0
T0017414,C00382,2026-01-02 18:16:32,3111.27,UPI,FAILED,INSUFFICIENT_FUNDS,2,2.0,0.0,1.0,22.308611111111112,1,NONE,2.0,2.0,0.0,1044.175,0.0,2.9796442167261237,1.0,1,22.308611111111112,-1.0,1.0
T0007945,C00173,2026-01-02 18:26:42,1623.52,UPI,FAILED,BANK_DECLINE,1,1.0,0.0,1.0,35.80222222222222,1,NONE,1.0,1.0,0.0,726.46,0.0,2.2348374308289514,1.0,1,35.80222222222222,-1.0,1.0
T0002790,C00066,2026-01-02 18:31:13,3046.71,UPI,FAILED,BANK_DECLINE,3,2.0,1.0,0.6666666666666666,14.57611111111111,0,NETWORK_ERROR,3.0,2.0,1.0,965.14,0.3333333333333333,3.1567544604927784,1.0,2,38.05444444444444,14.57611111111111,1.0
T0025752,C00567,2026-01-02 18:43:12,3027.33,CARD,FAILED,INSUFFICIENT_FUNDS,4,4.0,0.0,1.0,5.208888888888889,1,NONE,4.0,4.0,0.0,1946.3825,0.0,1.5553623195851791,1.0,1,5.208888888888889,-1.0,1.0
T0015097,C00333,2026-01-02 18:49:03,3596.38,NETBANKING,FAILED,NETWORK_ERROR,1,1.0,0.0,1.0,33.63583333333333,1,NONE,1.0,1.0,0.0,1679.71,0.0,2.141071970756857,1.0,1,33.63583333333333,-1.0,1.0
T0003669,C00082,2026-01-02 19:02:54,891.24,UPI,FAILED,BANK_DECLINE,3,2.0,1.0,0.6666666666666666,21.323611111111113,0,BANK_DECLINE,3.0,2.0,1.0,834.5066666666667,0.3333333333333333,1.067984278136384,1.0,2,34.280277777777776,21.323611111111113,1.0
T0044276,C00965,2026-01-02 19:42:19,2588.38,UPI,FAILED,PAYMENT_TIMEOUT,3,3.0,0.0,1.0,20.824166666666667,1,NONE,3.0,3.0,0.0,5180.323333333334,0.0,0.49965607037398563,1.0,1,20.824166666666667,-1.0,1.0
T0045789,C00999,2026-01-02 19:50:58,368.37,UPI,FAILED,INSUFFICIENT_FUNDS,3,3.0,0.0,1.0,22.248055555555556,1,NONE,3.0,3.0,0.0,1268.07,0.0,0.29049658141900686,1.0,1,22.248055555555556,-1.0,1.0
T0004473,C00098,2026-01-02 20:04:37,1483.38,UPI,FAILED,INSUFFICIENT_FUNDS,2,2.0,0.0,1.0,0.31527777777777777,1,NONE,2.0,2.0,0.0,1266.945,0.0,1.17083219871423,1.0,1,0.31527777777777777,-1.0,1.0
T0034822,C00757,2026-01-02 20:07:37,614.08,UPI,FAILED,BANK_DECLINE,4,4.0,0.0,1.0,2.6455555555555557,1,NONE,4.0,4.0,0.0,1611.8425,0.0,0.3809801515966976,1.0,1,2.6455555555555557,-1.0,1.0
T0026723,C00587,2026-01-02 20:13:54,475.23,UPI,FAILED,PAYMENT_TIMEOUT,8,8.0,0.0,1.0,8.539166666666667,1,NONE,8.0,8.0,0.0,3960.2837499999996,0.0,0.11999897734600458,1.0,1,8.539166666666667,-1.0,1.0
T0030698,C00668,2026-01-02 20:25:57,4351.25,CARD,FAILED,NETWORK_ERROR,0,67.0,4.0,0.9436619718309859,-1.0,-1,NONE,0.0,0.0,0.0,0.0,0.0,1.0,0.0,1,-1.0,-1.0,1.0
T0022736,C00500,2026-01-02 20:35:01,1494.51,UPI,FAILED,INSUFFICIENT_FUNDS,3,3.0,0.0,1.0,4.261388888888889,1,NONE,3.0,3.0,0.0,959.0799999999999,0.0,1.5582745964883014,1.0,1,4.261388888888889,-1.0,1.0
T0005354,C00118,2026-01-02 20:36:24,1041.45,UPI,FAILED,NETWORK_ERROR,3,3.0,0.0,1.0,10.306944444444444,1,NONE,3.0,3.0,0.0,933.3433333333332,0.0,1.1158273304214599,1.0,1,10.306944444444444,-1.0,1.0
T0011053,C00240,2026-01-02 21:00:41,534.21,CARD,FAILED,LIMIT_EXCEEDED,3,2.0,1.0,0.6666666666666666,5.110555555555556,1,NONE,3.0,2.0,1.0,1222.4066666666668,0.3333333333333333,0.4370149595606481,1.0,1,5.110555555555556,14.037777777777778,1.0
T0012162,C00267,2026-01-02 21:03:03,1261.67,WALLET,FAILED,LIMIT_EXCEEDED,3,3.0,0.0,1.0,2.831111111111111,1,NONE,3.0,3.0,0.0,1220.3133333333333,0.0,1.0338902030626016,1.0,1,2.831111111111111,-1.0,1.0
T0008438,C00182,2026-01-02 21:11:40,2259.41,UPI,FAILED,PAYMENT_TIMEOUT,5,4.0,1.0,0.8,1.113611111111111,1,NONE,5.0,4.0,1.0,2566.202,0.2,0.8804490059628975,1.0,1,1.113611111111111,15.748888888888889,1.0
T0041070,C00894,2026-01-02 21:17:28,1008.6,CARD,FAILED,INSUFFICIENT_FUNDS,6,6.0,0.0,1.0,0.7786111111111111,1,NONE,6.0,6.0,0.0,2044.7516666666668,0.0,0.4932628330579671,1.0,1,0.7786111111111111,-1.0,1.0
T0038648,C00841,2026-01-02 21:37:08,799.13,CARD,FAILED,BANK_DECLINE,3,3.0,0.0,1.0,1.4913888888888889,1,NONE,3.0,3.0,0.0,2129.57,0.0,0.37525415929037315,1.0,1,1.4913888888888889,-1.0,1.0
T0021195,C00467,2026-01-02 21:45:52,5692.71,UPI,FAILED,PAYMENT_TIMEOUT,3,2.0,1.0,0.6666666666666666,34.99916666666667,0,NETWORK_ERROR,3.0,2.0,1.0,1414.5966666666666,0.3333333333333333,4.024263688825319,1.0,2,43.55555555555556,34.99916666666667,1.0
T0014164,C00312,2026-01-02 21:46:05,12271.52,UPI,FAILED,INSUFFICIENT_FUNDS,5,5.0,0.0,1.0,3.026388888888889,1,NONE,5.0,5.0,0.0,1681.6560000000002,0.0,7.297283154224169,1.0,1,3.026388888888889,-1.0,1.0
T0021060,C00464,2026-01-02 21:49:51,948.0,UPI,FAILED,INSUFFICIENT_FUNDS,4,3.0,1.0,0.75,20.21527777777778,1,NONE,4.0,3.0,1.0,2466.3625,0.25,0.3843717215129568,1.0,1,20.21527777777778,26.648888888888887,1.0
T0031037,C00675,2026-01-02 21:52:02,2796.67,CARD,FAILED,BANK_DECLINE,3,3.0,0.0,1.0,2.392777777777778,1,NONE,3.0,3.0,0.0,2953.3933333333334,0.0,0.9469344866582846,1.0,1,2.392777777777778,-1.0,1.0
T0020180,C00444,2026-01-02 21:56:41,493.12,UPI,FAILED,BANK_DECLINE,1,1.0,0.0,1.0,17.661666666666665,1,NONE,1.0,1.0,0.0,119.74,0.0,4.1182562218139305,1.0,1,17.661666666666665,-1.0,1.0
T0015765,C00347,2026-01-02 22:04:25,1432.74,WALLET,FAILED,NETWORK_ERROR,4,3.0,1.0,0.75,15.028055555555556,1,NONE,4.0,3.0,1.0,3357.0499999999997,0.25,0.42678542172443074,1.0,1,15.028055555555556,16.336388888888887,1.0
T0032808,C00714,2026-01-02 22:10:20,1774.83,NETBANKING,FAILED,BANK_DECLINE,3,3.0,0.0,1.0,0.27944444444444444,1,NONE,3.0,3.0,0.0,2809.633333333333,0.0,0.6316945271625004,1.0,1,0.27944444444444444,-1.0,1.0
T0043558,C00950,2026-01-02 22:12:47,11241.32,UPI,FAILED,LIMIT_EXCEEDED,4,4.0,0.0,1.0,5.081111111111111,1,NONE,4.0,4.0,0.0,2484.76,0.0,4.5241069560037985,1.0,1,5.081111111111111,-1.0,1.0
T0037127,C00806,2026-01-02 22:22:06,1359.83,UPI,FAILED,NETWORK_ERROR,5,5.0,0.0,1.0,1.93,1,NONE,5.0,5.0,0.0,1278.768,0.0,1.0633907010497603,1.0,1,1.93,-1.0,1.0
T0017938,C00394,2026-01-02 22:28:02,297.74,NETBANKING,FAILED,NETWORK_ERROR,2,2.0,0.0,1.0,9.760833333333334,1,NONE,2.0,2.0,0.0,4198.3,0.0,0.07091918157349403,1.0,1,9.760833333333334,-1.0,1.0
T0000378,C00009,2026-01-02 22:29:35,2495.87,UPI,FAILED,PAYMENT_TIMEOUT,3,3.0,0.0,1.0,4.905833333333334,1,NONE,3.0,3.0,0.0,1329.55,0.0,1.8772291376781618,1.0,1,4.905833333333334,-1.0,1.0
T0041437,C00904,2026-01-02 22:53:47,471.35,CARD,FAILED,LIMIT_EXCEEDED,3,3.0,0.0,1.0,1.6294444444444445,1,NONE,3.0,3.0,0.0,4377.32,0.0,0.10768004166933193,1.0,1,1.6294444444444445,-1.0,1.0
T0036486,C00793,2026-01-02 23:13:48,974.35,NETBANKING,FAILED,NETWORK_ERROR,4,4.0,0.0,1.0,2.31,1,NONE,4.0,4.0,0.0,2330.435,0.0,0.41809790875952346,1.0,1,2.31,-1.0,1.0
T0009854,C00215,2026-01-02 23:25:45,1786.96,CARD,FAILED,BANK_DECLINE,2,2.0,0.0,1.0,28.107222222222223,1,NONE,2.0,2.0,0.0,487.205,0.0,3.6677784505495636,1.0,1,28.107222222222223,-1.0,1.0
T0037583,C00816,2026-01-02 23:32:13,7914.33,UPI,FAILED,INSUFFICIENT_FUNDS,2,2.0,0.0,1.0,17.52611111111111,1,NONE,2.0,2.0,0.0,1559.25,0.0,5.075728715728716,1.0,1,17.52611111111111,-1.0,1.0
T0025452,C00559,2026-01-02 23:39:10,1424.61,CARD,FAILED,PAYMENT_TIMEOUT,3,3.0,0.0,1.0,1.7902777777777779,1,NONE,3.0,3.0,0.0,1964.7733333333333,0.0,0.7250760053746658,1.0,1,1.7902777777777779,-1.0,1.0
T0014241,C00313,2026-01-02 23:56:54,1929.97,UPI,FAILED,BANK_DECLINE,4,4.0,0.0,1.0,1.6522222222222223,1,NONE,4.0,4.0,0.0,1356.7150000000001,0.0,1.4225316297085238,1.0,1,1.6522222222222223,-1.0,1.0
T0044074,C00960,2026-01-03 00:33:53,2341.44,CARD,FAILED,BANK_DECLINE,0,61.0,1.0,0.9838709677419355,-1.0,-1,NONE,0.0,0.0,0.0,0.0,0.0,1.0,0.0,1,-1.0,-1.0,1.0
T0019119,C00420,2026-01-03 00:39:48,2502.85,UPI,FAILED,INSUFFICIENT_FUNDS,3,3.0,0.0,1.0,28.8975,1,NONE,3.0,3.0,0.0,2478.9100000000003,0.0,1.0096574704204668,1.0,1,28.8975,-1.0,1.0
T0002896,C00068,2026-01-03 00:56:42,3368.7,CARD,FAILED,INSUFFICIENT_FUNDS,6,4.0,2.0,0.6666666666666666,9.370833333333334,1,NONE,6.0,4.0,2.0,2350.8816666666667,0.3333333333333333,1.432951750726146,1.0,1,9.370833333333334,20.0625,1.0
T0010433,C00227,2026-01-03 01:32:10,2376.68,NETBANKING,FAILED,BANK_DECLINE,7,6.0,1.0,0.8571428571428571,2.279166666666667,1,NONE,7.0,6.0,1.0,1981.9442857142858,0.14285714285714285,1.1991658984215354,1.0,1,2.279166666666667,9.086944444444445,1.0
T0009618,C00210,2026-01-03 01:37:14,3165.66,CARD,FAILED,INSUFFICIENT_FUNDS,6,6.0,0.0,1.0,19.09722222222222,1,NONE,6.0,6.0,0.0,3213.4149999999995,0.0,0.985138863172046,1.0,1,19.09722222222222,-1.0,1.0
T0029888,C00651,2026-01-03 01:55:09,1791.21,CARD,FAILED,PAYMENT_TIMEOUT,3,3.0,0.0,1.0,12.71888888888889,1,NONE,3.0,3.0,0.0,2003.93,0.0,0.8938485875255123,1.0,1,12.71888888888889,-1.0,1.0
T0023179,C00510,2026-01-03 02:04:26,4931.08,UPI,FAILED,PAYMENT_TIMEOUT,1,1.0,0.0,1.0,35.08138888888889,1,NONE,1.0,1.0,0.0,2704.63,0.0,1.823199476453341,1.0,1,35.08138888888889,-1.0,1.0
T0004121,C00090,2026-01-03 02:22:28,6548.38,UPI,FAILED,BANK_DECLINE,1,1.0,0.0,1.0,23.32111111111111,1,NONE,1.0,1.0,0.0,5436.97,0.0,1.2044171661789562,1.0,1,23.32111111111111,-1.0,1.0
T0034615,C00752,2026-01-03 02:24:50,5516.68,UPI,FAILED,NETWORK_ERROR,3,3.0,0.0,1.0,4.4775,1,NONE,3.0,3.0,0.0,2888.23,0.0,1.9100556396131887,1.0,1,4.4775,-1.0,1.0
T0033147,C00721,2026-01-03 02:50:49,1994.6,NETBANKING,FAILED,INSUFFICIENT_FUNDS,2,2.0,0.0,1.0,21.14638888888889,1,NONE,2.0,2.0,0.0,1583.9099999999999,0.0,1.259288722212752,1.0,1,21.14638888888889,-1.0,1.0
T0031148,C00677,2026-01-03 02:52:27,2308.58,CARD,FAILED,NETWORK_ERROR,3,3.0,0.0,1.0,18.06888888888889,1,NONE,3.0,3.0,0.0,1375.6499999999999,0.0,1.6781739541307747,1.0,1,18.06888888888889,-1.0,1.0
T0045041,C00983,2026-01-03 03:07:40,2506.69,CARD,FAILED,LIMIT_EXCEEDED,8,8.0,0.0,1.0,22.848055555555554,1,NONE,8.0,8.0,0.0,2532.6575000000003,0.0,0.9897469357779328,1.0,1,22.848055555555554,-1.0,1.0
T0031764,C00689,2026-01-03 03:32:46,539.28,UPI,FAILED,NETWORK_ERROR,5,5.0,0.0,1.0,7.175,1,NONE,5.0,5.0,0.0,1772.0880000000002,0.0,0.30431897287267895,1.0,1,7.175,-1.0,1.0
T0033688,C00731,2026-01-03 03:49:36,1633.27,UPI,FAILED,BANK_DECLINE,2,2.0,0.0,1.0,14.964722222222223,1,NONE,2.0,2.0,0.0,4409.355,0.0,0.37041018470955506,1.0,1,14.964722222222223,-1.0,1.0
T0007716,C00168,2026-01-03 03:51:16,582.89,UPI,FAILED,NETWORK_ERROR,1,1.0,0.0,1.0,4.3133333333333335,1,NONE,1.0,1.0,0.0,5460.39,0.0,0.10674878534317145,1.0,1,4.3133333333333335,-1.0,1.0
T0028339,C00620,2026-01-03 04:03:16,1094.87,CARD,FAILED,INSUFFICIENT_FUNDS,4,4.0,0.0,1.0,3.4969444444444444,1,NONE,4.0,4.0,0.0,2140.0725,0.0,0.5116041629430778,1.0,1,3.4969444444444444,-1.0,1.0
T0005003,C00111,2026-01-03 04:05:37,438.38,CARD,FAILED,BANK_DECLINE,4,4.0,0.0,1.0,1.4005555555555556,1,NONE,4.0,4.0,0.0,1260.7325,0.0,0.347718489052991,1.0,1,1.4005555555555556,-1.0,1.0
T0029028,C00634,2026-01-03 04:14:27,1709.78,CARD,FAILED,BANK_DECLINE,3,3.0,0.0,1.0,15.004722222222222,1,NONE,3.0,3.0,0.0,1879.506666666667,0.0,0.9096961614040563,1.0,1,15.004722222222222,-1.0,1.0
T0024667,C00543,2026-01-03 04:16:26,4094.99,CARD,FAILED,INSUFFICIENT_FUNDS,3,3.0,0.0,1.0,25.799722222222222,1,NONE,3.0,3.0,0.0,3833.226666666667,0.0,1.0682879871439899,1.0,1,25.799722222222222,-1.0,1.0
T0006851,C00150,2026-01-03 04:31:57,2183.08,CARD,FAILED,PAYMENT_TIMEOUT,3,3.0,0.0,1.0,8.011666666666667,1,NONE,3.0,3.0,0.0,1540.21,0.0,1.4173911349751007,1.0,1,8.011666666666667,-1.0,1.0
T0003137,C00072,2026-01-03 04:50:30,4168.67,UPI,FAILED,NETWORK_ERROR,5,4.0,1.0,0.8,4.9816666666666665,1,NONE,5.0,4.0,1.0,727.412,0.2,5.730823797242828,1.0,1,4.9816666666666665,35.88361111111111,1.0
T0024219,C00533,2026-01-03 04:54:17,1860.65,UPI,FAILED,INSUFFICIENT_FUNDS,1,1.0,0.0,1.0,41.80972222222222,1,NONE,1.0,1.0,0.0,803.07,0.0,2.316921314455776,1.0,1,41.80972222222222,-1.0,1.0
T0001653,C00038,2026-01-03 05:25:14,2132.02,CARD,FAILED,INSUFFICIENT_FUNDS,5,5.0,0.0,1.0,6.438611111111111,1,NONE,5.0,5.0,0.0,2852.1639999999998,0.0,0.7475096102468162,1.0,1,6.438611111111111,-1.0,1.0
T0016817,C00369,2026-01-03 05:44:32,2639.68,UPI,FAILED,NETWORK_ERROR,0,63.0,3.0,0.9545454545454546,-1.0,-1,NONE,0.0,0.0,0.0,0.0,0.0,1.0,0.0,1,-1.0,-1.0,1.0
T0001485,C00034,2026-01-03 05:58:50,4606.37,NETBANKING,FAILED,BANK_DECLINE,3,3.0,0.0,1.0,3.8533333333333335,1,NONE,3.0,3.0,0.0,1833.7333333333333,0.0,2.5120173780266124,1.0,1,3.8533333333333335,-1.0,1.0
T0015495,C00342,2026-01-03 06:06:59,3658.94,UPI,FAILED,NETWORK_ERROR,5,5.0,0.0,1.0,1.9619444444444445,1,NONE,5.0,5.0,0.0,1835.3220000000001,0.0,1.9936229173954216,1.0,1,1.9619444444444445,-1.0,1.0
T0016747,C00367,2026-01-03 06:09:02,2197.63,UPI,FAILED,BANK_DECLINE,2,2.0,0.0,1.0,18.842777777777776,1,NONE,2.0,2.0,0.0,1324.85,0.0,1.6587764652602184,1.0,1,18.842777777777776,-1.0,1.0
T0044525,C00971,2026-01-03 06:10:53,416.0,CARD,FAILED,INSUFFICIENT_FUNDS,6,6.0,0.0,1.0,16.70638888888889,1,NONE,6.0,6.0,0.0,816.3966666666666,0.0,0.5095562206280444,1.0,1,16.70638888888889,-1.0,1.0
T0044447,C00969,2026-01-03 06:20:23,2152.95,UPI,FAILED,BANK_DECLINE,1,1.0,0.0,1.0,49.25,1,NONE,1.0,1.0,0.0,629.27,0.0,3.4213453684427986,1.0,1,49.25,-1.0,1.0
T0038378,C00835,2026-01-03 06:34:50,2928.82,CARD,FAILED,NETWORK_ERROR,3,3.0,0.0,1.0,4.627222222222223,1,NONE,3.0,3.0,0.0,1631.3933333333334,0.0,1.7952874638856764,1.0,1,4.627222222222223,-1.0,1.0
T0028893,C00631,2026-01-03 07:44:19,415.78,UPI,FAILED,INSUFFICIENT_FUNDS,5,5.0,0.0,1.0,4.782777777777778,1,NONE,5.0,5.0,0.0,3027.9700000000003,0.0,0.13731311736906243,1.0,1,4.782777777777778,-1.0,1.0
T0002314,C00054,2026-01-03 07:50:11,711.31,NETBANKING,FAILED,BANK_DECLINE,5,5.0,0.0,1.0,11.704444444444444,1,NONE,5.0,5.0,0.0,1715.354,0.0,0.41467242330154586,1.0,1,11.704444444444444,-1.0,1.0
T0006337,C00138,2026-01-03 08:05:58,2806.38,UPI,FAILED,PAYMENT_TIMEOUT,7,7.0,0.0,1.0,13.476111111111111,1,NONE,7.0,7.0,0.0,2032.282857142857,0.0,1.3809002964997843,1.0,1,13.476111111111111,-1.0,1.0
T0019354,C00426,2026-01-03 08:10:10,2873.53,CARD,FAILED,NETWORK_ERROR,3,3.0,0.0,1.0,1.5766666666666667,1,NONE,3.0,3.0,0.0,1551.36,0.0,1.8522651093234326,1.0,1,1.5766666666666667,-1.0,1.0
T0027123,C00594,2026-01-03 08:14:31,622.48,UPI,FAILED,BANK_DECLINE,3,3.0,0.0,1.0,5.4775,1,NONE,3.0,3.0,0.0,1629.1466666666668,0.0,0.3820896010999623,1.0,1,5.4775,-1.0,1.0
T0025404,C00558,2026-01-03 08:34:53,1056.45,CARD,FAILED,INSUFFICIENT_FUNDS,4,4.0,0.0,1.0,19.62388888888889,1,NONE,4.0,4.0,0.0,1655.915,0.0,0.6379856453984656,1.0,1,19.62388888888889,-1.0,1.0
T0025031,C00550,2026-01-03 08:38:05,7467.23,CARD,FAILED,BANK_DECLINE,5,5.0,0.0,1.0,39.72666666666667,1,NONE,5.0,5.0,0.0,3438.172,0.0,2.1718605119231964,1.0,1,39.72666666666667,-1.0,1.0
T0037536,C00816,2026-01-03 09:08:26,3043.13,UPI,FAILED,PAYMENT_TIMEOUT,3,2.0,1.0,0.6666666666666666,9.60361111111111,0,INSUFFICIENT_FUNDS,3.0,2.0,1.0,3677.61,0.3333333333333333,0.8274749089762101,1.0,2,27.129722222222224,9.60361111111111,1.0
T0027139,C00594,2026-01-03 09:54:29,3160.42,UPI,FAILED,INSUFFICIENT_FUNDS,4,3.0,1.0,0.75,1.666111111111111,0,BANK_DECLINE,4.0,3.0,1.0,1377.48,0.25,2.2943491012573687,1.0,2,7.143611111111111,1.666111111111111,1.0
T0033356,C00725,2026-01-03 09:56:09,862.54,NETBANKING,FAILED,LIMIT_EXCEEDED,4,4.0,0.0,1.0,0.030555555555555555,1,NONE,4.0,4.0,0.0,2693.5725,0.0,0.32022156448359934,1.0,1,0.030555555555555555,-1.0,1.0
T0036805,C00800,2026-01-03 09:58:43,1399.6,UPI,FAILED,PAYMENT_TIMEOUT,4,4.0,0.0,1.0,14.728333333333333,1,NONE,4.0,4.0,0.0,1333.4424999999999,0.0,1.0496140628486044,1.0,1,14.728333333333333,-1.0,1.0
T0022061,C00485,2026-01-03 10:20:45,1842.33,UPI,FAILED,PAYMENT_TIMEOUT,2,1.0,1.0,0.5,4.155,1,NONE,2.0,1.0,1.0,890.925,0.5,2.067884502062463,1.0,1,4.155,39.44916666666666,1.0
T0030206,C00658,2026-01-03 10:47:12,1534.97,UPI,FAILED,NETWORK_ERROR,1,1.0,0.0,1.0,46.91833333333334,1,NONE,1.0,1.0,0.0,2496.41,0.0,0.6148709546909362,1.0,1,46.91833333333334,-1.0,1.0
T0029456,C00641,2026-01-03 11:22:33,3987.46,CARD,FAILED,BANK_DECLINE,7,7.0,0.0,1.0,2.919722222222222,1,NONE,7.0,7.0,0.0,2446.6114285714284,0.0,1.6297888391407827,1.0,1,2.919722222222222,-1.0,1.0
T0014657,C00323,2026-01-03 11:39:03,1584.61,CARD,FAILED,INSUFFICIENT_FUNDS,5,5.0,0.0,1.0,3.0225,1,NONE,5.0,5.0,0.0,1331.6100000000001,0.0,1.1899955692732855,1.0,1,3.0225,-1.0,1.0
T0003931,C00087,2026-01-03 11:39:28,2533.15,WALLET,FAILED,BANK_DECLINE,9,9.0,0.0,1.0,6.301111111111111,1,NONE,9.0,9.0,0.0,5107.774444444444,0.0,0.4959400669611053,1.0,1,6.301111111111111,-1.0,1.0
T0010143,C00221,2026-01-03 11:48:04,933.55,UPI,FAILED,NETWORK_ERROR,6,4.0,2.0,0.6666666666666666,20.50638888888889,1,NONE,6.0,4.0,2.0,1334.29,0.3333333333333333,0.6996604935958449,1.0,1,20.50638888888889,39.36527777777778,1.0
T0020991,C00463,2026-01-03 11:54:20,1115.13,CARD,FAILED,BANK_DECLINE,4,4.0,0.0,1.0,8.198333333333334,1,NONE,4.0,4.0,0.0,1457.4975000000002,0.0,0.7650990825027144,1.0,1,8.198333333333334,-1.0,1.0
T0022581,C00497,2026-01-03 11:55:29,642.01,NETBANKING,FAILED,BANK_DECLINE,5,5.0,0.0,1.0,7.541666666666667,1,NONE,5.0,5.0,0.0,2739.124,0.0,0.23438515379369465,1.0,1,7.541666666666667,-1.0,1.0
T0000081,C00002,2026-01-03 12:06:02,192.53,NETBANKING,FAILED,BANK_DECLINE,3,3.0,0.0,1.0,16.611944444444443,1,NONE,3.0,3.0,0.0,3135.5166666666664,0.0,0.06140295857673643,1.0,1,16.611944444444443,-1.0,1.0
T0001704,C00039,2026-01-03 12:11:02,2056.24,UPI,FAILED,BANK_DECLINE,1,1.0,0.0,1.0,21.889722222222222,1,NONE,1.0,1.0,0.0,1883.93,0.0,1.0914630586062113,1.0,1,21.889722222222222,-1.0,1.0
T0018329,C00403,2026-01-03 12:11:51,1563.48,UPI,FAILED,NETWORK_ERROR,2,2.0,0.0,1.0,2.2041666666666666,1,NONE,2.0,2.0,0.0,2249.56,0.0,0.695015914223226,1.0,1,2.2041666666666666,-1.0,1.0
T0017889,C00393,2026-01-03 12:16:52,1445.13,UPI,FAILED,NETWORK_ERROR,1,1.0,0.0,1.0,22.845555555555556,1,NONE,1.0,1.0,0.0,935.3,0.0,1.545097829573399,1.0,1,22.845555555555556,-1.0,1.0
T0003095,C00072,2026-01-03 12:27:06,6005.89,UPI,FAILED,BANK_DECLINE,6,4.0,2.0,0.6666666666666666,7.61,0,NETWORK_ERROR,6.0,4.0,2.0,1300.955,0.3333333333333333,4.616524015050483,1.0,2,12.591666666666667,7.61,1.0
T0002965,C00070,2026-01-03 12:40:34,4775.68,UPI,FAILED,BANK_DECLINE,13,13.0,0.0,1.0,1.2894444444444444,1,NONE,13.0,13.0,0.0,2922.5746153846153,0.0,1.6340660645105594,1.0,1,1.2894444444444444,-1.0,1.0
T0034666,C00753,2026-01-03 12:44:35,2905.53,CARD,FAILED,BANK_DECLINE,5,5.0,0.0,1.0,9.885,1,NONE,5.0,5.0,0.0,1699.9360000000001,0.0,1.7091996404570524,1.0,1,9.885,-1.0,1.0
T0041259,C00899,2026-01-03 12:46:16,2486.33,UPI,FAILED,INSUFFICIENT_FUNDS,2,2.0,0.0,1.0,5.394722222222223,1,NONE,2.0,2.0,0.0,1779.575,0.0,1.3971481954961156,1.0,1,5.394722222222223,-1.0,1.0
T0016884,C00370,2026-01-03 12:53:49,1482.92,UPI,FAILED,BANK_DECLINE,9,9.0,0.0,1.0,3.2708333333333335,1,NONE,9.0,9.0,0.0,4148.964444444445,0.0,0.3574193078433494,1.0,1,3.2708333333333335,-1.0,1.0
T0026911,C00590,2026-01-03 13:14:06,1481.23,UPI,FAILED,PAYMENT_TIMEOUT,1,1.0,0.0,1.0,13.968333333333334,1,NONE,1.0,1.0,0.0,1127.62,0.0,1.313589684468172,1.0,1,13.968333333333334,-1.0,1.0
T0040446,C00882,2026-01-03 14:58:19,2938.13,UPI,FAILED,INSUFFICIENT_FUNDS,3,3.0,0.0,1.0,5.823611111111111,1,NONE,3.0,3.0,0.0,601.6866666666666,0.0,4.883156238573788,1.0,1,5.823611111111111,-1.0,1.0
T0038291,C00833,2026-01-03 15:13:02,850.68,UPI,FAILED,BANK_DECLINE,5,4.0,1.0,0.8,3.192222222222222,1,NONE,5.0,4.0,1.0,2815.334,0.2,0.3021595306276271,1.0,1,3.192222222222222,59.71722222222222,1.0
T0036774,C00799,2026-01-03 15:23:32,2925.68,CARD,FAILED,BANK_DECLINE,4,4.0,0.0,1.0,12.037222222222223,1,NONE,4.0,4.0,0.0,1886.0,0.0,1.5512619300106043,1.0,1,12.037222222222223,-1.0,1.0
T0040984,C00893,2026-01-03 15:38:50,1397.31,UPI,FAILED,INSUFFICIENT_FUNDS,5,5.0,0.0,1.0,16.904722222222222,1,NONE,5.0,5.0,0.0,4195.280000000001,0.0,0.33306716119067137,1.0,1,16.904722222222222,-1.0,1.0
T0020202,C00445,2026-01-03 15:39:33,2268.19,NETBANKING,FAILED,INSUFFICIENT_FUNDS,3,3.0,0.0,1.0,5.5175,1,NONE,3.0,3.0,0.0,1197.4433333333334,0.0,1.8941940189236512,1.0,1,5.5175,-1.0,1.0
T0016021,C00351,2026-01-03 15:40:14,2132.52,CARD,FAILED,PAYMENT_TIMEOUT,4,4.0,0.0,1.0,2.3869444444444445,1,NONE,4.0,4.0,0.0,964.35,0.0,2.2113547985689843,1.0,1,2.3869444444444445,-1.0,1.0
T0002182,C00050,2026-01-03 15:41:55,1984.52,UPI,FAILED,NETWORK_ERROR,0,28.0,2.0,0.9333333333333333,-1.0,-1,NONE,0.0,0.0,0.0,0.0,0.0,1.0,0.0,1,-1.0,-1.0,1.0
T0027915,C00612,2026-01-03 16:18:12,640.29,CARD,FAILED,INSUFFICIENT_FUNDS,6,5.0,1.0,0.8333333333333334,19.205277777777777,1,NONE,6.0,5.0,1.0,1300.0083333333334,0.16666666666666666,0.49252761200248707,1.0,1,19.205277777777777,38.71055555555556,1.0
T0024454,C00538,2026-01-03 16:22:51,1283.41,UPI,FAILED,INSUFFICIENT_FUNDS,1,1.0,0.0,1.0,27.788611111111113,1,NONE,1.0,1.0,0.0,2212.91,0.0,0.5799648426732222,1.0,1,27.788611111111113,-1.0,1.0
T0006994,C00153,2026-01-03 16:25:05,618.47,UPI,FAILED,PAYMENT_TIMEOUT,8,7.0,1.0,0.875,5.335833333333333,1,NONE,8.0,7.0,1.0,1646.4,0.125,0.37564990281827015,1.0,1,5.335833333333333,50.46944444444444,1.0
T0020587,C00452,2026-01-03 16:35:18,1589.25,WALLET,FAILED,NETWORK_ERROR,6,6.0,0.0,1.0,15.538333333333334,1,NONE,6.0,6.0,0.0,1988.95,0.0,0.7990396943110686,1.0,1,15.538333333333334,-1.0,1.0
T0034513,C00749,2026-01-03 16:53:51,1274.91,CARD,FAILED,INSUFFICIENT_FUNDS,4,3.0,1.0,0.75,18.435555555555556,1,NONE,4.0,3.0,1.0,1513.975,0.25,0.8420944863686654,1.0,1,18.435555555555556,36.41222222222222,1.0
T0016648,C00365,2026-01-03 16:58:30,640.92,UPI,FAILED,PAYMENT_TIMEOUT,2,2.0,0.0,1.0,3.631666666666667,1,NONE,2.0,2.0,0.0,1216.35,0.0,0.5269207053890739,1.0,1,3.631666666666667,-1.0,1.0
T0037832,C00823,2026-01-03 17:19:24,3137.03,CARD,FAILED,LIMIT_EXCEEDED,5,5.0,0.0,1.0,0.7077777777777777,1,NONE,5.0,5.0,0.0,1264.674,0.0,2.480504857378265,1.0,1,0.7077777777777777,-1.0,1.0
T0006699,C00146,2026-01-03 17:55:23,695.11,CARD,FAILED,INSUFFICIENT_FUNDS,3,3.0,0.0,1.0,30.276944444444446,1,NONE,3.0,3.0,0.0,1293.8933333333334,0.0,0.5372235732981595,1.0,1,30.276944444444446,-1.0,1.0
T0010457,C00227,2026-01-03 18:05:04,2140.7,NETBANKING,FAILED,PAYMENT_TIMEOUT,8,6.0,2.0,0.75,16.548333333333332,0,BANK_DECLINE,8.0,6.0,2.0,2031.28625,0.25,1.0538642694991904,1.0,2,18.8275,16.548333333333332,1.0
T0021242,C00468,2026-01-03 18:14:14,6222.64,NETBANKING,FAILED,PAYMENT_TIMEOUT,3,3.0,0.0,1.0,23.160833333333333,1,NONE,3.0,3.0,0.0,1747.8966666666668,0.0,3.5600731545915187,1.0,1,23.160833333333333,-1.0,1.0
T0041858,C00912,2026-01-03 18:31:09,2513.94,UPI,FAILED,INSUFFICIENT_FUNDS,2,2.0,0.0,1.0,56.75527777777778,1,NONE,2.0,2.0,0.0,1282.325,0.0,1.9604546429337337,1.0,1,56.75527777777778,-1.0,1.0
T0010736,C00233,2026-01-03 18:33:17,3358.67,CARD,FAILED,NETWORK_ERROR,2,2.0,0.0,1.0,3.1355555555555554,1,NONE,2.0,2.0,0.0,1347.075,0.0,2.4933058664142678,1.0,1,3.1355555555555554,-1.0,1.0
T0000671,C00015,2026-01-03 18:46:57,1107.12,CARD,FAILED,BANK_DECLINE,5,5.0,0.0,1.0,6.393888888888889,1,NONE,5.0,5.0,0.0,1607.742,0.0,0.6886179498949457,1.0,1,6.393888888888889,-1.0,1.0
T0028011,C00613,2026-01-03 18:56:59,404.14,UPI,FAILED,INSUFFICIENT_FUNDS,2,2.0,0.0,1.0,28.108055555555556,1,NONE,2.0,2.0,0.0,1432.885,0.0,0.28204636101292146,1.0,1,28.108055555555556,-1.0,1.0
T0043007,C00939,2026-01-03 19:28:36,4659.08,UPI,FAILED,INSUFFICIENT_FUNDS,2,2.0,0.0,1.0,34.12555555555556,1,NONE,2.0,2.0,0.0,3010.875,0.0,1.5474172790301823,1.0,1,34.12555555555556,-1.0,1.0
T0015249,C00336,2026-01-03 19:48:21,3119.52,CARD,FAILED,PAYMENT_TIMEOUT,4,4.0,0.0,1.0,23.661944444444444,1,NONE,4.0,4.0,0.0,3047.0225,0.0,1.0237928994616876,1.0,1,23.661944444444444,-1.0,1.0
T0041776,C00911,2026-01-03 19:54:09,749.21,UPI,FAILED,BANK_DECLINE,6,6.0,0.0,1.0,0.19583333333333333,1,NONE,6.0,6.0,0.0,1848.4816666666666,0.0,0.40531102553537185,1.0,1,0.19583333333333333,-1.0,1.0
T0013402,C00294,2026-01-03 20:03:21,2261.08,CARD,FAILED,INSUFFICIENT_FUNDS,5,5.0,0.0,1.0,7.5680555555555555,1,NONE,5.0,5.0,0.0,2320.9260000000004,0.0,0.9742146022751262,1.0,1,7.5680555555555555,-1.0,1.0
T0027349,C00599,2026-01-03 20:15:57,1386.25,WALLET,FAILED,PAYMENT_TIMEOUT,3,2.0,1.0,0.6666666666666666,3.973888888888889,1,NONE,3.0,2.0,1.0,1101.7666666666667,0.3333333333333333,1.2582065168063414,1.0,1,3.973888888888889,66.95722222222223,1.0
T0001565,C00035,2026-01-03 20:20:39,838.71,UPI,FAILED,PAYMENT_TIMEOUT,7,7.0,0.0,1.0,2.1019444444444444,1,NONE,7.0,7.0,0.0,2166.2228571428573,0.0,0.38717623038389404,1.0,1,2.1019444444444444,-1.0,1.0
T0003655,C00082,2026-01-03 20:28:18,1007.99,UPI,FAILED,NETWORK_ERROR,7,5.0,2.0,0.7142857142857143,7.3875,1,NONE,7.0,5.0,2.0,1257.207142857143,0.2857142857142857,0.8017692277099465,1.0,1,7.3875,25.423333333333332,1.0
T0033506,C00728,2026-01-03 20:37:55,1720.27,UPI,FAILED,NETWORK_ERROR,6,5.0,1.0,0.8333333333333334,0.13194444444444445,1,NONE,6.0,5.0,1.0,2688.9366666666665,0.16666666666666666,0.6397584671016177,1.0,1,0.13194444444444445,39.35194444444444,1.0
T0042747,C00935,2026-01-03 20:42:22,2624.92,UPI,FAILED,INSUFFICIENT_FUNDS,10,9.0,1.0,0.9,0.7547222222222222,1,NONE,10.0,9.0,1.0,1274.306,0.1,2.059882006362679,1.0,1,0.7547222222222222,37.82805555555556,1.0
T0035283,C00768,2026-01-03 20:51:57,3167.82,UPI,FAILED,BANK_DECLINE,4,3.0,1.0,0.75,11.850277777777778,1,NONE,4.0,3.0,1.0,1082.675,0.25,2.92591959729374,1.0,1,11.850277777777778,51.24138888888889,1.0
T0042588,C00931,2026-01-03 20:51:57,1047.91,CARD,FAILED,INSUFFICIENT_FUNDS,1,0.0,1.0,0.0,41.65638888888889,0,INSUFFICIENT_FUNDS,1.0,0.0,1.0,6715.02,1.0,0.15605463572707154,1.0,2,-1.0,41.65638888888889,1.0
T0045712,C00997,2026-01-03 21:02:40,977.5,UPI,FAILED,BANK_DECLINE,0,23.0,0.0,1.0,-1.0,-1,NONE,0.0,0.0,0.0,0.0,0.0,1.0,0.0,1,-1.0,-1.0,1.0
T0009620,C00210,2026-01-03 21:03:33,573.85,CARD,FAILED,LIMIT_EXCEEDED,10,9.0,1.0,0.9,0.30666666666666664,1,NONE,10.0,9.0,1.0,2616.7619999999997,0.1,0.21929774278287445,1.0,1,0.30666666666666664,19.43861111111111,1.0
T0039039,C00849,2026-01-03 21:19:15,832.56,NETBANKING,FAILED,NETWORK_ERROR,3,3.0,0.0,1.0,34.995555555555555,1,NONE,3.0,3.0,0.0,1441.756666666667,0.0,0.5774622162315878,1.0,1,34.995555555555555,-1.0,1.0
T0002045,C00046,2026-01-03 21:39:45,630.6,UPI,FAILED,INSUFFICIENT_FUNDS,4,4.0,0.0,1.0,16.425555555555555,1,NONE,4.0,4.0,0.0,604.8349999999999,0.0,1.0425983946034871,1.0,1,16.425555555555555,-1.0,1.0
T0004077,C00089,2026-01-03 21:57:34,5324.58,UPI,FAILED,PAYMENT_TIMEOUT,11,7.0,4.0,0.6363636363636364,17.8675,1,NONE,11.0,7.0,4.0,2153.7154545454546,0.36363636363636365,2.472276450801511,1.0,1,17.8675,39.87916666666667,1.0
T0041074,C00894,2026-01-03 22:01:16,1411.17,CARD,FAILED,INSUFFICIENT_FUNDS,12,11.0,1.0,0.9166666666666666,0.6844444444444444,1,NONE,12.0,11.0,1.0,2196.2516666666666,0.08333333333333333,0.6425356535491152,1.0,1,0.6844444444444444,24.73,1.0
T0040635,C00886,2026-01-03 22:20:23,194.97,UPI,FAILED,INSUFFICIENT_FUNDS,3,3.0,0.0,1.0,24.004444444444445,1,NONE,3.0,3.0,0.0,2124.7766666666666,0.0,0.09176023205576116,1.0,1,24.004444444444445,-1.0,1.0
T0013746,C00301,2026-01-03 22:35:45,3774.37,UPI,FAILED,INSUFFICIENT_FUNDS,5,5.0,0.0,1.0,15.716944444444444,1,NONE,5.0,5.0,0.0,1687.426,0.0,2.2367617898503402,1.0,1,15.716944444444444,-1.0,1.0
T0000752,C00017,2026-01-03 23:10:43,795.5,WALLET,FAILED,INSUFFICIENT_FUNDS,6,5.0,1.0,0.8333333333333334,9.4625,1,NONE,6.0,5.0,1.0,3324.74,0.16666666666666666,0.23926682988744985,1.0,1,9.4625,70.27,1.0
T0024029,C00528,2026-01-03 23:14:01,1022.9,CARD,FAILED,LIMIT_EXCEEDED,5,5.0,0.0,1.0,11.14,1,NONE,5.0,5.0,0.0,1464.85,0.0,0.6982967539338499,1.0,1,11.14,-1.0,1.0
T0027865,C00611,2026-01-03 23:22:53,4396.1,UPI,FAILED,NETWORK_ERROR,4,4.0,0.0,1.0,21.875555555555554,1,NONE,4.0,4.0,0.0,1586.405,0.0,2.7711082605009443,1.0,1,21.875555555555554,-1.0,1.0
T0012549,C00275,2026-01-03 23:43:37,1303.25,UPI,FAILED,PAYMENT_TIMEOUT,8,8.0,0.0,1.0,0.5955555555555555,1,NONE,8.0,8.0,0.0,2191.56875,0.0,0.5946653510185341,1.0,1,0.5955555555555555,-1.0,1.0
T0017637,C00387,2026-01-04 00:18:06,1146.36,CARD,FAILED,INSUFFICIENT_FUNDS,3,3.0,0.0,1.0,17.735277777777778,1,NONE,3.0,3.0,0.0,5478.953333333334,0.0,0.2092297433938112,1.0,1,17.735277777777778,-1.0,1.0
T0007227,C00158,2026-01-04 00:19:15,1324.43,CARD,FAILED,INSUFFICIENT_FUNDS,5,4.0,1.0,0.8,15.086388888888889,1,NONE,5.0,4.0,1.0,4588.384,0.2,0.28864846534204636,1.0,1,15.086388888888889,33.702777777777776,1.0
T0011795,C00258,2026-01-04 00:44:52,1295.59,UPI,FAILED,PAYMENT_TIMEOUT,1,1.0,0.0,1.0,50.45472222222222,1,NONE,1.0,1.0,0.0,3181.74,0.0,0.40719543394494834,1.0,1,50.45472222222222,-1.0,1.0
T0003073,C00071,2026-01-04 00:56:02,4813.49,UPI,FAILED,NETWORK_ERROR,3,3.0,0.0,1.0,28.504722222222224,1,NONE,3.0,3.0,0.0,1307.7333333333333,0.0,3.680788641924959,1.0,1,28.504722222222224,-1.0,1.0
T0024805,C00546,2026-01-04 01:27:11,540.36,CARD,FAILED,INSUFFICIENT_FUNDS,3,3.0,0.0,1.0,33.216388888888886,1,NONE,3.0,3.0,0.0,2047.6066666666668,0.0,0.263898339850427,1.0,1,33.216388888888886,-1.0,1.0
T0022826,C00502,2026-01-04 01:33:07,697.12,NETBANKING,FAILED,BANK_DECLINE,3,2.0,1.0,0.6666666666666666,14.679166666666667,1,NONE,3.0,2.0,1.0,1159.3500000000001,0.3333333333333333,0.6013024539612714,1.0,1,14.679166666666667,40.415277777777774,1.0
T0018995,C00418,2026-01-04 01:35:01,2757.74,NETBANKING,FAILED,BANK_DECLINE,5,5.0,0.0,1.0,9.239166666666666,1,NONE,5.0,5.0,0.0,3058.728,0.0,0.9015970037218084,1.0,1,9.239166666666666,-1.0,1.0
T0008028,C00174,2026-01-04 02:04:14,2138.02,UPI,FAILED,PAYMENT_TIMEOUT,4,3.0,1.0,0.75,19.775,1,NONE,4.0,3.0,1.0,1237.9975,0.25,1.726998640950406,1.0,1,19.775,36.32194444444445,1.0
T0010085,C00220,2026-01-04 02:27:59,2362.0,WALLET,FAILED,PAYMENT_TIMEOUT,5,5.0,0.0,1.0,19.368333333333332,1,NONE,5.0,5.0,0.0,4126.428,0.0,0.572407903397321,1.0,1,19.368333333333332,-1.0,1.0
T0006446,C00140,2026-01-04 02:31:59,665.44,CARD,FAILED,BANK_DECLINE,7,7.0,0.0,1.0,34.034166666666664,1,NONE,7.0,7.0,0.0,2111.617142857143,0.0,0.31513288393729383,1.0,1,34.034166666666664,-1.0,1.0
T0029240,C00638,2026-01-04 03:11:30,2097.6,UPI,FAILED,NETWORK_ERROR,5,5.0,0.0,1.0,1.8727777777777779,1,NONE,5.0,5.0,0.0,1585.646,0.0,1.3228677775493396,1.0,1,1.8727777777777779,-1.0,1.0
T0016205,C00354,2026-01-04 03:12:16,6456.51,UPI,FAILED,INSUFFICIENT_FUNDS,7,7.0,0.0,1.0,32.97611111111111,1,NONE,7.0,7.0,0.0,2887.075714285714,0.0,2.2363493856611214,1.0,1,32.97611111111111,-1.0,1.0
T0029295,C00639,2026-01-04 03:31:50,2328.64,UPI,FAILED,BANK_DECLINE,5,5.0,0.0,1.0,1.6127777777777779,1,NONE,5.0,5.0,0.0,2840.38,0.0,0.819833965877805,1.0,1,1.6127777777777779,-1.0,1.0
T0023298,C00512,2026-01-04 03:48:11,1053.26,CARD,FAILED,PAYMENT_TIMEOUT,6,6.0,0.0,1.0,5.9875,1,NONE,6.0,6.0,0.0,2668.891666666667,0.0,0.39464321956367654,1.0,1,5.9875,-1.0,1.0
T0000004,C00001,2026-01-04 03:49:02,3936.54,WALLET,FAILED,NETWORK_ERROR,3,3.0,0.0,1.0,3.9944444444444445,1,NONE,3.0,3.0,0.0,3388.7533333333336,0.0,1.1616484331504406,1.0,1,3.9944444444444445,-1.0,1.0
T0005407,C00119,2026-01-04 04:03:01,6782.55,UPI,FAILED,BANK_DECLINE,7,7.0,0.0,1.0,7.148055555555556,1,NONE,7.0,7.0,0.0,2421.7371428571428,0.0,2.8006961944672537,1.0,1,7.148055555555556,-1.0,1.0
T0009322,C00203,2026-01-04 04:50:20,820.34,UPI,FAILED,INSUFFICIENT_FUNDS,4,4.0,0.0,1.0,10.644444444444444,1,NONE,4.0,4.0,0.0,3515.3774999999996,0.0,0.23335758392946424,1.0,1,10.644444444444444,-1.0,1.0
T0008930,C00193,2026-01-04 05:30:51,984.22,UPI,FAILED,PAYMENT_TIMEOUT,5,3.0,2.0,0.6,17.350555555555555,1,NONE,5.0,3.0,2.0,902.314,0.4,1.0907732784817703,1.0,1,17.350555555555555,53.31055555555555,1.0
T0044651,C00974,2026-01-04 05:37:55,2344.46,UPI,FAILED,INSUFFICIENT_FUNDS,3,3.0,0.0,1.0,4.386388888888889,1,NONE,3.0,3.0,0.0,818.9466666666667,0.0,2.8627749466794743,1.0,1,4.386388888888889,-1.0,1.0
T0030704,C00669,2026-01-04 06:02:47,462.25,CARD,FAILED,LIMIT_EXCEEDED,5,5.0,0.0,1.0,1.3944444444444444,1,NONE,5.0,5.0,0.0,1447.6699999999998,0.0,0.31930619547272515,1.0,1,1.3944444444444444,-1.0,1.0
T0015105,C00334,2026-01-04 06:03:43,386.72,NETBANKING,FAILED,BANK_DECLINE,7,6.0,1.0,0.8571428571428571,1.8119444444444444,1,NONE,7.0,6.0,1.0,2189.29,0.14285714285714285,0.1766417423000151,1.0,1,1.8119444444444444,61.70027777777778,1.0
T0040283,C00877,2026-01-04 06:11:25,1412.16,UPI,FAILED,NETWORK_ERROR,2,2.0,0.0,1.0,48.99611111111111,1,NONE,2.0,2.0,0.0,1009.56,0.0,1.3987875906335434,1.0,1,48.99611111111111,-1.0,1.0
T0040633,C00886,2026-01-04 06:12:46,228.97,UPI,FAILED,INSUFFICIENT_FUNDS,4,3.0,1.0,0.75,7.873055555555555,0,INSUFFICIENT_FUNDS,4.0,3.0,1.0,1642.325,0.25,0.13941820285266315,1.0,2,31.8775,7.873055555555555,1.0
T0017254,C00378,2026-01-04 07:43:31,3815.13,UPI,FAILED,PAYMENT_TIMEOUT,5,5.0,0.0,1.0,0.8155555555555556,1,NONE,5.0,5.0,0.0,1121.2379999999998,0.0,3.4026049777121368,1.0,1,0.8155555555555556,-1.0,1.0
T0002180,C00050,2026-01-04 07:52:08,1082.2,UPI,FAILED,BANK_DECLINE,1,0.0,1.0,0.0,16.170277777777777,0,NETWORK_ERROR,1.0,0.0,1.0,1984.52,1.0,0.5453207828593313,1.0,2,-1.0,16.170277777777777,1.0
T0007500,C00163,2026-01-04 08:03:35,1453.5,UPI,FAILED,NETWORK_ERROR,7,7.0,0.0,1.0,12.828611111111112,1,NONE,7.0,7.0,0.0,1118.95,0.0,1.2989856561955404,1.0,1,12.828611111111112,-1.0,1.0
T0017027,C00374,2026-01-04 08:51:33,1146.9,UPI,FAILED,INSUFFICIENT_FUNDS,5,5.0,0.0,1.0,4.529444444444445,1,NONE,5.0,5.0,0.0,2039.6059999999998,0.0,0.5623144862292032,1.0,1,4.529444444444445,-1.0,1.0
T0042305,C00925,2026-01-04 09:12:31,6827.92,UPI,FAILED,NETWORK_ERROR,5,5.0,0.0,1.0,31.97,1,NONE,5.0,5.0,0.0,1896.1060000000002,0.0,3.6010223057149755,1.0,1,31.97,-1.0,1.0
T0003904,C00087,2026-01-04 09:27:08,8157.45,WALLET,FAILED,PAYMENT_TIMEOUT,10,9.0,1.0,0.9,21.794444444444444,0,BANK_DECLINE,10.0,9.0,1.0,4850.312,0.1,1.681840260997643,1.0,2,28.095555555555556,21.794444444444444,1.0
T0020901,C00460,2026-01-04 09:28:04,1003.41,UPI,FAILED,INSUFFICIENT_FUNDS,2,2.0,0.0,1.0,31.20916666666667,1,NONE,2.0,2.0,0.0,742.3,0.0,1.3517580493062105,1.0,1,31.20916666666667,-1.0,1.0
T0005976,C00131,2026-01-04 10:06:00,601.8,UPI,FAILED,NETWORK_ERROR,9,9.0,0.0,1.0,2.111111111111111,1,NONE,9.0,9.0,0.0,2038.9944444444445,0.0,0.29514548293140136,1.0,1,2.111111111111111,-1.0,1.0
T0045785,C00999,2026-01-04 10:28:12,288.11,UPI,FAILED,PAYMENT_TIMEOUT,6,5.0,1.0,0.8333333333333334,4.313055555555556,1,NONE,6.0,5.0,1.0,2043.625,0.16666666666666666,0.1409798764450425,1.0,1,4.313055555555556,38.620555555555555,1.0
T0017990,C00395,2026-01-04 10:46:55,2350.94,UPI,FAILED,BANK_DECLINE,5,5.0,0.0,1.0,15.042222222222222,1,NONE,5.0,5.0,0.0,3337.334,0.0,0.7044365352703685,1.0,1,15.042222222222222,-1.0,1.0
T0015710,C00346,2026-01-04 10:51:34,115.69,UPI,FAILED,INSUFFICIENT_FUNDS,15,14.0,1.0,0.9333333333333333,8.321111111111112,1,NONE,15.0,14.0,1.0,1782.2353333333333,0.06666666666666667,0.06491286410735882,1.0,1,8.321111111111112,59.50416666666667,1.0
T0034783,C00756,2026-01-04 11:00:58,1826.99,UPI,FAILED,BANK_DECLINE,6,6.0,0.0,1.0,1.3675,1,NONE,6.0,6.0,0.0,3774.315,0.0,0.48405869674364754,1.0,1,1.3675,-1.0,1.0
T0024322,C00535,2026-01-04 11:02:04,669.26,UPI,FAILED,INSUFFICIENT_FUNDS,6,6.0,0.0,1.0,1.113888888888889,1,NONE,6.0,6.0,0.0,2805.0266666666666,0.0,0.23859309715415658,1.0,1,1.113888888888889,-1.0,1.0
T0030384,C00662,2026-01-04 11:07:54,844.92,UPI,FAILED,NETWORK_ERROR,4,4.0,0.0,1.0,6.706111111111111,1,NONE,4.0,4.0,0.0,2966.3325,0.0,0.28483657850224137,1.0,1,6.706111111111111,-1.0,1.0
T0020918,C00461,2026-01-04 11:16:07,1028.39,NETBANKING,FAILED,INSUFFICIENT_FUNDS,7,7.0,0.0,1.0,6.138055555555556,1,NONE,7.0,7.0,0.0,2188.0800000000004,0.0,0.46999652663522357,1.0,1,6.138055555555556,-1.0,1.0
T0008860,C00192,2026-01-04 11:37:01,205.28,CARD,FAILED,INSUFFICIENT_FUNDS,5,5.0,0.0,1.0,15.470277777777778,1,NONE,5.0,5.0,0.0,2135.458,0.0,0.09612926126386002,1.0,1,15.470277777777778,-1.0,1.0
T0010486,C00228,2026-01-04 11:43:00,1038.94,CARD,FAILED,PAYMENT_TIMEOUT,4,4.0,0.0,1.0,14.15,1,NONE,4.0,4.0,0.0,878.115,0.0,1.183147993144406,1.0,1,14.15,-1.0,1.0
T0036337,C00790,2026-01-04 11:59:59,1637.58,CARD,FAILED,NETWORK_ERROR,3,3.0,0.0,1.0,19.559166666666666,1,NONE,3.0,3.0,0.0,701.7433333333333,0.0,2.333588254015001,1.0,1,19.559166666666666,-1.0,1.0
T0036488,C00793,2026-01-04 12:15:07,182.24,NETBANKING,FAILED,INSUFFICIENT_FUNDS,9,8.0,1.0,0.8888888888888888,0.5486111111111112,1,NONE,9.0,8.0,1.0,2723.987777777778,0.1111111111111111,0.06690191545157038,1.0,1,0.5486111111111112,37.02194444444444,1.0
T0045753,C00999,2026-01-04 12:36:03,991.43,UPI,FAILED,NETWORK_ERROR,7,5.0,2.0,0.7142857142857143,2.1308333333333334,0,PAYMENT_TIMEOUT,7.0,5.0,2.0,1792.8371428571427,0.2857142857142857,0.5529950134901903,1.0,2,6.443888888888889,2.1308333333333334,1.0
T0023469,C00516,2026-01-04 12:42:52,3509.26,UPI,FAILED,NETWORK_ERROR,8,8.0,0.0,1.0,3.3266666666666667,1,NONE,8.0,8.0,0.0,3224.8975,0.0,1.0881772211364857,1.0,1,3.3266666666666667,-1.0,1.0
T0021884,C00481,2026-01-04 12:56:46,2620.84,UPI,FAILED,BANK_DECLINE,3,3.0,0.0,1.0,16.865833333333335,1,NONE,3.0,3.0,0.0,943.3233333333333,0.0,2.778305070371771,1.0,1,16.865833333333335,-1.0,1.0
T0024999,C00550,2026-01-04 13:04:30,669.78,CARD,FAILED,INSUFFICIENT_FUNDS,8,7.0,1.0,0.875,1.9752777777777777,1,NONE,8.0,7.0,1.0,3460.2799999999997,0.125,0.1935623706752055,1.0,1,1.9752777777777777,28.440277777777776,1.0
T0028082,C00615,2026-01-04 13:17:59,454.49,UPI,FAILED,INSUFFICIENT_FUNDS,0,40.0,6.0,0.8695652173913043,-1.0,-1,NONE,0.0,0.0,0.0,0.0,0.0,1.0,0.0,1,-1.0,-1.0,1.0
T0029341,C00639,2026-01-04 13:39:36,1791.25,UPI,FAILED,PAYMENT_TIMEOUT,7,6.0,1.0,0.8571428571428571,0.785,1,NONE,7.0,6.0,1.0,2605.3028571428576,0.14285714285714285,0.6875400282500744,1.0,1,0.785,10.129444444444445,1.0
T0001097,C00024,2026-01-04 14:01:54,1432.83,WALLET,FAILED,BANK_DECLINE,4,4.0,0.0,1.0,29.35333333333333,1,NONE,4.0,4.0,0.0,732.8775,0.0,1.9550743473500003,1.0,1,29.35333333333333,-1.0,1.0
T0026059,C00573,2026-01-04 14:06:33,3723.21,UPI,FAILED,BANK_DECLINE,12,12.0,0.0,1.0,7.578055555555555,1,NONE,12.0,12.0,0.0,1977.345,0.0,1.882933934138959,1.0,1,7.578055555555555,-1.0,1.0
T0005719,C00126,2026-01-04 14:09:08,632.75,UPI,FAILED,BANK_DECLINE,2,2.0,0.0,1.0,0.7086111111111111,1,NONE,2.0,2.0,0.0,3529.555,0.0,0.17927189121574816,1.0,1,0.7086111111111111,-1.0,1.0
T0009149,C00198,2026-01-04 14:32:50,1895.97,UPI,FAILED,PAYMENT_TIMEOUT,7,7.0,0.0,1.0,0.04722222222222222,1,NONE,7.0,7.0,0.0,2202.4900000000002,0.0,0.860830242135038,1.0,1,0.04722222222222222,-1.0,1.0
T0035217,C00766,2026-01-04 14:48:56,1030.12,CARD,FAILED,NETWORK_ERROR,6,6.0,0.0,1.0,2.158888888888889,1,NONE,6.0,6.0,0.0,1808.8649999999998,0.0,0.5694841793058077,1.0,1,2.158888888888889,-1.0,1.0
T0001617,C00036,2026-01-04 14:49:00,1447.16,UPI,FAILED,BANK_DECLINE,3,3.0,0.0,1.0,8.823888888888888,1,NONE,3.0,3.0,0.0,3636.2000000000007,0.0,0.39798690941092346,1.0,1,8.823888888888888,-1.0,1.0
T0028397,C00622,2026-01-04 14:53:05,1624.36,UPI,FAILED,PAYMENT_TIMEOUT,5,4.0,1.0,0.8,17.414722222222224,1,NONE,5.0,4.0,1.0,1316.272,0.2,1.2340610451335285,1.0,1,17.414722222222224,51.408055555555556,1.0
T0026939,C00591,2026-01-04 15:18:33,1908.18,UPI,FAILED,NETWORK_ERROR,7,7.0,0.0,1.0,3.2622222222222224,1,NONE,7.0,7.0,0.0,2379.8385714285714,0.0,0.8018106870393971,1.0,1,3.2622222222222224,-1.0,1.0
T0036343,C00791,2026-01-04 15:27:28,4700.9,WALLET,FAILED,NETWORK_ERROR,2,1.0,1.0,0.5,18.5625,1,NONE,2.0,1.0,1.0,1788.1950000000002,0.5,2.628851998803262,1.0,1,18.5625,66.255,1.0
T0018855,C00415,2026-01-04 15:43:16,2705.34,UPI,FAILED,BANK_DECLINE,6,6.0,0.0,1.0,0.7497222222222222,1,NONE,6.0,6.0,0.0,1380.8083333333334,0.0,1.9592436797286614,1.0,1,0.7497222222222222,-1.0,1.0
T0030375,C00662,2026-01-04 16:02:16,2714.34,UPI,FAILED,INSUFFICIENT_FUNDS,5,4.0,1.0,0.8,4.9061111111111115,0,NETWORK_ERROR,5.0,4.0,1.0,2542.05,0.2,1.0677760075529592,1.0,2,11.612222222222222,4.9061111111111115,1.0
T0024825,C00546,2026-01-04 16:43:49,4083.1,CARD,FAILED,LIMIT_EXCEEDED,5,4.0,1.0,0.8,3.0883333333333334,1,NONE,5.0,4.0,1.0,1498.42,0.2,2.724936933570027,1.0,1,3.0883333333333334,15.277222222222223,1.0
T0007204,C00158,2026-01-04 16:49:57,2259.71,CARD,FAILED,LIMIT_EXCEEDED,6,4.0,2.0,0.6666666666666666,16.511666666666667,0,INSUFFICIENT_FUNDS,6.0,4.0,2.0,4044.391666666667,0.3333333333333333,0.558726796572208,1.0,2,31.598055555555554,16.511666666666667,1.0
T0002382,C00055,2026-01-04 16:52:17,1012.79,WALLET,FAILED,BANK_DECLINE,10,10.0,0.0,1.0,11.440277777777778,1,NONE,10.0,10.0,0.0,2550.3740000000003,0.0,0.39711430558812155,1.0,1,11.440277777777778,-1.0,1.0
T0038459,C00836,2026-01-04 16:54:31,1509.31,NETBANKING,FAILED,BANK_DECLINE,9,8.0,1.0,0.8888888888888888,30.086666666666666,1,NONE,9.0,8.0,1.0,2126.628888888889,0.1111111111111111,0.7097195038992333,1.0,1,30.086666666666666,63.11527777777778,1.0
T0042442,C00928,2026-01-04 16:56:54,1299.38,UPI,FAILED,NETWORK_ERROR,7,7.0,0.0,1.0,19.990277777777777,1,NONE,7.0,7.0,0.0,1900.2514285714285,0.0,0.6837937235373365,1.0,1,19.990277777777777,-1.0,1.0
T0034511,C00749,2026-01-04 17:17:12,2153.77,CARD,FAILED,NETWORK_ERROR,8,6.0,2.0,0.75,14.631944444444445,1,NONE,8.0,6.0,2.0,1191.6225,0.25,1.807426429091428,1.0,1,14.631944444444445,24.389166666666668,1.0
T0041511,C00906,2026-01-04 17:20:06,2597.54,CARD,FAILED,PAYMENT_TIMEOUT,7,7.0,0.0,1.0,14.356111111111112,1,NONE,7.0,7.0,0.0,1293.312857142857,0.0,2.0084390143142916,1.0,1,14.356111111111112,-1.0,1.0
T0030446,C00663,2026-01-04 17:20:53,1000.83,UPI,FAILED,BANK_DECLINE,6,5.0,1.0,0.8333333333333334,34.08166666666666,1,NONE,6.0,5.0,1.0,1526.9799999999998,0.16666666666666666,0.655430981414295,1.0,1,34.08166666666666,67.17305555555555,1.0
T0001458,C00033,2026-01-04 17:44:36,1745.65,UPI,FAILED,INSUFFICIENT_FUNDS,6,6.0,0.0,1.0,8.851111111111111,1,NONE,6.0,6.0,0.0,1524.7150000000001,0.0,1.144902489973536,1.0,1,8.851111111111111,-1.0,1.0
T0009995,C00218,2026-01-04 17:54:29,512.37,CARD,FAILED,BANK_DECLINE,7,6.0,1.0,0.8571428571428571,46.11388888888889,1,NONE,7.0,6.0,1.0,3493.09,0.14285714285714285,0.14668101881142484,1.0,1,46.11388888888889,73.17055555555555,1.0
T0027598,C00605,2026-01-04 17:58:00,776.23,CARD,FAILED,NETWORK_ERROR,10,10.0,0.0,1.0,1.8388888888888888,1,NONE,10.0,10.0,0.0,1899.4360000000001,0.0,0.40866341377124576,1.0,1,1.8388888888888888,-1.0,1.0
T0008303,C00180,2026-01-04 18:01:17,539.39,UPI,FAILED,NETWORK_ERROR,1,1.0,0.0,1.0,87.93416666666667,1,NONE,1.0,1.0,0.0,2104.12,0.0,0.2563494477501283,1.0,1,87.93416666666667,-1.0,1.0
T0022129,C00487,2026-01-04 18:01:58,823.55,NETBANKING,FAILED,BANK_DECLINE,7,7.0,0.0,1.0,10.461388888888889,1,NONE,7.0,7.0,0.0,2045.1914285714286,0.0,0.40267624267096197,1.0,1,10.461388888888889,-1.0,1.0
T0008036,C00174,2026-01-04 18:06:48,197.03,UPI,FAILED,INSUFFICIENT_FUNDS,7,5.0,2.0,0.7142857142857143,0.7919444444444445,1,NONE,7.0,5.0,2.0,1807.5128571428572,0.2857142857142857,0.10900614024480362,1.0,1,0.7919444444444445,16.04277777777778,1.0
T0016149,C00353,2026-01-04 18:06:48,3282.18,CARD,FAILED,BANK_DECLINE,11,11.0,0.0,1.0,0.375,1,NONE,11.0,11.0,0.0,2701.9763636363637,0.0,1.214733053986745,1.0,1,0.375,-1.0,1.0
T0011356,C00248,2026-01-04 18:33:24,1055.05,UPI,FAILED,NETWORK_ERROR,4,4.0,0.0,1.0,3.841666666666667,1,NONE,4.0,4.0,0.0,2031.22,0.0,0.5194169021573242,1.0,1,3.841666666666667,-1.0,1.0
T0012181,C00268,2026-01-04 18:40:16,1167.93,WALLET,FAILED,NETWORK_ERROR,5,4.0,1.0,0.8,26.782777777777778,1,NONE,5.0,4.0,1.0,2015.7099999999998,0.2,0.5794137053445189,1.0,1,26.782777777777778,59.94083333333333,1.0
T0011075,C00240,2026-01-04 18:52:20,4028.3,CARD,FAILED,BANK_DECLINE,10,8.0,2.0,0.8,0.4675,1,NONE,10.0,8.0,2.0,2041.589,0.2,1.9731199570530602,1.0,1,0.4675,45.86083333333333,1.0
T0002745,C00064,2026-01-04 19:01:39,2075.7,CARD,FAILED,BANK_DECLINE,4,4.0,0.0,1.0,26.490833333333335,1,NONE,4.0,4.0,0.0,2579.7725,0.0,0.8046058324910432,1.0,1,26.490833333333335,-1.0,1.0
T0019716,C00434,2026-01-04 19:17:40,439.27,CARD,FAILED,INSUFFICIENT_FUNDS,3,3.0,0.0,1.0,14.508888888888889,1,NONE,3.0,3.0,0.0,1123.66,0.0,0.39092786074079344,1.0,1,14.508888888888889,-1.0,1.0
T0018825,C00414,2026-01-04 19:40:09,451.37,NETBANKING,FAILED,PAYMENT_TIMEOUT,4,4.0,0.0,1.0,21.03361111111111,1,NONE,4.0,4.0,0.0,2828.745,0.0,0.15956546100832703,1.0,1,21.03361111111111,-1.0,1.0
T0028556,C00625,2026-01-04 19:49:48,3141.2,WALLET,FAILED,PAYMENT_TIMEOUT,9,9.0,0.0,1.0,6.918611111111111,1,NONE,9.0,9.0,0.0,1711.168888888889,0.0,1.835704248947438,1.0,1,6.918611111111111,-1.0,1.0
T0040547,C00884,2026-01-04 20:04:28,2361.19,NETBANKING,FAILED,NETWORK_ERROR,7,7.0,0.0,1.0,0.7866666666666666,1,NONE,7.0,7.0,0.0,1309.962857142857,0.0,1.802486220983365,1.0,1,0.7866666666666666,-1.0,1.0
T0002470,C00057,2026-01-04 20:11:50,562.34,UPI,FAILED,INSUFFICIENT_FUNDS,3,2.0,1.0,0.6666666666666666,8.071666666666667,1,NONE,3.0,2.0,1.0,1153.8033333333333,0.3333333333333333,0.48737942052516176,1.0,1,8.071666666666667,65.08555555555556,1.0
T0031496,C00683,2026-01-04 20:33:04,902.49,UPI,FAILED,NETWORK_ERROR,12,12.0,0.0,1.0,6.188888888888889,1,NONE,12.0,12.0,0.0,2091.1525,0.0,0.4315754111668087,1.0,1,6.188888888888889,-1.0,1.0
T0040793,C00889,2026-01-04 21:09:12,199.48,CARD,FAILED,LIMIT_EXCEEDED,6,6.0,0.0,1.0,32.187222222222225,1,NONE,6.0,6.0,0.0,1560.8233333333335,0.0,0.1278043425798777,1.0,1,32.187222222222225,-1.0,1.0
T0021238,C00468,2026-01-04 21:30:23,1952.43,NETBANKING,FAILED,INSUFFICIENT_FUNDS,4,3.0,1.0,0.75,27.269166666666667,0,PAYMENT_TIMEOUT,4.0,3.0,1.0,2866.5825,0.25,0.6811002299776825,1.0,2,50.43,27.269166666666667,1.0
T0020907,C00460,2026-01-04 21:35:41,5813.15,UPI,FAILED,INSUFFICIENT_FUNDS,3,2.0,1.0,0.6666666666666666,12.126944444444444,0,INSUFFICIENT_FUNDS,3.0,2.0,1.0,829.3366666666667,0.3333333333333333,7.009397068339757,1.0,2,43.33611111111111,12.126944444444444,1.0
T0004775,C00107,2026-01-04 21:36:20,4265.12,WALLET,FAILED,INSUFFICIENT_FUNDS,8,7.0,1.0,0.875,40.86083333333333,1,NONE,8.0,7.0,1.0,2385.0025,0.125,1.7883083979995826,1.0,1,40.86083333333333,60.990833333333335,1.0
T0041502,C00906,2026-01-04 21:37:29,1949.37,CARD,FAILED,NETWORK_ERROR,8,7.0,1.0,0.875,4.289722222222222,0,PAYMENT_TIMEOUT,8.0,7.0,1.0,1456.34125,0.125,1.3385393018291558,1.0,2,18.645833333333332,4.289722222222222,1.0
T0000779,C00017,2026-01-04 21:38:42,1348.31,WALLET,FAILED,NETWORK_ERROR,9,7.0,2.0,0.7777777777777778,5.362222222222222,1,NONE,9.0,7.0,2.0,2646.702222222222,0.2222222222222222,0.5094301839773773,1.0,1,5.362222222222222,22.46638888888889,1.0
T0030678,C00668,2026-01-04 21:49:49,1618.63,CARD,FAILED,LIMIT_EXCEEDED,4,3.0,1.0,0.75,31.563333333333333,1,NONE,4.0,3.0,1.0,2406.23,0.25,0.672682993728779,1.0,1,31.563333333333333,49.397777777777776,1.0
T0033444,C00727,2026-01-04 22:04:06,2238.62,NETBANKING,FAILED,BANK_DECLINE,4,4.0,0.0,1.0,3.031111111111111,1,NONE,4.0,4.0,0.0,1459.5075,0.0,1.5338187710580453,1.0,1,3.031111111111111,-1.0,1.0
T0003202,C00074,2026-01-04 22:17:34,1500.9,CARD,FAILED,NETWORK_ERROR,11,11.0,0.0,1.0,16.42972222222222,1,NONE,11.0,11.0,0.0,1742.9845454545457,0.0,0.8611091841945085,1.0,1,16.42972222222222,-1.0,1.0
T0009365,C00204,2026-01-04 22:22:42,6569.58,UPI,FAILED,NETWORK_ERROR,3,3.0,0.0,1.0,8.2,1,NONE,3.0,3.0,0.0,722.9433333333333,0.0,9.087268250623609,1.0,1,8.2,-1.0,1.0
T0019720,C00434,2026-01-04 22:37:02,443.83,CARD,FAILED,LIMIT_EXCEEDED,4,3.0,1.0,0.75,3.3227777777777776,0,INSUFFICIENT_FUNDS,4.0,3.0,1.0,952.5625,0.25,0.4659326815825733,1.0,2,17.831666666666667,3.3227777777777776,1.0
T0028435,C00623,2026-01-04 23:10:21,579.15,CARD,FAILED,PAYMENT_TIMEOUT,7,7.0,0.0,1.0,36.774166666666666,1,NONE,7.0,7.0,0.0,1996.672857142857,0.0,0.2900575314219155,1.0,1,36.774166666666666,-1.0,1.0
T0032259,C00701,2026-01-04 23:29:46,6082.9,CARD,FAILED,INSUFFICIENT_FUNDS,6,6.0,0.0,1.0,10.0375,1,NONE,6.0,6.0,0.0,1861.8716666666667,0.0,3.26708876283095,1.0,1,10.0375,-1.0,1.0
T0041621,C00908,2026-01-05 00:01:54,8270.53,CARD,FAILED,PAYMENT_TIMEOUT,8,8.0,0.0,1.0,3.794722222222222,1,NONE,8.0,8.0,0.0,2220.345,0.0,3.7248850966854254,1.0,1,3.794722222222222,-1.0,1.0
T0000329,C00008,2026-01-05 00:33:46,393.29,CARD,FAILED,LIMIT_EXCEEDED,9,9.0,0.0,1.0,5.209444444444444,1,NONE,9.0,9.0,0.0,2960.5066666666667,0.0,0.13284550392275196,1.0,1,5.209444444444444,-1.0,1.0
T0013687,C00299,2026-01-05 00:41:09,1669.36,WALLET,FAILED,LIMIT_EXCEEDED,3,3.0,0.0,1.0,29.239444444444445,1,NONE,3.0,3.0,0.0,2151.596666666667,0.0,0.7758703226596062,1.0,1,29.239444444444445,-1.0,1.0
T0013306,C00292,2026-01-05 00:50:53,5937.3,CARD,FAILED,NETWORK_ERROR,6,6.0,0.0,1.0,3.7641666666666667,1,NONE,6.0,6.0,0.0,1332.7733333333333,0.0,4.454846035334841,1.0,1,3.7641666666666667,-1.0,1.0
T0023369,C00514,2026-01-05 00:57:17,3241.25,UPI,FAILED,PAYMENT_TIMEOUT,6,6.0,0.0,1.0,12.450555555555555,1,NONE,6.0,6.0,0.0,1920.9583333333333,0.0,1.6873088519185304,1.0,1,12.450555555555555,-1.0,1.0
T0029724,C00646,2026-01-05 01:26:40,5312.11,CARD,FAILED,LIMIT_EXCEEDED,3,3.0,0.0,1.0,9.457222222222223,1,NONE,3.0,3.0,0.0,1732.5233333333333,0.0,3.0661116637197767,1.0,1,9.457222222222223,-1.0,1.0
T0033170,C00722,2026-01-05 01:32:00,430.9,CARD,FAILED,BANK_DECLINE,9,9.0,0.0,1.0,0.17305555555555555,1,NONE,9.0,9.0,0.0,1806.2577777777778,0.0,0.23855952638727582,1.0,1,0.17305555555555555,-1.0,1.0
T0042300,C00925,2026-01-05 02:02:09,427.06,UPI,FAILED,INSUFFICIENT_FUNDS,8,7.0,1.0,0.875,0.35944444444444446,1,NONE,8.0,7.0,1.0,2398.29875,0.125,0.1780678908330332,1.0,1,0.35944444444444446,16.827222222222222,1.0
T0014122,C00311,2026-01-05 02:04:45,1742.27,NETBANKING,FAILED,BANK_DECLINE,5,5.0,0.0,1.0,9.474444444444444,1,NONE,5.0,5.0,0.0,1718.4919999999997,0.0,1.0138365497191726,1.0,1,9.474444444444444,-1.0,1.0
T0028036,C00614,2026-01-05 02:31:16,2116.02,WALLET,FAILED,INSUFFICIENT_FUNDS,4,3.0,1.0,0.75,4.148888888888889,1,NONE,4.0,3.0,1.0,1255.1825000000001,0.25,1.6858265630695137,1.0,1,4.148888888888889,85.04694444444445,1.0
T0014819,C00326,2026-01-05 02:58:17,2953.56,UPI,FAILED,INSUFFICIENT_FUNDS,8,8.0,0.0,1.0,7.7011111111111115,1,NONE,8.0,8.0,0.0,3011.14125,0.0,0.9808772670494948,1.0,1,7.7011111111111115,-1.0,1.0
T0029446,C00641,2026-01-05 03:28:27,643.95,CARD,FAILED,NETWORK_ERROR,10,9.0,1.0,0.9,9.847777777777777,1,NONE,10.0,9.0,1.0,2558.9370000000004,0.1,0.2516474614263657,1.0,1,9.847777777777777,40.098333333333336,1.0
T0027162,C00595,2026-01-05 03:38:38,980.96,UPI,FAILED,PAYMENT_TIMEOUT,6,6.0,0.0,1.0,0.9172222222222223,1,NONE,6.0,6.0,0.0,3815.9833333333336,0.0,0.25706611227337645,1.0,1,0.9172222222222223,-1.0,1.0
T0024620,C00542,2026-01-05 03:45:32,814.53,WALLET,FAILED,NETWORK_ERROR,6,6.0,0.0,1.0,64.60972222222222,1,NONE,6.0,6.0,0.0,2045.5483333333334,0.0,0.39819640862393046,1.0,1,64.60972222222222,-1.0,1.0
T0020380,C00449,2026-01-05 03:51:26,1378.31,UPI,FAILED,PAYMENT_TIMEOUT,5,5.0,0.0,1.0,4.978611111111111,1,NONE,5.0,5.0,0.0,1271.474,0.0,1.084025312354008,1.0,1,4.978611111111111,-1.0,1.0
T0019516,C00429,2026-01-05 03:51:41,607.12,CARD,FAILED,INSUFFICIENT_FUNDS,3,2.0,1.0,0.6666666666666666,25.698611111111113,1,NONE,3.0,2.0,1.0,2114.54,0.3333333333333333,0.28711681973384284,1.0,1,25.698611111111113,83.19777777777777,1.0
T0038460,C00837,2026-01-05 04:17:07,893.43,CARD,FAILED,BANK_DECLINE,6,5.0,1.0,0.8333333333333334,2.9769444444444444,1,NONE,6.0,5.0,1.0,1843.49,0.16666666666666666,0.4846405459210519,1.0,1,2.9769444444444444,66.43138888888889,1.0
T0016958,C00372,2026-01-05 04:21:33,1831.75,CARD,FAILED,INSUFFICIENT_FUNDS,4,4.0,0.0,1.0,12.080277777777777,1,NONE,4.0,4.0,0.0,4373.2525,0.0,0.4188530161475927,1.0,1,12.080277777777777,-1.0,1.0
T0045015,C00982,2026-01-05 04:44:55,1490.37,CARD,FAILED,BANK_DECLINE,5,3.0,2.0,0.6,39.02305555555556,1,NONE,5.0,3.0,2.0,2272.248,0.4,0.6559011164274322,1.0,1,39.02305555555556,75.1686111111111,1.0
T0018897,C00416,2026-01-05 04:48:27,1013.71,CARD,FAILED,INSUFFICIENT_FUNDS,5,5.0,0.0,1.0,41.29416666666667,1,NONE,5.0,5.0,0.0,1492.5279999999998,0.0,0.6791899381452141,1.0,1,41.29416666666667,-1.0,1.0
T0001561,C00035,2026-01-05 04:49:19,698.11,UPI,FAILED,INSUFFICIENT_FUNDS,11,10.0,1.0,0.9090909090909091,9.456944444444444,1,NONE,11.0,10.0,1.0,1842.4618181818184,0.09090909090909091,0.37890066057863286,1.0,1,9.456944444444444,32.477777777777774,1.0
T0015114,C00334,2026-01-05 04:49:30,2230.45,NETBANKING,FAILED,LIMIT_EXCEEDED,10,8.0,2.0,0.8,9.159722222222221,1,NONE,10.0,8.0,2.0,1766.2369999999999,0.2,1.2628259967376971,1.0,1,9.159722222222221,22.763055555555557,1.0
T0019683,C00433,2026-01-05 04:49:53,1873.81,UPI,FAILED,NETWORK_ERROR,9,8.0,1.0,0.8888888888888888,0.38555555555555554,1,NONE,9.0,8.0,1.0,2684.3244444444445,0.1111111111111111,0.6980564528546805,1.0,1,0.38555555555555554,83.83,1.0
T0044954,C00981,2026-01-05 04:51:15,988.27,CARD,FAILED,PAYMENT_TIMEOUT,8,8.0,0.0,1.0,12.2,1,NONE,8.0,8.0,0.0,2569.06125,0.0,0.3846813695080255,1.0,1,12.2,-1.0,1.0
T0030442,C00663,2026-01-05 05:17:20,1654.51,UPI,FAILED,PAYMENT_TIMEOUT,7,5.0,2.0,0.7142857142857143,11.940833333333334,0,BANK_DECLINE,7.0,5.0,2.0,1451.8157142857142,0.2857142857142857,1.13961433515273,1.0,2,46.0225,11.940833333333334,1.0
T0005625,C00124,2026-01-05 05:57:59,3755.48,UPI,FAILED,INSUFFICIENT_FUNDS,4,4.0,0.0,1.0,15.161388888888888,1,NONE,4.0,4.0,0.0,2116.255,0.0,1.7745876560244394,1.0,1,15.161388888888888,-1.0,1.0
T0037749,C00820,2026-01-05 06:20:30,3311.25,UPI,FAILED,BANK_DECLINE,4,4.0,0.0,1.0,43.999722222222225,1,NONE,4.0,4.0,0.0,1459.07,0.0,2.269425044720267,1.0,1,43.999722222222225,-1.0,1.0
T0005549,C00122,2026-01-05 06:45:34,2446.22,NETBANKING,FAILED,BANK_DECLINE,7,6.0,1.0,0.8571428571428571,4.288888888888889,1,NONE,7.0,6.0,1.0,1896.3814285714286,0.14285714285714285,1.2899409175519994,1.0,1,4.288888888888889,81.95222222222222,1.0
T0015578,C00344,2026-01-05 06:51:24,897.58,UPI,FAILED,INSUFFICIENT_FUNDS,8,8.0,0.0,1.0,15.10388888888889,1,NONE,8.0,8.0,0.0,832.19,0.0,1.07857580600584,1.0,1,15.10388888888889,-1.0,1.0
T0042052,C00918,2026-01-05 06:52:27,1870.21,UPI,FAILED,BANK_DECLINE,6,6.0,0.0,1.0,35.918055555555554,1,NONE,6.0,6.0,0.0,3194.1866666666665,0.0,0.5855042911288841,1.0,1,35.918055555555554,-1.0,1.0
T0043010,C00939,2026-01-05 07:01:55,1724.3,UPI,FAILED,NETWORK_ERROR,4,3.0,1.0,0.75,26.038888888888888,1,NONE,4.0,3.0,1.0,3261.985,0.25,0.5286045153487829,1.0,1,26.038888888888888,35.555277777777775,1.0
T0014212,C00313,2026-01-05 07:30:33,648.84,UPI,FAILED,PAYMENT_TIMEOUT,7,6.0,1.0,0.8571428571428571,23.411944444444444,1,NONE,7.0,6.0,1.0,1746.1814285714286,0.14285714285714285,0.37157650939560366,1.0,1,23.411944444444444,55.560833333333335,1.0
T0005007,C00111,2026-01-05 07:40:56,887.44,CARD,FAILED,BANK_DECLINE,9,8.0,1.0,0.8888888888888888,0.8683333333333333,1,NONE,9.0,8.0,1.0,2142.355555555556,0.1111111111111111,0.41423562848785345,1.0,1,0.8683333333333333,51.58861111111111,1.0
T0023498,C00516,2026-01-05 07:46:39,484.89,UPI,FAILED,LIMIT_EXCEEDED,10,9.0,1.0,0.9,6.504166666666666,1,NONE,10.0,9.0,1.0,3146.6490000000003,0.1,0.15409726346980548,1.0,1,6.504166666666666,19.063055555555554,1.0
T0030591,C00667,2026-01-05 07:59:06,2198.04,CARD,FAILED,BANK_DECLINE,8,8.0,0.0,1.0,14.334444444444445,1,NONE,8.0,8.0,0.0,3093.545,0.0,0.7105246569873721,1.0,1,14.334444444444445,-1.0,1.0
T0005658,C00124,2026-01-05 08:09:42,628.72,UPI,FAILED,BANK_DECLINE,5,4.0,1.0,0.8,2.1952777777777777,0,INSUFFICIENT_FUNDS,5.0,4.0,1.0,2444.1,0.2,0.25723988380180846,1.0,2,17.356666666666666,2.1952777777777777,1.0
T0020397,C00449,2026-01-05 08:23:09,601.75,UPI,FAILED,BANK_DECLINE,7,6.0,1.0,0.8571428571428571,2.520277777777778,1,NONE,7.0,6.0,1.0,1409.1614285714288,0.14285714285714285,0.4270270160673064,1.0,1,2.520277777777778,4.528611111111111,1.0
T0004996,C00111,2026-01-05 08:42:33,2221.51,CARD,FAILED,NETWORK_ERROR,10,8.0,2.0,0.8,1.0269444444444444,0,BANK_DECLINE,10.0,8.0,2.0,2016.864,0.2,1.1014674266584163,1.0,2,1.8952777777777778,1.0269444444444444,1.0
T0016243,C00355,2026-01-05 08:52:51,2959.77,CARD,FAILED,INSUFFICIENT_FUNDS,6,6.0,0.0,1.0,9.34388888888889,1,NONE,6.0,6.0,0.0,928.21,0.0,3.1886857499919197,1.0,1,9.34388888888889,-1.0,1.0
T0043353,C00945,2026-01-05 09:18:19,2012.5,CARD,FAILED,PAYMENT_TIMEOUT,15,15.0,0.0,1.0,2.325833333333333,1,NONE,15.0,15.0,0.0,2382.8966666666665,0.0,0.844560332032862,1.0,1,2.325833333333333,-1.0,1.0
T0033068,C00719,2026-01-05 09:21:46,7658.24,UPI,FAILED,BANK_DECLINE,3,3.0,0.0,1.0,56.08833333333333,1,NONE,3.0,3.0,0.0,2455.7033333333334,0.0,3.1185525938936705,1.0,1,56.08833333333333,-1.0,1.0
T0033504,C00728,2026-01-05 09:34:14,454.33,UPI,FAILED,NETWORK_ERROR,10,8.0,2.0,0.8,8.195555555555556,1,NONE,10.0,8.0,2.0,2616.8849999999998,0.2,0.17361481303152412,1.0,1,8.195555555555556,36.93861111111111,1.0
T0034941,C00759,2026-01-05 09:41:06,1504.16,UPI,FAILED,PAYMENT_TIMEOUT,7,7.0,0.0,1.0,1.8219444444444444,1,NONE,7.0,7.0,0.0,2001.3257142857144,0.0,0.7515818086297082,1.0,1,1.8219444444444444,-1.0,1.0
T0035526,C00773,2026-01-05 10:22:35,772.5,UPI,FAILED,INSUFFICIENT_FUNDS,4,4.0,0.0,1.0,30.298055555555557,1,NONE,4.0,4.0,0.0,2303.7225,0.0,0.3353268460068433,1.0,1,30.298055555555557,-1.0,1.0
T0012744,C00279,2026-01-05 11:02:40,8913.27,UPI,FAILED,INSUFFICIENT_FUNDS,9,9.0,0.0,1.0,9.653611111111111,1,NONE,9.0,9.0,0.0,2191.1499999999996,0.0,4.06785021564019,1.0,1,9.653611111111111,-1.0,1.0
T0019855,C00436,2026-01-05 11:34:07,2839.72,CARD,FAILED,INSUFFICIENT_FUNDS,5,5.0,0.0,1.0,17.79861111111111,1,NONE,5.0,5.0,0.0,1888.2720000000002,0.0,1.5038723234788207,1.0,1,17.79861111111111,-1.0,1.0
T0020920,C00461,2026-01-05 11:54:08,1371.81,NETBANKING,FAILED,NETWORK_ERROR,11,10.0,1.0,0.9090909090909091,1.64,1,NONE,11.0,10.0,1.0,1866.9545454545455,0.09090909090909091,0.7347848951866189,1.0,1,1.64,24.63361111111111,1.0
T0005509,C00121,2026-01-05 11:55:51,972.62,UPI,FAILED,PAYMENT_TIMEOUT,6,6.0,0.0,1.0,7.831666666666667,1,NONE,6.0,6.0,0.0,2230.7516666666666,0.0,0.4360055018823999,1.0,1,7.831666666666667,-1.0,1.0
T0038369,C00835,2026-01-05 12:25:45,232.59,CARD,FAILED,BANK_DECLINE,4,3.0,1.0,0.75,53.84861111111111,0,NETWORK_ERROR,4.0,3.0,1.0,1955.75,0.25,0.1189262431292343,1.0,2,58.475833333333334,53.84861111111111,1.0
T0011545,C00254,2026-01-05 12:28:00,2323.53,CARD,FAILED,LIMIT_EXCEEDED,13,13.0,0.0,1.0,4.8261111111111115,1,NONE,13.0,13.0,0.0,2333.0299999999997,0.0,0.9959280420740413,1.0,1,4.8261111111111115,-1.0,1.0
T0045726,C00998,2026-01-05 13:34:12,1946.15,CARD,FAILED,LIMIT_EXCEEDED,2,2.0,0.0,1.0,42.33722222222222,1,NONE,2.0,2.0,0.0,571.275,0.0,3.40667804472452,1.0,1,42.33722222222222,-1.0,1.0
T0015254,C00336,2026-01-05 13:37:29,9664.48,CARD,FAILED,BANK_DECLINE,10,9.0,1.0,0.9,0.3597222222222222,1,NONE,10.0,9.0,1.0,2476.555,0.1,3.902388600293553,1.0,1,0.3597222222222222,41.818888888888885,1.0
T0030831,C00671,2026-01-05 14:00:43,448.93,UPI,FAILED,PAYMENT_TIMEOUT,9,8.0,1.0,0.8888888888888888,16.61638888888889,1,NONE,9.0,8.0,1.0,1839.1999999999998,0.1111111111111111,0.24408982166159202,1.0,1,16.61638888888889,75.03416666666666,1.0
T0009063,C00197,2026-01-05 14:03:44,2013.44,CARD,FAILED,BANK_DECLINE,8,8.0,0.0,1.0,14.796944444444444,1,NONE,8.0,8.0,0.0,2633.605,0.0,0.764518597132068,1.0,1,14.796944444444444,-1.0,1.0
T0045484,C00991,2026-01-05 14:15:52,2257.5,UPI,FAILED,BANK_DECLINE,4,4.0,0.0,1.0,16.908055555555556,1,NONE,4.0,4.0,0.0,3346.3525,0.0,0.6746151219872981,1.0,1,16.908055555555556,-1.0,1.0
T0035860,C00779,2026-01-05 14:17:17,243.65,UPI,FAILED,INSUFFICIENT_FUNDS,7,7.0,0.0,1.0,7.503333333333333,1,NONE,7.0,7.0,0.0,2963.682857142857,0.0,0.08221190044433134,1.0,1,7.503333333333333,-1.0,1.0
T0005618,C00124,2026-01-05 14:17:49,1244.36,UPI,FAILED,BANK_DECLINE,6,4.0,2.0,0.6666666666666666,6.135277777777778,0,BANK_DECLINE,6.0,4.0,2.0,2141.5366666666664,0.3333333333333333,0.581059395044991,1.0,3,23.491944444444446,6.135277777777778,1.0
T0000803,C00018,2026-01-05 14:27:19,894.57,NETBANKING,FAILED,INSUFFICIENT_FUNDS,9,8.0,1.0,0.8888888888888888,8.57611111111111,1,NONE,9.0,8.0,1.0,2109.3355555555554,0.1111111111111111,0.4241003749469291,1.0,1,8.57611111111111,72.6361111111111,1.0
T0035158,C00764,2026-01-05 14:38:23,2257.42,UPI,FAILED,INSUFFICIENT_FUNDS,6,5.0,1.0,0.8333333333333334,28.388333333333332,1,NONE,6.0,5.0,1.0,1884.5466666666669,0.16666666666666666,1.1978583708902582,1.0,1,28.388333333333332,107.18722222222222,1.0
T0007755,C00168,2026-01-05 15:24:20,1417.61,UPI,FAILED,PAYMENT_TIMEOUT,4,3.0,1.0,0.75,41.65555555555556,1,NONE,4.0,3.0,1.0,1984.545,0.25,0.7143249460203723,1.0,1,41.65555555555556,59.55111111111111,1.0
T0013785,C00301,2026-01-05 15:46:12,950.25,UPI,FAILED,PAYMENT_TIMEOUT,13,12.0,1.0,0.9230769230769231,3.1555555555555554,1,NONE,13.0,12.0,1.0,2620.6515384615386,0.07692307692307693,0.3626006685947446,1.0,1,3.1555555555555554,41.174166666666665,1.0
T0007208,C00158,2026-01-05 16:00:03,492.55,CARD,FAILED,NETWORK_ERROR,8,5.0,3.0,0.625,0.7575,1,NONE,8.0,5.0,3.0,3815.92375,0.375,0.12907752677185963,1.0,1,0.7575,23.168333333333333,1.0
T0031813,C00691,2026-01-05 16:02:55,1122.07,CARD,FAILED,BANK_DECLINE,3,2.0,1.0,0.6666666666666666,54.95722222222222,1,NONE,3.0,2.0,1.0,1543.1299999999999,0.3333333333333333,0.7271389967144699,1.0,1,54.95722222222222,104.0775,1.0
T0038266,C00833,2026-01-05 16:09:48,329.88,UPI,FAILED,PAYMENT_TIMEOUT,8,6.0,2.0,0.75,3.0244444444444443,1,NONE,8.0,6.0,2.0,2198.42375,0.25,0.15005296408392604,1.0,1,3.0244444444444443,48.94611111111111,1.0
T0012693,C00279,2026-01-05 16:16:04,431.83,UPI,FAILED,PAYMENT_TIMEOUT,10,9.0,1.0,0.9,5.223333333333334,0,INSUFFICIENT_FUNDS,10.0,9.0,1.0,2863.362,0.1,0.15081222702543373,1.0,2,14.876944444444444,5.223333333333334,1.0
T0001779,C00041,2026-01-05 16:24:12,1350.33,UPI,FAILED,PAYMENT_TIMEOUT,6,6.0,0.0,1.0,29.703055555555554,1,NONE,6.0,6.0,0.0,2559.4066666666663,0.0,0.5275949373682963,1.0,1,29.703055555555554,-1.0,1.0
T0028579,C00625,2026-01-05 16:30:30,1378.9,WALLET,FAILED,NETWORK_ERROR,12,11.0,1.0,0.9166666666666666,1.4794444444444443,1,NONE,12.0,11.0,1.0,1700.2358333333334,0.08333333333333333,0.8110051399732292,1.0,1,1.4794444444444443,20.678333333333335,1.0
T0008920,C00193,2026-01-05 16:30:51,992.41,UPI,FAILED,INSUFFICIENT_FUNDS,8,5.0,3.0,0.625,6.690277777777778,1,NONE,8.0,5.0,3.0,993.94375,0.375,0.9984569046286572,1.0,1,6.690277777777778,35.0,1.0
T0018963,C00417,2026-01-05 16:31:07,2822.68,UPI,FAILED,BANK_DECLINE,4,4.0,0.0,1.0,40.29555555555555,1,NONE,4.0,4.0,0.0,2728.1925,0.0,1.0346337364390525,1.0,1,40.29555555555555,-1.0,1.0
T0022429,C00493,2026-01-05 17:07:59,1900.84,CARD,FAILED,INSUFFICIENT_FUNDS,14,14.0,0.0,1.0,4.656944444444444,1,NONE,14.0,14.0,0.0,2199.32,0.0,0.8642853245548623,1.0,1,4.656944444444444,-1.0,1.0
T0018766,C00413,2026-01-05 17:18:09,3417.26,CARD,FAILED,BANK_DECLINE,13,13.0,0.0,1.0,4.496111111111111,1,NONE,13.0,13.0,0.0,2591.7330769230766,0.0,1.318523126639644,1.0,1,4.496111111111111,-1.0,1.0
T0031087,C00676,2026-01-05 17:21:35,2035.08,UPI,FAILED,INSUFFICIENT_FUNDS,7,7.0,0.0,1.0,8.51361111111111,1,NONE,7.0,7.0,0.0,2411.497142857143,0.0,0.8439072822573765,1.0,1,8.51361111111111,-1.0,1.0
T0004145,C00091,2026-01-05 17:21:52,315.37,UPI,FAILED,NETWORK_ERROR,6,6.0,0.0,1.0,23.322222222222223,1,NONE,6.0,6.0,0.0,1755.41,0.0,0.17965603477250328,1.0,1,23.322222222222223,-1.0,1.0
T0006681,C00145,2026-01-05 17:33:53,964.34,CARD,FAILED,INSUFFICIENT_FUNDS,9,9.0,0.0,1.0,25.737222222222222,1,NONE,9.0,9.0,0.0,2371.0666666666666,0.0,0.40671146600686053,1.0,1,25.737222222222222,-1.0,1.0
T0022439,C00493,2026-01-05 17:48:03,1664.65,CARD,FAILED,BANK_DECLINE,15,14.0,1.0,0.9333333333333333,0.6677777777777778,0,INSUFFICIENT_FUNDS,15.0,14.0,1.0,2179.421333333333,0.06666666666666667,0.7638036640918753,1.0,2,5.324722222222222,0.6677777777777778,1.0
T0030381,C00662,2026-01-05 17:52:56,10147.96,UPI,FAILED,NETWORK_ERROR,9,7.0,2.0,0.7777777777777778,3.1794444444444445,1,NONE,9.0,7.0,2.0,2224.0066666666667,0.2222222222222222,4.562917976864577,1.0,1,3.1794444444444445,25.844444444444445,1.0
T0035884,C00779,2026-01-05 17:58:00,1130.98,UPI,FAILED,PAYMENT_TIMEOUT,9,8.0,1.0,0.8888888888888888,0.19027777777777777,1,NONE,9.0,8.0,1.0,2504.4477777777774,0.1111111111111111,0.4515885737507892,1.0,1,0.19027777777777777,3.678611111111111,1.0
T0023538,C00517,2026-01-05 18:19:58,3200.39,CARD,FAILED,BANK_DECLINE,5,4.0,1.0,0.8,3.171388888888889,1,NONE,5.0,4.0,1.0,2230.156,0.2,1.4350520770744288,1.0,1,3.171388888888889,94.67694444444444,1.0
T0033176,C00722,2026-01-05 18:22:23,9081.88,CARD,FAILED,LIMIT_EXCEEDED,12,11.0,1.0,0.9166666666666666,1.4097222222222223,1,NONE,12.0,11.0,1.0,1602.6191666666666,0.08333333333333333,5.666898405370791,1.0,1,1.4097222222222223,16.83972222222222,1.0
T0011133,C00242,2026-01-05 18:23:22,1195.02,NETBANKING,FAILED,BANK_DECLINE,3,3.0,0.0,1.0,18.37361111111111,1,NONE,3.0,3.0,0.0,2884.59,0.0,0.4142772456397616,1.0,1,18.37361111111111,-1.0,1.0
T0025241,C00554,2026-01-05 18:31:40,2056.96,WALLET,FAILED,BANK_DECLINE,10,10.0,0.0,1.0,7.086666666666667,1,NONE,10.0,10.0,0.0,1901.929,0.0,1.0815125065131244,1.0,1,7.086666666666667,-1.0,1.0
T0041526,C00906,2026-01-05 18:33:32,1861.69,CARD,FAILED,LIMIT_EXCEEDED,11,9.0,2.0,0.8181818181818182,5.657222222222222,1,NONE,11.0,9.0,2.0,1530.4345454545453,0.18181818181818182,1.21644535895331,1.0,1,5.657222222222222,20.934166666666666,1.0
T0010491,C00228,2026-01-05 18:34:33,14585.92,CARD,FAILED,BANK_DECLINE,8,7.0,1.0,0.875,23.98611111111111,1,NONE,8.0,7.0,1.0,2594.3137500000003,0.125,5.622265232954186,1.0,1,23.98611111111111,30.859166666666667,1.0
T0038070,C00827,2026-01-05 18:34:35,2493.65,CARD,FAILED,PAYMENT_TIMEOUT,14,14.0,0.0,1.0,16.42222222222222,1,NONE,14.0,14.0,0.0,1731.3235714285715,0.0,1.4403142434792868,1.0,1,16.42222222222222,-1.0,1.0
T0041149,C00897,2026-01-05 18:46:40,457.12,UPI,FAILED,NETWORK_ERROR,6,6.0,0.0,1.0,6.626111111111111,1,NONE,6.0,6.0,0.0,1644.155,0.0,0.2780273149429342,1.0,1,6.626111111111111,-1.0,1.0
T0045434,C00990,2026-01-05 19:09:22,4573.14,CARD,FAILED,LIMIT_EXCEEDED,13,13.0,0.0,1.0,6.189166666666667,1,NONE,13.0,13.0,0.0,1276.8738461538462,0.0,3.5815127812156615,1.0,1,6.189166666666667,-1.0,1.0
T0000484,C00012,2026-01-05 19:17:29,4622.45,UPI,FAILED,NETWORK_ERROR,13,13.0,0.0,1.0,30.920555555555556,1,NONE,13.0,13.0,0.0,1814.8838461538462,0.0,2.5469674049918005,1.0,1,30.920555555555556,-1.0,1.0
T0045772,C00999,2026-01-05 19:28:17,902.79,UPI,FAILED,NETWORK_ERROR,9,6.0,3.0,0.6666666666666666,11.681666666666667,1,NONE,9.0,6.0,3.0,1704.4855555555555,0.3333333333333333,0.529655412483532,1.0,1,11.681666666666667,30.870555555555555,1.0
T0023485,C00516,2026-01-05 19:42:17,113.48,UPI,FAILED,INSUFFICIENT_FUNDS,12,10.0,2.0,0.8333333333333334,10.950833333333334,1,NONE,12.0,10.0,2.0,2992.1375000000003,0.16666666666666666,0.03792606456086994,1.0,1,10.950833333333334,11.927222222222222,1.0
T0034051,C00739,2026-01-05 19:45:40,1167.33,CARD,FAILED,INSUFFICIENT_FUNDS,6,6.0,0.0,1.0,26.84111111111111,1,NONE,6.0,6.0,0.0,1806.255,0.0,0.6462708753747394,1.0,1,26.84111111111111,-1.0,1.0
T0005211,C00116,2026-01-05 20:06:51,1711.47,UPI,FAILED,PAYMENT_TIMEOUT,10,10.0,0.0,1.0,0.5444444444444444,1,NONE,10.0,10.0,0.0,2128.456,0.0,0.8040899130637419,1.0,1,0.5444444444444444,-1.0,1.0
T0011729,C00257,2026-01-05 20:21:53,840.74,UPI,FAILED,INSUFFICIENT_FUNDS,6,6.0,0.0,1.0,24.539166666666667,1,NONE,6.0,6.0,0.0,1809.865,0.0,0.4645318849748462,1.0,1,24.539166666666667,-1.0,1.0
T0006303,C00138,2026-01-05 20:54:28,2431.37,UPI,FAILED,INSUFFICIENT_FUNDS,15,14.0,1.0,0.9333333333333333,3.8744444444444444,1,NONE,15.0,14.0,1.0,1824.4279999999999,0.06666666666666667,1.3326752275233662,1.0,1,3.8744444444444444,60.80833333333333,1.0
T0033609,C00730,2026-01-05 20:55:55,942.5,NETBANKING,FAILED,PAYMENT_TIMEOUT,8,8.0,0.0,1.0,17.35527777777778,1,NONE,8.0,8.0,0.0,1937.7925,0.0,0.4863781854868362,1.0,1,17.35527777777778,-1.0,1.0
T0030640,C00667,2026-01-05 21:20:43,1541.75,CARD,FAILED,LIMIT_EXCEEDED,9,8.0,1.0,0.8888888888888888,13.360277777777778,0,BANK_DECLINE,9.0,8.0,1.0,2994.0444444444447,0.1111111111111111,0.5149389157735356,1.0,2,27.69472222222222,13.360277777777778,1.0
T0045727,C00998,2026-01-05 21:24:07,2106.78,CARD,FAILED,PAYMENT_TIMEOUT,4,3.0,1.0,0.75,6.704722222222222,1,NONE,4.0,3.0,1.0,995.835,0.25,2.1155914383406893,1.0,1,6.704722222222222,7.831944444444445,1.0
T0043383,C00946,2026-01-05 22:08:14,2152.6,UPI,FAILED,NETWORK_ERROR,3,3.0,0.0,1.0,31.01861111111111,1,NONE,3.0,3.0,0.0,599.5133333333333,0.0,3.5905790252093364,1.0,1,31.01861111111111,-1.0,1.0
T0005843,C00129,2026-01-05 22:23:25,2741.65,UPI,FAILED,PAYMENT_TIMEOUT,12,11.0,1.0,0.9166666666666666,0.3036111111111111,1,NONE,12.0,11.0,1.0,2094.0891666666666,0.08333333333333333,1.3092326934502552,1.0,1,0.3036111111111111,88.80694444444444,1.0
T0038024,C00827,2026-01-05 22:24:39,542.44,CARD,FAILED,BANK_DECLINE,16,15.0,1.0,0.9375,2.455,1,NONE,16.0,15.0,1.0,2138.16375,0.0625,0.25369432065247577,1.0,1,2.455,3.8344444444444443,1.0
T0001277,C00028,2026-01-05 22:30:56,1130.13,CARD,FAILED,PAYMENT_TIMEOUT,9,9.0,0.0,1.0,6.275555555555556,1,NONE,9.0,9.0,0.0,1889.8844444444444,0.0,0.5979889422986474,1.0,1,6.275555555555556,-1.0,1.0
T0045304,C00988,2026-01-05 22:52:52,1394.49,WALLET,FAILED,NETWORK_ERROR,6,6.0,0.0,1.0,5.166944444444445,1,NONE,6.0,6.0,0.0,729.0083333333333,0.0,1.9128587921948765,1.0,1,5.166944444444445,-1.0,1.0
T0042054,C00918,2026-01-05 23:25:46,7528.06,UPI,FAILED,INSUFFICIENT_FUNDS,7,6.0,1.0,0.8571428571428571,16.55527777777778,0,BANK_DECLINE,7.0,6.0,1.0,3005.047142857143,0.14285714285714285,2.5051387356414185,1.0,2,52.473333333333336,16.55527777777778,1.0
T0006383,C00139,2026-01-05 23:30:52,3318.78,CARD,FAILED,BANK_DECLINE,9,9.0,0.0,1.0,2.8361111111111112,1,NONE,9.0,9.0,0.0,2121.5066666666667,0.0,1.564350493045823,1.0,1,2.8361111111111112,-1.0,1.0
T0037538,C00816,2026-01-05 23:44:19,220.56,UPI,FAILED,INSUFFICIENT_FUNDS,11,9.0,2.0,0.8181818181818182,3.475,1,NONE,11.0,9.0,2.0,3527.0845454545456,0.18181818181818182,0.06253323308743533,1.0,1,3.475,62.598055555555554,1.0
T0011585,C00254,2026-01-05 23:58:17,1638.4,CARD,FAILED,INSUFFICIENT_FUNDS,16,15.0,1.0,0.9375,0.30583333333333335,1,NONE,16.0,15.0,1.0,2178.10125,0.0625,0.7522148017682833,1.0,1,0.30583333333333335,11.504722222222222,1.0
T0015778,C00347,2026-01-06 00:00:23,1788.51,WALLET,FAILED,LIMIT_EXCEEDED,9,7.0,2.0,0.7777777777777778,38.55722222222222,1,NONE,9.0,7.0,2.0,2464.4277777777775,0.2222222222222222,0.7257303363187759,1.0,1,38.55722222222222,73.93277777777777,1.0
T0007814,C00170,2026-01-06 00:04:41,1700.08,UPI,FAILED,INSUFFICIENT_FUNDS,6,5.0,1.0,0.8333333333333334,69.08222222222223,1,NONE,6.0,5.0,1.0,2234.33,0.16666666666666666,0.7608902892589725,1.0,1,69.08222222222223,89.71388888888889,1.0
T0011393,C00249,2026-01-06 00:23:38,2055.11,CARD,FAILED,NETWORK_ERROR,6,6.0,0.0,1.0,4.943611111111111,1,NONE,6.0,6.0,0.0,1708.5033333333333,0.0,1.2028715191268773,1.0,1,4.943611111111111,-1.0,1.0
T0027037,C00592,2026-01-06 00:46:04,1196.38,CARD,FAILED,BANK_DECLINE,7,7.0,0.0,1.0,10.086388888888889,1,NONE,7.0,7.0,0.0,2739.7200000000003,0.0,0.43667966069525355,1.0,1,10.086388888888889,-1.0,1.0
T0028367,C00620,2026-01-06 00:52:35,10283.65,CARD,FAILED,BANK_DECLINE,10,9.0,1.0,0.9,11.916944444444445,1,NONE,10.0,9.0,1.0,1462.641,0.1,7.03087770683305,1.0,1,11.916944444444445,68.82194444444444,1.0
T0009042,C00196,2026-01-06 00:59:38,2534.22,UPI,FAILED,BANK_DECLINE,5,5.0,0.0,1.0,27.120833333333334,1,NONE,5.0,5.0,0.0,1647.67,0.0,1.538062840253206,1.0,1,27.120833333333334,-1.0,1.0
T0008774,C00190,2026-01-06 01:15:32,2931.32,NETBANKING,FAILED,BANK_DECLINE,6,6.0,0.0,1.0,11.579166666666667,1,NONE,6.0,6.0,0.0,1420.3516666666667,0.0,2.0637987540644276,1.0,1,11.579166666666667,-1.0,1.0
T0041660,C00908,2026-01-06 03:01:11,645.37,CARD,FAILED,INSUFFICIENT_FUNDS,14,13.0,1.0,0.9285714285714286,0.7497222222222222,1,NONE,14.0,13.0,1.0,2244.296428571429,0.07142857142857142,0.28756005302329873,1.0,1,0.7497222222222222,26.988055555555555,1.0
T0013530,C00296,2026-01-06 03:25:02,3164.84,CARD,FAILED,LIMIT_EXCEEDED,4,3.0,1.0,0.75,53.37361111111111,1,NONE,4.0,3.0,1.0,1949.42,0.25,1.6234777523571113,1.0,1,53.37361111111111,86.66361111111111,1.0
T0002827,C00067,2026-01-06 03:32:00,3584.78,CARD,FAILED,BANK_DECLINE,8,7.0,1.0,0.875,13.805555555555555,1,NONE,8.0,7.0,1.0,3688.92875,0.125,0.9717672101961851,1.0,1,13.805555555555555,93.79222222222222,1.0
T0009390,C00205,2026-01-06 03:39:54,11137.62,UPI,FAILED,INSUFFICIENT_FUNDS,15,14.0,1.0,0.9333333333333333,3.2091666666666665,1,NONE,15.0,14.0,1.0,2570.9306666666666,0.06666666666666667,4.332135496458352,1.0,1,3.2091666666666665,87.18416666666667,1.0
T0022639,C00498,2026-01-06 04:18:01,5537.19,CARD,FAILED,BANK_DECLINE,5,5.0,0.0,1.0,5.553055555555556,1,NONE,5.0,5.0,0.0,2856.3,0.0,1.9385883835731539,1.0,1,5.553055555555556,-1.0,1.0
T0035654,C00775,2026-01-06 05:00:46,9677.3,UPI,FAILED,BANK_DECLINE,9,9.0,0.0,1.0,16.284166666666668,1,NONE,9.0,9.0,0.0,3298.89,0.0,2.9335018748730635,1.0,1,16.284166666666668,-1.0,1.0
T0036532,C00795,2026-01-06 06:21:32,1243.71,WALLET,FAILED,BANK_DECLINE,10,9.0,1.0,0.9,7.625,1,NONE,10.0,9.0,1.0,1602.493,0.1,0.7761094744251613,1.0,1,7.625,107.60777777777778,1.0
T0000260,C00006,2026-01-06 06:30:08,3495.78,UPI,FAILED,INSUFFICIENT_FUNDS,9,9.0,0.0,1.0,1.97,1,NONE,9.0,9.0,0.0,1416.5844444444444,0.0,2.4677526381923345,1.0,1,1.97,-1.0,1.0
T0042024,C00918,2026-01-06 06:40:22,1577.72,UPI,FAILED,BANK_DECLINE,8,6.0,2.0,0.75,7.243333333333333,0,INSUFFICIENT_FUNDS,8.0,6.0,2.0,3570.42375,0.25,0.4418859246048876,1.0,3,59.71666666666667,7.243333333333333,1.0
T0008826,C00191,2026-01-06 06:43:25,1254.31,UPI,FAILED,BANK_DECLINE,6,6.0,0.0,1.0,0.755,1,NONE,6.0,6.0,0.0,945.4716666666667,0.0,1.326650014190448,1.0,1,0.755,-1.0,1.0
T0034060,C00739,2026-01-06 07:12:02,10016.59,CARD,FAILED,INSUFFICIENT_FUNDS,7,6.0,1.0,0.8571428571428571,11.439444444444444,0,INSUFFICIENT_FUNDS,7.0,6.0,1.0,1714.98,0.14285714285714285,5.840645371957691,1.0,2,38.28055555555556,11.439444444444444,1.0
T0016558,C00362,2026-01-06 07:12:50,733.36,CARD,FAILED,BANK_DECLINE,8,8.0,0.0,1.0,8.711388888888889,1,NONE,8.0,8.0,0.0,2511.60875,0.0,0.29198815301149117,1.0,1,8.711388888888889,-1.0,1.0
T0008118,C00176,2026-01-06 07:18:48,2934.3,CARD,FAILED,BANK_DECLINE,8,8.0,0.0,1.0,32.693888888888885,1,NONE,8.0,8.0,0.0,2232.79125,0.0,1.3141846556412293,1.0,1,32.693888888888885,-1.0,1.0
T0044753,C00976,2026-01-06 07:43:20,12944.58,UPI,FAILED,PAYMENT_TIMEOUT,10,10.0,0.0,1.0,2.795,1,NONE,10.0,10.0,0.0,1909.25,0.0,6.779929291606652,1.0,1,2.795,-1.0,1.0
T0013047,C00286,2026-01-06 08:20:45,6490.85,UPI,FAILED,NETWORK_ERROR,9,9.0,0.0,1.0,39.135,1,NONE,9.0,9.0,0.0,3541.3333333333335,0.0,1.832883094879518,1.0,1,39.135,-1.0,1.0
T0006585,C00143,2026-01-06 08:27:27,2578.22,CARD,FAILED,NETWORK_ERROR,5,5.0,0.0,1.0,2.573888888888889,1,NONE,5.0,5.0,0.0,1360.034,0.0,1.8957026074348138,1.0,1,2.573888888888889,-1.0,1.0
T0020818,C00458,2026-01-06 08:27:46,1260.34,UPI,FAILED,PAYMENT_TIMEOUT,9,9.0,0.0,1.0,0.33055555555555555,1,NONE,9.0,9.0,0.0,1364.7288888888888,0.0,0.92350943125863,1.0,1,0.33055555555555555,-1.0,1.0
T0035488,C00772,2026-01-06 08:34:15,2188.87,NETBANKING,FAILED,NETWORK_ERROR,9,8.0,1.0,0.8888888888888888,36.41888888888889,1,NONE,9.0,8.0,1.0,1926.0655555555556,0.1111111111111111,1.1364462614921955,1.0,1,36.41888888888889,110.99694444444444,1.0
T0038261,C00833,2026-01-06 08:35:23,3250.15,UPI,FAILED,INSUFFICIENT_FUNDS,9,6.0,3.0,0.6666666666666666,16.426388888888887,0,PAYMENT_TIMEOUT,9.0,6.0,3.0,1990.8077777777778,0.3333333333333333,1.6325785122398668,1.0,2,19.450833333333332,16.426388888888887,1.0
T0045107,C00984,2026-01-06 08:35:50,1196.23,NETBANKING,FAILED,NETWORK_ERROR,8,7.0,1.0,0.875,1.1697222222222223,1,NONE,8.0,7.0,1.0,1104.09375,0.125,1.0834496617701168,1.0,1,1.1697222222222223,113.73694444444445,1.0
T0005295,C00117,2026-01-06 08:36:28,4928.56,UPI,FAILED,NETWORK_ERROR,14,14.0,0.0,1.0,8.335,1,NONE,14.0,14.0,0.0,2437.7414285714285,0.0,2.021773081523354,1.0,1,8.335,-1.0,1.0
T0045247,C00986,2026-01-06 08:40:24,1321.99,UPI,FAILED,LIMIT_EXCEEDED,7,7.0,0.0,1.0,20.479166666666668,1,NONE,7.0,7.0,0.0,1071.83,0.0,1.2333952212571024,1.0,1,20.479166666666668,-1.0,1.0
T0015990,C00350,2026-01-06 09:01:12,1926.7,NETBANKING,FAILED,BANK_DECLINE,9,9.0,0.0,1.0,4.62,1,NONE,9.0,9.0,0.0,2144.448888888889,0.0,0.8984592778046055,1.0,1,4.62,-1.0,1.0
T0014278,C00314,2026-01-06 09:10:52,478.97,CARD,FAILED,BANK_DECLINE,7,7.0,0.0,1.0,7.118611111111111,1,NONE,7.0,7.0,0.0,2283.3371428571427,0.0,0.20976753323456399,1.0,1,7.118611111111111,-1.0,1.0
T0023316,C00512,2026-01-06 09:53:57,4270.86,CARD,FAILED,LIMIT_EXCEEDED,11,10.0,1.0,0.9090909090909091,8.4025,1,NONE,11.0,10.0,1.0,1959.2254545454546,0.09090909090909091,2.17987163758591,1.0,1,8.4025,54.096111111111114,1.0
T0037506,C00815,2026-01-06 10:07:06,2671.85,UPI,FAILED,INSUFFICIENT_FUNDS,8,8.0,0.0,1.0,14.061944444444444,1,NONE,8.0,8.0,0.0,975.7125,0.0,2.7383578666871644,1.0,1,14.061944444444444,-1.0,1.0
T0027488,C00602,2026-01-06 10:43:35,14592.82,CARD,FAILED,NETWORK_ERROR,5,5.0,0.0,1.0,31.653333333333332,1,NONE,5.0,5.0,0.0,2106.608,0.0,6.927164427363799,1.0,1,31.653333333333332,-1.0,1.0
T0039103,C00851,2026-01-06 11:07:49,242.71,WALLET,FAILED,NETWORK_ERROR,4,4.0,0.0,1.0,7.680555555555555,1,NONE,4.0,4.0,0.0,2465.275,0.0,0.09845149121294784,1.0,1,7.680555555555555,-1.0,1.0
T0028886,C00631,2026-01-06 11:16:19,650.28,UPI,FAILED,BANK_DECLINE,8,7.0,1.0,0.875,9.75388888888889,1,NONE,8.0,7.0,1.0,2251.04,0.125,0.2888798066671405,1.0,1,9.75388888888889,75.53333333333333,1.0
T0042549,C00930,2026-01-06 11:19:53,475.94,WALLET,FAILED,PAYMENT_TIMEOUT,7,7.0,0.0,1.0,3.0169444444444444,1,NONE,7.0,7.0,0.0,1888.8357142857144,0.0,0.251975328717237,1.0,1,3.0169444444444444,-1.0,1.0
T0008618,C00187,2026-01-06 11:20:39,406.05,UPI,FAILED,INSUFFICIENT_FUNDS,14,13.0,1.0,0.9285714285714286,0.04472222222222222,1,NONE,14.0,13.0,1.0,2182.7157142857145,0.07142857142857142,0.18602972312996718,1.0,1,0.04472222222222222,124.69,1.0
T0026571,C00585,2026-01-06 11:40:51,4125.24,UPI,FAILED,LIMIT_EXCEEDED,10,10.0,0.0,1.0,5.843055555555556,1,NONE,10.0,10.0,0.0,1859.664,0.0,2.2182716877887616,1.0,1,5.843055555555556,-1.0,1.0
T0020709,C00456,2026-01-06 11:52:43,2280.23,UPI,FAILED,INSUFFICIENT_FUNDS,4,4.0,0.0,1.0,38.49777777777778,1,NONE,4.0,4.0,0.0,1565.425,0.0,1.456620406598847,1.0,1,38.49777777777778,-1.0,1.0
T0037386,C00812,2026-01-06 12:34:49,1264.51,UPI,FAILED,BANK_DECLINE,8,8.0,0.0,1.0,12.233333333333333,1,NONE,8.0,8.0,0.0,1980.3587499999999,0.0,0.6385257216653296,1.0,1,12.233333333333333,-1.0,1.0
T0031570,C00684,2026-01-06 12:36:36,1245.51,UPI,FAILED,INSUFFICIENT_FUNDS,9,9.0,0.0,1.0,6.721388888888889,1,NONE,9.0,9.0,0.0,2220.8522222222223,0.0,0.5608252487658641,1.0,1,6.721388888888889,-1.0,1.0
T0014571,C00321,2026-01-06 12:54:40,641.17,NETBANKING,FAILED,BANK_DECLINE,5,5.0,0.0,1.0,43.108333333333334,1,NONE,5.0,5.0,0.0,1940.654,0.0,0.33038862156778076,1.0,1,43.108333333333334,-1.0,1.0
T0035138,C00764,2026-01-06 14:46:25,2046.97,UPI,FAILED,INSUFFICIENT_FUNDS,8,6.0,2.0,0.75,11.13,1,NONE,8.0,6.0,2.0,1795.36875,0.25,1.1401390382894878,1.0,1,11.13,24.13388888888889,1.0
T0033764,C00733,2026-01-06 15:21:21,1058.75,NETBANKING,FAILED,PAYMENT_TIMEOUT,14,14.0,0.0,1.0,3.9319444444444445,1,NONE,14.0,14.0,0.0,2161.969285714286,0.0,0.48971556025145063,1.0,1,3.9319444444444445,-1.0,1.0
T0037702,C00819,2026-01-06 15:22:28,477.55,CARD,FAILED,INSUFFICIENT_FUNDS,6,6.0,0.0,1.0,6.329444444444444,1,NONE,6.0,6.0,0.0,2189.405,0.0,0.21811862126924894,1.0,1,6.329444444444444,-1.0,1.0
T0024440,C00537,2026-01-06 16:09:26,136.27,NETBANKING,FAILED,NETWORK_ERROR,6,6.0,0.0,1.0,18.52722222222222,1,NONE,6.0,6.0,0.0,1365.3016666666667,0.0,0.0998094438225496,1.0,1,18.52722222222222,-1.0,1.0
T0000496,C00012,2026-01-06 16:55:26,1287.9,UPI,FAILED,PAYMENT_TIMEOUT,18,17.0,1.0,0.9444444444444444,6.944444444444445,1,NONE,18.0,17.0,1.0,2027.9416666666668,0.05555555555555555,0.6350774389467153,1.0,1,6.944444444444445,21.6325,1.0
T0037261,C00809,2026-01-06 16:59:41,778.06,CARD,FAILED,INSUFFICIENT_FUNDS,9,9.0,0.0,1.0,0.9180555555555555,1,NONE,9.0,9.0,0.0,2493.8922222222222,0.0,0.3119862169932497,1.0,1,0.9180555555555555,-1.0,1.0
T0045776,C00999,2026-01-06 17:04:21,4416.1,UPI,FAILED,BANK_DECLINE,11,7.0,4.0,0.6363636363636364,0.48138888888888887,1,NONE,11.0,7.0,4.0,1653.021818181818,0.36363636363636365,2.6715315862299573,1.0,1,0.48138888888888887,21.601111111111113,1.0
T0004370,C00096,2026-01-06 17:12:11,2305.41,UPI,FAILED,INSUFFICIENT_FUNDS,13,13.0,0.0,1.0,2.932777777777778,1,NONE,13.0,13.0,0.0,2989.872307692308,0.0,0.7710730635782233,1.0,1,2.932777777777778,-1.0,1.0
T0029523,C00643,2026-01-06 18:16:31,835.27,UPI,FAILED,INSUFFICIENT_FUNDS,20,20.0,0.0,1.0,8.416944444444445,1,NONE,20.0,20.0,0.0,1153.557,0.0,0.7240821216463512,1.0,1,8.416944444444445,-1.0,1.0
T0013917,C00304,2026-01-06 18:59:51,2197.48,CARD,FAILED,INSUFFICIENT_FUNDS,3,3.0,0.0,1.0,39.67444444444445,1,NONE,3.0,3.0,0.0,1332.8233333333335,0.0,1.6487406432960605,1.0,1,39.67444444444445,-1.0,1.0
T0018386,C00404,2026-01-06 19:23:44,1851.95,NETBANKING,FAILED,BANK_DECLINE,9,9.0,0.0,1.0,3.7744444444444443,1,NONE,9.0,9.0,0.0,2210.8022222222226,0.0,0.8376823495945663,1.0,1,3.7744444444444443,-1.0,1.0
T0008558,C00186,2026-01-06 19:46:53,3115.23,CARD,FAILED,BANK_DECLINE,13,13.0,0.0,1.0,7.663333333333333,1,NONE,13.0,13.0,0.0,2076.7215384615383,0.0,1.5000711180121924,1.0,1,7.663333333333333,-1.0,1.0
T0014515,C00320,2026-01-06 20:01:49,4203.91,NETBANKING,FAILED,PAYMENT_TIMEOUT,16,14.0,2.0,0.875,2.3941666666666666,1,NONE,16.0,14.0,2.0,2200.47875,0.125,1.9104524413153272,1.0,1,2.3941666666666666,109.34916666666666,1.0
T0001969,C00045,2026-01-06 20:22:07,3555.17,CARD,FAILED,INSUFFICIENT_FUNDS,7,7.0,0.0,1.0,2.9019444444444447,1,NONE,7.0,7.0,0.0,2950.952857142857,0.0,1.2047532346694798,1.0,1,2.9019444444444447,-1.0,1.0
T0033148,C00721,2026-01-06 20:53:40,2503.35,NETBANKING,FAILED,BANK_DECLINE,4,3.0,1.0,0.75,28.93027777777778,1,NONE,4.0,3.0,1.0,2250.7725,0.25,1.1122181384391359,1.0,1,28.93027777777778,90.0475,1.0
T0011642,C00255,2026-01-06 20:59:55,4127.94,CARD,FAILED,INSUFFICIENT_FUNDS,19,18.0,1.0,0.9473684210526315,8.285833333333333,1,NONE,19.0,18.0,1.0,1764.5452631578949,0.05263157894736842,2.3393789245238668,1.0,1,8.285833333333333,110.74527777777777,1.0
T0000794,C00018,2026-01-06 21:07:58,3249.84,NETBANKING,FAILED,INSUFFICIENT_FUNDS,14,12.0,2.0,0.8571428571428571,3.425,1,NONE,14.0,12.0,2.0,2129.039285714286,0.14285714285714285,1.5264349614430384,1.0,1,3.425,30.6775,1.0
T0023239,C00511,2026-01-06 21:27:03,1123.88,NETBANKING,FAILED,BANK_DECLINE,11,11.0,0.0,1.0,4.424166666666666,1,NONE,11.0,11.0,0.0,2311.895454545455,0.0,0.48612924853081985,1.0,1,4.424166666666666,-1.0,1.0
T0002784,C00065,2026-01-06 21:46:09,4234.55,UPI,FAILED,INSUFFICIENT_FUNDS,9,9.0,0.0,1.0,10.544722222222223,1,NONE,9.0,9.0,0.0,1634.2522222222224,0.0,2.5911239051227644,1.0,1,10.544722222222223,-1.0,1.0
T0034082,C00740,2026-01-06 22:17:58,536.76,CARD,FAILED,INSUFFICIENT_FUNDS,8,8.0,0.0,1.0,18.70861111111111,1,NONE,8.0,8.0,0.0,1442.77,0.0,0.372034350589491,1.0,1,18.70861111111111,-1.0,1.0
T0018800,C00414,2026-01-06 22:47:58,1843.83,NETBANKING,FAILED,NETWORK_ERROR,5,4.0,1.0,0.8,51.13027777777778,0,PAYMENT_TIMEOUT,5.0,4.0,1.0,2353.27,0.2,0.783518253324098,1.0,2,72.16388888888889,51.13027777777778,1.0
T0007632,C00167,2026-01-06 22:48:22,2103.2,UPI,FAILED,INSUFFICIENT_FUNDS,17,17.0,0.0,1.0,4.1725,1,NONE,17.0,17.0,0.0,2225.6476470588236,0.0,0.9449833637320636,1.0,1,4.1725,-1.0,1.0
T0012222,C00269,2026-01-06 22:59:17,2675.13,WALLET,FAILED,LIMIT_EXCEEDED,10,10.0,0.0,1.0,9.158333333333333,1,NONE,10.0,10.0,0.0,2646.9719999999998,0.0,1.0106378155870182,1.0,1,9.158333333333333,-1.0,1.0
T0005126,C00114,2026-01-06 23:23:09,5690.7,CARD,FAILED,LIMIT_EXCEEDED,5,5.0,0.0,1.0,50.765,1,NONE,5.0,5.0,0.0,1933.6200000000001,0.0,2.9430291370589874,1.0,1,50.765,-1.0,1.0
T0039240,C00855,2026-01-06 23:36:07,317.38,NETBANKING,FAILED,BANK_DECLINE,13,13.0,0.0,1.0,5.439722222222223,1,NONE,13.0,13.0,0.0,1599.4284615384615,0.0,0.19843338269391422,1.0,1,5.439722222222223,-1.0,1.0
T0016915,C00371,2026-01-06 23:37:46,1447.32,UPI,FAILED,INSUFFICIENT_FUNDS,9,9.0,0.0,1.0,43.17805555555555,1,NONE,9.0,9.0,0.0,2979.9744444444445,0.0,0.4856820174073081,1.0,1,43.17805555555555,-1.0,1.0
T0022824,C00502,2026-01-07 00:11:09,2879.41,NETBANKING,FAILED,NETWORK_ERROR,13,11.0,2.0,0.8461538461538461,14.395555555555555,1,NONE,13.0,11.0,2.0,1474.746153846154,0.15384615384615385,1.9524783926308047,1.0,1,14.395555555555555,70.63388888888889,1.0
T0039027,C00849,2026-01-07 00:39:46,1224.77,NETBANKING,FAILED,INSUFFICIENT_FUNDS,12,11.0,1.0,0.9166666666666666,6.246944444444445,1,NONE,12.0,11.0,1.0,2898.9874999999997,0.08333333333333333,0.422481987245547,1.0,1,6.246944444444445,75.34194444444445,1.0
T0002891,C00068,2026-01-07 00:47:10,611.99,CARD,FAILED,BANK_DECLINE,16,13.0,3.0,0.8125,19.912222222222223,1,NONE,16.0,13.0,3.0,2355.81,0.1875,0.25977901443664814,1.0,1,19.912222222222223,95.8411111111111,1.0
T0008318,C00180,2026-01-07 01:02:38,100.0,UPI,FAILED,PAYMENT_TIMEOUT,3,2.0,1.0,0.6666666666666666,41.27861111111111,1,NONE,3.0,2.0,1.0,968.4966666666666,0.3333333333333333,0.1032528076159271,1.0,1,41.27861111111111,55.0225,1.0
T0044123,C00962,2026-01-07 01:21:51,7316.7,CARD,FAILED,LIMIT_EXCEEDED,6,6.0,0.0,1.0,16.044722222222223,1,NONE,6.0,6.0,0.0,973.0983333333334,0.0,7.518972902704248,1.0,1,16.044722222222223,-1.0,1.0
T0008905,C00193,2026-01-07 01:21:52,5656.13,UPI,FAILED,INSUFFICIENT_FUNDS,11,7.0,4.0,0.6363636363636364,2.5483333333333333,1,NONE,11.0,7.0,4.0,1639.186363636364,0.36363636363636365,3.450571652787829,1.0,1,2.5483333333333333,32.85027777777778,1.0
T0016323,C00357,2026-01-07 01:33:15,1195.56,CARD,FAILED,INSUFFICIENT_FUNDS,3,3.0,0.0,1.0,39.772777777777776,1,NONE,3.0,3.0,0.0,706.6766666666666,0.0,1.6918062480247922,1.0,1,39.772777777777776,-1.0,1.0
T0006984,C00153,2026-01-07 01:49:28,1318.64,UPI,FAILED,BANK_DECLINE,14,12.0,2.0,0.8571428571428571,9.345555555555556,1,NONE,14.0,12.0,2.0,2120.737857142857,0.14285714285714285,0.6217835908189636,1.0,1,9.345555555555556,81.40638888888888,1.0
T0014488,C00319,2026-01-07 02:13:09,9490.22,UPI,FAILED,NETWORK_ERROR,5,5.0,0.0,1.0,20.512777777777778,1,NONE,5.0,5.0,0.0,1539.178,0.0,6.165771600165802,1.0,1,20.512777777777778,-1.0,1.0
T0036312,C00790,2026-01-07 02:21:35,470.57,CARD,FAILED,NETWORK_ERROR,9,8.0,1.0,0.8888888888888888,3.391111111111111,1,NONE,9.0,8.0,1.0,1162.388888888889,0.1111111111111111,0.4048300912871003,1.0,1,3.391111111111111,62.36,1.0
T0038102,C00828,2026-01-07 02:35:03,3866.02,CARD,FAILED,BANK_DECLINE,4,4.0,0.0,1.0,84.2786111111111,1,NONE,4.0,4.0,0.0,6639.2475,0.0,0.5822979185517635,1.0,1,84.2786111111111,-1.0,1.0
T0027359,C00599,2026-01-07 02:52:49,2397.26,WALLET,FAILED,NETWORK_ERROR,8,6.0,2.0,0.75,17.429444444444446,1,NONE,8.0,6.0,2.0,1900.9412499999999,0.25,1.261091051604041,1.0,1,17.429444444444446,78.61444444444444,1.0
T0015986,C00350,2026-01-07 03:05:55,6901.57,NETBANKING,FAILED,PAYMENT_TIMEOUT,10,9.0,1.0,0.9,18.078611111111112,0,BANK_DECLINE,10.0,9.0,1.0,2122.674,0.1,3.2513565436802825,1.0,2,22.698611111111113,18.078611111111112,1.0
T0020157,C00444,2026-01-07 03:38:37,591.35,UPI,FAILED,PAYMENT_TIMEOUT,7,6.0,1.0,0.8571428571428571,19.572222222222223,1,NONE,7.0,6.0,1.0,1201.0571428571427,0.14285714285714285,0.4923579227823109,1.0,1,19.572222222222223,101.69888888888889,1.0
T0031337,C00681,2026-01-07 03:39:25,755.36,UPI,FAILED,BANK_DECLINE,11,10.0,1.0,0.9090909090909091,20.733055555555556,1,NONE,11.0,10.0,1.0,1608.611818181818,0.09090909090909091,0.4695725789542989,1.0,1,20.733055555555556,144.86888888888888,1.0
T0036923,C00802,2026-01-07 04:06:55,2081.44,CARD,FAILED,INSUFFICIENT_FUNDS,14,13.0,1.0,0.9285714285714286,2.0241666666666664,1,NONE,14.0,13.0,1.0,2314.2,0.07142857142857142,0.8994209662086251,1.0,1,2.0241666666666664,118.86027777777778,1.0
T0016803,C00368,2026-01-07 04:17:01,4359.51,UPI,FAILED,PAYMENT_TIMEOUT,7,7.0,0.0,1.0,17.838333333333335,1,NONE,7.0,7.0,0.0,1543.32,0.0,2.824760905061815,1.0,1,17.838333333333335,-1.0,1.0
T0016525,C00361,2026-01-07 04:18:42,2761.89,UPI,FAILED,INSUFFICIENT_FUNDS,10,7.0,3.0,0.7,11.865277777777777,1,NONE,10.0,7.0,3.0,2292.339,0.3,1.2048348869866106,1.0,1,11.865277777777777,113.9713888888889,1.0
T0042241,C00923,2026-01-07 04:19:40,3417.52,CARD,FAILED,BANK_DECLINE,4,4.0,0.0,1.0,65.67555555555556,1,NONE,4.0,4.0,0.0,2341.2149999999997,0.0,1.4597207005764103,1.0,1,65.67555555555556,-1.0,1.0
T0004005,C00088,2026-01-07 04:25:59,1133.97,UPI,FAILED,BANK_DECLINE,5,5.0,0.0,1.0,20.174722222222222,1,NONE,5.0,5.0,0.0,1019.128,0.0,1.1126865320156054,1.0,1,20.174722222222222,-1.0,1.0
T0000665,C00015,2026-01-07 04:26:29,668.64,CARD,FAILED,INSUFFICIENT_FUNDS,11,10.0,1.0,0.9090909090909091,16.77111111111111,1,NONE,11.0,10.0,1.0,1956.4581818181819,0.09090909090909091,0.3417604353692944,1.0,1,16.77111111111111,81.6588888888889,1.0
T0010575,C00230,2026-01-07 04:27:32,6688.65,CARD,FAILED,INSUFFICIENT_FUNDS,14,13.0,1.0,0.9285714285714286,7.648611111111111,1,NONE,14.0,13.0,1.0,2085.85,0.07142857142857142,3.20667833257425,1.0,1,7.648611111111111,116.68333333333334,1.0
T0042881,C00937,2026-01-07 05:01:33,2107.02,CARD,FAILED,BANK_DECLINE,11,11.0,0.0,1.0,11.543611111111112,1,NONE,11.0,11.0,0.0,1626.0163636363636,0.0,1.2958172175389044,1.0,1,11.543611111111112,-1.0,1.0
T0006656,C00145,2026-01-07 05:23:33,1789.21,CARD,FAILED,INSUFFICIENT_FUNDS,11,10.0,1.0,0.9090909090909091,25.32027777777778,1,NONE,11.0,10.0,1.0,2198.3690909090906,0.09090909090909091,0.8138806205922905,1.0,1,25.32027777777778,35.827777777777776,1.0
T0006209,C00136,2026-01-07 05:43:52,488.4,UPI,FAILED,INSUFFICIENT_FUNDS,16,16.0,0.0,1.0,5.714444444444444,1,NONE,16.0,16.0,0.0,1359.4625,0.0,0.35925963386264786,1.0,1,5.714444444444444,-1.0,1.0
T0003557,C00080,2026-01-07 06:28:00,6070.59,CARD,FAILED,BANK_DECLINE,16,15.0,1.0,0.9375,55.03888888888889,1,NONE,16.0,15.0,1.0,3110.556875,0.0625,1.951608745299023,1.0,1,55.03888888888889,125.2525,1.0
T0009874,C00216,2026-01-07 06:32:51,956.37,CARD,FAILED,NETWORK_ERROR,11,10.0,1.0,0.9090909090909091,6.223333333333334,1,NONE,11.0,10.0,1.0,1612.4490909090907,0.09090909090909091,0.5931164000103739,1.0,1,6.223333333333334,138.56222222222223,1.0
T0032072,C00696,2026-01-07 06:42:43,985.5,UPI,FAILED,NETWORK_ERROR,9,9.0,0.0,1.0,4.576388888888889,1,NONE,9.0,9.0,0.0,2351.9577777777777,0.0,0.4190126239983522,1.0,1,4.576388888888889,-1.0,1.0
T0041794,C00911,2026-01-07 07:15:26,420.9,UPI,FAILED,BANK_DECLINE,11,10.0,1.0,0.9090909090909091,10.73611111111111,1,NONE,11.0,10.0,1.0,1685.040909090909,0.09090909090909091,0.24978622045863466,1.0,1,10.73611111111111,83.35472222222222,1.0
T0043205,C00943,2026-01-07 07:33:28,709.92,UPI,FAILED,BANK_DECLINE,8,8.0,0.0,1.0,12.257777777777777,1,NONE,8.0,8.0,0.0,1946.09,0.0,0.3647929951852175,1.0,1,12.257777777777777,-1.0,1.0
T0041571,C00907,2026-01-07 08:09:14,2509.11,UPI,FAILED,NETWORK_ERROR,8,8.0,0.0,1.0,19.5475,1,NONE,8.0,8.0,0.0,1987.99375,0.0,1.262131734569085,1.0,1,19.5475,-1.0,1.0
T0038693,C00842,2026-01-07 08:15:30,1046.27,CARD,FAILED,INSUFFICIENT_FUNDS,11,11.0,0.0,1.0,1.4730555555555556,1,NONE,11.0,11.0,0.0,1857.411818181818,0.0,0.5632945746109078,1.0,1,1.4730555555555556,-1.0,1.0
T0038439,C00836,2026-01-07 08:28:53,17420.97,NETBANKING,FAILED,PAYMENT_TIMEOUT,13,11.0,2.0,0.8461538461538461,2.9586111111111113,1,NONE,13.0,11.0,2.0,2008.6115384615384,0.15384615384615385,8.673140458678882,1.0,1,2.9586111111111113,63.57277777777778,1.0
T0024664,C00543,2026-01-07 08:36:06,3092.56,CARD,FAILED,LIMIT_EXCEEDED,8,7.0,1.0,0.875,5.716944444444445,1,NONE,8.0,7.0,1.0,3812.36375,0.125,0.8111922688384601,1.0,1,5.716944444444445,100.32777777777778,1.0
T0015416,C00341,2026-01-07 09:08:17,2459.87,CARD,FAILED,INSUFFICIENT_FUNDS,6,6.0,0.0,1.0,51.441944444444445,1,NONE,6.0,6.0,0.0,1591.075,0.0,1.5460427698254324,1.0,1,51.441944444444445,-1.0,1.0
T0001480,C00034,2026-01-07 09:54:48,1007.25,NETBANKING,FAILED,NETWORK_ERROR,14,13.0,1.0,0.9285714285714286,8.4575,1,NONE,14.0,13.0,1.0,2462.305714285714,0.07142857142857142,0.4090678075253508,1.0,1,8.4575,99.93277777777777,1.0
T0012538,C00275,2026-01-07 09:56:36,624.01,UPI,FAILED,INSUFFICIENT_FUNDS,15,14.0,1.0,0.9333333333333333,1.3205555555555555,1,NONE,15.0,14.0,1.0,2069.5226666666667,0.06666666666666667,0.30152363636832197,1.0,1,1.3205555555555555,82.21638888888889,1.0
T0037870,C00824,2026-01-07 10:19:24,2108.76,WALLET,FAILED,LIMIT_EXCEEDED,9,9.0,0.0,1.0,10.924722222222222,1,NONE,9.0,9.0,0.0,1379.8166666666666,0.0,1.5282899902160918,1.0,1,10.924722222222222,-1.0,1.0
T0044338,C00966,2026-01-07 10:32:26,516.71,CARD,FAILED,BANK_DECLINE,13,13.0,0.0,1.0,13.276666666666667,1,NONE,13.0,13.0,0.0,2114.256923076923,0.0,0.24439319288027728,1.0,1,13.276666666666667,-1.0,1.0
T0019237,C00423,2026-01-07 10:36:11,2202.92,NETBANKING,FAILED,BANK_DECLINE,7,7.0,0.0,1.0,8.000833333333333,1,NONE,7.0,7.0,0.0,3293.944285714286,0.0,0.6687787676172856,1.0,1,8.000833333333333,-1.0,1.0
T0028069,C00615,2026-01-07 10:47:10,5554.95,UPI,FAILED,BANK_DECLINE,11,10.0,1.0,0.9090909090909091,18.147777777777776,1,NONE,11.0,10.0,1.0,1772.7354545454546,0.09090909090909091,3.1335470759365727,1.0,1,18.147777777777776,69.48638888888888,1.0
T0007679,C00167,2026-01-07 11:15:23,4038.42,UPI,FAILED,NETWORK_ERROR,19,18.0,1.0,0.9473684210526315,3.667222222222222,1,NONE,19.0,18.0,1.0,2139.3447368421052,0.05263157894736842,1.8876901559872612,1.0,1,3.667222222222222,12.450277777777778,1.0
T0023406,C00515,2026-01-07 11:26:00,1582.64,UPI,FAILED,INSUFFICIENT_FUNDS,11,11.0,0.0,1.0,36.1825,1,NONE,11.0,11.0,0.0,1344.9554545454544,0.0,1.1767229871080558,1.0,1,36.1825,-1.0,1.0
T0027586,C00604,2026-01-07 11:55:14,817.69,WALLET,FAILED,INSUFFICIENT_FUNDS,10,10.0,0.0,1.0,17.24138888888889,1,NONE,10.0,10.0,0.0,1467.709,0.0,0.5571199740548024,1.0,1,17.24138888888889,-1.0,1.0
T0011407,C00249,2026-01-07 11:58:45,2414.38,CARD,FAILED,LIMIT_EXCEEDED,12,11.0,1.0,0.9166666666666666,3.6230555555555557,1,NONE,12.0,11.0,1.0,1736.865,0.08333333333333333,1.3900792519856178,1.0,1,3.6230555555555557,35.585277777777776,1.0
T0006704,C00146,2026-01-07 12:01:45,836.96,CARD,FAILED,PAYMENT_TIMEOUT,7,6.0,1.0,0.8571428571428571,37.492777777777775,1,NONE,7.0,6.0,1.0,955.7928571428572,0.14285714285714285,0.8756709089686199,1.0,1,37.492777777777775,90.1061111111111,1.0
T0040713,C00888,2026-01-07 12:34:25,278.43,CARD,FAILED,INSUFFICIENT_FUNDS,13,13.0,0.0,1.0,13.851944444444445,1,NONE,13.0,13.0,0.0,2292.6576923076923,0.0,0.12144420902177688,1.0,1,13.851944444444445,-1.0,1.0
T0000183,C00005,2026-01-07 12:59:55,806.92,NETBANKING,FAILED,PAYMENT_TIMEOUT,10,10.0,0.0,1.0,5.73,1,NONE,10.0,10.0,0.0,1383.342,0.0,0.5833120081657319,1.0,1,5.73,-1.0,1.0
T0042579,C00931,2026-01-07 13:01:38,1124.12,CARD,FAILED,BANK_DECLINE,6,4.0,2.0,0.6666666666666666,2.274722222222222,1,NONE,6.0,4.0,2.0,2291.161666666667,0.3333333333333333,0.49063320862706467,1.0,1,2.274722222222222,88.1613888888889,1.0
T0014849,C00327,2026-01-07 13:17:22,328.13,CARD,FAILED,LIMIT_EXCEEDED,12,12.0,0.0,1.0,0.7469444444444444,1,NONE,12.0,12.0,0.0,3023.51,0.0,0.1085261831447556,1.0,1,0.7469444444444444,-1.0,1.0
T0038875,C00846,2026-01-07 14:32:02,4781.54,WALLET,FAILED,PAYMENT_TIMEOUT,10,10.0,0.0,1.0,5.073333333333333,1,NONE,10.0,10.0,0.0,1680.618,0.0,2.845108168542762,1.0,1,5.073333333333333,-1.0,1.0
T0034858,C00757,2026-01-07 14:34:16,1247.7,UPI,FAILED,INSUFFICIENT_FUNDS,12,11.0,1.0,0.9166666666666666,19.070555555555554,1,NONE,12.0,11.0,1.0,2224.5325,0.08333333333333333,0.5608818931618217,1.0,1,19.070555555555554,114.44416666666666,1.0
T0028673,C00627,2026-01-07 14:52:50,494.84,CARD,FAILED,INSUFFICIENT_FUNDS,11,11.0,0.0,1.0,1.9377777777777778,1,NONE,11.0,11.0,0.0,1377.2427272727275,0.0,0.35929759526115085,1.0,1,1.9377777777777778,-1.0,1.0
T0030981,C00674,2026-01-07 14:57:56,606.82,CARD,FAILED,BANK_DECLINE,11,11.0,0.0,1.0,52.36666666666667,1,NONE,11.0,11.0,0.0,1819.7318181818182,0.0,0.3334667196215227,1.0,1,52.36666666666667,-1.0,1.0
T0036121,C00785,2026-01-07 15:13:04,1241.56,UPI,FAILED,INSUFFICIENT_FUNDS,9,9.0,0.0,1.0,15.59361111111111,1,NONE,9.0,9.0,0.0,2987.2233333333334,0.0,0.4156234273299508,1.0,1,15.59361111111111,-1.0,1.0
T0022684,C00499,2026-01-07 15:19:59,1022.68,UPI,FAILED,INSUFFICIENT_FUNDS,8,8.0,0.0,1.0,29.30472222222222,1,NONE,8.0,8.0,0.0,2525.01625,0.0,0.4050191756191668,1.0,1,29.30472222222222,-1.0,1.0
T0014913,C00328,2026-01-07 15:34:55,2155.17,CARD,FAILED,BANK_DECLINE,8,8.0,0.0,1.0,11.358888888888888,1,NONE,8.0,8.0,0.0,1459.33125,0.0,1.4768202901157637,1.0,1,11.358888888888888,-1.0,1.0
T0012207,C00269,2026-01-07 15:38:06,2547.22,WALLET,FAILED,INSUFFICIENT_FUNDS,11,10.0,1.0,0.9090909090909091,16.646944444444443,0,LIMIT_EXCEEDED,11.0,10.0,1.0,2649.531818181818,0.09090909090909091,0.961384944509922,1.0,2,25.80527777777778,16.646944444444443,1.0
T0010414,C00227,2026-01-07 15:40:57,739.92,NETBANKING,FAILED,PAYMENT_TIMEOUT,15,12.0,3.0,0.8,0.7613888888888889,1,NONE,15.0,12.0,3.0,2236.884,0.2,0.3307815693616656,1.0,1,0.7613888888888889,93.59805555555556,1.0
T0021188,C00467,2026-01-07 15:57:43,3183.58,UPI,FAILED,INSUFFICIENT_FUNDS,11,9.0,2.0,0.8181818181818182,16.605555555555554,1,NONE,11.0,9.0,2.0,2205.588181818182,0.18181818181818182,1.443415423715051,1.0,1,16.605555555555554,114.1975,1.0
T0041388,C00902,2026-01-07 16:25:32,1701.58,NETBANKING,FAILED,INSUFFICIENT_FUNDS,4,4.0,0.0,1.0,31.781666666666666,1,NONE,4.0,4.0,0.0,1602.6974999999998,0.0,1.061697544296413,1.0,1,31.781666666666666,-1.0,1.0
T0009615,C00210,2026-01-07 16:29:31,2074.29,CARD,FAILED,NETWORK_ERROR,17,15.0,2.0,0.8823529411764706,16.0625,1,NONE,17.0,15.0,2.0,2742.958235294118,0.11764705882352941,0.7562236906525779,1.0,1,16.0625,91.43277777777777,1.0
T0010290,C00223,2026-01-07 16:58:53,567.4,UPI,FAILED,NETWORK_ERROR,12,12.0,0.0,1.0,10.054722222222223,1,NONE,12.0,12.0,0.0,2994.5641666666666,0.0,0.18947665450481524,1.0,1,10.054722222222223,-1.0,1.0
T0013404,C00294,2026-01-07 17:15:01,763.6,CARD,FAILED,BANK_DECLINE,12,11.0,1.0,0.9166666666666666,30.560555555555556,1,NONE,12.0,11.0,1.0,3041.7000000000003,0.08333333333333333,0.2510438241772693,1.0,1,30.560555555555556,93.19444444444444,1.0
T0021895,C00482,2026-01-07 17:31:04,3974.88,UPI,FAILED,NETWORK_ERROR,9,9.0,0.0,1.0,58.58111111111111,1,NONE,9.0,9.0,0.0,2702.1744444444444,0.0,1.4709931137762717,1.0,1,58.58111111111111,-1.0,1.0
T0033943,C00737,2026-01-07 17:32:52,2634.54,UPI,FAILED,LIMIT_EXCEEDED,5,5.0,0.0,1.0,11.374444444444444,1,NONE,5.0,5.0,0.0,1892.3080000000002,0.0,1.3922363589859577,1.0,1,11.374444444444444,-1.0,1.0
T0027124,C00594,2026-01-07 17:52:24,4722.87,UPI,FAILED,LIMIT_EXCEEDED,9,7.0,2.0,0.7777777777777778,86.74222222222222,1,NONE,9.0,7.0,2.0,2415.44,0.2222222222222222,1.955283509422714,1.0,1,86.74222222222222,103.96527777777777,1.0
T0000236,C00006,2026-01-07 18:04:53,1392.94,UPI,FAILED,INSUFFICIENT_FUNDS,10,9.0,1.0,0.9,35.579166666666666,0,INSUFFICIENT_FUNDS,10.0,9.0,1.0,1624.5040000000001,0.1,0.8574555679764407,1.0,2,37.549166666666665,35.579166666666666,1.0
T0010059,C00219,2026-01-07 18:15:02,1315.88,NETBANKING,FAILED,NETWORK_ERROR,6,6.0,0.0,1.0,10.094166666666666,1,NONE,6.0,6.0,0.0,2455.5266666666666,0.0,0.5358850375615279,1.0,1,10.094166666666666,-1.0,1.0
T0039094,C00851,2026-01-07 18:17:18,759.31,WALLET,FAILED,LIMIT_EXCEEDED,7,6.0,1.0,0.8571428571428571,2.033611111111111,1,NONE,7.0,6.0,1.0,2170.6642857142856,0.14285714285714285,0.3498053591231124,1.0,1,2.033611111111111,31.158055555555556,1.0
T0006332,C00138,2026-01-07 18:51:10,2823.82,UPI,FAILED,INSUFFICIENT_FUNDS,19,17.0,2.0,0.8947368421052632,6.2425,1,NONE,19.0,17.0,2.0,1886.9931578947367,0.10526315789473684,1.496465415460464,1.0,1,6.2425,45.945,1.0
T0038064,C00827,2026-01-07 18:51:51,707.33,CARD,FAILED,BANK_DECLINE,19,17.0,2.0,0.8947368421052632,9.304444444444444,1,NONE,19.0,17.0,2.0,1937.0668421052633,0.10526315789473684,0.36515518443919687,1.0,1,9.304444444444444,44.45333333333333,1.0
T0013482,C00295,2026-01-07 19:00:30,1069.44,CARD,FAILED,PAYMENT_TIMEOUT,13,13.0,0.0,1.0,2.0283333333333333,1,NONE,13.0,13.0,0.0,1698.943076923077,0.0,0.6294737089937364,1.0,1,2.0283333333333333,-1.0,1.0
T0022507,C00495,2026-01-07 19:00:32,1919.17,CARD,FAILED,PAYMENT_TIMEOUT,15,15.0,0.0,1.0,7.173055555555556,1,NONE,15.0,15.0,0.0,1968.0639999999999,0.0,0.9751562957302202,1.0,1,7.173055555555556,-1.0,1.0
T0030476,C00664,2026-01-07 19:46:30,2102.22,WALLET,FAILED,PAYMENT_TIMEOUT,10,10.0,0.0,1.0,8.561111111111112,1,NONE,10.0,10.0,0.0,3754.113,0.0,0.559977816331048,1.0,1,8.561111111111112,-1.0,1.0
T0039443,C00858,2026-01-07 20:12:39,1205.15,NETBANKING,FAILED,INSUFFICIENT_FUNDS,6,6.0,0.0,1.0,8.131944444444445,1,NONE,6.0,6.0,0.0,1345.7283333333332,0.0,0.8955373608095741,1.0,1,8.131944444444445,-1.0,1.0
T0025824,C00569,2026-01-07 20:31:58,1812.89,UPI,FAILED,INSUFFICIENT_FUNDS,12,11.0,1.0,0.9166666666666666,6.336666666666667,1,NONE,12.0,11.0,1.0,2213.8166666666666,0.08333333333333333,0.8188979816154606,1.0,1,6.336666666666667,145.58666666666667,1.0
T0001962,C00045,2026-01-07 20:44:08,5300.62,CARD,FAILED,INSUFFICIENT_FUNDS,9,8.0,1.0,0.8888888888888888,15.575277777777778,1,NONE,9.0,8.0,1.0,3543.8277777777776,0.1111111111111111,1.4957329566742803,1.0,1,15.575277777777778,24.366944444444446,1.0
T0035129,C00764,2026-01-07 21:06:23,476.71,UPI,FAILED,INSUFFICIENT_FUNDS,10,7.0,3.0,0.7,23.621944444444445,1,NONE,10.0,7.0,3.0,1799.7630000000001,0.3,0.26487376393447354,1.0,1,23.621944444444445,30.33277777777778,1.0
T0030342,C00661,2026-01-07 21:14:16,581.32,UPI,FAILED,NETWORK_ERROR,7,7.0,0.0,1.0,16.02861111111111,1,NONE,7.0,7.0,0.0,2005.6399999999999,0.0,0.28984264374464014,1.0,1,16.02861111111111,-1.0,1.0
T0025613,C00562,2026-01-07 21:25:00,5747.59,CARD,FAILED,BANK_DECLINE,3,3.0,0.0,1.0,5.422777777777778,1,NONE,3.0,3.0,0.0,1500.8100000000002,0.0,3.829658650995129,1.0,1,5.422777777777778,-1.0,1.0
T0006054,C00133,2026-01-07 21:38:51,4664.56,UPI,FAILED,NETWORK_ERROR,8,8.0,0.0,1.0,7.589444444444444,1,NONE,8.0,8.0,0.0,2361.13125,0.0,1.9755615025636548,1.0,1,7.589444444444444,-1.0,1.0
T0039794,C00868,2026-01-07 21:40:26,5658.8,UPI,FAILED,PAYMENT_TIMEOUT,13,13.0,0.0,1.0,25.4425,1,NONE,13.0,13.0,0.0,1734.7284615384617,0.0,3.262066730018043,1.0,1,25.4425,-1.0,1.0
T0016838,C00369,2026-01-07 22:30:24,1953.99,UPI,FAILED,BANK_DECLINE,3,2.0,1.0,0.6666666666666666,23.571666666666665,1,NONE,3.0,2.0,1.0,4757.47,0.3333333333333333,0.41072040391216336,1.0,1,23.571666666666665,112.76444444444445,1.0
T0021613,C00476,2026-01-07 22:44:28,5993.9,CARD,FAILED,INSUFFICIENT_FUNDS,5,5.0,0.0,1.0,0.8177777777777778,1,NONE,5.0,5.0,0.0,3080.094,0.0,1.9460120372949654,1.0,1,0.8177777777777778,-1.0,1.0
T0004518,C00099,2026-01-07 22:52:52,24960.29,CARD,FAILED,INSUFFICIENT_FUNDS,6,6.0,0.0,1.0,3.3358333333333334,1,NONE,6.0,6.0,0.0,2659.4583333333335,0.0,9.385478872577435,1.0,1,3.3358333333333334,-1.0,1.0
T0017603,C00386,2026-01-07 23:21:07,2633.92,NETBANKING,FAILED,PAYMENT_TIMEOUT,17,17.0,0.0,1.0,21.249444444444446,1,NONE,17.0,17.0,0.0,1956.2582352941176,0.0,1.3464071115355576,1.0,1,21.249444444444446,-1.0,1.0
T0028257,C00619,2026-01-07 23:29:41,1894.57,UPI,FAILED,INSUFFICIENT_FUNDS,13,13.0,0.0,1.0,4.541666666666667,1,NONE,13.0,13.0,0.0,1687.1146153846153,0.0,1.122964606389881,1.0,1,4.541666666666667,-1.0,1.0
T0011185,C00243,2026-01-07 23:30:58,891.03,UPI,FAILED,BANK_DECLINE,10,9.0,1.0,0.9,22.21527777777778,1,NONE,10.0,9.0,1.0,2448.87,0.1,0.36385353244557694,1.0,1,22.21527777777778,155.82111111111112,1.0
T0032568,C00708,2026-01-07 23:42:12,1933.92,UPI,FAILED,INSUFFICIENT_FUNDS,10,10.0,0.0,1.0,2.7508333333333335,1,NONE,10.0,10.0,0.0,2865.642,0.0,0.6748644806294716,1.0,1,2.7508333333333335,-1.0,1.0
T0024850,C00547,2026-01-07 23:53:30,2900.37,CARD,FAILED,NETWORK_ERROR,14,14.0,0.0,1.0,7.061111111111111,1,NONE,14.0,14.0,0.0,1414.357142857143,0.0,2.050663097823342,1.0,1,7.061111111111111,-1.0,1.0
T0011106,C00241,2026-01-08 00:05:21,12403.52,CARD,FAILED,LIMIT_EXCEEDED,5,4.0,1.0,0.8,54.86805555555556,1,NONE,5.0,4.0,1.0,2575.118,0.2,4.8166802453324475,1.0,1,54.86805555555556,152.08944444444444,1.0
T0010756,C00233,2026-01-08 00:08:14,716.96,CARD,FAILED,LIMIT_EXCEEDED,11,10.0,1.0,0.9090909090909091,12.845277777777778,1,NONE,11.0,10.0,1.0,3616.75,0.09090909090909091,0.19823322043270894,1.0,1,12.845277777777778,101.5825,1.0
T0016981,C00373,2026-01-08 00:08:42,1267.85,CARD,FAILED,BANK_DECLINE,13,13.0,0.0,1.0,26.786666666666665,1,NONE,13.0,13.0,0.0,3282.6423076923074,0.0,0.38622849557169586,1.0,1,26.786666666666665,-1.0,1.0
T0026446,C00583,2026-01-08 00:27:04,4282.05,CARD,FAILED,NETWORK_ERROR,8,8.0,0.0,1.0,4.822222222222222,1,NONE,8.0,8.0,0.0,1793.37,0.0,2.3877114036701856,1.0,1,4.822222222222222,-1.0,1.0
T0044931,C00980,2026-01-08 00:56:49,1630.57,CARD,FAILED,LIMIT_EXCEEDED,5,4.0,1.0,0.8,78.47111111111111,1,NONE,5.0,4.0,1.0,2797.21,0.2,0.5829272739622695,1.0,1,78.47111111111111,166.86694444444444,1.0
T0001323,C00029,2026-01-08 00:59:17,499.55,UPI,FAILED,LIMIT_EXCEEDED,4,4.0,0.0,1.0,22.845,1,NONE,4.0,4.0,0.0,2251.7200000000003,0.0,0.2218526282130993,1.0,1,22.845,-1.0,1.0
T0004690,C00105,2026-01-08 01:04:10,1291.11,UPI,FAILED,NETWORK_ERROR,15,15.0,0.0,1.0,2.3980555555555556,1,NONE,15.0,15.0,0.0,2143.8126666666667,0.0,0.6022494502784602,1.0,1,2.3980555555555556,-1.0,1.0
T0026642,C00586,2026-01-08 01:05:57,884.87,UPI,FAILED,NETWORK_ERROR,7,6.0,1.0,0.8571428571428571,8.489166666666666,1,NONE,7.0,6.0,1.0,3281.9385714285713,0.14285714285714285,0.2696180872193569,1.0,1,8.489166666666666,134.89138888888888,1.0
T0034063,C00739,2026-01-08 01:29:36,1190.13,CARD,FAILED,INSUFFICIENT_FUNDS,11,9.0,2.0,0.8181818181818182,7.726944444444444,1,NONE,11.0,9.0,2.0,2519.729090909091,0.18181818181818182,0.47232458612073014,1.0,1,7.726944444444444,42.29277777777778,1.0
T0014158,C00311,2026-01-08 01:32:59,341.4,NETBANKING,FAILED,INSUFFICIENT_FUNDS,8,7.0,1.0,0.875,13.965555555555556,1,NONE,8.0,7.0,1.0,2248.9775,0.125,0.15180231905388114,1.0,1,13.965555555555556,71.47055555555555,1.0
T0031338,C00681,2026-01-08 02:19:33,612.82,UPI,FAILED,NETWORK_ERROR,14,12.0,2.0,0.8571428571428571,18.95888888888889,1,NONE,14.0,12.0,2.0,1656.8285714285714,0.14285714285714285,0.36987532118160343,1.0,1,18.95888888888889,22.66888888888889,1.0
T0038856,C00846,2026-01-08 02:45:49,563.1,WALLET,FAILED,INSUFFICIENT_FUNDS,12,11.0,1.0,0.9166666666666666,2.491388888888889,1,NONE,12.0,11.0,1.0,1841.8858333333335,0.08333333333333333,0.30571927413163047,1.0,1,2.491388888888889,12.229722222222222,1.0
T0006511,C00142,2026-01-08 03:37:32,1150.52,CARD,FAILED,INSUFFICIENT_FUNDS,7,7.0,0.0,1.0,6.98,1,NONE,7.0,7.0,0.0,1582.6171428571429,0.0,0.7269730428440413,1.0,1,6.98,-1.0,1.0
T0008745,C00190,2026-01-08 04:05:43,3332.8,NETBANKING,FAILED,INSUFFICIENT_FUNDS,13,12.0,1.0,0.9230769230769231,28.27722222222222,1,NONE,13.0,12.0,1.0,2198.71,0.07692307692307693,1.5157978996775383,1.0,1,28.27722222222222,50.83638888888889,1.0
T0025224,C00554,2026-01-08 04:08:29,1677.02,WALLET,FAILED,INSUFFICIENT_FUNDS,17,16.0,1.0,0.9411764705882353,0.9233333333333333,1,NONE,17.0,16.0,1.0,2228.774705882353,0.058823529411764705,0.7524403411317798,1.0,1,0.9233333333333333,57.61361111111111,1.0
T0009198,C00200,2026-01-08 04:18:08,2534.08,UPI,FAILED,INSUFFICIENT_FUNDS,9,9.0,0.0,1.0,22.43638888888889,1,NONE,9.0,9.0,0.0,2410.411111111111,0.0,1.0513061395704744,1.0,1,22.43638888888889,-1.0,1.0
T0011943,C00262,2026-01-08 04:18:36,3297.94,CARD,FAILED,INSUFFICIENT_FUNDS,11,11.0,0.0,1.0,32.11277777777778,1,NONE,11.0,11.0,0.0,2718.0790909090906,0.0,1.2133348183392885,1.0,1,32.11277777777778,-1.0,1.0
T0033849,C00735,2026-01-08 04:18:51,3693.22,UPI,FAILED,NETWORK_ERROR,15,15.0,0.0,1.0,7.599444444444444,1,NONE,15.0,15.0,0.0,1609.1893333333333,0.0,2.295081084305804,1.0,1,7.599444444444444,-1.0,1.0
T0016065,C00352,2026-01-08 04:25:30,3864.42,UPI,FAILED,PAYMENT_TIMEOUT,16,16.0,0.0,1.0,6.915,1,NONE,16.0,16.0,0.0,2033.581875,0.0,1.9003021454447218,1.0,1,6.915,-1.0,1.0
T0042949,C00938,2026-01-08 05:04:29,3438.61,UPI,FAILED,NETWORK_ERROR,12,12.0,0.0,1.0,8.702777777777778,1,NONE,12.0,12.0,0.0,2549.9758333333334,0.0,1.348487289585424,1.0,1,8.702777777777778,-1.0,1.0
T0004847,C00108,2026-01-08 05:09:26,850.16,CARD,FAILED,BANK_DECLINE,15,15.0,0.0,1.0,20.808888888888887,1,NONE,15.0,15.0,0.0,1711.7959999999998,0.0,0.49664796506125736,1.0,1,20.808888888888887,-1.0,1.0
T0015233,C00336,2026-01-08 05:10:17,1003.0,CARD,FAILED,NETWORK_ERROR,14,12.0,2.0,0.8571428571428571,3.0094444444444446,1,NONE,14.0,12.0,2.0,2866.046428571429,0.14285714285714285,0.3499594388985324,1.0,1,3.0094444444444446,63.54666666666667,1.0
T0038368,C00835,2026-01-08 05:44:59,1055.34,CARD,FAILED,BANK_DECLINE,9,7.0,2.0,0.7777777777777778,3.5972222222222223,1,NONE,8.0,6.0,2.0,2781.1575000000003,0.25,0.3794607101539556,0.8888888888888888,1,3.5972222222222223,65.32055555555556,1.0
T0017621,C00386,2026-01-08 05:45:50,784.42,NETBANKING,FAILED,PAYMENT_TIMEOUT,19,18.0,1.0,0.9473684210526315,2.7258333333333336,1,NONE,19.0,18.0,1.0,1945.673157894737,0.05263157894736842,0.4031612384727353,1.0,1,2.7258333333333336,6.411944444444444,1.0
T0009699,C00211,2026-01-08 06:02:28,323.44,UPI,FAILED,INSUFFICIENT_FUNDS,7,7.0,0.0,1.0,43.23305555555555,1,NONE,7.0,7.0,0.0,2016.8828571428571,0.0,0.16036627950628196,1.0,1,43.23305555555555,-1.0,1.0
T0028028,C00614,2026-01-08 06:10:44,3449.9,WALLET,FAILED,INSUFFICIENT_FUNDS,11,9.0,2.0,0.8181818181818182,4.798611111111111,1,NONE,11.0,9.0,2.0,2060.4281818181817,0.18181818181818182,1.6743607131968599,1.0,1,4.798611111111111,75.65777777777778,1.0
T0019913,C00438,2026-01-08 06:12:05,605.88,NETBANKING,FAILED,PAYMENT_TIMEOUT,6,6.0,0.0,1.0,53.98305555555555,1,NONE,6.0,6.0,0.0,1839.3400000000001,0.0,0.3294007633172768,1.0,1,53.98305555555555,-1.0,1.0
T0017890,C00393,2026-01-08 06:15:01,12155.7,UPI,FAILED,NETWORK_ERROR,6,5.0,1.0,0.8333333333333334,7.529166666666667,1,NONE,6.0,5.0,1.0,1850.085,0.16666666666666666,6.570346767851207,1.0,1,7.529166666666667,113.96916666666667,1.0
T0023305,C00512,2026-01-08 06:34:42,1786.35,CARD,FAILED,BANK_DECLINE,15,13.0,2.0,0.8666666666666667,39.50972222222222,1,NONE,15.0,13.0,2.0,2317.9293333333335,0.13333333333333333,0.7706662900853462,1.0,1,39.50972222222222,44.67916666666667,1.0
T0020574,C00452,2026-01-08 06:41:03,4866.97,WALLET,FAILED,LIMIT_EXCEEDED,19,18.0,1.0,0.9473684210526315,2.0972222222222223,1,NONE,19.0,18.0,1.0,1726.7626315789473,0.05263157894736842,2.818551844354922,1.0,1,2.0972222222222223,110.09583333333333,1.0
T0013176,C00289,2026-01-08 06:49:34,1110.34,CARD,FAILED,BANK_DECLINE,11,11.0,0.0,1.0,0.08666666666666667,1,NONE,11.0,11.0,0.0,2705.9654545454546,0.0,0.41033044163031035,1.0,1,0.08666666666666667,-1.0,1.0
T0024003,C00527,2026-01-08 06:54:34,3968.79,UPI,FAILED,INSUFFICIENT_FUNDS,7,7.0,0.0,1.0,16.27888888888889,1,NONE,7.0,7.0,0.0,3446.6442857142856,0.0,1.1514939375815234,1.0,1,16.27888888888889,-1.0,1.0
T0011880,C00261,2026-01-08 06:58:34,745.51,UPI,FAILED,LIMIT_EXCEEDED,7,7.0,0.0,1.0,13.1425,1,NONE,7.0,7.0,0.0,1649.3085714285714,0.0,0.45201365767126656,1.0,1,13.1425,-1.0,1.0
T0004943,C00110,2026-01-08 07:18:23,1381.58,CARD,FAILED,INSUFFICIENT_FUNDS,10,9.0,1.0,0.9,41.20166666666667,1,NONE,10.0,9.0,1.0,1768.687,0.1,0.7811331230455134,1.0,1,41.20166666666667,135.12583333333333,1.0
T0033932,C00737,2026-01-08 07:22:45,2463.2,UPI,FAILED,PAYMENT_TIMEOUT,6,5.0,1.0,0.8333333333333334,13.831388888888888,0,LIMIT_EXCEEDED,5.0,4.0,1.0,2321.558,0.2,1.0610116137524885,0.8333333333333334,2,25.205833333333334,13.831388888888888,1.0
T0036437,C00793,2026-01-08 07:36:19,520.81,NETBANKING,FAILED,PAYMENT_TIMEOUT,13,11.0,2.0,0.8461538461538461,7.091388888888889,1,NONE,13.0,11.0,2.0,2093.409230769231,0.15384615384615385,0.2487855658344577,1.0,1,7.091388888888889,91.35333333333334,1.0
T0030123,C00655,2026-01-08 07:43:28,244.71,UPI,FAILED,NETWORK_ERROR,14,14.0,0.0,1.0,18.7975,1,NONE,14.0,14.0,0.0,2689.1257142857144,0.0,0.09099983637804746,1.0,1,18.7975,-1.0,1.0
T0005074,C00113,2026-01-08 07:45:00,1988.54,CARD,FAILED,BANK_DECLINE,15,15.0,0.0,1.0,12.602222222222222,1,NONE,15.0,15.0,0.0,1842.9573333333333,0.0,1.0789940515895466,1.0,1,12.602222222222222,-1.0,1.0
T0013010,C00286,2026-01-08 07:45:26,3442.1,UPI,FAILED,PAYMENT_TIMEOUT,13,12.0,1.0,0.9230769230769231,9.225555555555555,1,NONE,13.0,12.0,1.0,3209.0315384615387,0.07692307692307693,1.072628909608722,1.0,1,9.225555555555555,47.41138888888889,1.0
T0030377,C00662,2026-01-08 07:59:39,3752.3,UPI,FAILED,NETWORK_ERROR,13,10.0,3.0,0.7692307692307693,12.260833333333334,1,NONE,13.0,10.0,3.0,2658.596153846154,0.23076923076923078,1.4113839721657613,1.0,1,12.260833333333334,62.11194444444445,1.0
T0009277,C00202,2026-01-08 08:31:14,1818.87,UPI,FAILED,NETWORK_ERROR,7,7.0,0.0,1.0,23.608055555555556,1,NONE,7.0,7.0,0.0,8178.495714285715,0.0,0.22239664402133327,1.0,1,23.608055555555556,-1.0,1.0
T0034269,C00745,2026-01-08 08:32:51,271.6,UPI,FAILED,PAYMENT_TIMEOUT,15,15.0,0.0,1.0,16.79222222222222,1,NONE,15.0,15.0,0.0,1471.3913333333335,0.0,0.18458719570184592,1.0,1,16.79222222222222,-1.0,1.0
T0045464,C00991,2026-01-08 08:37:16,2542.53,UPI,FAILED,INSUFFICIENT_FUNDS,10,9.0,1.0,0.9,0.5213888888888889,1,NONE,10.0,9.0,1.0,2260.084,0.1,1.1249714612377242,1.0,1,0.5213888888888889,66.35666666666667,1.0
T0042450,C00928,2026-01-08 08:40:41,1570.18,UPI,FAILED,NETWORK_ERROR,14,13.0,1.0,0.9285714285714286,19.15361111111111,1,NONE,14.0,13.0,1.0,1923.5392857142856,0.07142857142857142,0.8162973387969722,1.0,1,19.15361111111111,87.72972222222222,1.0
T0028584,C00625,2026-01-08 09:12:31,1563.76,WALLET,FAILED,NETWORK_ERROR,21,19.0,2.0,0.9047619047619048,6.8125,1,NONE,20.0,18.0,2.0,1834.779,0.1,0.8522879322250799,0.9523809523809523,1,6.8125,64.70027777777777,1.0
T0026247,C00576,2026-01-08 09:17:36,1664.37,NETBANKING,FAILED,BANK_DECLINE,20,20.0,0.0,1.0,15.7675,1,NONE,20.0,20.0,0.0,2034.8849999999998,0.0,0.8179184573083983,1.0,1,15.7675,-1.0,1.0
T0022303,C00491,2026-01-08 09:24:02,3641.81,WALLET,FAILED,NETWORK_ERROR,10,10.0,0.0,1.0,39.27305555555556,1,NONE,10.0,10.0,0.0,1877.6680000000001,0.0,1.939538832211019,1.0,1,39.27305555555556,-1.0,1.0
T0040160,C00874,2026-01-08 09:24:41,3285.42,CARD,FAILED,INSUFFICIENT_FUNDS,16,16.0,0.0,1.0,0.06638888888888889,1,NONE,16.0,16.0,0.0,1571.6325,0.0,2.0904505347146998,1.0,1,0.06638888888888889,-1.0,1.0
T0026431,C00582,2026-01-08 09:24:57,6228.38,WALLET,FAILED,NETWORK_ERROR,2,2.0,0.0,1.0,86.515,1,NONE,2.0,2.0,0.0,2016.6799999999998,0.0,3.0884324731737314,1.0,1,86.515,-1.0,1.0
T0003309,C00077,2026-01-08 09:30:07,7626.46,CARD,FAILED,BANK_DECLINE,22,22.0,0.0,1.0,0.6788888888888889,1,NONE,22.0,22.0,0.0,1531.36,0.0,4.9801875457110025,1.0,1,0.6788888888888889,-1.0,1.0
T0033472,C00727,2026-01-08 09:33:47,4836.64,NETBANKING,FAILED,BANK_DECLINE,10,9.0,1.0,0.9,5.210277777777778,1,NONE,10.0,9.0,1.0,1692.852,0.1,2.8570955996153238,1.0,1,5.210277777777778,83.49472222222222,1.0
T0019664,C00433,2026-01-08 10:04:22,1583.05,UPI,FAILED,PAYMENT_TIMEOUT,16,14.0,2.0,0.875,4.814722222222223,1,NONE,16.0,14.0,2.0,2312.028125,0.125,0.6847018783562592,1.0,1,4.814722222222223,77.24138888888889,1.0
T0009447,C00206,2026-01-08 10:36:42,755.97,CARD,FAILED,BANK_DECLINE,8,8.0,0.0,1.0,5.451666666666667,1,NONE,8.0,8.0,0.0,1728.7762500000001,0.0,0.4372862017279564,1.0,1,5.451666666666667,-1.0,1.0
T0035087,C00762,2026-01-08 10:47:38,2629.66,UPI,FAILED,NETWORK_ERROR,18,18.0,0.0,1.0,9.3075,1,NONE,18.0,18.0,0.0,1278.1716666666666,0.0,2.057360578847651,1.0,1,9.3075,-1.0,1.0
T0026498,C00584,2026-01-08 11:04:32,4210.67,UPI,FAILED,BANK_DECLINE,11,11.0,0.0,1.0,5.090277777777778,1,NONE,11.0,11.0,0.0,2606.1809090909087,0.0,1.6156476264991027,1.0,1,5.090277777777778,-1.0,1.0
T0021715,C00478,2026-01-08 11:09:18,433.08,WALLET,FAILED,INSUFFICIENT_FUNDS,20,20.0,0.0,1.0,2.203888888888889,1,NONE,20.0,20.0,0.0,1994.2599999999998,0.0,0.21716325855204438,1.0,1,2.203888888888889,-1.0,1.0
T0021294,C00469,2026-01-08 11:17:45,1866.98,CARD,FAILED,BANK_DECLINE,10,10.0,0.0,1.0,19.00027777777778,1,NONE,10.0,10.0,0.0,2469.33,0.0,0.756067435296214,1.0,1,19.00027777777778,-1.0,1.0
T0024191,C00532,2026-01-08 11:26:57,1857.23,UPI,FAILED,PAYMENT_TIMEOUT,8,8.0,0.0,1.0,29.23361111111111,1,NONE,8.0,8.0,0.0,2282.22,0.0,0.8137821945298876,1.0,1,29.23361111111111,-1.0,1.0
T0017955,C00395,2026-01-08 11:31:39,279.47,UPI,FAILED,INSUFFICIENT_FUNDS,8,7.0,1.0,0.875,84.84944444444444,1,NONE,8.0,7.0,1.0,3061.5950000000003,0.125,0.09128248510988554,1.0,1,84.84944444444444,96.74555555555555,1.0
T0028332,C00620,2026-01-08 11:55:03,893.0,CARD,FAILED,LIMIT_EXCEEDED,17,15.0,2.0,0.8823529411764706,8.209722222222222,1,NONE,17.0,15.0,2.0,2590.0523529411767,0.11764705882352941,0.3447806755666306,1.0,1,8.209722222222222,59.041111111111114,1.0
T0016945,C00372,2026-01-08 12:10:12,2232.77,CARD,FAILED,BANK_DECLINE,9,8.0,1.0,0.8888888888888888,1.4502777777777778,1,NONE,9.0,8.0,1.0,2785.777777777778,0.1111111111111111,0.8014889119336311,1.0,1,1.4502777777777778,79.81083333333333,1.0
T0031286,C00680,2026-01-08 12:36:08,9521.22,UPI,FAILED,BANK_DECLINE,15,15.0,0.0,1.0,19.8175,1,NONE,15.0,15.0,0.0,1610.716,0.0,5.911172422698973,1.0,1,19.8175,-1.0,1.0
T0032368,C00704,2026-01-08 12:51:36,657.07,CARD,FAILED,BANK_DECLINE,8,8.0,0.0,1.0,10.673055555555555,1,NONE,8.0,8.0,0.0,1116.215,0.0,0.5886589949068952,1.0,1,10.673055555555555,-1.0,1.0
T0008404,C00182,2026-01-08 13:03:51,1634.72,UPI,FAILED,BANK_DECLINE,14,12.0,2.0,0.8571428571428571,19.831666666666667,1,NONE,14.0,12.0,2.0,1767.9242857142858,0.14285714285714285,0.9246549828006532,1.0,1,19.831666666666667,135.8697222222222,1.0
T0028547,C00625,2026-01-08 13:07:29,1301.5,WALLET,FAILED,LIMIT_EXCEEDED,22,19.0,3.0,0.8636363636363636,3.9161111111111113,0,NETWORK_ERROR,21.0,18.0,3.0,1821.8733333333334,0.14285714285714285,0.7143745814747458,0.9545454545454546,2,10.72861111111111,3.9161111111111113,1.0
T0028649,C00627,2026-01-08 13:07:50,380.94,CARD,FAILED,INSUFFICIENT_FUNDS,12,11.0,1.0,0.9166666666666666,22.25,0,INSUFFICIENT_FUNDS,12.0,11.0,1.0,1303.7091666666668,0.08333333333333333,0.2921970710492051,1.0,2,24.18777777777778,22.25,1.0
T0009785,C00214,2026-01-08 13:40:20,4751.15,UPI,FAILED,PAYMENT_TIMEOUT,13,12.0,1.0,0.9230769230769231,15.548055555555555,1,NONE,13.0,12.0,1.0,2652.1061538461536,0.07692307692307693,1.7914629823959942,1.0,1,15.548055555555555,141.04694444444445,1.0
T0023081,C00507,2026-01-08 13:42:09,1232.98,NETBANKING,FAILED,INSUFFICIENT_FUNDS,8,7.0,1.0,0.875,9.135,1,NONE,8.0,7.0,1.0,1389.96125,0.125,0.8870607004331955,1.0,1,9.135,153.86777777777777,1.0
T0045467,C00991,2026-01-08 14:06:34,3117.13,UPI,FAILED,BANK_DECLINE,11,9.0,2.0,0.8181818181818182,5.488333333333333,0,INSUFFICIENT_FUNDS,11.0,9.0,2.0,2285.760909090909,0.18181818181818182,1.363716558281567,1.0,2,6.009722222222222,5.488333333333333,1.0
T0012677,C00278,2026-01-08 14:38:20,5308.42,NETBANKING,FAILED,NETWORK_ERROR,19,19.0,0.0,1.0,16.088055555555556,1,NONE,17.0,17.0,0.0,2455.8535294117646,0.0,2.1615377042748527,0.8947368421052632,1,16.088055555555556,-1.0,1.0
T0018552,C00409,2026-01-08 15:03:21,918.15,CARD,FAILED,BANK_DECLINE,19,19.0,0.0,1.0,0.15666666666666668,1,NONE,19.0,19.0,0.0,2829.3484210526317,0.0,0.32450934397765374,1.0,1,0.15666666666666668,-1.0,1.0
T0042793,C00935,2026-01-08 15:15:04,2554.49,UPI,FAILED,NETWORK_ERROR,21,19.0,2.0,0.9047619047619048,14.691944444444445,1,NONE,21.0,19.0,2.0,1460.9647619047619,0.09523809523809523,1.7484952865458114,1.0,1,14.691944444444445,114.545,1.0
T0019360,C00426,2026-01-08 15:23:24,959.03,CARD,FAILED,LIMIT_EXCEEDED,9,8.0,1.0,0.8888888888888888,93.4661111111111,1,NONE,9.0,8.0,1.0,2271.1222222222223,0.1111111111111111,0.4222714174588187,1.0,1,93.4661111111111,127.22055555555555,1.0
T0004150,C00091,2026-01-08 15:38:35,2961.86,UPI,FAILED,PAYMENT_TIMEOUT,8,7.0,1.0,0.875,5.019722222222223,1,NONE,8.0,7.0,1.0,1523.42875,0.125,1.9442064487755006,1.0,1,5.019722222222223,70.2786111111111,1.0
T0022023,C00484,2026-01-08 15:53:08,616.52,UPI,FAILED,NETWORK_ERROR,11,11.0,0.0,1.0,28.26361111111111,1,NONE,10.0,10.0,0.0,3152.9010000000003,0.0,0.19554055138426482,0.9090909090909091,1,28.26361111111111,-1.0,1.0
T0008564,C00186,2026-01-08 16:01:19,1594.62,CARD,FAILED,LIMIT_EXCEEDED,19,18.0,1.0,0.9473684210526315,1.5391666666666666,1,NONE,18.0,17.0,1.0,2839.227222222222,0.05555555555555555,0.5616387401188391,0.9473684210526315,1,1.5391666666666666,44.24055555555555,1.0
T0006189,C00136,2026-01-08 16:16:09,3562.58,UPI,FAILED,INSUFFICIENT_FUNDS,19,18.0,1.0,0.9473684210526315,15.251111111111111,1,NONE,19.0,18.0,1.0,1404.7810526315789,0.05263157894736842,2.5360393303470405,1.0,1,15.251111111111111,34.53805555555556,1.0
T0003944,C00087,2026-01-08 16:46:05,1061.38,WALLET,FAILED,LIMIT_EXCEEDED,18,16.0,2.0,0.8888888888888888,13.264166666666666,1,NONE,16.0,14.0,2.0,4469.318749999999,0.125,0.2374813834882554,0.8888888888888888,1,13.264166666666666,103.31583333333333,1.0
T0010123,C00220,2026-01-08 17:19:55,5927.91,WALLET,FAILED,PAYMENT_TIMEOUT,14,13.0,1.0,0.9285714285714286,9.065555555555555,1,NONE,14.0,13.0,1.0,3398.3450000000003,0.07142857142857142,1.744352030179396,1.0,1,9.065555555555555,110.86555555555556,1.0
T0041160,C00897,2026-01-08 17:30:16,1672.14,UPI,FAILED,BANK_DECLINE,10,9.0,1.0,0.9,24.093888888888888,1,NONE,10.0,9.0,1.0,1414.874,0.1,1.1818296187505035,1.0,1,24.093888888888888,70.72666666666667,1.0
T0001346,C00030,2026-01-08 18:06:49,904.16,NETBANKING,FAILED,BANK_DECLINE,7,7.0,0.0,1.0,24.214444444444446,1,NONE,7.0,7.0,0.0,2668.5514285714285,0.0,0.3388205264921686,1.0,1,24.214444444444446,-1.0,1.0
T0043287,C00944,2026-01-08 18:11:53,699.16,UPI,FAILED,BANK_DECLINE,22,22.0,0.0,1.0,21.136388888888888,1,NONE,21.0,21.0,0.0,2076.684285714286,0.0,0.3366713008855462,0.9545454545454546,1,21.136388888888888,-1.0,1.0
T0028788,C00629,2026-01-08 18:51:09,2475.88,CARD,FAILED,INSUFFICIENT_FUNDS,15,14.0,1.0,0.9333333333333333,50.69138888888889,1,NONE,14.0,13.0,1.0,2697.9657142857145,0.07142857142857142,0.9176840116574604,0.9333333333333333,1,50.69138888888889,151.10472222222222,1.0
T0037115,C00806,2026-01-08 18:55:13,2021.81,UPI,FAILED,NETWORK_ERROR,12,11.0,1.0,0.9166666666666666,14.676944444444445,1,NONE,11.0,10.0,1.0,1961.7672727272727,0.09090909090909091,1.0306064476186592,0.9166666666666666,1,14.676944444444445,140.55194444444444,1.0
T0001819,C00041,2026-01-08 19:03:03,1630.03,UPI,FAILED,INSUFFICIENT_FUNDS,12,11.0,1.0,0.9166666666666666,24.545277777777777,1,NONE,11.0,10.0,1.0,1825.320909090909,0.09090909090909091,0.8930100958586111,0.9166666666666666,1,24.545277777777777,74.6475,1.0
T0015760,C00347,2026-01-08 19:17:22,2722.07,WALLET,FAILED,PAYMENT_TIMEOUT,15,12.0,3.0,0.8,2.5413888888888887,1,NONE,15.0,12.0,3.0,2215.7026666666666,0.2,1.2285357782662778,1.0,1,2.5413888888888887,67.28305555555555,1.0
T0042891,C00937,2026-01-08 19:29:57,451.78,CARD,FAILED,BANK_DECLINE,13,12.0,1.0,0.9230769230769231,22.51361111111111,1,NONE,13.0,12.0,1.0,1641.5207692307692,0.07692307692307693,0.2752203983454367,1.0,1,22.51361111111111,38.473333333333336,1.0
T0043873,C00956,2026-01-08 19:30:52,3388.1,UPI,FAILED,INSUFFICIENT_FUNDS,10,10.0,0.0,1.0,15.803055555555556,1,NONE,10.0,10.0,0.0,2380.31,0.0,1.4233860295507728,1.0,1,15.803055555555556,-1.0,1.0
T0029253,C00638,2026-01-08 20:16:29,2287.6,UPI,FAILED,NETWORK_ERROR,15,14.0,1.0,0.9333333333333333,19.280277777777776,1,NONE,15.0,14.0,1.0,1625.802,0.06666666666666667,1.4070594082182208,1.0,1,19.280277777777776,113.08305555555556,1.0
T0027375,C00599,2026-01-08 20:23:40,2159.79,WALLET,FAILED,LIMIT_EXCEEDED,11,8.0,3.0,0.7272727272727273,17.299166666666668,1,NONE,11.0,8.0,3.0,1893.9945454545452,0.2727272727272727,1.1403359134182014,1.0,1,17.299166666666668,41.51416666666667,1.0
T0012101,C00266,2026-01-08 20:28:28,1542.26,UPI,FAILED,BANK_DECLINE,9,9.0,0.0,1.0,25.381666666666668,1,NONE,9.0,9.0,0.0,1995.6922222222222,0.0,0.7727945135160565,1.0,1,25.381666666666668,-1.0,1.0
T0042786,C00935,2026-01-08 20:32:45,1991.07,UPI,FAILED,NETWORK_ERROR,22,19.0,3.0,0.8636363636363636,5.294722222222222,0,NETWORK_ERROR,21.0,18.0,3.0,1560.5280952380951,0.14285714285714285,1.2758950037975545,0.9545454545454546,2,19.986666666666668,5.294722222222222,1.0
T0012310,C00271,2026-01-08 20:43:06,737.21,CARD,FAILED,INSUFFICIENT_FUNDS,15,15.0,0.0,1.0,8.785555555555556,1,NONE,15.0,15.0,0.0,2978.596,0.0,0.24750251460755338,1.0,1,8.785555555555556,-1.0,1.0
T0030295,C00659,2026-01-08 21:27:24,2618.72,UPI,FAILED,BANK_DECLINE,13,13.0,0.0,1.0,8.293333333333333,1,NONE,12.0,12.0,0.0,1446.7091666666665,0.0,1.8101219376619697,0.9230769230769231,1,8.293333333333333,-1.0,1.0
T0026510,C00584,2026-01-08 21:28:26,6583.7,UPI,FAILED,INSUFFICIENT_FUNDS,13,12.0,1.0,0.9230769230769231,2.3025,1,NONE,12.0,11.0,1.0,2739.0466666666666,0.08333333333333333,2.403646524216455,0.9230769230769231,1,2.3025,10.398333333333333,1.0
T0034617,C00752,2026-01-08 21:49:55,650.51,UPI,FAILED,PAYMENT_TIMEOUT,12,11.0,1.0,0.9166666666666666,35.088055555555556,1,NONE,12.0,11.0,1.0,2345.8525,0.08333333333333333,0.2773021747957299,1.0,1,35.088055555555556,139.41805555555555,1.0
T0033992,C00738,2026-01-08 22:11:37,657.14,CARD,FAILED,LIMIT_EXCEEDED,9,9.0,0.0,1.0,2.5633333333333335,1,NONE,9.0,9.0,0.0,1261.131111111111,0.0,0.5210719125159249,1.0,1,2.5633333333333335,-1.0,1.0
T0026496,C00584,2026-01-08 22:17:02,3241.85,UPI,FAILED,BANK_DECLINE,14,12.0,2.0,0.8571428571428571,0.81,0,INSUFFICIENT_FUNDS,13.0,11.0,2.0,3034.7892307692305,0.15384615384615385,1.0682290444197622,0.9285714285714286,2,3.1125,0.81,1.0
T0000402,C00009,2026-01-08 22:22:29,2845.18,UPI,FAILED,BANK_DECLINE,14,13.0,1.0,0.9285714285714286,12.8375,1,NONE,14.0,13.0,1.0,2675.145,0.07142857142857142,1.06356104061649,1.0,1,12.8375,143.88166666666666,1.0
T0004910,C00109,2026-01-08 22:31:07,584.8,UPI,FAILED,NETWORK_ERROR,10,10.0,0.0,1.0,24.600555555555555,1,NONE,9.0,9.0,0.0,2184.3822222222225,0.0,0.26771871426653043,0.9,1,24.600555555555555,-1.0,1.0
T0023102,C00508,2026-01-08 22:43:25,1208.23,WALLET,FAILED,NETWORK_ERROR,9,9.0,0.0,1.0,29.024722222222223,1,NONE,9.0,9.0,0.0,1854.0866666666666,0.0,0.65165777939183,1.0,1,29.024722222222223,-1.0,1.0
T0040112,C00873,2026-01-08 23:17:49,384.27,UPI,FAILED,INSUFFICIENT_FUNDS,17,17.0,0.0,1.0,10.2425,1,NONE,17.0,17.0,0.0,1439.6517647058824,0.0,0.26691871563711483,1.0,1,10.2425,-1.0,1.0
T0045208,C00986,2026-01-08 23:31:48,11058.82,UPI,FAILED,NETWORK_ERROR,8,7.0,1.0,0.875,62.85666666666667,0,LIMIT_EXCEEDED,8.0,7.0,1.0,1103.1,0.125,10.025219835010425,1.0,2,83.33583333333333,62.85666666666667,1.0
T0035449,C00772,2026-01-08 23:45:58,3330.92,NETBANKING,FAILED,BANK_DECLINE,13,11.0,2.0,0.8461538461538461,28.094444444444445,1,NONE,10.0,8.0,2.0,3608.2640000000006,0.2,0.923136444561706,0.7692307692307693,1,28.094444444444445,63.195277777777775,1.0
T0036569,C00795,2026-01-08 23:52:04,463.89,WALLET,FAILED,LIMIT_EXCEEDED,14,12.0,2.0,0.8571428571428571,13.331111111111111,1,NONE,12.0,10.0,2.0,1459.8758333333335,0.16666666666666666,0.3177599008134824,0.8571428571428571,1,13.331111111111111,65.50888888888889,1.0
T0002855,C00067,2026-01-09 00:01:12,1611.03,CARD,FAILED,BANK_DECLINE,12,10.0,2.0,0.8333333333333334,40.920833333333334,1,NONE,12.0,10.0,2.0,5637.784166666667,0.16666666666666666,0.28575588429319376,1.0,1,40.920833333333334,68.48666666666666,1.0
T0005609,C00123,2026-01-09 00:49:08,1364.02,WALLET,FAILED,NETWORK_ERROR,5,5.0,0.0,1.0,32.425555555555555,1,NONE,5.0,5.0,0.0,1475.224,0.0,0.9246189053323428,1.0,1,32.425555555555555,-1.0,1.0
T0029509,C00642,2026-01-09 01:13:26,2649.55,UPI,FAILED,BANK_DECLINE,7,7.0,0.0,1.0,19.58972222222222,1,NONE,7.0,7.0,0.0,2287.6028571428574,0.0,1.1582211447791262,1.0,1,19.58972222222222,-1.0,1.0
T0038764,C00843,2026-01-09 01:29:05,1456.24,CARD,FAILED,INSUFFICIENT_FUNDS,22,21.0,1.0,0.9545454545454546,4.590833333333333,1,NONE,21.0,20.0,1.0,2466.3409523809523,0.047619047619047616,0.5904455337345704,0.9545454545454546,1,4.590833333333333,170.87277777777777,1.0
T0018072,C00398,2026-01-09 01:32:17,1326.19,WALLET,FAILED,BANK_DECLINE,8,8.0,0.0,1.0,75.7275,1,NONE,7.0,7.0,0.0,2536.655714285714,0.0,0.5228104044751837,0.875,1,75.7275,-1.0,1.0
T0020564,C00452,2026-01-09 02:10:59,2438.67,WALLET,FAILED,NETWORK_ERROR,21,19.0,2.0,0.9047619047619048,18.808611111111112,1,NONE,21.0,19.0,2.0,2046.1580952380953,0.09523809523809523,1.1918287280320006,1.0,1,18.808611111111112,19.49888888888889,1.0
T0017465,C00384,2026-01-09 02:41:54,2184.34,UPI,FAILED,NETWORK_ERROR,7,7.0,0.0,1.0,1.2152777777777777,1,NONE,7.0,7.0,0.0,1757.3157142857144,0.0,1.2429980465336337,1.0,1,1.2152777777777777,-1.0,1.0
T0034386,C00747,2026-01-09 03:09:56,392.33,CARD,FAILED,LIMIT_EXCEEDED,12,11.0,1.0,0.9166666666666666,12.978333333333333,1,NONE,11.0,10.0,1.0,2157.2163636363634,0.09090909090909091,0.1818686371072485,0.9166666666666666,1,12.978333333333333,165.41305555555556,1.0
T0017271,C00378,2026-01-09 03:31:23,5035.89,UPI,FAILED,BANK_DECLINE,17,16.0,1.0,0.9411764705882353,1.6019444444444444,1,NONE,17.0,16.0,1.0,1955.5776470588235,0.058823529411764705,2.57514193188593,1.0,1,1.6019444444444444,115.79777777777778,1.0
T0037529,C00815,2026-01-09 04:01:12,7487.92,UPI,FAILED,BANK_DECLINE,9,8.0,1.0,0.8888888888888888,65.90166666666667,0,INSUFFICIENT_FUNDS,7.0,6.0,1.0,1282.5614285714287,0.14285714285714285,5.8382544751407055,0.7777777777777778,2,79.9636111111111,65.90166666666667,1.0
T0003158,C00073,2026-01-09 04:32:53,1892.93,UPI,FAILED,PAYMENT_TIMEOUT,10,10.0,0.0,1.0,13.374166666666667,1,NONE,10.0,10.0,0.0,1634.591,0.0,1.1580450400130675,1.0,1,13.374166666666667,-1.0,1.0
T0016683,C00366,2026-01-09 04:48:25,1585.33,UPI,FAILED,PAYMENT_TIMEOUT,11,11.0,0.0,1.0,11.07611111111111,1,NONE,9.0,9.0,0.0,1485.8055555555557,0.0,1.0669834919329206,0.8181818181818182,1,11.07611111111111,-1.0,1.0
T0044611,C00973,2026-01-09 04:51:38,3200.52,UPI,FAILED,BANK_DECLINE,16,16.0,0.0,1.0,31.378888888888888,1,NONE,14.0,14.0,0.0,1608.185714285714,0.0,1.990143284801862,0.875,1,31.378888888888888,-1.0,1.0
T0032767,C00713,2026-01-09 04:53:32,973.52,WALLET,FAILED,INSUFFICIENT_FUNDS,10,10.0,0.0,1.0,2.6419444444444444,1,NONE,8.0,8.0,0.0,2670.9762499999997,0.0,0.36448096459113033,0.8,1,2.6419444444444444,-1.0,1.0
T0023520,C00517,2026-01-09 04:55:46,1370.52,CARD,FAILED,BANK_DECLINE,7,5.0,2.0,0.7142857142857143,28.522222222222222,1,NONE,4.0,3.0,1.0,2289.685,0.25,0.598562684386717,0.5714285714285714,1,28.522222222222222,82.59666666666666,1.0
T0008635,C00187,2026-01-09 04:55:59,5591.7,UPI,FAILED,NETWORK_ERROR,22,20.0,2.0,0.9090909090909091,4.8469444444444445,1,NONE,21.0,20.0,1.0,1679.3638095238096,0.047619047619047616,3.3296537464300537,0.9545454545454546,1,4.8469444444444445,65.58888888888889,1.0
T0023604,C00519,2026-01-09 05:45:35,2765.46,UPI,FAILED,INSUFFICIENT_FUNDS,9,9.0,0.0,1.0,1.3725,1,NONE,9.0,9.0,0.0,2216.6733333333336,0.0,1.2475721877528185,1.0,1,1.3725,-1.0,1.0
T0027991,C00613,2026-01-09 05:52:18,603.63,UPI,FAILED,LIMIT_EXCEEDED,9,8.0,1.0,0.8888888888888888,12.418055555555556,1,NONE,9.0,8.0,1.0,1658.85,0.1111111111111111,0.363884618862465,1.0,1,12.418055555555556,130.92194444444445,1.0
T0044217,C00964,2026-01-09 06:19:37,2127.49,UPI,FAILED,LIMIT_EXCEEDED,13,12.0,1.0,0.9230769230769231,1.9455555555555555,1,NONE,8.0,8.0,0.0,1819.0325,0.0,1.1695722863665161,0.6153846153846154,1,1.9455555555555555,190.66166666666666,1.0
T0022090,C00486,2026-01-09 06:56:02,501.22,UPI,FAILED,BANK_DECLINE,7,7.0,0.0,1.0,10.275277777777777,1,NONE,7.0,7.0,0.0,1664.43,0.0,0.30113612467931966,1.0,1,10.275277777777777,-1.0,1.0
T0038568,C00839,2026-01-09 07:25:44,3998.25,UPI,FAILED,BANK_DECLINE,13,12.0,1.0,0.9230769230769231,5.539444444444444,1,NONE,10.0,10.0,0.0,3166.648,0.0,1.2626127059275296,0.7692307692307693,1,5.539444444444444,186.5,1.0
T0040605,C00886,2026-01-09 07:30:31,446.86,UPI,FAILED,NETWORK_ERROR,9,7.0,2.0,0.7777777777777778,5.782222222222222,1,NONE,8.0,6.0,2.0,1306.96,0.25,0.3419079390340944,0.8888888888888888,1,5.782222222222222,121.29583333333333,1.0
T0012623,C00277,2026-01-09 07:54:39,5987.24,CARD,FAILED,BANK_DECLINE,7,6.0,1.0,0.8571428571428571,38.24583333333333,1,NONE,4.0,4.0,0.0,3114.645,0.0,1.922286488508321,0.5714285714285714,1,38.24583333333333,181.85416666666666,1.0
T0014416,C00318,2026-01-09 07:55:15,1151.44,UPI,FAILED,BANK_DECLINE,12,12.0,0.0,1.0,9.8925,1,NONE,12.0,12.0,0.0,1997.2466666666667,0.0,0.5765136671484411,1.0,1,9.8925,-1.0,1.0
T0024400,C00536,2026-01-09 08:01:09,7200.57,UPI,FAILED,BANK_DECLINE,11,11.0,0.0,1.0,4.483055555555556,1,NONE,10.0,10.0,0.0,2832.7499999999995,0.0,2.54190097961345,0.9090909090909091,1,4.483055555555556,-1.0,1.0
T0018681,C00411,2026-01-09 08:11:08,1270.03,UPI,FAILED,BANK_DECLINE,9,9.0,0.0,1.0,7.2636111111111115,1,NONE,9.0,9.0,0.0,1504.291111111111,0.0,0.8442714250049119,1.0,1,7.2636111111111115,-1.0,1.0
T0042601,C00932,2026-01-09 08:29:25,1290.93,CARD,FAILED,BANK_DECLINE,6,6.0,0.0,1.0,37.37722222222222,1,NONE,3.0,3.0,0.0,1497.3033333333333,0.0,0.8621699900487767,0.5,1,37.37722222222222,-1.0,1.0
T0010429,C00227,2026-01-09 08:29:48,807.29,NETBANKING,FAILED,PAYMENT_TIMEOUT,20,16.0,4.0,0.8,8.8325,1,NONE,17.0,13.0,4.0,2757.4799999999996,0.23529411764705882,0.2927636827828307,0.85,1,8.8325,40.814166666666665,1.0
T0025185,C00553,2026-01-09 08:39:23,929.06,UPI,FAILED,INSUFFICIENT_FUNDS,14,14.0,0.0,1.0,18.420833333333334,1,NONE,13.0,13.0,0.0,2592.666153846154,0.0,0.3583415468365502,0.9285714285714286,1,18.420833333333334,-1.0,1.0
T0039658,C00864,2026-01-09 08:49:05,639.98,NETBANKING,FAILED,NETWORK_ERROR,4,4.0,0.0,1.0,58.284444444444446,1,NONE,4.0,4.0,0.0,2814.13,0.0,0.22741664386506663,1.0,1,58.284444444444446,-1.0,1.0
T0024358,C00535,2026-01-09 08:57:45,513.09,UPI,FAILED,INSUFFICIENT_FUNDS,18,17.0,1.0,0.9444444444444444,0.5602777777777778,1,NONE,18.0,17.0,1.0,2046.387777777778,0.05555555555555555,0.250729605391397,1.0,1,0.5602777777777778,117.92805555555556,1.0
T0005343,C00118,2026-01-09 09:18:51,1729.87,UPI,FAILED,BANK_DECLINE,12,11.0,1.0,0.9166666666666666,8.823333333333334,1,NONE,12.0,11.0,1.0,2024.9916666666668,0.08333333333333333,0.8542603055979653,1.0,1,8.823333333333334,156.7075,1.0
T0032684,C00711,2026-01-09 09:34:56,912.05,UPI,FAILED,NETWORK_ERROR,12,12.0,0.0,1.0,5.523888888888889,1,NONE,11.0,11.0,0.0,2632.2372727272727,0.0,0.34649232022120136,0.9166666666666666,1,5.523888888888889,-1.0,1.0
T0009079,C00197,2026-01-09 09:38:42,7402.09,CARD,FAILED,INSUFFICIENT_FUNDS,15,14.0,1.0,0.9333333333333333,12.81638888888889,1,NONE,13.0,12.0,1.0,2589.726153846154,0.07692307692307693,2.8582520159541667,0.8666666666666667,1,12.81638888888889,91.58277777777778,1.0
T0020769,C00457,2026-01-09 09:55:13,283.61,UPI,FAILED,INSUFFICIENT_FUNDS,13,13.0,0.0,1.0,0.4738888888888889,1,NONE,12.0,12.0,0.0,2655.1683333333335,0.0,0.10681431999603289,0.9230769230769231,1,0.4738888888888889,-1.0,1.0
T0024886,C00547,2026-01-09 10:07:42,3119.61,CARD,FAILED,INSUFFICIENT_FUNDS,18,17.0,1.0,0.9444444444444444,19.576944444444443,1,NONE,16.0,15.0,1.0,1948.3049999999998,0.0625,1.6011918051845067,0.8888888888888888,1,19.576944444444443,34.236666666666665,1.0
T0023572,C00518,2026-01-09 11:06:09,1599.84,NETBANKING,FAILED,INSUFFICIENT_FUNDS,5,5.0,0.0,1.0,28.41722222222222,1,NONE,5.0,5.0,0.0,1230.726,0.0,1.2999156595375412,1.0,1,28.41722222222222,-1.0,1.0
T0007071,C00155,2026-01-09 11:08:58,2026.14,UPI,FAILED,INSUFFICIENT_FUNDS,22,21.0,1.0,0.9545454545454546,4.848611111111111,1,NONE,18.0,18.0,0.0,1602.9522222222222,0.0,1.2640052347855382,0.8181818181818182,1,4.848611111111111,200.2577777777778,1.0
T0024807,C00546,2026-01-09 11:18:26,3947.97,CARD,FAILED,INSUFFICIENT_FUNDS,12,10.0,2.0,0.8333333333333334,36.44916666666666,1,NONE,11.0,9.0,2.0,1977.9054545454544,0.18181818181818182,1.996035751318199,0.9166666666666666,1,36.44916666666666,114.57694444444445,1.0
T0035164,C00764,2026-01-09 11:24:57,1192.7,UPI,FAILED,INSUFFICIENT_FUNDS,13,9.0,4.0,0.6923076923076923,21.151944444444446,1,NONE,10.0,7.0,3.0,1649.361,0.3,0.723128532807554,0.7692307692307693,1,21.151944444444446,38.309444444444445,1.0
T0024732,C00544,2026-01-09 11:43:59,4270.46,UPI,FAILED,NETWORK_ERROR,6,6.0,0.0,1.0,30.487222222222222,1,NONE,6.0,6.0,0.0,2234.0466666666666,0.0,1.9115357184421693,1.0,1,30.487222222222222,-1.0,1.0
T0015266,C00337,2026-01-09 12:49:14,1671.45,UPI,FAILED,NETWORK_ERROR,7,7.0,0.0,1.0,43.255833333333335,1,NONE,7.0,7.0,0.0,2180.4,0.0,0.76657952669235,1.0,1,43.255833333333335,-1.0,1.0
T0008547,C00185,2026-01-09 13:22:47,2129.03,CARD,FAILED,INSUFFICIENT_FUNDS,13,13.0,0.0,1.0,4.2636111111111115,1,NONE,11.0,11.0,0.0,2063.128181818182,0.0,1.031942667819961,0.8461538461538461,1,4.2636111111111115,-1.0,1.0
T0000114,C00003,2026-01-09 13:23:53,1205.58,UPI,FAILED,BANK_DECLINE,8,8.0,0.0,1.0,6.3308333333333335,1,NONE,6.0,6.0,0.0,2449.7383333333337,0.0,0.4921260297868547,0.75,1,6.3308333333333335,-1.0,1.0
T0009512,C00207,2026-01-09 14:03:45,876.68,WALLET,FAILED,BANK_DECLINE,7,7.0,0.0,1.0,35.375,1,NONE,7.0,7.0,0.0,2603.0142857142855,0.0,0.33679415622547487,1.0,1,35.375,-1.0,1.0
T0024290,C00534,2026-01-09 14:29:11,712.32,CARD,FAILED,INSUFFICIENT_FUNDS,22,21.0,1.0,0.9545454545454546,16.554444444444446,1,NONE,17.0,16.0,1.0,1890.375882352941,0.058823529411764705,0.3768139482997313,0.7727272727272727,1,16.554444444444446,167.72833333333332,1.0
T0012725,C00279,2026-01-09 14:30:41,4290.25,UPI,FAILED,BANK_DECLINE,18,16.0,2.0,0.8888888888888888,13.222222222222221,1,NONE,18.0,16.0,2.0,2534.06,0.1111111111111111,1.6930341033756107,1.0,1,13.222222222222221,94.24361111111111,1.0
T0042864,C00937,2026-01-09 14:31:29,3733.84,CARD,FAILED,INSUFFICIENT_FUNDS,15,13.0,2.0,0.8666666666666667,6.145,1,NONE,12.0,10.0,2.0,1478.2033333333331,0.16666666666666666,2.5259312543831367,0.8,1,6.145,19.025555555555556,1.0
T0006797,C00148,2026-01-09 14:44:12,569.39,UPI,FAILED,BANK_DECLINE,8,7.0,1.0,0.875,56.84222222222222,1,NONE,7.0,7.0,0.0,2528.797142857143,0.0,0.2251623866344134,0.875,1,56.84222222222222,178.83027777777778,1.0
T0030290,C00659,2026-01-09 14:46:14,2173.82,UPI,FAILED,PAYMENT_TIMEOUT,15,14.0,1.0,0.9333333333333333,8.674722222222222,1,NONE,14.0,13.0,1.0,1664.462142857143,0.07142857142857142,1.3060194906376879,0.9333333333333333,1,8.674722222222222,17.31388888888889,1.0
T0032436,C00705,2026-01-09 15:07:32,3416.65,UPI,FAILED,BANK_DECLINE,21,21.0,0.0,1.0,3.391388888888889,1,NONE,21.0,21.0,0.0,2170.617619047619,0.0,1.5740450874526166,1.0,1,3.391388888888889,-1.0,1.0
T0022042,C00485,2026-01-09 15:13:25,337.94,UPI,FAILED,PAYMENT_TIMEOUT,13,11.0,2.0,0.8461538461538461,4.396111111111111,1,NONE,13.0,11.0,2.0,1437.2346153846154,0.15384615384615385,0.23513210465611042,1.0,1,4.396111111111111,148.87777777777777,1.0
T0030760,C00669,2026-01-09 15:58:55,204.78,CARD,FAILED,LIMIT_EXCEEDED,14,13.0,1.0,0.9285714285714286,13.32611111111111,1,NONE,12.0,11.0,1.0,989.9633333333333,0.08333333333333333,0.20685614618723255,0.8571428571428571,1,13.32611111111111,129.93555555555557,1.0
T0028402,C00622,2026-01-09 16:00:33,5754.41,UPI,FAILED,INSUFFICIENT_FUNDS,12,10.0,2.0,0.8333333333333334,4.9925,1,NONE,12.0,10.0,2.0,1482.2408333333333,0.16666666666666666,3.8822368609689497,1.0,1,4.9925,121.12444444444445,1.0
T0041676,C00908,2026-01-09 16:06:09,855.66,CARD,FAILED,BANK_DECLINE,25,23.0,2.0,0.92,1.6669444444444443,1,NONE,23.0,21.0,2.0,2207.1052173913044,0.08695652173913043,0.3876842813191073,0.92,1,1.6669444444444443,85.08277777777778,1.0
T0011159,C00243,2026-01-09 16:34:01,5506.25,UPI,FAILED,INSUFFICIENT_FUNDS,16,14.0,2.0,0.875,10.806666666666667,1,NONE,13.0,12.0,1.0,1904.3992307692306,0.07692307692307693,2.8913317706896464,0.8125,1,10.806666666666667,41.05083333333334,1.0
T0045113,C00984,2026-01-09 16:41:58,28540.79,NETBANKING,FAILED,LIMIT_EXCEEDED,16,14.0,2.0,0.875,38.66444444444444,1,NONE,13.0,12.0,1.0,1189.4661538461537,0.07692307692307693,23.994621375070658,0.8125,1,38.66444444444444,80.10222222222222,1.0
T0042057,C00918,2026-01-09 16:46:30,648.43,UPI,FAILED,PAYMENT_TIMEOUT,13,10.0,3.0,0.7692307692307693,25.346666666666668,1,NONE,10.0,7.0,3.0,3132.161,0.3,0.20702320219171363,0.7692307692307693,1,25.346666666666668,82.10222222222222,1.0
T0013361,C00293,2026-01-09 16:48:41,982.62,CARD,FAILED,NETWORK_ERROR,13,13.0,0.0,1.0,0.3869444444444444,1,NONE,13.0,13.0,0.0,982.6899999999999,0.0,0.9999287669560085,1.0,1,0.3869444444444444,-1.0,1.0
T0033846,C00735,2026-01-09 16:52:58,1481.37,UPI,FAILED,LIMIT_EXCEEDED,16,15.0,1.0,0.9375,36.56861111111111,0,NETWORK_ERROR,16.0,15.0,1.0,1739.44125,0.0625,0.8516355467596275,1.0,2,44.168055555555554,36.56861111111111,1.0
T0031934,C00693,2026-01-09 17:26:14,472.38,CARD,FAILED,LIMIT_EXCEEDED,17,16.0,1.0,0.9411764705882353,12.995277777777778,1,NONE,12.0,12.0,0.0,2248.9391666666666,0.0,0.21004569932416284,0.7058823529411765,1,12.995277777777778,172.72166666666666,1.0
T0014300,C00315,2026-01-09 18:11:24,3778.83,CARD,FAILED,NETWORK_ERROR,17,17.0,0.0,1.0,54.980555555555554,1,NONE,17.0,17.0,0.0,2340.0329411764706,0.0,1.6148618822862222,1.0,1,54.980555555555554,-1.0,1.0
T0019666,C00433,2026-01-09 18:21:51,5607.91,UPI,FAILED,INSUFFICIENT_FUNDS,19,16.0,3.0,0.8421052631578947,0.04555555555555556,1,NONE,16.0,14.0,2.0,2372.895,0.125,2.363319910910512,0.8421052631578947,1,0.04555555555555556,32.29138888888889,1.0
T0008719,C00189,2026-01-09 18:25:55,3582.5,UPI,FAILED,PAYMENT_TIMEOUT,7,7.0,0.0,1.0,20.10638888888889,1,NONE,7.0,7.0,0.0,2313.137142857143,0.0,1.548762472239309,1.0,1,20.10638888888889,-1.0,1.0
T0031456,C00683,2026-01-09 18:40:16,281.33,UPI,FAILED,BANK_DECLINE,24,23.0,1.0,0.9583333333333334,17.729166666666668,1,NONE,20.0,19.0,1.0,1833.3269999999998,0.05,0.15345325738398005,0.8333333333333334,1,17.729166666666668,118.12,1.0
T0001256,C00028,2026-01-09 19:07:59,1209.15,CARD,FAILED,NETWORK_ERROR,17,16.0,1.0,0.9411764705882353,12.384444444444444,1,NONE,15.0,14.0,1.0,1525.1953333333333,0.06666666666666667,0.7927837002735825,0.8823529411764706,1,12.384444444444444,92.6175,1.0
T0026519,C00584,2026-01-09 19:10:25,2016.13,UPI,FAILED,INSUFFICIENT_FUNDS,17,14.0,3.0,0.8235294117647058,7.689444444444445,1,NONE,16.0,13.0,3.0,3613.043125,0.1875,0.5580143746554368,0.9411764705882353,1,7.689444444444445,20.889722222222222,1.0
T0006322,C00138,2026-01-09 19:19:28,697.21,UPI,FAILED,NETWORK_ERROR,24,21.0,3.0,0.875,0.8852777777777778,1,NONE,18.0,15.0,3.0,1799.145,0.16666666666666666,0.3875229622959795,0.75,1,0.8852777777777778,48.471666666666664,1.0
T0022506,C00495,2026-01-09 19:25:21,2950.24,CARD,FAILED,NETWORK_ERROR,18,17.0,1.0,0.9444444444444444,3.5530555555555554,1,NONE,15.0,14.0,1.0,2091.1966666666667,0.06666666666666667,1.4107903130424524,0.8333333333333334,1,3.5530555555555554,48.41361111111111,1.0
T0038605,C00840,2026-01-09 19:39:11,796.3,CARD,FAILED,LIMIT_EXCEEDED,11,11.0,0.0,1.0,3.288611111111111,1,NONE,10.0,10.0,0.0,1461.208,0.0,0.5449600604431402,0.9090909090909091,1,3.288611111111111,-1.0,1.0
T0038669,C00842,2026-01-09 19:52:38,489.38,CARD,FAILED,BANK_DECLINE,14,13.0,1.0,0.9285714285714286,20.49222222222222,1,NONE,13.0,12.0,1.0,1684.850769230769,0.07692307692307693,0.29045895870257404,0.9285714285714286,1,20.49222222222222,59.61888888888889,1.0
T0019889,C00437,2026-01-09 19:54:27,1160.85,NETBANKING,FAILED,NETWORK_ERROR,13,13.0,0.0,1.0,10.07,1,NONE,12.0,12.0,0.0,1626.8825,0.0,0.7135426190889631,0.9230769230769231,1,10.07,-1.0,1.0
T0043343,C00945,2026-01-09 20:03:51,8199.25,CARD,FAILED,PAYMENT_TIMEOUT,21,20.0,1.0,0.9523809523809523,48.24111111111111,1,NONE,16.0,15.0,1.0,2065.776875,0.0625,3.969087900647547,0.7619047619047619,1,48.24111111111111,106.75888888888889,1.0
T0043825,C00955,2026-01-09 20:06:58,2212.97,CARD,FAILED,BANK_DECLINE,17,17.0,0.0,1.0,17.908333333333335,1,NONE,16.0,16.0,0.0,2535.9225,0.0,0.8726489078432009,0.9411764705882353,1,17.908333333333335,-1.0,1.0
T0028520,C00624,2026-01-09 20:13:41,653.51,UPI,FAILED,BANK_DECLINE,5,5.0,0.0,1.0,35.804722222222225,1,NONE,3.0,3.0,0.0,1375.3100000000002,0.0,0.47517287011655546,0.6,1,35.804722222222225,-1.0,1.0
T0019677,C00433,2026-01-09 20:15:29,2500.27,UPI,FAILED,INSUFFICIENT_FUNDS,20,16.0,4.0,0.8,1.893888888888889,0,INSUFFICIENT_FUNDS,17.0,14.0,3.0,2563.1899999999996,0.17647058823529413,0.9754524635317711,0.85,2,1.9394444444444445,1.893888888888889,1.0
T0019228,C00423,2026-01-09 20:34:03,2364.85,NETBANKING,FAILED,INSUFFICIENT_FUNDS,10,9.0,1.0,0.9,9.220555555555556,1,NONE,8.0,7.0,1.0,2881.975,0.125,0.8205657578570251,0.8,1,9.220555555555556,57.964444444444446,1.0
T0020328,C00448,2026-01-09 20:36:20,4929.51,UPI,FAILED,BANK_DECLINE,10,10.0,0.0,1.0,47.75138888888889,1,NONE,7.0,7.0,0.0,1708.5314285714285,0.0,2.8852322629626785,0.7,1,47.75138888888889,-1.0,1.0
T0041780,C00911,2026-01-09 20:51:10,736.78,UPI,FAILED,PAYMENT_TIMEOUT,14,12.0,2.0,0.8571428571428571,5.216388888888889,1,NONE,11.0,9.0,2.0,1755.0245454545454,0.18181818181818182,0.41981179232406485,0.7857142857142857,1,5.216388888888889,61.595555555555556,1.0
T0030834,C00671,2026-01-09 21:15:40,1383.17,UPI,FAILED,NETWORK_ERROR,19,17.0,2.0,0.8947368421052632,8.463333333333333,1,NONE,16.0,14.0,2.0,2137.684375,0.125,0.6470412639845394,0.8421052631578947,1,8.463333333333333,103.24916666666667,1.0
T0030250,C00659,2026-01-09 21:20:56,997.55,UPI,FAILED,BANK_DECLINE,16,14.0,2.0,0.875,6.578333333333333,0,PAYMENT_TIMEOUT,15.0,13.0,2.0,1698.4193333333335,0.13333333333333333,0.5873402288951804,0.9375,2,15.253055555555555,6.578333333333333,1.0
T0045044,C00983,2026-01-09 21:28:49,360.95,CARD,FAILED,LIMIT_EXCEEDED,22,21.0,1.0,0.9545454545454546,3.0877777777777777,1,NONE,15.0,14.0,1.0,3652.9826666666663,0.06666666666666667,0.0988096667672846,0.6818181818181818,1,3.0877777777777777,162.3525,1.0
T0035866,C00779,2026-01-09 21:33:59,1289.58,UPI,FAILED,NETWORK_ERROR,15,13.0,2.0,0.8666666666666667,20.02027777777778,1,NONE,12.0,10.0,2.0,2389.3375,0.16666666666666666,0.5397228311195048,0.8,1,20.02027777777778,99.59972222222223,1.0
T0006087,C00134,2026-01-09 22:06:59,2179.08,UPI,FAILED,LIMIT_EXCEEDED,7,7.0,0.0,1.0,39.39805555555556,1,NONE,7.0,7.0,0.0,2251.1285714285714,0.0,0.9679944662677133,1.0,1,39.39805555555556,-1.0,1.0
T0020948,C00461,2026-01-09 22:08:14,1599.86,NETBANKING,FAILED,NETWORK_ERROR,22,20.0,2.0,0.9090909090909091,29.164444444444445,1,NONE,18.0,16.0,2.0,2295.6205555555557,0.1111111111111111,0.6969183108803549,0.8181818181818182,1,29.164444444444445,106.235,1.0
T0022128,C00487,2026-01-09 22:09:36,3858.21,NETBANKING,FAILED,BANK_DECLINE,17,16.0,1.0,0.9411764705882353,1.153888888888889,1,NONE,16.0,15.0,1.0,2425.884375,0.0625,1.5904344163146686,0.9411764705882353,1,1.153888888888889,124.12722222222222,1.0
T0025012,C00550,2026-01-09 22:17:32,6151.41,CARD,FAILED,LIMIT_EXCEEDED,16,14.0,2.0,0.875,18.283333333333335,1,NONE,12.0,10.0,2.0,2390.0975,0.16666666666666666,2.5737067211693248,0.75,1,18.283333333333335,129.21722222222223,1.0
T0008837,C00192,2026-01-09 22:24:04,3487.23,CARD,FAILED,LIMIT_EXCEEDED,18,17.0,1.0,0.9444444444444444,23.575833333333332,1,NONE,17.0,16.0,1.0,2188.140588235294,0.058823529411764705,1.5936955873627863,0.9444444444444444,1,23.575833333333332,130.78416666666666,1.0
T0032660,C00710,2026-01-09 22:44:19,1199.46,UPI,FAILED,BANK_DECLINE,8,6.0,2.0,0.75,26.52861111111111,1,NONE,6.0,6.0,0.0,1582.4883333333335,0.0,0.7579581945311866,0.75,1,26.52861111111111,174.5222222222222,1.0
T0021656,C00478,2026-01-09 22:52:33,1532.32,WALLET,FAILED,INSUFFICIENT_FUNDS,26,25.0,1.0,0.9615384615384616,6.444444444444445,1,NONE,25.0,24.0,1.0,1870.4404000000002,0.04,0.8192295247686052,0.9615384615384616,1,6.444444444444445,35.72083333333333,1.0
T0012833,C00281,2026-01-09 23:10:16,3467.02,CARD,FAILED,BANK_DECLINE,18,18.0,0.0,1.0,15.900555555555556,1,NONE,15.0,15.0,0.0,2988.244,0.0,1.160219848178395,0.8333333333333334,1,15.900555555555556,-1.0,1.0
T0020593,C00453,2026-01-09 23:12:58,3810.21,UPI,FAILED,PAYMENT_TIMEOUT,7,7.0,0.0,1.0,35.611666666666665,1,NONE,6.0,6.0,0.0,1861.0416666666667,0.0,2.04735340870928,0.8571428571428571,1,35.611666666666665,-1.0,1.0
T0012663,C00278,2026-01-09 23:19:36,100.0,NETBANKING,FAILED,PAYMENT_TIMEOUT,20,19.0,1.0,0.95,32.687777777777775,0,NETWORK_ERROR,14.0,13.0,1.0,2797.2149999999997,0.07142857142857142,0.03574984404130537,0.7,2,48.77583333333333,32.687777777777775,1.0
T0017251,C00378,2026-01-09 23:20:18,208.77,UPI,FAILED,INSUFFICIENT_FUNDS,20,18.0,2.0,0.9,0.2222222222222222,1,NONE,19.0,17.0,2.0,2126.742105263158,0.10526315789473684,0.09816422944904611,0.95,1,0.2222222222222222,19.815277777777776,1.0
T0022723,C00500,2026-01-09 23:37:48,1914.79,UPI,FAILED,BANK_DECLINE,27,26.0,1.0,0.9629629629629629,8.085277777777778,1,NONE,22.0,22.0,0.0,2197.681818181818,0.0,0.8712771722269333,0.8148148148148148,1,8.085277777777778,171.04638888888888,1.0
T0044225,C00964,2026-01-09 23:50:21,1025.85,UPI,FAILED,INSUFFICIENT_FUNDS,15,13.0,2.0,0.8666666666666667,2.604722222222222,1,NONE,10.0,9.0,1.0,1762.747,0.1,0.5819609961043757,0.6666666666666666,1,2.604722222222222,17.51222222222222,1.0
T0013757,C00301,2026-01-09 23:53:43,1051.42,UPI,FAILED,LIMIT_EXCEEDED,23,21.0,2.0,0.9130434782608695,5.555,1,NONE,20.0,18.0,2.0,2155.8005000000003,0.1,0.4877167437339401,0.8695652173913043,1,5.555,104.12527777777778,1.0
T0036664,C00797,2026-01-10 00:41:18,1364.9,UPI,FAILED,INSUFFICIENT_FUNDS,30,30.0,0.0,1.0,2.7980555555555555,1,NONE,20.0,20.0,0.0,1535.4365,0.0,0.8889328865114253,0.6666666666666666,1,2.7980555555555555,-1.0,1.0
T0043748,C00953,2026-01-10 00:59:10,793.62,UPI,FAILED,INSUFFICIENT_FUNDS,11,11.0,0.0,1.0,21.721944444444443,1,NONE,9.0,9.0,0.0,1744.1077777777778,0.0,0.45502921901487997,0.8181818181818182,1,21.721944444444443,-1.0,1.0
T0007930,C00172,2026-01-10 01:02:16,482.45,UPI,FAILED,PAYMENT_TIMEOUT,11,11.0,0.0,1.0,10.9175,1,NONE,11.0,11.0,0.0,2003.909090909091,0.0,0.2407544345143583,1.0,1,10.9175,-1.0,1.0
T0039243,C00855,2026-01-10 01:02:19,10270.54,NETBANKING,FAILED,BANK_DECLINE,22,21.0,1.0,0.9545454545454546,13.039722222222222,1,NONE,21.0,20.0,1.0,1475.997619047619,0.047619047619047616,6.958371658232769,0.9545454545454546,1,13.039722222222222,73.43666666666667,1.0
T0030780,C00670,2026-01-10 01:28:37,5371.11,CARD,FAILED,BANK_DECLINE,23,23.0,0.0,1.0,1.9433333333333334,1,NONE,14.0,14.0,0.0,2967.207857142857,0.0,1.8101563013424598,0.6086956521739131,1,1.9433333333333334,-1.0,1.0
T0020594,C00453,2026-01-10 01:53:20,3587.45,UPI,FAILED,BANK_DECLINE,8,7.0,1.0,0.875,2.6727777777777777,0,PAYMENT_TIMEOUT,7.0,6.0,1.0,2139.494285714286,0.14285714285714285,1.6767747518438934,0.875,2,38.284444444444446,2.6727777777777777,1.0
T0022068,C00486,2026-01-10 01:56:09,2818.4,UPI,FAILED,BANK_DECLINE,9,8.0,1.0,0.8888888888888888,16.640555555555554,1,NONE,9.0,8.0,1.0,1998.6822222222222,0.1111111111111111,1.4101291184080178,1.0,1,16.640555555555554,19.001944444444444,1.0
T0006861,C00151,2026-01-10 02:10:39,5298.19,UPI,FAILED,PAYMENT_TIMEOUT,17,17.0,0.0,1.0,3.681388888888889,1,NONE,16.0,16.0,0.0,1957.3981250000002,0.0,2.7067513411457873,0.9411764705882353,1,3.681388888888889,-1.0,1.0
T0016402,C00358,2026-01-10 02:23:35,1333.38,CARD,FAILED,LIMIT_EXCEEDED,19,19.0,0.0,1.0,4.1738888888888885,1,NONE,16.0,16.0,0.0,2012.44875,0.0,0.6625659411202398,0.8421052631578947,1,4.1738888888888885,-1.0,1.0
T0037779,C00821,2026-01-10 02:35:35,3172.38,UPI,FAILED,INSUFFICIENT_FUNDS,2,2.0,0.0,1.0,157.53194444444443,1,NONE,2.0,2.0,0.0,5234.21,0.0,0.6060857321353175,1.0,1,157.53194444444443,-1.0,1.0
T0001320,C00029,2026-01-10 02:51:40,4436.95,UPI,FAILED,NETWORK_ERROR,7,6.0,1.0,0.8571428571428571,19.26888888888889,1,NONE,7.0,6.0,1.0,2020.44,0.14285714285714285,2.196031557482528,1.0,1,19.26888888888889,49.87305555555555,1.0
T0029558,C00643,2026-01-10 02:54:30,2736.12,UPI,FAILED,BANK_DECLINE,28,27.0,1.0,0.9642857142857143,1.6413888888888888,1,NONE,22.0,21.0,1.0,1920.7863636363638,0.045454545454545456,1.4244790840872463,0.7857142857142857,1,1.6413888888888888,80.63305555555556,1.0
T0011068,C00240,2026-01-10 03:15:20,5968.49,CARD,FAILED,NETWORK_ERROR,17,14.0,3.0,0.8235294117647058,59.733333333333334,1,NONE,13.0,12.0,1.0,2336.346923076923,0.07692307692307693,2.554624889414803,0.7647058823529411,1,59.733333333333334,128.38333333333333,1.0
T0000486,C00012,2026-01-10 03:22:55,1604.18,UPI,FAILED,NETWORK_ERROR,24,22.0,2.0,0.9166666666666666,8.70138888888889,1,NONE,16.0,14.0,2.0,1935.5431250000001,0.125,0.8288009599372785,0.6666666666666666,1,8.70138888888889,82.45805555555556,1.0
T0034415,C00747,2026-01-10 03:32:21,520.58,CARD,FAILED,LIMIT_EXCEEDED,13,11.0,2.0,0.8461538461538461,24.37361111111111,0,LIMIT_EXCEEDED,10.0,9.0,1.0,2065.6870000000004,0.1,0.25201301068361276,0.7692307692307693,2,37.35194444444444,24.37361111111111,1.0
T0015832,C00348,2026-01-10 03:50:55,893.68,NETBANKING,FAILED,BANK_DECLINE,17,16.0,1.0,0.9411764705882353,22.76,1,NONE,15.0,15.0,0.0,2324.4906666666666,0.0,0.3844627181409777,0.8823529411764706,1,22.76,206.39222222222222,1.0
T0017855,C00392,2026-01-10 03:52:53,1060.32,UPI,FAILED,PAYMENT_TIMEOUT,11,10.0,1.0,0.9090909090909091,26.265555555555554,1,NONE,9.0,9.0,0.0,1723.65,0.0,0.6151596901923243,0.8181818181818182,1,26.265555555555554,199.11138888888888,1.0
T0041011,C00894,2026-01-10 04:07:02,1006.13,CARD,FAILED,LIMIT_EXCEEDED,23,21.0,2.0,0.9130434782608695,5.160555555555556,1,NONE,16.0,15.0,1.0,2002.296875,0.0625,0.5024879240247528,0.6956521739130435,1,5.160555555555556,150.0961111111111,1.0
T0019997,C00440,2026-01-10 04:14:24,697.51,CARD,FAILED,BANK_DECLINE,10,10.0,0.0,1.0,20.375,1,NONE,9.0,9.0,0.0,1311.25,0.0,0.5319428026692088,0.9,1,20.375,-1.0,1.0
T0020581,C00452,2026-01-10 04:24:00,985.2,WALLET,FAILED,NETWORK_ERROR,22,19.0,3.0,0.8636363636363636,26.216944444444444,0,NETWORK_ERROR,17.0,14.0,3.0,2013.8176470588237,0.17647058823529413,0.48922006490452724,0.7727272727272727,2,45.025555555555556,26.216944444444444,1.0
T0033584,C00729,2026-01-10 04:29:28,1898.7,UPI,FAILED,NETWORK_ERROR,12,12.0,0.0,1.0,27.226944444444445,1,NONE,9.0,9.0,0.0,2712.2077777777777,0.0,0.7000569851457628,0.75,1,27.226944444444445,-1.0,1.0
T0033373,C00726,2026-01-10 04:51:44,2932.76,CARD,FAILED,NETWORK_ERROR,20,20.0,0.0,1.0,9.847222222222221,1,NONE,17.0,17.0,0.0,2299.371176470588,0.0,1.2754617566797677,0.85,1,9.847222222222221,-1.0,1.0
T0006062,C00133,2026-01-10 05:24:33,268.5,UPI,FAILED,INSUFFICIENT_FUNDS,16,15.0,1.0,0.9375,7.991944444444444,1,NONE,16.0,15.0,1.0,2594.401875,0.0625,0.10349206211547314,1.0,1,7.991944444444444,55.76166666666666,1.0
T0001326,C00029,2026-01-10 05:37:17,818.78,UPI,FAILED,NETWORK_ERROR,8,6.0,2.0,0.75,2.7602777777777776,0,NETWORK_ERROR,8.0,6.0,2.0,2322.50375,0.25,0.35254194960933866,1.0,2,22.029166666666665,2.7602777777777776,1.0
T0028774,C00629,2026-01-10 05:39:27,2266.4,CARD,FAILED,BANK_DECLINE,20,18.0,2.0,0.9,1.8694444444444445,1,NONE,13.0,12.0,1.0,3103.3999999999996,0.07692307692307693,0.730295804601405,0.65,1,1.8694444444444445,34.805,1.0
T0007824,C00170,2026-01-10 05:44:50,6529.86,UPI,FAILED,INSUFFICIENT_FUNDS,10,8.0,2.0,0.8,13.265277777777778,1,NONE,5.0,4.0,1.0,3256.31,0.2,2.0052943362272018,0.5,1,13.265277777777778,101.66916666666667,1.0
T0020765,C00457,2026-01-10 06:14:49,1264.18,UPI,FAILED,INSUFFICIENT_FUNDS,16,15.0,1.0,0.9375,2.214166666666667,1,NONE,14.0,13.0,1.0,2168.037857142857,0.07142857142857142,0.5830986741467681,0.875,1,2.214166666666667,20.326666666666668,1.0
T0045684,C00997,2026-01-10 06:24:37,893.54,UPI,FAILED,BANK_DECLINE,7,6.0,1.0,0.8571428571428571,2.950833333333333,1,NONE,7.0,6.0,1.0,1936.06,0.14285714285714285,0.461524952739068,1.0,1,2.950833333333333,153.36583333333334,1.0
T0004343,C00096,2026-01-10 06:27:36,1579.19,UPI,FAILED,PAYMENT_TIMEOUT,21,20.0,1.0,0.9523809523809523,33.76833333333333,1,NONE,19.0,18.0,1.0,3800.338421052631,0.05263157894736842,0.41553930861835997,0.9047619047619048,1,33.76833333333333,85.25694444444444,1.0
T0032718,C00712,2026-01-10 06:36:04,1426.76,CARD,FAILED,BANK_DECLINE,8,8.0,0.0,1.0,4.990555555555556,1,NONE,6.0,6.0,0.0,3581.103333333333,0.0,0.3984135243235093,0.75,1,4.990555555555556,-1.0,1.0
T0022660,C00498,2026-01-10 06:37:35,8739.76,CARD,FAILED,BANK_DECLINE,10,9.0,1.0,0.9,1.1102777777777777,1,NONE,8.0,7.0,1.0,2828.9387500000003,0.125,3.0894129468161866,0.8,1,1.1102777777777777,98.32611111111112,1.0
T0039860,C00869,2026-01-10 06:50:27,200.77,CARD,FAILED,PAYMENT_TIMEOUT,17,16.0,1.0,0.9411764705882353,10.5975,1,NONE,13.0,13.0,0.0,2087.765384615385,0.0,0.09616502001588005,0.7647058823529411,1,10.5975,186.20888888888888,1.0
T0018131,C00400,2026-01-10 07:20:47,1987.29,WALLET,FAILED,INSUFFICIENT_FUNDS,22,22.0,0.0,1.0,14.011388888888888,1,NONE,18.0,18.0,0.0,3291.2683333333334,0.0,0.6038067391446357,0.8181818181818182,1,14.011388888888888,-1.0,1.0
T0013834,C00303,2026-01-10 07:23:13,699.96,UPI,FAILED,PAYMENT_TIMEOUT,12,12.0,0.0,1.0,16.586944444444445,1,NONE,12.0,12.0,0.0,1792.495,0.0,0.390494813095713,1.0,1,16.586944444444445,-1.0,1.0
T0022527,C00495,2026-01-10 08:28:38,1729.69,CARD,FAILED,BANK_DECLINE,20,18.0,2.0,0.9,4.115555555555556,1,NONE,16.0,14.0,2.0,2309.78375,0.125,0.7488536535076065,0.8,1,4.115555555555556,13.054722222222223,1.0
T0031023,C00675,2026-01-10 08:52:54,2084.42,CARD,FAILED,BANK_DECLINE,9,8.0,1.0,0.8888888888888888,8.909166666666666,1,NONE,6.0,5.0,1.0,1806.1916666666666,0.16666666666666666,1.1540414223296716,0.6666666666666666,1,8.909166666666666,179.01444444444445,1.0
T0037232,C00809,2026-01-10 08:54:54,685.21,CARD,FAILED,INSUFFICIENT_FUNDS,16,15.0,1.0,0.9375,8.754722222222222,1,NONE,12.0,11.0,1.0,2048.2691666666665,0.08333333333333333,0.33453122819551306,0.75,1,8.754722222222222,87.92027777777778,1.0
T0001155,C00025,2026-01-10 09:10:13,1916.87,UPI,FAILED,BANK_DECLINE,12,12.0,0.0,1.0,18.486944444444443,1,NONE,10.0,10.0,0.0,1404.8139999999999,0.0,1.364500923253897,0.8333333333333334,1,18.486944444444443,-1.0,1.0
T0028042,C00614,2026-01-10 09:21:15,2954.81,WALLET,FAILED,NETWORK_ERROR,14,11.0,3.0,0.7857142857142857,1.2494444444444444,1,NONE,12.0,9.0,3.0,2191.1391666666664,0.25,1.3485268507591373,0.8571428571428571,1,1.2494444444444444,51.17527777777778,1.0
T0030114,C00655,2026-01-10 09:28:27,2444.65,UPI,FAILED,NETWORK_ERROR,21,20.0,1.0,0.9523809523809523,2.8602777777777777,1,NONE,17.0,16.0,1.0,3252.3688235294117,0.058823529411764705,0.7516521442199505,0.8095238095238095,1,2.8602777777777777,49.749722222222225,1.0
T0016052,C00352,2026-01-10 09:28:49,338.92,UPI,FAILED,BANK_DECLINE,19,18.0,1.0,0.9473684210526315,6.4325,1,NONE,15.0,14.0,1.0,2295.8546666666666,0.06666666666666667,0.14762258470483905,0.7894736842105263,1,6.4325,53.055277777777775,1.0
T0001368,C00031,2026-01-10 09:33:40,454.85,UPI,FAILED,PAYMENT_TIMEOUT,9,9.0,0.0,1.0,18.0625,1,NONE,7.0,7.0,0.0,1939.1542857142856,0.0,0.23456101628987014,0.7777777777777778,1,18.0625,-1.0,1.0
T0003227,C00074,2026-01-10 09:38:18,725.1,CARD,FAILED,NETWORK_ERROR,20,19.0,1.0,0.95,5.530833333333334,1,NONE,15.0,14.0,1.0,1599.4673333333333,0.06666666666666667,0.4533384239169624,0.75,1,5.530833333333334,131.34555555555556,1.0
T0032400,C00704,2026-01-10 10:06:37,644.66,CARD,FAILED,INSUFFICIENT_FUNDS,12,11.0,1.0,0.9166666666666666,6.177777777777778,1,NONE,9.0,8.0,1.0,1160.27,0.1111111111111111,0.5556120558145948,0.75,1,6.177777777777778,45.250277777777775,1.0
T0012781,C00280,2026-01-10 10:15:56,1346.0,NETBANKING,FAILED,NETWORK_ERROR,13,12.0,1.0,0.9230769230769231,43.67583333333334,1,NONE,11.0,11.0,0.0,2681.2981818181815,0.0,0.5019956411887322,0.8461538461538461,1,43.67583333333334,225.14416666666668,1.0
T0040610,C00886,2026-01-10 10:22:43,666.7,UPI,FAILED,INSUFFICIENT_FUNDS,12,9.0,3.0,0.75,2.672222222222222,1,NONE,10.0,7.0,3.0,2016.9309999999998,0.3,0.3305517144612285,0.8333333333333334,1,2.672222222222222,26.87,1.0
T0023381,C00514,2026-01-10 10:28:42,1539.93,UPI,FAILED,BANK_DECLINE,12,11.0,1.0,0.9166666666666666,11.626388888888888,1,NONE,8.0,7.0,1.0,1967.085,0.125,0.7828487330237381,0.6666666666666666,1,11.626388888888888,129.5236111111111,1.0
T0000669,C00015,2026-01-10 10:32:07,1535.72,CARD,FAILED,BANK_DECLINE,21,19.0,2.0,0.9047619047619048,2.73,1,NONE,18.0,16.0,2.0,1950.7944444444443,0.1111111111111111,0.7872279954320606,0.8571428571428571,1,2.73,78.09388888888888,1.0
T0027948,C00612,2026-01-10 11:08:37,423.79,CARD,FAILED,INSUFFICIENT_FUNDS,23,21.0,2.0,0.9130434782608695,0.46055555555555555,1,NONE,18.0,17.0,1.0,1420.6844444444444,0.05555555555555555,0.2982998804957861,0.782608695652174,1,0.46055555555555555,162.84027777777777,1.0
T0021212,C00467,2026-01-10 11:16:03,1019.8,UPI,FAILED,PAYMENT_TIMEOUT,17,14.0,3.0,0.8235294117647058,6.897777777777778,1,NONE,14.0,12.0,2.0,2167.3842857142854,0.14285714285714285,0.47052108235799706,0.8235294117647058,1,6.897777777777778,67.30555555555556,1.0
T0036286,C00789,2026-01-10 11:32:08,2009.7,UPI,FAILED,BANK_DECLINE,25,24.0,1.0,0.96,5.894166666666667,1,NONE,20.0,20.0,0.0,1701.1905,0.0,1.1813491787074992,0.8,1,5.894166666666667,218.65055555555554,1.0
T0031370,C00681,2026-01-10 11:36:53,499.8,UPI,FAILED,PAYMENT_TIMEOUT,22,19.0,3.0,0.8636363636363636,1.6705555555555556,1,NONE,18.0,16.0,2.0,1654.8783333333333,0.1111111111111111,0.3020161603018147,0.8181818181818182,1,1.6705555555555556,57.28888888888889,1.0
T0029186,C00637,2026-01-10 12:41:31,710.5,CARD,FAILED,NETWORK_ERROR,16,15.0,1.0,0.9375,4.803333333333334,1,NONE,13.0,13.0,0.0,1497.4376923076925,0.0,0.4744771710033909,0.8125,1,4.803333333333334,222.49722222222223,1.0
T0005610,C00123,2026-01-10 12:42:46,3315.73,WALLET,FAILED,INSUFFICIENT_FUNDS,9,8.0,1.0,0.8888888888888888,2.671388888888889,1,NONE,9.0,8.0,1.0,1189.9833333333333,0.1111111111111111,2.7863667558369163,1.0,1,2.671388888888889,35.89388888888889,1.0
T0028186,C00617,2026-01-10 13:16:15,2171.91,CARD,FAILED,BANK_DECLINE,16,16.0,0.0,1.0,7.4127777777777775,1,NONE,15.0,15.0,0.0,3565.2073333333333,0.0,0.6091959869187598,0.9375,1,7.4127777777777775,-1.0,1.0
T0015877,C00349,2026-01-10 13:17:26,750.65,WALLET,FAILED,NETWORK_ERROR,17,17.0,0.0,1.0,21.145833333333332,1,NONE,15.0,15.0,0.0,2453.450666666666,0.0,0.3059568346731244,0.8823529411764706,1,21.145833333333332,-1.0,1.0
T0011874,C00261,2026-01-10 13:28:13,9350.85,UPI,FAILED,LIMIT_EXCEEDED,9,8.0,1.0,0.8888888888888888,25.045555555555556,1,NONE,8.0,7.0,1.0,3411.3475,0.125,2.741101573498449,0.8888888888888888,1,25.045555555555556,54.494166666666665,1.0
T0027829,C00610,2026-01-10 13:46:53,2065.19,UPI,FAILED,PAYMENT_TIMEOUT,14,14.0,0.0,1.0,0.1461111111111111,1,NONE,11.0,11.0,0.0,1353.3554545454544,0.0,1.525977519847974,0.7857142857142857,1,0.1461111111111111,-1.0,1.0
T0019137,C00421,2026-01-10 13:56:38,684.65,UPI,FAILED,INSUFFICIENT_FUNDS,14,14.0,0.0,1.0,1.945,1,NONE,12.0,12.0,0.0,2520.3575,0.0,0.27164797057560286,0.8571428571428571,1,1.945,-1.0,1.0
T0016479,C00360,2026-01-10 14:07:52,1580.83,UPI,FAILED,PAYMENT_TIMEOUT,14,14.0,0.0,1.0,7.923055555555556,1,NONE,9.0,9.0,0.0,2721.8455555555556,0.0,0.5807934240696978,0.6428571428571429,1,7.923055555555556,-1.0,1.0
T0040090,C00873,2026-01-10 14:08:18,2185.79,UPI,FAILED,INSUFFICIENT_FUNDS,22,21.0,1.0,0.9545454545454546,13.012777777777778,1,NONE,20.0,19.0,1.0,1368.1799999999998,0.05,1.5975894984578054,0.9090909090909091,1,13.012777777777778,38.841388888888886,1.0
T0004965,C00110,2026-01-10 14:55:38,735.97,CARD,FAILED,INSUFFICIENT_FUNDS,13,11.0,2.0,0.8461538461538461,12.521944444444445,1,NONE,9.0,8.0,1.0,1983.0899999999997,0.1111111111111111,0.37112284364300163,0.6923076923076923,1,12.521944444444445,55.62083333333333,1.0
T0026393,C00581,2026-01-10 15:57:26,3515.69,CARD,FAILED,INSUFFICIENT_FUNDS,6,6.0,0.0,1.0,6.5441666666666665,1,NONE,6.0,6.0,0.0,5170.06,0.0,0.6800095163305648,1.0,1,6.5441666666666665,-1.0,1.0
T0034984,C00760,2026-01-10 15:58:50,609.8,NETBANKING,FAILED,NETWORK_ERROR,9,9.0,0.0,1.0,23.52777777777778,1,NONE,7.0,7.0,0.0,2463.932857142857,0.0,0.24749051023537863,0.7777777777777778,1,23.52777777777778,-1.0,1.0
T0045104,C00984,2026-01-10 16:06:50,1354.55,NETBANKING,FAILED,PAYMENT_TIMEOUT,17,14.0,3.0,0.8235294117647058,23.414444444444445,0,LIMIT_EXCEEDED,13.0,11.0,2.0,3275.6330769230767,0.15384615384615385,0.4135231169641195,0.7647058823529411,2,62.07888888888889,23.414444444444445,1.0
T0016129,C00353,2026-01-10 16:11:44,1863.03,CARD,FAILED,INSUFFICIENT_FUNDS,20,19.0,1.0,0.95,23.406944444444445,1,NONE,13.0,12.0,1.0,2937.3261538461543,0.07692307692307693,0.6342605153195318,0.65,1,23.406944444444445,142.0822222222222,1.0
T0010492,C00228,2026-01-10 16:12:28,8437.38,CARD,FAILED,BANK_DECLINE,13,11.0,2.0,0.8461538461538461,4.585277777777778,1,NONE,11.0,9.0,2.0,3742.479090909091,0.18181818181818182,2.2544895495863577,0.8461538461538461,1,4.585277777777778,117.63194444444444,1.0
T0045324,C00989,2026-01-10 16:27:32,2474.44,UPI,FAILED,NETWORK_ERROR,16,16.0,0.0,1.0,1.1341666666666668,1,NONE,14.0,14.0,0.0,2478.3964285714287,0.0,0.9984036336859519,0.875,1,1.1341666666666668,-1.0,1.0
T0014635,C00323,2026-01-10 16:35:10,1643.16,CARD,FAILED,NETWORK_ERROR,13,12.0,1.0,0.9230769230769231,30.517777777777777,1,NONE,8.0,7.0,1.0,1844.41875,0.125,0.8908822901523854,0.6153846153846154,1,30.517777777777777,172.93527777777777,1.0
T0005520,C00121,2026-01-10 16:40:56,5261.56,UPI,FAILED,INSUFFICIENT_FUNDS,16,15.0,1.0,0.9375,54.227222222222224,1,NONE,14.0,13.0,1.0,1871.5507142857143,0.07142857142857142,2.811337122653445,0.875,1,54.227222222222224,124.75138888888888,1.0
T0012757,C00280,2026-01-10 16:49:16,251.03,NETBANKING,FAILED,LIMIT_EXCEEDED,14,12.0,2.0,0.8571428571428571,6.555555555555555,0,NETWORK_ERROR,11.0,10.0,1.0,2576.9663636363634,0.09090909090909091,0.09741299053891063,0.7857142857142857,2,50.23138888888889,6.555555555555555,1.0
T0041351,C00901,2026-01-10 17:18:32,3396.35,UPI,FAILED,PAYMENT_TIMEOUT,16,16.0,0.0,1.0,19.105,1,NONE,12.0,12.0,0.0,2791.120833333333,0.0,1.2168409047142055,0.75,1,19.105,-1.0,1.0
T0014339,C00315,2026-01-10 18:29:49,405.46,CARD,FAILED,LIMIT_EXCEEDED,19,18.0,1.0,0.9473684210526315,8.659722222222221,1,NONE,18.0,17.0,1.0,2422.4283333333333,0.05555555555555555,0.1673775006759746,0.9473684210526315,1,8.659722222222221,24.306944444444444,1.0
T0038706,C00842,2026-01-10 19:07:45,2358.3,CARD,FAILED,LIMIT_EXCEEDED,16,14.0,2.0,0.875,18.235277777777778,1,NONE,13.0,11.0,2.0,1615.1299999999999,0.15384615384615385,1.4601301443227481,0.8125,1,18.235277777777778,23.251944444444444,1.0
T0034855,C00757,2026-01-10 19:08:13,2959.6,UPI,FAILED,INSUFFICIENT_FUNDS,16,14.0,2.0,0.875,27.481666666666666,1,NONE,11.0,10.0,1.0,2544.3554545454544,0.09090909090909091,1.1632022541161524,0.6875,1,27.481666666666666,76.56583333333333,1.0
T0000273,C00007,2026-01-10 19:15:11,291.55,UPI,FAILED,PAYMENT_TIMEOUT,4,4.0,0.0,1.0,45.85722222222222,1,NONE,4.0,4.0,0.0,1640.52,0.0,0.17771804062126645,1.0,1,45.85722222222222,-1.0,1.0
T0026881,C00590,2026-01-10 19:25:31,517.86,UPI,FAILED,LIMIT_EXCEEDED,19,18.0,1.0,0.9473684210526315,22.32,1,NONE,16.0,16.0,0.0,1762.941875,0.0,0.2937476313562522,0.8421052631578947,1,22.32,174.19027777777777,1.0
T0015687,C00346,2026-01-10 19:26:13,867.02,UPI,FAILED,BANK_DECLINE,30,28.0,2.0,0.9333333333333333,2.4027777777777777,1,NONE,18.0,17.0,1.0,1727.3033333333333,0.05555555555555555,0.5019500531657246,0.6,1,2.4027777777777777,152.5775,1.0
T0041783,C00911,2026-01-10 19:52:38,425.72,UPI,FAILED,INSUFFICIENT_FUNDS,16,13.0,3.0,0.8125,13.827777777777778,1,NONE,11.0,8.0,3.0,1413.1954545454546,0.2727272727272727,0.30124636944641897,0.6875,1,13.827777777777778,23.024444444444445,1.0
T0011045,C00240,2026-01-10 19:55:31,1903.22,CARD,FAILED,INSUFFICIENT_FUNDS,19,15.0,4.0,0.7894736842105263,16.665277777777778,1,NONE,15.0,13.0,2.0,2444.4206666666664,0.13333333333333333,0.7785975736309436,0.7894736842105263,1,16.665277777777778,16.669722222222223,1.0
T0035880,C00779,2026-01-10 20:14:21,714.79,UPI,FAILED,NETWORK_ERROR,16,13.0,3.0,0.8125,22.672777777777778,0,NETWORK_ERROR,12.0,9.0,3.0,2004.6241666666667,0.25,0.35657057910688994,0.75,2,42.69305555555555,22.672777777777778,1.0
T0020857,C00459,2026-01-10 20:16:11,782.96,UPI,FAILED,NETWORK_ERROR,9,9.0,0.0,1.0,33.298611111111114,1,NONE,9.0,9.0,0.0,1531.4988888888888,0.0,0.5112377199098342,1.0,1,33.298611111111114,-1.0,1.0
T0026786,C00588,2026-01-10 20:55:12,10412.56,UPI,FAILED,INSUFFICIENT_FUNDS,24,24.0,0.0,1.0,27.249166666666667,1,NONE,18.0,18.0,0.0,1911.323888888889,0.0,5.4478260123945494,0.75,1,27.249166666666667,-1.0,1.0
T0002811,C00066,2026-01-10 21:12:14,3867.84,UPI,FAILED,NETWORK_ERROR,11,9.0,2.0,0.8181818181818182,6.921111111111111,1,NONE,7.0,7.0,0.0,2302.4928571428572,0.0,1.6798488594659826,0.6363636363636364,1,6.921111111111111,194.6836111111111,1.0
T0010615,C00230,2026-01-10 21:26:35,1920.51,CARD,FAILED,LIMIT_EXCEEDED,22,20.0,2.0,0.9090909090909091,0.3194444444444444,1,NONE,17.0,16.0,1.0,2395.0764705882357,0.058823529411764705,0.8018574870506405,0.7727272727272727,1,0.3194444444444444,88.98416666666667,1.0
T0043038,C00940,2026-01-10 21:39:32,4992.7,UPI,FAILED,INSUFFICIENT_FUNDS,12,12.0,0.0,1.0,30.400277777777777,1,NONE,10.0,10.0,0.0,1525.471,0.0,3.2728907989729072,0.8333333333333334,1,30.400277777777777,-1.0,1.0
T0028203,C00617,2026-01-10 22:20:09,808.34,CARD,FAILED,LIMIT_EXCEEDED,19,18.0,1.0,0.9473684210526315,3.7525,1,NONE,18.0,17.0,1.0,3353.032222222222,0.05555555555555555,0.24107731343669364,0.9473684210526315,1,3.7525,9.065,1.0
T0014392,C00317,2026-01-10 22:24:11,528.57,UPI,FAILED,INSUFFICIENT_FUNDS,11,11.0,0.0,1.0,9.753333333333334,1,NONE,9.0,9.0,0.0,1969.1877777777781,0.0,0.26842031316916337,0.8181818181818182,1,9.753333333333334,-1.0,1.0
T0037771,C00821,2026-01-10 22:45:23,936.07,UPI,FAILED,NETWORK_ERROR,3,2.0,1.0,0.6666666666666666,20.163333333333334,0,INSUFFICIENT_FUNDS,2.0,1.0,1.0,6446.889999999999,0.5,0.1451971415674845,0.6666666666666666,2,177.6952777777778,20.163333333333334,1.0
T0004478,C00098,2026-01-10 22:52:48,1328.4,UPI,FAILED,BANK_DECLINE,21,20.0,1.0,0.9523809523809523,0.19111111111111112,1,NONE,15.0,15.0,0.0,1889.8319999999999,0.0,0.702919624601552,0.7142857142857143,1,0.19111111111111112,194.80305555555555,1.0
T0007695,C00167,2026-01-10 22:58:29,3671.92,UPI,FAILED,NETWORK_ERROR,30,28.0,2.0,0.9333333333333333,0.9463888888888888,1,NONE,21.0,19.0,2.0,2406.7066666666665,0.09523809523809523,1.525703173908467,0.7,1,0.9463888888888888,83.71833333333333,1.0
T0008517,C00185,2026-01-10 23:15:03,1358.7,CARD,FAILED,BANK_DECLINE,15,14.0,1.0,0.9333333333333333,15.987777777777778,1,NONE,11.0,10.0,1.0,1819.9981818181818,0.09090909090909091,0.7465392073318755,0.7333333333333333,1,15.987777777777778,33.87111111111111,1.0
T0029918,C00651,2026-01-11 00:04:27,2532.82,CARD,FAILED,INSUFFICIENT_FUNDS,10,9.0,1.0,0.9,17.901944444444446,1,NONE,5.0,5.0,0.0,1847.334,0.0,1.371067711632006,0.5,1,17.901944444444446,190.155,1.0
T0018526,C00408,2026-01-11 00:05:13,754.39,NETBANKING,FAILED,PAYMENT_TIMEOUT,5,5.0,0.0,1.0,27.54,1,NONE,5.0,5.0,0.0,1433.3899999999999,0.0,0.5262977975289349,1.0,1,27.54,-1.0,1.0
T0019722,C00434,2026-01-11 00:12:10,2024.57,CARD,FAILED,INSUFFICIENT_FUNDS,11,9.0,2.0,0.8181818181818182,25.961944444444445,1,NONE,10.0,8.0,2.0,939.95,0.2,2.153912442151178,0.9090909090909091,1,25.961944444444445,145.58555555555554,1.0
T0009125,C00198,2026-01-11 00:28:18,2403.66,UPI,FAILED,NETWORK_ERROR,19,18.0,1.0,0.9473684210526315,1.9372222222222222,1,NONE,16.0,15.0,1.0,2275.6275,0.0625,1.0562625034193864,0.8421052631578947,1,1.9372222222222222,153.92444444444445,1.0
T0035080,C00762,2026-01-11 00:33:58,3682.97,UPI,FAILED,INSUFFICIENT_FUNDS,23,22.0,1.0,0.9565217391304348,2.656111111111111,1,NONE,18.0,17.0,1.0,1172.586111111111,0.05555555555555555,3.1408951249730537,0.782608695652174,1,2.656111111111111,61.772222222222226,1.0
T0020767,C00457,2026-01-11 01:11:08,2221.85,UPI,FAILED,PAYMENT_TIMEOUT,22,20.0,2.0,0.9090909090909091,0.6813888888888889,1,NONE,19.0,17.0,2.0,2241.455263157895,0.10526315789473684,0.9912533328324055,0.8636363636363636,1,0.6813888888888889,18.93861111111111,1.0
T0042720,C00934,2026-01-11 01:14:16,684.9,UPI,FAILED,BANK_DECLINE,17,17.0,0.0,1.0,11.141111111111112,1,NONE,15.0,15.0,0.0,1810.7220000000002,0.0,0.3782469092439369,0.8823529411764706,1,11.141111111111112,-1.0,1.0
T0004376,C00096,2026-01-11 01:26:43,2866.24,UPI,FAILED,BANK_DECLINE,22,20.0,2.0,0.9090909090909091,18.985277777777778,0,PAYMENT_TIMEOUT,18.0,16.0,2.0,3313.0494444444444,0.1111111111111111,0.8651364997906427,0.8181818181818182,2,52.75361111111111,18.985277777777778,1.0
T0019405,C00427,2026-01-11 01:57:25,3359.61,UPI,FAILED,NETWORK_ERROR,19,19.0,0.0,1.0,25.760277777777777,1,NONE,10.0,10.0,0.0,3825.6200000000003,0.0,0.8781870651031728,0.5263157894736842,1,25.760277777777777,-1.0,1.0
T0001923,C00044,2026-01-11 02:06:32,2205.52,UPI,FAILED,PAYMENT_TIMEOUT,9,9.0,0.0,1.0,5.312222222222222,1,NONE,7.0,7.0,0.0,919.1114285714286,0.0,2.3996219951568127,0.7777777777777778,1,5.312222222222222,-1.0,1.0
T0021283,C00469,2026-01-11 02:22:12,5557.1,CARD,FAILED,BANK_DECLINE,16,15.0,1.0,0.9375,5.918611111111111,1,NONE,11.0,10.0,1.0,2514.314545454545,0.09090909090909091,2.210184883210534,0.6875,1,5.918611111111111,63.07416666666666,1.0
T0021249,C00468,2026-01-11 02:31:35,6717.93,NETBANKING,FAILED,PAYMENT_TIMEOUT,15,13.0,2.0,0.8666666666666667,9.150833333333333,1,NONE,12.0,10.0,2.0,2952.7225,0.16666666666666666,2.275164699696636,0.8,1,9.150833333333333,149.02,1.0
T0033293,C00724,2026-01-11 02:53:19,3518.06,UPI,FAILED,INSUFFICIENT_FUNDS,12,12.0,0.0,1.0,6.556666666666667,1,NONE,10.0,10.0,0.0,2421.116,0.0,1.453073706505595,0.8333333333333334,1,6.556666666666667,-1.0,1.0
T0034482,C00749,2026-01-11 02:53:27,654.79,CARD,FAILED,BANK_DECLINE,25,22.0,3.0,0.88,7.257777777777778,1,NONE,18.0,17.0,1.0,2272.6033333333335,0.05555555555555555,0.28812331232463206,0.72,1,7.257777777777778,153.60416666666666,1.0
T0044534,C00971,2026-01-11 03:20:49,1492.21,CARD,FAILED,INSUFFICIENT_FUNDS,22,21.0,1.0,0.9545454545454546,7.761666666666667,1,NONE,13.0,13.0,0.0,1930.1653846153845,0.0,0.7730995550401222,0.5909090909090909,1,7.761666666666667,189.16555555555556,1.0
T0032985,C00718,2026-01-11 03:41:47,2231.31,CARD,FAILED,PAYMENT_TIMEOUT,17,17.0,0.0,1.0,3.3644444444444446,1,NONE,15.0,15.0,0.0,1694.0453333333332,0.0,1.317148931079373,0.8823529411764706,1,3.3644444444444446,-1.0,1.0
T0030852,C00671,2026-01-11 04:41:01,1695.1,UPI,FAILED,INSUFFICIENT_FUNDS,22,19.0,3.0,0.8636363636363636,10.105833333333333,1,NONE,16.0,14.0,2.0,2191.870625,0.125,0.7733576884812715,0.7272727272727273,1,10.105833333333333,31.4225,1.0
T0043132,C00942,2026-01-11 05:03:35,1130.05,WALLET,FAILED,NETWORK_ERROR,14,14.0,0.0,1.0,4.489722222222222,1,NONE,10.0,10.0,0.0,2177.585,0.0,0.5189464475554341,0.7142857142857143,1,4.489722222222222,-1.0,1.0
T0012589,C00276,2026-01-11 05:10:22,735.53,UPI,FAILED,INSUFFICIENT_FUNDS,20,20.0,0.0,1.0,3.1319444444444446,1,NONE,16.0,16.0,0.0,2987.1262500000003,0.0,0.2462333153812966,0.8,1,3.1319444444444446,-1.0,1.0
T0044916,C00980,2026-01-11 05:10:56,3184.1,CARD,FAILED,NETWORK_ERROR,7,5.0,2.0,0.7142857142857143,75.23666666666666,1,NONE,4.0,3.0,1.0,2191.4399999999996,0.25,1.4529715620779033,0.5714285714285714,1,75.23666666666666,76.23527777777778,1.0
T0015786,C00347,2026-01-11 05:22:11,1278.86,WALLET,FAILED,BANK_DECLINE,20,16.0,4.0,0.8,0.48694444444444446,1,NONE,14.0,12.0,2.0,1914.4335714285714,0.14285714285714285,0.6680095977661427,0.7,1,0.48694444444444446,58.08027777777778,1.0
T0036642,C00797,2026-01-11 05:34:07,738.7,UPI,FAILED,BANK_DECLINE,33,32.0,1.0,0.9696969696969697,6.565555555555555,1,NONE,18.0,17.0,1.0,1691.0833333333333,0.05555555555555555,0.4368205785246144,0.5454545454545454,1,6.565555555555555,28.880277777777778,1.0
T0031448,C00683,2026-01-11 05:38:20,778.39,UPI,FAILED,BANK_DECLINE,27,25.0,2.0,0.9259259259259259,12.451944444444445,1,NONE,19.0,17.0,2.0,1850.3,0.10526315789473684,0.42068313246500566,0.7037037037037037,1,12.451944444444445,34.967777777777776,1.0
T0036341,C00791,2026-01-11 05:38:59,912.54,WALLET,FAILED,PAYMENT_TIMEOUT,6,4.0,2.0,0.6666666666666666,44.32472222222222,1,NONE,5.0,4.0,1.0,1736.6119999999999,0.2,0.5254714351852918,0.8333333333333334,1,44.32472222222222,158.19194444444443,1.0
T0016286,C00356,2026-01-11 06:10:39,1036.88,UPI,FAILED,NETWORK_ERROR,15,15.0,0.0,1.0,5.691666666666666,1,NONE,14.0,14.0,0.0,2384.467142857143,0.0,0.43484767785794615,0.9333333333333333,1,5.691666666666666,-1.0,1.0
T0035407,C00770,2026-01-11 06:18:12,1593.55,CARD,FAILED,INSUFFICIENT_FUNDS,2,2.0,0.0,1.0,10.172777777777778,1,NONE,2.0,2.0,0.0,771.7,0.0,2.064986393676299,1.0,1,10.172777777777778,-1.0,1.0
T0015759,C00347,2026-01-11 06:25:13,2677.85,WALLET,FAILED,BANK_DECLINE,21,16.0,5.0,0.7619047619047619,1.0505555555555555,0,BANK_DECLINE,15.0,12.0,3.0,1872.0620000000001,0.2,1.4304280520623782,0.7142857142857143,2,1.5375,1.0505555555555555,1.0
T0004017,C00088,2026-01-11 06:51:52,420.78,UPI,FAILED,NETWORK_ERROR,15,14.0,1.0,0.9333333333333333,1.5866666666666667,1,NONE,13.0,12.0,1.0,1359.7738461538463,0.07692307692307693,0.3094485168913835,0.8666666666666667,1,1.5866666666666667,98.43138888888889,1.0
T0016072,C00352,2026-01-11 06:57:14,4508.07,UPI,FAILED,LIMIT_EXCEEDED,22,20.0,2.0,0.9090909090909091,10.836388888888889,1,NONE,16.0,14.0,2.0,2085.059375,0.125,2.1620823148021864,0.7272727272727273,1,10.836388888888889,21.47361111111111,1.0
T0012278,C00270,2026-01-11 07:21:31,3027.42,WALLET,FAILED,LIMIT_EXCEEDED,18,18.0,0.0,1.0,19.17888888888889,1,NONE,15.0,15.0,0.0,3008.2933333333335,0.0,1.0063579792750708,0.8333333333333334,1,19.17888888888889,-1.0,1.0
T0026882,C00590,2026-01-11 07:31:15,785.65,UPI,FAILED,NETWORK_ERROR,20,18.0,2.0,0.9,12.095555555555556,0,LIMIT_EXCEEDED,16.0,15.0,1.0,1738.6674999999998,0.0625,0.4518690318879257,0.8,2,34.41555555555556,12.095555555555556,1.0
T0041575,C00907,2026-01-11 07:32:01,357.06,UPI,FAILED,BANK_DECLINE,15,14.0,1.0,0.9333333333333333,14.6575,1,NONE,11.0,10.0,1.0,2474.8536363636363,0.09090909090909091,0.14427519864351943,0.7333333333333333,1,14.6575,95.37972222222223,1.0
T0030577,C00666,2026-01-11 07:57:42,547.18,WALLET,FAILED,INSUFFICIENT_FUNDS,11,10.0,1.0,0.9090909090909091,36.07972222222222,1,NONE,4.0,4.0,0.0,2104.9,0.0,0.2599553422965461,0.36363636363636365,1,36.07972222222222,230.99027777777778,1.0
T0018720,C00413,2026-01-11 08:07:54,3034.85,CARD,FAILED,BANK_DECLINE,34,33.0,1.0,0.9705882352941176,5.623888888888889,1,NONE,24.0,23.0,1.0,2317.61,0.041666666666666664,1.3094739839748706,0.7058823529411765,1,5.623888888888889,134.82916666666668,1.0
T0025710,C00566,2026-01-11 08:13:18,866.56,UPI,FAILED,NETWORK_ERROR,7,7.0,0.0,1.0,93.465,1,NONE,4.0,4.0,0.0,1309.9075,0.0,0.6615428952044323,0.5714285714285714,1,93.465,-1.0,1.0
T0022157,C00487,2026-01-11 08:56:23,1654.15,NETBANKING,FAILED,BANK_DECLINE,20,18.0,2.0,0.9,12.655555555555555,1,NONE,14.0,12.0,2.0,2473.865714285714,0.14285714285714285,0.6686498747477921,0.7,1,12.655555555555555,34.77972222222222,1.0
T0039688,C00865,2026-01-11 09:04:38,1906.32,UPI,FAILED,BANK_DECLINE,14,14.0,0.0,1.0,24.54,1,NONE,9.0,9.0,0.0,1839.4477777777781,0.0,1.0363545097773907,0.6428571428571429,1,24.54,-1.0,1.0
T0000252,C00006,2026-01-11 09:10:53,3055.95,UPI,FAILED,NETWORK_ERROR,16,14.0,2.0,0.875,25.15138888888889,1,NONE,13.0,11.0,2.0,2472.623076923077,0.15384615384615385,1.2359142113171624,0.8125,1,25.15138888888889,87.1,1.0
T0027300,C00598,2026-01-11 09:16:35,902.2,UPI,FAILED,LIMIT_EXCEEDED,15,15.0,0.0,1.0,12.555555555555555,1,NONE,11.0,11.0,0.0,1580.1318181818183,0.0,0.5709650230561892,0.7333333333333333,1,12.555555555555555,-1.0,1.0
T0029262,C00638,2026-01-11 09:37:08,910.79,UPI,FAILED,INSUFFICIENT_FUNDS,19,17.0,2.0,0.8947368421052632,25.973333333333333,1,NONE,13.0,12.0,1.0,1883.9984615384615,0.07692307692307693,0.48343457735960915,0.6842105263157895,1,25.973333333333333,61.344166666666666,1.0
T0043325,C00945,2026-01-11 09:57:26,2691.95,CARD,FAILED,INSUFFICIENT_FUNDS,27,25.0,2.0,0.9259259259259259,15.984166666666667,1,NONE,16.0,14.0,2.0,2383.55875,0.125,1.1293826930005395,0.5925925925925926,1,15.984166666666667,37.893055555555556,1.0
T0033862,C00735,2026-01-11 10:37:13,759.17,UPI,FAILED,NETWORK_ERROR,17,15.0,2.0,0.8823529411764706,41.7375,0,LIMIT_EXCEEDED,13.0,11.0,2.0,1518.8123076923077,0.15384615384615385,0.49984451413452613,0.7647058823529411,3,85.90555555555555,41.7375,1.0
T0028884,C00631,2026-01-11 11:05:32,2022.71,UPI,FAILED,INSUFFICIENT_FUNDS,16,14.0,2.0,0.875,14.488333333333333,1,NONE,11.0,9.0,2.0,1758.7263636363634,0.18181818181818182,1.1500993229087786,0.6875,1,14.488333333333333,119.82027777777778,1.0
T0008391,C00182,2026-01-11 11:09:44,2429.2,UPI,FAILED,INSUFFICIENT_FUNDS,23,20.0,3.0,0.8695652173913043,9.03888888888889,1,NONE,16.0,15.0,1.0,1629.925625,0.0625,1.4903747525289688,0.6956521739130435,1,9.03888888888889,70.09805555555556,1.0
T0003138,C00072,2026-01-11 11:29:58,4312.75,UPI,FAILED,INSUFFICIENT_FUNDS,26,23.0,3.0,0.8846153846153846,20.256944444444443,1,NONE,18.0,18.0,0.0,1478.9705555555554,0.0,2.9160485878503333,0.6923076923076923,1,20.256944444444443,191.04777777777778,1.0
T0013354,C00293,2026-01-11 12:13:30,4761.0,CARD,FAILED,PAYMENT_TIMEOUT,21,20.0,1.0,0.9523809523809523,5.1875,1,NONE,19.0,18.0,1.0,1272.2715789473684,0.05263157894736842,3.742125564055341,0.9047619047619048,1,5.1875,43.41361111111111,1.0
T0041788,C00911,2026-01-11 12:27:22,2130.1,UPI,FAILED,BANK_DECLINE,20,16.0,4.0,0.8,3.7925,1,NONE,13.0,10.0,3.0,1381.5069230769232,0.23076923076923078,1.5418670470762417,0.65,1,3.7925,16.57888888888889,1.0
T0006032,C00133,2026-01-11 12:32:02,1742.01,UPI,FAILED,NETWORK_ERROR,21,19.0,2.0,0.9047619047619048,8.256944444444445,1,NONE,19.0,17.0,2.0,2184.067894736842,0.10526315789473684,0.7975988311525886,0.9047619047619048,1,8.256944444444445,31.12472222222222,1.0
T0030606,C00667,2026-01-11 12:45:46,370.97,CARD,FAILED,BANK_DECLINE,22,20.0,2.0,0.9090909090909091,19.926388888888887,1,NONE,16.0,14.0,2.0,1936.889375,0.125,0.19152874954461457,0.7272727272727273,1,19.926388888888887,135.4175,1.0
T0029916,C00651,2026-01-11 13:06:41,656.25,CARD,FAILED,BANK_DECLINE,12,10.0,2.0,0.8333333333333334,12.677777777777777,1,NONE,7.0,6.0,1.0,2478.0814285714287,0.14285714285714285,0.26482180627063445,0.5833333333333334,1,12.677777777777777,13.037222222222223,1.0
T0025056,C00551,2026-01-11 13:39:12,1518.16,CARD,FAILED,INSUFFICIENT_FUNDS,15,14.0,1.0,0.9333333333333333,29.601388888888888,1,NONE,11.0,11.0,0.0,1573.7854545454545,0.0,0.9646549951362205,0.7333333333333333,1,29.601388888888888,220.35722222222222,1.0
T0041387,C00902,2026-01-11 14:00:33,1235.66,NETBANKING,FAILED,INSUFFICIENT_FUNDS,7,6.0,1.0,0.8571428571428571,70.84861111111111,1,NONE,5.0,4.0,1.0,2239.846,0.2,0.5516718560115293,0.7142857142857143,1,70.84861111111111,93.58361111111111,1.0
T0035160,C00764,2026-01-11 14:15:45,1117.31,UPI,FAILED,INSUFFICIENT_FUNDS,15,10.0,5.0,0.6666666666666666,35.75277777777778,1,NONE,10.0,6.0,4.0,1529.069,0.4,0.7307126100915001,0.6666666666666666,1,35.75277777777778,50.846666666666664,1.0
T0012090,C00266,2026-01-11 14:35:56,1752.96,UPI,FAILED,INSUFFICIENT_FUNDS,16,15.0,1.0,0.9375,7.370277777777778,1,NONE,9.0,8.0,1.0,2474.6355555555556,0.1111111111111111,0.7083709744914178,0.5625,1,7.370277777777778,66.12444444444445,1.0
T0030691,C00668,2026-01-11 14:59:44,3869.15,CARD,FAILED,BANK_DECLINE,14,12.0,2.0,0.8571428571428571,2.767777777777778,1,NONE,11.0,10.0,1.0,2837.821818181818,0.09090909090909091,1.3634224584540513,0.7857142857142857,1,2.767777777777778,161.1652777777778,1.0
T0024881,C00547,2026-01-11 15:12:57,1501.61,CARD,FAILED,INSUFFICIENT_FUNDS,23,21.0,2.0,0.9130434782608695,4.460833333333333,1,NONE,17.0,15.0,2.0,2455.4076470588234,0.11764705882352941,0.6115522209921774,0.7391304347826086,1,4.460833333333333,53.0875,1.0
T0001126,C00025,2026-01-11 15:27:32,2207.1,UPI,FAILED,NETWORK_ERROR,16,15.0,1.0,0.9375,19.055,1,NONE,14.0,13.0,1.0,1446.0421428571428,0.07142857142857142,1.5263040644438834,0.875,1,19.055,30.288611111111113,1.0
T0042581,C00931,2026-01-11 15:34:06,1724.42,CARD,FAILED,INSUFFICIENT_FUNDS,9,6.0,3.0,0.6666666666666666,13.623333333333333,1,NONE,7.0,6.0,1.0,1757.4771428571428,0.14285714285714285,0.9811905702492372,0.7777777777777778,1,13.623333333333333,98.5411111111111,1.0
T0006912,C00151,2026-01-11 15:35:56,1648.94,UPI,FAILED,PAYMENT_TIMEOUT,19,18.0,1.0,0.9473684210526315,27.57,1,NONE,15.0,14.0,1.0,2437.275333333333,0.06666666666666667,0.6765505634297098,0.7894736842105263,1,27.57,37.42138888888889,1.0
T0002943,C00069,2026-01-11 15:37:31,1617.79,UPI,FAILED,NETWORK_ERROR,11,11.0,0.0,1.0,6.663611111111111,1,NONE,10.0,10.0,0.0,4107.968,0.0,0.39381757598890743,0.9090909090909091,1,6.663611111111111,-1.0,1.0
T0001558,C00035,2026-01-11 15:43:55,374.45,UPI,FAILED,BANK_DECLINE,19,17.0,2.0,0.8947368421052632,4.870277777777778,1,NONE,10.0,9.0,1.0,1620.5,0.1,0.2310706572045665,0.5263157894736842,1,4.870277777777778,154.91,1.0
T0012316,C00271,2026-01-11 15:49:04,317.62,CARD,FAILED,LIMIT_EXCEEDED,24,23.0,1.0,0.9583333333333334,0.5122222222222222,1,NONE,18.0,17.0,1.0,2812.1905555555554,0.05555555555555555,0.11294398218233592,0.75,1,0.5122222222222222,67.09944444444444,1.0
T0000204,C00005,2026-01-11 15:51:29,879.93,NETBANKING,FAILED,BANK_DECLINE,17,16.0,1.0,0.9411764705882353,0.8183333333333334,1,NONE,11.0,10.0,1.0,2050.78,0.09090909090909091,0.429070890100352,0.6470588235294118,1,0.8183333333333334,98.85944444444445,1.0
T0009308,C00203,2026-01-11 16:06:34,4891.79,UPI,FAILED,INSUFFICIENT_FUNDS,19,18.0,1.0,0.9473684210526315,1.4077777777777778,1,NONE,14.0,14.0,0.0,4141.647142857143,0.0,1.1811218655931577,0.7368421052631579,1,1.4077777777777778,179.27055555555555,1.0
T0041719,C00909,2026-01-11 16:08:21,846.45,CARD,FAILED,BANK_DECLINE,24,24.0,0.0,1.0,2.2247222222222223,1,NONE,13.0,13.0,0.0,2052.855384615385,0.0,0.41232811933247193,0.5416666666666666,1,2.2247222222222223,-1.0,1.0
T0009458,C00206,2026-01-11 16:50:38,225.68,CARD,FAILED,BANK_DECLINE,12,11.0,1.0,0.9166666666666666,2.168888888888889,1,NONE,8.0,7.0,1.0,1208.01,0.125,0.18681964553273567,0.6666666666666666,1,2.168888888888889,78.23222222222222,1.0
T0009682,C00211,2026-01-11 16:52:11,9398.43,UPI,FAILED,NETWORK_ERROR,16,15.0,1.0,0.9375,0.5052777777777778,1,NONE,14.0,13.0,1.0,1746.68,0.07142857142857142,5.380739460004122,0.875,1,0.5052777777777778,82.82861111111112,1.0
T0038699,C00842,2026-01-11 16:55:25,1519.6,CARD,FAILED,LIMIT_EXCEEDED,18,15.0,3.0,0.8333333333333334,6.780555555555556,1,NONE,14.0,11.0,3.0,1754.7257142857143,0.21428571428571427,0.8660042920830932,0.7777777777777778,1,6.780555555555556,21.794444444444444,1.0
T0000667,C00015,2026-01-11 17:01:05,695.21,CARD,FAILED,INSUFFICIENT_FUNDS,23,20.0,3.0,0.8695652173913043,8.289444444444445,1,NONE,17.0,15.0,2.0,2035.7917647058823,0.11764705882352941,0.34149366946694537,0.7391304347826086,1,8.289444444444445,30.482777777777777,1.0
T0027274,C00597,2026-01-11 17:34:12,3091.65,UPI,FAILED,NETWORK_ERROR,13,12.0,1.0,0.9230769230769231,5.106944444444444,1,NONE,10.0,9.0,1.0,1138.588,0.1,2.715336890956167,0.7692307692307693,1,5.106944444444444,231.1525,1.0
T0015183,C00335,2026-01-11 18:17:03,1612.69,WALLET,FAILED,INSUFFICIENT_FUNDS,19,19.0,0.0,1.0,43.129444444444445,1,NONE,12.0,12.0,0.0,2330.9649999999997,0.0,0.6918550900592674,0.631578947368421,1,43.129444444444445,-1.0,1.0
T0029510,C00642,2026-01-11 18:18:59,2655.3,UPI,FAILED,INSUFFICIENT_FUNDS,12,11.0,1.0,0.9166666666666666,14.126111111111111,1,NONE,12.0,11.0,1.0,2284.5983333333334,0.08333333333333333,1.1622611998170358,1.0,1,14.126111111111111,65.0925,1.0
T0030574,C00666,2026-01-11 18:28:26,2271.73,WALLET,FAILED,NETWORK_ERROR,12,10.0,2.0,0.8333333333333334,10.512222222222222,0,INSUFFICIENT_FUNDS,5.0,4.0,1.0,1793.3560000000002,0.2,1.266747929580072,0.4166666666666667,2,46.591944444444444,10.512222222222222,1.0
T0043973,C00957,2026-01-11 18:39:41,8966.98,CARD,FAILED,BANK_DECLINE,17,17.0,0.0,1.0,5.4927777777777775,1,NONE,12.0,12.0,0.0,1532.7533333333333,0.0,5.850243352920452,0.7058823529411765,1,5.4927777777777775,-1.0,1.0
T0008368,C00182,2026-01-11 19:08:56,913.32,UPI,FAILED,NETWORK_ERROR,25,21.0,4.0,0.84,3.9705555555555554,1,NONE,18.0,16.0,2.0,1785.0344444444445,0.1111111111111111,0.5116539923599358,0.72,1,3.9705555555555554,7.986666666666666,1.0
T0041998,C00916,2026-01-11 19:29:54,578.05,UPI,FAILED,NETWORK_ERROR,15,15.0,0.0,1.0,4.934444444444445,1,NONE,13.0,13.0,0.0,1474.8192307692307,0.0,0.3919463402294414,0.8666666666666667,1,4.934444444444445,-1.0,1.0
T0044879,C00979,2026-01-11 19:56:56,2116.81,UPI,FAILED,NETWORK_ERROR,17,17.0,0.0,1.0,14.81638888888889,1,NONE,13.0,13.0,0.0,3198.2146153846156,0.0,0.6618724052530269,0.7647058823529411,1,14.81638888888889,-1.0,1.0
T0005921,C00130,2026-01-11 20:20:25,1413.45,UPI,FAILED,BANK_DECLINE,13,13.0,0.0,1.0,44.69916666666666,1,NONE,7.0,7.0,0.0,1643.4414285714288,0.0,0.8600549891386454,0.5384615384615384,1,44.69916666666666,-1.0,1.0
T0031281,C00680,2026-01-11 20:31:41,1220.84,UPI,FAILED,INSUFFICIENT_FUNDS,24,23.0,1.0,0.9583333333333334,12.738055555555556,1,NONE,15.0,14.0,1.0,2092.974,0.06666666666666667,0.5833039493084958,0.625,1,12.738055555555556,79.92583333333333,1.0
T0021164,C00467,2026-01-11 20:35:01,2315.28,UPI,FAILED,INSUFFICIENT_FUNDS,22,18.0,4.0,0.8181818181818182,10.1025,1,NONE,17.0,15.0,2.0,1678.2117647058822,0.11764705882352941,1.3796113510178905,0.7727272727272727,1,10.1025,33.31611111111111,1.0
T0012621,C00277,2026-01-11 20:51:52,3937.53,CARD,FAILED,LIMIT_EXCEEDED,10,8.0,2.0,0.8,27.10861111111111,1,NONE,7.0,6.0,1.0,3051.1671428571426,0.14285714285714285,1.2904996074101855,0.7,1,27.10861111111111,60.95361111111111,1.0
T0042627,C00933,2026-01-11 21:36:40,1166.15,UPI,FAILED,NETWORK_ERROR,17,16.0,1.0,0.9411764705882353,25.315555555555555,1,NONE,9.0,9.0,0.0,2692.1233333333334,0.0,0.4331710904775289,0.5294117647058824,1,25.315555555555555,251.50833333333333,1.0
T0032806,C00714,2026-01-11 21:43:20,3303.03,NETBANKING,FAILED,BANK_DECLINE,18,17.0,1.0,0.9444444444444444,1.4194444444444445,1,NONE,10.0,10.0,0.0,1519.581,0.0,2.173645235100992,0.5555555555555556,1,1.4194444444444445,215.55,1.0
T0021304,C00469,2026-01-11 21:45:59,1486.23,CARD,FAILED,BANK_DECLINE,18,16.0,2.0,0.8888888888888888,12.157222222222222,1,NONE,11.0,9.0,2.0,2938.222727272727,0.18181818181818182,0.5058261874447912,0.6111111111111112,1,12.157222222222222,19.39638888888889,1.0
T0033088,C00720,2026-01-11 22:02:00,9665.15,UPI,FAILED,NETWORK_ERROR,13,13.0,0.0,1.0,18.95138888888889,1,NONE,11.0,11.0,0.0,2557.321818181818,0.0,3.7794030971321564,0.8461538461538461,1,18.95138888888889,-1.0,1.0
T0024155,C00531,2026-01-11 22:18:13,1074.75,CARD,FAILED,PAYMENT_TIMEOUT,9,9.0,0.0,1.0,8.022777777777778,1,NONE,9.0,9.0,0.0,2913.605555555556,0.0,0.36887285512986007,1.0,1,8.022777777777778,-1.0,1.0
T0019419,C00427,2026-01-11 22:19:34,555.68,UPI,FAILED,NETWORK_ERROR,22,21.0,1.0,0.9545454545454546,6.507777777777778,1,NONE,12.0,11.0,1.0,3814.5466666666666,0.08333333333333333,0.14567392892471276,0.5454545454545454,1,6.507777777777778,20.36916666666667,1.0
T0005087,C00113,2026-01-12 00:17:14,401.77,CARD,FAILED,LIMIT_EXCEEDED,22,21.0,1.0,0.9545454545454546,0.6666666666666666,1,NONE,18.0,17.0,1.0,1881.152222222222,0.05555555555555555,0.21357654912444324,0.8181818181818182,1,0.6666666666666666,88.53722222222223,1.0
T0027303,C00598,2026-01-12 00:46:21,1665.66,UPI,FAILED,PAYMENT_TIMEOUT,17,16.0,1.0,0.9411764705882353,8.382777777777777,1,NONE,12.0,11.0,1.0,1588.8408333333334,0.08333333333333333,1.0483491895821324,0.7058823529411765,1,8.382777777777777,15.49611111111111,1.0
T0015975,C00350,2026-01-12 00:53:12,926.09,NETBANKING,FAILED,NETWORK_ERROR,20,18.0,2.0,0.9,1.9583333333333333,1,NONE,14.0,12.0,2.0,2196.5442857142857,0.14285714285714285,0.4216122597768833,0.7,1,1.9583333333333333,117.78805555555556,1.0
T0005450,C00120,2026-01-12 01:06:53,2778.49,UPI,FAILED,INSUFFICIENT_FUNDS,11,11.0,0.0,1.0,6.9061111111111115,1,NONE,10.0,10.0,0.0,2147.517,0.0,1.293815136271331,0.9090909090909091,1,6.9061111111111115,-1.0,1.0
T0019175,C00422,2026-01-12 01:10:27,3533.9,UPI,FAILED,BANK_DECLINE,17,17.0,0.0,1.0,1.9166666666666667,1,NONE,15.0,15.0,0.0,2016.0413333333336,0.0,1.752890648406018,0.8823529411764706,1,1.9166666666666667,-1.0,1.0
T0037706,C00819,2026-01-12 01:53:16,1267.4,CARD,FAILED,BANK_DECLINE,14,13.0,1.0,0.9285714285714286,25.067222222222224,1,NONE,10.0,9.0,1.0,2681.823,0.1,0.4725889814503046,0.7142857142857143,1,25.067222222222224,130.51333333333332,1.0
T0004139,C00091,2026-01-12 02:13:52,2270.42,UPI,FAILED,INSUFFICIENT_FUNDS,17,15.0,2.0,0.8823529411764706,3.4133333333333336,1,NONE,12.0,10.0,2.0,1841.74,0.16666666666666666,1.2327581526165474,0.7058823529411765,1,3.4133333333333336,82.58805555555556,1.0
T0034390,C00747,2026-01-12 02:29:29,5965.99,CARD,FAILED,BANK_DECLINE,17,14.0,3.0,0.8235294117647058,9.581666666666667,1,NONE,11.0,9.0,2.0,2013.0190909090911,0.18181818181818182,2.9637026429320765,0.6470588235294118,1,9.581666666666667,46.952222222222225,1.0
T0016567,C00362,2026-01-12 03:01:57,5435.21,CARD,FAILED,INSUFFICIENT_FUNDS,24,23.0,1.0,0.9583333333333334,5.72,1,NONE,19.0,18.0,1.0,2117.8389473684206,0.05263157894736842,2.5663943930928603,0.7916666666666666,1,5.72,139.81861111111112,1.0
T0025825,C00569,2026-01-12 03:18:21,419.14,UPI,FAILED,INSUFFICIENT_FUNDS,18,16.0,2.0,0.8888888888888888,34.99444444444445,1,NONE,15.0,14.0,1.0,2126.5266666666666,0.06666666666666667,0.1971007495791259,0.8333333333333334,1,34.99444444444445,102.77305555555556,1.0
T0023466,C00516,2026-01-12 03:20:03,1424.86,UPI,FAILED,PAYMENT_TIMEOUT,26,23.0,3.0,0.8846153846153846,16.895833333333332,1,NONE,17.0,15.0,2.0,2119.4676470588233,0.11764705882352941,0.6722725878723709,0.6538461538461539,1,16.895833333333332,151.62944444444443,1.0
T0037970,C00826,2026-01-12 03:30:41,1018.95,UPI,FAILED,INSUFFICIENT_FUNDS,15,15.0,0.0,1.0,11.16638888888889,1,NONE,8.0,8.0,0.0,1286.0237499999998,0.0,0.7923259582103365,0.5333333333333333,1,11.16638888888889,-1.0,1.0
T0007597,C00166,2026-01-12 03:34:11,2249.89,UPI,FAILED,INSUFFICIENT_FUNDS,17,17.0,0.0,1.0,3.695,1,NONE,12.0,12.0,0.0,1971.9433333333334,0.0,1.1409506358363914,0.7058823529411765,1,3.695,-1.0,1.0
T0004784,C00107,2026-01-12 03:36:42,1095.66,WALLET,FAILED,LIMIT_EXCEEDED,27,25.0,2.0,0.9259259259259259,14.699722222222222,1,NONE,18.0,18.0,0.0,2360.2572222222225,0.0,0.4642121162406263,0.6666666666666666,1,14.699722222222222,174.00611111111112,1.0
T0033140,C00721,2026-01-12 03:40:13,2357.93,NETBANKING,FAILED,NETWORK_ERROR,11,9.0,2.0,0.8181818181818182,26.098055555555554,1,NONE,9.0,7.0,2.0,2009.6722222222222,0.2222222222222222,1.1732908351555393,0.8181818181818182,1,26.098055555555554,126.77583333333334,1.0
T0001033,C00023,2026-01-12 03:46:12,1158.81,WALLET,FAILED,LIMIT_EXCEEDED,18,18.0,0.0,1.0,2.578888888888889,1,NONE,16.0,16.0,0.0,3306.755,0.0,0.3504372111027276,0.8888888888888888,1,2.578888888888889,-1.0,1.0
T0007663,C00167,2026-01-12 03:50:04,1162.68,UPI,FAILED,PAYMENT_TIMEOUT,33,30.0,3.0,0.9090909090909091,10.74,1,NONE,21.0,18.0,3.0,2519.42,0.14285714285714285,0.4614871676814505,0.6363636363636364,1,10.74,28.85972222222222,1.0
T0012569,C00276,2026-01-12 04:10:56,502.34,UPI,FAILED,INSUFFICIENT_FUNDS,21,20.0,1.0,0.9523809523809523,23.009444444444444,0,INSUFFICIENT_FUNDS,13.0,12.0,1.0,2659.2838461538463,0.07692307692307693,0.18890048188219558,0.6190476190476191,2,26.14138888888889,23.009444444444444,1.0
T0035199,C00766,2026-01-12 04:58:34,3245.54,CARD,FAILED,BANK_DECLINE,17,16.0,1.0,0.9411764705882353,42.24777777777778,1,NONE,11.0,10.0,1.0,1562.7081818181819,0.09090909090909091,2.076868885541941,0.6470588235294118,1,42.24777777777778,182.16055555555556,1.0
T0002904,C00068,2026-01-12 05:04:17,959.31,CARD,FAILED,BANK_DECLINE,27,23.0,4.0,0.8518518518518519,1.6833333333333333,1,NONE,16.0,15.0,1.0,3200.028125,0.0625,0.299781740199549,0.5925925925925926,1,1.6833333333333333,124.28527777777778,1.0
T0038230,C00832,2026-01-12 05:20:16,11837.46,NETBANKING,FAILED,NETWORK_ERROR,5,5.0,0.0,1.0,22.246111111111112,1,NONE,5.0,5.0,0.0,1881.798,0.0,6.290505144547927,1.0,1,22.246111111111112,-1.0,1.0
T0023768,C00523,2026-01-12 05:23:18,143.89,UPI,FAILED,PAYMENT_TIMEOUT,20,20.0,0.0,1.0,9.2925,1,NONE,12.0,12.0,0.0,2003.1499999999999,0.0,0.07183186481291964,0.6,1,9.2925,-1.0,1.0
T0003069,C00071,2026-01-12 05:26:10,174.81,UPI,FAILED,PAYMENT_TIMEOUT,13,12.0,1.0,0.9230769230769231,1.9630555555555556,1,NONE,10.0,9.0,1.0,2531.499,0.1,0.06905394787831243,0.7692307692307693,1,1.9630555555555556,196.50222222222223,1.0
T0019297,C00425,2026-01-12 05:33:57,1224.52,UPI,FAILED,INSUFFICIENT_FUNDS,11,11.0,0.0,1.0,43.515,1,NONE,9.0,9.0,0.0,1922.8644444444444,0.0,0.6368207616183726,0.8181818181818182,1,43.515,-1.0,1.0
T0018838,C00414,2026-01-12 05:39:30,768.65,NETBANKING,FAILED,BANK_DECLINE,13,11.0,2.0,0.8461538461538461,34.31166666666667,1,NONE,9.0,7.0,2.0,2871.2322222222224,0.2222222222222222,0.2677073606415209,0.6923076923076923,1,34.31166666666667,126.85888888888888,1.0
T0027732,C00606,2026-01-12 05:49:41,485.85,UPI,FAILED,NETWORK_ERROR,26,26.0,0.0,1.0,7.325833333333334,1,NONE,19.0,19.0,0.0,3729.8578947368424,0.0,0.13025965431165007,0.7307692307692307,1,7.325833333333334,-1.0,1.0
T0024352,C00535,2026-01-12 06:04:28,1716.98,UPI,FAILED,BANK_DECLINE,25,23.0,2.0,0.92,7.582222222222223,1,NONE,16.0,15.0,1.0,1515.37875,0.0625,1.1330368727950024,0.64,1,7.582222222222223,69.11194444444445,1.0
T0037044,C00804,2026-01-12 06:17:54,12334.58,CARD,FAILED,INSUFFICIENT_FUNDS,21,21.0,0.0,1.0,9.303055555555556,1,NONE,12.0,12.0,0.0,3169.7358333333336,0.0,3.891358980230476,0.5714285714285714,1,9.303055555555556,-1.0,1.0
T0017000,C00373,2026-01-12 06:28:52,4524.29,CARD,FAILED,INSUFFICIENT_FUNDS,18,17.0,1.0,0.9444444444444444,2.2491666666666665,1,NONE,11.0,10.0,1.0,3292.7272727272725,0.09090909090909091,1.374025124240751,0.6111111111111112,1,2.2491666666666665,102.33611111111111,1.0
T0045695,C00997,2026-01-12 06:45:21,1837.45,UPI,FAILED,BANK_DECLINE,9,7.0,2.0,0.7777777777777778,25.415,1,NONE,8.0,7.0,1.0,2052.4475,0.125,0.8952482341204829,0.8888888888888888,1,25.415,48.345555555555556,1.0
T0022423,C00493,2026-01-12 06:47:33,4379.85,CARD,FAILED,INSUFFICIENT_FUNDS,28,26.0,2.0,0.9285714285714286,2.1669444444444443,1,NONE,18.0,16.0,2.0,2256.9444444444443,0.1111111111111111,1.9406104615384618,0.6428571428571429,1,2.1669444444444443,156.99166666666667,1.0
T0020869,C00460,2026-01-12 06:53:17,576.47,UPI,FAILED,INSUFFICIENT_FUNDS,13,11.0,2.0,0.8461538461538461,3.7941666666666665,1,NONE,9.0,9.0,0.0,2459.952222222222,0.0,0.234341949730731,0.6923076923076923,1,3.7941666666666665,177.29333333333332,1.0
T0036727,C00798,2026-01-12 07:00:33,2971.8,UPI,FAILED,BANK_DECLINE,13,13.0,0.0,1.0,55.562222222222225,1,NONE,5.0,5.0,0.0,1702.268,0.0,1.74578855973325,0.38461538461538464,1,55.562222222222225,-1.0,1.0
T0020754,C00457,2026-01-12 07:02:50,543.53,UPI,FAILED,BANK_DECLINE,25,22.0,3.0,0.88,0.7730555555555556,1,NONE,20.0,17.0,3.0,2206.231,0.15,0.24636132843750266,0.8,1,0.7730555555555556,29.861666666666668,1.0
T0031457,C00683,2026-01-12 07:04:33,3393.11,UPI,FAILED,NETWORK_ERROR,29,26.0,3.0,0.896551724137931,5.049166666666666,1,NONE,17.0,14.0,3.0,1555.2988235294117,0.17647058823529413,2.181645063101171,0.5862068965517241,1,5.049166666666666,25.436944444444446,1.0
T0019313,C00425,2026-01-12 07:44:30,1325.13,UPI,FAILED,BANK_DECLINE,12,11.0,1.0,0.9166666666666666,2.1758333333333333,0,INSUFFICIENT_FUNDS,10.0,9.0,1.0,1853.03,0.1,0.7151152436819695,0.8333333333333334,2,45.69083333333333,2.1758333333333333,1.0
T0038295,C00833,2026-01-12 08:09:59,1105.83,UPI,FAILED,NETWORK_ERROR,17,13.0,4.0,0.7647058823529411,3.2202777777777776,1,NONE,11.0,9.0,2.0,1439.2654545454545,0.18181818181818182,0.7683294256160971,0.6470588235294118,1,3.2202777777777776,143.57666666666665,1.0
T0011484,C00252,2026-01-12 08:25:20,2376.46,UPI,FAILED,LIMIT_EXCEEDED,19,19.0,0.0,1.0,2.4983333333333335,1,NONE,11.0,11.0,0.0,1267.4527272727273,0.0,1.8749890618118803,0.5789473684210527,1,2.4983333333333335,-1.0,1.0
T0036742,C00798,2026-01-12 08:29:02,6382.33,UPI,FAILED,PAYMENT_TIMEOUT,15,14.0,1.0,0.9333333333333333,0.012777777777777779,1,NONE,7.0,6.0,1.0,1970.3700000000001,0.14285714285714285,3.239153052472378,0.4666666666666667,1,0.012777777777777779,1.4747222222222223,1.0
T0010746,C00233,2026-01-12 08:33:34,2512.16,CARD,FAILED,BANK_DECLINE,16,14.0,2.0,0.875,39.966388888888886,1,NONE,11.0,10.0,1.0,2129.3436363636365,0.09090909090909091,1.179781392302707,0.6875,1,39.966388888888886,104.42222222222222,1.0
T0006981,C00153,2026-01-12 08:37:07,438.25,UPI,FAILED,NETWORK_ERROR,21,18.0,3.0,0.8571428571428571,12.3625,1,NONE,10.0,9.0,1.0,2464.683,0.1,0.17781191333733384,0.47619047619047616,1,12.3625,126.79416666666667,1.0
T0022706,C00500,2026-01-12 08:41:10,1527.07,UPI,FAILED,BANK_DECLINE,31,29.0,2.0,0.9354838709677419,5.208888888888889,1,NONE,20.0,19.0,1.0,2104.15,0.05,0.7257419860751372,0.6451612903225806,1,5.208888888888889,57.056111111111115,1.0
T0012499,C00274,2026-01-12 08:50:59,624.99,UPI,FAILED,PAYMENT_TIMEOUT,14,14.0,0.0,1.0,44.33611111111111,1,NONE,9.0,9.0,0.0,1990.881111111111,0.0,0.3139263296597319,0.6428571428571429,1,44.33611111111111,-1.0,1.0
T0007567,C00165,2026-01-12 09:04:42,5056.78,UPI,FAILED,NETWORK_ERROR,17,17.0,0.0,1.0,13.088611111111112,1,NONE,13.0,13.0,0.0,2929.8561538461536,0.0,1.725948215362634,0.7647058823529411,1,13.088611111111112,-1.0,1.0
T0007386,C00161,2026-01-12 09:07:13,6339.63,CARD,FAILED,PAYMENT_TIMEOUT,20,19.0,1.0,0.95,13.911666666666667,1,NONE,12.0,12.0,0.0,2277.351666666667,0.0,2.7837729643569906,0.6,1,13.911666666666667,272.36333333333334,1.0
T0002285,C00053,2026-01-12 09:11:48,574.39,UPI,FAILED,INSUFFICIENT_FUNDS,14,14.0,0.0,1.0,1.0541666666666667,1,NONE,10.0,10.0,0.0,1495.891,0.0,0.38397851180333326,0.7142857142857143,1,1.0541666666666667,-1.0,1.0
T0018365,C00404,2026-01-12 09:20:13,207.8,NETBANKING,FAILED,PAYMENT_TIMEOUT,21,20.0,1.0,0.9523809523809523,19.4875,1,NONE,16.0,15.0,1.0,1888.42875,0.0625,0.11003857042528081,0.7619047619047619,1,19.4875,133.9413888888889,1.0
T0044590,C00973,2026-01-12 09:47:36,4163.16,UPI,FAILED,PAYMENT_TIMEOUT,25,24.0,1.0,0.96,5.1338888888888885,1,NONE,16.0,15.0,1.0,2413.80625,0.0625,1.7247283206761104,0.64,1,5.1338888888888885,76.93277777777777,1.0
T0009029,C00196,2026-01-12 10:11:37,2316.16,UPI,FAILED,PAYMENT_TIMEOUT,10,9.0,1.0,0.9,12.3875,1,NONE,6.0,5.0,1.0,1785.8816666666664,0.16666666666666666,1.2969280346122225,0.6,1,12.3875,153.19972222222222,1.0
T0034643,C00753,2026-01-12 10:16:15,280.02,CARD,FAILED,INSUFFICIENT_FUNDS,14,13.0,1.0,0.9285714285714286,2.5077777777777777,1,NONE,7.0,7.0,0.0,2434.7071428571426,0.0,0.1150117790640705,0.5,1,2.5077777777777777,213.52777777777777,1.0
T0024285,C00534,2026-01-12 10:27:37,4329.66,CARD,FAILED,LIMIT_EXCEEDED,27,25.0,2.0,0.9259259259259259,0.4444444444444444,1,NONE,17.0,16.0,1.0,1587.1347058823528,0.058823529411764705,2.727972606202298,0.6296296296296297,1,0.4444444444444444,67.9738888888889,1.0
T0044396,C00967,2026-01-12 10:30:51,1906.43,CARD,FAILED,BANK_DECLINE,8,8.0,0.0,1.0,18.65138888888889,1,NONE,6.0,6.0,0.0,2519.2616666666668,0.0,0.7567415585386459,0.75,1,18.65138888888889,-1.0,1.0
T0033568,C00729,2026-01-12 10:42:59,208.34,UPI,FAILED,BANK_DECLINE,16,15.0,1.0,0.9375,0.9425,1,NONE,10.0,9.0,1.0,2367.3779999999997,0.1,0.08800453497498077,0.625,1,0.9425,54.22527777777778,1.0
T0000988,C00022,2026-01-12 10:44:27,678.76,WALLET,FAILED,LIMIT_EXCEEDED,9,9.0,0.0,1.0,60.32694444444444,1,NONE,7.0,7.0,0.0,2363.144285714286,0.0,0.2872274892833458,0.7777777777777778,1,60.32694444444444,-1.0,1.0
T0031500,C00683,2026-01-12 11:06:01,795.89,UPI,FAILED,BANK_DECLINE,30,26.0,4.0,0.8666666666666667,4.024444444444445,0,NETWORK_ERROR,17.0,14.0,3.0,1701.8058823529411,0.17647058823529413,0.4676737859782169,0.5666666666666667,2,9.073611111111111,4.024444444444445,1.0
T0037632,C00817,2026-01-12 11:11:53,1290.53,UPI,FAILED,NETWORK_ERROR,7,7.0,0.0,1.0,23.739722222222223,1,NONE,6.0,6.0,0.0,1514.83,0.0,0.8519305796690058,0.8571428571428571,1,23.739722222222223,-1.0,1.0
T0017854,C00392,2026-01-12 11:27:42,8278.05,UPI,FAILED,INSUFFICIENT_FUNDS,14,12.0,2.0,0.8571428571428571,25.149722222222223,1,NONE,10.0,9.0,1.0,1600.342,0.1,5.17267559059251,0.7142857142857143,1,25.149722222222223,55.58027777777778,1.0
T0007278,C00159,2026-01-12 11:40:09,2510.82,UPI,FAILED,BANK_DECLINE,28,28.0,0.0,1.0,2.1286111111111112,1,NONE,15.0,15.0,0.0,1905.182,0.0,1.3178898393959213,0.5357142857142857,1,2.1286111111111112,-1.0,1.0
T0037557,C00816,2026-01-12 11:58:10,1526.22,UPI,FAILED,INSUFFICIENT_FUNDS,31,28.0,3.0,0.9032258064516129,5.8175,1,NONE,23.0,22.0,1.0,2140.114347826087,0.043478260869565216,0.7131488098055712,0.7419354838709677,1,5.8175,156.23083333333332,1.0
T0043949,C00957,2026-01-12 12:38:59,906.43,CARD,FAILED,PAYMENT_TIMEOUT,20,19.0,1.0,0.95,1.0305555555555554,1,NONE,13.0,12.0,1.0,2126.7415384615383,0.07692307692307693,0.4262059980526367,0.65,1,1.0305555555555554,17.988333333333333,1.0
T0035600,C00774,2026-01-12 13:37:09,1314.57,CARD,FAILED,NETWORK_ERROR,31,31.0,0.0,1.0,5.295,1,NONE,19.0,19.0,0.0,1184.521052631579,0.0,1.1097903216489897,0.6129032258064516,1,5.295,-1.0,1.0
T0017601,C00386,2026-01-12 14:07:52,1383.65,NETBANKING,FAILED,BANK_DECLINE,27,25.0,2.0,0.9259259259259259,2.326388888888889,1,NONE,14.0,12.0,2.0,1667.1007142857143,0.14285714285714285,0.8299738510956362,0.5185185185185185,1,2.326388888888889,104.36722222222222,1.0
T0038514,C00838,2026-01-12 14:08:35,909.0,UPI,FAILED,INSUFFICIENT_FUNDS,12,12.0,0.0,1.0,32.62916666666667,1,NONE,9.0,9.0,0.0,1223.581111111111,0.0,0.7429013015529098,0.75,1,32.62916666666667,-1.0,1.0
T0030034,C00654,2026-01-12 14:17:48,1540.93,WALLET,FAILED,LIMIT_EXCEEDED,25,25.0,0.0,1.0,21.852222222222224,1,NONE,12.0,12.0,0.0,1681.7541666666666,0.0,0.9162635244449621,0.48,1,21.852222222222224,-1.0,1.0
T0034387,C00747,2026-01-12 14:18:41,898.98,CARD,FAILED,BANK_DECLINE,19,15.0,4.0,0.7894736842105263,6.4158333333333335,1,NONE,13.0,10.0,3.0,2214.5923076923077,0.23076923076923078,0.40593476139035833,0.6842105263157895,1,6.4158333333333335,11.82,1.0
T0011261,C00245,2026-01-12 14:19:18,692.89,CARD,FAILED,INSUFFICIENT_FUNDS,8,8.0,0.0,1.0,24.985277777777778,1,NONE,6.0,6.0,0.0,2142.23,0.0,0.32344332774725404,0.75,1,24.985277777777778,-1.0,1.0
T0005535,C00122,2026-01-12 15:06:55,1198.79,NETBANKING,FAILED,BANK_DECLINE,18,16.0,2.0,0.8888888888888888,15.019444444444444,1,NONE,11.0,10.0,1.0,1329.5427272727272,0.09090909090909091,0.9016558666445128,0.6111111111111112,1,15.019444444444444,176.35583333333332,1.0
T0011977,C00263,2026-01-12 15:35:17,1762.16,CARD,FAILED,BANK_DECLINE,10,9.0,1.0,0.9,1.3005555555555555,1,NONE,6.0,6.0,0.0,1232.5333333333333,0.0,1.4297057550843792,0.6,1,1.3005555555555555,241.10166666666666,1.0
T0020930,C00461,2026-01-12 15:36:07,896.6,NETBANKING,FAILED,BANK_DECLINE,27,24.0,3.0,0.8888888888888888,1.1063888888888889,1,NONE,16.0,14.0,2.0,2298.30875,0.125,0.3901129471834452,0.5925925925925926,1,1.1063888888888889,65.46472222222222,1.0
T0011698,C00256,2026-01-12 15:48:19,1322.6,UPI,FAILED,INSUFFICIENT_FUNDS,15,15.0,0.0,1.0,3.441388888888889,1,NONE,11.0,11.0,0.0,2849.3363636363633,0.0,0.4641782616047756,0.7333333333333333,1,3.441388888888889,-1.0,1.0
T0023735,C00522,2026-01-12 15:49:36,758.1,CARD,FAILED,NETWORK_ERROR,12,12.0,0.0,1.0,13.09,1,NONE,10.0,10.0,0.0,1795.6599999999999,0.0,0.42218460064822966,0.8333333333333334,1,13.09,-1.0,1.0
T0024671,C00543,2026-01-12 16:08:13,17650.68,CARD,FAILED,INSUFFICIENT_FUNDS,15,13.0,2.0,0.8666666666666667,24.34638888888889,1,NONE,11.0,10.0,1.0,2756.7845454545454,0.09090909090909091,6.402633107147556,0.7333333333333333,1,24.34638888888889,127.53527777777778,1.0
T0003015,C00070,2026-01-12 16:24:40,951.62,UPI,FAILED,BANK_DECLINE,37,36.0,1.0,0.972972972972973,3.806111111111111,1,NONE,18.0,18.0,0.0,1869.1427777777778,0.0,0.5091210855124616,0.4864864864864865,1,3.806111111111111,219.735,1.0
T0033349,C00725,2026-01-12 16:26:14,1392.01,NETBANKING,FAILED,BANK_DECLINE,17,16.0,1.0,0.9411764705882353,20.279444444444444,1,NONE,11.0,11.0,0.0,1367.2263636363637,0.0,1.0181269444642072,0.6470588235294118,1,20.279444444444444,222.5013888888889,1.0
T0002237,C00052,2026-01-12 16:29:26,790.56,CARD,FAILED,INSUFFICIENT_FUNDS,8,8.0,0.0,1.0,40.175,1,NONE,4.0,4.0,0.0,1191.23,0.0,0.6636501767081083,0.5,1,40.175,-1.0,1.0
T0025835,C00569,2026-01-12 16:38:39,589.11,UPI,FAILED,BANK_DECLINE,21,18.0,3.0,0.8571428571428571,10.444166666666666,1,NONE,16.0,14.0,2.0,2150.999375,0.125,0.27387734596622093,0.7619047619047619,1,10.444166666666666,13.338333333333333,1.0
T0007888,C00171,2026-01-12 16:51:08,1188.48,UPI,FAILED,INSUFFICIENT_FUNDS,21,21.0,0.0,1.0,17.447222222222223,1,NONE,12.0,12.0,0.0,2594.2166666666667,0.0,0.45812673061232356,0.5714285714285714,1,17.447222222222223,-1.0,1.0
T0038307,C00834,2026-01-12 17:25:39,3654.98,UPI,FAILED,LIMIT_EXCEEDED,18,18.0,0.0,1.0,3.897777777777778,1,NONE,12.0,12.0,0.0,1674.3625,0.0,2.1829084203689466,0.6666666666666666,1,3.897777777777778,-1.0,1.0
T0031295,C00680,2026-01-12 17:56:53,8225.41,UPI,FAILED,LIMIT_EXCEEDED,25,23.0,2.0,0.92,21.42,0,INSUFFICIENT_FUNDS,14.0,12.0,2.0,2110.4821428571427,0.14285714285714285,3.8974080059566623,0.56,2,34.158055555555556,21.42,1.0
T0007426,C00162,2026-01-12 18:11:47,3572.38,UPI,FAILED,PAYMENT_TIMEOUT,16,16.0,0.0,1.0,11.13888888888889,1,NONE,10.0,10.0,0.0,2448.146,0.0,1.4592185269996152,0.625,1,11.13888888888889,-1.0,1.0
T0028931,C00632,2026-01-12 18:18:02,1889.34,UPI,FAILED,INSUFFICIENT_FUNDS,29,29.0,0.0,1.0,13.930833333333334,1,NONE,18.0,18.0,0.0,2210.032222222222,0.0,0.8548925128793999,0.6206896551724138,1,13.930833333333334,-1.0,1.0
T0025231,C00554,2026-01-12 18:24:02,698.6,WALLET,FAILED,LIMIT_EXCEEDED,31,29.0,2.0,0.9354838709677419,0.9755555555555555,1,NONE,22.0,20.0,2.0,3138.189545454545,0.09090909090909091,0.22261242983613747,0.7096774193548387,1,0.9755555555555555,110.25916666666667,1.0
T0014826,C00327,2026-01-12 18:24:16,1207.71,CARD,FAILED,LIMIT_EXCEEDED,23,22.0,1.0,0.9565217391304348,4.7508333333333335,1,NONE,16.0,15.0,1.0,1678.5500000000002,0.0625,0.7194959935658752,0.6956521739130435,1,4.7508333333333335,125.115,1.0
T0004682,C00105,2026-01-12 18:25:08,1628.56,UPI,FAILED,NETWORK_ERROR,21,20.0,1.0,0.9523809523809523,27.753055555555555,1,NONE,15.0,14.0,1.0,1963.3693333333333,0.06666666666666667,0.8294720572186453,0.7142857142857143,1,27.753055555555555,113.34944444444444,1.0
T0032540,C00708,2026-01-12 18:33:44,1213.85,UPI,FAILED,NETWORK_ERROR,21,20.0,1.0,0.9523809523809523,1.2108333333333334,1,NONE,17.0,16.0,1.0,1968.230588235294,0.058823529411764705,0.6167214386645276,0.8095238095238095,1,1.2108333333333334,114.85888888888888,1.0
T0014530,C00320,2026-01-12 18:35:04,598.05,NETBANKING,FAILED,PAYMENT_TIMEOUT,27,24.0,3.0,0.8888888888888888,21.24972222222222,1,NONE,14.0,13.0,1.0,1835.037857142857,0.07142857142857142,0.3259060829029218,0.5185185185185185,1,21.24972222222222,142.55416666666667,1.0
T0040626,C00886,2026-01-12 18:52:05,5830.64,UPI,FAILED,PAYMENT_TIMEOUT,15,11.0,4.0,0.7333333333333333,21.782222222222224,1,NONE,8.0,6.0,2.0,2629.875,0.25,2.2170787584961262,0.5333333333333333,1,21.782222222222224,56.489444444444445,1.0
T0030117,C00655,2026-01-12 19:35:33,2853.41,UPI,FAILED,PAYMENT_TIMEOUT,24,22.0,2.0,0.9166666666666666,8.330833333333333,1,NONE,14.0,12.0,2.0,3310.0242857142853,0.14285714285714285,0.8620510768803165,0.5833333333333334,1,8.330833333333333,58.11833333333333,1.0
T0028507,C00623,2026-01-12 19:46:13,1905.62,CARD,FAILED,INSUFFICIENT_FUNDS,27,26.0,1.0,0.9629629629629629,5.6025,1,NONE,18.0,18.0,0.0,2143.271111111111,0.0,0.8891175689911163,0.6666666666666666,1,5.6025,188.59777777777776,1.0
T0008505,C00185,2026-01-12 19:58:58,1958.08,CARD,FAILED,INSUFFICIENT_FUNDS,21,19.0,2.0,0.9047619047619048,18.08111111111111,1,NONE,14.0,12.0,2.0,1583.9735714285714,0.14285714285714285,1.236182241496634,0.6666666666666666,1,18.08111111111111,44.731944444444444,1.0
T0037439,C00813,2026-01-12 19:59:49,687.02,UPI,FAILED,PAYMENT_TIMEOUT,14,14.0,0.0,1.0,3.522777777777778,1,NONE,10.0,10.0,0.0,1970.2869999999998,0.0,0.3486903177049841,0.7142857142857143,1,3.522777777777778,-1.0,1.0
T0017921,C00394,2026-01-12 20:04:36,1001.98,NETBANKING,FAILED,INSUFFICIENT_FUNDS,14,13.0,1.0,0.9285714285714286,2.9258333333333333,1,NONE,9.0,9.0,0.0,2489.5366666666664,0.0,0.40247649830423604,0.6428571428571429,1,2.9258333333333333,237.60944444444445,1.0
T0002330,C00054,2026-01-12 20:26:17,3089.91,NETBANKING,FAILED,PAYMENT_TIMEOUT,19,18.0,1.0,0.9473684210526315,38.41722222222222,1,NONE,13.0,13.0,0.0,1386.0484615384617,0.0,2.229294347017503,0.6842105263157895,1,38.41722222222222,228.60166666666666,1.0
T0032611,C00709,2026-01-12 20:50:20,3143.59,NETBANKING,FAILED,PAYMENT_TIMEOUT,15,15.0,0.0,1.0,10.4975,1,NONE,11.0,11.0,0.0,1615.3045454545454,0.0,1.9461283687005266,0.7333333333333333,1,10.4975,-1.0,1.0
T0005146,C00115,2026-01-12 21:16:48,1229.73,WALLET,FAILED,NETWORK_ERROR,21,21.0,0.0,1.0,10.655555555555555,1,NONE,13.0,13.0,0.0,1624.046153846154,0.0,0.757201386849559,0.6190476190476191,1,10.655555555555555,-1.0,1.0
T0031789,C00690,2026-01-12 21:20:03,1269.22,UPI,FAILED,NETWORK_ERROR,13,13.0,0.0,1.0,15.460833333333333,1,NONE,8.0,8.0,0.0,2609.25625,0.0,0.48642980159576127,0.6153846153846154,1,15.460833333333333,-1.0,1.0
T0014588,C00322,2026-01-12 21:23:48,591.77,UPI,FAILED,PAYMENT_TIMEOUT,14,14.0,0.0,1.0,7.498611111111111,1,NONE,10.0,10.0,0.0,2125.355,0.0,0.2784334852295263,0.7142857142857143,1,7.498611111111111,-1.0,1.0
T0036736,C00798,2026-01-12 21:40:16,1344.53,UPI,FAILED,BANK_DECLINE,18,16.0,2.0,0.8888888888888888,1.4566666666666668,1,NONE,10.0,8.0,2.0,2504.882,0.2,0.5367638076364475,0.5555555555555556,1,1.4566666666666668,13.187222222222223,1.0
T0035300,C00768,2026-01-12 21:41:05,4562.61,UPI,FAILED,BANK_DECLINE,16,14.0,2.0,0.875,28.568055555555556,1,NONE,12.0,11.0,1.0,2531.2875,0.08333333333333333,1.8024858890979392,0.75,1,28.568055555555556,216.8188888888889,1.0
T0019965,C00439,2026-01-12 21:43:29,1998.91,UPI,FAILED,BANK_DECLINE,24,23.0,1.0,0.9583333333333334,4.450555555555556,1,NONE,14.0,14.0,0.0,1662.4014285714286,0.0,1.2024231726736108,0.5833333333333334,1,4.450555555555556,249.01694444444445,1.0
T0000742,C00017,2026-01-12 22:09:33,1088.55,WALLET,FAILED,LIMIT_EXCEEDED,23,20.0,3.0,0.8695652173913043,33.331944444444446,1,NONE,14.0,13.0,1.0,1502.0214285714285,0.07142857142857142,0.7247233490106191,0.6086956521739131,1,33.331944444444446,192.51416666666665,1.0
T0028201,C00617,2026-01-12 22:41:17,3017.34,CARD,FAILED,PAYMENT_TIMEOUT,26,24.0,2.0,0.9230769230769231,0.5125,1,NONE,23.0,21.0,2.0,3382.853478260869,0.08695652173913043,0.8919511351556438,0.8846153846153846,1,0.5125,48.352222222222224,1.0
T0020823,C00458,2026-01-12 22:55:53,1572.49,UPI,FAILED,INSUFFICIENT_FUNDS,19,18.0,1.0,0.9473684210526315,28.590833333333332,1,NONE,14.0,13.0,1.0,2644.3857142857146,0.07142857142857142,0.594652282193542,0.7368421052631579,1,28.590833333333332,158.4686111111111,1.0
T0038300,C00834,2026-01-12 23:36:14,3807.73,UPI,FAILED,LIMIT_EXCEEDED,19,18.0,1.0,0.9473684210526315,6.176388888888889,0,LIMIT_EXCEEDED,13.0,12.0,1.0,1826.7176923076922,0.07692307692307693,2.0844654956999378,0.6842105263157895,2,10.074166666666667,6.176388888888889,1.0
T0023526,C00517,2026-01-13 00:22:05,1889.73,CARD,FAILED,PAYMENT_TIMEOUT,13,10.0,3.0,0.7692307692307693,1.308888888888889,1,NONE,8.0,6.0,2.0,1510.8162499999999,0.25,1.2508006847291986,0.6153846153846154,1,1.308888888888889,91.43861111111111,1.0
T0034397,C00747,2026-01-13 00:42:16,1028.1,CARD,FAILED,INSUFFICIENT_FUNDS,21,16.0,5.0,0.7619047619047619,5.676666666666667,1,NONE,14.0,10.0,4.0,1831.6685714285716,0.2857142857142857,0.5612915000218379,0.6666666666666666,1,5.676666666666667,10.393055555555556,1.0
T0031185,C00678,2026-01-13 00:51:55,1338.32,UPI,FAILED,NETWORK_ERROR,16,15.0,1.0,0.9375,45.14194444444445,1,NONE,10.0,10.0,0.0,2335.18,0.0,0.573112136965887,0.625,1,45.14194444444445,271.52666666666664,1.0
T0040176,C00874,2026-01-13 01:03:43,1188.63,CARD,FAILED,LIMIT_EXCEEDED,29,28.0,1.0,0.9655172413793104,21.199166666666667,1,NONE,19.0,18.0,1.0,1879.1415789473685,0.05263157894736842,0.6325388216175976,0.6551724137931034,1,21.199166666666667,111.65055555555556,1.0
T0015754,C00347,2026-01-13 01:15:50,1173.82,WALLET,FAILED,NETWORK_ERROR,25,19.0,6.0,0.76,18.309444444444445,1,NONE,16.0,12.0,4.0,2263.230625,0.25,0.5186479835655281,0.64,1,18.309444444444445,42.84361111111111,1.0
T0025518,C00560,2026-01-13 01:27:54,2951.92,UPI,FAILED,LIMIT_EXCEEDED,31,31.0,0.0,1.0,6.170277777777778,1,NONE,20.0,20.0,0.0,2131.3835000000004,0.0,1.3849783485703064,0.6451612903225806,1,6.170277777777778,-1.0,1.0
T0045197,C00985,2026-01-13 02:27:02,1154.57,NETBANKING,FAILED,PAYMENT_TIMEOUT,18,18.0,0.0,1.0,2.6225,1,NONE,14.0,14.0,0.0,2682.5764285714286,0.0,0.4303959386591834,0.7777777777777778,1,2.6225,-1.0,1.0
T0036589,C00796,2026-01-13 02:52:41,870.01,UPI,FAILED,NETWORK_ERROR,21,21.0,0.0,1.0,10.790555555555555,1,NONE,10.0,10.0,0.0,1513.6349999999998,0.0,0.5747818992029122,0.47619047619047616,1,10.790555555555555,-1.0,1.0
T0002418,C00056,2026-01-13 02:57:51,1210.33,CARD,FAILED,INSUFFICIENT_FUNDS,15,15.0,0.0,1.0,29.630555555555556,1,NONE,7.0,7.0,0.0,1678.4885714285715,0.0,0.7210832534712351,0.4666666666666667,1,29.630555555555556,-1.0,1.0
T0023557,C00518,2026-01-13 03:02:51,909.83,NETBANKING,FAILED,PAYMENT_TIMEOUT,12,11.0,1.0,0.9166666666666666,0.019444444444444445,1,NONE,10.0,9.0,1.0,5862.825,0.1,0.15518627965187431,0.8333333333333334,1,0.019444444444444445,87.945,1.0
T0011224,C00244,2026-01-13 03:06:53,638.39,UPI,FAILED,PAYMENT_TIMEOUT,8,8.0,0.0,1.0,5.959444444444444,1,NONE,5.0,5.0,0.0,3951.094,0.0,0.16157297194144205,0.625,1,5.959444444444444,-1.0,1.0
T0011151,C00242,2026-01-13 03:15:06,971.82,NETBANKING,FAILED,PAYMENT_TIMEOUT,10,9.0,1.0,0.9,25.48472222222222,1,NONE,6.0,6.0,0.0,2136.1733333333336,0.0,0.45493499279084715,0.6,1,25.48472222222222,176.86222222222221,1.0
T0021324,C00469,2026-01-13 03:21:52,2878.73,CARD,FAILED,INSUFFICIENT_FUNDS,21,18.0,3.0,0.8571428571428571,0.49416666666666664,1,NONE,14.0,11.0,3.0,2565.8335714285713,0.21428571428571427,1.1219472814042333,0.6666666666666666,1,0.49416666666666664,29.598055555555554,1.0
T0009240,C00201,2026-01-13 03:44:06,1893.97,CARD,FAILED,INSUFFICIENT_FUNDS,12,12.0,0.0,1.0,7.387222222222222,1,NONE,9.0,9.0,0.0,2293.8244444444445,0.0,0.8256821940262793,0.75,1,7.387222222222222,-1.0,1.0
T0022414,C00493,2026-01-13 04:11:15,1498.07,CARD,FAILED,BANK_DECLINE,30,27.0,3.0,0.9,10.926944444444445,1,NONE,14.0,13.0,1.0,2291.3907142857142,0.07142857142857142,0.6537819982686747,0.4666666666666667,1,10.926944444444445,21.395,1.0
T0017672,C00388,2026-01-13 04:38:40,2328.29,NETBANKING,FAILED,BANK_DECLINE,13,13.0,0.0,1.0,5.76,1,NONE,10.0,10.0,0.0,2442.594,0.0,0.9532038480402392,0.7692307692307693,1,5.76,-1.0,1.0
T0017863,C00392,2026-01-13 04:47:53,919.33,UPI,FAILED,LIMIT_EXCEEDED,16,13.0,3.0,0.8125,8.731944444444444,1,NONE,12.0,10.0,2.0,2235.8816666666667,0.16666666666666666,0.4111711338331113,0.75,1,8.731944444444444,17.336388888888887,1.0
T0004963,C00110,2026-01-13 04:58:20,2587.0,CARD,FAILED,INSUFFICIENT_FUNDS,18,15.0,3.0,0.8333333333333334,6.752777777777778,1,NONE,10.0,8.0,2.0,1280.283,0.2,2.0206469975778796,0.5555555555555556,1,6.752777777777778,62.045,1.0
T0037627,C00817,2026-01-13 05:02:57,4491.0,UPI,FAILED,NETWORK_ERROR,8,7.0,1.0,0.875,17.851111111111113,0,NETWORK_ERROR,7.0,6.0,1.0,1482.7871428571427,0.14285714285714285,3.0287556927061106,0.875,2,41.590833333333336,17.851111111111113,1.0
T0025747,C00567,2026-01-13 05:08:12,786.62,CARD,FAILED,NETWORK_ERROR,21,20.0,1.0,0.9523809523809523,25.21472222222222,1,NONE,13.0,13.0,0.0,1692.2869230769231,0.0,0.46482661378116913,0.6190476190476191,1,25.21472222222222,250.41666666666666,1.0
T0036898,C00802,2026-01-13 05:12:48,4936.66,CARD,FAILED,INSUFFICIENT_FUNDS,27,25.0,2.0,0.9259259259259259,10.19361111111111,1,NONE,19.0,18.0,1.0,1841.514736842105,0.05263157894736842,2.6807605180860836,0.7037037037037037,1,10.19361111111111,145.09805555555556,1.0
T0031682,C00687,2026-01-13 05:47:43,695.02,NETBANKING,FAILED,BANK_DECLINE,19,19.0,0.0,1.0,3.147222222222222,1,NONE,10.0,10.0,0.0,2151.25,0.0,0.3230772806507844,0.5263157894736842,1,3.147222222222222,-1.0,1.0
T0006064,C00133,2026-01-13 05:53:54,1019.95,UPI,FAILED,NETWORK_ERROR,27,24.0,3.0,0.8888888888888888,1.611388888888889,1,NONE,22.0,19.0,3.0,2244.564545454545,0.13636363636363635,0.4544088527396082,0.8148148148148148,1,1.611388888888889,41.364444444444445,1.0
T0011655,C00255,2026-01-13 05:59:52,1246.67,CARD,FAILED,INSUFFICIENT_FUNDS,32,30.0,2.0,0.9375,0.5005555555555555,1,NONE,15.0,14.0,1.0,2131.421333333333,0.06666666666666667,0.5849007798239173,0.46875,1,0.5005555555555555,152.99916666666667,1.0
T0041596,C00907,2026-01-13 06:04:53,1057.31,UPI,FAILED,INSUFFICIENT_FUNDS,21,19.0,2.0,0.9047619047619048,3.2494444444444444,1,NONE,15.0,13.0,2.0,2155.4253333333336,0.13333333333333333,0.4905342735138431,0.7142857142857143,1,3.2494444444444444,46.547777777777775,1.0
T0045689,C00997,2026-01-13 06:14:47,2374.4,UPI,FAILED,NETWORK_ERROR,10,7.0,3.0,0.7,23.490555555555556,0,BANK_DECLINE,9.0,7.0,2.0,2028.5588888888888,0.2222222222222222,1.1704861086387,0.9,2,48.90555555555556,23.490555555555556,1.0
T0044793,C00977,2026-01-13 06:30:51,386.63,UPI,FAILED,BANK_DECLINE,14,14.0,0.0,1.0,1.5888888888888888,1,NONE,11.0,11.0,0.0,1290.3163636363636,0.0,0.2996396937185243,0.7857142857142857,1,1.5888888888888888,-1.0,1.0
T0029978,C00653,2026-01-13 06:37:38,903.18,CARD,FAILED,BANK_DECLINE,20,19.0,1.0,0.95,9.289722222222222,1,NONE,8.0,8.0,0.0,2673.2074999999995,0.0,0.337863783488562,0.4,1,9.289722222222222,271.8536111111111,1.0
T0015892,C00349,2026-01-13 06:47:38,2086.36,WALLET,FAILED,LIMIT_EXCEEDED,22,21.0,1.0,0.9545454545454546,0.3852777777777778,1,NONE,13.0,12.0,1.0,2678.706153846154,0.07692307692307693,0.7788685582419527,0.5909090909090909,1,0.3852777777777778,65.50333333333333,1.0
T0014351,C00316,2026-01-13 06:57:10,1561.61,CARD,FAILED,PAYMENT_TIMEOUT,4,4.0,0.0,1.0,58.785833333333336,1,NONE,3.0,3.0,0.0,1551.4033333333334,0.0,1.006578989774849,0.75,1,58.785833333333336,-1.0,1.0
T0007959,C00173,2026-01-13 07:14:26,2132.73,UPI,FAILED,NETWORK_ERROR,27,26.0,1.0,0.9629629629629629,13.4725,1,NONE,15.0,15.0,0.0,2289.1560000000004,0.0,0.9316665181403101,0.5555555555555556,1,13.4725,252.79555555555555,1.0
T0002870,C00068,2026-01-13 07:17:07,2233.01,CARD,FAILED,NETWORK_ERROR,29,24.0,5.0,0.8275862068965517,1.37,1,NONE,14.0,12.0,2.0,3167.9707142857146,0.14285714285714285,0.7048707836629983,0.4827586206896552,1,1.37,26.21388888888889,1.0
T0042840,C00936,2026-01-13 07:44:54,612.67,NETBANKING,FAILED,PAYMENT_TIMEOUT,13,13.0,0.0,1.0,2.874722222222222,1,NONE,10.0,10.0,0.0,2595.683,0.0,0.23603421527204976,0.7692307692307693,1,2.874722222222222,-1.0,1.0
T0011093,C00240,2026-01-13 07:55:42,5480.63,CARD,FAILED,LIMIT_EXCEEDED,23,18.0,5.0,0.782608695652174,14.130555555555556,1,NONE,11.0,9.0,2.0,2267.2827272727272,0.18181818181818182,2.41726800723814,0.4782608695652174,1,14.130555555555556,60.003055555555555,1.0
T0001464,C00033,2026-01-13 08:11:31,1767.66,UPI,FAILED,INSUFFICIENT_FUNDS,14,13.0,1.0,0.9285714285714286,6.411944444444444,1,NONE,8.0,7.0,1.0,2401.0825,0.125,0.7361929463065097,0.5714285714285714,1,6.411944444444444,206.44861111111112,1.0
T0012526,C00275,2026-01-13 08:16:49,9432.19,UPI,FAILED,INSUFFICIENT_FUNDS,23,21.0,2.0,0.9130434782608695,33.744166666666665,1,NONE,12.0,11.0,1.0,1559.0041666666668,0.08333333333333333,6.050137774915076,0.5217391304347826,1,33.744166666666665,142.33694444444444,1.0
T0002819,C00067,2026-01-13 08:33:27,707.87,CARD,FAILED,NETWORK_ERROR,17,14.0,3.0,0.8235294117647058,0.5997222222222223,1,NONE,8.0,7.0,1.0,5451.93,0.125,0.12983842419106628,0.47058823529411764,1,0.5997222222222223,104.5375,1.0
T0044928,C00980,2026-01-13 08:45:11,912.46,CARD,FAILED,INSUFFICIENT_FUNDS,10,7.0,3.0,0.7,16.064166666666665,1,NONE,6.0,4.0,2.0,2669.668333333333,0.3333333333333333,0.34178777513561304,0.6,1,16.064166666666665,51.57083333333333,1.0
T0019795,C00435,2026-01-13 08:45:23,2261.81,UPI,FAILED,BANK_DECLINE,24,24.0,0.0,1.0,10.914166666666667,1,NONE,14.0,14.0,0.0,2238.5885714285714,0.0,1.0103732453867615,0.5833333333333334,1,10.914166666666667,-1.0,1.0
T0026933,C00591,2026-01-13 09:07:50,855.52,UPI,FAILED,BANK_DECLINE,28,27.0,1.0,0.9642857142857143,5.298333333333333,1,NONE,18.0,18.0,0.0,2444.9433333333336,0.0,0.3499140402708719,0.6428571428571429,1,5.298333333333333,209.8213888888889,1.0
T0041489,C00905,2026-01-13 09:09:27,1205.68,CARD,FAILED,BANK_DECLINE,18,18.0,0.0,1.0,2.557777777777778,1,NONE,13.0,13.0,0.0,1278.423076923077,0.0,0.9430993712205542,0.7222222222222222,1,2.557777777777778,-1.0,1.0
T0041024,C00894,2026-01-13 09:13:50,3138.11,CARD,FAILED,LIMIT_EXCEEDED,31,28.0,3.0,0.9032258064516129,4.481111111111111,1,NONE,15.0,14.0,1.0,2250.5626666666667,0.06666666666666667,1.394366860553983,0.4838709677419355,1,4.481111111111111,77.11333333333333,1.0
T0009400,C00205,2026-01-13 09:17:20,1048.14,UPI,FAILED,INSUFFICIENT_FUNDS,36,34.0,2.0,0.9444444444444444,14.611666666666666,1,NONE,21.0,20.0,1.0,2678.0790476190477,0.047619047619047616,0.39137754388984575,0.5833333333333334,1,14.611666666666666,173.6238888888889,1.0
T0018631,C00410,2026-01-13 09:21:36,10950.7,UPI,FAILED,PAYMENT_TIMEOUT,24,24.0,0.0,1.0,13.855833333333333,1,NONE,14.0,14.0,0.0,1730.4092857142857,0.0,6.328387214750598,0.5833333333333334,1,13.855833333333333,-1.0,1.0
T0010833,C00235,2026-01-13 09:32:34,4981.43,UPI,FAILED,BANK_DECLINE,17,17.0,0.0,1.0,13.769166666666667,1,NONE,8.0,8.0,0.0,2820.70125,0.0,1.766025381099824,0.47058823529411764,1,13.769166666666667,-1.0,1.0
T0012118,C00266,2026-01-13 09:41:42,1203.85,UPI,FAILED,PAYMENT_TIMEOUT,20,18.0,2.0,0.9,27.90972222222222,1,NONE,13.0,11.0,2.0,2248.533846153846,0.15384615384615385,0.5353933195442911,0.65,1,27.90972222222222,43.096111111111114,1.0
T0015341,C00339,2026-01-13 09:45:33,3284.72,UPI,FAILED,BANK_DECLINE,26,26.0,0.0,1.0,21.539722222222224,1,NONE,15.0,15.0,0.0,2260.4706666666666,0.0,1.4531133044268656,0.5769230769230769,1,21.539722222222224,-1.0,1.0
T0030992,C00674,2026-01-13 10:17:47,9273.92,CARD,FAILED,NETWORK_ERROR,23,22.0,1.0,0.9565217391304348,28.86777777777778,1,NONE,13.0,12.0,1.0,1837.3915384615384,0.07692307692307693,5.04732921964206,0.5652173913043478,1,28.86777777777778,139.33083333333335,1.0
T0019614,C00431,2026-01-13 10:33:11,1038.44,UPI,FAILED,BANK_DECLINE,10,10.0,0.0,1.0,12.38111111111111,1,NONE,8.0,8.0,0.0,1467.7225,0.0,0.7075179402100874,0.8,1,12.38111111111111,-1.0,1.0
T0026358,C00579,2026-01-13 11:01:35,1158.66,CARD,FAILED,INSUFFICIENT_FUNDS,6,6.0,0.0,1.0,90.5813888888889,1,NONE,4.0,4.0,0.0,1101.355,0.0,1.0520313613684962,0.6666666666666666,1,90.5813888888889,-1.0,1.0
T0023954,C00526,2026-01-13 11:03:54,3056.06,UPI,FAILED,LIMIT_EXCEEDED,29,29.0,0.0,1.0,11.174166666666666,1,NONE,17.0,17.0,0.0,2174.9088235294116,0.0,1.405143961410147,0.5862068965517241,1,11.174166666666666,-1.0,1.0
T0009544,C00208,2026-01-13 11:28:44,492.35,UPI,FAILED,NETWORK_ERROR,15,15.0,0.0,1.0,41.75805555555556,1,NONE,9.0,9.0,0.0,2780.3266666666664,0.0,0.17708350817290058,0.6,1,41.75805555555556,-1.0,1.0
T0043422,C00947,2026-01-13 12:15:19,6813.88,NETBANKING,FAILED,PAYMENT_TIMEOUT,13,13.0,0.0,1.0,3.2525,1,NONE,9.0,9.0,0.0,2506.648888888889,0.0,2.7183224703721303,0.6923076923076923,1,3.2525,-1.0,1.0
T0005563,C00122,2026-01-13 13:16:40,4973.37,NETBANKING,FAILED,NETWORK_ERROR,20,17.0,3.0,0.85,1.9236111111111112,1,NONE,10.0,9.0,1.0,1246.891,0.1,3.988616486926283,0.5,1,1.9236111111111112,22.1625,1.0
T0039938,C00870,2026-01-13 13:36:37,630.26,UPI,FAILED,PAYMENT_TIMEOUT,22,21.0,1.0,0.9545454545454546,20.885,1,NONE,14.0,14.0,0.0,1701.9685714285713,0.0,0.37031236098031023,0.6363636363636364,1,20.885,285.6977777777778,1.0
T0038623,C00841,2026-01-13 13:38:30,2860.12,CARD,FAILED,BANK_DECLINE,12,11.0,1.0,0.9166666666666666,5.660555555555556,1,NONE,9.0,8.0,1.0,1827.128888888889,0.1111111111111111,1.5653630224955242,0.75,1,5.660555555555556,256.0227777777778,1.0
T0042016,C00917,2026-01-13 13:39:31,2626.86,UPI,FAILED,INSUFFICIENT_FUNDS,6,6.0,0.0,1.0,34.65833333333333,1,NONE,4.0,4.0,0.0,1892.34,0.0,1.3881543485842927,0.6666666666666666,1,34.65833333333333,-1.0,1.0
T0040405,C00880,2026-01-13 13:52:05,4130.35,UPI,FAILED,INSUFFICIENT_FUNDS,14,13.0,1.0,0.9285714285714286,33.99194444444444,1,NONE,10.0,10.0,0.0,2582.987,0.0,1.5990595384336044,0.7142857142857143,1,33.99194444444444,295.40444444444444,1.0
T0022713,C00500,2026-01-13 13:57:49,556.34,UPI,FAILED,NETWORK_ERROR,34,31.0,3.0,0.9117647058823529,8.531666666666666,1,NONE,21.0,19.0,2.0,2266.6866666666665,0.09523809523809523,0.24544195198277666,0.6176470588235294,1,8.531666666666666,29.2775,1.0
T0015047,C00332,2026-01-13 14:07:05,1043.06,UPI,FAILED,BANK_DECLINE,16,16.0,0.0,1.0,2.6844444444444444,1,NONE,11.0,11.0,0.0,1117.4581818181819,0.0,0.9334219543704706,0.6875,1,2.6844444444444444,-1.0,1.0
T0014407,C00317,2026-01-13 14:45:49,848.44,UPI,FAILED,INSUFFICIENT_FUNDS,15,14.0,1.0,0.9333333333333333,0.1238888888888889,1,NONE,10.0,9.0,1.0,1015.7050000000002,0.1,0.8353212793084606,0.6666666666666666,1,0.1238888888888889,64.36055555555555,1.0
T0043437,C00947,2026-01-13 14:47:50,6102.68,NETBANKING,FAILED,PAYMENT_TIMEOUT,14,13.0,1.0,0.9285714285714286,2.5419444444444443,0,PAYMENT_TIMEOUT,10.0,9.0,1.0,2937.3720000000003,0.1,2.0775986153609414,0.7142857142857143,2,5.794444444444444,2.5419444444444443,1.0
T0045070,C00983,2026-01-13 14:49:11,2882.99,CARD,FAILED,BANK_DECLINE,27,25.0,2.0,0.9259259259259259,4.816944444444444,1,NONE,12.0,11.0,1.0,3376.5958333333333,0.08333333333333333,0.8538155415402346,0.4444444444444444,1,4.816944444444444,89.33944444444444,1.0
T0024502,C00539,2026-01-13 16:02:36,1478.96,UPI,FAILED,BANK_DECLINE,6,6.0,0.0,1.0,10.029166666666667,1,NONE,3.0,3.0,0.0,2555.3933333333334,0.0,0.5787602169529023,0.5,1,10.029166666666667,-1.0,1.0
T0031576,C00685,2026-01-13 16:13:26,1079.63,CARD,FAILED,INSUFFICIENT_FUNDS,22,22.0,0.0,1.0,22.961944444444445,1,NONE,14.0,14.0,0.0,2702.3542857142857,0.0,0.3995146031396962,0.6363636363636364,1,22.961944444444445,-1.0,1.0
T0026121,C00574,2026-01-13 16:30:58,2162.16,UPI,FAILED,BANK_DECLINE,17,17.0,0.0,1.0,9.848888888888888,1,NONE,10.0,10.0,0.0,2451.384,0.0,0.8820160366552119,0.5882352941176471,1,9.848888888888888,-1.0,1.0
T0038420,C00836,2026-01-13 16:46:54,2078.36,NETBANKING,FAILED,INSUFFICIENT_FUNDS,20,17.0,3.0,0.85,25.464166666666667,1,NONE,10.0,9.0,1.0,3249.439,0.1,0.6396057904148994,0.5,1,25.464166666666667,152.30027777777778,1.0
T0029592,C00643,2026-01-13 16:49:29,4308.03,UPI,FAILED,NETWORK_ERROR,36,34.0,2.0,0.9444444444444444,8.267222222222221,1,NONE,17.0,15.0,2.0,2381.9423529411765,0.11764705882352941,1.8086205968337257,0.4722222222222222,1,8.267222222222221,85.91638888888889,1.0
T0016653,C00365,2026-01-13 17:07:29,999.25,UPI,FAILED,LIMIT_EXCEEDED,14,13.0,1.0,0.9285714285714286,6.753611111111111,1,NONE,9.0,9.0,0.0,1753.707777777778,0.0,0.5697927628890408,0.6428571428571429,1,6.753611111111111,240.1497222222222,1.0
T0012671,C00278,2026-01-13 17:12:44,496.36,NETBANKING,FAILED,PAYMENT_TIMEOUT,25,23.0,2.0,0.92,0.9327777777777778,1,NONE,9.0,7.0,2.0,2017.248888888889,0.2222222222222222,0.24605788741983028,0.36,1,0.9327777777777778,89.88555555555556,1.0
T0016468,C00360,2026-01-13 17:30:57,1454.3,UPI,FAILED,BANK_DECLINE,22,21.0,1.0,0.9545454545454546,2.205277777777778,1,NONE,14.0,13.0,1.0,2526.7935714285713,0.07142857142857142,0.5755515671894731,0.6363636363636364,1,2.205277777777778,75.38472222222222,1.0
T0030074,C00654,2026-01-13 17:37:54,726.77,WALLET,FAILED,INSUFFICIENT_FUNDS,28,27.0,1.0,0.9642857142857143,1.5841666666666667,1,NONE,13.0,12.0,1.0,1702.180769230769,0.07692307692307693,0.4269640529004648,0.4642857142857143,1,1.5841666666666667,27.335,1.0
T0011112,C00241,2026-01-13 17:45:17,2129.3,CARD,FAILED,INSUFFICIENT_FUNDS,7,5.0,2.0,0.7142857142857143,5.454166666666667,1,NONE,3.0,2.0,1.0,7140.343333333334,0.3333333333333333,0.2982069489655726,0.42857142857142855,1,5.454166666666667,137.66555555555556,1.0
T0001823,C00041,2026-01-13 17:49:11,1963.13,UPI,FAILED,NETWORK_ERROR,27,25.0,2.0,0.9259259259259259,11.185,1,NONE,18.0,17.0,1.0,2717.6627777777776,0.05555555555555555,0.7223596746632575,0.6666666666666666,1,11.185,118.7688888888889,1.0
T0017821,C00391,2026-01-13 17:58:16,1909.05,UPI,FAILED,PAYMENT_TIMEOUT,21,21.0,0.0,1.0,5.406666666666666,1,NONE,9.0,9.0,0.0,1822.2955555555554,0.0,1.0476072304407262,0.42857142857142855,1,5.406666666666666,-1.0,1.0
T0039861,C00869,2026-01-13 18:22:34,2199.3,CARD,FAILED,BANK_DECLINE,24,22.0,2.0,0.9166666666666666,21.95861111111111,1,NONE,16.0,15.0,1.0,2996.1731250000003,0.0625,0.734036355125507,0.6666666666666666,1,21.95861111111111,83.53527777777778,1.0
T0028430,C00622,2026-01-13 18:32:03,3107.28,UPI,FAILED,BANK_DECLINE,15,12.0,3.0,0.8,45.7725,1,NONE,7.0,6.0,1.0,3097.555714285714,0.14285714285714285,1.0031393416652485,0.4666666666666667,1,45.7725,98.525,1.0
T0033956,C00737,2026-01-13 18:37:45,1392.08,UPI,FAILED,NETWORK_ERROR,19,17.0,2.0,0.8947368421052632,6.151944444444444,1,NONE,16.0,14.0,2.0,1645.76625,0.125,0.8458552361248142,0.8421052631578947,1,6.151944444444444,131.25,1.0
T0004335,C00096,2026-01-13 18:40:02,4109.35,UPI,FAILED,INSUFFICIENT_FUNDS,27,24.0,3.0,0.8888888888888888,3.7327777777777778,1,NONE,14.0,11.0,3.0,3303.863571428571,0.21428571428571427,1.243801358971715,0.5185185185185185,1,3.7327777777777778,65.22194444444445,1.0
T0027560,C00604,2026-01-13 18:42:40,466.83,WALLET,FAILED,NETWORK_ERROR,18,17.0,1.0,0.9444444444444444,44.84222222222222,1,NONE,9.0,8.0,1.0,2758.1288888888885,0.1111111111111111,0.1692560495923968,0.5,1,44.84222222222222,150.79055555555556,1.0
T0020248,C00446,2026-01-13 18:47:39,1373.02,WALLET,FAILED,PAYMENT_TIMEOUT,19,19.0,0.0,1.0,24.849166666666665,1,NONE,15.0,15.0,0.0,2274.171333333333,0.0,0.6037451883572537,0.7894736842105263,1,24.849166666666665,-1.0,1.0
T0001729,C00039,2026-01-13 19:13:12,1336.64,UPI,FAILED,PAYMENT_TIMEOUT,24,23.0,1.0,0.9583333333333334,13.251944444444444,1,NONE,14.0,14.0,0.0,1520.2378571428574,0.0,0.8792308346485254,0.5833333333333334,1,13.251944444444444,247.0361111111111,1.0
T0035832,C00778,2026-01-13 19:13:53,1143.87,CARD,FAILED,BANK_DECLINE,29,29.0,0.0,1.0,9.760555555555555,1,NONE,16.0,16.0,0.0,2894.3725,0.0,0.3952048328264589,0.5517241379310345,1,9.760555555555555,-1.0,1.0
T0008770,C00190,2026-01-13 19:18:00,837.46,NETBANKING,FAILED,BANK_DECLINE,22,20.0,2.0,0.9090909090909091,6.126111111111111,1,NONE,13.0,12.0,1.0,3845.536923076923,0.07692307692307693,0.217774531034778,0.5909090909090909,1,6.126111111111111,135.20472222222222,1.0
T0030787,C00670,2026-01-13 19:59:47,4116.61,CARD,FAILED,INSUFFICIENT_FUNDS,30,29.0,1.0,0.9666666666666667,5.328333333333333,1,NONE,15.0,14.0,1.0,2391.449333333333,0.06666666666666667,1.7213870863247782,0.5,1,5.328333333333333,90.51944444444445,1.0
T0040942,C00892,2026-01-13 20:01:01,963.81,WALLET,FAILED,LIMIT_EXCEEDED,23,23.0,0.0,1.0,34.68888888888889,1,NONE,12.0,12.0,0.0,1724.2524999999998,0.0,0.5589726562669911,0.5217391304347826,1,34.68888888888889,-1.0,1.0
T0037164,C00807,2026-01-13 20:25:46,742.49,UPI,FAILED,BANK_DECLINE,13,13.0,0.0,1.0,22.891944444444444,1,NONE,10.0,10.0,0.0,2480.6459999999997,0.0,0.2993131627809853,0.7692307692307693,1,22.891944444444444,-1.0,1.0
T0035360,C00769,2026-01-13 20:45:06,9220.4,UPI,FAILED,NETWORK_ERROR,22,21.0,1.0,0.9545454545454546,13.768611111111111,1,NONE,11.0,11.0,0.0,1706.1554545454544,0.0,5.404196889231558,0.5,1,13.768611111111111,303.935,1.0
T0004224,C00093,2026-01-13 21:17:50,9793.73,NETBANKING,FAILED,BANK_DECLINE,17,17.0,0.0,1.0,22.102777777777778,1,NONE,12.0,12.0,0.0,2882.778333333333,0.0,3.3973232998027942,0.7058823529411765,1,22.102777777777778,-1.0,1.0
T0024615,C00542,2026-01-13 22:05:20,449.16,WALLET,FAILED,BANK_DECLINE,24,23.0,1.0,0.9583333333333334,12.776666666666667,1,NONE,16.0,16.0,0.0,2408.070625,0.0,0.18652276861688807,0.6666666666666666,1,12.776666666666667,210.33,1.0
T0009236,C00201,2026-01-13 22:21:07,1804.36,CARD,FAILED,BANK_DECLINE,14,13.0,1.0,0.9285714285714286,14.4475,1,NONE,8.0,7.0,1.0,2044.69,0.125,0.8824614000166283,0.5714285714285714,1,14.4475,18.616944444444446,1.0
T0005122,C00114,2026-01-13 22:42:46,792.43,CARD,FAILED,LIMIT_EXCEEDED,9,8.0,1.0,0.8888888888888888,11.665555555555555,1,NONE,5.0,4.0,1.0,3391.3720000000003,0.2,0.23366059518094737,0.5555555555555556,1,11.665555555555555,167.32694444444445,1.0
T0006567,C00143,2026-01-13 22:43:00,725.0,CARD,FAILED,BANK_DECLINE,18,17.0,1.0,0.9444444444444444,4.116666666666666,1,NONE,12.0,12.0,0.0,1781.0325,0.0,0.4070672489132006,0.6666666666666666,1,4.116666666666666,182.25916666666666,1.0
T0007040,C00154,2026-01-13 22:53:46,1658.0,WALLET,FAILED,INSUFFICIENT_FUNDS,20,20.0,0.0,1.0,27.42222222222222,1,NONE,10.0,10.0,0.0,1612.631,0.0,1.0281335283769193,0.5,1,27.42222222222222,-1.0,1.0
T0036428,C00792,2026-01-13 22:58:41,3092.0,UPI,FAILED,INSUFFICIENT_FUNDS,28,28.0,0.0,1.0,2.7511111111111113,1,NONE,14.0,14.0,0.0,1882.9257142857145,0.0,1.64212532472262,0.5,1,2.7511111111111113,-1.0,1.0
T0019741,C00434,2026-01-13 22:59:37,264.61,CARD,FAILED,PAYMENT_TIMEOUT,16,13.0,3.0,0.8125,1.3152777777777778,1,NONE,9.0,8.0,1.0,2125.2444444444445,0.1111111111111111,0.12450803044878497,0.5625,1,1.3152777777777778,70.79083333333334,1.0
T0012904,C00284,2026-01-13 23:22:20,470.0,UPI,FAILED,PAYMENT_TIMEOUT,15,15.0,0.0,1.0,26.69333333333333,1,NONE,10.0,10.0,0.0,1894.98,0.0,0.24802372584407223,0.6666666666666666,1,26.69333333333333,-1.0,1.0
T0006023,C00132,2026-01-13 23:41:54,1218.03,UPI,FAILED,BANK_DECLINE,26,24.0,2.0,0.9230769230769231,1.0061111111111112,1,NONE,13.0,13.0,0.0,2070.0976923076923,0.0,0.5883925210515891,0.5,1,1.0061111111111112,276.32416666666666,1.0
T0040255,C00876,2026-01-14 00:00:17,2596.89,UPI,FAILED,BANK_DECLINE,23,22.0,1.0,0.9565217391304348,10.580555555555556,1,NONE,12.0,12.0,0.0,1487.7224999999999,0.0,1.7455473046888785,0.5217391304347826,1,10.580555555555556,278.97833333333335,1.0
T0028436,C00623,2026-01-14 00:11:36,5979.13,CARD,FAILED,BANK_DECLINE,33,31.0,2.0,0.9393939393939394,0.21972222222222224,1,NONE,23.0,22.0,1.0,2255.328695652174,0.043478260869565216,2.6511124571449725,0.696969696969697,1,0.21972222222222224,28.423055555555557,1.0
T0017392,C00381,2026-01-14 00:23:27,265.83,CARD,FAILED,LIMIT_EXCEEDED,19,19.0,0.0,1.0,3.9191666666666665,1,NONE,12.0,12.0,0.0,2060.6583333333333,0.0,0.12900246280517147,0.631578947368421,1,3.9191666666666665,-1.0,1.0
T0036839,C00800,2026-01-14 00:57:40,5717.09,UPI,FAILED,INSUFFICIENT_FUNDS,26,25.0,1.0,0.9615384615384616,9.563888888888888,1,NONE,15.0,15.0,0.0,1477.9313333333332,0.0,3.868305564038384,0.5769230769230769,1,9.563888888888888,254.9825,1.0
T0017328,C00380,2026-01-14 01:05:03,1149.3,UPI,FAILED,NETWORK_ERROR,14,14.0,0.0,1.0,12.471666666666666,1,NONE,7.0,7.0,0.0,1595.217142857143,0.0,0.7204661792572797,0.5,1,12.471666666666666,-1.0,1.0
T0044864,C00979,2026-01-14 01:12:07,5200.17,UPI,FAILED,NETWORK_ERROR,23,22.0,1.0,0.9565217391304348,12.419722222222223,1,NONE,14.0,13.0,1.0,2855.487857142857,0.07142857142857142,1.8211143805049075,0.6086956521739131,1,12.419722222222223,53.253055555555555,1.0
T0028137,C00616,2026-01-14 01:13:45,978.81,UPI,FAILED,NETWORK_ERROR,16,16.0,0.0,1.0,4.535833333333334,1,NONE,12.0,12.0,0.0,1517.7391666666665,0.0,0.6449131850169688,0.75,1,4.535833333333334,-1.0,1.0
T0027893,C00611,2026-01-14 01:15:40,1701.9,UPI,FAILED,BANK_DECLINE,20,19.0,1.0,0.95,2.383888888888889,1,NONE,11.0,11.0,0.0,1710.36,0.0,0.9950536729109662,0.55,1,2.383888888888889,241.87972222222223,1.0
T0023521,C00517,2026-01-14 01:39:31,5498.96,CARD,FAILED,INSUFFICIENT_FUNDS,14,10.0,4.0,0.7142857142857143,25.290555555555557,0,PAYMENT_TIMEOUT,9.0,6.0,3.0,1552.9177777777777,0.3333333333333333,3.5410503239063957,0.6428571428571429,2,26.599444444444444,25.290555555555557,1.0
T0006432,C00140,2026-01-14 02:02:28,2180.51,CARD,FAILED,LIMIT_EXCEEDED,26,25.0,1.0,0.9615384615384616,16.453333333333333,1,NONE,14.0,14.0,0.0,2217.5385714285717,0.0,0.9833019493299199,0.5384615384615384,1,16.453333333333333,239.50805555555556,1.0
T0037656,C00818,2026-01-14 02:03:47,3488.31,CARD,FAILED,NETWORK_ERROR,18,18.0,0.0,1.0,7.606388888888889,1,NONE,13.0,13.0,0.0,1516.5792307692307,0.0,2.300117217239405,0.7222222222222222,1,7.606388888888889,-1.0,1.0
T0041023,C00894,2026-01-14 02:19:02,731.41,CARD,FAILED,LIMIT_EXCEEDED,33,29.0,4.0,0.8787878787878788,14.137222222222222,1,NONE,16.0,14.0,2.0,2256.105,0.125,0.32419147158487743,0.48484848484848486,1,14.137222222222222,17.086666666666666,1.0
T0005536,C00122,2026-01-14 02:24:33,776.35,NETBANKING,FAILED,NETWORK_ERROR,23,19.0,4.0,0.8260869565217391,0.4891666666666667,1,NONE,13.0,11.0,2.0,1429.6453846153845,0.15384615384615385,0.5430367616713989,0.5652173913043478,1,0.4891666666666667,13.131388888888889,1.0
T0023463,C00516,2026-01-14 02:42:47,2629.11,UPI,FAILED,NETWORK_ERROR,29,25.0,4.0,0.8620689655172413,14.455277777777777,1,NONE,15.0,14.0,1.0,2114.916,0.06666666666666667,1.2431273866196104,0.5172413793103449,1,14.455277777777777,47.37888888888889,1.0
T0040566,C00885,2026-01-14 02:44:00,12913.45,WALLET,FAILED,NETWORK_ERROR,17,17.0,0.0,1.0,17.94638888888889,1,NONE,12.0,12.0,0.0,2123.226666666667,0.0,6.081993129953153,0.7058823529411765,1,17.94638888888889,-1.0,1.0
T0013884,C00304,2026-01-14 03:10:28,753.19,CARD,FAILED,BANK_DECLINE,16,15.0,1.0,0.9375,11.987777777777778,1,NONE,13.0,12.0,1.0,2087.9738461538464,0.07692307692307693,0.3607276984754451,0.8125,1,11.987777777777778,176.17694444444444,1.0
T0007247,C00158,2026-01-14 05:05:55,2223.9,CARD,FAILED,LIMIT_EXCEEDED,35,31.0,4.0,0.8857142857142857,1.7027777777777777,1,NONE,23.0,23.0,0.0,1573.485652173913,0.0,1.4133589314446438,0.6571428571428571,1,1.7027777777777777,205.09777777777776,1.0
T0025490,C00560,2026-01-14 05:07:18,4202.4,UPI,FAILED,INSUFFICIENT_FUNDS,34,33.0,1.0,0.9705882352941176,17.563055555555554,1,NONE,17.0,16.0,1.0,2434.8929411764707,0.058823529411764705,1.725907504569593,0.5,1,17.563055555555554,27.656666666666666,1.0
T0024574,C00541,2026-01-14 05:10:08,1664.87,UPI,FAILED,NETWORK_ERROR,12,12.0,0.0,1.0,38.61055555555556,1,NONE,8.0,8.0,0.0,2101.71,0.0,0.792150201502586,0.6666666666666666,1,38.61055555555556,-1.0,1.0
T0026829,C00589,2026-01-14 05:16:03,1751.62,UPI,FAILED,INSUFFICIENT_FUNDS,16,16.0,0.0,1.0,17.468333333333334,1,NONE,10.0,10.0,0.0,1200.434,0.0,1.4591556053893842,0.625,1,17.468333333333334,-1.0,1.0
T0044697,C00975,2026-01-14 05:16:44,543.75,UPI,FAILED,NETWORK_ERROR,11,11.0,0.0,1.0,13.525,1,NONE,6.0,6.0,0.0,2581.1299999999997,0.0,0.21066354658618514,0.5454545454545454,1,13.525,-1.0,1.0
T0034400,C00747,2026-01-14 05:46:34,526.1,CARD,FAILED,PAYMENT_TIMEOUT,24,18.0,6.0,0.75,16.11277777777778,1,NONE,16.0,11.0,5.0,1608.0375,0.3125,0.327168987041658,0.6666666666666666,1,16.11277777777778,29.071666666666665,1.0
T0021417,C00472,2026-01-14 05:53:28,787.96,UPI,FAILED,INSUFFICIENT_FUNDS,18,18.0,0.0,1.0,4.0525,1,NONE,8.0,8.0,0.0,2048.77875,0.0,0.38459985003261093,0.4444444444444444,1,4.0525,-1.0,1.0
T0010693,C00232,2026-01-14 06:12:56,479.53,CARD,FAILED,BANK_DECLINE,27,27.0,0.0,1.0,5.6930555555555555,1,NONE,14.0,14.0,0.0,3274.615714285714,0.0,0.14643855702152184,0.5185185185185185,1,5.6930555555555555,-1.0,1.0
T0025685,C00565,2026-01-14 06:44:43,3858.39,UPI,FAILED,PAYMENT_TIMEOUT,13,13.0,0.0,1.0,8.641666666666667,1,NONE,10.0,10.0,0.0,2360.984,0.0,1.6342296262914107,0.7692307692307693,1,8.641666666666667,-1.0,1.0
T0029525,C00643,2026-01-14 06:49:35,5643.7,UPI,FAILED,BANK_DECLINE,37,34.0,3.0,0.918918918918919,14.001666666666667,0,NETWORK_ERROR,16.0,14.0,2.0,2610.595,0.125,2.16184433050703,0.43243243243243246,2,22.26888888888889,14.001666666666667,1.0
T0042407,C00927,2026-01-14 07:10:04,1238.25,UPI,FAILED,PAYMENT_TIMEOUT,21,21.0,0.0,1.0,9.650833333333333,1,NONE,17.0,17.0,0.0,1596.7082352941175,0.0,0.7755017307666804,0.8095238095238095,1,9.650833333333333,-1.0,1.0
T0010385,C00226,2026-01-14 07:14:25,2062.7,UPI,FAILED,LIMIT_EXCEEDED,17,17.0,0.0,1.0,2.9175,1,NONE,8.0,8.0,0.0,3438.6625000000004,0.0,0.5998553216548584,0.47058823529411764,1,2.9175,-1.0,1.0
T0036675,C00797,2026-01-14 08:30:11,3451.27,UPI,FAILED,NETWORK_ERROR,42,40.0,2.0,0.9523809523809523,4.95,1,NONE,20.0,18.0,2.0,1901.0975000000003,0.1,1.815409257021273,0.47619047619047616,1,4.95,74.93444444444444,1.0
T0001120,C00025,2026-01-14 09:06:22,733.26,UPI,FAILED,NETWORK_ERROR,23,21.0,2.0,0.9130434782608695,13.068888888888889,1,NONE,16.0,14.0,2.0,1997.4806250000001,0.125,0.3670924217350043,0.6956521739130435,1,13.068888888888889,65.64722222222223,1.0
T0028153,C00616,2026-01-14 09:17:06,1227.25,UPI,FAILED,BANK_DECLINE,17,16.0,1.0,0.9411764705882353,8.055833333333334,0,NETWORK_ERROR,13.0,12.0,1.0,1476.283076923077,0.07692307692307693,0.8313107554940473,0.7647058823529411,2,12.591666666666667,8.055833333333334,1.0
T0014735,C00325,2026-01-14 09:26:51,3107.26,NETBANKING,FAILED,BANK_DECLINE,24,24.0,0.0,1.0,1.8183333333333334,1,NONE,8.0,8.0,0.0,2175.265,0.0,1.428451246170007,0.3333333333333333,1,1.8183333333333334,-1.0,1.0
T0015264,C00337,2026-01-14 09:28:38,1504.02,UPI,FAILED,BANK_DECLINE,12,11.0,1.0,0.9166666666666666,35.94583333333333,1,NONE,7.0,6.0,1.0,1661.2257142857145,0.14285714285714285,0.9053676373211518,0.5833333333333334,1,35.94583333333333,116.65666666666667,1.0
T0044178,C00963,2026-01-14 09:44:40,2009.84,UPI,FAILED,PAYMENT_TIMEOUT,24,24.0,0.0,1.0,2.9144444444444444,1,NONE,12.0,12.0,0.0,2056.66,0.0,0.9772349343109702,0.5,1,2.9144444444444444,-1.0,1.0
T0042817,C00936,2026-01-14 09:55:43,1168.64,NETBANKING,FAILED,INSUFFICIENT_FUNDS,16,15.0,1.0,0.9375,2.0972222222222223,1,NONE,13.0,12.0,1.0,2298.7753846153846,0.07692307692307693,0.5083750277739854,0.8125,1,2.0972222222222223,26.18027777777778,1.0
T0005808,C00128,2026-01-14 10:01:16,3529.18,NETBANKING,FAILED,BANK_DECLINE,23,23.0,0.0,1.0,38.845555555555556,1,NONE,10.0,10.0,0.0,1923.4669999999999,0.0,1.8348014288781664,0.43478260869565216,1,38.845555555555556,-1.0,1.0
T0015600,C00344,2026-01-14 10:02:50,230.4,UPI,FAILED,NETWORK_ERROR,16,15.0,1.0,0.9375,51.425,1,NONE,7.0,7.0,0.0,1735.42,0.0,0.13276325039471712,0.4375,1,51.425,219.19055555555556,1.0
T0023546,C00517,2026-01-14 10:22:02,9465.34,CARD,FAILED,LIMIT_EXCEEDED,16,11.0,5.0,0.6875,4.9238888888888885,1,NONE,11.0,7.0,4.0,2062.610909090909,0.36363636363636365,4.58900898772606,0.6875,1,4.9238888888888885,8.70861111111111,1.0
T0024438,C00537,2026-01-14 10:32:23,871.37,NETBANKING,FAILED,NETWORK_ERROR,14,13.0,1.0,0.9285714285714286,1.243611111111111,1,NONE,6.0,6.0,0.0,1892.4266666666665,0.0,0.4604511315277739,0.42857142857142855,1,1.243611111111111,186.3825,1.0
T0036171,C00787,2026-01-14 10:38:55,3837.93,NETBANKING,FAILED,BANK_DECLINE,9,9.0,0.0,1.0,75.49333333333334,1,NONE,3.0,3.0,0.0,2209.9900000000002,0.0,1.7366277675464592,0.3333333333333333,1,75.49333333333334,-1.0,1.0
T0034804,C00756,2026-01-14 10:43:34,1271.52,UPI,FAILED,NETWORK_ERROR,24,23.0,1.0,0.9583333333333334,17.587222222222223,1,NONE,16.0,16.0,0.0,2133.8312499999997,0.0,0.5958859211570737,0.6666666666666666,1,17.587222222222223,239.71,1.0
T0004436,C00098,2026-01-14 11:23:16,2367.68,UPI,FAILED,NETWORK_ERROR,29,27.0,2.0,0.9310344827586207,8.733333333333333,1,NONE,15.0,14.0,1.0,1418.02,0.06666666666666667,1.6697084667353068,0.5172413793103449,1,8.733333333333333,84.50777777777778,1.0
T0007907,C00172,2026-01-14 11:54:37,849.63,UPI,FAILED,LIMIT_EXCEEDED,18,17.0,1.0,0.9444444444444444,1.8108333333333333,1,NONE,14.0,13.0,1.0,2043.2100000000003,0.07142857142857142,0.4158309718531134,0.7777777777777778,1,1.8108333333333333,106.8725,1.0
T0023269,C00512,2026-01-14 11:57:26,949.55,CARD,FAILED,BANK_DECLINE,32,29.0,3.0,0.90625,15.004166666666666,1,NONE,18.0,17.0,1.0,3279.741666666667,0.05555555555555555,0.2895197538424012,0.5625,1,15.004166666666666,149.3788888888889,1.0
T0006144,C00135,2026-01-14 12:00:34,503.45,UPI,FAILED,INSUFFICIENT_FUNDS,23,23.0,0.0,1.0,11.142222222222221,1,NONE,12.0,12.0,0.0,1729.0675,0.0,0.2911685055673072,0.5217391304347826,1,11.142222222222221,-1.0,1.0
T0039647,C00863,2026-01-14 12:08:37,2625.56,UPI,FAILED,BANK_DECLINE,17,16.0,1.0,0.9411764705882353,26.746111111111112,1,NONE,8.0,8.0,0.0,2824.08375,0.0,0.9297033064263764,0.47058823529411764,1,26.746111111111112,296.3286111111111,1.0
T0042375,C00927,2026-01-14 12:18:51,579.72,UPI,FAILED,LIMIT_EXCEEDED,22,21.0,1.0,0.9545454545454546,5.146388888888889,0,PAYMENT_TIMEOUT,17.0,16.0,1.0,1568.8617647058823,0.058823529411764705,0.3695163035021644,0.7727272727272727,2,14.797222222222222,5.146388888888889,1.0
T0031639,C00686,2026-01-14 12:54:17,8203.54,CARD,FAILED,LIMIT_EXCEEDED,20,20.0,0.0,1.0,5.170277777777778,1,NONE,15.0,15.0,0.0,2363.1313333333333,0.0,3.4714701990043157,0.75,1,5.170277777777778,-1.0,1.0
T0000511,C00012,2026-01-14 12:59:54,774.29,UPI,FAILED,NETWORK_ERROR,33,30.0,3.0,0.9090909090909091,1.5219444444444445,1,NONE,15.0,13.0,2.0,2931.6013333333335,0.13333333333333333,0.26411844993930506,0.45454545454545453,1,1.5219444444444445,105.61638888888889,1.0
T0002457,C00057,2026-01-14 13:18:16,2103.86,UPI,FAILED,NETWORK_ERROR,19,17.0,2.0,0.8947368421052632,4.922777777777778,1,NONE,14.0,14.0,0.0,2820.800714285714,0.0,0.7458378712629976,0.7368421052631579,1,4.922777777777778,233.10722222222222,1.0
T0041618,C00908,2026-01-14 14:06:27,678.57,CARD,FAILED,BANK_DECLINE,40,37.0,3.0,0.925,19.860277777777778,1,NONE,21.0,20.0,1.0,1590.977619047619,0.047619047619047616,0.42651134238217714,0.525,1,19.860277777777778,118.005,1.0
T0000307,C00008,2026-01-14 14:12:30,2585.76,CARD,FAILED,BANK_DECLINE,38,37.0,1.0,0.9736842105263158,14.27111111111111,1,NONE,22.0,22.0,0.0,2604.1786363636365,0.0,0.9929272761451744,0.5789473684210527,1,14.27111111111111,229.64555555555555,1.0
T0008506,C00185,2026-01-14 14:31:20,1397.71,CARD,FAILED,INSUFFICIENT_FUNDS,25,22.0,3.0,0.88,16.13388888888889,1,NONE,17.0,14.0,3.0,1747.124117647059,0.17647058823529413,0.8000061277171122,0.68,1,16.13388888888889,42.53944444444444,1.0
T0019010,C00418,2026-01-14 14:32:05,2455.74,NETBANKING,FAILED,NETWORK_ERROR,28,27.0,1.0,0.9642857142857143,1.4175,1,NONE,16.0,16.0,0.0,2478.7918750000003,0.0,0.9907003588189507,0.5714285714285714,1,1.4175,252.95111111111112,1.0
T0015083,C00333,2026-01-14 14:34:21,2390.68,NETBANKING,FAILED,BANK_DECLINE,18,17.0,1.0,0.9444444444444444,13.85138888888889,1,NONE,10.0,10.0,0.0,1314.484,0.0,1.8187212624877898,0.5555555555555556,1,13.85138888888889,283.755,1.0
T0033099,C00720,2026-01-14 14:45:47,3474.64,UPI,FAILED,INSUFFICIENT_FUNDS,19,18.0,1.0,0.9473684210526315,11.36,1,NONE,13.0,12.0,1.0,3012.7615384615387,0.07692307692307693,1.153307341335192,0.6842105263157895,1,11.36,64.72972222222222,1.0
T0021633,C00477,2026-01-14 14:46:24,986.6,NETBANKING,FAILED,BANK_DECLINE,9,9.0,0.0,1.0,69.92388888888888,1,NONE,6.0,6.0,0.0,2255.3783333333336,0.0,0.4374432375351659,0.6666666666666666,1,69.92388888888888,-1.0,1.0
T0002051,C00046,2026-01-14 14:48:43,980.56,UPI,FAILED,NETWORK_ERROR,24,23.0,1.0,0.9583333333333334,8.790277777777778,1,NONE,16.0,16.0,0.0,3259.7225,0.0,0.30081088190789246,0.6666666666666666,1,8.790277777777778,257.14944444444444,1.0
T0031889,C00693,2026-01-14 15:07:12,3241.04,CARD,FAILED,BANK_DECLINE,26,24.0,2.0,0.9230769230769231,10.452777777777778,1,NONE,13.0,12.0,1.0,2488.404615384615,0.07692307692307693,1.3024569959251,0.5,1,10.452777777777778,117.68277777777777,1.0
T0016607,C00363,2026-01-14 15:28:47,1994.12,UPI,FAILED,NETWORK_ERROR,10,10.0,0.0,1.0,44.36,1,NONE,4.0,4.0,0.0,1222.315,0.0,1.631428886989033,0.4,1,44.36,-1.0,1.0
T0030644,C00667,2026-01-14 15:51:56,3434.69,CARD,FAILED,BANK_DECLINE,33,30.0,3.0,0.9090909090909091,2.348333333333333,1,NONE,20.0,19.0,1.0,2241.2045000000003,0.05,1.532519678592471,0.6060606060606061,1,2.348333333333333,75.10277777777777,1.0
T0028532,C00624,2026-01-14 15:59:19,861.22,UPI,FAILED,NETWORK_ERROR,11,10.0,1.0,0.9090909090909091,11.006388888888889,1,NONE,8.0,7.0,1.0,1278.6412500000001,0.125,0.6735431067940284,0.7272727272727273,1,11.006388888888889,115.76055555555556,1.0
T0010684,C00232,2026-01-14 16:22:35,2430.19,CARD,FAILED,BANK_DECLINE,30,29.0,1.0,0.9666666666666667,9.354444444444445,1,NONE,16.0,15.0,1.0,3082.718125,0.0625,0.7883270222768097,0.5333333333333333,1,9.354444444444445,10.160833333333333,1.0
T0005895,C00130,2026-01-14 16:25:10,1555.49,UPI,FAILED,PAYMENT_TIMEOUT,18,17.0,1.0,0.9444444444444444,40.275,1,NONE,11.0,10.0,1.0,1392.4327272727276,0.09090909090909091,1.1171024420308209,0.6111111111111112,1,40.275,68.07916666666667,1.0
T0036115,C00785,2026-01-14 16:26:55,5316.95,UPI,FAILED,NETWORK_ERROR,19,18.0,1.0,0.9473684210526315,3.9858333333333333,1,NONE,10.0,9.0,1.0,2868.072,0.1,1.8538411866926632,0.5263157894736842,1,3.9858333333333333,169.23083333333332,1.0
T0019022,C00418,2026-01-14 16:38:41,9990.47,NETBANKING,FAILED,BANK_DECLINE,29,27.0,2.0,0.9310344827586207,2.11,0,NETWORK_ERROR,17.0,16.0,1.0,2477.4358823529415,0.058823529411764705,4.03258468611166,0.5862068965517241,2,3.5275,2.11,1.0
T0007833,C00170,2026-01-14 16:58:34,734.45,UPI,FAILED,NETWORK_ERROR,14,11.0,3.0,0.7857142857142857,4.691388888888889,1,NONE,8.0,6.0,2.0,3954.8337500000002,0.25,0.18570944985993407,0.5714285714285714,1,4.691388888888889,107.22888888888889,1.0
T0007948,C00173,2026-01-14 17:37:19,992.47,UPI,FAILED,PAYMENT_TIMEOUT,33,31.0,2.0,0.9393939393939394,2.8430555555555554,1,NONE,17.0,16.0,1.0,1742.3194117647058,0.058823529411764705,0.5696257490437865,0.5151515151515151,1,2.8430555555555554,34.381388888888885,1.0
T0010417,C00227,2026-01-14 17:43:11,4879.32,NETBANKING,FAILED,PAYMENT_TIMEOUT,30,25.0,5.0,0.8333333333333334,18.511388888888888,1,NONE,15.0,13.0,2.0,2500.5453333333335,0.13333333333333333,1.9513023559127634,0.5,1,18.511388888888888,129.22305555555556,1.0
T0003053,C00071,2026-01-14 18:06:26,2360.22,UPI,FAILED,INSUFFICIENT_FUNDS,19,17.0,2.0,0.8947368421052632,1.5625,1,NONE,13.0,12.0,1.0,2232.1723076923076,0.07692307692307693,1.0573646092940163,0.6842105263157895,1,1.5625,60.67111111111111,1.0
T0039436,C00858,2026-01-14 18:14:21,641.87,NETBANKING,FAILED,PAYMENT_TIMEOUT,19,18.0,1.0,0.9473684210526315,2.4483333333333333,1,NONE,14.0,13.0,1.0,2059.3357142857144,0.07142857142857142,0.31168788825800275,0.7368421052631579,1,2.4483333333333333,166.02833333333334,1.0
T0035038,C00762,2026-01-14 18:18:05,376.28,UPI,FAILED,INSUFFICIENT_FUNDS,29,27.0,2.0,0.9310344827586207,4.335555555555556,1,NONE,13.0,11.0,2.0,1770.7923076923075,0.15384615384615385,0.21249245231382735,0.4482758620689655,1,4.335555555555556,89.73527777777778,1.0
T0028660,C00627,2026-01-14 18:38:57,2552.94,CARD,FAILED,PAYMENT_TIMEOUT,23,21.0,2.0,0.9130434782608695,6.232777777777778,1,NONE,12.0,10.0,2.0,2804.5141666666664,0.16666666666666666,0.9102967032020104,0.5217391304347826,1,6.232777777777778,149.5186111111111,1.0
T0043239,C00944,2026-01-14 18:42:42,725.7,UPI,FAILED,BANK_DECLINE,36,35.0,1.0,0.9722222222222222,11.246944444444445,1,NONE,16.0,15.0,1.0,2416.6393749999997,0.0625,0.30029304641285176,0.4444444444444444,1,11.246944444444445,144.51361111111112,1.0
T0036342,C00791,2026-01-14 18:48:56,4211.36,WALLET,FAILED,INSUFFICIENT_FUNDS,9,6.0,3.0,0.6666666666666666,13.3925,1,NONE,6.0,5.0,1.0,1419.3666666666668,0.16666666666666666,2.967069819872713,0.6666666666666666,1,13.3925,85.16583333333334,1.0
T0038816,C00845,2026-01-14 18:52:23,3014.91,NETBANKING,FAILED,BANK_DECLINE,19,19.0,0.0,1.0,4.756666666666667,1,NONE,11.0,11.0,0.0,2534.0672727272727,0.0,1.1897513662907708,0.5789473684210527,1,4.756666666666667,-1.0,1.0
T0030090,C00655,2026-01-14 19:11:26,1519.27,UPI,FAILED,INSUFFICIENT_FUNDS,26,23.0,3.0,0.8846153846153846,32.93638888888889,1,NONE,13.0,10.0,3.0,3371.33,0.23076923076923078,0.4506441078150166,0.5,1,32.93638888888889,47.598055555555554,1.0
T0024526,C00540,2026-01-14 19:32:19,2877.02,WALLET,FAILED,INSUFFICIENT_FUNDS,14,13.0,1.0,0.9285714285714286,5.2175,1,NONE,10.0,10.0,0.0,1452.9379999999999,0.0,1.980139551722097,0.7142857142857143,1,5.2175,300.74305555555554,1.0
T0032751,C00713,2026-01-14 20:01:24,13412.25,WALLET,FAILED,INSUFFICIENT_FUNDS,12,11.0,1.0,0.9166666666666666,35.36416666666667,1,NONE,7.0,6.0,1.0,2971.312857142857,0.14285714285714285,4.513913762987886,0.5833333333333334,1,35.36416666666667,135.13111111111112,1.0
T0028831,C00630,2026-01-14 20:08:56,777.9,CARD,FAILED,BANK_DECLINE,23,23.0,0.0,1.0,17.595833333333335,1,NONE,13.0,13.0,0.0,4039.454615384615,0.0,0.19257550190991132,0.5652173913043478,1,17.595833333333335,-1.0,1.0
T0004409,C00097,2026-01-14 20:47:49,321.38,UPI,FAILED,NETWORK_ERROR,16,16.0,0.0,1.0,52.06333333333333,1,NONE,7.0,7.0,0.0,2877.391428571428,0.0,0.11169144274526432,0.4375,1,52.06333333333333,-1.0,1.0
T0007721,C00168,2026-01-14 21:03:29,3209.39,UPI,FAILED,NETWORK_ERROR,24,22.0,2.0,0.9166666666666666,51.01027777777778,1,NONE,13.0,13.0,0.0,1559.9107692307693,0.0,2.057418964792858,0.5416666666666666,1,51.01027777777778,221.6525,1.0
T0037614,C00817,2026-01-14 21:16:39,1224.74,UPI,FAILED,NETWORK_ERROR,9,7.0,2.0,0.7777777777777778,40.22833333333333,0,NETWORK_ERROR,8.0,6.0,2.0,1858.8137499999998,0.25,0.6588825803553476,0.8888888888888888,3,81.81916666666666,40.22833333333333,1.0
T0016633,C00364,2026-01-14 21:25:29,2322.0,UPI,FAILED,PAYMENT_TIMEOUT,10,10.0,0.0,1.0,39.95805555555555,1,NONE,4.0,4.0,0.0,2037.4375,0.0,1.1396668609466547,0.4,1,39.95805555555555,-1.0,1.0
T0008894,C00193,2026-01-14 21:30:01,1847.09,UPI,FAILED,INSUFFICIENT_FUNDS,26,21.0,5.0,0.8076923076923077,1.7886111111111112,1,NONE,15.0,14.0,1.0,2135.698,0.06666666666666667,0.8648647889355143,0.5769230769230769,1,1.7886111111111112,188.13583333333332,1.0
T0001406,C00032,2026-01-14 21:32:17,1775.79,UPI,FAILED,NETWORK_ERROR,19,19.0,0.0,1.0,9.252777777777778,1,NONE,9.0,9.0,0.0,2294.165555555556,0.0,0.774046143138948,0.47368421052631576,1,9.252777777777778,-1.0,1.0
T0028000,C00613,2026-01-14 21:39:31,2532.49,UPI,FAILED,BANK_DECLINE,20,18.0,2.0,0.9,0.4713888888888889,1,NONE,13.0,12.0,1.0,1946.22,0.07692307692307693,1.3012352149294528,0.65,1,0.4713888888888889,135.78694444444446,1.0
T0028834,C00630,2026-01-14 21:49:54,1541.47,CARD,FAILED,NETWORK_ERROR,24,23.0,1.0,0.9583333333333334,1.6827777777777777,0,BANK_DECLINE,14.0,13.0,1.0,3806.4864285714284,0.07142857142857142,0.40495875367629053,0.5833333333333334,2,19.27861111111111,1.6827777777777777,1.0
T0044544,C00972,2026-01-14 22:00:18,416.1,CARD,FAILED,BANK_DECLINE,16,15.0,1.0,0.9375,41.4975,1,NONE,7.0,7.0,0.0,2047.6000000000001,0.0,0.2032135182652862,0.4375,1,41.4975,331.33166666666665,1.0
T0006559,C00143,2026-01-14 22:23:48,1452.19,CARD,FAILED,BANK_DECLINE,20,18.0,2.0,0.9,22.160555555555554,1,NONE,14.0,13.0,1.0,1596.1692857142857,0.07142857142857142,0.9097969826866735,0.7,1,22.160555555555554,23.68,1.0
T0007609,C00166,2026-01-14 23:31:46,1744.05,UPI,FAILED,INSUFFICIENT_FUNDS,22,21.0,1.0,0.9545454545454546,10.556111111111111,1,NONE,13.0,12.0,1.0,1669.8984615384616,0.07692307692307693,1.0444048187176742,0.5909090909090909,1,10.556111111111111,67.95972222222223,1.0
T0036983,C00803,2026-01-14 23:35:13,3213.93,UPI,FAILED,BANK_DECLINE,21,21.0,0.0,1.0,3.6641666666666666,1,NONE,12.0,12.0,0.0,2264.0,0.0,1.4195803886925795,0.5714285714285714,1,3.6641666666666666,-1.0,1.0
T0023506,C00516,2026-01-14 23:53:47,1115.69,UPI,FAILED,LIMIT_EXCEEDED,31,26.0,5.0,0.8387096774193549,17.468055555555555,1,NONE,14.0,12.0,2.0,1940.5071428571428,0.14285714285714285,0.574947638872018,0.45161290322580644,1,17.468055555555555,21.183333333333334,1.0
T0007770,C00169,2026-01-15 00:13:11,1857.62,CARD,FAILED,PAYMENT_TIMEOUT,20,20.0,0.0,1.0,13.722222222222221,1,NONE,11.0,11.0,0.0,3028.2745454545457,0.0,0.6134252268468512,0.55,1,13.722222222222221,-1.0,1.0
T0045458,C00991,2026-01-15 00:20:47,1863.01,UPI,FAILED,INSUFFICIENT_FUNDS,23,20.0,3.0,0.8695652173913043,0.9988888888888889,1,NONE,16.0,14.0,2.0,1527.37875,0.125,1.2197433020460706,0.6956521739130435,1,0.9988888888888889,154.23694444444445,1.0
T0018236,C00402,2026-01-15 00:26:13,1781.66,CARD,FAILED,BANK_DECLINE,24,24.0,0.0,1.0,1.2061111111111111,1,NONE,10.0,10.0,0.0,3464.439,0.0,0.5142708530876139,0.4166666666666667,1,1.2061111111111111,-1.0,1.0
T0023266,C00512,2026-01-15 01:33:02,1501.03,CARD,FAILED,INSUFFICIENT_FUNDS,33,29.0,4.0,0.8787878787878788,13.593333333333334,0,BANK_DECLINE,19.0,17.0,2.0,3157.1,0.10526315789473684,0.4754458205315004,0.5757575757575758,2,28.5975,13.593333333333334,1.0
T0003786,C00084,2026-01-15 01:34:01,1651.84,UPI,FAILED,NETWORK_ERROR,31,31.0,0.0,1.0,18.377777777777776,1,NONE,16.0,16.0,0.0,2070.271875,0.0,0.7978855434144368,0.5161290322580645,1,18.377777777777776,-1.0,1.0
T0033013,C00718,2026-01-15 01:37:35,797.2,CARD,FAILED,INSUFFICIENT_FUNDS,27,26.0,1.0,0.9629629629629629,19.2325,1,NONE,20.0,19.0,1.0,2139.537,0.05,0.372603979272151,0.7407407407407407,1,19.2325,93.93,1.0
T0021209,C00467,2026-01-15 01:59:10,908.96,UPI,FAILED,PAYMENT_TIMEOUT,32,27.0,5.0,0.84375,1.1141666666666667,1,NONE,20.0,18.0,2.0,1713.5810000000001,0.1,0.5304447236518145,0.625,1,1.1141666666666667,77.4025,1.0
T0029260,C00638,2026-01-15 02:23:42,302.98,UPI,FAILED,BANK_DECLINE,26,23.0,3.0,0.8846153846153846,32.20666666666666,1,NONE,12.0,10.0,2.0,1911.5424999999998,0.16666666666666666,0.15850026876200768,0.46153846153846156,1,32.20666666666666,88.7761111111111,1.0
T0002613,C00060,2026-01-15 02:35:07,694.56,UPI,FAILED,INSUFFICIENT_FUNDS,12,12.0,0.0,1.0,19.037222222222223,1,NONE,8.0,8.0,0.0,3050.37375,0.0,0.22769668798782441,0.6666666666666666,1,19.037222222222223,-1.0,1.0
T0044835,C00978,2026-01-15 03:14:02,1007.12,CARD,FAILED,INSUFFICIENT_FUNDS,25,25.0,0.0,1.0,19.249166666666667,1,NONE,17.0,17.0,0.0,1868.3470588235296,0.0,0.5390433191968994,0.68,1,19.249166666666667,-1.0,1.0
T0004528,C00099,2026-01-15 03:16:48,706.89,CARD,FAILED,LIMIT_EXCEEDED,25,24.0,1.0,0.96,4.835833333333333,1,NONE,18.0,18.0,0.0,1579.1016666666667,0.0,0.44765325432920194,0.72,1,4.835833333333333,172.39888888888888,1.0
T0037718,C00819,2026-01-15 03:25:42,1781.1,CARD,FAILED,PAYMENT_TIMEOUT,16,14.0,2.0,0.875,31.54083333333333,1,NONE,9.0,8.0,1.0,3274.96,0.1111111111111111,0.5438539707355204,0.5625,1,31.54083333333333,73.54055555555556,1.0
T0021709,C00478,2026-01-15 03:36:03,3704.78,WALLET,FAILED,INSUFFICIENT_FUNDS,41,39.0,2.0,0.9512195121951219,5.122222222222222,1,NONE,23.0,21.0,2.0,1725.9291304347828,0.08695652173913043,2.146542366468269,0.5609756097560976,1,5.122222222222222,124.725,1.0
T0008556,C00186,2026-01-15 03:48:01,4692.25,CARD,FAILED,INSUFFICIENT_FUNDS,30,28.0,2.0,0.9333333333333333,9.0675,1,NONE,13.0,12.0,1.0,2536.6930769230767,0.07692307692307693,1.849750780922831,0.43333333333333335,1,9.0675,155.77833333333334,1.0
T0041637,C00908,2026-01-15 03:56:38,1669.4,CARD,FAILED,NETWORK_ERROR,42,38.0,4.0,0.9047619047619048,1.3605555555555555,1,NONE,22.0,20.0,2.0,1625.594090909091,0.09090909090909091,1.0269476306144858,0.5238095238095238,1,1.3605555555555555,13.836388888888889,1.0
T0017280,C00378,2026-01-15 04:11:06,1892.78,UPI,FAILED,INSUFFICIENT_FUNDS,29,26.0,3.0,0.896551724137931,12.581388888888888,1,NONE,16.0,14.0,2.0,2430.9993750000003,0.125,0.7786015987766347,0.5517241379310345,1,12.581388888888888,124.84666666666666,1.0
T0020864,C00460,2026-01-15 04:11:53,1499.39,UPI,FAILED,BANK_DECLINE,20,17.0,3.0,0.85,26.793055555555554,1,NONE,15.0,14.0,1.0,2194.4266666666667,0.06666666666666667,0.6832718644809275,0.75,1,26.793055555555554,69.31,1.0
T0010564,C00230,2026-01-15 04:25:52,2648.1,CARD,FAILED,INSUFFICIENT_FUNDS,30,27.0,3.0,0.9,12.435277777777777,1,NONE,14.0,13.0,1.0,1468.4257142857143,0.07142857142857142,1.8033598664458923,0.4666666666666667,1,12.435277777777777,102.98805555555556,1.0
T0039679,C00865,2026-01-15 04:40:53,10184.35,UPI,FAILED,INSUFFICIENT_FUNDS,19,18.0,1.0,0.9473684210526315,50.61333333333334,1,NONE,9.0,8.0,1.0,1780.8255555555556,0.1111111111111111,5.718892548587016,0.47368421052631576,1,50.61333333333334,91.60416666666667,1.0
T0026707,C00587,2026-01-15 04:47:41,2053.36,UPI,FAILED,INSUFFICIENT_FUNDS,37,36.0,1.0,0.972972972972973,4.998055555555555,1,NONE,17.0,17.0,0.0,2421.9782352941174,0.0,0.8478028291408847,0.4594594594594595,1,4.998055555555555,296.56305555555554,1.0
T0032607,C00709,2026-01-15 04:57:50,1557.32,NETBANKING,FAILED,BANK_DECLINE,17,16.0,1.0,0.9411764705882353,44.581944444444446,1,NONE,10.0,9.0,1.0,2331.699,0.1,0.6678906668485083,0.5882352941176471,1,44.581944444444446,56.125,1.0
T0038381,C00835,2026-01-15 04:59:16,1986.8,CARD,FAILED,NETWORK_ERROR,25,22.0,3.0,0.88,5.892777777777778,1,NONE,17.0,16.0,1.0,2454.110588235294,0.058823529411764705,0.8095804685919519,0.68,1,5.892777777777778,167.23805555555555,1.0
T0020656,C00454,2026-01-15 04:59:17,6126.01,UPI,FAILED,PAYMENT_TIMEOUT,22,21.0,1.0,0.9545454545454546,7.649444444444445,1,NONE,11.0,11.0,0.0,2196.1981818181816,0.0,2.7893703085248975,0.5,1,7.649444444444445,318.1175,1.0
T0006828,C00150,2026-01-15 05:13:53,1469.77,CARD,FAILED,BANK_DECLINE,11,10.0,1.0,0.9090909090909091,4.067777777777778,1,NONE,6.0,6.0,0.0,2487.6983333333333,0.0,0.5908152046838476,0.5454545454545454,1,4.067777777777778,288.6988888888889,1.0
T0029346,C00639,2026-01-15 05:16:06,1610.69,UPI,FAILED,PAYMENT_TIMEOUT,45,43.0,2.0,0.9555555555555556,2.808333333333333,1,NONE,21.0,21.0,0.0,2080.8385714285714,0.0,0.7740581235449719,0.4666666666666667,1,2.808333333333333,255.60833333333332,1.0
T0014660,C00324,2026-01-15 05:21:36,1008.11,UPI,FAILED,INSUFFICIENT_FUNDS,29,28.0,1.0,0.9655172413793104,8.29,1,NONE,14.0,14.0,0.0,2480.075,0.0,0.4064836748888643,0.4827586206896552,1,8.29,330.3911111111111,1.0
T0037202,C00808,2026-01-15 05:25:47,2294.55,UPI,FAILED,PAYMENT_TIMEOUT,29,29.0,0.0,1.0,41.86222222222222,1,NONE,11.0,11.0,0.0,2353.7727272727275,0.0,0.9748392329528995,0.3793103448275862,1,41.86222222222222,-1.0,1.0
T0045345,C00989,2026-01-15 05:32:05,427.07,UPI,FAILED,NETWORK_ERROR,22,21.0,1.0,0.9545454545454546,14.128055555555555,1,NONE,13.0,12.0,1.0,3116.7638461538463,0.07692307692307693,0.13702353501277087,0.5909090909090909,1,14.128055555555555,109.07583333333334,1.0
T0038562,C00839,2026-01-15 05:43:34,254.0,UPI,FAILED,INSUFFICIENT_FUNDS,21,19.0,2.0,0.9047619047619048,6.651944444444444,1,NONE,10.0,9.0,1.0,4274.497,0.1,0.059422196342633994,0.47619047619047616,1,6.651944444444444,142.29722222222222,1.0
T0014941,C00329,2026-01-15 05:50:52,5939.97,UPI,FAILED,PAYMENT_TIMEOUT,26,26.0,0.0,1.0,10.380833333333333,1,NONE,13.0,13.0,0.0,1982.0200000000002,0.0,2.9969273771203113,0.5,1,10.380833333333333,-1.0,1.0
T0018355,C00404,2026-01-15 06:18:49,365.31,NETBANKING,FAILED,NETWORK_ERROR,27,25.0,2.0,0.9259259259259259,20.6225,1,NONE,15.0,14.0,1.0,2293.852,0.06666666666666667,0.15925613335123628,0.5555555555555556,1,20.6225,68.97666666666667,1.0
T0045305,C00988,2026-01-15 06:31:57,1335.19,WALLET,FAILED,INSUFFICIENT_FUNDS,15,14.0,1.0,0.9333333333333333,42.01111111111111,1,NONE,7.0,7.0,0.0,1222.7457142857145,0.0,1.0919604823804037,0.4666666666666667,1,42.01111111111111,223.6513888888889,1.0
T0020946,C00461,2026-01-15 06:41:10,1153.86,NETBANKING,FAILED,INSUFFICIENT_FUNDS,33,29.0,4.0,0.8787878787878788,3.8697222222222223,1,NONE,14.0,12.0,2.0,2359.2671428571425,0.14285714285714285,0.48907560277495377,0.42424242424242425,1,3.8697222222222223,63.08416666666667,1.0
T0022419,C00493,2026-01-15 07:14:12,3078.5,CARD,FAILED,LIMIT_EXCEEDED,34,30.0,4.0,0.8823529411764706,8.577777777777778,1,NONE,15.0,13.0,2.0,2691.6726666666664,0.13333333333333333,1.1437126208263562,0.4411764705882353,1,8.577777777777778,51.049166666666665,1.0
T0025122,C00552,2026-01-15 07:58:09,1617.36,NETBANKING,FAILED,NETWORK_ERROR,26,26.0,0.0,1.0,14.221111111111112,1,NONE,11.0,11.0,0.0,2293.8918181818185,0.0,0.7050724830092248,0.4230769230769231,1,14.221111111111112,-1.0,1.0
T0010689,C00232,2026-01-15 08:09:47,1241.52,CARD,FAILED,INSUFFICIENT_FUNDS,34,32.0,2.0,0.9411764705882353,1.696388888888889,1,NONE,20.0,18.0,2.0,2799.4435,0.1,0.44348814326847463,0.5882352941176471,1,1.696388888888889,15.786666666666667,1.0
T0018699,C00412,2026-01-15 08:50:55,1880.22,NETBANKING,FAILED,PAYMENT_TIMEOUT,12,12.0,0.0,1.0,97.95805555555556,1,NONE,5.0,5.0,0.0,2109.9120000000003,0.0,0.8911366919568209,0.4166666666666667,1,97.95805555555556,-1.0,1.0
T0007818,C00170,2026-01-15 09:04:57,1302.16,UPI,FAILED,NETWORK_ERROR,15,11.0,4.0,0.7333333333333333,16.10638888888889,0,NETWORK_ERROR,8.0,6.0,2.0,3834.13,0.25,0.3396233304556705,0.5333333333333333,2,20.797777777777778,16.10638888888889,1.0
T0021313,C00469,2026-01-15 09:13:03,564.77,CARD,FAILED,INSUFFICIENT_FUNDS,27,23.0,4.0,0.8518518518518519,1.9091666666666667,1,NONE,18.0,14.0,4.0,2328.2766666666666,0.2222222222222222,0.24256996949102555,0.6666666666666666,1,1.9091666666666667,53.85305555555556,1.0
T0013386,C00293,2026-01-15 09:23:11,3721.62,CARD,FAILED,BANK_DECLINE,31,29.0,2.0,0.9354838709677419,3.692222222222222,1,NONE,23.0,21.0,2.0,1715.4104347826087,0.08695652173913043,2.169521605172954,0.7419354838709677,1,3.692222222222222,93.1613888888889,1.0
T0031734,C00688,2026-01-15 09:27:01,4177.75,CARD,FAILED,BANK_DECLINE,12,12.0,0.0,1.0,55.897222222222226,1,NONE,8.0,8.0,0.0,1564.2125,0.0,2.6708327672870533,0.6666666666666666,1,55.897222222222226,-1.0,1.0
T0033851,C00735,2026-01-15 09:32:43,3700.07,UPI,FAILED,BANK_DECLINE,20,17.0,3.0,0.85,22.519444444444446,1,NONE,5.0,2.0,3.0,1779.166,0.6,2.079665416268072,0.25,1,22.519444444444446,94.925,1.0
T0027971,C00613,2026-01-15 09:58:06,2493.25,UPI,FAILED,BANK_DECLINE,21,18.0,3.0,0.8571428571428571,12.309722222222222,0,BANK_DECLINE,14.0,12.0,2.0,1988.0964285714285,0.14285714285714285,1.254089069407743,0.6666666666666666,2,12.78111111111111,12.309722222222222,1.0
T0033256,C00723,2026-01-15 09:58:19,807.47,CARD,FAILED,INSUFFICIENT_FUNDS,24,23.0,1.0,0.9583333333333334,5.983611111111111,1,NONE,14.0,14.0,0.0,3192.5635714285713,0.0,0.25292213668863067,0.5833333333333334,1,5.983611111111111,303.7366666666667,1.0
T0010295,C00223,2026-01-15 10:07:47,1697.93,UPI,FAILED,PAYMENT_TIMEOUT,31,30.0,1.0,0.967741935483871,15.884722222222223,1,NONE,18.0,18.0,0.0,1352.8761111111112,0.0,1.255052096829101,0.5806451612903226,1,15.884722222222223,185.14833333333334,1.0
T0013432,C00294,2026-01-15 11:22:22,1806.14,CARD,FAILED,LIMIT_EXCEEDED,22,20.0,2.0,0.9090909090909091,7.936388888888889,1,NONE,9.0,9.0,0.0,1887.6922222222222,0.0,0.9567979243320622,0.4090909090909091,1,7.936388888888889,186.1225,1.0
T0001412,C00032,2026-01-15 12:10:14,2018.54,UPI,FAILED,LIMIT_EXCEEDED,22,21.0,1.0,0.9545454545454546,3.3430555555555554,1,NONE,11.0,10.0,1.0,2206.4272727272723,0.09090909090909091,0.9148454721124649,0.5,1,3.3430555555555554,14.6325,1.0
T0043071,C00941,2026-01-15 12:13:09,2758.32,CARD,FAILED,BANK_DECLINE,27,27.0,0.0,1.0,2.3469444444444445,1,NONE,18.0,18.0,0.0,2106.6533333333336,0.0,1.3093374008696257,0.6666666666666666,1,2.3469444444444445,-1.0,1.0
T0032999,C00718,2026-01-15 12:18:48,2071.57,CARD,FAILED,LIMIT_EXCEEDED,28,26.0,2.0,0.9285714285714286,10.686944444444444,0,INSUFFICIENT_FUNDS,20.0,18.0,2.0,2111.7025000000003,0.1,0.9809951922678501,0.7142857142857143,2,29.919444444444444,10.686944444444444,1.0
T0000153,C00004,2026-01-15 12:20:26,3532.84,CARD,FAILED,LIMIT_EXCEEDED,15,15.0,0.0,1.0,2.901111111111111,1,NONE,10.0,10.0,0.0,2107.257,0.0,1.676511218138082,0.6666666666666666,1,2.901111111111111,-1.0,1.0
T0034412,C00747,2026-01-15 12:41:37,1432.01,CARD,FAILED,INSUFFICIENT_FUNDS,29,22.0,7.0,0.7586206896551724,1.5352777777777777,1,NONE,19.0,13.0,6.0,1646.7131578947367,0.3157894736842105,0.8696171480349213,0.6551724137931034,1,1.5352777777777777,30.9175,1.0
T0024015,C00527,2026-01-15 12:56:10,2140.68,UPI,FAILED,PAYMENT_TIMEOUT,16,15.0,1.0,0.9375,39.345555555555556,1,NONE,9.0,8.0,1.0,1443.9166666666667,0.1111111111111111,1.4825509320713335,0.5625,1,39.345555555555556,174.02666666666667,1.0
T0008022,C00174,2026-01-15 12:59:43,1958.15,UPI,FAILED,INSUFFICIENT_FUNDS,30,27.0,3.0,0.9,2.505,1,NONE,17.0,17.0,0.0,1988.851764705882,0.0,0.9845630703852772,0.5666666666666667,1,2.505,258.88194444444446,1.0
T0006222,C00136,2026-01-15 13:14:54,2764.82,UPI,FAILED,PAYMENT_TIMEOUT,29,27.0,2.0,0.9310344827586207,12.890277777777778,1,NONE,11.0,10.0,1.0,3356.151818181818,0.09090909090909091,0.8238065945115173,0.3793103448275862,1,12.890277777777778,164.97916666666666,1.0
T0027980,C00613,2026-01-15 13:16:30,1386.28,UPI,FAILED,INSUFFICIENT_FUNDS,22,18.0,4.0,0.8181818181818182,3.3066666666666666,0,BANK_DECLINE,15.0,12.0,3.0,2021.7733333333333,0.2,0.6856752817658425,0.6818181818181818,3,16.087777777777777,3.3066666666666666,1.0
T0014682,C00324,2026-01-15 13:56:59,3312.71,UPI,FAILED,INSUFFICIENT_FUNDS,31,29.0,2.0,0.9354838709677419,0.7241666666666666,1,NONE,14.0,13.0,1.0,2427.069285714286,0.07142857142857142,1.364901290415807,0.45161290322580644,1,0.7241666666666666,8.589722222222223,1.0
T0043760,C00954,2026-01-15 14:01:37,3251.86,UPI,FAILED,NETWORK_ERROR,21,21.0,0.0,1.0,0.06027777777777778,1,NONE,10.0,10.0,0.0,1718.881,0.0,1.8918470795825888,0.47619047619047616,1,0.06027777777777778,-1.0,1.0
T0007526,C00164,2026-01-15 14:17:49,2510.8,CARD,FAILED,INSUFFICIENT_FUNDS,10,10.0,0.0,1.0,47.673611111111114,1,NONE,6.0,6.0,0.0,2934.648333333333,0.0,0.8555709968656098,0.6,1,47.673611111111114,-1.0,1.0
T0009504,C00207,2026-01-15 14:23:44,2023.2,WALLET,FAILED,INSUFFICIENT_FUNDS,13,12.0,1.0,0.9230769230769231,64.8375,1,NONE,7.0,6.0,1.0,2277.3371428571427,0.14285714285714285,0.8884060080193912,0.5384615384615384,1,64.8375,144.33305555555555,1.0
T0018686,C00411,2026-01-15 15:03:34,1129.74,UPI,FAILED,BANK_DECLINE,20,19.0,1.0,0.95,11.949444444444444,1,NONE,13.0,12.0,1.0,2616.397692307692,0.07692307692307693,0.43179215580317865,0.65,1,11.949444444444444,150.8738888888889,1.0
T0029936,C00652,2026-01-15 15:09:15,5495.16,UPI,FAILED,PAYMENT_TIMEOUT,17,17.0,0.0,1.0,42.228611111111114,1,NONE,7.0,7.0,0.0,3634.855714285714,0.0,1.5117959093679885,0.4117647058823529,1,42.228611111111114,-1.0,1.0
T0021816,C00480,2026-01-15 15:12:11,1242.81,CARD,FAILED,BANK_DECLINE,23,22.0,1.0,0.9565217391304348,1.1236111111111111,1,NONE,12.0,12.0,0.0,2020.9958333333332,0.0,0.6149493133541839,0.5217391304347826,1,1.1236111111111111,315.53472222222223,1.0
T0035065,C00762,2026-01-15 15:26:43,317.86,UPI,FAILED,INSUFFICIENT_FUNDS,31,28.0,3.0,0.9032258064516129,2.164722222222222,1,NONE,13.0,10.0,3.0,1905.1292307692308,0.23076923076923078,0.1668443247136879,0.41935483870967744,1,2.164722222222222,21.14388888888889,1.0
T0006843,C00150,2026-01-15 15:31:05,3841.95,CARD,FAILED,BANK_DECLINE,12,10.0,2.0,0.8333333333333334,10.286666666666667,0,BANK_DECLINE,7.0,6.0,1.0,2342.2799999999997,0.14285714285714285,1.6402607715559199,0.5833333333333334,2,14.354444444444445,10.286666666666667,1.0
T0043117,C00941,2026-01-15 16:02:27,2103.88,CARD,FAILED,INSUFFICIENT_FUNDS,28,27.0,1.0,0.9642857142857143,3.8216666666666668,0,BANK_DECLINE,19.0,18.0,1.0,2140.9515789473685,0.05263157894736842,0.9826845318166443,0.6785714285714286,2,6.168611111111111,3.8216666666666668,1.0
T0010662,C00232,2026-01-15 17:12:22,2802.52,CARD,FAILED,NETWORK_ERROR,36,33.0,3.0,0.9166666666666666,0.15166666666666667,1,NONE,22.0,19.0,3.0,2668.1377272727273,0.13636363636363635,1.0503655682214852,0.6111111111111112,1,0.15166666666666667,9.043055555555556,1.0
T0020163,C00444,2026-01-15 17:19:13,5614.37,UPI,FAILED,BANK_DECLINE,17,15.0,2.0,0.8823529411764706,13.17361111111111,1,NONE,8.0,8.0,0.0,2077.84,0.0,2.7020222923805486,0.47058823529411764,1,13.17361111111111,205.67666666666668,1.0
T0037144,C00806,2026-01-15 17:25:12,2365.92,UPI,FAILED,NETWORK_ERROR,18,16.0,2.0,0.8888888888888888,21.924722222222222,1,NONE,7.0,6.0,1.0,1658.462857142857,0.14285714285714285,1.426574004844417,0.3888888888888889,1,21.924722222222222,166.49972222222223,1.0
T0000424,C00010,2026-01-15 17:25:44,2987.28,CARD,FAILED,LIMIT_EXCEEDED,20,20.0,0.0,1.0,5.565555555555555,1,NONE,12.0,12.0,0.0,2726.7325,0.0,1.0955530107922211,0.6,1,5.565555555555555,-1.0,1.0
T0022659,C00498,2026-01-15 18:11:51,3713.59,CARD,FAILED,NETWORK_ERROR,15,13.0,2.0,0.8666666666666667,43.67138888888889,1,NONE,7.0,6.0,1.0,2399.7400000000002,0.14285714285714285,1.54749681215465,0.4666666666666667,1,43.67138888888889,131.57111111111112,1.0
T0003123,C00072,2026-01-15 18:29:05,1156.41,UPI,FAILED,PAYMENT_TIMEOUT,30,26.0,4.0,0.8666666666666667,8.988888888888889,1,NONE,10.0,9.0,1.0,1707.7939999999999,0.1,0.67713670384133,0.3333333333333333,1,8.988888888888889,102.98527777777778,1.0
T0038682,C00842,2026-01-15 19:09:00,1978.91,CARD,FAILED,NETWORK_ERROR,26,22.0,4.0,0.8461538461538461,9.196388888888889,1,NONE,14.0,11.0,3.0,1530.4307142857142,0.21428571428571427,1.2930412213555196,0.5384615384615384,1,9.196388888888889,98.22638888888889,1.0
T0015708,C00346,2026-01-15 19:13:36,318.04,UPI,FAILED,INSUFFICIENT_FUNDS,46,43.0,3.0,0.9347826086956522,6.3005555555555555,1,NONE,23.0,22.0,1.0,2739.611304347826,0.043478260869565216,0.11608946112000022,0.5,1,6.3005555555555555,119.78972222222222,1.0
T0000330,C00008,2026-01-15 19:20:24,922.94,CARD,FAILED,LIMIT_EXCEEDED,44,42.0,2.0,0.9545454545454546,5.546111111111111,1,NONE,24.0,23.0,1.0,2727.2008333333333,0.041666666666666664,0.3384202544672636,0.5454545454545454,1,5.546111111111111,29.131666666666668,1.0
T0010495,C00228,2026-01-15 19:45:54,217.3,CARD,FAILED,INSUFFICIENT_FUNDS,21,18.0,3.0,0.8571428571428571,20.61777777777778,1,NONE,12.0,11.0,1.0,1993.6091666666669,0.08333333333333333,0.1089982949683802,0.5714285714285714,1,20.61777777777778,123.55722222222222,1.0
T0031772,C00690,2026-01-15 19:55:46,984.23,UPI,FAILED,NETWORK_ERROR,15,14.0,1.0,0.9333333333333333,22.92972222222222,1,NONE,8.0,7.0,1.0,1621.39,0.125,0.6070285372427362,0.5333333333333333,1,22.92972222222222,70.59527777777778,1.0
T0021770,C00479,2026-01-15 20:16:32,1529.47,NETBANKING,FAILED,BANK_DECLINE,32,32.0,0.0,1.0,5.203888888888889,1,NONE,16.0,16.0,0.0,1778.365,0.0,0.8600427921152295,0.5,1,5.203888888888889,-1.0,1.0
T0026188,C00576,2026-01-15 20:25:59,1885.74,NETBANKING,FAILED,PAYMENT_TIMEOUT,39,38.0,1.0,0.9743589743589743,12.065833333333334,1,NONE,18.0,18.0,0.0,2551.721666666667,0.0,0.7390069319211278,0.46153846153846156,1,12.065833333333334,179.13972222222222,1.0
T0034584,C00751,2026-01-15 20:44:28,436.71,UPI,FAILED,NETWORK_ERROR,15,15.0,0.0,1.0,20.994722222222222,1,NONE,10.0,10.0,0.0,1683.114,0.0,0.2594654907510721,0.6666666666666666,1,20.994722222222222,-1.0,1.0
T0024867,C00547,2026-01-15 20:55:59,719.21,CARD,FAILED,BANK_DECLINE,28,25.0,3.0,0.8928571428571429,14.421666666666667,1,NONE,11.0,9.0,2.0,2385.2336363636364,0.18181818181818182,0.3015260178438781,0.39285714285714285,1,14.421666666666667,101.71722222222222,1.0
T0001150,C00025,2026-01-15 21:26:58,4006.04,UPI,FAILED,PAYMENT_TIMEOUT,26,23.0,3.0,0.8846153846153846,4.527222222222222,1,NONE,18.0,15.0,3.0,1967.0855555555556,0.16666666666666666,2.0365357209227186,0.6923076923076923,1,4.527222222222222,36.343333333333334,1.0
T0037268,C00809,2026-01-15 21:33:13,3021.19,CARD,FAILED,LIMIT_EXCEEDED,28,26.0,2.0,0.9285714285714286,9.544444444444444,1,NONE,17.0,16.0,1.0,2886.4958823529414,0.058823529411764705,1.0466635405477391,0.6071428571428571,1,9.544444444444444,132.63861111111112,1.0
T0032936,C00717,2026-01-15 21:33:19,5700.4,UPI,FAILED,INSUFFICIENT_FUNDS,21,21.0,0.0,1.0,0.4263888888888889,1,NONE,12.0,12.0,0.0,3092.5608333333334,0.0,1.8432620430802626,0.5714285714285714,1,0.4263888888888889,-1.0,1.0
T0008411,C00182,2026-01-15 21:48:22,589.08,UPI,FAILED,BANK_DECLINE,35,30.0,5.0,0.8571428571428571,1.9525,1,NONE,20.0,18.0,2.0,2166.9649999999997,0.1,0.2718456458687612,0.5714285714285714,1,1.9525,98.65722222222222,1.0
T0032708,C00712,2026-01-15 22:23:17,1138.68,CARD,FAILED,BANK_DECLINE,12,11.0,1.0,0.9166666666666666,1.5802777777777777,1,NONE,7.0,6.0,1.0,3421.7328571428575,0.14285714285714285,0.33277875495832726,0.5833333333333334,1,1.5802777777777777,135.78694444444446,1.0
T0003254,C00075,2026-01-15 22:27:49,713.88,CARD,FAILED,BANK_DECLINE,14,14.0,0.0,1.0,68.71194444444444,1,NONE,7.0,7.0,0.0,3176.325714285714,0.0,0.22475025051407108,0.5,1,68.71194444444444,-1.0,1.0
T0026486,C00584,2026-01-15 22:36:16,321.55,UPI,FAILED,BANK_DECLINE,28,24.0,4.0,0.8571428571428571,9.622777777777777,1,NONE,14.0,12.0,2.0,3217.8042857142855,0.14285714285714285,0.09992838950073765,0.5,1,9.622777777777777,147.43083333333334,1.0
T0037016,C00803,2026-01-15 22:41:00,809.93,UPI,FAILED,BANK_DECLINE,26,25.0,1.0,0.9615384615384616,0.20277777777777778,1,NONE,14.0,13.0,1.0,1891.2428571428572,0.07142857142857142,0.4282527740639186,0.5384615384615384,1,0.20277777777777778,23.09638888888889,1.0
T0001601,C00036,2026-01-15 22:42:48,1345.59,UPI,FAILED,BANK_DECLINE,10,9.0,1.0,0.9,22.311944444444446,1,NONE,6.0,6.0,0.0,3630.093333333333,0.0,0.3706764197063804,0.6,1,22.311944444444446,271.89666666666665,1.0
T0035468,C00772,2026-01-15 22:45:38,3170.51,NETBANKING,FAILED,BANK_DECLINE,32,29.0,3.0,0.90625,37.535555555555554,1,NONE,20.0,19.0,1.0,2217.9105,0.05,1.4295031291839775,0.625,1,37.535555555555554,166.99444444444444,1.0
T0038695,C00842,2026-01-15 23:33:39,1923.54,CARD,FAILED,INSUFFICIENT_FUNDS,27,22.0,5.0,0.8148148148148148,4.410833333333334,0,NETWORK_ERROR,14.0,10.0,4.0,1601.6128571428574,0.2857142857142857,1.2010018472450537,0.5185185185185185,2,13.607222222222223,4.410833333333334,1.0
T0009842,C00215,2026-01-15 23:44:01,2625.0,CARD,FAILED,INSUFFICIENT_FUNDS,34,33.0,1.0,0.9705882352941176,12.572222222222223,1,NONE,13.0,13.0,0.0,1257.823076923077,0.0,2.0869389727062018,0.38235294117647056,1,12.572222222222223,312.30444444444447,1.0
T0037911,C00825,2026-01-15 23:59:36,2535.18,CARD,FAILED,NETWORK_ERROR,32,31.0,1.0,0.96875,3.6419444444444444,1,NONE,13.0,13.0,0.0,1448.8607692307692,0.0,1.7497747567186739,0.40625,1,3.6419444444444444,338.62416666666667,1.0
T0045011,C00982,2026-01-16 00:21:27,1135.51,CARD,FAILED,INSUFFICIENT_FUNDS,25,22.0,3.0,0.88,5.9655555555555555,1,NONE,16.0,16.0,0.0,2307.319375,0.0,0.49213386421634847,0.64,1,5.9655555555555555,259.6088888888889,1.0
T0001075,C00024,2026-01-16 00:21:54,524.22,WALLET,FAILED,PAYMENT_TIMEOUT,13,12.0,1.0,0.9230769230769231,139.12027777777777,1,NONE,3.0,3.0,0.0,1132.9733333333334,0.0,0.46269403222199995,0.23076923076923078,1,139.12027777777777,274.3333333333333,1.0
T0044600,C00973,2026-01-16 00:33:37,3902.36,UPI,FAILED,LIMIT_EXCEEDED,29,27.0,2.0,0.9310344827586207,44.41583333333333,1,NONE,14.0,12.0,2.0,2648.6828571428573,0.14285714285714285,1.473320971393868,0.4827586206896552,1,44.41583333333333,86.76694444444445,1.0
T0031577,C00685,2026-01-16 01:03:16,955.44,CARD,FAILED,LIMIT_EXCEEDED,30,29.0,1.0,0.9666666666666667,13.989166666666666,1,NONE,17.0,16.0,1.0,1824.3288235294117,0.058823529411764705,0.5237213750488093,0.5666666666666667,1,13.989166666666666,56.830555555555556,1.0
T0015016,C00331,2026-01-16 01:23:36,2819.92,UPI,FAILED,LIMIT_EXCEEDED,12,12.0,0.0,1.0,25.73027777777778,1,NONE,11.0,11.0,0.0,2718.8372727272726,0.0,1.0371786602628597,0.9166666666666666,1,25.73027777777778,-1.0,1.0
T0023801,C00523,2026-01-16 01:36:09,1898.87,UPI,FAILED,INSUFFICIENT_FUNDS,28,27.0,1.0,0.9642857142857143,3.0369444444444444,1,NONE,14.0,13.0,1.0,1818.19,0.07142857142857142,1.0443738003178984,0.5,1,3.0369444444444444,92.21416666666667,1.0
T0035498,C00772,2026-01-16 01:47:37,1616.03,NETBANKING,FAILED,NETWORK_ERROR,33,29.0,4.0,0.8787878787878788,3.0330555555555554,0,BANK_DECLINE,19.0,18.0,1.0,2222.1221052631577,0.05263157894736842,0.7272462643580153,0.5757575757575758,2,40.56861111111111,3.0330555555555554,1.0
T0039489,C00859,2026-01-16 01:48:55,2146.29,CARD,FAILED,BANK_DECLINE,23,22.0,1.0,0.9565217391304348,20.44611111111111,1,NONE,13.0,13.0,0.0,1415.77,0.0,1.5159877663744816,0.5652173913043478,1,20.44611111111111,350.65444444444444,1.0
T0032545,C00708,2026-01-16 01:57:24,2317.59,UPI,FAILED,BANK_DECLINE,26,24.0,2.0,0.9230769230769231,10.362777777777778,1,NONE,15.0,14.0,1.0,2624.7319999999995,0.06666666666666667,0.8829815767857444,0.5769230769230769,1,10.362777777777778,79.39444444444445,1.0
T0001209,C00027,2026-01-16 02:01:36,1570.98,UPI,FAILED,INSUFFICIENT_FUNDS,19,19.0,0.0,1.0,8.114166666666666,1,NONE,12.0,12.0,0.0,4928.6849999999995,0.0,0.31874222028796734,0.631578947368421,1,8.114166666666666,-1.0,1.0
T0024613,C00542,2026-01-16 02:15:14,605.0,WALLET,FAILED,NETWORK_ERROR,33,31.0,2.0,0.9393939393939394,0.5366666666666666,1,NONE,19.0,18.0,1.0,2110.415789473684,0.05263157894736842,0.286673366934428,0.5757575757575758,1,0.5366666666666666,52.165,1.0
T0002681,C00062,2026-01-16 02:19:44,1186.77,CARD,FAILED,PAYMENT_TIMEOUT,16,16.0,0.0,1.0,4.088333333333333,1,NONE,8.0,8.0,0.0,1471.1499999999999,0.0,0.8066954423410257,0.5,1,4.088333333333333,-1.0,1.0
T0019184,C00422,2026-01-16 02:27:01,591.34,UPI,FAILED,INSUFFICIENT_FUNDS,24,23.0,1.0,0.9583333333333334,23.261111111111113,1,NONE,14.0,13.0,1.0,2322.88,0.07142857142857142,0.2545719107315057,0.5833333333333334,1,23.261111111111113,97.2761111111111,1.0
T0038892,C00846,2026-01-16 03:07:25,1447.85,WALLET,FAILED,BANK_DECLINE,24,22.0,2.0,0.9166666666666666,4.023055555555556,1,NONE,11.0,11.0,0.0,1759.0054545454548,0.0,0.8231071690304333,0.4583333333333333,1,4.023055555555556,192.36,1.0
T0029050,C00634,2026-01-16 03:30:37,3511.57,CARD,FAILED,INSUFFICIENT_FUNDS,33,32.0,1.0,0.9696969696969697,22.427777777777777,1,NONE,17.0,17.0,0.0,2044.7429411764704,0.0,1.7173650189884364,0.5151515151515151,1,22.427777777777777,311.26944444444445,1.0
T0035806,C00778,2026-01-16 03:39:25,3239.64,CARD,FAILED,INSUFFICIENT_FUNDS,33,32.0,1.0,0.9696969696969697,17.0025,1,NONE,15.0,14.0,1.0,2078.8806666666665,0.06666666666666667,1.558357847059363,0.45454545454545453,1,17.0025,56.425555555555555,1.0
T0039714,C00866,2026-01-16 04:10:04,1506.37,WALLET,FAILED,NETWORK_ERROR,14,14.0,0.0,1.0,49.299166666666665,1,NONE,6.0,6.0,0.0,1425.8233333333335,0.0,1.0564913371689337,0.42857142857142855,1,49.299166666666665,-1.0,1.0
T0026435,C00582,2026-01-16 04:13:40,710.49,WALLET,FAILED,PAYMENT_TIMEOUT,10,9.0,1.0,0.9,70.83166666666666,1,NONE,8.0,7.0,1.0,5474.771250000001,0.125,0.12977528513177605,0.8,1,70.83166666666666,186.81194444444444,1.0
T0029100,C00635,2026-01-16 04:31:42,1368.65,UPI,FAILED,BANK_DECLINE,12,11.0,1.0,0.9166666666666666,47.319722222222225,1,NONE,6.0,6.0,0.0,1265.4166666666667,0.0,1.0815805070793547,0.5,1,47.319722222222225,348.36055555555555,1.0
T0000689,C00015,2026-01-16 04:36:12,1300.59,CARD,FAILED,INSUFFICIENT_FUNDS,36,32.0,4.0,0.8888888888888888,7.096388888888889,1,NONE,19.0,17.0,2.0,1747.9584210526316,0.10526315789473684,0.744062321125909,0.5277777777777778,1,7.096388888888889,107.58527777777778,1.0
T0043130,C00942,2026-01-16 04:48:34,3063.89,WALLET,FAILED,NETWORK_ERROR,22,21.0,1.0,0.9545454545454546,9.4575,1,NONE,12.0,11.0,1.0,2713.31,0.08333333333333333,1.1292074993273897,0.5454545454545454,1,9.4575,119.74972222222222,1.0
T0036158,C00786,2026-01-16 04:51:34,4637.13,UPI,FAILED,NETWORK_ERROR,16,16.0,0.0,1.0,7.985,1,NONE,10.0,10.0,0.0,2042.292,0.0,2.270551909325405,0.625,1,7.985,-1.0,1.0
T0038469,C00837,2026-01-16 05:19:14,3946.44,CARD,FAILED,INSUFFICIENT_FUNDS,30,28.0,2.0,0.9333333333333333,11.044166666666667,1,NONE,12.0,12.0,0.0,1665.6816666666666,0.0,2.3692642351629813,0.4,1,11.044166666666667,265.03527777777776,1.0
T0023722,C00522,2026-01-16 05:24:23,2568.56,CARD,FAILED,BANK_DECLINE,20,19.0,1.0,0.95,0.14916666666666667,1,NONE,14.0,13.0,1.0,1880.8378571428573,0.07142857142857142,1.3656466931720779,0.7,1,0.14916666666666667,85.57972222222222,1.0
T0032183,C00699,2026-01-16 05:25:20,3231.29,UPI,FAILED,NETWORK_ERROR,25,25.0,0.0,1.0,2.2911111111111113,1,NONE,13.0,13.0,0.0,3890.230769230769,0.0,0.8306165345144643,0.52,1,2.2911111111111113,-1.0,1.0
T0014323,C00315,2026-01-16 06:06:36,1814.8,CARD,FAILED,BANK_DECLINE,23,21.0,2.0,0.9130434782608695,31.404722222222222,1,NONE,7.0,5.0,2.0,1831.8500000000001,0.2857142857142857,0.9906924693615743,0.30434782608695654,1,31.404722222222222,131.61305555555555,1.0
T0020008,C00440,2026-01-16 06:12:15,3177.24,CARD,FAILED,BANK_DECLINE,18,17.0,1.0,0.9444444444444444,27.250555555555554,1,NONE,10.0,9.0,1.0,909.3040000000001,0.1,3.4941449724184643,0.5555555555555556,1,27.250555555555554,145.96416666666667,1.0
T0045272,C00987,2026-01-16 06:12:57,562.14,NETBANKING,FAILED,NETWORK_ERROR,18,18.0,0.0,1.0,42.14861111111111,1,NONE,8.0,8.0,0.0,2129.0649999999996,0.0,0.26403139406265197,0.4444444444444444,1,42.14861111111111,-1.0,1.0
T0023309,C00512,2026-01-16 06:46:16,2642.29,CARD,FAILED,LIMIT_EXCEEDED,38,33.0,5.0,0.868421052631579,16.442222222222224,1,NONE,20.0,18.0,2.0,2776.938,0.1,0.9515120611263197,0.5263157894736842,1,16.442222222222224,29.220555555555556,1.0
T0036025,C00783,2026-01-16 06:56:17,6181.14,NETBANKING,FAILED,NETWORK_ERROR,21,20.0,1.0,0.9523809523809523,5.945833333333334,1,NONE,9.0,9.0,0.0,3082.923333333333,0.0,2.0049606596336598,0.42857142857142855,1,5.945833333333334,352.2413888888889,1.0
T0024218,C00532,2026-01-16 07:11:41,2438.87,UPI,FAILED,NETWORK_ERROR,19,18.0,1.0,0.9473684210526315,2.7913888888888887,1,NONE,11.0,10.0,1.0,1580.2799999999997,0.09090909090909091,1.5433151087149115,0.5789473684210527,1,2.7913888888888887,187.74555555555557,1.0
T0032606,C00709,2026-01-16 07:13:59,4033.38,NETBANKING,FAILED,INSUFFICIENT_FUNDS,19,17.0,2.0,0.8947368421052632,14.774444444444445,1,NONE,10.0,8.0,2.0,2416.593,0.2,1.6690357043987136,0.5263157894736842,1,14.774444444444445,26.269166666666667,1.0
T0010126,C00220,2026-01-16 07:17:48,2263.98,WALLET,FAILED,NETWORK_ERROR,32,30.0,2.0,0.9375,1.4766666666666666,1,NONE,16.0,16.0,0.0,1923.88,0.0,1.1767781774331039,0.5,1,1.4766666666666666,181.96472222222224,1.0
T0011617,C00254,2026-01-16 07:30:43,3093.5,CARD,FAILED,LIMIT_EXCEEDED,44,42.0,2.0,0.9545454545454546,1.9780555555555555,1,NONE,21.0,21.0,0.0,1264.7257142857143,0.0,2.445984900170336,0.4772727272727273,1,1.9780555555555555,247.54055555555556,1.0
T0022818,C00502,2026-01-16 07:32:35,1840.13,NETBANKING,FAILED,PAYMENT_TIMEOUT,37,34.0,3.0,0.918918918918919,2.707222222222222,1,NONE,19.0,19.0,0.0,1696.7578947368422,0.0,1.0844976797855972,0.5135135135135135,1,2.707222222222222,223.35722222222222,1.0
T0001637,C00037,2026-01-16 07:42:33,1686.08,UPI,FAILED,BANK_DECLINE,10,10.0,0.0,1.0,28.16,1,NONE,6.0,6.0,0.0,2329.9133333333334,0.0,0.7236664024699059,0.6,1,28.16,-1.0,1.0
T0035192,C00766,2026-01-16 08:09:32,1650.17,CARD,FAILED,NETWORK_ERROR,21,19.0,2.0,0.9047619047619048,22.238611111111112,1,NONE,9.0,8.0,1.0,2300.434444444445,0.1111111111111111,0.7173297217771907,0.42857142857142855,1,22.238611111111112,99.18277777777777,1.0
T0043729,C00953,2026-01-16 08:21:32,2435.42,UPI,FAILED,PAYMENT_TIMEOUT,18,17.0,1.0,0.9444444444444444,5.810833333333333,1,NONE,8.0,7.0,1.0,2251.6325,0.125,1.081624110506488,0.4444444444444444,1,5.810833333333333,151.37277777777777,1.0
T0019337,C00426,2026-01-16 08:36:52,3819.37,CARD,FAILED,BANK_DECLINE,20,18.0,2.0,0.9,11.608611111111111,1,NONE,10.0,10.0,0.0,1122.944,0.0,3.4012114584520687,0.5,1,11.608611111111111,185.22444444444446,1.0
T0029519,C00642,2026-01-16 09:10:52,932.21,UPI,FAILED,NETWORK_ERROR,21,19.0,2.0,0.9047619047619048,9.771944444444445,1,NONE,14.0,12.0,2.0,2197.1264285714287,0.14285714285714285,0.4242860073401069,0.6666666666666666,1,9.771944444444445,110.86472222222223,1.0
T0039263,C00855,2026-01-16 09:20:36,868.86,NETBANKING,FAILED,BANK_DECLINE,38,36.0,2.0,0.9473684210526315,15.009722222222223,1,NONE,18.0,17.0,1.0,2163.7172222222225,0.05555555555555555,0.4015589426735009,0.47368421052631576,1,15.009722222222223,152.3047222222222,1.0
T0038278,C00833,2026-01-16 09:40:50,2834.64,UPI,FAILED,BANK_DECLINE,21,16.0,5.0,0.7619047619047619,8.242222222222223,1,NONE,8.0,7.0,1.0,1983.1149999999998,0.125,1.4293876048539798,0.38095238095238093,1,8.242222222222223,97.51416666666667,1.0
T0008251,C00179,2026-01-16 10:20:17,1354.17,NETBANKING,FAILED,INSUFFICIENT_FUNDS,18,18.0,0.0,1.0,10.993333333333334,1,NONE,9.0,9.0,0.0,2788.031111111111,0.0,0.4857083533262024,0.5,1,10.993333333333334,-1.0,1.0
T0003115,C00072,2026-01-16 10:22:34,4380.57,UPI,FAILED,PAYMENT_TIMEOUT,32,27.0,5.0,0.84375,6.27,1,NONE,11.0,9.0,2.0,1610.89,0.18181818181818182,2.719347689786391,0.34375,1,6.27,15.891388888888889,1.0
T0030406,C00662,2026-01-16 10:25:21,397.69,UPI,FAILED,INSUFFICIENT_FUNDS,33,29.0,4.0,0.8787878787878788,31.923055555555557,1,NONE,15.0,15.0,0.0,1629.7740000000001,0.0,0.24401542790595504,0.45454545454545453,1,31.923055555555557,194.42833333333334,1.0
T0016659,C00365,2026-01-16 11:06:33,606.02,UPI,FAILED,NETWORK_ERROR,18,16.0,2.0,0.8888888888888888,15.787777777777778,1,NONE,7.0,6.0,1.0,2023.1957142857143,0.14285714285714285,0.29953602398468615,0.3888888888888889,1,15.787777777777778,65.98444444444445,1.0
T0025088,C00551,2026-01-16 11:11:44,3472.73,CARD,FAILED,INSUFFICIENT_FUNDS,30,28.0,2.0,0.9333333333333333,1.1269444444444445,1,NONE,17.0,16.0,1.0,1362.4082352941177,0.058823529411764705,2.5489643339173624,0.5666666666666667,1,1.1269444444444445,117.54222222222222,1.0
T0028177,C00617,2026-01-16 11:13:07,796.72,CARD,FAILED,BANK_DECLINE,29,26.0,3.0,0.896551724137931,74.76138888888889,1,NONE,16.0,13.0,3.0,3199.5125,0.1875,0.2490129355644024,0.5517241379310345,1,74.76138888888889,84.53055555555555,1.0
T0025889,C00570,2026-01-16 11:21:06,2600.33,WALLET,FAILED,PAYMENT_TIMEOUT,22,22.0,0.0,1.0,15.8575,1,NONE,9.0,9.0,0.0,2378.3522222222223,0.0,1.0933325920793902,0.4090909090909091,1,15.8575,-1.0,1.0
T0029235,C00638,2026-01-16 11:22:14,2071.78,UPI,FAILED,BANK_DECLINE,32,28.0,4.0,0.875,1.778888888888889,1,NONE,17.0,14.0,3.0,1768.0523529411764,0.17647058823529413,1.171786568736819,0.53125,1,1.778888888888889,32.97555555555556,1.0
T0000191,C00005,2026-01-16 11:38:41,300.35,NETBANKING,FAILED,NETWORK_ERROR,27,25.0,2.0,0.9259259259259259,2.7197222222222224,1,NONE,13.0,12.0,1.0,1691.6384615384616,0.07692307692307693,0.1775497583135149,0.48148148148148145,1,2.7197222222222224,115.78666666666666,1.0
T0025062,C00551,2026-01-16 11:40:00,892.61,CARD,FAILED,NETWORK_ERROR,31,28.0,3.0,0.9032258064516129,0.4711111111111111,0,INSUFFICIENT_FUNDS,18.0,16.0,2.0,1479.6483333333335,0.1111111111111111,0.6032582066234206,0.5806451612903226,2,1.5980555555555556,0.4711111111111111,1.0
T0044263,C00965,2026-01-16 11:50:45,750.64,UPI,FAILED,INSUFFICIENT_FUNDS,27,26.0,1.0,0.9629629629629629,2.5616666666666665,1,NONE,15.0,15.0,0.0,2501.188,0.0,0.30011338611891625,0.5555555555555556,1,2.5616666666666665,328.1405555555556,1.0
T0021975,C00483,2026-01-16 12:02:53,9750.65,UPI,FAILED,INSUFFICIENT_FUNDS,21,21.0,0.0,1.0,17.753611111111113,1,NONE,9.0,9.0,0.0,1842.0055555555555,0.0,5.293496521002169,0.42857142857142855,1,17.753611111111113,-1.0,1.0
T0008488,C00184,2026-01-16 12:16:30,777.97,CARD,FAILED,INSUFFICIENT_FUNDS,12,12.0,0.0,1.0,5.365,1,NONE,7.0,7.0,0.0,1902.1928571428568,0.0,0.40898586969174683,0.5833333333333334,1,5.365,-1.0,1.0
T0005365,C00118,2026-01-16 12:28:46,1493.83,UPI,FAILED,NETWORK_ERROR,26,24.0,2.0,0.9230769230769231,15.288055555555555,1,NONE,13.0,13.0,0.0,2061.9176923076925,0.0,0.7244857569111353,0.5,1,15.288055555555555,171.1652777777778,1.0
T0036036,C00783,2026-01-16 12:42:49,4342.18,NETBANKING,FAILED,INSUFFICIENT_FUNDS,23,21.0,2.0,0.9130434782608695,5.023611111111111,1,NONE,10.0,9.0,1.0,3596.2289999999994,0.1,1.2074258897306043,0.43478260869565216,1,5.023611111111111,5.775555555555556,1.0
T0035606,C00774,2026-01-16 12:43:03,588.69,CARD,FAILED,INSUFFICIENT_FUNDS,41,40.0,1.0,0.975609756097561,0.3572222222222222,1,NONE,18.0,17.0,1.0,1816.625,0.05555555555555555,0.32405697378380244,0.43902439024390244,1,0.3572222222222222,95.09833333333333,1.0
T0000433,C00010,2026-01-16 12:49:36,1230.15,CARD,FAILED,BANK_DECLINE,23,22.0,1.0,0.9565217391304348,1.0105555555555557,1,NONE,12.0,11.0,1.0,2619.6275,0.08333333333333333,0.4695896649428211,0.5217391304347826,1,1.0105555555555557,19.397777777777776,1.0
T0012874,C00283,2026-01-16 13:06:24,383.31,UPI,FAILED,PAYMENT_TIMEOUT,10,10.0,0.0,1.0,46.242777777777775,1,NONE,2.0,2.0,0.0,2194.59,0.0,0.17466132626139733,0.2,1,46.242777777777775,-1.0,1.0
T0034080,C00740,2026-01-16 13:22:06,3171.6,CARD,FAILED,PAYMENT_TIMEOUT,23,22.0,1.0,0.9565217391304348,0.32861111111111113,1,NONE,12.0,12.0,0.0,1648.5358333333334,0.0,1.9238890267778022,0.5217391304347826,1,0.32861111111111113,231.0688888888889,1.0
T0006600,C00144,2026-01-16 13:30:13,875.39,UPI,FAILED,LIMIT_EXCEEDED,26,26.0,0.0,1.0,2.701388888888889,1,NONE,15.0,15.0,0.0,1520.4406666666666,0.0,0.5757475573967372,0.5769230769230769,1,2.701388888888889,-1.0,1.0
T0033803,C00733,2026-01-16 13:48:41,2908.84,NETBANKING,FAILED,BANK_DECLINE,35,34.0,1.0,0.9714285714285714,1.3422222222222222,1,NONE,16.0,16.0,0.0,1591.805,0.0,1.827384635680878,0.45714285714285713,1,1.3422222222222222,238.45555555555555,1.0
T0019565,C00430,2026-01-16 14:18:35,1060.22,UPI,FAILED,NETWORK_ERROR,35,34.0,1.0,0.9714285714285714,17.218888888888888,1,NONE,9.0,9.0,0.0,2533.211111111111,0.0,0.4185280868813846,0.2571428571428571,1,17.218888888888888,367.0516666666667,1.0
T0038376,C00835,2026-01-16 14:27:57,837.39,CARD,FAILED,LIMIT_EXCEEDED,27,23.0,4.0,0.8518518518518519,30.002777777777776,1,NONE,13.0,12.0,1.0,2425.8392307692307,0.07692307692307693,0.34519600036910303,0.48148148148148145,1,30.002777777777776,33.47805555555556,1.0
T0043583,C00950,2026-01-16 14:33:18,1216.94,UPI,FAILED,INSUFFICIENT_FUNDS,18,17.0,1.0,0.9444444444444444,19.444166666666668,1,NONE,10.0,10.0,0.0,3350.6,0.0,0.3632006207843372,0.5555555555555556,1,19.444166666666668,328.34194444444444,1.0
T0015147,C00334,2026-01-16 14:50:47,2456.33,NETBANKING,FAILED,INSUFFICIENT_FUNDS,23,20.0,3.0,0.8695652173913043,33.50277777777778,1,NONE,8.0,8.0,0.0,1826.3612500000002,0.0,1.3449310753828136,0.34782608695652173,1,33.50277777777778,274.0213888888889,1.0
T0028677,C00627,2026-01-16 14:56:05,2525.76,CARD,FAILED,PAYMENT_TIMEOUT,25,22.0,3.0,0.88,13.315277777777778,1,NONE,13.0,11.0,2.0,2793.3069230769233,0.15384615384615385,0.9042185730230422,0.52,1,13.315277777777778,44.285555555555554,1.0
T0038970,C00848,2026-01-16 15:10:34,1426.13,UPI,FAILED,NETWORK_ERROR,20,20.0,0.0,1.0,45.23222222222222,1,NONE,7.0,7.0,0.0,2589.172857142857,0.0,0.5508052488908483,0.35,1,45.23222222222222,-1.0,1.0
T0035863,C00779,2026-01-16 16:05:26,362.46,UPI,FAILED,INSUFFICIENT_FUNDS,30,26.0,4.0,0.8666666666666667,4.126944444444445,1,NONE,16.0,14.0,2.0,1486.67,0.125,0.24380662823625954,0.5333333333333333,1,4.126944444444445,139.8513888888889,1.0
T0043180,C00943,2026-01-16 16:07:00,3827.32,UPI,FAILED,BANK_DECLINE,25,24.0,1.0,0.96,4.930555555555555,1,NONE,12.0,12.0,0.0,1822.72,0.0,2.099784936797753,0.48,1,4.930555555555555,224.5588888888889,1.0
T0041136,C00897,2026-01-16 16:17:44,3184.36,UPI,FAILED,BANK_DECLINE,19,17.0,2.0,0.8947368421052632,31.38722222222222,1,NONE,9.0,8.0,1.0,1795.5166666666669,0.1111111111111111,1.7735062331176725,0.47368421052631576,1,31.38722222222222,190.79111111111112,1.0
T0021553,C00475,2026-01-16 16:28:57,8548.3,UPI,FAILED,PAYMENT_TIMEOUT,21,21.0,0.0,1.0,4.043333333333333,1,NONE,11.0,11.0,0.0,1866.098181818182,0.0,4.580841503029169,0.5238095238095238,1,4.043333333333333,-1.0,1.0
T0001000,C00022,2026-01-16 16:30:46,2656.77,WALLET,FAILED,LIMIT_EXCEEDED,12,11.0,1.0,0.9166666666666666,11.07611111111111,1,NONE,5.0,4.0,1.0,1571.838,0.2,1.6902314360640218,0.4166666666666667,1,11.07611111111111,101.77194444444444,1.0
T0009904,C00216,2026-01-16 16:44:19,530.34,CARD,FAILED,INSUFFICIENT_FUNDS,31,29.0,2.0,0.9354838709677419,1.8258333333333334,1,NONE,15.0,15.0,0.0,1339.8519999999999,0.0,0.39581983681779787,0.4838709677419355,1,1.8258333333333334,226.1911111111111,1.0
T0013528,C00296,2026-01-16 17:10:01,1175.18,CARD,FAILED,LIMIT_EXCEEDED,33,31.0,2.0,0.9393939393939394,18.710555555555555,1,NONE,20.0,20.0,0.0,2140.8269999999998,0.0,0.548937396622894,0.6060606060606061,1,18.710555555555555,253.74972222222223,1.0
T0019295,C00425,2026-01-16 17:10:17,459.27,UPI,FAILED,BANK_DECLINE,18,16.0,2.0,0.8888888888888888,38.568888888888885,1,NONE,9.0,7.0,2.0,2535.8022222222226,0.2222222222222222,0.18111428248435074,0.5,1,38.568888888888885,105.42972222222222,1.0
T0031689,C00687,2026-01-16 17:11:30,1222.29,NETBANKING,FAILED,INSUFFICIENT_FUNDS,24,23.0,1.0,0.9583333333333334,23.49416666666667,1,NONE,13.0,12.0,1.0,1731.0392307692307,0.07692307692307693,0.7061018481116946,0.5416666666666666,1,23.49416666666667,83.3963888888889,1.0
T0024423,C00537,2026-01-16 17:54:16,492.48,NETBANKING,FAILED,PAYMENT_TIMEOUT,16,14.0,2.0,0.875,2.7425,1,NONE,4.0,3.0,1.0,1668.18,0.25,0.29521994029421283,0.25,1,2.7425,55.36472222222222,1.0
T0043107,C00941,2026-01-16 18:20:23,1008.51,CARD,FAILED,BANK_DECLINE,31,29.0,2.0,0.9354838709677419,1.2725,1,NONE,18.0,16.0,2.0,2201.0350000000003,0.1111111111111111,0.45819807499653564,0.5806451612903226,1,1.2725,26.29888888888889,1.0
T0006398,C00139,2026-01-16 18:53:55,1233.74,CARD,FAILED,BANK_DECLINE,33,32.0,1.0,0.9696969696969697,10.030833333333334,1,NONE,21.0,21.0,0.0,2476.8214285714284,0.0,0.49811423050857234,0.6363636363636364,1,10.030833333333334,259.38416666666666,1.0
T0022519,C00495,2026-01-16 19:22:11,901.41,CARD,FAILED,LIMIT_EXCEEDED,32,29.0,3.0,0.90625,2.6658333333333335,1,NONE,15.0,13.0,2.0,1691.9239999999998,0.13333333333333333,0.5327721576146447,0.46875,1,2.6658333333333335,154.8925,1.0
T0037751,C00820,2026-01-16 19:38:11,4098.98,UPI,FAILED,INSUFFICIENT_FUNDS,15,14.0,1.0,0.9333333333333333,20.949444444444445,1,NONE,6.0,6.0,0.0,993.4700000000001,0.0,4.125922272439026,0.4,1,20.949444444444445,277.2947222222222,1.0
T0005932,C00131,2026-01-16 19:40:59,3070.19,UPI,FAILED,NETWORK_ERROR,32,31.0,1.0,0.96875,49.533611111111114,1,NONE,12.0,12.0,0.0,2971.534166666667,0.0,1.0332003025373258,0.375,1,49.533611111111114,297.5830555555556,1.0
T0043341,C00945,2026-01-16 20:01:46,443.23,CARD,FAILED,LIMIT_EXCEEDED,36,33.0,3.0,0.9166666666666666,2.6422222222222222,1,NONE,16.0,14.0,2.0,2350.5168750000003,0.125,0.18856703592055682,0.4444444444444444,1,2.6422222222222222,130.07222222222222,1.0
T0009070,C00197,2026-01-16 20:19:13,1421.67,CARD,FAILED,PAYMENT_TIMEOUT,26,24.0,2.0,0.9230769230769231,12.153611111111111,1,NONE,10.0,10.0,0.0,2505.6189999999997,0.0,0.5673927281043128,0.38461538461538464,1,12.153611111111111,178.67527777777778,1.0
T0022769,C00501,2026-01-16 20:50:52,3254.9,CARD,FAILED,LIMIT_EXCEEDED,29,29.0,0.0,1.0,10.45888888888889,1,NONE,14.0,14.0,0.0,1949.1807142857142,0.0,1.6698810819051082,0.4827586206896552,1,10.45888888888889,-1.0,1.0
T0016179,C00354,2026-01-16 20:53:11,4098.16,UPI,FAILED,INSUFFICIENT_FUNDS,27,26.0,1.0,0.9629629629629629,12.590555555555556,1,NONE,10.0,10.0,0.0,3148.1359999999995,0.0,1.3017734939024237,0.37037037037037035,1,12.590555555555556,305.68194444444447,1.0
T0009778,C00214,2026-01-16 20:56:07,1261.28,UPI,FAILED,INSUFFICIENT_FUNDS,26,24.0,2.0,0.9230769230769231,5.637777777777778,1,NONE,11.0,11.0,0.0,2007.9336363636364,0.0,0.6281482501006236,0.4230769230769231,1,5.637777777777778,199.26305555555555,1.0
T0009412,C00205,2026-01-16 21:13:02,943.89,UPI,FAILED,BANK_DECLINE,48,45.0,3.0,0.9375,2.4586111111111113,1,NONE,16.0,15.0,1.0,1236.769375,0.0625,0.7631899843897735,0.3333333333333333,1,2.4586111111111113,83.92833333333333,1.0
T0001584,C00035,2026-01-16 22:00:53,999.88,UPI,FAILED,LIMIT_EXCEEDED,28,25.0,3.0,0.8928571428571429,20.279166666666665,1,NONE,15.0,14.0,1.0,1389.5073333333332,0.06666666666666667,0.7195931795490105,0.5357142857142857,1,20.279166666666665,126.28277777777778,1.0
T0022537,C00495,2026-01-16 22:10:26,721.78,CARD,FAILED,NETWORK_ERROR,33,29.0,4.0,0.8787878787878788,2.8041666666666667,0,LIMIT_EXCEEDED,15.0,12.0,3.0,1572.369333333333,0.2,0.4590397336673233,0.45454545454545453,2,5.47,2.8041666666666667,1.0
T0003525,C00080,2026-01-16 22:29:59,3465.69,CARD,FAILED,INSUFFICIENT_FUNDS,34,32.0,2.0,0.9411764705882353,8.195555555555556,1,NONE,13.0,13.0,0.0,1925.6023076923075,0.0,1.7997953088004834,0.38235294117647056,1,8.195555555555556,232.03305555555556,1.0
T0009806,C00214,2026-01-16 22:41:12,2059.37,UPI,FAILED,NETWORK_ERROR,27,24.0,3.0,0.8888888888888888,1.7513888888888889,0,INSUFFICIENT_FUNDS,12.0,11.0,1.0,1945.7124999999999,0.08333333333333333,1.058414334080703,0.4444444444444444,2,7.389166666666667,1.7513888888888889,1.0
T0004928,C00109,2026-01-16 22:43:40,946.89,UPI,FAILED,PAYMENT_TIMEOUT,20,19.0,1.0,0.95,6.966111111111111,1,NONE,8.0,8.0,0.0,1828.68625,0.0,0.517797954679213,0.4,1,6.966111111111111,192.20916666666668,1.0
T0010667,C00232,2026-01-16 22:44:32,1125.87,CARD,FAILED,BANK_DECLINE,39,35.0,4.0,0.8974358974358975,1.6427777777777777,1,NONE,21.0,17.0,4.0,2700.431904761904,0.19047619047619047,0.41692219604377223,0.5384615384615384,1,1.6427777777777777,29.53611111111111,1.0
T0006447,C00140,2026-01-16 22:52:39,2923.79,CARD,FAILED,BANK_DECLINE,29,27.0,2.0,0.9310344827586207,26.911944444444444,1,NONE,15.0,14.0,1.0,2389.692666666667,0.06666666666666667,1.2235004278095454,0.5172413793103449,1,26.911944444444444,68.83638888888889,1.0
T0032469,C00706,2026-01-16 22:55:19,7784.2,UPI,FAILED,PAYMENT_TIMEOUT,7,7.0,0.0,1.0,175.15472222222223,1,NONE,1.0,1.0,0.0,1369.36,0.0,5.684553367996728,0.14285714285714285,1,175.15472222222223,-1.0,1.0
T0021024,C00463,2026-01-16 23:22:04,965.13,CARD,FAILED,BANK_DECLINE,33,32.0,1.0,0.9696969696969697,1.4230555555555555,1,NONE,16.0,16.0,0.0,1461.5725,0.0,0.6603367263683464,0.48484848484848486,1,1.4230555555555555,323.46222222222224,1.0
T0027169,C00595,2026-01-16 23:23:39,2252.63,UPI,FAILED,NETWORK_ERROR,27,26.0,1.0,0.9629629629629629,0.5644444444444444,1,NONE,18.0,18.0,0.0,3103.7988888888885,0.0,0.725765450868631,0.6666666666666666,1,0.5644444444444444,283.7502777777778,1.0
T0009610,C00209,2026-01-16 23:33:53,364.92,CARD,FAILED,NETWORK_ERROR,33,32.0,1.0,0.9696969696969697,7.0841666666666665,1,NONE,11.0,11.0,0.0,1813.9181818181821,0.0,0.20117776185154185,0.3333333333333333,1,7.0841666666666665,360.27805555555557,1.0
T0015810,C00347,2026-01-16 23:35:38,2022.74,WALLET,FAILED,LIMIT_EXCEEDED,39,32.0,7.0,0.8205128205128205,2.1666666666666665,1,NONE,22.0,19.0,3.0,2306.9500000000003,0.13636363636363635,0.8768027048700664,0.5641025641025641,1,2.1666666666666665,94.33,1.0
T0017994,C00395,2026-01-16 23:43:05,2051.19,UPI,FAILED,INSUFFICIENT_FUNDS,19,17.0,2.0,0.8947368421052632,6.7058333333333335,1,NONE,8.0,8.0,0.0,1392.51125,0.0,1.473015029501557,0.42105263157894735,1,6.7058333333333335,204.19055555555556,1.0
T0035601,C00774,2026-01-16 23:47:38,2019.85,CARD,FAILED,INSUFFICIENT_FUNDS,42,40.0,2.0,0.9523809523809523,11.07638888888889,0,INSUFFICIENT_FUNDS,19.0,17.0,2.0,1751.9968421052633,0.10526315789473684,1.1528844981095254,0.4523809523809524,2,11.43361111111111,11.07638888888889,1.0
T0027860,C00611,2026-01-17 00:21:53,856.0,UPI,FAILED,INSUFFICIENT_FUNDS,23,21.0,2.0,0.9130434782608695,30.666944444444443,1,NONE,9.0,8.0,1.0,1472.5144444444443,0.1111111111111111,0.5813185760109504,0.391304347826087,1,30.666944444444443,71.1036111111111,1.0
T0044787,C00977,2026-01-17 00:25:04,2337.71,UPI,FAILED,BANK_DECLINE,19,18.0,1.0,0.9473684210526315,0.5788888888888889,1,NONE,11.0,10.0,1.0,1669.4609090909091,0.09090909090909091,1.4002783696642411,0.5789473684210527,1,0.5788888888888889,89.9036111111111,1.0
T0006682,C00145,2026-01-17 00:29:27,303.36,CARD,FAILED,BANK_DECLINE,21,19.0,2.0,0.9047619047619048,28.151666666666667,1,NONE,9.0,9.0,0.0,1953.6866666666667,0.0,0.15527566685889582,0.42857142857142855,1,28.151666666666667,235.09833333333333,1.0
T0000835,C00018,2026-01-17 00:32:36,9567.33,NETBANKING,FAILED,PAYMENT_TIMEOUT,46,43.0,3.0,0.9347826086956522,3.0105555555555554,1,NONE,24.0,24.0,0.0,2186.3616666666667,0.0,4.375913713574378,0.5217391304347826,1,3.0105555555555554,243.41055555555556,1.0
T0022174,C00488,2026-01-17 00:46:35,1205.42,UPI,FAILED,BANK_DECLINE,18,17.0,1.0,0.9444444444444444,26.59722222222222,1,NONE,8.0,8.0,0.0,1848.75,0.0,0.6520189317106153,0.4444444444444444,1,26.59722222222222,377.9938888888889,1.0
T0037918,C00825,2026-01-17 00:54:15,1077.36,CARD,FAILED,LIMIT_EXCEEDED,34,32.0,2.0,0.9411764705882353,9.795277777777779,1,NONE,13.0,12.0,1.0,1702.487692307692,0.07692307692307693,0.6328151474267972,0.38235294117647056,1,9.795277777777779,24.910833333333333,1.0
T0038553,C00839,2026-01-17 01:14:20,7686.04,UPI,FAILED,BANK_DECLINE,22,19.0,3.0,0.8636363636363636,43.51277777777778,0,INSUFFICIENT_FUNDS,8.0,7.0,1.0,2949.245,0.125,2.6061042741447387,0.36363636363636365,2,50.164722222222224,43.51277777777778,1.0
T0018019,C00396,2026-01-17 01:25:35,1663.91,UPI,FAILED,NETWORK_ERROR,12,12.0,0.0,1.0,61.92166666666667,1,NONE,3.0,3.0,0.0,919.8933333333333,0.0,1.808807542903525,0.25,1,61.92166666666667,-1.0,1.0
T0002288,C00053,2026-01-17 01:27:16,320.46,UPI,FAILED,NETWORK_ERROR,21,20.0,1.0,0.9523809523809523,25.440277777777776,1,NONE,12.0,11.0,1.0,1980.2125000000003,0.08333333333333333,0.16183111660995975,0.5714285714285714,1,25.440277777777776,112.25777777777778,1.0
T0044767,C00977,2026-01-17 01:52:29,3071.62,UPI,FAILED,PAYMENT_TIMEOUT,20,18.0,2.0,0.9,1.4569444444444444,0,BANK_DECLINE,12.0,10.0,2.0,1725.1483333333333,0.16666666666666666,1.7804961698945694,0.6,2,2.035833333333333,1.4569444444444444,1.0
T0015903,C00349,2026-01-17 02:01:56,8253.99,WALLET,FAILED,NETWORK_ERROR,38,36.0,2.0,0.9473684210526315,6.876666666666667,1,NONE,22.0,20.0,2.0,2977.090909090909,0.09090909090909091,2.7725018321729573,0.5789473684210527,1,6.876666666666667,91.23833333333333,1.0
T0006338,C00138,2026-01-17 02:05:29,2920.97,UPI,FAILED,INSUFFICIENT_FUNDS,37,33.0,4.0,0.8918918918918919,3.1569444444444446,1,NONE,13.0,12.0,1.0,1582.9746153846152,0.07692307692307693,1.8452412133534384,0.35135135135135137,1,3.1569444444444446,174.76694444444445,1.0
T0038652,C00842,2026-01-17 02:18:22,8636.8,CARD,FAILED,LIMIT_EXCEEDED,29,23.0,6.0,0.7931034482758621,20.648333333333333,1,NONE,14.0,10.0,4.0,1842.472142857143,0.2857142857142857,4.687614970724503,0.4827586206896552,1,20.648333333333333,26.745277777777776,1.0
T0006690,C00145,2026-01-17 02:58:45,299.63,CARD,FAILED,PAYMENT_TIMEOUT,22,19.0,3.0,0.8636363636363636,2.4883333333333333,0,BANK_DECLINE,10.0,9.0,1.0,1788.654,0.1,0.1675170267698504,0.45454545454545453,2,30.64,2.4883333333333333,1.0
T0015205,C00335,2026-01-17 03:22:03,2841.99,WALLET,FAILED,PAYMENT_TIMEOUT,29,28.0,1.0,0.9655172413793104,0.2652777777777778,1,NONE,11.0,10.0,1.0,2450.2736363636363,0.09090909090909091,1.1598663748501559,0.3793103448275862,1,0.2652777777777778,129.08333333333334,1.0
T0006739,C00147,2026-01-17 03:26:15,801.96,UPI,FAILED,BANK_DECLINE,17,17.0,0.0,1.0,4.853611111111111,1,NONE,11.0,11.0,0.0,1693.3745454545453,0.0,0.4735868991019546,0.6470588235294118,1,4.853611111111111,-1.0,1.0
T0042820,C00936,2026-01-17 03:41:06,1051.54,NETBANKING,FAILED,BANK_DECLINE,23,21.0,2.0,0.9130434782608695,9.229722222222222,1,NONE,18.0,16.0,2.0,3185.9588888888884,0.1111111111111111,0.33005447862722653,0.782608695652174,1,9.229722222222222,65.75638888888889,1.0
T0026611,C00585,2026-01-17 03:45:35,545.61,UPI,FAILED,PAYMENT_TIMEOUT,34,33.0,1.0,0.9705882352941176,4.456111111111111,1,NONE,16.0,16.0,0.0,1985.5718749999999,0.0,0.27478733299443014,0.47058823529411764,1,4.456111111111111,256.0788888888889,1.0
T0020490,C00451,2026-01-17 03:59:15,1040.28,UPI,FAILED,BANK_DECLINE,32,32.0,0.0,1.0,0.043055555555555555,1,NONE,11.0,11.0,0.0,1010.3581818181818,0.0,1.0296150600057226,0.34375,1,0.043055555555555555,-1.0,1.0
T0037667,C00818,2026-01-17 04:27:26,910.14,CARD,FAILED,NETWORK_ERROR,23,22.0,1.0,0.9565217391304348,6.070833333333334,1,NONE,13.0,12.0,1.0,2036.3753846153845,0.07692307692307693,0.4469411714932414,0.5652173913043478,1,6.070833333333334,74.39416666666666,1.0
T0040421,C00881,2026-01-17 04:36:16,1825.01,CARD,FAILED,PAYMENT_TIMEOUT,16,16.0,0.0,1.0,29.629166666666666,1,NONE,4.0,4.0,0.0,1438.81,0.0,1.2684162606598508,0.25,1,29.629166666666666,-1.0,1.0
T0023400,C00515,2026-01-17 04:41:53,1105.63,UPI,FAILED,BANK_DECLINE,33,32.0,1.0,0.9696969696969697,30.44638888888889,1,NONE,17.0,17.0,0.0,3416.033529411765,0.0,0.3236590011428804,0.5151515151515151,1,30.44638888888889,233.26472222222222,1.0
T0042431,C00928,2026-01-17 05:15:28,1458.24,UPI,FAILED,PAYMENT_TIMEOUT,25,23.0,2.0,0.92,3.0769444444444445,1,NONE,9.0,9.0,0.0,1427.6788888888889,0.0,1.0214061518657713,0.36,1,3.0769444444444445,212.57972222222222,1.0
T0015813,C00347,2026-01-17 05:17:00,2413.19,WALLET,FAILED,BANK_DECLINE,40,32.0,8.0,0.8,5.689444444444445,0,LIMIT_EXCEEDED,23.0,19.0,4.0,2294.593043478261,0.17391304347826086,1.0516853987938375,0.575,2,7.856111111111111,5.689444444444445,1.0
T0025024,C00550,2026-01-17 05:26:42,435.31,CARD,FAILED,BANK_DECLINE,26,23.0,3.0,0.8846153846153846,5.542777777777777,1,NONE,9.0,9.0,0.0,1081.8566666666668,0.0,0.4023730808455833,0.34615384615384615,1,5.542777777777777,175.15277777777777,1.0
T0007276,C00159,2026-01-17 05:53:20,1586.56,UPI,FAILED,BANK_DECLINE,37,36.0,1.0,0.972972972972973,8.090277777777779,1,NONE,18.0,17.0,1.0,2822.737777777778,0.05555555555555555,0.5620642528294043,0.4864864864864865,1,8.090277777777779,114.21972222222222,1.0
T0036709,C00798,2026-01-17 06:08:37,1171.31,UPI,FAILED,BANK_DECLINE,24,21.0,3.0,0.875,34.48444444444444,1,NONE,12.0,9.0,3.0,2411.505833333333,0.25,0.4857172575779933,0.5,1,34.48444444444444,104.4725,1.0
T0044847,C00978,2026-01-17 06:12:32,1143.45,CARD,FAILED,INSUFFICIENT_FUNDS,26,25.0,1.0,0.9615384615384616,50.975,0,INSUFFICIENT_FUNDS,11.0,10.0,1.0,1580.7681818181818,0.09090909090909091,0.7233508449574286,0.4230769230769231,2,70.22416666666666,50.975,1.0
T0008702,C00188,2026-01-17 06:22:36,2569.38,CARD,FAILED,BANK_DECLINE,13,13.0,0.0,1.0,21.623055555555556,1,NONE,8.0,8.0,0.0,2621.21,0.0,0.9802266892007889,0.6153846153846154,1,21.623055555555556,-1.0,1.0
T0037540,C00816,2026-01-17 06:24:03,883.52,UPI,FAILED,PAYMENT_TIMEOUT,42,38.0,4.0,0.9047619047619048,12.104722222222222,1,NONE,16.0,15.0,1.0,1525.8787499999999,0.0625,0.5790237264920296,0.38095238095238093,1,12.104722222222222,114.43138888888889,1.0
T0000156,C00004,2026-01-17 06:37:55,334.97,CARD,FAILED,INSUFFICIENT_FUNDS,19,18.0,1.0,0.9473684210526315,16.752777777777776,1,NONE,12.0,11.0,1.0,2104.148333333333,0.08333333333333333,0.15919505041232046,0.631578947368421,1,16.752777777777776,42.29138888888889,1.0
T0035840,C00778,2026-01-17 06:49:06,2164.75,CARD,FAILED,BANK_DECLINE,36,34.0,2.0,0.9444444444444444,0.9594444444444444,1,NONE,17.0,15.0,2.0,2279.360588235294,0.11764705882352941,0.9497180968966271,0.4722222222222222,1,0.9594444444444444,27.16138888888889,1.0
T0044698,C00975,2026-01-17 07:01:40,1352.22,UPI,FAILED,NETWORK_ERROR,18,17.0,1.0,0.9444444444444444,14.38,1,NONE,10.0,9.0,1.0,2164.794,0.1,0.6246414208465102,0.5555555555555556,1,14.38,73.74888888888889,1.0
T0038663,C00842,2026-01-17 07:05:05,20646.44,CARD,FAILED,BANK_DECLINE,30,23.0,7.0,0.7666666666666667,4.778611111111111,0,LIMIT_EXCEEDED,15.0,10.0,5.0,2295.4273333333335,0.3333333333333333,8.99459534186953,0.5,2,25.426944444444445,4.778611111111111,1.0
T0038314,C00834,2026-01-17 07:34:28,4328.96,UPI,FAILED,BANK_DECLINE,27,25.0,2.0,0.9259259259259259,3.761388888888889,1,NONE,12.0,10.0,2.0,2140.7033333333334,0.16666666666666666,2.022213882976156,0.4444444444444444,1,3.761388888888889,103.97055555555555,1.0
T0010074,C00220,2026-01-17 08:21:58,694.6,WALLET,FAILED,NETWORK_ERROR,36,33.0,3.0,0.9166666666666666,1.4966666666666666,1,NONE,18.0,17.0,1.0,2552.73,0.05555555555555555,0.27210084889510444,0.5,1,1.4966666666666666,25.069444444444443,1.0
T0030960,C00674,2026-01-17 08:27:45,1193.12,CARD,FAILED,INSUFFICIENT_FUNDS,31,29.0,2.0,0.9354838709677419,0.2911111111111111,1,NONE,12.0,11.0,1.0,1804.6383333333333,0.08333333333333333,0.6611407825944811,0.3870967741935484,1,0.2911111111111111,94.1661111111111,1.0
T0027868,C00611,2026-01-17 08:31:55,10139.02,UPI,FAILED,INSUFFICIENT_FUNDS,24,21.0,3.0,0.875,8.167222222222222,0,INSUFFICIENT_FUNDS,10.0,8.0,2.0,1410.8629999999998,0.2,7.186395844245686,0.4166666666666667,2,38.83416666666667,8.167222222222222,1.0
T0027550,C00603,2026-01-17 09:28:23,3320.75,CARD,FAILED,NETWORK_ERROR,39,39.0,0.0,1.0,3.4794444444444443,1,NONE,17.0,17.0,0.0,2182.937647058823,0.0,1.5212298915061573,0.4358974358974359,1,3.4794444444444443,-1.0,1.0
T0003671,C00082,2026-01-17 09:32:36,1503.7,UPI,FAILED,NETWORK_ERROR,41,38.0,3.0,0.926829268292683,0.5297222222222222,1,NONE,16.0,16.0,0.0,2481.5843750000004,0.0,0.6059435315392006,0.3902439024390244,1,0.5297222222222222,325.07166666666666,1.0
T0021919,C00482,2026-01-17 10:01:33,1421.62,UPI,FAILED,BANK_DECLINE,19,18.0,1.0,0.9473684210526315,2.0155555555555558,1,NONE,8.0,8.0,0.0,1931.3075000000001,0.0,0.7360919998498425,0.42105263157894735,1,2.0155555555555558,232.50805555555556,1.0
T0026255,C00577,2026-01-17 10:14:33,1162.47,CARD,FAILED,INSUFFICIENT_FUNDS,23,23.0,0.0,1.0,62.97638888888889,1,NONE,11.0,11.0,0.0,2412.9036363636365,0.0,0.4817722442293216,0.4782608695652174,1,62.97638888888889,-1.0,1.0
T0024499,C00539,2026-01-17 10:57:28,1216.94,UPI,FAILED,BANK_DECLINE,12,11.0,1.0,0.9166666666666666,11.620277777777778,1,NONE,9.0,8.0,1.0,1957.108888888889,0.1111111111111111,0.6218049526569237,0.75,1,11.620277777777778,90.91444444444444,1.0
T0012931,C00284,2026-01-17 11:37:09,1476.13,UPI,FAILED,NETWORK_ERROR,18,17.0,1.0,0.9444444444444444,1.5972222222222223,1,NONE,7.0,6.0,1.0,1055.8542857142859,0.14285714285714285,1.398043290605576,0.3888888888888889,1,1.5972222222222223,84.24694444444444,1.0
T0028035,C00614,2026-01-17 12:11:28,1188.36,WALLET,FAILED,INSUFFICIENT_FUNDS,28,24.0,4.0,0.8571428571428571,0.9638888888888889,1,NONE,14.0,13.0,1.0,1904.6664285714287,0.07142857142857142,0.6239202740037344,0.5,1,0.9638888888888889,170.83694444444444,1.0
T0043830,C00955,2026-01-17 12:28:47,745.72,CARD,FAILED,LIMIT_EXCEEDED,36,35.0,1.0,0.9722222222222222,0.6727777777777778,1,NONE,19.0,18.0,1.0,2621.742105263158,0.05263157894736842,0.2844368248512941,0.5277777777777778,1,0.6727777777777778,184.3636111111111,1.0
T0031412,C00682,2026-01-17 12:33:09,858.36,UPI,FAILED,INSUFFICIENT_FUNDS,33,33.0,0.0,1.0,10.113055555555556,1,NONE,12.0,12.0,0.0,1826.3991666666668,0.0,0.4699739332265354,0.36363636363636365,1,10.113055555555556,-1.0,1.0
T0036482,C00793,2026-01-17 12:44:38,1218.4,NETBANKING,FAILED,BANK_DECLINE,31,28.0,3.0,0.9032258064516129,9.026666666666667,1,NONE,12.0,12.0,0.0,2480.28,0.0,0.49123486058025706,0.3870967741935484,1,9.026666666666667,221.13861111111112,1.0
T0000648,C00015,2026-01-17 12:51:23,3132.35,CARD,FAILED,BANK_DECLINE,39,34.0,5.0,0.8717948717948718,15.265555555555556,1,NONE,18.0,15.0,3.0,1644.3288888888887,0.16666666666666666,1.9049412931719527,0.46153846153846156,1,15.265555555555556,32.253055555555555,1.0
T0023888,C00525,2026-01-17 12:51:51,1481.81,CARD,FAILED,INSUFFICIENT_FUNDS,40,40.0,0.0,1.0,6.347777777777778,1,NONE,19.0,19.0,0.0,2066.175789473684,0.0,0.7171751830358349,0.475,1,6.347777777777778,-1.0,1.0
T0024689,C00543,2026-01-17 13:40:49,5026.12,CARD,FAILED,PAYMENT_TIMEOUT,22,19.0,3.0,0.8636363636363636,14.96111111111111,1,NONE,11.0,10.0,1.0,3760.3081818181818,0.09090909090909091,1.3366244884667335,0.5,1,14.96111111111111,117.54333333333334,1.0
T0002782,C00065,2026-01-17 13:53:23,1040.51,UPI,FAILED,LIMIT_EXCEEDED,14,13.0,1.0,0.9285714285714286,22.191388888888888,1,NONE,3.0,3.0,0.0,2962.1733333333336,0.0,0.35126573731899546,0.21428571428571427,1,22.191388888888888,256.12055555555554,1.0
T0006734,C00147,2026-01-17 14:00:00,2398.17,UPI,FAILED,PAYMENT_TIMEOUT,18,17.0,1.0,0.9444444444444444,10.5625,0,BANK_DECLINE,11.0,10.0,1.0,1712.7636363636361,0.09090909090909091,1.4001756862911618,0.6111111111111112,2,15.41611111111111,10.5625,1.0
T0035174,C00765,2026-01-17 14:09:14,2655.29,CARD,FAILED,INSUFFICIENT_FUNDS,11,11.0,0.0,1.0,29.804444444444446,1,NONE,5.0,5.0,0.0,1519.248,0.0,1.747766000021063,0.45454545454545453,1,29.804444444444446,-1.0,1.0
T0034830,C00757,2026-01-17 14:10:14,2193.5,UPI,FAILED,BANK_DECLINE,23,20.0,3.0,0.8695652173913043,55.85305555555556,1,NONE,8.0,7.0,1.0,1707.5125,0.125,1.2846172429191587,0.34782608695652173,1,55.85305555555556,163.0336111111111,1.0
T0005856,C00129,2026-01-17 14:20:01,2777.65,UPI,FAILED,BANK_DECLINE,37,35.0,2.0,0.9459459459459459,23.08138888888889,1,NONE,13.0,13.0,0.0,1409.5576923076924,0.0,1.9705826977911782,0.35135135135135137,1,23.08138888888889,279.9433333333333,1.0
T0016493,C00361,2026-01-17 14:43:22,1213.16,UPI,FAILED,NETWORK_ERROR,26,22.0,4.0,0.8461538461538461,14.535833333333333,1,NONE,13.0,13.0,0.0,1920.573846153846,0.0,0.63166537565295,0.5,1,14.535833333333333,250.4111111111111,1.0
T0017906,C00393,2026-01-17 14:59:02,1968.42,UPI,FAILED,INSUFFICIENT_FUNDS,15,13.0,2.0,0.8666666666666667,4.948611111111111,1,NONE,7.0,7.0,0.0,2198.237142857143,0.0,0.8954538896752332,0.4666666666666667,1,4.948611111111111,224.73361111111112,1.0
T0040979,C00893,2026-01-17 14:59:43,2385.73,UPI,FAILED,NETWORK_ERROR,21,20.0,1.0,0.9523809523809523,1.8155555555555556,1,NONE,10.0,10.0,0.0,3150.802,0.0,0.7571818222788991,0.47619047619047616,1,1.8155555555555556,335.34805555555556,1.0
T0029326,C00639,2026-01-17 15:01:44,3906.77,UPI,FAILED,INSUFFICIENT_FUNDS,52,49.0,3.0,0.9423076923076923,12.813055555555556,1,NONE,21.0,20.0,1.0,2278.0690476190475,0.047619047619047616,1.71494801884219,0.40384615384615385,1,12.813055555555556,57.760555555555555,1.0
T0026587,C00585,2026-01-17 15:02:03,660.2,UPI,FAILED,NETWORK_ERROR,36,34.0,2.0,0.9444444444444444,0.7541666666666667,1,NONE,18.0,17.0,1.0,1827.198888888889,0.05555555555555555,0.3613180831132535,0.5,1,0.7541666666666667,11.274444444444445,1.0
T0038357,C00835,2026-01-17 15:08:05,1180.71,CARD,FAILED,INSUFFICIENT_FUNDS,29,24.0,5.0,0.8275862068965517,6.009444444444444,1,NONE,14.0,12.0,2.0,2398.0414285714287,0.14285714285714285,0.49236430444130297,0.4827586206896552,1,6.009444444444444,24.66888888888889,1.0
T0032309,C00702,2026-01-17 15:15:21,3379.59,NETBANKING,FAILED,BANK_DECLINE,29,29.0,0.0,1.0,0.5927777777777777,1,NONE,13.0,13.0,0.0,1553.316923076923,0.0,2.175724702274834,0.4482758620689655,1,0.5927777777777777,-1.0,1.0
T0025663,C00565,2026-01-17 15:17:31,381.11,UPI,FAILED,PAYMENT_TIMEOUT,17,16.0,1.0,0.9411764705882353,22.688333333333333,1,NONE,11.0,10.0,1.0,2591.5854545454545,0.09090909090909091,0.14705669818124673,0.6470588235294118,1,22.688333333333333,80.54666666666667,1.0
T0004756,C00106,2026-01-17 15:28:58,482.17,UPI,FAILED,BANK_DECLINE,21,21.0,0.0,1.0,1.3388888888888888,1,NONE,13.0,13.0,0.0,2322.5392307692305,0.0,0.20760467406197664,0.6190476190476191,1,1.3388888888888888,-1.0,1.0
T0021886,C00482,2026-01-17 15:31:27,5256.59,UPI,FAILED,INSUFFICIENT_FUNDS,20,18.0,2.0,0.9,5.498333333333333,0,BANK_DECLINE,8.0,7.0,1.0,1933.61875,0.125,2.7185245281677166,0.4,2,7.513888888888889,5.498333333333333,1.0
T0010595,C00230,2026-01-17 16:08:49,2100.62,CARD,FAILED,PAYMENT_TIMEOUT,33,29.0,4.0,0.8787878787878788,4.796111111111111,1,NONE,13.0,11.0,2.0,1644.0969230769228,0.15384615384615385,1.2776740656315415,0.3939393939393939,1,4.796111111111111,59.715833333333336,1.0
T0037962,C00825,2026-01-17 17:24:33,3596.79,CARD,FAILED,NETWORK_ERROR,39,36.0,3.0,0.9230769230769231,2.6794444444444445,1,NONE,17.0,15.0,2.0,2020.4917647058824,0.11764705882352941,1.7801557337817584,0.4358974358974359,1,2.6794444444444445,16.505,1.0
T0033761,C00733,2026-01-17 17:33:18,1086.98,NETBANKING,FAILED,INSUFFICIENT_FUNDS,38,36.0,2.0,0.9473684210526315,16.404722222222222,1,NONE,17.0,16.0,1.0,1606.6382352941175,0.058823529411764705,0.67655554070703,0.4473684210526316,1,16.404722222222222,27.74361111111111,1.0
T0025270,C00555,2026-01-17 17:59:41,1411.02,UPI,FAILED,INSUFFICIENT_FUNDS,13,13.0,0.0,1.0,16.154444444444444,1,NONE,3.0,3.0,0.0,3140.346666666667,0.0,0.4493198203170775,0.23076923076923078,1,16.154444444444444,-1.0,1.0
T0034090,C00740,2026-01-17 18:56:02,713.08,CARD,FAILED,NETWORK_ERROR,25,23.0,2.0,0.92,2.2172222222222224,1,NONE,12.0,11.0,1.0,1618.1391666666666,0.08333333333333333,0.44067903100629485,0.48,1,2.2172222222222224,29.565555555555555,1.0
T0040955,C00892,2026-01-17 19:07:31,184.96,WALLET,FAILED,INSUFFICIENT_FUNDS,29,28.0,1.0,0.9655172413793104,13.437222222222223,1,NONE,11.0,10.0,1.0,1455.7563636363636,0.09090909090909091,0.12705422735572636,0.3793103448275862,1,13.437222222222223,95.10833333333333,1.0
T0028245,C00619,2026-01-17 20:29:40,1069.29,UPI,FAILED,NETWORK_ERROR,37,36.0,1.0,0.972972972972973,28.599444444444444,1,NONE,16.0,16.0,0.0,1800.341875,0.0,0.5939371931789343,0.43243243243243246,1,28.599444444444444,236.99972222222223,1.0
T0043543,C00949,2026-01-17 21:18:08,2085.08,UPI,FAILED,INSUFFICIENT_FUNDS,28,28.0,0.0,1.0,27.626666666666665,1,NONE,11.0,11.0,0.0,2298.07,0.0,0.9073178797860812,0.39285714285714285,1,27.626666666666665,-1.0,1.0
T0030546,C00665,2026-01-17 21:38:28,389.98,UPI,FAILED,PAYMENT_TIMEOUT,20,20.0,0.0,1.0,36.48555555555556,1,NONE,12.0,12.0,0.0,2437.0016666666666,0.0,0.16002451099404255,0.6,1,36.48555555555556,-1.0,1.0
T0001489,C00034,2026-01-17 22:48:11,3006.75,NETBANKING,FAILED,BANK_DECLINE,34,32.0,2.0,0.9411764705882353,24.559722222222224,1,NONE,13.0,13.0,0.0,1580.3115384615385,0.0,1.9026311754498262,0.38235294117647056,1,24.559722222222224,252.88972222222222,1.0
T0027657,C00605,2026-01-17 22:56:42,2222.37,CARD,FAILED,INSUFFICIENT_FUNDS,39,38.0,1.0,0.9743589743589743,1.9005555555555556,1,NONE,16.0,16.0,0.0,4602.201875,0.0,0.48289276749729715,0.41025641025641024,1,1.9005555555555556,316.97833333333335,1.0
T0024276,C00534,2026-01-17 23:05:04,4412.57,CARD,FAILED,PAYMENT_TIMEOUT,38,35.0,3.0,0.9210526315789473,9.772222222222222,1,NONE,13.0,12.0,1.0,1993.1838461538462,0.07692307692307693,2.2138299026026775,0.34210526315789475,1,9.772222222222222,132.62416666666667,1.0
T0026601,C00585,2026-01-17 23:27:13,1595.44,UPI,FAILED,BANK_DECLINE,38,35.0,3.0,0.9210526315789473,8.094444444444445,1,NONE,20.0,18.0,2.0,1692.3169999999998,0.1,0.9427548148485185,0.5263157894736842,1,8.094444444444445,8.419444444444444,1.0
T0015202,C00335,2026-01-17 23:34:02,944.3,WALLET,FAILED,LIMIT_EXCEEDED,32,30.0,2.0,0.9375,15.113611111111112,1,NONE,14.0,12.0,2.0,2299.703571428571,0.14285714285714285,0.410618138673152,0.4375,1,15.113611111111112,20.19972222222222,1.0
T0019264,C00424,2026-01-17 23:38:46,4220.28,CARD,FAILED,PAYMENT_TIMEOUT,17,17.0,0.0,1.0,8.063055555555556,1,NONE,9.0,9.0,0.0,2173.334444444444,0.0,1.9418456330032552,0.5294117647058824,1,8.063055555555556,-1.0,1.0
T0032396,C00704,2026-01-17 23:50:41,608.82,CARD,FAILED,INSUFFICIENT_FUNDS,20,18.0,2.0,0.9,5.773888888888889,1,NONE,8.0,7.0,1.0,964.1075,0.125,0.6314855967825166,0.4,1,5.773888888888889,181.73444444444445,1.0
T0020893,C00460,2026-01-18 00:52:34,347.5,UPI,FAILED,INSUFFICIENT_FUNDS,25,21.0,4.0,0.84,11.147777777777778,1,NONE,15.0,13.0,2.0,1693.6313333333335,0.13333333333333333,0.20518042690912267,0.6,1,11.147777777777778,68.67805555555556,1.0
T0023499,C00516,2026-01-18 01:38:58,343.11,UPI,FAILED,INSUFFICIENT_FUNDS,35,29.0,6.0,0.8285714285714286,5.2025,1,NONE,12.0,9.0,3.0,1629.7683333333334,0.25,0.2105268540211748,0.34285714285714286,1,5.2025,73.75305555555556,1.0
T0019087,C00419,2026-01-18 01:44:30,1400.01,CARD,FAILED,BANK_DECLINE,20,20.0,0.0,1.0,7.560555555555555,1,NONE,9.0,9.0,0.0,2615.438888888889,0.0,0.5352868331000321,0.45,1,7.560555555555555,-1.0,1.0
T0025648,C00564,2026-01-18 01:51:44,1509.51,WALLET,FAILED,INSUFFICIENT_FUNDS,4,4.0,0.0,1.0,114.72055555555555,1,NONE,2.0,2.0,0.0,2628.295,0.0,0.5743305070397349,0.5,1,114.72055555555555,-1.0,1.0
T0023030,C00506,2026-01-18 01:56:12,654.49,UPI,FAILED,NETWORK_ERROR,35,34.0,1.0,0.9714285714285714,5.804722222222222,1,NONE,15.0,15.0,0.0,1437.1806666666666,0.0,0.45539855578352245,0.42857142857142855,1,5.804722222222222,395.0261111111111,1.0
T0029089,C00635,2026-01-18 02:04:15,5892.48,UPI,FAILED,INSUFFICIENT_FUNDS,14,12.0,2.0,0.8571428571428571,25.101388888888888,1,NONE,8.0,7.0,1.0,1178.72375,0.125,4.999033912738247,0.5714285714285714,1,25.101388888888888,45.5425,1.0
T0023810,C00524,2026-01-18 02:12:25,3359.75,UPI,FAILED,INSUFFICIENT_FUNDS,20,20.0,0.0,1.0,4.395555555555555,1,NONE,8.0,8.0,0.0,1971.415,0.0,1.7042327465297769,0.4,1,4.395555555555555,-1.0,1.0
T0012427,C00272,2026-01-18 02:22:49,1353.75,UPI,FAILED,INSUFFICIENT_FUNDS,34,34.0,0.0,1.0,7.533888888888889,1,NONE,14.0,14.0,0.0,2096.7385714285715,0.0,0.6456455842645414,0.4117647058823529,1,7.533888888888889,-1.0,1.0
T0039928,C00870,2026-01-18 02:30:38,2452.66,UPI,FAILED,NETWORK_ERROR,30,28.0,2.0,0.9333333333333333,12.101666666666667,1,NONE,14.0,13.0,1.0,1466.4757142857145,0.07142857142857142,1.6724859307981328,0.4666666666666667,1,12.101666666666667,108.90027777777777,1.0
T0001072,C00024,2026-01-18 02:36:53,1322.17,WALLET,FAILED,INSUFFICIENT_FUNDS,14,12.0,2.0,0.8571428571428571,50.249722222222225,0,PAYMENT_TIMEOUT,2.0,1.0,1.0,1262.1399999999999,0.5,1.0475620771071357,0.14285714285714285,2,189.37,50.249722222222225,1.0
T0036386,C00792,2026-01-18 03:09:48,753.99,UPI,FAILED,BANK_DECLINE,38,37.0,1.0,0.9736842105263158,6.347222222222222,1,NONE,16.0,15.0,1.0,1981.35,0.0625,0.3805435687788629,0.42105263157894735,1,6.347222222222222,100.18527777777778,1.0
T0011988,C00264,2026-01-18 03:12:26,1542.68,UPI,FAILED,NETWORK_ERROR,30,30.0,0.0,1.0,22.051666666666666,1,NONE,14.0,14.0,0.0,1724.805,0.0,0.8944083534080665,0.4666666666666667,1,22.051666666666666,-1.0,1.0
T0040908,C00891,2026-01-18 03:30:20,398.7,UPI,FAILED,INSUFFICIENT_FUNDS,23,23.0,0.0,1.0,8.109166666666667,1,NONE,15.0,15.0,0.0,1687.9160000000002,0.0,0.23620843691273732,0.6521739130434783,1,8.109166666666667,-1.0,1.0
T0040087,C00873,2026-01-18 04:05:29,1263.4,UPI,FAILED,INSUFFICIENT_FUNDS,35,33.0,2.0,0.9428571428571428,3.605,1,NONE,13.0,12.0,1.0,1588.9338461538462,0.07692307692307693,0.7951243552764456,0.37142857142857144,1,3.605,181.95305555555555,1.0
T0015952,C00350,2026-01-18 04:16:05,1444.26,NETBANKING,FAILED,INSUFFICIENT_FUNDS,35,32.0,3.0,0.9142857142857143,0.9147222222222222,1,NONE,18.0,17.0,1.0,1592.5016666666666,0.05555555555555555,0.9069127086209224,0.5142857142857142,1,0.9147222222222222,147.3813888888889,1.0
T0028023,C00614,2026-01-18 04:16:09,2019.19,WALLET,FAILED,PAYMENT_TIMEOUT,29,24.0,5.0,0.8275862068965517,16.078055555555554,0,INSUFFICIENT_FUNDS,15.0,13.0,2.0,1856.9126666666668,0.13333333333333333,1.0873909345584014,0.5172413793103449,2,17.041944444444443,16.078055555555554,1.0
T0002758,C00064,2026-01-18 05:04:56,2038.63,CARD,FAILED,BANK_DECLINE,21,20.0,1.0,0.9523809523809523,8.886388888888888,1,NONE,12.0,12.0,0.0,3124.2766666666666,0.0,0.6525126349245639,0.5714285714285714,1,8.886388888888888,322.0547222222222,1.0
T0038257,C00833,2026-01-18 05:27:00,4482.75,UPI,FAILED,NETWORK_ERROR,26,20.0,6.0,0.7692307692307693,2.598888888888889,1,NONE,11.0,9.0,2.0,1908.7436363636364,0.18181818181818182,2.3485343524393483,0.4230769230769231,1,2.598888888888889,43.769444444444446,1.0
T0028119,C00616,2026-01-18 06:04:23,720.76,UPI,FAILED,BANK_DECLINE,23,21.0,2.0,0.9130434782608695,1.7680555555555555,1,NONE,12.0,10.0,2.0,1695.3574999999998,0.16666666666666666,0.42513747100537796,0.5217391304347826,1,1.7680555555555555,92.78805555555556,1.0
T0008821,C00191,2026-01-18 06:26:20,1276.04,UPI,FAILED,INSUFFICIENT_FUNDS,16,15.0,1.0,0.9375,26.941944444444445,1,NONE,5.0,5.0,0.0,1715.4060000000002,0.0,0.7438705472640296,0.3125,1,26.941944444444445,287.71527777777777,1.0
T0005469,C00120,2026-01-18 06:37:33,2529.34,UPI,FAILED,INSUFFICIENT_FUNDS,16,15.0,1.0,0.9375,19.392222222222223,1,NONE,7.0,6.0,1.0,4286.774285714286,0.14285714285714285,0.5900333984061276,0.4375,1,19.392222222222223,149.51111111111112,1.0
T0015958,C00350,2026-01-18 06:41:43,559.27,NETBANKING,FAILED,NETWORK_ERROR,36,32.0,4.0,0.8888888888888888,2.4272222222222224,0,INSUFFICIENT_FUNDS,19.0,17.0,2.0,1584.6994736842105,0.10526315789473684,0.35291865068887374,0.5277777777777778,2,3.3419444444444446,2.4272222222222224,1.0
T0043790,C00954,2026-01-18 07:38:42,511.92,UPI,FAILED,INSUFFICIENT_FUNDS,25,24.0,1.0,0.96,3.819166666666667,1,NONE,12.0,11.0,1.0,2105.7525,0.08333333333333333,0.243105493166932,0.48,1,3.819166666666667,65.61805555555556,1.0
T0044601,C00973,2026-01-18 07:44:02,791.75,UPI,FAILED,INSUFFICIENT_FUNDS,34,31.0,3.0,0.9117647058823529,2.089166666666667,1,NONE,11.0,9.0,2.0,2506.0409090909093,0.18181818181818182,0.3159365823310582,0.3235294117647059,1,2.089166666666667,55.173611111111114,1.0
T0012988,C00285,2026-01-18 07:56:23,1698.05,UPI,FAILED,PAYMENT_TIMEOUT,35,35.0,0.0,1.0,7.139722222222222,1,NONE,19.0,19.0,0.0,2408.576842105263,0.0,0.7050013810295488,0.5428571428571428,1,7.139722222222222,-1.0,1.0
T0008123,C00176,2026-01-18 08:12:45,2278.07,CARD,FAILED,NETWORK_ERROR,29,28.0,1.0,0.9655172413793104,13.723888888888888,1,NONE,16.0,16.0,0.0,2290.08125,0.0,0.9947550987546839,0.5517241379310345,1,13.723888888888888,288.89916666666664,1.0
T0042583,C00931,2026-01-18 08:21:14,3936.84,CARD,FAILED,LIMIT_EXCEEDED,15,11.0,4.0,0.7333333333333333,22.09138888888889,1,NONE,7.0,6.0,1.0,2480.031428571429,0.14285714285714285,1.5874153668559499,0.4666666666666667,1,22.09138888888889,160.78555555555556,1.0
T0011444,C00251,2026-01-18 09:16:34,991.1,UPI,FAILED,NETWORK_ERROR,17,17.0,0.0,1.0,16.195,1,NONE,6.0,6.0,0.0,4370.9783333333335,0.0,0.226745576028555,0.35294117647058826,1,16.195,-1.0,1.0
T0044717,C00976,2026-01-18 09:34:50,308.19,UPI,FAILED,BANK_DECLINE,35,34.0,1.0,0.9714285714285714,4.333055555555555,1,NONE,18.0,18.0,0.0,1508.7966666666664,0.0,0.20426211616763032,0.5142857142857142,1,4.333055555555555,289.85833333333335,1.0
T0002140,C00049,2026-01-18 09:35:56,5450.57,CARD,FAILED,BANK_DECLINE,14,14.0,0.0,1.0,11.707777777777778,1,NONE,7.0,7.0,0.0,2921.1071428571427,0.0,1.86592607988654,0.5,1,11.707777777777778,-1.0,1.0
T0018184,C00401,2026-01-18 09:56:39,2912.84,UPI,FAILED,INSUFFICIENT_FUNDS,37,36.0,1.0,0.972972972972973,1.6969444444444444,1,NONE,13.0,13.0,0.0,2144.9884615384613,0.0,1.3579746708338043,0.35135135135135137,1,1.6969444444444444,382.1413888888889,1.0
T0035168,C00764,2026-01-18 10:32:32,1892.68,UPI,FAILED,BANK_DECLINE,19,13.0,6.0,0.6842105263157895,76.4075,1,NONE,5.0,4.0,1.0,1337.682,0.2,1.414895318917351,0.2631578947368421,1,76.4075,164.27972222222223,1.0
T0023715,C00522,2026-01-18 10:36:10,2274.39,CARD,FAILED,BANK_DECLINE,24,22.0,2.0,0.9166666666666666,6.422777777777778,1,NONE,15.0,13.0,2.0,1735.4686666666666,0.13333333333333333,1.3105336003377377,0.625,1,6.422777777777778,53.19638888888889,1.0
T0005110,C00114,2026-01-18 10:40:11,1053.62,CARD,FAILED,INSUFFICIENT_FUNDS,11,9.0,2.0,0.8181818181818182,17.931944444444444,1,NONE,4.0,3.0,1.0,2920.7275,0.25,0.36073889125226505,0.36363636363636365,1,17.931944444444444,107.95694444444445,1.0
T0041231,C00899,2026-01-18 11:16:40,2317.61,UPI,FAILED,NETWORK_ERROR,29,28.0,1.0,0.9655172413793104,11.25611111111111,1,NONE,10.0,10.0,0.0,2161.579,0.0,1.0721838063748768,0.3448275862068966,1,11.25611111111111,358.50666666666666,1.0
T0030573,C00666,2026-01-18 11:28:53,4445.41,WALLET,FAILED,INSUFFICIENT_FUNDS,17,14.0,3.0,0.8235294117647058,12.664166666666667,1,NONE,6.0,4.0,2.0,1401.3983333333333,0.3333333333333333,3.1721245089725856,0.35294117647058826,1,12.664166666666667,161.0075,1.0
T0023879,C00525,2026-01-18 11:33:36,1256.01,CARD,FAILED,BANK_DECLINE,41,40.0,1.0,0.975609756097561,22.695833333333333,0,INSUFFICIENT_FUNDS,18.0,17.0,1.0,2053.2761111111113,0.05555555555555555,0.611710228937657,0.43902439024390244,2,29.04361111111111,22.695833333333333,1.0
T0037630,C00817,2026-01-18 11:53:09,2054.77,UPI,FAILED,BANK_DECLINE,14,11.0,3.0,0.7857142857142857,13.456111111111111,1,NONE,8.0,5.0,3.0,2047.66125,0.375,1.0034716435640905,0.5714285714285714,1,13.456111111111111,86.60833333333333,1.0
T0014355,C00316,2026-01-18 11:59:54,4364.44,CARD,FAILED,NETWORK_ERROR,13,12.0,1.0,0.9230769230769231,14.629444444444445,1,NONE,10.0,9.0,1.0,2109.651,0.1,2.0687971612366214,0.7692307692307693,1,14.629444444444445,125.04555555555555,1.0
T0006380,C00139,2026-01-18 12:14:26,2104.38,CARD,FAILED,LIMIT_EXCEEDED,40,38.0,2.0,0.95,7.166666666666667,1,NONE,22.0,21.0,1.0,2447.2672727272725,0.045454545454545456,0.8598897322950944,0.55,1,7.166666666666667,41.341944444444444,1.0
T0003676,C00082,2026-01-18 12:15:11,1166.52,UPI,FAILED,INSUFFICIENT_FUNDS,42,38.0,4.0,0.9047619047619048,26.709722222222222,0,NETWORK_ERROR,13.0,12.0,1.0,1857.323846153846,0.07692307692307693,0.6280649453866833,0.30952380952380953,2,27.239444444444445,26.709722222222222,1.0
T0017519,C00385,2026-01-18 12:21:23,6403.71,CARD,FAILED,BANK_DECLINE,41,41.0,0.0,1.0,7.473055555555556,1,NONE,20.0,20.0,0.0,2014.1145000000001,0.0,3.1794170589606496,0.4878048780487805,1,7.473055555555556,-1.0,1.0
T0028013,C00613,2026-01-18 12:37:15,763.7,UPI,FAILED,BANK_DECLINE,27,22.0,5.0,0.8148148148148148,36.04083333333333,1,NONE,14.0,11.0,3.0,1801.4442857142858,0.21428571428571427,0.4239376183078498,0.5185185185185185,1,36.04083333333333,71.34583333333333,1.0
T0029690,C00646,2026-01-18 12:47:36,1426.5,CARD,FAILED,INSUFFICIENT_FUNDS,22,21.0,1.0,0.9545454545454546,13.682777777777778,1,NONE,10.0,10.0,0.0,2277.119,0.0,0.6264494740942392,0.45454545454545453,1,13.682777777777778,323.3488888888889,1.0
T0028299,C00619,2026-01-18 13:03:57,3206.72,UPI,FAILED,INSUFFICIENT_FUNDS,39,37.0,2.0,0.9487179487179487,0.2841666666666667,1,NONE,18.0,17.0,1.0,1677.7277777777779,0.05555555555555555,1.9113470268981523,0.46153846153846156,1,0.2841666666666667,16.57138888888889,1.0
T0013268,C00291,2026-01-18 13:15:51,2185.51,NETBANKING,FAILED,PAYMENT_TIMEOUT,23,22.0,1.0,0.9565217391304348,34.842777777777776,1,NONE,8.0,8.0,0.0,1767.2250000000001,0.0,1.2366902912758704,0.34782608695652173,1,34.842777777777776,403.50444444444446,1.0
T0043419,C00947,2026-01-18 13:32:31,1098.04,NETBANKING,FAILED,PAYMENT_TIMEOUT,21,19.0,2.0,0.9047619047619048,11.119444444444444,1,NONE,12.0,10.0,2.0,2639.8108333333334,0.16666666666666666,0.4159540472123476,0.5714285714285714,1,11.119444444444444,118.74472222222222,1.0
T0038658,C00842,2026-01-18 13:33:12,6117.77,CARD,FAILED,INSUFFICIENT_FUNDS,32,24.0,8.0,0.75,13.353055555555555,1,NONE,15.0,10.0,5.0,3497.8193333333334,0.3333333333333333,1.7490240109599715,0.46875,1,13.353055555555555,30.468611111111112,1.0
T0041488,C00905,2026-01-18 13:38:26,1655.5,CARD,FAILED,INSUFFICIENT_FUNDS,26,25.0,1.0,0.9615384615384616,11.189166666666667,1,NONE,12.0,11.0,1.0,1841.085,0.08333333333333333,0.8991980272502356,0.46153846153846156,1,11.189166666666667,124.48305555555555,1.0
T0007257,C00158,2026-01-18 13:44:13,6558.96,CARD,FAILED,BANK_DECLINE,43,38.0,5.0,0.8837209302325582,3.4094444444444445,1,NONE,23.0,22.0,1.0,1961.3821739130435,0.043478260869565216,3.3440499700854254,0.5348837209302325,1,3.4094444444444445,104.63833333333334,1.0
T0010773,C00234,2026-01-18 13:46:06,1489.24,WALLET,FAILED,LIMIT_EXCEEDED,36,36.0,0.0,1.0,6.935,1,NONE,19.0,19.0,0.0,2215.665789473684,0.0,0.6721410815093004,0.5277777777777778,1,6.935,-1.0,1.0
T0032883,C00716,2026-01-18 13:55:39,2143.45,NETBANKING,FAILED,NETWORK_ERROR,31,31.0,0.0,1.0,34.556111111111115,1,NONE,14.0,14.0,0.0,2589.7957142857144,0.0,0.827652153479287,0.45161290322580644,1,34.556111111111115,-1.0,1.0
T0043131,C00942,2026-01-18 14:02:20,2647.46,WALLET,FAILED,PAYMENT_TIMEOUT,27,25.0,2.0,0.9259259259259259,3.6341666666666668,1,NONE,12.0,11.0,1.0,2384.7233333333334,0.08333333333333333,1.110174904985484,0.4444444444444444,1,3.6341666666666668,57.22944444444445,1.0
T0005118,C00114,2026-01-18 14:09:23,3941.59,CARD,FAILED,BANK_DECLINE,12,9.0,3.0,0.75,3.486666666666667,0,INSUFFICIENT_FUNDS,5.0,3.0,2.0,2547.3059999999996,0.4,1.5473563050532606,0.4166666666666667,2,21.41861111111111,3.486666666666667,1.0
T0006027,C00132,2026-01-18 14:46:49,1558.3,UPI,FAILED,BANK_DECLINE,34,31.0,3.0,0.9117647058823529,19.815,1,NONE,14.0,13.0,1.0,2284.4842857142858,0.07142857142857142,0.682123317610289,0.4117647058823529,1,19.815,111.08194444444445,1.0
T0033588,C00729,2026-01-18 15:09:29,284.0,UPI,FAILED,INSUFFICIENT_FUNDS,32,30.0,2.0,0.9375,0.6180555555555556,1,NONE,18.0,17.0,1.0,4066.971111111112,0.05555555555555555,0.06983083780066737,0.5625,1,0.6180555555555556,148.44166666666666,1.0
T0029334,C00639,2026-01-18 15:25:53,4500.03,UPI,FAILED,NETWORK_ERROR,53,49.0,4.0,0.9245283018867925,24.4025,0,INSUFFICIENT_FUNDS,18.0,16.0,2.0,2499.6305555555555,0.1111111111111111,1.8002780410882941,0.33962264150943394,2,37.215555555555554,24.4025,1.0
T0014272,C00314,2026-01-18 15:28:30,633.48,CARD,FAILED,INSUFFICIENT_FUNDS,25,24.0,1.0,0.96,3.629722222222222,1,NONE,10.0,10.0,0.0,1717.938,0.0,0.36874439007694104,0.4,1,3.629722222222222,294.2938888888889,1.0
T0044466,C00970,2026-01-18 15:45:01,2855.05,CARD,FAILED,INSUFFICIENT_FUNDS,20,20.0,0.0,1.0,9.801666666666666,1,NONE,9.0,9.0,0.0,1983.1022222222225,0.0,1.4396887704561652,0.45,1,9.801666666666666,-1.0,1.0
T0045867,C01000,2026-01-18 16:40:40,1228.07,UPI,FAILED,NETWORK_ERROR,44,44.0,0.0,1.0,23.002222222222223,1,NONE,16.0,16.0,0.0,2160.1325,0.0,0.5685160516773855,0.36363636363636365,1,23.002222222222223,-1.0,1.0
T0044990,C00982,2026-01-18 17:03:52,3607.85,CARD,FAILED,PAYMENT_TIMEOUT,34,30.0,4.0,0.8823529411764706,4.563888888888889,1,NONE,20.0,19.0,1.0,2023.0925,0.05,1.7833341777501523,0.5882352941176471,1,4.563888888888889,64.70694444444445,1.0
T0031093,C00676,2026-01-18 17:09:01,871.46,UPI,FAILED,INSUFFICIENT_FUNDS,30,29.0,1.0,0.9666666666666667,22.086666666666666,1,NONE,16.0,16.0,0.0,2923.816875,0.0,0.2980556024049899,0.5333333333333333,1,22.086666666666666,311.79055555555556,1.0
T0028803,C00630,2026-01-18 17:43:45,1585.64,CARD,FAILED,BANK_DECLINE,33,31.0,2.0,0.9393939393939394,12.411388888888888,1,NONE,15.0,13.0,2.0,4672.383333333333,0.13333333333333333,0.3393642787585208,0.45454545454545453,1,12.411388888888888,91.8975,1.0
T0041092,C00895,2026-01-18 17:48:24,621.87,WALLET,FAILED,LIMIT_EXCEEDED,17,16.0,1.0,0.9411764705882353,20.06833333333333,1,NONE,5.0,5.0,0.0,3525.2880000000005,0.0,0.1764026088081314,0.29411764705882354,1,20.06833333333333,414.31666666666666,1.0
T0019310,C00425,2026-01-18 18:36:34,3263.31,UPI,FAILED,NETWORK_ERROR,19,16.0,3.0,0.8421052631578947,49.43805555555556,0,BANK_DECLINE,9.0,6.0,3.0,2328.133333333333,0.3333333333333333,1.4016851841246207,0.47368421052631576,2,88.00694444444444,49.43805555555556,1.0
T0010948,C00238,2026-01-18 18:51:57,1644.44,NETBANKING,FAILED,NETWORK_ERROR,36,35.0,1.0,0.9722222222222222,5.381111111111111,1,NONE,13.0,13.0,0.0,1798.4976923076922,0.0,0.9143409007603355,0.3611111111111111,1,5.381111111111111,421.84833333333336,1.0
T0017842,C00392,2026-01-18 19:00:54,521.56,UPI,FAILED,NETWORK_ERROR,22,18.0,4.0,0.8181818181818182,61.08583333333333,1,NONE,9.0,7.0,2.0,2745.0511111111114,0.2222222222222222,0.1900001052398943,0.4090909090909091,1,61.08583333333333,134.21694444444444,1.0
T0040325,C00878,2026-01-18 19:33:21,276.87,UPI,FAILED,INSUFFICIENT_FUNDS,37,36.0,1.0,0.972972972972973,16.923333333333332,1,NONE,19.0,19.0,0.0,1672.6573684210525,0.0,0.16552702617234663,0.5135135135135135,1,16.923333333333332,389.98055555555555,1.0
T0028600,C00625,2026-01-18 19:38:20,11437.28,WALLET,FAILED,INSUFFICIENT_FUNDS,42,38.0,4.0,0.9047619047619048,23.081944444444446,1,NONE,13.0,13.0,0.0,1831.893846153846,0.0,6.243418538695979,0.30952380952380953,1,23.081944444444446,246.51416666666665,1.0
T0021535,C00474,2026-01-18 19:51:01,5221.44,UPI,FAILED,INSUFFICIENT_FUNDS,40,39.0,1.0,0.975,1.386388888888889,1,NONE,13.0,13.0,0.0,2066.8230769230768,0.0,2.5263120284941216,0.325,1,1.386388888888889,423.03583333333336,1.0
T0042699,C00934,2026-01-18 20:07:35,7983.18,UPI,FAILED,PAYMENT_TIMEOUT,35,34.0,1.0,0.9714285714285714,15.720277777777778,1,NONE,16.0,16.0,0.0,2136.3575,0.0,3.7368183929890013,0.45714285714285713,1,15.720277777777778,186.88861111111112,1.0
T0039159,C00852,2026-01-18 20:17:58,2466.53,NETBANKING,FAILED,BANK_DECLINE,30,30.0,0.0,1.0,1.4008333333333334,1,NONE,15.0,15.0,0.0,2834.3,0.0,0.8702430935327947,0.5,1,1.4008333333333334,-1.0,1.0
T0034383,C00746,2026-01-18 21:01:03,285.29,UPI,FAILED,BANK_DECLINE,39,39.0,0.0,1.0,11.263333333333334,1,NONE,18.0,18.0,0.0,2969.1305555555555,0.0,0.09608536730262414,0.46153846153846156,1,11.263333333333334,-1.0,1.0
T0036211,C00788,2026-01-18 21:36:42,2303.83,CARD,FAILED,INSUFFICIENT_FUNDS,17,16.0,1.0,0.9411764705882353,7.255277777777778,1,NONE,8.0,8.0,0.0,4867.353749999999,0.0,0.47332290158692497,0.47058823529411764,1,7.255277777777778,388.3611111111111,1.0
T0030466,C00664,2026-01-18 21:40:59,576.66,WALLET,FAILED,NETWORK_ERROR,28,27.0,1.0,0.9642857142857143,4.228611111111111,1,NONE,14.0,14.0,0.0,2334.775,0.0,0.246987397072523,0.5,1,4.228611111111111,265.90805555555556,1.0
T0020228,C00445,2026-01-18 22:05:44,583.13,NETBANKING,FAILED,BANK_DECLINE,20,19.0,1.0,0.95,40.054722222222225,1,NONE,7.0,7.0,0.0,2275.6271428571426,0.0,0.2562502393374762,0.35,1,40.054722222222225,366.43638888888887,1.0
T0035232,C00766,2026-01-18 22:16:33,1455.28,CARD,FAILED,INSUFFICIENT_FUNDS,25,22.0,3.0,0.88,8.3025,1,NONE,9.0,7.0,2.0,2176.602222222222,0.2222222222222222,0.6686017248085958,0.36,1,8.3025,62.11694444444444,1.0
T0040193,C00875,2026-01-18 22:30:55,3584.35,CARD,FAILED,INSUFFICIENT_FUNDS,8,8.0,0.0,1.0,16.326944444444443,1,NONE,4.0,4.0,0.0,1960.57,0.0,1.828218324262842,0.5,1,16.326944444444443,-1.0,1.0
T0025051,C00551,2026-01-18 22:43:17,3142.26,CARD,FAILED,NETWORK_ERROR,37,33.0,4.0,0.8918918918918919,5.473611111111111,1,NONE,21.0,19.0,2.0,1473.9390476190474,0.09523809523809523,2.1318792015693617,0.5675675675675675,1,5.473611111111111,59.054722222222225,1.0
T0038909,C00847,2026-01-18 22:47:31,3478.75,CARD,FAILED,NETWORK_ERROR,29,28.0,1.0,0.9655172413793104,45.026944444444446,1,NONE,8.0,8.0,0.0,2177.87875,0.0,1.597311145076373,0.27586206896551724,1,45.026944444444446,390.1611111111111,1.0
T0012640,C00278,2026-01-18 22:53:46,716.93,NETBANKING,FAILED,INSUFFICIENT_FUNDS,31,28.0,3.0,0.9032258064516129,15.197777777777778,1,NONE,11.0,9.0,2.0,1984.980909090909,0.18181818181818182,0.36117727718013315,0.3548387096774194,1,15.197777777777778,125.68388888888889,1.0
T0031541,C00684,2026-01-18 22:55:04,921.59,UPI,FAILED,LIMIT_EXCEEDED,40,39.0,1.0,0.975,7.325555555555556,1,NONE,17.0,17.0,0.0,2209.192352941176,0.0,0.41716150192764095,0.425,1,7.325555555555556,298.3077777777778,1.0
T0033445,C00727,2026-01-18 23:28:00,1740.06,NETBANKING,FAILED,PAYMENT_TIMEOUT,29,27.0,2.0,0.9310344827586207,8.70138888888889,1,NONE,17.0,17.0,0.0,2067.640588235294,0.0,0.8415679252481302,0.5862068965517241,1,8.70138888888889,253.9036111111111,1.0
T0010198,C00222,2026-01-18 23:46:09,4987.96,UPI,FAILED,BANK_DECLINE,32,32.0,0.0,1.0,9.033888888888889,1,NONE,15.0,15.0,0.0,2115.2186666666666,0.0,2.358129718976257,0.46875,1,9.033888888888889,-1.0,1.0
T0028410,C00622,2026-01-19 00:03:03,896.3,UPI,FAILED,NETWORK_ERROR,17,13.0,4.0,0.7647058823529411,73.52777777777777,1,NONE,3.0,2.0,1.0,5032.033333333334,0.3333333333333333,0.17811885188889842,0.17647058823529413,1,73.52777777777777,125.51666666666667,1.0
T0014761,C00325,2026-01-19 00:05:43,695.54,NETBANKING,FAILED,BANK_DECLINE,32,31.0,1.0,0.96875,0.45694444444444443,1,NONE,11.0,10.0,1.0,2958.6981818181816,0.09090909090909091,0.23508312009458707,0.34375,1,0.45694444444444443,110.64777777777778,1.0
T0009829,C00215,2026-01-19 00:42:27,7096.88,CARD,FAILED,BANK_DECLINE,39,37.0,2.0,0.9487179487179487,2.201388888888889,1,NONE,13.0,12.0,1.0,1951.449230769231,0.07692307692307693,3.636722845821882,0.3333333333333333,1,2.201388888888889,72.9738888888889,1.0
T0010073,C00220,2026-01-19 00:57:24,857.73,WALLET,FAILED,NETWORK_ERROR,43,39.0,4.0,0.9069767441860465,0.5927777777777777,1,NONE,23.0,21.0,2.0,2696.207391304348,0.08695652173913043,0.31812463787700496,0.5348837209302325,1,0.5927777777777777,40.590555555555554,1.0
T0040711,C00888,2026-01-19 01:02:53,369.39,CARD,FAILED,INSUFFICIENT_FUNDS,37,36.0,1.0,0.972972972972973,1.7927777777777778,1,NONE,19.0,19.0,0.0,3029.747894736842,0.0,0.12192103529197582,0.5135135135135135,1,1.7927777777777778,276.47444444444443,1.0
T0036986,C00803,2026-01-19 01:10:00,375.2,UPI,FAILED,NETWORK_ERROR,33,31.0,2.0,0.9393939393939394,0.36333333333333334,1,NONE,16.0,14.0,2.0,1616.94,0.125,0.23204324217348818,0.48484848484848486,1,0.36333333333333334,74.48333333333333,1.0
T0013097,C00287,2026-01-19 01:44:11,3516.47,UPI,FAILED,INSUFFICIENT_FUNDS,27,27.0,0.0,1.0,7.447777777777778,1,NONE,9.0,9.0,0.0,2011.8633333333335,0.0,1.7478672341892008,0.3333333333333333,1,7.447777777777778,-1.0,1.0
T0043089,C00941,2026-01-19 01:47:56,1648.54,CARD,FAILED,INSUFFICIENT_FUNDS,37,34.0,3.0,0.918918918918919,10.767777777777777,1,NONE,19.0,16.0,3.0,2312.917894736842,0.15789473684210525,0.7127533596204749,0.5135135135135135,1,10.767777777777777,55.45916666666667,1.0
T0008515,C00185,2026-01-19 02:11:58,1970.38,CARD,FAILED,BANK_DECLINE,30,26.0,4.0,0.8666666666666667,4.694444444444445,1,NONE,10.0,8.0,2.0,1894.273,0.2,1.0401774189887099,0.3333333333333333,1,4.694444444444445,107.67722222222223,1.0
T0042048,C00918,2026-01-19 02:16:06,2616.95,UPI,FAILED,PAYMENT_TIMEOUT,21,17.0,4.0,0.8095238095238095,104.39555555555556,1,NONE,6.0,6.0,0.0,2947.9066666666663,0.0,0.8877316332945865,0.2857142857142857,1,104.39555555555556,225.49333333333334,1.0
T0032003,C00695,2026-01-19 02:19:51,4222.16,UPI,FAILED,PAYMENT_TIMEOUT,43,42.0,1.0,0.9767441860465116,2.2952777777777778,1,NONE,17.0,17.0,0.0,1299.6276470588234,0.0,3.248745907764532,0.3953488372093023,1,2.2952777777777778,423.0138888888889,1.0
T0029470,C00641,2026-01-19 02:20:21,511.61,CARD,FAILED,BANK_DECLINE,32,30.0,2.0,0.9375,0.37444444444444447,1,NONE,15.0,15.0,0.0,2260.152666666667,0.0,0.2263608151543745,0.46875,1,0.37444444444444447,334.865,1.0
T0040930,C00892,2026-01-19 02:22:49,6043.46,WALLET,FAILED,INSUFFICIENT_FUNDS,33,31.0,2.0,0.9393939393939394,3.6591666666666667,1,NONE,13.0,11.0,2.0,1251.0892307692307,0.15384615384615385,4.830558725442938,0.3939393939393939,1,3.6591666666666667,31.255,1.0
T0023470,C00516,2026-01-19 02:36:59,780.68,UPI,FAILED,INSUFFICIENT_FUNDS,38,31.0,7.0,0.8157894736842105,18.506666666666668,1,NONE,13.0,9.0,4.0,1553.3400000000004,0.3076923076923077,0.5025815339848325,0.34210526315789475,1,18.506666666666668,24.966944444444444,1.0
T0003925,C00087,2026-01-19 02:41:40,4971.17,WALLET,FAILED,PAYMENT_TIMEOUT,41,38.0,3.0,0.926829268292683,4.371388888888889,1,NONE,18.0,18.0,0.0,1999.792777777778,0.0,2.485842560909783,0.43902439024390244,1,4.371388888888889,249.92638888888888,1.0
T0040524,C00884,2026-01-19 02:52:19,1266.75,NETBANKING,FAILED,INSUFFICIENT_FUNDS,31,30.0,1.0,0.967741935483871,3.1330555555555555,1,NONE,13.0,13.0,0.0,1646.5876923076924,0.0,0.7693182731280167,0.41935483870967744,1,3.1330555555555555,342.7975,1.0
T0029762,C00647,2026-01-19 03:13:55,812.18,CARD,FAILED,INSUFFICIENT_FUNDS,24,24.0,0.0,1.0,2.3113888888888887,1,NONE,10.0,10.0,0.0,1676.916,0.0,0.4843295668954199,0.4166666666666667,1,2.3113888888888887,-1.0,1.0
T0007856,C00171,2026-01-19 03:24:31,1107.16,UPI,FAILED,INSUFFICIENT_FUNDS,39,38.0,1.0,0.9743589743589743,2.926111111111111,1,NONE,19.0,18.0,1.0,1568.9394736842107,0.05263157894736842,0.7056741312015994,0.48717948717948717,1,2.926111111111111,154.55638888888888,1.0
T0017469,C00384,2026-01-19 03:47:16,1455.3,UPI,FAILED,BANK_DECLINE,24,23.0,1.0,0.9583333333333334,6.392777777777778,1,NONE,8.0,8.0,0.0,2287.6237499999997,0.0,0.6361623059736113,0.3333333333333333,1,6.392777777777778,241.08944444444444,1.0
T0027304,C00598,2026-01-19 04:05:38,430.14,UPI,FAILED,NETWORK_ERROR,25,23.0,2.0,0.92,6.028333333333333,1,NONE,8.0,7.0,1.0,1470.6850000000002,0.125,0.29247595508215557,0.32,1,6.028333333333333,171.3213888888889,1.0
T0034011,C00738,2026-01-19 04:21:46,948.29,CARD,FAILED,INSUFFICIENT_FUNDS,27,26.0,1.0,0.9629629629629629,15.682777777777778,1,NONE,13.0,13.0,0.0,1237.813076923077,0.0,0.7661011324563108,0.48148148148148145,1,15.682777777777778,246.16916666666665,1.0
T0030896,C00672,2026-01-19 04:57:18,7424.67,UPI,FAILED,BANK_DECLINE,24,23.0,1.0,0.9583333333333334,35.27111111111111,1,NONE,5.0,5.0,0.0,995.4680000000001,0.0,7.458471794171183,0.20833333333333334,1,35.27111111111111,422.0447222222222,1.0
T0003663,C00082,2026-01-19 05:04:43,3215.76,UPI,FAILED,INSUFFICIENT_FUNDS,46,41.0,5.0,0.8913043478260869,7.994166666666667,1,NONE,15.0,13.0,2.0,2024.150666666667,0.13333333333333333,1.5886959666375295,0.32608695652173914,1,7.994166666666667,16.825555555555557,1.0
T0012796,C00281,2026-01-19 05:10:19,525.32,CARD,FAILED,NETWORK_ERROR,30,29.0,1.0,0.9666666666666667,66.2688888888889,1,NONE,6.0,6.0,0.0,1920.5216666666668,0.0,0.2735298482270008,0.2,1,66.2688888888889,222.00083333333333,1.0
T0005685,C00125,2026-01-19 05:19:52,2071.11,NETBANKING,FAILED,BANK_DECLINE,14,14.0,0.0,1.0,66.52833333333334,1,NONE,7.0,7.0,0.0,2389.7014285714286,0.0,0.8666814921888031,0.5,1,66.52833333333334,-1.0,1.0
T0014533,C00320,2026-01-19 05:22:40,834.04,NETBANKING,FAILED,INSUFFICIENT_FUNDS,40,36.0,4.0,0.9,6.933888888888889,1,NONE,14.0,13.0,1.0,1442.3771428571429,0.07142857142857142,0.5782398897058824,0.35,1,6.933888888888889,154.79333333333332,1.0
T0008276,C00179,2026-01-19 05:50:46,3695.33,NETBANKING,FAILED,PAYMENT_TIMEOUT,25,24.0,1.0,0.96,4.980833333333333,1,NONE,11.0,10.0,1.0,3276.6663636363637,0.09090909090909091,1.1277712131481747,0.44,1,4.980833333333333,67.50805555555556,1.0
T0019472,C00428,2026-01-19 05:51:14,1140.01,UPI,FAILED,NETWORK_ERROR,18,18.0,0.0,1.0,30.77027777777778,1,NONE,9.0,9.0,0.0,3563.394444444444,0.0,0.31992248339987933,0.5,1,30.77027777777778,-1.0,1.0
T0010979,C00238,2026-01-19 05:58:46,3526.31,NETBANKING,FAILED,NETWORK_ERROR,38,36.0,2.0,0.9473684210526315,6.780833333333334,1,NONE,15.0,14.0,1.0,2038.2793333333332,0.06666666666666667,1.7300425620433446,0.39473684210526316,1,6.780833333333334,11.113611111111112,1.0
T0020416,C00450,2026-01-19 06:07:33,541.39,CARD,FAILED,INSUFFICIENT_FUNDS,37,37.0,0.0,1.0,1.6155555555555556,1,NONE,12.0,12.0,0.0,1897.74,0.0,0.2852814400286657,0.32432432432432434,1,1.6155555555555556,-1.0,1.0
T0028417,C00622,2026-01-19 06:28:47,3793.4,UPI,FAILED,BANK_DECLINE,19,14.0,5.0,0.7368421052631579,1.5108333333333333,1,NONE,5.0,3.0,2.0,4159.8240000000005,0.4,0.9119135809591943,0.2631578947368421,1,1.5108333333333333,6.428888888888889,1.0
T0010241,C00223,2026-01-19 06:53:19,1198.09,UPI,FAILED,NETWORK_ERROR,40,38.0,2.0,0.95,19.905277777777776,1,NONE,17.0,16.0,1.0,1709.1376470588239,0.058823529411764705,0.700990936605801,0.425,1,19.905277777777776,92.75888888888889,1.0
T0011573,C00254,2026-01-19 07:02:23,2026.75,CARD,FAILED,BANK_DECLINE,49,46.0,3.0,0.9387755102040817,30.915,1,NONE,20.0,19.0,1.0,1724.087,0.05,1.1755497257388983,0.40816326530612246,1,30.915,71.52777777777777,1.0
T0017975,C00395,2026-01-19 07:05:41,3296.38,UPI,FAILED,NETWORK_ERROR,24,21.0,3.0,0.875,20.139722222222222,1,NONE,11.0,10.0,1.0,1389.8172727272727,0.09090909090909091,2.371808197153452,0.4583333333333333,1,20.139722222222222,55.376666666666665,1.0
T0045323,C00988,2026-01-19 07:14:57,328.42,WALLET,FAILED,BANK_DECLINE,23,21.0,2.0,0.9130434782608695,27.845,1,NONE,10.0,9.0,1.0,2363.6629999999996,0.1,0.13894535726962773,0.43478260869565216,1,27.845,96.71666666666667,1.0
T0013995,C00306,2026-01-19 07:19:03,2381.14,UPI,FAILED,NETWORK_ERROR,18,18.0,0.0,1.0,8.716388888888888,1,NONE,8.0,8.0,0.0,2728.65375,0.0,0.8726427821778413,0.4444444444444444,1,8.716388888888888,-1.0,1.0
T0001130,C00025,2026-01-19 07:22:55,1314.46,UPI,FAILED,PAYMENT_TIMEOUT,31,27.0,4.0,0.8709677419354839,32.985277777777775,1,NONE,13.0,11.0,2.0,2469.273846153846,0.15384615384615385,0.5323265388516587,0.41935483870967744,1,32.985277777777775,81.9325,1.0
T0028363,C00620,2026-01-19 07:37:12,643.38,CARD,FAILED,BANK_DECLINE,44,41.0,3.0,0.9318181818181818,11.645555555555555,1,NONE,20.0,20.0,0.0,2251.9875,0.0,0.28569430336536056,0.45454545454545453,1,11.645555555555555,259.7025,1.0
T0037112,C00805,2026-01-19 08:08:14,1607.56,UPI,FAILED,INSUFFICIENT_FUNDS,23,22.0,1.0,0.9565217391304348,6.1575,1,NONE,11.0,11.0,0.0,1740.6327272727272,0.0,0.9235492213907587,0.4782608695652174,1,6.1575,418.63722222222225,1.0
T0042593,C00931,2026-01-19 08:10:51,1000.04,CARD,FAILED,BANK_DECLINE,17,12.0,5.0,0.7058823529411765,14.28888888888889,1,NONE,7.0,6.0,1.0,2191.82,0.14285714285714285,0.45626009435081344,0.4117647058823529,1,14.28888888888889,23.826944444444443,1.0
T0023876,C00525,2026-01-19 08:37:01,750.37,CARD,FAILED,BANK_DECLINE,43,41.0,2.0,0.9534883720930233,7.160555555555556,1,NONE,16.0,14.0,2.0,2376.505,0.125,0.3157451804225112,0.37209302325581395,1,7.160555555555556,21.056944444444444,1.0
T0044303,C00965,2026-01-19 08:39:06,4332.31,UPI,FAILED,BANK_DECLINE,30,28.0,2.0,0.9333333333333333,9.68,1,NONE,11.0,10.0,1.0,2487.9545454545455,0.09090909090909091,1.7413139672969764,0.36666666666666664,1,9.68,68.80583333333334,1.0
T0038185,C00830,2026-01-19 08:46:57,3273.91,CARD,FAILED,NETWORK_ERROR,22,22.0,0.0,1.0,21.24,1,NONE,11.0,11.0,0.0,1547.8509090909092,0.0,2.1151326531331414,0.5,1,21.24,-1.0,1.0
T0011244,C00244,2026-01-19 08:51:53,2085.46,UPI,FAILED,LIMIT_EXCEEDED,15,14.0,1.0,0.9333333333333333,2.792777777777778,1,NONE,9.0,8.0,1.0,1515.0666666666666,0.1111111111111111,1.3764806829182434,0.6,1,2.792777777777778,149.75,1.0
T0040341,C00879,2026-01-19 08:59:22,2809.52,CARD,FAILED,NETWORK_ERROR,13,13.0,0.0,1.0,50.98444444444444,1,NONE,9.0,9.0,0.0,2370.6299999999997,0.0,1.185136440524249,0.6923076923076923,1,50.98444444444444,-1.0,1.0
T0037305,C00810,2026-01-19 09:02:02,3004.63,UPI,FAILED,PAYMENT_TIMEOUT,28,28.0,0.0,1.0,1.258888888888889,1,NONE,6.0,6.0,0.0,2352.0633333333335,0.0,1.2774443431937064,0.21428571428571427,1,1.258888888888889,-1.0,1.0
T0020441,C00450,2026-01-19 09:37:23,752.11,CARD,FAILED,LIMIT_EXCEEDED,38,37.0,1.0,0.9736842105263158,3.4972222222222222,0,INSUFFICIENT_FUNDS,13.0,12.0,1.0,1793.4053846153847,0.07692307692307693,0.41937534394171466,0.34210526315789475,2,5.112777777777778,3.4972222222222222,1.0
T0029560,C00643,2026-01-19 09:47:30,251.92,UPI,FAILED,BANK_DECLINE,50,46.0,4.0,0.92,23.731666666666666,1,NONE,19.0,17.0,2.0,2473.6115789473683,0.10526315789473684,0.10184299028354449,0.38,1,23.731666666666666,122.96527777777777,1.0
T0036246,C00789,2026-01-19 09:48:46,2871.05,UPI,FAILED,BANK_DECLINE,45,43.0,2.0,0.9555555555555556,2.6430555555555557,1,NONE,15.0,15.0,0.0,1783.886,0.0,1.6094358047543398,0.3333333333333333,1,2.6430555555555557,214.27722222222224,1.0
T0016425,C00359,2026-01-19 09:59:47,733.92,NETBANKING,FAILED,BANK_DECLINE,12,12.0,0.0,1.0,8.485833333333334,1,NONE,8.0,8.0,0.0,1537.6325,0.0,0.47730520784387687,0.6666666666666666,1,8.485833333333334,-1.0,1.0
T0015221,C00336,2026-01-19 10:06:41,549.0,CARD,FAILED,LIMIT_EXCEEDED,31,28.0,3.0,0.9032258064516129,13.158888888888889,1,NONE,9.0,9.0,0.0,2631.346666666667,0.0,0.2086384158175028,0.2903225806451613,1,13.158888888888889,268.94,1.0
T0006722,C00146,2026-01-19 10:28:45,809.52,CARD,FAILED,BANK_DECLINE,21,19.0,2.0,0.9047619047619048,19.725,1,NONE,11.0,11.0,0.0,2014.6163636363638,0.0,0.40182340152287055,0.5238095238095238,1,19.725,286.45,1.0
T0042464,C00928,2026-01-19 10:49:04,3771.23,UPI,FAILED,BANK_DECLINE,34,31.0,3.0,0.9117647058823529,0.8861111111111111,1,NONE,15.0,14.0,1.0,2897.911333333333,0.06666666666666667,1.3013614173150456,0.4411764705882353,1,0.8861111111111111,53.56,1.0
T0032995,C00718,2026-01-19 11:33:49,1230.32,CARD,FAILED,INSUFFICIENT_FUNDS,35,32.0,3.0,0.9142857142857143,19.647222222222222,1,NONE,13.0,11.0,2.0,2688.116923076923,0.15384615384615385,0.457688424725115,0.37142857142857144,1,19.647222222222222,95.25027777777778,1.0
T0012411,C00272,2026-01-19 11:50:01,2273.47,UPI,FAILED,PAYMENT_TIMEOUT,35,34.0,1.0,0.9714285714285714,33.45333333333333,0,INSUFFICIENT_FUNDS,13.0,12.0,1.0,2151.0015384615385,0.07692307692307693,1.0569355527407267,0.37142857142857144,2,40.98722222222222,33.45333333333333,1.0
T0003006,C00070,2026-01-19 11:54:16,24173.71,UPI,FAILED,LIMIT_EXCEEDED,51,49.0,2.0,0.9607843137254902,0.4872222222222222,1,NONE,17.0,16.0,1.0,2729.6705882352944,0.058823529411764705,8.855907413952124,0.3333333333333333,1,0.4872222222222222,163.49333333333334,1.0
T0007481,C00163,2026-01-19 11:58:14,391.37,UPI,FAILED,PAYMENT_TIMEOUT,34,33.0,1.0,0.9705882352941176,46.041666666666664,1,NONE,10.0,10.0,0.0,1469.658,0.0,0.2663000507601088,0.29411764705882354,1,46.041666666666664,363.91083333333336,1.0
T0008403,C00182,2026-01-19 11:59:43,3160.0,UPI,FAILED,NETWORK_ERROR,45,39.0,6.0,0.8666666666666667,9.378333333333334,1,NONE,19.0,18.0,1.0,1907.0115789473684,0.05263157894736842,1.6570429015141355,0.4222222222222222,1,9.378333333333334,86.18916666666667,1.0
T0022305,C00491,2026-01-19 12:03:09,1131.53,WALLET,FAILED,INSUFFICIENT_FUNDS,18,17.0,1.0,0.9444444444444444,34.31527777777778,1,NONE,6.0,6.0,0.0,4231.993333333333,0.0,0.26737518490104745,0.3333333333333333,1,34.31527777777778,266.65194444444444,1.0
T0008039,C00174,2026-01-19 12:11:44,1126.75,UPI,FAILED,INSUFFICIENT_FUNDS,42,38.0,4.0,0.9047619047619048,9.430277777777778,1,NONE,22.0,21.0,1.0,2030.4668181818183,0.045454545454545456,0.5549216514697582,0.5238095238095238,1,9.430277777777778,95.20027777777777,1.0
T0043481,C00948,2026-01-19 12:18:38,4050.45,UPI,FAILED,INSUFFICIENT_FUNDS,38,38.0,0.0,1.0,29.998055555555556,1,NONE,14.0,14.0,0.0,1791.1749999999997,0.0,2.2613368319678426,0.3684210526315789,1,29.998055555555556,-1.0,1.0
T0031251,C00679,2026-01-19 12:47:07,1161.21,CARD,FAILED,PAYMENT_TIMEOUT,26,25.0,1.0,0.9615384615384616,8.365833333333333,1,NONE,11.0,11.0,0.0,1387.4154545454546,0.0,0.8369591070905549,0.4230769230769231,1,8.365833333333333,412.26444444444445,1.0
T0019230,C00423,2026-01-19 12:50:36,4792.2,NETBANKING,FAILED,LIMIT_EXCEEDED,24,22.0,2.0,0.9166666666666666,1.3847222222222222,1,NONE,8.0,8.0,0.0,2795.7375,0.0,1.714109425509369,0.3333333333333333,1,1.3847222222222222,232.27583333333334,1.0
T0040659,C00887,2026-01-19 12:58:10,1743.29,NETBANKING,FAILED,PAYMENT_TIMEOUT,36,36.0,0.0,1.0,5.859444444444445,1,NONE,13.0,13.0,0.0,3696.9969230769234,0.0,0.47154218309413704,0.3611111111111111,1,5.859444444444445,-1.0,1.0
T0007979,C00173,2026-01-19 12:58:45,3627.23,UPI,FAILED,NETWORK_ERROR,38,35.0,3.0,0.9210526315789473,8.02138888888889,1,NONE,13.0,11.0,2.0,1366.2646153846154,0.15384615384615385,2.654851746254808,0.34210526315789475,1,8.02138888888889,115.35722222222222,1.0
T0005550,C00122,2026-01-19 13:25:34,2385.28,NETBANKING,FAILED,PAYMENT_TIMEOUT,34,29.0,5.0,0.8529411764705882,3.9244444444444446,1,NONE,17.0,14.0,3.0,2002.601764705882,0.17647058823529413,1.1910905313470157,0.5,1,3.9244444444444446,131.01694444444445,1.0
T0001103,C00024,2026-01-19 13:38:22,278.71,WALLET,FAILED,INSUFFICIENT_FUNDS,17,14.0,3.0,0.8235294117647058,18.04722222222222,1,NONE,5.0,3.0,2.0,1979.372,0.4,0.1408072863514286,0.29411764705882354,1,18.04722222222222,35.02472222222222,1.0
T0002302,C00054,2026-01-19 13:49:49,778.83,NETBANKING,FAILED,INSUFFICIENT_FUNDS,27,25.0,2.0,0.9259259259259259,20.447222222222223,1,NONE,9.0,8.0,1.0,1372.89,0.1111111111111111,0.567292354085178,0.3333333333333333,1,20.447222222222223,161.39222222222222,1.0
T0020658,C00455,2026-01-19 13:57:03,3567.93,CARD,FAILED,LIMIT_EXCEEDED,19,19.0,0.0,1.0,14.596944444444444,1,NONE,10.0,10.0,0.0,1737.6470000000002,0.0,2.053311173097873,0.5263157894736842,1,14.596944444444444,-1.0,1.0
T0028105,C00615,2026-01-19 13:58:32,642.73,UPI,FAILED,NETWORK_ERROR,35,33.0,2.0,0.9428571428571428,0.6936111111111111,1,NONE,17.0,17.0,0.0,2301.5729411764705,0.0,0.2792568458297318,0.4857142857142857,1,0.6936111111111111,291.18944444444446,1.0
T0019929,C00438,2026-01-19 14:06:34,1790.58,NETBANKING,FAILED,NETWORK_ERROR,21,20.0,1.0,0.9523809523809523,4.110555555555556,1,NONE,8.0,8.0,0.0,2431.5699999999997,0.0,0.7363884239400882,0.38095238095238093,1,4.110555555555556,271.90805555555556,1.0
T0043576,C00950,2026-01-19 14:10:27,3101.74,UPI,FAILED,BANK_DECLINE,22,20.0,2.0,0.9090909090909091,4.555,1,NONE,11.0,10.0,1.0,3295.644545454545,0.09090909090909091,0.941163392234765,0.5,1,4.555,71.61916666666667,1.0
T0042075,C00919,2026-01-19 14:30:42,1659.86,UPI,FAILED,INSUFFICIENT_FUNDS,19,19.0,0.0,1.0,37.63638888888889,1,NONE,10.0,10.0,0.0,1948.0459999999998,0.0,0.8520640683022885,0.5263157894736842,1,37.63638888888889,-1.0,1.0
T0037936,C00825,2026-01-19 14:40:52,3826.26,CARD,FAILED,PAYMENT_TIMEOUT,42,38.0,4.0,0.9047619047619048,32.475,1,NONE,19.0,16.0,3.0,2096.34,0.15789473684210525,1.8252096511062137,0.4523809523809524,1,32.475,45.27194444444444,1.0
T0040238,C00876,2026-01-19 14:59:19,4201.92,UPI,FAILED,PAYMENT_TIMEOUT,39,37.0,2.0,0.9487179487179487,0.8286111111111111,1,NONE,18.0,17.0,1.0,2478.1777777777775,0.05555555555555555,1.695568428415144,0.46153846153846156,1,0.8286111111111111,134.98388888888888,1.0
T0014702,C00324,2026-01-19 14:59:29,898.63,UPI,FAILED,INSUFFICIENT_FUNDS,43,40.0,3.0,0.9302325581395349,7.291944444444445,1,NONE,19.0,17.0,2.0,3588.972631578947,0.10526315789473684,0.2503864175761778,0.4418604651162791,1,7.291944444444445,97.04166666666667,1.0
T0002910,C00068,2026-01-19 15:27:11,7716.29,CARD,FAILED,PAYMENT_TIMEOUT,36,30.0,6.0,0.8333333333333334,10.775277777777777,1,NONE,9.0,7.0,2.0,1687.971111111111,0.2222222222222222,4.57134008349274,0.25,1,10.775277777777777,152.1677777777778,1.0
T0007819,C00170,2026-01-19 15:29:14,991.68,UPI,FAILED,INSUFFICIENT_FUNDS,21,16.0,5.0,0.7619047619047619,19.909444444444443,1,NONE,10.0,8.0,2.0,2565.788,0.2,0.3865011450673243,0.47619047619047616,1,19.909444444444443,102.40472222222222,1.0
T0003965,C00087,2026-01-19 15:29:53,1944.96,WALLET,FAILED,NETWORK_ERROR,45,41.0,4.0,0.9111111111111111,1.5438888888888889,1,NONE,21.0,20.0,1.0,1907.8390476190475,0.047619047619047616,1.019457067108087,0.4666666666666667,1,1.5438888888888889,12.803611111111111,1.0
T0006848,C00150,2026-01-19 15:32:46,7381.91,CARD,FAILED,PAYMENT_TIMEOUT,15,12.0,3.0,0.8,36.469722222222224,1,NONE,7.0,5.0,2.0,2624.582857142857,0.2857142857142857,2.8126031456427363,0.4666666666666667,1,36.469722222222224,96.02805555555555,1.0
T0044011,C00959,2026-01-19 15:34:26,289.49,UPI,FAILED,INSUFFICIENT_FUNDS,40,40.0,0.0,1.0,14.682222222222222,1,NONE,17.0,17.0,0.0,1935.1817647058822,0.0,0.14959318306929067,0.425,1,14.682222222222222,-1.0,1.0
T0015225,C00336,2026-01-19 15:57:44,4896.51,CARD,FAILED,BANK_DECLINE,33,29.0,4.0,0.8787878787878788,3.0730555555555554,1,NONE,11.0,10.0,1.0,2233.9518181818185,0.09090909090909091,2.1918601646409726,0.3333333333333333,1,3.0730555555555554,5.850833333333333,1.0
T0045230,C00986,2026-01-19 16:10:05,714.87,UPI,FAILED,PAYMENT_TIMEOUT,24,22.0,2.0,0.9166666666666666,1.2116666666666667,1,NONE,12.0,12.0,0.0,2698.9691666666668,0.0,0.2648677905731293,0.5,1,1.2116666666666667,256.6380555555556,1.0
T0036541,C00795,2026-01-19 16:42:33,1539.43,WALLET,FAILED,INSUFFICIENT_FUNDS,30,27.0,3.0,0.9,4.834722222222222,1,NONE,11.0,11.0,0.0,2252.8345454545456,0.0,0.683330253038798,0.36666666666666664,1,4.834722222222222,256.8413888888889,1.0
T0026219,C00576,2026-01-19 16:45:22,1144.01,NETBANKING,FAILED,NETWORK_ERROR,47,45.0,2.0,0.9574468085106383,6.6725,1,NONE,15.0,14.0,1.0,2008.0913333333335,0.06666666666666667,0.5697001829598055,0.3191489361702128,1,6.6725,92.32305555555556,1.0
T0012412,C00272,2026-01-19 18:04:42,3261.14,UPI,FAILED,BANK_DECLINE,37,35.0,2.0,0.9459459459459459,3.1102777777777777,1,NONE,15.0,13.0,2.0,2079.0966666666664,0.13333333333333333,1.5685369767960124,0.40540540540540543,1,3.1102777777777777,6.244722222222222,1.0
T0027840,C00610,2026-01-19 18:42:39,2210.08,UPI,FAILED,PAYMENT_TIMEOUT,27,26.0,1.0,0.9629629629629629,2.638333333333333,1,NONE,11.0,11.0,0.0,1397.4663636363637,0.0,1.5814906587441038,0.4074074074074074,1,2.638333333333333,220.92944444444444,1.0
T0042798,C00935,2026-01-19 18:44:54,1212.64,UPI,FAILED,INSUFFICIENT_FUNDS,48,44.0,4.0,0.9166666666666666,2.7319444444444443,1,NONE,16.0,16.0,0.0,2610.036875,0.0,0.46460646269604916,0.3333333333333333,1,2.7319444444444443,262.2025,1.0
T0031352,C00681,2026-01-19 18:59:59,1069.78,UPI,FAILED,BANK_DECLINE,41,37.0,4.0,0.9024390243902439,4.315,1,NONE,17.0,17.0,0.0,2401.116470588235,0.0,0.4455344058082784,0.4146341463414634,1,4.315,223.385,1.0
T0010884,C00236,2026-01-19 19:44:10,3978.23,CARD,FAILED,INSUFFICIENT_FUNDS,13,13.0,0.0,1.0,8.060833333333333,1,NONE,4.0,4.0,0.0,2675.575,0.0,1.4868691776534018,0.3076923076923077,1,8.060833333333333,-1.0,1.0
T0014762,C00325,2026-01-19 19:50:48,1219.32,NETBANKING,FAILED,INSUFFICIENT_FUNDS,33,31.0,2.0,0.9393939393939394,19.75138888888889,0,BANK_DECLINE,12.0,10.0,2.0,2770.101666666667,0.16666666666666666,0.44017157011686087,0.36363636363636365,2,20.208333333333332,19.75138888888889,1.0
T0018828,C00414,2026-01-19 19:52:04,3245.38,NETBANKING,FAILED,NETWORK_ERROR,28,25.0,3.0,0.8928571428571429,7.0119444444444445,1,NONE,15.0,14.0,1.0,2762.04,0.06666666666666667,1.1749938451289628,0.5357142857142857,1,7.0119444444444445,182.20944444444444,1.0
T0045246,C00986,2026-01-19 19:53:32,2238.84,UPI,FAILED,INSUFFICIENT_FUNDS,25,22.0,3.0,0.88,3.7241666666666666,0,PAYMENT_TIMEOUT,12.0,11.0,1.0,2625.36,0.08333333333333333,0.8527744766432033,0.48,2,4.935833333333333,3.7241666666666666,1.0
T0027135,C00594,2026-01-19 19:55:15,1011.0,UPI,FAILED,NETWORK_ERROR,25,22.0,3.0,0.88,10.94,1,NONE,11.0,11.0,0.0,2738.31,0.0,0.36920582403015,0.44,1,10.94,290.0475,1.0
T0004706,C00105,2026-01-19 20:32:11,230.22,UPI,FAILED,PAYMENT_TIMEOUT,36,34.0,2.0,0.9444444444444444,7.5441666666666665,1,NONE,15.0,14.0,1.0,2241.264666666667,0.06666666666666667,0.10271879239607874,0.4166666666666667,1,7.5441666666666665,170.1175,1.0
T0002116,C00048,2026-01-19 21:25:28,10314.3,UPI,FAILED,PAYMENT_TIMEOUT,9,9.0,0.0,1.0,79.79583333333333,1,NONE,4.0,4.0,0.0,3329.8275,0.0,3.0975478459469747,0.4444444444444444,1,79.79583333333333,-1.0,1.0
T0024647,C00542,2026-01-19 21:28:15,1859.87,WALLET,FAILED,LIMIT_EXCEEDED,43,40.0,3.0,0.9302325581395349,6.844166666666666,1,NONE,21.0,19.0,2.0,2298.112380952381,0.09523809523809523,0.8093033288603732,0.4883720930232558,1,6.844166666666666,91.21694444444445,1.0
T0043137,C00942,2026-01-19 21:44:02,3584.46,WALLET,FAILED,INSUFFICIENT_FUNDS,31,28.0,3.0,0.9032258064516129,3.2955555555555556,1,NONE,13.0,11.0,2.0,2608.173076923077,0.15384615384615385,1.3743183041474654,0.41935483870967744,1,3.2955555555555556,31.695,1.0
T0007194,C00157,2026-01-19 22:12:50,2349.96,UPI,FAILED,NETWORK_ERROR,25,24.0,1.0,0.96,52.57555555555555,1,NONE,8.0,8.0,0.0,1264.3225,0.0,1.8586713437433884,0.32,1,52.57555555555555,417.49833333333333,1.0
T0025428,C00558,2026-01-19 22:16:13,566.13,CARD,FAILED,BANK_DECLINE,38,37.0,1.0,0.9736842105263158,1.3330555555555557,1,NONE,14.0,14.0,0.0,1879.6685714285716,0.0,0.3011860753567498,0.3684210526315789,1,1.3330555555555557,397.68888888888887,1.0
T0009472,C00206,2026-01-19 22:17:43,1318.74,CARD,FAILED,BANK_DECLINE,25,23.0,2.0,0.92,31.93888888888889,1,NONE,12.0,12.0,0.0,1839.069166666667,0.0,0.7170692782535367,0.48,1,31.93888888888889,197.45138888888889,1.0
T0033224,C00723,2026-01-19 22:28:33,2096.96,CARD,FAILED,NETWORK_ERROR,39,37.0,2.0,0.9487179487179487,4.1786111111111115,1,NONE,23.0,22.0,1.0,2006.8082608695652,0.043478260869565216,1.044922945997527,0.5897435897435898,1,4.1786111111111115,108.5038888888889,1.0
T0035089,C00762,2026-01-19 22:31:53,253.72,UPI,FAILED,INSUFFICIENT_FUNDS,39,35.0,4.0,0.8974358974358975,1.2697222222222222,1,NONE,15.0,13.0,2.0,1857.8253333333334,0.13333333333333333,0.13656827444847702,0.38461538461538464,1,1.2697222222222222,103.08611111111111,1.0
T0003236,C00075,2026-01-19 22:47:52,236.81,CARD,FAILED,INSUFFICIENT_FUNDS,19,18.0,1.0,0.9473684210526315,10.459722222222222,1,NONE,7.0,6.0,1.0,2779.7542857142857,0.14285714285714285,0.08519098296457858,0.3684210526315789,1,10.459722222222222,96.33416666666666,1.0
T0007413,C00162,2026-01-19 22:58:58,2565.72,UPI,FAILED,INSUFFICIENT_FUNDS,28,27.0,1.0,0.9642857142857143,30.06833333333333,1,NONE,12.0,11.0,1.0,1723.5049999999999,0.08333333333333333,1.4886640885869202,0.42857142857142855,1,30.06833333333333,172.7863888888889,1.0
T0007089,C00155,2026-01-19 23:00:24,268.53,UPI,FAILED,PAYMENT_TIMEOUT,38,36.0,2.0,0.9473684210526315,7.838611111111111,1,NONE,11.0,11.0,0.0,1863.8818181818183,0.0,0.1440702931808981,0.2894736842105263,1,7.838611111111111,251.85722222222222,1.0
T0012234,C00269,2026-01-19 23:38:20,5479.35,WALLET,FAILED,LIMIT_EXCEEDED,43,41.0,2.0,0.9534883720930233,5.390555555555555,1,NONE,20.0,20.0,0.0,1537.5385,0.0,3.5637156402912837,0.46511627906976744,1,5.390555555555555,296.00388888888887,1.0
T0041770,C00911,2026-01-19 23:40:45,753.15,UPI,FAILED,INSUFFICIENT_FUNDS,37,32.0,5.0,0.8648648648648649,18.822222222222223,1,NONE,15.0,15.0,0.0,1959.076,0.0,0.38444144076084846,0.40540540540540543,1,18.822222222222223,203.22305555555556,1.0
T0044577,C00972,2026-01-19 23:44:05,1352.77,CARD,FAILED,LIMIT_EXCEEDED,26,24.0,2.0,0.9230769230769231,16.895833333333332,1,NONE,12.0,11.0,1.0,3329.398333333333,0.08333333333333333,0.4063106497219968,0.46153846153846156,1,16.895833333333332,121.72972222222222,1.0
T0027186,C00595,2026-01-20 00:37:08,2678.26,UPI,FAILED,NETWORK_ERROR,31,29.0,2.0,0.9354838709677419,17.843888888888888,1,NONE,16.0,15.0,1.0,3423.3112499999997,0.0625,0.7823594772458976,0.5161290322580645,1,17.843888888888888,73.22472222222223,1.0
T0030658,C00668,2026-01-20 00:43:16,4246.62,CARD,FAILED,NETWORK_ERROR,27,24.0,3.0,0.8888888888888888,34.46111111111111,1,NONE,10.0,10.0,0.0,1580.8349999999998,0.0,2.6863145110020974,0.37037037037037035,1,34.46111111111111,201.72555555555556,1.0
T0045098,C00984,2026-01-20 00:51:05,1519.59,NETBANKING,FAILED,PAYMENT_TIMEOUT,38,34.0,4.0,0.8947368421052632,4.105277777777777,1,NONE,15.0,15.0,0.0,2903.8053333333332,0.0,0.5233098729299577,0.39473684210526316,1,4.105277777777777,224.7375,1.0
T0003810,C00085,2026-01-20 00:56:13,3292.01,WALLET,FAILED,BANK_DECLINE,47,46.0,1.0,0.9787234042553191,2.3361111111111112,1,NONE,13.0,13.0,0.0,1824.0884615384616,0.0,1.8047425162831594,0.2765957446808511,1,2.3361111111111112,443.59444444444443,1.0
T0021954,C00483,2026-01-20 01:30:52,1694.07,UPI,FAILED,BANK_DECLINE,32,31.0,1.0,0.96875,14.600833333333334,1,NONE,13.0,12.0,1.0,2177.9276923076923,0.07692307692307693,0.7778357408206672,0.40625,1,14.600833333333334,85.46638888888889,1.0
T0038703,C00842,2026-01-20 01:30:53,1318.42,CARD,FAILED,NETWORK_ERROR,36,27.0,9.0,0.75,13.025555555555556,1,NONE,16.0,11.0,5.0,3742.765625,0.3125,0.35225823150494495,0.4444444444444444,1,13.025555555555556,35.96138888888889,1.0
T0019706,C00433,2026-01-20 01:50:45,4802.65,UPI,FAILED,NETWORK_ERROR,48,43.0,5.0,0.8958333333333334,15.283888888888889,1,NONE,20.0,20.0,0.0,2350.818,0.0,2.0429697237302076,0.4166666666666667,1,15.283888888888889,245.58777777777777,1.0
T0019380,C00426,2026-01-20 02:32:42,396.12,CARD,FAILED,LIMIT_EXCEEDED,34,31.0,3.0,0.9117647058823529,5.808611111111111,1,NONE,18.0,17.0,1.0,1575.9316666666664,0.05555555555555555,0.2513560761412033,0.5294117647058824,1,5.808611111111111,89.93055555555556,1.0
T0037533,C00816,2026-01-20 03:11:15,1782.37,UPI,FAILED,LIMIT_EXCEEDED,47,42.0,5.0,0.8936170212765957,38.41888888888889,1,NONE,14.0,13.0,1.0,1850.3578571428573,0.07142857142857142,0.9632569143960955,0.2978723404255319,1,38.41888888888889,68.78666666666666,1.0
T0027771,C00608,2026-01-20 03:21:53,3628.6,UPI,FAILED,LIMIT_EXCEEDED,17,16.0,1.0,0.9411764705882353,48.463055555555556,1,NONE,7.0,7.0,0.0,3852.0285714285715,0.0,0.9419971666135097,0.4117647058823529,1,48.463055555555556,435.96722222222223,1.0
T0041741,C00909,2026-01-20 03:52:20,6813.79,CARD,FAILED,NETWORK_ERROR,39,38.0,1.0,0.9743589743589743,49.755,1,NONE,12.0,12.0,0.0,1840.2258333333336,0.0,3.7026922873143735,0.3076923076923077,1,49.755,203.73305555555555,1.0
T0029143,C00636,2026-01-20 03:52:35,2823.19,CARD,FAILED,INSUFFICIENT_FUNDS,43,43.0,0.0,1.0,18.092222222222222,1,NONE,14.0,14.0,0.0,1253.7035714285714,0.0,2.2518800012534292,0.32558139534883723,1,18.092222222222222,-1.0,1.0
T0034348,C00746,2026-01-20 03:53:13,1958.92,UPI,FAILED,INSUFFICIENT_FUNDS,44,43.0,1.0,0.9772727272727273,17.36722222222222,1,NONE,18.0,17.0,1.0,2312.895,0.05555555555555555,0.8469558713214392,0.4090909090909091,1,17.36722222222222,30.869444444444444,1.0
T0002639,C00061,2026-01-20 04:26:46,3337.09,NETBANKING,FAILED,BANK_DECLINE,31,31.0,0.0,1.0,8.006388888888889,1,NONE,14.0,14.0,0.0,1823.7649999999999,0.0,1.8297807009126725,0.45161290322580644,1,8.006388888888889,-1.0,1.0
T0016744,C00367,2026-01-20 04:33:54,602.13,UPI,FAILED,INSUFFICIENT_FUNDS,23,22.0,1.0,0.9565217391304348,4.7908333333333335,1,NONE,10.0,10.0,0.0,1925.4569999999999,0.0,0.3127205645205268,0.43478260869565216,1,4.7908333333333335,406.4144444444444,1.0
T0032656,C00710,2026-01-20 04:34:15,3555.24,UPI,FAILED,INSUFFICIENT_FUNDS,20,17.0,3.0,0.85,30.61,1,NONE,8.0,8.0,0.0,1404.61375,0.0,2.5311157604715175,0.4,1,30.61,245.8322222222222,1.0
T0021903,C00482,2026-01-20 04:37:53,1693.69,UPI,FAILED,INSUFFICIENT_FUNDS,24,21.0,3.0,0.875,25.900833333333335,1,NONE,11.0,9.0,2.0,2420.2727272727275,0.18181818181818182,0.6997930360966081,0.4583333333333333,1,25.900833333333335,61.10722222222222,1.0
T0010535,C00229,2026-01-20 04:39:31,882.45,WALLET,FAILED,LIMIT_EXCEEDED,28,27.0,1.0,0.9642857142857143,9.413333333333334,1,NONE,10.0,10.0,0.0,2080.773,0.0,0.42409719849306005,0.35714285714285715,1,9.413333333333334,434.7925,1.0
T0026607,C00585,2026-01-20 04:46:33,4973.1,UPI,FAILED,INSUFFICIENT_FUNDS,41,37.0,4.0,0.9024390243902439,1.3530555555555555,1,NONE,16.0,13.0,3.0,1136.94875,0.1875,4.374075788376565,0.3902439024390244,1,1.3530555555555555,53.32222222222222,1.0
T0002557,C00059,2026-01-20 05:08:03,1193.61,UPI,FAILED,BANK_DECLINE,35,35.0,0.0,1.0,30.383055555555554,1,NONE,18.0,18.0,0.0,2389.038888888889,0.0,0.4996193262283531,0.5142857142857142,1,30.383055555555554,-1.0,1.0
T0042526,C00929,2026-01-20 05:15:29,6160.93,UPI,FAILED,BANK_DECLINE,37,36.0,1.0,0.972972972972973,20.955,1,NONE,11.0,11.0,0.0,2105.5272727272727,0.0,2.926074660633484,0.2972972972972973,1,20.955,439.05694444444447,1.0
T0006670,C00145,2026-01-20 05:15:51,531.77,CARD,FAILED,BANK_DECLINE,28,24.0,4.0,0.8571428571428571,3.4994444444444444,1,NONE,12.0,10.0,2.0,2683.7775,0.16666666666666666,0.19814235718124917,0.42857142857142855,1,3.4994444444444444,74.285,1.0
T0042983,C00939,2026-01-20 05:57:45,3535.56,UPI,FAILED,INSUFFICIENT_FUNDS,30,28.0,2.0,0.9333333333333333,1.7125,1,NONE,15.0,15.0,0.0,3448.491333333333,0.0,1.0252483356489999,0.5,1,1.7125,358.93055555555554,1.0
T0014121,C00310,2026-01-20 06:05:11,2011.86,CARD,FAILED,NETWORK_ERROR,12,12.0,0.0,1.0,10.062777777777777,1,NONE,5.0,5.0,0.0,1705.0600000000002,0.0,1.17993501694955,0.4166666666666667,1,10.062777777777777,-1.0,1.0
T0025864,C00570,2026-01-20 06:51:10,13240.3,WALLET,FAILED,PAYMENT_TIMEOUT,29,28.0,1.0,0.9655172413793104,9.316666666666666,1,NONE,12.0,11.0,1.0,3120.695833333333,0.08333333333333333,4.242739666767695,0.41379310344827586,1,9.316666666666666,91.50111111111111,1.0
T0014296,C00315,2026-01-20 07:13:18,2042.47,CARD,FAILED,INSUFFICIENT_FUNDS,37,34.0,3.0,0.918918918918919,6.886666666666667,1,NONE,16.0,15.0,1.0,1858.563125,0.0625,1.098951105037124,0.43243243243243246,1,6.886666666666667,97.11166666666666,1.0
T0044130,C00962,2026-01-20 07:25:19,3055.38,CARD,FAILED,NETWORK_ERROR,22,21.0,1.0,0.9545454545454546,3.1455555555555557,1,NONE,9.0,9.0,0.0,2416.1544444444444,0.0,1.2645632016717108,0.4090909090909091,1,3.1455555555555557,318.0577777777778,1.0
T0005334,C00118,2026-01-20 07:26:58,1694.5,UPI,FAILED,NETWORK_ERROR,31,28.0,3.0,0.9032258064516129,26.941666666666666,1,NONE,11.0,10.0,1.0,1585.2036363636364,0.09090909090909091,1.0689478380752917,0.3548387096774194,1,26.941666666666666,90.97,1.0
T0020253,C00446,2026-01-20 07:28:30,4178.73,WALLET,FAILED,INSUFFICIENT_FUNDS,29,28.0,1.0,0.9655172413793104,26.663055555555555,1,NONE,11.0,10.0,1.0,1368.63,0.09090909090909091,3.0532211043159942,0.3793103448275862,1,26.663055555555555,156.68083333333334,1.0
T0019319,C00425,2026-01-20 07:34:01,1554.11,UPI,FAILED,NETWORK_ERROR,20,16.0,4.0,0.8,36.9575,0,NETWORK_ERROR,6.0,4.0,2.0,2439.7083333333335,0.3333333333333333,0.6370064727682612,0.3,3,124.96444444444444,36.9575,1.0
T0002750,C00064,2026-01-20 07:55:20,848.34,CARD,FAILED,INSUFFICIENT_FUNDS,24,22.0,2.0,0.9166666666666666,14.125833333333333,1,NONE,10.0,9.0,1.0,2879.11,0.1,0.2946535561336663,0.4166666666666667,1,14.125833333333333,50.84,1.0
T0045267,C00987,2026-01-20 08:13:18,2125.1,NETBANKING,FAILED,NETWORK_ERROR,24,23.0,1.0,0.9583333333333334,6.503611111111111,1,NONE,8.0,7.0,1.0,1569.3287500000001,0.125,1.3541458410164218,0.3333333333333333,1,6.503611111111111,98.00583333333333,1.0
T0002003,C00045,2026-01-20 08:20:35,2959.8,CARD,FAILED,NETWORK_ERROR,28,26.0,2.0,0.9285714285714286,17.565833333333334,1,NONE,12.0,12.0,0.0,2045.9816666666666,0.0,1.4466405287111568,0.42857142857142855,1,17.565833333333334,299.6075,1.0
T0032307,C00702,2026-01-20 08:24:55,4329.99,NETBANKING,FAILED,NETWORK_ERROR,35,34.0,1.0,0.9714285714285714,20.05388888888889,1,NONE,14.0,13.0,1.0,1600.8007142857143,0.07142857142857142,2.7048900974110723,0.4,1,20.05388888888889,65.15944444444445,1.0
T0019531,C00430,2026-01-20 08:30:41,978.31,UPI,FAILED,BANK_DECLINE,44,42.0,2.0,0.9545454545454546,11.25611111111111,1,NONE,16.0,15.0,1.0,2969.0081250000003,0.0625,0.3295073502030244,0.36363636363636365,1,11.25611111111111,90.20166666666667,1.0
T0006654,C00145,2026-01-20 08:39:56,1944.06,CARD,FAILED,BANK_DECLINE,29,24.0,5.0,0.8275862068965517,3.401388888888889,0,BANK_DECLINE,13.0,10.0,3.0,2518.2384615384617,0.23076923076923078,0.7719920212847197,0.4482758620689655,2,6.900833333333333,3.401388888888889,1.0
T0018921,C00416,2026-01-20 09:08:39,2534.9,CARD,FAILED,LIMIT_EXCEEDED,39,38.0,1.0,0.9743589743589743,13.546388888888888,1,NONE,15.0,15.0,0.0,1153.5773333333334,0.0,2.1974252845929705,0.38461538461538464,1,13.546388888888888,364.33666666666664,1.0
T0042802,C00935,2026-01-20 09:13:02,309.88,UPI,FAILED,PAYMENT_TIMEOUT,53,48.0,5.0,0.9056603773584906,10.988611111111112,1,NONE,20.0,19.0,1.0,2563.373,0.05,0.12088759614773191,0.37735849056603776,1,10.988611111111112,14.46888888888889,1.0
T0024464,C00538,2026-01-20 09:41:41,1580.84,UPI,FAILED,BANK_DECLINE,26,25.0,1.0,0.9615384615384616,21.914722222222224,1,NONE,13.0,13.0,0.0,1343.883076923077,0.0,1.1763225738502892,0.5,1,21.914722222222224,401.31388888888887,1.0
T0028378,C00621,2026-01-20 10:07:34,2389.98,CARD,FAILED,NETWORK_ERROR,13,13.0,0.0,1.0,17.586111111111112,1,NONE,3.0,3.0,0.0,1598.756666666667,0.0,1.4948991612232003,0.23076923076923078,1,17.586111111111112,-1.0,1.0
T0022319,C00491,2026-01-20 10:11:43,2326.63,WALLET,FAILED,LIMIT_EXCEEDED,19,17.0,2.0,0.8947368421052632,22.142777777777777,0,INSUFFICIENT_FUNDS,7.0,6.0,1.0,3789.0699999999997,0.14285714285714285,0.6140372175758169,0.3684210526315789,2,56.45805555555555,22.142777777777777,1.0
T0041150,C00897,2026-01-20 10:31:59,3964.47,UPI,FAILED,INSUFFICIENT_FUNDS,26,23.0,3.0,0.8846153846153846,6.1033333333333335,1,NONE,12.0,11.0,1.0,1842.168333333333,0.08333333333333333,2.1520671744619793,0.46153846153846156,1,6.1033333333333335,90.2375,1.0
T0039921,C00870,2026-01-20 10:32:51,2792.35,UPI,FAILED,INSUFFICIENT_FUNDS,36,33.0,3.0,0.9166666666666666,8.516944444444444,1,NONE,15.0,13.0,2.0,2130.0306666666665,0.13333333333333333,1.310943567009677,0.4166666666666667,1,8.516944444444444,56.036944444444444,1.0
T0010553,C00229,2026-01-20 10:42:25,899.93,WALLET,FAILED,INSUFFICIENT_FUNDS,29,27.0,2.0,0.9310344827586207,6.048333333333333,0,LIMIT_EXCEEDED,11.0,10.0,1.0,1971.8345454545454,0.09090909090909091,0.456392247551657,0.3793103448275862,2,15.461666666666666,6.048333333333333,1.0
T0045469,C00991,2026-01-20 10:59:36,110.46,UPI,FAILED,NETWORK_ERROR,31,27.0,4.0,0.8709677419354839,3.1125,1,NONE,12.0,11.0,1.0,1275.6475,0.08333333333333333,0.08659131931038942,0.3870967741935484,1,3.1125,130.64694444444444,1.0
T0011541,C00253,2026-01-20 11:36:12,1626.05,CARD,FAILED,BANK_DECLINE,13,13.0,0.0,1.0,140.66722222222222,1,NONE,2.0,2.0,0.0,5649.6,0.0,0.2878168365902011,0.15384615384615385,1,140.66722222222222,-1.0,1.0
T0012406,C00272,2026-01-20 12:41:54,11980.63,UPI,FAILED,INSUFFICIENT_FUNDS,40,37.0,3.0,0.925,1.4566666666666668,1,NONE,15.0,12.0,3.0,2112.154,0.2,5.672233179966991,0.375,1,1.4566666666666668,18.62,1.0
T0025073,C00551,2026-01-20 12:43:52,9975.1,CARD,FAILED,LIMIT_EXCEEDED,41,36.0,5.0,0.8780487804878049,0.46,1,NONE,21.0,18.0,3.0,1635.637142857143,0.14285714285714285,6.098602030139412,0.5121951219512195,1,0.46,38.00972222222222,1.0
T0009334,C00203,2026-01-20 13:08:49,2984.49,UPI,FAILED,INSUFFICIENT_FUNDS,36,34.0,2.0,0.9444444444444444,6.369722222222222,1,NONE,17.0,16.0,1.0,3166.026470588235,0.058823529411764705,0.9426611014548761,0.4722222222222222,1,6.369722222222222,213.0375,1.0
T0033473,C00727,2026-01-20 13:14:30,6449.65,NETBANKING,FAILED,INSUFFICIENT_FUNDS,32,29.0,3.0,0.90625,10.9225,1,NONE,17.0,16.0,1.0,2077.7435294117645,0.058823529411764705,3.104160792081002,0.53125,1,10.9225,37.775,1.0
T0028374,C00621,2026-01-20 14:18:29,3048.26,CARD,FAILED,LIMIT_EXCEEDED,14,13.0,1.0,0.9285714285714286,4.1819444444444445,0,NETWORK_ERROR,4.0,3.0,1.0,1796.5625,0.25,1.6967180379196383,0.2857142857142857,2,21.768055555555556,4.1819444444444445,1.0
T0038001,C00826,2026-01-20 14:27:41,519.74,UPI,FAILED,PAYMENT_TIMEOUT,37,36.0,1.0,0.972972972972973,0.18333333333333332,1,NONE,20.0,20.0,0.0,2025.0955,0.0,0.2566496246720217,0.5405405405405406,1,0.18333333333333332,202.95,1.0
T0002809,C00066,2026-01-20 14:44:37,1397.06,UPI,FAILED,INSUFFICIENT_FUNDS,16,13.0,3.0,0.8125,2.471388888888889,1,NONE,4.0,4.0,0.0,2727.8325,0.0,0.5121502145018069,0.25,1,2.471388888888889,233.53972222222222,1.0
T0042428,C00928,2026-01-20 15:11:48,629.1,UPI,FAILED,BANK_DECLINE,37,33.0,4.0,0.8918918918918919,24.79388888888889,1,NONE,18.0,16.0,2.0,2999.2122222222224,0.1111111111111111,0.20975508013030086,0.4864864864864865,1,24.79388888888889,28.378888888888888,1.0
T0014409,C00317,2026-01-20 15:51:08,7301.4,UPI,FAILED,NETWORK_ERROR,24,22.0,2.0,0.9166666666666666,84.04666666666667,1,NONE,9.0,8.0,1.0,1251.1833333333334,0.1111111111111111,5.835595636131129,0.375,1,84.04666666666667,169.0886111111111,1.0
T0005059,C00113,2026-01-20 15:55:18,2569.43,CARD,FAILED,NETWORK_ERROR,43,41.0,2.0,0.9534883720930233,0.5744444444444444,1,NONE,18.0,18.0,0.0,2075.792777777778,0.0,1.2378065997274934,0.4186046511627907,1,0.5744444444444444,207.63444444444445,1.0
T0014430,C00318,2026-01-20 16:06:12,1794.88,UPI,FAILED,PAYMENT_TIMEOUT,30,29.0,1.0,0.9666666666666667,7.774444444444445,1,NONE,11.0,11.0,0.0,2037.1554545454544,0.0,0.8810716904275169,0.36666666666666664,1,7.774444444444445,272.1825,1.0
T0015620,C00345,2026-01-20 16:10:43,1248.67,UPI,FAILED,NETWORK_ERROR,41,41.0,0.0,1.0,8.773333333333333,1,NONE,11.0,11.0,0.0,2903.384545454545,0.0,0.43007392939212336,0.2682926829268293,1,8.773333333333333,-1.0,1.0
T0005915,C00130,2026-01-20 16:12:17,2052.28,UPI,FAILED,NETWORK_ERROR,27,25.0,2.0,0.9259259259259259,19.378611111111113,1,NONE,10.0,9.0,1.0,1575.4940000000001,0.1,1.3026263508461473,0.37037037037037035,1,19.378611111111113,143.78527777777776,1.0
T0022383,C00492,2026-01-20 16:14:50,594.36,CARD,FAILED,INSUFFICIENT_FUNDS,37,37.0,0.0,1.0,24.134722222222223,1,NONE,17.0,17.0,0.0,2661.574705882353,0.0,0.2233114098531232,0.4594594594594595,1,24.134722222222223,-1.0,1.0
T0037966,C00826,2026-01-20 16:21:16,2641.52,UPI,FAILED,LIMIT_EXCEEDED,38,36.0,2.0,0.9473684210526315,1.8930555555555555,0,PAYMENT_TIMEOUT,21.0,20.0,1.0,1953.411904761905,0.047619047619047616,1.3522595995041642,0.5526315789473685,2,2.076388888888889,1.8930555555555555,1.0
T0028280,C00619,2026-01-20 16:37:25,1390.62,UPI,FAILED,BANK_DECLINE,41,38.0,3.0,0.926829268292683,36.239444444444445,1,NONE,12.0,10.0,2.0,1568.4516666666666,0.16666666666666666,0.8866196068096881,0.2926829268292683,1,36.239444444444445,51.55777777777778,1.0
T0005688,C00126,2026-01-20 17:43:48,2385.05,UPI,FAILED,BANK_DECLINE,33,32.0,1.0,0.9696969696969697,2.061111111111111,1,NONE,16.0,16.0,0.0,2885.025625,0.0,0.8266997628487268,0.48484848484848486,1,2.061111111111111,387.5777777777778,1.0
T0031261,C00680,2026-01-20 18:19:33,1474.36,UPI,FAILED,NETWORK_ERROR,34,31.0,3.0,0.9117647058823529,3.212222222222222,1,NONE,8.0,8.0,0.0,1587.40625,0.0,0.928785558202256,0.23529411764705882,1,3.212222222222222,192.37777777777777,1.0
T0025637,C00563,2026-01-20 18:48:56,1258.32,CARD,FAILED,BANK_DECLINE,14,14.0,0.0,1.0,101.64444444444445,1,NONE,6.0,6.0,0.0,2758.3483333333334,0.0,0.45618603886746234,0.42857142857142855,1,101.64444444444445,-1.0,1.0
T0018726,C00413,2026-01-20 19:03:29,1699.38,CARD,FAILED,LIMIT_EXCEEDED,60,58.0,2.0,0.9666666666666667,6.854444444444445,1,NONE,21.0,21.0,0.0,3370.6252380952383,0.0,0.5041735227023727,0.35,1,6.854444444444445,226.92638888888888,1.0
T0041443,C00904,2026-01-20 19:31:37,364.47,CARD,FAILED,INSUFFICIENT_FUNDS,11,10.0,1.0,0.9090909090909091,58.27194444444444,1,NONE,3.0,3.0,0.0,1303.0033333333333,0.0,0.27971532434043406,0.2727272727272727,1,58.27194444444444,428.63055555555553,1.0
T0012605,C00276,2026-01-20 19:35:40,6308.95,UPI,FAILED,PAYMENT_TIMEOUT,34,32.0,2.0,0.9411764705882353,14.126111111111111,1,NONE,11.0,11.0,0.0,1967.2727272727273,0.0,3.2069524029574863,0.3235294117647059,1,14.126111111111111,207.41222222222223,1.0
T0001238,C00027,2026-01-20 19:44:25,8023.38,UPI,FAILED,BANK_DECLINE,30,29.0,1.0,0.9666666666666667,22.096666666666668,1,NONE,17.0,16.0,1.0,3219.716470588235,0.058823529411764705,2.4919523421682364,0.5666666666666667,1,22.096666666666668,113.7136111111111,1.0
T0039054,C00850,2026-01-20 19:49:00,427.18,UPI,FAILED,INSUFFICIENT_FUNDS,19,19.0,0.0,1.0,43.55166666666667,1,NONE,9.0,9.0,0.0,2519.3844444444444,0.0,0.16955729044925436,0.47368421052631576,1,43.55166666666667,-1.0,1.0
T0004452,C00098,2026-01-20 19:51:09,269.95,UPI,FAILED,NETWORK_ERROR,37,34.0,3.0,0.918918918918919,13.802777777777777,1,NONE,11.0,10.0,1.0,1696.4609090909091,0.09090909090909091,0.1591253877725125,0.2972972972972973,1,13.802777777777777,152.46472222222224,1.0
T0016573,C00362,2026-01-20 20:17:21,5936.56,CARD,FAILED,INSUFFICIENT_FUNDS,43,41.0,2.0,0.9534883720930233,3.2333333333333334,1,NONE,14.0,14.0,0.0,1629.365,0.0,3.6434807424978444,0.32558139534883723,1,3.2333333333333334,209.25666666666666,1.0
T0030459,C00663,2026-01-20 20:22:40,243.07,UPI,FAILED,BANK_DECLINE,31,28.0,3.0,0.9032258064516129,17.552777777777777,1,NONE,12.0,12.0,0.0,1724.506666666667,0.0,0.1409504553959393,0.3870967741935484,1,17.552777777777777,375.0888888888889,1.0
T0028682,C00627,2026-01-20 20:43:36,1384.47,CARD,FAILED,INSUFFICIENT_FUNDS,34,30.0,4.0,0.8823529411764706,13.765833333333333,1,NONE,15.0,13.0,2.0,3017.744,0.13333333333333333,0.45877648998722226,0.4411764705882353,1,13.765833333333333,101.79194444444444,1.0
T0014656,C00323,2026-01-20 21:07:01,844.21,CARD,FAILED,BANK_DECLINE,27,25.0,2.0,0.9259259259259259,27.755555555555556,1,NONE,9.0,9.0,0.0,2651.597777777778,0.0,0.31837785016832615,0.3333333333333333,1,27.755555555555556,244.53083333333333,1.0
T0016455,C00360,2026-01-20 21:55:54,854.81,UPI,FAILED,PAYMENT_TIMEOUT,35,33.0,2.0,0.9428571428571428,7.081944444444445,1,NONE,12.0,12.0,0.0,2213.3916666666664,0.0,0.3861991589077095,0.34285714285714286,1,7.081944444444445,172.41583333333332,1.0
T0028418,C00622,2026-01-20 22:08:40,2722.45,UPI,FAILED,INSUFFICIENT_FUNDS,21,15.0,6.0,0.7142857142857143,25.221666666666668,1,NONE,6.0,3.0,3.0,2341.9400000000005,0.5,1.1624764084476968,0.2857142857142857,1,25.221666666666668,39.664722222222224,1.0
T0005614,C00124,2026-01-20 22:25:48,1507.34,UPI,FAILED,INSUFFICIENT_FUNDS,27,24.0,3.0,0.8888888888888888,5.695277777777778,1,NONE,9.0,9.0,0.0,1628.8100000000002,0.0,0.9254240826124592,0.3333333333333333,1,5.695277777777778,368.13305555555553,1.0
T0042824,C00936,2026-01-20 22:35:45,3502.47,NETBANKING,FAILED,BANK_DECLINE,33,30.0,3.0,0.9090909090909091,1.2125,1,NONE,19.0,17.0,2.0,2827.9152631578945,0.10526315789473684,1.2385342819957197,0.5757575757575758,1,1.2125,90.91083333333333,1.0
T0034892,C00758,2026-01-20 22:38:58,221.27,CARD,FAILED,BANK_DECLINE,29,29.0,0.0,1.0,33.43277777777778,1,NONE,14.0,14.0,0.0,1990.3785714285714,0.0,0.11116980617470475,0.4827586206896552,1,33.43277777777778,-1.0,1.0
T0003539,C00080,2026-01-20 22:53:14,3091.03,CARD,FAILED,INSUFFICIENT_FUNDS,44,41.0,3.0,0.9318181818181818,2.1622222222222223,1,NONE,16.0,15.0,1.0,1602.8575,0.0625,1.9284496594363505,0.36363636363636365,1,2.1622222222222223,96.3875,1.0
T0014590,C00322,2026-01-20 23:02:56,1648.88,UPI,FAILED,NETWORK_ERROR,19,18.0,1.0,0.9473684210526315,24.16,1,NONE,3.0,3.0,0.0,619.6166666666667,0.0,2.6611291927804825,0.15789473684210525,1,24.16,193.65222222222224,1.0
T0009833,C00215,2026-01-20 23:22:24,3195.95,CARD,FAILED,BANK_DECLINE,42,39.0,3.0,0.9285714285714286,29.836666666666666,1,NONE,11.0,9.0,2.0,2645.5336363636366,0.18181818181818182,1.2080549481853977,0.2619047619047619,1,29.836666666666666,46.66583333333333,1.0
T0025187,C00553,2026-01-20 23:29:04,2965.17,UPI,FAILED,NETWORK_ERROR,31,30.0,1.0,0.967741935483871,15.178055555555556,1,NONE,9.0,9.0,0.0,4318.678888888889,0.0,0.6865919130104345,0.2903225806451613,1,15.178055555555556,278.8280555555556,1.0
T0011057,C00240,2026-01-20 23:32:24,3689.3,CARD,FAILED,BANK_DECLINE,42,36.0,6.0,0.8571428571428571,14.340833333333334,1,NONE,18.0,18.0,0.0,2246.945555555556,0.0,1.6419178430372885,0.42857142857142855,1,14.340833333333334,183.61166666666668,1.0
T0044869,C00979,2026-01-20 23:43:09,573.24,UPI,FAILED,BANK_DECLINE,34,32.0,2.0,0.9411764705882353,56.28805555555556,1,NONE,12.0,11.0,1.0,1807.0983333333334,0.08333333333333333,0.31721572059812275,0.35294117647058826,1,56.28805555555556,166.51722222222222,1.0
T0043070,C00941,2026-01-20 23:51:52,5742.69,CARD,FAILED,INSUFFICIENT_FUNDS,43,39.0,4.0,0.9069767441860465,0.02861111111111111,1,NONE,21.0,17.0,4.0,2504.6619047619047,0.19047619047619047,2.292800473022687,0.4883720930232558,1,0.02861111111111111,46.065555555555555,1.0
T0005632,C00124,2026-01-21 00:07:41,1195.93,UPI,FAILED,BANK_DECLINE,28,24.0,4.0,0.8571428571428571,1.6980555555555557,0,INSUFFICIENT_FUNDS,10.0,9.0,1.0,1616.663,0.1,0.739752193252397,0.35714285714285715,2,7.3933333333333335,1.6980555555555557,1.0
T0024898,C00548,2026-01-21 00:23:08,851.55,UPI,FAILED,LIMIT_EXCEEDED,33,33.0,0.0,1.0,3.0394444444444444,1,NONE,15.0,15.0,0.0,1820.2113333333334,0.0,0.4678302922334659,0.45454545454545453,1,3.0394444444444444,-1.0,1.0
T0025325,C00556,2026-01-21 00:24:48,4119.37,NETBANKING,FAILED,BANK_DECLINE,31,31.0,0.0,1.0,1.5683333333333334,1,NONE,11.0,11.0,0.0,1472.722727272727,0.0,2.797111719480616,0.3548387096774194,1,1.5683333333333334,-1.0,1.0
T0030911,C00673,2026-01-21 00:26:03,6003.32,NETBANKING,FAILED,NETWORK_ERROR,24,24.0,0.0,1.0,1.79,1,NONE,12.0,12.0,0.0,1504.1875,0.0,3.9910715918062074,0.5,1,1.79,-1.0,1.0
T0004770,C00106,2026-01-21 00:51:02,1921.26,UPI,FAILED,INSUFFICIENT_FUNDS,24,23.0,1.0,0.9583333333333334,10.454444444444444,1,NONE,11.0,10.0,1.0,2411.841818181818,0.09090909090909091,0.7965945301704546,0.4583333333333333,1,10.454444444444444,81.36777777777777,1.0
T0034284,C00745,2026-01-21 01:19:50,3355.09,UPI,FAILED,LIMIT_EXCEEDED,40,39.0,1.0,0.975,27.261388888888888,1,NONE,19.0,19.0,0.0,2039.617894736842,0.0,1.64496007250068,0.475,1,27.261388888888888,304.78305555555556,1.0
T0021881,C00481,2026-01-21 01:26:51,758.27,UPI,FAILED,NETWORK_ERROR,28,27.0,1.0,0.9642857142857143,2.524722222222222,1,NONE,16.0,16.0,0.0,1894.378125,0.0,0.40027383656575954,0.5714285714285714,1,2.524722222222222,396.50138888888887,1.0
T0016024,C00351,2026-01-21 01:38:05,2849.03,CARD,FAILED,BANK_DECLINE,26,25.0,1.0,0.9615384615384616,17.781666666666666,1,NONE,7.0,7.0,0.0,4348.81,0.0,0.6551286443877751,0.2692307692307692,1,17.781666666666666,417.96416666666664,1.0
T0045360,C00989,2026-01-21 01:50:01,2520.9,UPI,FAILED,INSUFFICIENT_FUNDS,34,32.0,2.0,0.9411764705882353,33.92388888888889,1,NONE,14.0,13.0,1.0,2233.5414285714282,0.07142857142857142,1.1286560292782957,0.4117647058823529,1,33.92388888888889,140.29888888888888,1.0
T0030558,C00666,2026-01-21 01:52:31,2661.26,WALLET,FAILED,BANK_DECLINE,24,20.0,4.0,0.8333333333333334,1.6336111111111111,1,NONE,10.0,9.0,1.0,2302.002,0.1,1.1560632875210362,0.4166666666666667,1,1.6336111111111111,62.39388888888889,1.0
T0004875,C00108,2026-01-21 02:09:12,1245.64,CARD,FAILED,NETWORK_ERROR,35,34.0,1.0,0.9714285714285714,0.7841666666666667,1,NONE,11.0,11.0,0.0,1713.7081818181819,0.0,0.7268682108282996,0.3142857142857143,1,0.7841666666666667,308.99611111111113,1.0
T0038372,C00835,2026-01-21 02:13:37,4688.22,CARD,FAILED,BANK_DECLINE,31,25.0,6.0,0.8064516129032258,33.992777777777775,1,NONE,12.0,9.0,3.0,2405.545,0.25,1.9489221777185628,0.3870967741935484,1,33.992777777777775,83.09222222222222,1.0
T0012763,C00280,2026-01-21 02:22:46,1626.99,NETBANKING,FAILED,INSUFFICIENT_FUNDS,31,28.0,3.0,0.9032258064516129,4.529166666666667,1,NONE,10.0,10.0,0.0,1158.519,0.0,1.4043705800250148,0.3225806451612903,1,4.529166666666667,249.55833333333334,1.0
T0044270,C00965,2026-01-21 02:57:26,394.58,UPI,FAILED,NETWORK_ERROR,33,30.0,3.0,0.9090909090909091,1.0163888888888888,1,NONE,10.0,8.0,2.0,2014.297,0.2,0.19588968260390596,0.30303030303030304,1,1.0163888888888888,42.30555555555556,1.0
T0015365,C00339,2026-01-21 03:09:08,1216.83,UPI,FAILED,NETWORK_ERROR,40,39.0,1.0,0.975,7.943611111111111,1,NONE,12.0,12.0,0.0,2560.6225,0.0,0.47520866508046383,0.3,1,7.943611111111111,185.39305555555555,1.0
T0035676,C00775,2026-01-21 03:12:09,1801.61,UPI,FAILED,BANK_DECLINE,33,32.0,1.0,0.9696969696969697,16.739166666666666,1,NONE,14.0,14.0,0.0,2193.5792857142856,0.0,0.8213106367902948,0.42424242424242425,1,16.739166666666666,358.1897222222222,1.0
T0044745,C00976,2026-01-21 03:40:00,753.39,UPI,FAILED,BANK_DECLINE,37,35.0,2.0,0.9459459459459459,6.849166666666667,1,NONE,15.0,14.0,1.0,1465.998,0.06666666666666667,0.5139092959199125,0.40540540540540543,1,6.849166666666667,66.08611111111111,1.0
T0032496,C00707,2026-01-21 04:03:11,2420.0,NETBANKING,FAILED,NETWORK_ERROR,36,36.0,0.0,1.0,6.626111111111111,1,NONE,11.0,11.0,0.0,2813.68,0.0,0.8600835915953485,0.3055555555555556,1,6.626111111111111,-1.0,1.0
T0010020,C00218,2026-01-21 04:10:29,2236.15,CARD,FAILED,INSUFFICIENT_FUNDS,34,32.0,2.0,0.9411764705882353,9.20861111111111,1,NONE,14.0,14.0,0.0,2459.190714285715,0.0,0.9093032057294108,0.4117647058823529,1,9.20861111111111,394.26666666666665,1.0
T0044092,C00961,2026-01-21 04:30:40,426.11,CARD,FAILED,BANK_DECLINE,13,13.0,0.0,1.0,10.739166666666666,1,NONE,6.0,6.0,0.0,1497.005,0.0,0.28464166786350076,0.46153846153846156,1,10.739166666666666,-1.0,1.0
T0023878,C00525,2026-01-21 04:51:43,1968.96,CARD,FAILED,BANK_DECLINE,52,49.0,3.0,0.9423076923076923,4.428333333333334,1,NONE,21.0,18.0,3.0,2169.862857142857,0.14285714285714285,0.907412186681976,0.40384615384615385,1,4.428333333333334,44.245,1.0
T0041467,C00905,2026-01-21 05:12:12,1161.61,CARD,FAILED,PAYMENT_TIMEOUT,29,27.0,2.0,0.9310344827586207,5.980833333333333,1,NONE,11.0,9.0,2.0,1843.4945454545452,0.18181818181818182,0.6301130658965878,0.3793103448275862,1,5.980833333333333,63.562777777777775,1.0
T0036892,C00801,2026-01-21 05:45:05,862.71,UPI,FAILED,INSUFFICIENT_FUNDS,22,22.0,0.0,1.0,26.01527777777778,1,NONE,8.0,8.0,0.0,5149.148749999999,0.0,0.1675441984463937,0.36363636363636365,1,26.01527777777778,-1.0,1.0
T0009678,C00211,2026-01-21 05:52:29,1641.15,UPI,FAILED,BANK_DECLINE,33,31.0,2.0,0.9393939393939394,3.548611111111111,1,NONE,16.0,16.0,0.0,2052.440625,0.0,0.7996090020874538,0.48484848484848486,1,3.548611111111111,229.005,1.0
T0015133,C00334,2026-01-21 06:06:03,3116.64,NETBANKING,FAILED,BANK_DECLINE,29,25.0,4.0,0.8620689655172413,11.661944444444444,1,NONE,8.0,7.0,1.0,3489.32,0.125,0.8931940893927756,0.27586206896551724,1,11.661944444444444,111.25444444444445,1.0
T0019753,C00434,2026-01-21 06:15:44,2857.6,CARD,FAILED,BANK_DECLINE,28,24.0,4.0,0.8571428571428571,13.29861111111111,1,NONE,11.0,11.0,0.0,1861.3054545454545,0.0,1.5352665480141992,0.39285714285714285,1,13.29861111111111,175.2686111111111,1.0
T0018040,C00397,2026-01-21 06:33:28,1275.45,CARD,FAILED,INSUFFICIENT_FUNDS,26,26.0,0.0,1.0,8.113888888888889,1,NONE,11.0,11.0,0.0,1970.1545454545455,0.0,0.6473857611539473,0.4230769230769231,1,8.113888888888889,-1.0,1.0
T0017466,C00384,2026-01-21 06:35:05,5768.13,UPI,FAILED,NETWORK_ERROR,27,25.0,2.0,0.9259259259259259,9.618611111111111,1,NONE,9.0,8.0,1.0,1831.3155555555556,0.1111111111111111,3.149719327453731,0.3333333333333333,1,9.618611111111111,50.79694444444444,1.0
T0044966,C00981,2026-01-21 06:41:22,2134.77,CARD,FAILED,BANK_DECLINE,26,25.0,1.0,0.9615384615384616,10.374444444444444,1,NONE,8.0,8.0,0.0,2628.09,0.0,0.8122895334634658,0.3076923076923077,1,10.374444444444444,385.8352777777778,1.0
T0040033,C00872,2026-01-21 07:30:36,550.87,CARD,FAILED,PAYMENT_TIMEOUT,17,17.0,0.0,1.0,26.70916666666667,1,NONE,5.0,5.0,0.0,3855.964,0.0,0.14286181095051717,0.29411764705882354,1,26.70916666666667,-1.0,1.0
T0045148,C00984,2026-01-21 07:53:23,1299.18,NETBANKING,FAILED,NETWORK_ERROR,40,35.0,5.0,0.875,30.246388888888887,1,NONE,16.0,15.0,1.0,2695.00125,0.0625,0.48207027733289554,0.4,1,30.246388888888887,31.038333333333334,1.0
T0038880,C00846,2026-01-21 07:56:56,3097.95,WALLET,FAILED,LIMIT_EXCEEDED,32,29.0,3.0,0.90625,1.2763888888888888,1,NONE,11.0,10.0,1.0,1844.31,0.09090909090909091,1.6797338842168617,0.34375,1,1.2763888888888888,124.82527777777777,1.0
T0036608,C00796,2026-01-21 08:00:44,2234.67,UPI,FAILED,NETWORK_ERROR,34,33.0,1.0,0.9705882352941176,3.641388888888889,1,NONE,11.0,11.0,0.0,2641.531818181818,0.0,0.8459750454712057,0.3235294117647059,1,3.641388888888889,197.13416666666666,1.0
T0044597,C00973,2026-01-21 08:49:47,744.15,UPI,FAILED,INSUFFICIENT_FUNDS,40,36.0,4.0,0.9,5.845555555555555,1,NONE,12.0,10.0,2.0,2304.4666666666667,0.16666666666666666,0.3229163653195244,0.3,1,5.845555555555555,73.09583333333333,1.0
T0004814,C00107,2026-01-21 09:04:55,2733.56,WALLET,FAILED,NETWORK_ERROR,44,41.0,3.0,0.9318181818181818,4.599444444444444,1,NONE,13.0,13.0,0.0,1658.2392307692307,0.0,1.6484714323951588,0.29545454545454547,1,4.599444444444444,221.47027777777777,1.0
T0040128,C00874,2026-01-21 09:05:24,7111.82,CARD,FAILED,INSUFFICIENT_FUNDS,33,31.0,2.0,0.9393939393939394,125.44361111111111,1,NONE,3.0,3.0,0.0,1782.293333333333,0.0,3.990263480758873,0.09090909090909091,1,125.44361111111111,200.02805555555557,1.0
T0004879,C00108,2026-01-21 09:14:26,1877.53,CARD,FAILED,NETWORK_ERROR,36,34.0,2.0,0.9444444444444444,7.0872222222222225,0,NETWORK_ERROR,12.0,11.0,1.0,1674.7025,0.08333333333333333,1.1211125558121515,0.3333333333333333,2,7.871388888888889,7.0872222222222225,1.0
T0037367,C00812,2026-01-21 09:17:28,7201.38,UPI,FAILED,NETWORK_ERROR,37,36.0,1.0,0.972972972972973,0.5363888888888889,1,NONE,13.0,13.0,0.0,1680.5661538461536,0.0,4.285091654094591,0.35135135135135137,1,0.5363888888888889,356.7108333333333,1.0
T0005959,C00131,2026-01-21 09:19:27,1824.9,UPI,FAILED,BANK_DECLINE,39,37.0,2.0,0.9487179487179487,29.924444444444443,1,NONE,10.0,9.0,1.0,2921.77,0.1,0.6245871509393279,0.2564102564102564,1,29.924444444444443,109.64111111111112,1.0
T0045046,C00983,2026-01-21 09:19:31,515.41,CARD,FAILED,INSUFFICIENT_FUNDS,46,43.0,3.0,0.9347826086956522,5.9238888888888885,1,NONE,17.0,17.0,0.0,1841.2964705882353,0.0,0.2799168999847933,0.3695652173913043,1,5.9238888888888885,186.50555555555556,1.0
T0015714,C00346,2026-01-21 09:48:27,2017.53,UPI,FAILED,INSUFFICIENT_FUNDS,60,56.0,4.0,0.9333333333333333,15.075833333333334,1,NONE,20.0,19.0,1.0,2105.9715,0.05,0.9580044174386975,0.3333333333333333,1,15.075833333333334,134.58083333333335,1.0
T0008935,C00193,2026-01-21 09:51:05,3104.37,UPI,FAILED,INSUFFICIENT_FUNDS,38,32.0,6.0,0.8421052631578947,7.288055555555555,1,NONE,15.0,14.0,1.0,1103.5513333333333,0.06666666666666667,2.813072583241861,0.39473684210526316,1,7.288055555555555,156.35111111111112,1.0
T0020578,C00452,2026-01-21 10:11:12,2564.41,WALLET,FAILED,LIMIT_EXCEEDED,53,49.0,4.0,0.9245283018867925,8.243611111111111,1,NONE,22.0,22.0,0.0,1902.8,0.0,1.3477033844860205,0.41509433962264153,1,8.243611111111111,269.7866666666667,1.0
T0004152,C00091,2026-01-21 10:31:12,1752.66,UPI,FAILED,NETWORK_ERROR,30,27.0,3.0,0.9,5.296111111111111,1,NONE,10.0,10.0,0.0,1923.977,0.0,0.9109568357625897,0.3333333333333333,1,5.296111111111111,224.2888888888889,1.0
T0019587,C00431,2026-01-21 10:33:18,1216.68,UPI,FAILED,NETWORK_ERROR,24,23.0,1.0,0.9583333333333334,4.830555555555556,1,NONE,14.0,13.0,1.0,1709.5249999999999,0.07142857142857142,0.7117064681709833,0.5833333333333334,1,4.830555555555556,192.00194444444443,1.0
T0011656,C00255,2026-01-21 10:43:39,2490.88,CARD,FAILED,LIMIT_EXCEEDED,49,46.0,3.0,0.9387755102040817,4.040555555555556,1,NONE,15.0,15.0,0.0,1894.6399999999999,0.0,1.314698306802348,0.30612244897959184,1,4.040555555555556,196.72972222222222,1.0
T0001142,C00025,2026-01-21 10:47:01,897.12,UPI,FAILED,INSUFFICIENT_FUNDS,35,30.0,5.0,0.8571428571428571,10.97861111111111,1,NONE,11.0,9.0,2.0,1963.9645454545455,0.18181818181818182,0.4567903234690869,0.3142857142857143,1,10.97861111111111,51.401666666666664,1.0
T0001894,C00043,2026-01-21 10:54:19,1063.04,NETBANKING,FAILED,BANK_DECLINE,24,24.0,0.0,1.0,11.925833333333333,1,NONE,11.0,11.0,0.0,1614.14,0.0,0.6585798010085866,0.4583333333333333,1,11.925833333333333,-1.0,1.0
T0015618,C00345,2026-01-21 10:54:27,1729.59,UPI,FAILED,PAYMENT_TIMEOUT,42,41.0,1.0,0.9761904761904762,18.72888888888889,0,NETWORK_ERROR,11.0,10.0,1.0,2877.38,0.09090909090909091,0.6010989163753137,0.2619047619047619,2,27.502222222222223,18.72888888888889,1.0
T0042561,C00930,2026-01-21 11:16:01,5136.89,WALLET,FAILED,INSUFFICIENT_FUNDS,28,27.0,1.0,0.9642857142857143,16.2625,1,NONE,15.0,15.0,0.0,2021.4106666666667,0.0,2.5412401768270083,0.5357142857142857,1,16.2625,359.93555555555554,1.0
T0004375,C00096,2026-01-21 11:20:48,4312.62,UPI,FAILED,NETWORK_ERROR,40,36.0,4.0,0.9,13.69111111111111,1,NONE,11.0,11.0,0.0,2792.2145454545457,0.0,1.5445159853566863,0.275,1,13.69111111111111,184.67944444444444,1.0
T0017634,C00387,2026-01-21 11:33:21,1253.36,CARD,FAILED,NETWORK_ERROR,28,27.0,1.0,0.9642857142857143,21.32111111111111,1,NONE,6.0,6.0,0.0,2022.6466666666665,0.0,0.6196633453857487,0.21428571428571427,1,21.32111111111111,419.25416666666666,1.0
T0033065,C00719,2026-01-21 11:38:31,1456.51,UPI,FAILED,NETWORK_ERROR,25,24.0,1.0,0.96,24.837777777777777,1,NONE,8.0,8.0,0.0,1897.47375,0.0,0.7676048219375894,0.32,1,24.837777777777777,386.27916666666664,1.0
T0036682,C00797,2026-01-21 11:46:50,1391.12,UPI,FAILED,NETWORK_ERROR,53,50.0,3.0,0.9433962264150944,15.665277777777778,1,NONE,10.0,10.0,0.0,2171.734,0.0,0.6405572689841389,0.18867924528301888,1,15.665277777777778,171.2775,1.0
T0012402,C00272,2026-01-21 11:55:54,19350.93,UPI,FAILED,NETWORK_ERROR,42,38.0,4.0,0.9047619047619048,20.254722222222224,1,NONE,16.0,12.0,4.0,2724.92875,0.25,7.101444395564471,0.38095238095238093,1,20.254722222222224,23.233333333333334,1.0
T0017679,C00388,2026-01-21 12:29:01,599.25,NETBANKING,FAILED,LIMIT_EXCEEDED,27,26.0,1.0,0.9629629629629629,10.490277777777777,1,NONE,13.0,13.0,0.0,2415.2853846153844,0.0,0.24810732670227537,0.48148148148148145,1,10.490277777777777,199.83916666666667,1.0
T0005645,C00124,2026-01-21 12:44:38,660.48,UPI,FAILED,LIMIT_EXCEEDED,29,24.0,5.0,0.8275862068965517,12.615833333333333,0,BANK_DECLINE,11.0,9.0,2.0,1578.4145454545455,0.18181818181818182,0.41844520623686826,0.3793103448275862,3,20.009166666666665,12.615833333333333,1.0
T0023142,C00509,2026-01-21 12:49:51,8762.09,UPI,FAILED,PAYMENT_TIMEOUT,24,24.0,0.0,1.0,1.5538888888888889,1,NONE,6.0,6.0,0.0,2063.138333333333,0.0,4.246971644331492,0.25,1,1.5538888888888889,-1.0,1.0
T0019670,C00433,2026-01-21 12:50:53,1497.11,UPI,FAILED,PAYMENT_TIMEOUT,52,46.0,6.0,0.8846153846153846,4.315555555555555,1,NONE,17.0,16.0,1.0,2083.858823529412,0.058823529411764705,0.718431586197552,0.3269230769230769,1,4.315555555555555,35.00222222222222,1.0
T0023726,C00522,2026-01-21 12:56:55,2467.01,CARD,FAILED,BANK_DECLINE,27,24.0,3.0,0.8888888888888888,10.610555555555555,1,NONE,11.0,9.0,2.0,2761.6336363636365,0.18181818181818182,0.8933154519541628,0.4074074074074074,1,10.610555555555555,74.34583333333333,1.0
T0038879,C00846,2026-01-21 13:31:46,790.02,WALLET,FAILED,BANK_DECLINE,33,29.0,4.0,0.8787878787878788,5.580555555555556,0,LIMIT_EXCEEDED,11.0,9.0,2.0,1837.9745454545455,0.18181818181818182,0.42983185047572126,0.3333333333333333,2,6.856944444444444,5.580555555555556,1.0
T0012622,C00277,2026-01-21 14:32:55,2930.62,CARD,FAILED,INSUFFICIENT_FUNDS,22,19.0,3.0,0.8636363636363636,32.342777777777776,1,NONE,8.0,8.0,0.0,2546.9125000000004,0.0,1.1506559412622144,0.36363636363636365,1,32.342777777777776,233.68416666666667,1.0
T0026961,C00591,2026-01-21 14:45:21,4189.16,UPI,FAILED,NETWORK_ERROR,46,44.0,2.0,0.9565217391304348,43.14111111111111,1,NONE,15.0,15.0,0.0,2307.872666666667,0.0,1.8151608017657817,0.32608695652173914,1,43.14111111111111,197.62527777777777,1.0
T0034943,C00759,2026-01-21 15:38:53,2167.47,UPI,FAILED,BANK_DECLINE,30,29.0,1.0,0.9666666666666667,9.489722222222222,1,NONE,6.0,6.0,0.0,2705.6566666666663,0.0,0.8010883371504391,0.2,1,9.489722222222222,389.96305555555557,1.0
T0023681,C00521,2026-01-21 15:39:06,1900.6,UPI,FAILED,BANK_DECLINE,18,18.0,0.0,1.0,40.31194444444444,1,NONE,8.0,8.0,0.0,1986.44625,0.0,0.9567840056080047,0.4444444444444444,1,40.31194444444444,-1.0,1.0
T0020877,C00460,2026-01-21 15:49:55,328.99,UPI,FAILED,BANK_DECLINE,34,29.0,5.0,0.8529411764705882,27.270555555555557,1,NONE,15.0,13.0,2.0,1293.5286666666666,0.13333333333333333,0.2543352988440406,0.4411764705882353,1,27.270555555555557,86.95583333333333,1.0
T0008724,C00189,2026-01-21 16:06:27,1121.91,UPI,FAILED,NETWORK_ERROR,22,21.0,1.0,0.9545454545454546,6.791111111111111,1,NONE,11.0,11.0,0.0,2296.998181818182,0.0,0.4884244179557668,0.5,1,6.791111111111111,285.67555555555555,1.0
T0006902,C00151,2026-01-21 16:14:15,1236.21,UPI,FAILED,NETWORK_ERROR,42,40.0,2.0,0.9523809523809523,4.299722222222222,1,NONE,14.0,14.0,0.0,2054.7042857142856,0.0,0.6016486209694409,0.3333333333333333,1,4.299722222222222,240.63861111111112,1.0
T0034476,C00749,2026-01-21 16:14:17,2746.77,CARD,FAILED,BANK_DECLINE,51,47.0,4.0,0.9215686274509803,12.811111111111112,1,NONE,19.0,19.0,0.0,1722.487894736842,0.0,1.5946527162210598,0.37254901960784315,1,12.811111111111112,253.34722222222223,1.0
T0037561,C00816,2026-01-21 17:40:35,2283.32,UPI,FAILED,INSUFFICIENT_FUNDS,53,47.0,6.0,0.8867924528301887,4.191388888888889,1,NONE,17.0,15.0,2.0,2170.5494117647063,0.11764705882352941,1.0519548588131928,0.32075471698113206,1,4.191388888888889,38.48888888888889,1.0
T0041181,C00898,2026-01-21 17:45:03,5765.59,UPI,FAILED,BANK_DECLINE,27,26.0,1.0,0.9629629629629629,5.940277777777778,1,NONE,8.0,8.0,0.0,3044.61125,0.0,1.893703178032992,0.2962962962962963,1,5.940277777777778,480.15944444444443,1.0
T0006659,C00145,2026-01-21 17:55:12,5457.57,CARD,FAILED,BANK_DECLINE,35,29.0,6.0,0.8285714285714286,2.5766666666666667,1,NONE,17.0,13.0,4.0,2239.6705882352944,0.23529411764705882,2.4367735276196076,0.4857142857142857,1,2.5766666666666667,33.254444444444445,1.0
T0001093,C00024,2026-01-21 18:46:40,809.86,WALLET,FAILED,NETWORK_ERROR,21,17.0,4.0,0.8095238095238095,5.438055555555556,1,NONE,9.0,6.0,3.0,1946.1777777777777,0.3333333333333333,0.4161284797551897,0.42857142857142855,1,5.438055555555556,53.138333333333335,1.0
T0031807,C00690,2026-01-21 18:58:06,3096.55,UPI,FAILED,INSUFFICIENT_FUNDS,28,26.0,2.0,0.9285714285714286,21.93777777777778,1,NONE,15.0,13.0,2.0,1391.0913333333333,0.13333333333333333,2.2259861202499525,0.5357142857142857,1,21.93777777777778,143.0388888888889,1.0
T0038580,C00840,2026-01-21 19:06:53,1312.56,CARD,FAILED,BANK_DECLINE,33,32.0,1.0,0.9696969696969697,5.465277777777778,1,NONE,12.0,12.0,0.0,1772.5391666666667,0.0,0.7404970365017792,0.36363636363636365,1,5.465277777777778,287.46166666666664,1.0
T0022648,C00498,2026-01-21 19:07:48,4321.05,CARD,FAILED,BANK_DECLINE,26,23.0,3.0,0.8846153846153846,3.553611111111111,1,NONE,12.0,11.0,1.0,1664.82,0.08333333333333333,2.5955058204490578,0.46153846153846156,1,3.553611111111111,144.9325,1.0
T0026990,C00592,2026-01-21 19:48:34,6832.8,CARD,FAILED,PAYMENT_TIMEOUT,29,28.0,1.0,0.9655172413793104,32.07833333333333,1,NONE,11.0,11.0,0.0,3066.277272727273,0.0,2.2283699066531666,0.3793103448275862,1,32.07833333333333,379.0416666666667,1.0
T0024586,C00542,2026-01-21 19:57:46,1414.13,WALLET,FAILED,INSUFFICIENT_FUNDS,49,45.0,4.0,0.9183673469387755,14.461944444444445,1,NONE,20.0,18.0,2.0,1840.8635,0.1,0.7681884072338879,0.40816326530612246,1,14.461944444444445,46.49194444444444,1.0
T0014501,C00320,2026-01-21 20:21:34,1483.74,NETBANKING,FAILED,PAYMENT_TIMEOUT,44,39.0,5.0,0.8863636363636364,28.678055555555556,1,NONE,12.0,11.0,1.0,1761.5508333333335,0.08333333333333333,0.8422919009338835,0.2727272727272727,1,28.678055555555556,62.98166666666667,1.0
T0003624,C00082,2026-01-21 20:23:49,457.22,UPI,FAILED,LIMIT_EXCEEDED,53,47.0,6.0,0.8867924528301887,4.756666666666667,1,NONE,16.0,13.0,3.0,3147.3018749999997,0.1875,0.14527364013977848,0.3018867924528302,1,4.756666666666667,63.318333333333335,1.0
T0005799,C00128,2026-01-21 20:38:17,3964.85,NETBANKING,FAILED,NETWORK_ERROR,32,31.0,1.0,0.96875,13.95888888888889,1,NONE,8.0,8.0,0.0,2758.8175,0.0,1.4371555929306667,0.25,1,13.95888888888889,178.61694444444444,1.0
T0018706,C00412,2026-01-21 21:26:32,11499.25,NETBANKING,FAILED,BANK_DECLINE,17,16.0,1.0,0.9411764705882353,35.04138888888889,1,NONE,6.0,5.0,1.0,1955.3066666666666,0.16666666666666666,5.881046792319022,0.35294117647058826,1,35.04138888888889,156.5936111111111,1.0
T0023870,C00525,2026-01-21 21:40:13,531.95,CARD,FAILED,INSUFFICIENT_FUNDS,54,50.0,4.0,0.9259259259259259,10.642777777777777,1,NONE,21.0,17.0,4.0,2127.968571428571,0.19047619047619047,0.24998019573328828,0.3888888888888889,1,10.642777777777777,16.808333333333334,1.0
T0032473,C00707,2026-01-21 21:46:28,4237.6,NETBANKING,FAILED,PAYMENT_TIMEOUT,37,36.0,1.0,0.972972972972973,17.72138888888889,0,NETWORK_ERROR,9.0,8.0,1.0,2002.8222222222223,0.1111111111111111,2.1158143508604526,0.24324324324324326,2,24.3475,17.72138888888889,1.0
T0000527,C00013,2026-01-21 21:54:02,4500.17,CARD,FAILED,INSUFFICIENT_FUNDS,41,41.0,0.0,1.0,7.795555555555556,1,NONE,15.0,15.0,0.0,2150.6226666666666,0.0,2.092496312695796,0.36585365853658536,1,7.795555555555556,-1.0,1.0
T0008720,C00189,2026-01-21 22:05:37,7580.58,UPI,FAILED,INSUFFICIENT_FUNDS,24,22.0,2.0,0.9166666666666666,4.078055555555555,1,NONE,13.0,12.0,1.0,2115.2984615384617,0.07692307692307693,3.5836928631275162,0.5416666666666666,1,4.078055555555555,5.986111111111111,1.0
T0031471,C00683,2026-01-21 22:39:08,1025.29,UPI,FAILED,PAYMENT_TIMEOUT,46,41.0,5.0,0.8913043478260869,25.189444444444444,1,NONE,10.0,10.0,0.0,2550.809,0.0,0.40194699015096774,0.21739130434782608,1,25.189444444444444,227.55194444444444,1.0
T0010452,C00227,2026-01-21 23:04:37,2267.1,NETBANKING,FAILED,NETWORK_ERROR,45,39.0,6.0,0.8666666666666667,3.2444444444444445,1,NONE,14.0,14.0,0.0,1267.3664285714287,0.0,1.7888275631187955,0.3111111111111111,1,3.2444444444444445,173.35722222222222,1.0
T0020862,C00459,2026-01-21 23:18:00,5537.97,UPI,FAILED,BANK_DECLINE,17,16.0,1.0,0.9411764705882353,57.08777777777778,1,NONE,6.0,6.0,0.0,1301.09,0.0,4.256408088602633,0.35294117647058826,1,57.08777777777778,267.03027777777777,1.0
T0010459,C00227,2026-01-21 23:31:45,1380.89,NETBANKING,FAILED,INSUFFICIENT_FUNDS,46,39.0,7.0,0.8478260869565217,0.45222222222222225,0,NETWORK_ERROR,15.0,14.0,1.0,1334.0153333333333,0.06666666666666667,1.0351380268992412,0.32608695652173914,2,3.6966666666666668,0.45222222222222225,1.0
T0009388,C00205,2026-01-21 23:46:52,9766.3,UPI,FAILED,PAYMENT_TIMEOUT,58,54.0,4.0,0.9310344827586207,15.973888888888888,1,NONE,16.0,15.0,1.0,2951.0199999999995,0.0625,3.3094658795941747,0.27586206896551724,1,15.973888888888888,122.56388888888888,1.0
T0008819,C00191,2026-01-21 23:47:38,541.66,UPI,FAILED,PAYMENT_TIMEOUT,22,20.0,2.0,0.9090909090909091,11.64611111111111,1,NONE,8.0,7.0,1.0,3403.9,0.125,0.1591292341138106,0.36363636363636365,1,11.64611111111111,89.355,1.0
T0022168,C00488,2026-01-21 23:54:59,6466.34,UPI,FAILED,INSUFFICIENT_FUNDS,25,23.0,2.0,0.92,11.728055555555555,1,NONE,9.0,8.0,1.0,2615.6944444444443,0.1111111111111111,2.472131258960336,0.36,1,11.728055555555555,119.14,1.0
T0007085,C00155,2026-01-22 00:02:21,2794.7,UPI,FAILED,PAYMENT_TIMEOUT,42,39.0,3.0,0.9285714285714286,41.97694444444444,1,NONE,13.0,12.0,1.0,1803.7861538461536,0.07692307692307693,1.5493521746139105,0.30952380952380953,1,41.97694444444444,49.0325,1.0
T0008762,C00190,2026-01-22 00:33:57,196.1,NETBANKING,FAILED,INSUFFICIENT_FUNDS,39,36.0,3.0,0.9230769230769231,18.741944444444446,1,NONE,13.0,13.0,0.0,2600.3969230769235,0.0,0.07541156438839514,0.3333333333333333,1,18.741944444444446,197.26583333333335,1.0
T0023051,C00506,2026-01-22 00:57:15,7106.23,UPI,FAILED,BANK_DECLINE,39,37.0,2.0,0.9487179487179487,20.09722222222222,1,NONE,12.0,11.0,1.0,1508.0541666666666,0.08333333333333333,4.712184851892477,0.3076923076923077,1,20.09722222222222,95.0175,1.0
T0042662,C00933,2026-01-22 01:08:21,770.31,UPI,FAILED,BANK_DECLINE,32,30.0,2.0,0.9375,4.28,1,NONE,8.0,8.0,0.0,2259.87625,0.0,0.34086379729863525,0.25,1,4.28,243.52805555555557,1.0
T0029731,C00647,2026-01-22 01:54:16,2457.19,CARD,FAILED,BANK_DECLINE,26,25.0,1.0,0.9615384615384616,10.125833333333333,1,NONE,6.0,5.0,1.0,2547.525,0.16666666666666666,0.9645400928352028,0.23076923076923078,1,10.125833333333333,70.6725,1.0
T0035372,C00769,2026-01-22 02:19:47,568.85,UPI,FAILED,BANK_DECLINE,47,45.0,2.0,0.9574468085106383,7.309722222222222,1,NONE,22.0,22.0,0.0,1799.135909090909,0.0,0.31617955993521135,0.46808510638297873,1,7.309722222222222,197.57805555555555,1.0
T0005517,C00121,2026-01-22 02:24:43,1940.66,UPI,FAILED,LIMIT_EXCEEDED,44,42.0,2.0,0.9545454545454546,26.069444444444443,1,NONE,14.0,14.0,0.0,2074.7214285714285,0.0,0.9353834077552581,0.3181818181818182,1,26.069444444444443,273.7297222222222,1.0
T0030676,C00668,2026-01-22 02:27:35,307.9,CARD,FAILED,INSUFFICIENT_FUNDS,32,28.0,4.0,0.875,14.523888888888889,1,NONE,9.0,8.0,1.0,2901.13,0.1111111111111111,0.10613105927690243,0.28125,1,14.523888888888889,49.73861111111111,1.0
T0031778,C00690,2026-01-22 02:44:24,672.54,UPI,FAILED,PAYMENT_TIMEOUT,30,27.0,3.0,0.9,3.1358333333333333,1,NONE,16.0,14.0,2.0,1469.1512500000001,0.125,0.45777451436671335,0.5333333333333333,1,3.1358333333333333,7.7716666666666665,1.0
T0008457,C00183,2026-01-22 03:00:48,2006.3,UPI,FAILED,NETWORK_ERROR,21,21.0,0.0,1.0,12.084444444444445,1,NONE,11.0,11.0,0.0,1235.81,0.0,1.623469627208066,0.5238095238095238,1,12.084444444444445,-1.0,1.0
T0003322,C00077,2026-01-22 03:12:56,2150.7,CARD,FAILED,INSUFFICIENT_FUNDS,60,59.0,1.0,0.9833333333333333,8.338888888888889,1,NONE,20.0,20.0,0.0,2079.6459999999997,0.0,1.0341663917801396,0.3333333333333333,1,8.338888888888889,329.7136111111111,1.0
T0027014,C00592,2026-01-22 03:16:22,362.81,CARD,FAILED,INSUFFICIENT_FUNDS,30,28.0,2.0,0.9333333333333333,7.463333333333333,0,PAYMENT_TIMEOUT,11.0,10.0,1.0,3488.4672727272728,0.09090909090909091,0.1040026956355409,0.36666666666666664,2,39.541666666666664,7.463333333333333,1.0
T0019212,C00422,2026-01-22 03:17:36,307.99,UPI,FAILED,PAYMENT_TIMEOUT,36,34.0,2.0,0.9444444444444444,15.11138888888889,1,NONE,13.0,12.0,1.0,1849.5476923076922,0.07692307692307693,0.16652179410184278,0.3611111111111111,1,15.11138888888889,144.84305555555557,1.0
T0003522,C00080,2026-01-22 03:27:48,638.03,CARD,FAILED,INSUFFICIENT_FUNDS,51,47.0,4.0,0.9215686274509803,1.621388888888889,1,NONE,20.0,18.0,2.0,1592.9720000000002,0.1,0.4005280695454784,0.39215686274509803,1,1.621388888888889,28.57611111111111,1.0
T0010114,C00220,2026-01-22 04:04:29,639.4,WALLET,FAILED,INSUFFICIENT_FUNDS,51,46.0,5.0,0.9019607843137255,12.873888888888889,1,NONE,23.0,20.0,3.0,2382.541739130435,0.13043478260869565,0.2683688556211251,0.45098039215686275,1,12.873888888888889,75.11805555555556,1.0
T0015946,C00350,2026-01-22 04:36:39,1747.37,NETBANKING,FAILED,PAYMENT_TIMEOUT,42,37.0,5.0,0.8809523809523809,57.53,1,NONE,14.0,12.0,2.0,1591.1042857142857,0.14285714285714285,1.0982121132403102,0.3333333333333333,1,57.53,93.91555555555556,1.0
T0001287,C00028,2026-01-22 04:41:48,520.2,CARD,FAILED,INSUFFICIENT_FUNDS,35,33.0,2.0,0.9428571428571428,27.76361111111111,1,NONE,9.0,9.0,0.0,2305.797777777778,0.0,0.22560521352455504,0.2571428571428571,1,27.76361111111111,297.56361111111113,1.0
T0034445,C00748,2026-01-22 05:19:08,2867.29,UPI,FAILED,INSUFFICIENT_FUNDS,21,21.0,0.0,1.0,0.8575,1,NONE,12.0,12.0,0.0,1831.7641666666666,0.0,1.5653161319438411,0.5714285714285714,1,0.8575,-1.0,1.0
T0018351,C00404,2026-01-22 05:22:25,1904.8,NETBANKING,FAILED,NETWORK_ERROR,40,37.0,3.0,0.925,3.1441666666666666,1,NONE,14.0,13.0,1.0,2470.572142857143,0.07142857142857142,0.7709954981509488,0.35,1,3.1441666666666666,167.06,1.0
T0042807,C00935,2026-01-22 06:13:10,1080.42,UPI,FAILED,NETWORK_ERROR,59,53.0,6.0,0.8983050847457628,2.0305555555555554,1,NONE,22.0,20.0,2.0,2151.227727272727,0.09090909090909091,0.5022341364899241,0.3728813559322034,1,2.0305555555555554,45.00222222222222,1.0
T0000950,C00021,2026-01-22 06:20:08,10058.23,UPI,FAILED,NETWORK_ERROR,39,39.0,0.0,1.0,15.957222222222223,1,NONE,13.0,13.0,0.0,2169.341538461538,0.0,4.636535935753636,0.3333333333333333,1,15.957222222222223,-1.0,1.0
T0015985,C00350,2026-01-22 06:36:29,1004.34,NETBANKING,FAILED,LIMIT_EXCEEDED,43,37.0,6.0,0.8604651162790697,1.9972222222222222,0,PAYMENT_TIMEOUT,15.0,12.0,3.0,1601.522,0.2,0.6271159559469055,0.3488372093023256,2,59.52722222222222,1.9972222222222222,1.0
T0019643,C00432,2026-01-22 06:39:55,1172.61,CARD,FAILED,INSUFFICIENT_FUNDS,17,16.0,1.0,0.9411764705882353,32.687777777777775,1,NONE,8.0,8.0,0.0,2129.3624999999997,0.0,0.5506859447369812,0.47058823529411764,1,32.687777777777775,488.6322222222222,1.0
T0017256,C00378,2026-01-22 07:03:14,913.31,UPI,FAILED,INSUFFICIENT_FUNDS,40,36.0,4.0,0.9,5.214166666666666,1,NONE,11.0,10.0,1.0,3280.6718181818183,0.09090909090909091,0.27839114992799424,0.275,1,5.214166666666666,170.86888888888888,1.0
T0045332,C00989,2026-01-22 07:28:26,452.55,UPI,FAILED,BANK_DECLINE,38,35.0,3.0,0.9210526315789473,7.3005555555555555,1,NONE,16.0,14.0,2.0,2147.716875,0.125,0.2107121312253972,0.42105263157894735,1,7.3005555555555555,29.64027777777778,1.0
T0011049,C00240,2026-01-22 08:03:11,788.41,CARD,FAILED,BANK_DECLINE,43,36.0,7.0,0.8372093023255814,32.51305555555555,0,BANK_DECLINE,15.0,14.0,1.0,2437.584666666667,0.06666666666666667,0.32343902174201394,0.3488372093023256,2,46.85388888888889,32.51305555555555,1.0
T0027976,C00613,2026-01-22 08:08:17,1094.02,UPI,FAILED,PAYMENT_TIMEOUT,34,28.0,6.0,0.8235294117647058,16.30027777777778,1,NONE,14.0,10.0,4.0,1919.094285714286,0.2857142857142857,0.5700710007548203,0.4117647058823529,1,16.30027777777778,91.51722222222222,1.0
T0017950,C00394,2026-01-22 08:17:49,527.85,NETBANKING,FAILED,PAYMENT_TIMEOUT,25,23.0,2.0,0.92,18.954166666666666,1,NONE,8.0,8.0,0.0,2948.9474999999998,0.0,0.1789960655454192,0.32,1,18.954166666666666,228.22027777777777,1.0
T0000192,C00005,2026-01-22 08:23:32,615.14,NETBANKING,FAILED,NETWORK_ERROR,39,36.0,3.0,0.9230769230769231,2.011111111111111,1,NONE,17.0,16.0,1.0,1971.2135294117645,0.058823529411764705,0.31206157568508863,0.4358974358974359,1,2.011111111111111,140.7475,1.0
T0028819,C00630,2026-01-22 08:53:05,4350.36,CARD,FAILED,INSUFFICIENT_FUNDS,42,39.0,3.0,0.9285714285714286,5.006666666666667,1,NONE,16.0,15.0,1.0,2566.69125,0.0625,1.6949292206454516,0.38095238095238093,1,5.006666666666667,87.15555555555555,1.0
T0011220,C00244,2026-01-22 09:02:58,765.01,UPI,FAILED,BANK_DECLINE,20,18.0,2.0,0.9,5.5872222222222225,1,NONE,11.0,10.0,1.0,1808.6345454545453,0.09090909090909091,0.4229765498633324,0.55,1,5.5872222222222225,72.18472222222222,1.0
T0043853,C00955,2026-01-22 09:23:34,1719.81,CARD,FAILED,INSUFFICIENT_FUNDS,44,42.0,2.0,0.9545454545454546,10.0575,1,NONE,13.0,12.0,1.0,2007.7307692307693,0.07692307692307693,0.8565939349820885,0.29545454545454547,1,10.0575,116.91305555555556,1.0
T0033079,C00720,2026-01-22 09:55:07,2065.87,UPI,FAILED,INSUFFICIENT_FUNDS,34,32.0,2.0,0.9411764705882353,1.9758333333333333,1,NONE,14.0,14.0,0.0,2338.255,0.0,0.8835092836324523,0.4117647058823529,1,1.9758333333333333,187.15555555555557,1.0
T0002751,C00064,2026-01-22 09:55:40,7588.89,CARD,FAILED,BANK_DECLINE,28,25.0,3.0,0.8928571428571429,4.256944444444445,1,NONE,12.0,10.0,2.0,2795.2975,0.16666666666666666,2.714877396770827,0.42857142857142855,1,4.256944444444445,50.00555555555555,1.0
T0013475,C00295,2026-01-22 10:41:37,2471.12,CARD,FAILED,BANK_DECLINE,40,39.0,1.0,0.975,4.7275,1,NONE,15.0,15.0,0.0,1666.9806666666666,0.0,1.4823927172120772,0.375,1,4.7275,351.6852777777778,1.0
T0020222,C00445,2026-01-22 10:46:37,4322.65,NETBANKING,FAILED,INSUFFICIENT_FUNDS,27,25.0,2.0,0.9259259259259259,8.254722222222222,1,NONE,12.0,11.0,1.0,1860.3175,0.08333333333333333,2.3236087388308713,0.4444444444444444,1,8.254722222222222,84.68138888888889,1.0
T0004447,C00098,2026-01-22 10:46:56,3616.09,UPI,FAILED,PAYMENT_TIMEOUT,40,36.0,4.0,0.9,13.058333333333334,1,NONE,11.0,9.0,2.0,1741.6018181818183,0.18181818181818182,2.0763012315726064,0.275,1,13.058333333333334,38.929722222222225,1.0
T0028422,C00622,2026-01-22 11:24:29,968.12,UPI,FAILED,INSUFFICIENT_FUNDS,24,17.0,7.0,0.7083333333333334,26.878055555555555,1,NONE,9.0,5.0,4.0,2474.098888888889,0.4444444444444444,0.3913020632876885,0.375,1,26.878055555555555,37.26361111111111,1.0
T0036658,C00797,2026-01-22 11:30:12,6287.22,UPI,FAILED,PAYMENT_TIMEOUT,57,53.0,4.0,0.9298245614035088,15.525555555555556,1,NONE,14.0,13.0,1.0,2309.197857142857,0.07142857142857142,2.7226857068796617,0.24561403508771928,1,15.525555555555556,23.72277777777778,1.0
T0036848,C00800,2026-01-22 11:55:01,1941.19,UPI,FAILED,NETWORK_ERROR,37,35.0,2.0,0.9459459459459459,51.404444444444444,1,NONE,9.0,9.0,0.0,1825.9911111111114,0.0,1.063088417127502,0.24324324324324326,1,51.404444444444444,202.95583333333335,1.0
T0040194,C00875,2026-01-22 12:14:36,1489.17,CARD,FAILED,BANK_DECLINE,13,12.0,1.0,0.9230769230769231,4.220833333333333,1,NONE,7.0,6.0,1.0,3017.4728571428573,0.14285714285714285,0.4935156240013521,0.5384615384615384,1,4.220833333333333,85.72805555555556,1.0
T0015111,C00334,2026-01-22 12:18:28,824.26,NETBANKING,FAILED,BANK_DECLINE,31,26.0,5.0,0.8387096774193549,10.72638888888889,1,NONE,9.0,7.0,2.0,3363.513333333334,0.2222222222222222,0.2450592336980974,0.2903225806451613,1,10.72638888888889,30.206944444444446,1.0
T0010350,C00225,2026-01-22 12:38:20,5823.22,UPI,FAILED,NETWORK_ERROR,22,22.0,0.0,1.0,5.769722222222223,1,NONE,8.0,8.0,0.0,2974.2125,0.0,1.957903142428458,0.36363636363636365,1,5.769722222222223,-1.0,1.0
T0023191,C00510,2026-01-22 12:41:03,2681.37,UPI,FAILED,BANK_DECLINE,24,23.0,1.0,0.9583333333333334,3.9469444444444446,1,NONE,8.0,8.0,0.0,1433.99875,0.0,1.8698551864149113,0.3333333333333333,1,3.9469444444444446,466.61027777777775,1.0
T0027984,C00613,2026-01-22 12:47:58,1579.66,UPI,FAILED,PAYMENT_TIMEOUT,35,28.0,7.0,0.8,4.661388888888889,0,PAYMENT_TIMEOUT,14.0,10.0,4.0,1816.3464285714288,0.2857142857142857,0.8696909219252935,0.4,2,20.961666666666666,4.661388888888889,1.0
T0040618,C00886,2026-01-22 12:49:20,982.08,UPI,FAILED,INSUFFICIENT_FUNDS,32,27.0,5.0,0.84375,1.9455555555555555,1,NONE,11.0,11.0,0.0,1595.4272727272728,0.0,0.6155592403288945,0.34375,1,1.9455555555555555,233.95416666666668,1.0
T0017017,C00373,2026-01-22 12:56:49,3147.46,CARD,FAILED,BANK_DECLINE,37,35.0,2.0,0.9459459459459459,7.5216666666666665,1,NONE,14.0,14.0,0.0,2050.925714285714,0.0,1.5346533412089873,0.3783783783783784,1,7.5216666666666665,246.46583333333334,1.0
T0027444,C00601,2026-01-22 13:08:09,6213.89,UPI,FAILED,BANK_DECLINE,19,19.0,0.0,1.0,12.1525,1,NONE,5.0,5.0,0.0,1766.098,0.0,3.5184287621638215,0.2631578947368421,1,12.1525,-1.0,1.0
T0022056,C00485,2026-01-22 13:11:50,3873.91,UPI,FAILED,NETWORK_ERROR,28,25.0,3.0,0.8928571428571429,34.842777777777776,1,NONE,8.0,8.0,0.0,2011.7625,0.0,1.9256298892140598,0.2857142857142857,1,34.842777777777776,309.9736111111111,1.0
T0020983,C00462,2026-01-22 13:15:52,3522.56,CARD,FAILED,INSUFFICIENT_FUNDS,18,18.0,0.0,1.0,32.43861111111111,1,NONE,5.0,5.0,0.0,899.7059999999999,0.0,3.9152345321693978,0.2777777777777778,1,32.43861111111111,-1.0,1.0
T0044452,C00969,2026-01-22 13:51:20,1265.04,UPI,FAILED,INSUFFICIENT_FUNDS,14,13.0,1.0,0.9285714285714286,1.5802777777777777,1,NONE,8.0,8.0,0.0,3064.645,0.0,0.4127851676132146,0.5714285714285714,1,1.5802777777777777,463.5158333333333,1.0
T0037693,C00819,2026-01-22 13:59:01,1874.26,CARD,FAILED,INSUFFICIENT_FUNDS,32,29.0,3.0,0.90625,16.374166666666667,1,NONE,16.0,15.0,1.0,1598.4281250000001,0.0625,1.1725644529684436,0.5,1,16.374166666666667,178.55527777777777,1.0
T0033181,C00722,2026-01-22 14:09:43,1747.2,CARD,FAILED,PAYMENT_TIMEOUT,44,42.0,2.0,0.9545454545454546,2.7736111111111112,1,NONE,11.0,11.0,0.0,1992.9072727272726,0.0,0.8767091293760875,0.25,1,2.7736111111111112,403.7888888888889,1.0
T0031157,C00677,2026-01-22 14:26:41,1056.93,CARD,FAILED,INSUFFICIENT_FUNDS,48,47.0,1.0,0.9791666666666666,14.925555555555556,1,NONE,20.0,20.0,0.0,2396.325,0.0,0.44106287753121975,0.4166666666666667,1,14.925555555555556,467.57055555555553,1.0
T0026206,C00576,2026-01-22 14:50:09,445.57,NETBANKING,FAILED,PAYMENT_TIMEOUT,53,50.0,3.0,0.9433962264150944,12.572777777777778,1,NONE,15.0,13.0,2.0,2449.3633333333332,0.13333333333333333,0.18191257864288543,0.2830188679245283,1,12.572777777777778,70.07972222222222,1.0
T0009535,C00208,2026-01-22 14:56:09,755.34,UPI,FAILED,BANK_DECLINE,29,28.0,1.0,0.9655172413793104,0.9311111111111111,1,NONE,14.0,13.0,1.0,1911.0685714285714,0.07142857142857142,0.395244844320455,0.4827586206896552,1,0.9311111111111111,219.45694444444445,1.0
T0010390,C00226,2026-01-22 15:04:37,1459.83,UPI,FAILED,NETWORK_ERROR,22,21.0,1.0,0.9545454545454546,8.590833333333334,1,NONE,4.0,4.0,0.0,2583.1225,0.0,0.5651416067182257,0.18181818181818182,1,8.590833333333334,199.83666666666667,1.0
T0014952,C00329,2026-01-22 15:06:36,696.98,UPI,FAILED,BANK_DECLINE,37,36.0,1.0,0.972972972972973,4.928333333333334,1,NONE,10.0,10.0,0.0,2575.923,0.0,0.27057485802176545,0.2702702702702703,1,4.928333333333334,177.26222222222222,1.0
T0033470,C00727,2026-01-22 15:16:34,1777.24,NETBANKING,FAILED,BANK_DECLINE,38,34.0,4.0,0.8947368421052632,9.571944444444444,1,NONE,18.0,16.0,2.0,2150.773333333333,0.1111111111111111,0.8263260346666006,0.47368421052631576,1,9.571944444444444,50.034444444444446,1.0
T0031484,C00683,2026-01-22 15:28:43,1022.59,UPI,FAILED,NETWORK_ERROR,47,41.0,6.0,0.8723404255319149,16.82638888888889,0,PAYMENT_TIMEOUT,11.0,10.0,1.0,2412.125454545455,0.09090909090909091,0.4239373197082316,0.23404255319148937,2,42.01583333333333,16.82638888888889,1.0
T0037281,C00810,2026-01-22 15:56:28,221.12,UPI,FAILED,NETWORK_ERROR,31,30.0,1.0,0.967741935483871,19.528055555555557,1,NONE,7.0,6.0,1.0,1765.6214285714286,0.14285714285714285,0.12523635951728854,0.22580645161290322,1,19.528055555555557,78.90722222222222,1.0
T0045717,C00998,2026-01-22 16:12:48,1646.54,CARD,FAILED,BANK_DECLINE,18,16.0,2.0,0.8888888888888888,14.321944444444444,1,NONE,7.0,7.0,0.0,2144.651428571429,0.0,0.7677424769659538,0.3888888888888889,1,14.321944444444444,402.81138888888887,1.0
T0014723,C00325,2026-01-22 16:34:00,2347.82,NETBANKING,FAILED,BANK_DECLINE,40,37.0,3.0,0.925,2.298888888888889,1,NONE,14.0,12.0,2.0,2607.297857142857,0.14285714285714285,0.900480163234131,0.35,1,2.298888888888889,68.72,1.0
T0009518,C00208,2026-01-22 16:36:47,4189.8,UPI,FAILED,NETWORK_ERROR,30,28.0,2.0,0.9333333333333333,1.6772222222222222,0,BANK_DECLINE,15.0,13.0,2.0,1834.02,0.13333333333333333,2.2844898092714367,0.5,2,2.6083333333333334,1.6772222222222222,1.0
T0011826,C00260,2026-01-22 17:16:41,4436.97,NETBANKING,FAILED,PAYMENT_TIMEOUT,37,36.0,1.0,0.972972972972973,24.441111111111113,1,NONE,17.0,17.0,0.0,2513.9205882352944,0.0,1.7649602858436493,0.4594594594594595,1,24.441111111111113,488.99,1.0
T0041176,C00898,2026-01-22 17:34:10,1820.86,UPI,FAILED,NETWORK_ERROR,29,27.0,2.0,0.9310344827586207,15.903611111111111,1,NONE,9.0,8.0,1.0,3038.4133333333334,0.1111111111111111,0.5992798873096046,0.3103448275862069,1,15.903611111111111,23.81861111111111,1.0
T0021765,C00479,2026-01-22 18:03:36,704.2,NETBANKING,FAILED,NETWORK_ERROR,44,43.0,1.0,0.9772727272727273,18.958333333333332,1,NONE,13.0,12.0,1.0,2030.3776923076923,0.07692307692307693,0.3468320217799568,0.29545454545454547,1,18.958333333333332,165.78444444444443,1.0
T0028747,C00629,2026-01-22 18:31:02,1243.48,CARD,FAILED,INSUFFICIENT_FUNDS,44,41.0,3.0,0.9318181818181818,7.818333333333333,1,NONE,17.0,17.0,0.0,2311.2617647058823,0.0,0.5380091597535851,0.38636363636363635,1,7.818333333333333,300.8597222222222,1.0
T0034167,C00742,2026-01-22 18:34:16,3760.07,UPI,FAILED,NETWORK_ERROR,21,21.0,0.0,1.0,22.704166666666666,1,NONE,9.0,9.0,0.0,1359.038888888889,0.0,2.7667125869180427,0.42857142857142855,1,22.704166666666666,-1.0,1.0
T0004616,C00102,2026-01-22 18:38:43,3696.79,CARD,FAILED,LIMIT_EXCEEDED,14,14.0,0.0,1.0,23.935277777777777,1,NONE,3.0,3.0,0.0,1232.5333333333333,0.0,2.999342816962354,0.21428571428571427,1,23.935277777777777,-1.0,1.0
T0009750,C00213,2026-01-22 18:39:27,3981.17,NETBANKING,FAILED,PAYMENT_TIMEOUT,24,24.0,0.0,1.0,0.37555555555555553,1,NONE,9.0,9.0,0.0,2408.471111111111,0.0,1.6529864035460025,0.375,1,0.37555555555555553,-1.0,1.0
T0033814,C00734,2026-01-22 18:50:31,3776.6,WALLET,FAILED,PAYMENT_TIMEOUT,19,19.0,0.0,1.0,5.6786111111111115,1,NONE,6.0,6.0,0.0,2910.0166666666664,0.0,1.2977932543341677,0.3157894736842105,1,5.6786111111111115,-1.0,1.0
T0013271,C00291,2026-01-22 18:58:45,3190.98,NETBANKING,FAILED,NETWORK_ERROR,30,28.0,2.0,0.9333333333333333,3.7769444444444447,1,NONE,11.0,10.0,1.0,1692.9736363636364,0.09090909090909091,1.8848373840327213,0.36666666666666664,1,3.7769444444444447,101.715,1.0
T0032558,C00708,2026-01-22 19:01:48,2444.96,UPI,FAILED,BANK_DECLINE,38,35.0,3.0,0.9210526315789473,1.1783333333333332,1,NONE,13.0,12.0,1.0,2301.5938461538462,0.07692307692307693,1.0622899448943741,0.34210526315789475,1,1.1783333333333332,161.07333333333332,1.0
T0045195,C00985,2026-01-22 19:02:28,317.07,NETBANKING,FAILED,BANK_DECLINE,37,36.0,1.0,0.972972972972973,0.8961111111111111,1,NONE,13.0,13.0,0.0,2691.2115384615386,0.0,0.11781682542177886,0.35135135135135137,1,0.8961111111111111,232.59055555555557,1.0
T0010447,C00227,2026-01-22 19:12:21,759.27,NETBANKING,FAILED,INSUFFICIENT_FUNDS,48,40.0,8.0,0.8333333333333334,9.310555555555556,1,NONE,16.0,14.0,2.0,1408.37875,0.125,0.5391092417433875,0.3333333333333333,1,9.310555555555556,19.676666666666666,1.0
T0040684,C00887,2026-01-22 19:14:37,3340.32,NETBANKING,FAILED,INSUFFICIENT_FUNDS,45,44.0,1.0,0.9777777777777777,0.9622222222222222,1,NONE,18.0,17.0,1.0,3235.4277777777775,0.05555555555555555,1.0324198929559376,0.4,1,0.9622222222222222,78.27416666666667,1.0
T0003635,C00082,2026-01-22 19:23:58,719.32,UPI,FAILED,INSUFFICIENT_FUNDS,56,49.0,7.0,0.875,0.9158333333333334,1,NONE,18.0,14.0,4.0,2835.6555555555556,0.2222222222222222,0.25366973735252285,0.32142857142857145,1,0.9158333333333334,23.0025,1.0
T0010502,C00228,2026-01-22 19:39:15,3043.84,CARD,FAILED,PAYMENT_TIMEOUT,34,30.0,4.0,0.8823529411764706,0.8552777777777778,1,NONE,14.0,13.0,1.0,1633.1171428571429,0.07142857142857142,1.8638222085372234,0.4117647058823529,1,0.8552777777777778,167.88916666666665,1.0
T0027163,C00595,2026-01-22 19:46:54,397.43,UPI,FAILED,BANK_DECLINE,42,39.0,3.0,0.9285714285714286,7.0775,1,NONE,22.0,20.0,2.0,2254.6745454545458,0.09090909090909091,0.1762693426424777,0.5238095238095238,1,7.0775,67.16277777777778,1.0
T0041312,C00900,2026-01-22 20:14:35,1172.3,WALLET,FAILED,LIMIT_EXCEEDED,56,56.0,0.0,1.0,5.829166666666667,1,NONE,17.0,17.0,0.0,2503.025882352941,0.0,0.4683531274147244,0.30357142857142855,1,5.829166666666667,-1.0,1.0
T0034040,C00739,2026-01-22 20:19:38,1492.29,CARD,FAILED,LIMIT_EXCEEDED,35,32.0,3.0,0.9142857142857143,0.6419444444444444,1,NONE,16.0,16.0,0.0,2576.61125,0.0,0.5791676955536075,0.45714285714285713,1,0.6419444444444444,354.8338888888889,1.0
T0021720,C00478,2026-01-22 20:20:33,1578.41,WALLET,FAILED,LIMIT_EXCEEDED,57,54.0,3.0,0.9473684210526315,1.1508333333333334,1,NONE,15.0,15.0,0.0,2273.352,0.0,0.6943095481913932,0.2631578947368421,1,1.1508333333333334,184.74166666666667,1.0
T0034380,C00746,2026-01-22 20:24:07,1890.51,UPI,FAILED,NETWORK_ERROR,51,49.0,2.0,0.9607843137254902,1.528888888888889,1,NONE,22.0,20.0,2.0,2170.7290909090907,0.09090909090909091,0.8709101508416528,0.43137254901960786,1,1.528888888888889,64.515,1.0
T0012870,C00283,2026-01-22 20:33:35,2970.12,UPI,FAILED,INSUFFICIENT_FUNDS,26,25.0,1.0,0.9615384615384616,5.9575,1,NONE,17.0,16.0,1.0,2195.275882352941,0.058823529411764705,1.3529597914666494,0.6538461538461539,1,5.9575,151.45305555555555,1.0
T0003033,C00070,2026-01-22 20:34:46,2962.0,UPI,FAILED,INSUFFICIENT_FUNDS,63,60.0,3.0,0.9523809523809523,1.0044444444444445,1,NONE,22.0,21.0,1.0,3373.8640909090914,0.045454545454545456,0.8779251090703792,0.3492063492063492,1,1.0044444444444445,80.675,1.0
T0036572,C00795,2026-01-22 20:41:52,852.16,WALLET,FAILED,LIMIT_EXCEEDED,33,29.0,4.0,0.8787878787878788,0.24944444444444444,1,NONE,12.0,11.0,1.0,2792.3425,0.08333333333333333,0.305177463008209,0.36363636363636365,1,0.24944444444444444,75.98861111111111,1.0
T0036689,C00797,2026-01-22 20:52:11,1768.7,UPI,FAILED,NETWORK_ERROR,59,54.0,5.0,0.9152542372881356,7.053888888888889,1,NONE,15.0,13.0,2.0,2588.8373333333334,0.13333333333333333,0.6832024466066621,0.2542372881355932,1,7.053888888888889,9.366388888888888,1.0
T0007277,C00159,2026-01-22 21:18:26,1643.87,UPI,FAILED,BANK_DECLINE,46,44.0,2.0,0.9565217391304348,10.407222222222222,1,NONE,14.0,13.0,1.0,2509.449285714286,0.07142857142857142,0.6550720149469333,0.30434782608695654,1,10.407222222222222,135.41833333333332,1.0
T0023691,C00521,2026-01-22 21:32:59,2306.84,UPI,FAILED,BANK_DECLINE,21,20.0,1.0,0.9523809523809523,7.081944444444445,1,NONE,9.0,8.0,1.0,2289.15,0.1111111111111111,1.0077277592119347,0.42857142857142855,1,7.081944444444445,29.898055555555555,1.0
T0005715,C00126,2026-01-22 21:45:14,6531.21,UPI,FAILED,BANK_DECLINE,36,34.0,2.0,0.9444444444444444,2.153611111111111,1,NONE,15.0,14.0,1.0,2678.703333333333,0.06666666666666667,2.438198332277682,0.4166666666666667,1,2.153611111111111,52.02388888888889,1.0
T0041303,C00900,2026-01-22 21:47:52,746.68,WALLET,FAILED,BANK_DECLINE,57,56.0,1.0,0.9824561403508771,1.5547222222222221,0,LIMIT_EXCEEDED,18.0,17.0,1.0,2429.0966666666664,0.05555555555555555,0.30738998996883615,0.3157894736842105,2,7.3838888888888885,1.5547222222222221,1.0
T0026908,C00590,2026-01-22 21:49:10,3092.68,UPI,FAILED,NETWORK_ERROR,38,35.0,3.0,0.9210526315789473,16.093888888888888,1,NONE,12.0,12.0,0.0,1898.0591666666667,0.0,1.6293907241212624,0.3157894736842105,1,16.093888888888888,278.2986111111111,1.0
T0026861,C00590,2026-01-22 22:28:19,4745.44,UPI,FAILED,BANK_DECLINE,39,35.0,4.0,0.8974358974358975,0.6525,0,NETWORK_ERROR,13.0,12.0,1.0,1989.9530769230769,0.07692307692307693,2.3846994459475077,0.3333333333333333,2,16.746388888888887,0.6525,1.0
T0024878,C00547,2026-01-22 22:38:56,1106.55,CARD,FAILED,BANK_DECLINE,44,40.0,4.0,0.9090909090909091,3.443611111111111,1,NONE,16.0,15.0,1.0,1787.19875,0.0625,0.619153297863486,0.36363636363636365,1,3.443611111111111,169.71583333333334,1.0
T0004475,C00098,2026-01-22 22:39:53,429.62,UPI,FAILED,BANK_DECLINE,41,36.0,5.0,0.8780487804878049,11.8825,0,PAYMENT_TIMEOUT,12.0,9.0,3.0,1897.8091666666667,0.25,0.22637681783073552,0.2926829268292683,2,24.940833333333334,11.8825,1.0
T0009586,C00209,2026-01-22 22:52:32,3429.66,CARD,FAILED,LIMIT_EXCEEDED,40,38.0,2.0,0.95,7.253611111111111,1,NONE,11.0,10.0,1.0,1227.050909090909,0.09090909090909091,2.7950429559120313,0.275,1,7.253611111111111,143.31083333333333,1.0
T0037471,C00814,2026-01-22 22:59:03,2838.39,CARD,FAILED,NETWORK_ERROR,32,32.0,0.0,1.0,11.442222222222222,1,NONE,11.0,11.0,0.0,1491.2472727272727,0.0,1.9033664315167533,0.34375,1,11.442222222222222,-1.0,1.0
T0019086,C00419,2026-01-22 23:10:58,1669.87,CARD,FAILED,LIMIT_EXCEEDED,27,26.0,1.0,0.9629629629629629,75.13527777777777,1,NONE,11.0,10.0,1.0,2048.0718181818183,0.09090909090909091,0.8153376191087048,0.4074074074074074,1,75.13527777777777,117.44111111111111,1.0
T0007799,C00169,2026-01-22 23:11:10,4887.28,CARD,FAILED,LIMIT_EXCEEDED,34,33.0,1.0,0.9705882352941176,15.711388888888889,1,NONE,13.0,13.0,0.0,1751.836923076923,0.0,2.7898030550788886,0.38235294117647056,1,15.711388888888889,190.9663888888889,1.0
T0029027,C00634,2026-01-22 23:33:20,1153.72,CARD,FAILED,INSUFFICIENT_FUNDS,43,41.0,2.0,0.9534883720930233,0.9319444444444445,1,NONE,11.0,10.0,1.0,2158.7863636363636,0.09090909090909091,0.5344299090608571,0.2558139534883721,1,0.9319444444444445,164.04527777777778,1.0
T0020029,C00440,2026-01-22 23:38:23,3645.33,CARD,FAILED,NETWORK_ERROR,26,24.0,2.0,0.9230769230769231,12.829166666666667,1,NONE,9.0,8.0,1.0,1867.8377777777778,0.1111111111111111,1.951630941064356,0.34615384615384615,1,12.829166666666667,161.43555555555557,1.0
T0014091,C00309,2026-01-22 23:49:40,3847.82,UPI,FAILED,BANK_DECLINE,29,28.0,1.0,0.9655172413793104,6.184722222222222,1,NONE,11.0,11.0,0.0,2258.9745454545455,0.0,1.7033481000228583,0.3793103448275862,1,6.184722222222222,502.3305555555556,1.0
T0032022,C00696,2026-01-22 23:49:48,1085.35,UPI,FAILED,INSUFFICIENT_FUNDS,48,47.0,1.0,0.9791666666666666,10.838055555555556,1,NONE,15.0,15.0,0.0,2871.6313333333333,0.0,0.3779558982385622,0.3125,1,10.838055555555556,377.11805555555554,1.0
T0033467,C00727,2026-01-22 23:59:54,1703.4,NETBANKING,FAILED,INSUFFICIENT_FUNDS,40,35.0,5.0,0.875,0.22694444444444445,1,NONE,19.0,16.0,3.0,2101.8242105263157,0.15789473684210525,0.8104388518645208,0.475,1,0.22694444444444445,8.722222222222221,1.0
T0033768,C00733,2026-01-23 00:14:49,1844.95,NETBANKING,FAILED,INSUFFICIENT_FUNDS,44,41.0,3.0,0.9318181818181818,24.613055555555555,1,NONE,12.0,10.0,2.0,2056.278333333333,0.16666666666666666,0.8972277585638132,0.2727272727272727,1,24.613055555555555,126.69194444444445,1.0
T0033563,C00729,2026-01-23 00:30:43,842.2,UPI,FAILED,INSUFFICIENT_FUNDS,38,35.0,3.0,0.9210526315789473,17.286944444444444,1,NONE,12.0,11.0,1.0,1458.7591666666667,0.08333333333333333,0.577339988152031,0.3157894736842105,1,17.286944444444444,105.35388888888889,1.0
T0030141,C00656,2026-01-23 00:46:08,1776.02,NETBANKING,FAILED,NETWORK_ERROR,19,19.0,0.0,1.0,44.82694444444444,1,NONE,6.0,6.0,0.0,1840.5666666666668,0.0,0.9649310900628428,0.3157894736842105,1,44.82694444444444,-1.0,1.0
T0021005,C00463,2026-01-23 01:53:35,2261.06,CARD,FAILED,BANK_DECLINE,43,41.0,2.0,0.9534883720930233,16.0725,1,NONE,13.0,12.0,1.0,2117.9861538461537,0.07692307692307693,1.0675518326189393,0.3023255813953488,1,16.0725,146.52527777777777,1.0
T0029096,C00635,2026-01-23 01:53:42,1480.13,UPI,FAILED,NETWORK_ERROR,21,18.0,3.0,0.8571428571428571,29.69388888888889,1,NONE,10.0,8.0,2.0,2303.5389999999998,0.2,0.6425460997187372,0.47619047619047616,1,29.69388888888889,119.82416666666667,1.0
T0037983,C00826,2026-01-23 02:36:37,4994.05,UPI,FAILED,PAYMENT_TIMEOUT,47,44.0,3.0,0.9361702127659575,2.2083333333333335,1,NONE,20.0,18.0,2.0,1474.7379999999998,0.1,3.3863981263112506,0.425531914893617,1,2.2083333333333335,58.255833333333335,1.0
T0029358,C00639,2026-01-23 03:01:03,3249.25,UPI,FAILED,BANK_DECLINE,61,56.0,5.0,0.9180327868852459,0.9836111111111111,1,NONE,14.0,12.0,2.0,2499.125,0.14285714285714285,1.3001550542689941,0.22950819672131148,1,0.9836111111111111,107.58611111111111,1.0
T0035566,C00774,2026-01-23 03:25:27,1238.06,CARD,FAILED,INSUFFICIENT_FUNDS,58,55.0,3.0,0.9482758620689655,3.756111111111111,1,NONE,20.0,18.0,2.0,2871.491,0.1,0.4311558002445419,0.3448275862068966,1,3.756111111111111,147.6302777777778,1.0
T0030094,C00655,2026-01-23 03:52:05,2817.45,UPI,FAILED,LIMIT_EXCEEDED,41,37.0,4.0,0.9024390243902439,28.095833333333335,1,NONE,13.0,13.0,0.0,2779.54,0.0,1.0136389474517367,0.3170731707317073,1,28.095833333333335,200.6775,1.0
T0004634,C00103,2026-01-23 03:54:03,5145.98,UPI,FAILED,PAYMENT_TIMEOUT,15,15.0,0.0,1.0,30.850277777777777,1,NONE,5.0,5.0,0.0,1613.508,0.0,3.189311735671592,0.3333333333333333,1,30.850277777777777,-1.0,1.0
T0015718,C00346,2026-01-23 04:01:01,18193.75,UPI,FAILED,BANK_DECLINE,61,56.0,5.0,0.9180327868852459,42.20944444444444,0,INSUFFICIENT_FUNDS,14.0,13.0,1.0,1216.85,0.07142857142857142,14.951514155401242,0.22950819672131148,2,57.28527777777778,42.20944444444444,1.0
T0024417,C00537,2026-01-23 04:22:08,2294.54,NETBANKING,FAILED,BANK_DECLINE,21,18.0,3.0,0.8571428571428571,15.387777777777778,1,NONE,7.0,5.0,2.0,1409.07,0.2857142857142857,1.6284073892709376,0.3333333333333333,1,15.387777777777778,154.46444444444444,1.0
T0025741,C00567,2026-01-23 04:22:11,4220.57,CARD,FAILED,LIMIT_EXCEEDED,34,32.0,2.0,0.9411764705882353,5.7925,1,NONE,9.0,9.0,0.0,1216.66,0.0,3.4689806519487774,0.2647058823529412,1,5.7925,239.23305555555555,1.0
T0038858,C00846,2026-01-23 04:52:10,589.43,WALLET,FAILED,BANK_DECLINE,37,32.0,5.0,0.8648648648648649,1.3969444444444445,1,NONE,13.0,10.0,3.0,1943.6323076923077,0.23076923076923078,0.3032620921494331,0.35135135135135137,1,1.3969444444444445,39.34,1.0
T0044602,C00973,2026-01-23 04:58:06,3351.31,UPI,FAILED,BANK_DECLINE,42,37.0,5.0,0.8809523809523809,1.9797222222222222,1,NONE,13.0,10.0,3.0,2152.523076923077,0.23076923076923078,1.5569217519333303,0.30952380952380953,1,1.9797222222222222,44.13861111111111,1.0
T0031509,C00684,2026-01-23 05:52:29,4280.61,UPI,FAILED,PAYMENT_TIMEOUT,51,49.0,2.0,0.9607843137254902,7.523055555555556,1,NONE,19.0,18.0,1.0,1920.0689473684208,0.05263157894736842,2.2294043168954185,0.37254901960784315,1,7.523055555555556,102.95694444444445,1.0
T0030786,C00670,2026-01-23 06:39:44,415.77,CARD,FAILED,BANK_DECLINE,47,45.0,2.0,0.9574468085106383,1.1188888888888888,1,NONE,10.0,10.0,0.0,2835.8269999999998,0.0,0.1466133159744935,0.2127659574468085,1,1.1188888888888888,226.66583333333332,1.0
T0013371,C00293,2026-01-23 07:03:14,4271.08,CARD,FAILED,BANK_DECLINE,55,52.0,3.0,0.9454545454545454,11.348611111111111,1,NONE,24.0,23.0,1.0,1950.8104166666665,0.041666666666666664,2.1893875301824353,0.43636363636363634,1,11.348611111111111,189.6675,1.0
T0015553,C00343,2026-01-23 07:07:34,2458.99,CARD,FAILED,INSUFFICIENT_FUNDS,41,41.0,0.0,1.0,21.414722222222224,1,NONE,14.0,14.0,0.0,1905.972857142857,0.0,1.290149537431578,0.34146341463414637,1,21.414722222222224,-1.0,1.0
T0023880,C00525,2026-01-23 07:10:27,2019.33,CARD,FAILED,INSUFFICIENT_FUNDS,61,56.0,5.0,0.9180327868852459,0.4075,1,NONE,26.0,21.0,5.0,1818.908846153846,0.19230769230769232,1.1101875744185599,0.4262295081967213,1,0.4075,33.50388888888889,1.0
T0041691,C00909,2026-01-23 07:44:54,1063.32,CARD,FAILED,INSUFFICIENT_FUNDS,44,42.0,2.0,0.9545454545454546,22.731666666666666,1,NONE,10.0,9.0,1.0,1526.9770000000003,0.1,0.6963562646981584,0.22727272727272727,1,22.731666666666666,75.87611111111111,1.0
T0016180,C00354,2026-01-23 08:21:09,2566.54,UPI,FAILED,NETWORK_ERROR,37,35.0,2.0,0.9459459459459459,42.068888888888885,1,NONE,11.0,10.0,1.0,2215.211818181818,0.09090909090909091,1.1585980080706422,0.2972972972972973,1,42.068888888888885,155.4661111111111,1.0
T0030341,C00661,2026-01-23 08:31:43,2325.97,UPI,FAILED,INSUFFICIENT_FUNDS,22,21.0,1.0,0.9545454545454546,14.394722222222223,1,NONE,7.0,7.0,0.0,2124.5899999999997,0.0,1.0947853468198572,0.3181818181818182,1,14.394722222222223,371.29083333333335,1.0
T0007706,C00167,2026-01-23 08:49:10,829.31,UPI,FAILED,INSUFFICIENT_FUNDS,56,52.0,4.0,0.9285714285714286,22.24861111111111,1,NONE,12.0,12.0,0.0,2001.3550000000002,0.0,0.41437426143787576,0.21428571428571427,1,22.24861111111111,268.985,1.0
T0030322,C00660,2026-01-23 08:58:05,1586.27,WALLET,FAILED,INSUFFICIENT_FUNDS,23,23.0,0.0,1.0,12.998888888888889,1,NONE,7.0,7.0,0.0,1988.9614285714285,0.0,0.7975368336525954,0.30434782608695654,1,12.998888888888889,-1.0,1.0
T0002110,C00048,2026-01-23 09:16:01,1039.38,UPI,FAILED,PAYMENT_TIMEOUT,15,14.0,1.0,0.9333333333333333,27.657222222222224,1,NONE,8.0,7.0,1.0,4939.73375,0.125,0.21041215025000082,0.5333333333333333,1,27.657222222222224,83.8425,1.0
T0020800,C00458,2026-01-23 09:22:55,3505.26,UPI,FAILED,PAYMENT_TIMEOUT,31,29.0,2.0,0.9354838709677419,8.880833333333333,1,NONE,6.0,6.0,0.0,1637.345,0.0,2.140819436343593,0.1935483870967742,1,8.880833333333333,250.45055555555555,1.0
T0017110,C00375,2026-01-23 10:12:00,8585.75,CARD,FAILED,BANK_DECLINE,52,52.0,0.0,1.0,12.075277777777778,1,NONE,20.0,20.0,0.0,1623.6950000000002,0.0,5.28778495961372,0.38461538461538464,1,12.075277777777778,-1.0,1.0
T0003609,C00081,2026-01-23 10:20:20,1848.74,UPI,FAILED,BANK_DECLINE,34,34.0,0.0,1.0,0.8222222222222222,1,NONE,8.0,8.0,0.0,2813.98125,0.0,0.656983766327512,0.23529411764705882,1,0.8222222222222222,-1.0,1.0
T0021620,C00476,2026-01-23 10:26:18,2242.72,CARD,FAILED,PAYMENT_TIMEOUT,29,28.0,1.0,0.9655172413793104,5.943611111111111,1,NONE,8.0,8.0,0.0,3773.7075000000004,0.0,0.594301492630258,0.27586206896551724,1,5.943611111111111,371.6972222222222,1.0
T0013124,C00288,2026-01-23 10:50:24,1680.11,UPI,FAILED,NETWORK_ERROR,37,37.0,0.0,1.0,61.04972222222222,1,NONE,8.0,8.0,0.0,1239.76125,0.0,1.3551883477564732,0.21621621621621623,1,61.04972222222222,-1.0,1.0
T0026741,C00588,2026-01-23 11:19:09,2478.65,UPI,FAILED,BANK_DECLINE,57,56.0,1.0,0.9824561403508771,12.595555555555556,1,NONE,17.0,17.0,0.0,1521.2323529411763,0.0,1.6293697640651255,0.2982456140350877,1,12.595555555555556,302.39916666666664,1.0
T0026617,C00586,2026-01-23 11:26:51,662.72,UPI,FAILED,INSUFFICIENT_FUNDS,25,23.0,2.0,0.92,0.32861111111111113,1,NONE,10.0,10.0,0.0,3064.175,0.0,0.21628007538733918,0.4,1,0.32861111111111113,370.34833333333336,1.0
T0022413,C00493,2026-01-23 11:46:18,1599.45,CARD,FAILED,INSUFFICIENT_FUNDS,44,39.0,5.0,0.8863636363636364,9.695277777777777,1,NONE,8.0,8.0,0.0,2383.25625,0.0,0.671119607889416,0.18181818181818182,1,9.695277777777777,196.535,1.0
T0040110,C00873,2026-01-23 12:06:19,294.68,UPI,FAILED,PAYMENT_TIMEOUT,49,46.0,3.0,0.9387755102040817,15.195833333333333,1,NONE,19.0,18.0,1.0,2060.957894736842,0.05263157894736842,0.14298205739793968,0.3877551020408163,1,15.195833333333333,128.01388888888889,1.0
T0007949,C00173,2026-01-23 12:12:40,4973.81,UPI,FAILED,PAYMENT_TIMEOUT,45,41.0,4.0,0.9111111111111111,14.775,1,NONE,10.0,9.0,1.0,1595.354,0.1,3.1176842255699992,0.2222222222222222,1,14.775,95.23194444444445,1.0
T0004390,C00096,2026-01-23 12:16:08,3570.26,UPI,FAILED,INSUFFICIENT_FUNDS,46,41.0,5.0,0.8913043478260869,0.38166666666666665,1,NONE,14.0,13.0,1.0,2271.495,0.07142857142857142,1.571766611856949,0.30434782608695654,1,0.38166666666666665,48.922222222222224,1.0
T0003651,C00082,2026-01-23 12:26:20,589.52,UPI,FAILED,INSUFFICIENT_FUNDS,57,49.0,8.0,0.8596491228070176,17.039444444444445,0,INSUFFICIENT_FUNDS,18.0,13.0,5.0,2798.6133333333332,0.2777777777777778,0.21064717764988375,0.3157894736842105,2,17.955277777777777,17.039444444444445,1.0
T0027823,C00610,2026-01-23 12:35:41,593.43,UPI,FAILED,PAYMENT_TIMEOUT,31,29.0,2.0,0.9354838709677419,0.03944444444444444,1,NONE,10.0,9.0,1.0,2332.871,0.1,0.2543775459508905,0.3225806451612903,1,0.03944444444444444,89.88388888888889,1.0
T0027639,C00605,2026-01-23 12:43:46,3628.66,CARD,FAILED,LIMIT_EXCEEDED,53,51.0,2.0,0.9622641509433962,12.870833333333334,1,NONE,21.0,20.0,1.0,2873.9933333333333,0.047619047619047616,1.2625846963226544,0.39622641509433965,1,12.870833333333334,133.78444444444443,1.0
T0006599,C00144,2026-01-23 13:04:36,728.64,UPI,FAILED,NETWORK_ERROR,40,39.0,1.0,0.975,8.2625,1,NONE,15.0,14.0,1.0,1889.5113333333331,0.06666666666666667,0.38562351394558103,0.375,1,8.2625,167.57305555555556,1.0
T0008581,C00186,2026-01-23 13:16:19,4530.73,CARD,FAILED,INSUFFICIENT_FUNDS,54,51.0,3.0,0.9444444444444444,1.3572222222222223,1,NONE,23.0,23.0,0.0,1992.9886956521739,0.0,2.2733345201024284,0.42592592592592593,1,1.3572222222222223,201.47166666666666,1.0
T0045166,C00985,2026-01-23 13:33:24,2076.33,NETBANKING,FAILED,BANK_DECLINE,40,38.0,2.0,0.95,10.303888888888888,1,NONE,15.0,14.0,1.0,2455.5153333333333,0.06666666666666667,0.8455781040395323,0.375,1,10.303888888888888,18.515555555555554,1.0
T0014231,C00313,2026-01-23 13:39:23,1850.05,UPI,FAILED,PAYMENT_TIMEOUT,37,35.0,2.0,0.9459459459459459,16.252777777777776,1,NONE,13.0,13.0,0.0,1860.2876923076924,0.0,0.9944967155617782,0.35135135135135137,1,16.252777777777776,438.14722222222224,1.0
T0022596,C00497,2026-01-23 13:59:39,1042.99,NETBANKING,FAILED,PAYMENT_TIMEOUT,32,31.0,1.0,0.96875,2.8655555555555554,1,NONE,6.0,6.0,0.0,1184.67,0.0,0.8804055137717676,0.1875,1,2.8655555555555554,482.06944444444446,1.0
T0040528,C00884,2026-01-23 14:05:49,4332.46,NETBANKING,FAILED,BANK_DECLINE,38,36.0,2.0,0.9473684210526315,27.785555555555554,1,NONE,11.0,10.0,1.0,1875.9409090909094,0.09090909090909091,2.3094863910716317,0.2894736842105263,1,27.785555555555554,107.225,1.0
T0007159,C00156,2026-01-23 14:44:54,793.85,CARD,FAILED,INSUFFICIENT_FUNDS,36,36.0,0.0,1.0,13.532222222222222,1,NONE,10.0,10.0,0.0,2147.228,0.0,0.3697092251032494,0.2777777777777778,1,13.532222222222222,-1.0,1.0
T0003025,C00070,2026-01-23 15:13:54,1326.79,UPI,FAILED,NETWORK_ERROR,65,61.0,4.0,0.9384615384615385,1.0627777777777778,1,NONE,22.0,20.0,2.0,3467.872272727273,0.09090909090909091,0.38259482923705246,0.3384615384615385,1,1.0627777777777778,18.65222222222222,1.0
T0020556,C00452,2026-01-23 16:11:27,301.59,WALLET,FAILED,PAYMENT_TIMEOUT,56,51.0,5.0,0.9107142857142857,34.2525,1,NONE,25.0,24.0,1.0,2082.9772,0.04,0.14478795063143274,0.44642857142857145,1,34.2525,54.00416666666667,1.0
T0022375,C00492,2026-01-23 16:12:55,2608.61,CARD,FAILED,INSUFFICIENT_FUNDS,46,45.0,1.0,0.9782608695652174,13.345555555555556,1,NONE,22.0,21.0,1.0,1950.822272727273,0.045454545454545456,1.3371848560828312,0.4782608695652174,1,13.345555555555556,71.96805555555555,1.0
T0026420,C00582,2026-01-23 16:21:42,3585.67,WALLET,FAILED,LIMIT_EXCEEDED,15,13.0,2.0,0.8666666666666667,70.69583333333334,1,NONE,4.0,4.0,0.0,2840.0325000000003,0.0,1.2625454110120218,0.26666666666666666,1,70.69583333333334,180.1338888888889,1.0
T0025138,C00552,2026-01-23 16:50:48,6424.22,NETBANKING,FAILED,NETWORK_ERROR,47,46.0,1.0,0.9787234042553191,1.1130555555555555,1,NONE,18.0,18.0,0.0,2119.3527777777776,0.0,3.0312178639443124,0.3829787234042553,1,1.1130555555555555,200.8775,1.0
T0044539,C00972,2026-01-23 16:55:10,4178.01,CARD,FAILED,INSUFFICIENT_FUNDS,33,30.0,3.0,0.9090909090909091,13.878055555555555,1,NONE,13.0,12.0,1.0,3404.3830769230767,0.07692307692307693,1.2272443804344537,0.3939393939393939,1,13.878055555555555,89.18472222222222,1.0
T0045106,C00984,2026-01-23 16:55:39,1204.87,NETBANKING,FAILED,BANK_DECLINE,42,36.0,6.0,0.8571428571428571,27.971944444444443,1,NONE,13.0,11.0,2.0,2665.79076923077,0.15384615384615385,0.4519747063073793,0.30952380952380953,1,27.971944444444443,57.03777777777778,1.0
T0041864,C00913,2026-01-23 17:06:16,3092.68,NETBANKING,FAILED,PAYMENT_TIMEOUT,11,11.0,0.0,1.0,8.29111111111111,1,NONE,3.0,3.0,0.0,1424.4166666666667,0.0,2.171190545837477,0.2727272727272727,1,8.29111111111111,-1.0,1.0
T0002291,C00053,2026-01-23 17:11:08,512.78,UPI,FAILED,INSUFFICIENT_FUNDS,34,32.0,2.0,0.9411764705882353,10.515555555555556,1,NONE,14.0,13.0,1.0,2258.174285714286,0.07142857142857142,0.22707724697954476,0.4117647058823529,1,10.515555555555556,159.73111111111112,1.0
T0000084,C00002,2026-01-23 17:11:33,1287.71,NETBANKING,FAILED,BANK_DECLINE,47,46.0,1.0,0.9787234042553191,4.613888888888889,1,NONE,10.0,10.0,0.0,2460.9579999999996,0.0,0.5232555777059179,0.2127659574468085,1,4.613888888888889,485.09194444444444,1.0
T0018077,C00398,2026-01-23 17:20:47,6385.94,WALLET,FAILED,LIMIT_EXCEEDED,24,23.0,1.0,0.9583333333333334,27.53611111111111,1,NONE,9.0,9.0,0.0,1238.6455555555558,0.0,5.155583024827297,0.375,1,27.53611111111111,351.80833333333334,1.0
T0000107,C00003,2026-01-23 17:56:52,1293.94,UPI,FAILED,INSUFFICIENT_FUNDS,24,23.0,1.0,0.9583333333333334,43.88583333333333,1,NONE,7.0,7.0,0.0,4976.43,0.0,0.2600137046035009,0.2916666666666667,1,43.88583333333333,340.5497222222222,1.0
T0007266,C00159,2026-01-23 18:06:17,571.2,UPI,FAILED,INSUFFICIENT_FUNDS,49,46.0,3.0,0.9387755102040817,17.302777777777777,1,NONE,15.0,13.0,2.0,2265.213333333333,0.13333333333333333,0.2521616801360873,0.30612244897959184,1,17.302777777777777,20.7975,1.0
T0020812,C00458,2026-01-23 18:06:37,462.74,UPI,FAILED,BANK_DECLINE,33,30.0,3.0,0.9090909090909091,8.223333333333333,1,NONE,7.0,6.0,1.0,2218.83,0.14285714285714285,0.2085513536413335,0.21212121212121213,1,8.223333333333333,8.728333333333333,1.0
T0006524,C00142,2026-01-23 18:06:58,953.75,CARD,FAILED,BANK_DECLINE,32,31.0,1.0,0.96875,6.7683333333333335,1,NONE,10.0,10.0,0.0,1984.9389999999999,0.0,0.4804933552114196,0.3125,1,6.7683333333333335,374.49055555555555,1.0
T0026689,C00587,2026-01-23 18:14:23,4280.42,UPI,FAILED,BANK_DECLINE,57,55.0,2.0,0.9649122807017544,15.317222222222222,1,NONE,17.0,17.0,0.0,1951.4529411764704,0.0,2.193452842075437,0.2982456140350877,1,15.317222222222222,205.445,1.0
T0018447,C00405,2026-01-23 18:47:15,2749.5,UPI,FAILED,LIMIT_EXCEEDED,33,33.0,0.0,1.0,4.184444444444445,1,NONE,10.0,10.0,0.0,2601.6459999999997,0.0,1.056830944717306,0.30303030303030304,1,4.184444444444445,-1.0,1.0
T0028694,C00627,2026-01-23 18:50:20,434.92,CARD,FAILED,INSUFFICIENT_FUNDS,42,37.0,5.0,0.8809523809523809,13.9075,1,NONE,17.0,15.0,2.0,2371.355294117647,0.11764705882352941,0.18340566724811624,0.40476190476190477,1,13.9075,70.11222222222223,1.0
T0041469,C00905,2026-01-23 18:57:33,1162.13,CARD,FAILED,PAYMENT_TIMEOUT,33,30.0,3.0,0.9090909090909091,21.26888888888889,1,NONE,11.0,9.0,2.0,1555.1227272727272,0.18181818181818182,0.7472915028629721,0.3333333333333333,1,21.26888888888889,61.755833333333335,1.0
T0044352,C00966,2026-01-23 19:04:45,1272.63,CARD,FAILED,INSUFFICIENT_FUNDS,48,47.0,1.0,0.9791666666666666,5.546666666666667,1,NONE,13.0,13.0,0.0,2630.2807692307692,0.0,0.48383808104721204,0.2708333333333333,1,5.546666666666667,392.5386111111111,1.0
T0035509,C00772,2026-01-23 19:23:42,1296.57,NETBANKING,FAILED,LIMIT_EXCEEDED,48,43.0,5.0,0.8958333333333334,42.34,1,NONE,13.0,13.0,0.0,3281.1046153846155,0.0,0.3951626516023215,0.2708333333333333,1,42.34,185.6013888888889,1.0
T0043797,C00955,2026-01-23 19:27:57,2373.09,CARD,FAILED,NETWORK_ERROR,47,44.0,3.0,0.9361702127659575,13.884444444444444,1,NONE,14.0,12.0,2.0,1990.7685714285712,0.14285714285714285,1.192047149055139,0.2978723404255319,1,13.884444444444444,34.073055555555555,1.0
T0027646,C00605,2026-01-23 19:47:25,1582.64,CARD,FAILED,INSUFFICIENT_FUNDS,54,51.0,3.0,0.9444444444444444,7.060833333333333,0,LIMIT_EXCEEDED,21.0,19.0,2.0,3020.477619047619,0.09523809523809523,0.5239701132097841,0.3888888888888889,2,19.93166666666667,7.060833333333333,1.0
T0006416,C00139,2026-01-23 19:49:52,915.26,CARD,FAILED,INSUFFICIENT_FUNDS,51,48.0,3.0,0.9411764705882353,31.238055555555555,1,NONE,18.0,16.0,2.0,1935.472777777778,0.1111111111111111,0.47288704367666695,0.35294117647058826,1,31.238055555555555,127.59055555555555,1.0
T0024609,C00542,2026-01-23 20:46:28,1036.8,WALLET,FAILED,INSUFFICIENT_FUNDS,53,48.0,5.0,0.9056603773584906,3.102222222222222,1,NONE,18.0,16.0,2.0,2525.816666666667,0.1111111111111111,0.41048109852258996,0.33962264150943394,1,3.102222222222222,48.81166666666667,1.0
T0018504,C00407,2026-01-23 20:47:53,2846.08,CARD,FAILED,BANK_DECLINE,30,29.0,1.0,0.9666666666666667,7.084444444444444,1,NONE,12.0,12.0,0.0,1323.7116666666668,0.0,2.150075482198414,0.4,1,7.084444444444444,522.4933333333333,1.0
T0021075,C00464,2026-01-23 20:49:35,3431.94,UPI,FAILED,BANK_DECLINE,33,31.0,2.0,0.9393939393939394,5.056111111111111,1,NONE,9.0,9.0,0.0,1805.1822222222222,0.0,1.9011598705947814,0.2727272727272727,1,5.056111111111111,502.99555555555554,1.0
T0036088,C00784,2026-01-23 21:14:20,4762.19,UPI,FAILED,PAYMENT_TIMEOUT,28,28.0,0.0,1.0,5.870555555555556,1,NONE,6.0,6.0,0.0,2307.8866666666668,0.0,2.06344187900619,0.21428571428571427,1,5.870555555555556,-1.0,1.0
T0007403,C00161,2026-01-23 21:39:17,1414.57,CARD,FAILED,LIMIT_EXCEEDED,41,39.0,2.0,0.9512195121951219,22.619444444444444,1,NONE,10.0,10.0,0.0,2760.02,0.0,0.5125216483938522,0.24390243902439024,1,22.619444444444444,276.53444444444443,1.0
T0000620,C00014,2026-01-23 21:51:40,17394.84,CARD,FAILED,INSUFFICIENT_FUNDS,53,53.0,0.0,1.0,0.9616666666666667,1,NONE,15.0,15.0,0.0,2166.7746666666667,0.0,8.027987528006296,0.2830188679245283,1,0.9616666666666667,-1.0,1.0
T0014686,C00324,2026-01-23 21:52:55,13277.91,UPI,FAILED,NETWORK_ERROR,51,47.0,4.0,0.9215686274509803,4.086944444444445,1,NONE,18.0,17.0,1.0,4685.0216666666665,0.05555555555555555,2.8341192303272877,0.35294117647058826,1,4.086944444444445,102.89055555555555,1.0
T0000598,C00014,2026-01-23 21:53:25,230.73,CARD,FAILED,NETWORK_ERROR,54,53.0,1.0,0.9814814814814815,0.029166666666666667,0,INSUFFICIENT_FUNDS,16.0,15.0,1.0,3118.52875,0.0625,0.07398681189006194,0.2962962962962963,2,0.9908333333333333,0.029166666666666667,1.0
T0011920,C00262,2026-01-23 22:10:08,3416.21,CARD,FAILED,NETWORK_ERROR,36,35.0,1.0,0.9722222222222222,1.1816666666666666,1,NONE,15.0,15.0,0.0,1868.2933333333333,0.0,1.828519076233568,0.4166666666666667,1,1.1816666666666666,377.8588888888889,1.0
T0020525,C00452,2026-01-23 22:32:56,2794.57,WALLET,FAILED,INSUFFICIENT_FUNDS,57,51.0,6.0,0.8947368421052632,6.358055555555556,0,PAYMENT_TIMEOUT,25.0,23.0,2.0,2061.5728000000004,0.08,1.3555524209477345,0.43859649122807015,2,40.61055555555556,6.358055555555556,1.0
T0006453,C00140,2026-01-23 23:18:12,856.8,CARD,FAILED,INSUFFICIENT_FUNDS,41,38.0,3.0,0.926829268292683,10.254722222222222,1,NONE,12.0,11.0,1.0,2557.3316666666665,0.08333333333333333,0.33503671470067437,0.2926829268292683,1,10.254722222222222,168.42583333333334,1.0
T0014054,C00308,2026-01-23 23:24:47,1151.11,UPI,FAILED,INSUFFICIENT_FUNDS,14,14.0,0.0,1.0,36.72472222222222,1,NONE,8.0,8.0,0.0,2246.5825,0.0,0.5123826968295176,0.5714285714285714,1,36.72472222222222,-1.0,1.0
T0007986,C00173,2026-01-23 23:41:18,3964.29,UPI,FAILED,INSUFFICIENT_FUNDS,49,44.0,5.0,0.8979591836734694,4.9075,1,NONE,14.0,12.0,2.0,1810.4357142857145,0.14285714285714285,2.18968835442139,0.2857142857142857,1,4.9075,11.477222222222222,1.0
T0023983,C00527,2026-01-23 23:55:56,4933.69,UPI,FAILED,INSUFFICIENT_FUNDS,29,27.0,2.0,0.9310344827586207,39.88666666666666,1,NONE,11.0,11.0,0.0,1484.370909090909,0.0,3.323758212845601,0.3793103448275862,1,39.88666666666666,202.9961111111111,1.0
T0031006,C00675,2026-01-23 23:56:50,1544.88,CARD,FAILED,INSUFFICIENT_FUNDS,36,34.0,2.0,0.9444444444444444,0.36694444444444446,1,NONE,12.0,12.0,0.0,2101.5066666666667,0.0,0.7351297164573989,0.3333333333333333,1,0.36694444444444446,327.06555555555553,1.0
T0023828,C00524,2026-01-24 00:02:44,2744.33,UPI,FAILED,PAYMENT_TIMEOUT,27,26.0,1.0,0.9629629629629629,19.111944444444443,1,NONE,9.0,8.0,1.0,1407.3044444444447,0.1111111111111111,1.9500613465932504,0.3333333333333333,1,19.111944444444443,141.8386111111111,1.0
T0021139,C00466,2026-01-24 00:03:48,1107.71,UPI,FAILED,BANK_DECLINE,14,14.0,0.0,1.0,40.97222222222222,1,NONE,5.0,5.0,0.0,2375.68,0.0,0.46627070985991387,0.35714285714285715,1,40.97222222222222,-1.0,1.0
T0005039,C00112,2026-01-24 00:22:44,5727.91,NETBANKING,FAILED,BANK_DECLINE,18,18.0,0.0,1.0,3.4433333333333334,1,NONE,9.0,9.0,0.0,2375.51,0.0,2.411233798215962,0.5,1,3.4433333333333334,-1.0,1.0
T0019556,C00430,2026-01-24 00:26:03,7920.85,UPI,FAILED,INSUFFICIENT_FUNDS,52,49.0,3.0,0.9423076923076923,27.98027777777778,1,NONE,14.0,13.0,1.0,2677.6828571428573,0.07142857142857142,2.9580986332532713,0.2692307692307692,1,27.98027777777778,87.92277777777778,1.0
T0040913,C00892,2026-01-24 00:29:18,4735.2,WALLET,FAILED,INSUFFICIENT_FUNDS,44,41.0,3.0,0.9318181818181818,20.833333333333332,1,NONE,17.0,15.0,2.0,1864.0923529411764,0.11764705882352941,2.54021749111774,0.38636363636363635,1,20.833333333333332,118.10805555555555,1.0
T0022417,C00493,2026-01-24 00:47:55,1991.57,CARD,FAILED,BANK_DECLINE,46,40.0,6.0,0.8695652173913043,2.963611111111111,1,NONE,10.0,9.0,1.0,2573.82,0.1,0.7737798292032854,0.21739130434782608,1,2.963611111111111,13.026944444444444,1.0
T0028832,C00630,2026-01-24 01:10:52,257.66,CARD,FAILED,BANK_DECLINE,47,43.0,4.0,0.9148936170212766,0.48944444444444446,1,NONE,20.0,18.0,2.0,2476.9759999999997,0.1,0.10402200102059933,0.425531914893617,1,0.48944444444444446,40.29638888888889,1.0
T0031506,C00684,2026-01-24 01:35:38,1397.88,UPI,FAILED,INSUFFICIENT_FUNDS,53,50.0,3.0,0.9433962264150944,14.829722222222221,1,NONE,20.0,18.0,2.0,1900.875,0.1,0.7353876504241468,0.37735849056603776,1,14.829722222222221,19.719166666666666,1.0
T0032221,C00700,2026-01-24 01:36:38,4176.0,NETBANKING,FAILED,BANK_DECLINE,26,25.0,1.0,0.9615384615384616,6.653888888888889,1,NONE,14.0,14.0,0.0,2215.3564285714283,0.0,1.8850239835640767,0.5384615384615384,1,6.653888888888889,547.985,1.0
T0040065,C00873,2026-01-24 01:51:16,5249.59,UPI,FAILED,BANK_DECLINE,52,48.0,4.0,0.9230769230769231,3.7994444444444446,1,NONE,22.0,20.0,2.0,1885.5890909090908,0.09090909090909091,2.7840583217783883,0.4230769230769231,1,3.7994444444444446,13.749166666666667,1.0
T0006022,C00132,2026-01-24 01:56:04,3532.02,UPI,FAILED,BANK_DECLINE,44,40.0,4.0,0.9090909090909091,1.593888888888889,1,NONE,15.0,14.0,1.0,1683.6833333333334,0.06666666666666667,2.0977935280783204,0.3409090909090909,1,1.593888888888889,131.15416666666667,1.0
T0030948,C00673,2026-01-24 02:12:00,2821.82,NETBANKING,FAILED,LIMIT_EXCEEDED,31,30.0,1.0,0.967741935483871,6.074722222222222,1,NONE,14.0,13.0,1.0,2060.432857142857,0.07142857142857142,1.3695277621969866,0.45161290322580644,1,6.074722222222222,73.76583333333333,1.0
T0025708,C00566,2026-01-24 02:33:25,531.24,UPI,FAILED,BANK_DECLINE,14,13.0,1.0,0.9285714285714286,78.00722222222223,1,NONE,6.0,6.0,0.0,1882.165,0.0,0.2822494308416106,0.42857142857142855,1,78.00722222222223,306.3352777777778,1.0
T0038344,C00834,2026-01-24 03:10:08,13850.97,UPI,FAILED,BANK_DECLINE,42,39.0,3.0,0.9285714285714286,15.086388888888889,1,NONE,17.0,16.0,1.0,1857.705294117647,0.058823529411764705,7.455956573875612,0.40476190476190477,1,15.086388888888889,163.59444444444443,1.0
T0033075,C00720,2026-01-24 03:16:51,946.51,UPI,FAILED,LIMIT_EXCEEDED,37,34.0,3.0,0.918918918918919,15.358055555555556,1,NONE,15.0,14.0,1.0,1700.1506666666667,0.06666666666666667,0.556721247450226,0.40540540540540543,1,15.358055555555556,41.36222222222222,1.0
T0031532,C00684,2026-01-24 03:18:19,1107.15,UPI,FAILED,PAYMENT_TIMEOUT,54,50.0,4.0,0.9259259259259259,1.7113888888888888,0,INSUFFICIENT_FUNDS,21.0,18.0,3.0,1876.922857142857,0.14285714285714285,0.5898750690720223,0.3888888888888889,2,16.54111111111111,1.7113888888888888,1.0
T0016603,C00363,2026-01-24 03:34:07,2739.73,UPI,FAILED,INSUFFICIENT_FUNDS,16,15.0,1.0,0.9375,41.315,1,NONE,4.0,4.0,0.0,3290.0425,0.0,0.8327339236499225,0.25,1,41.315,228.0888888888889,1.0
T0040716,C00888,2026-01-24 04:04:27,1005.14,CARD,FAILED,INSUFFICIENT_FUNDS,55,53.0,2.0,0.9636363636363636,1.4011111111111112,1,NONE,27.0,26.0,1.0,2384.508888888889,0.037037037037037035,0.4215291478608686,0.4909090909090909,1,1.4011111111111112,123.0261111111111,1.0
T0013964,C00305,2026-01-24 04:05:15,1216.47,UPI,FAILED,NETWORK_ERROR,40,40.0,0.0,1.0,11.701666666666666,1,NONE,13.0,13.0,0.0,2867.4946153846154,0.0,0.42422747490908036,0.325,1,11.701666666666666,-1.0,1.0
T0044537,C00971,2026-01-24 04:20:13,873.23,CARD,FAILED,LIMIT_EXCEEDED,36,34.0,2.0,0.9444444444444444,33.42611111111111,1,NONE,9.0,9.0,0.0,1507.7555555555557,0.0,0.5791588674851508,0.25,1,33.42611111111111,312.99,1.0
T0026992,C00592,2026-01-24 04:23:33,1959.8,CARD,FAILED,PAYMENT_TIMEOUT,35,32.0,3.0,0.9142857142857143,1.368611111111111,1,NONE,11.0,9.0,2.0,1821.569090909091,0.18181818181818182,1.075885625080475,0.3142857142857143,1,1.368611111111111,49.11972222222222,1.0
T0003939,C00087,2026-01-24 04:36:11,644.42,WALLET,FAILED,NETWORK_ERROR,57,52.0,5.0,0.9122807017543859,2.8725,1,NONE,20.0,18.0,2.0,2218.6625000000004,0.1,0.29045427143605657,0.3508771929824561,1,2.8725,109.105,1.0
T0036279,C00789,2026-01-24 04:47:17,580.6,UPI,FAILED,NETWORK_ERROR,51,48.0,3.0,0.9411764705882353,22.96,1,NONE,13.0,12.0,1.0,2568.0946153846157,0.07692307692307693,0.22608201291409402,0.2549019607843137,1,22.96,114.97527777777778,1.0
T0032181,C00699,2026-01-24 05:11:26,2363.95,UPI,FAILED,BANK_DECLINE,47,46.0,1.0,0.9787234042553191,49.61138888888889,1,NONE,19.0,19.0,0.0,2544.3505263157895,0.0,0.929097612750312,0.40425531914893614,1,49.61138888888889,191.76833333333335,1.0
T0032061,C00696,2026-01-24 05:32:14,1654.49,UPI,FAILED,NETWORK_ERROR,50,48.0,2.0,0.96,22.899166666666666,1,NONE,14.0,13.0,1.0,3342.935,0.07142857142857142,0.494921378967883,0.28,1,22.899166666666666,29.70722222222222,1.0
T0008929,C00193,2026-01-24 05:39:57,1762.35,UPI,FAILED,INSUFFICIENT_FUNDS,44,37.0,7.0,0.8409090909090909,6.790277777777778,1,NONE,13.0,12.0,1.0,1844.309230769231,0.07692307692307693,0.9555610147138681,0.29545454545454547,1,6.790277777777778,67.81444444444445,1.0
T0019305,C00425,2026-01-24 05:40:41,3438.59,UPI,FAILED,INSUFFICIENT_FUNDS,24,19.0,5.0,0.7916666666666666,11.309444444444445,1,NONE,6.0,3.0,3.0,2247.7483333333334,0.5,1.529793148550883,0.25,1,11.309444444444445,94.11111111111111,1.0
T0032232,C00700,2026-01-24 05:47:16,6715.18,NETBANKING,FAILED,LIMIT_EXCEEDED,27,25.0,2.0,0.9259259259259259,4.177222222222222,0,BANK_DECLINE,15.0,14.0,1.0,2346.066,0.06666666666666667,2.8623150414353224,0.5555555555555556,2,10.831111111111111,4.177222222222222,1.0
T0017762,C00390,2026-01-24 05:50:57,744.03,UPI,FAILED,NETWORK_ERROR,23,23.0,0.0,1.0,5.549444444444444,1,NONE,9.0,9.0,0.0,1919.8288888888887,0.0,0.3875501636141184,0.391304347826087,1,5.549444444444444,-1.0,1.0
T0024595,C00542,2026-01-24 05:55:29,2549.18,WALLET,FAILED,INSUFFICIENT_FUNDS,56,50.0,6.0,0.8928571428571429,1.9436111111111112,1,NONE,21.0,18.0,3.0,2407.7228571428573,0.14285714285714285,1.0587514225059125,0.375,1,1.9436111111111112,9.150277777777777,1.0
T0022376,C00492,2026-01-24 06:12:14,4040.65,CARD,FAILED,LIMIT_EXCEEDED,49,47.0,2.0,0.9591836734693877,5.273888888888889,1,NONE,24.0,22.0,2.0,1909.135,0.08333333333333333,2.1164820717235817,0.4897959183673469,1,5.273888888888889,13.988611111111112,1.0
T0038865,C00846,2026-01-24 06:47:28,973.71,WALLET,FAILED,INSUFFICIENT_FUNDS,38,32.0,6.0,0.8421052631578947,25.921666666666667,0,BANK_DECLINE,13.0,10.0,3.0,1877.6,0.23076923076923078,0.518592884533447,0.34210526315789475,2,27.31861111111111,25.921666666666667,1.0
T0033036,C00718,2026-01-24 06:57:07,1216.4,CARD,FAILED,BANK_DECLINE,47,43.0,4.0,0.9148936170212766,0.915,1,NONE,16.0,15.0,1.0,1960.2406250000001,0.0625,0.6205360630152229,0.3404255319148936,1,0.915,115.38833333333334,1.0
T0042480,C00929,2026-01-24 07:02:48,1479.3,UPI,FAILED,BANK_DECLINE,48,46.0,2.0,0.9583333333333334,3.7475,1,NONE,13.0,12.0,1.0,3450.224615384616,0.07692307692307693,0.4287546942317244,0.2708333333333333,1,3.7475,97.78861111111111,1.0
T0018202,C00401,2026-01-24 07:15:01,410.35,UPI,FAILED,PAYMENT_TIMEOUT,44,42.0,2.0,0.9545454545454546,27.913333333333334,1,NONE,12.0,11.0,1.0,1946.3691666666666,0.08333333333333333,0.21082845280721413,0.2727272727272727,1,27.913333333333334,141.3061111111111,1.0
T0029596,C00643,2026-01-24 07:27:55,2562.74,UPI,FAILED,PAYMENT_TIMEOUT,66,61.0,5.0,0.9242424242424242,11.945833333333333,1,NONE,22.0,21.0,1.0,2172.2213636363635,0.045454545454545456,1.179778471430691,0.3333333333333333,1,11.945833333333333,117.67361111111111,1.0
T0045081,C00983,2026-01-24 07:46:50,9197.8,CARD,FAILED,LIMIT_EXCEEDED,53,49.0,4.0,0.9245283018867925,22.52611111111111,1,NONE,14.0,13.0,1.0,1627.6307142857145,0.07142857142857142,5.6510361467567,0.2641509433962264,1,22.52611111111111,70.45527777777778,1.0
T0033137,C00721,2026-01-24 08:12:37,4146.52,NETBANKING,FAILED,NETWORK_ERROR,21,18.0,3.0,0.8571428571428571,15.206111111111111,1,NONE,6.0,6.0,0.0,1594.5316666666665,0.0,2.6004626227763854,0.2857142857142857,1,15.206111111111111,292.54,1.0
T0029881,C00651,2026-01-24 08:19:14,824.74,CARD,FAILED,BANK_DECLINE,29,26.0,3.0,0.896551724137931,30.07472222222222,1,NONE,9.0,9.0,0.0,1768.4555555555555,0.0,0.4663617343444688,0.3103448275862069,1,30.07472222222222,307.20916666666665,1.0
T0045787,C00999,2026-01-24 08:30:55,1487.22,UPI,FAILED,INSUFFICIENT_FUNDS,47,42.0,5.0,0.8936170212765957,0.9597222222222223,1,NONE,13.0,13.0,0.0,1535.572307692308,0.0,0.9685118652830014,0.2765957446808511,1,0.9597222222222223,423.4427777777778,1.0
T0029009,C00633,2026-01-24 09:02:32,419.93,CARD,FAILED,BANK_DECLINE,38,38.0,0.0,1.0,55.22138888888889,1,NONE,14.0,14.0,0.0,2182.852142857143,0.0,0.1923767495540729,0.3684210526315789,1,55.22138888888889,-1.0,1.0
T0003583,C00081,2026-01-24 09:10:28,779.11,UPI,FAILED,PAYMENT_TIMEOUT,36,35.0,1.0,0.9722222222222222,11.975,1,NONE,10.0,9.0,1.0,2535.8,0.1,0.30724426216578593,0.2777777777777778,1,11.975,22.835555555555555,1.0
T0008165,C00177,2026-01-24 09:26:28,1188.38,UPI,FAILED,NETWORK_ERROR,25,24.0,1.0,0.96,13.048055555555555,1,NONE,5.0,5.0,0.0,2492.916,0.0,0.4767027850116089,0.2,1,13.048055555555555,539.3980555555555,1.0
T0021707,C00478,2026-01-24 09:40:03,3487.67,WALLET,FAILED,NETWORK_ERROR,58,54.0,4.0,0.9310344827586207,37.325,0,LIMIT_EXCEEDED,12.0,11.0,1.0,2010.5366666666666,0.08333333333333333,1.734696043013391,0.20689655172413793,2,38.475833333333334,37.325,1.0
T0013195,C00289,2026-01-24 09:48:16,430.03,CARD,FAILED,BANK_DECLINE,35,34.0,1.0,0.9714285714285714,5.430555555555555,1,NONE,11.0,11.0,0.0,1539.397272727273,0.0,0.2793495919595449,0.3142857142857143,1,5.430555555555555,386.97833333333335,1.0
T0000203,C00005,2026-01-24 10:04:36,564.98,NETBANKING,FAILED,INSUFFICIENT_FUNDS,42,38.0,4.0,0.9047619047619048,7.096666666666667,1,NONE,11.0,10.0,1.0,2553.9481818181816,0.09090909090909091,0.2212182706063304,0.2619047619047619,1,7.096666666666667,49.684444444444445,1.0
T0044823,C00978,2026-01-24 10:10:32,3437.17,CARD,FAILED,LIMIT_EXCEEDED,45,43.0,2.0,0.9555555555555556,15.3875,1,NONE,18.0,18.0,0.0,2476.9655555555555,0.0,1.3876535312696674,0.4,1,15.3875,171.96666666666667,1.0
T0030926,C00673,2026-01-24 10:11:22,1415.73,NETBANKING,FAILED,NETWORK_ERROR,32,30.0,2.0,0.9375,7.989444444444445,0,LIMIT_EXCEEDED,14.0,12.0,2.0,2203.9135714285712,0.14285714285714285,0.6423709252274931,0.4375,2,14.064166666666667,7.989444444444445,1.0
T0014749,C00325,2026-01-24 10:27:04,1494.04,NETBANKING,FAILED,BANK_DECLINE,45,41.0,4.0,0.9111111111111111,13.391666666666667,1,NONE,17.0,14.0,3.0,2709.2994117647063,0.17647058823529413,0.5514488334188412,0.37777777777777777,1,13.391666666666667,41.88444444444445,1.0
T0009626,C00210,2026-01-24 10:28:15,1439.18,CARD,FAILED,INSUFFICIENT_FUNDS,41,38.0,3.0,0.926829268292683,24.886666666666667,1,NONE,9.0,9.0,0.0,2556.2255555555557,0.0,0.5630097848259782,0.21951219512195122,1,24.886666666666667,401.9788888888889,1.0
T0027131,C00594,2026-01-24 11:17:38,285.85,UPI,FAILED,INSUFFICIENT_FUNDS,32,28.0,4.0,0.875,15.31611111111111,1,NONE,14.0,13.0,1.0,2682.200714285714,0.07142857142857142,0.10657293411247322,0.4375,1,15.31611111111111,111.37305555555555,1.0
T0006204,C00136,2026-01-24 11:28:37,1155.21,UPI,FAILED,NETWORK_ERROR,46,43.0,3.0,0.9347826086956522,12.43,1,NONE,14.0,14.0,0.0,2375.410714285714,0.0,0.4863201100561557,0.30434782608695654,1,12.43,214.22861111111112,1.0
T0025527,C00560,2026-01-24 11:38:26,1850.56,UPI,FAILED,NETWORK_ERROR,60,58.0,2.0,0.9666666666666667,19.058611111111112,1,NONE,13.0,13.0,0.0,2064.9015384615386,0.0,0.8961976954013824,0.21666666666666667,1,19.058611111111112,246.51888888888888,1.0
T0031676,C00687,2026-01-24 12:10:28,1096.94,NETBANKING,FAILED,PAYMENT_TIMEOUT,37,35.0,2.0,0.9459459459459459,4.6425,1,NONE,13.0,12.0,1.0,1905.0284615384614,0.07692307692307693,0.5758129194112586,0.35135135135135137,1,4.6425,186.98277777777778,1.0
T0033902,C00736,2026-01-24 12:23:15,2011.03,NETBANKING,FAILED,BANK_DECLINE,32,31.0,1.0,0.96875,27.77611111111111,1,NONE,10.0,10.0,0.0,2284.37,0.0,0.8803433769485679,0.3125,1,27.77611111111111,548.6136111111111,1.0
T0036273,C00789,2026-01-24 12:48:07,861.11,UPI,FAILED,BANK_DECLINE,54,50.0,4.0,0.9259259259259259,0.9947222222222222,1,NONE,16.0,14.0,2.0,2324.400625,0.125,0.37046539685902896,0.2962962962962963,1,0.9947222222222222,8.01388888888889,1.0
T0034332,C00746,2026-01-24 13:03:22,5766.06,UPI,FAILED,PAYMENT_TIMEOUT,56,53.0,3.0,0.9464285714285714,9.2325,1,NONE,22.0,19.0,3.0,2663.949090909091,0.13636363636363635,2.164478300158616,0.39285714285714285,1,9.2325,40.65416666666667,1.0
T0012670,C00278,2026-01-24 13:04:19,2623.7,NETBANKING,FAILED,BANK_DECLINE,41,37.0,4.0,0.9024390243902439,43.187777777777775,1,NONE,13.0,12.0,1.0,2155.900769230769,0.07692307692307693,1.2169855113211647,0.3170731707317073,1,43.187777777777775,134.17583333333334,1.0
T0025516,C00560,2026-01-24 13:33:18,2256.19,UPI,FAILED,INSUFFICIENT_FUNDS,61,58.0,3.0,0.9508196721311475,1.9144444444444444,0,NETWORK_ERROR,14.0,13.0,1.0,2049.5914285714284,0.07142857142857142,1.100799880673082,0.22950819672131148,2,20.973055555555554,1.9144444444444444,1.0
T0022092,C00486,2026-01-24 13:33:22,1439.03,UPI,FAILED,BANK_DECLINE,22,20.0,2.0,0.9090909090909091,29.275277777777777,1,NONE,7.0,7.0,0.0,2267.6285714285714,0.0,0.6345968727556793,0.3181818181818182,1,29.275277777777777,347.6202777777778,1.0
T0019630,C00432,2026-01-24 13:47:07,2721.08,CARD,FAILED,NETWORK_ERROR,19,17.0,2.0,0.8947368421052632,36.574444444444445,1,NONE,6.0,5.0,1.0,2324.358333333333,0.16666666666666666,1.1706800801654937,0.3157894736842105,1,36.574444444444445,55.12,1.0
T0026019,C00572,2026-01-24 13:47:18,1711.01,NETBANKING,FAILED,BANK_DECLINE,37,37.0,0.0,1.0,10.192222222222222,1,NONE,12.0,12.0,0.0,2096.483333333333,0.0,0.8161333661925925,0.32432432432432434,1,10.192222222222222,-1.0,1.0
T0013681,C00299,2026-01-24 13:48:40,491.46,WALLET,FAILED,NETWORK_ERROR,24,23.0,1.0,0.9583333333333334,7.720833333333333,1,NONE,7.0,7.0,0.0,2181.21,0.0,0.22531530664172636,0.2916666666666667,1,7.720833333333333,469.1252777777778,1.0
T0012647,C00278,2026-01-24 13:59:49,1383.48,NETBANKING,FAILED,PAYMENT_TIMEOUT,42,37.0,5.0,0.8809523809523809,0.925,0,BANK_DECLINE,13.0,11.0,2.0,2325.533846153846,0.15384615384615385,0.5949085635920157,0.30952380952380953,2,44.11277777777778,0.925,1.0
T0043035,C00940,2026-01-24 14:47:35,4547.4,UPI,FAILED,PAYMENT_TIMEOUT,29,28.0,1.0,0.9655172413793104,9.517222222222221,1,NONE,11.0,11.0,0.0,2337.510909090909,0.0,1.9454026855295181,0.3793103448275862,1,9.517222222222221,329.13416666666666,1.0
T0023314,C00512,2026-01-24 14:55:55,1069.7,CARD,FAILED,NETWORK_ERROR,55,49.0,6.0,0.8909090909090909,13.280277777777778,1,NONE,15.0,15.0,0.0,1641.4559999999997,0.0,0.651677535066429,0.2727272727272727,1,13.280277777777778,200.16083333333333,1.0
T0001557,C00035,2026-01-24 15:04:59,282.47,UPI,FAILED,BANK_DECLINE,41,37.0,4.0,0.9024390243902439,8.80888888888889,1,NONE,13.0,12.0,1.0,1741.9653846153847,0.07692307692307693,0.16215592025806397,0.3170731707317073,1,8.80888888888889,185.06833333333333,1.0
T0030471,C00664,2026-01-24 15:43:34,1148.73,WALLET,FAILED,INSUFFICIENT_FUNDS,37,35.0,2.0,0.9459459459459459,10.057777777777778,1,NONE,11.0,10.0,1.0,2823.337272727273,0.09090909090909091,0.4068695621654708,0.2972972972972973,1,10.057777777777778,138.04305555555555,1.0
T0014810,C00326,2026-01-24 15:43:55,518.56,UPI,FAILED,INSUFFICIENT_FUNDS,42,41.0,1.0,0.9761904761904762,8.593333333333334,1,NONE,7.0,7.0,0.0,2734.9157142857143,0.0,0.18960730573572127,0.16666666666666666,1,8.593333333333334,468.7605555555556,1.0
T0036528,C00794,2026-01-24 15:44:06,12058.37,CARD,FAILED,BANK_DECLINE,30,30.0,0.0,1.0,18.8625,1,NONE,13.0,13.0,0.0,2275.2961538461536,0.0,5.299692516781417,0.43333333333333335,1,18.8625,-1.0,1.0
T0010625,C00231,2026-01-24 15:53:22,1717.23,UPI,FAILED,NETWORK_ERROR,28,28.0,0.0,1.0,19.275,1,NONE,10.0,10.0,0.0,3367.993,0.0,0.5098674492494492,0.35714285714285715,1,19.275,-1.0,1.0
T0013030,C00286,2026-01-24 16:26:37,1646.73,UPI,FAILED,INSUFFICIENT_FUNDS,50,48.0,2.0,0.96,4.1497222222222225,1,NONE,16.0,16.0,0.0,2356.0612499999997,0.0,0.6989334424136895,0.32,1,4.1497222222222225,392.68638888888887,1.0
T0026633,C00586,2026-01-24 16:26:59,1693.07,UPI,FAILED,BANK_DECLINE,27,24.0,3.0,0.8888888888888888,9.506944444444445,1,NONE,11.0,10.0,1.0,2351.5236363636363,0.09090909090909091,0.7199885103507359,0.4074074074074074,1,9.506944444444445,29.002222222222223,1.0
T0020173,C00444,2026-01-24 16:28:26,365.59,UPI,FAILED,INSUFFICIENT_FUNDS,30,27.0,3.0,0.9,0.8941666666666667,1,NONE,12.0,12.0,0.0,2084.9416666666666,0.0,0.175347831474102,0.4,1,0.8941666666666667,215.1536111111111,1.0
T0039913,C00870,2026-01-24 16:56:07,988.5,UPI,FAILED,NETWORK_ERROR,43,39.0,4.0,0.9069767441860465,1.785,1,NONE,14.0,12.0,2.0,3314.149285714286,0.14285714285714285,0.29826658812895096,0.32558139534883723,1,1.785,102.38777777777777,1.0
T0015323,C00338,2026-01-24 16:59:11,544.44,CARD,FAILED,BANK_DECLINE,27,27.0,0.0,1.0,5.705,1,NONE,8.0,8.0,0.0,2789.55625,0.0,0.19517082690123205,0.2962962962962963,1,5.705,-1.0,1.0
T0039812,C00868,2026-01-24 17:00:38,584.81,UPI,FAILED,BANK_DECLINE,50,49.0,1.0,0.98,1.6583333333333334,1,NONE,19.0,19.0,0.0,1529.0378947368422,0.0,0.382469265158827,0.38,1,1.6583333333333334,403.33666666666664,1.0
T0033460,C00727,2026-01-24 17:36:51,393.67,NETBANKING,FAILED,INSUFFICIENT_FUNDS,42,36.0,6.0,0.8571428571428571,36.19638888888889,1,NONE,16.0,12.0,4.0,2040.6325,0.25,0.19291567687959493,0.38095238095238093,1,36.19638888888889,41.615833333333335,1.0
T0020158,C00444,2026-01-24 18:25:03,2936.91,UPI,FAILED,INSUFFICIENT_FUNDS,31,27.0,4.0,0.8709677419354839,1.9436111111111112,0,INSUFFICIENT_FUNDS,13.0,12.0,1.0,1952.6838461538462,0.07692307692307693,1.5040376381382783,0.41935483870967744,2,2.8377777777777777,1.9436111111111112,1.0
T0015109,C00334,2026-01-24 18:37:12,1064.93,NETBANKING,FAILED,NETWORK_ERROR,35,29.0,6.0,0.8285714285714286,35.74472222222222,1,NONE,10.0,8.0,2.0,3122.0960000000005,0.2,0.3410945723642066,0.2857142857142857,1,35.74472222222222,54.312222222222225,1.0
T0005026,C00112,2026-01-24 18:46:58,2063.58,NETBANKING,FAILED,NETWORK_ERROR,20,19.0,1.0,0.95,2.6258333333333335,1,NONE,11.0,10.0,1.0,2548.3336363636363,0.09090909090909091,0.8097762281020003,0.55,1,2.6258333333333335,18.40388888888889,1.0
T0003120,C00072,2026-01-24 18:50:31,474.41,UPI,FAILED,NETWORK_ERROR,46,40.0,6.0,0.8695652173913043,2.216111111111111,1,NONE,12.0,12.0,0.0,1982.3374999999999,0.0,0.23931848133831907,0.2608695652173913,1,2.216111111111111,200.46583333333334,1.0
T0015138,C00334,2026-01-24 18:58:51,2432.38,NETBANKING,FAILED,LIMIT_EXCEEDED,36,29.0,7.0,0.8055555555555556,0.36083333333333334,0,NETWORK_ERROR,11.0,8.0,3.0,2935.0809090909092,0.2727272727272727,0.8287267286111673,0.3055555555555556,2,36.105555555555554,0.36083333333333334,1.0
T0016752,C00368,2026-01-24 19:21:36,3345.45,UPI,FAILED,BANK_DECLINE,49,48.0,1.0,0.9795918367346939,18.746111111111112,1,NONE,13.0,13.0,0.0,1905.926153846154,0.0,1.7552883637432073,0.2653061224489796,1,18.746111111111112,423.0763888888889,1.0
T0006206,C00136,2026-01-24 19:46:59,1665.81,UPI,FAILED,INSUFFICIENT_FUNDS,48,44.0,4.0,0.9166666666666666,6.788888888888889,1,NONE,15.0,14.0,1.0,2265.2793333333334,0.06666666666666667,0.7353662638809224,0.3125,1,6.788888888888889,8.306111111111111,1.0
T0001977,C00045,2026-01-24 20:10:41,814.75,CARD,FAILED,BANK_DECLINE,37,34.0,3.0,0.918918918918919,15.303888888888888,1,NONE,13.0,12.0,1.0,1769.9684615384617,0.07692307692307693,0.46031893658252926,0.35135135135135137,1,15.303888888888888,107.835,1.0
T0025330,C00557,2026-01-24 20:46:01,1516.55,CARD,FAILED,LIMIT_EXCEEDED,38,38.0,0.0,1.0,13.341666666666667,1,NONE,6.0,6.0,0.0,1378.8366666666668,0.0,1.0998764659096676,0.15789473684210525,1,13.341666666666667,-1.0,1.0
T0007152,C00156,2026-01-24 21:01:00,2501.85,CARD,FAILED,BANK_DECLINE,38,37.0,1.0,0.9736842105263158,6.495277777777778,1,NONE,11.0,10.0,1.0,1998.0863636363638,0.09090909090909091,1.2521230541040402,0.2894736842105263,1,6.495277777777778,30.268333333333334,1.0
T0038890,C00846,2026-01-24 21:19:24,582.51,WALLET,FAILED,NETWORK_ERROR,39,32.0,7.0,0.8205128205128205,14.532222222222222,0,INSUFFICIENT_FUNDS,14.0,10.0,4.0,1813.0364285714284,0.2857142857142857,0.32128973848527986,0.358974358974359,3,41.850833333333334,14.532222222222222,1.0
T0035425,C00771,2026-01-24 21:28:29,4421.66,NETBANKING,FAILED,NETWORK_ERROR,28,28.0,0.0,1.0,3.428888888888889,1,NONE,9.0,9.0,0.0,1702.8488888888887,0.0,2.596625002283755,0.32142857142857145,1,3.428888888888889,-1.0,1.0
T0034899,C00758,2026-01-24 21:28:42,641.57,CARD,FAILED,INSUFFICIENT_FUNDS,34,33.0,1.0,0.9705882352941176,4.450277777777778,1,NONE,13.0,12.0,1.0,2139.8884615384613,0.07692307692307693,0.29981469199508964,0.38235294117647056,1,4.450277777777778,94.82888888888888,1.0
T0002936,C00069,2026-01-24 21:32:48,1117.84,UPI,FAILED,INSUFFICIENT_FUNDS,35,34.0,1.0,0.9714285714285714,11.346388888888889,1,NONE,14.0,14.0,0.0,1128.4450000000002,0.0,0.9906021117555572,0.4,1,11.346388888888889,317.9213888888889,1.0
T0012291,C00270,2026-01-24 21:53:26,477.65,WALLET,FAILED,NETWORK_ERROR,31,30.0,1.0,0.967741935483871,17.06,1,NONE,8.0,8.0,0.0,1827.77625,0.0,0.26132848591286817,0.25806451612903225,1,17.06,326.53194444444443,1.0
T0033687,C00731,2026-01-24 22:01:57,3237.59,UPI,FAILED,NETWORK_ERROR,38,37.0,1.0,0.9736842105263158,9.493333333333334,1,NONE,11.0,11.0,0.0,1471.7654545454545,0.0,2.1998002399097683,0.2894736842105263,1,9.493333333333334,522.2058333333333,1.0
T0021755,C00479,2026-01-24 22:07:15,2388.63,NETBANKING,FAILED,NETWORK_ERROR,46,44.0,2.0,0.9565217391304348,26.9825,1,NONE,12.0,11.0,1.0,1985.4341666666667,0.08333333333333333,1.2030769088708977,0.2608695652173913,1,26.9825,52.060833333333335,1.0
T0012409,C00272,2026-01-24 22:15:46,638.31,UPI,FAILED,INSUFFICIENT_FUNDS,51,46.0,5.0,0.9019607843137255,0.5761111111111111,1,NONE,18.0,13.0,5.0,3144.0655555555554,0.2777777777777778,0.20302057597752943,0.35294117647058826,1,0.5761111111111111,82.33111111111111,1.0
T0023817,C00524,2026-01-24 22:17:16,271.57,UPI,FAILED,NETWORK_ERROR,30,28.0,2.0,0.9333333333333333,1.658611111111111,1,NONE,11.0,9.0,2.0,1369.9581818181816,0.18181818181818182,0.19823232825952222,0.36666666666666664,1,1.658611111111111,22.24222222222222,1.0
T0042406,C00927,2026-01-24 22:24:33,3115.66,UPI,FAILED,LIMIT_EXCEEDED,40,38.0,2.0,0.95,1.4702777777777778,1,NONE,12.0,12.0,0.0,2748.475,0.0,1.1335959031826741,0.3,1,1.4702777777777778,250.095,1.0
T0027448,C00601,2026-01-24 22:27:04,1063.72,UPI,FAILED,BANK_DECLINE,22,21.0,1.0,0.9545454545454546,6.251944444444445,1,NONE,6.0,5.0,1.0,3121.35,0.16666666666666666,0.34078844089897004,0.2727272727272727,1,6.251944444444445,57.31527777777778,1.0
T0011059,C00240,2026-01-24 22:34:07,1593.45,CARD,FAILED,BANK_DECLINE,52,44.0,8.0,0.8461538461538461,11.792222222222222,1,NONE,20.0,18.0,2.0,2452.3844999999997,0.1,0.6497553707422308,0.38461538461538464,1,11.792222222222222,62.51555555555556,1.0
T0037639,C00817,2026-01-24 22:46:19,174.23,UPI,FAILED,PAYMENT_TIMEOUT,21,17.0,4.0,0.8095238095238095,19.655833333333334,1,NONE,8.0,7.0,1.0,3219.96875,0.125,0.05410922078048117,0.38095238095238093,1,19.655833333333334,154.88611111111112,1.0
T0031688,C00687,2026-01-24 22:57:59,3632.84,NETBANKING,FAILED,BANK_DECLINE,38,35.0,3.0,0.9210526315789473,10.791944444444445,0,PAYMENT_TIMEOUT,14.0,12.0,2.0,1847.3078571428573,0.14285714285714285,1.966559058336243,0.3684210526315789,2,15.434444444444445,10.791944444444445,1.0
T0038774,C00844,2026-01-24 23:05:57,653.46,CARD,FAILED,INSUFFICIENT_FUNDS,33,33.0,0.0,1.0,1.9022222222222223,1,NONE,10.0,10.0,0.0,3570.9730000000004,0.0,0.18299214247769444,0.30303030303030304,1,1.9022222222222223,-1.0,1.0
T0002175,C00050,2026-01-24 23:12:53,1878.33,UPI,FAILED,NETWORK_ERROR,29,27.0,2.0,0.9310344827586207,14.998333333333333,1,NONE,8.0,8.0,0.0,2796.14375,0.0,0.6717573086147662,0.27586206896551724,1,14.998333333333333,495.34583333333336,1.0
T0021309,C00469,2026-01-24 23:13:55,6348.09,CARD,FAILED,PAYMENT_TIMEOUT,49,44.0,5.0,0.8979591836734694,14.723611111111111,1,NONE,11.0,11.0,0.0,1903.8463636363638,0.0,3.3343499356088224,0.22448979591836735,1,14.723611111111111,230.01444444444445,1.0
T0034163,C00742,2026-01-25 00:01:11,837.69,UPI,FAILED,PAYMENT_TIMEOUT,22,21.0,1.0,0.9545454545454546,53.44861111111111,0,NETWORK_ERROR,9.0,8.0,1.0,1616.9022222222222,0.1111111111111111,0.5180832758388468,0.4090909090909091,2,76.15277777777777,53.44861111111111,1.0
T0033004,C00718,2026-01-25 00:02:17,2007.06,CARD,FAILED,LIMIT_EXCEEDED,52,47.0,5.0,0.9038461538461539,0.3458333333333333,1,NONE,21.0,19.0,2.0,1846.9785714285715,0.09523809523809523,1.0866720551325137,0.40384615384615385,1,0.3458333333333333,17.086111111111112,1.0
T0040700,C00888,2026-01-25 00:02:50,624.2,CARD,FAILED,INSUFFICIENT_FUNDS,57,54.0,3.0,0.9473684210526315,11.385555555555555,1,NONE,26.0,24.0,2.0,1933.5203846153845,0.07692307692307693,0.322830834868165,0.45614035087719296,1,11.385555555555555,19.973055555555554,1.0
T0004880,C00108,2026-01-25 00:20:48,1135.36,CARD,FAILED,BANK_DECLINE,43,40.0,3.0,0.9302325581395349,16.483888888888888,1,NONE,14.0,12.0,2.0,2030.8821428571428,0.14285714285714285,0.5590477044634017,0.32558139534883723,1,16.483888888888888,87.1061111111111,1.0
T0002040,C00046,2026-01-25 00:22:46,1065.59,UPI,FAILED,PAYMENT_TIMEOUT,41,39.0,2.0,0.9512195121951219,7.859444444444445,1,NONE,13.0,13.0,0.0,1289.7700000000002,0.0,0.8261860641819857,0.3170731707317073,1,7.859444444444445,249.5675,1.0
T0038097,C00828,2026-01-25 00:50:53,666.29,CARD,FAILED,LIMIT_EXCEEDED,22,21.0,1.0,0.9545454545454546,36.40222222222222,1,NONE,9.0,9.0,0.0,2696.2011111111115,0.0,0.24712177339227492,0.4090909090909091,1,36.40222222222222,430.2638888888889,1.0
T0020912,C00461,2026-01-25 00:56:13,2910.04,NETBANKING,FAILED,PAYMENT_TIMEOUT,49,44.0,5.0,0.8979591836734694,22.247777777777777,1,NONE,9.0,9.0,0.0,1927.448888888889,0.0,1.5097884134699635,0.1836734693877551,1,22.247777777777777,234.25083333333333,1.0
T0039965,C00871,2026-01-25 00:56:26,2576.73,CARD,FAILED,INSUFFICIENT_FUNDS,58,58.0,0.0,1.0,2.9816666666666665,1,NONE,15.0,15.0,0.0,1307.326,0.0,1.9709926980722483,0.25862068965517243,1,2.9816666666666665,-1.0,1.0
T0017606,C00386,2026-01-25 01:07:12,1121.58,NETBANKING,FAILED,BANK_DECLINE,52,49.0,3.0,0.9423076923076923,8.656944444444445,1,NONE,15.0,15.0,0.0,1868.0306666666668,0.0,0.6004077020862612,0.28846153846153844,1,8.656944444444445,298.9888888888889,1.0
T0002425,C00056,2026-01-25 01:58:29,653.7,CARD,FAILED,INSUFFICIENT_FUNDS,32,31.0,1.0,0.96875,17.15972222222222,1,NONE,10.0,10.0,0.0,1951.173,0.0,0.3350292362594194,0.3125,1,17.15972222222222,287.0105555555556,1.0
T0010072,C00220,2026-01-25 02:17:03,1571.65,WALLET,FAILED,INSUFFICIENT_FUNDS,57,51.0,6.0,0.8947368421052632,8.680277777777778,1,NONE,19.0,17.0,2.0,2301.4194736842105,0.10526315789473684,0.6829046238511381,0.3333333333333333,1,8.680277777777778,70.20944444444444,1.0
T0026327,C00578,2026-01-25 02:18:42,2405.5,UPI,FAILED,INSUFFICIENT_FUNDS,17,17.0,0.0,1.0,28.20111111111111,1,NONE,8.0,8.0,0.0,5347.998750000001,0.0,0.44979442076346776,0.47058823529411764,1,28.20111111111111,-1.0,1.0
T0019076,C00419,2026-01-25 02:21:30,3066.92,CARD,FAILED,LIMIT_EXCEEDED,30,28.0,2.0,0.9333333333333333,2.4530555555555558,1,NONE,10.0,8.0,2.0,1986.5939999999998,0.2,1.543808146002656,0.3333333333333333,1,2.4530555555555558,51.175555555555555,1.0
T0033660,C00731,2026-01-25 02:28:06,2150.62,UPI,FAILED,INSUFFICIENT_FUNDS,39,37.0,2.0,0.9487179487179487,4.435833333333333,0,NETWORK_ERROR,12.0,11.0,1.0,1618.9175000000002,0.08333333333333333,1.3284308805112055,0.3076923076923077,2,13.929166666666667,4.435833333333333,1.0
T0016197,C00354,2026-01-25 02:32:55,2530.34,UPI,FAILED,LIMIT_EXCEEDED,40,37.0,3.0,0.925,39.50944444444445,1,NONE,13.0,11.0,2.0,2185.4107692307693,0.15384615384615385,1.1578326764128835,0.325,1,39.50944444444445,42.19611111111111,1.0
T0029073,C00635,2026-01-25 02:57:26,2139.43,UPI,FAILED,LIMIT_EXCEEDED,23,19.0,4.0,0.8260869565217391,35.429722222222225,1,NONE,9.0,7.0,2.0,2540.743333333333,0.2222222222222222,0.842048849221291,0.391304347826087,1,35.429722222222225,49.062222222222225,1.0
T0012356,C00271,2026-01-25 03:17:59,10751.67,CARD,FAILED,BANK_DECLINE,46,44.0,2.0,0.9565217391304348,35.199444444444445,1,NONE,11.0,11.0,0.0,1658.0236363636361,0.0,6.484630112741019,0.2391304347826087,1,35.199444444444445,323.4819444444444,1.0
T0028571,C00625,2026-01-25 03:43:11,961.12,WALLET,FAILED,INSUFFICIENT_FUNDS,58,53.0,5.0,0.9137931034482759,1.0797222222222222,1,NONE,17.0,16.0,1.0,2795.962352941177,0.058823529411764705,0.34375284023011327,0.29310344827586204,1,1.0797222222222222,152.08083333333335,1.0
T0018607,C00410,2026-01-25 03:54:16,1569.14,UPI,FAILED,BANK_DECLINE,42,41.0,1.0,0.9761904761904762,6.246944444444445,1,NONE,13.0,13.0,0.0,1325.5161538461539,0.0,1.183795456167728,0.30952380952380953,1,6.246944444444445,282.5444444444444,1.0
T0010779,C00234,2026-01-25 04:06:14,1643.82,WALLET,FAILED,INSUFFICIENT_FUNDS,47,46.0,1.0,0.9787234042553191,10.289722222222222,1,NONE,13.0,12.0,1.0,1386.7753846153844,0.07692307692307693,1.185354180811268,0.2765957446808511,1,10.289722222222222,158.33555555555554,1.0
T0027159,C00595,2026-01-25 04:38:45,4657.91,UPI,FAILED,BANK_DECLINE,48,44.0,4.0,0.9166666666666666,3.962222222222222,1,NONE,20.0,18.0,2.0,2181.2400000000002,0.1,2.1354413086134487,0.4166666666666667,1,3.962222222222222,56.86416666666667,1.0
T0042243,C00923,2026-01-25 04:39:01,1182.18,CARD,FAILED,INSUFFICIENT_FUNDS,15,14.0,1.0,0.9333333333333333,1.6011111111111112,1,NONE,3.0,3.0,0.0,1767.0133333333333,0.0,0.669027209755067,0.2,1,1.6011111111111112,432.3225,1.0
T0008467,C00183,2026-01-25 05:12:30,963.99,UPI,FAILED,PAYMENT_TIMEOUT,29,28.0,1.0,0.9655172413793104,1.0566666666666666,1,NONE,16.0,15.0,1.0,1507.9650000000001,0.0625,0.63926550019397,0.5517241379310345,1,1.0566666666666666,74.195,1.0
T0030481,C00664,2026-01-25 05:13:58,994.44,WALLET,FAILED,INSUFFICIENT_FUNDS,38,35.0,3.0,0.9210526315789473,13.506666666666666,0,INSUFFICIENT_FUNDS,12.0,10.0,2.0,2683.786666666667,0.16666666666666666,0.3705361578664971,0.3157894736842105,2,23.564444444444444,13.506666666666666,1.0
T0038212,C00831,2026-01-25 06:10:18,1455.21,UPI,FAILED,INSUFFICIENT_FUNDS,17,17.0,0.0,1.0,1.9747222222222223,1,NONE,5.0,5.0,0.0,2157.644,0.0,0.6744439768562377,0.29411764705882354,1,1.9747222222222223,-1.0,1.0
T0031381,C00682,2026-01-25 06:10:39,1521.21,UPI,FAILED,BANK_DECLINE,55,54.0,1.0,0.9818181818181818,2.3713888888888888,1,NONE,19.0,19.0,0.0,1830.5400000000002,0.0,0.8310170769281195,0.34545454545454546,1,2.3713888888888888,185.625,1.0
T0033528,C00728,2026-01-25 07:01:14,2002.11,UPI,FAILED,INSUFFICIENT_FUNDS,43,40.0,3.0,0.9302325581395349,14.590277777777779,1,NONE,14.0,14.0,0.0,2743.7007142857146,0.0,0.7297115132038817,0.32558139534883723,1,14.590277777777779,477.45,1.0
T0030120,C00655,2026-01-25 07:01:27,695.72,UPI,FAILED,LIMIT_EXCEEDED,43,38.0,5.0,0.8837209302325582,2.98,1,NONE,11.0,10.0,1.0,1823.5645454545454,0.09090909090909091,0.38151652034152894,0.2558139534883721,1,2.98,51.15611111111111,1.0
T0016833,C00369,2026-01-25 07:13:11,1778.8,UPI,FAILED,INSUFFICIENT_FUNDS,20,18.0,2.0,0.9,8.370833333333334,1,NONE,5.0,5.0,0.0,1469.348,0.0,1.2106049758124011,0.25,1,8.370833333333334,416.71305555555557,1.0
T0003551,C00080,2026-01-25 07:24:55,1983.69,CARD,FAILED,BANK_DECLINE,57,52.0,5.0,0.9122807017543859,0.14166666666666666,1,NONE,21.0,19.0,2.0,1727.592380952381,0.09523809523809523,1.148239608990657,0.3684210526315789,1,0.14166666666666666,75.95194444444445,1.0
T0008782,C00190,2026-01-25 07:32:34,1209.36,NETBANKING,FAILED,BANK_DECLINE,43,39.0,4.0,0.9069767441860465,24.8725,1,NONE,7.0,6.0,1.0,1510.554285714286,0.14285714285714285,0.8006067782119712,0.16279069767441862,1,24.8725,78.97694444444444,1.0
T0033704,C00731,2026-01-25 07:45:36,1412.03,UPI,FAILED,PAYMENT_TIMEOUT,40,37.0,3.0,0.925,5.291666666666667,0,INSUFFICIENT_FUNDS,12.0,10.0,2.0,1712.0833333333333,0.16666666666666666,0.8247437332684352,0.3,3,19.220833333333335,5.291666666666667,1.0
T0026495,C00584,2026-01-25 08:08:08,1857.06,UPI,FAILED,NETWORK_ERROR,45,40.0,5.0,0.8888888888888888,1.2083333333333333,1,NONE,14.0,14.0,0.0,1423.5564285714286,0.0,1.3045215228058098,0.3111111111111111,1,1.2083333333333333,225.5311111111111,1.0
T0015377,C00339,2026-01-25 08:13:23,662.84,UPI,FAILED,BANK_DECLINE,46,44.0,2.0,0.9565217391304348,37.97666666666667,1,NONE,13.0,12.0,1.0,2646.729230769231,0.07692307692307693,0.250437404889867,0.2826086956521739,1,37.97666666666667,101.07083333333334,1.0
T0041714,C00909,2026-01-25 08:20:32,808.34,CARD,FAILED,BANK_DECLINE,47,44.0,3.0,0.9361702127659575,4.749444444444444,1,NONE,9.0,7.0,2.0,2142.307777777778,0.2222222222222222,0.3773220675315353,0.19148936170212766,1,4.749444444444444,48.59388888888889,1.0
T0043507,C00948,2026-01-25 08:42:50,2580.93,UPI,FAILED,NETWORK_ERROR,52,51.0,1.0,0.9807692307692307,10.348333333333333,1,NONE,15.0,14.0,1.0,2018.2673333333332,0.06666666666666667,1.278785004034814,0.28846153846153844,1,10.348333333333333,140.40333333333334,1.0
T0015518,C00343,2026-01-25 09:06:03,4975.57,CARD,FAILED,LIMIT_EXCEEDED,45,44.0,1.0,0.9777777777777777,25.92861111111111,1,NONE,13.0,12.0,1.0,1820.3423076923077,0.07692307692307693,2.733315585192134,0.28888888888888886,1,25.92861111111111,49.97472222222222,1.0
T0014854,C00327,2026-01-25 09:17:42,707.06,CARD,FAILED,LIMIT_EXCEEDED,49,47.0,2.0,0.9591836734693877,0.26416666666666666,1,NONE,20.0,20.0,0.0,2131.943,0.0,0.33165051786093713,0.40816326530612246,1,0.26416666666666666,302.8905555555556,1.0
T0032577,C00708,2026-01-25 09:27:32,1419.65,UPI,FAILED,BANK_DECLINE,45,41.0,4.0,0.9111111111111111,3.026388888888889,1,NONE,15.0,14.0,1.0,1681.3339999999998,0.06666666666666667,0.8443593004126486,0.3333333333333333,1,3.026388888888889,62.42888888888889,1.0
T0022600,C00497,2026-01-25 09:33:36,2531.67,NETBANKING,FAILED,BANK_DECLINE,37,35.0,2.0,0.9459459459459459,9.894444444444444,1,NONE,9.0,8.0,1.0,1346.0500000000002,0.1111111111111111,1.8808142342409269,0.24324324324324326,1,9.894444444444444,43.56583333333333,1.0
T0044308,C00966,2026-01-25 10:06:30,1060.08,CARD,FAILED,BANK_DECLINE,56,54.0,2.0,0.9642857142857143,0.4588888888888889,1,NONE,15.0,14.0,1.0,1963.682,0.06666666666666667,0.5398430092041379,0.26785714285714285,1,0.4588888888888889,39.02916666666667,1.0
T0022608,C00497,2026-01-25 10:08:41,2211.87,NETBANKING,FAILED,BANK_DECLINE,38,35.0,3.0,0.9210526315789473,0.5847222222222223,0,BANK_DECLINE,10.0,8.0,2.0,1464.612,0.2,1.5102088471212851,0.2631578947368421,2,10.479166666666666,0.5847222222222223,1.0
T0004746,C00106,2026-01-25 10:51:19,1501.71,UPI,FAILED,BANK_DECLINE,29,27.0,2.0,0.9310344827586207,33.58277777777778,1,NONE,8.0,6.0,2.0,959.2,0.25,1.5655859049207672,0.27586206896551724,1,33.58277777777778,106.00472222222223,1.0
T0018690,C00412,2026-01-25 11:07:53,9696.63,NETBANKING,FAILED,NETWORK_ERROR,23,21.0,2.0,0.9130434782608695,8.706111111111111,1,NONE,9.0,8.0,1.0,2389.07,0.1111111111111111,4.058746708970435,0.391304347826087,1,8.706111111111111,85.68916666666667,1.0
T0005712,C00126,2026-01-25 11:23:47,1056.42,UPI,FAILED,PAYMENT_TIMEOUT,41,38.0,3.0,0.926829268292683,14.380555555555556,1,NONE,14.0,12.0,2.0,3058.256428571429,0.14285714285714285,0.3454321194686328,0.34146341463414637,1,14.380555555555556,61.6425,1.0
T0005542,C00122,2026-01-25 11:29:46,1028.89,NETBANKING,FAILED,BANK_DECLINE,42,36.0,6.0,0.8571428571428571,38.35305555555556,1,NONE,12.0,11.0,1.0,2209.5575,0.08333333333333333,0.46565432218894515,0.2857142857142857,1,38.35305555555556,142.07,1.0
T0024683,C00543,2026-01-25 11:33:02,678.62,CARD,FAILED,LIMIT_EXCEEDED,37,33.0,4.0,0.8918918918918919,43.01972222222222,1,NONE,12.0,12.0,0.0,1278.7733333333333,0.0,0.530680443758602,0.32432432432432434,1,43.01972222222222,189.87027777777777,1.0
T0020069,C00441,2026-01-25 12:20:36,604.98,UPI,FAILED,NETWORK_ERROR,28,28.0,0.0,1.0,12.255833333333333,1,NONE,16.0,16.0,0.0,1042.6675,0.0,0.5802233214327674,0.5714285714285714,1,12.255833333333333,-1.0,1.0
T0030931,C00673,2026-01-25 13:07:21,1905.97,NETBANKING,FAILED,BANK_DECLINE,34,31.0,3.0,0.9117647058823529,5.506111111111111,1,NONE,16.0,13.0,3.0,2104.661875,0.1875,0.9055943962495164,0.47058823529411764,1,5.506111111111111,26.933055555555555,1.0
T0045601,C00994,2026-01-25 13:07:27,2366.89,CARD,FAILED,BANK_DECLINE,22,22.0,0.0,1.0,8.418611111111112,1,NONE,5.0,5.0,0.0,996.156,0.0,2.3760234340806057,0.22727272727272727,1,8.418611111111112,-1.0,1.0
T0019181,C00422,2026-01-25 13:14:11,3334.73,UPI,FAILED,BANK_DECLINE,45,42.0,3.0,0.9333333333333333,24.58,1,NONE,18.0,17.0,1.0,2313.983888888889,0.05555555555555555,1.4411206646737913,0.4,1,24.58,81.94305555555556,1.0
T0038193,C00830,2026-01-25 13:34:03,1782.61,CARD,FAILED,INSUFFICIENT_FUNDS,27,26.0,1.0,0.9629629629629629,24.12361111111111,1,NONE,6.0,5.0,1.0,1794.1066666666666,0.16666666666666666,0.9935919826394566,0.2222222222222222,1,24.12361111111111,148.785,1.0
T0012720,C00279,2026-01-25 13:50:32,455.06,UPI,FAILED,NETWORK_ERROR,44,41.0,3.0,0.9318181818181818,16.7125,1,NONE,13.0,13.0,0.0,1954.9869230769232,0.0,0.23276882040918628,0.29545454545454547,1,16.7125,383.3308333333333,1.0
T0021006,C00463,2026-01-25 14:05:35,600.41,CARD,FAILED,BANK_DECLINE,47,44.0,3.0,0.9361702127659575,4.586111111111111,1,NONE,12.0,11.0,1.0,2156.561666666667,0.08333333333333333,0.27841077270377146,0.2553191489361702,1,4.586111111111111,60.2,1.0
T0008260,C00179,2026-01-25 14:14:14,1753.37,NETBANKING,FAILED,BANK_DECLINE,32,30.0,2.0,0.9375,22.747777777777777,1,NONE,11.0,10.0,1.0,2622.6963636363635,0.09090909090909091,0.6685371682023289,0.34375,1,22.747777777777777,152.39111111111112,1.0
T0034377,C00746,2026-01-25 14:22:09,5801.03,UPI,FAILED,NETWORK_ERROR,60,56.0,4.0,0.9333333333333333,9.644444444444444,1,NONE,22.0,18.0,4.0,3125.1322727272727,0.18181818181818182,1.8562510299564048,0.36666666666666664,1,9.644444444444444,25.313055555555554,1.0
T0041271,C00900,2026-01-25 14:32:11,957.7,WALLET,FAILED,NETWORK_ERROR,60,58.0,2.0,0.9666666666666667,8.04138888888889,1,NONE,15.0,13.0,2.0,1777.6979999999999,0.13333333333333333,0.5387304255278457,0.25,1,8.04138888888889,64.73861111111111,1.0
T0026160,C00575,2026-01-25 14:39:33,911.12,WALLET,FAILED,INSUFFICIENT_FUNDS,24,24.0,0.0,1.0,10.744722222222222,1,NONE,5.0,5.0,0.0,3968.0519999999997,0.0,0.22961392643039963,0.20833333333333334,1,10.744722222222222,-1.0,1.0
T0024591,C00542,2026-01-25 14:39:47,2947.37,WALLET,FAILED,BANK_DECLINE,59,52.0,7.0,0.8813559322033898,11.071666666666667,1,NONE,21.0,17.0,4.0,2261.191904761905,0.19047619047619047,1.3034585847371265,0.3559322033898305,1,11.071666666666667,32.73833333333334,1.0
T0000439,C00010,2026-01-25 14:51:12,2854.77,CARD,FAILED,LIMIT_EXCEEDED,38,36.0,2.0,0.9473684210526315,19.650555555555556,1,NONE,10.0,10.0,0.0,2002.2259999999999,0.0,1.4257980867294702,0.2631578947368421,1,19.650555555555556,218.02666666666667,1.0
T0028457,C00623,2026-01-25 15:15:49,7683.51,CARD,FAILED,INSUFFICIENT_FUNDS,59,56.0,3.0,0.9491525423728814,5.573333333333333,1,NONE,15.0,15.0,0.0,1917.2113333333332,0.0,4.007648956800798,0.2542372881355932,1,5.573333333333333,279.0702777777778,1.0
T0037912,C00825,2026-01-25 15:18:50,5740.47,CARD,FAILED,BANK_DECLINE,57,52.0,5.0,0.9122807017543859,5.6066666666666665,1,NONE,16.0,15.0,1.0,1969.313125,0.0625,2.914960514468719,0.2807017543859649,1,5.6066666666666665,144.6327777777778,1.0
T0042184,C00922,2026-01-25 15:24:13,3053.37,CARD,FAILED,INSUFFICIENT_FUNDS,41,41.0,0.0,1.0,3.812777777777778,1,NONE,9.0,9.0,0.0,2003.1566666666668,0.0,1.524279179361907,0.21951219512195122,1,3.812777777777778,-1.0,1.0
T0004648,C00103,2026-01-25 15:25:46,2684.28,UPI,FAILED,NETWORK_ERROR,17,16.0,1.0,0.9411764705882353,34.76777777777778,1,NONE,4.0,3.0,1.0,2576.9624999999996,0.25,1.0416449599091957,0.23529411764705882,1,34.76777777777778,59.52861111111111,1.0
T0008430,C00182,2026-01-25 15:45:23,1762.59,UPI,FAILED,NETWORK_ERROR,59,52.0,7.0,0.8813559322033898,18.364722222222223,1,NONE,17.0,16.0,1.0,2253.597647058824,0.058823529411764705,0.7821227548317512,0.288135593220339,1,18.364722222222223,147.76111111111112,1.0
T0005622,C00124,2026-01-25 15:51:40,718.44,UPI,FAILED,NETWORK_ERROR,41,35.0,6.0,0.8536585365853658,11.421388888888888,1,NONE,17.0,14.0,3.0,1284.7358823529412,0.17647058823529413,0.5592122161982481,0.4146341463414634,1,11.421388888888888,99.11722222222222,1.0
T0020722,C00456,2026-01-25 15:52:25,1291.86,UPI,FAILED,PAYMENT_TIMEOUT,25,24.0,1.0,0.96,4.92,1,NONE,6.0,6.0,0.0,1909.5833333333333,0.0,0.6765140737508182,0.24,1,4.92,459.995,1.0
T0003860,C00085,2026-01-25 16:08:31,2343.85,WALLET,FAILED,INSUFFICIENT_FUNDS,61,59.0,2.0,0.9672131147540983,8.8,1,NONE,18.0,17.0,1.0,1973.1438888888888,0.05555555555555555,1.1878758630825763,0.29508196721311475,1,8.8,135.205,1.0
T0042273,C00924,2026-01-25 16:14:38,1518.83,NETBANKING,FAILED,INSUFFICIENT_FUNDS,40,40.0,0.0,1.0,45.80138888888889,1,NONE,13.0,13.0,0.0,2236.8076923076924,0.0,0.6790167993534741,0.325,1,45.80138888888889,-1.0,1.0
T0022392,C00493,2026-01-25 16:18:14,2016.26,CARD,FAILED,BANK_DECLINE,49,42.0,7.0,0.8571428571428571,20.399166666666666,1,NONE,11.0,9.0,2.0,2176.4036363636365,0.18181818181818182,0.926418227902244,0.22448979591836735,1,20.399166666666666,39.50527777777778,1.0
T0042837,C00936,2026-01-25 16:23:25,1631.14,NETBANKING,FAILED,PAYMENT_TIMEOUT,41,37.0,4.0,0.9024390243902439,34.744166666666665,1,NONE,16.0,15.0,1.0,2334.80625,0.0625,0.6986189967582963,0.3902439024390244,1,34.744166666666665,113.79444444444445,1.0
T0029955,C00652,2026-01-25 16:30:34,373.36,UPI,FAILED,NETWORK_ERROR,31,30.0,1.0,0.967741935483871,4.095,1,NONE,10.0,10.0,0.0,1855.6879999999996,0.0,0.20119761511633424,0.3225806451612903,1,4.095,241.3552777777778,1.0
T0007642,C00167,2026-01-25 16:32:29,1136.79,UPI,FAILED,INSUFFICIENT_FUNDS,64,59.0,5.0,0.921875,9.178888888888888,1,NONE,16.0,15.0,1.0,1732.45,0.0625,0.6561747813789719,0.25,1,9.178888888888888,55.721944444444446,1.0
T0045777,C00999,2026-01-25 16:33:37,1174.72,UPI,FAILED,BANK_DECLINE,51,45.0,6.0,0.8823529411764706,5.684722222222222,1,NONE,14.0,13.0,1.0,1805.7785714285715,0.07142857142857142,0.6505338021984977,0.27450980392156865,1,5.684722222222222,32.045,1.0
T0024856,C00547,2026-01-25 16:37:16,5167.03,CARD,FAILED,INSUFFICIENT_FUNDS,51,46.0,5.0,0.9019607843137255,5.420833333333333,1,NONE,17.0,16.0,1.0,1372.9658823529412,0.058823529411764705,3.7634074279725898,0.3333333333333333,1,5.420833333333333,65.97222222222223,1.0
T0016217,C00354,2026-01-25 16:51:54,1009.35,UPI,FAILED,BANK_DECLINE,43,39.0,4.0,0.9069767441860465,10.670555555555556,1,NONE,13.0,11.0,2.0,1718.2269230769232,0.15384615384615385,0.5874369598356087,0.3023255813953488,1,10.670555555555556,14.31638888888889,1.0
T0010078,C00220,2026-01-25 16:52:26,4430.81,WALLET,FAILED,INSUFFICIENT_FUNDS,58,51.0,7.0,0.8793103448275862,14.589722222222223,0,INSUFFICIENT_FUNDS,18.0,15.0,3.0,2353.93,0.16666666666666666,1.8823032120751257,0.3103448275862069,2,23.27,14.589722222222223,1.0
T0033958,C00737,2026-01-25 16:55:30,1796.92,UPI,FAILED,BANK_DECLINE,34,31.0,3.0,0.9117647058823529,69.94777777777777,1,NONE,7.0,7.0,0.0,1882.282857142857,0.0,0.9546492936388794,0.20588235294117646,1,69.94777777777777,286.29583333333335,1.0
T0022887,C00502,2026-01-25 17:02:22,1089.06,NETBANKING,FAILED,BANK_DECLINE,58,54.0,4.0,0.9310344827586207,0.9075,1,NONE,15.0,15.0,0.0,2553.078,0.0,0.42656746092363806,0.25862068965517243,1,0.9075,225.4963888888889,1.0
T0006037,C00133,2026-01-25 17:37:49,409.24,UPI,FAILED,NETWORK_ERROR,37,33.0,4.0,0.8918918918918919,16.529722222222222,1,NONE,6.0,6.0,0.0,2863.8350000000005,0.0,0.14289929412832791,0.16216216216216217,1,16.529722222222222,299.7319444444444,1.0
T0044509,C00971,2026-01-25 17:40:05,1404.5,CARD,FAILED,INSUFFICIENT_FUNDS,38,35.0,3.0,0.9210526315789473,22.83416666666667,1,NONE,10.0,9.0,1.0,1462.1460000000002,0.1,0.9605743886041475,0.2631578947368421,1,22.83416666666667,37.33111111111111,1.0
T0002499,C00057,2026-01-25 17:43:16,1091.29,UPI,FAILED,INSUFFICIENT_FUNDS,39,36.0,3.0,0.9230769230769231,25.87472222222222,1,NONE,12.0,12.0,0.0,2675.6341666666663,0.0,0.4078621859428342,0.3076923076923077,1,25.87472222222222,268.4166666666667,1.0
T0029948,C00652,2026-01-25 18:18:36,1246.64,UPI,FAILED,INSUFFICIENT_FUNDS,33,31.0,2.0,0.9393939393939394,1.7433333333333334,1,NONE,12.0,11.0,1.0,1714.9608333333333,0.08333333333333333,0.7269203912820167,0.36363636363636365,1,1.7433333333333334,1.8005555555555555,1.0
T0032655,C00710,2026-01-25 18:36:42,1380.81,UPI,FAILED,NETWORK_ERROR,22,18.0,4.0,0.8181818181818182,98.29083333333334,1,NONE,5.0,4.0,1.0,1903.518,0.2,0.725398971798533,0.22727272727272727,1,98.29083333333334,134.04083333333332,1.0
T0030260,C00659,2026-01-25 19:05:40,2282.33,UPI,FAILED,INSUFFICIENT_FUNDS,52,49.0,3.0,0.9423076923076923,13.44361111111111,1,NONE,18.0,18.0,0.0,2378.7783333333336,0.0,0.9594546780665424,0.34615384615384615,1,13.44361111111111,381.74555555555554,1.0
T0043860,C00955,2026-01-25 19:18:15,544.41,CARD,FAILED,NETWORK_ERROR,55,51.0,4.0,0.9272727272727272,13.691944444444445,1,NONE,18.0,16.0,2.0,2663.8322222222223,0.1111111111111111,0.20437097932010231,0.32727272727272727,1,13.691944444444445,47.83833333333333,1.0
T0008456,C00183,2026-01-25 19:20:25,3877.68,UPI,FAILED,INSUFFICIENT_FUNDS,30,28.0,2.0,0.9333333333333333,14.131944444444445,0,PAYMENT_TIMEOUT,17.0,15.0,2.0,1475.9664705882353,0.11764705882352941,2.627214152401836,0.5666666666666667,2,15.188611111111111,14.131944444444445,1.0
T0030199,C00658,2026-01-25 19:34:03,6804.96,UPI,FAILED,LIMIT_EXCEEDED,40,39.0,1.0,0.975,5.691111111111111,1,NONE,12.0,12.0,0.0,1528.706666666667,0.0,4.451449155277227,0.3,1,5.691111111111111,536.7808333333334,1.0
T0017051,C00374,2026-01-25 19:45:47,2719.94,UPI,FAILED,PAYMENT_TIMEOUT,41,40.0,1.0,0.975609756097561,15.338611111111112,1,NONE,14.0,14.0,0.0,1760.3221428571428,0.0,1.5451376391739986,0.34146341463414637,1,15.338611111111112,514.9038888888889,1.0
T0041829,C00912,2026-01-25 19:51:36,634.41,UPI,FAILED,INSUFFICIENT_FUNDS,27,26.0,1.0,0.9629629629629629,14.582777777777778,1,NONE,10.0,10.0,0.0,2064.171,0.0,0.30734372297643947,0.37037037037037035,1,14.582777777777778,529.3408333333333,1.0
T0034744,C00755,2026-01-25 19:53:00,2944.48,UPI,FAILED,BANK_DECLINE,33,32.0,1.0,0.9696969696969697,6.944444444444445,1,NONE,8.0,8.0,0.0,1174.0687500000006,0.0,2.5079280919452107,0.24242424242424243,1,6.944444444444445,586.7141666666666,1.0
T0018611,C00410,2026-01-25 19:56:02,611.91,UPI,FAILED,INSUFFICIENT_FUNDS,45,43.0,2.0,0.9555555555555556,5.895833333333333,1,NONE,16.0,15.0,1.0,1683.786875,0.0625,0.3634129764789858,0.35555555555555557,1,5.895833333333333,16.029444444444444,1.0
T0025667,C00565,2026-01-25 19:59:46,1290.18,UPI,FAILED,LIMIT_EXCEEDED,28,26.0,2.0,0.9285714285714286,13.127222222222223,1,NONE,9.0,9.0,0.0,2280.9822222222224,0.0,0.5656247503512132,0.32142857142857145,1,13.127222222222223,196.70416666666668,1.0
T0041144,C00897,2026-01-25 20:07:48,1485.44,UPI,FAILED,BANK_DECLINE,37,33.0,4.0,0.8918918918918919,14.217222222222222,1,NONE,14.0,13.0,1.0,3314.937857142857,0.07142857142857142,0.4481049310771394,0.3783783783783784,1,14.217222222222222,129.59694444444443,1.0
T0011274,C00246,2026-01-25 20:14:37,1015.34,UPI,FAILED,BANK_DECLINE,38,38.0,0.0,1.0,29.54388888888889,1,NONE,10.0,10.0,0.0,1556.508,0.0,0.6523191657222449,0.2631578947368421,1,29.54388888888889,-1.0,1.0
T0032153,C00698,2026-01-25 20:14:55,946.46,CARD,FAILED,BANK_DECLINE,40,40.0,0.0,1.0,17.851666666666667,1,NONE,15.0,15.0,0.0,1670.6333333333334,0.0,0.5665276641593009,0.375,1,17.851666666666667,-1.0,1.0
T0027310,C00598,2026-01-25 20:15:18,567.43,UPI,FAILED,INSUFFICIENT_FUNDS,32,29.0,3.0,0.90625,9.850555555555555,1,NONE,10.0,9.0,1.0,1406.299,0.1,0.4034917183330145,0.3125,1,9.850555555555555,160.1611111111111,1.0
T0007813,C00170,2026-01-25 20:21:40,1083.92,UPI,FAILED,NETWORK_ERROR,28,22.0,6.0,0.7857142857142857,6.275277777777778,1,NONE,8.0,7.0,1.0,2673.48875,0.125,0.405432788898027,0.2857142857142857,1,6.275277777777778,148.8738888888889,1.0
T0000615,C00014,2026-01-25 20:29:10,4415.97,CARD,FAILED,LIMIT_EXCEEDED,57,55.0,2.0,0.9649122807017544,4.044722222222222,1,NONE,16.0,14.0,2.0,3098.4474999999998,0.125,1.4252202110895862,0.2807017543859649,1,4.044722222222222,46.59583333333333,1.0
T0007211,C00158,2026-01-25 20:36:17,2545.28,CARD,FAILED,LIMIT_EXCEEDED,51,45.0,6.0,0.8823529411764706,0.8402777777777778,1,NONE,8.0,7.0,1.0,3251.2799999999997,0.125,0.7828547525897493,0.1568627450980392,1,0.8402777777777778,174.86777777777777,1.0
T0019921,C00438,2026-01-25 20:37:22,1706.87,NETBANKING,FAILED,NETWORK_ERROR,32,30.0,2.0,0.9375,40.66861111111111,1,NONE,13.0,12.0,1.0,2035.5176923076922,0.07692307692307693,0.8385434361245466,0.40625,1,40.66861111111111,150.51333333333332,1.0
T0041964,C00916,2026-01-25 21:04:16,2298.24,UPI,FAILED,LIMIT_EXCEEDED,31,30.0,1.0,0.967741935483871,6.305555555555555,1,NONE,8.0,8.0,0.0,1129.26,0.0,2.035173476435896,0.25806451612903225,1,6.305555555555555,337.5727777777778,1.0
T0025903,C00571,2026-01-25 21:13:05,1232.88,UPI,FAILED,PAYMENT_TIMEOUT,57,57.0,0.0,1.0,1.6388888888888888,1,NONE,23.0,23.0,0.0,1749.5091304347825,0.0,0.7047005234511744,0.40350877192982454,1,1.6388888888888888,-1.0,1.0
T0016823,C00369,2026-01-25 21:45:59,2401.28,UPI,FAILED,BANK_DECLINE,23,20.0,3.0,0.8695652173913043,6.5875,1,NONE,8.0,7.0,1.0,1707.60875,0.125,1.4062237617369904,0.34782608695652173,1,6.5875,14.546666666666667,1.0
T0035573,C00774,2026-01-25 22:07:57,831.37,CARD,FAILED,LIMIT_EXCEEDED,62,58.0,4.0,0.9354838709677419,4.799722222222222,1,NONE,16.0,15.0,1.0,2423.630625,0.0625,0.34302669368192196,0.25806451612903225,1,4.799722222222222,66.70833333333333,1.0
T0014617,C00323,2026-01-25 22:17:22,1370.93,CARD,FAILED,LIMIT_EXCEEDED,35,32.0,3.0,0.9142857142857143,17.9525,1,NONE,10.0,9.0,1.0,2241.1799999999994,0.1,0.6117000865615436,0.2857142857142857,1,17.9525,121.1725,1.0
T0016029,C00351,2026-01-25 22:21:46,1173.23,CARD,FAILED,NETWORK_ERROR,39,37.0,2.0,0.9487179487179487,14.165277777777778,1,NONE,17.0,16.0,1.0,3016.09,0.058823529411764705,0.38899038158675636,0.4358974358974359,1,14.165277777777778,116.72805555555556,1.0
T0025152,C00552,2026-01-25 22:25:26,1253.56,NETBANKING,FAILED,BANK_DECLINE,50,48.0,2.0,0.96,11.884166666666667,1,NONE,14.0,13.0,1.0,2255.1,0.07142857142857142,0.5558777881246951,0.28,1,11.884166666666667,53.577222222222225,1.0
T0003177,C00073,2026-01-25 22:46:38,2150.05,UPI,FAILED,BANK_DECLINE,25,24.0,1.0,0.96,2.298611111111111,1,NONE,7.0,7.0,0.0,3645.781428571428,0.0,0.5897363959206082,0.28,1,2.298611111111111,402.2291666666667,1.0
T0001644,C00038,2026-01-25 22:50:40,639.55,CARD,FAILED,BANK_DECLINE,38,37.0,1.0,0.9736842105263158,17.731666666666666,1,NONE,11.0,11.0,0.0,1716.697272727273,0.0,0.37254675600664483,0.2894736842105263,1,17.731666666666666,545.4238888888889,1.0
T0027439,C00601,2026-01-25 23:14:12,711.62,UPI,FAILED,PAYMENT_TIMEOUT,23,21.0,2.0,0.9130434782608695,24.785555555555554,0,BANK_DECLINE,7.0,5.0,2.0,2827.402857142857,0.2857142857142857,0.25168680798430865,0.30434782608695654,2,31.0375,24.785555555555554,1.0
T0002729,C00064,2026-01-25 23:55:25,2156.79,CARD,FAILED,BANK_DECLINE,31,27.0,4.0,0.8709677419354839,6.644444444444445,1,NONE,10.0,7.0,3.0,2412.8990000000003,0.3,0.8938583836289873,0.3225806451612903,1,6.644444444444445,85.99583333333334,1.0
T0030928,C00673,2026-01-26 00:00:11,621.54,NETBANKING,FAILED,PAYMENT_TIMEOUT,36,32.0,4.0,0.8888888888888888,4.741944444444444,1,NONE,15.0,11.0,4.0,2251.812,0.26666666666666666,0.2760177137345391,0.4166666666666667,1,4.741944444444444,10.880555555555556,1.0
T0040023,C00872,2026-01-26 00:11:41,450.82,CARD,FAILED,PAYMENT_TIMEOUT,22,21.0,1.0,0.9545454545454546,7.924722222222222,1,NONE,8.0,7.0,1.0,1578.6512500000001,0.125,0.2855728901491067,0.36363636363636365,1,7.924722222222222,112.68472222222222,1.0
T0027760,C00607,2026-01-26 00:43:50,5407.62,CARD,FAILED,LIMIT_EXCEEDED,23,22.0,1.0,0.9565217391304348,16.45638888888889,1,NONE,7.0,7.0,0.0,2040.7642857142857,0.0,2.6498013699349334,0.30434782608695654,1,16.45638888888889,574.1866666666666,1.0
T0009117,C00198,2026-01-26 00:45:04,931.54,UPI,FAILED,PAYMENT_TIMEOUT,46,44.0,2.0,0.9565217391304348,34.47222222222222,1,NONE,11.0,11.0,0.0,2014.8718181818183,0.0,0.46233214023540403,0.2391304347826087,1,34.47222222222222,360.27944444444444,1.0
T0008111,C00176,2026-01-26 01:01:30,2603.01,CARD,FAILED,INSUFFICIENT_FUNDS,41,39.0,2.0,0.9512195121951219,1.1130555555555555,1,NONE,12.0,11.0,1.0,1978.2033333333336,0.08333333333333333,1.3158455231262036,0.2926829268292683,1,1.1130555555555555,184.8125,1.0
T0036583,C00796,2026-01-26 01:08:02,592.59,UPI,FAILED,INSUFFICIENT_FUNDS,39,37.0,2.0,0.9487179487179487,7.9675,1,NONE,11.0,10.0,1.0,3253.120909090909,0.09090909090909091,0.18216045962017452,0.28205128205128205,1,7.9675,113.12166666666667,1.0
T0000645,C00015,2026-01-26 01:18:12,629.4,CARD,FAILED,INSUFFICIENT_FUNDS,58,52.0,6.0,0.896551724137931,5.538333333333333,1,NONE,17.0,17.0,0.0,2241.3852941176474,0.0,0.28080848109953005,0.29310344827586204,1,5.538333333333333,204.44694444444445,1.0
T0045755,C00999,2026-01-26 01:23:03,1041.16,UPI,FAILED,PAYMENT_TIMEOUT,54,47.0,7.0,0.8703703703703703,3.9116666666666666,1,NONE,17.0,15.0,2.0,1843.8123529411766,0.11764705882352941,0.5646778525695323,0.3148148148148148,1,3.9116666666666666,8.823888888888888,1.0
T0014156,C00311,2026-01-26 02:04:59,6880.91,NETBANKING,FAILED,INSUFFICIENT_FUNDS,25,23.0,2.0,0.92,38.13111111111111,1,NONE,5.0,5.0,0.0,960.066,0.0,7.167121843706578,0.2,1,38.13111111111111,432.53333333333336,1.0
T0041687,C00909,2026-01-26 02:28:21,4296.33,CARD,FAILED,INSUFFICIENT_FUNDS,50,46.0,4.0,0.92,9.108055555555556,1,NONE,12.0,9.0,3.0,2040.9516666666668,0.25,2.105062099298448,0.24,1,9.108055555555556,18.130277777777778,1.0
T0043869,C00956,2026-01-26 02:51:11,1001.03,UPI,FAILED,INSUFFICIENT_FUNDS,32,31.0,1.0,0.96875,32.20472222222222,1,NONE,7.0,7.0,0.0,2361.9385714285713,0.0,0.42381711874688893,0.21875,1,32.20472222222222,415.3386111111111,1.0
T0041119,C00896,2026-01-26 02:51:44,2018.41,UPI,FAILED,BANK_DECLINE,12,12.0,0.0,1.0,9.676388888888889,1,NONE,6.0,6.0,0.0,1102.9866666666667,0.0,1.8299495914124075,0.5,1,9.676388888888889,-1.0,1.0
T0009166,C00199,2026-01-26 03:52:31,3108.74,UPI,FAILED,BANK_DECLINE,32,32.0,0.0,1.0,13.716111111111111,1,NONE,6.0,6.0,0.0,912.1916666666666,0.0,3.4079899144002996,0.1875,1,13.716111111111111,-1.0,1.0
T0044216,C00964,2026-01-26 03:53:34,609.33,UPI,FAILED,INSUFFICIENT_FUNDS,51,48.0,3.0,0.9411764705882353,8.164166666666667,1,NONE,18.0,18.0,0.0,2413.916111111111,0.0,0.25242385068614875,0.35294117647058826,1,8.164166666666667,388.05361111111114,1.0
T0018240,C00402,2026-01-26 04:12:13,1516.74,CARD,FAILED,BANK_DECLINE,49,48.0,1.0,0.9795918367346939,7.485,1,NONE,15.0,15.0,0.0,1716.7966666666666,0.0,0.8834709604515386,0.30612244897959184,1,7.485,267.76666666666665,1.0
T0035772,C00777,2026-01-26 04:29:12,1005.57,CARD,FAILED,PAYMENT_TIMEOUT,33,33.0,0.0,1.0,5.0875,1,NONE,9.0,9.0,0.0,1833.5633333333333,0.0,0.5484239249985002,0.2727272727272727,1,5.0875,-1.0,1.0
T0014445,C00318,2026-01-26 04:35:06,9629.4,UPI,FAILED,LIMIT_EXCEEDED,36,34.0,2.0,0.9444444444444444,32.37388888888889,1,NONE,8.0,7.0,1.0,1255.2612499999998,0.125,7.671231785415189,0.2222222222222222,1,32.37388888888889,132.48166666666665,1.0
T0028773,C00629,2026-01-26 04:40:33,1877.14,CARD,FAILED,INSUFFICIENT_FUNDS,49,45.0,4.0,0.9183673469387755,2.013888888888889,1,NONE,17.0,16.0,1.0,2184.3688235294117,0.058823529411764705,0.8593512138517871,0.3469387755102041,1,2.013888888888889,82.15861111111111,1.0
T0000360,C00009,2026-01-26 04:44:09,546.26,UPI,FAILED,INSUFFICIENT_FUNDS,40,38.0,2.0,0.95,20.079722222222223,1,NONE,14.0,14.0,0.0,1636.3435714285713,0.0,0.3338296489429176,0.35,1,20.079722222222223,414.3611111111111,1.0
T0039944,C00870,2026-01-26 04:50:18,614.06,UPI,FAILED,NETWORK_ERROR,45,40.0,5.0,0.8888888888888888,24.948055555555555,1,NONE,13.0,11.0,2.0,3044.672307692308,0.15384615384615385,0.20168344502907218,0.28888888888888886,1,24.948055555555555,35.903055555555554,1.0
T0043323,C00945,2026-01-26 05:03:34,1181.54,CARD,FAILED,LIMIT_EXCEEDED,55,51.0,4.0,0.9272727272727272,26.349444444444444,1,NONE,16.0,16.0,0.0,1734.51,0.0,0.6811952655216746,0.2909090909090909,1,26.349444444444444,225.03,1.0
T0017708,C00389,2026-01-26 05:14:58,1795.79,CARD,FAILED,NETWORK_ERROR,40,39.0,1.0,0.975,1.7338888888888888,1,NONE,11.0,11.0,0.0,1100.24,0.0,1.6321802515814732,0.275,1,1.7338888888888888,576.0780555555556,1.0
T0037148,C00806,2026-01-26 05:20:56,1881.3,UPI,FAILED,NETWORK_ERROR,32,29.0,3.0,0.90625,18.015,1,NONE,10.0,10.0,0.0,2029.645,0.0,0.9269108637224737,0.3125,1,18.015,251.92888888888888,1.0
T0027342,C00599,2026-01-26 05:23:32,7291.38,WALLET,FAILED,NETWORK_ERROR,46,42.0,4.0,0.9130434782608695,2.6686111111111113,1,NONE,12.0,12.0,0.0,1608.2675,0.0,4.533686093886745,0.2608695652173913,1,2.6686111111111113,416.9977777777778,1.0
T0023060,C00506,2026-01-26 05:25:50,1612.89,UPI,FAILED,INSUFFICIENT_FUNDS,48,45.0,3.0,0.9375,17.1975,1,NONE,13.0,11.0,2.0,2116.0176923076924,0.15384615384615385,0.7622289765644682,0.2708333333333333,1,17.1975,100.47638888888889,1.0
T0042224,C00922,2026-01-26 05:33:48,4691.19,CARD,FAILED,INSUFFICIENT_FUNDS,43,42.0,1.0,0.9767441860465116,12.609444444444444,1,NONE,11.0,10.0,1.0,1949.9545454545455,0.09090909090909091,2.4057945406652834,0.2558139534883721,1,12.609444444444444,14.159722222222221,1.0
T0011872,C00261,2026-01-26 06:01:48,5450.18,UPI,FAILED,INSUFFICIENT_FUNDS,32,30.0,2.0,0.9375,28.482222222222223,1,NONE,9.0,9.0,0.0,1626.568888888889,0.0,3.3507219013164726,0.28125,1,28.482222222222223,376.5597222222222,1.0
T0011379,C00249,2026-01-26 06:08:17,2916.02,CARD,FAILED,INSUFFICIENT_FUNDS,39,37.0,2.0,0.9487179487179487,6.6338888888888885,1,NONE,12.0,12.0,0.0,1470.1458333333333,0.0,1.983490299998583,0.3076923076923077,1,6.6338888888888885,450.1588888888889,1.0
T0006448,C00140,2026-01-26 06:10:45,560.96,CARD,FAILED,INSUFFICIENT_FUNDS,45,41.0,4.0,0.9111111111111111,2.8619444444444446,1,NONE,11.0,10.0,1.0,1666.6772727272728,0.09090909090909091,0.33657385816635715,0.24444444444444444,1,2.8619444444444446,54.87583333333333,1.0
T0002565,C00059,2026-01-26 06:15:40,824.27,UPI,FAILED,BANK_DECLINE,43,42.0,1.0,0.9767441860465116,28.63,1,NONE,9.0,8.0,1.0,1909.2333333333336,0.1111111111111111,0.4317282678911255,0.20930232558139536,1,28.63,145.12694444444443,1.0
T0026173,C00575,2026-01-26 06:37:46,1914.06,WALLET,FAILED,INSUFFICIENT_FUNDS,25,24.0,1.0,0.96,15.970277777777778,0,INSUFFICIENT_FUNDS,5.0,4.0,1.0,4019.5620000000004,0.2,0.4761862113334736,0.2,2,26.715,15.970277777777778,1.0
T0030009,C00653,2026-01-26 06:39:17,1281.48,CARD,FAILED,LIMIT_EXCEEDED,41,39.0,2.0,0.9512195121951219,0.745,1,NONE,8.0,8.0,0.0,2356.31625,0.0,0.5438488997391586,0.1951219512195122,1,0.745,312.0275,1.0
T0011404,C00249,2026-01-26 06:56:19,1446.97,CARD,FAILED,BANK_DECLINE,40,37.0,3.0,0.925,0.8005555555555556,0,INSUFFICIENT_FUNDS,13.0,12.0,1.0,1581.366923076923,0.07692307692307693,0.9150121827416107,0.325,2,7.434444444444445,0.8005555555555556,1.0
T0001111,C00025,2026-01-26 06:57:48,692.25,UPI,FAILED,NETWORK_ERROR,40,34.0,6.0,0.85,6.648611111111111,1,NONE,10.0,8.0,2.0,1155.283,0.2,0.5992038314421662,0.25,1,6.648611111111111,116.17972222222222,1.0
T0041035,C00894,2026-01-26 07:55:16,2792.09,CARD,FAILED,BANK_DECLINE,63,58.0,5.0,0.9206349206349206,14.124722222222223,1,NONE,19.0,19.0,0.0,1735.548947368421,0.0,1.6087647681925603,0.30158730158730157,1,14.124722222222223,293.6038888888889,1.0
T0034042,C00739,2026-01-26 07:57:49,4600.71,CARD,FAILED,NETWORK_ERROR,40,36.0,4.0,0.9,8.567222222222222,1,NONE,11.0,10.0,1.0,3184.205454545454,0.09090909090909091,1.4448533757243853,0.275,1,8.567222222222222,83.63638888888889,1.0
T0014886,C00327,2026-01-26 08:04:37,3348.79,CARD,FAILED,BANK_DECLINE,52,49.0,3.0,0.9423076923076923,0.2677777777777778,1,NONE,19.0,18.0,1.0,2120.3063157894735,0.05263157894736842,1.5793897207503782,0.36538461538461536,1,0.2677777777777778,22.781944444444445,1.0
T0036266,C00789,2026-01-26 08:27:25,3099.47,UPI,FAILED,INSUFFICIENT_FUNDS,58,53.0,5.0,0.9137931034482759,2.0519444444444446,1,NONE,14.0,11.0,3.0,3023.1978571428576,0.21428571428571427,1.0252289616694903,0.2413793103448276,1,2.0519444444444446,43.655,1.0
T0018843,C00415,2026-01-26 08:37:35,553.95,UPI,FAILED,LIMIT_EXCEEDED,33,32.0,1.0,0.9696969696969697,13.481111111111112,1,NONE,7.0,7.0,0.0,2996.8700000000003,0.0,0.18484285270966042,0.21212121212121213,1,13.481111111111112,520.9052777777778,1.0
T0028829,C00630,2026-01-26 08:38:57,572.09,CARD,FAILED,INSUFFICIENT_FUNDS,53,48.0,5.0,0.9056603773584906,7.9375,1,NONE,19.0,17.0,2.0,1376.6826315789474,0.10526315789473684,0.41555692421561063,0.3584905660377358,1,7.9375,55.46805555555556,1.0
T0040449,C00882,2026-01-26 08:40:58,1031.94,UPI,FAILED,LIMIT_EXCEEDED,28,27.0,1.0,0.9642857142857143,19.519444444444446,1,NONE,13.0,13.0,0.0,2599.746923076923,0.0,0.3969386369264938,0.4642857142857143,1,19.519444444444446,545.7108333333333,1.0
T0030838,C00671,2026-01-26 09:08:29,1673.65,UPI,FAILED,INSUFFICIENT_FUNDS,38,34.0,4.0,0.8947368421052632,14.311944444444444,1,NONE,8.0,8.0,0.0,1336.77875,0.0,1.2520022479411796,0.21052631578947367,1,14.311944444444444,364.4577777777778,1.0
T0001807,C00041,2026-01-26 09:14:40,2845.49,UPI,FAILED,PAYMENT_TIMEOUT,56,53.0,3.0,0.9464285714285714,0.3075,1,NONE,16.0,16.0,0.0,1756.13375,0.0,1.6203150813541394,0.2857142857142857,1,0.3075,303.4247222222222,1.0
T0011751,C00257,2026-01-26 09:15:23,2914.44,UPI,FAILED,INSUFFICIENT_FUNDS,39,38.0,1.0,0.9743589743589743,49.558055555555555,1,NONE,13.0,13.0,0.0,1779.2723076923078,0.0,1.6379954812987505,0.3333333333333333,1,49.558055555555555,492.89166666666665,1.0
T0040931,C00892,2026-01-26 09:21:58,2658.87,WALLET,FAILED,INSUFFICIENT_FUNDS,48,44.0,4.0,0.9166666666666666,3.803888888888889,1,NONE,14.0,13.0,1.0,1988.8228571428572,0.07142857142857142,1.336906396892347,0.2916666666666667,1,3.803888888888889,56.87777777777778,1.0
T0037809,C00823,2026-01-26 09:47:23,816.07,CARD,FAILED,INSUFFICIENT_FUNDS,31,30.0,1.0,0.967741935483871,18.438055555555554,1,NONE,4.0,4.0,0.0,2152.8,0.0,0.37907376439985135,0.12903225806451613,1,18.438055555555554,544.4663888888889,1.0
T0040445,C00882,2026-01-26 09:56:42,971.75,UPI,FAILED,INSUFFICIENT_FUNDS,29,27.0,2.0,0.9310344827586207,1.2622222222222221,0,LIMIT_EXCEEDED,14.0,13.0,1.0,2487.7607142857146,0.07142857142857142,0.39061232634626947,0.4827586206896552,2,20.781666666666666,1.2622222222222221,1.0
T0019003,C00418,2026-01-26 10:05:02,2211.47,NETBANKING,FAILED,BANK_DECLINE,61,58.0,3.0,0.9508196721311475,14.739166666666666,1,NONE,18.0,18.0,0.0,3244.4711111111114,0.0,0.6816118634641358,0.29508196721311475,1,14.739166666666666,281.43916666666667,1.0
T0022125,C00487,2026-01-26 10:19:37,2480.73,NETBANKING,FAILED,PAYMENT_TIMEOUT,49,46.0,3.0,0.9387755102040817,14.310833333333333,1,NONE,15.0,15.0,0.0,2421.6626666666666,0.0,1.0243912309283925,0.30612244897959184,1,14.310833333333333,361.38722222222225,1.0
T0001836,C00041,2026-01-26 10:28:34,1373.04,UPI,FAILED,NETWORK_ERROR,57,53.0,4.0,0.9298245614035088,1.2316666666666667,0,PAYMENT_TIMEOUT,17.0,16.0,1.0,1820.2135294117647,0.058823529411764705,0.7543290816235845,0.2982456140350877,2,1.5391666666666666,1.2316666666666667,1.0
T0004156,C00091,2026-01-26 11:02:01,6385.97,UPI,FAILED,PAYMENT_TIMEOUT,37,33.0,4.0,0.8918918918918919,56.19722222222222,1,NONE,10.0,9.0,1.0,1519.9299999999998,0.1,4.2014895422815535,0.2702702702702703,1,56.19722222222222,120.51361111111112,1.0
T0041293,C00900,2026-01-26 11:40:12,1995.12,WALLET,FAILED,INSUFFICIENT_FUNDS,61,58.0,3.0,0.9508196721311475,21.13361111111111,0,NETWORK_ERROR,15.0,12.0,3.0,1791.0393333333334,0.2,1.1139453851562537,0.2459016393442623,2,29.175,21.13361111111111,1.0
T0030765,C00669,2026-01-26 11:48:59,2435.2,CARD,FAILED,BANK_DECLINE,54,52.0,2.0,0.9629629629629629,14.615833333333333,1,NONE,16.0,16.0,0.0,2437.6975,0.0,0.9989754676287765,0.2962962962962963,1,14.615833333333333,403.83444444444444,1.0
T0042938,C00938,2026-01-26 11:52:38,1554.72,UPI,FAILED,NETWORK_ERROR,56,55.0,1.0,0.9821428571428571,30.095833333333335,1,NONE,16.0,16.0,0.0,1836.9724999999999,0.0,0.8463490879694716,0.2857142857142857,1,30.095833333333335,438.8025,1.0
T0019276,C00424,2026-01-26 11:53:35,279.86,CARD,FAILED,LIMIT_EXCEEDED,28,27.0,1.0,0.9642857142857143,38.053333333333335,1,NONE,7.0,7.0,0.0,3052.8257142857146,0.0,0.09167244585578325,0.25,1,38.053333333333335,204.24694444444444,1.0
T0014261,C00314,2026-01-26 11:59:20,1181.45,CARD,FAILED,BANK_DECLINE,36,34.0,2.0,0.9444444444444444,9.53138888888889,1,NONE,11.0,10.0,1.0,1870.6745454545453,0.09090909090909091,0.6315636265382153,0.3055555555555556,1,9.53138888888889,188.51388888888889,1.0
T0025936,C00571,2026-01-26 12:14:00,2503.51,UPI,FAILED,INSUFFICIENT_FUNDS,61,60.0,1.0,0.9836065573770492,6.0475,1,NONE,25.0,24.0,1.0,1731.7604000000001,0.04,1.445644559143401,0.4098360655737705,1,6.0475,15.015277777777778,1.0
T0028479,C00623,2026-01-26 12:56:52,2538.98,CARD,FAILED,PAYMENT_TIMEOUT,64,60.0,4.0,0.9375,1.5091666666666668,1,NONE,19.0,18.0,1.0,1912.5815789473686,0.05263157894736842,1.327514615819621,0.296875,1,1.5091666666666668,21.684166666666666,1.0
T0021362,C00470,2026-01-26 12:58:21,6087.6,NETBANKING,FAILED,PAYMENT_TIMEOUT,21,21.0,0.0,1.0,57.185833333333335,1,NONE,6.0,6.0,0.0,5475.136666666666,0.0,1.111862656700807,0.2857142857142857,1,57.185833333333335,-1.0,1.0
T0032508,C00707,2026-01-26 15:06:59,490.95,NETBANKING,FAILED,NETWORK_ERROR,44,42.0,2.0,0.9545454545454546,31.92861111111111,1,NONE,11.0,9.0,2.0,1797.9754545454546,0.18181818181818182,0.27305712030652657,0.25,1,31.92861111111111,113.34194444444445,1.0
T0035048,C00762,2026-01-26 15:09:39,2825.83,UPI,FAILED,BANK_DECLINE,50,45.0,5.0,0.9,15.749722222222223,1,NONE,14.0,13.0,1.0,1248.2235714285714,0.07142857142857142,2.2638812987371195,0.28,1,15.749722222222223,160.62944444444443,1.0
T0031511,C00684,2026-01-26 15:12:41,1115.45,UPI,FAILED,NETWORK_ERROR,58,53.0,5.0,0.9137931034482759,1.8302777777777777,1,NONE,17.0,14.0,3.0,1726.6535294117648,0.17647058823529413,0.6460184287116425,0.29310344827586204,1,1.8302777777777777,59.90611111111111,1.0
T0012975,C00285,2026-01-26 15:28:27,1896.59,UPI,FAILED,BANK_DECLINE,55,54.0,1.0,0.9818181818181818,11.999722222222223,1,NONE,19.0,19.0,0.0,2125.0505263157893,0.0,0.8924917203207058,0.34545454545454546,1,11.999722222222223,199.53444444444443,1.0
T0029483,C00642,2026-01-26 15:51:59,2443.44,UPI,FAILED,BANK_DECLINE,35,32.0,3.0,0.9142857142857143,42.89138888888889,1,NONE,10.0,10.0,0.0,3329.678999999999,0.0,0.7338365049603883,0.2857142857142857,1,42.89138888888889,246.68527777777777,1.0
T0015790,C00347,2026-01-26 16:30:58,772.47,WALLET,FAILED,PAYMENT_TIMEOUT,64,55.0,9.0,0.859375,11.161388888888888,1,NONE,17.0,17.0,0.0,2085.245294117647,0.0,0.3704456267946471,0.265625,1,11.161388888888888,227.23277777777778,1.0
T0006460,C00140,2026-01-26 17:08:50,1678.33,CARD,FAILED,BANK_DECLINE,47,42.0,5.0,0.8936170212765957,0.04472222222222222,1,NONE,13.0,11.0,2.0,1543.1184615384616,0.15384615384615385,1.0876222673965905,0.2765957446808511,1,0.04472222222222222,10.968055555555555,1.0
T0015531,C00343,2026-01-26 17:28:10,1389.24,CARD,FAILED,LIMIT_EXCEEDED,47,45.0,2.0,0.9574468085106383,20.934444444444445,1,NONE,14.0,12.0,2.0,2031.6335714285713,0.14285714285714285,0.6838044121426565,0.2978723404255319,1,20.934444444444445,32.368611111111115,1.0
T0005945,C00131,2026-01-26 17:28:24,759.13,UPI,FAILED,BANK_DECLINE,45,42.0,3.0,0.9333333333333333,30.95861111111111,1,NONE,8.0,7.0,1.0,1505.2925,0.125,0.5043073024013606,0.17777777777777778,1,30.95861111111111,128.14916666666667,1.0
T0019946,C00439,2026-01-26 17:34:14,2347.84,UPI,FAILED,INSUFFICIENT_FUNDS,48,46.0,2.0,0.9583333333333334,3.104722222222222,1,NONE,17.0,17.0,0.0,1743.045294117647,0.0,1.3469758978285806,0.3541666666666667,1,3.104722222222222,331.84583333333336,1.0
T0026784,C00588,2026-01-26 17:36:02,1813.33,UPI,FAILED,PAYMENT_TIMEOUT,73,71.0,2.0,0.9726027397260274,0.7958333333333333,1,NONE,28.0,27.0,1.0,1491.0692857142856,0.03571428571428571,1.21612725670983,0.3835616438356164,1,0.7958333333333333,78.28138888888888,1.0
T0001979,C00045,2026-01-26 18:00:40,868.9,CARD,FAILED,BANK_DECLINE,42,38.0,4.0,0.9047619047619048,6.016666666666667,1,NONE,15.0,13.0,2.0,1627.71,0.13333333333333333,0.5338174490541927,0.35714285714285715,1,6.016666666666667,45.83305555555555,1.0
T0026480,C00583,2026-01-26 18:06:25,4598.96,CARD,FAILED,LIMIT_EXCEEDED,36,35.0,1.0,0.9722222222222222,7.5136111111111115,1,NONE,9.0,9.0,0.0,1978.3044444444447,0.0,2.3246978051912017,0.25,1,7.5136111111111115,449.6558333333333,1.0
T0014556,C00320,2026-01-26 18:11:31,1361.85,NETBANKING,FAILED,NETWORK_ERROR,52,46.0,6.0,0.8846153846153846,27.392777777777777,1,NONE,12.0,10.0,2.0,1481.9483333333335,0.16666666666666666,0.9189591629937615,0.23076923076923078,1,27.392777777777777,117.8325,1.0
T0018803,C00414,2026-01-26 18:34:49,1769.54,NETBANKING,FAILED,BANK_DECLINE,38,34.0,4.0,0.8947368421052632,37.82972222222222,1,NONE,11.0,10.0,1.0,2002.89,0.09090909090909091,0.8834933521062065,0.2894736842105263,1,37.82972222222222,166.7125,1.0
T0007165,C00156,2026-01-26 18:43:44,447.64,CARD,FAILED,NETWORK_ERROR,42,40.0,2.0,0.9523809523809523,10.269444444444444,1,NONE,13.0,11.0,2.0,2727.784615384616,0.15384615384615385,0.16410386563342466,0.30952380952380953,1,10.269444444444444,45.71222222222222,1.0
T0008294,C00180,2026-01-26 18:48:00,974.15,UPI,FAILED,NETWORK_ERROR,33,31.0,2.0,0.9393939393939394,2.142777777777778,1,NONE,14.0,14.0,0.0,2348.4864285714284,0.0,0.4147990757573039,0.42424242424242425,1,2.142777777777778,473.7561111111111,1.0
T0017826,C00391,2026-01-26 18:49:21,702.01,UPI,FAILED,BANK_DECLINE,45,44.0,1.0,0.9777777777777777,14.582222222222223,1,NONE,17.0,17.0,0.0,2150.3923529411763,0.0,0.32645670407069355,0.37777777777777777,1,14.582222222222223,312.8513888888889,1.0
T0044188,C00963,2026-01-26 18:51:56,1703.9,UPI,FAILED,NETWORK_ERROR,45,44.0,1.0,0.9777777777777777,44.172222222222224,1,NONE,12.0,12.0,0.0,2215.679166666667,0.0,0.769019281145924,0.26666666666666666,1,44.172222222222224,297.12111111111113,1.0
T0014910,C00328,2026-01-26 19:07:42,1597.56,CARD,FAILED,LIMIT_EXCEEDED,25,24.0,1.0,0.96,79.51944444444445,1,NONE,5.0,5.0,0.0,1206.7620000000002,0.0,1.3238401606944863,0.2,1,79.51944444444445,459.5463888888889,1.0
T0033590,C00729,2026-01-26 19:14:01,3114.74,UPI,FAILED,BANK_DECLINE,52,48.0,4.0,0.9230769230769231,4.038888888888889,1,NONE,20.0,18.0,2.0,1332.949,0.1,2.3367285620079987,0.38461538461538464,1,4.038888888888889,90.72166666666666,1.0
T0026560,C00585,2026-01-26 19:26:23,666.21,UPI,FAILED,BANK_DECLINE,60,55.0,5.0,0.9166666666666666,6.019166666666667,1,NONE,22.0,20.0,2.0,2413.251818181818,0.09090909090909091,0.27606319198878015,0.36666666666666664,1,6.019166666666667,158.6638888888889,1.0
T0013345,C00293,2026-01-26 19:28:45,4475.94,CARD,FAILED,BANK_DECLINE,62,58.0,4.0,0.9354838709677419,9.360277777777778,1,NONE,22.0,21.0,1.0,2015.729090909091,0.045454545454545456,2.22050672393747,0.3548387096774194,1,9.360277777777778,84.42527777777778,1.0
T0001742,C00040,2026-01-26 19:29:14,365.25,UPI,FAILED,BANK_DECLINE,36,36.0,0.0,1.0,30.148333333333333,1,NONE,13.0,13.0,0.0,2750.4361538461535,0.0,0.13279712000921814,0.3611111111111111,1,30.148333333333333,-1.0,1.0
T0017619,C00386,2026-01-26 19:46:38,2423.91,NETBANKING,FAILED,NETWORK_ERROR,55,51.0,4.0,0.9272727272727272,9.585277777777778,1,NONE,17.0,16.0,1.0,1484.8711764705884,0.058823529411764705,1.6324042370877092,0.3090909090909091,1,9.585277777777778,42.657222222222224,1.0
T0019894,C00437,2026-01-26 20:49:47,11801.87,NETBANKING,FAILED,BANK_DECLINE,38,37.0,1.0,0.9736842105263158,7.735,1,NONE,11.0,11.0,0.0,1525.7427272727275,0.0,7.735163857602585,0.2894736842105263,1,7.735,408.9222222222222,1.0
T0033438,C00727,2026-01-26 21:13:53,3294.65,NETBANKING,FAILED,INSUFFICIENT_FUNDS,44,37.0,7.0,0.8409090909090909,28.088055555555556,1,NONE,14.0,10.0,4.0,1841.7957142857142,0.2857142857142857,1.788824881307606,0.3181818181818182,1,28.088055555555556,51.617222222222225,1.0
T0003044,C00070,2026-01-26 21:15:43,528.08,UPI,FAILED,BANK_DECLINE,69,64.0,5.0,0.927536231884058,33.46138888888889,1,NONE,16.0,14.0,2.0,1880.274375,0.125,0.28085262822347407,0.2318840579710145,1,33.46138888888889,78.03027777777778,1.0
T0018191,C00401,2026-01-26 21:25:38,674.42,UPI,FAILED,PAYMENT_TIMEOUT,51,48.0,3.0,0.9411764705882353,6.705277777777778,1,NONE,13.0,12.0,1.0,1720.4423076923076,0.07692307692307693,0.3920038451650403,0.2549019607843137,1,6.705277777777778,62.176944444444445,1.0
T0021889,C00482,2026-01-26 21:43:33,1826.78,UPI,FAILED,PAYMENT_TIMEOUT,39,35.0,4.0,0.8974358974358975,8.134166666666667,1,NONE,16.0,15.0,1.0,2145.1131250000003,0.0625,0.8516007751339453,0.41025641025641024,1,8.134166666666667,161.09444444444443,1.0
T0025032,C00550,2026-01-26 21:50:44,3335.14,CARD,FAILED,INSUFFICIENT_FUNDS,45,41.0,4.0,0.9111111111111111,2.3922222222222222,1,NONE,14.0,14.0,0.0,1896.9685714285715,0.0,1.7581419377382559,0.3111111111111111,1,2.3922222222222222,232.40055555555554,1.0
T0023790,C00523,2026-01-26 21:59:42,999.41,UPI,FAILED,PAYMENT_TIMEOUT,52,50.0,2.0,0.9615384615384616,10.630277777777778,1,NONE,15.0,15.0,0.0,1545.7640000000001,0.0,0.6465475971752479,0.28846153846153844,1,10.630277777777778,260.3925,1.0
T0029466,C00641,2026-01-26 22:07:09,3049.49,CARD,FAILED,PAYMENT_TIMEOUT,47,44.0,3.0,0.9361702127659575,4.021388888888889,1,NONE,14.0,14.0,0.0,2246.964285714286,0.0,1.3571599777477548,0.2978723404255319,1,4.021388888888889,187.78,1.0
T0011783,C00258,2026-01-26 22:16:04,1568.59,UPI,FAILED,NETWORK_ERROR,26,25.0,1.0,0.9615384615384616,8.093055555555555,1,NONE,7.0,7.0,0.0,1304.98,0.0,1.2020030958328862,0.2692307692307692,1,8.093055555555555,549.52,1.0
T0010678,C00232,2026-01-26 22:30:14,2271.41,CARD,FAILED,NETWORK_ERROR,54,49.0,5.0,0.9074074074074074,15.7475,1,NONE,10.0,10.0,0.0,2358.218,0.0,0.9631891538441315,0.18518518518518517,1,15.7475,239.76166666666666,1.0
T0031447,C00683,2026-01-26 22:51:40,2352.42,UPI,FAILED,BANK_DECLINE,57,50.0,7.0,0.8771929824561403,7.733055555555556,1,NONE,14.0,12.0,2.0,1442.8021428571428,0.14285714285714285,1.6304522499124967,0.24561403508771928,1,7.733055555555556,103.3825,1.0
T0044903,C00979,2026-01-26 23:14:03,4777.2,UPI,FAILED,NETWORK_ERROR,44,41.0,3.0,0.9318181818181818,0.655,1,NONE,11.0,10.0,1.0,1748.6118181818179,0.09090909090909091,2.7319957181618877,0.25,1,0.655,143.515,1.0
T0002838,C00067,2026-01-26 23:49:05,1730.63,CARD,FAILED,BANK_DECLINE,36,32.0,4.0,0.8888888888888888,0.3013888888888889,1,NONE,7.0,7.0,0.0,3426.4271428571424,0.0,0.505082970641222,0.19444444444444445,1,0.3013888888888889,327.2605555555556,1.0
T0039677,C00864,2026-01-27 00:40:11,1549.77,NETBANKING,FAILED,INSUFFICIENT_FUNDS,19,18.0,1.0,0.9473684210526315,54.3,1,NONE,7.0,7.0,0.0,1451.8314285714284,0.0,1.0674586384487772,0.3684210526315789,1,54.3,423.8516666666667,1.0
T0042827,C00936,2026-01-27 01:06:24,1443.2,NETBANKING,FAILED,BANK_DECLINE,44,39.0,5.0,0.8863636363636364,19.932777777777776,1,NONE,16.0,14.0,2.0,2981.3781249999997,0.125,0.48407143927776697,0.36363636363636365,1,19.932777777777776,32.716388888888886,1.0
T0000657,C00015,2026-01-27 01:22:49,678.38,CARD,FAILED,NETWORK_ERROR,59,52.0,7.0,0.8813559322033898,24.076944444444443,0,INSUFFICIENT_FUNDS,17.0,16.0,1.0,1925.5717647058823,0.058823529411764705,0.3523005542738719,0.288135593220339,2,29.615277777777777,24.076944444444443,1.0
T0013876,C00304,2026-01-27 01:32:59,1745.86,CARD,FAILED,LIMIT_EXCEEDED,35,33.0,2.0,0.9428571428571428,3.2055555555555557,1,NONE,10.0,10.0,0.0,1737.3759999999997,0.0,1.0048832261985892,0.2857142857142857,1,3.2055555555555557,310.3752777777778,1.0
T0019834,C00436,2026-01-27 01:36:43,711.51,CARD,FAILED,LIMIT_EXCEEDED,44,43.0,1.0,0.9772727272727273,4.778333333333333,1,NONE,20.0,20.0,0.0,2197.383,0.0,0.32379880976598074,0.45454545454545453,1,4.778333333333333,518.0433333333333,1.0
T0035766,C00777,2026-01-27 01:44:03,1071.73,CARD,FAILED,INSUFFICIENT_FUNDS,37,36.0,1.0,0.972972972972973,6.802777777777778,1,NONE,12.0,11.0,1.0,2163.3241666666668,0.08333333333333333,0.49540887885118157,0.32432432432432434,1,6.802777777777778,21.2475,1.0
T0014645,C00323,2026-01-27 02:11:50,304.35,CARD,FAILED,BANK_DECLINE,39,35.0,4.0,0.8974358974358975,0.895,1,NONE,13.0,11.0,2.0,1909.0530769230768,0.15384615384615385,0.15942458786454342,0.3333333333333333,1,0.895,27.907777777777778,1.0
T0002672,C00062,2026-01-27 02:37:26,327.4,CARD,FAILED,INSUFFICIENT_FUNDS,27,26.0,1.0,0.9629629629629629,70.93194444444444,1,NONE,7.0,7.0,0.0,1736.4285714285713,0.0,0.18854792266556972,0.25925925925925924,1,70.93194444444444,264.295,1.0
T0020450,C00450,2026-01-27 02:39:43,1138.94,CARD,FAILED,LIMIT_EXCEEDED,52,50.0,2.0,0.9615384615384616,5.306111111111111,1,NONE,12.0,12.0,0.0,1822.4808333333333,0.0,0.6249393569296797,0.23076923076923078,1,5.306111111111111,185.0388888888889,1.0
T0016631,C00364,2026-01-27 02:42:14,3923.91,UPI,FAILED,PAYMENT_TIMEOUT,23,22.0,1.0,0.9565217391304348,14.731666666666667,1,NONE,10.0,10.0,0.0,2439.1910000000003,0.0,1.6086932101668132,0.43478260869565216,1,14.731666666666667,293.27916666666664,1.0
T0002941,C00069,2026-01-27 02:45:44,1039.26,UPI,FAILED,INSUFFICIENT_FUNDS,37,35.0,2.0,0.9459459459459459,9.183055555555555,1,NONE,8.0,7.0,1.0,922.5137500000001,0.125,1.1265523142608984,0.21621621621621623,1,9.183055555555555,53.215555555555554,1.0
T0039380,C00857,2026-01-27 03:09:45,697.2,CARD,FAILED,INSUFFICIENT_FUNDS,55,55.0,0.0,1.0,8.784722222222221,1,NONE,14.0,14.0,0.0,3322.786428571428,0.0,0.2098238978000607,0.2545454545454545,1,8.784722222222221,-1.0,1.0
T0040832,C00890,2026-01-27 03:13:25,2914.79,UPI,FAILED,BANK_DECLINE,39,39.0,0.0,1.0,25.878888888888888,1,NONE,13.0,13.0,0.0,2619.206153846154,0.0,1.1128524555884225,0.3333333333333333,1,25.878888888888888,-1.0,1.0
T0004632,C00103,2026-01-27 03:18:44,526.54,UPI,FAILED,BANK_DECLINE,19,17.0,2.0,0.8947368421052632,18.46388888888889,1,NONE,6.0,4.0,2.0,2761.4083333333333,0.3333333333333333,0.19067806584200694,0.3157894736842105,1,18.46388888888889,35.882777777777775,1.0
T0044094,C00961,2026-01-27 03:31:05,2674.62,CARD,FAILED,LIMIT_EXCEEDED,17,16.0,1.0,0.9411764705882353,6.744722222222222,1,NONE,6.0,5.0,1.0,1931.1766666666665,0.16666666666666666,1.3849690948351006,0.35294117647058826,1,6.744722222222222,143.00694444444446,1.0
T0025093,C00551,2026-01-27 03:34:50,4463.79,CARD,FAILED,BANK_DECLINE,60,54.0,6.0,0.9,20.522777777777776,1,NONE,21.0,20.0,1.0,2094.06,0.047619047619047616,2.1316437924414773,0.35,1,20.522777777777776,158.84944444444446,1.0
T0005495,C00121,2026-01-27 03:51:07,735.28,UPI,FAILED,NETWORK_ERROR,53,50.0,3.0,0.9433962264150944,21.36138888888889,1,NONE,12.0,11.0,1.0,1636.1825,0.08333333333333333,0.449387522479919,0.22641509433962265,1,21.36138888888889,121.44,1.0
T0011430,C00250,2026-01-27 04:20:33,376.41,UPI,FAILED,INSUFFICIENT_FUNDS,18,18.0,0.0,1.0,22.797777777777778,1,NONE,10.0,10.0,0.0,1986.523,0.0,0.1894818232660785,0.5555555555555556,1,22.797777777777778,-1.0,1.0
T0024701,C00543,2026-01-27 04:23:57,1382.89,CARD,FAILED,INSUFFICIENT_FUNDS,40,35.0,5.0,0.875,21.68111111111111,1,NONE,11.0,10.0,1.0,1490.34,0.09090909090909091,0.9279023578512287,0.275,1,21.68111111111111,40.84861111111111,1.0
T0016656,C00365,2026-01-27 04:25:52,695.04,UPI,FAILED,BANK_DECLINE,31,28.0,3.0,0.9032258064516129,11.35138888888889,1,NONE,8.0,8.0,0.0,2787.26125,0.0,0.24936306203804898,0.25806451612903225,1,11.35138888888889,257.32194444444445,1.0
T0028466,C00623,2026-01-27 04:38:44,438.16,CARD,FAILED,INSUFFICIENT_FUNDS,69,64.0,5.0,0.927536231884058,6.320833333333334,1,NONE,20.0,18.0,2.0,2117.1795,0.1,0.2069545827361355,0.2898550724637681,1,6.320833333333334,15.697777777777778,1.0
T0037010,C00803,2026-01-27 05:21:46,1634.18,UPI,FAILED,INSUFFICIENT_FUNDS,52,49.0,3.0,0.9423076923076923,18.566944444444445,1,NONE,18.0,18.0,0.0,3538.0472222222224,0.0,0.46188756038524076,0.34615384615384615,1,18.566944444444445,196.19611111111112,1.0
T0013698,C00299,2026-01-27 05:31:36,872.41,WALLET,FAILED,PAYMENT_TIMEOUT,30,28.0,2.0,0.9333333333333333,5.3597222222222225,1,NONE,10.0,9.0,1.0,2162.378,0.1,0.40344935066856946,0.3333333333333333,1,5.3597222222222225,63.715555555555554,1.0
T0032634,C00709,2026-01-27 05:45:27,4470.12,NETBANKING,FAILED,LIMIT_EXCEEDED,41,38.0,3.0,0.926829268292683,0.010555555555555556,1,NONE,16.0,16.0,0.0,2150.52,0.0,2.0786228447073265,0.3902439024390244,1,0.010555555555555556,262.52444444444444,1.0
T0026292,C00577,2026-01-27 06:12:15,4568.22,CARD,FAILED,NETWORK_ERROR,57,56.0,1.0,0.9824561403508771,1.7158333333333333,1,NONE,27.0,27.0,0.0,2102.2444444444445,0.0,2.1730203697635333,0.47368421052631576,1,1.7158333333333333,235.96166666666667,1.0
T0008247,C00179,2026-01-27 06:26:50,500.53,NETBANKING,FAILED,INSUFFICIENT_FUNDS,34,31.0,3.0,0.9117647058823529,28.84861111111111,1,NONE,8.0,7.0,1.0,2358.765,0.125,0.21220002840469482,0.23529411764705882,1,28.84861111111111,40.21,1.0
T0020509,C00451,2026-01-27 07:20:05,2852.75,UPI,FAILED,BANK_DECLINE,46,45.0,1.0,0.9782608695652174,5.7252777777777775,1,NONE,9.0,9.0,0.0,1872.3733333333334,0.0,1.5236010624661747,0.1956521739130435,1,5.7252777777777775,243.34722222222223,1.0
T0025822,C00569,2026-01-27 07:29:07,249.46,UPI,FAILED,PAYMENT_TIMEOUT,38,34.0,4.0,0.8947368421052632,7.854166666666667,1,NONE,8.0,8.0,0.0,1668.765,0.0,0.14948779486626337,0.21052631578947367,1,7.854166666666667,350.8411111111111,1.0
T0023606,C00519,2026-01-27 07:49:27,2402.52,UPI,FAILED,PAYMENT_TIMEOUT,32,31.0,1.0,0.96875,13.181944444444444,1,NONE,12.0,12.0,0.0,2451.5333333333333,0.0,0.9800070704049166,0.375,1,13.181944444444444,434.06444444444446,1.0
T0002367,C00055,2026-01-27 08:06:09,599.03,WALLET,FAILED,NETWORK_ERROR,67,66.0,1.0,0.9850746268656716,2.9072222222222224,1,NONE,18.0,18.0,0.0,2294.1472222222224,0.0,0.2611122748346335,0.26865671641791045,1,2.9072222222222224,543.2311111111111,1.0
T0025881,C00570,2026-01-27 08:09:16,2501.39,WALLET,FAILED,LIMIT_EXCEEDED,42,40.0,2.0,0.9523809523809523,2.731388888888889,1,NONE,13.0,12.0,1.0,2398.763076923077,0.07692307692307693,1.042783267786731,0.30952380952380953,1,2.731388888888889,169.30166666666668,1.0
T0040334,C00878,2026-01-27 08:27:49,1497.92,UPI,FAILED,BANK_DECLINE,48,46.0,2.0,0.9583333333333334,11.239722222222222,1,NONE,7.0,7.0,0.0,2375.214285714286,0.0,0.630646257480528,0.14583333333333334,1,11.239722222222222,204.90777777777777,1.0
T0030003,C00653,2026-01-27 08:37:06,1986.16,CARD,FAILED,LIMIT_EXCEEDED,42,39.0,3.0,0.9285714285714286,25.96361111111111,0,LIMIT_EXCEEDED,8.0,7.0,1.0,2377.0724999999998,0.125,0.8355487684957023,0.19047619047619047,2,26.70861111111111,25.96361111111111,1.0
T0033900,C00736,2026-01-27 08:38:13,1206.28,NETBANKING,FAILED,NETWORK_ERROR,37,35.0,2.0,0.9459459459459459,22.090833333333332,1,NONE,11.0,10.0,1.0,1609.9700000000003,0.09090909090909091,0.7492561973204468,0.2972972972972973,1,22.090833333333332,68.24944444444445,1.0
T0025016,C00550,2026-01-27 09:00:55,1991.77,CARD,FAILED,BANK_DECLINE,47,42.0,5.0,0.8936170212765957,6.844166666666666,1,NONE,16.0,15.0,1.0,1920.608125,0.0625,1.0370517410989293,0.3404255319148936,1,6.844166666666666,11.169722222222223,1.0
T0034611,C00752,2026-01-27 09:07:34,5469.4,UPI,FAILED,NETWORK_ERROR,40,38.0,2.0,0.95,49.54277777777778,1,NONE,10.0,10.0,0.0,2343.4399999999996,0.0,2.3339193664015294,0.25,1,49.54277777777778,443.2941666666667,1.0
T0018680,C00411,2026-01-27 09:31:14,948.37,UPI,FAILED,INSUFFICIENT_FUNDS,39,37.0,2.0,0.9487179487179487,4.397777777777778,1,NONE,12.0,12.0,0.0,3285.7825,0.0,0.2886283556504425,0.3076923076923077,1,4.397777777777778,282.4611111111111,1.0
T0039199,C00854,2026-01-27 09:36:48,3678.85,CARD,FAILED,INSUFFICIENT_FUNDS,36,36.0,0.0,1.0,8.568055555555556,1,NONE,12.0,12.0,0.0,2776.89,0.0,1.3248094090871443,0.3333333333333333,1,8.568055555555556,-1.0,1.0
T0006104,C00135,2026-01-27 09:39:26,1870.91,UPI,FAILED,INSUFFICIENT_FUNDS,51,50.0,1.0,0.9803921568627451,1.4047222222222222,1,NONE,18.0,18.0,0.0,2238.6966666666663,0.0,0.8357139347447698,0.35294117647058826,1,1.4047222222222222,309.6477777777778,1.0
T0036202,C00788,2026-01-27 10:10:17,1077.13,CARD,FAILED,INSUFFICIENT_FUNDS,31,29.0,2.0,0.9354838709677419,9.889166666666666,1,NONE,11.0,11.0,0.0,1336.2272727272727,0.0,0.8060979011463756,0.3548387096774194,1,9.889166666666666,204.55972222222223,1.0
T0036871,C00801,2026-01-27 10:17:43,1261.46,UPI,FAILED,NETWORK_ERROR,31,30.0,1.0,0.967741935483871,15.984444444444444,1,NONE,10.0,9.0,1.0,2075.0550000000003,0.1,0.6079164166732929,0.3225806451612903,1,15.984444444444444,148.5438888888889,1.0
T0005813,C00128,2026-01-27 10:29:28,3983.45,NETBANKING,FAILED,INSUFFICIENT_FUNDS,42,40.0,2.0,0.9523809523809523,32.63611111111111,1,NONE,12.0,11.0,1.0,2093.0691666666667,0.08333333333333333,1.9031621426748517,0.2857142857142857,1,32.63611111111111,133.85305555555556,1.0
T0034901,C00758,2026-01-27 10:40:43,8920.16,CARD,FAILED,BANK_DECLINE,36,34.0,2.0,0.9444444444444444,48.38777777777778,1,NONE,8.0,6.0,2.0,1419.6200000000001,0.25,6.283484312703399,0.2222222222222222,1,48.38777777777778,61.20027777777778,1.0
T0037479,C00814,2026-01-27 10:51:00,1007.54,CARD,FAILED,BANK_DECLINE,39,38.0,1.0,0.9743589743589743,37.73694444444445,1,NONE,10.0,9.0,1.0,2130.9669999999996,0.1,0.4728088234120942,0.2564102564102564,1,37.73694444444445,107.86583333333333,1.0
T0043495,C00948,2026-01-27 10:51:32,1449.24,UPI,FAILED,NETWORK_ERROR,55,53.0,2.0,0.9636363636363636,6.639722222222222,1,NONE,17.0,15.0,2.0,1982.5347058823527,0.11764705882352941,0.7310035964061457,0.3090909090909091,1,6.639722222222222,50.145,1.0
T0040813,C00889,2026-01-27 11:06:00,1027.81,CARD,FAILED,LIMIT_EXCEEDED,39,38.0,1.0,0.9743589743589743,34.12555555555556,1,NONE,12.0,12.0,0.0,1616.9475000000002,0.0,0.635648343560938,0.3076923076923077,1,34.12555555555556,541.9466666666667,1.0
T0022306,C00491,2026-01-27 11:11:16,26703.03,WALLET,FAILED,LIMIT_EXCEEDED,26,23.0,3.0,0.8846153846153846,31.309166666666666,1,NONE,7.0,6.0,1.0,2021.2571428571428,0.14285714285714285,13.211099881262015,0.2692307692307692,1,31.309166666666666,168.9925,1.0
T0025999,C00572,2026-01-27 11:32:30,1626.64,NETBANKING,FAILED,INSUFFICIENT_FUNDS,40,39.0,1.0,0.975,46.08694444444444,1,NONE,10.0,9.0,1.0,1601.758,0.1,1.0155341818177277,0.25,1,46.08694444444444,69.75333333333333,1.0
T0012430,C00272,2026-01-27 11:33:50,4458.54,UPI,FAILED,INSUFFICIENT_FUNDS,58,52.0,6.0,0.896551724137931,15.642222222222221,1,NONE,19.0,16.0,3.0,2877.276842105263,0.15789473684210525,1.5495693479177866,0.3275862068965517,1,15.642222222222221,61.30111111111111,1.0
T0017330,C00380,2026-01-27 12:13:36,723.07,UPI,FAILED,NETWORK_ERROR,37,36.0,1.0,0.972972972972973,20.75111111111111,1,NONE,13.0,13.0,0.0,2589.12,0.0,0.27927249412927946,0.35135135135135137,1,20.75111111111111,323.1425,1.0
T0045773,C00999,2026-01-27 12:16:40,1550.87,UPI,FAILED,LIMIT_EXCEEDED,60,52.0,8.0,0.8666666666666667,10.734722222222222,1,NONE,21.0,18.0,3.0,1801.2242857142858,0.14285714285714285,0.8610088217775687,0.35,1,10.734722222222222,34.89361111111111,1.0
T0034352,C00746,2026-01-27 13:09:17,3856.22,UPI,FAILED,NETWORK_ERROR,65,60.0,5.0,0.9230769230769231,2.7936111111111113,1,NONE,21.0,17.0,4.0,3161.681904761905,0.19047619047619047,1.2196736155500114,0.3230769230769231,1,2.7936111111111113,46.785555555555554,1.0
T0029503,C00642,2026-01-27 13:11:55,4813.1,UPI,FAILED,BANK_DECLINE,36,32.0,4.0,0.8888888888888888,21.33222222222222,0,BANK_DECLINE,11.0,10.0,1.0,3249.111818181818,0.09090909090909091,1.4813586817991942,0.3055555555555556,2,64.22361111111111,21.33222222222222,1.0
T0029199,C00637,2026-01-27 13:29:55,1265.61,CARD,FAILED,PAYMENT_TIMEOUT,52,50.0,2.0,0.9615384615384616,3.4591666666666665,1,NONE,20.0,20.0,0.0,1337.6815000000001,0.0,0.9461220776395575,0.38461538461538464,1,3.4591666666666665,408.8066666666667,1.0
T0044290,C00965,2026-01-27 13:43:30,2209.28,UPI,FAILED,BANK_DECLINE,50,46.0,4.0,0.92,25.383333333333333,1,NONE,19.0,18.0,1.0,1731.5047368421056,0.05263157894736842,1.2759306705849702,0.38,1,25.383333333333333,154.76777777777778,1.0
T0002247,C00052,2026-01-27 13:54:54,310.65,CARD,FAILED,BANK_DECLINE,15,14.0,1.0,0.9333333333333333,65.74583333333334,1,NONE,3.0,3.0,0.0,1573.5466666666669,0.0,0.19742026504880691,0.2,1,65.74583333333334,357.4244444444444,1.0
T0042735,C00935,2026-01-27 14:09:14,2024.09,UPI,FAILED,BANK_DECLINE,68,61.0,7.0,0.8970588235294118,23.89138888888889,1,NONE,13.0,12.0,1.0,1188.2076923076922,0.07692307692307693,1.7034816498022232,0.19117647058823528,1,23.89138888888889,127.93444444444444,1.0
T0006532,C00142,2026-01-27 14:35:11,1387.59,CARD,FAILED,LIMIT_EXCEEDED,35,33.0,2.0,0.9428571428571428,43.16722222222222,1,NONE,10.0,9.0,1.0,1488.9540000000002,0.1,0.9319226786052489,0.2857142857142857,1,43.16722222222222,92.47027777777778,1.0
T0012051,C00265,2026-01-27 14:41:50,4494.92,UPI,FAILED,NETWORK_ERROR,52,52.0,0.0,1.0,36.65111111111111,1,NONE,14.0,14.0,0.0,1810.9764285714286,0.0,2.482042244771664,0.2692307692307692,1,36.65111111111111,-1.0,1.0
T0032781,C00714,2026-01-27 14:42:27,2001.26,NETBANKING,FAILED,BANK_DECLINE,44,42.0,2.0,0.9545454545454546,14.176944444444445,1,NONE,13.0,13.0,0.0,3626.3669230769233,0.0,0.5518636261721575,0.29545454545454547,1,14.176944444444445,376.98527777777775,1.0
T0010876,C00235,2026-01-27 14:42:58,1744.88,UPI,FAILED,NETWORK_ERROR,44,43.0,1.0,0.9772727272727273,11.396944444444445,1,NONE,19.0,19.0,0.0,1788.1715789473685,0.0,0.9757900307459015,0.4318181818181818,1,11.396944444444445,341.17333333333335,1.0
T0045234,C00986,2026-01-27 15:02:18,937.92,UPI,FAILED,INSUFFICIENT_FUNDS,45,41.0,4.0,0.9111111111111111,3.9591666666666665,1,NONE,18.0,18.0,0.0,2279.676111111111,0.0,0.41142686692578406,0.4,1,3.9591666666666665,187.1461111111111,1.0
T0009435,C00205,2026-01-27 15:20:29,538.83,UPI,FAILED,INSUFFICIENT_FUNDS,67,62.0,5.0,0.9253731343283582,10.605,1,NONE,13.0,12.0,1.0,3780.4753846153844,0.07692307692307693,0.14252969406777904,0.19402985074626866,1,10.605,135.56027777777777,1.0
T0015317,C00338,2026-01-27 15:27:05,3291.03,CARD,FAILED,NETWORK_ERROR,32,31.0,1.0,0.96875,7.657777777777778,1,NONE,10.0,9.0,1.0,2549.3129999999996,0.1,1.290947796524005,0.3125,1,7.657777777777778,70.465,1.0
T0004628,C00102,2026-01-27 15:39:39,2493.96,CARD,FAILED,INSUFFICIENT_FUNDS,21,20.0,1.0,0.9523809523809523,4.419722222222222,1,NONE,10.0,9.0,1.0,2172.2740000000003,0.1,1.1480872118342345,0.47619047619047616,1,4.419722222222222,117.01555555555555,1.0
T0030311,C00660,2026-01-27 15:56:09,278.7,WALLET,FAILED,NETWORK_ERROR,30,29.0,1.0,0.9666666666666667,13.350833333333334,1,NONE,11.0,10.0,1.0,1194.679090909091,0.09090909090909091,0.23328440425614483,0.36666666666666664,1,13.350833333333334,102.96777777777778,1.0
T0011489,C00252,2026-01-27 16:24:57,1526.8,UPI,FAILED,NETWORK_ERROR,49,48.0,1.0,0.9795918367346939,1.3444444444444446,1,NONE,12.0,12.0,0.0,2978.3583333333336,0.0,0.512631399288758,0.24489795918367346,1,1.3444444444444446,367.99361111111114,1.0
T0030555,C00666,2026-01-27 17:34:35,3678.51,WALLET,FAILED,LIMIT_EXCEEDED,30,25.0,5.0,0.8333333333333334,25.914166666666667,1,NONE,9.0,8.0,1.0,2314.3733333333334,0.1111111111111111,1.5894194540782818,0.3,1,25.914166666666667,159.70111111111112,1.0
T0035132,C00764,2026-01-27 17:43:04,3389.91,UPI,FAILED,NETWORK_ERROR,40,33.0,7.0,0.825,9.903611111111111,1,NONE,17.0,17.0,0.0,1752.4429411764704,0.0,1.934391083640216,0.425,1,9.903611111111111,223.17555555555555,1.0
T0025134,C00552,2026-01-27 17:45:37,295.28,NETBANKING,FAILED,PAYMENT_TIMEOUT,52,49.0,3.0,0.9423076923076923,22.456944444444446,1,NONE,14.0,12.0,2.0,2229.7485714285713,0.14285714285714285,0.13242748701967677,0.2692307692307692,1,22.456944444444446,43.33638888888889,1.0
T0004637,C00103,2026-01-27 17:47:01,564.45,UPI,FAILED,NETWORK_ERROR,21,18.0,3.0,0.8571428571428571,0.8613888888888889,1,NONE,8.0,5.0,3.0,2528.00875,0.375,0.22327849933272584,0.38095238095238093,1,0.8613888888888889,14.471388888888889,1.0
T0014905,C00328,2026-01-27 17:49:30,719.92,CARD,FAILED,PAYMENT_TIMEOUT,28,26.0,2.0,0.9285714285714286,6.877777777777778,1,NONE,7.0,6.0,1.0,1302.402857142857,0.14285714285714285,0.55276291513927,0.25,1,6.877777777777778,22.696666666666665,1.0
T0002250,C00052,2026-01-27 18:00:05,4354.13,CARD,FAILED,BANK_DECLINE,17,15.0,2.0,0.8823529411764706,1.6569444444444446,1,NONE,5.0,4.0,1.0,1251.018,0.2,3.4804695056346113,0.29411764705882354,1,1.6569444444444446,4.086388888888889,1.0
T0044733,C00976,2026-01-27 18:01:32,2073.23,UPI,FAILED,PAYMENT_TIMEOUT,48,45.0,3.0,0.9375,54.13,1,NONE,13.0,11.0,2.0,2147.8184615384616,0.15384615384615385,0.965272455342881,0.2708333333333333,1,54.13,158.35888888888888,1.0
T0003488,C00079,2026-01-27 18:03:52,8541.03,CARD,FAILED,PAYMENT_TIMEOUT,54,54.0,0.0,1.0,2.0755555555555554,1,NONE,14.0,14.0,0.0,1575.4699999999998,0.0,5.421258418122847,0.25925925925925924,1,2.0755555555555554,-1.0,1.0
T0027843,C00610,2026-01-27 18:32:09,1270.66,UPI,FAILED,PAYMENT_TIMEOUT,37,34.0,3.0,0.918918918918919,20.592777777777776,1,NONE,10.0,8.0,2.0,2963.412,0.2,0.428782767971514,0.2702702702702703,1,20.592777777777776,101.94111111111111,1.0
T0003359,C00077,2026-01-27 18:38:06,877.31,CARD,FAILED,INSUFFICIENT_FUNDS,75,73.0,2.0,0.9733333333333334,6.058055555555556,1,NONE,19.0,18.0,1.0,2126.97,0.05263157894736842,0.4124693813264879,0.25333333333333335,1,6.058055555555556,135.41944444444445,1.0
T0015433,C00341,2026-01-27 18:44:48,1027.26,CARD,FAILED,BANK_DECLINE,44,43.0,1.0,0.9772727272727273,6.192222222222222,1,NONE,15.0,15.0,0.0,2613.9573333333333,0.0,0.3929903472028108,0.3409090909090909,1,6.192222222222222,489.6086111111111,1.0
T0039715,C00866,2026-01-27 18:50:59,218.5,WALLET,FAILED,NETWORK_ERROR,22,21.0,1.0,0.9545454545454546,77.92444444444445,1,NONE,6.0,6.0,0.0,1349.82,0.0,0.1618734349765154,0.2727272727272727,1,77.92444444444445,278.68194444444447,1.0
T0003054,C00071,2026-01-27 18:53:46,2375.29,UPI,FAILED,NETWORK_ERROR,37,34.0,3.0,0.918918918918919,5.484166666666667,1,NONE,10.0,10.0,0.0,2148.808,0.0,1.105398900227475,0.2702702702702703,1,5.484166666666667,312.7888888888889,1.0
T0012287,C00270,2026-01-27 19:00:09,1014.55,WALLET,FAILED,BANK_DECLINE,33,31.0,2.0,0.9393939393939394,34.713055555555556,1,NONE,8.0,7.0,1.0,1790.42125,0.125,0.56665435578359,0.24242424242424243,1,34.713055555555556,69.11194444444445,1.0
T0015931,C00350,2026-01-27 19:03:49,476.58,NETBANKING,FAILED,NETWORK_ERROR,56,49.0,7.0,0.875,1.0177777777777777,1,NONE,15.0,13.0,2.0,2345.934,0.13333333333333333,0.20315149531060975,0.26785714285714285,1,1.0177777777777777,132.45555555555555,1.0
T0026054,C00573,2026-01-27 19:06:44,430.55,UPI,FAILED,INSUFFICIENT_FUNDS,59,58.0,1.0,0.9830508474576272,14.499444444444444,1,NONE,14.0,14.0,0.0,1813.2635714285714,0.0,0.23744479665512344,0.23728813559322035,1,14.499444444444444,557.0030555555555,1.0
T0012972,C00285,2026-01-27 19:46:17,1550.68,UPI,FAILED,INSUFFICIENT_FUNDS,56,54.0,2.0,0.9642857142857143,28.29722222222222,0,BANK_DECLINE,19.0,18.0,1.0,2214.427894736842,0.05263157894736842,0.700262132574102,0.3392857142857143,2,40.29694444444444,28.29722222222222,1.0
T0007547,C00165,2026-01-27 19:48:27,1198.2,UPI,FAILED,BANK_DECLINE,40,39.0,1.0,0.975,30.1325,1,NONE,11.0,11.0,0.0,1175.189090909091,0.0,1.0195806013422986,0.275,1,30.1325,370.7291666666667,1.0
T0032779,C00714,2026-01-27 19:51:40,736.64,NETBANKING,FAILED,INSUFFICIENT_FUNDS,45,42.0,3.0,0.9333333333333333,5.153611111111111,0,BANK_DECLINE,14.0,13.0,1.0,3510.287857142857,0.07142857142857142,0.2098517358059565,0.3111111111111111,2,19.330555555555556,5.153611111111111,1.0
T0037595,C00816,2026-01-27 20:27:49,881.4,UPI,FAILED,NETWORK_ERROR,70,63.0,7.0,0.9,14.422777777777778,1,NONE,23.0,21.0,2.0,1827.460434782609,0.08695652173913043,0.48230866355519736,0.32857142857142857,1,14.422777777777778,146.78722222222223,1.0
T0037764,C00820,2026-01-27 20:28:32,1501.11,UPI,FAILED,NETWORK_ERROR,23,21.0,2.0,0.9130434782608695,15.141666666666667,1,NONE,8.0,7.0,1.0,1506.2649999999999,0.125,0.9965776274427143,0.34782608695652173,1,15.141666666666667,264.83916666666664,1.0
T0016780,C00368,2026-01-27 20:38:11,555.63,UPI,FAILED,BANK_DECLINE,58,56.0,2.0,0.9655172413793104,4.94,1,NONE,14.0,13.0,1.0,2517.9814285714288,0.07142857142857142,0.22066485228814237,0.2413793103448276,1,4.94,73.27638888888889,1.0
T0032390,C00704,2026-01-27 20:42:09,851.49,CARD,FAILED,LIMIT_EXCEEDED,32,29.0,3.0,0.90625,2.031388888888889,1,NONE,9.0,9.0,0.0,1478.5444444444447,0.0,0.5758974667277877,0.28125,1,2.031388888888889,236.85777777777778,1.0
T0033465,C00727,2026-01-27 20:46:36,1193.16,NETBANKING,FAILED,BANK_DECLINE,45,37.0,8.0,0.8222222222222222,23.545277777777777,0,INSUFFICIENT_FUNDS,11.0,7.0,4.0,1792.0754545454547,0.36363636363636365,0.6657978585520191,0.24444444444444444,2,51.63333333333333,23.545277777777777,1.0
T0008544,C00185,2026-01-27 20:57:42,3234.63,CARD,FAILED,INSUFFICIENT_FUNDS,43,38.0,5.0,0.8837209302325582,30.16583333333333,1,NONE,13.0,12.0,1.0,1841.6592307692308,0.07692307692307693,1.7563672724888133,0.3023255813953488,1,30.16583333333333,210.76222222222222,1.0
T0041097,C00895,2026-01-27 21:04:26,221.38,WALLET,FAILED,LIMIT_EXCEEDED,24,22.0,2.0,0.9166666666666666,13.535277777777777,1,NONE,6.0,6.0,0.0,2120.3483333333334,0.0,0.10440737331680565,0.25,1,13.535277777777777,219.26722222222222,1.0
T0025050,C00551,2026-01-27 21:12:16,732.93,CARD,FAILED,LIMIT_EXCEEDED,62,55.0,7.0,0.8870967741935484,13.425833333333333,1,NONE,21.0,19.0,2.0,2218.5633333333335,0.09523809523809523,0.3303624417603584,0.3387096774193548,1,13.425833333333333,17.62388888888889,1.0
T0029527,C00643,2026-01-27 21:32:58,342.42,UPI,FAILED,INSUFFICIENT_FUNDS,72,66.0,6.0,0.9166666666666666,12.124722222222223,1,NONE,19.0,18.0,1.0,2346.71,0.05263157894736842,0.14591491918473096,0.2638888888888889,1,12.124722222222223,86.08416666666666,1.0
T0019388,C00427,2026-01-27 22:07:48,946.24,UPI,FAILED,PAYMENT_TIMEOUT,58,56.0,2.0,0.9655172413793104,15.519722222222223,1,NONE,19.0,19.0,0.0,2392.1342105263157,0.0,0.39556308999561063,0.3275862068965517,1,15.519722222222223,383.8038888888889,1.0
T0013034,C00286,2026-01-27 22:53:02,2234.18,UPI,FAILED,NETWORK_ERROR,56,53.0,3.0,0.9464285714285714,11.308333333333334,1,NONE,13.0,12.0,1.0,1816.5884615384616,0.07692307692307693,1.2298767978014578,0.23214285714285715,1,11.308333333333334,78.44027777777778,1.0
T0037482,C00814,2026-01-27 23:03:33,1602.81,CARD,FAILED,PAYMENT_TIMEOUT,40,38.0,2.0,0.95,12.209166666666667,0,BANK_DECLINE,11.0,9.0,2.0,2028.8372727272726,0.18181818181818182,0.7900140743399376,0.275,2,49.94611111111111,12.209166666666667,1.0
T0019622,C00432,2026-01-27 23:11:34,693.21,CARD,FAILED,INSUFFICIENT_FUNDS,20,17.0,3.0,0.85,81.4075,0,NETWORK_ERROR,4.0,2.0,2.0,2967.3825,0.5,0.2336099238975764,0.2,2,117.98194444444445,81.4075,1.0
T0014470,C00319,2026-01-27 23:12:22,2673.18,UPI,FAILED,BANK_DECLINE,29,28.0,1.0,0.9655172413793104,20.559166666666666,1,NONE,4.0,4.0,0.0,816.6225,0.0,3.2734586666421754,0.13793103448275862,1,20.559166666666666,500.9869444444444,1.0
T0026060,C00573,2026-01-27 23:27:42,3186.4,UPI,FAILED,INSUFFICIENT_FUNDS,60,58.0,2.0,0.9666666666666667,4.349444444444444,0,INSUFFICIENT_FUNDS,14.0,13.0,1.0,1792.6821428571427,0.07142857142857142,1.7774483963574135,0.23333333333333334,2,18.84888888888889,4.349444444444444,1.0
T0004263,C00094,2026-01-28 00:02:18,2094.96,CARD,FAILED,BANK_DECLINE,56,56.0,0.0,1.0,9.825833333333334,1,NONE,15.0,15.0,0.0,2243.000666666667,0.0,0.9339988307329972,0.26785714285714285,1,9.825833333333334,-1.0,1.0
T0016534,C00361,2026-01-28 00:22:34,902.66,UPI,FAILED,NETWORK_ERROR,45,40.0,5.0,0.8888888888888888,1.1875,1,NONE,15.0,15.0,0.0,1323.0,0.0,0.6822826908541194,0.3333333333333333,1,1.1875,249.65333333333334,1.0
T0019941,C00439,2026-01-28 00:57:54,1116.01,UPI,FAILED,INSUFFICIENT_FUNDS,51,48.0,3.0,0.9411764705882353,7.8469444444444445,1,NONE,17.0,16.0,1.0,1566.5929411764707,0.058823529411764705,0.7123803322909813,0.3333333333333333,1,7.8469444444444445,31.394444444444446,1.0
T0002773,C00065,2026-01-28 01:22:39,1202.0,UPI,FAILED,NETWORK_ERROR,20,18.0,2.0,0.9,85.64,1,NONE,3.0,3.0,0.0,1081.2533333333333,0.0,1.1116728734554961,0.15,1,85.64,251.48777777777778,1.0
T0003136,C00072,2026-01-28 01:37:47,342.74,UPI,FAILED,LIMIT_EXCEEDED,51,44.0,7.0,0.8627450980392157,47.47027777777778,1,NONE,13.0,12.0,1.0,1492.2984615384617,0.07692307692307693,0.2296725546755959,0.2549019607843137,1,47.47027777777778,78.78777777777778,1.0
T0045343,C00989,2026-01-28 01:54:23,1109.6,UPI,FAILED,PAYMENT_TIMEOUT,47,43.0,4.0,0.9148936170212766,8.876111111111111,1,NONE,13.0,11.0,2.0,1529.5846153846155,0.15384615384615385,0.725425706325498,0.2765957446808511,1,8.876111111111111,138.4325,1.0
T0030411,C00662,2026-01-28 02:17:15,1179.81,UPI,FAILED,PAYMENT_TIMEOUT,55,50.0,5.0,0.9090909090909091,16.2725,1,NONE,12.0,12.0,0.0,1787.9166666666667,0.0,0.6598797483104171,0.21818181818181817,1,16.2725,279.865,1.0
T0021522,C00474,2026-01-28 02:17:19,427.79,UPI,FAILED,PAYMENT_TIMEOUT,68,66.0,2.0,0.9705882352941176,1.4308333333333334,1,NONE,23.0,23.0,0.0,1938.1752173913046,0.0,0.22071791866980212,0.3382352941176471,1,1.4308333333333334,222.43833333333333,1.0
T0025757,C00567,2026-01-28 02:20:46,4541.41,CARD,FAILED,BANK_DECLINE,42,39.0,3.0,0.9285714285714286,1.3155555555555556,1,NONE,14.0,13.0,1.0,1645.2364285714286,0.07142857142857142,2.7603388310234176,0.3333333333333333,1,1.3155555555555556,117.97638888888889,1.0
T0021876,C00481,2026-01-28 02:26:55,598.87,UPI,FAILED,PAYMENT_TIMEOUT,40,38.0,2.0,0.95,12.625277777777777,1,NONE,12.0,11.0,1.0,1941.3208333333332,0.08333333333333333,0.30848584619148905,0.3,1,12.625277777777777,169.0011111111111,1.0
T0030351,C00661,2026-01-28 02:51:04,5726.64,UPI,FAILED,PAYMENT_TIMEOUT,28,26.0,2.0,0.9285714285714286,1.0608333333333333,1,NONE,9.0,8.0,1.0,1749.9777777777776,0.1111111111111111,3.2724072686637293,0.32142857142857145,1,1.0608333333333333,114.3225,1.0
T0019742,C00434,2026-01-28 02:56:10,2667.82,CARD,FAILED,BANK_DECLINE,38,33.0,5.0,0.868421052631579,1.6705555555555556,1,NONE,11.0,10.0,1.0,2426.9481818181816,0.09090909090909091,1.0992488508763159,0.2894736842105263,1,1.6705555555555556,164.67388888888888,1.0
T0002459,C00057,2026-01-28 03:11:35,7873.63,UPI,FAILED,INSUFFICIENT_FUNDS,43,39.0,4.0,0.9069767441860465,0.7863888888888889,1,NONE,12.0,11.0,1.0,2495.248333333333,0.08333333333333333,3.155449457602417,0.27906976744186046,1,0.7863888888888889,57.471944444444446,1.0
T0023062,C00506,2026-01-28 03:21:24,1156.07,UPI,FAILED,NETWORK_ERROR,52,48.0,4.0,0.9230769230769231,8.753055555555555,1,NONE,15.0,13.0,2.0,2158.67,0.13333333333333333,0.5355473509151468,0.28846153846153844,1,8.753055555555555,45.92611111111111,1.0
T0029945,C00652,2026-01-28 05:05:08,2061.25,UPI,FAILED,INSUFFICIENT_FUNDS,41,38.0,3.0,0.926829268292683,7.223611111111111,1,NONE,16.0,14.0,2.0,2015.6674999999998,0.125,1.022614096819044,0.3902439024390244,1,7.223611111111111,58.775555555555556,1.0
T0038114,C00828,2026-01-28 05:25:34,1357.13,CARD,FAILED,LIMIT_EXCEEDED,32,30.0,2.0,0.9375,3.1036111111111113,1,NONE,16.0,15.0,1.0,1605.60625,0.0625,0.8452445921906445,0.5,1,3.1036111111111113,76.57805555555555,1.0
T0013522,C00296,2026-01-28 05:38:02,1656.63,CARD,FAILED,NETWORK_ERROR,61,58.0,3.0,0.9508196721311475,2.785277777777778,1,NONE,17.0,17.0,0.0,3089.424705882353,0.0,0.5362260477964487,0.2786885245901639,1,2.785277777777778,276.46694444444444,1.0
T0010007,C00218,2026-01-28 05:43:47,941.71,CARD,FAILED,BANK_DECLINE,43,40.0,3.0,0.9302325581395349,19.155833333333334,1,NONE,9.0,8.0,1.0,1891.5266666666664,0.1111111111111111,0.49785711012973655,0.20930232558139536,1,19.155833333333334,169.555,1.0
T0020058,C00441,2026-01-28 05:47:56,2542.15,UPI,FAILED,NETWORK_ERROR,33,32.0,1.0,0.9696969696969697,0.3975,1,NONE,12.0,11.0,1.0,1072.5600000000002,0.08333333333333333,2.3701704333557094,0.36363636363636365,1,0.3975,65.45555555555555,1.0
T0024020,C00527,2026-01-28 05:49:30,1246.89,UPI,FAILED,BANK_DECLINE,35,32.0,3.0,0.9142857142857143,14.483611111111111,1,NONE,10.0,9.0,1.0,2182.246,0.1,0.571379212059502,0.2857142857142857,1,14.483611111111111,101.89277777777778,1.0
T0023931,C00526,2026-01-28 05:50:15,4164.64,UPI,FAILED,INSUFFICIENT_FUNDS,52,51.0,1.0,0.9807692307692307,3.8916666666666666,1,NONE,11.0,11.0,0.0,2163.783636363636,0.0,1.924702604276516,0.21153846153846154,1,3.8916666666666666,354.7725,1.0
T0027814,C00609,2026-01-28 06:30:21,2830.09,UPI,FAILED,INSUFFICIENT_FUNDS,24,24.0,0.0,1.0,68.16027777777778,1,NONE,7.0,7.0,0.0,3363.8800000000006,0.0,0.841317169459077,0.2916666666666667,1,68.16027777777778,-1.0,1.0
T0031207,C00679,2026-01-28 06:46:17,7249.82,CARD,FAILED,INSUFFICIENT_FUNDS,45,43.0,2.0,0.9555555555555556,29.705555555555556,1,NONE,16.0,16.0,0.0,1651.978125,0.0,4.38856900723186,0.35555555555555557,1,29.705555555555556,209.98611111111111,1.0
T0017270,C00378,2026-01-28 07:31:14,1330.39,UPI,FAILED,INSUFFICIENT_FUNDS,49,44.0,5.0,0.8979591836734694,17.738055555555555,1,NONE,13.0,12.0,1.0,2584.528461538461,0.07692307692307693,0.5147515377749312,0.2653061224489796,1,17.738055555555555,144.46666666666667,1.0
T0027531,C00603,2026-01-28 07:49:20,501.86,CARD,FAILED,LIMIT_EXCEEDED,64,63.0,1.0,0.984375,30.046944444444446,1,NONE,16.0,16.0,0.0,2123.460625,0.0,0.23634061969008724,0.25,1,30.046944444444446,262.3491666666667,1.0
T0012445,C00273,2026-01-28 07:53:56,256.04,UPI,FAILED,INSUFFICIENT_FUNDS,25,24.0,1.0,0.96,15.799444444444445,1,NONE,7.0,7.0,0.0,1607.1585714285716,0.0,0.15931222005829276,0.28,1,15.799444444444445,635.3033333333333,1.0
T0031278,C00680,2026-01-28 07:55:04,965.67,UPI,FAILED,INSUFFICIENT_FUNDS,51,47.0,4.0,0.9215686274509803,0.9383333333333334,1,NONE,17.0,16.0,1.0,2155.7000000000003,0.058823529411764705,0.44796121909356584,0.3333333333333333,1,0.9383333333333334,181.59194444444444,1.0
T0031346,C00681,2026-01-28 07:56:28,910.04,UPI,FAILED,BANK_DECLINE,57,52.0,5.0,0.9122807017543859,2.245833333333333,1,NONE,14.0,14.0,0.0,2853.9900000000002,0.0,0.3188658684858741,0.24561403508771928,1,2.245833333333333,204.9413888888889,1.0
T0033816,C00734,2026-01-28 08:01:49,2223.68,WALLET,FAILED,NETWORK_ERROR,24,23.0,1.0,0.9583333333333334,25.55388888888889,1,NONE,8.0,7.0,1.0,2962.6625,0.125,0.7505681122976376,0.3333333333333333,1,25.55388888888889,133.18833333333333,1.0
T0039651,C00863,2026-01-28 08:04:17,1301.41,UPI,FAILED,BANK_DECLINE,30,28.0,2.0,0.9333333333333333,39.3825,1,NONE,7.0,7.0,0.0,3295.5828571428574,0.0,0.39489524506395574,0.23333333333333334,1,39.3825,331.9277777777778,1.0
T0010403,C00226,2026-01-28 08:45:04,3334.56,UPI,FAILED,BANK_DECLINE,28,26.0,2.0,0.9285714285714286,8.36888888888889,1,NONE,8.0,7.0,1.0,3254.3062499999996,0.125,1.0246607859970156,0.2857142857142857,1,8.36888888888889,137.67416666666668,1.0
T0008219,C00178,2026-01-28 08:55:04,5038.05,UPI,FAILED,INSUFFICIENT_FUNDS,51,51.0,0.0,1.0,1.5972222222222223,1,NONE,22.0,22.0,0.0,2435.524090909091,0.0,2.068569150600963,0.43137254901960786,1,1.5972222222222223,-1.0,1.0
T0026411,C00581,2026-01-28 08:57:48,658.18,CARD,FAILED,BANK_DECLINE,21,20.0,1.0,0.9523809523809523,27.21527777777778,1,NONE,6.0,6.0,0.0,1604.9216666666669,0.0,0.4101010121989338,0.2857142857142857,1,27.21527777777778,425.0061111111111,1.0
T0042650,C00933,2026-01-28 08:59:49,2118.03,UPI,FAILED,INSUFFICIENT_FUNDS,42,39.0,3.0,0.9285714285714286,0.059166666666666666,1,NONE,13.0,12.0,1.0,2528.2130769230766,0.07692307692307693,0.8377577109037488,0.30952380952380953,1,0.059166666666666666,151.85777777777778,1.0
T0000035,C00002,2026-01-28 09:12:14,1436.37,NETBANKING,FAILED,NETWORK_ERROR,56,54.0,2.0,0.9642857142857143,3.5275,1,NONE,14.0,13.0,1.0,1983.8999999999999,0.07142857142857142,0.7240133071223348,0.25,1,3.5275,112.01138888888889,1.0
T0023460,C00516,2026-01-28 09:27:02,385.94,UPI,FAILED,BANK_DECLINE,53,45.0,8.0,0.8490566037735849,29.851944444444445,1,NONE,12.0,12.0,0.0,1686.5225,0.0,0.22883774156585518,0.22641509433962265,1,29.851944444444445,222.83416666666668,1.0
T0001924,C00044,2026-01-28 09:56:25,551.74,UPI,FAILED,NETWORK_ERROR,33,32.0,1.0,0.9696969696969697,10.120277777777778,1,NONE,10.0,10.0,0.0,1779.5099999999998,0.0,0.310051643429933,0.30303030303030304,1,10.120277777777778,415.8313888888889,1.0
T0025106,C00551,2026-01-28 10:06:19,2110.69,CARD,FAILED,PAYMENT_TIMEOUT,65,57.0,8.0,0.8769230769230769,0.7588888888888888,1,NONE,23.0,21.0,2.0,1751.4747826086955,0.08695652173913043,1.2050929998868036,0.35384615384615387,1,0.7588888888888888,12.900833333333333,1.0
T0020978,C00462,2026-01-28 10:32:53,10029.57,CARD,FAILED,INSUFFICIENT_FUNDS,22,21.0,1.0,0.9545454545454546,21.930555555555557,1,NONE,5.0,4.0,1.0,1301.2859999999998,0.2,7.707429419820087,0.22727272727272727,1,21.930555555555557,141.2836111111111,1.0
T0043346,C00945,2026-01-28 10:39:29,3443.49,CARD,FAILED,BANK_DECLINE,62,57.0,5.0,0.9193548387096774,2.213888888888889,1,NONE,20.0,19.0,1.0,1450.1415,0.05,2.374588962525381,0.3225806451612903,1,2.213888888888889,53.59861111111111,1.0
T0042295,C00925,2026-01-28 10:45:16,1105.79,UPI,FAILED,INSUFFICIENT_FUNDS,26,24.0,2.0,0.9230769230769231,2.4119444444444444,1,NONE,12.0,12.0,0.0,1542.2124999999999,0.0,0.7170153270058439,0.46153846153846156,1,2.4119444444444444,560.7186111111112,1.0
T0015073,C00333,2026-01-28 10:54:10,1373.38,NETBANKING,FAILED,INSUFFICIENT_FUNDS,33,31.0,2.0,0.9393939393939394,6.676111111111111,1,NONE,8.0,8.0,0.0,3377.3199999999997,0.0,0.4066478746461692,0.24242424242424243,1,6.676111111111111,332.3302777777778,1.0
T0000209,C00005,2026-01-28 10:55:16,4432.41,NETBANKING,FAILED,INSUFFICIENT_FUNDS,53,48.0,5.0,0.9056603773584906,18.218333333333334,1,NONE,17.0,15.0,2.0,1851.2423529411765,0.11764705882352941,2.394289431072043,0.32075471698113206,1,18.218333333333334,96.84444444444445,1.0
T0009157,C00199,2026-01-28 11:00:22,1427.3,UPI,FAILED,NETWORK_ERROR,34,33.0,1.0,0.9705882352941176,50.6525,1,NONE,5.0,4.0,1.0,1450.254,0.2,0.9841724277264534,0.14705882352941177,1,50.6525,55.130833333333335,1.0
T0000146,C00004,2026-01-28 11:15:50,3127.93,CARD,FAILED,BANK_DECLINE,36,34.0,2.0,0.9444444444444444,0.16583333333333333,1,NONE,10.0,10.0,0.0,1508.897,0.0,2.07299106565922,0.2777777777777778,1,0.16583333333333333,268.63194444444446,1.0
T0008550,C00185,2026-01-28 11:27:31,796.72,CARD,FAILED,INSUFFICIENT_FUNDS,46,40.0,6.0,0.8695652173913043,8.289444444444445,1,NONE,15.0,14.0,1.0,1862.349333333333,0.06666666666666667,0.4278037346376835,0.32608695652173914,1,8.289444444444445,14.496944444444445,1.0
T0019001,C00418,2026-01-28 11:39:52,250.75,NETBANKING,FAILED,NETWORK_ERROR,65,61.0,4.0,0.9384615384615385,11.890833333333333,1,NONE,18.0,17.0,1.0,2390.4883333333332,0.05555555555555555,0.10489488549410755,0.27692307692307694,1,11.890833333333333,49.580555555555556,1.0
T0001904,C00043,2026-01-28 11:49:59,291.86,NETBANKING,FAILED,PAYMENT_TIMEOUT,36,35.0,1.0,0.9722222222222222,31.613055555555555,1,NONE,12.0,11.0,1.0,2057.06,0.08333333333333333,0.14188210358472772,0.3333333333333333,1,31.613055555555555,168.92777777777778,1.0
T0001218,C00027,2026-01-28 12:30:54,3722.97,UPI,FAILED,INSUFFICIENT_FUNDS,45,43.0,2.0,0.9555555555555556,7.143055555555556,1,NONE,14.0,14.0,0.0,2190.6564285714285,0.0,1.6994769017375417,0.3111111111111111,1,7.143055555555556,184.7747222222222,1.0
T0020205,C00445,2026-01-28 12:31:34,740.58,NETBANKING,FAILED,BANK_DECLINE,37,34.0,3.0,0.918918918918919,21.408333333333335,1,NONE,14.0,13.0,1.0,2005.0192857142858,0.07142857142857142,0.3693630307082903,0.3783783783783784,1,21.408333333333335,145.74916666666667,1.0
T0041859,C00912,2026-01-28 13:19:09,1538.04,UPI,FAILED,PAYMENT_TIMEOUT,35,33.0,2.0,0.9428571428571428,2.7080555555555557,1,NONE,14.0,13.0,1.0,3902.5585714285708,0.07142857142857142,0.39411067684167644,0.4,1,2.7080555555555557,65.45916666666666,1.0
T0033703,C00731,2026-01-28 13:24:18,4062.29,UPI,FAILED,PAYMENT_TIMEOUT,44,40.0,4.0,0.9090909090909091,36.882777777777775,1,NONE,11.0,8.0,3.0,2348.83,0.2727272727272727,1.7294951103315268,0.25,1,36.882777777777775,77.645,1.0
T0006375,C00139,2026-01-28 13:39:14,4085.37,CARD,FAILED,LIMIT_EXCEEDED,61,57.0,4.0,0.9344262295081968,4.3133333333333335,1,NONE,16.0,15.0,1.0,1570.413125,0.0625,2.601461956069681,0.26229508196721313,1,4.3133333333333335,113.82277777777777,1.0
T0030143,C00656,2026-01-28 13:52:13,2168.82,NETBANKING,FAILED,NETWORK_ERROR,28,27.0,1.0,0.9642857142857143,5.960277777777778,1,NONE,10.0,9.0,1.0,1906.0289999999998,0.1,1.1378735580623383,0.35714285714285715,1,5.960277777777778,133.1013888888889,1.0
T0022341,C00492,2026-01-28 13:55:40,1736.04,CARD,FAILED,LIMIT_EXCEEDED,55,52.0,3.0,0.9454545454545454,31.38361111111111,1,NONE,15.0,13.0,2.0,2129.1079999999997,0.13333333333333333,0.8153837193791955,0.2727272727272727,1,31.38361111111111,103.7238888888889,1.0
T0005930,C00131,2026-01-28 14:10:25,496.24,UPI,FAILED,INSUFFICIENT_FUNDS,48,44.0,4.0,0.9166666666666666,29.176388888888887,1,NONE,8.0,7.0,1.0,1218.2325,0.125,0.40734424668525915,0.16666666666666666,1,29.176388888888887,44.70027777777778,1.0
T0011985,C00264,2026-01-28 14:14:54,1783.34,UPI,FAILED,INSUFFICIENT_FUNDS,43,42.0,1.0,0.9767441860465116,2.7569444444444446,1,NONE,10.0,10.0,0.0,2091.549,0.0,0.8526407939761392,0.23255813953488372,1,2.7569444444444446,251.04111111111112,1.0
T0033276,C00723,2026-01-28 14:20:55,1267.64,CARD,FAILED,LIMIT_EXCEEDED,62,59.0,3.0,0.9516129032258065,9.508611111111112,1,NONE,19.0,19.0,0.0,1865.824210526316,0.0,0.6793994808559276,0.3064516129032258,1,9.508611111111112,207.87277777777777,1.0
T0005561,C00122,2026-01-28 14:23:13,2759.18,NETBANKING,FAILED,INSUFFICIENT_FUNDS,44,37.0,7.0,0.8409090909090909,40.683055555555555,1,NONE,7.0,6.0,1.0,1676.8814285714288,0.14285714285714285,1.645423434828427,0.1590909090909091,1,40.683055555555555,74.89083333333333,1.0
T0014405,C00317,2026-01-28 14:26:32,2056.47,UPI,FAILED,INSUFFICIENT_FUNDS,38,35.0,3.0,0.9210526315789473,3.343888888888889,1,NONE,12.0,12.0,0.0,1499.9925,0.0,1.3709868549342745,0.3157894736842105,1,3.343888888888889,190.59,1.0
T0012657,C00278,2026-01-28 14:42:23,2398.7,NETBANKING,FAILED,NETWORK_ERROR,46,40.0,6.0,0.8695652173913043,6.433611111111111,1,NONE,10.0,8.0,2.0,2180.46,0.2,1.1000889720517688,0.21739130434782608,1,6.433611111111111,96.70944444444444,1.0
T0041715,C00909,2026-01-28 14:46:39,1462.29,CARD,FAILED,LIMIT_EXCEEDED,55,50.0,5.0,0.9090909090909091,24.351944444444445,1,NONE,14.0,11.0,3.0,2387.4678571428567,0.21428571428571427,0.6124857327922142,0.2545454545454545,1,24.351944444444445,60.305,1.0
T0012318,C00271,2026-01-28 14:47:09,862.09,CARD,FAILED,BANK_DECLINE,52,49.0,3.0,0.9423076923076923,3.3336111111111113,1,NONE,12.0,11.0,1.0,2661.5475,0.08333333333333333,0.32390554743058314,0.23076923076923078,1,3.3336111111111113,83.48611111111111,1.0
T0024566,C00541,2026-01-28 15:19:13,4290.14,UPI,FAILED,BANK_DECLINE,31,30.0,1.0,0.967741935483871,72.61555555555556,1,NONE,5.0,5.0,0.0,1802.886,0.0,2.3795958258037393,0.16129032258064516,1,72.61555555555556,346.1513888888889,1.0
T0003933,C00087,2026-01-28 15:24:46,5174.85,WALLET,FAILED,PAYMENT_TIMEOUT,67,61.0,6.0,0.9104477611940298,6.02,1,NONE,18.0,17.0,1.0,1990.3583333333336,0.05555555555555555,2.5999589688623908,0.26865671641791045,1,6.02,106.80972222222222,1.0
T0037408,C00812,2026-01-28 15:49:59,981.52,UPI,FAILED,PAYMENT_TIMEOUT,46,44.0,2.0,0.9565217391304348,40.79333333333334,1,NONE,8.0,8.0,0.0,3448.4325000000003,0.0,0.28462787077896984,0.17391304347826086,1,40.79333333333334,174.54194444444445,1.0
T0007389,C00161,2026-01-28 16:04:40,963.24,CARD,FAILED,LIMIT_EXCEEDED,44,41.0,3.0,0.9318181818181818,9.128055555555555,1,NONE,6.0,5.0,1.0,3105.9883333333332,0.16666666666666666,0.3101235087274958,0.13636363636363635,1,9.128055555555555,114.42305555555555,1.0
T0014287,C00314,2026-01-28 16:29:47,2911.86,CARD,FAILED,BANK_DECLINE,43,40.0,3.0,0.9302325581395349,10.60138888888889,1,NONE,17.0,16.0,1.0,1688.0382352941178,0.058823529411764705,1.724996471713597,0.3953488372093023,1,10.60138888888889,52.5075,1.0
T0004062,C00089,2026-01-28 16:34:01,2161.46,UPI,FAILED,NETWORK_ERROR,51,46.0,5.0,0.9019607843137255,31.385555555555555,1,NONE,12.0,12.0,0.0,1939.9958333333334,0.0,1.1141570321242098,0.23529411764705882,1,31.385555555555555,594.6075,1.0
T0044627,C00973,2026-01-28 16:39:09,1675.86,UPI,FAILED,NETWORK_ERROR,56,50.0,6.0,0.8928571428571429,11.492222222222223,1,NONE,16.0,14.0,2.0,1748.82125,0.125,0.9582797555782215,0.2857142857142857,1,11.492222222222223,131.68416666666667,1.0
T0031011,C00675,2026-01-28 16:42:14,4013.27,CARD,FAILED,BANK_DECLINE,42,39.0,3.0,0.9285714285714286,6.494166666666667,1,NONE,11.0,10.0,1.0,2481.0872727272726,0.09090909090909091,1.6175448740215068,0.2619047619047619,1,6.494166666666667,112.75666666666666,1.0
T0028618,C00626,2026-01-28 16:48:53,909.93,UPI,FAILED,BANK_DECLINE,39,38.0,1.0,0.9743589743589743,3.7775,1,NONE,15.0,15.0,0.0,2471.11,0.0,0.36822723391512313,0.38461538461538464,1,3.7775,630.1811111111111,1.0
T0005472,C00120,2026-01-28 16:51:40,3678.37,UPI,FAILED,LIMIT_EXCEEDED,38,36.0,2.0,0.9473684210526315,0.35555555555555557,1,NONE,17.0,17.0,0.0,2069.6523529411766,0.0,1.7772888257163961,0.4473684210526316,1,0.35555555555555557,250.23527777777778,1.0
T0003269,C00076,2026-01-28 18:06:17,938.16,UPI,FAILED,BANK_DECLINE,29,29.0,0.0,1.0,1.8219444444444444,1,NONE,9.0,9.0,0.0,3484.262222222222,0.0,0.2692564279509515,0.3103448275862069,1,1.8219444444444444,-1.0,1.0
T0010520,C00228,2026-01-28 18:18:53,1588.5,CARD,FAILED,PAYMENT_TIMEOUT,42,37.0,5.0,0.8809523809523809,32.61361111111111,1,NONE,11.0,10.0,1.0,2162.0945454545454,0.09090909090909091,0.7347042262048923,0.2619047619047619,1,32.61361111111111,142.66055555555556,1.0
T0008508,C00185,2026-01-28 18:32:44,290.41,CARD,FAILED,BANK_DECLINE,47,40.0,7.0,0.851063829787234,7.086944444444445,0,INSUFFICIENT_FUNDS,16.0,14.0,2.0,1795.7475,0.125,0.16172095464423591,0.3404255319148936,2,15.376388888888888,7.086944444444445,1.0
T0007573,C00165,2026-01-28 18:38:35,1224.97,UPI,FAILED,NETWORK_ERROR,42,40.0,2.0,0.9523809523809523,11.776944444444444,1,NONE,12.0,11.0,1.0,1405.3549999999998,0.08333333333333333,0.871644531097125,0.2857142857142857,1,11.776944444444444,22.835555555555555,1.0
T0041874,C00913,2026-01-28 18:45:06,2316.95,NETBANKING,FAILED,LIMIT_EXCEEDED,15,14.0,1.0,0.9333333333333333,57.72361111111111,1,NONE,6.0,5.0,1.0,1834.3566666666666,0.16666666666666666,1.2630858775192755,0.4,1,57.72361111111111,121.64722222222223,1.0
T0032004,C00695,2026-01-28 18:57:40,3931.11,UPI,FAILED,BANK_DECLINE,52,50.0,2.0,0.9615384615384616,17.7425,1,NONE,5.0,5.0,0.0,1539.672,0.0,2.5532126323009057,0.09615384615384616,1,17.7425,232.6302777777778,1.0
T0014402,C00317,2026-01-28 19:13:59,2542.26,UPI,FAILED,BANK_DECLINE,39,35.0,4.0,0.8974358974358975,4.7908333333333335,0,INSUFFICIENT_FUNDS,13.0,12.0,1.0,1542.7984615384617,0.07692307692307693,1.6478237847507875,0.3333333333333333,2,8.134722222222223,4.7908333333333335,1.0
T0011868,C00261,2026-01-28 19:17:05,10458.95,UPI,FAILED,BANK_DECLINE,35,32.0,3.0,0.9142857142857143,2.9477777777777776,1,NONE,9.0,8.0,1.0,2086.9911111111114,0.1111111111111111,5.01149714740839,0.2571428571428571,1,2.9477777777777776,61.25472222222222,1.0
T0042809,C00936,2026-01-28 19:37:32,446.49,NETBANKING,FAILED,BANK_DECLINE,49,43.0,6.0,0.8775510204081632,7.344722222222222,1,NONE,14.0,12.0,2.0,2986.265,0.14285714285714285,0.14951452734435827,0.2857142857142857,1,7.344722222222222,42.51888888888889,1.0
T0043492,C00948,2026-01-28 20:12:23,852.78,UPI,FAILED,INSUFFICIENT_FUNDS,57,54.0,3.0,0.9473684210526315,0.5461111111111111,1,NONE,12.0,10.0,2.0,2258.765,0.16666666666666666,0.37754259517922406,0.21052631578947367,1,0.5461111111111111,33.3475,1.0
T0015660,C00345,2026-01-28 20:20:09,3006.49,UPI,FAILED,NETWORK_ERROR,59,57.0,2.0,0.9661016949152542,4.9425,1,NONE,15.0,15.0,0.0,1920.6213333333333,0.0,1.565373636031673,0.2542372881355932,1,4.9425,177.42833333333334,1.0
T0009609,C00209,2026-01-28 20:49:41,3749.1,CARD,FAILED,BANK_DECLINE,53,50.0,3.0,0.9433962264150944,4.5761111111111115,1,NONE,16.0,15.0,1.0,2066.01875,0.0625,1.8146495524302475,0.3018867924528302,1,4.5761111111111115,141.9525,1.0
T0015856,C00348,2026-01-28 20:55:09,2815.08,NETBANKING,FAILED,NETWORK_ERROR,41,39.0,2.0,0.9512195121951219,17.912777777777777,1,NONE,9.0,9.0,0.0,3162.3700000000003,0.0,0.8901804659163853,0.21951219512195122,1,17.912777777777777,449.07055555555553,1.0
T0009924,C00216,2026-01-28 20:55:57,1720.16,CARD,FAILED,PAYMENT_TIMEOUT,57,54.0,3.0,0.9473684210526315,2.577777777777778,1,NONE,16.0,16.0,0.0,2247.44875,0.0,0.7653834153059108,0.2807017543859649,1,2.577777777777778,292.19388888888886,1.0
T0018901,C00416,2026-01-28 21:18:10,4250.12,CARD,FAILED,BANK_DECLINE,52,50.0,2.0,0.9615384615384616,1.525,1,NONE,11.0,11.0,0.0,1147.1663636363637,0.0,3.7048854767042583,0.21153846153846154,1,1.525,204.1586111111111,1.0
T0021004,C00463,2026-01-28 21:27:18,2536.23,CARD,FAILED,INSUFFICIENT_FUNDS,51,47.0,4.0,0.9215686274509803,36.16888888888889,1,NONE,10.0,8.0,2.0,2110.456,0.2,1.20174502571956,0.19607843137254902,1,36.16888888888889,79.36194444444445,1.0
T0020740,C00457,2026-01-28 21:30:35,1575.04,UPI,FAILED,NETWORK_ERROR,64,60.0,4.0,0.9375,3.247777777777778,1,NONE,26.0,26.0,0.0,1814.4592307692308,0.0,0.8680492640952147,0.40625,1,3.247777777777778,398.4625,1.0
T0031409,C00682,2026-01-28 21:48:38,584.97,UPI,FAILED,INSUFFICIENT_FUNDS,61,59.0,2.0,0.9672131147540983,1.9297222222222221,1,NONE,19.0,18.0,1.0,2121.5,0.05263157894736842,0.2757341503653076,0.3114754098360656,1,1.9297222222222221,87.63305555555556,1.0
T0034486,C00749,2026-01-28 22:33:45,1712.88,CARD,FAILED,INSUFFICIENT_FUNDS,65,60.0,5.0,0.9230769230769231,1.0694444444444444,1,NONE,14.0,13.0,1.0,2438.3021428571433,0.07142857142857142,0.7024888219935241,0.2153846153846154,1,1.0694444444444444,174.32444444444445,1.0
T0004392,C00097,2026-01-28 23:06:17,2885.83,UPI,FAILED,NETWORK_ERROR,35,34.0,1.0,0.9714285714285714,16.140555555555554,1,NONE,11.0,11.0,0.0,1165.4163636363635,0.0,2.476222309935271,0.3142857142857143,1,16.140555555555554,338.3077777777778,1.0
T0025105,C00551,2026-01-28 23:20:27,3444.56,CARD,FAILED,LIMIT_EXCEEDED,68,59.0,9.0,0.8676470588235294,3.4677777777777776,1,NONE,26.0,23.0,3.0,2615.6746153846157,0.11538461538461539,1.3168916270166513,0.38235294117647056,1,3.4677777777777776,13.235555555555555,1.0
T0037575,C00816,2026-01-28 23:21:10,3334.13,UPI,FAILED,BANK_DECLINE,74,66.0,8.0,0.8918918918918919,8.402777777777779,1,NONE,20.0,19.0,1.0,1628.9560000000001,0.05,2.046789477432171,0.2702702702702703,1,8.402777777777779,26.889166666666668,1.0
T0011412,C00250,2026-01-28 23:27:07,449.66,UPI,FAILED,INSUFFICIENT_FUNDS,20,19.0,1.0,0.95,8.210277777777778,1,NONE,9.0,8.0,1.0,1685.4255555555555,0.1111111111111111,0.2667931541193355,0.45,1,8.210277777777778,43.10944444444444,1.0
T0033770,C00733,2026-01-28 23:28:14,1064.02,NETBANKING,FAILED,BANK_DECLINE,53,49.0,4.0,0.9245283018867925,29.790555555555557,1,NONE,11.0,10.0,1.0,3302.161818181819,0.09090909090909091,0.32221921837429907,0.20754716981132076,1,29.790555555555557,143.2236111111111,1.0
T0010089,C00220,2026-01-28 23:46:32,2948.41,WALLET,FAILED,PAYMENT_TIMEOUT,65,57.0,8.0,0.8769230769230769,2.1944444444444446,1,NONE,15.0,12.0,3.0,2177.0553333333332,0.2,1.3543110066410806,0.23076923076923078,1,2.1944444444444446,78.90166666666667,1.0
T0045321,C00988,2026-01-29 00:07:04,5159.02,WALLET,FAILED,NETWORK_ERROR,33,30.0,3.0,0.9090909090909091,95.48027777777777,1,NONE,5.0,5.0,0.0,1641.9560000000001,0.0,3.141996496861061,0.15151515151515152,1,95.48027777777777,232.8686111111111,1.0
T0021382,C00471,2026-01-29 00:32:53,1057.22,NETBANKING,FAILED,INSUFFICIENT_FUNDS,26,26.0,0.0,1.0,64.81666666666666,1,NONE,5.0,5.0,0.0,2454.0879999999997,0.0,0.43079954753048794,0.19230769230769232,1,64.81666666666666,-1.0,1.0
T0042622,C00933,2026-01-29 00:47:42,183.56,UPI,FAILED,BANK_DECLINE,44,40.0,4.0,0.9090909090909091,13.971666666666666,1,NONE,13.0,11.0,2.0,2492.4423076923076,0.15384615384615385,0.07364663945620221,0.29545454545454547,1,13.971666666666666,15.798055555555555,1.0
T0027889,C00611,2026-01-29 01:10:43,2016.72,UPI,FAILED,LIMIT_EXCEEDED,43,39.0,4.0,0.9069767441860465,5.38,1,NONE,14.0,14.0,0.0,1737.0342857142857,0.0,1.1610133528082347,0.32558139534883723,1,5.38,280.64666666666665,1.0
T0022816,C00502,2026-01-29 01:17:25,450.44,NETBANKING,FAILED,PAYMENT_TIMEOUT,73,68.0,5.0,0.9315068493150684,12.595,1,NONE,21.0,20.0,1.0,2384.8828571428567,0.047619047619047616,0.18887300843767113,0.2876712328767123,1,12.595,80.25083333333333,1.0
T0019511,C00429,2026-01-29 01:23:10,4289.32,CARD,FAILED,LIMIT_EXCEEDED,34,32.0,2.0,0.9411764705882353,7.021944444444444,1,NONE,9.0,9.0,0.0,1854.0333333333333,0.0,2.3135074881789253,0.2647058823529412,1,7.021944444444444,573.5247222222222,1.0
T0038840,C00845,2026-01-29 01:36:50,730.32,NETBANKING,FAILED,PAYMENT_TIMEOUT,43,42.0,1.0,0.9767441860465116,9.589722222222223,1,NONE,11.0,11.0,0.0,3058.5836363636363,0.0,0.23877718801513,0.2558139534883721,1,9.589722222222223,342.74083333333334,1.0
T0039168,C00853,2026-01-29 01:52:25,1501.58,CARD,FAILED,PAYMENT_TIMEOUT,23,23.0,0.0,1.0,20.451944444444443,1,NONE,6.0,6.0,0.0,775.1699999999997,0.0,1.9370976688984358,0.2608695652173913,1,20.451944444444443,-1.0,1.0
T0025688,C00565,2026-01-29 01:56:55,1133.12,UPI,FAILED,INSUFFICIENT_FUNDS,32,29.0,3.0,0.90625,23.515833333333333,1,NONE,7.0,6.0,1.0,2900.608571428572,0.14285714285714285,0.3906490559124045,0.21875,1,23.515833333333333,77.9525,1.0
T0041445,C00904,2026-01-29 01:58:36,653.54,CARD,FAILED,PAYMENT_TIMEOUT,16,14.0,2.0,0.875,25.886111111111113,1,NONE,5.0,4.0,1.0,2275.326,0.2,0.287229170677081,0.3125,1,25.886111111111113,198.44972222222222,1.0
T0002520,C00058,2026-01-29 02:01:38,410.92,UPI,FAILED,LIMIT_EXCEEDED,36,35.0,1.0,0.9722222222222222,6.496666666666667,1,NONE,11.0,11.0,0.0,1663.894545454545,0.0,0.24696276643406168,0.3055555555555556,1,6.496666666666667,654.3994444444445,1.0
T0012635,C00277,2026-01-29 02:06:12,2171.38,CARD,FAILED,INSUFFICIENT_FUNDS,28,24.0,4.0,0.8571428571428571,24.95861111111111,1,NONE,6.0,5.0,1.0,1534.2699999999998,0.16666666666666666,1.415252856407282,0.21428571428571427,1,24.95861111111111,179.5547222222222,1.0
T0010221,C00222,2026-01-29 02:27:59,1680.46,UPI,FAILED,BANK_DECLINE,46,45.0,1.0,0.9782608695652174,0.08138888888888889,1,NONE,11.0,11.0,0.0,2334.5363636363636,0.0,0.719826011783535,0.2391304347826087,1,0.08138888888888889,242.69722222222222,1.0
T0045051,C00983,2026-01-29 02:51:21,1200.86,CARD,FAILED,PAYMENT_TIMEOUT,63,58.0,5.0,0.9206349206349206,8.231111111111112,1,NONE,16.0,15.0,1.0,2259.828125,0.0625,0.5313943953149092,0.25396825396825395,1,8.231111111111112,115.07527777777777,1.0
T0040795,C00889,2026-01-29 03:01:33,1226.01,CARD,FAILED,BANK_DECLINE,41,39.0,2.0,0.9512195121951219,28.851388888888888,1,NONE,14.0,13.0,1.0,1547.572142857143,0.07142857142857142,0.7922150871341792,0.34146341463414637,1,28.851388888888888,39.92583333333334,1.0
T0044905,C00979,2026-01-29 03:14:14,9377.19,UPI,FAILED,NETWORK_ERROR,49,45.0,4.0,0.9183673469387755,8.7975,1,NONE,14.0,13.0,1.0,1954.112857142857,0.07142857142857142,4.798694182745697,0.2857142857142857,1,8.7975,52.003055555555555,1.0
T0006801,C00148,2026-01-29 03:38:25,1722.07,UPI,FAILED,BANK_DECLINE,37,35.0,2.0,0.9459459459459459,6.844444444444444,1,NONE,11.0,11.0,0.0,3114.5800000000004,0.0,0.5529060097990739,0.2972972972972973,1,6.844444444444444,468.9036111111111,1.0
T0040442,C00882,2026-01-29 03:53:37,197.85,UPI,FAILED,BANK_DECLINE,37,34.0,3.0,0.918918918918919,2.354722222222222,1,NONE,15.0,13.0,2.0,1772.8473333333334,0.13333333333333333,0.1116001340216924,0.40540540540540543,1,2.354722222222222,65.9486111111111,1.0
T0012642,C00278,2026-01-29 04:31:19,756.08,NETBANKING,FAILED,NETWORK_ERROR,47,40.0,7.0,0.851063829787234,13.815555555555555,0,NETWORK_ERROR,10.0,7.0,3.0,1314.875,0.3,0.5750204392052477,0.2127659574468085,2,20.249166666666667,13.815555555555555,1.0
T0034775,C00755,2026-01-29 04:38:58,2097.27,UPI,FAILED,BANK_DECLINE,36,34.0,2.0,0.9444444444444444,55.33222222222222,1,NONE,5.0,4.0,1.0,1189.1460000000009,0.2,1.763677462649665,0.1388888888888889,1,55.33222222222222,80.76611111111112,1.0
T0018299,C00403,2026-01-29 05:06:16,3137.34,UPI,FAILED,PAYMENT_TIMEOUT,48,47.0,1.0,0.9791666666666666,35.204166666666666,1,NONE,11.0,11.0,0.0,1773.8818181818183,0.0,1.7686296617075032,0.22916666666666666,1,35.204166666666666,616.9069444444444,1.0
T0006156,C00135,2026-01-29 05:54:57,1418.69,UPI,FAILED,INSUFFICIENT_FUNDS,57,55.0,2.0,0.9649122807017544,0.8122222222222222,1,NONE,19.0,18.0,1.0,2306.625789473684,0.05263157894736842,0.6150499168413922,0.3333333333333333,1,0.8122222222222222,44.25861111111111,1.0
T0001903,C00043,2026-01-29 06:14:44,6839.39,NETBANKING,FAILED,PAYMENT_TIMEOUT,37,35.0,2.0,0.9459459459459459,18.4125,0,PAYMENT_TIMEOUT,12.0,11.0,1.0,1992.795,0.08333333333333333,3.432058992520555,0.32432432432432434,2,50.025555555555556,18.4125,1.0
T0022312,C00491,2026-01-29 06:15:56,947.33,WALLET,FAILED,NETWORK_ERROR,28,24.0,4.0,0.8571428571428571,22.84777777777778,1,NONE,9.0,7.0,2.0,4719.098888888889,0.2222222222222222,0.20074383315647126,0.32142857142857145,1,22.84777777777778,43.077777777777776,1.0
T0045418,C00990,2026-01-29 06:23:20,2088.92,CARD,FAILED,INSUFFICIENT_FUNDS,62,61.0,1.0,0.9838709677419355,18.295833333333334,1,NONE,17.0,17.0,0.0,2868.2752941176473,0.0,0.7282843471420004,0.27419354838709675,1,18.295833333333334,563.2327777777778,1.0
T0033565,C00729,2026-01-29 06:36:42,341.19,UPI,FAILED,BANK_DECLINE,57,52.0,5.0,0.9122807017543859,5.941666666666666,1,NONE,21.0,19.0,2.0,1777.6209523809525,0.09523809523809523,0.19193630652418264,0.3684210526315789,1,5.941666666666666,59.378055555555555,1.0
T0018224,C00401,2026-01-29 06:37:24,1065.62,UPI,FAILED,PAYMENT_TIMEOUT,57,53.0,4.0,0.9298245614035088,1.8941666666666668,1,NONE,16.0,14.0,2.0,1743.04125,0.125,0.6113567306568333,0.2807017543859649,1,1.8941666666666668,57.19611111111111,1.0
T0024090,C00529,2026-01-29 06:37:58,1418.29,UPI,FAILED,NETWORK_ERROR,35,35.0,0.0,1.0,13.02361111111111,1,NONE,7.0,7.0,0.0,1889.172857142857,0.0,0.7507465474308106,0.2,1,13.02361111111111,-1.0,1.0
T0010336,C00224,2026-01-29 06:52:58,5170.56,WALLET,FAILED,LIMIT_EXCEEDED,39,38.0,1.0,0.9743589743589743,21.860555555555557,1,NONE,8.0,8.0,0.0,3068.32625,0.0,1.6851402291395838,0.20512820512820512,1,21.860555555555557,641.1108333333333,1.0
T0012840,C00282,2026-01-29 06:58:05,3968.34,WALLET,FAILED,NETWORK_ERROR,22,22.0,0.0,1.0,23.04361111111111,1,NONE,4.0,4.0,0.0,1151.3350000000003,0.0,3.4467292317179616,0.18181818181818182,1,23.04361111111111,-1.0,1.0
T0009617,C00210,2026-01-29 07:18:43,2843.53,CARD,FAILED,BANK_DECLINE,48,44.0,4.0,0.9166666666666666,29.316388888888888,1,NONE,13.0,12.0,1.0,2508.7592307692307,0.07692307692307693,1.1334407722849207,0.2708333333333333,1,29.316388888888888,116.8411111111111,1.0
T0016454,C00360,2026-01-29 07:29:54,700.76,UPI,FAILED,BANK_DECLINE,53,50.0,3.0,0.9433962264150944,5.272222222222222,1,NONE,14.0,14.0,0.0,1454.037142857143,0.0,0.48194092113976256,0.2641509433962264,1,5.272222222222222,201.56666666666666,1.0
T0030505,C00664,2026-01-29 07:36:59,12399.33,WALLET,FAILED,PAYMENT_TIMEOUT,44,40.0,4.0,0.9090909090909091,2.8625,1,NONE,10.0,8.0,2.0,2209.558,0.2,5.611678896865346,0.22727272727272727,1,2.8625,98.38361111111111,1.0
T0003869,C00086,2026-01-29 07:44:03,1444.36,UPI,FAILED,PAYMENT_TIMEOUT,32,31.0,1.0,0.96875,7.233333333333333,1,NONE,12.0,12.0,0.0,2529.369166666667,0.0,0.5710356633719277,0.375,1,7.233333333333333,659.5716666666667,1.0
T0002129,C00049,2026-01-29 08:10:23,2574.28,CARD,FAILED,BANK_DECLINE,28,27.0,1.0,0.9642857142857143,11.824722222222222,1,NONE,10.0,10.0,0.0,2110.246,0.0,1.2198956898863924,0.35714285714285715,1,11.824722222222222,262.57416666666666,1.0
T0020160,C00444,2026-01-29 08:33:44,3586.48,UPI,FAILED,INSUFFICIENT_FUNDS,37,32.0,5.0,0.8648648648648649,59.46666666666667,1,NONE,12.0,10.0,2.0,1662.7849999999999,0.16666666666666666,2.156911446759503,0.32432432432432434,1,59.46666666666667,110.14472222222223,1.0
T0003140,C00072,2026-01-29 08:35:30,1115.66,UPI,FAILED,INSUFFICIENT_FUNDS,53,45.0,8.0,0.8490566037735849,20.519444444444446,1,NONE,14.0,12.0,2.0,1334.9149999999997,0.14285714285714285,0.8357535873070572,0.2641509433962264,1,20.519444444444446,30.961944444444445,1.0
T0019875,C00437,2026-01-29 08:40:16,609.34,NETBANKING,FAILED,NETWORK_ERROR,40,38.0,2.0,0.95,11.506666666666666,1,NONE,12.0,11.0,1.0,3420.945833333333,0.08333333333333333,0.17812032978209,0.3,1,11.506666666666666,59.841388888888886,1.0
T0017648,C00387,2026-01-29 09:13:48,1380.0,CARD,FAILED,BANK_DECLINE,39,37.0,2.0,0.9487179487179487,26.56861111111111,1,NONE,10.0,10.0,0.0,2134.804,0.0,0.6464293677546041,0.2564102564102564,1,26.56861111111111,189.67416666666668,1.0
T0018044,C00397,2026-01-29 09:59:39,5641.17,CARD,FAILED,NETWORK_ERROR,35,34.0,1.0,0.9714285714285714,20.226388888888888,1,NONE,7.0,7.0,0.0,1629.8814285714286,0.0,3.4610922617508546,0.2,1,20.226388888888888,195.4363888888889,1.0
T0014859,C00327,2026-01-29 10:08:59,3323.68,CARD,FAILED,BANK_DECLINE,65,61.0,4.0,0.9384615384615385,8.647777777777778,1,NONE,23.0,21.0,2.0,1909.0086956521739,0.08695652173913043,1.7410502149989067,0.35384615384615387,1,8.647777777777778,74.07277777777777,1.0
T0005633,C00124,2026-01-29 10:12:07,1132.71,UPI,FAILED,NETWORK_ERROR,46,39.0,7.0,0.8478260869565217,9.07611111111111,1,NONE,13.0,12.0,1.0,1804.9507692307693,0.07692307692307693,0.6275572826192575,0.2826086956521739,1,9.07611111111111,90.34083333333334,1.0
T0031150,C00677,2026-01-29 10:30:08,1307.58,CARD,FAILED,BANK_DECLINE,64,62.0,2.0,0.96875,11.884166666666667,1,NONE,17.0,16.0,1.0,1350.4411764705883,0.058823529411764705,0.9682613524991832,0.265625,1,11.884166666666667,164.0575,1.0
T0001623,C00037,2026-01-29 10:34:16,4475.23,UPI,FAILED,NETWORK_ERROR,21,20.0,1.0,0.9523809523809523,23.88222222222222,1,NONE,4.0,4.0,0.0,1627.9474999999998,0.0,2.7490014266430585,0.19047619047619047,1,23.88222222222222,314.8619444444444,1.0
T0007829,C00170,2026-01-29 10:45:52,498.31,UPI,FAILED,PAYMENT_TIMEOUT,33,26.0,7.0,0.7878787878787878,8.359722222222222,1,NONE,10.0,9.0,1.0,3019.386,0.1,0.16503686511098614,0.30303030303030304,1,8.359722222222222,86.40333333333334,1.0
T0014915,C00328,2026-01-29 10:57:11,1775.82,CARD,FAILED,INSUFFICIENT_FUNDS,31,28.0,3.0,0.9032258064516129,15.3,1,NONE,8.0,6.0,2.0,1367.97625,0.25,1.2981365721809863,0.25806451612903225,1,15.3,41.128055555555555,1.0
T0044762,C00977,2026-01-29 11:21:59,5843.09,UPI,FAILED,BANK_DECLINE,34,31.0,3.0,0.9117647058823529,3.816388888888889,1,NONE,6.0,6.0,0.0,2091.38,0.0,2.79389207126395,0.17647058823529413,1,3.816388888888889,297.4916666666667,1.0
T0005639,C00124,2026-01-29 11:31:17,695.11,UPI,FAILED,BANK_DECLINE,47,39.0,8.0,0.8297872340425532,1.3194444444444444,0,NETWORK_ERROR,14.0,12.0,2.0,1756.9335714285714,0.14285714285714285,0.39563817966936715,0.2978723404255319,2,10.395555555555555,1.3194444444444444,1.0
T0018333,C00403,2026-01-29 11:37:28,2067.58,UPI,FAILED,PAYMENT_TIMEOUT,49,47.0,2.0,0.9591836734693877,6.52,0,PAYMENT_TIMEOUT,12.0,11.0,1.0,1887.5033333333333,0.08333333333333333,1.095404688027041,0.24489795918367346,2,41.72416666666667,6.52,1.0
T0043510,C00948,2026-01-29 11:38:36,1556.98,UPI,FAILED,INSUFFICIENT_FUNDS,59,55.0,4.0,0.9322033898305084,2.225,1,NONE,14.0,11.0,3.0,2083.4564285714287,0.21428571428571427,0.7473062448767313,0.23728813559322035,1,2.225,15.436944444444444,1.0
T0016513,C00361,2026-01-29 11:48:23,735.75,UPI,FAILED,PAYMENT_TIMEOUT,50,44.0,6.0,0.88,5.961388888888889,1,NONE,16.0,15.0,1.0,1586.3231250000001,0.0625,0.46380840599546824,0.32,1,5.961388888888889,35.430277777777775,1.0
T0016521,C00361,2026-01-29 12:01:24,1174.0,UPI,FAILED,NETWORK_ERROR,51,44.0,7.0,0.8627450980392157,0.21694444444444444,0,PAYMENT_TIMEOUT,17.0,15.0,2.0,1536.289411764706,0.11764705882352941,0.7641789307468108,0.3333333333333333,2,6.178333333333334,0.21694444444444444,1.0
T0017590,C00386,2026-01-29 12:26:25,1123.51,NETBANKING,FAILED,NETWORK_ERROR,60,55.0,5.0,0.9166666666666666,10.6225,1,NONE,15.0,13.0,2.0,1573.1973333333333,0.13333333333333333,0.71415707120446,0.25,1,10.6225,64.66305555555556,1.0
T0023994,C00527,2026-01-29 12:36:14,7919.78,UPI,FAILED,LIMIT_EXCEEDED,36,32.0,4.0,0.8888888888888888,30.77888888888889,0,BANK_DECLINE,8.0,6.0,2.0,1982.12125,0.25,3.9956082404141524,0.2222222222222222,2,45.2625,30.77888888888889,1.0
T0039596,C00862,2026-01-29 12:53:38,837.09,NETBANKING,FAILED,NETWORK_ERROR,35,35.0,0.0,1.0,35.18277777777778,1,NONE,8.0,8.0,0.0,2518.75625,0.0,0.33234259964615476,0.22857142857142856,1,35.18277777777778,-1.0,1.0
T0032024,C00696,2026-01-29 13:26:41,372.45,UPI,FAILED,INSUFFICIENT_FUNDS,65,62.0,3.0,0.9538461538461539,4.025555555555556,1,NONE,18.0,16.0,2.0,2115.1694444444443,0.1111111111111111,0.17608518361413128,0.27692307692307694,1,4.025555555555556,127.9075,1.0
T0030905,C00672,2026-01-29 13:54:17,1506.37,UPI,FAILED,BANK_DECLINE,31,29.0,2.0,0.9354838709677419,1.4216666666666666,1,NONE,6.0,6.0,0.0,1840.1200000000001,0.0,0.8186259591765753,0.1935483870967742,1,1.4216666666666666,248.94972222222222,1.0
T0045263,C00987,2026-01-29 14:03:53,378.61,NETBANKING,FAILED,NETWORK_ERROR,35,33.0,2.0,0.9428571428571428,22.058333333333334,1,NONE,10.0,10.0,0.0,2146.641,0.0,0.17637322682274306,0.2857142857142857,1,22.058333333333334,221.84305555555557,1.0
T0010789,C00234,2026-01-29 14:11:19,614.39,WALLET,FAILED,LIMIT_EXCEEDED,59,57.0,2.0,0.9661016949152542,18.660555555555554,1,NONE,15.0,14.0,1.0,2238.4186666666665,0.06666666666666667,0.27447501629126275,0.2542372881355932,1,18.660555555555554,106.08472222222223,1.0
T0041250,C00899,2026-01-29 14:17:45,3761.39,UPI,FAILED,NETWORK_ERROR,50,48.0,2.0,0.96,21.81138888888889,1,NONE,10.0,10.0,0.0,1572.807,0.0,2.3915140255606695,0.2,1,21.81138888888889,267.0180555555556,1.0
T0015777,C00347,2026-01-29 14:18:58,450.45,WALLET,FAILED,NETWORK_ERROR,68,58.0,10.0,0.8529411764705882,5.050277777777778,1,NONE,13.0,12.0,1.0,2887.7638461538463,0.07692307692307693,0.15598574675693969,0.19117647058823528,1,5.050277777777778,69.8,1.0
T0017693,C00388,2026-01-29 14:24:59,1697.98,NETBANKING,FAILED,PAYMENT_TIMEOUT,33,31.0,2.0,0.9393939393939394,88.42916666666666,1,NONE,6.0,5.0,1.0,2191.2133333333336,0.16666666666666666,0.7749040105634016,0.18181818181818182,1,88.42916666666666,193.93277777777777,1.0
T0011198,C00243,2026-01-29 14:32:56,2470.25,UPI,FAILED,INSUFFICIENT_FUNDS,52,49.0,3.0,0.9423076923076923,0.05388888888888889,1,NONE,19.0,19.0,0.0,1582.2394736842105,0.0,1.5612364885879608,0.36538461538461536,1,0.05388888888888889,477.9819444444444,1.0
T0022489,C00494,2026-01-29 14:59:27,636.59,WALLET,FAILED,BANK_DECLINE,49,49.0,0.0,1.0,9.355,1,NONE,12.0,12.0,0.0,3518.4733333333334,0.0,0.18092790244253665,0.24489795918367346,1,9.355,-1.0,1.0
T0023973,C00526,2026-01-29 15:02:16,11864.91,UPI,FAILED,BANK_DECLINE,58,56.0,2.0,0.9655172413793104,1.343611111111111,1,NONE,15.0,14.0,1.0,1694.4360000000001,0.06666666666666667,7.002276863806009,0.25862068965517243,1,1.343611111111111,33.20027777777778,1.0
T0010055,C00219,2026-01-29 15:13:33,18160.6,NETBANKING,FAILED,PAYMENT_TIMEOUT,24,23.0,1.0,0.9583333333333334,5.035833333333334,1,NONE,6.0,6.0,0.0,1915.33,0.0,9.481708112962258,0.25,1,5.035833333333334,524.9752777777778,1.0
T0027356,C00599,2026-01-29 15:16:47,1340.14,WALLET,FAILED,NETWORK_ERROR,51,46.0,5.0,0.9019607843137255,22.858055555555556,1,NONE,11.0,10.0,1.0,2450.9236363636364,0.09090909090909091,0.5467897816630168,0.21568627450980393,1,22.858055555555556,81.8875,1.0
T0005738,C00126,2026-01-29 16:04:38,1329.43,UPI,FAILED,BANK_DECLINE,53,49.0,4.0,0.9245283018867925,31.989444444444445,1,NONE,19.0,17.0,2.0,2763.483157894737,0.10526315789473684,0.48107041875832524,0.3584905660377358,1,31.989444444444445,100.68083333333334,1.0
T0010223,C00222,2026-01-29 16:17:37,407.49,UPI,FAILED,BANK_DECLINE,48,46.0,2.0,0.9583333333333334,7.978055555555556,1,NONE,12.0,11.0,1.0,2011.6475,0.08333333333333333,0.20256531027429012,0.25,1,7.978055555555556,13.827222222222222,1.0
T0017737,C00389,2026-01-29 16:30:21,780.59,CARD,FAILED,INSUFFICIENT_FUNDS,49,47.0,2.0,0.9591836734693877,8.460277777777778,1,NONE,18.0,17.0,1.0,1714.65,0.05555555555555555,0.4552474265885166,0.3673469387755102,1,8.460277777777778,83.25638888888889,1.0
T0005571,C00122,2026-01-29 16:38:14,1026.69,NETBANKING,FAILED,NETWORK_ERROR,48,40.0,8.0,0.8333333333333334,8.220833333333333,1,NONE,9.0,7.0,2.0,1956.9666666666667,0.2222222222222222,0.5246333611541671,0.1875,1,8.220833333333333,26.25027777777778,1.0
T0022790,C00501,2026-01-29 16:45:37,3227.53,CARD,FAILED,BANK_DECLINE,42,41.0,1.0,0.9761904761904762,12.537222222222223,1,NONE,11.0,11.0,0.0,2134.621818181818,0.0,1.5119914790101208,0.2619047619047619,1,12.537222222222223,307.9125,1.0
T0035634,C00775,2026-01-29 16:58:16,814.94,UPI,FAILED,INSUFFICIENT_FUNDS,62,60.0,2.0,0.967741935483871,5.626111111111111,1,NONE,25.0,25.0,0.0,1409.458,0.0,0.5781938872956839,0.4032258064516129,1,5.626111111111111,205.7686111111111,1.0
T0020291,C00447,2026-01-29 16:59:00,2049.98,CARD,FAILED,INSUFFICIENT_FUNDS,41,41.0,0.0,1.0,3.7191666666666667,1,NONE,10.0,10.0,0.0,2227.215,0.0,0.9204230395359226,0.24390243902439024,1,3.7191666666666667,-1.0,1.0
T0024654,C00542,2026-01-29 17:13:39,1878.39,WALLET,FAILED,BANK_DECLINE,68,60.0,8.0,0.8823529411764706,26.928333333333335,1,NONE,18.0,15.0,3.0,2796.565,0.16666666666666666,0.6716775758832711,0.2647058823529412,1,26.928333333333335,98.56444444444445,1.0
T0016314,C00357,2026-01-29 17:24:51,711.4,CARD,FAILED,BANK_DECLINE,31,30.0,1.0,0.967741935483871,17.438333333333333,1,NONE,10.0,10.0,0.0,2169.754,0.0,0.32787127019929446,0.3225806451612903,1,17.438333333333333,543.86,1.0
T0041390,C00902,2026-01-29 17:39:56,1517.73,NETBANKING,FAILED,INSUFFICIENT_FUNDS,28,26.0,2.0,0.9285714285714286,54.91444444444444,1,NONE,5.0,5.0,0.0,1596.8560000000002,0.0,0.9504488820532345,0.17857142857142858,1,54.91444444444444,435.6563888888889,1.0
T0016822,C00369,2026-01-29 18:16:21,2588.44,UPI,FAILED,LIMIT_EXCEEDED,29,25.0,4.0,0.8620689655172413,12.005555555555556,1,NONE,11.0,9.0,2.0,1679.0027272727273,0.18181818181818182,1.5416532432943149,0.3793103448275862,1,12.005555555555556,92.50611111111111,1.0
T0041455,C00905,2026-01-29 18:17:42,611.11,CARD,FAILED,INSUFFICIENT_FUNDS,43,39.0,4.0,0.9069767441860465,16.404444444444444,1,NONE,12.0,11.0,1.0,1389.1625000000001,0.08333333333333333,0.4399125372301656,0.27906976744186046,1,16.404444444444444,143.33583333333334,1.0
T0029162,C00636,2026-01-29 18:18:13,5310.59,CARD,FAILED,BANK_DECLINE,68,67.0,1.0,0.9852941176470589,5.5275,1,NONE,21.0,21.0,0.0,3905.188571428571,0.0,1.359880554515019,0.3088235294117647,1,5.5275,230.4272222222222,1.0
T0007011,C00153,2026-01-29 18:19:03,1675.35,UPI,FAILED,PAYMENT_TIMEOUT,70,66.0,4.0,0.9428571428571428,14.780277777777778,1,NONE,18.0,18.0,0.0,1609.0261111111113,0.0,1.0412198959550065,0.2571428571428571,1,14.780277777777778,417.6988888888889,1.0
T0009053,C00197,2026-01-29 18:37:40,2759.78,CARD,FAILED,LIMIT_EXCEEDED,43,40.0,3.0,0.9302325581395349,7.288333333333333,1,NONE,5.0,5.0,0.0,2153.346,0.0,1.2816240399824275,0.11627906976744186,1,7.288333333333333,310.3075,1.0
T0022683,C00499,2026-01-29 19:39:29,3428.34,UPI,FAILED,BANK_DECLINE,32,31.0,1.0,0.96875,1.336111111111111,1,NONE,8.0,8.0,0.0,2518.9325,0.0,1.3610289279287953,0.25,1,1.336111111111111,532.325,1.0
T0007997,C00174,2026-01-29 19:50:52,1579.62,UPI,FAILED,PAYMENT_TIMEOUT,58,53.0,5.0,0.9137931034482759,21.22,1,NONE,10.0,10.0,0.0,3075.2380000000003,0.0,0.513657804696742,0.1724137931034483,1,21.22,247.65222222222224,1.0
T0014221,C00313,2026-01-29 20:33:06,1659.91,UPI,FAILED,NETWORK_ERROR,45,42.0,3.0,0.9333333333333333,1.7419444444444445,1,NONE,10.0,9.0,1.0,3121.996,0.1,0.5316822955570731,0.2222222222222222,1,1.7419444444444445,150.89527777777778,1.0
T0026781,C00588,2026-01-29 20:40:55,1231.47,UPI,FAILED,NETWORK_ERROR,82,79.0,3.0,0.9634146341463414,8.948333333333334,1,NONE,27.0,25.0,2.0,1746.4037037037037,0.07407407407407407,0.7051462370288996,0.32926829268292684,1,8.948333333333334,75.0813888888889,1.0
T0030679,C00668,2026-01-29 20:41:01,2636.81,CARD,FAILED,INSUFFICIENT_FUNDS,44,39.0,5.0,0.8863636363636364,16.934722222222224,1,NONE,11.0,11.0,0.0,1921.5509090909093,0.0,1.3722301020104024,0.25,1,16.934722222222224,186.2238888888889,1.0
T0040869,C00891,2026-01-29 20:44:09,1283.9,UPI,FAILED,BANK_DECLINE,47,46.0,1.0,0.9787234042553191,24.70861111111111,1,NONE,17.0,17.0,0.0,2302.7247058823527,0.0,0.5575568789096907,0.3617021276595745,1,24.70861111111111,281.23027777777776,1.0
T0021145,C00466,2026-01-29 20:46:42,1308.32,UPI,FAILED,INSUFFICIENT_FUNDS,27,26.0,1.0,0.9629629629629629,27.02027777777778,1,NONE,14.0,13.0,1.0,2177.7414285714285,0.07142857142857142,0.600769211089602,0.5185185185185185,1,27.02027777777778,140.715,1.0
T0006454,C00140,2026-01-29 21:09:24,1936.01,CARD,FAILED,LIMIT_EXCEEDED,50,44.0,6.0,0.88,19.33361111111111,1,NONE,13.0,10.0,3.0,2096.3623076923077,0.23076923076923078,0.9235092583453168,0.26,1,19.33361111111111,76.00944444444444,1.0
T0021478,C00474,2026-01-29 21:12:49,3449.74,UPI,FAILED,INSUFFICIENT_FUNDS,72,69.0,3.0,0.9583333333333334,9.555,1,NONE,20.0,19.0,1.0,1700.9575,0.05,2.0281165167266084,0.2777777777777778,1,9.555,42.925,1.0
T0014890,C00327,2026-01-29 21:35:52,1793.14,CARD,FAILED,INSUFFICIENT_FUNDS,67,62.0,5.0,0.9253731343283582,4.605555555555555,1,NONE,25.0,22.0,3.0,2047.7244,0.12,0.8756744804134775,0.373134328358209,1,4.605555555555555,11.448055555555555,1.0
T0042084,C00919,2026-01-29 21:41:38,1459.62,UPI,FAILED,NETWORK_ERROR,29,28.0,1.0,0.9655172413793104,9.319444444444445,1,NONE,9.0,9.0,0.0,2912.9588888888884,0.0,0.5010781324678267,0.3103448275862069,1,9.319444444444445,247.1822222222222,1.0
T0010178,C00221,2026-01-29 21:46:21,1026.98,UPI,FAILED,BANK_DECLINE,50,47.0,3.0,0.94,12.408888888888889,1,NONE,13.0,13.0,0.0,2729.006153846154,0.0,0.3763201481068904,0.26,1,12.408888888888889,633.9713888888889,1.0
T0006042,C00133,2026-01-29 21:46:36,1136.26,UPI,FAILED,INSUFFICIENT_FUNDS,44,39.0,5.0,0.8863636363636364,33.062222222222225,1,NONE,9.0,8.0,1.0,2288.0944444444444,0.1111111111111111,0.49659663426869033,0.20454545454545456,1,33.062222222222225,100.1463888888889,1.0
T0045136,C00984,2026-01-29 21:51:24,4239.76,NETBANKING,FAILED,NETWORK_ERROR,56,49.0,7.0,0.875,1.6094444444444445,1,NONE,15.0,14.0,1.0,2833.217333333333,0.06666666666666667,1.4964471486597335,0.26785714285714285,1,1.6094444444444445,148.92916666666667,1.0
T0013620,C00298,2026-01-29 21:53:25,1978.42,CARD,FAILED,INSUFFICIENT_FUNDS,51,51.0,0.0,1.0,11.697222222222223,1,NONE,18.0,18.0,0.0,1870.8427777777777,0.0,1.057502011125705,0.35294117647058826,1,11.697222222222223,-1.0,1.0
T0043818,C00955,2026-01-29 22:41:11,2396.38,CARD,FAILED,INSUFFICIENT_FUNDS,64,59.0,5.0,0.921875,2.7316666666666665,1,NONE,20.0,17.0,3.0,2403.275,0.15,0.997130998325202,0.3125,1,2.7316666666666665,99.38222222222223,1.0
T0003793,C00084,2026-01-29 22:44:08,2747.84,UPI,FAILED,BANK_DECLINE,63,62.0,1.0,0.9841269841269841,0.26916666666666667,1,NONE,18.0,18.0,0.0,1801.2855555555554,0.0,1.5254882778163992,0.2857142857142857,1,0.26916666666666667,357.1686111111111,1.0
T0038061,C00827,2026-01-29 22:48:49,1181.42,CARD,FAILED,INSUFFICIENT_FUNDS,72,69.0,3.0,0.9583333333333334,10.539444444444445,1,NONE,16.0,16.0,0.0,1753.7081249999999,0.0,0.6736696849140732,0.2222222222222222,1,10.539444444444445,531.9494444444445,1.0
T0011416,C00250,2026-01-29 22:52:48,466.88,UPI,FAILED,BANK_DECLINE,22,20.0,2.0,0.9090909090909091,23.177777777777777,1,NONE,9.0,7.0,2.0,1809.6677777777777,0.2222222222222222,0.2579921053649504,0.4090909090909091,1,23.177777777777777,23.428055555555556,1.0
T0021905,C00482,2026-01-29 23:13:11,1462.77,UPI,FAILED,PAYMENT_TIMEOUT,42,37.0,5.0,0.8809523809523809,41.66444444444444,1,NONE,15.0,14.0,1.0,2194.7793333333334,0.06666666666666667,0.6664770247213918,0.35714285714285715,1,41.66444444444444,73.49388888888889,1.0
T0026878,C00590,2026-01-29 23:23:14,12853.93,UPI,FAILED,PAYMENT_TIMEOUT,57,52.0,5.0,0.9122807017543859,13.608333333333333,1,NONE,18.0,17.0,1.0,1704.225,0.05555555555555555,7.542390236031041,0.3157894736842105,1,13.608333333333333,168.9152777777778,1.0
T0032164,C00699,2026-01-29 23:25:07,1386.58,UPI,FAILED,NETWORK_ERROR,61,59.0,2.0,0.9672131147540983,29.463333333333335,1,NONE,15.0,14.0,1.0,2894.239333333333,0.06666666666666667,0.47908270198341124,0.2459016393442623,1,29.463333333333335,138.22805555555556,1.0
T0038323,C00834,2026-01-29 23:28:16,4291.16,UPI,FAILED,INSUFFICIENT_FUNDS,54,50.0,4.0,0.9259259259259259,5.499722222222222,1,NONE,15.0,14.0,1.0,2867.6026666666667,0.06666666666666667,1.4964276780325678,0.2777777777777778,1,5.499722222222222,140.3022222222222,1.0
T0016315,C00357,2026-01-29 23:33:31,838.43,CARD,FAILED,NETWORK_ERROR,33,31.0,2.0,0.9393939393939394,5.7025,1,NONE,12.0,11.0,1.0,2721.3325,0.08333333333333333,0.3080953907690442,0.36363636363636365,1,5.7025,6.144444444444445,1.0
T0027839,C00610,2026-01-29 23:38:41,1096.4,UPI,FAILED,BANK_DECLINE,40,36.0,4.0,0.9,19.15277777777778,1,NONE,12.0,10.0,2.0,2640.2191666666668,0.16666666666666666,0.41526855567230375,0.3,1,19.15277777777778,53.10888888888889,1.0
T0002337,C00054,2026-01-29 23:55:15,103.68,NETBANKING,FAILED,NETWORK_ERROR,39,36.0,3.0,0.9230769230769231,27.533333333333335,1,NONE,9.0,9.0,0.0,1776.1,0.0,0.05837509149259614,0.23076923076923078,1,27.533333333333335,250.09055555555557,1.0
T0000751,C00017,2026-01-30 00:00:17,2198.61,WALLET,FAILED,INSUFFICIENT_FUNDS,48,44.0,4.0,0.9166666666666666,13.774166666666666,1,NONE,12.0,12.0,0.0,1197.2483333333332,0.0,1.836385934970328,0.25,1,13.774166666666666,409.84555555555556,1.0
T0025078,C00551,2026-01-30 00:00:37,1571.32,CARD,FAILED,BANK_DECLINE,70,60.0,10.0,0.8571428571428571,10.930555555555555,1,NONE,25.0,21.0,4.0,2828.2092,0.16,0.55558832069424,0.35714285714285715,1,10.930555555555555,24.669444444444444,1.0
T0018657,C00411,2026-01-30 00:13:43,3886.18,UPI,FAILED,PAYMENT_TIMEOUT,45,42.0,3.0,0.9333333333333333,8.719722222222222,1,NONE,13.0,12.0,1.0,1759.1076923076923,0.07692307692307693,2.209176855398716,0.28888888888888886,1,8.719722222222222,62.70805555555555,1.0
T0044106,C00961,2026-01-30 00:29:18,1428.35,CARD,FAILED,BANK_DECLINE,20,18.0,2.0,0.9,7.066111111111111,1,NONE,7.0,5.0,2.0,1877.3214285714282,0.2857142857142857,0.7608446685056598,0.35,1,7.066111111111111,68.97027777777778,1.0
T0019256,C00424,2026-01-30 00:29:42,1799.13,CARD,FAILED,INSUFFICIENT_FUNDS,31,29.0,2.0,0.9354838709677419,17.918333333333333,1,NONE,6.0,5.0,1.0,2754.206666666667,0.16666666666666666,0.6532298471913267,0.1935483870967742,1,17.918333333333333,84.60194444444444,1.0
T0043186,C00943,2026-01-30 01:09:48,2001.51,UPI,FAILED,INSUFFICIENT_FUNDS,48,46.0,2.0,0.9583333333333334,1.3244444444444445,1,NONE,15.0,15.0,0.0,1420.4993333333334,0.0,1.4090186127037956,0.3125,1,1.3244444444444445,321.0466666666667,1.0
T0022815,C00502,2026-01-30 01:48:00,414.23,NETBANKING,FAILED,LIMIT_EXCEEDED,77,71.0,6.0,0.922077922077922,5.339444444444444,1,NONE,25.0,23.0,2.0,2084.7608,0.08,0.19869425787361314,0.3246753246753247,1,5.339444444444444,24.509722222222223,1.0
T0041735,C00909,2026-01-30 01:49:05,3404.19,CARD,FAILED,LIMIT_EXCEEDED,60,54.0,6.0,0.9,15.684444444444445,1,NONE,17.0,13.0,4.0,2242.668823529412,0.23529411764705882,1.5179191703582156,0.2833333333333333,1,15.684444444444445,35.04055555555556,1.0
T0018357,C00404,2026-01-30 01:52:41,3583.63,NETBANKING,FAILED,LIMIT_EXCEEDED,59,55.0,4.0,0.9322033898305084,3.8219444444444446,1,NONE,18.0,18.0,0.0,1831.5872222222222,0.0,1.9565707581493526,0.3050847457627119,1,3.8219444444444446,188.50444444444443,1.0
T0027449,C00601,2026-01-30 02:41:14,1094.43,UPI,FAILED,LIMIT_EXCEEDED,26,23.0,3.0,0.8846153846153846,22.534444444444443,1,NONE,7.0,4.0,3.0,2829.6485714285714,0.42857142857142855,0.38677241091018877,0.2692307692307692,1,22.534444444444443,99.45055555555555,1.0
T0012913,C00284,2026-01-30 02:42:35,3908.95,UPI,FAILED,BANK_DECLINE,37,35.0,2.0,0.9459459459459459,1.801111111111111,1,NONE,15.0,15.0,0.0,1982.1399999999999,0.0,1.9720857255289739,0.40540540540540543,1,1.801111111111111,303.09055555555557,1.0
T0032633,C00709,2026-01-30 02:49:00,439.8,NETBANKING,FAILED,NETWORK_ERROR,44,40.0,4.0,0.9090909090909091,28.220277777777778,1,NONE,15.0,14.0,1.0,2597.9559999999997,0.06666666666666667,0.16928693172632642,0.3409090909090909,1,28.220277777777778,69.05916666666667,1.0
T0026626,C00586,2026-01-30 03:45:11,1834.94,UPI,FAILED,NETWORK_ERROR,35,31.0,4.0,0.8857142857142857,41.92666666666667,1,NONE,12.0,10.0,2.0,2009.3066666666666,0.16666666666666666,0.9132204806964924,0.34285714285714286,1,41.92666666666667,131.30333333333334,1.0
T0023477,C00516,2026-01-30 03:46:00,2021.36,UPI,FAILED,LIMIT_EXCEEDED,56,47.0,9.0,0.8392857142857143,1.4808333333333332,1,NONE,13.0,12.0,1.0,2069.7176923076922,0.07692307692307693,0.976635609538722,0.23214285714285715,1,1.4808333333333332,42.31611111111111,1.0
T0003433,C00079,2026-01-30 04:42:50,2129.34,CARD,FAILED,INSUFFICIENT_FUNDS,62,61.0,1.0,0.9838709677419355,8.908055555555556,1,NONE,20.0,19.0,1.0,2631.9629999999997,0.05,0.8090311299968884,0.3225806451612903,1,8.908055555555556,58.64944444444444,1.0
T0035662,C00775,2026-01-30 04:43:07,1238.92,UPI,FAILED,INSUFFICIENT_FUNDS,65,62.0,3.0,0.9538461538461539,1.0152777777777777,1,NONE,26.0,25.0,1.0,1495.0165384615384,0.038461538461538464,0.8286998625947797,0.4,1,1.0152777777777777,11.7475,1.0
T0021672,C00478,2026-01-30 04:58:01,1842.09,WALLET,FAILED,BANK_DECLINE,77,72.0,5.0,0.935064935064935,0.38666666666666666,1,NONE,20.0,18.0,2.0,1960.6079999999997,0.1,0.9395503843705627,0.2597402597402597,1,0.38666666666666666,139.29944444444445,1.0
T0013958,C00305,2026-01-30 05:36:45,508.16,UPI,FAILED,INSUFFICIENT_FUNDS,51,50.0,1.0,0.9803921568627451,2.477777777777778,1,NONE,13.0,12.0,1.0,2254.287692307692,0.07692307692307693,0.22541932058361266,0.2549019607843137,1,2.477777777777778,145.525,1.0
T0003568,C00080,2026-01-30 06:00:33,1405.57,CARD,FAILED,BANK_DECLINE,67,61.0,6.0,0.9104477611940298,2.2936111111111113,1,NONE,12.0,11.0,1.0,2973.9966666666674,0.08333333333333333,0.4726198975789032,0.1791044776119403,1,2.2936111111111113,118.59388888888888,1.0
T0022477,C00494,2026-01-30 06:46:18,5179.58,WALLET,FAILED,BANK_DECLINE,50,49.0,1.0,0.98,15.780833333333334,0,BANK_DECLINE,11.0,10.0,1.0,3476.9045454545458,0.09090909090909091,1.489710152316781,0.22,2,25.135833333333334,15.780833333333334,1.0
T0016635,C00364,2026-01-30 07:48:12,353.38,UPI,FAILED,PAYMENT_TIMEOUT,24,22.0,2.0,0.9166666666666666,77.09944444444444,0,PAYMENT_TIMEOUT,7.0,6.0,1.0,2594.6928571428575,0.14285714285714285,0.13619338374759465,0.2916666666666667,2,91.83111111111111,77.09944444444444,1.0
T0041822,C00912,2026-01-30 08:06:29,5935.16,UPI,FAILED,NETWORK_ERROR,38,35.0,3.0,0.9210526315789473,5.173333333333333,1,NONE,15.0,13.0,2.0,3998.142,0.13333333333333333,1.4844795407466769,0.39473684210526316,1,5.173333333333333,42.78888888888889,1.0
T0045062,C00983,2026-01-30 08:44:07,1254.2,CARD,FAILED,INSUFFICIENT_FUNDS,65,59.0,6.0,0.9076923076923077,9.569444444444445,1,NONE,14.0,12.0,2.0,2456.3592857142858,0.14285714285714285,0.510593058309583,0.2153846153846154,1,9.569444444444445,29.879444444444445,1.0
T0042729,C00934,2026-01-30 08:44:57,250.34,UPI,FAILED,INSUFFICIENT_FUNDS,63,61.0,2.0,0.9682539682539683,6.8133333333333335,1,NONE,15.0,15.0,0.0,1805.0020000000002,0.0,0.13869236709987023,0.23809523809523808,1,6.8133333333333335,276.6227777777778,1.0
T0017551,C00385,2026-01-30 08:52:59,584.58,CARD,FAILED,INSUFFICIENT_FUNDS,61,60.0,1.0,0.9836065573770492,2.612222222222222,1,NONE,12.0,12.0,0.0,1625.8583333333333,0.0,0.3595516214512335,0.19672131147540983,1,2.612222222222222,284.52666666666664,1.0
T0025344,C00557,2026-01-30 08:53:21,1382.19,CARD,FAILED,LIMIT_EXCEEDED,45,44.0,1.0,0.9777777777777777,15.3175,1,NONE,10.0,9.0,1.0,1976.027,0.1,0.6994793087341418,0.2222222222222222,1,15.3175,132.12222222222223,1.0
T0038902,C00846,2026-01-30 09:13:53,992.62,WALLET,FAILED,BANK_DECLINE,49,41.0,8.0,0.8367346938775511,1.7247222222222223,1,NONE,12.0,9.0,3.0,1765.9566666666667,0.25,0.5620862724075902,0.24489795918367346,1,1.7247222222222223,131.90805555555556,1.0
T0012708,C00279,2026-01-30 10:13:46,1837.67,UPI,FAILED,NETWORK_ERROR,52,48.0,4.0,0.9230769230769231,0.9772222222222222,1,NONE,13.0,12.0,1.0,1679.6961538461537,0.07692307692307693,1.0940490610710272,0.25,1,0.9772222222222222,116.38722222222222,1.0
T0035393,C00770,2026-01-30 10:26:05,560.34,CARD,FAILED,BANK_DECLINE,25,24.0,1.0,0.96,6.886111111111111,1,NONE,8.0,8.0,0.0,1709.78625,0.0,0.32772517617333746,0.32,1,6.886111111111111,460.13138888888886,1.0
T0013303,C00291,2026-01-30 10:28:35,1956.09,NETBANKING,FAILED,PAYMENT_TIMEOUT,41,38.0,3.0,0.926829268292683,2.6261111111111113,1,NONE,10.0,10.0,0.0,3469.0989999999997,0.0,0.5638611062987825,0.24390243902439024,1,2.6261111111111113,183.49722222222223,1.0
T0013230,C00290,2026-01-30 10:43:55,1781.42,UPI,FAILED,NETWORK_ERROR,62,60.0,2.0,0.967741935483871,16.688055555555554,1,NONE,15.0,15.0,0.0,1305.24,0.0,1.3648217952253991,0.24193548387096775,1,16.688055555555554,694.3277777777778,1.0
T0021785,C00479,2026-01-30 10:50:17,1216.93,NETBANKING,FAILED,INSUFFICIENT_FUNDS,61,58.0,3.0,0.9508196721311475,21.443055555555556,1,NONE,17.0,15.0,2.0,1941.6776470588234,0.11764705882352941,0.6267415200681522,0.2786885245901639,1,21.443055555555556,132.71722222222223,1.0
T0031863,C00692,2026-01-30 11:37:39,1016.27,NETBANKING,FAILED,NETWORK_ERROR,51,49.0,2.0,0.9607843137254902,17.428333333333335,1,NONE,12.0,12.0,0.0,2404.8716666666664,0.0,0.4225880383083505,0.23529411764705882,1,17.428333333333335,694.9625,1.0
T0031653,C00686,2026-01-30 11:39:26,3183.92,CARD,FAILED,BANK_DECLINE,40,39.0,1.0,0.975,16.07111111111111,1,NONE,5.0,5.0,0.0,2526.648,0.0,1.260135958788086,0.125,1,16.07111111111111,382.7525,1.0
T0029832,C00649,2026-01-30 11:58:29,1075.92,UPI,FAILED,BANK_DECLINE,41,41.0,0.0,1.0,6.997777777777777,1,NONE,11.0,11.0,0.0,2004.028181818182,0.0,0.5368786775362894,0.2682926829268293,1,6.997777777777777,-1.0,1.0
T0002774,C00065,2026-01-30 11:58:56,668.68,UPI,FAILED,INSUFFICIENT_FUNDS,22,19.0,3.0,0.8636363636363636,56.971111111111114,1,NONE,4.0,3.0,1.0,782.7775,0.25,0.8542401895813305,0.18181818181818182,1,56.971111111111114,58.60472222222222,1.0
T0031133,C00677,2026-01-30 12:27:13,1002.89,CARD,FAILED,BANK_DECLINE,65,62.0,3.0,0.9538461538461539,25.95138888888889,0,BANK_DECLINE,16.0,15.0,1.0,1432.169375,0.0625,0.7002593530531261,0.24615384615384617,2,37.83555555555556,25.95138888888889,1.0
T0037318,C00810,2026-01-30 12:30:03,2936.81,UPI,FAILED,NETWORK_ERROR,46,44.0,2.0,0.9565217391304348,6.524166666666667,1,NONE,15.0,14.0,1.0,1882.8319999999997,0.06666666666666667,1.5597833476380263,0.32608695652173914,1,6.524166666666667,188.55972222222223,1.0
T0042034,C00918,2026-01-30 13:15:27,802.35,UPI,FAILED,BANK_DECLINE,36,31.0,5.0,0.8611111111111112,24.863333333333333,1,NONE,7.0,7.0,0.0,1573.695714285714,0.0,0.5098507879994953,0.19444444444444445,1,24.863333333333333,274.9891666666667,1.0
T0010444,C00227,2026-01-30 13:20:39,1257.78,NETBANKING,FAILED,PAYMENT_TIMEOUT,64,55.0,9.0,0.859375,20.77888888888889,1,NONE,16.0,15.0,1.0,2793.2018749999997,0.0625,0.4503004280705633,0.25,1,20.77888888888889,186.13833333333332,1.0
T0021693,C00478,2026-01-30 13:21:05,1025.58,WALLET,FAILED,NETWORK_ERROR,78,72.0,6.0,0.9230769230769231,8.384444444444444,0,BANK_DECLINE,21.0,18.0,3.0,1954.9642857142858,0.14285714285714285,0.5246029339227972,0.2692307692307692,2,8.77111111111111,8.384444444444444,1.0
T0036348,C00791,2026-01-30 13:38:07,2837.8,WALLET,FAILED,PAYMENT_TIMEOUT,20,16.0,4.0,0.8,11.892222222222221,1,NONE,6.0,6.0,0.0,1369.2849999999999,0.0,2.072468478074324,0.3,1,11.892222222222221,378.8197222222222,1.0
T0032053,C00696,2026-01-30 14:15:22,1662.26,UPI,FAILED,BANK_DECLINE,67,63.0,4.0,0.9402985074626866,12.79888888888889,1,NONE,18.0,16.0,2.0,1926.2366666666665,0.1111111111111111,0.862957303619666,0.26865671641791045,1,12.79888888888889,24.81138888888889,1.0
T0011105,C00241,2026-01-30 14:34:56,1332.24,CARD,FAILED,INSUFFICIENT_FUNDS,21,18.0,3.0,0.8571428571428571,0.1686111111111111,1,NONE,4.0,4.0,0.0,2628.29,0.0,0.5068847045036887,0.19047619047619047,1,0.1686111111111111,404.8275,1.0
T0002619,C00060,2026-01-30 14:36:23,2613.36,UPI,FAILED,BANK_DECLINE,29,28.0,1.0,0.9655172413793104,32.46666666666667,1,NONE,8.0,8.0,0.0,2134.60125,0.0,1.22428486350788,0.27586206896551724,1,32.46666666666667,372.0211111111111,1.0
T0023544,C00517,2026-01-30 14:56:31,2892.62,CARD,FAILED,INSUFFICIENT_FUNDS,35,29.0,6.0,0.8285714285714286,14.5075,1,NONE,8.0,8.0,0.0,1655.2649999999999,0.0,1.7475268310512215,0.22857142857142856,1,14.5075,388.57472222222225,1.0
T0010518,C00228,2026-01-30 14:56:41,1385.67,CARD,FAILED,LIMIT_EXCEEDED,46,40.0,6.0,0.8695652173913043,5.536111111111111,1,NONE,12.0,10.0,2.0,1880.6275000000003,0.16666666666666666,0.7368125798436957,0.2608695652173913,1,5.536111111111111,44.63,1.0
T0039259,C00855,2026-01-30 15:09:19,717.35,NETBANKING,FAILED,NETWORK_ERROR,86,83.0,3.0,0.9651162790697675,1.4241666666666666,1,NONE,24.0,24.0,0.0,1912.1233333333337,0.0,0.3751588548158504,0.27906976744186046,1,1.4241666666666666,341.81194444444446,1.0
T0018470,C00406,2026-01-30 15:18:37,465.24,CARD,FAILED,NETWORK_ERROR,34,34.0,0.0,1.0,0.31444444444444447,1,NONE,7.0,7.0,0.0,1193.9285714285713,0.0,0.38967155249775653,0.20588235294117646,1,0.31444444444444447,-1.0,1.0
T0025158,C00552,2026-01-30 15:25:18,1069.51,NETBANKING,FAILED,BANK_DECLINE,56,52.0,4.0,0.9285714285714286,11.563611111111111,1,NONE,11.0,8.0,3.0,2090.5654545454545,0.2727272727272727,0.511588861125872,0.19642857142857142,1,11.563611111111111,69.6613888888889,1.0
T0013284,C00291,2026-01-30 15:42:04,3109.86,NETBANKING,FAILED,BANK_DECLINE,42,38.0,4.0,0.9047619047619048,5.224722222222222,0,PAYMENT_TIMEOUT,11.0,10.0,1.0,3331.552727272727,0.09090909090909091,0.9334566355627789,0.2619047619047619,2,7.850833333333333,5.224722222222222,1.0
T0002826,C00067,2026-01-30 15:59:11,908.87,CARD,FAILED,BANK_DECLINE,40,35.0,5.0,0.875,17.2675,1,NONE,8.0,7.0,1.0,2838.3612500000004,0.125,0.32020941661319535,0.2,1,17.2675,88.16833333333334,1.0
T0044586,C00973,2026-01-30 17:32:14,853.36,UPI,FAILED,NETWORK_ERROR,58,51.0,7.0,0.8793103448275862,22.2075,1,NONE,15.0,14.0,1.0,1804.1160000000002,0.06666666666666667,0.4730072789111121,0.25862068965517243,1,22.2075,48.88472222222222,1.0
T0033203,C00722,2026-01-30 17:35:01,2602.25,CARD,FAILED,INSUFFICIENT_FUNDS,62,59.0,3.0,0.9516129032258065,8.622777777777777,1,NONE,13.0,13.0,0.0,1285.706923076923,0.0,2.0239838125568754,0.20967741935483872,1,8.622777777777777,195.42166666666665,1.0
T0019048,C00418,2026-01-30 17:47:00,1620.69,NETBANKING,FAILED,NETWORK_ERROR,68,63.0,5.0,0.9264705882352942,2.3519444444444444,1,NONE,14.0,12.0,2.0,1763.1228571428571,0.14285714285714285,0.9192155801475629,0.20588235294117646,1,2.3519444444444444,54.11888888888889,1.0
T0012678,C00278,2026-01-30 18:20:10,2000.63,NETBANKING,FAILED,NETWORK_ERROR,52,44.0,8.0,0.8461538461538461,6.189444444444445,1,NONE,12.0,8.0,4.0,1470.7624999999998,0.3333333333333333,1.3602672083358125,0.23076923076923078,1,6.189444444444445,37.814166666666665,1.0
T0028127,C00616,2026-01-30 18:33:37,1186.97,UPI,FAILED,LIMIT_EXCEEDED,40,37.0,3.0,0.925,11.212222222222222,1,NONE,11.0,11.0,0.0,2231.0809090909092,0.0,0.5320156679049576,0.275,1,11.212222222222222,300.4872222222222,1.0
T0000828,C00018,2026-01-30 18:58:22,2642.4,NETBANKING,FAILED,INSUFFICIENT_FUNDS,69,65.0,4.0,0.9420289855072463,22.15861111111111,1,NONE,13.0,13.0,0.0,3706.460769230769,0.0,0.7129172988787355,0.18840579710144928,1,22.15861111111111,330.42944444444447,1.0
T0005870,C00129,2026-01-30 19:17:19,892.17,UPI,FAILED,NETWORK_ERROR,57,54.0,3.0,0.9473684210526315,12.352777777777778,1,NONE,15.0,15.0,0.0,3911.9086666666667,0.0,0.22806514058013963,0.2631578947368421,1,12.352777777777778,316.955,1.0
T0038937,C00847,2026-01-30 19:21:52,3994.8,CARD,FAILED,INSUFFICIENT_FUNDS,38,36.0,2.0,0.9473684210526315,33.789722222222224,1,NONE,7.0,7.0,0.0,2403.042857142857,0.0,1.6623923240177634,0.18421052631578946,1,33.789722222222224,284.5725,1.0
T0016684,C00366,2026-01-30 19:56:52,1590.93,UPI,FAILED,INSUFFICIENT_FUNDS,41,40.0,1.0,0.975609756097561,7.53,1,NONE,9.0,9.0,0.0,1627.8644444444444,0.0,0.9773111056203152,0.21951219512195122,1,7.53,519.1408333333334,1.0
T0030965,C00674,2026-01-30 20:18:55,2337.41,CARD,FAILED,NETWORK_ERROR,49,46.0,3.0,0.9387755102040817,28.305833333333332,1,NONE,6.0,6.0,0.0,4256.258333333334,0.0,0.5491701435728955,0.12244897959183673,1,28.305833333333332,323.85277777777776,1.0
T0009174,C00199,2026-01-30 20:24:00,2028.7,UPI,FAILED,NETWORK_ERROR,37,35.0,2.0,0.9459459459459459,47.013888888888886,1,NONE,8.0,6.0,2.0,1490.6625,0.25,1.3609385088844725,0.21621621621621623,1,47.013888888888886,57.39388888888889,1.0
T0042165,C00921,2026-01-30 20:37:06,682.19,UPI,FAILED,NETWORK_ERROR,45,44.0,1.0,0.9777777777777777,4.345555555555555,1,NONE,13.0,13.0,0.0,2879.0915384615387,0.0,0.23694626964328225,0.28888888888888886,1,4.345555555555555,678.9055555555556,1.0
T0039884,C00869,2026-01-30 20:46:35,2764.79,CARD,FAILED,LIMIT_EXCEEDED,45,42.0,3.0,0.9333333333333333,36.375277777777775,1,NONE,8.0,8.0,0.0,1431.4575,0.0,1.93145098614524,0.17777777777777778,1,36.375277777777775,410.4002777777778,1.0
T0016319,C00357,2026-01-30 20:46:43,1856.13,CARD,FAILED,LIMIT_EXCEEDED,37,34.0,3.0,0.918918918918919,2.3652777777777776,1,NONE,15.0,13.0,2.0,2587.366666666667,0.13333333333333333,0.717381894075057,0.40540540540540543,1,2.3652777777777776,21.22,1.0
T0019367,C00426,2026-01-30 21:03:20,280.39,CARD,FAILED,INSUFFICIENT_FUNDS,61,57.0,4.0,0.9344262295081968,5.956666666666667,1,NONE,18.0,18.0,0.0,1969.9216666666669,0.0,0.14233560894553335,0.29508196721311475,1,5.956666666666667,258.5105555555556,1.0
T0027436,C00601,2026-01-30 21:06:00,423.11,UPI,FAILED,BANK_DECLINE,27,23.0,4.0,0.8518518518518519,18.412777777777777,0,LIMIT_EXCEEDED,8.0,4.0,4.0,2612.74625,0.5,0.1619407165927422,0.2962962962962963,2,40.94722222222222,18.412777777777777,1.0
T0042566,C00930,2026-01-30 21:10:32,2310.34,WALLET,FAILED,INSUFFICIENT_FUNDS,40,38.0,2.0,0.95,3.7994444444444446,1,NONE,8.0,8.0,0.0,880.0374999999999,0.0,2.625274491143844,0.2,1,3.7994444444444446,225.9086111111111,1.0
T0022155,C00487,2026-01-30 21:18:42,364.71,NETBANKING,FAILED,NETWORK_ERROR,61,57.0,4.0,0.9344262295081968,7.7972222222222225,1,NONE,18.0,17.0,1.0,1491.7583333333332,0.05555555555555555,0.24448329990894416,0.29508196721311475,1,7.7972222222222225,106.98472222222222,1.0
T0004938,C00110,2026-01-30 21:34:08,1409.4,CARD,FAILED,INSUFFICIENT_FUNDS,36,32.0,4.0,0.8888888888888888,50.371944444444445,1,NONE,4.0,4.0,0.0,6230.265,0.0,0.22621830692594938,0.1111111111111111,1,50.371944444444445,424.5966666666667,1.0
T0006361,C00139,2026-01-30 22:11:42,679.84,CARD,FAILED,INSUFFICIENT_FUNDS,71,66.0,5.0,0.9295774647887324,7.187777777777778,1,NONE,20.0,18.0,2.0,2279.0905,0.1,0.29829442929098254,0.28169014084507044,1,7.187777777777778,56.541111111111114,1.0
T0002733,C00064,2026-01-30 22:41:29,3243.83,CARD,FAILED,PAYMENT_TIMEOUT,39,34.0,5.0,0.8717948717948718,23.214444444444446,1,NONE,10.0,9.0,1.0,1704.477,0.1,1.9031233627675819,0.2564102564102564,1,23.214444444444446,118.76777777777778,1.0
T0003499,C00080,2026-01-30 23:31:13,1826.31,CARD,FAILED,BANK_DECLINE,72,65.0,7.0,0.9027777777777778,12.765833333333333,1,NONE,17.0,15.0,2.0,2905.5705882352945,0.11764705882352941,0.6285546829923048,0.2361111111111111,1,12.765833333333333,17.511111111111113,1.0
T0030389,C00662,2026-01-30 23:41:43,1333.34,UPI,FAILED,NETWORK_ERROR,58,52.0,6.0,0.896551724137931,10.063888888888888,1,NONE,10.0,9.0,1.0,1538.566,0.1,0.8666121570345373,0.1724137931034483,1,10.063888888888888,69.40777777777778,1.0
T0011190,C00243,2026-01-30 23:48:47,2360.48,UPI,FAILED,BANK_DECLINE,56,52.0,4.0,0.9285714285714286,4.281666666666666,1,NONE,23.0,22.0,1.0,1842.559565217391,0.043478260869565216,1.2810874853435217,0.4107142857142857,1,4.281666666666666,33.26416666666667,1.0
